:020000040800F2
:1000000058260020910A000C0362000C7D0A000CA7
:100010007D0A000C7D0A000C7D0A000C7D0A000C94
:10002000000000000000000000000000C50A000CF5
:100030007D0A000C00000000750C000CED3D000C6A
:10004000E10C000CE10C000CE10C000CE10C000CCC
:10005000E10C000CE10C000CE10C000CE10C000CBC
:10006000E10C000CE10C000CE10C000CE10C000CAC
:10007000E10C000CE10C000CE10C000CE10C000C9C
:10008000E10C000CE10C000CE10C000CE10C000C8C
:10009000E10C000CE10C000CE10C000CE10C000C7C
:1000A000E10C000CE10C000CE10C000CE10C000C6C
:1000B000E10C000CE10C000CE10C000CE10C000C5C
:1000C000E10C000CE10C000CE10C000CE10C000C4C
:1000D000E10C000CE10C000CE10C000CE10C000C3C
:1000E000E10C000CE10C000CE10C000CE10C000C2C
:1000F000E10C000CE10C000CE10C000CE10C000C1C
:10010000E10C000CE10C000CE10C000CE10C000C0B
:10011000E10C000CE10C000CE10C000CE10C000CFB
:10012000E10C000CE10C000CE10C000CE10C000CEB
:10013000E10C000CE10C000CE10C000CE10C000CDB
:10014000E10C000CE10C000CE10C000CE10C000CCB
:10015000E10C000CE10C000CE10C000CE10C000CBB
:10016000E10C000CE10C000CE10C000CE10C000CAB
:10017000E10C000CE10C000CE10C000CE10C000C9B
:10018000E10C000CE10C000CE10C000CE10C000C8B
:10019000E10C000CE10C000CE10C000CE10C000C7B
:1001A000E10C000CE10C000CE10C000CE10C000C6B
:1001B000E10C000CE10C000CE10C000CE10C000C5B
:1001C000E10C000CE10C000CE10C000CE10C000C4B
:1001D000E10C000CE10C000CE10C000CE10C000C3B
:1001E000E10C000CE10C000CE10C000CE10C000C2B
:1001F000E10C000CE10C000CE10C000CE10C000C1B
:10020000E10C000CE10C000CE10C000CE10C000C0A
:10021000E10C000CE10C000CE10C000CE10C000CFA
:10022000E10C000CE10C000CE10C000CE10C000CEA
:10023000E10C000CE10C000CE10C000CE10C000CDA
:10024000E10C000CE10C000CE10C000CE10C000CCA
:10025000E10C000CE10C000CE10C000CE10C000CBA
:10026000E10C000CE10C000CE10C000CE10C000CAA
:10027000E10C000CE10C000CE10C000CE10C000C9A
:10028000E10C000CE10C000CE10C000CE10C000C8A
:10029000E10C000CE10C000CE10C000CE10C000C7A
:1002A000E10C000CE10C000CE10C000CE10C000C6A
:0802B000E10C000CE10C000C54
:020000040C00EE
:1000000053B94AB9002908BF00281CBF4FF0FF317F
:100010004FF0FF3000F00CB8ADF1080C6DE904CEE4
:1000200000F012F8DDF804E0DDE9022304B07047C7
:10003000704700BF10F8012B11F8013B012A28BFBF
:100040009A42F7D0D01A70472DE9F0478C468E4679
:10005000089E154604461946002B40F0D080724594
:1000600047D9B2FA82F74FB1C7F120030EFA07FC65
:10007000BD40BC4020FA03F343EA0C0C4FEA154E96
:10008000A8B2230CBCFBFEF80EFB18CC08FB00F951
:1000900043EA0C43994528D9EB1808F1FF3204D202
:1000A000994502D9A8F102022B44A3EB0903A4B29B
:1000B000B3FBFEFC0EFB1C330CFB00F044EA0344D4
:1000C000A04214D92C190CF1FF3304D2A04202D95A
:1000D000ACF102032C44241A43EA02401EB1FC4056
:1000E000002334607360BDE8F0874246DDE7634675
:1000F000F1E7002A79D0B2FA82F3002B3FD01946FB
:10010000C1F1200302FA01F500FA01F42EFA03F21C
:100110000EFA01FE20FA03F3AFB243EA0E034FEAF0
:10012000154EB2FBFEFC0EFB1C201A0C0CFB07F854
:1001300042EA004290455AD9AA180CF1FF3004D285
:10014000904502D9ACF102002A44A2EB08029BB20E
:10015000B2FBFEFC0EFB1C220CFB07F743EA02433A
:100160009F4246D9EB180CF1FF3204D29F4202D9CC
:10017000ACF102022B44DB1B42EA004202E0AEEB90
:10018000020301224FEA154EAFB2200CB3FBFEFC76
:100190000EFB1C330CFB07F840EA034398452AD9B1
:1001A000EB180CF1FF3004D2984502D9ACF10200F3
:1001B0002B44A3EB0803A4B2B3FBFEFC0EFB1C33E1
:1001C0000CFB07F744EA0344A74216D92C190CF19B
:1001D000FF3304D2A74202D9ACF102032C44E41B42
:1001E00043EA00400F46114678E71F2188E7604642
:1001F000ABE76246BFE76046DBE76346EFE7734580
:1002000006D916B9002108466DE7C6E9000EF9E7E0
:10021000B3FA83F787B9734501D3824207D8841AAA
:100220006EEB030301209C461EB900215BE73846B4
:10023000FAE7C6E9004CF8E7C7F1200CBB4000FA2A
:1002400007F422FA0CF520FA0CF1BA401D432EFAFD
:100250000CF30EFA07FE4FEA154941EA0E011FFAA8
:1002600085FEB3FBF9F809FB18300B0C08FB0EFAFE
:1002700043EA00439A4540D9EB1808F1FF3004D215
:100280009A4502D9A8F102002B44A3EB0A0389B2D4
:10029000B3FBF9F809FB183308FB0EFE41EA0341F2
:1002A0008E452CD9691808F1FF3304D28E4502D946
:1002B000A8F10203294443EA0040A1EB0E01A0FB90
:1002C00002984145CE46434602D306D14C4504D25E
:1002D0000138B9EB020E68EB0503002EA5D0B4EB94
:1002E0000E0261EB030101FA0CFC22FA07F3F9405C
:1002F0004CEA0303C6E9003197E74046C5E74346A9
:10030000D9E70000002313B50D4C0193019B4BB1BD
:100310000C490D4805F0CEFE002142F2107009F0A4
:10032000B1FEF5E7A3681B6D1BB10421204601AAAD
:10033000984700214FF47A7009F0A4FEE6E700BF69
:100340004CA5000CF6AC000CFAAC000C014B1B6881
:10035000184700BFD0000020014B1860704700BF55
:10036000D000002030B5044685B00D461022002193
:1003700068460AF02DF802238DF80230044B2A4615
:1003800021466846019305F07FF905B030BD00BFF6
:100390004D03000C80B505460E461746984604F0FE
:1003A00039FF034600F0AEFC0446DFF818904246E1
:1003B00049F8003039463046A84754F8090000F0A3
:1003C00043FC00BF08000000014B036000207047A1
:1003D00054AB000C0E4A0F4B13B5012818BF1A4638
:1003E000044601460C4806F0ACFB70B901232246D6
:1003F0000A49094806F0A0FC38B90123EF2200930E
:1004000021460223044805F0A4FF02B010BD00BF3E
:10041000D4000020E8000020600400200BAD000C98
:1004200008B51549154806F08AF820BB1449134849
:1004300006F085F8F8B91349104806F080F8D0B9ED
:1004400011490E4806F07BF8A8B90C4805F07AFF70
:1004500001280CD00020FFF7BDFF60B9074805F068
:10046000A1FF40B9BDE80840044805F0CBBFFFF745
:10047000B1FF0028EED008BD740100206004002008
:100480005C010020440100202C01002008B5034835
:10049000034A0021121A05F0ACFE08BD1005002029
:1004A00018110020074808B5074A0849121A05F034
:1004B000A2FEBDE808400648064A0749121A05F0A0
:1004C0009ABE00BF000000200C0500209CB3000C69
:1004D00000000020000000209CB3000C38B5054649
:1004E0000C4699B1D1E901230F48096805F0E2FDF6
:1004F000D4E90423E1680D4805F0DCFDE1690C480E
:1005000005F0D8FDA1690B4805F0D4FD012D05D1FA
:10051000EFF305810848103905F0CCFD2146284647
:10052000BDE8384003F046BD24AD000C54AD000CCE
:1005300084AD000C94AD000CC3AD000C30BFFFF7D0
:10054000FDBF00BF2DE9F04105460B4EDFF82C80C2
:10055000324606EB0807CC1B2046094909F02BFF61
:10056000A01942460021083C09F032FFAC6707F1B0
:100570000800BDE8F08100BF000000000800000096
:1005800054AB000C10B52A4C2A4805F093FDD4F862
:10059000E810D4F8E430580602D5274805F08AFD63
:1005A000D4F8E430D9070BD5244805F083FD262084
:1005B0001F4AD2F8E43043F0FF03C2F8E43010BD24
:1005C000D4F8E4309A0704D51D4805F073FD2720C0
:1005D000EEE7D4F8E4305B0704D51A4805F06AFD6D
:1005E0002820E5E7D4F8E430180704D5164805F0CC
:1005F00061FD2920DCE7D4F8E430D90604D513489E
:1006000005F058FD2A20D3E7D4F8E4309A0604D543
:100610000F4805F04FFD2B20CAE7D4F8E4301B0645
:1006200004D50C4805F046FD2C20C1E72520BFE786
:1006300000ED00E0D7AD000CF1AD000C02AE000CF7
:1006400019AE000C38AE000C54AE000C72AE000CAB
:1006500088AE000CA3AE000C10B5204C204805F06D
:1006600029FDA36A990137D51E4805F023FD1E20F8
:10067000A36ADA0103D51C4805F01CFD1F20174CA6
:10068000A36ADB0203D5194805F014FD2020A36AF4
:100690001C0303D5164805F00DFD21200F4CA36A5D
:1006A000590303D5134805F005FD2220A36A9A03D8
:1006B00003D5114805F0FEFC2320084CA36ADB0398
:1006C00003D50E4805F0F6FC2420A36A6FEA034325
:1006D0006FEA1343A36210BD1D20C9E700ED00E0DF
:1006E000B7AE000CD0AE000CE4AE000CFFAE000CB8
:1006F0002AAF000C49AF000C6FAF000C8AAF000CA2
:1007000070B5244C064624480D4605F0D3FCA36A78
:10071000D90435D5214805F0CDFC1720A36A1A0568
:1007200003D51F4805F0C6FC18201A4CA36A9B0588
:100730000FD51C4805F0BEFCA16BA36A180407D5B1
:10074000194805F0B7FC1EB1A36A23F40043A36265
:100750001920104CA36A590503D5144805F0AAFCCA
:100760001A20A36ADA050DD5114805F0A3FC1B2059
:10077000084A936A43F47F43936200232B7070BD51
:100780001620CBE7A36A9B04F2D50A4805F092FC39
:100790001C20EDE700ED00E0B6AF000CCDAF000C83
:1007A000DFAF000CF3AF000C0DB0000C23B0000C59
:1007B0003FB0000C58B0000C70B5264C06462648D9
:1007C0000D4605F077FCA36AD80640D5234805F00E
:1007D00071FC1120A36A190703D5214805F06AFCB2
:1007E00012201C4CA36A9A070FD51E4805F062FC24
:1007F000616BA36A1B0607D51B4805F05BFC1EB1A5
:10080000A36A23F08003A3621320124CA36ADE07BD
:1008100003D5164805F04EFC1420A36A9C0603D5A8
:10082000134805F047FC15200A4B9A6AD10658BFB9
:100830009A6A9A6A920642BF5A6A22F400525A622F
:100840009A6A42F0FF029A6200232B7070BD10205A
:10085000C0E700BF00ED00E088B0000C9FB0000CC6
:10086000DFAF000CD3B0000CECB0000C03B1000CF7
:1008700058B0000C2DE9F0416E4B04465F688AB019
:100880000023C7F3080683F31188BFF36F8F02F0CC
:100890007F40B0F17F4F34D112F0010532D012F019
:1008A000400502F0080804D0B8F1000F26D1012558
:1008B00012E0500748BF0C465F4B216858BF012526
:1008C0000B44012B98BF216C5C4805F0F3FBB8F199
:1008D000000F10D0EFF389844FF00008F31E8DF85D
:1008E0000780092B00F29680DFE803F00E8A8E7FE6
:1008F000869494949492EFF38884EDE70C461D4619
:10090000EAE71D462C46E7E74D484A4E05F0D2FB84
:100910008DF80780F36A9A0704D54A4805F0CAFBA8
:1009200000232AE0F36A002B01DA4748F6E7F36A6E
:100930005B00F5D5454805F0BDFB7369A26943F43A
:1009400080737361BFF34F8FBFF36F8F32F8023C38
:10095000726922F480727261BFF34F8FBFF36F8FA1
:1009600003F47F42B2F55F4F27D1DBB2022B24D1D3
:100970002168374805F09EFB23689DF80720CAB917
:1009800002AE04F12007324620686168083403C2D1
:10099000BC421646F7D1099A002D47D0C2F3080190
:1009A00021B96FEA52226FEA42220992184602A93F
:1009B000FFF794FD0AB0BDE8F0811E4B9A6AD2B2EF
:1009C0002AB101200DF10701FFF7F6FE16E09A6A41
:1009D00012F47F4F05D001200DF10701FFF790FEC3
:1009E0000CE09A6AB2F5803F02D3FFF735FE05E0CE
:1009F000D3F8E430002B93D0FFF7C4FD0346BCE7E7
:100A000000200DF10701DFE700200DF10701E5E708
:100A1000104883E7104B17F4F87F1049104808BFBF
:100A20001946A6F1100205F045FB79E76FF30802BD
:100A3000BBE700BF00ED00E0A6ED050151B1000CE1
:100A400071B1000C89B1000CABB1000CBAB1000C53
:100A5000DAB1000CF7B1000C23B1000C38B1000C76
:100A60001CB2000C044B5A6942F010025A615A69D8
:100A700022F008025A61704700ED00E0EFF30880B1
:100A8000EFF3098101B57246FFF7F4FE01BD00BF27
:100A90000A4880F30888202080F3118808484FF422
:100AA0000061401880F30988EFF3148002210843A5
:100AB00080F31488BFF36F8F00F05CF85826002095
:100AC000181900201EF0040F0CBFEFF30880EFF39D
:100AD0000980816911F8021C0229FFD001B5724614
:100AE00005F08BFB01BD00BF00B2002807DB01232E
:100AF0004109034A00F01F00834042F8213070474B
:100B000000E100E000B200280CDB012206494309A5
:100B100000F01F008240203341F82320BFF34F8FA5
:100B2000BFF36F8F704700BF00E100E000B2002804
:100B300001F10101ACBF00F16040064B4FEA4111E9
:100B4000C9B2ABBF00F5614000F00F0080F80013A0
:100B50001954704714ED00E0044B054A23F07F035D
:100B60009360BFF34F8FBFF36F8F70470000000893
:100B700000ED00E008B5FFF7EFFF0B4AD2F8883030
:100B800023F47003C2F88830EFF3148323F00403D6
:100B900083F31488BFF36F8FFFF778FCFFF782FCB5
:100BA00000F092F803F0CAFA00ED00E042F8203CB1
:100BB000009B0B4942F81C3C019B21F0010142F8CB
:100BC000183C029B42F8081C42F8143C4FF080731A
:100BD00042F8043C0023203A0265C367704700BF17
:100BE0009503000C00B50B4B15469860826F0A4BBD
:100BF0000E461A602C4686F309880020034B98475E
:100C00002046002100220023014C20471F62000CD7
:100C10009503000CE0100020200A00201022014B58
:100C20001A61704700ED00E0054B5A699B689A42D3
:100C30001FBF044A536843F080535360704700BF9E
:100C4000E010002000ED00E0084B9B6883420BD1D0
:100C5000EFF3058343B1064B5A6842F080525A6065
:100C60005A6A22F400425A6209F053B9E010002097
:100C700000ED00E011498A684FF030001044EFF3B6
:100C8000098C80E8F01F202080F31288BFF36F8F5B
:100C90000B4F4FF000664A698A603E60906F094CC6
:100CA0002060D06F0023D36780F3118802F13000F9
:100CB00090E8F01F8CF3098870470000E0100020D6
:100CC00004ED00E0200A0020002320210348C21880
:100CD00001339E2B82F80013F9D1704700E100E048
:100CE00008B5EFF30583064A103B02EBC30152F847
:100CF000330049688847BDE80840FFF795BF00BF4B
:100D0000A0A5000C0148006870470000200A0020E0
:100D10001FB50121094B0A4A0A4800F0F7F80023E1
:100D2000064A0393084B0121019301A8D31A0293A9
:100D300000F0F6F805B05DF804FB00BF00000820E5
:100D40000000002054AB000C100500200A7A0B684C
:100D500010B562F304031C46CB68520923F01F034D
:100D600043EA4203044A43F00103C2F89800C2F880
:100D70009C40C2F8A03010BD00ED00E010B5074B5C
:100D8000D3F89030C3F30723013B984202D8FFF712
:100D9000DDFF10BD6FF01500FBE700BF00ED00E0C8
:100DA0002DE9F04F0F46144606464FF000084B4D14
:100DB00085B0B84580F28E80D6F80490B9F1000F66
:100DC00035D0B9F11F0F40F2838019F01F0F7FD18A
:100DD000D6F800A01AF01F0F7AD1504605F033FA6A
:100DE000834609EB0A00013805F02DFA83456FD1DF
:100DF0001BF1160F6CD05C456ADDC5F898B0D5F8CC
:100E00009C10C5F898B0D5F8A03021F01F0143F030
:100E10001F0AD6E900321A44994202F1FF391BD168
:100E2000CA4508D131465FFA8BF005F015FA08F192
:100E300001080C36BDE73146C5F898B0D5F89C30AE
:100E4000E0B263F30402C5F89C2005F005FA10F146
:100E5000160F3DD0441CEAE7C5F898B0D5F8A0209D
:100E6000013B23F01F0302F01F021343CA45314622
:100E7000E0B2C5F8A030E8D005F0EEF910F1160F99
:100E800026D0C5F898B0D5F89C209DF808300AF116
:100E9000FF3A62F304038DF80830D5F8A0309DF8CE
:100EA00008205B0863F347128DF80820D6E900326A
:100EB0001344009323F01F035344A3EB09030130B1
:100EC00023F01F036946C0B20393FFF757FFBEE745
:100ED0006FF01504204605B0BDE8F08F00ED00E08E
:100EE0000522044BC3F89420BFF34F8FBFF36F8FDD
:100EF000704700BF00ED00E0BFF35F8F0022024BA0
:100F0000C3F89420704700BF00ED00E010B5034C1B
:100F10002278FFF745FF207010BD00BF141100209C
:100F20002DE9F74F294D8A4606464FF00008AB469B
:100F3000274FD0451BDAD6F80490B9F1000F3FD007
:100F400031680846019105F07EF90199044609EBE4
:100F50000100013805F077F984424FF014021D4B6F
:100F600008D002FB08F36FF015024BF8032003B022
:100F7000BDE8F08F14F1160F2C60F8D01978A1425B
:100F8000F5DD02FB08B0C7F89840C7F89840D7F8DD
:100F90009C4000F10801007B64F304000871D7F85D
:100FA000A0000C79400860F347140C71D7F89C102E
:100FB00021F01F016960D7F8A01021F01F012961FD
:100FC00008F1010814350C36B3E700BF240A0020ED
:100FD00000ED00E014110020F0B55349534DD1F855
:100FE00090302C68C3F307239C4287B000F29980AD
:100FF0000020FFF781FF4E4BC1F8C030844216D16C
:101000004C4D01A82C70FFF7DFF9002607464A4C2B
:10101000B74213D100202B784349D1F89020C2F376
:101020000722934277DBFFF75BFF002046E0696809
:1010300001EB0011FFF78AFE0130DFE70199300173
:1010400001EB0613DA682240B2F1807F52D00AD851
:10105000B2F5001F34D0B2F5800F3ED0B2F5801F3C
:1010600012D00136D4E7B2F1006F43D0B2F1805F05
:10107000F7D15A689B680958013B22F01F000344CE
:1010800023F01F03012032E05A689B680958013B96
:1010900022F01F0003440120844623F01F0340EA8E
:1010A0004C10CDE902218DF8100002A92878059393
:1010B000FFF764FE00282ADA6FF0150007B0F0BDD4
:1010C0005A689B680958013B22F01F0003444FF007
:1010D000020C012023F01F03E1E75A689B680958BE
:1010E000013B22F01F000344062023F01F034FF0B2
:1010F000000CD4E75A689B680958013B22F01F0096
:1011000003444FF0030C012023F01F03C7E72B78A3
:1011100001332B70A5E7C1F89830C1F8A000013366
:101120007BE74FF0FF30C9E700ED00E060AB000C5B
:10113000AAFF4400141100200000F0FF08B5024B84
:101140001B689847002008BD380A0020034B044A5A
:101150001860937843F0020393707047380A0020B8
:101160008C01002008B50649064821F00701C1F1AD
:10117000005202F5002204F049FF002008BD00BF24
:10118000DF3900203C0A002070B541690446867AA8
:101190000A4D59B1437ADB0706D4242303FB0653D7
:1011A000DB691B689B689847002363612420214604
:1011B00000FB0650BDE8704008F0AABD18040020EE
:1011C0002422024B02FB0030704700BF18040020AD
:1011D0002421827A054B01FB02331A6A1B7D801A97
:1011E0001B3323F00303B0FBF3F070471804002017
:1011F00038B52424827A064B04FB0233DB69D3E939
:1012000001240C601568FFF7E3FF04FB005038BDB4
:10121000180400202DE9F04385B005466846904645
:101220001C46039109F008F8DDE90067EFF3118926
:10123000202383F31288BFF36F8F6B8A002B41D07A
:101240002A8A9A4225D900220023284603F0D0F9A1
:101250000446F0B189F31188BFF36F8F039B002B15
:1012600041D032463B46684609F00BF82421A27A69
:10127000254B204601FB0233DB6903A91B681D686F
:10128000DDE90023A847606170BB2046FFF77CFFC3
:1012900024E0698A4B1E6B8289F31188BFF36F8F3C
:1012A0002B7D2A8A2C6A1B3323F00303521A02FB7C
:1012B0000344154B154AEB1A9B105343A3722B7D25
:1012C000E372CBE789F31188BFF36F8F2346424661
:1012D000284603F08DF904460028BFD1002420469B
:1012E00005B0BDE8F0836361012300252381039BE2
:1012F00029466382E27A656004F1180009F068F813
:1013000063692582E360EAE718040020398EE33838
:1013100070B524250C4C00B970BD037A4668002BCB
:10132000FAD0013BDBB20372002BF5D1C3604360FE
:10133000837A05FB03439B6913B198473046EAE77C
:10134000FFF722FFFAE700BF180400202DE9F04F55
:1013500085B08046894615461F4604F0EEFF0446D8
:1013600087B1404604F0EEFF012808D0FFF7CAFC21
:101370006FF085022D4B1A5005B0BDE8F08FB4FA1E
:1013800084F464096A1C21464046D2B205F060FB31
:1013900006460028EAD045684FB12868696801AB65
:1013A00003C32A7A01AD1A7007238DF8053009F1BD
:1013B0000C07384605F055F92A782946824228BF9D
:1013C0000246384604F086FFD6F80CA0BAF1000FAA
:1013D0000AD1B9F81010B8F82E309942CCD9384655
:1013E000C91A04F092FFC7E7DAF8040083681B6BA0
:1013F00013B9DAF800A0E9E7214698470028F8D0A9
:10140000051F55F804BFBBF1000FF2D09BF8006038
:10141000002EEED0384605F024F9B04234BF82B237
:1014200032465946384604F055FFEAE70C00000002
:101430002DE9F04190F82830044603F01F03012BFA
:101440000F4600F128062FD0022B18D08BB3204670
:1014500094F8291005F019F8024678B3304605F0E3
:1014600008F91D4D002834D113693BB33A46314683
:10147000204698470346FFF745FC2B5024E0818D1A
:10148000C9B205F01FFC05460028E0D0304605F043
:10149000F0F8024668688368CAB99B6873B13A4637
:1014A0003146BDE8F0411847818DC9B205F0F1FB26
:1014B000E9E790F8291005F028FCE4E7FFF722FCA3
:1014C0006FF08502044B1A500020BDE8F081DB6804
:1014D000E4E7D368C9E700BF0C0000002DE9F04F36
:1014E0000B7E044633F080080D46164693B040F05C
:1014F00081847AB10846FFF70BFF6B7EDF0703D4C8
:101500009E0711D52B7E7BB9204613B0BDE8F04F66
:1015100005F0DBB84A7E00F12809900708D5802B3A
:101520000CD12846FFF7F4FE404613B0BDE8F08F1B
:10153000910700F02384002B40F02084D2072FD5A0
:101540002B8A082B40F0FA83EA68294613680020AA
:10155000A3625368C9F8043004F0AAFE054610B12E
:10156000FFF7D6FEEFE0484605F083F8E28D70B94C
:10157000B2B12946A06906F00FFE0146002800F02E
:101580002984204613B0BDE8F04F05F03BBD3AB1C9
:101590001146204605F031FD0546002800F01A846A
:1015A000FFF7B0FB002394F82880B14F18F0600FCC
:1015B000C351C8F3411307D0032B40F0BB81FFF7A1
:1015C000A1FB6FF0850337E0484605F052F894F828
:1015D0002930002840F04E81013B0A2BEFD801A2B0
:1015E00052F823F05B17000CBF15000CE717000C36
:1015F000BF15000C1116000CBF15000CBF15000C18
:10160000BF15000C8116000CBF15000CE316000C72
:10161000618D7F29D3D8A38D002BD0D1E38D002BF2
:10162000CDD118F01F0FCAD194F83030022B05D15C
:10163000FFF768FB4FF0FF333B5076E0A06903698A
:1016400093F880301B0707D5C9B205F071F88046C2
:1016500028B1002D6CD167E7012384F8393094F864
:101660003030012B0AD1638D43B984F83030FFF755
:1016700049FB3B58002B00F0858056E00123F4E73E
:10168000204604F05AFE628D0146FF2A97D8E38D6A
:10169000002B94D194F82830D80690D194F83030AB
:1016A000002BC5D02AB12046D2B205F0F7F90028A8
:1016B000BED0618D94F838308B42D8D02046C9B264
:1016C00005F0F3F980460028C3D1628D0521002A78
:1016D00014BF02230123204684F8303005F01CFD9E
:1016E000C5E708F01F08B8F1010F7FF468AFE38D7C
:1016F000002B7FF464AF628DFF2A3FF660AFA18DAF
:10170000FF293FF65CAF94F83030022B90D1204691
:10171000D2B2C9B205F0F5FB10F1020F804640F0DD
:101720000E81FFF7EFFA47F8008065B14FF000082F
:101730002846FFF7EDFDB8F1000F7FF4F5AEFFF797
:10174000E1FA3B58F3B1484604F093FF0346A06921
:10175000002B00F04283802148E3E38D002B7FF4CF
:101760002EAF94F83030002B3FF462AF012BA18DE7
:1017700002D100297FF45CAF18F01F080CD0B8F13B
:10178000020F16D0E38D002B40F0CB82204604F0F0
:1017900086FF0028D7D1B7E600297FF449AF638DD3
:1017A000012BEFD194F86C3061F3C30384F86C30F3
:1017B000E8E7B4F82AA0BAF1000FE3D15FFA81F8A4
:1017C0004146204605F08EFC0346FFF79BFA3B504E
:1017D000013302D14FF0FF383BE7524641462046E5
:1017E00004F04DFF43E7E38D002B7FF4E8AE628DFC
:1017F000A38D022A5FFA83FA11D108F01F085AEA72
:1018000008087FF4DCAE0122A069190A04F070FF19
:1018100000287FF4D4AE012384F8393027E794F808
:10182000301000293FF404AF012902D1002B7FF4CE
:10183000FFAE18F01F0811D0B8F1020FA2D1002A94
:10184000A0D15146204605F039FC0346FFF75AFA6D
:101850003B500133BED001225146C0E7002B7FF43C
:10186000E7AE012A8ED194F86C3043F008039DE76F
:101870000C0000000A2B3FF6A2AE01A252F823F0A2
:10188000AD18000CBF15000CBF15000CBF15000CE7
:10189000BF15000CBF15000C2719000CBF15000C5C
:1018A0009F1C000CBF15000CC91C000CE38D022B03
:1018B0007FF485AE94F83030002B3FF4B9AE012BA5
:1018C000A18D02D100297FF4B3AE18F01F0811D00A
:1018D000B8F1020F1CD04FF0000805F10C0A504679
:1018E00004F0BFFEE38D984218D2FFF70BFA6FF0B9
:1018F0000B03A1E600297FF49BAE94F86C304FEA0D
:10190000930808F00208C3F3001348EA0308E4E769
:101910002046C9B205F0F5FB8046DEE74146504659
:1019200004F0E9FCA3E6628D18F01F0F4FEA1223C2
:10193000D2B209D029462046FFF77AFD8046B8F199
:10194000000F7FF486AE92E6013B0E2B3FF637AEDA
:1019500001A151F823F000BF9519000CD119000C1A
:10196000E119000CBF15000CBF15000C251B000C65
:10197000DD19000CBF15000CBF15000CBF15000CC5
:10198000BF15000CBF15000CBF15000CBF15000CD7
:10199000B91B000C05F10C08404604F062FE8346BA
:1019A0002046B4F82EA004F0C8FC20B101287FF432
:1019B00006AE616F00E0216F002900F01F82DA455A
:1019C00028BFDA460A78524528BF524640462FE0E3
:1019D000002329462046FFF7B9FC48E60123F8E733
:1019E0000321204604F091FD824600283FF4E7AD34
:1019F00004F032FEB4F82EB09AF81530D8B99AF83F
:101A000014808DF829308DF82880DAF8103005F12F
:101A10000C0A1B885046ADF82A3004F022FEC3455C
:101A20005A4628BF4246824228BF024650460AA96B
:101A300004F050FC1BE64FF00008DAF808208DF89F
:101A40001530BF4B8DF814801340BE4A934258D1D5
:101A5000102106A801F084FF021EFFF6B0AD0AA90E
:101A6000102A084628BF1022DFF8DCE20DF1180C1E
:101A7000424501F1020133D80346920002325FFA77
:101A800082F88DF8148005F10C0A5046029304F098
:101A9000E8FDD845424628BF5A46904228BF104626
:101AA00002288346804628BF4FF0020B50465A4614
:101AB000A8EB0B0805A904F00DFC4FEA58030193AD
:101AC000029B9B4603EB5802934521D118F0010F6E
:101AD0003FF4CDAD5046019A995C04F004FCC6E594
:101AE0001CF8013B08F101084FEA131A03F00F0339
:101AF0001EF80AA01EF8033001F802AC01F8013C00
:101B0000B6E79AF81480DAF810308DF81480BAE746
:101B100050461BF8011BCDE9022304F0ECFBDDE984
:101B20000223D1E7204604F008FCD4E91C830028F6
:101B300008BF98460023CDF82A30CDF82E300A236E
:101B40008DF82830062320468DF8293004F0FAFB62
:101B5000012805D0FFF7D6F86FF085033B5086E5E6
:101B6000B8F1000F00F04A81B8F80230ADF82A3021
:101B700098F804308DF82C3098F805308DF82D3019
:101B800098F806308DF82E3098F807308DF82F3001
:101B900098F8113005F10C0840468DF8303004F00B
:101BA00060FDE28D9DF828300AA99A4228BF1A46A6
:101BB000824228BF024609E7204604F0BEFB18B166
:101BC0000128C7D1636F00E0236F002B00F016815E
:101BD0005B88B3F5007FBDD95C4B04F14C0B0A93D5
:101BE00000238DF82C30E36C9B4508BF0023BDF823
:101BF0002A1093B15A7D0F2A08D11A7D0A44ADF8F4
:101C00002A209DF82C2001328DF82C20226D934241
:101C100001D01B68EBE7BDF82A1005F10C0A50460D
:101C2000019104F01EFDB4F82E800199884528BF6B
:101C30008846804528BF80464246052A28BF05229F
:101C400050460AA9019204F045FB019AB8EB02083C
:101C50003FF40DADE36C5B453FF409AD002B3FF461
:101C600006AD5A7D0F2A14D11A7D1969424528BF45
:101C700042465046019304F02DFB019B1A7D4245DC
:101C800094BFA8EB0208A8EB0808B8F1000F3FF4D6
:101C9000EEAC226D9A423FF4EAAC1B68DEE794F8A2
:101CA0003030002B3FF4C4ACE38D012B7FF487ACC4
:101CB00005F10C08404604F0D4FC00283FF415AEB2
:101CC00094F83810404608E708F01F08B8F1010FF3
:101CD0007FF4AEAC204604F0CFFE00283FF4A8AC61
:101CE000B4F82CA0BAF1FF0F3FF669AC43681B793A
:101CF0005345FFF464AC5FFA8AF30F2B3FF65FACF9
:101D0000E38D012B7FF45BAC05F10C08404604F039
:101D1000A8FC00283FF4E9AD04EB0A0393F83A105D
:101D2000D0E7484604F0A5FC18B92846FFF7F0FABA
:101D30002CE52946204605F065F948B128460FE410
:101D400000FF0200000302002CB3000C050F050089
:101D5000A069036993F8801011F004017FF4D4ABFB
:101D600006F02EFA054600283FF4EDAC0146204669
:101D700005F048F900283FF4C7ABDFE752077FF5CD
:101D8000E2AC002B3FF4CDAB2846FFF7C1FA94F844
:101D90003930002B3FF4C8AB94F82930052B05D11E
:101DA000618DA069C9B204F0C3FC064694F82930DD
:101DB000032B09D1638D022B06D1A18D0022A069CE
:101DC000090A04F095FC06460023B04684F8393031
:101DD000FFF7AABB6FF00B06B5E4E38D002B3FF4D1
:101DE000BAAC16F10C0118BF0121C90106F0EDF8DB
:101DF000FFF78ABB6FF00408FFF796BB6FF015087A
:101E000027E400BF0B7810B4062B14D10369D3F874
:101E10009C20EFF31184202383F31288BFF36F8F8C
:101E200000204B681860506A58B9C2E9083384F33F
:101E30001188BFF36F8F00220023034810BC07F006
:101E4000BDBE03605362F2E7F00300202DE9FF41BD
:101E500020264FF0FF334FF0FF325B4801A902F01C
:101E6000A1FA039B1B69D3F89C40236A93B1EFF35B
:101E7000118286F31288BFF36F8F216A29B1606ADD
:101E80000B688142236208BF636282F31188BFF34B
:101E90006F8FC9B99DF80430062BDAD0072BD8D83C
:101EA00001A252F823F000BFFB1E000CEF1E000C35
:101EB0001B1F000C011F000C3F1F000C351F000CE6
:101EC000531E000CC31F000C0B7E20465D06D1F88C
:101ED0001E2009D1FFF702FB02460028C5D00721CA
:101EE000204605F019F9C0E704F0E3FEF4E700220C
:101EF0000121204605F010F9ABE700221146F8E772
:101F000094F86C3001A943F00403204684F86C3047
:101F100004F033FC00220321EBE794F86C3001A9B4
:101F200023F00403204684F86C3004F026FC0022E1
:101F30000221DEE7204601A904F01FFC89E794F89E
:101F40006C30A76923F0040384F86C30D7F808805C
:101F50003B69A033D3E8AF3F9A072FD53846D8F86E
:101F60003C309847D8F82430002138469847054639
:101F7000D8F8403038469847ADB92946204604F095
:101F800094FD054678B9A06906F039F9831E5842D8
:101F9000584194F86C3084F8305023F0680343EAD9
:101FA000401384F86C3000220421204605F0B4F878
:101FB000002D3FF44EAF2A4607219AE74FF0FF3538
:101FC000F1E70621029A94E7F003002030B589B0CA
:101FD000002200230024CDE906236FF007034FF40D
:101FE0008062CDE90334CDE90144154B15490094D5
:101FF000154802F0F9FD1549134807F087FF144B07
:1020000014498B4207D30020134B14498B420CD345
:10201000002009B030BD03F11402D2E8EF0FC2E88E
:10202000E54F002DF9D11833EBE703F11402D2E8A4
:10203000EF4FC2E8E50F002DF9D11833E6E700BFF6
:102040004D1E000C18110020100500203FB2000C9E
:10205000DC040020F4040020F40400200C0500201F
:1020600038B5024605460949806906F026F9044656
:1020700048B985F83800284604F0B3FC044610B18E
:10208000A86906F049F9204638BD00BF051E000CBE
:1020900070B5054681B101290BD10E4C0E4E16E0EC
:1020A000636828461968FDF7C5FF18B11834B442B3
:1020B000F6D30024204670BD084C094EF7E763684C
:1020C00028461968FDF7B6FF0028F3D01834B4424B
:1020D000F5D3EEE7F40400200C050020DC0400201A
:1020E000F404002070B50646EFF31181202383F33A
:1020F0001288BFF36F8F1B4D2A6881F31188BFF3DD
:102100006F8F526892F86C20D20705D4BDE87040FA
:102110000A22002302F0F4BCEFF3118283F3128849
:10212000BFF36F8F2C682CB1696823688C422B60D9
:1021300008BF6B6082F31188BFF36F8F44B1606892
:1021400004F10801C36998472146074807F0E6FCF7
:102150002B6833B13046BDE870400022002302F006
:102160009BBC70BD480A0020C003002030B585B07C
:10217000CDE90012054600220023144803A902F00D
:102180007DF80246E8B9DDE90001039B5D60083394
:1021900083E80300EFF31180202383F31288BFF359
:1021A0006F8F039B1A600A4A516861B9C2E9003314
:1021B00080F31188BFF36F8F00220023054802F0DF
:1021C0006BFC05B030BD0B605360F1E7C00300202D
:1021D000480A00200000002038B54B780469202B05
:1021E0004568206908D0222B19D0FEF78BFD6FF0CF
:1021F0008502104B1A5010E0CB88072BF5D1D3681D
:102200001A6842609A8802819B79837204F0A9FF60
:1022100022460821284604F08DFF002038BD4B8857
:102220000921C3F34002838103F001030276437660
:102230002246EFE70C00000008B513464A78212A31
:1022400014D133B9FEF75EFD6FF00B020A4B1A5042
:102250000AE0CA880169072A096928BF07220431F0
:1022600003F10C0004F036F8002008BDFEF74AFD2B
:102270006FF08502004BEAE70C00000073B52025E3
:1022800004698DF80710EFF3118685F31288BFF308
:102290006F8F0122E06B0DF1070103F067FF86F3FA
:1022A0001188BFF36F8F01280CD007F029FE88B189
:1022B00001220C4BD3E8EF1F002903D1C3E8E02F24
:1022C0000028F7D10A22002304F1480002F0E4FBC1
:1022D00002B070BDA37E002BEAD000210A2007F0D7
:1022E000D1FED0E7500A002038B5002405690E4918
:1022F000EB6B05F14800C3E90144DC606B6BC3E99B
:102300000144DC6007F0C5FD05F17800074907F0DE
:1023100094FD074905F1240007F08FFD284604F0DD
:1023200020FF204638BD00BF3523000C0124000CDF
:102330006D75000C2DE9F04750F8483C00F140065F
:102340005B68074600213046D3F8009004F069FF2F
:10235000002851D00121304604F063FF8046002858
:102360004AD1D6E8EF3F43F02002C6E8E12F00292A
:10237000F7D19B0640D4484604F075FF002205467D
:1023800000231E4803F08CFF044650B93046052157
:1023900004F0E1FF3846BDE8F0470A22002302F0CE
:1023A0007BBB824605765AF80C1F428A57F80C0C04
:1023B00003F0FCFE05460146504603F085FF5DB183
:1023C000D9F8040004F0BEFFB5FBF0F303FB105591
:1023D000B5FA85F84FEA58182146484607F82D8C7B
:1023E00004F051FE40B12046FEF792FF3046BDE8B2
:1023F000F047052104F0AFBFBDE8F08718040020C6
:1024000070B550F8782C00F1100452680346002192
:102410002046156804F005FF00283DD00121204624
:1024200004F0FFFE002837D153F8442C68689388E5
:10243000918916695B1A9BB2F61A04F083FFB042C9
:102440002AD8D4E8EF3F43F01002C4E8E12F002976
:10245000F7D1DB0620D4284604F0F7FE002206461A
:1024600000230E4803F01CFF0446A8B106766868F6
:1024700004F068FF638A984203D2686804F062FF40
:1024800083B221462846638204F0FDFD20B1204638
:10249000BDE87040FEF73CBF70BD00BF18040020CF
:1024A00070B5054601F072FD0446064E6B6823B117
:1024B00001F06CFD031BB34200D970BD022007F090
:1024C00069FAF3E7BFD40100F8B5144687680546FA
:1024D000FB6B0E4698472146002200230548FEF775
:1024E00099FE044600B1067628463B6C9847204684
:1024F000F8BD00BF3C040020042903D849B96FF09F
:1025000015007047052914BF6FF015006FF08500A6
:10251000704762B9436803291B6803F5805308D0EC
:10252000042908D0022914BF02220422DA730020F1
:1025300070470122FAE708499A7311F8010B01323A
:10254000352A83F82000F8D10822DA739A7C42F009
:1025500002029A74EBE700BF3DB3000C2DE9F04393
:10256000056989B006464468D5F8A47005F1840071
:1025700007F033FB07F1880007F007FF5B49C7F856
:10258000D86107F5F07007F084FC95F880304FF0C3
:10259000400923F0760343F0760385F88030A36981
:1025A000022B01BF95F880304FF4806843F001039F
:1025B00085F8803018BF40F2FF38002563689D42DF
:1025C0002BD300254FF0400963689D4258D3002566
:1025D00087F89C50A7F8C851A7F8CC51D4E9041249
:1025E0004FF000084FF000096FF007030120CDE91C
:1025F0000689CDE90330CDE9015538463C4B0096BC
:1026000002F0F2FA3168384607F080FC3046636A1F
:102610009847284609B0BDE8F083E2686B0102EBF9
:102620004512917C41F040019174E26895B9917C2A
:1026300041F001019174E268A2F81090E26830461E
:102640001A441576E168194405F039FB0028E1D1F8
:102650000135B3E71A44917C41F004019174E268BA
:102660001A44917C41F002019174E2681A44917C11
:1026700041F008019174E2681A44A2F81080DDE785
:10268000A2686B0102EB4512917C41F0200191742C
:10269000A268A5B9917C41F001019174A268A2F8E9
:1026A0001090A26865F07F011A441176A168304647
:1026B000194405F004FB0028ACD1013584E71A4425
:1026C000917C41F004019174A2681A44917C41F01C
:1026D00002019174A2681A44917C41F0080191743E
:1026E000A2681A44A2F81080DBE700BF8F84000CB8
:1026F000438C000C70B503699022D3F8A450436852
:10270000002105F1A0001C6807F062FE4022FF21B5
:1027100005F5987007F05CFE4021284605F006FF9D
:102720004FF6FF7398425CD02F4AA5F83001A5F808
:102730005001D369372043F48033D36106F00EF99A
:10274000012342F2107623602368DB0702D4E36999
:10275000D80708D5013E02D26FF0730070BD01208A
:1027600006F0FCF8F0E7002EF6D042F2107623686F
:1027700043F400732360236843F480732360236869
:1027800043F002032360E369990705D5013EE3D3D3
:10279000012006F0E3F8F6E7002EDDD020232361C8
:1027A000A369DA071BD504F58054D4F82435002238
:1027B00043F00203C4F824350024002385F81042B6
:1027C00005F5F07002F09CF92046C7E7013EC3D042
:1027D000012006F0C3F8A369DB07F7D5E3E7034E52
:1027E000F9E76FF00B00B9E700800044A086010014
:1027F0002DE9F04F036987B0D3F8A44043688046C1
:102800001D6805F580566B6996F80A907788B2883E
:102810005FFA89F992B201929A0642BF20226A6158
:10282000EA605807BFB250D54FF0040A19F0040F00
:10283000C5F814A039D0002504F5BA7084F89C506E
:10284000C4F8C851A4F8CC5106F02EF904F5BC70B8
:1028500006F02AF904F5C07006F026F904F5C270F6
:1028600006F022F9F38840209BB243F00103F38085
:10287000B57305F078FD514600F00F0086F8620050
:1028800086F86300B4F83031C3F30C03A6F8643063
:10289000B4F85031C3F30C03A6F8663004F1880095
:1028A00007B0BDE8F04F06F057B819F0010F04D09B
:1028B000082104F1880006F04FF819F0020F04D047
:1028C000102104F1880006F047F80022B273B17CB1
:1028D000CBB2490707D5B37C03F0FB03B37484F88C
:1028E0009C20B37CDBB2DA061FD5B37C43F08003B7
:1028F000B374002384F89C30B37CDBB2DB0749D58A
:10290000326AC4F89420336AC4F898301B0C1BD187
:10291000B37C43F04803B374032384F89C30012153
:1029200004F1880006F018F834E094F89C20032A9B
:1029300030D801A151F822F0FD28000C8B29000CA1
:10294000E729000C7D29000C100605D5B37C43F067
:102950004003B3740123E0E7B27C42F04002B2745A
:10296000022284F89C20D4F89420A4F8CA31C4F838
:10297000CE21D4F89820C4F8D221D0E7F90709D5A0
:10298000002384F89C300221CAE7FA0702D513F02D
:102990000203F6D000234FF001094FF0200A9B46B6
:1029A0007F0804F5BA70002F69D123B1802104F1AA
:1029B000880005F0D1FF01264FF0000B019B05F5C3
:1029C00081594FEA530A09F1040905F58055BAF116
:1029D000000F40F08780019B13F0FE0F00F0F280A3
:1029E0004FF480715AE7D807D4D596F81890002193
:1029F000404609F07F0905F055F960B3B0F81AB008
:102A0000CBF30A0BB9F1000F18D0B4F8C81105F5D3
:102A10008150C1F1400ACA4528BFCA4601F5C471B8
:102A20005246214405F0ADFCB4F8C8319A44B4F8DC
:102A3000CC31A4F8C8A14B44A4F8CC31CB450DD877
:102A4000B4F8CC21B4F8CA319A4207D2B37C43F02F
:102A50004003B37497E74FF0400BD3E7B37C0122F8
:102A600043F04803B374032384F89C3004F5BE7329
:102A7000D3E8EF1FC3E8E02F002884D0F8E7F90778
:102A80002CD5EFF311838AF31288BFF36F8F09F00F
:102A90000F02B273B27C920612D5B27C02F0DF0252
:102AA000B274B27C42F00802B274B27C910742BFA9
:102AB000B27C42F00802B274B27C02F0FE02B27440
:102AC00049460393029005F0E0FF86F80EB0039BA1
:102AD00083F31188BFF36F8F012302987F0809F1F8
:102AE000010960E71AF0010F19D0F1B2EFF3118379
:102AF0000293202383F31288BFF36F8F01F00F033B
:102B0000AB73AA7DD3B252060FD503F0BF03AB75EA
:102B100085F80EB0029B83F31188BFF36F8F4FEAE5
:102B20005A0A013609F1040951E740462F8B05F096
:102B3000B9F8BFB20390002840D005F0DAF8034698
:102B400000283BD0C7F30D07E7B1018A428A0493FE
:102B5000521AC1684069091A521ABA4228BF3A4645
:102B600003F10C001146059203F0AEFB059A0146F5
:102B7000484605F006FC039B5A8B049BC2F30A02ED
:102B8000974204D2AB7D03F0FE03AB750CE0D9682D
:102B900058695A8A091A1B8A521A9A420AD131462E
:102BA00004F5C07005F071FF314604F5BC7005F006
:102BB0006CFFADE7AB7D03F0FE03A8E7314604F5FB
:102BC000C270F4E707B0BDE8F08F00BF30B540B386
:102BD000B0F1205F4FEA906323D2013BDBB2082BB8
:102BE0001AD8114A114DD45C114AD15C114AD25CF9
:102BF000EB5CC5B2A54214D8C0F305248C4210D8B2
:102C0000C0F3055191420CD8C0F3853098428CBF77
:102C10006FF01500002030BD3F2300241A461946EE
:102C2000E7E76FF01500F6E78DB3000C72B3000C08
:102C300084B3000C7BB3000C2DE9F3470C464FF036
:102C40000008174943682143064615461F68CDF81A
:102C5000048006F0B1FB022805D0C5F800800020F2
:102C600002B0BDE8F0874FF00609B4FBF9F85FFA4F
:102C700088FA5146304601AA06F027FC0028EFD119
:102C80003F2309FB18444C37E4B257F82A20E400EC
:102C9000A3401340E3D0019AB2FBF3F22A60DEE7CF
:102CA00000FFFF0F2DE9F74F0D464FF0000B1C46BC
:102CB000436880469F68924607EB81073549D0F804
:102CC000109029433E6ACDF804B006F075FB022847
:102CD00003D0C4F800B000203FE0396A01F00F01D2
:102CE000514550D0BAF1060F02D18B1F052B4AD99E
:102CF0000B290AD8DFE801F0061E273434373C3CA4
:102D00003C3C3C3CD9F8003001933A6A012D4FEA33
:102D1000124218BFD2B2F30431D51D2A28BF1D229A
:102D20000123013292B293409AB2019BB3FBF2F3BA
:102D30002360D0E7AB1EDAB2092A24D809EB830955
:102D4000D9F80430E0E7012D20D00C2201214046C3
:102D500001ABFFF7A7FF0028D7D003B0BDE8F08F85
:102D60004FF40043D0E7404601A900F015F8F2E720
:102D70000639404601AAC9B2FFF75EFFEBE7012A18
:102D800038BF0122D1E76FF08500E6E76FF05B0006
:102D9000E3E700BF00FFFF1B37B50C4641680A6838
:102DA000136913F4807303D10020236003B030BD96
:102DB000136BDB0701D4094BF6E78B68D56BD3F8AF
:102DC0008010052201AB01F00F01FFF76BFF002817
:102DD000ECD1019BADB26B432360E7E7006CDC02F2
:102DE0002DE9F84FD0F804908246D9E9004B0F4600
:102DF0001546CEB2002A00F01D810846FFF7E6FE18
:102E00008046002840F01981BB0E082B00F2158186
:102E1000DFE813F0090013005A009F00B500BB0063
:102E2000C500F900070163692A7823F0800343EAAB
:102E3000C21363614046BDE8F88FD9F80820A9782D
:102E4000D2F8803061F30303C2F880306B78A3B905
:102E5000E36A2A7803F07F0343EAC213DBB2E3623A
:102E600001F094F80546764EA36F002BE2D001F0F6
:102E70008DF8431BB342F7D9DCE7236B704F43F067
:102E80000102DBB243F001032263236301F07EF809
:102E90000646A36F2BB101F079F8831BBB42F8D92A
:102EA000C8E7E26BAB886FF30F021343E36301F0F3
:102EB0006DF80646624FA36F002BC9D001F066F88B
:102EC000831BBB42F7D9B5E72F790B2F21DD04F126
:102ED000440252F8263029880B2F61F3090342F887
:102EE000263004F1480252F82630A97804F1400453
:102EF00061F3050342F8263054F8263023F4F063DA
:102F000022DC0027EA7843EAC2133B4344F8263028
:102F100090E7D9F80830DFF828B103EB8609D9F833
:102F200084303B4343F04003C9F8843001F02EF86D
:102F30008246D9F884305B06C9D401F027F8A0EBAB
:102F40000A035B45F5D975E70B3F3F0207F4E067DD
:102F5000D8E70623B6FBF3F23F2103FB12634C34A0
:102F6000D2B2DBB254F82200DB00994020EA010023
:102F7000297801FA03F3034344F822305AE72B7807
:102F800003F00303CBF8103054E7DBF81C302A7849
:102F900023F0800343EAC213CBF81C304AE7D9F888
:102FA0000810012E01EB86010A6ADAF8104022F4BB
:102FB000005222F00F024FEA02422B884FEA1242DF
:102FC00001D0FF2B01D842EA0342EB78A87803F046
:102FD0000F0343EA403313430B6200F0D7FF074669
:102FE000DFF85CA0D9F808305B682BB100F0CEFFA9
:102FF000C31B5345F6D91DE7002E7FF41BAFEB78BA
:1030000084F83A3016E7D9F80830C7F3052703EB00
:103010008703D3F88020297861F30302C3F8802066
:1030200008E7D9F80C102B78CA6822F0FF02134386
:10303000CB60FFE66FF01508FCE66FF08508F9E657
:10304000BFD401002DE9F843012743680669D3F88E
:1030500000800C4608F1400252F82130DFF8409021
:1030600043F0020342F8213001F118039F4000F0C1
:103070008DFF0546D8F8103037EA030308D000F07A
:1030800085FF431B4B45F5D96FF07300BDE8F8830E
:103090000122F36AA24013430020F362F6E700BF67
:1030A000FF0D27072DE9F84F0546476808460C46EF
:1030B000FFF78CFD0646002842D12146284606F03F
:1030C0007BF9022800F09580A10E3A68BB680929B7
:1030D00036D8DFE801F0051F244135464C563561EE
:1030E000536943F0020353614FF00008DFF8089181
:1030F000DFF808A1C4F3076303F0FC03142B58D1D5
:103100007B68DB68DB071DD47B69434558D86FF0CB
:10311000730617E0D36A43F00203D362E4E70F209B
:10312000E1B24B1C2A6903EB43035B0000FA03F393
:10313000108F034209D02846FFF784FF0028D3D020
:103140006FF085063046BDE8F88F012303FA01F1E0
:10315000136B0B431363C7E72846E1B206F08AFA04
:10316000ECE77A68D36943F00203D361BCE714F05B
:10317000FF02B9D003EB82031A6A42F480721A622A
:10318000B2E7C4F3052203EB8203D3F8802042F0B8
:103190004002C3F88020A7E7FA68C4F3055302EBA6
:1031A00083020123D16BC4F3853083400B43D36387
:1031B0009AE72146284606F0FFF80228A4D1C1E785
:1031C00099F800305BB1FDF79DFD0D4B1B5833B1F5
:1031D0000A20002106F056FF08F101088AE700F0F6
:1031E000D5FE834600F0D2FEA0EB0B035345F9D980
:1031F000F2E76FF07706A5E715110020BFD40100B4
:1032000008000000F8B54368234A1D6804696B692B
:10321000487A1A400B7C00021B0600F4706003F031
:1032200040730343087AC001C0B203438878400169
:1032300000F020000343887A000100F010000343EF
:10324000C878C00000F0080003434878800000F010
:10325000040003430878400000F0020003431343D6
:103260006B614B6823600B785BB100F08FFE064604
:103270000A4F2B69DB0705D400F088FE831BBB4295
:10328000F7D9F8BD636B43F480536363238F43F036
:1032900001032387F5E700BF41F0FFFCFF0D27077F
:1032A0002DE9F84306690C46338F9D0607D496F83E
:1032B0003A30052B05D16378002B40F08780BDE8BC
:1032C000F88343681D689A68EB6A23F00203EB6297
:1032D0008B78012B1ED0EB6AE27803F07F0343EA80
:1032E000C213DBB2EB626278EB6A520002F00202B8
:1032F00003F0FD031343EB6200F048FE0746DFF8DE
:103300001081AB6F002B4FD000F040FEC31B434534
:10331000F7D9D4E70978736BCB40D807CFD5D2F86B
:103320008030DFF8F09061F3030343F04003C2F80C
:10333000803000F02BFE0746DFF8D480D9F88030CB
:103340005A064CD400F022FEC31B4345F6D9B6E71B
:103350002B6B627903F0490343EAC213A279DBB213
:10336000520102F020021343E279DFF8A480120137
:1033700002F010021343227A920002F00402134377
:10338000627A520002F00202134343F001032B63FE
:1033900000F0FCFD0746AB6F002B9CD000F0F6FD63
:1033A000C31B4345F7D98AE76378002B87D000F029
:1033B000EDFD0746DFF860802B69DB053FF57BAF4D
:1033C00000F0E4FDC31B4345F6D978E7736B43F483
:1033D00000537363338F43F0200333876FE7EA6B47
:1033E000A3896FF316021A43A37ADFF824801B0423
:1033F00003F4FE031343EB6300F0C8FD0746AB6F15
:10340000002BA5D000F0C2FDC01B4045F7D956E700
:10341000BFD4010000000144FF0D27072DE9F74F3D
:10342000D0F810800E78D8F830500C46F54015F0E2
:1034300001056AD191F807A0D8F8343023FA0AF3CD
:10344000DF0762D54368BAF10B0F1F68D3F81090FD
:1034500041DD07F1440252F826306189BAF10B0FC1
:1034600061F3090342F826303B46217B53F8482F8D
:1034700061F3050243F82620A07907F1400252F8D3
:1034800026104FEAC02021F47E5100F460503FDC4A
:103490006379DFF8C8A0DB01DBB203430B431D43B4
:1034A00042F82650E2892E4BF96E03EA0243228A43
:1034B0006FF3DE11D20192B213430B43FB6600F0AF
:1034C00065FD0546BB6F5A0631D500F05FFD431B15
:1034D0005345F7D919E09B6803EB860BDBF8843082
:1034E0004AEA030343F04003CBF8843000F04EFD7A
:1034F0000246DBF8843001925906AAD400F046FD5A
:10350000019A1649831A8B42F3D903B0BDE8F08FB4
:10351000AAF10B0A4FEA0A2A0AF4E065B8E7012289
:10352000D8F83030B2401343C8F83030EDE7237993
:10353000002BEAD0D9F81C300A4D43F48033C9F887
:103540001C3000F023FD0446D9F80C30DB05E6D42E
:1035500000F01CFD031BAB42F6D9D6E7BFD4010037
:103560000000FF7FFF0D2707F8B505692B8FDA06EE
:103570003DD443680A7C5C68CB7B52009B0002F020
:10358000020203F0040313438A7B606902F0010224
:1035900020F00700134303436361E36917480A7B84
:1035A00018404B7A12029B0402F4706203F4701309
:1035B00013430A7AD201D2B213434A78920002F03E
:1035C000040213430A78520002F002021343034339
:1035D000E3610B785BB100F0D9FC0646084FE36865
:1035E000DB0705D400F0D2FC831BBB42F7D9F8BD42
:1035F0002B8F43F010032B87F9E700BF79F0C3FF4F
:10360000FF0D27072DE9F84305690E786B6B0C4613
:10361000F340DA074BD491F807C02B8F23FA0CF351
:10362000DB0744D54768012EB968638A01EB860140
:103630000A6A22F4745222F00F024FEA02424FEA61
:10364000124201D0FF2B01D842EA03426379003BCA
:1036500018BF012342EA4332237C0BB142F480526B
:10366000637D207ADB02800200F4806003F4006353
:103670000343207D0CF00F0C400243EA0C0300F4DE
:10368000007003432079DFF85C90000200F4807042
:10369000034313430B6200F079FC8046BB685B6810
:1036A0003BB100F073FCA0EB08034B45F6D9BDE835
:1036B000F883B31E092B0FD8E26805EB83035A6029
:1036C00001226B6BB2401343012E6B6302BF2B8F41
:1036D00043F002032B87EAE7002EF1D1E37985F866
:1036E0003A30EDE7BFD401002DE9F047DFF8D0C153
:1036F000744B86B04FF4606E0125CDE900C33023D2
:103700006946CDE902E3466804460769049540F23C
:103710000118FFF777FD4FF40043CDE9008340F235
:103720000713DFF8A49169462046CDE9029304957A
:10373000FFF71AFFB368DFF894911D7000F026FCC4
:103740000546B368D3F80480B8F1000F09D000F043
:103750001DFC431B4B45F4D96FF0730006B0BDE868
:10376000F08705230326DFF868A187F83A300125A2
:1037700006274FF002091422002101A806F028FEB6
:10378000694620468DF80770CDF800A0ADF81250BC
:103790008DF80450FFF736FF1422002101A806F02F
:1037A00017FE4C4B6946204600938DF80770ADF824
:1037B00012908DF80450FFF725FF1422002101A874
:1037C00006F006FE444B69460093072320468DF819
:1037D0000730ADF812508DF80450FFF713FF40F298
:1037E0000113CDE900384FF4803369462046029337
:1037F000ADF80C50FFF754FD384A394B4FF47001C7
:10380000CDE9002303232046CDE902136946CDF814
:103810001080FFF703FE40F6010332486946CDE908
:103820000003204605F04EFF41F201432E4F69464A
:10383000CDE900734FF40067204605F043FF2B4BA2
:1038400069462046CDE9003705F03CFF284B694624
:103850002046CDE9003705F035FF264B6946204666
:10386000CDE9003705F02EFF234B69462046CDE910
:10387000003705F027FF013E7FF479AF63683246D9
:103880005B6820461D491D612B4605F044FF2B4611
:103890004A4620461A4905F03EFF2B46324620464E
:1038A000184905F038FF2A462046174905F048FF19
:1038B00020462A46154905F043FF30464EE700BF33
:1038C00001000001001BB70000000101BFD401008E
:1038D00000FFFF1B01FFFF1B02FFFF1B00C0FF0BD0
:1038E0000100010C00FFFF0F01FFFF0F02FFFF0FA0
:1038F00003FFFF0F04FFFF0F05FFFF0F30E7FF1F60
:1039000037EEFF1F35ECFF1F3E7F34240E3F0524AA
:1039100008B5074806F064F838B10648FDF716FC0C
:103920000448FCF719FD002008BD6FF01200FBE70A
:103930004CA5000C3939000C0A2838B50446074D4F
:1039400004D1AB680D2128465B689847AB680348F3
:103950005B68E1B29847204638BD00BF4CA5000C1B
:1039600010291FB528BF10210C460C4BD3F8E021BD
:1039700012BA0092D3F8E42112BA0192D3F8E821E6
:1039800012BA0292D3F8EC310A461BBA6946039385
:1039900006F011FD204604B010BD00BF0070000A03
:1039A0002DE9F04300250127DFF8E0E000F1020CEB
:1039B000EBB2994202D80020BDE8F08330F82540F0
:1039C0003CF82560C4F3422804F00F03B8F1010F5E
:1039D0005EF82330C4F304122AD15BB303EB520820
:1039E0004FEA143998F8304012F0010F15BF04F077
:1039F0000F0404F0F00444EA091449EA040488F8C6
:103A0000304003EB020898F8404044F0010488F885
:103A1000404016F0010F07FA02F803EB02040BD145
:103A200016F0020F0ED194F8409009F0FB090DE05A
:103A3000002BEED10135BBE7D3F8109048EA090915
:103A4000C3F8109094F8409049F0040984F840902D
:103A500094F8409016F0080F14BF49F0020909F0DD
:103A6000FD0984F840901C6816F0100F14BF48EA56
:103A7000040424EA08041C60DC6E07FA02F236062D
:103A80004CBF224324EA0202DA66D3E77CAC000C86
:103A900070B5054600F07AFA0446074EEB69DB067E
:103AA00004D000F073FA031BB34200D970BD0220AA
:103AB00005F070FFF2E700BFBFD40100F7B50D4677
:103AC00047680669BC682368204623F00203236028
:103AD000FFF7DEFFEB79002B64D1F371297902291E
:103AE00060D8204605F038FF2B7933716B79012BB4
:103AF00052D1636823F0400363602046FFF7C8FF9C
:103B00006B797371AB79042B4CD82B4A2046D35C6C
:103B1000626822F007026260626813436360FFF725
:103B2000B7FFAB79B3710023F86901938368DB6851
:103B300013B1796A01AA9847019A2868002A34D0FB
:103B40005308010B0005C01841F100010023FCF7E8
:103B500057FA4FF6FF72431E61F10001934271F173
:103B6000000125D22368404280B223F460432360E1
:103B7000A0812B68204633607B7B012B02BF23682A
:103B800043F080032360236843F002032360FFF7C0
:103B90007FFF002003B0F0BD032B03D1636843F027
:103BA0004003A9E76FF08500F4E76FF01500F1E737
:103BB0006FF02100EEE700BF96B3000C2DE9F7434C
:103BC00046680746D0F81080F069B468836896F8B4
:103BD0000C901B68716A2BB96FF05705284603B02B
:103BE000BDE8F0839847054610B110F1780FF5D184
:103BF000D6E9070183681B68002BEDD0984705467E
:103C000010B110F1780FE9D1BF232375002388F894
:103C100007303379042B02D96FF08505DEE7544A6B
:103C20002046D35C626822F0070262606268134338
:103C30006360FFF72DFF3379204688F806307179ED
:103C400005F08AFE737988F80430B379012B7ED1B0
:103C5000636823F0400363602046FFF719FFB379E0
:103C600088F80530B16832690B68120523F44C13EB
:103C700002F440121A4373691B0403F440331343E4
:103C80000B60236843F000532360236823F01C0378
:103C9000B9F1000F62D023602368002143F0804314
:103CA0002360B06A01AA05F05EFD051E96DB019B4C
:103CB000002219791868FFF773FE054600288DD198
:103CC0006368204643F400336360FFF7E1FE6368F6
:103CD000204643F480336360FFF7DAFEF069716ACF
:103CE0008368DB680BB101AA9847019A3068002A03
:103CF00037D05308010B0005C01841F10001002323
:103D0000FCF77EF94FF6FF72431E61F1000193420A
:103D100071F1000128D22268404283B222F460424D
:103D20002260A38133683846C8F80030B3699847E9
:103D3000737B2046012B02BF236843F0800323607E
:103D4000236843F002032360FFF7A2FE46E7032B3C
:103D50007FF462AF636843F040037CE743F0040301
:103D600099E76FF0150539E76FF0210536E700BFD9
:103D700096B3000C4FF0E0230D4A99691268186958
:103D80009B69002908BF1146002B08BF134610F499
:103D9000803F084801D1994205D201681144016071
:103DA0004FF0E021096900681044C01A704700BF55
:103DB000DC100020D81000202022094B002083F8BE
:103DC000232042F6E062074B1A60074B42F6DF629F
:103DD00018604FF0E0235A61072298611A6170471A
:103DE00000ED00E0DC100020D8100020684620F034
:103DF00007018D4619B5FFF7BDFF1449144B08683C
:103E0000D3E90042001942F10002C3E90002002395
:103E10000B6042F6E0630F4AD2E90041001BB0FBA1
:103E2000F3F043431B1941F10001C2E90031EFF304
:103E30001181202383F31288BFF36F8F01F040FBC1
:103E4000FCF7F2FEBDE8194085467047D810002007
:103E5000B8070020B00700202DE9F041374E89B1A6
:103E6000421C0AD14FF0E022136923F001031361D1
:103E70004FF07F433360BDE8F0813568012806DCF0
:103E800000240AE0431C3568F8D140F2755040F236
:103E900076539842A8BF1846441EEFF3118720239B
:103EA00083F31288BFF36F8FFFF764FF4FF0E023B7
:103EB0002349D3F818C0D1E9002380184FF000023D
:103EC00043F10003C1E900031E4B1A601E4B1A6840
:103ED000831A2DD442F6E06E42F6DF6814FB0E849E
:103EE0001C44B4FBFEF4131A0EFB0433B3F5806FCD
:103EF00038BF4FF48063154A934228BF13464FF0F2
:103F0000E0223360013B946953610023A44593612F
:103F1000ACEB0400D1E900320DD20544EB1842F1BC
:103F20000002C1E9003287F31188BFF36F8FA2E767
:103F30004FF48063E3E7C318F1E700BFDC10002013
:103F4000B8070020D8100020B007002060CCFF0088
:103F500038B5EFF31185202383F31288BFF36F8FF9
:103F6000084B1C68084B1B68E41AFFF703FF85F336
:103F70001188BFF36F8F42F6E0632044B0FBF3F08B
:103F800038BD00BFB8070020B007002038B5EFF3F8
:103F90001185202383F31288BFF36F8F044B1C68B5
:103FA000FFF7E8FE85F31188BFF36F8F204438BD1B
:103FB000B807002038B5EFF31185202383F312886A
:103FC000BFF36F8F064B9C6805F01DFD85F31188CC
:103FD000BFF36F8F2046BDE83840FCF735BE00BF09
:103FE000E010002038B50A4B53F82040013053F858
:103FF0002050A54200D838BD606830B1037EDB0791
:1040000001D405F0D5FC0834F3E723689847FAE7B4
:10401000C8AC000C012270B5294B86B003201A7081
:10402000FFF7E0FF01F014FB0420FFF7DBFF254C56
:10403000254D2646AE4204F130040FD301F0C6F8F8
:10404000204CAC4226D301F0D5F8FCF75BF91F4AAF
:10405000938923F00103938106B070BD54F80C3CA2
:10406000059354F8103C049354F8143C039354F80B
:10407000183C029354F81C3C019354F8203C0093E4
:1040800054E90A2354E90C0100F040FD54F8303C97
:104090005E65CEE7D4E90A23B3F1FF3F08BFB2F172
:1040A000FF3F05D052EA0301206803D100F078FDFC
:1040B0003034C6E70649183001F072F9F8E700BF5E
:1040C0001511002090AA000C90AA000C48080020AE
:1040D00013A0000C882370B5134E012203FB006669
:1040E000002386B0CDE904230F220193CDE90232EB
:1040F00014234FF4A0720D4D0D4903FB00550446E7
:1041000002FB00110B4B3046009500F0FFFC337CA6
:104110002C7423F004033374074B013403EBC423E2
:10412000EE606B6006B070BDC0070020E01000209C
:10413000182100208D9B000C181900207FB500204D
:10414000FFF750FF2B4B83F308880025E0232A4C10
:1041500084F82230E57725766576A57684F82050B8
:10416000E576636A43F4E0236362636A43F4002301
:104170006362A563E3689BB243F0BF6343F4083313
:10418000E360FCF76FFCFCF749FD4FF0FF33A362DF
:10419000E362FCF721FFFCF7BBFD184800F0F4FCDC
:1041A0000120FFF71FFF0220154CFFF71BFF01F056
:1041B00005F8144B4FF480625C61134B134905936F
:1041C00001232046CDE90353CDE90155104B00955D
:1041D00000F09CFC0646237C204623F00403237455
:1041E00005F0F0FE2846FFF775FF31462046084AE5
:1041F000FCF7F8FC1821002000ED00E0D0080020BA
:1042000048080020E01000209CB2000C582200203A
:104210001540000C38B5064C064DAC4201D30020C9
:1042200038BD2046D4E9011205F032FC1434F4E71D
:10423000DC030020F003002030B5054B85B0DDE93C
:1042400008450293CDE9004505F0E0FB05B030BD1F
:10425000095F000C38B5074C074DAC4201D3002074
:1042600038BD204605F038FC08B91C34F5E76FF07E
:104270001500F5E7C0030020DC03002073B50C46F1
:10428000EFF31181202585F31288BFF36F8FC56886
:104290005DB125602B68C3608369013383610020B1
:1042A00081F31188BFF36F8F11E052EA030603D147
:1042B0006FF00B002560F3E7CDE9002302460830DC
:1042C00000F086FE18B9034B9B685B69236002B05F
:1042D00070BD00BFE0100020F7B50D4604469DF804
:1042E0002010EFF31187202080F31288BFF36F8F27
:1042F000266AE068864240D22668B4421AD0CEB11F
:10430000304605F04EFC06F1180005F05CFF29462A
:10431000002554F8082F706906F04DF83046C6F8AD
:10432000805005F04FFE2046394605F082FE2846B3
:1043300003B0F0BDA268A9B12946E06906F03BF8D8
:10434000E369A26813446269E361934201D123697E
:10435000E3610020236A0133236287F31188BFF3EE
:104360006F8FE5E7A06923692946984208BF606915
:10437000801AA06106F01FF8EBE752EA03010BD0A8
:10438000074904F1080089684D61CDE900233946E9
:10439000224600F01DFECBE76FF02200DDE700BFF4
:1043A000E0100020F7B504460846EFF311862021FF
:1043B00081F31288BFF36F8F216A00293BD0A26876
:1043C000A16905F0F8FFA369A26825681344626932
:1043D000A361934204BF2369A361236AAC4203F142
:1043E000FF33236236D02846002D34D0002705F055
:1043F000D8FB05F1180005F0E6FE6969A268E069DE
:1044000005F0D9FFE369A268284613446269E361B5
:10441000934204BF2369E361236A01332362C5F831
:10442000807005F0CFFD04F10800314605F001FE73
:10443000384603B0F0BD52EA030111D00A49896839
:104440004861CDE900233146224604F1080000F01E
:10445000BFFDEEE7002086F31188BFF36F8FE8E71A
:104460006FF02200F7E700BFE01000202DE9F341D4
:10447000044617461E46EFF31188202383F3128863
:10448000BFF36F8F304BC2689B6872B180689842EF
:1044900017D057EA060216D188F31188BFF36F8F41
:1044A0006FF00F0002B0BDE8F08193F90E100132F9
:1044B0002161C4E9023288F31188BFF36F8F0020B5
:1044C000F0E72169F3E793F90E1090F90E30994265
:1044D00030DA9942A8BF194605F077FB0546224617
:1044E0004146CDE90076194800F072FD0028E6D07B
:1044F000EFF31186202383F31288BFF36F8FA06838
:10450000D0B1236821699C420AD04BB193F90E3097
:104510009942A8BF19466FF07F039942B8BF194668
:1045200005F053FB40B13146084805F082FD6FF0BD
:104530000A00B7E70025D2E7002DF4D186F31188F1
:10454000BFF36F8FF3E700BFE010002016110020CB
:10455000F8B583680546002B40D0234A9268934201
:104560003FD1C368012B03D9013BC3600020F8BDD4
:10457000EFF31187202383F31288BFF36F8F016954
:10458000806805F022FB2C68A54207D10023C5E90D
:10459000023387F31188BFF36F8FE7E7002CF5D064
:1045A000D4E90032002613605A60237CC4E9006617
:1045B00023F002032374A66004F1180005F003FE43
:1045C000AC6094F90E3020462B61C4F8806005F091
:1045D000F9FC3946054805F02CFDC7E76FF01500DA
:1045E000C5E74FF0FF30C2E7E010002016110020B1
:1045F00037B51146EFF31185202282F31288BFF3FD
:104600006F8F04689CB12368426823F003039442CF
:10461000036008BF43600121204605F05AFB0446B1
:1046200085F31188BFF36F8F204603B030BD51EA88
:104630000302F5D000F10802CDE900131046294627
:1046400000F0C6FC0028EFD1014B9B685C69EBE7EA
:10465000E010002070B5EFF31186202383F3128859
:10466000BFF36F8F0468A0421BD0D4B1D4E90032ED
:10467000002513605A60237CC4E9005523F002032F
:104680002374A56004F1180005F09DFD2046C4F8D0
:10469000805005F097FC3146BDE87040064805F0B3
:1046A000C8BCD0E902329A4218BF0133836086F356
:1046B0001188BFF36F8F70BD1611002013B5EFF393
:1046C0001181202484F31288BFF36F8F846844B172
:1046D000013C846081F31188BFF36F8F002002B02A
:1046E00010BD52EA030406D181F31188BFF36F8F26
:1046F0006FF00F00F3E7CDE900230246014800F018
:1047000067FCECE71611002070B50546EFF3118643
:10471000202383F31288BFF36F8F00232C68A542F8
:1047200019D0C4B1D4E9003213605A600023227C4E
:10473000C4E9003322F002022274A36004F11800DD
:1047400005F041FD6FF00A032046C4F8803005F003
:1047500039FC0123E2E70022AA6023B986F311881D
:10476000BFF36F8F70BD3146BDE87040014805F062
:1047700060BC00BF161100202DE9FF410446202730
:10478000534EEFF3118887F31288BFF36F8FD4F87D
:104790008C50F5B9022104F1A40005F0D3FA0028E9
:1047A00070D004F19C0500220121284605F0C8FCC8
:1047B0000028F8D100234FF0FF3202934FF0FF336F
:1047C0004146CDE90023434804F1940200F028FD5E
:1047D000D7E7D4F890202B689542C4F88C3008BFF6
:1047E000C4F89030D4F8A43043F00203C4F8A430E5
:1047F000EB6823F0040343F00103EB606B6888F37C
:104800001188BFF36F8F28469847EFF3118887F31D
:104810001288BFF36F8FEB68D80623F001023ED4F5
:10482000EA60EB689A0717D5306823F00203EB6063
:1048300090B10021036878B1426895423DD1036888
:10484000002934D172683360904200D17360002334
:1048500040F8083BFFF7FEFED4F8A43023F0020333
:10486000C4F8A430DB0530D4D4F88C30003B18BF3A
:10487000012388F31188BFF36F8F002B81D005F0DF
:1048800067FB7EE7D4F8A430D90693D5C4F8A4001A
:1048900088F31188BFF36F8F04B0BDE8F08123F077
:1048A0001103EB6005F11000FFF7D4FEB9E70B60D0
:1048B0007368984208BF7160C9E701461BB11A6866
:1048C00018461346B7E71A46FAE70023D1E700BFB8
:1048D000001100201611002070B5C3680546C3F30F
:1048E00040069B070C460DD50122002104F108006B
:1048F00005F01CFA00232360054B65605A681AB95D
:10490000C3E90044304670BD14605C60FAE700BF44
:1049100000110020F8B5C36804469A070E46C3F399
:10492000400542D45F0742D40B680BB983680B6023
:10493000E368D80742BFA36802253360376858BFD1
:10494000012557B31B4B9A68D7F888309A421ED17D
:1049500005F0D6FA80F00100C0B2D7F8A430D9072C
:10496000C3F380021CD5F2B1F8B100232360D7F85D
:10497000903073B9C7E92344384605F0FDF9E36880
:1049800043F00403E3603368A3602846F8BD0020C9
:10499000E3E71C60C7F89040EEE76FF0150506E00E
:1049A0006FF0120503E01B07DFD56FF00F05002342
:1049B0003360EAE7E01000200146014805F059BAEB
:1049C00078090020F0B50446002089B00E9DC4E9A6
:1049D000230004F19400C4E9250004F19C00C4E91B
:1049E000270055B32879002840F2011008BF0120A4
:1049F000C4F8A40000204FF0FF364FF0FF37CDE998
:104A00000330CDE90100CDE9066720460C4B009448
:104A100000F0EAF855B1296811B1204605F076FAA0
:104A20006B791BB1A38943F00103A381204600F0F9
:104A3000B7F8C4F8884009B0F0BD0120D8E700BF3E
:104A40007947000C37B501900846EFF31184202117
:104A500081F31288BFF36F8FC16811F01E0F16D15A
:104A600053EA020508D101A9FFF754FF84F3118826
:104A7000BFF36F8F03B030BD41F00801C1600199F1
:104A800010308161034900F08BFC0120EEE700202B
:104A9000ECE700BFED9D000C01460148FFF7D2BFD7
:104AA00078090020F7B50C4616461D460190EFF335
:104AB0001187202383F31288BFF36F8F084605F018
:104AC0004CF955EA060309D1204601A9FFF722FF58
:104AD00087F31188BFF36F8F03B0F0BDE3683246F0
:104AE00043F00803E360019B0449A36204F1100052
:104AF0002B4600F055FC0120EAE700BFED9D000CBD
:104B000001460148FFF7CEBF780900202DE9F043A8
:104B1000984685B000F15803C0E91633109B002673
:104B200083810423073222F0070503740F9B01EBF6
:104B300005090F4683734946C0E906668660C67359
:104B40000446FBF7FFFC0E9B073020F007002067B0
:104B5000C4E91A7502930D9BA9EB000901930C9B04
:104B60004A460093394643462046FCF71FF8054B5A
:104B700066659B6803B15B6F4846636705B0BDE837
:104B8000F08300BFE0100020012303748381002321
:104B9000C0E91A334367014B98607047E01000206A
:104BA00038B50446EFF31185202383F31288BFF351
:104BB0006F8F037C5B070FD5183005F004FB237C57
:104BC000204623F00403237405F00BFA2946BDE8C0
:104BD0003840044805F02DBA85F31188BFF36F8F74
:104BE00038BD00BF16110020F0B5002587B005952F
:104BF000109DDDE9127604950F9D044603950E9DE8
:104C000002950D9D01950C9D0095FFF77FFFB6F174
:104C1000FF3F08BFB7F1FF3F05D056EA070305D1B4
:104C20002046FFF7BDFF204607B0F0BD3A463346A9
:104C300004F11800014900F0B3FBF4E713A0000CE5
:104C40006FF00A01094A9368C3F880100849D867D1
:104C50004B6843F080534B60002383F31188BFF30C
:104C60006F8F9368D3F88000704700BFE01000207A
:104C700000ED00E038B590F910200146002A037CD1
:104C800004DA03F07F03037405F064F90D4D2A463E
:104C900052F8184FAB68944200D004B9EC688B42CC
:104CA00007D01A7CD20604D1DA897F2A01D9A269F9
:104CB0002AB1A34202D0204600F0F4FA23466B61E9
:104CC00038BD00BFE010002070B590F91020037CC3
:104CD000002A2FDBD9062DD11A4C63F07F03224620
:104CE000037452F8183FE169934207D1C0E90021EB
:104CF0000860E0610FE09942F8D01B68002BF5D006
:104D000093F90E6090F90E50AE42F4DD5968C0E997
:104D1000003108605860A569954200D005B9E56882
:104D2000A3681A7CD20606D1DA897F2A03D9AA6938
:104D30000AB9636170BDAB4202D0284600F0B2FAF6
:104D40006561F7E7E0100020034648B9EFF30582FC
:104D500032B9064A51699268914201D0FFF770BF9B
:104D600083F31188BFF36F8F704700BFE0100020FE
:104D700038B5184CA168E0690B68814214BF1A4627
:104D8000002249680B605960A368E1692AB9124A98
:104D9000C3E900210B60E3610AE092F90E5093F938
:104DA0000E00854212DD5168C3E900210B6053609B
:104DB000A569094B9D4200D005B9E568A3689D42ED
:104DC00002D0284600F06EFA656138BD8A42DED016
:104DD0001268DBE7E0100020F8100020002A2DE91F
:104DE000F0470CBF4FF010094FF00809027C044651
:104DF00019EA020F0E460F4628D149EA0203D209EA
:104E000046D10374B9F1080F48D04FF00008DFF81D
:104E1000F0A0534653F8185F9D4200D00DB9DAF860
:104E20000C50DAF80830AB4202D0284600F03AFACB
:104E3000B9F1100FCAF8145008D0204601F0ECF96F
:104E4000B8F1000F02D02F48FFF79EFE2C4B9B6855
:104E5000A3424FD1EFF30583002B4BD1A289D20798
:104E600011D586F31188BFF36F8F83F31188BFF3D9
:104E70006F8F0423184602DFEFF31187202383F39B
:104E80001288BFF36F8F3846BDE8F047FFF7D8BEF2
:104E900003F07F03037405F05DF8B3E7A36813B173
:104EA000204605F05FF804F1180005F08CF9A56DB7
:104EB00004F15808A84511D04FF0000A75B12846F2
:104EC00005F050F805F1180005F07DF92846C5F801
:104ED00080A0FFF7F9FEA56DA845EFD1084B9B68B0
:104EE0009C4292D1EFF30588B8F1000818BF4FF04B
:104EF00001088CE786F31188BFF36F8FBDE8F08758
:104F0000E0100020D008002070B50F4D06462B465B
:104F100053F8184F9C4200D004B9EC68AB681A7C77
:104F2000D20604D1DA897F2A01D9A2692AB1A34223
:104F300002D0204600F0B6F923466B613046BDE84A
:104F40007040FFF701BF00BFE010002070B5EFF325
:104F50001186202383F31288BFF36F8F1A4CA16848
:104F6000E0690B68814214BF1A46002249680B6051
:104F70005960A368E1692AB9144AC3E900210B60AA
:104F8000E3610AE092F90E5093F90E00854216DDB6
:104F90005168C3E900210B605360A5690B4B9D422A
:104FA00000D005B9E568A3689D4202D0284600F00C
:104FB00079F965613046BDE87040FFF741BE8A422D
:104FC000DAD01268D7E700BFE0100020F810002008
:104FD000F8B5124B0C46DDE9067611469868104A82
:104FE0001060EFF31182202282F31288BFF36F8FDB
:104FF0009D68284604F0C0FFB6F1FF3F08BFB7F137
:10500000FF3F06D03A463346064905F1180000F046
:10501000C7F92046BDE8F840FFF712BEE0100020B7
:105020000811002013A0000CF8B50446EFF3118717
:10503000202383F31288BFF36F8F037C49B203F000
:105040001F02002A0CBF0126002635D103F07F0382
:105050002A4D037404F07EFF2A46037C817363F0BB
:105060007F03037452F8183FE869934207D1C4E9FB
:1050700000200460EC610DE09842F8D01B68002B22
:10508000F5D093F90EC08C45F6DD5968C4E90031BE
:105090000C605C60AC69944200D004B9EC68AB6809
:1050A0009C4202D0204600F0FDF86C6187F3118825
:1050B000BFF36F8F3046F8BD9B071CD5856804F0A1
:1050C00049FF81732B689D4209D16B68C4E9005385
:1050D0001C606C60EAE76A689A42F6D01B68002B95
:1050E000F3D093F90E208A42F5DD5A68C4E9003204
:1050F00014605C60DAE78173D8E700BFE01000203D
:10510000034648B9EFF3058232B9064A51699268FD
:10511000914201D0FFF794BD83F31188BFF36F8FE5
:10512000704700BFE0100020F8B550EA01030646C2
:105130000C4603D104F00CFF0020F8BDEFF31187FB
:10514000202383F31288BFF36F8F184D184BA86884
:10515000186004F048FFA868324623461549183005
:1051600000F01EF9AB6804461A7CDF6742F00402C7
:105170001A746FF00A02C3F880200F4A536843F094
:1051800080535360002383F31188BFF36F8FAA68A5
:10519000D2E90A12B2F1004F08BF9942CCD105F012
:1051A00047F8201A20EAE070C7E700BFE0100020AF
:1051B0000811002013A0000C00ED00E0024B03F1E9
:1051C0001802C3E906227047E0100020EFF31181B6
:1051D000202383F31288BFF36F8F054B9A68D37B2C
:1051E000013BD37381F31188BFF36F8F704700BF0A
:1051F000E0100020EFF31180202383F31288BFF327
:105200006F8F034B9A68D37B0133D373FFF77CBE58
:10521000E0100020014B9868704700BFE0100020AC
:10522000D3B5DDE90667089CCDE90067FFF7D0FE3E
:105230001CB1034B9B685B69236002B0D0BD00BF0B
:10524000E0100020027C034612F01F0210D10A4930
:1052500088420DD00949086868B1D9897F2909D8E1
:1052600093F90E20064B1B689A42B8BF0020704786
:105270000020704710467047C00700201803002028
:105280000C1100200122044BC01A044BC0105843DB
:10529000034B1A54704700BF58090020ABAAAAAAB2
:1052A0001611002070B50C4B0C4D1E7CFFF7CAFF89
:1052B000182303FB06550446284604F084FF002209
:1052C000074B9A553CB1621E2846BDE8704005491F
:1052D000D31700F065B870BDE01000205809002019
:1052E000161100208552000C38B5EFF311852023EC
:1052F00083F31288BFF36F8F0F4B104A9C681068BE
:10530000A04206D1FFF7CEFF85F31188BFF36F8F60
:1053100038BD00211B7C1160094AD35C002BF3D0FF
:105320002046FFF78FFF0028EED0237CDB0601D15B
:10533000FFF71EFD2046E5E7E010002008110020E1
:1053400016110020024B1868984208BF00207047D1
:105350001C030020034B1B680BB9FEF7F9BD0020AE
:10536000704700BF1011002030B570B10B4B5B6867
:1053700098420AD0036843B1D3E90421D0E9044537
:10538000121941EB0501C3E90421D0E90032136091
:105390005A600023C0E9003330BD00BF1C03002069
:1053A000B3F1FF3F08BFB2F1FF3F2DE9F84F0446CC
:1053B000994615461F467AD08160EFF31188202365
:1053C00083F31288BFF36F8FB9F1000FDFF8E4A009
:1053D00020DBFFF7BFFFDAE90027013549F10009BB
:1053E0002D1849EBE07306464FF00109C4E9045358
:1053F000AD1843EB0707FFF7A5FF0346DFF8B8E05A
:10540000DEF804A0EBB9C4E900EACAF80040CEF81F
:10541000044028E06FF00103DAE900125B1A4FF054
:10542000FF3161EB02025B1B62EB0902012B72F19F
:105430000001BCBF012300224FF00009C0E9043283
:10544000D9E7D3E9041CD4E904208A4270EB0C0BA1
:1054500024DA891A5A686CEB0000C3E90410C4E925
:10546000003214605C60FFF76DFF84420ED1134B75
:105470001B685BB9B9F1000F02D1FFF76BFF06465D
:10548000304604F089FE0021FEF7E6FC88F311881F
:10549000BFF36F8F28463946BDE8F88F521A60EB8C
:1054A0000C005345C4E90420ADD01B68AAE70025D1
:1054B0002F46EFE7700900201C0300201011002088
:1054C0002DE9F047DFF8A8900246C9F800000D4624
:1054D000FFF738FF00260027DFF898804FEAE27ECA
:1054E000D8E9001350B1D0E9044CA2427EEB0C0A7B
:1054F0001ADAA41A6CEB0E06C0E90446002452180E
:1055000043EB0E032046C8E90023C9F8004004F02D
:1055100043FE2146FEF7A0FC85F31188BFF36F8F91
:10552000BDE8F047FFF7E0BE611843EBE473C0E964
:105530000467C8E90013FFF717FF01224FF000438B
:10554000C0E9042385F31188BFF36F8F8368984700
:10555000EFF31185202383F31288BFF36F8FD9F8FF
:105560000020121BC9F80020FFF7ECFEB6E700BFD1
:10557000101100207009002010B5EFF311842023D2
:1055800083F31288BFF36F8FFFF7E4FE0346054AEB
:10559000D2E90001181841EBE37184F31188BFF3DD
:1055A0006F8F10BD7009002073B50446EFF31186AC
:1055B000202383F31288BFF36F8F8368594003EA77
:1055C00002050A4053400022009309496B460192AC
:1055D00004F082FDDDE9003223EA020304F10C004D
:1055E0003146A36004F025FD284602B070BD00BF1F
:1055F0004BA3000CF8B507460C46164604F080FC99
:1056000008B10020F8BD0D4B9B685D6F002DF8D0F0
:10561000221DF6D2EFF31184202383F31288BFF307
:105620006F8F284647F00401B04784F31188BFF319
:105630006F8F0028E5D040F8045BE3E7E01000201E
:105640000146024A0020FFF7D5BF00BF035F000CF0
:10565000014800F02FBD00BFA1B2000C07B5074BF9
:105660004FF48062009306494FF0FF330548FFF77F
:10567000A9F9002003B05DF804FB00BFE0AC000C0A
:1056800058260020780900202DE9F04F43688BB0A0
:1056900080469246009383789C0740F1F98000256C
:1056A0000878002800F0F68025280AD04B1C0193CA
:1056B00001354146009B98470028C0F2E3800199DC
:1056C000EEE74E788B1C252E0193F1D000270A229D
:1056D000B9463C461F2C22D8A6F12003102B20D817
:1056E000DFE803F0141F1F1A1F1F1F0B1F1F1F12BD
:1056F0001F171F1F090044F00104019B13F8016BE1
:105700000193002EE6D13AE044F0020444F0040490
:10571000F3E744F00804F0E744F01004EDE77F2CD1
:1057200024D8A6F13003092B08D860064EBF02FB2F
:10573000073744F0200402FB0939DEE72A2E0DD199
:1057400061065AF8043B53D4002BA7BF44F0200451
:105750009946C3F1000944F02804CEE72E2E05D166
:10576000630600F1978044F04004C6E76C2E2ED00B
:1057700028D8682E32D06A2E37D04C2E35D0002F44
:1057800046F02003B8BF24F04004A3F16502BCBF7B
:105790000027A4B2022A01D9612B2BD10AF1070AF2
:1057A00007279D4E2AF0070A0AF1080A210760D54B
:1057B00006EB070B34465C455DD1AE1BA9EB070930
:1057C000A21959E1742E98D07A2E96D0D7E72606E2
:1057D00048BF44F4007444F080048EE7E00548BFFD
:1057E00044F4007444F4807487E744F4207484E73C
:1057F0001F4682E7A6F16302122A00F2D880DFE892
:1058000012F013004D00D600D600D600D6004D0091
:10581000D600D600D600D600D600E800D100D600CB
:10582000D6001A00D600A0005AF8043B012704AEA7
:105830008DF81030BAE75AF8046B784B002E08BF89
:105840001E4614F0400F304614BF39464FF0FF316A
:1058500004F0C6FD0746A9E741462020009B984773
:1058600000280FDB013CA742F6D34D44A1462D1B77
:105870009EE74C46F7E7414614F8010B009B98471A
:10588000002898DA98F8023043F0040388F80230D0
:105890004FF0FF3528460BB0BDE8F08F220630D51B
:1058A000A3052AD50AF1070A2AF007039A46596880
:1058B0005AF8080B24F0100B00291FFA8BFB2FDA83
:1058C00040424BF4806B61EB410104AC0A23224659
:1058D00004F092FD1BF0400FA0EB040200F08E805C
:1058E0002BF001049742A4B240F38F80002E40F0C9
:1058F0008E802BF01104A4B21DE05AF8040BC117DE
:10590000D8E7E0055AF8041B01D40846F7E7A205DA
:1059100047BF48B241F3C01108B241F3C031C9E7F3
:1059200050EA0103D1D16306CFD5002FCDD124F0A9
:1059300011043A46A4B23B4640F206410C4262D101
:1059400024E024F010040A23A4B214F0800243D00F
:1059500014F4007117BF0AF1070A5AF8040B2AF071
:10596000070292461CBF51685AF8080B50EA010220
:105970003ED124F0160B62061FFA8BFB3CD5002F9C
:105980003AD124F017043A463B46A4B221075AD430
:10599000E10705D5994572DDA9EB03039F184B4636
:1059A0009B464AE044F0100410237826CDE7782B7C
:1059B00004D1C6F1780343F01003C6E74146252021
:1059C000009B98470028FFF65DAF02354146304600
:1059D00070E608230026B8E714F480715AF8040B27
:1059E000C4D014F400711ABFC0B2114680B2BDE732
:1059F00024F006041FFA84FB04AC68E713465C46F7
:105A0000E10699D52EB90133C0E71346F8E73B46C6
:105A1000F6E70233BAE700BFDFB2000CD8B2000CE1
:105A2000CDE9023241462020009B98470028FFF62E
:105A300029AF0BF1010BDDE90232D945F0DCEB1A9D
:105A400003EB0B055B46E10627D541463020CDE947
:105A50000232009B98470028FFF614AFDDE90232BE
:105A60007EB901352F44791B8A4229DB144604AEE6
:105A700094BB2A44A9EB03091546914440E017461C
:105A80008EE7023541463046CDE90232009B984709
:105A90000028DDE90232E5DAF4E640F206410C4284
:105AA000E0D014F0020F05F10105414614BF2B2090
:105AB000202014F4806FCDE9023218BF2D20E5E7D5
:105AC000CDE902324146009B30200135984700283D
:105AD000DDE90232C7DAD5E6013C4146CDE90232C2
:105AE000305D009B98470028DDE90232C0DAC9E644
:105AF00041462020009B013598470028FFF6C2AEA2
:105B0000A9EB0503002BF3DCD9E500BF70478368E0
:105B100000EBC101B3F5004F2CBF51F8220031F862
:105B20001200704700EBC1018068B0F5004F2CBF38
:105B300041F8223021F812307047012208B5FFF7F2
:105B4000E6FFD04008BD836800EBC101B3F5004F0C
:105B500008D34B681AB143F001034B60704723F040
:105B60000103FAE74B881AB143F001034B807047F9
:105B700023F00103FAE753000122FFF7D3BF08B572
:105B80008368B3F5004F06D3FFF7D7FF01288CBF1A
:105B90000020012008BD0020FCE78368B3F5004F1A
:105BA00034BF04230823C91A081AC0087047836841
:105BB000B3F5004F28BF0139B1FA81F0C0F11F00E1
:105BC00070472DE9F041174603220E460446FFF7C1
:105BD0009EFF8642054607F104080AD10122E368C8
:105BE000BA4023EA0203E360002344F82830BDE80A
:105BF000F081314602222046FFF789FF06462B46F8
:105C000001460322204644F82850FFF78BFF334615
:105C100029462046BDE8F0410222FFF783BF38B590
:105C200004460D46FFF7ABFF70B929462046FFF743
:105C300084FF01462046FFF7BAFF29460246204668
:105C4000BDE83840FFF7BDBF38BD2DE9F047054638
:105C50008946FFF7ACFF05EB800ADAF810700646BC
:105C600077B94FF0FF34EB680136B4401C4015D0D3
:105C700094FAA4F2B2FA82F2131D55F8234009E017
:105C80003C464FF0030821462846FFF756FF48459B
:105C900007D3324621462846FFF793FF2046BDE84A
:105CA000F087214603222846FFF731FFB8F10108AB
:105CB0000446CAF81000D4D08742E4D1D1E72DE9D8
:105CC000F04114460E460546FFF737FFA4EB0608E1
:105CD000371B0744424631462846FFF74CFF3A46F9
:105CE00021462846FFF747FF434600222146284623
:105CF000FFF718FF21462846FFF71FFF3B462118F4
:105D000000222846BDE8F041FFF70CBF2DE9F04125
:105D1000164604460F46FFF710FF3146054620465B
:105D2000FFF70BFF05442A4639462046FFF723FFBD
:105D300031462046FFF701FF2B463118002220464E
:105D4000BDE8F041FFF7EEBE2DE9F04104460D46F7
:105D5000FFF715FFB8BB29462046FFF7EEFE0146C8
:105D60002046FFF724FF04EB80010E6996B901225B
:105D7000E36882401343E36002220D612B4629460B
:105D80002046FFF7CFFE032229462046BDE8F0411A
:105D9000FFF7C8BE022231462046FFF7B8FE07468D
:105DA000034629462046FFF7BDFE03223346294617
:105DB0002046FFF7B7FE39462B462046FFF7B2FED6
:105DC00002223146E1E7BDE8F08170B500295CD0E0
:105DD000056801222846FFF7E0FE014604462846F2
:105DE000FFF795FE104006D180F31188BFF36F8F47
:105DF0000423184602DF21462846FFF79EFE261898
:105E0000314600222846FFF782FE361AB44206D0F9
:105E100082F31188BFF36F8F0423184602DF00223C
:105E200021462846FFF78FFE2146FFF786FE2618FB
:105E3000012231462846FFF76AFEC20708D43146E0
:105E40002846FFF7ECFE324621462846FFF75EFF64
:105E5000002221462846FFF75AFE261A0122314623
:105E60002846FFF754FEC30709D431462846FFF7FA
:105E7000D6FE224631462846FFF748FF34462146E3
:105E80002846BDE87040FFF75FBF70BD70B505687C
:105E900009B9002070BDAB6801F00704B3F5004FED
:105EA00034BF0422082207341444E40804EBD1046C
:105EB0009C4228BF1C4628462146FFF7C6FE0646E0
:105EC0000028E6D001462846FFF737FEA04209D950
:105ED0003444314628462246FFF7F1FE2146284643
:105EE000FFF732FF284601223146FFF72CFEAB6850
:105EF000B3F5004F34BF0423082303EBC603184453
:105F0000C8E71146FFF7C2BF2DE9F8434B420668C8
:105F100003EA010731EA03031446B2680ED0B2F572
:105F2000004F2CBF08230423BB4228BF3B46B94681
:105F3000CF1B94B900252846BDE8F883B2F5004F81
:105F400034BF04230823994204D82146BDE8F8430E
:105F5000FFF79CBF4FF00009EBE7B2F5004F34BFED
:105F600004250825FB1AE10804F0070001EBD30122
:105F7000073003F0070303442B4401EBD3019142A4
:105F800028BF11463046FFF760FE80460028D1D07A
:105F9000B36809EBC005B3F5004F34BF04230823F1
:105FA0001D4435447B1E1D44B5FBF7F57D43A5EB31
:105FB000090529463046FFF7F0FD2C44073424F04C
:105FC0000704A41B804507464FEAE40408D20246B2
:105FD00041463046FFF773FE41463046FFF7B4FEB8
:105FE00039463046FFF7A9FD3844844208D2394685
:105FF00030462246FFF763FE21463046FFF7A4FEF7
:10600000012239463046FFF79EFD94E7B2F5802F16
:1060100034BF042308232DE9F0410026D21A8C183E
:10602000CD1D25F0070524F00704641BE408056076
:1060300021462846AC60EE60FFF7B9FD820002F110
:106040001B07FF083146043205F1100004F0C0F9C7
:106050003A4631462846FFF78EFD334632463146F2
:106060002846FFF75FFDA4EB0708284631460122CA
:10607000FFF769FD42463946FFF77DFD3B46324654
:1060800039462846FFF74EFD21462846FFF773FDA7
:106090004346324621462846FFF744FD214628461E
:1060A0000122FFF750FD3946BDE8F041FFF74CBE35
:1060B000002070470FB407B504A951F8040B0191F3
:1060C000FAF750F903B05DF804EB04B0704770B50F
:1060D00006460C888888241A3069A4B2844285B2A6
:1060E00024BF641BA4B22D1BA8B2984228BF184637
:1060F0003368234413600B8803440B8070BD70B475
:10610000838985880669ED1AADB2731B934228BF57
:10611000134670BC0A46011DFFF7D9BF70B40E4686
:106120000146C58831F80A3FEC1AA3B2934228BF52
:106130001346324670BCFFF7CABF10B54B880C88B7
:10614000E41AA4B294420ED31A4492B28B884A80C5
:106150000A800069D21A92B2824201D2002010BD98
:1061600003448B80FAE76FF01500F8E72DE9F3415F
:1061700006460F4615464FF000082A46304601A94C
:10618000FFF7BDFF044640B102463946019804F0CE
:1061900012F92D1BA0442744EFD142463046311D51
:1061A000FFF7CBFF404602B0BDE8F0812DE9F34197
:1061B00007460E4615464FF000082A46384601A904
:1061C000FFF7ACFF044648B12EB1024601993046B4
:1061D00004F0F1F826442D1BA044EED14246384687
:1061E00007F10A01FFF7A9FF404602B0BDE8F081C0
:1061F000704704F0EDB804F0DEB801460068FAF725
:106200006DB908B5FAF79AF9BDE80840FAF70CBD80
:1062100000210120FAF762B96FF08500704761B67E
:1062200062B680F31188BFF36F8F704772B6002398
:1062300083F31188BFF36F8FBFF34F8F30BF62B608
:10624000BFF36F8F704740E800F313F4803FD8B27C
:1062500008BF6FF01500704730B50C684B6885B00B
:106260000A894D890094013B24F01F04234402F065
:106270001F0242EA451223F01F0369468DF80820E9
:106280000393FAF77BFD05B030BD08B5FAF756FF6A
:10629000002008BD7047002303824369C360704734
:1062A000C1698968FAF7B6BF027A01320272704793
:1062B00010B508B14B68436000234C6808464B603A
:1062C000FBF726F8204610BD8388026819448180B8
:1062D000D018704730B484880568A31883802819C3
:1062E00030BC04F068B810B5838802685C1C8480F8
:1062F000D154D01810BD30B5838802689D1C8580AC
:10630000D418D154090A617030BD83885B1A9BB2DE
:10631000838000681844704703468288521A82803E
:1063200000680844186070474FF0FF324FF0FF33A9
:106330000430FEF79BB8FEF70BB990F86C00C0F381
:106340004110704783691B6993F8800000F00100D9
:106350007047F8B504461E460D461746FFF7E4FFA2
:1063600094F86C309B0715D425B1012D10D06FF037
:10637000150508E0216F0029F9D000259DF8183097
:106380000F714E718B71201DFFF7D5FF2846F8BDA8
:10639000616FF0E76FF07705F5E790F86C00C0F3F8
:1063A0008000704738B50446FEF710FF2046FFF71F
:1063B000BBFFA06940B96FF01205201DFFF7BBFFBE
:1063C000FEF718FF284638BD94F86C30DB0716D46A
:1063D00003F006FB0028EED02046FBF741FE054601
:1063E0000028EAD10146242204F1280003F0F0FF3E
:1063F00094F86C3043F0010384F86C30DDE76FF003
:106400007705DAE770B50446FEF7E0FE2046FFF7B1
:106410008BFF94F86C30DA0731D5C3F340019B074A
:1064200030D4A06901F071FE0646A06901F0FDFEBE
:106430000546B0B9A36F4BB13146204600F091F943
:106440000546A8B1A06901F018FF0AE0A06901F0B3
:1064500094FEA0670028EFD1A06901F00EFF6FF055
:106460000B05201DFFF767FFFEF7C4FE284670BD31
:1064700094F86C3043F0020384F86C30F1E74FF08D
:10648000FF35EEE76FF07705EBE70246034652F87B
:10649000640F90420BD100207047027A8A42FBD0F1
:1064A0009A6E8242F7D000680028F6D17047002823
:1064B000F3D1704738B504460D46FFF735FF94F821
:1064C0006C30DB0718D42B690BB9EB68BBB1636E7A
:1064D0001BB904F16403C4E919332B6893B9A26EA4
:1064E00004F16401C5E900121560A5661D46201D72
:1064F000FFF721FF284638BD4FF0FF35F7E76FF073
:106500001505F4E76FF07705F1E710B5044603468B
:1065100054F84C0FA0420DD100200DE0447D8C4278
:1065200004D1032909D1047A944205D01C6D844218
:10653000F2D000680028F1D110BD0F29F5E72DE950
:10654000F84305460C46071D4FF0FF324FF0FF336E
:106550003846FDF78BFFD5F87490B9F1000F75D070
:10656000D5F87080B8F1000F70D095F86C30DB076B
:106570006CD4EB6C1BB905F14C03C5E913332368EC
:10658000002B66D1637D0F2B09D1237A012B10D00C
:106590002B6D05F14C02C4E900231C602C65637D62
:1065A000032B29D1EA6C05F14C0090422BD100233A
:1065B00036E02846E168FFF77DFF06460028E7D071
:1065C0003846FDF7C5FF3046BDE8F8834E7D032E03
:1065D00014D0013323724B68C4E900131C604C6073
:1065E000637A022B26D0032B2AD0012B02BF237AF9
:1065F00089F80E3088F80E300026E1E70E7A013E69
:10660000B342E6D11268002AD1D0517D2B6D032907
:106610000DD19A42137A02D011680029D6D10133E4
:1066200023722B6DC4E900031C602C65D8E79342EC
:10663000E8D1BCE7237A89F80F3088F80F30DBE720
:10664000237A89F8103088F81030D5E74FF0FF36FC
:10665000B6E76FF07706B3E70346006800B1187A33
:1066600070478388C2888168D21A03685B1AD01A7F
:1066700070470346C08808B11878C009704770B5E4
:106680000C46154600F01EFB40B1406883681B684D
:1066900023B12A462146BDE87040184770BD38B581
:1066A00080210446806901F08BFD054650B101460A
:1066B000204600F0A7FC044610B12846FAF728FE51
:1066C000204638BD6FF00B04FAE738B50446806FFA
:1066D000FFF7EAFD0546FFF7DEFD2046294600F0FC
:1066E00091FC044610B12846FAF712FE204638BD48
:1066F000F8B504460D46174686680369A033D3E80B
:10670000AF3F9B070ED5B36A7BB1F36B9847294621
:10671000B36A3A4620469847336C05462046984768
:106720002846F8BD4FF0FF35FAE76FF08505F7E72B
:1067300070B504460D4686680369A033D3E8AF3FC1
:106740009B070BD5F36B98472946736A20469847F9
:10675000336C054620469847284670BD4FF0FF35FC
:10676000FAE710B5044619B9002084F8300010BDCE
:10677000FFF7ABFF0028F7D0F9E738B590F83030D5
:106780000D46022B04D100F077F908B1C46804B9B2
:1067900038BD2B78032B05D0052B0ED0022B08D04B
:1067A0002468F4E7606883685B69002BF8D0984739
:1067B000F6E7606883689B69F7E760688368DB6970
:1067C000F3E7012270B515460B685BB302F07F0456
:1067D000103423FA04F6F60710D5036823FA04F6FA
:1067E000F60702D46FF0150070BD05FA04F423EA31
:1067F000040303600B6823EA04030B60D340DE0745
:106800000DD5036823FA02F4E407EBD505FA02F488
:1068100023EA040303600B6823EA04030B600132DC
:10682000102AD1D10020DFE72DE9F04F0026934652
:10683000536891B0D4680A90089103930E96049619
:1068400074B9049B039A09339BB293701B0AD370EB
:106850001671DBF80C40002C40F0B3802046ABE012
:106860004FF0000A6068CDF83CA083681B6B002BDA
:1068700000F0A58008999847002800F0A0803546D0
:10688000C4E903AAA0F1040959F8043F0BB11A782E
:10689000D2B9B54240F29D80E3680F9A1343E3609A
:1068A000606883689B6A002B00F0988098470028F6
:1068B00040F082806068089900F0CBF9049B2E4676
:1068C000034424680493BBE75A780B2A08BF9D70E1
:1068D000D9F800305A78042A10D1E2680F990A4397
:1068E000E260DA78002A58D101229D702369AA401B
:1068F000134301352361EDB2CDF83CA0D9F8007007
:106900007B78052BC0D16FF012004FF001080A9B75
:106910009B6909937A793B795FFA88F143EA02230C
:10692000ADF836300E9B059397F90230059A002B8F
:10693000A3BF4FFA88F30793434641F08001BFBFDE
:106940004BB2079321F080031033DA40D2072BD4E7
:106950000F9A22FA03F3DB07069225D4BB79FA7863
:10696000099800930DF136030B9101F053FA0B993E
:10697000D0B9079BB970002B4FF00103BCBF21F0C9
:10698000800110318B4005980699BDF836201943D7
:106990001843CDE90E01BA8076E76A1E9A700FA9F6
:1069A0000EA8FFF70EFFA7E708F10108B8F1100FD6
:1069B000B0D100283FF468AF11B0BDE8F08F354684
:1069C0006EE7E36804F10C01A3600EA8FFF7F9FE7F
:1069D00010B16FF01500EFE724683CE76FF0850019
:1069E000EAE738B5836904461B69026F93F8803083
:1069F000C3F34113022B0CD0032B0CD0012B0CBF83
:106A000010230823D371E56D3DB9656D75B928462E
:106A100038BD2023F6E74023F4E72A46012120462B
:106A2000FFF702FF0028F3D12D68EDE72A46002189
:106A30002046FFF7F9FE0028EAD12D68E6E74FF07F
:106A4000FF324FF0FF330430FDF710BDFDF780BD7E
:106A500021B101290DD000231B68FFDE54300068EE
:106A600048B143685B79934205D000680028F8D1AB
:106A700070475C30F3E7704710B590F8303004464B
:106A8000022B09D1FFF759FC94F838200146204623
:106A9000BDE81040FFF7DCBF002010BD08B5FFF7D0
:106AA000D7FF003818BF012008BD2DE9F04104468A
:106AB0000E46FFF742FC94F838308046CBB9002EE2
:106AC0003BD0324641462046FFF7C2FF0746A8B1F9
:106AD0000246204600F0EDF9054688B984F8386092
:106AE000FC6864B3606883681B6A03B198472468D4
:106AF000F7E72046FFF7C0FF074620B96FF03C05D7
:106B00002846BDE8F0810146204600F0A8F9102291
:106B10000546002104F13A0003F05AFC002384F8F2
:106B20003830FF6817B9002DC9D0E9E77868836865
:106B30005B6A03B198473F68F4E784F83860002542
:106B4000DEE72DE9F04105460F461446D2F80480F1
:106B5000FFF775FF95F86C30D9076DD4012F1ED063
:106B600098F807309A0627D46FB3012F1CD16B6DAC
:106B700073BB05F15C06002233688BBB002FD5E99F
:106B80001C2308BF13465B7C626803F10103DBB280
:106B90005371D5E91C1208BF0A4653742BE02846EE
:106BA000FFF7D0FB0028DBD16FF08507281DFFF72A
:106BB0004DFF3846BDE8F081AB691B6993F8803022
:106BC0009B07F1D5D0E7EB6D33B905F15406D2E759
:106BD0009C4234D01B68CBE79C4230D01B68F3E763
:106BE0009C4223D12368DAB972683360944200D1A1
:106BF000736000232360A16851B12846FFF79FFC12
:106C000007460028D2D1A068FFF726FD88F80600C5
:106C100000232360736863B9C6E900440027C5E711
:106C2000136073689C4208BF7260E2E71A461B68F3
:106C3000A3E71C607460F1E76FF00F07B6E76FF031
:106C40001507B3E74FF0FF324FF0FF330430FDF785
:106C50000DBC08B583681B6B0BB198470346002039
:106C600023B153F8042B0AB1127802B908BD1044BD
:106C7000F6E710B51C46FFF7EBFE48B10122C068ED
:106C800002FA04F320B10269134201D10068F9E766
:106C900010BD10B50C46FFF7EFFE48B10123C068E8
:106CA00003FA04F120B10369194201D10068F9E740
:106CB00010BDD1F81A0083681B6903B118476FF043
:106CC0008500704770B5012501F07F0311F0800F3A
:106CD00018BF10339D4090F830300446022B01D08D
:106CE000002070BD90F83860FFF727FB3246014660
:106CF0002046FFF7ADFE0028F2D0C0680028EFD094
:106D000083681D42EDD10068F8E738B50C46FFF7FF
:106D1000B3FE80B1C06870B14368DA681AB100236D
:106D20001179994201DC0068F5E71568ED5CA54230
:106D300001D00133F5E738BD2DE9F8430546084693
:106D4000114616469846FBF7A3F90446C8B32846F1
:106D5000FFF778FF95F86C30DA0707D56FF00F046E
:106D6000281DFDF7F5FB2046BDE8F883D4F8049014
:106D700004F11407D7E8AF3FDB07EFD4D9F80430AC
:106D80000BB19D42EAD1424631462846FFF760FEEC
:106D9000A0B10023236003696BB9C0E90344D7E8BD
:106DA000EF3F43F00103C7E8E23F002AF7D1002498
:106DB000C9F80450D4E71C600461F0E76FF03C04AC
:106DC000CEE76FF01204CEE72DE9F8430D464C688C
:106DD0009846064617469DF82090FFF7AEFAA3683E
:106DE00001461B6B1BB96FF01500BDE8F883204608
:106DF00098470028F7D0041F00200C3554F8041FD2
:106E000009B10B782BB9002814BF00206FF03C00AB
:106E1000EBE74B78042B0BD1F8B98B784345EDD1D8
:106E2000CB784B45EAD10B79002BDED00120E5E78A
:106E3000052BE3D10028E1D0012F07D0022FF5D197
:106E40002A468978B06900F0C2F803E02A46B069A2
:106E500000F0A1F80028E9D0C7E70020C5E7F8B5A1
:106E60000646CC680CB9204622E0012504F10C0747
:106E7000E268AAB165F07F03D9B203F07F03103353
:106E8000DA40D2070ED4E368EB40DB0705D53A467B
:106E9000B069E9B200F09BF850B90135102DE7D187
:106EA0002468DFE73A46B06900F091F80028EAD09C
:106EB000F8BD2DE9F347002405460E46A146576864
:106EC00097F805803B79A34203DC002002B0BDE8BF
:106ED000F0875FFA84FA3146534642462846FFF768
:106EE000C8FE014650B1534601222846CDF8009015
:106EF000FFF76AFF0028E9D10134E3E76FF03C00B7
:106F0000E4E72DE9F74380460D461746FFF7C1FE3B
:106F1000064628B96FF00104204603B0BDE8F083AF
:106F20000F2DF7D808EB0509014699F83A402B4692
:106F3000002240460097FFF747FF0028EAD100945F
:106F40002B46022231464046FFF73EFF044600280A
:106F5000E2D12B460122314640460097FFF734FF2D
:106F600004460028D8D1706883685B6813B13A463C
:106F70002946984789F83A70CEE7012311F0800F2F
:106F800018BF21F08001026818BF10318B4022EA3F
:106F900003030360704737B58B790C4600931546A1
:106FA0008B88CA78897800F0ACFF70B994F9023008
:106FB000A178002B4FF00103B8BF21F080012A68AF
:106FC000B8BF10318B4013432B6003B030BDF8B510
:106FD00006460D46174600F0DCFF044658B9294620
:106FE0003846FFF7CAFF2946304601F0A5F80446A7
:106FF00008B902F0ADFF2046F8BD0A46806980213D
:1070000001F0CAB82DE9F0410B7E0C465906054641
:107010002ED123B3FFF7C1F970BB2846D5F8708095
:10702000268AEF8DFFF789F9F8B1421E534253418A
:107030009B01228A9AB1BE42324628BF3A46E98D68
:1070400091420CD9B2FBF3F103FB11223AB994F946
:107050001830002BBEBF637E43F0080363762146E1
:10706000A869BDE8F04101F00AB898F80730E0E7F8
:107070006FF01500BDE8F0814FF0FF30FAE743688C
:107080009869FBF721BA70B591F918300546002BC5
:107090000C46466807DBC4F81A502146B069BDE8C3
:1070A000704000F0ECBF3046FFF777F90028F2D0CF
:1070B0004FF0FF3070BD806901F093B838B50546D8
:1070C00080690C4600F081FF58B9012314F0800F4D
:1070D00018BF24F080046A6B18BF1034A340134318
:1070E0006B6338BD70B5054680690E4600F097FFAA
:1070F000044620B9314605F13400FFF73EFF204633
:1071000070BD0B0648BF21F08001406B48BF1031B5
:10711000C84000F001007047C36982B08DF80010CC
:1071200001922BB102AB13E9060002B0FBF71EB8C7
:1071300002B07047C36982B08DF8001001922BB184
:1071400002AB13E9060002B0FBF710B802B07047BB
:10715000704703695B68D3E90320012918BF104613
:10716000704743680361037A63B1012B0CBF0223AC
:1071700003234375437A5A1E032A05D8DFE802F039
:10718000050505050123F4E700230375837A062B23
:1071900009D0072B09D0052B0CBF002303238375CF
:1071A000837EC37570470123F9E70223F7E703697C
:1071B00093F8400030B1DA6B9388918910695B1ABB
:1071C0009BB2C01A7047036993F83800704703698F
:1071D00093F8402012B993F83800704701207047A7
:1071E0000369C3E9071270470229036907D004291C
:1071F00007D0012907D11B690020136070471B7E4F
:10720000FAE75B7EF8E76FF085007047CB7902699B
:1072100023B1012B02D06FF08500704700209376D8
:107220007047D0E8AF0F084100F00100704710B57B
:10723000036940685B689C68FFF77FF801280CBF12
:1072400094F8440094F8260010BD10B50369406816
:107250005B689C68FFF771F801280CBF94F8520036
:1072600094F83D0010BD10B5036940685B689C68E8
:10727000FFF763F801280CBF94F84B0094F8360030
:1072800010BD03691B698833D3E8EF1F41F0020189
:10729000C3E8E21F002AF7D1704710B50469606B9C
:1072A000FEF784FF10B1012384F8393010BD10B50A
:1072B0000469606B4289C3889A4202D14FF0FF3063
:1072C00010BD0122FEF772FF0028F7D004F178000C
:1072D000FDF772FB0020F3E738B50469EFF3118581
:1072E000202383F31288BFF36F8FE06BFEF73EFF1E
:1072F00085F31188BFF36F8F10B1012384F84130FB
:1073000038BD0269002013690B6053694B607047F8
:1073100038B503461B6940685D68AC68A37A84F899
:10732000223094F82D3084F82330696841B1237CF1
:1073300033B9FFF704F918B96868FFF78DF92074BD
:10734000002038BD08B5FEF7F8FF01280CBF4FF448
:107350000070402008BD01238B40DB43D0E8EF2FB5
:107360001A40C0E8E12F0029F8D1704700690221D6
:107370008830FFF7F0BF006903218830FFF7EBBFCB
:1073800008B50369002118698830FFF7E4FFBDE8FC
:1073900008400121FFF7DFBF036901211869883028
:1073A000FFF7D9BF2DE9F041036906460D46D0F835
:1073B00004801C690F7E1AB3FFF747FFB84204D15F
:1073C000042104F18800FFF7C6FF30462F7EFFF747
:1073D0004AFF874204D1052104F18800FFF7BBFF73
:1073E00030462F7EFFF723FF874203D104F18C0044
:1073F000FDF78AF929464046BDE8F041FFF75BBE3C
:10740000FFF723FFB84214D12A8AE968606BFEF7C0
:10741000ADFE28B1E3691BB104F12400FDF7CCFAFD
:1074200004F188000421FFF796FF04F17800FDF7CE
:10743000C3FA30462F7EFFF716FF874215D1E36966
:107440001BB104F12400FDF7B7FA052104F188000F
:10745000FFF781FFE36B5A89DB889A4205D000224F
:10746000002304F14800FDF717FB30462F7EFFF79D
:10747000DEFE8742BED104F18C00FDF7EBF8B9E7E0
:1074800040297FB534D00DD8102933D006D8012932
:107490006AD0082930D06FF0150426E02029FAD1EF
:1074A000042308E0B1F5807F28D0B1F5007F27D014
:1074B0008029F0D1102304699BB2E18912B30B43F8
:1074C00042F2A1014FF40032E381CDE901120669D5
:1074D000ADF80C30436800211C6806F1880318469B
:1074E000FFF79FFE88B96FF00C04204604B070BD12
:1074F0000823E0E70223DEE70123DCE72023DAE7C5
:107500004023D8E721EA0303DAE701211846FFF711
:1075100088FE0028E7D12046FFF789FE0A220146AF
:107520002046FFF7ACFD0546D8B10A2201A90C3070
:10753000FEF7D0FE20462946FFF7A5FD044618B108
:107540002846F9F7E5FED0E74FF0FF324FF0FF3362
:1075500006F18C00FDF7B2F80B3008BF6FF08B041A
:10756000C3E76FF00B04C0E70024BEE738B550F85E
:10757000083C0446002B4FD050F8243C00F1640531
:107580005B6802211A680023838283832846FFF701
:1075900048FEB8B154E9023110699847637D1BB1C8
:1075A00004F15400FDF708FA05212846FFF739FEDB
:1075B00098B9637F6BB10022002304F12400FDF72A
:1075C0006BFA0AE003212846FFF72BFE0028E1D1E1
:1075D000E4E714F8093C002BEDD102212846FFF71F
:1075E00020FE38B123695A89DB889A4202D02046AE
:1075F000FDF7E2F903212846FFF713FE60B1A26907
:107600009388918912695B1A9BB29A4204D02046F2
:10761000BDE83840FDF7D0B938BD08B5036902218F
:1076200003F188021046FFF7FCFD28B1596BC888AA
:107630004989401A18BF012083F8380003211046F9
:10764000FFF7EFFD40B1DA6B908891891269401A1B
:1076500080B2801A18BF012083F84000012008BDC5
:10766000006900F18803D3E8EF1F41F00801C3E887
:10767000E21F002AF7D1C26B9388918912695B1AC5
:107680009BB29A4202D02430FDF796B9704738B5C4
:10769000046904F18805D5E8EF3F43F00403C5E829
:1076A000E23F002AF7D1636B5A89DB889A4203D004
:1076B00004F12400FDF780F904212846FFF7B1FD0D
:1076C00028B904F17800BDE83840FDF775B938BD38
:1076D00070B503691C6904F18805D5E8EF2F42F005
:1076E0000102C5E8E12F0029F7D102212846FFF762
:1076F00098FD10B11846FFF7CAFFE36B5A89DB8883
:107700009A420AD103212846FFF78BFD68B104F1A4
:107710002400BDE87040FDF74FB904F14800002295
:10772000BDE870400023FDF7B7B970BD30B4012546
:10773000416802690968137E4D6154685B0954B160
:10774000107E023300F01F0052F8231005FA00F0FB
:10775000234630BC184730BC704710B402694168FA
:1077600002200968537E486154685B095CB1034498
:1077700052F823100123507E00F01F0003FA00F09E
:10778000234610BC184710BC704710B4026941680A
:1077900004200968937E486154685B095CB1023338
:1077A00052F823100123907E00F01F0003FA00F02E
:1077B000234610BC184710BC704710B402694168DA
:1077C00008200968D37E486154685B095CB10233C4
:1077D00052F823100123D07E00F01F0003FA00F0BE
:1077E000234610BC184710BC704710B402694168AA
:1077F00010200968137F486154685B095CB102334B
:1078000052F823100123107F00F01F0003FA00F04C
:10781000234610BC184710BC704710B40269416879
:1078200020200968537F486154685B095CB10233CA
:1078300052F823100123507F00F01F0003FA00F0DC
:10784000234610BC184710BC704710B40269416849
:1078500040200968937F486154685B095CB102333A
:1078600052F823100123907F00F01F0003FA00F06C
:10787000234610BC184710BC704710B40269416819
:1078800080200968D37F486154685B095CB102338A
:1078900052F823100123D07F00F01F0003FA00F0FC
:1078A000234610BC184710BC704710B402694168E9
:1078B0004FF48070096892F82030486154685B0981
:1078C00064B1023352F82310012392F8200000F033
:1078D0001F0003FA00F0234610BC184710BC704785
:1078E00010B4026941684FF40070096892F82130C1
:1078F000486154685B0964B1023352F823100123D4
:1079000092F8210000F01F0003FA00F0234610BC9B
:10791000184710BC704710B4026941684FF480608A
:10792000096892F82230486154685B0964B10233F7
:1079300052F82310012392F8220000F01F0003FAEE
:1079400000F0234610BC184710BC704710B4026901
:1079500041684FF40060096892F823304861546828
:107960005B0964B1023352F82310012392F823001B
:1079700000F01F0003FA00F0234610BC184710BCAB
:10798000704710B4026941684FF48050096892F85A
:107990002430486154685B0964B1023352F8231003
:1079A000012392F8240000F01F0003FA00F02346A0
:1079B00010BC184710BC704710B4026941684FF4FE
:1079C0000050096892F82530486154685B0964B139
:1079D000023352F82310012392F8250000F01F0013
:1079E00003FA00F0234610BC184710BC704710B4CF
:1079F000026941684FF48040096892F82630486176
:107A000054685B0964B1023352F82310012392F8E1
:107A1000260000F01F0003FA00F0234610BC1847B0
:107A200010BC704710B4026941684FF40040096807
:107A300092F82730486154685B0964B1023352F808
:107A40002310012392F8270000F01F0003FA00F032
:107A5000234610BC184710BC7047002208B51146D9
:107A60000D20F9F763F80D20F9F73EF800220E20FB
:107A70001146F9F75BF80E20F9F736F800220F20CF
:107A80001146F9F753F80F20F9F72EF800221020CD
:107A90001146F9F74BF81020F9F726F800221120CB
:107AA0001146F9F743F81120F9F71EF800221220C9
:107AB0001146F9F73BF81220F9F716F800221320C7
:107AC0001146F9F733F81320F9F70EF800221420C5
:107AD0001146F9F72BF81420F9F706F800221520C3
:107AE0001146F9F723F81520F8F7FEFF00221620BB
:107AF0001146F9F71BF81620F8F7F6FF00221720B9
:107B00001146F9F713F81720F8F7EEFF00221820B6
:107B10001146F9F70BF81820F8F7E6FF00221920B4
:107B20001146F9F703F81920F8F7DEFF00221A20B2
:107B30001146F8F7FBFF1A20F8F7D6FF00221B20AA
:107B40001146F8F7F3FF1B20F8F7CEFF00221C20A8
:107B50001146F8F7EBFFBDE808401C20F8F7C4BF5A
:107B600010B54468D4E9010183681B6813B96FF04C
:107B7000570010BD9847002802DA10F1780FF8D1AD
:107B80006068E16883681B68002BF0D09847002884
:107B900002DA10F1780FECD12369984701222368AB
:107BA0001A702068FAF77CFC237D13B10022236849
:107BB0001A702268137843F0020313702068FAF7F2
:107BC0006FFC0020D5E738B50446807AF9F7F8FA5B
:107BD0006169054649B1637ADB0704D4C36920466D
:107BE0001B689B6898470023636121462846BDE8CF
:107BF000384002F08DB830B509060546847C14D4AF
:107C000014F0400016D0298AC3F30A00C1F30A0118
:107C1000884222D802F00300022809D003280AD0A3
:107C2000012811D004F0010004E014F02000E9E77D
:107C3000C4F3800030BD14F00200FBD013F4C05F29
:107C400009D0C4F30010F5E714F0080205D013F4CE
:107C5000C05FEFD0F5E70120ECE70020EAE7A030B5
:107C6000D0E8AF0F00F001007047A030D0E8AF0FB0
:107C7000C0F3400070470369A033D3E8AF2F41B190
:107C8000D3E8EF1F41F00401C3E8E21F002AF7D157
:107C90007047D3E8EF1F21F00401C3E8E21F002A78
:107CA000F7D1704701F00F030269090648BF10338E
:107CB00052F823007047007DC0F30010704708B5EC
:107CC00002691046FFF7CBFF60B9087E00F00F0392
:107CD000000648BF103342F82310084602F005F8AA
:107CE000002008BD6FF00C00FBE700220023FCF72A
:107CF0007FBC02F017B802F000B81FB504698DF818
:107D00000410CDE90220D4F8983001A9984704B0B6
:107D100010BD1FB50346046906208DF804002046F7
:107D2000CDE90213FFF79BFF40B1C1F81E201846B2
:107D3000D4F8982001A9904704B010BD4FF0FF304F
:107D4000FAE738B505460C462046FFF7CEFF014658
:107D500000B938BD6FF070022846FFF7DAFFF3E78D
:107D60002DE9F843066907460D46D6F80090D6F887
:107D700040804FF0FF324FF0FF3306F18400FCF7F4
:107D800075FB4046FFF7B1FF014618BB4846FFF7B9
:107D9000ACFF044620BB99F8143023F0100389F897
:107DA000143098F8143023F0100388F8143024BBF2
:107DB000012286F8B020EDB12B68C6F8A8306B68B8
:107DC00086F8B120C6F8AC3038698430BDE8F84395
:107DD000FCF7BEBB6FF067023846FFF79AFFD0E7AB
:107DE000637EDB07D7D46FF0670221463846FFF782
:107DF00090FFCBE786F8B150E6E72DB1082229467F
:107E000004F10C00FEF766FA002221463846FFF71F
:107E100080FFD9E72DE9F8430546884614461F46FA
:107E2000D0F80890FFF73EFF0646002834D02846D9
:107E3000D9F83C3098474146224630463B88FFF708
:107E4000DAFE804688B183B92B6904F0030493F805
:107E50008030DB0753BF40224FF480624FF4007143
:107E60001146022C0DD0032C11D02846D9F84030F1
:107E70009847B8F1000F14BF00206FF08500BDE8EF
:107E8000F883338A8B4228BF0B463B80EDE7338A69
:107E9000934228BF1346F8E76FF01200EFE72DE991
:107EA000F0470546894690461F46D0F808A0FFF7E0
:107EB000F9FE044610B3067DF3071CD43B46424648
:107EC0004946FFF798FEC8B19DF8203026F0060617
:107ED00084F81980678323772675DAF818302146ED
:107EE00028469847B0FA80F3227D5B0963F30002CD
:107EF0002275BDE8F0876FF07700FAE76FF01200A7
:107F0000F7E72DE9F3411F464B0604460D4616469A
:107F1000D0F808801BD0D8F83C3098472069FFF78C
:107F2000A4FE88B19DF820302946009332463B4696
:107F30002046FFF7B4FF05462046D8F84030984762
:107F4000284602B0BDE8F0814FF0FF35F4E76FF04E
:107F50001505F5E770B505468668FFF7A3FE0446EC
:107F600088B1037DDB0711D50146F36928469847A0
:107F700038B1237D03F00103227D63F300022275F3
:107F800070BD0346F8E76FF01200F9E76FF0770075
:107F9000F6E770B54B0604460D46866812D0F36BC3
:107FA00098472069FFF75BFE48B129462046FFF756
:107FB000D1FF05462046336C9847284670BD4FF0E8
:107FC000FF35F7E76FF01505F7E770B505468668EA
:107FD0000C46F36B98472869FFF747FEB0B121467E
:107FE0002846FFF75FFE014698B1037DDB0710D5F9
:107FF000437E03F00303012B0ED02846F368984715
:1080000004462846336C9847204670BD4FF0FF3435
:10801000F7E76FF01204F4E76FF08504F1E7F8B5C5
:10802000064687680C46FB6B98473069FFF71DFED4
:10803000E0B121463046FFF735FE0546C8B1037D65
:10804000DB0716D5437E03F00303012B14D0014652
:108050003B6930469847044618B92B7D60F34103CD
:108060002B7530463B6C98472046F8BD4FF0FF34E7
:10807000F7E76FF01204F4E76FF08504F1E72DE9FC
:10808000F041054686680769F36B0C4698472869F6
:10809000FFF7EBFD98B394F8188028464146FFF7A8
:1080A00001FE014670B3037DDA072BD518F07F0F70
:1080B00020D197F8B030EBB1637EDB0717D597F886
:1080C000B13033B1082207F1A80104F10C00FEF72A
:1080D00001F9002287F8B02021462846FFF719FE53
:1080E00004462846336C98472046BDE8F0816FF07F
:1080F0006702F1E72246284673689847F0E74FF099
:10810000FF34EEE76FF01204EBE770B505460C465E
:108110008668F36B984721462846FFF7C3FD48B1B0
:1081200001F000FEB0FA80F464092846336C9847E9
:10813000204670BD0124F8E770B5054686680C46F8
:10814000F36B98472869FFF78AFD80B121462846DE
:10815000FFF7A8FD014668B104681CB12846B36862
:10816000984704462846336C9847204670BD4FF028
:10817000FF34F7E76FF01204F4E708B50369002154
:108180001B685A8BFAF7A0F928B1437E23F0070346
:1081900043F00103437608BD08B539B90369013AD4
:1081A0001B685B8B1A44B2FBF3F25A43FAF78CF963
:1081B00028B1437E23F0070343F00203437608BD52
:1081C00008B561B903691B685A8BFAF77DF928B1C4
:1081D000437E23F0070343F00403437608BD0022E7
:1081E000F3E770B50D4604468668F36B984728465A
:1081F000F9F78EF82046336C9847002070BD70B5B3
:1082000005468668F36B98472869FFF72EFD0446FC
:1082100020B133683BB12846984704462846336C62
:108220009847204670BD0124F8E7F8B504468768F2
:108230000669FB6B98472069FFF711FDB8B120690B
:10824000FFF713FDB0B92046FB6A9847054648B9C9
:1082500006F1A003D3E8EF1F41F00201C3E8E21FDB
:10826000002AF7D120463B6C98472846F8BD4FF0CE
:10827000FF35F7E76FF07705F4E7F8B50446876850
:108280000669FB6B98472069FFF7EFFC90B13B6BE9
:1082900020469847054606F1A003D3E8EF1F21F0DA
:1082A0000201C3E8E21F002AF7D120463B6C984741
:1082B0002846F8BD6FF07705F7E72DE9F041054650
:1082C00014460F46D0F80880066911B30AB3D8F8EF
:1082D0003C3098472869FFF7C2FCB8B9C6E9267454
:1082E0002846D8F834309847044640B9A036D6E836
:1082F000EF3F43F00103C6E8E23F002AF7D12846EA
:10830000D8F8403098472046BDE8F0816FF07704F8
:10831000F5E76FF01504F6E7F8B5044687680669D7
:10832000FB6B98472069FFF7A0FCB0B92069FFF705
:1083300096FCA8B1BB6B20469847054606F1A00302
:10834000D3E8EF1F21F00101C3E8E21F002AF7D1B3
:1083500020463B6C98472846F8BD6FF00F05F7E7BD
:108360006FF07705F4E700230822824204D3D8B2E5
:108370007047520092B2F8E701330A2BF9D1FF207F
:10838000704730B502F0030422F003020A44914220
:108390000AD144B100230068D90020FA01F1D15478
:1083A00001339C42F8D130BD036804311D0A01F845
:1083B000035C1D0C01F8043C01F8025C1B0E01F883
:1083C000013CE4E730B543680A7E1B6832F0800563
:1083D0004FF0200403F5805314D10269D2F8A400B1
:1083E000EFF3118184F31288BFF36F8F9D739A7C32
:1083F00022439A7480F89C5081F31188BFF36F8FE9
:10840000002030BDEFF3118084F31288BFF36F8F2B
:1084100002F00F029A7391F91820002AB5BF9A7CD6
:108420009A7D42F0100242F02002B4BF9A749A750D
:1084300000229A7380F31188BFF36F8F0B7D43F096
:1084400002030B75DCE7436801F07F011B68002025
:1084500003F580531970704743681B6803F5805318
:108460005B7813F0100F0CBF01200220704701232E
:108470004A0901F01F018B40DB4300EB8200D0E88A
:10848000EF2F1A40C0E8E12F0029F8D1704770B5EE
:10849000044650F8080C94F8306045682B6803F5E2
:1084A000805393F8603003F01803A3F1180251428F
:1084B00051418E4208D00022182B84F830100CBF96
:1084C00011460121FFF719FC0A23EA6A2046BDE89C
:1084D0007040A2FB0323FCF713BB38B543680021AF
:1084E00005461C68FFF736FD10B110F1780F0ED16C
:1084F00080212846FFF72EFD10B110F1780F06D12C
:10850000002004F580535A7802F0BF025A7038BD3B
:108510009A20F8F7F7BA002208B59A201146F8F722
:1085200005FBBDE808409A20F8F7DEBA0023F0B555
:108530001A461C46C9086509283550F8255004F02C
:108540001F06F540ED0709D4002A08BF2346013273
:10855000914204D11A460127194416E00022013441
:10856000B4F5906FE7D19142F4D94FF6FF7010E067
:108570005C0900EB8404D4F8A05003F01F0607FA4E
:1085800006F63543C4F8A05001338B42F0D3D00037
:1085900080B2F0BDFFF7CABF2DE9F74F036942680B
:1085A00091F81880D3F8A440136818F0700F0F46A4
:1085B000009308F07F094FFA88FA40F09480488BC6
:1085C000C0F30A00082838BF0820FFF7CCFEFF28B8
:1085D000054600F088800821814089B2EFF31183BD
:1085E0002022019382F31288BFF36F8FB9F1000F3D
:1085F00030D14FF6FF76B4F83001B04208D12046B2
:10860000FFF7C8FFB04203D0A4F83001A4F850012E
:10861000019B83F31188BFF36F8F4FF6FF7398426E
:1086200064D0009B08F00F0803F5805484F80E8096
:10863000C0F30C00B9F1000F2CD184F8625084F81B
:108640006350A4F86400A4F866000020A07303B08F
:10865000BDE8F08F4FEA4906BAF1000F4FF6FF7BF5
:1086600026440BDAB6F830015845D1D12046FFF741
:1086700091FF5845CCD0A6F83001C9E7B6F85001B3
:108680005845C5D12046FFF785FF584518BFA6F8C5
:108690005001BDE70123BAF1000F03FA09F39BB2C1
:1086A00010DA84F86250A4F864007A8BC2F30A02EC
:1086B0002282A27C42F04002A274E28892B213436A
:1086C000E380C2E784F86350A4F866007A8BC2F3B3
:1086D0000A02A282A27D42F08002A275228992B291
:1086E00013432381B1E76FF01500B0E76FF00B0083
:1086F000ADE770B50126D208CB0802EBD1025909CB
:1087000000EB8101D1F8A04003F01F0506FA05F542
:10871000013324EA05049342C1F8A040EFD370BDB1
:108720002DE9F843036991F81890D3F8A4604368E1
:1087300019F070071D6809F07F044FFA89F86DD1B0
:10874000488BC0F30A00082838BF0820FFF70BFE4B
:10875000FF2863D0082209F00F09824005F58053F5
:1087600092B283F80E902CBB83F8624083F863408A
:10877000A3F86440A3F8664000219973EFF31185D4
:10878000202383F31288BFF36F8F64BB4FF6FF740F
:10879000B6F83011A14206D03046FFF7AAFFA6F87E
:1087A0003041A6F8504185F31188BFF36F8F002048
:1087B000BDE8F8830121A140C943B8F1000F89B297
:1087C00008DAD8880140D98083F86270A3F8647011
:1087D0001F82D1E718890140198183F86370A3F8DB
:1087E00066709F82C8E76400B8F1000F4FF6FF770C
:1087F000344409DAB4F83011B942D4D03046FFF726
:1088000078FFA4F83071CEE7B4F85011B942CAD05D
:108810003046FFF76EFFA4F85071C4E76FF0150003
:10882000C6E7006984304FF0FF324FF0FF33FBF7AB
:108830001DBE70B50D7EEFF31186202383F31288E1
:10884000BFF36F8F05F00F0300F58054498BA373BE
:10885000A37C13F0010306D00023A37386F31188D1
:10886000BFF36F8F70BD05F07F0505F5816500EBE7
:108870008500158AC1F30A01A94228BF29469942F9
:1088800008D802F10C00FDF747FDA37C43F001037B
:10889000A374E1E7D568ED5C01330570EFE770B5CF
:1088A0000B7E0C46590646D042681668EFF31181DC
:1088B000202282F31288BFF36F8F03F00F0206F5B8
:1088C00080539A7394F91820002A36DA9A7C02F0C1
:1088D000CF029A749A7C42F040029A749A7C42F0D9
:1088E00008029A749A7C920742BF9A7C42F008026E
:1088F0009A749A7C02F0FE029A7400229A7381F3B1
:108900001188BFF36F8F237D62F34103237594F9C0
:10891000183093420FDA2046FFF7EBF90546204660
:10892000FFF7C9F938B935B12B8A23B12A46214658
:108930003046FFF77EFF002070BD9A7D02F09F0257
:108940009A759A7D42F080029A75D6E70069843064
:10895000FBF7FEBD01F021BD01F01CBD01F0ABBB7A
:10896000F7B50027456840232E683A4639460097F8
:108970000446FFF794FA10B110F1780F31D140237B
:108980000022802120460097FFF789FA10B110F1EC
:10899000780F26D106F58054E37A0A2043F00703C6
:1089A000E372E37A03F0EF03E372E37A03F0F70391
:1089B000E372E3889BB243F00103E3800423336155
:1089C0006378AA69DBB2022A0CBF43F0200303F0EC
:1089D000DF036370FFF7C2FF0020637843F04003BA
:1089E000637003B0F0BD70B5036988B0D3F8A460BC
:1089F00043680546694606F5F0701C6801F055FAB3
:108A0000002104F58053D9801981D9722423284686
:108A1000E360FFF79FFA10B110F1780F27D18021A2
:108A20002846FFF797FA10B110F1780F1FD142F2E4
:108A30001175236823F002032360E369990718D4B2
:108A4000012342F2117523602368DA0717D4E36922
:108A5000DB0714D49022002106F1A00001F0B8FC3D
:108A60004022FF2106F5987001F0B2FC002008B00A
:108A700070BD013DE4D00120FFF770FFDDE7013D4F
:108A8000E8D00120FFF76AFFDEE701234A0901F081
:108A90001F018B4000EB8200D0E8EF2F1A43C0E8A3
:108AA000E12F0029F8D1704703460022D3E8EF0FE9
:108AB000C3E8E12F0029F9D170472DE9F047036998
:108AC0000A7ED3F8A4A0436806460F461C6802F04D
:108AD0007F05EFF31188202383F31288BFF36F8F94
:108AE00004F58054ADB9A573E37C0AF5BE7043F07C
:108AF0000103E374FFF7D8FF8AF89C5039463046EB
:108B0000FFF71FF988F31188BFF36F8F0020BDE8CE
:108B1000F0874FF0010909FA05F91FFA89F96FEAA0
:108B2000090391F918109BB2002902F00F021FDA15
:108B3000E1880AF5BA700B40E380A273A37C294652
:108B400043F00803A374A37C9A0742BFA37C43F0BD
:108B50000803A374A37C03F0FE03A374FFF787FC50
:108B60000023A373E3889BB243EA0903E380C5E7CC
:108B700021890AF5BC700B402381A273A37D29468D
:108B800043F01003A375A37DDB0742BFA37D43F031
:108B90001003A375A37D03F0FE03A375FFF767FC25
:108BA00029460AF5C070FFF762FC29460AF5C27033
:108BB000FFF75DFC0023A37323899BB243EA0903FB
:108BC00023819BE738B5436804461D680369A033D9
:108BD000D3E8AF3F5B071AD505F580556B7803F0F6
:108BE000FD0343F004036B700021142001F04AFAE6
:108BF0006B78002103F0FB0320466B70FFF73BF816
:108C0000002202212046FFF778F8002038BD6FF0DF
:108C10000C00FBE7012301F01F02934030B5DC4359
:108C2000490900EB8100D0E8EF2F02EA0401C0E817
:108C3000E51F002DF7D103EA0200003818BF01201C
:108C400030BD2DE9F04F0446036987B0D3F8A43056
:108C5000029343681B680393029B03F188084FF05B
:108C6000FF324FF0FF3340F29F11CDE90023404621
:108C7000002201F096FB0746780708D504214046FC
:108C8000FFF768FE002204212046FFF736F8390777
:108C90000CD508214046FFF75DFE01212046FEF776
:108CA000EAFF002203212046FFF727F8FA060CD539
:108CB00010214046FFF74EFE00212046FEF7DBFF65
:108CC000002202212046FFF718F83B0600F1B2808F
:108CD000FE0510D54FF480714046FFF73BFE029B26
:108CE00003F5BC70FFF7E0FE0646029B03F5C07A71
:108CF000002E40F02481BD0740F18E8002214046C5
:108D0000FFF728FE80212046FEF7CCFF029B81461C
:108D100003F5BE70FFF7C8FE002843D02369002189
:108D20002046D3F8A4A0FEF7BDFF802106462046CA
:108D3000FEF7B8FF8346F6B13046FEF7DAFFD0B152
:108D4000457E15F0010500F046813046FEF7CDFF67
:108D500005463046FEF7CDFF18B1437ED90740F1F6
:108D60003A8145B10023EA682946136053603046D2
:108D70002B82FEF7C0FF20460AF5E771FEF7F0FFF1
:108D8000002E40F01D8100250023AAF8C831AAF862
:108D9000CC313DB1EA6829461360536030462B82DE
:108DA000FEF7A9FFB9F1000F36D04846FEF7A1FF44
:108DB000064688B3058A002D00F04A812369802188
:108DC000D3F8A45063682046D3F80090FEF76AFFFA
:108DD000418B338AC1F30A01994228BF1946002208
:108DE00009F58059914200F22B8106F10C00FDF744
:108DF00093FA338A002B40F02981737E13F0080F19
:108E00000CBF0A2202224FF0010385F89C3099F82A
:108E10001230134389F81230FB077FF51DAF40462F
:108E20000121FFF797FD029B204603F19401FEF715
:108E300097FF11E780214046FFF78CFD6368D3F868
:108E40000090236909F58055D3F8A40000F5BA70A5
:108E5000FFF72AFE0646002E3FF43AAF96FAA6FB2D
:108E60000123BBFA8BFB204603FA0BF34BF0800186
:108E700026EA0306FEF716FF04900028EBD0FEF763
:108E800038FF0028E7D0028A049B7AB31A7D12F0DB
:108E90000202E0D1EFF3118A202181F31288BFF39F
:108EA0006F8F0BF5816C0BF00F0B5B8B85F80EB0A1
:108EB000018AC3F30A03994228BF194609EB8C0CB7
:108EC00091420DD80C30FDF727FAAB7C43F001033B
:108ED000AB740023AB738AF31188BFF36F8FBAE7CB
:108EE000C3689B5C01328CF80030E9E790F819A068
:108EF0001AF0080A1AD01B7D13F00203ABD1EFF36E
:108F00001182202181F31288BFF36F8F0BF00F0BBA
:108F100085F80EB0A97C41F00101A974417E63F38C
:108F2000C3014176AB7382F31188D6E71846FEF78A
:108F3000DCFE524601462046FEF7EBFE8BE796FA32
:108F4000A6F50123B5FA85F52046AB40294626EA69
:108F50000306FEF7A7FE834600283FF4C9AEFEF7DE
:108F6000C4FE814600283FF4C3AEDAE8AF3F2B4190
:108F7000D8071FD55846FEF7BCFED8B12946504643
:108F8000FFF748FEB0B1EFF31181202383F312887D
:108F9000BFF36F8F039B05F00F0503F580539D739F
:108FA0009A7D02F0FE029A7500229A7381F311886D
:108FB000BFF36F8F002249462046FEF7AAFE97E6D0
:108FC0003046FEF796FE00283FF4DDAE457E15F0F4
:108FD00001057FF4D8AE3046FEF787FE018A428A4B
:108FE0000346521AC16840690493091A521ABAF822
:108FF000C81103F10C008A4228BF0A4611460592A7
:10900000FDF762F9059A0AF5C47101F0D4F9049BE1
:10901000002219462046FEF77CFE5846FEF769FE00
:1090200000283FF4B1AE437E5A077FF5ADAE5846F7
:10903000FEF75BFE002201462046FEF76AFEA3E62D
:10904000F3689B5C013289F82030CBE60222DAE635
:109050004846FEF74AFE2A4601462046FEF759FEDC
:10906000DAE62DE9F04F0F4643688246114638464E
:1090700085B016461C68FEF73EFE97F8149019F06E
:10908000020940F0A4803D7E35F0800300F0A3800B
:109090002B0600F19780DAF810302946D3F8A48027
:1090A00008F5C07B5846FFF7B5FDA8B1EFF3118175
:1090B000202383F31288BFF36F8F04F5805305F0EC
:1090C0000F029A739A7D02F0FE029A7583F80E9051
:1090D00081F31188BFF36F8F294608F5C270FFF73F
:1090E00099FD8146002872D0EFF31183009320236D
:1090F00083F31288BFF36F8F05F00F0304F58057D9
:1091000050462946BB73FEF7CDFD8246002852D05B
:10911000FEF7EFFD064600284DD005F5816204EB11
:109120008202018A0192428A3B8B521AC1684069CD
:10913000C3F30D03091A521A9A4228BF1A4606F1C0
:109140000C00114603930292FDF7BEF80146DDE9DB
:109150000102FFF716F9BAF81A20039BC2F30A02BC
:1091600093421BD2BB7D03F0FE03BB75294608F575
:10917000BC70FFF78AFC002304F58054A373009BA6
:1091800083F31188BFF36F8FB9F1000F1FD04FF435
:10919000807108F18800FFF7DFFB18E0F268716961
:1091A000738A521A9B1A328A934204D1294658462E
:1091B000FFF76BFCDAE7BB7D4FF0000903F0FE031D
:1091C000BB75D8E7324639462046FFF732FB002010
:1091D00005B0BDE8F08F002DF9D0DAF8102004F5C5
:1091E00080547D8BD2F8A470A373727E500703D590
:1091F000022107F18800CEE7A17C5FFA81F8890798
:10920000E5D4B6F81090B9F1000F09D1120707D4D0
:10921000012387F89C30A37C43F00A03A374D6E7AC
:10922000C5F30A054D45294628BF494699420ED83F
:1092300006F10C00FDF770F84D4513D8318A61B185
:1092400048F00202012387F89C30A274BFE7F2685D
:10925000D25C013384F82020E8E7737E48F00A02EC
:10926000180702D448F00A02ECE761F3C3037376EF
:10927000E8E710B5807A0C46F7F7A2FFC3692146EC
:10928000BDE81040586800F00BBCF7B50D46807A79
:1092900017461E46F7F794FF2C68C369033424F081
:1092A0000302586804212A60CDE90076FAF7C4FF6A
:1092B00000B9286003B0F0BD2DE9F047D0F8049064
:1092C00007690846D9E9006A0D46D9F80880CCB28A
:1092D000F9F77CFC00286CD1AB0E092B69D8DFE8CC
:1092E00003F0050B1022683F464E6859736923F05E
:1092F00002037361BDE8F087F36A23F00203F362AF
:10930000F8E7403656F8243023F0020346F82430BC
:1093100001233A6BA34022EA03023A63FA6A22EA83
:109320000302FA62E6E70622B4FBF2F3D9B202FBCB
:1093300013434FF0FF320133DBB202EBC3030122D0
:109340004C3656F8215002FA03F325EA030346F897
:1093500021303B8F0634A24023EA02033B87C9E752
:10936000DAF81C3023F00203CAF81C30C2E704B359
:1093700008EB8404236A23F480732362BAE7C5F3FD
:10938000052508EB8508D8F8803023F04003C8F89D
:109390008030AFE70121D9F80C30C5F3055203EB5B
:1093A0008203DA6BC5F38535A94022EA0102DA634C
:1093B000A0E76FF085009DE72DE9F041456808467C
:1093C000D5E900680C46AF68F9F700FC002876D1B3
:1093D000A30E092B73D8DFE803F0080F1A2C054AF7
:1093E000515D05650220BDE8F08173699B076AD570
:1093F000306900F001001AE0F36A9F0763D5B36F8C
:10940000002B5ED13069C00900F00200EBE7E4B246
:1094100006F1400353F82430012013F0020FE2D08C
:1094200033691834A04098430CBF0120002040004D
:10943000D9E70621E4B2B4FBF1F2336902F1180571
:10944000EB40DD07D0B23ED501FB124406F14C03E0
:109450004FF0FF3253F8200001230134E4B202EB55
:10946000C4029340034214BF02200120BBE7D8F896
:109470001C309A0727D5D8F80C00BAE7E4B204F1FB
:10948000080357F82330DB051DD578680234E04027
:10949000C043AEE7C4F30524203457F8243013F05A
:1094A000400FE0E7C4F30552EB680E3203EB820392
:1094B0005A680123C4F38534A3401342D3E7032041
:1094C00091E700208FE701208DE72DE9F3474FF06A
:1094D00000090C4601EB0121456841F03F6141F470
:1094E0007C21804617462E68D0F810A0CDF8049055
:1094F000FFF762FF022803D0C7F8009000201CE0AD
:1095000006F1400353F82430C3F30223012B17D094
:10951000022B2CD0BBB9AA68631C04F1210152F8BC
:10952000211003EB43035A00404601AB02F0FE0258
:1095300001F00F01F9F7B6FB28B102B0BDE8F087E2
:10954000DAF80030019306F1480353F8243044362A
:1095500013F03F031EBF019AB2FBF3F2019256F8DB
:109560002420019BC2F3090253433B60C6E74046F7
:1095700001A9F9F711FCDFE700232DE9F3410546C6
:109580004768D0F8108008460E4614460193F9F754
:109590001DFB00286BD131462846FFF70DFF02283E
:1095A00005D000230020236002B0BDE8F081B30E97
:1095B000F1B2092B5BD8DFE803F005080F161D3365
:1095C000363E4949D8F80030ECE72146284602B03B
:1095D000BDE8F041F9F7E0BB2246284602B0BDE8FD
:1095E000F041FFF772BF2246284602B0BDE8F041C5
:1095F000F9F722BB7A68136903F00303012B0CD03F
:10960000991E01290CD8D2699207CAD5032B14BF21
:109610004FF400434FF48063C4E74FF48063C1E725
:109620004FF40043BEE723460C22284602B0BDE8B3
:10963000F041F9F737BBBB68C6F30526203653F86F
:1096400026100C22234601F00F01EEE70C22002128
:10965000284601ABF9F726FB0028A5D1FB68DA689C
:10966000019B12F0FF029DD0B3FBF2F39AE76FF07B
:10967000850099E70623F0B40A4691FBF3F14468AC
:1096800003FB1123266801244C36DB0056F82170B9
:10969000073304FA03F305693B4346F821302B8F67
:1096A000063294401C43EB6A2C87CB40DA0706D481
:1096B0002B6BCB40DB0702D5F0BCF9F7C3BC002015
:1096C000F0BC7047F8B504690A460978258F8E1DED
:1096D000F540ED071ED406254368D3F800C0B1FB62
:1096E000F5F305FB13133F25DCF84C70DB009D40C0
:1096F00027EA0507557905FA03F33B43CCF84C30CC
:1097000013793BB1FFF7B6FF20B90123228FB34095
:1097100013432387F8BD10B54468C1F30520A16841
:109720009B0101EB8001D1F8800003F0400302F0BF
:109730000F0220F04F0013430343C1F8803010BDE7
:1097400010B543680120C1F38534DB68C1F30551CE
:1097500089000B44012ADA6B00FA04F00CBF0243C3
:109760008243DA6310BD30B503681360057904687D
:1097700004EBC504A34202D36FF0010030BD5C7955
:1097800008338C42F1D10020F8E7026993680BB1ED
:10979000D1681847704743689B681A7E520743BFD9
:1097A0009B6A00200B706FF00F00704743689B6846
:1097B0001A7ED207FCD59962704743689B68EFF325
:1097C0001182202181F31288BFF36F8F01219975D7
:1097D0000221997582F31188BFF36F8F7047436838
:1097E0009B68187E10F0010006D0002A03DD0A787D
:1097F00001209A62704700207047012243689B68ED
:109800001A7502221A75704743689B68187E10F01B
:1098100001001CBF987D00F0010070470369187CAF
:109820007047042243689B689A7570470422436816
:109830009B681A75704743689B68187EC0F3800068
:10984000704743689B68187E10F0040008D09B6A3C
:10985000002ADBB202DD01200B7070476FF01500AB
:10986000704743689B68987D1B7E1840003818BF7E
:1098700001207047802243689B689A757047802258
:1098800043689B681A757047436801699A680120AC
:10989000137EC3F340030B74BA2313767047036936
:1098A000C3E9021270470269002013680B60536815
:1098B0004B607047002208B511466620F7F736F96D
:1098C0006620F7F711F9002267201146F7F72EF905
:1098D0006720F7F709F9002268201146F7F726F903
:1098E0006820F7F701F9002269201146F7F71EF901
:1098F0006920F7F7F9F800226A201146F7F716F900
:109900006A20F7F7F1F800226B201146F7F70EF9FD
:10991000BDE808406B20F7F7E7B843689B68588BB1
:109920005A8BC0F3800092075A8B48BF40F0040066
:1099300002F0010240EA42005A8BD1065A8B48BF1E
:1099400040F0080092065A8B48BF40F0100092B2D7
:1099500042F037025A8370470268012922F0706290
:109960000346026004D002290CD0026802607047EE
:10997000026842F080720260426842F400525A600B
:10998000FAF786B8026842F080720260426822F4F8
:109990000052F4E738B5044648B1FAF7F7FA7823ED
:1099A00005465C43FAF7F2FA431BA342FAD338BDEB
:1099B00010B5436904463BB90020E2684042537841
:1099C00043F00103537010BD98470028F4D00028DD
:1099D000B8BF4042FF28A8BFFF20E3681870ECE73B
:1099E00040B1C368587810F001001EBF1878B0FA73
:1099F00080F040097047EFF31183202383F312882E
:109A0000BFF36F8FFEE708B5FFF7F5FF2DE9F04FC5
:109A100089B0DDE91268059243460546324606A83C
:109A20000F4600F009FCDDE90634CDE90234EFF31E
:109A300011844FF0200989F31288BFF36F8F05F16D
:109A40000C0A05F1140B39462846059A149B9847D1
:109A500030B184F31188BFF36F8F09B0BDE8F08F88
:109A600056EA0806F5D0DDE9022306A800F009FC55
:109A7000DDE90668524621465846CDE90068FBF705
:109A8000A7FAEFF3118489F31288BFF36F8FDAE737
:109A900010B400F10C04C0E9034410BCFCF7B6BAE2
:109AA00038B50446EFF31185202383F31288BFF302
:109AB0006F8FFCF78AF904F10C0000F0D4FA30B192
:109AC000294604F11400BDE8384000F0B2BA85F32D
:109AD0001188BFF36F8F38BD10B542696AB18368D2
:109AE00042EA0301890708D10169A2FB011424B9E4
:109AF0005B182CBF0121002102D36FF0150005E097
:109B0000C1609B1A02698A4201D8002010BDC26858
:109B100001311A604269C3609B1AF3E72DE9F041F5
:109B200005460F46EFF31188202383F31288BFF315
:109B30006F8FC668FEB90468A0421CD0DCB1D4E9BE
:109B4000003213605A60237CC4E9006623F00203EC
:109B50002374A66004F1180000F035FB2046C4F819
:109B60008060676100F02EFA414605F10800BDE80B
:109B7000F04100F05EBA3E60AB69EF60013BAB6163
:109B800088F31188BFF36F8FBDE8F081202408B5FA
:109B9000EFF3118384F31288BFF36F8FFCF746FB5A
:109BA000F6E7D0E9003213605A600023027CC0E976
:109BB000003322F0020202748360704713B501245F
:109BC0000094FAF789FB02B010BD90F90E308B4279
:109BD00001D0FBF729BA0020704703460020C3E9F3
:109BE0000033C3E902007047D0E9003213605A60C5
:109BF0000023027CC0E9003322F002020274836079
:109C000070472DE9F843904604460D469DF8202004
:109C1000EFF31187202181F31288BFF36F8F02B118
:109C20004568A66804F10809B14516D0AEB1002414
:109C30003046FFF7D9FF06F1180000F0C4FA3046AD
:109C4000C6F88040C6F8148000F0BCF94846394692
:109C500000F0EFF92046BDE8F883A3B10820FBF738
:109C6000EFFC002832D00122C0F8048002600168B5
:109C700001F003015DB922680A4302606268206056
:109C80006AB960600BE04046C8F80030EFE72A6828
:109C9000032A10D80160616839B9C4E900000020C6
:109CA00087F31188BFF36F8FD5E70A6802F00302CC
:109CB00002430A60E5E722F003020A4302602A68D1
:109CC00002F0030240EA02032B60E8E76FF00B00AA
:109CD000E6E710B5044630B10268930703D0446844
:109CE00009B100F061FB204610BD0023C0E900333C
:109CF00000F10803C0E902337047012307B5009360
:109D000000230A461946FFF77CFF03B05DF804FB09
:109D1000002307B50A4600931946FFF772FF03B008
:109D20005DF804FB00210068FFF7D3BF3AB18A4217
:109D300005D3C0E90212C0E90000002070476FF0AF
:109D400015007047012302688B4022EA0303036079
:109D500022FA01F000F00100704710B5032104461B
:109D60000C30FFF7EFFF30B104F1100000F02BFAD8
:109D7000B0FA80F0400910BD20B1002294301146A5
:109D800000F0DEB9704770B5C3680446C3F34006FF
:109D90009B0716D4856802210C30FFF7D3FF80B1F2
:109DA000D5F88C206AB194421DD122689EB9D5F8AD
:109DB0009030C5F88C209C4201D1C5F8902000233A
:109DC0002360E36813F01F001EBF43F00203E3604B
:109DD00040F0020070BD3260D5F89020944208BF78
:109DE000C5F89060EBE716461268DBE773B50446EA
:109DF000EFF31185202383F31288BFF36F8F0023C5
:109E00000193D0E90423B3F1004F08BF012A05D024
:109E100085F31188BFF36F8F02B070BDA0F11006FB
:109E200003210438FFF78EFF0028F1D0A3693046E4
:109E300001A90193FAF76EFDEAE738B504460D462D
:109E40001022002100F0C4FA656038BD13B50190FE
:109E50000846EFF31184202383F31288BFF36F8F3A
:109E600001A9FAF757FD84F31188BFF36F8F02B091
:109E700010BD10B5FFF7EAFF041E08DDEFF31180F7
:109E8000202383F31288BFF36F8FFBF739F9204645
:109E900010BD38B530220D460021044600F098FA76
:109EA0004FF480736560E36038BDF8B504460D4635
:109EB000EFF31187202383F31288BFF36F8FC368FA
:109EC00003F01F03002B14BF0126002609D0FFF763
:109ED00044FF2046FFF757FF29462046FAF7FCFCCF
:109EE000034687F31188BFF36F8F3BB14FF0FF320A
:109EF0004FF0FF3305F10800FAF7E0FB3046F8BDFC
:109F0000EFF30580003818BF012070476FF057004D
:109F1000704738B58589EFF31181202282F31288CA
:109F2000BFF36F8F037C13F0080404D081F3118812
:109F3000BFF36F8F38BD0122FAF750FFEB07F9D559
:109F400084F31188BFF36F8F0423184602DFF1E713
:109F5000FAF7FCBFD0E9003213605A600023C0E971
:109F60000033704708B5FFF7F5FF037C23F00203C9
:109F700003740023836008BD38B504460D46FAF724
:109F800079FE237C43F002032374D5B1A5602B68CE
:109F90009D4209D16B68C4E900531C606C6010E0FD
:109FA0006A689A42F6D01B68002BF3D093F90E1022
:109FB00094F90E209142F3DD5A68C4E9003214602E
:109FC0005C6038BD10B5EFF31184202383F3128851
:109FD000BFF36F8FFAF778FE84F31188BFF36F8FAA
:109FE00010BDFAF771BEFAF745BE08B5037C01460D
:109FF00013F0280F0CD183680BB1FFF7B3FF0B7C74
:10A00000084623F004030B74BDE80840FAF75CBE71
:10A0100008BD10B5EFF31184202383F31288BFF33A
:10A020006F8F1838FFF7E1FF84F31188BFF36F8F4C
:10A0300010BD0846FAF788BE38B50546046800200A
:10A04000AC4200D138BD002CFCD02046FFF78AFF7F
:10A0500004F1180000F0B7F82046FAF735FE2C6836
:10A060000120A542EDE710B5EFF31184202383F31F
:10A070001288BFF36F8FFFF7DFFF84F31188BFF300
:10A080006F8F10BD38B505460C46FBF74DF8B4F19F
:10A09000FF3F08BFB5F1FF3F0AD0C11709304FF0AD
:10A0A0000A024FF0000341F10001F5F7A9FF38BDA6
:10A0B0004FF0FF30FBE7C117633008B54FF0640283
:10A0C0004FF0000341F10001F5F79AFFC117FBF7CC
:10A0D0002BF86423584308BD2DE9F04706460F4688
:10A0E00091469A46EFF31188202383F31288BFF339
:10A0F0006F8F0068864206D028B1736898420CBF03
:10A100000025056868B90024B9F1000F02D0514656
:10A110002046C84788F31188BFF36F8F2046BDE8FB
:10A12000F0875146B84704460028EDD135B1736831
:10A13000AB4200D02C6828462546E3E72C46FAE7D8
:10A1400038B5EFF31185202383F31288BFF36F8FA7
:10A150000468A0421CD0ECB1C4F880106261D4E95C
:10A16000003213605A600023227CC4E9003322F0DD
:10A1700002022274A36004F1180000F024F82046C3
:10A18000FFF72FFF012085F31188BFF36F8F38BDD4
:10A190000020F8E72046F6E708B50246FBF7D2F8BC
:10A1A00070B1D0E904319B1A61EBE272B3F1004F58
:10A1B00072F1000104DA002AACBF1846002008BD85
:10A1C0006FF00040FBE7024638B5EFF3118520231E
:10A1D00083F31288BFF36F8F0368D3B1FBF7B2F834
:10A1E00004461046FBF7C0F800224FF000438442BB
:10A1F000C0E9042305D0002085F31188BFF36F8FD9
:10A2000038BDFBF7A7F8FFF7C7FF0021F9F724FED9
:10A21000F1E7D0E90413B3F1004F08BF012904D1DD
:10A2200000204FF00041C2E904016FF01500E3E7A0
:10A2300008B5FBF7A1F908BDB3F1FF3F08BFB2F1C4
:10A24000FF3F70B506461D46144614D01A4316D07B
:10A25000002B08DBFBF790F9041941EB0501C6E977
:10A260000041304670BD6FF001031C1B4FF0FF33FF
:10A2700063EB0501F3E74FF0FF342146EFE70024DD
:10A28000FBE7B3F1FF3F08BFB2F1FF3FF8B5074668
:10A2900016461C4610D054EA020311D0FBF76CF9A5
:10A2A000B0420A46A14103460AD2F31A64EB020403
:10A2B000C7E900343846F8BD4FF0FF331C46F7E7D6
:10A2C0000023FBE72DE9F3470446DDE90A9815462C
:10A2D0000E4659B302F0010AFAF79CFF0746EFF366
:10A2E0001181202383F31288BFF36F8FA80744BF27
:10A2F0000023A360A36803EA0600BAF1000F0CD0A4
:10A3000086420CD16A0744BF8343A36081F311885E
:10A31000BFF36F8F02B0BDE8F0870028F2D159EA91
:10A32000080305D181F31188BFF36F8F0020F1E797
:10A33000C7E918652246CDE9009804F10C00FAF748
:10A3400047FE0028F2D1386EE4E710B50B680446EA
:10A35000D0E9180212F0010F03EA000301D098427D
:10A3600011D183B12366520748BF4A6804F118002F
:10A3700044BF1A434A60FFF726FF00232046C4F873
:10A380008030FFF732FE002010BD0023C0E900003E
:10A39000836070470A46FBF707B90A460021FBF7BE
:10A3A00003B95200FFF78EBF20B1011F50F8040C13
:10A3B000FFF776BB70470A44431E914200D17047B5
:10A3C00010B511F8014B914203F8014FF9D110BDBE
:10A3D00002440346934200D1704703F8011BF9E79A
:10A3E0000246014410B58A42134603D01C7801325C
:10A3F000002CF8D1181A10BDF0B5C3F13707044688
:10A4000003F01F031046FFB2082BE6B232D0102B28
:10A410003DD06508A40845EAC17544EA81748A08FC
:10A420002D1942EB5102290941EA02716D1842EBE4
:10A430001212290A41EA02616D1842EB1222290C1C
:10A4400041EA02416D1842EB1242AD1842F100029E
:10A45000EC0844EA4274D10804EB8402A6EB4205FE
:10A46000EDB2092D0CD90134A5F10A0541F1000125
:10A47000EDB212E0E40806F0070544EA4174C908A9
:10A48000303554EA010200F8015BBDD1F0BD24096A
:10A4900006F00F0544EA01740909092D84BFED197E
:04A4A000EDB2EDE745
:08A4A400A45BFF7F0100000032
:10A4AC000000000014A5000C1542000C0000000078
:10A4BC005542000C000000000000000030A5000C0C
:10A4CC000000000068A5000C000000004CA5000C6A
:10A4DC001139000C00000000B93D000C0000000018
:10A4EC006511000C000000005D56000C000000001F
:10A4FC000000000084A5000CCD1F000C0000000023
:08A50C002104000C0000000016
:10A514007DB2000C64AC000C90AA000CBA030020BD
:10A5240088100020E936000C0000000052B2000C34
:10A53400BCAB000C00000000B6030020540E002049
:10A54400617B000C0000000044B2000C94AB000CD2
:10A55400ACAA000CB403002030000020E922000C57
:10A56400000000008CB2000C8CAC000C00AB000CA2
:10A57400BC030020C4100020BD3B000C0000000000
:10A5840070B2000CE4AB000C14AC000CB803002057
:0CA59400640200205D25000C00000000A7
:10A5A000000000001162000C000000001162000CAD
:10A5B000000000001162000C000000001162000C9D
:10A5C000000000001162000C000000001162000C8D
:10A5D000000000001162000C000000001162000C7D
:10A5E000000000001162000C000000001162000C6D
:10A5F000000000001162000C000000001162000C5D
:10A60000000000001162000C30A5000C2D77000C3A
:10A6100030A5000C5B77000C30A5000C8B77000C8C
:10A6200030A5000CBB77000C30A5000CEB77000CBC
:10A6300030A5000C1B78000C30A5000C4B78000CEA
:10A6400030A5000C7B78000C30A5000CAB78000C1A
:10A6500030A5000CE178000C30A5000C1779000C37
:10A6600030A5000C4D79000C30A5000C8379000C4E
:10A6700030A5000CB979000C30A5000CEF79000C66
:10A6800030A5000C257A000C000000001162000CBF
:10A69000000000001162000C000000001162000CBC
:10A6A000000000001162000C000000001162000CAC
:10A6B000000000001162000C000000001162000C9C
:10A6C000000000001162000C000000001162000C8C
:10A6D000000000001162000C000000001162000C7C
:10A6E000000000001162000C000000001162000C6C
:10A6F000000000001162000C000000001162000C5C
:10A70000000000001162000C000000001162000C4B
:10A71000000000001162000C000000001162000C3B
:10A72000000000001162000C000000001162000C2B
:10A73000000000001162000C000000001162000C1B
:10A74000000000001162000C000000001162000C0B
:10A75000000000001162000C000000001162000CFB
:10A76000000000001162000C000000001162000CEB
:10A77000000000001162000C000000001162000CDB
:10A78000000000001162000C000000001162000CCB
:10A79000000000001162000C000000001162000CBB
:10A7A000000000001162000C000000001162000CAB
:10A7B000000000001162000C000000001162000C9B
:10A7C000000000001162000C000000001162000C8B
:10A7D000000000001162000C000000001162000C7B
:10A7E000000000001162000C000000001162000C6B
:10A7F000000000001162000C000000001162000C5B
:10A80000000000001162000C000000001162000C4A
:10A81000000000001162000C000000001162000C3A
:10A82000000000001162000C000000001162000C2A
:10A83000000000001162000C000000001162000C1A
:10A84000000000001162000C000000001162000C0A
:10A85000000000001162000C000000001162000CFA
:10A86000000000001162000C000000001162000CEA
:10A87000000000001162000C000000001162000CDA
:10A88000000000001162000C000000001162000CCA
:10A89000000000001162000C000000001162000CBA
:10A8A000000000001162000C000000001162000CAA
:10A8B000000000001162000C000000001162000C9A
:10A8C000000000001162000C000000001162000C8A
:10A8D00068A5000C8B97000C68A5000C8B97000CEA
:10A8E00068A5000C8B97000C68A5000C8B97000CDA
:10A8F00068A5000C8B97000C68A5000C8B97000CCA
:10A90000000000001162000C000000001162000C49
:10A91000000000001162000C000000001162000C39
:10A92000000000001162000C000000001162000C29
:10A93000000000001162000C000000001162000C19
:10A94000000000001162000C000000001162000C09
:10A95000000000001162000C000000001162000CF9
:10A96000000000001162000C000000001162000CE9
:10A97000000000001162000C000000001162000CD9
:10A98000000000001162000C000000001162000CC9
:10A99000000000001162000C000000001162000CB9
:10A9A000000000001162000C000000001162000CA9
:10A9B000000000001162000C000000001162000C99
:10A9C000000000001162000C000000001162000C89
:10A9D000000000001162000C000000001162000C79
:10A9E000000000001162000C000000001162000C69
:10A9F000000000001162000C000000001162000C59
:10AA0000000000001162000C000000001162000C48
:10AA1000000000001162000C000000001162000C38
:10AA2000000000001162000C000000001162000C28
:10AA3000000000001162000C000000001162000C18
:10AA4000000000001162000C000000001162000C08
:10AA5000000000001162000C000000001162000CF8
:10AA6000000000001162000C000000001162000CE8
:10AA700084A5000CF127000C000000001162000CFE
:10AA8000000000001162000C000000001162000CC8
:10AA9000A530000CB992000C000000007995000C64
:0CAAA000B993000C00000000E12D000C38
:10AAAC00AF72000C7D22000C000000000D72000C37
:10AABC000373000CD972000C9B72000C6176000CB5
:10AACC007773000CAF71000C8F76000C6D73000C5B
:10AADC0000000000C771000C000000000000000026
:10AAEC00CF71000C1B76000CE171000C8174000C12
:10AAFC00E971000C9797000CAD97000C1B99000C9A
:10AB0C00BD3A000CA798000CDF97000C4398000C82
:10AB1C00BB97000CFB97000C0998000C2398000CB9
:10AB2C002D98000C1D98000C3798000C7598000C93
:10AB3C007F98000C6398000C8998000C9F98000C6F
:08AB4C00000000000000000001
:10AB540000000020000000000600010002000000C8
:10AB640068AB000C0000000830B2000C06000000C6
:10AB7400E0FF1F0C0000002038B2000C2100000090
:10AB8400E0FF0720F111000C000000009562000CAA
:10AB9400C4010020000000005A0300200402002029
:10ABA400D801002088AB000CB8AB000C00020000F8
:10ABB40000000000540A002000A0014414A5000C69
:10ABC4001A7F132403C5FF1F5B7A000C01000000E9
:10ABD40058AC000CDC030020000000000000000062
:10ABE4000000004608000000880E0020880F0020A6
:10ABF40018150020000400000200000000000000FE
:10AC0400000000001785000C1185000C6400000092
:10AC14005984000C6390000CBB8A000CC583000CA3
:10AC24009F88000C000000009985000C2187000C0F
:10AC3400C58B000C4784000CF924000C6189000CBE
:10AC4400DB84000CF526000CE789000C2388000C3B
:10AC54004D89000C8B92000C000000007392000CD4
:10AC640000C0004400E0004400000144002001440E
:10AC740000800044050000000010804480108044DF
:10AC8400001180448011804400C2010003000100CF
:10AC94000020004500010000010000000000000049
:10ACA400B598000C14A5000C2E7F302423DAFF1F66
:10ACB400B8AC000CC0AC000C01000000EEAC000C01
:10ACC40002000000ACA4000CACA4000CE4A4000C32
:10ACD400ECA4000C0CA5000C14A5000CCFB2000CC5
:10ACE40000010000000000000904902300008023FC
:10ACF400000061726D0048656C6C6F20576F726C58
:10AD040064212025730A006364635F61636D5F30AF
:10AD1400006364635F61636D5F73657269616C0096
:10AD240072302F61313A2020307825303878202055
:10AD340072312F61323A2020307825303878202043
:10AD440072322F61333A20203078253038780A0067
:10AD540072332F61343A20203078253038782072CD
:10AD640031322F69703A20203078253038782072BB
:10AD740031342F6C723A20203078253038780A002C
:10AD840020787073723A20203078253038780A00A1
:10AD94004661756C74696E6720696E73747275634D
:10ADA40074696F6E206164647265737320287231F4
:10ADB400352F7063293A203078253038780A0055C9
:10ADC4006E68616E646C6564204952516E3A202548
:10ADD400640A002A2A2A2A2A205345435552452028
:10ADE4004641554C54202A2A2A2A2A0A0020204166
:10ADF4006464726573733A20307825780A002020E1
:10AE0400496E76616C696420656E74727920706F26
:10AE1400696E740A002020496E76616C6964206949
:10AE24006E74656772697479207369676E6174758D
:10AE340072650A002020496E76616C696420657829
:10AE440063657074696F6E2072657475726E0A0042
:10AE540020204174747269627574696F6E20756E16
:10AE640069742076696F6C6174696F6E0A002020C2
:10AE7400496E76616C6964207472616E7369746979
:10AE84006F6E0A0020204C617A79207374617465B6
:10AE940020707265736572766174696F6E0A002042
:10AEA400204C617A79207374617465206572726FC5
:10AEB400720A002A2A2A2A2A205553414745204645
:10AEC40041554C54202A2A2A2A2A0A00202044695F
:10AED400766973696F6E206279207A65726F0A00F1
:10AEE4002020556E616C69676E6564206D656D6FB9
:10AEF4007279206163636573730A0020205374615F
:10AF0400636B206F766572666C6F772028636F6E53
:10AF1400746578742061726561206E6F7420766147
:10AF24006C6964290A0020204E6F20636F70726F71
:10AF3400636573736F7220696E7374727563746979
:10AF44006F6E730A002020496C6C6567616C206C1D
:10AF54006F6164206F66204558435F5245545552D3
:10AF64004E20696E746F2050430A002020496C6C97
:10AF74006567616C20757365206F66207468652051
:10AF8400455053520A002020417474656D7074203A
:10AF9400746F206578656375746520756E64656685
:10AFA400696E656420696E737472756374696F6E1B
:10AFB4000A002A2A2A2A2A20425553204641554C5F
:10AFC40054202A2A2A2A2A0A002020537461636BF7
:10AFD400696E67206572726F720A002020556E7365
:10AFE4007461636B696E67206572726F720A002008
:10AFF40020507265636973652064617461206275B1
:10B0040073206572726F720A0020204246415220FA
:10B01400416464726573733A20307825780A00209D
:10B0240020496D7072656369736520646174612081
:10B03400627573206572726F720A002020496E7304
:10B044007472756374696F6E2062757320657272B1
:10B054006F720A002020466C6F6174696E672D70F0
:10B064006F696E74206C617A7920737461746520E1
:10B07400707265736572766174696F6E2065727241
:10B084006F720A002A2A2A2A2A204D505520464146
:10B09400554C54202A2A2A2A2A0A00202053746153
:10B0A400636B696E67206572726F722028636F6EBE
:10B0B400746578742061726561206D6967687420B5
:10B0C4006265206E6F742076616C6964290A0020C1
:10B0D4002044617461204163636573732056696F12
:10B0E4006C6174696F6E0A0020204D4D46415220F8
:10B0F400416464726573733A20307825780A0020BD
:10B1040020496E737472756374696F6E2041636352
:10B114006573732056696F6C6174696F6E0A0052AF
:10B124006573657276656420457863657074696FCC
:10B134006E20280053707572696F757320696E7480
:10B144006572727570742028495251200020205372
:10B1540020696E737472756374696F6E20616464C0
:10B16400726573733A2020307825780A002A2A2AD7
:10B174002A2A2048415244204641554C54202A2A28
:10B184002A2A2A0A002020427573206661756C748D
:10B19400206F6E20766563746F72207461626C65D3
:10B1A40020726561640A0020204465627567206529
:10B1B40076656E740A0020204661756C7420657390
:10B1C40063616C6174696F6E2028736565206265C4
:10B1D4006C6F77290A00415243485F4558434550F4
:10B1E40054207769746820726561736F6E202578C6
:10B1F4000A0A002A2A2A2A2A204465627567206DD1
:10B204006F6E69746F7220657863657074696F6EB0
:10B21400202A2A2A2A2A0A002A2A2A2A2A202573A4
:10B2240020256429202A2A2A2A2A0A00464C415326
:10B23400485F30005352414D5F30007573626400C3
:10B244006364635F61636D5F756172743000696E1E
:10B25400746572727570742D636F6E74726F6C6C3A
:10B26400657240343430316130303000757362407F
:10B27400343630303030303000636C6F636B4034C0
:10B284003430313230303000736572636F6D403466
:10B2940035303032303030006D61696E002A2A2A30
:10B2A40020426F6F74696E67205A657068797220E6
:10B2B4004F53206275696C64203061303235373009
:10B2C4003936326161202A2A2A0A00737973776F2A
:10B2D400726B7100286E756C6C29002A666C6F6144
:10B2E400742A00485320436F6E66696775726174EF
:10B2F400696F6E00465320436F6E666967757261AD
:10B3040074696F6E005553424420636F6E736F6CA3
:10B31400652073616D706C65005A65706879722080
:10B3240050726F6A656374003031323334353637A6
:10B334003839414243444546000000000000000003
:10B344000000AAAAAAAAAAAAAAAAEEEEEEEEEEEE15
:10B35400EEEEFEFFFFFFFFFFFFFFFFFFFFFF7FBFDC
:10B36400DFEFF7FBFDFC7EBFDFEFF7FBFD7E3F3F2A
:10B374003F3F3F3F3F3F1F3F3F3F3F3F3F3F3F0335
:10B3840000003F3F3F3F2F3F3F00000500000B38C8
:08B3940000400506070001005E
:10B39C0000000000E520000C00000000000100008F
:10B3AC000000000000000000000000000000000091
:10B3BC000000000000000000000000000000000081
:10B3CC004CA5000C00C201000000080000000000A9
:10B3DC000000000000000000000000000000000061
:10B3EC000000000000000000000000000000000051
:10B3FC0000000000B0010020000000009C010020B3
:10B40C000000000000000000000000000000000030
:10B41C000000000000000000000000000000000020
:10B42C000000000000000000000000000000000010
:10B43C000000000000000000000000000000000000
:10B44C00000000000000000000000000BC00002014
:10B45C00BC00002000000000010000000000000003
:10B46C00B160000C0000000024030020FC00002050
:10B47C000000000000000000000000002D03002070
:10B48C00140100200000000000000000000000007B
:10B49C00000000000004010000000000E7B2000CF6
:10B4AC002203000000000000000000000004010066
:10B4BC0000000000F8B2000C2203000000000000A5
:10B4CC00000000000003030000000000000000006A
:10B4DC00000300000000000000000000000201005A
:10B4EC000000000009B3000C28030000000000005D
:10B4FC000000000000010100000000001DB3000C62
:10B50C001E0300000000000000000000000000000E
:10B51C0000000000ECAC000C040300000000000074
:10B52C008B62000C0000000000000000D8310020ED
:10B53C0000000000000000000000000000040000FB
:10B54C00D8350020000000000000000000000000C2
:10B55C00000400000BAD000C0000000030020020C5
:10B56C00000000004CA5000C5A03002062030020D0
:10B57C006B0300207003002075030020790300206A
:10B58C009C03002085030020A3030020AA030020B5
:10B59C00B10300205A030020620300206B0300203B
:10B5AC007003002075030020790300207E03002027
:10B5BC00850300208E03002095030020B10300209A
:10B5CC00000000005171000CD921000C3922000C34
:10B5DC00A573000C8372000C9973000C0000000022
:10B5EC00D176000C8173000C1173000C000000006C
:10B5FC005371000C0000000000000000000000006F
:10B60C00000000000000000000000000000000002E
:10B61C00000000000000000000000000000000001E
:10B62C00000000000000000000000000000000000E
:10B63C0000000000000000000000000000000000FE
:10B64C0000000000000000000000000000000000EE
:10B65C0000000000000000000000000000000000DE
:10B66C0000000000000000000000000000000000CE
:10B67C000000000000000000E8020020E8020020AA
:10B68C0000000000000000000E00000000000000A0
:10B69C0000000000000000009805002000000000E1
:10B6AC000000000000000000C80000001C03002087
:10B6BC001C03002009020000000100807D0902002B
:10B6CC0000000100807D12010002EF020140E32F17
:10B6DC00040004040000000012010002EF0201400B
:10B6EC00E32F0400040400000000080B0002020217
:10B6FC0000000904000001020200000524001001F2
:10B70C00052401000104240202052406000107059A
:10B71C00810310000A09040100020A000000070559
:10B72C00820240000007050102400000070581036A
:10B73C001000070705820200020007050102000243
:03B74C00000000FA
:0DB74F0000000000000000000000000000ED
:10B75C00C0030020C0030020D02A002000000000FD
:0CB76C00080000001000000000000000B9
:10B7780000000000982B00200004000000000000DA
:04B7880000000000BD
:10B78C00F0030020F00300200C0000000A00000071
:10B79C00582A0020D02A0020582A0020582A00209D
:08B7AC00000000000000000095
:10B7B40000000000000000002004002020040020FD
:10B7C400020002000A00000000000000A8AB000C08
:10B7D400502B002000000000000000004404002062
:10B7E40044040020100010000A000000C77B000C75
:08B7F400D4AB000C982F0020DB
:10B7FC0015AD000C0000000000000000000000006F
:10B80C00000000000000000084A5000C00000000F7
:10B81C00000000000000000000000000000000001C
:10B82C00000000000000000000000000000000000C
:10B83C0000000000000000000000000000000000FC
:10B84C0000000000000000000000000000000000EC
:10B85C0000000000000000000000000000000000DC
:0CB86C004803002036030020000000000C
:10B8780000000000C40100200000000000000000DB
:08B888000000000000000000B8
:10B8900000000000C40100200000000000000000C3
:08B8A0000000000000000000A0
:04B8A80015E015E0B2
:040000050C000A9150
:00000001FF
