:020000040800F2
:10000000883E0020C94A000C19F6000CB54A000CC5
:10001000B54A000CB54A000CB54A000CB54A000CB4
:100020000000000000000000000000000D4B000C6C
:10003000B54A000C00000000C14C000C09AD000CDA
:10004000314D000C314D000C314D000C314D000C88
:10005000314D000C314D000C314D000C314D000C78
:10006000314D000C314D000C314D000C314D000C68
:10007000314D000C314D000C314D000C314D000C58
:10008000314D000C314D000C314D000C314D000C48
:10009000314D000C314D000C314D000C314D000C38
:1000A000314D000C314D000C314D000C314D000C28
:1000B000314D000C314D000C314D000C314D000C18
:1000C000314D000C314D000C314D000C314D000C08
:1000D000314D000C314D000C314D000C314D000CF8
:1000E000314D000C314D000C314D000C314D000CE8
:1000F000314D000C314D000C314D000C314D000CD8
:10010000314D000C314D000C314D000C314D000CC7
:10011000314D000C314D000C314D000C314D000CB7
:10012000314D000C314D000C314D000C314D000CA7
:10013000314D000C314D000C314D000C314D000C97
:10014000314D000C314D000C314D000C314D000C87
:10015000314D000C314D000C314D000C314D000C77
:10016000314D000C314D000C314D000C314D000C67
:10017000314D000C314D000C314D000C314D000C57
:10018000314D000C314D000C314D000C314D000C47
:10019000314D000C314D000C314D000C314D000C37
:1001A000314D000C314D000C314D000C314D000C27
:1001B000314D000C314D000C314D000C314D000C17
:1001C000314D000C314D000C314D000C314D000C07
:1001D000314D000C314D000C314D000C314D000CF7
:1001E000314D000C314D000C314D000C314D000CE7
:1001F000314D000C314D000C314D000C314D000CD7
:10020000314D000C314D000C314D000C314D000CC6
:10021000314D000C314D000C314D000C314D000CB6
:10022000314D000C314D000C314D000C314D000CA6
:10023000314D000C314D000C314D000C314D000C96
:10024000314D000C314D000C314D000C314D000C86
:10025000314D000C314D000C314D000C314D000C76
:10026000314D000C314D000C314D000C314D000C66
:10027000314D000C314D000C314D000C314D000C56
:10028000314D000C314D000C314D000C314D000C46
:10029000314D000C314D000C314D000C314D000C36
:1002A000314D000C314D000C314D000C314D000C26
:0802B000314D000C314D000C32
:020000040C00EE
:100000007BB972B90029BEBF00204FF0004106E065
:1000100008BF00281CBF6FF000414FF0FF3000F018
:1000200057B8ADF1080C6DE904CE002909DB002BAF
:100030001ADB00F069F8DDF804E0DDE9022304B022
:100040007047404261EB4101002B1BDB00F05CF884
:10005000DDF804E0DDE9022304B0404261EB410138
:10006000524263EB43037047524263EB430300F099
:100070004BF8DDF804E0DDE9022304B0404261EB17
:1000800041017047524263EB430300F03DF8DDF855
:1000900004E0DDE9022304B0524263EB43037047FE
:1000A00053B94AB9002908BF00281CBF4FF0FF31DF
:1000B0004FF0FF3000F00CB8ADF1080C6DE904CE44
:1000C00000F022F8DDF804E0DDE9022304B0704717
:1000D000704700BF10F8012B11F8013B012A28BF1F
:1000E0009A42F7D0D01A7047034611F8012B03F853
:1000F000012B002AF9D17047034613F8012B002A7F
:10010000FBD1181A013870472DE9F0478C468E460E
:10011000089E154604461946002B40F0D0807245D3
:1001200047D9B2FA82F74FB1C7F120030EFA07FCA4
:10013000BD40BC4020FA03F343EA0C0C4FEA154ED5
:10014000A8B2230CBCFBFEF80EFB18CC08FB00F990
:1001500043EA0C43994528D9EB1808F1FF3204D241
:10016000994502D9A8F102022B44A3EB0903A4B2DA
:10017000B3FBFEFC0EFB1C330CFB00F044EA034413
:10018000A04214D92C190CF1FF3304D2A04202D999
:10019000ACF102032C44241A43EA02401EB1FC4095
:1001A000002334607360BDE8F0874246DDE76346B4
:1001B000F1E7002A79D0B2FA82F3002B3FD019463A
:1001C000C1F1200302FA01F500FA01F42EFA03F25C
:1001D0000EFA01FE20FA03F3AFB243EA0E034FEA30
:1001E000154EB2FBFEFC0EFB1C201A0C0CFB07F894
:1001F00042EA004290455AD9AA180CF1FF3004D2C5
:10020000904502D9ACF102002A44A2EB08029BB24D
:10021000B2FBFEFC0EFB1C220CFB07F743EA024379
:100220009F4246D9EB180CF1FF3204D29F4202D90B
:10023000ACF102022B44DB1B42EA004202E0AEEBCF
:10024000020301224FEA154EAFB2200CB3FBFEFCB5
:100250000EFB1C330CFB07F840EA034398452AD9F0
:10026000EB180CF1FF3004D2984502D9ACF1020032
:100270002B44A3EB0803A4B2B3FBFEFC0EFB1C3320
:100280000CFB07F744EA0344A74216D92C190CF1DA
:10029000FF3304D2A74202D9ACF102032C44E41B81
:1002A00043EA00400F46114678E71F2188E7604681
:1002B000ABE76246BFE76046DBE76346EFE77345BF
:1002C00006D916B9002108466DE7C6E9000EF9E720
:1002D000B3FA83F787B9734501D3824207D8841AEA
:1002E0006EEB030301209C461EB900215BE73846F4
:1002F000FAE7C6E9004CF8E7C7F1200CBB4000FA6A
:1003000007F422FA0CF520FA0CF1BA401D432EFA3C
:100310000CF30EFA07FE4FEA154941EA0E011FFAE7
:1003200085FEB3FBF9F809FB18300B0C08FB0EFA3D
:1003300043EA00439A4540D9EB1808F1FF3004D254
:100340009A4502D9A8F102002B44A3EB0A0389B213
:10035000B3FBF9F809FB183308FB0EFE41EA034131
:100360008E452CD9691808F1FF3304D28E4502D985
:10037000A8F10203294443EA0040A1EB0E01A0FBCF
:1003800002984145CE46434602D306D14C4504D29D
:100390000138B9EB020E68EB0503002EA5D0B4EBD3
:1003A0000E0261EB030101FA0CFC22FA07F3F9409B
:1003B0004CEA0303C6E9003197E74046C5E74346E8
:1003C000D9E70000000000002DE9F0470446884608
:1003D000174688B011F009FC0A220023FFF760FEDF
:1003E000B8F1010F06460D4607D102460B462046DE
:1003F00027490EF0DDF8002011E07F6825483946D6
:10040000FFF768FE70B139462348FFF763FE48B135
:1004100020463A4621490EF0E7F86FF0040008B094
:10042000BDE8F087304618A3D3E900232946FFF73B
:10043000E7FD06460D4610461946194A0023FFF708
:10044000DFFD80460F46104619464EF66022002317
:10045000FFF7D6FD82468946104619464FF47A7258
:100460000023FFF7CDFDCDE902A9CDE90623CDE9B3
:10047000040132462B462046CDE9008709490EF09B
:1004800097F8B8E7AFF30080005C26050000000095
:100490009F36010CB036010CB336010CBC36010C92
:1004A00080EE3600D436010C2DE9F041884600AFCD
:1004B000002900F084800568012228460CF09DFF89
:1004C0000146044628460CF052FF10EA020319D1F7
:1004D0003C48026856070DD06E4688B06A463A49D5
:1004E000CDE90518032142F8101F4FF4C25101F065
:1004F000ADF9B546002383F31188BFF36F8F042352
:10050000184602DF214628460CF047FF26183146E0
:10051000002228460CF02BFF361AB4421BD0294883
:10052000036859070FD06E4688B06946274BCDE95E
:100530000538032341F8103F13460A464FF4C251D1
:1005400001F084F9B546002383F31188BFF36F8F60
:100550000423184602DF0022214628460CF023FF20
:1005600021460CF01AFF26180122314628460CF0CD
:10057000FEFEC20708D4314628460CF080FF324602
:10058000214628460CF0F2FF0022214628460CF0B6
:10059000EEFE261A0122314628460CF0E8FEC3077B
:1005A00009D4314628460CF06AFF224631462846D7
:1005B0000CF0DCFF3446214628460CF0F5FFBD4622
:1005C000BDE8F081DC0300205334010C2A34010C17
:1005D0002DE9F04F91B0009302F004030293C2F3AF
:1005E000C2030133840705460E46DDF868A0039276
:1005F000059340F09C81041D002849D101F00706B5
:10060000341DC6F10806009B00274FF004085A1E4F
:100610004FF0FF33B9460193BB46434604970DB1F3
:10062000009921600598002800F3D6808F48009932
:10063000814203D38E488142C0F0CE800399601B73
:1006400011F0020C40F0D680B9F10F0F00F2CF800C
:10065000002D00F0D68009F140010DEB010E01994B
:10066000C0F387000EF8200C0EF8101CBCF1000F30
:1006700000F0C38060F07F000EF8200C013709F114
:100680000109C5F108014FF6DA7E043406918CE0C9
:100690000729B8D86FF01B0011B0BDE8F08F7A2899
:1006A0005BD84B280FD8472857D829282ED825287B
:1006B00050D052D8202818BF23280CBF4FF0010B70
:1006C0004FF0000B71E04C382E2846D8DFE800F0E0
:1006D0006D4545454545454545454545484545459F
:1006E0004545454545564548485656566D486A4520
:1006F0006D4518481845457F7C48454548457C0070
:1007000000204FF0000B4FF0040835E001212A389B
:10071000C0B201FA00F010EA0E0F46D110F0625C90
:100720002CD110EA010B40D06046013C4444B4FB9C
:10073000F8F408FB04F425B1A3EB050CA444B4457C
:10074000A8D8002870D00599013905915AF8041BE2
:10075000009164E70199013901914FF0000B24E009
:1007600012F8010C6C2834D1002012F8023C8346A8
:100770006C2BC8D14FF008084346D6E70AF1070AA8
:100780002AF0070A073424F00704FAE802BC35B15E
:1007900006982044B0423FF67DAFC4E900BC4FF05C
:1007A000000B08344FF00808434612F8010F0028E8
:1007B00053D0BBF1000F7FF472AF2528F5D14FF075
:1007C000010B019B013301934FF00408ECE75846FD
:1007D00097E700208346A8E7039988077FF551AF84
:1007E0004FF0010C601BB0F5007FFFF42DAF6FF0F0
:1007F000150051E74FF0000CF5E704980130049024
:100800003DE7BCF1000F01D0013638E7029802360F
:1008100000287FF434AF0098CDE90632FFF76CFC76
:10082000DDE9063206442AE7042B08D10AF1040068
:1008300015B1DAF80010216082460434B5E70AF1F8
:10084000070323F0070303F1080A1DB1D3E90001F0
:10085000C4E9000108230834A7E7631BB3F5806FE0
:10086000C5D23DB9A6F10804E01815E76C1F010CCC
:10087000786F010C029A9B0828602B709DF810304D
:10088000AAB1EB70AF702FB1002208A8C5F1010C1E
:1008900091450ED14FF0000AC5F101030DF120087A
:1008A00001930DF1300BD14512D1601BF4E66B7052
:1008B000E8E710F8013B190608D50CEB040EB64525
:1008C00003F07F033FF6E6AE04F8013B0132DFE7B9
:1008D0001FB198F90020002A17DB029BD3B11AF848
:1008E0000B2004F8012B0022019B18191044B04280
:1008F0003FF6D0AE98F80000009904F8010B2046AE
:10090000039211F03FFA039A14440AF1010A08F124
:100910000108C8E798F8002055F822300093029BA0
:10092000009845F82230FFF7E7FB421CDCE76FF048
:100930000D00B1E62DE9F04F97B000AF05468A46AD
:10094000C7E90A3249B903784678807800EB83001A
:100950002844564524D8A0EB050AD7F8803095F8EE
:10096000028003F00103D7F88040FB61EB78B8F117
:10097000000F0CBF002404F001047B621BB1D7F808
:1009800080309A0715D4A4B9FB6A1BB1514628469A
:10099000BA6A9847564630465C37BD46BDE8F08F88
:1009A000441C2046FFF7A8FB013020440AF1010A4D
:1009B000CFE7D7F88030C3F3C0033B622B78BB612D
:1009C0009B003B616B687B61BB6905EB830BFB6A3A
:1009D000002B7BD15646D844BCB11C461BF8013BCA
:1009E00055F82300FFF788FBD7F88430013043B176
:1009F000D7F88830A34282BFD7F8843023F8140098
:100A00000134C3450644E9D1D846D7F880304FF0C9
:100A1000000913F0050F0CBF4FF0020B4FF0010B54
:100A20007B6A9945B7D298F8013008F1020855F869
:100A300023A0B04B9A45C0F05081AF4B3A6A9A451B
:100A40002CBF002301232AB318F8021C7869FB622B
:100A50000CF02EFFFB6AE8B1A848036813F0060FFC
:100A600014D0EA468AB06A46A54B05937B69CDE966
:100A700006314FF40073ADF82030A24B42F8103F1E
:100A800000234FF4125100F0E1FED546023E09F179
:100A90000109C5E723B1FB6933B9A6EB0B06F6E7FD
:100AA000D7F880309B07F2D55046FFF725FBD7F8E3
:100AB00084304BB1D7F888309C423FBFD7F88420B0
:100AC000431C22F8143001340644E0E7002C6AD1BC
:100AD000B8F1000F6DD0D7F8803058076CD5C146FB
:100AE00007F148004246594611F04CF900220BEB41
:100AF0000803FB600233796A8A425FD3D7F880200B
:100B000095F801B0F969920704EB0B0348BF002286
:100B1000DBB258BF4FEA5902002940F0A680D7F84F
:100B2000801011F0040F14BF494600216B70A970AA
:100B3000EA702846BA6A3969FB6A9847061EFFF6CA
:100B40002AAFBB6949462B707B6ABA6AEB7085F89D
:100B500001B0FB6A85F8028007F148009847B0F1C0
:100B60000009C0F2B6803B697A6A786A03EB4201F9
:100B7000FB68414403EB4000BA6AFB6AAAEB01013F
:100B800098470028C0F2A7804FF0000BB14409EB52
:100B9000000607F1380AA34569D30021BA6A08465E
:100BA000FB6A9847F7E644464FF0000907F1380022
:100BB00098E74446C14699E7A14697E713F8016CC8
:100BC000DFF830C155F8260013F8021C6045C0F06C
:100BD0008A80DFF824C16045386A2CBF4FF0000BD3
:100BE0004FF0010B38B17869C7E901320CF060FEB3
:100BF000D7E90132F0B9BBF1000F1ED0F96949B154
:100C0000611C04F1280007F13004041904F8206C79
:100C1000CCB20FE0D7F8801049070BD509F12800B6
:100C200007F1300C09F1010100EB0C0909F8106C17
:100C30005FFA81F9013202335DE7D7F8800080075F
:100C4000DED409F1280C07F1300EF44409F101005B
:100C50000CF8101C07F1580109F1020951FA80F053
:100C60005FFA89F900F8106CE4E700215EE71BF8F1
:100C70000A3055F8239087F83730D7F884302BB3F3
:100C8000D7F888309B4521D2D7F8843033F81B80C1
:100C90000121BA6AFB6A07F13700984700281ADB7E
:100CA0000644B8F1000F06D14846FFF725FA00F1D7
:100CB00001081FFA88F841464846BA6AFB6A984715
:100CC000002808DB06440BF1010B64E74FF0000835
:100CD000DEE74E465FE606465DE63B6A002B3FF4E4
:100CE000DFAE0023B0E6386A0028A6D04FF0000B34
:100CF00079E700BF6C1F010C786F010CB403002072
:100D00008034010C0400000130B50446EFF3118576
:100D1000202383F31288BFF36F8F044B0FCB84E83B
:100D20000F0085F31188BFF36F8F30BD5805002089
:100D300001281FB50C4605D004281DD06FF0150002
:100D400004B010BD10F051FF42F210720023FFF703
:100D5000A7F9104BC4E900015A43A2606846FFF7A7
:100D6000D3FF694620460CF0C0FD18B90A4B0FCBE3
:100D700084E80F000020E3E710F037FF42F2107222
:100D80000023FFF78DF9034BC4E900015A43A26029
:100D9000F0E700BFA08601003828010C01287FB5CC
:100DA0000D462DD18A68184B9A4229D810F01DFFA4
:100DB00042F210720023FFF773F9144B404202FB1A
:100DC00003F361EB4101CDE900016846029300F0B5
:100DD000C5F8294668460CF088FDEFF311862023FC
:100DE00083F31288BFF36F8F9DE80F00084D85E8ED
:100DF0000F0086F31188BFF36F8F002004B070BD21
:100E00006FF01500FAE700BFFFC99A3B6079FEFF5B
:100E100058050020014B1860704700BF30000020CB
:100E200080B505460E46174698460BF099FA0346DC
:100E300003F090FF0446DFF81890424649F800306E
:100E400039463046A84754F8090003F023FF00BF95
:100E5000080000002DE9F84340F26C73446905690D
:100E6000E1170135E41841F10001022D8CBF002388
:100E70000123E41AC76861F100010029064607F161
:100E8000FF374EDA6FF4C7704FF4C8720023201892
:100E900061F10001FFF7B4F8244B4FF03C0E03FB67
:100EA0000044D6E900834FEAE37C99466346032D6C
:100EB000024634BF09206FF00200B6680544C6FB45
:100EC0000E93A9FB0EC60EFB036640F26D1E992021
:100ED000A3080EFB04333B44642745430520B4FBC1
:100EE000F7F40235B5FBF0F51B1B114C1CEB080C9D
:100EF000A2FB042004FB01012B4446EBE876981882
:100F00000C4A41F1000380180B4A63F10003A0FB77
:100F1000020102FB031110EB0C0041EB0601BDE8DE
:100F2000F8834FF4C87200232046B3E770FEFFFF3A
:100F3000B13A02009405F5FF8051010010B5FFF7AA
:100F400089FF0024024603F005FF0B460249445086
:100F50001046194610BD00BF0C00000070B51F4BB5
:100F600082689A4215DDD0E90016013392FBF3F353
:100F7000012976F100054FEAE3741CDAC91844EB45
:100F80000604C0E90014164901FB03238360012015
:100F900070BD002AFBDAD0E90041124E9B1A0029ED
:100FA000B3FBF6F310DA01F100459C4275F1000540
:100FB0000ADA0020ECE7CD439D426FF00045A5EB37
:100FC0000605A541DADAF4E706FB0322E41A61F12B
:100FD0000001C0E900418260D9E700BFFFC99A3B28
:100FE000003665C400CA9A3B08B500F0B7F8012284
:100FF00000230949C0E9002241610849C0E90233E0
:101000000A60074903610A60064A1360064A1360D2
:10101000064A136008BD00BF7039010C5000002063
:101020004C000020E8120020E4120020E012002012
:101030002DE9F04781468846174600F08FF8C368CF
:1010400004461BB943691A78002A3ED10023E360A5
:1010500063684B4558F8232008DB314B6361204619
:1010600000F060F84FF0FF30BDE8F087511C61617F
:1010700092F800A0BAF12D0FEFD1951C656156785A
:101080002D2EA66004D1927872B901336360E4E733
:1010900056B9234D51463846656110F0B1FE00281F
:1010A000DDD05646C4F808A03146384610F0A8FEF8
:1010B0003A2E00D070B92B7813B96368013363609E
:1010C000204600F02FF83F20CEE75D1C45611E78DA
:1010D0008660E9E743783A2B0BD0002323612B7815
:1010E00013B9636801336360204600F01BF8A06801
:1010F000BAE72B780A4A33B96368013399456360CC
:1011000004DD58F82350C4E90452EAE762613D78EF
:1011100020463A2DD5D100F005F82846A4E700BFB7
:101120007039010C0168084A084B11604168084A8F
:1011300011608168074A1160074AC168116002693D
:101140001A6004F0FDBA00BF50000020E012002039
:101150004C000020E8120020E412002000487047F4
:10116000340000202DE9F047044607464FF00109FE
:10117000DFF84C8094FAA4F5B5FA85F509FA05F381
:101180002E0108EB05156FEA030A24EA03042B7B02
:1011900063B158F806301B696BB946447368032283
:1011A0002846196807EA0A070CF01AFF002CE1D15B
:1011B0003846BDE8F087284698470028F6D1ECE786
:1011C0008C26010C10B5002288B00E490E4810F094
:1011D00054FD002200230024CDE906230E234FF402
:1011E0004072CDE90334CDE90144084B084900942D
:1011F00008480AF089FD084906480AF05DFC2046C7
:1012000008B010BD1D12000C280A00205515000C56
:10121000481E0020680500203F35010C01480AF0F7
:101220004BBA00BF900400202DE9F04780462048CB
:101230000F460CF0A9FE0646002832D000252846AD
:10124000BDE8F087237B83B12368DB680BB12046C0
:101250009847636883F8069023681B69CBB9636875
:101260000322204619680CF0BBFE013610345445A9
:10127000E8D3B8F1000FE2D0002DDFD02846FFF709
:1012800071FF0546002FF7D00021642010F0E4FB29
:10129000F2E7204698470028E1D009FA06F31D43FB
:1012A000E3E705464FF00109024CDFF80CA0DEE74A
:1012B000FC1200208C26010C9C26010C08B503466C
:1012C00008462BB1044A136000F02CFD002008BD35
:1012D0006FF01500FBE700BF5400002010B5044C70
:1012E000237813B903480AF0E7F90123237010BDEE
:1012F0001C1A00209004002010B5044609480CF088
:1013000043FE3CB1084BD3E8EF1F0139C3E8E21FAD
:10131000002AF8D105480BF007FBBDE8104004484F
:101320000AF0CAB9F4120020F8120020280A00209E
:10133000900400200022044BD3E8EF0FC3E8E12F14
:101340000029F9D1704700BFF412002070B5FFF7F3
:10135000F1FF0546074C084EB44200D370BD6368E8
:101360005B792BB123685B6813B129462046984707
:101370001034F1E78C26010C9C26010C10B5044CAE
:10138000044920460CF0F1FB034B1C6010BD00BF6C
:10139000780300209428010CEC12002000230E4A50
:1013A00010B513700D4A4FF47A7113600C4A0D4852
:1013B0001360FFF783FFFFF7E1FF00F077F90A4BB7
:1013C0000A4918468B4200D310BD1A1A5C681211E4
:1013D000013222711033F5E71D1A0020F4120020AB
:1013E000F81200209BDF000C8C26010C9C26010CBF
:1013F00001460022002301480CF0D8BB78030020EE
:1014000001480CF06FBC00BF78030020024B01467E
:1014100018680CF0C2BC00BFEC12002001480CF0B0
:10142000F7BC00BF780300202DE9F041324B1B7858
:10143000002B5DD0FFF7E4FF0446002854D12F4B6A
:101440002F4D1B68002B12DD10F0CFFB0A2200236A
:10145000FEF726FED5E90032C01A40F2E93361EB0F
:101460000201984271F1000101D3FFF76FFFD5E946
:10147000003213F57A7342F10002C5E90032002C04
:1014800036D0BDE8F041FFF7C9BF6B685B793BB16F
:1014900021784B0713D52B68214628461B689847AF
:1014A00010354545F1D32046FFF7B0FF154BD3E883
:1014B000EF1F0139C3E8E21F002AC0D0F7E720463A
:1014C0002688C1F3C20700F09FFAC6F382160246CF
:1014D000002EE0D00028DEDB01233946284600F04C
:1014E0008FF9B042DCD3D6E7074DDFF82080D8E78C
:1014F0000020BDE8F08100BF1C1A0020F41200207B
:10150000200A0020F81200208C26010C9C26010CD9
:1015100070B50D4D297861B90120FFF785FE0B4CA0
:101520000B4EB44206D3FFF77FFF0028FBD1012307
:101530002B7070BD63685B791BB1236820469B6884
:1015400098471034EDE700BF1D1A00208C26010CCF
:101550009C26010C00212DE9F8430846FFF764FEA4
:10156000044648B34FF4FA784FF0000903F0F2FB59
:101570001A4B1B4A1B58136033B11A4B1B68092BBB
:1015800002DD19480AF098F80025184F44B12046AA
:10159000FFF7E8FD044618B94FF0FF384FF0FF3968
:1015A000FFF742FF064628B9B5B90F4842464B46F9
:1015B0000AF0B6F83546E9E74FF0FF384FF0FF394B
:1015C000D4E72B689B691BB1002228461146984737
:1015D0001035BD42F5D3E8E7054DFAE708000000F5
:1015E000F0120020F8120020900400209C26010C2C
:1015F0008C26010C13B518480CF0C6FC174B1B7851
:1016000073B1EFF31184202383F31288BFF36F8F3C
:10161000FFF70AFF84F31188BFF36F8F02B010BD8C
:101620000F4B1B68002BF9D050B9002200230D4846
:10163000CDE9002342F2107200230BF03DF9EDE7F3
:101640000928EBD107480BF06FF9074802B0BDE855
:1016500010400AF031B800BFF81200201D1A002017
:10166000F0120020280A00209004002010B5064B3C
:1016700004461B6898472146A06004480CF013FB01
:10168000BDE81040FFF7B6BF5400002078030020EB
:10169000044A054B9B1AB1EBD30F34BF52F831000B
:1016A00000207047AC25010C8C26010C0021084B52
:1016B000084A09489B1ADB08994200D17047026822
:1016C000013122F0070242F0030240F8042BF3E755
:1016D0008C26010CAC25010CB4030020F8B506469D
:1016E00000240A4F0A4BDB1BDD08AC4203D14FF04C
:1016F000FF342046F8BD57F8340020B13146FEF7DC
:10170000E9FC0028F5D00134EFE700BFAC25010C5F
:101710008C26010C00282DE9F047884615461F4607
:101720001DDA4FF0000A5446DFF89090244EA6EBE5
:1017300009063609B24509F1100902D12046BDE873
:10174000F08759F80C0C3B462A4641460079FFF7D2
:10175000E1FF844238BF04460AF1010AEAE7194B67
:10176000194AD21AB5EBD20F26D203EBC5031C7966
:10177000BC4228BF3C460722144EC0B200EB4000DA
:1017800056F82530824023EA020304F00702824023
:1017900013430021032223FA02F000F007008142E4
:1017A00002F1030238BF01461E2AF4D123F00703D9
:1017B0000B4346F82530C1E70024DCE78C26010CFA
:1017C0009C26010CAC25010C8C26010CB4030020D6
:1017D000F8B506460F460024074D084BED1AED08F4
:1017E000AC4200D3F8BD002122B23B463046013462
:1017F0000CF0EEFBA4B2F3E78C26010CAC25010C37
:1018000070B14168097973B1002A17DBCBB20C497A
:1018100003EB430351F82200D84000F00700704763
:101820004FF0FF31EFE707490748401AB2EBD00FFE
:101830003ABF01EBC201087918467047042070478F
:10184000B4030020AC25010C8C26010C2DE9F04FCF
:101850008FB0C1F34A2604AF0D469046B8607B6056
:101860000C0D002E65D04FF000090A234FF0040B39
:1018700007F1140AFE60C7E90799C7F8249000939E
:10188000CDF808B0CDF804A007F11C034A46404645
:10189000F968FFF74FF8B0F5006F034620D32948E9
:1018A000036813F0060F17D06C468AB0D8F80410FE
:1018B00004AB254D1A46C3E9055140F2FF71D961C9
:1018C0004FF400711984214B42F8103F4FF412512C
:1018D0004B46FFF7BBFFA5462C37BD46BDE8F08F52
:1018E000C0F30A0604F11700184420F0070080082E
:1018F0003B60FFF77DFD66F35325044680B13B68EE
:1019000000F11001C7E908390A23F961CDE901ABFB
:10191000009340460E4AF96807F11C03FFF70AF8E6
:1019200066F353252A4620467B68B9680CF08CFB89
:10193000D2E704F1170020F007008008FFF758FDF8
:101940000446EDE7C40300205435010C04000001F7
:101950001BE0000C2DE9F04F87B00546DDE9106B68
:10196000DDE9127A884614469946DFB110213B46DC
:101970005A460020CDF800A0CDF814A0FEF728FEAE
:10198000B0F5006F01460FD31D48036813F0060F32
:1019900032D040F2FF7302211A4A07B0BDE8F04F7F
:1019A0000CF0ABBB3946384604F0070305F00704DA
:1019B000E40044EA831444EA402444EA065406F16D
:1019C0001700084420F0070080080391FFF710FD7E
:1019D000054640B13FB13B465A460399CDF800A0B9
:1019E0001030FEF7F5FD4B4622464146284607B02B
:1019F000BDE8F04F0CF028BB07B0BDE8F08F00BF8A
:101A0000C40300209335010C406820B1034BC01A79
:101A100040F38F0070474FF0FF307047B403002051
:101A20000EB403B503AB53F8042B014604480193ED
:101A300003F0D0FB02B05DF804EB03B0704700BFC9
:101A40005DE1000CCA0605D48B064CBF0249034970
:101A5000FFF7E6BF704700BF6F39010CCB35010CB3
:101A60002DE9F04F89B098469DF85090159B04469B
:101A700006930D46DDE916A3189F05920493B9F16C
:101A8000000F00F0B08007F4807307930CF09EFA0B
:101A900007F0020B0246002874D020467749FFF772
:101AA000BFFF0646BBF1000F08D017F0440F6BD103
:101AB0002A4620467249FFF7B3FF064407F00103A8
:101AC00053B1704B204653F829206F4B6F49002AC1
:101AD00008BF1A46FFF7A4FF07F48073002B07F036
:101AE000080318BF4FF00008002B79D0684B204640
:101AF00053F829206749FFF793FF0546059B2BB153
:101B00001A4620466449FFF78BFF0544B8F1000FE1
:101B100005D0424620466149FFF782FF05446048F0
:101B20003544069B1BB122465E490BF090FE049B98
:101B3000002B00F08E80DDF810803946B8F1100FD0
:101B4000204628BF4FF010080026FFF77BFFB54264
:101B500050DC0026334620461AF803205249FFF78E
:101B60005FFF0136102E4BD0710703D120464F493D
:101B7000FFF756FF46453346EDD320464C49FFF765
:101B80004FFFEEE706468DE74A4B1868002894D0D1
:101B9000494B4FF47A7B1B684FF03C0CB5FBF3F5D7
:101BA000B5FBF0F14FF4616300FB11550BFB05F53C
:101BB000B1FBF3F2B5FBF0FE03FB121100FB1E5567
:101BC000B1FBFCF30BFB05F5B5FBF0F50CFB1311BA
:101BD00020460091CDE901E53849FFF721FF6CE788
:101BE00007F008058AE7B8F1010F4D460CBF2C48F5
:101BF000334896E720462D49FFF712FF0136A6E746
:101C0000002620462F49FFF70BFF33461AF8032022
:101C10002046A2F120035F2B28BF2E222A49FFF77E
:101C2000FFFE0136102E0DD0720703D120461F494A
:101C3000FFF7F6FEB0453346E8D820461B49FFF7CC
:101C4000EFFEEEE7049BC244B3EB080304937FF47A
:101C500072AFB9F1000F0AD0FB0704D520460A4A3B
:101C60000A49FFF7DDFE39462046FFF7EBFE204626
:101C700009B0BDE8F04F0CF064BA00BF7E43010C20
:101C8000D335010CA828010CCE35010C1B3C010CEE
:101C9000BC28010CF835010CFE35010C0236010C94
:101CA0005DE1000CD551000C0736010C0F36010C1C
:101CB0000D36010C0413002000130020DC35010C4C
:101CC0008BE1000C1136010C6243010C42F20F73E0
:101CD00073B58B4228BF0B4605680446052168464C
:101CE0000D4A0AF06FFF0646636828460B225B68C0
:101CF0000A490CF018FA63683246694628465B6860
:101D00000CF011FA63681B2228465B6804490CF04A
:101D10000AFA02B070BD00BF1653010CBE6D010C73
:101D2000A26D010C00210123064A904206D8064A02
:101D300001B901231360054B186070470121400869
:101D40005B00F2E740420F00001300200413002064
:101D5000014B036000207047D028010C10B50446E9
:101D600009F0A2F80349024620460CF021FC0020AD
:101D700010BD00BF4A36010C37B513460022054698
:101D800001920A21586801AA01F0C8FD019C4CB9D2
:101D90000A2120EAE070A0FB01010FF05DFE204661
:101DA00003B030BD2246284602490CF01DFC019CC0
:101DB000F5E700BF7636010C08B5034A03490CF07D
:101DC000F7FB002008BD00BF6637010C6C37010C23
:101DD000F7B51746002305460A2101AAB868019302
:101DE00001F09CFD1749C6B228460CF0EFFB019CA0
:101DF00044B12246284614490CF0F6FB019C2046CB
:101E000003B0F0BD042E09D9324628460F490CF024
:101E1000EBFB28460CF01DFC0124F0E77868FFF787
:101E20005DFC021E07DA28467A6809490CF0DCFBE3
:101E30006FF01504E3E733462146204612B20CF05A
:101E4000C7F8DCE78F37010CF537010C1C38010CA3
:101E50003338010C002307B50090694604488DF81B
:101E600004300AF033FB9DF8040003B05DF804FB76
:101E700013E2000C38B50446EFF31185202383F3F9
:101E80001288BFF36F8F08F0F1FF024685F31188C7
:101E9000BFF36F8F064920460CF08AFB20460549A8
:101EA0000CF086FB214604480AF02AFB002038BDCE
:101EB0009238010CB138010CBD1E000C70B58EB00B
:101EC00004460D46D0F8A0600FF0D0FC034602F0A7
:101ED00041FF214A1158214A2148002B18BF1A46B8
:101EE0000092204A23468C4218BF024628461E49CB
:101EF0000CF05EFBD4E90A23CDE90023284694F9CF
:101F00000E30A28919490CF053FB06A92022204665
:101F100009F0E2FDA36E0246154928460CF048FB85
:101F2000204605A90FF0B0FC024628B12846114909
:101F30000CF03EFB0EB070BD6422059B2846F11AE2
:101F40004A43B2FBF6F20091CDE901620A493246FA
:101F50000CF02EFBEEE700BF08000000BB38010CC0
:101F60000F36010C214E010CBE38010CCA38010C91
:101F7000F638010C0D39010C3A39010C30B5044624
:101F800091B008AD2022002128460FF021FF1A222F
:101F9000202128460FF01CFF214610480AF0B0FA15
:101FA00007AA4FF400610E480FF062FC6423079A01
:101FB0002046C2F500614B43DB0A05934FF40063F2
:101FC0000095CDE90313CDE9013206490023044A07
:101FD0000CF0EEFA002011B030BD00BFE91F000C7C
:101FE000483100208639010C70B504460D46D0F802
:101FF000A06088B007A90FF047FC024628B1284628
:102000000E490CF0D5FA08B070BD20460FF02EFC3A
:102010006422079B0096F11A4A43B2FBF6F2CDE91F
:102020000131074BCDE90362002818BF0346224661
:10203000284604490CF0BCFAE5E700BF0D39010C55
:10204000BB38010CCF39010C38B5134605461022B8
:10205000002158680AF054FE0446FFF7FBFE38B929
:10206000224628460D490CF0BFFA6FF0150038BD26
:1020700002F070FE0A4B1B589C4204D128460949C5
:102080000CF0B2FAF1E7204609F0DCFD28462246C2
:1020900005490CF08DFA0020E9E700BF333A010C46
:1020A000080000004E3A010C763A010C38B5134690
:1020B00005461022002158680AF022FE0446FFF768
:1020C000C9FE38B9224628460D490CF08DFA6FF04A
:1020D000150038BD02F03EFE0A4B1B589C4204D14D
:1020E000284609490CF080FAF1E7204609F0CAFDBC
:1020F0002846224605490CF05BFA0020E9E700BFBC
:10210000333A010C08000000B53A010CDB3A010C2F
:1021100038B5134605461022002158680AF0F0FD34
:102120000446FFF797FE38B9224628460D490CF0C1
:102130005BFA6FF0150038BD02F00CFE0A4B1B581D
:102140009C4204D1284609490CF04EFAF1E720469A
:1021500002F0A0FD2846224605490CF029FA00208D
:10216000E9E700BF333A010C08000000163B010C00
:102170003B3B010C10B50C4600210CF0D1FC00B12A
:1021800000680023024A2060C4E90123E36010BD17
:102190003F50010C10B50C4600210CF0C5FC00B1FD
:1021A00000680023024A2060C4E90123E36010BDF7
:1021B0003F50010C70B50546506814460CF0B8FC51
:1021C000064640B9626828460F490CF00DFA6FF0D8
:1021D0001204204670BD0FF04CF930B162680B4913
:1021E00028460CF0D7F90024F3E730460FF038F911
:1021F0006268044628B10346054928460CF0F4F904
:10220000E7E70449ECE700BF733B010C883B010C96
:10221000AA3B010CD73B010C2DE9F04F8FB00446CF
:1022200001A88846914608F053FE019F08212D4AD7
:1022300007EB401720460CF0A0F9019EBE4203D3E5
:1022400000200FB0BDE8F08F35680DB12B7833B9A1
:1022500033463021244A02A80AF0B4FC02ADB8F19A
:10226000020F07D12846D9F804100FF007FE08B96D
:102270002036E3E72B46082120461C4A0CF07DF966
:1022800030460FF0F6F81A4A1A4B0821002808BF0A
:1022900013462046184A0CF070F9F369002BE7D07A
:1022A0001D68002DE4D02B68002BE1D008212046CA
:1022B000124A0CF062F9AB464FF0000A2B68534506
:1022C00005D8082120460E4A0CF057F9D0E708211E
:1022D00020465BF8043F0B4A0CF04FF90AF1010A63
:1022E000ECE700BF0A3C010C143C010C193C010C4A
:1022F000013C010CFB3B010C813B010C1E3C010C21
:102300006F39010C1A3C010CF7B5137806463A2BCD
:102310000F46154614D1541C23783A2B28D101348A
:102320000A22204601A90AF077FC019A0346A2423C
:10233000386017D01078A8B93C2B15D915490EE094
:102340000A22284601A90AF067FC019CB860AC4249
:1023500008D023783A2B05D1172807D90E493046E3
:102360000CF042F96FF0150003B0F0BD0134D3E773
:102370000A22204601A90AF04FFC019B7860A34283
:10238000F0D01A783A2AEDD13B2801D90349E6E783
:102390005C1CC5E7BE3C010CA03C010CAE3C010C32
:1023A0002DE9F0410D4694B006A9044601201746D8
:1023B000FEF7BEFC0BA906A80AF058FB032D55D169
:1023C0007D680A22284605A90AF026FC059E80465B
:1023D000B54215D032782D2A12D101360A22304664
:1023E00005A90AF019FC059B9E4209D01A782D2AEE
:1023F00006D1451E0B2D0CD92E4920460CF0F4F8C1
:1024000020460CF026F96FF01505284614B0BDE8FB
:10241000F0815E1C0A22304605A90AF0FDFB059BEF
:102420009E42EDD01B78002BEAD1431E1E2B01D912
:102430002149E2E7A8F26C73CDE90F53BA680E9018
:1024400020460BA9FFF760FF0028D9D10BA8FEF7A3
:1024500075FDB1F1FF3F08BFB0F1FF3FCDE90601C7
:1024600008D1204615490CF0BFF8CCE7022DC7D1A2
:102470007A68E5E700230893012006A9FEF78EFCA1
:10248000054628B102460E4920460CF0ADF8BAE7E1
:102490000B9B109A03930C9B204602930D9B0949BA
:1024A00001930E9B02F26C7200930F9B01330CF0B0
:1024B0007FF8AAE7CE3C010CDD3C010CEA3C010CA4
:1024C000133D010C2A3D010C10B5044692B004A93D
:1024D0000120FEF72DFC09A904A80AF0C7FA099B00
:1024E0000E9A03930A9B204602930B9B0649019385
:1024F0000C9B02F26C7200930D9B01330CF058F8A8
:10250000002012B010BD00BF2A3D010C2DE9F041A2
:102510001446884607461022002160680AF0F0FB46
:10252000B8F1020F06461CD90A220021A0680AF061
:10253000E7FBC5B22A4638461E490CF039F8B8F117
:10254000030F1DD8102D0ED0202D0FD0082D0FD128
:102550003278D2B20023384617490CF029F800200F
:102560000CE02025E6E7328892B2F3E73268F1E723
:10257000384612490CF01CF86FF01500BDE8F081E8
:102580001022E06800210AF021FC0B4602460446B6
:102590000B4938460CF00CF8102D06D0202D07D032
:1025A000082DE5D1E4B23470D9E7A4B23480D6E77F
:1025B0003460D4E7793D010CA43D010C8E3D010C43
:1025C000B73D010C00232DE9F04791464FF0FF3550
:1025D000012286B00193514B074688461A60202697
:1025E000FEF702FD2C46494640464D4AFEF720FDC7
:1025F000431C06D1691C41D14A4938460BF0F4FF0F
:1026000017E073281AD0772828D0612811D1DFF875
:1026100018A11021DAF8000001AA01F07FF9019B4E
:102620000546002BDFD0DAF80020404938460BF091
:10263000DBFF6FF0150006B0BDE8F087DFF8E8A01B
:102640000021DAF8000001AA01F068F9019B0446B4
:10265000002BC8D0DAF800203549E7E7DFF8C8A03A
:102660000021DAF8000001AA01F058F9019B0646A2
:10267000002BB8D0DAF800202E49D7E7621C01D130
:102680002D49BAE75FFA86F8A8F10803DBB2182BE8
:10269000C6F3C40604D8294A22FA03F3DB0723D47D
:1026A0004246384626490BF083FFC2E7B8F1100FC7
:1026B00021D0B8F1200F24D0B8F1080F01D10A7849
:1026C0001A70314433444218102AEFD9102CA14615
:1026D00028BF4FF0100929464B46384602AA01F0A0
:1026E00017F81035A4EB0904B4B1A642EED8294678
:1026F00002AB701BE7E70A8892B21A70120A5A708E
:10270000DFE70A68C2F3072C1A70120C9A70120ADB
:1027100083F801C0DA70D4E720468CE74C00002033
:10272000073E010C0E3E010CE0120020CD3D010CD5
:10273000E03D010CF33D010C2B3E010C01010001B9
:10274000453E010C70B50E4E04460D46337829B156
:1027500023B10C49BDE870400BF046BF83F0010384
:1027600033702BB1204608490BF022FF0123337050
:1027700029462046BDE8704000220BF084BF00BF10
:102780001E1A00205F3E010C9A3E010C2DE9F0411B
:1027900005460C46DFF8EC803B4E8F18A74201D16E
:1027A000BDE8F08198F8002014F8013B182A22D1E6
:1027B000112B20D10026354C28462268344988F850
:1027C00000600BF0F5FE28463146FFF7BBFF314BAA
:1027D00018780028E4D1304A23681168042B2EDCD5
:1027E00008B12360116013F003012FD11268136840
:1027F0001BBA1360D4E7A3F13002092A88F800302D
:1028000004D923F02002413A052A04D83168234A2A
:102810005354013131603368022BBFD110220021A3
:102820001E480AF06DFA1E4A136803F8010B136084
:10283000164A13680133136000233360AEE708685B
:10284000043B00BA41F8040B0120C7E75B4203F0E8
:10285000030358BF5942022904D1126813885BBA96
:102860009BB2C6E703299BD1106802681104C2F32A
:10287000074301F47F010B4302F47F4213430360DB
:102880008EE700BF1F1A0020081300200C13002041
:10289000C43E010C201A002010130020211A002031
:1028A000141300202DE9F8430023804617460D46F7
:1028B0002549264E0B60264933700B60012DB94621
:1028C00057F8044F1DD90222204622490FF0A5FADD
:1028D00070B9A378003B18BF01231C440222204694
:1028E0001D490FF09AFA28B901233370013DE5E73D
:1028F0000023F2E720461749FDF7ECFBC0B909F1C8
:1029000004090022D9F8040011460AF0F9F900225E
:10291000124B11461860D9F804000AF0F1F9104B77
:10292000104918604046FFF70DFF0020BDE8F8830E
:1029300023782D2BE5D16378002BE2D02246404648
:1029400009490BF035FED1E708130020201A0020BA
:102950000C130020DE3E010CE13E010C141300209C
:10296000101300208D27000CE43E010C07B5094828
:102970000EF07FFD58B104233A220093054901234C
:10298000054800F019FF002003B05DF804FB6FF06C
:102990001200F9E71420010C9C26010C10B54468C4
:1029A000C4E90012A36042684021134653F8404B2B
:1029B00051635362002302F13801C2E90413082174
:1029C000C2E90A33C2E9063313631162C2F8B830B0
:1029D000A36823B19B6C13B1204604499847A368B0
:1029E0009B6A0BB120469847002010BDF129000CCE
:1029F0002DE9F74F05460C4683685B6C03B1984799
:102A0000AB685B6B002B35D14FF00008DFF810A1ED
:102A100004F12409218E238D626B5B1A9BB2D31AB9
:102A2000934204F1280B28BF13465946484601AA91
:102A30000BF006FA0746002841D0AB6801999B6964
:102A4000002B37D00246284698470646002818BF74
:102A500048F001083246594648460BF027FA0EB1B5
:102A6000BE42D7D0B8F1000F08D0D4E90131002020
:102A7000984703E0284698470028C5D1AB685B6AB1
:102A800093BB628BE38A04F110079B1A226A9BB204
:102A9000934204F11A0828BF13464146384601AA5A
:102AA0000BF0CEF9064630BB28460BF0C8FBC4F845
:102AB000B8602CE06FF057064FF00108CAE7DAF86B
:102AC000003013F0060F04D002215046154A0BF0D7
:102AD0000BFBAB689B69002BC4D0012228460DF18B
:102AE000030198470646BAE7284698470028C8D108
:102AF00003B0BDE8F08FAB6801995B6963B1024632
:102B0000284698470246414638460BF0CFF9D4E9AB
:102B1000013101209847EBE76FF05702F3E700BF60
:102B2000E40300204B40010C10B5044681681831C5
:102B300001F080F9A1682046BDE81040014A183133
:102B400001F018B98D40010C38B583680446D3F8FC
:102B50008032DB051DD4C0690CF023FB606803687C
:102B60005B689847054620B9E0680CF0F3FCA36861
:102B70001D75A3685B6C13B1294620469847002257
:102B800002F0E8F8A368C3F8A022034B185802F03B
:102B900081F86FF00F05ECE70800000001490BF029
:102BA000C8BB00BF6F39010C2DE9F04FA7B0044638
:102BB0005422002111A80FF00BF90023CDE90533B1
:102BC000A36820465C3302930CF0CDF820460CF04D
:102BD00010F810B96069FFF7E1FF00264FF0FF38E9
:102BE000B246B3463546B146A068142200211830DB
:102BF0000FF0EEF820460BF058FFA168E068B1F83E
:102C000054205C310CF06BFC20460CF0CCFC11AF76
:102C10000396DDE90532012A6BD0132B6CD8B8F18D
:102C2000000F2AD1BBF1000F0AD020460CF0DCFCCB
:102C30001423A26811A95C320DEB03000BF0D5FD43
:102C4000B9F1000F0CD099F81130FE2B08D1059B7B
:102C500026AA02EB830252F8542C0AB101330593E1
:102C6000A068436A002B40F0B580C6B1C369B34287
:102C70002BD00D9600F1180522E002233946029A66
:102C800006A80BF0B2FD7A6806990346029231B1AC
:102C900001290AD148B16A4A20460CF00FF96FF0B9
:102CA0000705284627B0BDE8F08F059B002B32D0E2
:102CB000386801F0EFF898B166B1A5680D9618353F
:102CC0000CAE0FCE0FC533682B602046FFF72CFFEC
:102CD0000125E6E75B4A012120460CF0EFF8DEE72C
:102CE000059BC3B1294620463A6801F06DFA0228D7
:102CF00009D1059B132B95D9069B022B92D101215B
:102D0000514B524AC8E7032805D0059B4FF0010BF1
:102D1000013305937DE7039B2BB94846396807AA21
:102D20000BF03AFE0546043708F1FF38A5B3EB680F
:102D3000BBF1000F08D0FBB120460CF014F8204680
:102D40000BF06EFF424AC6E7B3B1AE46A368DDF8AA
:102D500014A003F1180CBEE80F00ACE80F00DEF879
:102D60000030CCF80030AB6833B96B7CFE2B04BF6D
:102D700095F8108008F1FF38D5F804C0BCF1000FB9
:102D800008D0AE460CAEBEE80F000FC6DEF800302D
:102D900033606646A94603E0059B63B101230393B4
:102DA000B8F1000F03D1069B022B7FF432AF059BD5
:102DB000013305932DE7A368DB6A13B1DB68002BB1
:102DC000ECD1244B012100932046119B224A0CF0A8
:102DD00075F8E3E7059D90F82830A5EB0A05BBB12F
:102DE0004FF6FF7290F82910FF2918BF0A469D423E
:102DF00002D313449D420BD9836901212046174A0F
:102E00000CF05CF82046FFF78FFE6FF0150548E7E1
:102E100001210BF0ADFAA0680BF09EFAA36811AA8D
:102E200029465B6A02EB8A02204698470546A0685D
:102E30000BF096FA0021A0680BF09AFA31E700BF78
:102E40009B40010CAF40010C1041010C4E38010CAD
:102E5000CD40010CFC40010CEE43010C3441010C4F
:102E6000F7B5044680680D46817D002949D1D0F828
:102E700080325A0504D50BF086FAE0680CF001FBAD
:102E8000E368DB6873B9002D3BD0A66806F15C07E8
:102E900038460BF05BFA002835D0394606F5AE709F
:102EA000FDF722F9A2682946E0680DF106035C32BD
:102EB0000CF0EAFA58B9A06800F5AE715C30FDF785
:102EC00013F9A0685C300BF041FAADF8060020461B
:102ED0000BF042FFA368D3F87C329B0603D50B4965
:102EE00060690BF026FA204600F07EFDA268BDF86E
:102EF00006302046A2F85630A268A2F854300BF0F3
:102F00008FFE03B0F0BD86F85C01CBE75828010CBA
:102F1000022210B5836804461A7583689B6CBBB99E
:102F20000BF0E6F98368D3F88032DB040BD503217C
:102F3000084B094A0BF0C2FFA0686FF4805100F5FE
:102F400020700BF0EBF92046BDE8104000F0D0BE39
:102F500010BD00BF4F41010C1B3C010C00232DE9AB
:102F6000F04F0446B1B00993A36860689E6C026894
:102F700015691EB3DF6C102209AB1BA9A847099B7A
:102F8000CBB10121A0680BF0F3F9A0680BF0E4F9D4
:102F90003B46099A1BA92046B047A0680BF0E0F910
:102FA0000021A0680BF0E4F9A3689B6C002BDBD137
:102FB0002046FFF7ADFF31B0BDE8F08F09AB01222D
:102FC0000DF12301A847099B002BF4D09DF9231094
:102FD0009DF823300029A268C6DB517D032900F249
:102FE0001C83DFE811F004008F02B3021A030D2BDB
:102FF00043D00A2B41D0B2F88012092B21F0FF01F7
:10300000A2F880126DD028D8002B00F00281082B86
:1030100000F0EB81A268D2F87C12890740F1F980B8
:10302000013B162B00F2F580DFE813F0E002FE0111
:103030000202FA01DA021B02F300F300F300F300CC
:103040001F022302F3003802F3003D02F300F300F5
:10305000F3003F024F02F30064021B2B3DD07F2B95
:1030600000F0D081A3F120025E2AD3D80121A0680C
:103070000BF089F99DF82310BBE0D2F88012C9B299
:1030800021B1D2F88012C9B28B42C3D1B2F88012FA
:1030900063F30701A2F88012A568AB7D012B06D16E
:1030A0006069FFF77BFD0222A3689A7583E7B5F894
:1030B000541061B928460BF066F9E0680CF0E1F9AC
:1030C0006069FFF76BFD2046FFF722FF4CE72046C3
:1030D000FFF76AFDC5F8A402F5E70122A3685A7557
:1030E00097E0A068D0F87C329B0740F192800121E4
:1030F0000BF049F9A068857D002D40F08A80B0F87A
:103100005430FF2B00F08580B0F8562000F15C01B0
:1031100000F5AE700EF036FEA3681BA9B3F856207A
:103120000BA8134483F85C51A268142302F5AE7215
:103130000BF05BFB0B9914296BD830AB03EB8103CD
:1031400043F8545CA368B3F85620002A00F0678265
:10315000134493F85B30202B00F0658221B1093BCA
:10316000042B4BD9012948D100250A950A9B30AA86
:1031700002EB830353F854AC002650460BF0E6F8FC
:10318000B34681463746B0464146284616AA00F067
:103190008BFB0346002840D1012E67D10A9B30AA41
:1031A00002EB830353F8540C0BF0D0F8A2680646E8
:1031B00039462846183200F077FB056828460BF0A0
:1031C000C5F8864205D0821B92B22046A9190BF0A1
:1031D000BCFEA068B0F85630034493F85C30202B56
:1031E00033D0093B042B30D9D0F87C32DF0731D4FF
:1031F0002021204600F044FD0BE0013900200CABFB
:10320000009301900AAB1BAA0BF0F1FB05460028C6
:10321000ACD160690BF042FAA6E61B684A465146FB
:10322000184603930EF0F9FD60B9039B1846FCF7AE
:1032300063FF584538BF5846002E08BF47461FFA5F
:1032400080FB013608F101089EE7012120460BF0C2
:103250001BFDDEE700210BF0A1F82021204600F045
:103260000FFD0121A0680BF099F8D2E70490D0D9A6
:103270000A9A30AB03EB820252F8543CB946184626
:1032800003930BF063F8049BA2680690A2F8403009
:103290000496A26849462846183200F005FB039BB5
:1032A000D0F800A0D4F8088009F10109002B38D02B
:1032B000BAF1000F38D019465046069A0EF0ADFD0F
:1032C0000028E6D19B480BF041F8B8F83A2000EB13
:1032D0000B0189B2121A92FBF1F2504692B205919B
:1032E00007920BF033F80599079A091A8BB2B8F8D0
:1032F00040100593481CA8F84000B1FBF2F002FB17
:10330000101189B200295DD106212046894B8A4AD5
:10331000CDF800A00BF0D2FD2046059900F04EFB41
:1033200005E0BAF1000FCDD10023A8F84030049B8E
:10333000013B0493ADD16069FFF730FC204600F0FB
:10334000D7FC0A9B30AA02EB830353F8540C0AF013
:10335000FDFF394611AA8046284600F0A5FA07F17C
:1033600001090746A0683968FF2200F5AE700EF02B
:1033700066FD3B684FF6FF77BA46039349462846F9
:1033800016AA09F1010B00F08FFA10B30022A16810
:10339000036801F25B1111F801EF985C704503D1ED
:1033A00010B101325245F6D1B8F1000F01D04245BB
:1033B00006DBBA42A8BF3A46013E012E97B208D0BA
:1033C000D946DBE75346062120465C4A0BF076FDE2
:1033D000A2E7002F3FF41DAF0399A7EB0802204698
:1033E00092B241440BF0B1FD13E7A068D0F87C32F3
:1033F0009E077FF50EAF01210AF0C5FF20460BF0B6
:10340000C5FD06E7A068D0F87C329D077FF501AFC7
:1034100001210AF0B8FFA368D3F87C321807EDD475
:1034200020460BF094FDF4E620460BF0A5FCF0E6F8
:1034300020460BF098FC20460BF0DBFB10B96069CE
:10344000FFF7ACFB0121A0680AF09DFFA3689A7DFD
:10345000012A02D103229A75DBE62046FFF758FDC8
:10346000D7E620460BF091FCD3E620460BF098FC03
:10347000CFE6D2F87C329F0603D5314960690AF065
:1034800058FFA368D3F87C329E0603D52D496069A6
:103490000AF04FFF204600F02BFCBAE60021204640
:1034A000FFF7DEFCB5E60121F9E7E06983681B79E7
:1034B000012B02D10BF075FEABE6022B7FF4A9AE17
:1034C0002146126D0BF056FEA3E620460BF044FC9D
:1034D00020460AF00DFF0121A0680AF054FFA368FE
:1034E000D3F87C329D067FF594AE174960690AF0E7
:1034F00020FF8EE6204600F0F1FA0121A0680AF0D4
:1035000042FF86E65B2B02D10223537581E6D2F897
:103510007C22900706D5622B07D14FF0FF31204661
:103520000BF0DBFB0022A368D9E5662BFAD1012161
:10353000F5E700BF0E36010C9341010C1B3C010C5A
:103540005D28010C6228010C5828010C00215175DE
:10355000A268D2F87C1289077FF506AD313B1B2BA0
:103560003FF657AE01A151F823F000BFE935000C3A
:10357000F535000C0936000CDD35000C1332000C5B
:103580001332000C1332000C1332000C1332000CF7
:103590001332000C1332000C1332000C1332000CE7
:1035A0001332000C1332000C1332000CA734000C41
:1035B0009D34000C6334000C2934000C1332000CD1
:1035C000E135000C1332000CED35000C1332000C09
:1035D0001332000C1332000CF935000C0323537521
:1035E00020460BF0C0FB14E60323537520460BF076
:1035F000B3FB0EE603235375A068D0F87C1201F0EC
:10360000010181F001012EE603235375A368D3F86D
:103610007C329B077FF5FDAD02E7002375E70029AB
:103620007FF4A0ADA0E500297FF4E8AD9CE500BFE4
:10363000F7B504468068154600F52070002937D09C
:103640004FF480410AF05FFEA36800211D656068A9
:1036500003689B68984780BB20460AF01AFF60BB4E
:103660004FF0FF364FF0FF37A06800F521700022C1
:103670000721CDE900670EF07BFBA0680AF070FE21
:10368000042120460E4A0AF0E8FE012120460D4A98
:103690000AF0E3FE204602210B4A0AF0DEFE6068D3
:1036A00003685B6903B19847A0680AF055FEDBE741
:1036B0006FF480410AF032FEC6E703B0F0BD00BFF0
:1036C000492B000C29E4000CBBE3000C10B50446A8
:1036D0000A490AF06DFF204609490AF069FF2046B1
:1036E00008490AF065FF204607490AF061FF2046B5
:1036F0000021064A00F03EFB002010BD9941010C5C
:10370000D741010C3642010C8A42010C2543010CC1
:10371000F8B516460A46214904461F4600250AF018
:1037200047FFAF420ED92046725D1D490AF040FFA7
:103730000135102D0BD06A07F3D1204619490AF044
:1037400037FFEEE7204618490AF032FFF0E720463F
:1037500016490AF02DFF0025BD4213D2725D2046A6
:10376000A2F120035F2B28BF2E2211490AF020FF6F
:103770000135102D0BD06B07EED1204609490AF018
:1037800017FFE9E7204607490AF012FFF0E7204655
:10379000BDE8F84007490AF00BBF00BF3B43010CEE
:1037A0000736010C0F36010C0D36010C1136010CD9
:1037B0006243010C4243010C2DE9F041044680684C
:1037C0008846D0F8A06215461F4688B0002E50D11A
:1037D0004FF42A7231460EF0FBFAA06800F5217012
:1037E0000EF0BAFAA06800F52470012211460DF01F
:1037F000E3FFA3694FF400711E60A06866F38205C1
:1038000000F520700AF07FFD5022A36820465A87F9
:103810001822A3681A8721680AF0F4FEA3684146BB
:10382000C3F87C526068144A03681D682346A847A1
:103830000546D0B90122A3681A75D4E90A0100220D
:103840000023CDE906230E2303930E9B4FF4006261
:10385000CDE901730495094B009408F055FAA3686B
:10386000C3F8A002616A08F027F9284608B0BDE84D
:10387000F0816FF07705F8E715E4000C3136000CA5
:1038800010B5044613460A460146064801F0A2FC5C
:1038900023691B7923B12046BDE810400AF0FEBE23
:1038A00010BD00BFB5E6000C38B50B46154648B94B
:1038B0001449154A521AB3EB920F05D251F823500E
:1038C000284638BD84680CB90025F9E70F4A9442B0
:1038D0000AD30F4A944207D21846294622689047D5
:1038E0002B68002BECD1EFE70A4A944202D30A4A34
:1038F000944205D3246814225343E518E358F0E7B3
:103900000133F8E7CC26010C0027010C1828010C24
:103910003428010C0027010C1828010CF7B5037896
:1039200004462D2B154605D16FF0150300202B60A2
:1039300003B0F0BD01F00EFA002306460A4F0A4616
:10394000C35101A9204609F0DBF9F359222B02D11A
:103950006FF02103EAE7002BE6D1019BA342E3D0FD
:103960001B78002BE4D0DFE70C0000008368D3F85D
:103970007C329B0603D5024940690BF01BB97047A6
:103980006828010C01490BF015B900BF6F39010C13
:103990000A1E0DDC0ED042238168D1F87C12890604
:1039A00008D5002A04494069B8BF52420BF002B959
:1039B0004123F1E7704700BF5E43010C0A1E0DDC96
:1039C0000ED044238168D1F87C12890608D5002ADC
:1039D00004494069B8BF52420BF0ECB84323F1E709
:1039E000704700BF5E43010C2DE9F047846805462F
:1039F00004F15C00FCF780FB0022914694F83C80C7
:103A000087B2668FA6EB0806BE4209DB002F21DDD8
:103A10005C32686922441049BDE8F0470BF0CAB82F
:103A20001644344494F85CA084F85C90AB685C3233
:103A30001A440A4968690BF0BDF8AB683246334452
:103A400083F85CA0AC68638FA3EB0803FF1A4FF008
:103A50000008D6E7BDE8F0871B3C010C4E38010C8E
:103A600008290A4617D8836893F83E10914212D06D
:103A700083F83E208368082AD3F87C3205D0990663
:103A800009D5054940690BF095B89B0603D5034954
:103A900040690BF08FB870476543010C6D28010C2D
:103AA00038B50D4609780446FFF7DAFF6A78072A29
:103AB00011D8A36893F83F1091420CD083F83F20AF
:103AC000A368D3F87C329B0605D560690249BDE83E
:103AD00038400BF06FB838BD6E43010CF8B5836801
:103AE0000446B3F85420002A55D0B3F856100029E4
:103AF00051D05B3103F15C050B441846A84206D354
:103B0000014611F80169202E3CD0A8423CD286B271
:103B10009DB2AB1B9BB2591C471CD21A01443846BC
:103B20000EF03DF9A268711BB2F85430204613FA2A
:103B300081F3A2F85430A36809B2B3F854201344B7
:103B4000002283F85C200BF09FF8A368D3F87C3246
:103B50009A0603D5104960690BF02CF83B46082102
:103B600020460E4A0BF0AAF92046FFF7FFFEA36895
:103B7000D3F87C329B060ED560690949BDE8F84050
:103B80000BF018B80846B9E7014611F80169202E74
:103B9000BDD00846B9E7F8BD7228010C1B3C010CEA
:103BA0007628010C2DE9F04704460F4690460AB1ED
:103BB000FFF7DCFEA668D6F87C32B6F856505B07F5
:103BC00023D505F15C003044FCF796FA0546B5B9FB
:103BD000A368B3F85420A3F85620A0680AF0F7FFB2
:103BE00030B1B8F1000F00D017B16069FFF7CAFE1D
:103BF00079422046BDE8F04709B20BF045B81D49AF
:103C000060690AF0D7FF013DE1E73046FCF774FA3E
:103C1000B6F85490738F19FA80F915FA80F0B0FB5A
:103C2000F3F2B9FBF3F39A42AA461AD04845A368C7
:103C3000CEDA5A8F451CB0FBF2F302FB130313B923
:103C40006069FFF79FFEA36820465344082193F85C
:103C50005C30094A0AF101060BF030F9B2462846F9
:103C6000E4E75C3508212046044A73190BF026F975
:103C7000AEE700BF214E010C6243010C1B3C010C5E
:103C800013B583688DF80710D3F87C220446D0075B
:103C900025D5B3F85610B3F854208A421FD0481CDB
:103CA0009DF80720A3F856000B4483F85C20A36816
:103CB000D3F87C12890710D5D3F87C32606913F0F1
:103CC000040F18BF2A2209490AF074FF20460AF09F
:103CD00090FF10B16069FFF755FE02B010BD0122E0
:103CE00020460DF107010BF0F6F8F6E76243010CF0
:103CF00010B5836804469A7D1AB90221084A0BF070
:103D0000DDF8A368D3F87C329B0707D52046FFF780
:103D10006BFE2046BDE810400AF091BF10BD00BF09
:103D20001B3C010C01490BF0B8BA00BF6F39010C04
:103D3000F8B50F465168054616461C4611B11A469D
:103D40000BF0B8FAB3688BB121462846FFF736FE70
:103D50000821074A3B4628460BF0B0F8B168E21D3F
:103D600021B12846BDE8F8400BF0A4BAF8BD00BF69
:103D70007743010C2DE9F0430E4600210446174617
:103D80000D4689B0304603AA01F10108FFF78CFD0A
:103D900088B96DB127B13A46082120460BF08EF85C
:103DA0000021304603AA01F10108FFF77DFD60B94B
:103DB00009B0BDE8F083006810B1FCF79DF980B24E
:103DC000854238BF05464146DCE7D0F80090B9F19E
:103DD000000F0FD099F8003063B1476808212046E2
:103DE000CDE90059104B114A0BF068F827B960690A
:103DF000FFF798FF4146D4E70B4B204608210C4AB9
:103E00000BF05CF838460BF036FAAB1D9BB228B1CC
:103E10003A4649462046FFF78BFFEBE71A463946FC
:103E200020460BF047FAE5E7CE6D010C8243010C0A
:103E30000236010CF7B50F6805460E46D7B1384675
:103E4000FCF75AF984B2114B082128460093104A16
:103E50003B460BF033F8716808460BF00CFAE31C94
:103E60009BB248B10A462846316803B0BDE8F0402D
:103E7000FFF75EBF3C46E6E731B11A46284603B07D
:103E8000BDE8F0400BF016BA03B0F0BDCA6D010CEE
:103E90009441010C10B507490446FCF71BF938B1F1
:103EA00020460549FCF716F9B0FA80F0400910BD2C
:103EB0000120FCE78943010C8C43010C10B5836899
:103EC0000446D3F87C329B0603D5064940690BF0C3
:103ED0005DFA5022A36800205A871822A3681A8727
:103EE00010BD00BF7A28010C08B5836902491A6821
:103EF0000AF05EFB002008BD9343010CF7B50C49A6
:103F000005460AF055FB00220A4C0B4EB44202F162
:103F1000010702D3002003B0F0BD636A92B20093A0
:103F2000A368284605490AF043FB30343A46EDE7DA
:103F3000A343010C9C26010CCC26010CBB43010CB5
:103F400008B502490AF05EFB002008BD7039010C7B
:103F500037B504460025A2680DF106030121E0688B
:103F600002F5AE720BF090FABDF80600A36840B1FE
:103F70002A462046054903F5AE730AF019FB0135C0
:103F8000E9E783F85C0103B030BD00BFCC43010C0E
:103F900010B504460AF06FFB0349024620460AF0BA
:103FA00007FB002010BD00BF475A010C022907B5CE
:103FB0000BD153680C49009312680C4B0AF014FBA8
:103FC0006FF0150003B05DF804FB8368084AD3F86E
:103FD0007C32084913F0020F074B18BF1A460AF04B
:103FE000E7FA0020EEE700BFEB43010CD643010CDB
:103FF000B66A010CF443010C6A62010C10B58368C7
:104000000446D3F87C329A0603D5074940690BF081
:10401000BDF9A368D3F87C329B0603D503496069D8
:104020000BF0B4F9002010BD8128010C8628010C8A
:10403000F0B50129044685B00BD053685C49009364
:1040400012685C4B0AF0D0FA6FF01505284605B0EF
:10405000F0BD8368D3F87C329A0603D5564940698F
:104060000BF094F900256FF0F9012046FFF790FC62
:10407000FA212046FFF7A2FCA0684FF4807229467F
:1040800000F5AE708DF80B500DF0A2FE4B49606943
:104090000BF07CF960690AF001FB4FF47A766068F6
:1040A000012203680DF10B011F6903ABB847039BA5
:1040B00053B9013E4FF47A70B6B20DF0ABF9002E51
:1040C000EDD16FF0850535E09DF80B20A3681B2A24
:1040D00061D093F85C111B29E1D1522A5BD15A19A6
:1040E000002382F85C31A66896F85D215B2A39D1FD
:1040F000022006F25D1515F8011F02463B2900F16A
:10410000010080B231D1FF2ADBD002F5AE7216FA7F
:1041100082F1002211F8015F002D30D1FA2A28BF68
:10412000FA22FA2B28BFFA2386F85C51A1684A8745
:10413000A2681387A368D3F87C329B0603D5204975
:1041400060690BF023F9002D80D05022A36820462F
:104150005A871822A3681B491A870AF037FA6FF0AA
:10416000070573E786F85C31ABE703EB830330396F
:1041700001EB4301B0F5807F8BB2BCD1A1E70130E8
:1041800002EB820280B2303D05EB4205B0F5807F44
:10419000AAB2BFD195E72B440135ADB2092D83F802
:1041A0005C217FF67CAF0022A36883F85C2188E75E
:1041B000EB43010CD643010C8C28010CD16D010C92
:1041C0009028010C0544010C2DE9F04F07461546D7
:1041D000894689B021B110460BF0D1F900285BD196
:1041E000032455E05C463CE029460AF5AE700DF02C
:1041F00045FE0646002854D0FBF77EFF82B2601CC5
:104200003146013230440DF0CAFD2246594630464F
:104210000DF0B8FD4FF020033355BAF8583008F1CF
:10422000010801331C44AAF85840002401994B1C92
:10423000484603AA0193FFF737FB0646E8B1002280
:10424000284631680BF043FA0028EFD1D6F800B0C9
:10425000D7F808A0BBF1000FC4D05846FBF74CFFBD
:1042600084B2BAF858302344FF2BBDDD2B4603211E
:1042700038460D4A0AF022FE0124B8F1000F07D09B
:10428000B8682A4600F1580100F5AE700AF05DFBEF
:10429000204609B0BDE8F08F4FF0000802244146E7
:1042A000C5E70224E9E700BFF048010C08B5034860
:1042B000034A0021121A0BF0A7F908BD5805002087
:1042C000481E0020074808B5074A0849121A0BF093
:1042D0009DF9BDE808400648064A0749121A0BF046
:1042E00095B900BF0000002058050020786F010C30
:1042F0000000002000000020786F010C2DE9F84339
:1043000005460C4600AF002948D0DFF8B890D9F830
:1043100000305A0742D0D1E900016E468AB06A46A1
:10432000A3684FF00508DFF8A0C0CDE90713CDE979
:1043300005C042F8108F00234FF421514846FDF785
:1043400085FAD9F80030B5465B0727D0D4E90301D8
:104350008AB06A466369DFF874C0CDE90713CDE916
:1043600005C042F8108F002348464FF42151FDF755
:104370006DFAD9F80030B54658070FD0E36901212E
:104380004846134A09F0B9FED9F80030590705D05C
:10439000A369012148460F4A09F0AFFE012D0AD159
:1043A000EFF3058307480268520704D00A4A2946FA
:1043B000103B09F0A2FE2146284606F0A7FDBD46A7
:1043C000BDE8F883D80300204249010C7149010C73
:1043D000A049010CAF49010CDD49010C30BFFFF7CA
:1043E000FDBF00BF2DE9F04105460B4EDFF82C80E4
:1043F000324606EB0807CC1B204609490DF0C2FCEB
:10440000A01942460021083C0DF0E2FCC5F8AC4082
:1044100007F10800BDE8F08100000000080000007E
:104420003428010C10B5334C2368580703D03249A7
:1044300020460BF0F8F8314B9B6A990157D5236859
:104440005A0703D02E492B480BF0EDF81E202B4BBA
:104450009B6ADB0107D52368580703D02949254803
:104460000BF0E1F81F20254B9B6AD90207D5236882
:104470005A0703D024491F480BF0D5F820201F4BC2
:104480009B6A1B0307D52368580703D01F491948A7
:104490000BF0C9F82120194B9B6A590307D52368F3
:1044A0005A0703D01A4913480BF0BDF82220134BCA
:1044B0009B6A9B0307D52368590703D015490D480C
:1044C0000BF0B1F823200D4B9B6ADA0307D5236864
:1044D0005B0703D0104907480BF0A5F82420074AD2
:1044E000936A6FEA03436FEA1343936210BD1D2082
:1044F000ADE700BFD8030020F049010C00ED00E05B
:10450000084A010C1B4A010C354A010C5F4A010C98
:104510007D4A010CA24A010CBC4A010CF8B5364C8C
:10452000064623680D465B0703D0344920460BF04E
:104530007AF8334B9B6ADF065CD52368580703D0B3
:1045400030492D480BF06FF811202D4B9B6A19074D
:1045500007D523685A0703D02B4927480BF063F887
:104560001220274FBB6A9B0719D52368580703D031
:10457000264921480BF057F87B6BBA6A11060DD516
:104580002268520704D00121214A1B4809F0B5FDD9
:1045900026B11B4A936A23F0800393621320184BC1
:1045A0009B6ADB0707D523685F0703D019491248C8
:1045B0000BF039F81420124B9B6A9E0607D523682E
:1045C000580703D014490C480BF02DF815200C4B5C
:1045D0009A6AD10658BF9A6A9A6A920642BF5A6A84
:1045E00022F400525A629A6A42F0FF029A62002351
:1045F0002B70F8BD1020A8E7D8030020E74A010C73
:1046000000ED00E0FD4A010C304B010C434B010C66
:104610005B4B010C714B010C904B010CF8B5374C06
:10462000064623680D465B0703D0354920460AF04D
:10463000FAFF344B9B6ADF0451D52368580703D037
:1046400031492E480AF0EFFF17202E4B9B6A1905BF
:1046500007D523685A0703D02C4928480AF0E3FFFE
:104660001820284FBB6A9B0519D52368580703D02B
:10467000274922480AF0D7FFBB6BBA6A11040DD54F
:104680002268520704D00121224A1C4809F035FD56
:1046900026B11C4A936A23F4004393621920194BF4
:1046A0009B6A5B0507D523685F0703D01A49134847
:1046B0000AF0B9FF1A20134B9A6AD60511D5236860
:1046C000590703D015490D480AF0ADFF1B200D4ACC
:1046D000936A43F47F43936200232B70F8BD162046
:1046E000B3E79B6A9A04F2D523685B0703D00C49B1
:1046F00002480AF098FF1C20E9E700BFD803002019
:10470000BF4B010C00ED00E0D54B010C304B010C10
:10471000E64B010CFF4B010C144C010C2F4C010C0F
:10472000904B010C38B53D4C2368580703D03C49E9
:1047300020460AF078FF3B4DD5F8E830D5F8E42064
:10474000510607D52268520704D00121364A334862
:1047500009F0D3FCD5F8E430DB070FD52368580700
:1047600003D032492D480AF05EFF26202D4AD2F8A8
:10477000E43043F0FF03C2F8E43038BDD5F8E4304C
:10478000990708D523685A0703D0294923480AF016
:104790004AFF2720EAE7D5F8E4305B0708D523680D
:1047A000580703D023491D480AF03DFF2820DDE7C4
:1047B000D5F8E430190708D523685A0703D01E49F5
:1047C00016480AF030FF2920D0E7D5F8E430DB06A0
:1047D00008D523685C0703D0184910480AF023FF66
:1047E0002A20C3E7D5F8E430980608D5236859078E
:1047F00003D0134909480AF016FF2B20B6E7D5F875
:10480000E4301A0608D523685B0703D00D49034836
:104810000AF009FF2C20A9E72520A7E7D8030020EC
:10482000474C010C00ED00E0604C010C704C010C99
:10483000864C010CA44C010CBF4C010CDC4C010C4F
:10484000F14C010C0B4D010C2DE9F0418AB0854B68
:1048500000AFD3F804800023C8F3080683F311885F
:10486000BFF36F8F02F07F44B4F17F4F34D112F069
:10487000010532D012F0400502F0080403D044BB19
:104880000446012515E0530758BF0146764A0B68D8
:1048900076481A4458BF0125012A026898BF0B6C5C
:1048A000520703D00121724A09F027FC74B1EFF3DB
:1048B00089840023FB71F31E092B00F2AE80DFE830
:1048C00003F00E9FA2949BACACACACA5EFF3888434
:1048D000EFE70C461D46ECE71D462C46E9E7634E24
:1048E00033685B0703D0634930460AF09CFE00231F
:1048F000FB715C4BDA6A900708D53368590703D01F
:104900005D495A480AF08FFE002337E0DA6A002A30
:1049100004DA33685A07F7D05849F2E7DB6A5B00DC
:10492000F2D53368580703D0554950480AF07BFE4A
:104930004C4BA1695A6942F480725A61BFF34F8FA0
:10494000BFF36F8F31F8022C596921F480715961DE
:10495000BFF34F8FBFF36F8F02F47F41B1F55F4F0D
:104960002ED1D2B2022A2BD13368590705D0236841
:104970000121444A3D4809F0C0FB2368FA79DAB9BD
:1049800007F1080604F1200C3246206861680834FB
:1049900003C264451646F7D17A6A002D5ED0C2F391
:1049A000080121B96FEA52226FEA42227A62184660
:1049B00007F10801FFF7A2FC2837BD46BDE8F081EA
:1049C0009A6AD2B222B10120F91DFFF7A7FD15E0C6
:1049D0009A6A12F47F4F04D00120F91DFFF71EFEE2
:1049E0000CE09A6AB2F5803F02D3FFF71BFD05E0A9
:1049F000D3F8E430002B87D0FFF794FE0346BDE7E1
:104A00000020F91DE1E70020F91DE7E717480368DA
:104A10005A073FF479AF1C4974E7144803685B07F1
:104A20003FF472AF194A18F4F87FE8468AB0184B81
:104A300008BF13466A461749103ECDE905134FF4E7
:104A40000073ADF82030144B079642F8103F002356
:104A50004FF41151FCF7FAFEC54655E76FF3080213
:104A6000A4E700BF00ED00E0A6ED0501D80300209B
:104A70004C4D010C6B4D010C824D010CA34D010CF2
:104A8000B14D010CD04D010CEC4D010C1E4D010C33
:104A9000334D010C104E010C04000001044B5A6907
:104AA00042F010025A615A6922F008025A617047B6
:104AB00000ED00E0EFF30880EFF3098101B57246E5
:104AC000FFF7C2FE01BD00BF0E4880F3088820201A
:104AD00080F311880C484FF0AA014FF400620AF0ED
:104AE00093FD09484FF40061401880F30988EFF303
:104AF00014800221084380F31488BFF36F8F00F005
:104B00005DF80000883E0020483100201EF0040FB0
:104B10000CBFEFF30880EFF30980816911F8021CE4
:104B20000229FFD001B572460AF072FD01BD00BF37
:104B300000B2002807DB01234109034A00F01F00EF
:104B4000834042F82130704700E100E000B20028C5
:104B50000CDB01220649430900F01F00824020338C
:104B600041F82320BFF34F8FBFF36F8F704700BF13
:104B700000E100E000B2002801F10101ACBF00F14A
:104B80006040064B4FEA4111C9B2ABBF00F561402E
:104B900000F00F0080F800131954704714ED00E086
:104BA000044B054A23F07F039360BFF34F8FBFF39D
:104BB0006F8F70470000000800ED00E008B5FFF7B8
:104BC000EFFF0B4AD2F8883023F47003C2F8883024
:104BD000EFF3148323F0040383F31488BFF36F8F80
:104BE000FFF764FBFFF76EFB00F096F806F0C8FADB
:104BF00000ED00E042F8203C009B0B4942F81C3CD1
:104C0000019B21F0010142F8183C029B42F8081C6C
:104C100042F8143C4FF0807342F8043C0023203AE1
:104C20000265C0F8B0307047210E000C00B50C4B87
:104C300015469860D0F8AC200A4B0E461A602C46F8
:104C400086F309880020044B984720460021002263
:104C50000023024C204700003DF6000C210E000C02
:104C6000E4190020181600201022014B1A61704729
:104C700000ED00E0054B5A699B689A421FBF044A49
:104C8000536843F080535360704700BFE41900201D
:104C900000ED00E0084B9B6883420BD1EFF30583E6
:104CA00043B1064B5A6842F080525A605A6A22F465
:104CB00000425A620CF0F0BDE419002000ED00E063
:104CC00012498A684FF030001044EFF3098C80E8F5
:104CD000F01F202080F31288BFF36F8F0C4F4FF02E
:104CE00000664A698A603E60D2F8AC00094C2060D8
:104CF000D2F8B0000023C2F8B03080F3118802F17E
:104D0000300090E8F01F8CF309887047E419002008
:104D100004ED00E018160020002320210348C218EB
:104D200001339E2B82F80013F9D1704700E100E0B7
:104D300008B5EFF30583064A103B02EBC30152F8B6
:104D4000330049688847BDE80840FFF793BF00BFBC
:104D50005420010C0148006870470000181600201C
:104D60001FB50121094B0A4A0A4800F01BF900232C
:104D7000064A0393084B0121019301A8D31A029319
:104D800000F01AF905B05DF804FB00BF0000082030
:104D9000000000204C2D010C580500200A7A0B68F9
:104DA00010B562F304031C46CB68520923F01F03BD
:104DB00043EA4203044A43F00103C2F89800C2F8F0
:104DC0009C40C2F8A03010BD00ED00E010B50C4BC7
:104DD0000446D3F89030C3F30723013B98420BD924
:104DE000084803685B0704D001212346064A09F0FE
:104DF00084F96FF0150010BDFFF7D0FFFBE700BF8F
:104E000000ED00E0CC030020274E010C2DE9F04F0F
:104E10008946144606464FF00008534D85B0C845F4
:104E20002EDAD6F804A0BAF1000F4BD0BAF11F0F5A
:104E30001BD91AF01F0F18D1D6F800B01BF01F0FA6
:104E400013D158460AF00EFC07460AEB0B00013856
:104E50000AF008FC874217D06FF015074348036833
:104E60005B070BD0424A3B4605E0404803685A07BF
:104E700004D043463F4A012109F03FF96FF0150481
:104E8000204605B0BDE8F08F17F1160FE6D0BC4202
:104E9000E4DDC5F89870D5F89C10C5F89870D5F881
:104EA000A03021F01F0143F01F0BD6E900321A4455
:104EB000994202F1FF3A1AD1D34507D13146F8B2EF
:104EC0000AF0D9FB08F101080C36A8E73146C5F80D
:104ED0009870D5F89C30E0B263F30402C5F89C20CA
:104EE0000AF0C9FB10F1160FC8D0441CEAE7C5F858
:104EF0009870D5F8A020013B23F01F0302F01F0299
:104F00001343D3453146E0B2C5F8A030E8D00AF0EB
:104F1000B2FB10F1160FB1D0C5F89870D5F89C20EF
:104F20009DF808300BF1FF3B62F304038DF8083065
:104F3000D5F8A0309DF808205B0863F347128DF880
:104F40000820D6E900321344009323F01F035B448A
:104F5000A3EB0A03013023F01F036946C0B2039399
:104F6000FFF734FFBEE700BF00ED00E0CC030020F8
:104F7000734E010C4D4E010C0522044BC3F89420D6
:104F8000BFF34F8FBFF36F8F704700BF00ED00E09E
:104F9000BFF35F8F0022024BC3F89420704700BF1D
:104FA00000ED00E010B5034C2278FFF72FFF2070D2
:104FB00010BD00BF411A00202DE9F74F294D8A4648
:104FC00006464FF00008AB46274FD0451BDAD6F80F
:104FD0000490B9F1000F3FD03168084601910AF002
:104FE00041FB0199044609EB010001380AF03AFB44
:104FF00084424FF014021D4B08D002FB08F36FF0FF
:1050000015024BF8032003B0BDE8F08F14F1160F22
:105010002C60F8D01978A142F5DD02FB08B0C7F882
:105020009840C7F89840D7F89C4000F10801007BF1
:1050300064F304000871D7F8A0000C79400860F30D
:1050400047140C71D7F89C1021F01F016960D7F844
:10505000A01021F01F01296108F1010814350C3658
:10506000B3E700BF1C16002000ED00E0411A00204D
:10507000F0B55349534DD1F890302C68C3F3072352
:105080009C4287B000F299800020FFF781FF4E4BD1
:10509000C1F8C030844216D14C4D01A82C70FCF7E9
:1050A00057FE002607464A4CB74213D100202B7802
:1050B0004349D1F89020C2F30722934277DBFFF7F0
:1050C0005BFF002046E0696801EB0011FFF766FE18
:1050D0000130DFE70199300101EB0613DA68224065
:1050E000B2F1807F52D00AD8B2F5001F34D0B2F5A9
:1050F000800F3ED0B2F5801F12D00136D4E7B2F156
:10510000006F43D0B2F1805FF7D15A689B680958AD
:10511000013B22F01F00034423F01F03012032E073
:105120005A689B680958013B22F01F000344012084
:10513000844623F01F0340EA4C10CDE902218DF88C
:10514000100002A928780593FFF740FE00282ADA0C
:105150006FF0150007B0F0BD5A689B680958013B15
:1051600022F01F0003444FF0020C012023F01F0324
:10517000E1E75A689B680958013B22F01F0003448D
:10518000062023F01F034FF0000CD4E75A689B68F9
:105190000958013B22F01F0003444FF0030C01208B
:1051A00023F01F03C7E72B7801332B70A5E7C1F865
:1051B0009830C1F8A00001337BE74FF0FF30C9E71A
:1051C00000ED00E0582D010CAAFF4400411A002018
:1051D0000000F0FFF0B587B007460E4614460021E8
:1051E000102268461D460CF0F3FD02238DF80230B4
:1051F000054B2A4621466846CDE90476019307F01F
:1052000071FE07B0F0BD00BFA9F6000C08B5024B57
:105210001B689847002008BD30160020034B044A45
:105220001860937843F002039370704730160020A3
:105230007800002008B50649064821F00701C1F1B1
:10524000005202F5002208F0B0FA002008BD00BFAD
:10525000C7550020341600202DE9F04F91B01D46AF
:105260001A9B06460C469346002B00F04B82B14633
:10527000294619F8010B0AF022FA024620780AF0B2
:105280001EFA3F2A07465FFA80F821D006DC92B169
:105290002A2A32D0D2B242452DD01EE05B2A7DD0E0
:1052A0005C2AF7D1EB07F6D470780AF008FA06F119
:1052B0000209C2B2EFE7E80602D5B8F12F0F03D01A
:1052C000B8F1000218BF0122104611B0BDE8F08FFE
:1052D00018B12F2803D1A9070DD50122F4E72E28F4
:1052E00009D16A0707D55C45F7D0AB0703D514F899
:1052F000013C2F2BF1D001342CE070780AF0DFF95B
:10530000C1B22A2918D02E2F09D16F0707D55C45C5
:10531000E3D0AE0703D514F8013C2F2BDDD079B9CB
:1053200015F00202D0D0ED0600F1EE812F212046CB
:105330000CF066FD021EC5E7294619F8010FDDE7EE
:105340002F2909D1A80707D520460CF059FD04469E
:105350000028C2D04E468AE71A9B05F0020A5F1E5B
:105360002646B8F1000FB8D05A462B46214648468B
:105370000097FFF771FF02460028A5D02946307834
:105380000AF09DF92F2804F1010404D1BAF1000FAD
:10539000A3D12646E8E75FFA80F8E1E700289CD031
:1053A0002F2848D1AA0798D47378212B01D05E2BDF
:1053B0004FD1B31C059301232946384606930AF0C2
:1053C0007EF9C3B20493A0F14103192B099394BF52
:1053D000002301230F93A0F120035E2B94BF002331
:1053E00001230E93A0F16103192B089394BF0023AE
:1053F00001230D93A0F121035D2B0B9394BF002398
:1054000001230C93A0F13003092B079394BF0023D1
:105410000123064600220A93059B0393039B1B78F6
:105420005D2B1ED1059B03998B4222D2069B01F175
:10543000010993425EE72E28B6D16B07B4D55C45CF
:105440003FF44BAFA807AFD514F8013C2F2BABD1DD
:1054500043E70023CDF81490AEE70122CDF80CA06D
:10546000DCE7002B00F04C812F2B38D1A9073FF54A
:1054700034AFDDF80CA029461AF8010B0AF01FF929
:105480000399C3B249782D2940F034810399897872
:10549000002900F02F815D2900F02C8103985C2900
:1054A00000F1020A04D1E9075CBF014601F1030AD9
:1054B00029461AF8010B03930AF001F9002800F0BD
:1054C0001F8115F0080F039B40F00E810499C0B2B4
:1054D0009942C3D3814298BF42F00102BEE70399CB
:1054E0005C2B497805D1EB07C3D4039B01330393AD
:1054F000BFE75B2BBDD13A29BBD10020039B991C90
:1055000003468A4611F801CBBCF1000F46D17F4912
:105510007F4FBB4208BF884200F0DB80814277EBBF
:1055200003015AD36FF4817C7A49A7F510276744A9
:10553000BB4208BF884200F0BA80814277EB03018A
:1055400037D37549A7F50037A7F50177BB4208BFE8
:10555000884200F09A8001F1C16107F57F4701F5AB
:105560000031F137BB4208BF884200F09880DFF875
:10557000ACC101F1E06101F50031634508BF88422B
:105580007FF477AF26F02003413B192B7FF665AF00
:10559000079B092B98BF42F001025FE711F802EC6C
:1055A000BEF15D0FB3D01B0243EA10634CEA00204A
:1055B000A7E75B495B4FBB4208BF884200F08E8083
:1055C00007F1E047584907F57437F6378B4208BFB3
:1055D000B8427FF44EAF0C9B7CE05449544FBB4221
:1055E00008BF88426BD0814277EB030129D3514930
:1055F000A7F53F37A7F5FC77BB4208BF88426FD0BD
:1056000007F1C6474C4907F5713707F57D778B429F
:1056100008BFB8427FF42DAF0B9B0E2B7FF61DAF5A
:10562000A6F13A03062B7FF618AFA6F15B03052B14
:105630007FF613AFA6F17B03032B98BF42F0010264
:105640000CE732493D4FBB4208BF88424AD06FF455
:10565000E16C07F1F04701F18061A7F5881701F5CA
:1056600000316744BB4208BF88427FF402AF079B0A
:10567000092B7FF6F2AE099B052B7FF6EEAE089B59
:10568000052B98BF42F00102E8E6099B192B7FF633
:10569000E4AE089B192B98BF42F00102DEE6202EF3
:1056A0003FF4DBAE092E08BF42F00102D6E61F2E02
:1056B0007FF7D3AE7F2E08BF42F00102CEE6202E48
:1056C0003FF4CBAEA6F10903042B98BF42F00102D0
:1056D000C4E60D9B83F001031A43BFE60A9BF9E77A
:1056E0000E9BF7E70F9BF5E7A0F14101192998BF41
:1056F0002030EBE60499994208BF42F00102ADE682
:105700005B22C8E50322DFE50A46DDE55D3A726506
:10571000776F6C005D3A6C725D3A61686E6C610027
:105720005D3A746967696400617267005D3A656338
:10573000617073005D3A746E6E7570007070750004
:105740000268064B1A604268054B1A608268054B76
:105750001A600269044B1A60704700BF48160020A7
:1057600044160020401600204C16002070B54169F8
:105770000446867A0A4D59B1437ADB0706D42423BE
:1057800003FB0653DB691B689B6898470023636132
:105790002420214600FB0650BDE870400BF0FEBF00
:1057A000A00400202422024B02FB0030704700BFFF
:1057B000A00400202DE9F04385B0054668469046D8
:1057C0001C4603910CF013FADDE90067EFF3118931
:1057D000202383F31288BFF36F8F6B8A002B41D095
:1057E0002A8A9A4225D900220023284605F032FF52
:1057F0000446F0B189F31188BFF36F8F039B002B30
:1058000041D032463B4668460CF016FA2421A27A73
:10581000254B204601FB0233DB6903A91B681D6889
:10582000DDE90023A847606170BB2046FFF79EFFBB
:1058300024E0698A4B1E6B8289F31188BFF36F8F56
:105840002B7D2A8A2C6A1B3323F00303521A02FB96
:105850000344154B154AEB1A9B105343A3722B7D3F
:10586000E372CBE789F31188BFF36F8F234642467B
:10587000284605F0EFFE04460028BFD1002420464C
:1058800005B0BDE8F0836361012300252381039BFC
:1058900029466382E27A656004F118000CF098FAF8
:1058A00063692582E360EAE7A0040020398EE338CB
:1058B00070B524250C4C00B970BD037A4668002BE6
:1058C000FAD0013BDBB20372002BF5D1C360436019
:1058D000837A05FB03439B6913B198473046EAE797
:1058E000FFF744FFFAE700BFA0040020F8B5836982
:1058F00005461B6993F8804009F03AFFA6070ED4CD
:105900001B4803685C0703D001211A4A09F02EFFE7
:105910006FF08504281D09F032FF2046F8BD95F888
:105920006C30190701D55A070BD41148036813F0DE
:10593000060F03D00221104A09F018FF6FF00C0483
:10594000E8E7AE69B7683369A033D3E8AF3F9B0798
:105950000AD53046FB6B98473B6A304698473B6C0C
:10596000044630469847D5E74FF0FF34D2E700BFF2
:1059700010040020BC4E010CE04E010C38B504466A
:1059800006F0CAFC204609F0F3FEA06900B394F8C3
:105990006C30DA0711D51948036813F0060F03D0ED
:1059A0000221174A09F0E2FE6FF07705201D09F089
:1059B000E6FE06F0C5FC284638BD0BF05AFD50B98E
:1059C0000E4803685B0703D001210E4A09F0CEFEA2
:1059D0006FF01205EAE7204601F034F8054600288A
:1059E000E4D10146242204F128000CF0F1F994F8E6
:1059F0006C3043F0010384F86C30D7E710040020CA
:105A0000134F010C3D4F010C70B5044606F084FCA9
:105A1000204609F0ADFE94F86C30DD0711D42D4816
:105A2000036813F0060F03D002212B4A09F09EFEF3
:105A30004FF0FF35201D09F0A2FE06F081FC28463C
:105A400070BD9807C3F340010BD52248036813F0DB
:105A5000060F03D00221214A09F088FE6FF0770576
:105A6000E8E7A0690AF028FF0646A0690AF0A6FF49
:105A7000054640B1174803685A07DBD00121184A90
:105A800009F074FED6E7A36F4BB1314620460AF009
:105A90004EF80546B8B1A0690AF0B8FFCAE7A06998
:105AA0000AF042FFA0670028EFD10A4803685B07AD
:105AB00003D001210B4A09F059FEA0690AF0A6FFA4
:105AC0006FF00B05B6E794F86C3043F0020384F8EE
:105AD0006C30AFE710040020604F010C864F010CC2
:105AE000AC4F010CC84F010C38B590F86C3004462F
:105AF00099070CD41948036813F0060F03D002214C
:105B0000174A09F033FE6FF07705284638BD09F0D3
:105B10002FFE0021204601F061F938B10F480368DB
:105B20005A0703D001210F4A09F020FEA0690AF0AC
:105B30006DFF054638B1094803685B0703D00121B2
:105B4000094A09F013FE94F86C30201D23F002037B
:105B500084F86C3009F013FED7E700BF1004002072
:105B6000E44F010C0B50010C2950010C10B50446F8
:105B700009F0FEFD204600F08BFF38B112480368A3
:105B80005A0703D00121114A09F0F0FDA0690AF07B
:105B90006BFE38B10C4803685B0703D001210C4A47
:105BA00009F0E4FDA06F18B1FFF782FE0023A367A0
:105BB00094F86C30201D23F0010384F86C3009F058
:105BC000DEFD002010BD00BF100400204650010C77
:105BD0006450010C38B58021044680690AF0C7FE84
:105BE000054690B10146204601F012FC044650B132
:105BF000074803685B0703D00121064A08F074FADE
:105C00002846FFF755FE204638BD6FF00B04FAE733
:105C1000000400209750010C38B50446806F09F04D
:105C200065FD054609F05DFD2046294601F0F0FBC3
:105C3000044650B1064803685B0703D00121054ABA
:105C400008F052FA2846FFF733FE204638BD00BF61
:105C500000040020BA50010C2DE9F04190F82830E2
:105C6000044603F01F03012B0F4600F128062FD036
:105C7000022B18D08BB3204694F8291009F0FDFDB3
:105C8000024678B3304609F003FF1D4D002834D199
:105C900013693BB33A463146204698470346FFF71F
:105CA00059F82B5024E0818DC9B201F01BFA05464A
:105CB0000028E0D0304609F0EBFE024668688368B1
:105CC000CAB99B6873B13A463146BDE8F0411847FE
:105CD000818DC9B209F0E1FFE9E790F8291009F0D8
:105CE000F5FFE4E7FFF736F86FF08502044B1A5032
:105CF0000020BDE8F081DB68E4E7D368C9E700BFB6
:105D00000C0000002DE9F04F0B7E95B033F08007BA
:105D100004460D4603920DD092480368590703D0FC
:105D20000121914A08F0E0F96FF00407384615B0F8
:105D3000BDE8F08F039A82B10846FFF7B9FD6B7E8C
:105D4000DA0704D49E07F1D52B7E002BEED1204636
:105D500015B0BDE8F04FFFF75FBF4A7E00F128099C
:105D6000900705D5802B09D12846FFF7A1FDDDE777
:105D7000910700F06284002B40F05F84D3073DD58B
:105D80002B8A082B1FD1EA68294613680020A362DA
:105D90005368C9F8043009F0ADFC0546F0B948462F
:105DA00009F076FEE28D00BB42B32946A0690AF0F5
:105DB000CAFD0146002800F08384204615B0BDE8E6
:105DC000F04F01F025BB674803685F0700F01584BA
:105DD000664A012108F088F900F00FBC61480368A9
:105DE0005E0700F00A84624AF3E73AB111462046A2
:105DF0000AF074F80546002800F06284FEF7AAFF56
:105E0000002394F828705B4E17F0600F8351C7F39E
:105E1000411307D0032B40F0D081FEF79BFF6FF0BA
:105E2000850336E0484609F033FE94F8293000280F
:105E300040F06681013B0A2BEFD801A252F823F013
:105E4000F15F000C1B5E000C7960000C1B5E000C07
:105E50006D5E000C1B5E000C1B5E000C1B5E000CDC
:105E6000EF5E000C1B5E000C815F000C618D7F29D2
:105E7000D3D8A38D002BD0D1E38D002BCDD1F80644
:105E8000CBD194F83030022B05D1FEF763FF4FF0F1
:105E9000FF33335096E0A069036993F880301A0706
:105EA00011D5C9B209F02AFE074678B12D4803681A
:105EB0005B0704D0638D01212F4A08F01EF9002DE5
:105EC00040F0828032E7012384F8393094F8303092
:105ED000012B0AD1638D43B984F83030FEF73AFFC5
:105EE0003358002B00F098806CE00123F4E7204643
:105EF00009F047FC628D0146FF2A8ED8E38D002B06
:105F00008BD194F82830D80687D194F83030002B04
:105F1000BBD02AB12046D2B209F044FE0028B4D04A
:105F2000618D94F838308B42D8D02046C9B200F049
:105F300055FF074650B10B4803685B07BFD0638D20
:105F400001210E4A009708F0E2F8B8E7628D0521BA
:105F5000002A14BF02230123204684F8303009F0C0
:105F6000E9FFBBE700040020D950010CFA50010CF6
:105F70001151010C0C0000003351010C5551010C62
:105F800007F01F07012F7FF448AFE38D002B7FF44C
:105F900044AF628DFF2A3FF640AFA18DFF293FF647
:105FA0003CAF94F83030022B7FF46FAF2046D2B272
:105FB000C9B209F017FF0746B81C40F00381FEF78D
:105FC000C9FE375055B100272846FFF771FC002F56
:105FD0007FF4ACAEFEF7BEFE3358EBB1484609F095
:105FE00057FD0346A069002B00F06E83802175E306
:105FF000E38D002B7FF411AF94F83030002B3FF489
:1060000044AF012BA18D02D100297FF43EAF17F0E0
:106010001F070BD0022F16D0E38D002B40F0E0823B
:106020002046FFF7D7FD0028D8D190E600297FF45D
:106030002CAF638D012BEFD194F86C3061F3C30367
:1060400084F86C30E8E7B4F82A80B8F1000FE3D1A7
:10605000CFB23946204601F04BFA0346FEF77AFEEE
:106060003350013302D14FF0FF3728E7424639461B
:10607000204609F013FD31E7E38D002B7FF4CDAE10
:10608000628DA38D022A5FFA83F811D107F01F07F2
:1060900058EA07077FF4C1AE0122A069190A09F086
:1060A0000DFD00287FF4B9AE012384F8393015E7DF
:1060B00094F8301000293FF4E8AE012902D1002BFA
:1060C0007FF4E3AE17F01F0710D0022FA4D1002AEF
:1060D000A2D14146204601F0E5F90346FEF73AFE1B
:1060E00033500133BFD001224146C1E7002B7FF47A
:1060F000CCAE012A90D194F86C3043F008039FE7AE
:106100000A2B3FF68AAE01A252F823F03961000C47
:106110001B5E000C1B5E000C1B5E000C1B5E000C6B
:106120001B5E000CAB61000C1B5E000C4365000C99
:106130001B5E000C8965000CE38D022B7FF46DAEB5
:1061400094F83030002B3FF4A0AE012BA18D02D18A
:1061500000297FF49AAE17F01F070FD0022F19D035
:10616000002705F10C08404609F08AFCE38D9842AF
:1061700016D2FEF7EFFD6FF00B038AE600297FF4DD
:1061800084AE94F86C309F0807F00207C3F3001345
:106190001F43E6E72046C9B209F0C1FE0746E0E723
:1061A0003946404609F0C9FA98E6B4F82A80F9065B
:1061B0004FEA18235FFA88F808D029462046FFF7EF
:1061C0004BFD0746002F7FF47AAE87E6013B0E2B8E
:1061D0003FF623AE01A252F823F000BF1962000C73
:1061E0005962000C1163000C1B5E000C1B5E000C5E
:1061F0000963000C0963000C1B5E000C1B5E000CA5
:106200001B5E000C1B5E000C1B5E000C1B5E000C7A
:106210001B5E000C5364000C05F10C07384609F0B6
:106220002FFC82462046B4F82E8009F0AAFA20B14D
:1062300001287FF4F2AD616F00E0216F002900F0CA
:106240005182D04528BFD0460A783846424528BFFB
:10625000424609F061FA41E6204609F092FA08F157
:106260000108014683465FFA88F2204609F074FC73
:10627000824650B9BD4803685A073FF4CEAD0121AC
:106280004346BB4A07F039FFC7E505F10C084768EC
:10629000404609F0F5FB3A783946824228BF02466B
:1062A000404609F039FADAF80CA0BAF1000F09D12A
:1062B000298AE38D99427FF611AE4046C91A09F04A
:1062C00046FA0BE6DAF8040083681B6B13B9DAF8B8
:1062D00000A0EAE7594698470028F8D0071F57F86A
:1062E000041F0029F3D00A78002AF0D04046CDE9F7
:1062F000042109F0C5FB049A0599904238BF82B287
:10630000404609F009FAEAE7204609F03AFA84E53E
:1063100042460321204609F001FB804600283FF455
:106320007CAD09F0A8FBB4F82EB098F81530C8B9C8
:1063300098F814708DF831308DF83070D8F810302E
:1063400005F10C081B884046ADF8323009F098FB87
:10635000BB455A4628BF3A46824228BF02460CA98E
:10636000404676E74FF0000AD8F808208DF81D3037
:10637000804B8DF81CA013407F4A934258D11021C6
:1063800008A804F067FA071E35DB0CAA102F904608
:1063900028BF1027794808A9574502F1020237D8CB
:1063A000BF000237FFB28DF81C7005F10C0A504691
:1063B00009F066FB5F4528BF5F46874228BF074656
:1063C000022FBB4628BF4FF0020B5A46A7EB0B0724
:1063D000C346504607A909F09FF97B0808EB57020E
:1063E00093452CD1FF077FF579AD504618F803107F
:1063F00009F09BF972E558377FF40FAD5B480368ED
:106400005B073FF40AAD01215D4A07F06DFE04E52C
:1064100011F8013B0AF1010A4FEA131C03F00F03C4
:1064200010F80CC0C35C02F802CC02F8013CB3E7E0
:1064300098F81470D8F810808DF81C70B5E75046A5
:106440001BF8011BCDE9043209F077F9DDE90432CC
:10645000C6E7204609F095F938B101282CD0FEF79F
:1064600079FC6FF08503335038E5236F002B00F083
:1064700039815B88B3F5007FF1D9424B04F14C0AB6
:106480000C9300238DF83430E36C9A4508BF002349
:10649000BDF832B0A3B15A7D0F2A08D11A7D5A44F3
:1064A000ADF832209DF8342001328DF83420226D71
:1064B000934203D01B68EBE7636FD7E7BDF832B0B8
:1064C00005F10C08404609F0DBFAE78D0CA95F45A1
:1064D00028BF5F46874228BF0746052FBB4628BF17
:1064E0004FF0050B40465A4609F016F9B7EB0B077B
:1064F0003FF4F4ACD4F84CB0D3453FF4EFACBBF16F
:10650000000F3FF4EBAC9BF815300F2B12D19BF82A
:1065100014204046BA4228BF3A46DBF8101009F072
:10652000FBF89BF81430BB4294BFFF1AFF1B002FEF
:106530003FF4D4AC236D5B453FF4D0ACDBF800B046
:10654000DDE794F83030002B3FF49FACE38D012B56
:106550007FF463AC05F10C07384609F091FA002886
:106560003FF407AE94F83810384641E700040020A5
:106570007851010C00FF020000030200D66D010CEF
:106580009E51010C050F050007F01F07012F7FF436
:106590007CAC204609F0F4FA00283FF476ACB4F85D
:1065A0002C80B8F1FF0F3FF638AC43681B794345A8
:1065B000FFF433AC5FFA88F30F2B3FF62EACE38D7C
:1065C000012B7FF42AAC05F10C07384609F058FA84
:1065D00000283FF4CEAD04EB080393F83A10C3E76C
:1065E000484609F055FA18B92846FFF761F917E54A
:1065F0002946204600F00CFF18B12846FFF758F94D
:10660000ECE4A069036993F8801011F004017FF4B1
:106610009EAB0AF0ACF9054600283FF4DFAC01461A
:10662000204600F0F5FE00283FF491AB2F480368A8
:106630005E07E2D02E4AFFF7CCBB51077FF5CEAC08
:10664000002B3FF491AB2846FFF732F994F839302C
:10665000002B3FF46BAB94F82930052B1ED000279C
:1066600094F82930032B14D1638D022B11D1A18D05
:1066700000220D0A2946A06909F020FA074640B118
:106680001A4803685B0704D001212B46194A07F01A
:1066900034FD002384F83930FFF748BB618DA069D1
:1066A000C9B209F02BFA07460028D8D00F48036872
:1066B0005A07D5D0638D01210F4A07F01EFDCFE7A1
:1066C0006FF00B03039389E4E38D002B3FF48EAC52
:1066D000039B13F10C0118BF0121C9010AF024F832
:1066E000FFF735BB6FF01507FFF7E9BB000400208B
:1066F000C051010CE451010C3351010C0B7810B462
:10670000062B14D10369D3F89C20EFF311842023C6
:1067100083F31288BFF36F8F00204B681860506AB4
:1067200058B9C2E9083384F31188BFF36F8F002290
:106730000023034810BC0AF087BF03605362F2E7EE
:106740006804002030B589B0002200230024CDE980
:1067500006236FF007034FF48062CDE90334CDE9DF
:106760000144154B15490094154805F0CDFA15491B
:10677000134805F0A1F9144B14498B4207D30020AC
:10678000134B14498B420CD3002009B030BD03F1E8
:106790001402D2E8EF0FC2E8E54F002DF9D118330B
:1067A000EBE703F11402D2E8EF4FC2E8E50F002D4A
:1067B000F9D11833E6E700BF3568000C482B0020FC
:1067C000D80D00200B52010C400500205805002078
:1067D000580500205805002038B50D4609F0D0F9BD
:1067E00048B9124803685B0707D0BDE8384001216B
:1067F0000F4A07F079BCC46804B938BD2B78032B65
:1068000005D0052B0ED0022B08D02468F4E7606871
:1068100083685B69002BF8D09847F6E76068836867
:106820009B69F7E760688368DB69F3E70804002089
:106830001052010C2DE9F0434FF0200885B000AF55
:106840004FF0FF334FF0FF327848391D04F0DCFD84
:10685000FB681B69D3F89C40236A93B1EFF3118264
:1068600088F31288BFF36F8F256A2DB1616A2B6898
:106870008D42236208BF636282F31188BFF36F8F7A
:10688000C5B93B79062BDBD0072BD9D801A252F82A
:1068900023F000BF1769000C0B69000C3F69000C66
:1068A0001D69000C7569000C6169000C4168000CE1
:1068B000156A000C2B7E29465E062046D5F81E2060
:1068C00020D1FFF71FFA06460028C5D058480368B4
:1068D0005A0711D0E9468AB02B7E6A46CDE90735C2
:1068E00005235449CDE9051642F8103F00234FF423
:1068F0002151FAF7ABFFCD4632460721204609F079
:1069000019FBA9E709F0D9F9DDE7002201212046AA
:1069100009F010FB94E700221146F8E794F86C3078
:1069200043F0040384F86C3094F83030022B03D128
:106930002046391DFFF750FF00220321E7E794F8B6
:106940006C3023F0040384F86C3094F83030022B60
:1069500003D12046391DFFF73FFF00220221D6E771
:1069600094F83030022B7FF46BAF2046391DFFF7CF
:1069700033FF65E794F86C30A66923F0040384F8CC
:106980006C30D6F808903369A033D3E8AF3F9B074B
:106990001AD53046D9F83C309847D9F82430002130
:1069A000304698470546D9F84030304698476DB98B
:1069B0002946204600F012FA0546D0B11C4803686B
:1069C00059070BD01C4A06E04FF0FF351848036802
:1069D0005E0703D0194A012107F086FB002204213B
:1069E000204609F0A7FA002D3FF42AAF2A460721D6
:1069F0008DE7A06909F0CCFF94F86C30821E5042FC
:106A0000504123F0680343EA401384F8305084F87F
:106A10006C30E3E7064803685B0703D00121084AAE
:106A200007F062FB0621BA6871E700BF6804002026
:106A3000080400203F52010C9752010C6952010CCE
:106A4000C352010C38B5024605460E49806909F06B
:106A5000FDFF044648B10C4803685B0703D00121E1
:106A60000A4A07F041FB204638BD85F83800284621
:106A700000F08AF804460028F5D0A8690AF015F855
:106A8000F1E700BFFD66000C08040020D352010CA2
:106A900070B50446456D144EA5B9204608F058FF60
:106AA000034638B110480268520703D001210F4A4B
:106AB00007F023FB204608F020FFA069BDE87040E6
:106AC00009F0F3BF6B6800215A79204609F015F9E7
:106AD000034638B13268510704D001213046044AD8
:106AE00007F00BFB2D68D7E7080400201953010CB1
:106AF000F052010CF8B501231D460C68002C3CD067
:106B000063F07F02D6B202F07F02103224FA02F75D
:106B1000FF0719D5046824FA02F7FF070BD41848B9
:106B200003685F0704D033460121164A07F0E5FAEF
:106B30006FF0150022E005FA02F224EA0204046074
:106B40000C6824EA02040C60DC40E60712D50268F7
:106B500022FA03F4E40704D4094802685207E7D094
:106B6000E2E705FA03F422EA040202600A6822EA74
:106B700004020A600133102BBFD10020F8BD00BF12
:106B80001C0400204553010C2DE9F04F8369834616
:106B90001B69026F93F880308FB0C3F34113022B4F
:106BA0000ED0032B0ED0012B0CBF10230823D37162
:106BB000DBF854800027B8F1000F05D14446E1E02E
:106BC0002023F4E74023F2E7D8F80430D8F80C503B
:106BD00003930C9704977DB9049B039A09339BB2E6
:106BE00093701B0AD3701771D8F80C40002C40F03A
:106BF000DF80D8F80080DDE7002468680D948368A2
:106C00001B6B002B00F0C58021469847002800F040
:106C1000C0803E46C5E90344031F0293029A52F81E
:106C2000043F02920BB11A78C2B9BE4240F2AE8064
:106C3000EB680D9A1343EB60686883689B6A002BCE
:106C400000F0A98098470446002800F0A7805F481C
:106C500003685A0700F08B805D4A85E05A780B2A5A
:106C600008BF9E70029B1B685A78042A10D1EA68FC
:106C70000D990A43EA60DA78002A61D101229E70F8
:106C80002B69B240134301362B61F6B200230D93FA
:106C9000029BD3F8009099F80130052BBED16FF01C
:106CA00012044FF0010ADBF81830089399F8052018
:106CB00099F804305FFA8AF143EA0223ADF82E30E6
:106CC0000C9B069399F90230069A002BA3BF4FFA4A
:106CD0008AF30793534641F08001BFBF4BB207933D
:106CE00021F080031033DA40D20730D40D9A22FA13
:106CF00003F3D80705922AD499F8063099F80320AF
:106D0000089800930DF12E03099109F083FC09996D
:106D10000446E0B9079B89F80210002B4FF00103ED
:106D2000BCBF21F0800110318B4006980599BDF859
:106D30002E2019431843CDE90C01A9F804206DE772
:106D4000721E9A700DA90CA8FFF7D4FE9EE70AF1F7
:106D5000010ABAF1100FA9D1002C3FF45FAF1B4814
:106D60000368590703D01B4A012107F0BDF91748F2
:106D700003685B0706D0D8F804305B790121164A16
:106D800007F0BBF920460FB0BDE8F08F6FF0150497
:106D9000E5E73E4650E76FF0850458E7014668682E
:106DA00008F05BFF049B374603442D68049312E709
:106DB000E36804F10C01A3600CA8FFF79BFE08B97F
:106DC000246813E76FF01504D1E700BF1C0400200E
:106DD0008653010C6253010CAA53010C2DE9F041BA
:106DE00005460E4608F0CDFC95F83830804653B382
:106DF000284608F0C5FE074610B30146284608F0AD
:106E00009FFF10220446002105F13A000AF0E0FF3E
:106E1000002385F83830FF685FB9A4B11B480368C8
:106E20005B0703D001211A4A07F05EF92046BDE84E
:106E3000F081786883685B6A03B198473F68EBE745
:106E40006FF03C04EAE71EB985F838600024EDE7EE
:106E500032464146284608F07FFE074690B102467A
:106E6000284608F097FF04460028DFD185F83860EF
:106E7000FC68002CEAD0606883681B6A03B19847FD
:106E80002468F6E76FF03C04D0E700BFFC03002065
:106E90000B50010CF8B504460E461D46174608F087
:106EA00052FE94F86C30990725D4A3691B6993F8B6
:106EB00080309A070ED4134803685B0703D0012182
:106EC000114A07F011F96FF08505201D08F042FE08
:106ED0002846F8BD3A463146204608F03DFE68B1E6
:106EE0004268D37925B143F020030025D371ECE744
:106EF00003F0DF03F9E76FF07705E6E76FF03C0595
:106F0000E3E700BFFC030020D753010CF8B50446AB
:106F10000E461546576808F016FE94F86C30DB07ED
:106F20000ED5484803685D0703D00121464A07F0A3
:106F3000DBF86FF00F06201D08F00CFE3046F8BDA0
:106F4000012E0AD13F480368590703D03F4A012167
:106F500007F0CAF86FF08506EDE7FB799A060BD5C6
:106F6000A3691B6993F880309B0705D435480368F3
:106F70005D07EFD0364AEAE7002E2DD1E36DE3B985
:106F8000626D002A2ED1236F6A685B7C0133DBB20D
:106F90005371226F5374A968002947D0204608F026
:106FA000E7FC064600283DD0264803685B07C2D0B0
:106FB0000121284A07F098F8BDE79D420AD12148EF
:106FC0000368590703D00121234A07F08DF86FF0B9
:106FD0001506B0E71B68D2E71A4803685A07B9D00C
:106FE0001E4AB4E795421AD12A6893B9A36D626527
:106FF0009D4200D1A265002312482B60036813F064
:10700000060FC8D06B685B790221154A07F075F846
:10701000C1E71A60A26D954208BFA365EBE713466E
:107020001268AEE7A86808F026FDB87100232B604F
:10703000A36D1BB9C4E9155500267CE71D60A56545
:10704000FAE700BFFC030020FB53010C1D54010CA8
:10705000D753010CA554010C4B54010C6854010C7E
:107060008854010C98B503460D4800AF02685207DA
:1070700012D06C4688B06A460A49CDE905134FF430
:107080000073ADF81C30084B42F8103F00234FF45A
:10709000E251FAF7DBFBA5460020BD4698BD00BFD4
:1070A00004040020DC54010C0300000170B5054607
:1070B00081B12846FFF7D6FF0024204670BD6368E3
:1070C00028461968F9F706F80028F6D01834B442B3
:1070D000F5D3EEE7014C024EF9E700BF4005002072
:1070E0005805002070B5012501F07F0311F0800FD5
:1070F00018BF10339D4090F830300446022B09D061
:107100000E4803685B0703D001210D4A06F0ECFF2F
:10711000002070BD90F8386008F033FB324601461D
:10712000204608F019FD0028F2D0C0680028EFD0F2
:1071300083681D42EDD10068F8E700BF0404002019
:10714000FA54010C2DE9F843054608461146164647
:107150009846FFF7ABFF044600284FD0284608F0BA
:1071600075FD95F86C30D80706D526480368590791
:1071700013D0254A01210EE0D4F8049004F114073D
:10718000D7E8AF3FDA0710D51E48036813F0060FA3
:1071900003D002211D4A06F0A7FF6FF00F04281D3F
:1071A00004F008FA2046BDE8F883D9F804303BB172
:1071B000AB4205D0134803685B07EED0144AD9E709
:1071C00042463146284608F0C7FCA0B100232360A0
:1071D00003696BB9C0E90344D7E8EF3F43F001030B
:1071E000C7E8E23F002AF7D10024C9F80450D6E7E7
:1071F0001C600461F0E76FF03C04D0E76FF012040C
:10720000D0E700BF04040020FB53010C1F55010C04
:107210004155010C2DE9F0470546084611469146B7
:107220009A46FFF743FF044600286BD0284608F033
:107230000DFD95F86C30D9070FD5344803685A070F
:1072400003D00121324A06F04FFF6FF00F04281DD2
:1072500004F0B0F92046BDE8F087676804F114082F
:10726000D8E8AF6F16F0010622D12848036813F062
:10727000060FEAD00221274AE5E7426863689A428E
:107280000ED018308842F8D352464946284608F0B6
:1072900063FC10B10022C3686BB96FF03C04D6E701
:1072A00000F11403D3E8AF3FDB07EAD50026EBE794
:1072B00019481A49E6E79C421ED12368B2B902690F
:1072C000C360944200D103614FF00009C4F80090FC
:1072D000D8E8EF3F23F00103C8E8E23F002AF7D1E6
:1072E000606808F0AEFC56B90024B0E7136003698B
:1072F0009C4208BF0261E7E71A461B68CCE7C7F863
:107300000490F1E76FF01204A4E700BF040400202A
:10731000FB53010C7655010C400500205805002058
:107320002DE9F04F83B000AF7B6097F830304C68A8
:107330000E463B608146904608F023FAA36801465A
:107340001B6B33B96FF0150420460C37BD46BDE802
:10735000F08F204698470028F4D00024051F06F13E
:107360000C0A55F8041F09B10B782BB9002C14BF77
:1073700000246FF03C04E7E74B78042B0ED1002C7F
:107380003FD18B787A689342EBD1CB783A689342BD
:10739000E7D10B79002BD7D00124E2E7052BE0D110
:1073A000002CDED0B8F1010F91F802B009D0B8F18D
:1073B000020FF1D152465946D9F8180008F078FD6D
:1073C00004E05246D9F8180008F056FD044600289B
:1073D000E2D00D4803685B07B6D06D468AB06A46B6
:1073E000F368CDE907B3062308490994CDE90518E8
:1073F00042F8103F00234FF44151FAF727FAAD4607
:10740000A2E70024A0E700BF180400209F55010C4C
:107410002DE9F0410B7E05465E060C463AD183B35A
:1074200008F026FA58B11D480368590703D0012116
:107430001B4A06F059FE4FF0FF30BDE8F0812846A8
:10744000D5F87080268AEF8D08F09BF9F8B1421EBE
:10745000534253419B01228A9AB1BE42324628BF11
:107460003A46E98D91420CD9B2FBF3F103FB1122AC
:107470003AB994F91830002BBEBF637E43F008037D
:1074800063762146A869BDE8F04109F0A7B998F8EC
:107490000730E0E76FF01500CFE700BF14040020CD
:1074A000DB55010C70B5064680690C4609F03CF9C5
:1074B000054658B10C48036813F0060F04D00221AA
:1074C00023460A4A06F019FE284670BD012214F030
:1074D000800F18BF24F08004736B18BF1034A240D3
:1074E0001A437263F0E700BF14040020EF55010C4B
:1074F00070B5054680690E4609F040F9044658B15A
:107500000848036813F0060F04D002213346064AE8
:1075100006F0F3FD204670BD314605F1340008F059
:107520009DFCF7E7140400200656010C70B50646D2
:10753000EFF31181202383F31288BFF36F8F1B4D6C
:107540002A6881F31188BFF36F8F526892F86C201C
:10755000D20705D4BDE870400A22002304F0A6BA81
:10756000EFF3118283F31288BFF36F8F2C682CB175
:10757000696823688C422B6008BF6B6082F31188B6
:10758000BFF36F8F44B1606804F10801C369984785
:10759000214607480AF008F82B6833B13046BDE8A9
:1075A00070400022002304F04DBA70BD5016002038
:1075B0002404002030B585B0CDE900120546002234
:1075C0000023144803A903F08BFE0246E8B9DDE965
:1075D0000001039B5D60083383E80300EFF3118033
:1075E000202383F31288BFF36F8F039B1A600A4A2C
:1075F000516861B9C2E9003380F31188BFF36F8F1E
:1076000000220023054804F01DFA05B030BD0B60D0
:107610005360F1E7240400205016002000000020F1
:107620000023C1E901330B60CB6008B1012808D108
:10763000044B03EBC00252680A6013F83020024B7F
:107640001A707047D430010C421A00200023C1E99F
:1076500001330B60CB6028B1012803D0022801D090
:10766000032805D10C22034B02FB00339B680B60FF
:10767000704700BFE430010C00230B4A70B58A60EC
:107680000A4D0B4A0B60CB604B60AA4207D254688C
:10769000246834B1267826B1834201D10C6070BDD4
:1076A00001331832F1E700BF1C28010C58050020F7
:1076B00040050020002370B5C1E90133084A094D97
:1076C0000B60CB60AA4206D2146834B1267826B18A
:1076D000834201D10C6070BD01337C32F2E700BF00
:1076E000C40400204005002038B5094B0546186841
:1076F000FEF7FCF8044630B102460649284606F07B
:1077000073FF204638BD2846034906F051FFF8E7CD
:10771000880000203056010C5156010C73B51446F8
:1077200000210A220646E06805F076FA0C4AC5B246
:107730000C482B46127861680068FFF76BFDD4E9AE
:1077400001230446009530B13046074906F04CFF4E
:10775000204602B070BD3046044906F029FFF7E725
:10776000421A0020880000206F56010CAC56010C14
:1077700073B5144600210A220646E06805F04CFA6B
:107780000C4AC5B20C482B46127861680068FFF7B6
:10779000D9FCD4E901230446009530B130460749AD
:1077A00006F022FF204602B070BD3046044906F0C4
:1077B000FFFEF7E7421A002088000020E056010C87
:1077C0001D57010CF8B5144600210A220546A06891
:1077D00005F022FA0A220021C6B2E06805F01CFA80
:1077E00084B2FF2C05D9FF2228460D4906F0E0FEA1
:1077F000FF240C490C483246E3B20978006808F0CF
:10780000FEF923460746324628B12846074906F0C6
:10781000EBFE3846F8BD2846054906F0C9FEF8E7F4
:107820005057010C421A0020880000207257010CAA
:10783000AD57010C2DE9F843144E074615460024B8
:10784000B046D2F804904846B168F8F743FCA0B9B6
:107850000C235C4308EB040319790D4B58F8042002
:107860001868FFF753FB044620B138466A68094997
:1078700006F0BAFE2046BDE8F8830134042C06F178
:107880000C06E0D16FF01504EFE700BFE430010C07
:1078900088000020DE57010C2DE9F3411646002137
:1078A00010220746B06805F0B7F9102204460021FF
:1078B000F06805F0B1F9102205460021306905F0A5
:1078C000ABF90D49C6B20D480096EDB2E4B22B46B5
:1078D00022460978006807F0A7FF2B46804622461B
:1078E000009638B10649384606F07EFE404602B0A2
:1078F000BDE8F0810349F6E7421A00208800002025
:107900000358010C3658010C38B5134600211022DB
:107910000546986805F080F9094B04461978094B2B
:1079200082B2186807F039FFA2B2044628B10649AE
:10793000284606F059FE204638BD0449F8E700BF46
:10794000421A0020880000205F58010C8758010C63
:10795000134670B5102200210646586805F05CF900
:10796000074B81B20546186807F036FF044620B180
:1079700030460449AAB206F037FE204670BD00BF6B
:1079800088000020A558010C134670B51022002174
:107990000646586805F040F9074B81B2054618685D
:1079A00007F02EFF044620B130460449AAB206F083
:1079B0001BFE204670BD00BF88000020CF58010C80
:1079C00038B5094B05461868FEF7D0F8044628B1CB
:1079D0002846064906F008FE204638BD28460449D8
:1079E00006F0E6FDF8E700BF88000020FA58010C19
:1079F0001759010C38B5094B05461868FEF774F89D
:107A0000044628B12846064906F0EEFD204638BD5A
:107A10002846044906F0CCFDF8E700BF88000020A6
:107A20003559010C5159010C38B50D4B05461868F4
:107A3000FDF7EAFF10F1780F044605D12846094901
:107A400006F0D2FD204638BD28B102460649284638
:107A500006F0CAFDF6E72846044906F0A9FDF1E75D
:107A6000880000206459010C7E59010CA359010CB7
:107A700038B50D4B05461868FDF780FF10F1780FFB
:107A8000044605D12846094906F0AEFD204638BD1A
:107A900028B102460649284606F0A6FDF6E7284624
:107AA000044906F085FDF1E788000020B559010C76
:107AB000D359010C025A010C70B5114E11490546FB
:107AC000306807F055FF10490446306807F050FF52
:107AD0000E490443306807F04BFF0D4904433068FA
:107AE00007F046FF044306D022462846094906F01F
:107AF0007BFD204670BD2846074906F059FDF8E792
:107B000088000020D4000020BC000020A400002039
:107B10008C000020185A010C4B5A010C2DE9F04141
:107B2000064657680F4DDFF84080454507D33A4673
:107B300030460E4906F058FD6FF012040CE038464E
:107B40002968F8F7C7FA044648B9094B3A4630465F
:107B500008491D6006F02CFD2046BDE8F0817C350B
:107B6000E3E700BFC4040020400500209B5A010C3D
:107B700088000020725A010C00222DE9F0411146C4
:107B80000546FFF799FF044680B9204F386807F093
:107B9000FDFD012801460CD11D4A3868FFF7B6F9F2
:107BA000044630B11B49284606F01EFD2046BDE8BC
:107BB000F0810021184A3868FFF7A8F9044600B39D
:107BC0001649F0E771680123002209683868FFF759
:107BD000B9FA736804461A6828B103461049284662
:107BE00006F002FDE2E728460E4906F0E1FC1836F1
:107BF0004645E7D300222846BDE8F0411146FFF78D
:107C000037BF094EDFF82480F2E700BF880000206C
:107C100014010020B55A010C28010020DA5A010C89
:107C2000FF5A010C235B010C400500205805002081
:107C3000F8B513460D460A2200210746986804F05D
:107C4000EBFF0C49C4B20C482B4622460978006869
:107C5000FFF720F92B460646224628B13846074949
:107C600006F0C2FC3046F8BD3846054906F0A0FCD7
:107C7000F8E700BF421A002088000020385B010CA2
:107C80006E5B010CF8B513460F460A22002106462A
:107C9000986804F0C1FF0C49C4B20C483B46224628
:107CA0000978006807F085FF054630B12246304666
:107CB000074906F099FC2846F8BD3B462246304667
:107CC000044906F075FCF6E7421A002088000020FF
:107CD0009D5B010CCE5B010C002370B5C1E9013343
:107CE000084A094D0B60CB60AA4207D25468246849
:107CF00034B1267826B1834201D10C6070BD0133C6
:107D00001832F1E74005002058050020F8B5064676
:107D10000D460A4C0A4FBC4207D32A463046094951
:107D200006F062FC00242046F8BD63682946186806
:107D3000F8F7D0F90028F6D01834ECE74005002019
:107D400058050020FD5F010C80B500AF88B06A4681
:107D5000084BCDE905304FF40073ADF81C30064BED
:107D600042F8103F00234FF4E6510448F9F76EFD46
:107D7000BD4680BD1D60010C03000001F80300201A
:107D800003690C33D3E8EF1F21F00101C3E8E21FC0
:107D9000002AF7D1044B1B6803F00703022B02D91A
:107DA0000068FFF7D1BF7047F803002070B5516835
:107DB00006461546FFF7AAFF044688B130466A68B2
:107DC000084906F0F5FB63681B690C33D3E8EF1F25
:107DD00041F00201C3E8E21F002AF7D1002070BD84
:107DE0001320FCE72860010C38B5036904460C3306
:107DF000D3E8AF2FD50732D5D3E8EF2F42F00801F3
:107E0000C3E8E51F002DF7D111072BD408F0B2F815
:107E10004FF480620146204608F065F8054658B9DF
:107E2000124803685A0703D00121114A06F05CF991
:107E30006FF00B04204638BD0146204608F057F885
:107E400004460028F6D0094803685B0703D00121E7
:107E5000084A06F049F92846FDF72AFDEAE74FF0FF
:107E6000FF34E7E76FF00F04E4E700BFF8030020FA
:107E70005B60010C7560010C70B5516805461646D3
:107E8000FFF744FF00B34068FFF7AEFF431C044612
:107E900072680FD0002807DA10F1100F10D010F11F
:107EA0000C0F0FD0094906E0FCD12846084906F01E
:107EB0007FFB03E00749284606F096FB204670BD8D
:107EC0000549F8E70549F6E71324F7E7DF60010CF9
:107ED000FE60010C8E60010CA160010CBF60010C02
:107EE00013B54378024617485B2B0C4601681BD13B
:107EF00011F0060F0BD0218AD388B1F5806F28BF0F
:107F00004FF48061104A0091022106F000F9228AA4
:107F1000E168B2F5806F28BF4FF480620B4802B071
:107F2000BDE8104009F02EBF4A0703D00121084ADE
:107F300006F0E3F8FCF70EFF6FF08502054B1A50D0
:107F400002B010BDF80300201961010C431A002093
:107F50003A61010C0C000000084608B50378114690
:107F6000DB0607D0FCF7F6FE6FF08502034B1A50D4
:107F7000002008BDFFF7B4FFFAE700BF0C000000C7
:107F800037B50446637808465C2B174D1CD1E28850
:107F90001649B2F5806F28BF4FF480620C3007F0AD
:107FA000BBFB2B6813F0060F0CD0E388B3F5806F92
:107FB0001A4628BF4FF480620221009228460C4ADC
:107FC00006F0A5F803B030BD2A68520704D001219D
:107FD0002846084A06F091F8FCF7BCFE6FF08502CF
:107FE000054B1A50EEE700BFF8030020431A0020AB
:107FF0005B61010C3A61010C0C000000084608B5F9
:1080000003781146DB0607D0FCF7A4FE6FF085026B
:10801000034B1A50002008BDFFF7B2FFFAE700BF7C
:108020000C00000070B5516806461546FFF76EFE5D
:10803000044688B130466A68084906F0B9FA6368B0
:108040001B690C33D3E8EF1F21F00201C3E8E21FE4
:10805000002AF7D1002070BD1320FCE77C61010CE1
:1080600038B5036905460C33D3E8AF2FD40742D5A2
:10807000D3E8EF2F42F00401C3E8E41F002CF7D14E
:1080800051073BD407F082FF4FF480620146284637
:1080900007F029FF044658B91A4803685A0703D065
:1080A0000121194A06F020F86FF00B05284638BD6B
:1080B000038A428A4169D21AC3680C305B1AD21A09
:1080C000B2F5806F28BF4FF48062104907F024FB9F
:1080D0002846214607F00BFF05460028E6D0094850
:1080E00003685B0703D00121094A05F0FDFF204624
:1080F000FDF7DEFBDAE74FF0FF35D7E76FF00F054E
:10810000D4E700BFF80300205B60010C431A002095
:108110007560010CF8B504460569194800AF03689D
:1081200003F00703022B13D96E4688B023686A4612
:108130001449CDE905134FF40073ADF81C30124B10
:1081400042F8103F00234FF4E651F9F77FFBB546A4
:1081500005F10C03D3E8EF2F42F00101C3E8E01F63
:108160000028F7D1D20709D4D3E8AF3F9B0705D445
:108170002046FFF739FE2046FFF772FFBD46F8BDE7
:10818000F8030020A961010C030000012DE9F34769
:108190000446076991F818800D461646B1F810900C
:1081A00007F0E8FE404507F10C0712D1D7E8EF3F92
:1081B00023F00803C7E8E23F002AF7D14EB92A8A24
:1081C000E968B2F5806F28BF4FF48062264809F055
:1081D000D9FD204695F818A007F0D8FE824507D1B2
:1081E000D7E8EF3F23F00403C7E8E23F002AF7D1C6
:1081F0002846FDF75DFB16F1710F26D11B48036879
:1082000003F00703022B18D80026D7E8AF3F9B07DF
:108210000FD4204607F0AEFE804502D12046FFF77E
:10822000E3FD204607F0B2FE804502D12046FFF76D
:1082300017FF304602B0BDE8F087032143460C4AE1
:10824000CDF8009005F063FFDEE7002EDCD0074894
:1082500003685A07D9D001214346064ACDF8009059
:1082600005F055FFD1E700BF431A0020F8030020B6
:10827000B361010CD961010C70B551680546164611
:10828000FFF744FD00B34068FFF7EAFE431C0446D5
:1082900072680FD0002807DA10F1100F10D010F11B
:1082A0000C0F0FD0094906E0FCD12846084906F01A
:1082B0007FF903E00749284606F096F9204670BD8D
:1082C0000549F8E70549F6E71324F7E7DF60010CF5
:1082D000FE60010C8E60010CFC61010CBF60010CA2
:1082E0000121024A024805F0FFBE00BFA562010C51
:1082F000C003002070B5054602F0D6FD04460A4EC4
:108300006B6883B102F0D0FD031BB34207D9074B62
:108310001B685B0707D0BDE87040FFF7E1BF022094
:1083200009F078F8ECE770BDBFD40100C00300206D
:1083300038B54568D5E9010183681B6883B1984762
:10834000041E10DA14F1780F0DD01D4803685A0787
:1083500004D023461B4A012105F0CFFE204638BD3C
:108360006FF05704F1E76868E96883681B6863B1D8
:108370009847041E0CDA14F1780F09D010480368EE
:108380005B07EBD0104A2346E5E76FF05704F5E7AB
:108390002B69984701222B681A702868FFF7AAFFFB
:1083A0002B7D13B100222B681A702A6800241378E1
:1083B00043F0020313702868FFF79CFFCEE700BF6D
:1083C000C0030020D462010CF862010CF8B5046906
:1083D0000D4600AFA034D4E8AF3FC3F38003994209
:1083E0001CD11848036813F0060F17D0164A174B14
:1083F0006E4688B0002918BF13466A461449CDE975
:1084000005134FF40073ADF81C30124B42F8103FC7
:1084100000234FF4E451F9F719FAB5464DB1D4E809
:10842000EF3F43F00403C4E8E23F002AF7D1BD4622
:10843000F8BDD4E8EF3F23F00403C4E8E23F002A8C
:10844000F5D0F6E7F00300208B3A010CEE3A010C70
:108450004F63010C030000012DE9F04705468946F2
:1084600090461F46D0F808A008F00EF80446F0B178
:10847000067DF1070CD51A4803685A0704D0237EFD
:108480000121184A05F039FE6FF07700BDE8F0874A
:108490003B464246494607F0B7FF58B910480368C3
:1084A0005B0704D0237E01210F4A05F026FE6FF002
:1084B0001200EBE79DF8203026F0060684F81980BC
:1084C000678323772675DAF81830214628469847BF
:1084D000B0FA80F3227D5B0963F300022275D5E7D1
:1084E000F00300206163010C7B63010C70B505464D
:1084F000866807F0C9FF0446E8B1037DDA070BD4AC
:108500000E4803685B0704D0237E01210C4A05F066
:10851000F4FD6FF0770070BD0146F3692846984777
:1085200038B1237D03F00103227D63F3000222753D
:10853000F1E70346F8E76FF01200ECE7F0030020E4
:108540009D63010C2DE9F3411746D0F808800546DC
:10855000D8F83C300E4698470022002339460C4894
:10856000FDF728F9044688B90A4803685B0705D077
:1085700001213B46084A009605F0C9FD2846D8F877
:1085800040309847204602B0BDE8F0810676F5E716
:10859000A0040020F0030020B863010C2DE9F84F7F
:1085A0008146884692469B460C4600261C4F5645FF
:1085B00001D1002525E0A37CBBF1800F0CBF43F067
:1085C000200343F04003A374F6B9D8F810306FF3DA
:1085D000100343F4803343F04003C8F810304BEAF3
:1085E000060321462376484607F060FF20340546FF
:1085F000A0B10C4803685B0703D001210A4A05F0CB
:1086000073FD2846BDE8F88F23693B4043F460239F
:1086100043F47F7343F003032361E0E70136C6E7C9
:108620000000F1FFF4030020E663010C70B506685A
:1086300002F03AFC0446064DB37803F0FF0033B174
:1086400002F032FC031BAB42F6D96FF0730070BD31
:10865000BFD4010030B5036989B0D3F8A4500446F3
:10866000083500220023CDE906236FF0070301221D
:10867000CDE9033200230090CDE901334FF40072BD
:108680002846054B054903F03FFB2168284609B001
:10869000BDE8304003F010BAC188000C482F00201C
:1086A000F8B5137E446823F080034FEA431C04EBC3
:1086B000431443F6FF730D8A06689D4228BF1D468A
:1086C000EFF31187202383F31288BFF36F8F664483
:1086D00096F8063118060ED587F31188BFF36F8F11
:1086E000154803685B0703D0127E144908F024FB89
:1086F0006FF00A00F8BDCB682361508BC0F30A000D
:1087000008F055FAE37D257560F30613002003F0A9
:10871000F00360F3C713C5F30525A0756575E37510
:1087200096F8053143F0800386F8053187F3118808
:10873000BFF36F8FDEE700BFF40300200264010C7B
:1087400038B5436805461C689B6B03B1984723897D
:108750009BB243F001032381237803F0FD032370D0
:10876000237843F0010323706868FFF75FFF054635
:1087700048B1064803685B0703D00121044A05F0AD
:10878000B3FC284638BD6062FBE700BFF40300205D
:108790002D64010C38B5044643681D689B6B9847EF
:1087A0002B899BB243F001032B812B7803F0FD034F
:1087B0002B706068FFF73AFF0146A8B92046FFF723
:1087C00095FE50B10A4803685B0703D00121094AAE
:1087D00005F08AFC6FF0040005E080212046FFF7D9
:1087E00085FE0028EED138BD6FF07300FBE700BFB7
:1087F000F40300204C64010C2DE9F843147E4B8AED
:10880000CF68D1F81480B1F81090D0E9005EEFF392
:108810001186202080F31288BFF36F8F24F0800030
:1088200005EB40154FEA401C95F8060140060FD4B1
:1088300086F31188BFF36F8F1F4803685B0703D06F
:10884000127E1E4908F078FA6FF00F00BDE8F88339
:10885000107E28B3C9680EEB0C044EF80C100021F2
:10886000A3EB09032171A7EB08015B1A43F6FF7123
:108870008B4228BF0B4699016171C3F38701A17137
:10888000E179C3F3832321F00F010B43E371508B94
:10889000C0F30A0008F08BF9E37960F30613E37183
:1088A00095F8043143F0400385F8043186F31188CC
:1088B000BFF36F8F0020C9E7F40300200264010CAE
:1088C0002DE99F480446DFF87C812369D3F8A4B0E2
:1088D0000BF1C00A4FF0FF334FF0FF324FF0FF3182
:1088E000CDE900235046002209F042FA8146206972
:1088F00084304FF0FF324FF0FF3302F0E9FD19F002
:10890000040F21D119F0020F0DD00221504609F0B9
:108910002BFA23690126D3F8A400CC3008F011FA11
:108920000546002D65D119F0010F08D001215046F0
:1089300009F01AFA20460BF58A7107F011FE20693A
:10894000843002F037FEC0E70421504609F00CFAEB
:108950002369D3F8A400D03008F0F3F90646002EBE
:10896000D0D096FAA6F3B3FA83F30122DDB20F2B2F
:10897000C2BF103D65F07F05EDB29A402946204602
:1089800026EA020607F080FD074607F0A5FD78B944
:10899000D8F800305A0704D03A7E2B49294808F00D
:1089A000CBF96FF068020721204607F0A6FD0DE025
:1089B00000210390384607F074FD039B00221946FE
:1089C000204607F0A6FD02460028ECD1384607F005
:1089D00064FD48B1D8F800305B07C0D01B492A4677
:1089E000404608F0A9F9BAE73946204608F06DFA82
:1089F000B5E795FAA5F3B3FA83F306FA03F20F2B62
:108A000025EA0205DAB2C2BF103A62F07F02D2B2A2
:108A100011462046039207F037FD074607F03DFD5B
:108A200058B1D8F80030039A13F0070F3FF479AF2C
:108A30000649404608F080F973E73946204608F0B9
:108A400044FA6EE7F40300206F64010C8764010CA4
:108A50002DE9F04F04460025436885B0D3F8009017
:108A6000B9F82060B6B2002E47D1B9F81C50ADB2AB
:108A70006B07A9F81C5004D532460521204607F0A3
:108A80003CFD2F0709D51322636804211B6820468B
:108A900083F80921002207F030FDEE0710D5236985
:108AA000A033D3E8AF3F5807C3F3800608D40121B1
:108AB0002046FFF78BFC32460321204607F01DFDC0
:108AC000A9060ED52369A033D3E8AF3F5A0708D5CE
:108AD00000212046FFF77AFC00220221204607F001
:108AE0000CFD2B0640F1FE806FF015020721204699
:108AF00005B0BDE8F04F07F000BDF70767D56B0183
:108B0000019363685FFA85FA1B6803EB451393F8DA
:108B10000771FFB2B80783F8077120D563684AF080
:108B200080025B6811460293236920460392D3F8C2
:108B3000A4B007F0A9FC019007F0D2FC039A80468C
:108B4000002847D169480368590702D0684908F0EE
:108B5000F3F86FF068020721204607F0CEFCFA0711
:108B600021D5636851465A681B68204601932369E2
:108B70004FEA4518D3F8A4B0904407F085FC029062
:108B800007F0AEFC8246002854D1584803685B07C2
:108B900003D057492A4608F0CFF86FF06802072142
:108BA000204607F0AAFCF80611D563685B681A79BD
:108BB0005B7903F03F0342EA0322082A00F0858034
:108BC0004A480368590702D04A4908F0B5F87608C0
:108BD000013548E7029B22F0800203EB4212117D2F
:108BE000527D0C3002F03F0241EA022106F0B6FD50
:108BF000B8F810202AB14146019A6068FFF750FD8D
:108C0000ADE7404607F070FC40B14146019A60680C
:108C1000FFF746FD404607F06BFCA0E705F11001A9
:108C20000BF1D00008F0CBF804210BF1C00008F0E4
:108C3000C4F894E7018A428A521AC1684069091A45
:108C400098F80500521A98F8041000F03F0041EA25
:108C500000218A4228BF0A460AF10C009046FDB95D
:108C60000BF1D40106F058FDDAF80C10DAF8140014
:108C7000BAF81220091A521ABAF810108A4219D0FA
:108C8000029B5A8BC2F30A02904513D165B9019B2E
:108C9000019A93F8043143F0400382F8043182E7EB
:108CA000114606F033FDDFE75146029A6068FFF790
:108CB000A3FD78E729460BF1D00008F080F80421E5
:108CC0000BF1C00008F079F86DE723690121D3F8B2
:108CD000A400D0F8D430C03043658369836508F0C0
:108CE0006CF874E705B0BDE8F08F00BFF403002016
:108CF0006F64010C9C64010C2DE9F04F456889B04C
:108D000095F82430D5F814902C688DF81C30064660
:108D1000A869296A83689B696BB107AA9847B0F173
:108D200000080BDA6F4803685D073ED042466E4983
:108D300008F002F839E06FF05708F3E7A869296AEC
:108D400083681B686BB19847B0F100080CDA18F122
:108D5000780F09D0634803685C0726D06349424610
:108D6000E6E76FF05708F5E7D5E9060183681B6869
:108D70006BB19847B0F100080CDA18F1780F09D000
:108D800058480368590710D059494246D0E76FF058
:108D90005708F5E7237843F0010323707068FFF765
:108DA00045FC074628B16FF07308404609B0BDE89E
:108DB000F08FE378014643F00203E370E37848461E
:108DC00043F00803E37007AA08F00DFAB0F10008B9
:108DD00007DB079B3A461979186801F05BFD80466E
:108DE00030B1404803685A07DFD0424942469FE706
:108DF00002464FF0FF3C864677683B68039397F83E
:108E00002C300593059B9A4229D30022039B80B204
:108E100018852378114643F00403237023783046E5
:108E200003F07F032370238923F00C031B041B0C26
:108E3000238123899BB223816B6863620092402364
:108E4000FFF70AFB024670B3264803685B0703D0AE
:108E50000121294A05F048F96FF00408A5E7B96A2D
:108E6000D7F830A08B5C114404934B7891F80290B2
:108E70004FEA531B0AEB8B08E04518BF5AF82BE06A
:108E800003F01F032EFA03F303EA090C39EA030384
:108E900008BF91F803C0049B04320CFA03FC40EABB
:108EA0000C00C446AEE70090402380213046FFF717
:108EB000D3FA0028C8D129232383237843F002035F
:108EC00023707068FFF7B2FB804600287FF46BAF19
:108ED0002389304623F001031B041B0C23816B6B99
:108EE000984762E7F4030020C164010CE264010CBE
:108EF0000065010C1E65010C4965010CF8B500AF59
:108F0000D0B93B480368590712D06C4688B06A460E
:108F1000384B4FF4E2510593374B06934FF40073EF
:108F2000ADF81C30354B42F8103F08F01CF8A54650
:108F30006FF01500BD46F8BDB0F1205F4FEA9064B8
:108F400018D32B4803685A07F2D06D468AB06A4698
:108F50002B4B4FF411510593274BCDE906344FF4B9
:108F60000073ADF82030274B42F8103F07F0FBFFAD
:108F7000AD46DDE7631EDBB2082B31D8224A234D14
:108F8000D15C234AD65C234AD25CEB5CC5B28D42ED
:108F90000BD8C0F3052CB44507D8C0F3055696424C
:108FA00003D8C0F3853098421FD9114803685B0786
:108FB000BED06E468CB06A46174BCDE9084105938A
:108FC0000D4B4FF45151CDE906354FF40073ADF818
:108FD0002830124B42F8103F07F0C5FFB546A7E70F
:108FE0003F2300211A461E46D0E70020A2E700BF1B
:108FF000B80300209565010CD36E010C030000013D
:10900000C365010C04000001286E010C0D6E010CFB
:109010001F6E010C166E010CE165010C06000001CB
:109020002DE9F3470C460025194943682143804642
:1090300016461F68019507F099FF022804D0356095
:10904000002002B0BDE8F0874FF0060AB4FBFAF941
:109050005FFA89F52946404601AA08F012F800286F
:10906000EFD10AFB1944E4B2032C94BF4C375037BC
:10907000AD003D442B6804F00304E400E34013F02A
:109080003F03DDD0019AB2FBF3F23260D8E700BFB4
:1090900000FFFF0F2DE9F04F83B01C4643680D46DB
:1090A00092469A68002302EB81084B4900AF29439E
:1090B0007B608146D0F810B0D8F8206007F056FFEA
:1090C00002284FF0000351D1D8F8201001F00F0111
:1090D00051451BD1414803685C0711D06C4688B0EC
:1090E0006A463F4B53613F4B4FF4E25193614FF45B
:1090F000007393833C4B42F8103F07F034FFA546C2
:109100006FF085000C37BD46BDE8F08FBAF1060F51
:109110000BD18B1F052B08D8304803685907EFD0B7
:109120006C4688B06A46314BDCE70B290AD8DFE889
:1091300001F00620323D3D40454545454545DBF8BB
:1091400000307B60D8F82020012D4FEA124218BF72
:10915000D2B2F30439D51D2A28BF1D2201230132C2
:1091600092B293409AB27B68B3FBF2F30020236083
:10917000C8E7AB1EDAB2092A04D80BEB830BDBF885
:109180000430DEE7154803685A07B9D06C4688B04A
:109190006A46174BA6E7012D1BD00C220121484639
:1091A0003B1DFFF777FF0028CCD0ABE74FF400431F
:1091B000C7E74846391D00F01DF8F4E70639484670
:1091C0003A1DC9B2FFF72CFFEDE7012A38BF012293
:1091D000C9E76FF05B0095E700FFFF1BB8030020B5
:1091E0000E66010C676E010C030000013066010C75
:1091F0005266010C37B50C4641680A68136913F4CE
:10920000807303D10020236003B030BD136BDB07F4
:1092100001D4094BF6E78B68D56BD3F88010052293
:1092200001AB01F00F01FFF735FF0028ECD1019BE6
:10923000ADB26B432360E7E7006CDC022DE9F04F31
:1092400083B043688146D3E900BA0E46144600AFA6
:10925000CDB2EAB9A74803685A0712D06C4688B065
:109260006A46A54B4FF4E2510593A44B06934FF485
:109270000073ADF81C30A24B42F8103F07F073FEAC
:10928000A5466FF0150840460C37BD46BDE8F08F87
:1092900008467B60FFF732FE7B688046E0B1954868
:1092A00003685B0715D06C468AB0B60E6A46954BCC
:1092B00008950593914B4FF43151CDE906364FF4A3
:1092C0000073ADF82430904B42F8103F07F04BFE8E
:1092D000A5466FF08508D6E7B20E082A00F286810F
:1092E000DFE812F0090013008700DB00F800FE0041
:1092F00022016F017C01DBF81430227823F0800317
:1093000043EAC213CBF81430BDE7D9F80430A17892
:109310009A681D68D2F8803061F30303C2F8803088
:109320006378002B46D02B6BDFF8E09143F001020D
:10933000DBB243F001032A632B6301F0B5FD06465F
:10934000AB6FDBB101F0B0FD831B4B45F8D9694829
:1093500003685E0797D06C4688B06A466C4B5361D1
:109360006C4B93614FF400734FF4E2519383644B61
:1093700042F8103F07F0F7FDA54684E7EA6BA388A3
:109380006FF30F021343EB6301F08EFD0646DFF827
:109390007C91AB6F73B101F087FD831B4B45F8D90E
:1093A000544803685D073FF46EAF6C4688B06A4668
:1093B000594BD4E7EB6A227803F07F0343EAC213E8
:1093C000DBB2EB6201F070FD0446504EAB6F002B38
:1093D0003FF459AF01F068FD031BB342F6D945488D
:1093E00003685C073FF44FAF6C4688B06A464B4B4E
:1093F000B5E72679D9F804300B2ED3F8009023DC9A
:109400009B6803EB850ADAF88430334343F040036A
:10941000CAF8843001F048FD8346DAF884305806F3
:1094200012D401F041FD394AA0EB0B039342F4D969
:10943000304803685B073FF426AF6C4688B06A4645
:10944000374B0593374B8CE70B2ED8BF002609F11D
:10945000440252F825302188C8BF0B3E61F309034E
:1094600042F8253009F1480252F82530A17809F177
:10947000400961F3050342F8253059F82530E278B8
:10948000C8BF360223F4F063C8BF06F4E06643EABF
:10949000C2131E4349F82560F5E60622D9F80430C8
:1094A0001968B5FBF2F302FB1352D0B2032894BF44
:1094B0004C3150319B000B443F2102F003021868ED
:1094C000D200914020EA0100217801FA02F2024321
:1094D0001A60D8E6237803F00303CAF81030D2E606
:1094E000DAF81C30227823F0800343EAC213CAF86A
:1094F0001C30C8E6B80300207066010CE66E010C53
:10950000030000018F66010C05000001BFD40100BB
:10951000B966010CBE6E010CEE66010C2167010CF0
:109520005667010CAA6E010CD9F804A0012DDAF8D7
:109530000810D9F8106001EB85010A6A238822F42B
:10954000005222F00F024FEA02424FEA124201D0CB
:10955000FF2B01D842EA0342E378A07803F00F031F
:1095600043EA403313430B6201F09EFC8146DFF86F
:1095700090B0DAF808305B68E3B101F095FCA0EB3D
:1095800009035B45F5D91F48036859073FF47BAED3
:109590006C468AB06A461C4B4FF4115105931B4B25
:1095A000CDE906354FF40073ADF82030184B42F882
:1095B000103FDFE6002D7FF466AEE37886F83A30A0
:1095C00061E69B68C6F3052603EB8603D3F880208B
:1095D000217861F30302C3F8802054E6D968237828
:1095E000CA6822F0FF021343CB604CE605480368CB
:1095F0005A073FF46EAE0121064A04F075FD68E695
:10960000BFD40100B80300208367010C926E010CE7
:1096100004000001D367010C2DE9F04782B000235C
:10962000D0F80480D0F810A000AF0646084689465E
:1096300015467B60FFF762FC0446C0B145480368ED
:109640005A0711D06C4688B06A46434B5361434B6E
:109650004FF4E25193614FF400739383404B42F80F
:10966000103F07F080FCA5466FF0850016E04946E4
:10967000304607F07BFC02280ED14FEA99635FFA6F
:1096800089F1092B5DD8DFE803F00513181D2210BE
:10969000373D4A4ADAF8004000202C600837BD46C2
:1096A000BDE8F0874FF48064F6E74FF40044F3E739
:1096B00029463046FFF79EFDF0E72A46304607F080
:1096C000E0FCEBE72A463046FFF7AAFCE6E77368C2
:1096D0005A68136903F00303012BE3D0991E012993
:1096E000E3D8D46914F00204D6D0032B14BF4FF48E
:1096F00000444FF48064CFE72B460C223046FFF73E
:10970000C9FCCBE7D8F80830C9F3052909F12009CD
:1097100053F829100C222B4601F00F01EEE70C2222
:10972000002130463B1DFFF7B5FC0028B6D1D8F824
:109730000C307C68DB6813F0FF03ADD0B4FBF3F4AE
:10974000AAE7044803685B078ED06C4688B06A4677
:10975000044B7BE7B8030020B967010C7E6E010C57
:1097600003000001CF67010C2DE9F84FD0F804A0E9
:10977000D0F8108000AF0846DAE9004B0E46DAF860
:109780000890CDB2FFF7BAFBC0B151480368590742
:1097900011D06C4688B06A464E4B53614E4B4FF425
:1097A000E25193614FF4007393834C4B42F8103FA6
:1097B00007F0D9FBA5466FF085000DE0B30E092B2D
:1097C0007BD8DFE803F0050C11277A484F607A6BED
:1097D000636923F002036361BD46BDE8F88FE36A65
:1097E00023F00203E362F7E7403454F8253023F016
:1097F000020344F825300123D8F83020AB4022EA98
:109800000302C8F83020D8F82C2022EA0302C8F856
:109810002C20E1E70623B5FBF3F203FB1253D9B288
:1098200003294FEA820294BF4C345034144401227D
:1098300003F00303DB002168073302FA03F321EA94
:1098400003032360B8F838300635AA4023EA020340
:10985000A8F83830C0E7DBF81C3023F00203CBF85F
:109860001C30B9E745B91A4803685A07A3D06C46BB
:1098700088B06A461A4B90E709EB85052B6A23F4FA
:1098800080732B62A8E7C6F3052609EB8609D9F891
:10989000803023F04003C9F880309DE70121DAF8D9
:1098A0000C30C6F3055203EB8203DA6BC6F3853640
:1098B000B14022EA0102DA638EE7054803685B07DC
:1098C0003FF479AF0121074A04F00EFC73E700BFB3
:1098D000B8030020B967010C586E010C03000001A9
:1098E000EE67010CD367010C2DE9F0474FF001083A
:1098F00043680669D3F8009000AF09F1400252F8BE
:1099000021300C4643F0020342F8213001F11803E4
:1099100008FA03F801F0C8FA0546DFF860A0D9F8A4
:10992000103038EA030321D001F0BEFA431B53453F
:10993000F5D9134803685B0713D06D468AB06A46B1
:10994000104B4FF4115105930F4BCDE906344FF4F2
:109950000073ADF820300D4B42F8103F07F003FBC9
:10996000AD466FF07300BD46BDE8F0870122F36A93
:10997000A24013430020F362F5E700BFFF0D270765
:10998000B80300201A68010C666F010C0400000186
:109990002DE9F04F83B00546D0F804B000AF08467B
:1099A0000C46FFF7ABFA0646E0B1864803685E074F
:1099B00011D06C4688B06A46834B5361834B4FF499
:1099C000E25193614FF400739383814B42F8103F4F
:1099D00007F0C9FAA5466FF0850630460C37BD463C
:1099E000BDE8F08F2146284607F0C0FA022800F0B3
:1099F000E5806A684FEA946C11689368BCF1090FBE
:109A000000F28380DFE80CF005363B5481595F6932
:109A100081744B6943F002034B61230E032B03F067
:109A2000FC0A40F29580BAF1140F05D8694B23FA6D
:109A30000AF3D90700F18C80DBF814804FF000099D
:109A4000BAF1140F40F08780DBF80430DB68DA07E6
:109A5000C3D4614B1B78002B40F0858001F024FAC1
:109A600002467A6001F020FA7A685C49831A8B42D8
:109A7000F7D983E0CB6A43F00203CB62CDE70F2036
:109A8000E1B24B1C2A6903EB43035B0000FA03F3CA
:109A9000108F034205D02846FFF726FF0028BCD0D0
:109AA0004CE0012303FA01F1136B0B431363B4E79A
:109AB0002846E1B207F03CFBF0E75268D36943F077
:109AC0000203D361A9E714F0FF02A6D003EB8203DF
:109AD0001A6A42F480721A629FE7C4F3052203EB0C
:109AE0008203D3F8802042F04002C3F8802094E73C
:109AF000D268C4F3055302EB83020123D16BC4F394
:109B0000853083400B43D36387E72E4803685D07A6
:109B10003FF461AF6C468AB06A46314B4FF4115145
:109B20000593304BCDE9063C4FF40073ADF820307F
:109B30002D4B42F8103F07F016FAA546214803685E
:109B40005C073FF448AF6C4688B06A46274B34E761
:109B50004FF4FA6872E72146284607F007FA022810
:109B60007FF477AF39E7FBF7F5F8214B1B58002B53
:109B70003FF474AF0A20002107F06EFF09F10109DC
:109B8000C145FFF45DAF0F4803685B0702D16FF07A
:109B9000730622E76C4688B06A46164B4FF4E251D2
:109BA00005930A4B06934FF40073ADF81C30084B35
:109BB00042F8103F07F0D7F9A546E8E76FF07706BF
:109BC0000BE700BFB8030020B967010C4A6E010C17
:109BD0000300000110111000431E0020BFD401003B
:109BE0003568010C416E010C040000015D68010C38
:109BF000080000007B68010C2DE9F0414368314A00
:109C00001D6804696B69487A1A400B7C00021B06C8
:109C100000F4706003F040730343087A00AFC001A2
:109C2000C0B203438878400100F020000343887AE3
:109C3000000100F010000343C878C00000F00800E5
:109C400003434878800000F0040003430878400094
:109C500000F00200034313436B614B6823600B78F1
:109C60001BB301F021F90646DFF85C802B69DA07A7
:109C70001ED401F019F9831B4345F7D91348036833
:109C80005B0712D06C4688B06A46114B4FF4E25124
:109C90000593104B06934FF40073ADF81C300E4B38
:109CA00042F8103F07F05FF9A546BD46BDE8F081D8
:109CB000636B43F480536363238F43F00103238773
:109CC000F3E700BF41F0FFFCFF0D2707B8030020BA
:109CD0009068010C566F010C030000012DE9F0475C
:109CE00006690C46338F00AF9D061BD59D4803685F
:109CF00003F00703022B12D96C4688B06A469A4BD0
:109D00004FF4E6510593994B06934FF40073ADF869
:109D10001C30974B42F8103F07F025F9A546BD4689
:109D2000BDE8F08796F83A30052B00F0D180436803
:109D30001D689A68EB6A23F00203EB628B78012BB3
:109D400040F082800978736BCB40D80719D48548DE
:109D5000036803F00703022BE1D96C468AB06A4618
:109D6000844B0593814BCDE90631032308934FF4CF
:109D70000073ADF82430804B4FF4335142F8103F5C
:109D8000CAE7D2F88030DFF8F4A161F3030343F0AF
:109D90004003C2F8803001F087F88046DFF8E09198
:109DA000DAF880305B0600F1B98001F07DF8A0EBB5
:109DB00008034B45F4D96B4803685B07AFD06C468A
:109DC00088B06A466F4B5361684B4FF4E251936120
:109DD0004FF400739383664B42F8103F9CE72B6B64
:109DE000627903F0490343EAC213A279DBB252015C
:109DF00002F020021343E279DFF88491120102F0AD
:109E000010021343227A920002F004021343627A92
:109E1000520002F00202134343F001032B6301F0EE
:109E200043F88046AB6F7BB101F03EF8A0EB08032E
:109E30004B45F7D94B4803685D073FF470AF6C465C
:109E400088B06A46504BBEE7EB6AE27803F07F03C6
:109E500043EAC213DBB2EB626278EB6A520002F0B3
:109E6000020203F0FD031343EB6201F01DF880468C
:109E7000DFF80C91AB6F7BB101F016F8A0EB080393
:109E80004B45F7D9374803685C073FF448AF6C4649
:109E900088B06A463D4B96E76378002B3FF43FAFAE
:109EA00001F002F88046DFF8E8902B69D90528D444
:109EB00000F0FAFFA0EB08034B45F6D929480368E8
:109EC0005A073FF42CAF6C4688B06A46314B7AE7AC
:109ED0002448036803F00703022B12D96D4688B0AB
:109EE0006A462D4B4FF4E6510593204B06934FF4F1
:109EF0000073ADF81C301E4B42F8103F07F033F8EA
:109F0000AD466378002B3FF40AAF736B43F4005304
:109F10007363338F43F02003338700E7A37AEA6B40
:109F2000A1891B0403F4FE036FF316020B431343D2
:109F3000EB6300F0B9FF8046DFF84490AB6F002B75
:109F40003FF44DAF00F0B0FFA0EB08004845F5D955
:109F5000044803685E073FF4E2AE6C4688B06A4688
:109F60000E4B30E7B8030020A968010C436F010CC9
:109F700003000001DA68010C050000010000014443
:109F8000BFD401002969010CB966010C2167010CDD
:109F9000FF0D27075969010C7569010CEE66010C6C
:109FA0002DE9F04F83B0D0F810900D78D9F83060DB
:109FB00000AFEE4016F001030C467B6023D191F810
:109FC00007B0D9F8343023FA0BF3D9071FD46B4804
:109FD000036803F00703022B15D96C468AB06A4662
:109FE000674B4FF433510593664BCDE90635032398
:109FF00008934FF40073ADF82430634B42F8103FE0
:10A0000006F0B1FFA5460C37BD46BDE8F08F4368AA
:10A01000BBF10B0FD3F80080D3F810A02DDC9E68A5
:10A0200006EB8506D6F884204BEA020242F0400295
:10A03000C6F8842000F038FF0246D6F884003A6063
:10A0400042061AD400F030FF3A685049801A88421C
:10A05000F3D94A4803685B07D5D06C4688B06A4696
:10A060004B4B5361474B4FF4E25193614FF40073F4
:10A070009383484B42F8103FC2E708F1440252F87C
:10A0800025306189BBF10B0F61F3090342F82530DC
:10A090004346217B53F8482FC8BFABF10B0B61F34C
:10A0A0000502C8BF4FEA0B2B43F82520C8BF0BF4AD
:10A0B000E063A079C8BF7B60637908F1400252F881
:10A0C0002510C002DB0100F46050DBB27E6821F491
:10A0D0007E5103430B431E4342F82560E2892E4B19
:10A0E000D8F86C1003EA0243228A6FF3DE11D20122
:10A0F00092B213430B43C8F86C3000F0D5FE06460D
:10A10000DFF888B0D8F878305B0616D500F0CCFEC2
:10A11000831B5B45F6D9194803685A073FF473AFB0
:10A120006C4688B06A461D4B9BE70122D9F8303057
:10A13000AA401343C9F8303065E72379002B3FF478
:10A1400062AFDAF81C30164E43F48033CAF81C3084
:10A1500000F0AAFE0446DAF80C30D805E5D400F089
:10A16000A3FE031BB342F6D90448036859073FF422
:10A170004AAF6C4688B06A460A4B72E7B8030020C3
:10A18000AF69010C346F010C05000001BFD4010060
:10A190005667010C030000010000FF7FF369010C0A
:10A1A000FF0D27071D6A010C2DE9F84306248C4694
:10A1B00009780569B1FBF4F62B8F01F1060823FA43
:10A1C00008F3DB0704FB161400AF1CD5284803680E
:10A1D00003F00703022B13D96D468AB06A46254B5C
:10A1E0005361254B1462C2E906364FF40073938421
:10A1F000224B4FF4335142F8103F06F0B4FEAD4607
:10A20000BD46BDE8F8834FF03F094368032C1A6848
:10A210004FEA8603D4BF4C325032134404F0030E8D
:10A220001A684FEACE0E09FA0EF922EA09099CF8DB
:10A23000052002FA0EF242EA09021A609CF8043084
:10A2400053B90B48036803F00703022BD8D96D46B6
:10A250008AB06A460A4BC3E706F06AFF0028F0D1CD
:10A2600001232A8F03FA08F313432B87C8E700BFA3
:10A27000B80300204E6A010C216F010C050000019B
:10A28000836A010C2DE9F041056900AF2B8FDC06D4
:10A290001BD53B48036803F00703022B12D96C4619
:10A2A00088B06A46374B4FF4E6510593364B069318
:10A2B0004FF40073ADF81C30344B42F8103F06F0F9
:10A2C00052FEA546BD46BDE8F08143680A7C5C6845
:10A2D000CB7B52009B0002F0020203F00403134305
:10A2E0008A7B606902F0010220F0070013430343F8
:10A2F0006361E36926480A7B18404B7A12029B048B
:10A3000002F4706203F4701313430A7AD201D2B2DA
:10A3100013434A78920002F0040213430A78520071
:10A3200002F0020213430343E3610B78002BC9D010
:10A3300000F0BAFD0646DFF85C80E368DA0719D45E
:10A3400000F0B2FD831B4345F7D90D4803685B0756
:10A35000B8D06C4688B06A460F4B4FF4E251059373
:10A36000094B06934FF40073ADF81C30074B42F8CD
:10A37000103FA4E72B8F43F010032B87A2E700BF09
:10A38000B8030020BA6A010C0E6F010C0300000133
:10A3900079F0C3FFFF0D2707E96A010C2DE9F047AB
:10A3A00006690D78736B0C46EB40D90700AF1CD5DE
:10A3B0005A48036803F00703022B13D96C468AB08E
:10A3C0006A46574B4FF413510593564BCDE906356A
:10A3D0004FF40073ADF82030534B42F8103F06F0B5
:10A3E000C2FDA546BD46BDE8F08794F807C0338F8F
:10A3F00023FA0CF3DA0719D44848036803F007037B
:10A40000022BEFD96C468AB06A46484B4FF4335161
:10A410000593444BCDE90635032308934FF40073AD
:10A42000ADF82430424B42F8103FD8E7D0F8048012
:10A43000012DD8F80820638A02EB8502116A21F405
:10A44000745121F00F014FEA01414FEA114101D04F
:10A45000FF2B01D841EA03416379003B18BF012378
:10A4600041EA4331237C0BB141F48051637D207A72
:10A47000DB02800200F4806003F400630343207D6C
:10A480000CF00F0C400243EA0C0300F4007003438D
:10A490002079DFF8A0A0000200F4807003430B4392
:10A4A000136200F001FD8146D8F808305B68DBB12B
:10A4B00000F0FAFCA0EB09035345F5D917480368EF
:10A4C0005B078FD06C468AB06A461B4B4FF4115124
:10A4D0000593144BCDE906354FF40073ADF82030E9
:10A4E000114B42F8103F7AE7AB1E092B0FD8E268F8
:10A4F00006EB83035A600122736BAA401343012DBC
:10A50000736302BF338F43F0020333876AE7002D82
:10A51000F1D1E37986F83A30EDE700BFB8030020C7
:10A52000086B010CFB6E010C040000013A6B010C7E
:10A5300005000001BFD401008367010C2DE9F04F35
:10A54000934A87B0934B00AFC7E900234FF4606193
:10A5500030230125C7E90213394604464668D0F87E
:10A5600010803D61FFF748FB40F201104FF40043BB
:10A57000C7E9000340F20713DFF81CC23946C7E9F8
:10A5800002C3002320463B61FFF77CFEB368DFF87F
:10A590000C921D7000F088FC0546B368D3F804A047
:10A5A000BAF1000F21D000F07FFC431B4B45F4D9DA
:10A5B0007B4803685B0712D06C4688B06A46794BCB
:10A5C0004FF4E2510593784B06934FF40073ADF8C6
:10A5D0001C30764B42F8103F06F0C5FCA5466FF0E4
:10A5E00073001C37BD46BDE8F08F0523032688F8AD
:10A5F0003A3001254FF006084FF0020914220021DD
:10A60000381D07F0E5FB6A4B394620463B6087F86A
:10A6100007807D823D71FFF7C1FE14220021381DA5
:10A6200007F0D6FB634B394620463B6087F807802E
:10A63000A7F812903D71FFF7B1FE14220021381DDA
:10A6400007F0C6FB5C4B39463B6007232046FB7195
:10A650007D823D71FFF7A2FE14220021381D07F014
:10A66000B7FB564B39463B6008232046FB717D8281
:10A670003D71FFF793FE14220021381D07F0A8FB5F
:10A680004F4B394620463B607D823D71FFF786FE89
:10A690004FF001334B4A3946C7E90023204603F106
:10A6A0007F43BB60BD81FFF719FB4749474B4FF024
:10A6B0000308C7E900134FF0967339462046C7E9EF
:10A6C0000238C7F810A0FFF76BFC40F601234048A2
:10A6D0003946C7E900032046FFF766FD41F601133E
:10A6E000DFF8F0C039462046C7E900C3FFF75CFD3C
:10A6F00040F601434FF4006BDFF8DCE039462046BA
:10A70000C7E900E3FFF750FD344B39462046C7E95F
:10A71000003BFFF749FD324A39462046C7E9002B86
:10A72000FFF742FD2F4A39462046C7E9002BFFF7C5
:10A730003BFD013E7FF45DAF636832465B682046B7
:10A7400029491D612B4606F026FD2B464A46204628
:10A75000264906F020FD2B4642462046244906F0B5
:10A760001AFD2B4604222046224906F014FD2A46F3
:10A770002046214906F024FD2A4620461F4906F0BE
:10A780001FFD20462A461E4906F01AFD304628E7DE
:10A7900001000001001BB70000000101BFD401004F
:10A7A000B80300208D6B010C316E010C0300000119
:10A7B00000FFFF1B01FFFF1B02FFFF1B03FFFF1B2F
:10A7C00004FFFF1B0101000100C0FF0B0100010C91
:10A7D00000FFFF0F01FFFF0F02FFFF0F03FFFF0F3F
:10A7E00004FFFF0F05FFFF0F30E7FF1F37EEFF1FCE
:10A7F00035ECFF1F10D2FF1F3E7F34240E3F05248F
:10A800000B7F042408B5074806F033FE38B106482C
:10A81000FAF704FD0448F6F7FDFA002008BD6FF0D2
:10A820001200FBE71420010C2DA8000C0A2838B5F3
:10A830000446074D04D1AB680D2128465B68984754
:10A84000AB6803485B68E1B29847204638BD00BF5B
:10A850001420010C10291FB528BF10210C460C4BE9
:10A86000D3F8E02112BA0092D3F8E42112BA01928F
:10A87000D3F8E82112BA0292D3F8EC310A461BBA97
:10A880006946039307F07EFA204604B010BD00BF6E
:10A890000070000A2DE9F04300250127DFF8E0E011
:10A8A00000F1020CEBB2994202D80020BDE8F0831F
:10A8B00030F825403CF82560C4F3422804F00F032B
:10A8C000B8F1010F5EF82330C4F304122AD15BB350
:10A8D00003EB52084FEA143998F8304012F0010F98
:10A8E00015BF04F00F0404F0F00444EA091449EA27
:10A8F000040488F8304003EB020898F8404044F024
:10A90000010488F8404016F0010F07FA02F803EB43
:10A9100002040BD116F0020F0ED194F8409009F00A
:10A92000FB090DE0002BEED10135BBE7D3F8109009
:10A9300048EA0909C3F8109094F8409049F00409D6
:10A9400084F8409094F8409016F0080F14BF49F036
:10A95000020909F0FD0984F840901C6816F0100FF8
:10A9600014BF48EA040424EA08041C60DC6E07FAF9
:10A9700002F236064CBF224324EA0202DA66D3E72B
:10A980002433010C0121024A024803F0ADBB00BF91
:10A99000FA6B010CEC03002070B5054600F084FA58
:10A9A00004460B4EEB69DA0610D000F07DFA031B6B
:10A9B000B34207D9074B1B685B0707D0BDE870405F
:10A9C000FFF7E0BF022006F025FDEBE770BD00BFFA
:10A9D000BFD40100EC030020F7B50D4647680669B7
:10A9E000BC682368204623F002032360FFF7D4FFEE
:10A9F000EB79002B64D1F3712979022960D82046C4
:10AA000006F0EAFC2B7933716B79012B52D1636824
:10AA100023F0400363602046FFF7BEFF6B7973713C
:10AA2000AB79042B4CD82B4A2046D35C626822F0C9
:10AA300007026260626813436360FFF7ADFFAB79A2
:10AA4000B3710023F86901938368DB6813B1796AF5
:10AA500001AA9847019A2868002A34D05308010BAC
:10AA60000005C01841F100010023F5F719FB4FF66E
:10AA7000FF72431E61F10001934271F1000125D282
:10AA80002368404280B223F460432360A0812B6896
:10AA9000204633607B7B012B02BF236843F0800399
:10AAA0002360236843F002032360FFF775FF002053
:10AAB00003B0F0BD032B03D1636843F04003A9E763
:10AAC0006FF08500F4E76FF01500F1E76FF02100FB
:10AAD000EEE700BF736F010C2DE9F74346680746A8
:10AAE000D0F81080F069B468836896F80C901B6801
:10AAF000716A2BB96FF05705284603B0BDE8F083A3
:10AB00009847054610B110F1780FF5D1D6E9070145
:10AB100083681B68002BEDD09847054610B110F1F3
:10AB2000780FE9D1BF232375002388F807303379E4
:10AB3000042B02D96FF08505DEE7544A2046D35C2A
:10AB4000626822F007026260626813436360FFF785
:10AB500023FF3379204688F80630717906F03CFCF3
:10AB6000737988F80430B379012B7ED1636823F0C0
:10AB7000400363602046FFF70FFFB37988F8053084
:10AB8000B16832690B68120523F44C1302F44012C9
:10AB90001A4373691B0403F4403313430B602368A7
:10ABA00043F000532360236823F01C03B9F1000F26
:10ABB00062D023602368002143F080432360B06AA1
:10ABC00001AA06F010FB051E96DB019B00221979F5
:10ABD0001868FFF75FFE054600288DD163682046A0
:10ABE00043F400336360FFF7D7FE6368204643F405
:10ABF00080336360FFF7D0FEF069716A8368DB68B9
:10AC00000BB101AA9847019A3068002A37D053083F
:10AC1000010B0005C01841F100010023F5F740FACF
:10AC20004FF6FF72431E61F10001934271F1000182
:10AC300028D22268404283B222F460422260A3817B
:10AC400033683846C8F80030B3699847737B2046AC
:10AC5000012B02BF236843F080032360236843F085
:10AC600002032360FFF798FE46E7032B7FF462AFF1
:10AC7000636843F040037CE743F0040399E76FF017
:10AC8000150539E76FF0210536E700BF736F010C3A
:10AC90004FF0E0230D4A9969126818699B690029F1
:10ACA00008BF1146002B08BF134610F4803F084828
:10ACB00001D1994205D20168114401604FF0E021B1
:10ACC000096900681044C01A704700BFE0190020ED
:10ACD000DC1900202022094B002083F8232042F6B3
:10ACE000E062074B1A60074B42F6DF6218604FF0D4
:10ACF000E0235A61072298611A61704700ED00E075
:10AD0000E0190020DC190020684620F007018D467C
:10AD100019B5FFF7BDFF1449144B0868D3E9004289
:10AD2000001942F10002C3E9000200230B6042F661
:10AD3000E0630F4AD2E90041001BB0FBF3F043434C
:10AD40001B1941F10001C2E90031EFF31181202309
:10AD500083F31288BFF36F8F01F0B4FCF9F78AFF19
:10AD6000BDE8194085467047DC190020B80F002067
:10AD7000B00F00202DE9F041374E89B1421C0AD1B5
:10AD80004FF0E022136923F0010313614FF07F437A
:10AD90003360BDE8F0813568012806DC00240AE054
:10ADA000431C3568F8D140F2755040F27653984212
:10ADB000A8BF1846441EEFF31187202383F312889F
:10ADC000BFF36F8FFFF764FF4FF0E0232349D3F801
:10ADD00018C0D1E9002380184FF0000243F10003AE
:10ADE000C1E900031E4B1A601E4B1A68831A2DD44A
:10ADF00042F6E06E42F6DF6814FB0E841C44B4FB9E
:10AE0000FEF4131A0EFB0433B3F5806F38BF4FF412
:10AE10008063154A934228BF13464FF0E022336007
:10AE2000013B946953610023A4459361ACEB04009A
:10AE3000D1E900320DD20544EB1842F10002C1E91C
:10AE4000003287F31188BFF36F8FA2E74FF480635E
:10AE5000E3E7C318F1E700BFE0190020B80F0020B6
:10AE6000DC190020B00F002060CCFF0038B5EFF3F4
:10AE70001185202383F31288BFF36F8F084B1C6862
:10AE8000084B1B68E41AFFF703FF85F31188BFF333
:10AE90006F8F42F6E0632044B0FBF3F038BD00BF93
:10AEA000B80F0020B00F002038B5EFF31185202334
:10AEB00083F31288BFF36F8F044B1C68FFF7E8FE23
:10AEC00085F31188BFF36F8F204438BDB80F002081
:10AED000024B03600248C01A40097047D41F010C9E
:10AEE0005420010C10B50446F6F712FB0548036820
:10AEF0005B0703D00121044A03F0F6F8204606F070
:10AF0000C3FA00BFD80300204E6C010C2DE9F047B6
:10AF100004460D4600AFEFF31189202383F3128816
:10AF2000BFF36F8FDFF8D080344AD8F800309668CE
:10AF300059075ED0042898BF314BEA468AB0117C8D
:10AF400098BF53F820306A4688BF2E4BCDE90731B1
:10AF500040F201332C48ADF824302C4BCDE90504E8
:10AF600042F8103F00234FF431512348F6F76EFCAE
:10AF7000D54665B1EB69C3F3080343B1D8F8003097
:10AF80005A071FD00121224A1B4803F0ADF8D8F818
:10AF900000305B0716D01EBB1E48E8468AB06A46E2
:10AFA0001D4B0790CDE9053640F20133ADF8203056
:10AFB0001A4B42F8103F00234FF411510E48F6F798
:10AFC00045FCC54629462046FFF78CFF89F31188CA
:10AFD000BFF36F8F3046F9F75DFEBD46BDE8F087E1
:10AFE000304606F043FC0028D6D00378002BD3D09F
:10AFF000D3E7002DBED1E5E7D8030020E4190020F7
:10B000007C33010C5D6C010C736C010C05000001BC
:10B010009B6C010C6B6C010CBC6C010C04000001FE
:10B0200038B50A4B53F82040013053F82050A54260
:10B0300000D838BD606830B1037EDB0701D406F06C
:10B04000F7F90834F3E723689847FAE79033010CDF
:10B05000012270B5294B86B003201A70FFF7E0FF7C
:10B0600001F0E8FC0420FFF7DBFF254C254D2646C8
:10B07000AE4204F130040FD301F04EF9204CAC4243
:10B0800026D301F05DF902F070F91F4A938923F08D
:10B090000103938106B070BD54F80C3C059354F83D
:10B0A000103C049354F8143C039354F8183C029356
:10B0B00054F81C3C019354F8203C009354E90A23B3
:10B0C00054E90C0100F046FD54F8303C5E65CEE7D3
:10B0D000D4E90A23B3F1FF3F08BFB2F1FF3F05D027
:10B0E00052EA0301206803D100F0EAFD3034C6E7DC
:10B0F0000649183001F056FAF8E700BF431E002059
:10B100004425010C4425010C78100020BB19010CCA
:10B11000B82370B5144E86B003FB0066134B0122B2
:10B1200005930F23CDE903320023CDE90133142326
:10B130004FF4A0720E4D0F4903FB0055044602FB6D
:10B1400000110D4B3046009500F004FD337C2C744B
:10B1500023F004033374094B013403EBC423EE6082
:10B160006B6006B070BD00BFC00F00201E6D010CEB
:10B17000E4190020483900201916010C483100203C
:10B180007FB50020FFF74CFF2C4B83F30888002588
:10B19000E0232B4C84F82230E57725766576A5767A
:10B1A00084F82050E576636A43F4E0236362636ABF
:10B1B00043F400236362A563E3689BB243F0BF637B
:10B1C00043F40833E360F9F769FCF9F74DFD4FF0FC
:10B1D000FF33A362E362F9F74BFFF9F7C1FDF6F71E
:10B1E000DDF8184800F020FD0120FFF719FF0220CC
:10B1F000154CFFF715FF01F087F8144B4FF48062F0
:10B200005C61134B1349059301232046CDE9035399
:10B21000CDE90155104B009500F09CFC0646237CBF
:10B22000204623F00403237406F08FFB2846FFF723
:10B230006FFF31462046084AF9F7F8FC48390020EC
:10B2400000ED00E03011002078100020E41900200B
:10B25000236D010C883A002051B0000C38B5064C23
:10B26000064DAC4201D3002038BD2046D4E901127E
:10B2700006F054F91434F4E7400400206804002078
:10B280001FB5054CCDE9002302940A46002106F0C3
:10B2900003F904B010BD00BFA1D6000C30B5054BBA
:10B2A00085B0DDE908450293CDE9004506F0F4F8E4
:10B2B00005B030BDA7D6000C38B5074C074DAC42E1
:10B2C00001D3002038BD204606F04CF908B91C34E3
:10B2D000F5E76FF01500F5E7240400204004002096
:10B2E00073B50C46EFF31181202585F31288BFF367
:10B2F0006F8FC5685DB125602B68C36083690133BA
:10B300008361002081F31188BFF36F8F11E052EA4F
:10B31000030603D16FF00B002560F3E7CDE90023AE
:10B320000246083000F0E8FE18B9034B9B685B69E1
:10B33000236002B070BD00BFE4190020F7B50D46D0
:10B3400004469DF82010EFF31187202080F3128827
:10B35000BFF36F8F266AE068864240D22668B44207
:10B360001AD0CEB1304606F062F906F1180006F0A8
:10B3700003FC2946002554F8082F706906F002FDE9
:10B380003046C6F8B45006F0E0FA2046394606F0DA
:10B390003AFB284603B0F0BDA268A9B12946E0698E
:10B3A00006F0F0FCE369A26813446269E36193422A
:10B3B00001D12369E3610020236A0133236287F30B
:10B3C0001188BFF36F8FE5E7A0692369294698428A
:10B3D00008BF6069801AA06106F0D4FCEBE752EA6E
:10B3E00003010BD0074904F1080089684D61CDE9DC
:10B3F00000233946224600F07FFECBE76FF02200A3
:10B40000DDE700BFE4190020F7B504460846EFF376
:10B410001186202181F31288BFF36F8F216A0029E2
:10B420003BD0A268A16906F0ADFCA369A2682568BB
:10B4300013446269A361934204BF2369A361236A31
:10B44000AC4203F1FF33236236D02846002D34D0BE
:10B45000002706F0ECF805F1180006F08DFB69698D
:10B46000A268E06906F08EFCE369A26828461344EE
:10B470006269E361934204BF2369E361236A013394
:10B480002362C5F8B47006F060FA04F10800314692
:10B4900006F0B9FA384603B0F0BD52EA030111D004
:10B4A0000A4989684861CDE900233146224604F102
:10B4B000080000F021FEEEE7002086F31188BFF3BC
:10B4C0006F8FE8E76FF02200F7E700BFE419002074
:10B4D0002DE9F341044617461E46EFF31188202359
:10B4E00083F31288BFF36F8F304BC2689B6872B1D1
:10B4F0008068984217D057EA060216D188F311885F
:10B50000BFF36F8F6FF00F0002B0BDE8F08193F9C9
:10B510000E1001322161C4E9023288F31188BFF3B1
:10B520006F8F0020F0E72169F3E793F90E1090F98F
:10B530000E30994230DA9942A8BF194606F08BF8CE
:10B54000054622464146CDE90076194800F0D4FD73
:10B550000028E6D0EFF31186202383F31288BFF38F
:10B560006F8FA068D0B1236821699C420AD04BB18B
:10B5700093F90E309942A8BF19466FF07F039942A4
:10B58000B8BF194606F067F840B13146084806F0E2
:10B590003AFA6FF00A00B7E70025D2E7002DF4D1A0
:10B5A00086F31188BFF36F8FF3E700BFE419002023
:10B5B000441E0020F8B583680546002B40D0234A7E
:10B5C000926893423FD1C368012B03D9013BC3600A
:10B5D0000020F8BDEFF31187202383F31288BFF317
:10B5E0006F8F0169806806F036F82C68A54207D194
:10B5F0000023C5E9023387F31188BFF36F8FE7E7B4
:10B60000002CF5D0D4E90032002613605A60237C68
:10B61000C4E9006623F002032374A66004F1180055
:10B6200006F0AAFAAC6094F90E3020462B61C4F8FB
:10B63000B46006F08AF93946054806F0E4F9C7E730
:10B640006FF01500C5E74FF0FF30C2E7E4190020A6
:10B65000441E002037B51146EFF31185202282F3F6
:10B660001288BFF36F8F04689CB12368426823F08F
:10B6700003039442036008BF43600121204606F0A3
:10B680006EF8044685F31188BFF36F8F204603B030
:10B6900030BD51EA0302F5D000F10802CDE90013F4
:10B6A0001046294600F028FD0028EFD1014B9B6889
:10B6B0005C69EBE7E419002070B5EFF311862023F5
:10B6C00083F31288BFF36F8F0468A0421BD0D4B1FC
:10B6D000D4E90032002513605A60237CC4E9005588
:10B6E00023F002032374A56004F1180006F044FA65
:10B6F0002046C4F8B45006F028F93146BDE8704041
:10B70000064806F080B9D0E902329A4218BF0133E8
:10B71000836086F31188BFF36F8F70BD441E0020D5
:10B7200013B5EFF31181202484F31288BFF36F8FD8
:10B73000846844B1013C846081F31188BFF36F8F4A
:10B74000002002B010BD52EA030406D181F3118833
:10B75000BFF36F8F6FF00F00F3E7CDE900230246D0
:10B76000014800F0C9FCECE7441E00202DE9FF4130
:10B7700004462027534EEFF3118887F31288BFF356
:10B780006F8FD4F8BC50F5B9022104F1D40006F053
:10B790001FF8002870D004F1CC05002201212846B2
:10B7A00006F0A7F90028F8D100234FF0FF320293EA
:10B7B0004FF0FF334146CDE90023434804F1C40272
:10B7C00000F0D4FDD7E7D4F8C0202B689542C4F828
:10B7D000BC3008BFC4F8C030D4F8D43043F0020302
:10B7E000C4F8D430EB6823F0040343F00103EB60AA
:10B7F0006B6888F31188BFF36F8F28469847EFF383
:10B80000118887F31288BFF36F8FEB68D80623F097
:10B8100001023ED4EA60EB689A0717D5306823F03E
:10B820000203EB6090B10021036878B14268954251
:10B830003DD10368002934D172683360904200D151
:10B840007360002340F8083BFFF736FFD4F8D4308C
:10B8500023F00203C4F8D430DB0530D4D4F8BC3074
:10B86000003B18BF012388F31188BFF36F8F002BB3
:10B8700081D006F030F87EE7D4F8D430D90693D5DD
:10B88000C4F8D40088F31188BFF36F8F04B0BDE80B
:10B89000F08123F01103EB6005F11000FFF70CFFBE
:10B8A000B9E70B607368984208BF7160C9E7014649
:10B8B0001BB11A6818461346B7E71A46FAE7002381
:10B8C000D1E700BF081A0020441E0020F8B5C36865
:10B8D00004469A070E46C3F3400542D45F0742D49C
:10B8E0000B680BB983680B60E368D80742BFA36895
:10B8F00002253360376858BF012557B31B4B9A6840
:10B90000D7F8B8309A421ED105F0AAFF80F00100A6
:10B91000C0B2D7F8D430D907C3F380021CD5F2B136
:10B92000F8B100232360D7F8C03073B9C7E92F44BA
:10B93000384605F067FFE36843F00403E3603368CB
:10B94000A3602846F8BD0020E3E71C60C7F8C040AC
:10B95000EEE76FF0150506E06FF0120503E01B0738
:10B96000DFD56FF00F0500233360EAE7E41900200C
:10B97000F0B50446002089B00E9DC4E92F0004F103
:10B98000C400C4E9310004F1CC00C4E9330055B36C
:10B990002879002840F2011008BF0120C4F8D40023
:10B9A00000204FF0FF364FF0FF37CDE90330CDE9EF
:10B9B0000100CDE9066720460C4B009400F0A4F985
:10B9C00055B1296811B1204600F076F86B791BB1AA
:10B9D000A38943F00103A381204600F071F9C4F864
:10B9E000B84009B0F0BD0120D8E700BF6DB7000C2A
:10B9F00037B501900846EFF31184202181F31288B6
:10BA0000BFF36F8FC16811F01E0F16D153EA020504
:10BA100008D101A9FFF75AFF84F31188BFF36F8F94
:10BA200003B030BD41F00801C1600199103081615F
:10BA3000034900F0B7FD0120EEE70020ECE700BF6E
:10BA40001318010C01460148FFF7D2BF081200206D
:10BA5000F7B50C4616461D460190EFF311872023DB
:10BA600083F31288BFF36F8F084605F0BCFE55EADA
:10BA7000060309D1204601A9FFF728FF87F31188A3
:10BA8000BFF36F8F03B0F0BDE368324643F00803A5
:10BA9000E360019B0449A36204F110002B4600F00F
:10BAA00081FD0120EAE700BF1318010C014601489F
:10BAB000FFF7CEBF0812002010B5044608B9054BA9
:10BAC0009C681F2204F17C0006F0B9F9002084F87C
:10BAD0009B0010BDE41900202DE9F0470C4681B30E
:10BAE0007AB3002590F81090174F561E6019B9F1DF
:10BAF000000F04D104F805902046BDE8F087B7F8A0
:10BB000004A019EA0A0F1AD0FB88A6EB050898458D
:10BB100028BF98463968424606F034F939EA0A09DE
:10BB200045440CD0A6EB0508B8F1010F28BF4FF033
:10BB3000010860194246054906F024F945440837D2
:10BB4000D4E7034CD8E700BFA833010C2B6D010CE0
:10BB50007039010C2DE9F04F984685B000F158037B
:10BB6000C0E91633129B0F46838104230026044646
:10BB700003740732119B22F0070A5246837301EBCC
:10BB80000A05C0E906668660C673AA213846DDF854
:10BB900038B0DDF84C9006F01BF929462046F8F73E
:10BBA00021FC109B073020F00700C4F8A400C4E972
:10BBB000277A02930F9B2D1ACDE900B32A464346FC
:10BBC00039462046F9F716F80F9BC4E91A8B23670C
:10BBD000109B66656367EFF31183202282F312885E
:10BBE000BFF36F8F0F4F3A6A3C62A26783F31188ED
:10BBF000BFF36F8FB9F1000F11D01F22494604F136
:10BC00007C0006F01CF984F89B60BB680BB1D3F88C
:10BC1000A8302846C4F8A83005B0BDE8F08F84F8F5
:10BC20007C90F2E7E4190020012303748381002350
:10BC3000C0E92733C0F8A830014B9860704700BFB7
:10BC4000E41900200E4A03469268824204D1EFF3C1
:10BC500005820AB900F0E8BAEFF31181202282F3DD
:10BC60001288BFF36F8F1A7C12F0100204D081F398
:10BC70001188BFF36F8F7047184600F03FB900BFBF
:10BC8000E419002010B5EFF31184202282F312880A
:10BC9000BFF36F8F027CD10604D484F31188BFF305
:10BCA0006F8F10BD22F01002027405F05DFE214678
:10BCB000BDE81040014805F0A6BE00BF441E0020AC
:10BCC00038B50446EFF31185202383F31288BFF3C0
:10BCD0006F8F037C5B070FD5183005F04DFF237C79
:10BCE000204623F00403237405F03EFE2946BDE8F8
:10BCF0003840044805F087BE85F31188BFF36F8F85
:10BD000038BD00BF441E0020F0B5002587B0059562
:10BD1000109DDDE9127604950F9D044603950E9D56
:10BD200002950D9D01950C9D0095FFF713FFB6F14F
:10BD3000FF3F08BFB7F1FF3F05D056EA070305D123
:10BD40002046FFF7BDFF204607B0F0BD3A46334618
:10BD500004F11800014900F025FCF4E7BB19010CBF
:10BD60006FF00A01094A9368C3F8B4100849C3F890
:10BD7000B0004B6843F080534B60002383F311887D
:10BD8000BFF36F8F9368D3F8B4007047E4190020B5
:10BD900000ED00E038B590F910200146002A037C40
:10BDA00004DA03F07F03037405F097FD0D4D2A4676
:10BDB00052F8184FAB68944200D004B9EC688B423B
:10BDC00007D01A7CD20604D1DA897F2A01D9A26968
:10BDD0002AB1A34202D0204600F00AFB23466B6141
:10BDE00038BD00BFE419002070B590F91020037C25
:10BDF000002A2FDBD9062DD11A4C63F07F0322468F
:10BE0000037452F8183FE169934207D1C0E9002159
:10BE10000860E0610FE09942F8D01B68002BF5D074
:10BE200093F90E6090F90E50AE42F4DD5968C0E906
:10BE3000003108605860A569954200D005B9E568F1
:10BE4000A3681A7CD20606D1DA897F2A03D9AA69A7
:10BE50000AB9636170BDAB4202D0284600F0C8FA4F
:10BE60006561F7E7E4190020034648B9EFF305825E
:10BE700032B9064A51699268914201D0FFF770BF0A
:10BE800083F31188BFF36F8F704700BFE419002060
:10BE900038B5184CA168E0690B68814214BF1A4696
:10BEA000002249680B605960A368E1692AB9124A07
:10BEB000C3E900210B60E3610AE092F90E5093F9A7
:10BEC0000E00854212DD5168C3E900210B6053600A
:10BED000A569094B9D4200D005B9E568A3689D425C
:10BEE00002D0284600F084FA656138BD8A42DED06F
:10BEF0001268DBE7E4190020FC190020002A2DE974
:10BF0000F0470CBF4FF010094FF00809027C0446BF
:10BF100019EA020F0E460F462BD149EA0203D20955
:10BF200049D10374B9F1080F4BD04FF00008DFF886
:10BF3000F8A0534653F8185F9D4200D00DB9DAF8C7
:10BF40000C50DAF80830AB4202D0284600F050FA24
:10BF5000B9F1100FCAF814500BD0204603F06BFB58
:10BF6000204600F095FAB8F1000F02D02F48FFF7F5
:10BF70005BFE2D4B9B68A3424FD1EFF30583002B53
:10BF80004BD1A289D20711D586F31188BFF36F8FE9
:10BF900083F31188BFF36F8F0423184602DFEFF39A
:10BFA0001187202383F31288BFF36F8F3846BDE8D3
:10BFB000F047FFF7D5BE03F07F03037405F08DFC57
:10BFC000B0E7A36813B1204605F08FFC04F1180018
:10BFD00005F0D2FDA56D04F15808A84511D04FF029
:10BFE000000A75B1284605F080FC05F1180005F03F
:10BFF000C3FD2846C5F8B4A0FFF7F6FEA56DA84519
:10C00000EFD1094B9B689C428FD1EFF30588B8F1C3
:10C01000000818BF4FF0010889E786F31188BFF3C5
:10C020006F8FBDE8F08700BFE419002030110020B9
:10C0300070B50F4D06462B4653F8184F9C4200D062
:10C0400004B9EC68AB681A7CD20604D1DA897F2A7D
:10C0500001D9A2692AB1A34202D0204600F0C8F952
:10C0600023466B613046BDE87040FFF7FDBE00BF60
:10C07000E419002070B5EFF31186202383F31288B2
:10C08000BFF36F8F1A4CA168E0690B68814214BF3F
:10C090001A46002249680B605960A368E1692AB911
:10C0A000144AC3E900210B60E3610AE092F90E50E3
:10C0B00093F90E00854216DD5168C3E900210B603B
:10C0C0005360A5690B4B9D4200D005B9E568A36894
:10C0D0009D4202D0284600F08BF965613046BDE8EC
:10C0E0007040FFF73DBE8A42DAD01268D7E700BF42
:10C0F000E4190020FC190020F8B5124B0C46DDE9CC
:10C10000067611469868104A1060EFF311822022DB
:10C1100082F31288BFF36F8F9D68284605F0EFFB0E
:10C12000B6F1FF3F08BFB7F1FF3F06D03A463346AE
:10C13000064905F1180000F035FA2046BDE8F84040
:10C14000FFF70EBEE4190020101A0020BB19010CE5
:10C15000F8B50446EFF31187202383F31288BFF369
:10C160006F8F037C49B203F01F02002A0CBF012627
:10C17000002635D103F07F032A4D037405F0ADFB93
:10C180002A46037C817363F07F03037452F8183FDF
:10C19000E869934207D1C4E900200460EC610DE036
:10C1A0009842F8D01B68002BF5D093F90EC08C454F
:10C1B000F6DD5968C4E900310C605C60AC699442FA
:10C1C00000D004B9EC68AB689C4202D0204600F075
:10C1D0000FF96C6187F31188BFF36F8F3046F8BD9C
:10C1E0009B071CD5856805F078FB81732B689D4201
:10C1F00009D16B68C4E900531C606C60EAE76A68A7
:10C200009A42F6D01B68002BF3D093F90E208A4295
:10C21000F5DD5A68C4E9003214605C60DAE78173C6
:10C22000D8E700BFE419002070B5EFF31186202392
:10C2300083F31288BFF36F8F037C0D4D03F07F03F0
:10C2400043F01003037405F048FB2B4653F8184FD6
:10C250009C4200D004B9EC68AB689C4202D02046F6
:10C2600000F0C6F86C613046BDE87040FFF778BD5D
:10C27000E4190020F8B550EA010306460C4603D144
:10C2800005F029FB0020F8BDEFF31187202383F38D
:10C290001288BFF36F8F184D184BA868186005F00F
:10C2A00065FBA868324623461549183000F07AF934
:10C2B000AB6804461A7CC3F8B07042F004021A74EA
:10C2C0006FF00A02C3F8B4200E4A536843F080535B
:10C2D0005360002383F31188BFF36F8FAA68D2E9FC
:10C2E0000A12B2F1004F08BF9942CBD105F079FC98
:10C2F000201A20EAE070C6E7E4190020101A002096
:10C30000BB19010C00ED00E0024B03F11802C3E978
:10C3100006227047E4190020EFF31181202383F3F4
:10C320001288BFF36F8F054B9A68D37B013BD373A1
:10C3300081F31188BFF36F8F704700BFE4190020AD
:10C34000EFF31180202383F31288BFF36F8F034B29
:10C350009A68D37B0133D373FFF76ABEE4190020D8
:10C36000014B9868704700BFE4190020D3B5DDE9A0
:10C370000667089CCDE90067FFF7BEFE1CB1034BC2
:10C380009B685B69236002B0D0BD00BFE419002048
:10C39000027C034612F01F0210D10A4988420DD0D8
:10C3A0000949086868B1D9897F2909D893F90E200D
:10C3B000064B1B689A42B8BF0020704700207047A8
:10C3C00010467047C00F0020B8020020141A002049
:10C3D0000122044BC01A044BC0105843034B1A549B
:10C3E000704700BFE8110020ABAAAAAA441E002093
:10C3F00070B50C4B0C4D1E7CFFF7CAFF182303FBD6
:10C4000006550446284605F0B7FB0022074B9A550F
:10C410003CB1621E2846BDE870400549D31700F0C4
:10C42000C1B870BDE4190020E8110020441E0020AE
:10C43000D1C3000C38B5EFF31185202383F31288A4
:10C44000BFF36F8F0F4B104A9C681068A04206D153
:10C45000FFF7CEFF85F31188BFF36F8F38BD002142
:10C460001B7C1160094AD35C002BF3D02046FFF7F8
:10C470008FFF0028EED0237CDB0601D1FFF708FDFB
:10C480002046E5E7E4190020101A0020441E002091
:10C49000EFF31181202383F31288BFF36F8F0A4AD1
:10C4A000136A834207D19B6F136281F31188BFF334
:10C4B0006F8F70471346002BF7D09A6F8242F9D1E5
:10C4C000826F9A67F1E700BFE4190020F8B50546CE
:10C4D0000E46EFF31187202383F31288BFF36F8F8B
:10C4E000064B1C6A24B987F31188BFF36F8FF8BD20
:10C4F00020463146A847A46FF4E700BFE4190020A6
:10C50000F8B506460F46EFF31183202282F3128816
:10C51000BFF36F8F15460B490C6A24B983F311885A
:10C52000BFF36F8FF8BD83F31188BFF36F8F394668
:10C530002046B047EFF3118385F31288BFF36F8F66
:10C54000A46FEAE7E4190020024B1868984208BF7C
:10C5500000207047BC020020034B1B680BB9FEF79C
:10C5600085BC0020704700BF181A002030B570B19C
:10C570000B4B5B6898420AD0036843B1D3E90421AE
:10C58000D0E90445121941EB0501C3E90421D0E9C2
:10C59000003213605A600023C0E9003330BD00BF91
:10C5A000BC020020B3F1FF3F08BFB2F1FF3F2DE90D
:10C5B000F84F0446994615461F467AD08160EFF33E
:10C5C0001188202383F31288BFF36F8FB9F1000F16
:10C5D000DFF8E4A020DBFFF7BFFFDAE90027013531
:10C5E00049F100092D1849EBE07306464FF00109A7
:10C5F000C4E90453AD1843EB0707FFF7A5FF034653
:10C60000DFF8B8E0DEF804A0EBB9C4E900EACAF844
:10C610000040CEF8044028E06FF00103DAE9001290
:10C620005B1A4FF0FF3161EB02025B1B62EB090208
:10C63000012B72F10001BCBF012300224FF0000961
:10C64000C0E90432D9E7D3E9041CD4E904208A42C2
:10C6500070EB0C0B24DA891A5A686CEB0000C3E902
:10C660000410C4E9003214605C60FFF76DFF84427F
:10C670000ED1134B1B685BB9B9F1000F02D1FFF764
:10C680006BFF0646304605F060FA0021FEF772FBAC
:10C6900088F31188BFF36F8F28463946BDE8F88FBD
:10C6A000521A60EB0C005345C4E90420ADD01B685E
:10C6B000AAE700252F46EFE700120020BC02002069
:10C6C000181A00202DE9F047DFF8A8900246C9F8B3
:10C6D00000000D46FFF738FF00260027DFF898809E
:10C6E0004FEAE27ED8E9001350B1D0E9044CA242EF
:10C6F0007EEB0C0A1ADAA41A6CEB0E06C0E90446AB
:10C700000024521843EB0E032046C8E90023C9F861
:10C71000004005F01AFA2146FEF72CFB85F311883C
:10C72000BFF36F8FBDE8F047FFF784BE611843EB9E
:10C73000E473C0E90467C8E90013FFF717FF01229B
:10C740004FF00043C0E9042385F31188BFF36F8FD6
:10C7500083689847EFF31185202383F31288BFF392
:10C760006F8FD9F80020121BC9F80020FFF7ECFEEC
:10C77000B6E700BF181A00200012002010B5EFF332
:10C780001184202383F31288BFF36F8FFFF7E4FE39
:10C790000346054AD2E90001181841EBE37184F31E
:10C7A0001188BFF36F8F10BD00120020F8B504464A
:10C7B000EFF31187202383F31288BFF36F8FD0E943
:10C7C0000423B3F1004F08BF012A04D087F3118876
:10C7D000BFF36F8FF8BDD0E90A566A1C46F100031B
:10C7E000022A73F1000334D3013D46F1FF36002ED7
:10C7F000BCBF00252E4605F0F8F9013041F10001DB
:10C80000401946EB0101012871F1000148DB05F0F8
:10C81000ECF96FF00203013041F10001401946EBE1
:10C82000010183426FF000438B413EDB05F0DDF9EF
:10C83000013041F100016FF00102401946EB0103A4
:10C840004FF0FF31121A61EB030320461949FFF73D
:10C85000A9FE236B01332363236A63B187F3118835
:10C86000BFF36F8F20469847EFF31187202383F3A0
:10C870001288BFF36F8F54F8185FA542A6D0002D21
:10C88000A4D0284605F074F80023C5F8B43087F327
:10C890001188BFF36F8F2846BDE8F84005F055B802
:10C8A0006FF001024FF0FF33CFE700224FF000435B
:10C8B000CBE700BFADC7000C2DE9F04105461C4693
:10C8C00090461F46EFF31186202383F31288BFF3AF
:10C8D0006F8FB4F1FF3F08BFB2F1FF3F05D186F380
:10C8E0001188BFF36F8FBDE8F081002C09DB012AAE
:10C8F00074F10003BCBF0122002412F1FF3844F19F
:10C90000FF37284605F038F9DDE906010023C5E9BF
:10C910000A012B6342463B4628460249FFF742FE86
:10C92000DDE700BFADC7000C70B50546EFF311841D
:10C93000202686F31288BFF36F8F05F01DF920B112
:10C9400084F31188BFF36F8F70BD6B6A63B184F39A
:10C950001188BFF36F8F28466B6A9847EFF31184F5
:10C9600086F31288BFF36F8F05F1180005F035F8D4
:10C970000028E5D004F0E9FF2146BDE870400148F9
:10C9800005F041B8451E002073B50446EFF311864B
:10C99000202383F31288BFF36F8F8368594003EA23
:10C9A00002050A4053400022009309496B46019258
:10C9B00005F06BF8DDE9003223EA020304F10C0014
:10C9C0003146A36005F01FF8284602B070BD00BFD5
:10C9D000191D010CF8B507460C46164604F040FF39
:10C9E00008B10020F8BD0E4B9B68D3F8A850002D6D
:10C9F000F7D0221DF5D2EFF31184202383F31288A0
:10CA0000BFF36F8F284647F00401B04784F31188C5
:10CA1000BFF36F8F0028E4D040F8045BE2E700BF6B
:10CA2000E41900200146024A0020FFF7D3BF00BFEF
:10CA3000A1D6000C014800F08ABF00BF5C6D010C5C
:10CA400007B5074B4FF48062009306494FF0FF3360
:10CA50000548FEF78DFF002003B05DF804FB00BF22
:10CA6000E833010C883E002008120020F8B54F4A38
:10CA70000D460023D0E90001F3F7C2FA002A04466C
:10CA8000B7BF02F5A8324A4B4A4B02F5C072E41810
:10CA900041F100064FF46161E01CB2FBF1F301FBD0
:10CAA00013224FF03C01AB60B2FBF1F301FB132208
:10CAB00046F100016B6000232A600722F3F7A0FA19
:10CAC000002A54DA0732AA613B4800233B4A201867
:10CAD00066F10001F3F794FA384B48F6AC6140F286
:10CAE000B45703FB104440F26D164FF0050CB4FB35
:10CAF000F1F1B4FBF7F32144C91A314BB4FBF3F362
:10CB0000C91A48F69463B1FBF3F3B1FBF6F2B1FB3B
:10CB1000F7F123445B1A992106FB123303EB8304DC
:10CB20005E1C0234B4FBF1F779430231B1FBFCF136
:10CB3000761A40F2F9518C424FF4C8748CBF6FF0F2
:10CB40000901022104FB00203944012998BF01306A
:10CB5000B3F5997F13D3A3F59973A0F26C70EB61D1
:10CB60000023EE60C5E904102B622846F8BD002EB4
:10CB7000AA61A9DB114A002320463146AAE797079C
:10CB800010D14FF0640C92FBFCF70CFB17275FB938
:10CB900092FBF4F704FB1722B2FA82F252093B33FC
:10CBA0001344DAE70022FAE70122F8E78051010096
:10CBB0006CFA0A006BFA0A0050C5FDFFB13A020098
:10CBC000B03A02000CB430B58BB004460D462022BA
:10CBD000002102A805F0FCF80223002D06948DF830
:10CBE0000A300C4B039312DB01D06B1E1C440FAABE
:10CBF0000E9902A80794019200F074F915B1069BF2
:10CC000000221A700BB0BDE8304002B0704700241B
:10CC1000EDE700BF551F010C242A2DE9F041054620
:10CC200001D8012A0AD1354B1622F8F793F81A5089
:10CC300001B10D600020BDE8F0813046064616F8CF
:10CC4000014B202CF9D0A4F109072346042FF4D975
:10CC50002B2C32D02D2C33D14FF0010C3378861C85
:10CC6000302B34D1307840F0200078282BD132F0AE
:10CC7000100028D173783546102202360CF1004797
:10CC80000020013FB7FBF2FE02FB1E78392B82BF6A
:10CC900003F1FF3343F02003263B303B9A421DD97A
:10CCA000704502D817D1984515D24CF0020C344685
:10CCB000354614F8013B2646E8E74FF0000CCDE777
:10CCC0004FF0000CCCE7002A08BF0822D6E7002A64
:10CCD00008BF0A22D2E700FB0230E8E701B10D608D
:10CCE0001CF0010F18BF40421CF0020FA3D0034BF1
:10CCF0002222F8F72FF81A5038469CE70C00000063
:10CD0000242AF0B5044601D8012A40D12E4B162220
:10CD1000F8F720F81A5001B10C600020F0BD2F4642
:10CD20003D4615F8010B2028F9D0A0F1090603466D
:10CD3000042EF4D92B282CD02D282CD101262B7889
:10CD4000BD1C302B2DD1287840F02000782824D12C
:10CD500032F0100021D16B782C46102202350020D1
:10CD6000392B82BF03F1FF3343F02003263B303BD6
:10CD70009A421AD9A0FB02040CB9C01801D346F09C
:10CD800002062F462C4617F8013B3D46E8E70746CA
:10CD9000C6E70026D3E70026D3E7002A08BF08220B
:10CDA000DDE7002A08BF0A22D9E701B10C60F207CB
:10CDB00048BF4042B307B1D5034B2222F7F7CAFF61
:10CDC0001A504FF0FF30A9E70C000000242AF0B5FC
:10CDD00007460D4601D8012A0AD1414B1622F7F722
:10CDE000B9FF1A5005B12F6000200146F0BD304652
:10CDF000064616F8011B2029F9D0A1F109040B46BB
:10CE0000042CF4D92B293DD02D293ED14FF0010C13
:10CE10003378861C302B3FD1317841F020017829BE
:10CE200036D132F0100133D17378374610220236F2
:10CE300000200146392B82BF03F1FF3343F020036A
:10CE4000263BA3F13004A24236D94FF0000E39BB85
:10CE5000A0FB027338461946BEF1000F0AD13F19F4
:10CE600053F10003384628BF4FF0010E1946BEF1BA
:10CE7000000F01D04CF0020C3446374614F8013B49
:10CE80002646D7E74FF0000CC2E74FF0000CC1E791
:10CE9000002A08BF0822CBE7002A08BF0A22C7E7FA
:10CEA000A2FB0131A0FB02701B1841F10001002917
:10CEB000D0D04FF0010ECDE705B12F601CF0010F6F
:10CEC00002D0404261EB41011CF0020F8ED0044BB6
:10CED0002222F7F73FFF1A504FF0FF3085E700BFDF
:10CEE0000C0000002DE9F04F43688BB0804692465D
:10CEF000009383789C0740F1F9800025087800288A
:10CF000000F0F68025280AD04B1C019301354146DC
:10CF1000009B98470028C0F2E3800199EEE74E7825
:10CF20008B1C252E0193F1D000270A22B9463C46DE
:10CF30001F2C22D8A6F12003102B20D8DFE803F005
:10CF4000141F1F1A1F1F1F0B1F1F1F121F171F1F2A
:10CF5000090044F00104019B13F8016B0193002EBA
:10CF6000E6D13AE044F0020444F00404F3E744F06C
:10CF70000804F0E744F01004EDE77F2C24D8A6F174
:10CF80003003092B08D860064EBF02FB073744F078
:10CF9000200402FB0939DEE72A2E0DD161065AF87A
:10CFA000043B53D4002BA7BF44F020049946C3F19F
:10CFB000000944F02804CEE72E2E05D1630600F1C7
:10CFC000978044F04004C6E76C2E2ED028D8682EF7
:10CFD00032D06A2E37D04C2E35D0002F46F02003A9
:10CFE000B8BF24F04004A3F16502BCBF0027A4B27F
:10CFF000022A01D9612B2BD10AF1070A07279D4E7E
:10D000002AF0070A0AF1080A210760D506EB070B88
:10D0100034465C455DD1AE1BA9EB0709A21959E165
:10D02000742E98D07A2E96D0D7E7260648BF44F4BF
:10D03000007444F080048EE7E00548BF44F40074B7
:10D0400044F4807487E744F4207484E71F4682E741
:10D05000A6F16302122A00F2D880DFE812F0130072
:10D060004D00D600D600D600D6004D00D600D60022
:10D07000D600D600D600E800D100D600D6001A00AF
:10D08000D600A0005AF8043B012704AE8DF81030FA
:10D09000BAE75AF8046B784B002E08BF1E4614F00E
:10D0A000400F304614BF39464FF0FF3104F0DAFE2E
:10D0B0000746A9E741462020009B984700280FDB40
:10D0C000013CA742F6D34D44A1462D1B9EE74C469A
:10D0D000F7E7414614F8010B009B9847002898DABF
:10D0E00098F8023043F0040388F802304FF0FF351F
:10D0F00028460BB0BDE8F08F220630D5A3052AD50F
:10D100000AF1070A2AF007039A4659685AF8080BE9
:10D1100024F0100B00291FFA8BFB2FDA40424BF44E
:10D12000806B61EB410104AC0A23224604F0BCFE93
:10D130001BF0400FA0EB040200F08E802BF00104E6
:10D140009742A4B240F38F80002E40F08E802BF0E7
:10D150001104A4B21DE05AF8040BC117D8E7E0058A
:10D160005AF8041B01D40846F7E7A20547BF48B2A6
:10D1700041F3C01108B241F3C031C9E750EA0103DD
:10D18000D1D16306CFD5002FCDD124F011043A467A
:10D19000A4B23B4640F206410C4262D124E024F0A6
:10D1A00010040A23A4B214F0800243D014F40071D6
:10D1B00017BF0AF1070A5AF8040B2AF00702924631
:10D1C0001CBF51685AF8080B50EA01023ED124F006
:10D1D000160B62061FFA8BFB3CD5002F3AD124F0C8
:10D1E00017043A463B46A4B221075AD4E10705D5B5
:10D1F000994572DDA9EB03039F184B469B464AE015
:10D2000044F0100410237826CDE7782B04D1C6F122
:10D21000780343F01003C6E741462520009B98475A
:10D220000028FFF65DAF02354146304670E6082320
:10D230000026B8E714F480715AF8040BC4D014F433
:10D2400000711ABFC0B2114680B2BDE724F00604D7
:10D250001FFA84FB04AC68E713465C46E10699D5E7
:10D260002EB90133C0E71346F8E73B46F6E7023331
:10D27000BAE700BF9A6D010C936D010CCDE9023243
:10D2800041462020009B98470028FFF629AF0BF16C
:10D29000010BDDE90232D945F0DCEB1A03EB0B059B
:10D2A0005B46E10627D541463020CDE90232009B9E
:10D2B00098470028FFF614AFDDE902327EB9013548
:10D2C0002F44791B8A4229DB144604AE94BB2A44BE
:10D2D000A9EB03091546914440E017468EE7023555
:10D2E00041463046CDE90232009B98470028DDE9EF
:10D2F0000232E5DAF4E640F206410C42E0D014F0E6
:10D30000020F05F10105414614BF2B20202014F423
:10D31000806FCDE9023218BF2D20E5E7CDE902325A
:10D320004146009B3020013598470028DDE9023254
:10D33000C7DAD5E6013C4146CDE90232305D009BBB
:10D3400098470028DDE90232C0DAC9E641462020CC
:10D35000009B013598470028FFF6C2AEA9EB0503F4
:10D36000002BF3DCD9E500BF7047002070478368CD
:10D3700000EBC101B3F5004F2CBF51F8220031F88A
:10D380001200704700EBC1018068B0F5004F2CBF60
:10D3900041F8223021F812307047012208B5FFF71A
:10D3A000E6FFD04008BD836800EBC101B3F5004F34
:10D3B00008D34B681AB143F001034B60704723F068
:10D3C0000103FAE74B881AB143F001034B80704721
:10D3D00023F00103FAE753000122FFF7D3BF08B59A
:10D3E0008368B3F5004F06D3FFF7D7FF01288CBF42
:10D3F0000020012008BD0020FCE78368B3F5004F42
:10D4000034BF04230823C91A081AC0087047836868
:10D41000B3F5004F28BF0139B1FA81F0C0F11F0008
:10D4200070472DE9F041174603220E460446FFF7E8
:10D430009EFF8642054607F104080AD10122E368EF
:10D44000BA4023EA0203E360002344F82830BDE831
:10D45000F081314602222046FFF789FF06462B461F
:10D4600001460322204644F82850FFF78BFF33463D
:10D4700029462046BDE8F0410222FFF783BF38B5B8
:10D4800004460D46FFF7ABFF70B929462046FFF76B
:10D4900084FF01462046FFF7BAFF29460246204690
:10D4A000BDE83840FFF7BDBF38BD2DE9F047054660
:10D4B0008946FFF7ACFF05EB800ADAF810700646E4
:10D4C00077B94FF0FF34EB680136B4401C4015D0FB
:10D4D00094FAA4F2B2FA82F2131D55F8234009E03F
:10D4E0003C464FF0030821462846FFF756FF81458A
:10D4F00007D8324621462846FFF793FF2046BDE86D
:10D50000F087214603222846FFF731FFB8F10108D2
:10D510000446CAF81000D4D08742E4D1D1E72DE9FF
:10D52000F04114460E460546FFF737FFA4EB060808
:10D53000371B0744424631462846FFF74CFF3A4620
:10D5400021462846FFF747FF43460022214628464A
:10D55000FFF718FF21462846FFF71FFF3B4621181B
:10D5600000222846BDE8F041FFF70CBF2DE9F0414D
:10D57000164604460F46FFF710FF31460546204683
:10D58000FFF70BFF05442A4639462046FFF723FFE5
:10D5900031462046FFF701FF2B4631180022204676
:10D5A000BDE8F041FFF7EEBE2DE9F04104460D461F
:10D5B000FFF715FFB8BB29462046FFF7EEFE0146F0
:10D5C0002046FFF724FF04EB80010E6996B9012283
:10D5D000E36882401343E36002220D612B46294633
:10D5E0002046FFF7CFFE032229462046BDE8F04142
:10D5F000FFF7C8BE022231462046FFF7B8FE0746B5
:10D60000034629462046FFF7BDFE0322334629463E
:10D610002046FFF7B7FE39462B462046FFF7B2FEFD
:10D6200002223146E1E7BDE8F08170B5056809B92D
:10D63000002070BDAB6801F00704B3F5004F34BFA4
:10D640000422082207341444E40804EBD1049C4269
:10D6500028BF1C4628462146FFF727FF064600281C
:10D66000E6D001462846FFF798FEA04209D9344487
:10D67000314628462246FFF752FF21462846FFF74B
:10D6800093FF284601223146FFF78DFEAB68B3F5C4
:10D69000004F34BF0423082303EBC6031844C8E734
:10D6A0001146FFF7C2BF2DE9F8434B42066803EA73
:10D6B000010731EA03031446B2680ED0B2F5004FF9
:10D6C0002CBF08230423BB4228BF3B46B946CF1BCF
:10D6D00094B900252846BDE8F883B2F5004F34BF61
:10D6E00004230823994204D82146BDE8F843FFF7F4
:10D6F0009CBF4FF00009EBE7B2F5004F34BF0425A3
:10D700000825FB1AE10804F0070001EBD3010730FC
:10D7100003F0070303442B4401EBD301914228BFDC
:10D7200011463046FFF7C1FE80460028D1D0B368CD
:10D7300009EBC005B3F5004F34BF042308231D4493
:10D7400035447B1E1D44B5FBF7F57D43A5EB09056C
:10D7500029463046FFF751FE2C44073424F00704D5
:10D76000A41B804507464FEAE40408D2024641461E
:10D770003046FFF7D4FE41463046FFF715FF3946E5
:10D780003046FFF70AFE3844844208D23946304614
:10D790002246FFF7C4FE21463046FFF705FF01226F
:10D7A00039463046FFF7FFFD94E7B2F5802F34BFCE
:10D7B000042308232DE9F0410026D21A8C18CD1D30
:10D7C00025F0070524F00704641BE40805602146E2
:10D7D0002846AC60EE60FFF71AFE820002F11B07DC
:10D7E000FF083146043205F1100004F0F1FA3A4620
:10D7F00031462846FFF7EFFD33463246314628468C
:10D80000FFF7C0FDA4EB0708284631460122FFF7C9
:10D81000CAFD42463946FFF7DEFD3B4632463946F1
:10D820002846FFF7AFFD21462846FFF7D4FD4346C3
:10D83000324621462846FFF7A5FD2146284601220B
:10D84000FFF7B1FD3946BDE8F041FFF7ADBE2DE968
:10D85000F04706460D46174698462BB34FF0000A90
:10D8600098F8004093F80190DB78A40004EB43049F
:10D8700098F802301C444444CA4509D3394630461E
:10D88000AC46D8F8042008F10803BDE8F04760472B
:10D8900014F8013B0AF1010A204648F82340F2F748
:10D8A0002BFC01300444E7E76FF01500BDE8F0877A
:10D8B00030B502460024002012F8013B43B178B194
:10D8C0008C4207D1702B04D0A3F140053A2D07D824
:10D8D000002030BDA3F140053A2D01D80134EAE71C
:10D8E000252B08BF80F00100E6E7F0B4D1E9005431
:10D8F000D0E90032002A16DA002C08DA4FF0004690
:10D900005F4266EB0206BD4274EB06061ADB5B194A
:10D9100042EB0402C0E9003283688A6813448360E2
:10D92000F0BCF3F71BBB53EA0206F0D0012D74F1F3
:10D930000006ECDBDE43AE426FF00046A6EB0206CB
:10D94000A641E3E70020F0BC7047002070470FB409
:10D9500007B504A951F8040B019100F026FB03B0B0
:10D960005DF804EB04B0704710B50369024613F08C
:10D97000080009D11368D4689C429BBF0120126A39
:10D98000E31AD31A0B6010BD00231846FAE713B54B
:10D9900001A90446FFF7E8FF20B1019BE268013BC3
:10D9A00013440193206A019BC01A013802B010BDD4
:10D9B00010B5044650182269236AD20702D5013BEC
:10D9C000184010BD984228BFC01AFAE710B50446A7
:10D9D0000A46C168FFF7ECFF2369E06023F0080303
:10D9E000236110BD38B50D46C2698B00016843F054
:10D9F0000203044642F8213001682A46FFF7D8FFA7
:10DA0000E3686168984208BF2369206008BF43F05B
:10DA100008032A46204608BF2361FFF7C9FF60605C
:10DA200038BD2DE9F74F0F460021D0F80CB0C6697C
:10DA3000009216F82B209A4602F00302022A14BF25
:10DA4000894656F82B2006EB8B030193009B08BFF9
:10DA5000C2F39D0919600446CAF80010B9F1000F1D
:10DA600007D04946FFF7B2FFE368A3604FF0010813
:10DA700004E001698A0705D44FF00008404603B06E
:10DA8000BDE8F08F816906EB8B00884716F82B10F4
:10DA9000054611F00108EFD08B071DD51FB139469F
:10DAA0002046FFF79FFF61682A462046FFF780FF68
:10DAB000D4E902138B42606007D12A462046FFF763
:10DAC00077FF4FF000080146A0602369216043F012
:10DAD0000803E1602361D1E701462046FFF776FFA6
:10DAE000E168A1601FB12068E16941F82090EA195E
:10DAF000CAF8002021682046FFF75AFF22692060FB
:10DB000042F00802226116F82B2022F0010206F8EA
:10DB10002B20DDE900321A60A8E770B504461546EF
:10DB2000FFF746FF2368834205D12369216023F074
:10DB30000803236170BDE269AB0043F0020342F8C1
:10DB4000213061682A462046FFF732FF6060F1E726
:10DB500038B5036904465B0706D5456AFFF717FF2A
:10DB600085422CBF6562606238BD38B50D460446FB
:10DB70001C22002104F02CF90022EB68A361AB68A1
:10DB800063612B68E3616B68626223622A6923B177
:10DB9000591E194208BF42F001022261012204F11C
:10DBA00028000021BDE8384003F006BE2DE9F04F03
:10DBB00000259846036A87B08B4204460E4693467A
:10DBC000AA460395059538D3EFF31189202383F3F3
:10DBD0001288BFF36F8F059A2AB129462046FFF7B6
:10DBE0009CFF0023059304A92046FFF7BDFE04997E
:10DBF0000746B1422AD32268E369204613F822106F
:10DC000003EB820A21F0030103F822102168324657
:10DC1000FFF7CEFEE3682060984212D0002789F318
:10DC20001188BFF36F8F039929B162690AB1204649
:10DC3000904700230393002FC6D1504607B0BDE89C
:10DC4000F08F236943F008032361E7E718B120460A
:10DC5000FFF7C8FEE3E75BEA08031CD0019103F07D
:10DC6000FFFD0199B8B9B9F1000F14D189F31188FA
:10DC7000BFF36F8F5A46434604F12800FDF750FD6D
:10DC8000EFF31189202383F31288BFF36F8FB0FA6B
:10DC900080F77F09C3E7204605AB03AA2568FFF795
:10DCA000C0FE0746BBE770B50446836908460D46CB
:10DCB00098470246EFF31186202383F31288BFF3BF
:10DCC0006F8F2B78204643F001032B706168FFF7BC
:10DCD0006FFE60602046FFF73BFF86F31188BFF3BD
:10DCE0006F8F70BD2DE9F843044600272026EFF31F
:10DCF000118586F31288BFF36F8F2369A268190715
:10DD000002D46368934200D2236A9B1A002B42D04C
:10DD1000E06910F8221000EB820911F003033AD0F9
:10DD2000022B04D150F822305FEA930805D1CB07CB
:10DD300020D44846A36998478046A16842462046B9
:10DD4000FFF736FE0127A06041462046FFF73EFE62
:10DD50003B4685F31188BFF36F8F002BC7D137B1D6
:10DD6000B9F1000F03D104F12800FDF7A5FC4846E6
:10DD7000BDE8F88341F0020100F82210A36948468B
:10DD8000D4F808809847414602462046FFF710FE27
:10DD90000023A060DDE79946DBE7F8B50446836918
:10DDA00008460D4698470646EFF31187202383F374
:10DDB0001288BFF36F8F2B7823F001032B70236938
:10DDC0009B0705D5E268E36903EB82039D421AD104
:10DDD0002B7823F002032B70D4E90231994204D14D
:10DDE00032462046FFF7E4FDA06031462046FFF7AB
:10DDF000EDFD87F31188BFF36F8F04F12800BDE8B4
:10DE0000F840FDF759BC2B6860F39F032B60F0E7E7
:10DE1000EFF31181202383F31288BFF36F8F026920
:10DE20008368120702D442689A4200D2026AD31A67
:10DE300081F31188BFF36F8F181E18BF0120704740
:10DE400070B506460C888888241A3069A4B28442CA
:10DE500085B224BF641BA4B22D1BA8B2984228BF70
:10DE600018463368234413600B8803440B8070BD4D
:10DE700070B4838985880669ED1AADB2731B93422D
:10DE800028BF134670BC0A46011DFFF7D9BF70B406
:10DE90000E460146C58831F80A3FEC1AA3B29342F8
:10DEA00028BF1346324670BCFFF7CABF10B54B8877
:10DEB0000C88E41AA4B294420ED31A4492B28B880E
:10DEC0004A800A800069D21A92B2824201D20020AE
:10DED00010BD03448B80FAE76FF01500F8E72DE9D9
:10DEE000F34106460F4615464FF000082A463046D5
:10DEF00001A9FFF7BDFF044640B10246394601982B
:10DF000003F040FF2D1BA0442744EFD1424630468A
:10DF1000311DFFF7CBFF404602B0BDE8F0812DE98F
:10DF2000F34107460E4615464FF000082A4638468C
:10DF300001A9FFF7ACFF044648B12EB10246019992
:10DF4000304603F01FFF26442D1BA044EED142466D
:10DF5000384607F10A01FFF7A9FF404602B0BDE8C5
:10DF6000F081704703785B075FBF03684288C3F3A3
:10DF70004A2303EB12105DBF173020F00700800822
:10DF800000207047002070470346D3E8EF0F421C83
:10DF9000C3E8E12F0029F8D1704708B503F025FE4A
:10DFA0000A220023F2F77CF808BD1FB50023CDE953
:10DFB00002011A4619461846CDE90033F3F7CAFCA8
:10DFC00005B05DF804FB0120F3F796B90020704717
:10DFD00018B140680079F3F79DBB4FF0FF30FAE7C6
:10DFE00038B504460D4643681146DA71F3F7F0FB85
:10DFF000012263681D6063685A71BDE83840F3F719
:10E000006DB910B5436804465B7913B10021F3F78D
:10E01000DFFB002263685A7110BD70B515460C46CF
:10E0200069B1D2E901369B1B99420AD813680A46A6
:10E030000146981903F0A6FEAB682344AB60204666
:10E0400070BD6FF01B00FBE770B50E461546194614
:10E05000044618B9BDE87040F3F74EB933B1C2F3C6
:10E060004A231030120D184403F08CFEC4E9005608
:10E070002046BDE87040F3F7F9BA2DE9F3415F1C83
:10E080004FEA8708064608F1170020F007008008CD
:10E090000C461546F3F7ACF900238DF80470ADF883
:10E0A00005308DF8073068B10346019AA8F10401E4
:10E0B00043F8102F2A46294452F8045B8A4243F859
:10E0C000045FF9D100233146A20102F4E07242EA72
:10E0D000482222F07F4222F4700222F03F0202B076
:10E0E000BDE8F041FFF7B0BF07B50123019201AAD7
:10E0F000FFF7C3FF03B05DF804FB07B5CDE90023CC
:10E1000002236A46FFF7B9FF03B05DF804FB1FB5B1
:10E11000CDE90123069B01AA03930323FFF7ADFF7B
:10E1200005B05DF804FBF8B506460D4614461F46DB
:10E1300004B9F8BD214628463A46B047241A05449A
:10E14000F6E710B542680446D2E90023816800680A
:10E15000FFF7E9FF002263681A6010BD38B54B680D
:10E1600005461A68CB680C469A4202D10846FFF76A
:10E17000E8FF6368D3E8EF2F511CC3E8E01F0028D5
:10E18000F8D1A36800209D5438BD0A2838B504464C
:10E190000D4602D10D20FFF7E1FF29462046FFF78B
:10E1A000DDFF002038BD2DE9F043054689B0084663
:10E1B0000E8891F800900C46D1F808801746F3F7C6
:10E1C00023FC011EC6F38216C9F3C2091FDB4846B1
:10E1D000F3F75EFA0346214651F8102B6088C2F32C
:10E1E0004A22002A01EB020408BF00210022C0F3EA
:10E1F0000B10CDE90507CDE9031428464146CDE9CA
:10E2000000220296F3F72CFC09B0BDE8F08300234E
:10E21000E1E70B68834204BF01230B717047037869
:10E220005B075FBF03684288C3F34A2303EB121006
:10E230005DBF173020F0070080080020704783681A
:10E240001B6A03B11847704708B54368197311B1C9
:10E250001868FFF7F4FF002008BD10B540681C46A1
:10E260002430FFF75CFE2060002010BD10B5406830
:10E2700050F8804BFEF758FB2046FFF7E0FFA368FD
:10E28000DB6A0BB120469847002010BD2DE9F04114
:10E2900045681E462B7B0C46174693B101EB0208DE
:10E2A000A04507D137600120D5E90131984700200A
:10E2B000BDE8F081286814F8011B83685B68984703
:10E2C000EEE705F11000FFF70AFE0121306005F1CD
:10E2D000B803D3E8EF2FC3E8E01F0028F9D1002AE4
:10E2E000E5D128688368DB69002BE0D09847DEE73A
:10E2F0000023826882F85C308268A2F85630826817
:10E30000A2F854307047034610B5D3E8EF0F40EA47
:10E310000102C3E8E42F002CF7D110BD034610B56D
:10E32000D3E8EF0F00EA0102C3E8E42F002CF7D195
:10E3300010BD0EB403B503AA52F8041B0192F5F701
:10E340009FFA02B05DF804EB03B0704708B510B156
:10E35000F1F7D2FE80B208BD00F52470FDF7ACB92C
:10E360004FF0FF324FF0FF3300F52470FDF7D8B9BE
:10E3700000F5207019B14FF40061FFF7C4BF6FF4CE
:10E380000061FFF7CBBF00F5207019B14FF4806139
:10E39000FFF7B9BF6FF48061FFF7C0BF08B500F5A4
:10E3A0001F7029B10121FFF7AEFF00F0010008BD89
:10E3B0006FF00101FFF7B2FFF7E7F7B5044600265B
:10E3C0000027204600F0FAFCE06900F029FF05462E
:10E3D0002046F5F78DFCA368B3F854301BB19620A6
:10E3E000002103F039FB55B1A06800F5217000222F
:10E3F0000121CDE9006703F0BBFC0028E1D003B0A8
:10E40000F0BD08B500F52470FDF78AF9B0FA80F088
:10E41000400908BD0028886814BF0823012300F5BF
:10E420002170194603F09DBC10B5044680684FF476
:10E43000807100F52070FFF766FFA3681B7D022B3B
:10E4400002D12046F4F78AFDA0686FF48071BDE820
:10E45000104000F52070FFF761BF73B50446806877
:10E460000E46154600F5217000220023CDE9002359
:10E4700003F07EFC58B1A06800F52170314603F02E
:10E4800073FC20462B4602B0BDE87040184702B02E
:10E4900070BD10B5836804461A7D012A28D1D3F8CF
:10E4A0008022510408D5D3F87C22520704D40146B7
:10E4B0001A6DC06900F05EFE41F288320023A06848
:10E4C000FFF79FFF10B96FF00F0010BD0821204625
:10E4D000F5F7C6FA204600F06CFD6069F4F75EFBC4
:10E4E0002046F4F715FDA068FFF736FF0020ECE7A3
:10E4F0006FF08500E9E7F8B5044680681F46037DA4
:10E500000D46022B164607D0BDE8F8404FF4805167
:10E5100000F52070FFF7F7BE41F288320023FFF7C5
:10E5200070FF48B3A368D3F88022100508D49A6C12
:10E5300032B9D3F87C32990602D5204600F03EFC71
:10E540003B4632462946204600F093FCA368D3F8A8
:10E550008022120508D49A6C32B9D3F87C329B061B
:10E5600002D52046F5F7C4FB606900F097F8A06873
:10E57000BDE8F840FFF7F0BEF8BD0CB407B504AB3A
:10E5800053F8042B0193FFF7B6FF03B05DF804EBDB
:10E5900002B070470EB403B503AB53F8042B02214D
:10E5A0000193FFF7A8FF02B05DF804EB03B07047DA
:10E5B0000EB403B503AB53F8042B08210193FFF706
:10E5C0009AFF02B05DF804EB03B070470EB403B5D8
:10E5D00003AB53F8042B03210193FFF78CFF02B028
:10E5E0005DF804EB03B070470EB403B503AB53F80A
:10E5F000042B01210193FFF77EFF02B05DF804EBCD
:10E6000003B0704770B504460D4699B10846FFF750
:10E610009DFE41F2883206460023A068FFF7F1FE16
:10E6200010B96FF00F0070BD731C142B05D9A068D2
:10E63000FFF792FE6FF01500F5E72946A068F1F7A5
:10E6400053FDA36883F83C60A068FFF785FE0020B7
:10E65000E9E710B541F28832044600238068FFF7ED
:10E66000D0FE38B12046F4F75FFAA068BDE810404C
:10E67000FFF772BE10BD18B18368D3F8A4027047CB
:10E680006FF01500704710B48468A1648368DA6481
:10E6900011B910BCFFF72CBE10BC704710B5026951
:10E6A0000446836812680168C0689847002223699D
:10E6B0001A6010BD38B5CB6805461B7C0C46022B92
:10E6C00004D10A2802D10D20FFF7F4FF2369226844
:10E6D0001B68D554226913680133136023691A68D3
:10E6E00063689A4202D12046FFF7D8FF002038BD68
:10E6F00008B510B1F1F700FD80B208BD2DE9F74F64
:10E70000824601A80D4616461F46FCF7E1FB8046EF
:10E710004FF00009019800EB4818804501D800200F
:10E7200028E04FB9DDF804B0DBF8004084B9019C63
:10E7300004F120000190F0E7012F04D002F099FECF
:10E740000028EFD0F3E702F094FE0028EAD1EEE7CC
:10E750002378002BEBD04DB12846F1F7CDFC2146B4
:10E760000246284603F059FB0028E0D12EB9D145D6
:10E7700008D1019803B0BDE8F08F5846B047002893
:10E78000F5D1D4E709F10109D1E710B5047B43893C
:10E790002244B2FBF3F0214403FB1022B1FBF3F05F
:10E7A00003FB1010101A10BD10B5047B43892144DF
:10E7B0001019B0FBF3F0B1FBF3F1401A10BD30B506
:10E7C000057B43892944B1FBF3F403FB14112A446C
:10E7D00001310180B2FBF3F103FB1122013484808B
:10E7E00001324C1CC480428030BD2DE9F74F002619
:10E7F0000746884614469946B24606602378002BA1
:10E8000000F09F80202B23D0093B042B20D93B68AC
:10E810005A1C3A6048F823403B684B4500F0918011
:10E8200000262578002DE9D0002E7BD1272D03D09E
:10E830005C2D10D0222D6BD12046FFF759FF611CB3
:10E840000246204603F0ABFA2E46A3465C46E8E7B4
:10E8500004F801ABD2E704F1010B2046FFF748FFB3
:10E8600059460246204603F09AFAEFE75C2D56D14E
:10E8700062789642F1D0302A21D102230025E25C51
:10E88000A2F13001C9B2072916D8ED000133EDB26B
:10E89000052B45EA0105F2D1591E2144204601937A
:10E8A0000091FFF725FF019B0099023BC21A204609
:10E8B00003F075FA2570C9E7DBB2022BECD1782A98
:10E8C0002DD102210025635CA3F13002D2B2092AC6
:10E8D00008D82D01EDB215434B1C042B4FF003015A
:10E8E000DAD0F0E7A3F16102052A05D82D01EDB2D7
:10E8F000573B1D43EDB2EFE7A3F14102052A03D8D0
:10E900002D01EDB2373BF4E7022908D00323C3E71A
:10E91000202D3FF473AF093D042D7FF66FAF04F156
:10E92000010B93E7B54204F1010B9FD12046FFF79D
:10E93000DFFE59460246204603F031FAA346002680
:10E9400084E7304603B0BDE8F08FF8B50E461146B7
:10E950000746154603F092FA0446E0B12846FFF751
:10E96000C7FEA742054607D214F8013C202B02BF80
:10E970000135ADB204F1FF342046FFF7B9FE33880C
:10E98000421C5B1B521B33802046611992B2BDE8CA
:10E99000F84003F004BAF8BD2DE9F0410F461646E1
:10E9A000044686B070B1034601AC00F11005224662
:10E9B00018685968083303C2AB421446F7D1186887
:10E9C00001AC10604FF00008414632462046F4F793
:10E9D0006BFF08F10108054628B138462968F1F7B0
:10E9E00079FB0028F0D1284606B0BDE8F0812DE97A
:10E9F000F0471C4600230F461646DDF820809DF8A0
:10EA00002490236023680546BB421BD256F823009E
:10EA100000F0B5FD2368824618B101332846236013
:10EA2000F0E74246284656F82310FFF7B5FF48B1F5
:10EA300023685A1C2260B9F1000FE3D08045E1D170
:10EA4000554623602846BDE8F08770B50546FFF7B8
:10EA50004FFE044628B12B460026621E591B8A42EF
:10EA600000DC70BD13F8012B202A02D0093A042AD9
:10EA7000F3D8591B89B28AB29442EED96A5C202A33
:10EA800002D0093A042A03D80136B6B20131F2E7BE
:10EA9000002EE2D08AB2A21A18460132294403F0AD
:10EAA0007EF9A41B0346A4B2D6E7F8B584680646EF
:10EAB00094F85C302BB9B368B3F85420A3F856200F
:10EAC000F8BD04F15C00B4F85430C21812F8012CFF
:10EAD000202A1CD0093A042A19D90022C25413460C
:10EAE0001D46425D0133202A9BB200EB0501F7D0A1
:10EAF000093A042AF4D9002DDDD0B4F854707A1CF8
:10EB0000521B7F1B03F04BF9A4F85470D3E7013B71
:10EB10009BB2A4F85430002BD5D184F85C30CAE7FE
:10EB200000231A46FFF7EABD02230022FFF7E6BDE5
:10EB30002DE9F74F054601A8FCF7CAF9019C04EB43
:10EB400040180DBB0024204603B0BDE8F08F2668B6
:10EB500076B13046F1F7D0FA07462846F1F7CCFAFD
:10EB6000874205D131462846F1F7B4FA0028EAD0A9
:10EB7000E3693BB11B682BB19A460026D3F800909D
:10EB80004E4504D120340194A045E0D8DAE75AF884
:10EB900004BF5846F1F7B0FA07462846F1F7ACFA39
:10EBA000874205D159462846F1F794FA0028CAD081
:10EBB0000136E5E70EB403B503AA52F8041B01922F
:10EBC000F4F75EFE02B05DF804EB03B0704710B5D9
:10EBD0000446F1F791FAB4F8543013FA80F038B1E2
:10EBE000638FB0FBF3F203FB1200B0FA80F0400930
:10EBF00010BD38B584682046F1F77EFAD4F87C520F
:10EC0000B4F85630C5F3400580B205FB0300638FAE
:10EC1000B0FBF3F203FB1200B0FA80F0400938BDFC
:10EC200010B50446FFF7E5FF18B9A068FFF7CFFF5E
:10EC300020B16069BDE81040F4F7A4BE10BDF8B57E
:10EC40000546846804F13000B4F85420B4F8561036
:10EC5000FFF7B5FDA868A78EE68EFFF7B8FF10B1E5
:10EC60006869F4F78FFEB74207D1218E638E28467C
:10EC7000C91ABDE8F840F4F7A1BEE18EA38E28467C
:10EC8000C91AF4F785FEF0E7F8B504460D4680682A
:10EC9000B0F85610B0F8542030300D44FFF78FFD17
:10ECA000A068ADB2B0F856102A463030FFF77CFDB0
:10ECB0000746A0682A46B0F856103030FFF765FDC9
:10ECC000064679422046F4F763FE31462046F4F7C3
:10ECD00075FEA368A3F85650F8BD2DE9F0410C1E4F
:10ECE000064633DA4FF0FF35644224B2A4B2AFB225
:10ECF00013E0B3680022B3F856C0B3F854806146FD
:10ED000003F15C0E69B96B1C22D1A1EB0C013046FA
:10ED100009B2FFF7B9FF013CA4B2002CE9D1BDE86C
:10ED2000F081884501D1012DEFD01EF8013023F08C
:10ED300020004138192807D9303B092B04D9002A73
:10ED4000E3D1394489B2DDE70122FAE70125CDE7B5
:10ED5000B8F1000FE9D1D8E78368B3F856104942FB
:10ED600009B2FFF791BF8368B3F85410B3F8563077
:10ED7000C91A09B2FFF788BF8368B3F856301BB1D0
:10ED80004FF0FF31FFF780BF70478368B3F856201C
:10ED9000B3F854309A4202D20121FFF775BF704791
:10EDA0008268B2F85610A2F854108368B3F856205F
:10EDB0001344002283F85C20F4F7D8BD10B5044654
:10EDC0008068B0F85420B0F856103030FFF7F7FCE8
:10EDD000A3682046198EC1F10101F4F7EFFDA36885
:10EDE0002046998E0139F4F7D3FD2046BDE8104046
:10EDF000F4F7BCBD2DE9FF4105460F461446002639
:10EE000084B904B0BDE8F081D3F880229205FBD527
:10EE100003F52073D3E8EF1F21F40071C3E8E21F6C
:10EE2000002AF7D1686822460368B919D3F80C8024
:10EE300003ABC047039A1644A41A002AE0D1AB687A
:10EE4000197D0329EED00229DED84FF0FF304FF0B4
:10EE5000FF31CDE90001082103F5217002F088FFA0
:10EE6000A86800F52170082102F07EFFDAE7FFF7BD
:10EE7000C1BFF7B51E4683681546D3F87C22044609
:10EE8000D20613D593F83E208A420FD0DB8FADF81F
:10EE90000430F4F7E5FD324629466069F4F7F0FCEA
:10EEA000204601A9F4F7FCFD03B0F0BD3246294627
:10EEB000606903B0BDE8F040F4F7E2BC0CB407B5FC
:10EEC00004AB53F8042B0193FFF7D3FF03B05DF8B5
:10EED00004EB02B070472DE9F04187680546B7F8AA
:10EEE00054608846B318FF2B144626DCB7F856301A
:10EEF000F61A5C331F44B6B232463946381902F06E
:10EF00004EFF22464146384602F03CFFAA68B2F85E
:10EF100054302344A2F85430AB68B3F8542013445F
:10EF2000002283F85C20AB68D3F87C12890706D4F2
:10EF3000B3F856201444A3F85640BDE8F08131469A
:10EF40002846BDE8F041F4F72DBEFFF7C4BF38B541
:10EF500005468068B0F85620B0F85440A41AA4B210
:10EF60009CB15C321044411C224602F018FFAA6892
:10EF7000611EB2F854302846013BA2F8543089B2E1
:10EF80000122BDE83840F4F70DBE38BD10B58368E6
:10EF90000446B3F854205AB1B3F8563043B14FF099
:10EFA000FF31FFF771FE2046BDE81040FFF7CFBFED
:10EFB00010BD002370B505464FF47A7492B00193EA
:10EFC00068684022036802A91E6901ABB047019B33
:10EFD00013B108B9013CF3D112B070BDF8B5C369E3
:10EFE0005E695F6883683046D3F87C52FEF77AFE2C
:10EFF000C5F30015044650B1014605F18E023846AE
:10F00000FFF7D1F830462146FEF7C7FE0120F8BDD4
:10F0100043681B68D3E90632D3E8EFCF8C44C3E8DA
:10F02000E0CF0028F8D19368D3E8EF0F0844C3E895
:10F03000E20F002AF8D170472DE9F84343680746EC
:10F040001E680D46B268F369D2F87C429A68C4F330
:10F0500000141279012A03D0032A40D0BDE8F883B6
:10F06000D3F81480DA680B78404659075FBF2C68E4
:10F070006B88C4F34A2404EB131448BF00244FF0F8
:10F080000A035EBF173424F00704A4082146A2FB3C
:10F090000323FEF78BFD814628B93846BDE8F843C7
:10F0A0000121FFF7B5BF012CF7D9294651F8043BE0
:10F0B0000268C3F39D0363F39F0240F8042B621EB2
:10F0C000920002F05FFE40464946FEF7ECFDB06854
:10F0D00000F521700221BDE8F84302F042BE30463F
:10F0E000D3F80480FFF76AFE02F0BAFB04F18E0742
:10F0F000044600B3EFF31184202383F31288BFF397
:10F100006F8FB368D3F880321A051ED53A46294668
:10F110004046FFF748F8B368D3F880321B0502D4A5
:10F120003046F4F7E5FD02F09BFB90B184F31188C3
:10F13000BFF36F8F92E7B06800F524704FF0FF3295
:10F140004FF0FF33FCF7ECFADBE73046FFF736FE13
:10F15000DCE7B06800F52470BDE8F843FCF7ACBA12
:10F16000134610B50C460A4601461846FFF77FFEC7
:10F17000204610BD70B504460D46D0E90410164671
:10F18000FEF7F3FC324629462068FEF729FF0022ED
:10F1900063685B685D60A3681A600122A3681A71E6
:10F1A00070BD10B504460068FEF72BFF0222A3686D
:10F1B0001A7110BD10B5436801211C6860680368AE
:10F1C0009B689847E36930BB03229B681A71A36868
:10F1D00003F52073D3E8EF1F41F40051C3E8E21FA9
:10F1E000002AF7D1A068B0F85420B0F8561030309B
:10F1F000FFF7E5FA4FF0FF312046F4F7C9FBA368AB
:10F200002046198E4942F4F7D9FB2046FFF7E6FE67
:10F210000028FAD110BD1846BDE81040FFF7C1BF65
:10F22000F7B50546002203685B681C68A368D3F83D
:10F230007C628368C6F30016D3E8EF7FC3E8E12F52
:10F240000029F9D18FB13EB1A3680121DB8F20469F
:10F25000ADF80430F4F704FC39466868F2F736FD7F
:10F260001EB1204601A9F4F71BFC204603B0BDE8FF
:10F27000F040FFF7B3BE78B10378C42B0BD14378CD
:10F280000B2B08D18378D22B05D1C078A0F186034F
:10F29000584258417047002070470EB403B503AA86
:10F2A00052F8041B0192F4F7EBFA02B05DF804EB9C
:10F2B00003B070472DE9F8430546884617460024F9
:10F2C00018F80430202B21D0093B042B1ED94046CE
:10F2D000F0F712FFAB6880B2598F001BCB1B98422E
:10F2E00008EB040914D94846002610F8012B202AFF
:10F2F00006D0A2F1090CBCF1040F02D80A2A2DD0C5
:10F300003346BA19914228D90136EEE70134D7E7DE
:10F310004B460026B04208D168694946FFF7BDFF59
:10F320006869BDE8F843F4F7FDBC13F8012B0A2A1D
:10F3300011D16869FFF7B2F9324649462846FFF70E
:10F3400059FD013434446869F4F7ECFC3946284629
:10F35000F4F734FBBBE70136DCE71E466869FFF7CC
:10F360009DF9324649462846FFF744FD344418F8D3
:10F370000430202B02D0093B042BE4D80134F6E7FB
:10F380000020704783690020186070470EB403B5F1
:10F3900003AA52F8041B0192F4F772FA02B05DF866
:10F3A00004EB03B0704708B50168FFF72BF90020A4
:10F3B00008BD836803F51F73D3E8EF1F41F0020116
:10F3C000C3E8E21F002AF7D100207047836803F5E5
:10F3D0001F73D3E8EF1F21F00801C3E8E21F002AE2
:10F3E000F7D100207047836803F51F73D3E8EF1F40
:10F3F00021F01001C3E8E21F002AF7D10020704776
:10F40000836803F51F73D3E8EF1F21F02001C3E8E1
:10F41000E21F002AF7D100207047836803F51F73AD
:10F42000D3E8EF1F21F00201C3E8E21F002AF7D161
:10F4300000207047836803F51F73D3E8EF1F41F086
:10F440000801C3E8E21F002AF7D100207047836853
:10F4500003F51F73D3E8EF1F41F01001C3E8E21F6B
:10F46000002AF7D100207047836803F51F73D3E8A3
:10F47000EF1F41F02001C3E8E21F002AF7D100206E
:10F4800070470023C360704770B515461E46C468B8
:10F49000F1B13CB9034653F8044F9C4209D1002016
:10F4A000308070BD8368A34202D10023C360F6E7B9
:10F4B0002468C460002CF2D02289284604F10A0195
:10F4C00002F060FC0022238901203380EA54E8E73F
:10F4D000002CE4D043689C42E7D06468E9E72DE95A
:10F4E000F8430023044688461646C36022B3071D2E
:10F4F0004068874200D0B8B906F10A09002200230B
:10F5000049462068FBF7BCFE0546B8B963689F42D0
:10F5100012D0A168D1E9003213605A60C1E900003D
:10F52000206802F003F8E9E703899342E4D10A3046
:10F5300002F056FC0028DFD1BDE8F8830681324690
:10F5400041460A3002F01EFC6368C5E900375D6081
:10F550006560F1E770B504460025061D6368B34297
:10F5600002D10023E36070BDA168D1E900321360CD
:10F570005A60C1E90055206801F0D8FFEEE710B5E8
:10F58000044628B1F0F7B8FD002380B2984201D8B4
:10F59000002010BDE25C3F2A03D02A2A01D00133AB
:10F5A000F4E70120F5E710B5044680684FF4807257
:10F5B000002100F5AE7002F00BFCA068B0F85420FA
:10F5C00000F15C0100F5AE7002F0DCFBA06800F514
:10F5D000AE70FFF73AFAA46804F5AE70F0F78CFD50
:10F5E0000130A4F8580010BD10B504468068B0F88A
:10F5F000582000F5AE715C3002F0C4FBA368B3F88C
:10F600005820A3F8542010BD02F0E2BB02F0BABBB0
:10F6100001460068F4F772BE08B5F4F7DFFEBDE8F6
:10F620000840F5F727BB0A460121FEF75DBD002122
:10F630000120F4F763BE6FF08500704761B662B6D3
:10F6400080F31188BFF36F8F704772B6002383F386
:10F650001188BFF36F8FBFF34F8F30BF62B6BFF318
:10F660006F8F704740E800F313F4803FD8B208BFB3
:10F670006FF01500704730B50C684B6885B00A898B
:10F680004D890094013B24F01F04234402F01F0223
:10F6900042EA451223F01F0369468DF808200393C0
:10F6A000F5F794FB05B030BD08B5D1E904319847B2
:10F6B000002008BD08B5F5F7A9FD002008BD0B071F
:10F6C00004D5A0F14103192B98BF2030704707B52E
:10F6D0001346402200920A46F5F7BEFD03B05DF8DE
:10F6E00004FB002303824369C3607047027A01323E
:10F6F0000272704710B508B14B68436000234C6834
:10F7000008464B60F6F7D4F8204610BD838802689F
:10F7100019448180D018704730B484880568A318D4
:10F720008380281930BC02F02DBB10B58388026895
:10F730005C1C8480D154D01810BD30B58388026819
:10F740009D1C8580D418D154090A617030BD83880E
:10F750005B1A9BB283800068184470470346828816
:10F76000521A82800068084418607047FEF7BCBCDB
:10F770004FF0FF324FF0FF330430FBF7A9BEFBF729
:10F7800019BF90F86C00C0F34110704783691B6982
:10F7900093F8800000F00100704770B504460D46F4
:10F7A0001646FFF7E5FF94F86C309B0711D425B19E
:10F7B000012D0CD06FF0150504E0236F002BF9D05C
:10F7C00000255E80201DFFF7DAFF284670BD636FBD
:10F7D000F4E76FF07705F5E770B504460E46FFF7DE
:10F7E000C7FF94F86C30201DC3F340059B074EBF44
:10F7F0006FF07705236F1E81FFF7C1FF284670BDAC
:10F8000070B504460E46FFF7B3FF94F86C30201D28
:10F81000C3F340059B074EBF6FF07705236F5E81F2
:10F82000FFF7ADFF284670BDF8B504461E460D46ED
:10F830001746FFF79DFF94F86C309B0715D425B150
:10F84000012D10D06FF0150508E0216F0029F9D0C7
:10F8500000259DF818300F714E718B71201DFFF738
:10F860008EFF2846F8BD616FF0E76FF07705F5E78A
:10F8700090F86C00C0F3800070470246034652F8CF
:10F88000640F90420BD100207047027A8A42FBD06D
:10F890009A6E8242F7D000680028F6D1704700289F
:10F8A000F3D1704738B504460D46FFF761FF94F871
:10F8B0006C30DB0718D42B690BB9EB68BBB1636EF6
:10F8C0001BB904F16403C4E919332B6893B9A26E20
:10F8D00004F16401C5E900121560A5661D46201DEE
:10F8E000FFF74DFF284638BD4FF0FF35F7E76FF0C3
:10F8F0001505F4E76FF07705F1E7436E30B563B1B6
:10F90000002200F16405436EAB4206D0D3E9001437
:10F9100021604C60C3E90022F5E730BD10B5044614
:10F92000034654F84C0FA0420DD100200DE0447D59
:10F930008C4204D1032909D1047A944205D01C6D6C
:10F940008442F2D000680028F1D110BD0F29F5E7FC
:10F95000002230B500F14C05C36CAB4206D0D3E9B0
:10F96000001421604C60C3E90022F5E7002030BD9F
:10F970002DE9F04105460C46061D4FF0FF324FF0D1
:10F98000FF333046FBF7A4FD2F6F002F6DD095F8A5
:10F990006C30DB0769D4EB6C1BB905F14C03C5E98E
:10F9A00013332368002B63D1637D0F2B09D1237A96
:10F9B000012B0CD02B6D05F14C02C4E900231C6017
:10F9C0002C65637D032B0FD04FF0000806E028461E
:10F9D000E168FFF767FF80460028EBD03046FBF771
:10F9E000E9FD4046BDE8F081EA6C05F14C0090422B
:10F9F0001ED1002329E091F815C0BCF1030F10D0EF
:10FA0000013323724B68C4E900131C604C60637AB5
:10FA1000022B24D0032B25D0012BD5D1237ABB7305
:10FA2000D2E791F808C00CF1FF3C6345E8D11268B9
:10FA3000002ADED0517D2B6D03290DD19A42137A15
:10FA400002D011680029D6D1013323722B6DC4E98D
:10FA500000031C602C65DAE79342E8D1C9E7237AFA
:10FA6000FB73B1E7237A3B74AEE74FF0FF38B5E79D
:10FA70006FF07708B2E70346006800B1187A704764
:10FA80008388C2888168D21A03685B1AD01A7047CB
:10FA90000346C08808B11878C009704770B50C4695
:10FAA0001546F7F71FFB40B1406883681B6823B118
:10FAB0002A462146BDE87040184770BDF8B5044697
:10FAC0000D46174686680369A033D3E8AF3F9B070E
:10FAD0000ED5B36A7BB1F36B98472946B36A3A46B1
:10FAE00020469847336C0546204698472846F8BD7F
:10FAF0004FF0FF35FAE76FF08505F7E770B504467C
:10FB00000D4686680369A033D3E8AF3F9B070BD54A
:10FB1000F36B98472946736A20469847336C05462D
:10FB200020469847284670BD4FF0FF35FAE710B5DC
:10FB3000044619B9002084F8300010BDF6F76CF8BF
:10FB40000028F7D0F9E74FF0FF324FF0FF330430D1
:10FB5000FBF7BEBCFBF72EBD21B101290DD0002360
:10FB60001B68FFDE5430006848B143685B799342FC
:10FB700005D000680028F8D170475C30F3E7704783
:10FB800010B590F830300446022B09D1FFF7F9FD8B
:10FB900094F8382001462046BDE81040FFF7DCBF4E
:10FBA000002010BD08B5FFF7D7FF003818BF0120AF
:10FBB00008BDF8B504461D460E461746FFF7C3FFBD
:10FBC00094F86C309B0714D43A4631462046FFF730
:10FBD000C3FF88B14168CA7945B142F040020025AF
:10FBE000CA71201DFFF7B6FF2846F8BD22F040027B
:10FBF000F5E76FF07705F4E76FF03C05F1E72DE9E5
:10FC0000F04105461E460F469046FFF79CFF95F8CB
:10FC10006C30C3F340049B070DD442463946284656
:10FC2000FFF79AFF50B143681E72281DFFF792FF3D
:10FC30002046BDE8F0816FF07704F6E76FF03C04F2
:10FC4000F3E78368DB6A03B1184770474FF0FF3270
:10FC50004FF0FF330430FBF73BBC08B583681B6BE8
:10FC60000BB198470346002023B153F8042B0AB187
:10FC7000127802B908BD1044F6E710B51C46FFF72C
:10FC80006BFF48B10122C06802FA04F320B1026997
:10FC9000134201D10068F9E710BD10B50C46FFF71B
:10FCA0006FFF48B10123C06803FA04F120B1036972
:10FCB000194201D10068F9E710BDD1F81A00836834
:10FCC0001B6903B118476FF08500704738B50C46C3
:10FCD000FFF756FF80B1C06870B14368DA681AB1A7
:10FCE00000231179994201DC0068F5E71568ED5CA5
:10FCF000A54201D00133F5E738BD70B5FFF72CFF01
:10FD00000546C0B10026EC68C4B12A692368944254
:10FD1000EB6000D12B6104F11403D3E8EF1F21F055
:10FD20000101C3E8E21F002AF7D16068FFF789FFED
:10FD300063685E60E7E76FF03C0070BD2046FCE75B
:10FD4000F8B50646CC680CB9204622E0012504F13E
:10FD50000C07E268AAB165F07F03D9B203F07F0314
:10FD60001033DA40D2070ED4E368EB40DB0705D549
:10FD70003A46B069E9B200F09BF850B90135102D50
:10FD8000E7D12468DFE73A46B06900F091F800282F
:10FD9000EAD0F8BD2DE9F347002405460E46A146FA
:10FDA000576897F805803B79A34203DC002002B036
:10FDB000BDE8F0875FFA84FA31465346424628464A
:10FDC000FFF75BFF014650B1534601222846CDF8AC
:10FDD0000090F7F7A5FA0028E9D10134E3E76FF0C6
:10FDE0003C00E4E72DE9F74380460D461746FFF750
:10FDF00054FF064628B96FF00104204603B0BDE861
:10FE0000F0830F2DF7D808EB0509014699F83A4021
:10FE10002B46002240460097F7F782FA0028EAD1E5
:10FE200000942B46022231464046F7F779FA044601
:10FE30000028E2D12B460122314640460097F7F7D1
:10FE40006FFA04460028D8D1706883685B6813B1E4
:10FE50003A462946984789F83A70CEE7012311F0CF
:10FE6000800F18BF21F08001026818BF10318B404D
:10FE700022EA03030360704737B58B790C46009381
:10FE800015468B88CA78897800F009FC70B994F916
:10FE90000230A178002B4FF00103B8BF21F08001A0
:10FEA0002A68B8BF10318B4013432B6003B030BDBC
:10FEB000F8B506460D46174600F01AFC044658B938
:10FEC00029463846FFF7CAFF2946304600F00BFDA9
:10FED000044608B901F0FFFC2046F8BD0A468069D7
:10FEE000802100F030BD43689869F8F72BBB70B5EE
:10FEF00091F918300546002B0C46466807DBC4F81C
:10FF00001A502146B069BDE8704000F067BC304629
:10FF1000FFF7AEFC0028F2D04FF0FF3070BD0B06AB
:10FF200048BF21F08001406B48BF1031C84000F04D
:10FF300001007047C36982B08DF8001001922BB1A7
:10FF400002AB13E9060002B0F7F734BB02B070470A
:10FF50000121F7F76DBE0021F7F76ABE0121F7F71F
:10FF600091BE0021F7F78EBE70470369586870474D
:10FF70000020704710B5036940681C68FFF701FC5A
:10FF800001280CBF94F82100E07C10BD10B5036976
:10FF900040681C68FFF7F5FB01280CBF94F82800A7
:10FFA000A07E10BD30B40125416802690968137E46
:10FFB0004D6154685B0954B1107E023300F01F009C
:10FFC00052F8231005FA00F0234630BC184730BC25
:10FFD000704710B40269416802200968537E486185
:10FFE00054685B095CB1034452F823100123507E2E
:10FFF00000F01F0003FA00F0234610BC184710BCA5
:020000040C01ED
:10000000704710B40269416804200968937E486112
:1000100054685B095CB1023352F823100123907ECF
:1000200000F01F0003FA00F0234610BC184710BC74
:10003000704710B40269416808200968D37E48619E
:1000400054685B095CB1023352F823100123D07E5F
:1000500000F01F0003FA00F0234610BC184710BC44
:10006000704710B40269416810200968137F486125
:1000700054685B095CB1023352F823100123107FEE
:1000800000F01F0003FA00F0234610BC184710BC14
:10009000704710B40269416820200968537F4861A5
:1000A00054685B095CB1023352F823100123507F7E
:1000B00000F01F0003FA00F0234610BC184710BCE4
:1000C000704710B40269416840200968937F486115
:1000D00054685B095CB1023352F823100123907F0E
:1000E00000F01F0003FA00F0234610BC184710BCB4
:1000F000704710B40269416880200968D37F486165
:1001000054685B095CB1023352F823100123D07F9D
:1001100000F01F0003FA00F0234610BC184710BC83
:10012000704710B4026941684FF48070096892F812
:100130002030486154685B0964B1023352F82310DF
:10014000012392F8200000F01F0003FA00F023467C
:1001500010BC184710BC704710B4026941684FF4D6
:100160000070096892F82130486154685B0964B1F5
:10017000023352F82310012392F8210000F01F00EF
:1001800003FA00F0234610BC184710BC704710B4A7
:10019000026941684FF48060096892F82230486132
:1001A00054685B0964B1023352F82310012392F8BA
:1001B000220000F01F0003FA00F0234610BC18478D
:1001C00010BC704710B4026941684FF400600968C0
:1001D00092F82330486154685B0964B1023352F8E5
:1001E0002310012392F8230000F01F0003FA00F00F
:1001F000234610BC184710BC704710B40269416810
:100200004FF48050096892F82430486154685B09C3
:1002100064B1023352F82310012392F8240000F055
:100220001F0003FA00F0234610BC184710BC7047AB
:1002300010B4026941684FF40050096892F8253003
:10024000486154685B0964B1023352F823100123FA
:1002500092F8250000F01F0003FA00F0234610BCBE
:10026000184710BC704710B4026941684FF48040D1
:10027000096892F82630486154685B0964B102331A
:1002800052F82310012392F8260000F01F0003FA11
:1002900000F0234610BC184710BC704710B4026928
:1002A00041684FF40040096892F82730486154686B
:1002B0005B0964B1023352F82310012392F827003E
:1002C00000F01F0003FA00F0234610BC184710BCD2
:1002D0007047002208B511460D20F4F74BFC0D20A5
:1002E000F4F726FC00220E201146F4F743FC0E2002
:1002F000F4F71EFC00220F201146F4F73BFC0F2000
:10030000F4F716FC002210201146F4F733FC1020FD
:10031000F4F70EFC002211201146F4F72BFC1120FB
:10032000F4F706FC002212201146F4F723FC1220F9
:10033000F4F7FEFB002213201146F4F71BFC1320F8
:10034000F4F7F6FB002214201146F4F713FC1420F6
:10035000F4F7EEFB002215201146F4F70BFC1520F4
:10036000F4F7E6FB002216201146F4F703FC1620F2
:10037000F4F7DEFB002217201146F4F7FBFB1720F1
:10038000F4F7D6FB002218201146F4F7F3FB1820EF
:10039000F4F7CEFB002219201146F4F7EBFB1920ED
:1003A000F4F7C6FB00221A201146F4F7E3FB1A20EB
:1003B000F4F7BEFB00221B201146F4F7DBFB1B20E9
:1003C000F4F7B6FB00221C201146F4F7D3FBBDE87E
:1003D00008401C20F4F7ACBB38B50446807AF5F72A
:1003E000E1F96169054649B1637ADB0704D4C36961
:1003F00020461B689B689847002363612146284676
:10040000BDE8384001F0CAB930B509060546847C1C
:1004100014D414F0400016D0298AC3F30A00C1F3A3
:100420000A01884222D802F00300022809D00328DA
:100430000AD0012811D004F0010004E014F02000DB
:10044000E9E7C4F3800030BD14F00200FBD013F4E0
:10045000C05F09D0C4F30010F5E714F0080205D01E
:1004600013F4C05FEFD0F5E70120ECE70020EAE7E6
:10047000A030D0E8AF0F00F001007047A030D0E806
:10048000AF0FC0F34000704701F00F030269090687
:1004900048BF103352F823007047007DC0F30010AE
:1004A0007047037D61F304130375704708B5026953
:1004B0001046FFF7DDFF60B9087E00F00F0300066D
:1004C00048BF103342F82310084601F054F90020C9
:1004D00008BD6FF00C00FBE700220023FBF7BAB861
:1004E00001F066B901F04FB9407EC0F3C00070471B
:1004F000437E23F00803437670471FB504698DF8E7
:100500000410CDE90220D4F8983001A9984704B02E
:1005100010BD1FB50346046906208DF8040020466F
:10052000CDE90213FFF7A4FF40B1C1F81E20184621
:10053000D4F8982001A9904704B010BD4FF0FF30C7
:10054000FAE738B505460C462046FFF7C5FF0146D9
:1005500000B938BD6FF070022846FFF7DAFFF3E705
:100560002DE9F843066907460D46D6F80090D6F8FF
:1005700040804FF0FF324FF0FF3306F18400FAF76E
:10058000A7FF4046FFF7A8FF014618BB4846FFF704
:10059000A3FF044620BB99F8143023F0100389F818
:1005A000143098F8143023F0100388F8143024BB6A
:1005B000012286F8B020EDB12B68C6F8A8306B6830
:1005C00086F8B120C6F8AC3038698430BDE8F8430D
:1005D000FAF7F0BF6FF067023846FFF79AFFD0E7EF
:1005E000637EDB07D7D46FF0670221463846FFF7FA
:1005F00090FFCBE786F8B150E6E72DB108222946F7
:1006000004F10C00FFF788F8002221463846FFF776
:1006100080FFD9E72DE9F8430546884614461F4672
:10062000D0F80890FFF730FF0646002834D028465F
:10063000D9F83C3098474146224630463B88FFF780
:10064000E3FE804688B183B92B6904F0030493F874
:100650008030DB0753BF40224FF480624FF40071BB
:100660001146022C0DD0032C11D02846D9F8403069
:100670009847B8F1000F14BF00206FF08500BDE867
:10068000F883338A8B4228BF0B463B80EDE7338AE1
:10069000934228BF1346F8E76FF01200EFE72DE909
:1006A000F3411F464B0604460D461646D0F8088017
:1006B0001BD0D8F83C3098472069FFF7DFFE88B19F
:1006C0009DF820302946009332463B462046F7F7F6
:1006D000C3FE05462046D8F840309847284602B069
:1006E000BDE8F0814FF0FF35F4E76FF01505F5E751
:1006F00070B54B0604460D46866812D0F36B9847DA
:100700002069FFF7B5FE48B129462046F7F7EEFE0F
:1007100005462046336C9847284670BD4FF0FF359C
:10072000F7E76FF01505F7E770B5054686680C46E4
:10073000F36B98472869FFF7A1FEB0B12146284620
:10074000FFF7A2FE014698B1037DDB0710D5437E7B
:1007500003F00303012B0ED02846F36898470446A4
:100760002846336C9847204670BD4FF0FF34F7E7BA
:100770006FF01204F4E76FF08504F1E7F8B5064670
:1007800087680C46FB6B98473069FFF777FEE0B14E
:1007900021463046FFF778FE0546C8B1037DDB07EA
:1007A00016D5437E03F00303012B14D001463B69A9
:1007B00030469847044618B92B7D60F341032B75EA
:1007C00030463B6C98472046F8BD4FF0FF34F7E7C2
:1007D0006FF01204F4E76FF08504F1E72DE9F041C2
:1007E000054686680769F36B0C4698472869FFF74A
:1007F00045FE98B394F8188028464146FFF744FE1A
:10080000014670B3037DDA072BD518F07F0F20D196
:1008100097F8B030EBB1637EDB0717D597F8B130AE
:1008200033B1082207F1A80104F10C00FEF774FFB0
:10083000002287F8B02021462846FFF76AFE0446CA
:100840002846336C98472046BDE8F0816FF0670278
:10085000F1E72246284673689847F0E74FF0FF34E7
:10086000EEE76FF01204EBE770B504468568EB6BBA
:1008700098472069FFF7FCFDD8B923691E6C56B96B
:1008800023691E687EB9002620462B6C98473046A7
:1008900070BDF5F70DF83046FFF71EFE0028F8D1C1
:1008A000EEE7F5F705F83046FFF716FE0028F8D119
:1008B000E9E76FF00F06E7E770B505460C46866876
:1008C000F36B984721462846FFF7DEFD48B100F05C
:1008D0006FFFB0FA80F464092846336C98472046CD
:1008E00070BD0124F8E770B5054686680C46F36BC9
:1008F00098472869FFF7BCFD80B121462846FFF7DD
:10090000C3FD014668B104681CB12846B368984726
:1009100004462846336C9847204670BD4FF0FF349C
:10092000F7E76FF01204F4E708B5036900211B68CC
:100930005A8BF7F707FE28B1437E23F0070343F0F5
:100940000103437608BD08B539B90369013A1B684C
:100950005B8B1A44B2FBF3F25A43F7F7F3FD28B16D
:10096000437E23F0070343F00203437608BD08B536
:1009700061B903691B685A8BF7F7E4FD28B1437E20
:1009800023F0070343F00403437608BD0022F3E796
:1009900070B505468668F36B98472869FFF76EFDCA
:1009A000044620B133683BB12846984704462846A0
:1009B000336C9847204670BD0124F8E7F8B504462B
:1009C00087680669FB6B98472069FFF751FDB8B14E
:1009D0002069FFF753FDB0B92046FB6A98470546EA
:1009E00048B906F1A003D3E8EF1F41F00201C3E8C4
:1009F000E21F002AF7D120463B6C98472846F8BDF5
:100A00004FF0FF35F7E76FF07705F4E7F8B50446E8
:100A100087680669FB6B98472069FFF72FFD90B147
:100A20003B6B20469847054606F1A003D3E8EF1F2D
:100A300021F00201C3E8E21F002AF7D120463B6CF7
:100A400098472846F8BD6FF07705F7E72DE9F041A4
:100A5000054614460F46D0F80880066911B30AB35C
:100A6000D8F83C3098472869FFF702FDB8B9C6E9C5
:100A700026742846D8F834309847044640B9A03642
:100A8000D6E8EF3F43F00103C6E8E23F002AF7D182
:100A90002846D8F8403098472046BDE8F0816FF0EE
:100AA0007704F5E76FF01504F6E7F8B504468768B4
:100AB0000669FB6B98472069FFF7E0FCB0B9206935
:100AC000FFF7D6FCA8B1BB6B20469847054606F158
:100AD000A003D3E8EF1F21F00101C3E8E21F002AC1
:100AE000F7D120463B6C98472846F8BD6FF00F05BC
:100AF000F7E76FF07705F4E710B50C7E436824F054
:100B000080021B682CB993F8080140F0100083F8AC
:100B100008015201134491F9181093F80821002993
:100B2000B5BF42F0020242F0010283F8082183F8C7
:100B30000821B5BF93F8002193F8002102F08F023D
:100B400002F0F80283F80021002010BD10B50C7EE1
:100B5000436824F080021B685201134493F8052176
:100B600014F0800F14BF42F0200242F0100283F80C
:100B700005210B7E00205B061EBF0B7D43F00203A8
:100B80000B7510BD43681B6809B141F0800100205E
:100B900099727047436800201A6813899BB243F02A
:100BA000020313817047012070470020704740F214
:100BB000FF33984207D018B1B0FA80F0C0F120009E
:100BC0000438C0B2704707207047F8B54D7E0F7EDD
:100BD00005F003056E1E4368022E88BF01251A68C2
:100BE00027F0800498BF0135EFB95E6803694020A3
:100BF000D3F8A430B771D4333360737903F03F0373
:100C00007371F37923F00F03F371FFF7D0FFF379DA
:100C100060F3061367F3C713F37192F8093143F0D9
:100C2000100382F8093191F91830002B4FEA441370
:100C3000134493F8002111DA42EA051283F80021E7
:100C400093F8042142F0800283F8042193F80921EB
:100C500042F0020283F809210020F8BD2A4383F8FC
:100C6000002193F8052142F0400283F8052193F812
:100C7000092142F00102EDE738B543680A7E0C46CF
:100C80001B6822F08002EFF31185202181F3128886
:100C9000BFF36F8F94F91810520100291344B5BFA8
:100CA00093F8042193F8052142F0800242F04002BB
:100CB000B4BF83F8042183F805212146FFF741FCE6
:100CC00000212046FFF7EDFB85F31188BFF36F8FFE
:100CD000002038BD08B59620F3F738FF9720F3F7CA
:100CE00035FF9820F3F732FFBDE808409920F3F76D
:100CF0002DBF002208B511469620F3F73BFF962042
:100D0000F3F716FF002297201146F3F733FF9720E1
:100D1000F3F70EFF002298201146F3F72BFF9820DF
:100D2000F3F706FF002299201146F3F723FFBDE8F1
:100D300008409920F3F7FCBE13460A460121FDF74F
:100D4000DCB903460022D3E8EF0FC3E8E12F002906
:100D5000F9D17047F8B5046905464668D4F8A4701F
:100D600004F1840000F07FFC07F1C00000F0F4FF04
:100D700007F1CC00FFF7E5FF07F1D000FFF7E1FF37
:100D800094F88030284623F0720343F0620384F81D
:100D90008030B26800233169F7F700FC044650B98F
:100DA000D6E9022180232846F7F7F8FB044610B95C
:100DB0002846F36B98472046F8BD00F0D2BF0123C8
:100DC0004A0901F01F018B4000EB8200D0E8EF2FB1
:100DD0001A43C0E8E12F0029F8D1704738B50C4616
:100DE000097E31F080023AD0436852011B6811F04D
:100DF000800F134493F80421006914BF42F02002CD
:100E000042F01002D0F8A45015BF83F8042183F8F3
:100E1000042193F8042193F8042114BF42F0020244
:100E200042F00102204683F80421FFF736FB90B917
:100E30002046FFF755FB70B1237E05F1CC0003F08F
:100E40007F011B0648BF1031FFF7B9FF022105F1F2
:100E5000C000FFF7B2FF237D23F0020323750020BB
:100E600038BD08B500698430FAF7A4FBBDE8084036
:100E7000FBF766BA10B50446FBF74EFA20698430DA
:100E80004FF0FF32BDE810404FF0FF33FAF720BBC0
:100E900038B50C46036911462046D3F8A450FFF735
:100EA00021FB237D9A070ED4237E05F1CC0003F0AD
:100EB0007F011B0648BF1031FFF781FF022105F1BA
:100EC000C000FFF77AFF002038BD38B50546084658
:100ED0000C46FFF705FB014620B1237E1BB9437E7C
:100EE000DA0702D538BD1B060FD422466868F7F72B
:100EF00083FC78B12046FFF7EFFA6FF06E020146EF
:100F00002846BDE83840FFF704BB22466868F7F77B
:100F1000C7FBEEE72046BDE838400121FFF7C1BA24
:100F200010B5807A0C46F4F73DFCC3692146BDE854
:100F30001040586800F0FABAF7B50D46807A1746A7
:100F40001E46F4F72FFC2C68C369033424F0030217
:100F5000586804212A60CDE90076FAF79FF900B9B4
:100F6000286003B0F0BD0023F0F770BC2DE9F0411C
:100F700045680846D5E900680C46AF68F7F7BEFF3C
:100F8000002878D1A30E092B75D8DFE803F0080FED
:100F90001A2C054C535F056A0220BDE8F081736985
:100FA0009C076CD5306900F001001AE0F36A9807DD
:100FB00065D5B36F002B60D13069C00900F0020025
:100FC000EBE7E4B206F1400353F82430012013F0BC
:100FD000020FE2D033691834A04098430CBF0120BF
:100FE00000204000D9E70620E4B2B4FBF0F33169F9
:100FF00003F11805E940C907DAB240D500FB1344F4
:10100000E4B2032C4FEA820294BF06F14C0306F1CE
:101010005003134404F00304E4001A680734012366
:10102000A340134219E0D8F81C309A0727D5D8F806
:101030000C00B8E7E4B204F1080357F82330DB05ED
:101040001DD578680234E040C043ACE7C4F3052402
:10105000203457F8243013F0400F14BF0220012031
:101060009BE7C4F30552EB680E3203EB82035A6828
:10107000C4F38534D3E703208FE700208DE70120F8
:101080008BE72DE9F3474FF000090C4601EB0121F6
:10109000456841F03F6141F47C21804617462E6847
:1010A000D0F810A0CDF80490FFF760FF022803D01D
:1010B000C7F8009000201CE006F1400353F82430EC
:1010C000C3F30223012B17D0022B2CD0BBB9AA6883
:1010D000631C04F1210152F8211003EB43035A0071
:1010E000404601AB02F0FE0201F00F01F7F7D2FF1C
:1010F00028B102B0BDE8F087DAF80030019306F1BC
:10110000480353F82430443613F03F031EBF019ABE
:10111000B2FBF3F2019256F82420019BC2F30902BC
:1011200053433B60C6E7404601A9F8F763F8DFE7A1
:10113000F0B406240A4691FBF4F104FB1124436841
:10114000664206F003061F6804F0030358BF7342AB
:10115000032C4FF00104D4BF4C3750378E003E446F
:10116000DB003768073304FA03F305693B43336058
:101170002B8F063294401C43EB6A2C87CB40DA0756
:1011800006D42B6BCB40DB0702D5F0BCF8F7ACBB29
:101190000020F0BC704710B54468C1F30520A16879
:1011A0009B0101EB8001D1F8800003F0400302F0C5
:1011B0000F0220F04F0013430343C1F8803010BDED
:1011C00010B543680120C1F38534DB68C1F30551D4
:1011D00089000B44012ADA6B00FA04F00CBF0243C9
:1011E0008243DA6310BD30B5036813600579046883
:1011F00004EBC504A34202D36FF0010030BD5C795B
:1012000008338C42F1D10020F8E7026993680BB1F2
:10121000D1681847704743689B681A7E520743BFDE
:101220009B6A00200B706FF00F00704743689B684B
:101230001A7ED207FCD59962704743689B68EFF32A
:101240001182202181F31288BFF36F8F01219975DC
:101250000221997582F31188BFF36F8F704743683D
:101260009B68187E10F0010006D0002A03DD0A7882
:1012700001209A62704700207047012243689B68F2
:101280001A7502221A75704743689B68187E10F021
:1012900001001CBF987D00F0010070470369187CB5
:1012A0007047042243689B689A757047042243681C
:1012B0009B681A75704743689B68187EC0F380006E
:1012C000704743689B68187E10F0040008D09B6A42
:1012D000002ADBB202DD01200B7070476FF01500B1
:1012E000704743689B68987D1B7E1840003818BF84
:1012F00001207047802243689B689A75704780225E
:1013000043689B681A757047436801699A680120B1
:10131000137EC3F340030B74BA231376704703693B
:10132000C3E9021270470269002013680B6053681A
:101330004B607047002208B511466620F3F71AFC8F
:101340006620F3F7F5FB002267201146F3F712FC45
:101350006720F3F7EDFB002268201146F3F70AFC43
:101360006820F3F7E5FB002269201146F3F702FC41
:101370006920F3F7DDFB00226A201146F3F7FAFB40
:101380006A20F3F7D5FB00226B201146F3F7F2FB3E
:10139000BDE808406B20F3F7CBBB43689B68588BD4
:1013A0005A8BC0F3800092075A8B48BF40F004006C
:1013B00002F0010240EA42005A8BD1065A8B48BF24
:1013C00040F0080092065A8B48BF40F0100092B2DD
:1013D00042F037025A8370470268012922F0706296
:1013E0000346026004D002290CD0026802607047F4
:1013F000026842F080720260426842F400525A6011
:10140000F9F7CABA026842F080720260426822F4B8
:101410000052F4E738B5044648B1F9F745FD7823A2
:1014200005465C43F9F740FD431BA342FAD338BDA0
:1014300010B5436904463BB90020E2684042537846
:1014400043F00103537010BD98470028F4D00028E2
:10145000B8BF4042FF28A8BFFF20E3681870ECE740
:10146000C3685B78DB0701D4FFF7E2BF6FF077005A
:10147000704740B1C368587810F001001EBF18785B
:10148000B0FA80F040097047EFF31183202383F313
:101490001288BFF36F8FFEE72DE9F04F89B0DDE9C9
:1014A0001268059243460546324606A80F4600F0EC
:1014B0009EFBDDE90634CDE90234EFF311844FF0F1
:1014C000200989F31288BFF36F8F05F10C0A05F12B
:1014D000140B39462846059A149B984730B184F37B
:1014E0001188BFF36F8F09B0BDE8F08F56EA080688
:1014F000F5D0DDE9022306A800F09EFBDDE90668D1
:10150000524621465846CDE90068FAF7F5FDEFF35B
:10151000118489F31288BFF36F8FDAE710B400F1FA
:101520000C04C0E9034410BCFCF73FB938B50446CD
:10153000EFF31185202383F31288BFF36F8FEEF74B
:10154000B3FF04F10C0000F078FA30B1294604F141
:101550001400BDE8384000F056BA85F31188BFF397
:101560006F8F38BD10B542696AB1836842EA0301E2
:10157000890708D10169A2FB011424B95B182CBFAB
:101580000121002102D36FF0150005E0C1609B1A14
:1015900002698A4201D8002010BDC26801311A6078
:1015A0004269C3609B1AF3E72DE9F04105460F46F7
:1015B000EFF31188202383F31288BFF36F8FC6687F
:1015C000FEB90468A0421CD0DCB1D4E9003213603B
:1015D0005A60237CC4E9006623F002032374A660EA
:1015E00004F1180000F0C8FA2046C4F8B46067613E
:1015F00000F0ABF9414605F10800BDE8F04100F00C
:1016000002BA3E60AB69EF60013BAB6188F31188C1
:10161000BFF36F8FBDE8F081202408B5EFF311838D
:1016200084F31288BFF36F8FFEF70FF8F6E7D0E967
:10163000003213605A600023027CC0E9003322F0BC
:10164000020202748360704713B501240094F9F715
:1016500075FE02B010BD90F90E308B4201D0FAF742
:1016600077BD0020704703460020C3E90033C3E97B
:1016700002007047D0E9003213605A600023027CF8
:10168000C0E9003322F002020274836070472DE942
:10169000F843904604460D469DF82020EFF311874D
:1016A000202181F31288BFF36F8F02B14568A668CD
:1016B00004F10809B14516D0AEB100243046FFF759
:1016C000D9FF06F1180000F057FA3046C6F8B440CA
:1016D000C6F8148000F039F94846394600F093F90D
:1016E0002046BDE8F883A3B10820FBF79BF900284A
:1016F00032D00122C0F804800260016801F00301C9
:101700005DB922680A430260626820606AB960605D
:101710000BE04046C8F80030EFE72A68032A10D8EB
:101720000160616839B9C4E90000002087F31188BD
:10173000BFF36F8FD5E70A6802F0030202430A6025
:10174000E5E722F003020A4302602A6802F003027E
:1017500040EA02032B60E8E76FF00B00E6E710B504
:10176000044630B10268930703D0446809B100F021
:1017700002FB204610BD0023C0E9003300F108033E
:10178000C0E902337047012307B5009300230A46DE
:101790001946FFF77CFF03B05DF804FB002307B593
:1017A0000A4600931946FFF772FF03B05DF804FB89
:1017B00000210068FFF7D3BF3AB18A4205D3C0E9E0
:1017C0000212C0E90000002070476FF0150070475A
:1017D000012302688B4022EA0303036022FA01F02E
:1017E00000F00100704710B5032104460C30FFF7EC
:1017F000EFFF30B104F1100000F0BEF9B0FA80F054
:10180000400910BD20B10022C430114600F071B96A
:10181000704773B50446EFF31185202383F31288D4
:10182000BFF36F8F00230193D0E90423B3F1004F7E
:1018300008BF012A05D085F31188BFF36F8F02B06E
:1018400070BDA0F1100603210438FFF7C1FF002886
:10185000F1D0A369304601A90193FAF737F8EAE716
:10186000EFF30580003818BF012070477C307047C7
:10187000002310B58B4202D10020136010BDC45C60
:10188000AA2CF9D10133F5E708B50A46D0E92701BA
:10189000FFF7EEFF002008BD38B58589EFF3118111
:1018A000202282F31288BFF36F8F037C13F00804A9
:1018B00004D081F31188BFF36F8F38BD0122FAF78E
:1018C0001DFBEB07F9D584F31188BFF36F8F042359
:1018D000184602DFF1E7FAF7CDBBD0E9003213601A
:1018E0005A600023C0E90033704708B5FFF7F5FFE1
:1018F000037C23F0020303740023836008BD38B522
:1019000004460D46FAF746FA237C43F0020323749B
:10191000D5B1A5602B689D4209D16B68C4E900531D
:101920001C606C6010E06A689A42F6D01B68002B5D
:10193000F3D093F90E1094F90E209142F3DD5A681A
:10194000C4E9003214605C6038BD10B5EFF3118457
:10195000202383F31288BFF36F8FFAF745FA84F3DD
:101960001188BFF36F8F10BDFAF73EBAFAF712BABB
:1019700008B5EFF31181202282F31288BFF36F8F35
:1019800083680BB1FFF7B1FF81F31188BFF36F8F4D
:1019900008BD08B5037C014613F0280F0CD18368FD
:1019A0000BB1FFF7A2FF0B7C084623F004030B7476
:1019B000BDE80840FAF718BA08BD10B5EFF3118476
:1019C000202383F31288BFF36F8F1838FFF7E1FFEE
:1019D00084F31188BFF36F8F10BD08B50346EFF392
:1019E0001181202282F31288BFF36F8F0068834237
:1019F00007D008B1FFF779FF81F31188BFF36F8F2C
:101A000008BD0020F8E70846FAF72EBA38B50546B3
:101A100004680020AC4200D138BD002CFCD0204628
:101A2000FFF763FF04F1180000F0A6F82046FAF76C
:101A3000DBF92C680120A542EDE710B5EFF3118426
:101A4000202383F31288BFF36F8FFFF7DFFF84F348
:101A50001188BFF36F8F10BD38B505460C46FAF7F5
:101A600009FCB4F1FF3F08BFB5F1FF3F0AD0C11731
:101A700009304FF00A024FF0000341F10001EEF788
:101A80000FFB38BD4FF0FF30FBE72DE9F04706466E
:101A90000F4691469A46EFF31188202383F312886C
:101AA000BFF36F8F0068864206D028B173689842F2
:101AB0000CBF0025056868B90024B9F1000F02D0F9
:101AC00051462046C84788F31188BFF36F8F2046E0
:101AD000BDE8F0875146B84704460028EDD135B13E
:101AE0007368AB4200D02C6828462546E3E72C46B5
:101AF000FAE738B5EFF31185202383F31288BFF39B
:101B00006F8F0468A0421CD0ECB1C4F8B4106261BD
:101B1000D4E9003213605A600023227CC4E9003308
:101B200022F002022274A36004F1180000F024F8ED
:101B30002046FFF719FF012085F31188BFF36F8F4F
:101B400038BD0020F8E72046F6E708B50246FAF768
:101B5000FBFC70B1D0E904319B1A61EBE272B3F186
:101B6000004F72F1000104DA002AACBF18460020D1
:101B700008BD6FF00040FBE7024638B5EFF3118572
:101B8000202383F31288BFF36F8F0368D3B1FAF772
:101B9000DBFC04461046FAF7E9FC00224FF0004354
:101BA0008442C0E9042305D0002085F31188BFF3E7
:101BB0006F8F38BDFAF7D0FCFFF7C7FF0021F9F7A8
:101BC000D9F8F1E7D0E90413B3F1004F08BF0129B8
:101BD00004D100204FF00041C2E904016FF015006C
:101BE000E3E708B5FAF7CAFD08BDFAF7C7BDB3F1D8
:101BF000FF3F08BFB2F1FF3F70B506461D461446D1
:101C000014D01A4316D0002B08DBFAF7B7FD0419DD
:101C100041EB0501C6E90041304670BD6FF001039C
:101C20001C1B4FF0FF3363EB0501F3E74FF0FF346C
:101C30002146EFE70024FBE7B3F1FF3F08BFB2F115
:101C4000FF3FF8B5074616461C4610D054EA02037B
:101C500011D0FAF793FDB0420A46A14103460AD2D9
:101C6000F31A64EB0204C7E900343846F8BD4FF0BC
:101C7000FF331C46F7E70023FBE70023C0E9081207
:101C800000F11802C0E90622C0E900330363436390
:101C900070472DE9F3470446DDE90A9815460E46DC
:101CA00059B302F0010AFAF75BFB0746EFF3118123
:101CB000202383F31288BFF36F8FA80744BF00234C
:101CC000A360A36803EA0600BAF1000F0CD08642B5
:101CD0000CD16A0744BF8343A36081F31188BFF32B
:101CE0006F8F02B0BDE8F0870028F2D159EA0803EF
:101CF00005D181F31188BFF36F8F0020F1E7C7E9A9
:101D000018652246CDE9009804F10C00FAF7F4F9C1
:101D10000028F2D1386EE4E710B50B680446D0E92C
:101D2000180212F0010F03EA000301D0984211D10A
:101D300083B12366520748BF4A6804F1180044BFC4
:101D40001A434A60FFF718FF00232046C4F8B43056
:101D5000FFF71FFE002010BD0023C0E900008360D4
:101D600070470A46FAF710BE0A460021FAF70CBE81
:101D70005200FFF78EBF20B1011F50F8040CFFF78F
:101D8000D5BB70470A44431E914200D1704710B53D
:101D900011F8014B914203F8014FF9D110BD88426F
:101DA00010B501EB020402D98442234607D8431E32
:101DB000A14207D011F8012B03F8012FF8E70244E4
:101DC000824200D110BD13F8011D02F8011DF7E792
:101DD00002440346934200D1704703F8011BF9E720
:101DE0000139024410B5904201D1002005E003788A
:101DF00011F8014FA34201D0181B10BD0130F2E7CA
:101E0000C9B20346184613F8012B12B18A42F9D120
:101E10007047002918BF0020704710B56AB101391A
:101E2000841810F8012B11F8013F9A4203D1A04207
:101E300001D0002AF5D1D01A10BD1046FCE70139B7
:101E4000034610B532B111F8014F013A03F8014BC6
:101E5000002CF7D11A440021934200D110BD03F8A1
:101E6000011BF9E70246014410B58A42134603D02C
:101E70001C780132002CF8D1181A10BD0A7870B500
:101E80006AB970BD9A4209D10C46054614F8013F63
:101E9000002BF6D015F8016F9E42F7D00130037881
:101EA000002BEFD11846ECE7F0B5C3F13707044635
:101EB00003F01F031046FFB2082BE6B232D0102BFE
:101EC0003DD06508A40845EAC17544EA81748A08D2
:101ED0002D1942EB5102290941EA02716D1842EBBA
:101EE0001212290A41EA02616D1842EB1222290CF2
:101EF00041EA02416D1842EB1242AD1842F1000274
:101F0000EC0844EA4274D10804EB8402A6EB4205D3
:101F1000EDB2092D0CD90134A5F10A0541F10001FA
:101F2000EDB212E0E40806F0070544EA4174C9087E
:101F3000303554EA010200F8015BBDD1F0BD24093F
:101F400006F00F0544EA01740909092D84BFED1953
:101F5000EDB2EDE7D1E9043293421EBF5A1C0A618B
:041F6000187070473E
:081F6400A4E1FE7F0100000072
:101F6C0000000000D41F010C5DB2000C000000004A
:101F7C00B9B2000C0000000000000000F41F010CBE
:101F8C00000000001420010C05A8000C000000004B
:101F9C00D5AC000C00000000C511000C00000000C6
:101FAC003552000C0000000041CA000C000000007B
:101FBC00000000003420010C6D29000C0000000012
:081FCC004567000C0000000055
:101FD400BD6B010C0C33010C4425010C740300206F
:101FE4008C1900203DA5000C000000000033010CFA
:101FF4001C63010C2832010C000000007003002057
:10200400581600203183000C000000001C32010C23
:10201400226C010C4033010C6025010C7603002076
:10202400C8190020D9AA000C000000003433010CA8
:102034006B65010C6032010CB032010C720300209C
:1020440004020020550D010C000000005032010C68
:10205400000000002FF6000C000000002FF6000C1A
:10206400000000002FF6000C000000002FF6000C0A
:10207400000000002FF6000C000000002FF6000CFA
:10208400000000002FF6000C000000002FF6000CEA
:10209400000000002FF6000C000000002FF6000CDA
:1020A400000000002FF6000C000000002FF6000CCA
:1020B400000000002FF6000CF41F010CA5FF000C1B
:1020C400F41F010CD3FF000CF41F010C0300010CDE
:1020D400F41F010C3300010CF41F010C6300010C0C
:1020E400F41F010C9300010CF41F010CC300010C3C
:1020F400F41F010CF300010CF41F010C2301010C6B
:10210400F41F010C5901010CF41F010C8F01010C87
:10211400F41F010CC501010CF41F010CFB01010C9F
:10212400F41F010C3102010CF41F010C6702010CB5
:10213400F41F010C9D02010C000000002FF6000C9E
:10214400000000002FF6000C000000002FF6000C29
:10215400000000002FF6000C000000002FF6000C19
:10216400000000002FF6000C000000002FF6000C09
:10217400000000002FF6000C000000002FF6000CF9
:10218400000000002FF6000C000000002FF6000CE9
:10219400000000002FF6000C000000002FF6000CD9
:1021A400000000002FF6000C000000002FF6000CC9
:1021B400000000002FF6000C000000002FF6000CB9
:1021C400000000002FF6000C000000002FF6000CA9
:1021D400000000002FF6000C000000002FF6000C99
:1021E400000000002FF6000C000000002FF6000C89
:1021F400000000002FF6000C000000002FF6000C79
:10220400000000002FF6000C000000002FF6000C68
:10221400000000002FF6000C000000002FF6000C58
:10222400000000002FF6000C000000002FF6000C48
:10223400000000002FF6000C000000002FF6000C38
:10224400000000002FF6000C000000002FF6000C28
:10225400000000002FF6000C000000002FF6000C18
:10226400000000002FF6000C000000002FF6000C08
:10227400000000002FF6000C000000002FF6000CF8
:10228400000000002FF6000C000000002FF6000CE8
:10229400000000002FF6000C000000002FF6000CD8
:1022A400000000002FF6000C000000002FF6000CC8
:1022B400000000002FF6000C000000002FF6000CB8
:1022C400000000002FF6000C000000002FF6000CA8
:1022D400000000002FF6000C000000002FF6000C98
:1022E400000000002FF6000C000000002FF6000C88
:1022F400000000002FF6000C000000002FF6000C78
:10230400000000002FF6000C000000002FF6000C67
:10231400000000002FF6000C000000002FF6000C57
:10232400000000002FF6000C000000002FF6000C47
:10233400000000002FF6000C000000002FF6000C37
:10234400000000002FF6000C000000002FF6000C27
:10235400000000002FF6000C000000002FF6000C17
:10236400000000002FF6000C000000002FF6000C07
:10237400000000002FF6000C000000002FF6000CF7
:102384001420010C0B12010C1420010C0B12010C73
:102394001420010C0B12010C1420010C0B12010C63
:1023A4001420010C0B12010C1420010C0B12010C53
:1023B400000000002FF6000C000000002FF6000CB7
:1023C400000000002FF6000C000000002FF6000CA7
:1023D400000000002FF6000C000000002FF6000C97
:1023E400000000002FF6000C000000002FF6000C87
:1023F400000000002FF6000C000000002FF6000C77
:10240400000000002FF6000C000000002FF6000C66
:10241400000000002FF6000C000000002FF6000C56
:10242400000000002FF6000C000000002FF6000C46
:10243400000000002FF6000C000000002FF6000C36
:10244400000000002FF6000C000000002FF6000C26
:10245400000000002FF6000C000000002FF6000C16
:10246400000000002FF6000C000000002FF6000C06
:10247400000000002FF6000C000000002FF6000CF6
:10248400000000002FF6000C000000002FF6000CE6
:10249400000000002FF6000C000000002FF6000CD6
:1024A400000000002FF6000C000000002FF6000CC6
:1024B400000000002FF6000C000000002FF6000CB6
:1024C400000000002FF6000C000000002FF6000CA6
:1024D400000000002FF6000C000000002FF6000C96
:1024E400000000002FF6000C000000002FF6000C86
:1024F400000000002FF6000C000000002FF6000C76
:102504003420010C518A000C3420010C518A000C37
:102514003420010C518A000C3420010C518A000C27
:10252400000000002FF6000C000000002FF6000C45
:10253400000000002FF6000C000000002FF6000C35
:102544009199000C6997000C000000001996000C8A
:0C2554006D0F010C000000003D92000C17
:102560001712010C2D12010C9B13010CD9A9000CA0
:102570002713010C5F12010CC312010C3B12010C5A
:102580007B12010C8912010CA312010CAD12010C7B
:102590009D12010CB712010CF512010CFF12010C77
:0C25A000E312010C0913010C1F13010CC5
:1025AC002335010C03000000D26B010C030000006A
:1025BC00EB6B010C010000003E63010C03000000FA
:1025CC004735010C030000004B35010C03000000E3
:1025DC00234E010C03000000A54E010C030000006B
:1025EC00AD4E010C03000000286D010C030000002F
:1025FC007834010C030000006040010C0300000063
:10260C006640010C030000003435010C030000008F
:10261C003A6C010C03000000E263010C02000000A4
:10262C008965010C020000009862010C0300000097
:10263C00D354010C020000000252010C02000000F5
:10264C009455010C020000003B53010C02000000E9
:10265C008D50010C020000008450010C020000009F
:10266C001F56010C02000000D055010C02000000A6
:10267C00CD53010C020000002756010C0200000093
:10268C00682A010C101600207A40010C0000000092
:10269C007140010C700000201C1300206000002011
:1026AC0002000000EC29010C18130020002A010C78
:1026BC00E00300206640010C600A00204821002045
:1026CC00D42A010C4429010CE428010C9829010C92
:1026DC00542A010CAC2A010CD028010C1431010C29
:1026EC00E82A010C982A010C842A010CC02A010C3E
:0426FC00802D010C20
:1027000000000000000000000000000000000000C9
:10271000000000006036010C6736010C000000006C
:102720005D1D000C000000005238010C5C38010CEB
:1027300000000000D11D000C030000009636010CC3
:102740009C36010C00000000791D000C0200000006
:102750007B38010C8238010C8C27010C0000000032
:10276000000000002237010C2937010C0000000096
:10277000C903000C010100007F5F010C7F37010CD1
:1027800000000000B91D000C000000000000000067
:102790000000000000000000000000000000000039
:1027A0004F3B010C543B010C000000001121000CB8
:1027B000020000006354010C7139010C000000009C
:1027C000751E000C00000000EE3A010CF53A010CF9
:1027D00000000000AD20000C02000000123A010CC5
:1027E000193A010C000000007D1F000C00000000E1
:1027F0008B3A010C933A010C000000004920000CB8
:1028000002000000000000000000000000000000C6
:082810000000000000000000C0
:102818004D76000C2176000CB576000C7521000C65
:0C2828009521000C7976000CD97C000C86
:10283800FFFFFFFFFFFFFF7FFFC99A3B000000007B
:102848006588635DDC46030060C79C2200000000C9
:102858001B5B4A00001B5B4800001B5B324A000000
:102868001B5B4A00001B5B6D00001B3700001B3818
:1028780000001B5B3F336C00001B5B4800001B5BC8
:10288800324A00001B3700001B38000020060020D9
:1028980000010000C7DF000C65DF000C020000002B
:1028A800000000001336010C1B36010C000000006C
:1028B80000000000000000002336010C2736010C40
:1028C8002B36010C2F36010C3336010C3A36010C2D
:1028D8000027010C00000000000000003F50010C20
:1028E800303C010CF828010C00000000000000003A
:1028F800FC28010C6354010C3829010C2428010C14
:102908001922000C01010000D253010C403C010CBB
:102918002828010CB521000C02000000000000006E
:10292800000000000000000000000000000000009F
:10293800C40BD2865D3C010C8E3C010C4B3D010C56
:10294800503D010C5829010C000000000000000057
:102958005C29010CBF52010C5E3D010C0000000017
:10296800A123000C000000006E3D010C723D010C1B
:1029780000000000C924000C000000000000000056
:10298800000000000000000000000000000000003F
:10299800F93E010C003F010CAC29010C0D25000C7F
:1029A80002020000B029010CC23F010CC73F010C14
:1029B80000000000C525000C05020000FF3F010CC7
:1029C8000440010C00000000A528000C02010000D2
:1029D80000000000000000000000000000000000EF
:1029E80000000000231A00201E0000006FEE000CFB
:1029F8009C26010C580000208C26010C2C2A010C66
:102A0800FC15002064000000182A010CC4150020E1
:102A1800180B002080000000000000001FE2000CDE
:102A28000200000061F1000C04160020231A0020A7
:102A38001E0000009D29000C6DE2000C49E2000C0C
:102A48008DE2000C5BE2000C000000008E43010CDC
:102A58004543010C00000000CD36000C01000000C9
:102A680039F0000C11F0000CB5F1000C000000006A
:102A78000000000000000000000000003F44010CBE
:102A88004644010C00000000913F000C01000000CA
:102A98007044010C7744010CFC2A010C3140000CF5
:102AA800010100001C45010C2445010C0000000038
:102AB800513F000C01000000AE5C010C3545010CD3
:102AC800282B010C00000000000000001C6C010C09
:102AD8005B45010C00000000FD3F000C01000000F8
:102AE8006945010C6D45010C0000000081F3000CE4
:102AF80000000000002B010C9045010C9845010CCA
:102B080000000000BD3E000C0100000000000000B5
:102B180000000000000000000000000000000000AD
:102B28002C2B010CDC45010CE545010C00000000D4
:102B3800FD3E000C010000000246010C1146010C8C
:102B4800CC2B010C0000000000000000C146010C65
:102B5800C846010C0C2D010C00000000000000000C
:102B6800DF46010CE546010CCC2C010C00000000EE
:102B780000000000FC46010C0347010C8C2C010CE2
:102B880000000000000000001247010C1747010C6C
:102B98004C2C010CAD3F000C010100002A47010C30
:102BA8003047010C0C2C010C000000000000000054
:102BB800000000000000000000000000000000000D
:102BC80000000000D02B010C4247010C4C47010CBF
:102BD80000000000CDF3000C010000008447010C48
:102BE8008B47010C0000000035F4000C01000000C8
:102BF80000000000000000000000000000000000CD
:102C080000000000102C010CBD52010CC247010C41
:102C18000000000085F3000C01000000F047010CE3
:102C2800F547010C00000000E93E000C010000001F
:102C3800000000000000000000000000000000008C
:102C480000000000502C010CB66A010C2148010C50
:102C5800000000001BF4000C010000006A62010C77
:102C68006048010C00000000B3F3000C01000000F4
:102C7800000000000000000000000000000000004C
:102C880000000000902C010CB66A010C7348010C7E
:102C980000000000413F000C010000006A62010CC6
:102CA8008348010C00000000A7F3000C010000009D
:102CB800000000000000000000000000000000000C
:102CC80000000000D02C010CB66A010C9248010CDF
:102CD8000000000001F4000C010000006A62010C11
:102CE800AA48010C0000000069F4000C0100000073
:102CF80000000000000000000000000000000000CC
:102D080000000000102D010CB66A010CC148010C2E
:102D180000000000E7F3000C010000006A62010CEB
:102D2800D948010C000000004FF4000C010000001D
:102D3800000000000000000000000000000000008B
:102D48000000000000000020000000000600010054
:102D580002000000602D010C00000008964E010CD6
:102D680006000000E0FF1F0C000000209E4E010C32
:102D780021000000E0FF07200B52010C065C010C4B
:102D8800942D010C0000000000000000982D010C9B
:102D9800225C010C002F010C00000000B97A000C25
:102DA80001000000295C010CF42E010C0000000059
:102DB800797B000C01000000D253010CE82E010CB5
:102DC80000000000717A000C01000000305C010C6A
:102DD800DC2E010C00000000297A000C0100000024
:102DE800375C010CD02E010C00000000F579000CB6
:102DF800010000003F5C010CC42E010C0000000023
:102E0800C179000C01000000485C010CB82E010CCF
:102E18002028010C1D7B000C020000003F50010C13
:102E2800AC2E010C3C30010C000000000100000039
:102E38004F5C010CA02E010C642F010C0000000057
:102E4800010000009955010C942E010C0C2F010C67
:102E58000000000001000000655C010C882E010CD8
:102E680000000000E976000C0100000000000000EE
:102E7800000000000000000000000000000000004A
:102E8800C40BD286565C010C00000000C40BD2862D
:102E98006C5C010C00000000C40BD2867B5C010C4A
:102EA80000000000C40BD286303C010C000000007A
:102EB800C40BD286925C010CB45C010CC40BD286A4
:102EC800CE5C010C00000000C40BD286EA5C010C49
:102ED80000000000C40BD286065D010C0000000053
:102EE800C40BD286215D010C00000000C40BD28601
:102EF800405D010C00000000C40BD2867D5D010C12
:102F080000000000102F010C9F5D010C582F010CD0
:102F18002C28010C7177000C040000009D5D010C49
:102F28004C2F010C2C28010C1D77000C040000000C
:102F38000000000000000000000000000000000089
:102F480000000000C40BD286A85D010CC35D010C13
:102F5800C40BD286E85D010CC35D010C682F010C1F
:102F6800015E010C3030010C1828010C3578000C7A
:102F780002000000055E010C2430010C1C28010C25
:102F8800C577000C040000000B5E010C1830010C22
:102F98001C28010C51FF000C03000000145E010CFA
:102FA8000C30010C1C28010C57FF000C030000001A
:102FB8001F5E010C0030010C1C28010C5DFF000C89
:102FC800030000002B5E010CF42F010C1C28010CDF
:102FD80063FF000C03000000000000000000000078
:102FE800000000000000000000000000C40BD286B2
:102FF800365E010CCA5D010CC40BD2864C5E010C16
:10300800CA5D010CC40BD286605E010CCA5D010C5E
:10301800C40BD286795E010CCA5D010CC40BD28642
:10302800905E010CA35E010CC40BD286CD5E010C30
:10303800F85E010C4030010C0D5F010CC830010C2A
:10304800000000008979000C02000000115F010CEB
:10305800BC30010C000000005179000C0200000097
:10306800155F010CB030010C1C28010C0979000C0B
:10307800030000002E5F010CA430010C1C28010C79
:103088009978000C05000000000000000000000016
:10309800000000000000000000000000C40BD28601
:1030A8001D5F010C355F010CC40BD286615F010CFA
:1030B800875F010CC40BD286985F010CAE5F010CD0
:1030C800C40BD286B95F010CD05F010C0000000070
:1030D800E75F010C01000000EA5F010C28010020F5
:1030E80000000000ED5F010C140100200100000049
:1030F800F15F010C0001002000000000F55F010CE9
:10310800EC00002001000000F95F010C1962010CBD
:103118001C62010C2831010C0000000000000000B6
:103128002C31010C4262010C4762010C5431010C34
:103138000000000002000000000000000000000085
:103148000000000000000000000000005831010CE1
:103158005E62010C6562010CD431010C00000000B4
:10316800020000006D62010C7562010C9431010CC3
:103178000000000002000000000000000000000045
:103188000000000000000000000000009831010C61
:103198003168010C7D62010C3028010C797E000C2D
:1031A800020000007A62010C7D62010C3028010CDB
:1031B8007982000C020000000000000000000000FE
:1031C800000000000000000000000000D831010CE1
:1031D800B66A010C7D62010C3028010C2580000CB8
:1031E800020000006A62010C7D62010C3028010CAB
:1031F800AD7D000C0200000000000000000000008F
:103208000000000000000000000000006E03002025
:10321800020000002032010C010000003A63010C9A
:1032280000A00144D41F010C1A7F132403C5FF1FFB
:10323800D302010C01000000F432010C400400200C
:1032480000000000000000005432010C02000000E1
:103258007865010C7D65010C00A002458C180020E2
:10326800080000008C1600208C170020A032010CEA
:10327800D41F010C3E7F342437EEFF1F02000000EC
:10328800016E010C0C0000009071000AF30C010C97
:10329800D50C010C5586000CA832010C0100000069
:1032A800F633010C02000000A70B010C910E010C73
:1032B800790C010C4D0B010CDD0D010C0000000018
:1032C800CB0B010CF90A010C950B010C850B010CB9
:1032D80000000000F98C000C9587000CAB0B010C6A
:1032E8004187000C750E010C630E010C390F010C9F
:1032F80000000000210F010C0433010C0100000044
:10330800CC6B010C00C0004400E000440000014404
:1033180000200144008000440500000000108044A3
:103328008010804400118044801180443833010C9F
:1033380001000000326C010C00C201000300010012
:10334800002000450001000001000000000000000E
:103358003513010CD41F010C2E7F302423DAFF1FF4
:103368006C33010C7433010C01000000FE33010CB6
:1033780002000000D46C010CE26C010CF66C010C2C
:10338800056D010C116D010C6C1F010C6C1F010CFB
:103398009C1F010CA41F010CD41F010CD41F010C8D
:1033A8002D6D010C010005004D6D010C0200070098
:1033B800336D010C040008003C6D010C080004008A
:1033C800E555010C10000900416D010C20000800B2
:1033D8004A6D010C40000A00556D010C8000060082
:1033E8008A6D010C0001000000000000090443720E
:1033F80000003372000090230000802300006865FD
:10340800617020636F7272757074696F6E20286EB8
:103418006F7420696E207573653F292061742025BB
:1034280070006865617020636F7272757074696F7F
:103438006E2028627566666572206F766572666CA6
:103448006F773F29206174202570006865617020BE
:10345800636F7272757074696F6E2028646F75621D
:103468006C6520667265653F2920617420257000AF
:103478006F735F686561700028756E7369676E6544
:1034880064292063686172202A2075736564206648
:103498006F722025257020617267756D656E742EB8
:1034A8002049742773207265636F6D6D656E64655E
:1034B8006420746F206361737420697420746F20B2
:1034C800766F6964202A2062656361757365206977
:1034D80074206D6179206361757365206D6973620D
:1034E80065686176696F7220696E206365727461C0
:1034F800696E20636F6E66696775726174696F6E55
:10350800732E20537472696E673A222573222061E4
:103518007267756D656E743A2564006362707269CE
:103528006E74665F7061636B616765007379735F62
:103538006765746F7074006C6F6767696E67006C9D
:103548006F67006C6F675F6D676D74004D657373AF
:10355800616765202822257322292064726F7070A4
:103568006564206265636175736520697420657898
:1035780063656564732073697A65206C696D697425
:103588006174696F6E2028257529004D6573736114
:1035980067652064726F7070656420626563617529
:1035A8007365206974206578636565647320736941
:1035B8007A65206C696D69746174696F6E2028255D
:1035C8007529000D0A001B5B306D005B2530386CD7
:1035D800755D20005B253032753A253032753A2505
:1035E8003032752E253033752C253033755D20002B
:1035F8003C25733E200025732F0025733A200025B3
:103608003032782000202020007C001B5B313B33C7
:10361800316D001B5B313B33336D0065727200778F
:10362800726E00696E6600646267006B65726E6533
:103638006C004B65726E656C20636F6D6D616E64B6
:1036480073006379636C65733A2025752068772069
:103658006379636C65730A006379636C6573004B07
:1036680065726E656C206379636C65732E00556EA8
:1036780061626C6520746F20706172736520696E79
:103688007075742028657272202564290A00736C8D
:10369800656570006D7300557074696D653A202515
:1036A8006C6C75206D730A002D70002D2D7072657D
:1036B80074747900556E737570706F7274656420D8
:1036C8006F7074696F6E3A2025730A00757074699B
:1036D8006D653A20256C6C7520646179732C202502
:1036E8006C6C7520686F7572732C20256C6C752056
:1036F8006D696E757465732C20256C6C7520736507
:10370800636F6E64732C20256C6C75206D696C6C0E
:10371800697365636F6E64730A00757074696D65AB
:10372800004B65726E656C20757074696D652E202E
:1037380043616E2062652063616C6C656420776903
:10374800746820746865202D70206F72202D2D708C
:103758007265747479206F7074696F6E7300342E9B
:10376800342E30005A6570687972207665727369F4
:103778006F6E2025730A004B65726E656C20766546
:103788007273696F6E2E005468697320636F6D6D74
:10379800616E642069732064657072656361746525
:1037A80064206173206974206973206120647570D6
:1037B8006C69636174652E2055736520276C6F678B
:1037C80020656E61626C652720636F6D6D616E6444
:1037D8002066726F6D206C6F6767696E6720636F14
:1037E8006D6D616E6473207365742E0A00556E6189
:1037F800626C6520746F207061727365206C6F67EE
:10380800207365766572697479202865727220253F
:1038180064290A00496E76616C6964206C6F6720C0
:103828006C6576656C3A2025640A00556E61626C99
:103838006520746F2066696E64206C6F6720736FF3
:10384800757263653A2025730A006C6F675F6C6553
:1038580076656C003C6D6F64756C65206E616D6596
:103868003E203C73657665726974792028302D3462
:10387800293E00746872656164004B65726E656C00
:1038880020746872656164732E005363686564759B
:103898006C65723A2025752073696E6365206C61CA
:1038A80073742063616C6C0A005468726561647398
:1038B8003A0A004E41002573257020252D313073BA
:1038C8000A00096F7074696F6E733A203078257832
:1038D8002C207072696F726974793A20256420749B
:1038E800696D656F75743A20256C6C640A000973FC
:1038F800746174653A2025732C20656E7472793A68
:103908002025700A00556E61626C6520746F206412
:10391800657465726D696E6520756E757365642072
:10392800737461636B2073697A6520282564290A9A
:103938000A0009737461636B2073697A6520257ABC
:10394800752C20756E7573656420257A752C207525
:103958007361676520257A75202F20257A752028C0
:103968002575202525290A0A004C697374206B6582
:10397800726E656C20746872656164732E002570C0
:103988002049525120253032642025732872656100
:103998006C2073697A652025347A75293A09756E21
:1039A800757365642025347A7509757361676520B8
:1039B80025347A75202F2025347A75202825327AE7
:1039C80075202525290A00257020252D33327320DE
:1039D800287265616C2073697A652025347A7529A7
:1039E8003A09756E757365642025347A750975739F
:1039F8006167652025347A75202F2025347A752053
:103A080028253275202525290A00737461636B7394
:103A1800004C6973742074687265616473207374F0
:103A280061636B2075736167652E00546872656108
:103A380064204944202570206973206E6F742076B5
:103A4800616C69640A004572726F723A5368656CFA
:103A58006C207468726561642063616E6E6F742097
:103A680062652073757370656E6465640A005468D6
:103A7800726561642025702073757370656E646566
:103A8800640A0073757370656E64006B65726E65A9
:103A98006C207468726561642073757370656E64F8
:103AA800203C7468726561645F69643E00457272A7
:103AB8006F723A5368656C6C207468726561642033
:103AC80063616E6E6F7420626520726573756D65D3
:103AD800640A0054687265616420257020726573F9
:103AE800756D65640A00726573756D65006B657246
:103AF8006E656C2074687265616420726573756D9B
:103B080065203C7468726561645F69643E00457253
:103B1800726F723A5368656C6C2074687265616480
:103B28002063616E6E6F74206265206B696C6C65D2
:103B3800640A000A20546872656164202570206B4D
:103B4800696C6C65640A006B696C6C006B65726EFD
:103B5800656C20746872656164206B696C6C203CCC
:103B68007468726561645F69643E00446576696380
:103B78006520756E6B6E6F776E20282573290A0095
:103B880044657669636520257320697320616C72CA
:103B98006561647920696E697469616C697A6564C4
:103BA8000A0044657669636520257320696E697427
:103BB80069616C697A6174696F6E206661696C65A8
:103BC800642077697468206572723D25640A004430
:103BD800657669636520257320696E697469616C0F
:103BE800697A6564207375636365737366756C6C55
:103BF800790A0052454144590044495341424C45D1
:103C08004400646576696365733A0A005B25705DF4
:103C1800002D2025730020204454206E6F646520F9
:103C28006C6162656C733A0044657669636520630C
:103C38006F6D6D616E6473004D616E75616C6C794A
:103C480020696E697469616C697A652061206465B0
:103C580076696365004C69737420636F6E66696783
:103C68007572656420646576696365732C2077696D
:103C7800746820616E206F7074696F6E616C206665
:103C8800696C746572005B3C64657669636520667F
:103C9800696C7465723E5D00496E76616C6964207A
:103CA800686F75720A00496E76616C6964206D6987
:103CB8006E7574650A00496E76616C696420736577
:103CC800636F6E640A00496E76616C6964206D6F7B
:103CD8006E74680A00496E76616C69642064617963
:103CE8000A004661696C656420746F2063616C63C7
:103CF800756C617465207365636F6E647320736996
:103D08006E63652045706F63680A00436F756C6465
:103D1800206E6F7420736574206461746520256457
:103D28000A0025642D253032752D25303275202561
:103D38003032753A253032753A253032752055546F
:103D4800430A0064617465004461746520636F6DA3
:103D58006D616E6473005B592D6D2D645D203C4868
:103D68003A4D3A533E00676574005B6E6F6E655D51
:103D7800005573696E6720646174612077696474A3
:103D8800682025640A00496E636F72726563742047
:103D9800646174612077696474680A0052656164BB
:103DA8002076616C7565203078256C6C780A005730
:103DB800726974696E672076616C75652030782544
:103DC8006C6C780A00696E76616C69642061646461
:103DD8007220272573270A00696E76616C69642052
:103DE80073697A6520272573270A00696E76616CE6
:103DF800696420776964746820272573270A00613D
:103E08003A733A773A00272D61203C616464726501
:103E180073733E27206973206D616E6461746F72DD
:103E2800790A00272D73203C73697A653E2720693B
:103E380073206D616E6461746F72790A00496E63F4
:103E48006F72726563742064617461207769647449
:103E5800683A2025750A006465766D656D206C6F7B
:103E6800616420737570706F7274732073657474F5
:103E7800696E6720627970617373206F6E206120AC
:103E880073696E676C6520696E7374616E63652E05
:103E98000A004C6F6164696E672E2E2E0A70726577
:103EA8007373206374726C2D78206374726C2D7137
:103EB80020746F206573636170650A004E756D62CA
:103EC8006572206F6620627974657320726561641B
:103ED8003A2025640A002D2D002D6500556E6B6E65
:103EE8006F776E206F7074696F6E20222573220AB7
:103EF800006465766D656D00526561642F7772693F
:103F0800746520706879736963616C206D656D6F85
:103F180072790A55736167653A0A52656164206D62
:103F2800656D6F7279206174206164647265737362
:103F38002077697468206F7074696F6E616C207780
:103F4800696474683A0A6465766D656D203C6164DD
:103F580064726573733E205B3C77696474683E5D88
:103F68000A5772697465206D656D6F727920617486
:103F780020616464726573732077697468206D6169
:103F88006E6461746F727920776964746820616EF9
:103F9800642076616C75653A0A6465766D656D2096
:103FA8003C616464726573733E203C77696474682D
:103FB8003E203C76616C75653E0064756D700055F9
:103FC800736167653A0A6465766D656D2064756D21
:103FD80070202D61203C616464726573733E202DEE
:103FE80073203C73697A653E205B2D77203C7769A6
:103FF8006474683E5D0A006C6F61640055736167A4
:10400800653A0A6465766D656D206C6F6164205B46
:104018006F7074696F6E735D205B61646472657341
:10402800735D0A4F7074696F6E733A0A2D65096C77
:104038006974746C652D656E6469616E2070617257
:1040480073650052582072696E67206275666665EE
:10405800722066756C6C2E007368656C6C2E7368C4
:10406800656C6C5F7561727400756172743A7E2458
:1040780020007368656C6C5F756172745F62616360
:104088006B656E6400537562636F6D6D616E64730A
:104098003A0A006E6F74207465726D696E6174659A
:1040A800643A2025630A00506C656173652073705B
:1040B8006563696679206120737562636F6D6D61F0
:1040C8006E642E0A004572726F723A2072657175BD
:1040D8006573746564206D756C7469706C652066B1
:1040E800756E6374696F6E20657865637574696F42
:1040F8006E730A003A20636F6D6D616E64206E6F97
:104108007420666F756E6400546F6F206D616E79F0
:1041180020617267756D656E747320696E207468AE
:104128006520636F6D6D616E642E0A0025733A20F9
:1041380077726F6E6720706172616D657465722049
:10414800636F756E740A005741524E494E473A20C4
:1041580041207072696E7420726571756573742080
:10416800776173206465746563746564206F6E207D
:104178006E6F7420616374697665207368656C6C12
:10418800206261636B656E642E0A000A25732573CD
:1041980000506C6561736520707265737320746874
:1041A80065203C5461623E20627574746F6E2074A1
:1041B8006F2073656520616C6C20617661696C6144
:1041C800626C6520636F6D6D616E64732E0A0059B1
:1041D8006F752063616E20616C736F207573652045
:1041E800746865203C5461623E20627574746F6E19
:1041F80020746F2070726F6D7074206F72206175FB
:10420800746F2D636F6D706C65746520616C6C20C4
:10421800636F6D6D616E6473206F722069747320B3
:10422800737562636F6D6D616E64732E0A00596FEA
:10423800752063616E2074727920746F2063616CDD
:104248006C20636F6D6D616E64732077697468208C
:104258003C2D683E206F72203C2D2D68656C703EA9
:1042680020706172616D6574657220666F72206D71
:104278006F726520696E666F726D6174696F6E2EFC
:104288000A000A5368656C6C20737570706F7274DD
:104298007320666F6C6C6F77696E67206D657461EB
:1042A8002D6B6579733A0A20204374726C202B2099
:1042B8002861206B65792066726F6D3A20616263B0
:1042C8006465666B6C6E70747577290A2020416C82
:1042D8007420202B202861206B65792066726F6D11
:1042E8003A206266290A506C6561736520726566BA
:1042F800657220746F207368656C6C20646F6375D9
:104308006D656E746174696F6E20666F72206D6F73
:1043180072652064657461696C732E0A000A4176BF
:1043280061696C61626C6520636F6D6D616E647349
:104338003A0A00253038583A20007C0A0050726941
:104348006E7473207468652068656C70206D657381
:10435800736167652E001B5B25642563001B5B3159
:104368003B3325646D001B5B34303325646D005589
:10437800736167653A20257320002573252D2A73FC
:10438800002D68002D2D68656C70004C6F737420CB
:104398006C6F67733A20256C750A004163746976FF
:1043A80065207368656C6C206261636B656E64730D
:1043B8003A0A0020202532642E203A257320282529
:1043C80073290A005B2533645D2025730A00207574
:1043D8006E6B6E6F776E20706172616D6574657259
:1043E8003A200025733A257325730A004563686FE0
:1043F800207374617475733A2025730A004E6F2018
:10440800726573706F6E73652066726F6D20746865
:1044180065207465726D696E616C2C2061737375AB
:104428006D65642038307832342073637265656E48
:104438002073697A650A0072657476616C0050723F
:10444800696E742072657475726E2076616C75651C
:10445800206F66206D6F737420726563656E7420BB
:10446800636F6D6D616E6400726573697A65004390
:104478006F6E736F6C652067657473207465726DF9
:10448800696E616C2073637265656E2073697A6505
:10449800206F7220617373756D6573206465666142
:1044A800756C7420696E206361736520746865207B
:1044B800726561646F7574206661696C732E20493A
:1044C80074206D75737420626520657865637574F2
:1044D800656420616674657220656163682074652F
:1044E800726D696E616C20776964746820636861B5
:1044F8006E676520746F20656E7375726520636FD3
:104508007272656374207465787420646973706C62
:1045180061792E00686973746F727900436F6D6DED
:10452800616E6420686973746F72792E00557365C3
:1045380066756C2C206E6F7420556E69782D6C69C9
:104548006B65207368656C6C20636F6D6D616E645C
:10455800732E00436C6561722073637265656E2EFD
:104568000072656D0049676E6F7265206C696E65D3
:104578007320626567696E6E696E67207769746813
:10458800202772656D20270064656661756C74006C
:10459800417373756D6520383020636861727320CC
:1045A80073637265656E20776964746820616E64F0
:1045B8002073656E64207468697320736574746908
:1045C8006E6720746F20746865207465726D696EFB
:1045D800616C2E006261636B656E6473004C697375
:1045E8007420616374697665207368656C6C2062F9
:1045F80061636B656E64732E0A006261636B73702E
:104608006163655F6D6F646500546F67676C6520F3
:104618006261636B7370616365206B6579206D6F90
:1046280064652E0A536F6D65207465726D696E61DD
:104638006C7320617265206E6F742073656E646997
:104648006E6720736570617261746520657363615C
:10465800706520636F646520666F72206261636BAA
:10466800737061636520616E642064656C65746550
:1046780020627574746F6E2E205468697320636F9E
:104688006D6D616E6420666F726365732073686513
:104698006C6C20746F20696E74657270726574201A
:1046A80064656C657465206B65792061732062614F
:1046B800636B73706163652E00636F6C6F72730058
:1046C800546F67676C6520636F6C6F7265642073E5
:1046D800796E7461782E00767431303000546F67CB
:1046E800676C6520767431303020636F6D6D616E54
:1046F80064732E0070726F6D707400546F67676C0E
:10470800652070726F6D70742E006563686F005459
:104718006F67676C65207368656C6C206563686F8C
:104728002E007374617473005368656C6C20737425
:1047380061746973746963732E006261636B73706B
:104748006163650053657420646966666572656EA9
:10475800742065736361706520636F646520666F9C
:1047680072206261636B737061636520616E64209F
:1047780064656C657465206B65792E0064656C658D
:10478800746500536574207468652073616D6520D5
:1047980065736361706520636F646520666F72205E
:1047A8006261636B737061636520616E6420646528
:1047B8006C657465206B65792E005265736574208D
:1047C8007368656C6C20737461746973746963735E
:1047D80020666F7220746865204C6F676765722069
:1047E8006D6F64756C652E0073686F77004765742C
:1047F800207368656C6C2073746174697374696381
:104808007320666F7220746865204C6F67676572E5
:10481800206D6F64756C652E0044697361626C6508
:10482800207368656C6C206563686F2E2045646929
:1048380074696E67206B65797320616E64206D659D
:1048480074612D6B65797320617265206E6F7420B9
:1048580068616E646C656400456E61626C652073A6
:1048680068656C6C206563686F2E004469736162CB
:104878006C652070726F6D70742E00456E61626C8D
:10488800652070726F6D70742E0044697361626C7C
:104898006520767431303020636F6D6D616E64739E
:1048A8002E00456E61626C6520767431303020636D
:1048B8006F6D6D616E64732E0044697361626C651F
:1048C80020636F6C6F7265642073796E7461782EE3
:1048D80000456E61626C6520636F6C6F7265642061
:1048E80073796E7461782E00436F6D6D616E64200C
:1048F80062756666657220697320746F6F207368CD
:104908006F727420746F20657870616E6420616CBA
:104918006C20636F6D6D616E6473206D6174636884
:10492800696E672077696C64636172642070617472
:104938007465726E3A2025730A0072302F61313A1D
:104948002020307825303878202072312F61323A93
:104958002020307825303878202072322F61333A81
:1049680020203078253038780072332F61343A208F
:1049780020307825303878207231322F69703A200B
:1049880020307825303878207231342F6C723A20F4
:10499800203078253038780020787073723A2020DB
:1049A800307825303878004661756C74696E6720F8
:1049B800696E737472756374696F6E206164647272
:1049C80065737320287231352F7063293A20307847
:1049D8002530387800556E68616E646C65642049CE
:1049E80052516E3A202564002A2A2A2A2A20555331
:1049F800414745204641554C54202A2A2A2A2A0054
:104A080020204469766973696F6E206279207A651F
:104A1800726F002020556E616C69676E6564206D49
:104A2800656D6F727920616363657373002020532D
:104A38007461636B206F766572666C6F772028638C
:104A48006F6E746578742061726561206E6F742072
:104A580076616C6964290020204E6F20636F707244
:104A68006F636573736F7220696E737472756374A4
:104A7800696F6E73002020496C6C6567616C206CEF
:104A88006F6164206F66204558435F524554555204
:104A98004E20696E746F205043002020496C6C656D
:104AA80067616C20757365206F66207468652045A2
:104AB800505352002020417474656D707420746FD7
:104AC800206578656375746520756E646566696EC2
:104AD800656420696E737472756374696F6E002AF9
:104AE8002A2A2A2A204D5055204641554C54202A1E
:104AF8002A2A2A2A002020537461636B696E672072
:104B08006572726F722028636F6E746578742061A5
:104B1800726561206D69676874206265206E6F74C4
:104B28002076616C696429002020556E7374616376
:104B38006B696E67206572726F7200202044617421
:104B480061204163636573732056696F6C61746992
:104B58006F6E0020204D4D464152204164647265BD
:104B680073733A2030782578002020496E73747268
:104B7800756374696F6E204163636573732056694A
:104B88006F6C6174696F6E002020466C6F61746988
:104B98006E672D706F696E74206C617A79207374FA
:104BA80061746520707265736572766174696F6E81
:104BB800206572726F72002A2A2A2A2A20425553C7
:104BC800204641554C54202A2A2A2A2A00202053BC
:104BD8007461636B696E67206572726F7200202062
:104BE80050726563697365206461746120627573CE
:104BF800206572726F720020204246415220416443
:104C080064726573733A2030782578002020496DE6
:104C1800707265636973652064617461206275737D
:104C2800206572726F72002020496E73747275630A
:104C380074696F6E20627573206572726F72002AD4
:104C48002A2A2A2A20534543555245204641554C85
:104C580054202A2A2A2A2A00202041646472657373
:104C6800733A2030782578002020496E76616C6987
:104C78006420656E74727920706F696E74002020EC
:104C8800496E76616C696420696E746567726974CF
:104C980079207369676E6174757265002020496EAA
:104CA80076616C696420657863657074696F6E20DD
:104CB80072657475726E0020204174747269627531
:104CC80074696F6E20756E69742076696F6C617493
:104CD800696F6E002020496E76616C696420747279
:104CE800616E736974696F6E0020204C617A792057
:104CF8007374617465207072657365727661746926
:104D08006F6E0020204C617A79207374617465207D
:104D18006572726F720052657365727665642045BC
:104D28007863657074696F6E2028005370757269B6
:104D38006F757320696E7465727275707420284976
:104D48005251200020205320696E73747275637469
:104D5800696F6E20616464726573733A20203078DD
:104D68002578002A2A2A2A2A2048415244204641E6
:104D7800554C54202A2A2A2A2A00202042757320BA
:104D88006661756C74206F6E20766563746F72202F
:104D98007461626C652072656164002020446562FC
:104DA8007567206576656E740020204661756C74A1
:104DB80020657363616C6174696F6E202873656523
:104DC8002062656C6F772900415243485F4558431C
:104DD800455054207769746820726561736F6E203E
:104DE80025780A002A2A2A2A2A204465627567201B
:104DF8006D6F6E69746F7220657863657074696F22
:104E08006E202A2A2A2A2A002A2A2A2A2A202573B0
:104E180020256429202A2A2A2A2A006D707500462E
:104E280061696C656420746F20616C6C6F63617478
:104E380065206E6577204D505520726567696F6EE5
:104E48002025750A00506172746974696F6E202597
:104E5800753A20636F686572656E6365206368657F
:104E6800636B206661696C65642E00496E76616CBF
:104E7800696420756E6465726C79696E6720726505
:104E880067696F6E20696E64657820257500464CE9
:104E98004153485F30005352414D5F30006E657496
:104EA8005F627566006E65745F6275665F73696DD3
:104EB800706C650052656D6F74652077616B657500
:104EC800702066656174757265206E6F74207375E5
:104ED80070706F727465640052656D6F74652077C9
:104EE800616B6575702066656174757265206E6F9B
:104EF8007420656E61626C6564206F72206E6F74D9
:104F08002073757370656E64656400555342206440
:104F1800657669636520737570706F727420697344
:104F280020616C726561647920696E697469616C6D
:104F3800697A656400555342206465766963652023
:104F4800636F6E74726F6C6C6572206973206E6F1C
:104F580074207265616479005553422064657669EE
:104F6800636520737570706F7274206973206E6F3B
:104F78007420696E697469616C697A656400555357
:104F8800422064657669636520737570706F72740A
:104F980020697320616C726561647920656E616255
:104FA8006C6564004661696C656420746F20656E89
:104FB80061626C6520636F6E74726F6C6C657200F1
:104FC80042756666657220707265616C6C6F6361AC
:104FD80074696F6E206661696C6564005553422080
:104FE80064657669636520737570706F7274206983
:104FF8007320616C72656164792064697361626CA5
:105008006564004661696C656420746F207265731D
:10501800657420636F6E66696775726174696F6E17
:10502800004661696C656420746F2064697361620D
:105038006C65205553422064657669636500466156
:10504800696C656420746F2073687574646F776E1B
:105058002055534220646576696365004661696C32
:10506800656420746F20707572676520656E647062
:105078006F696E7420717565756573007573626408
:105088005F64657600757362645F64657363004688
:1050980061696C656420746F20656E7175657565EE
:1050A8002053746174757320494E20627566666575
:1050B80072004661696C656420746F20656E717555
:1050C800657565205345545550206275666665724E
:1050D8000043616E206F6E6C792068616E646C6548
:1050E80020636F6E74726F6C20726571756573746E
:1050F80073004D616C666F726D65642073657475BD
:1051080070207061636B657400556E6578706563B7
:1051180074656420627566666572206C696E6B657D
:105128006420746F207365747570004661696C65DE
:105138006420746F207365742064657669636520E4
:1051480061646472657373203078257800466169FC
:105158006C656420746F2073657420636F6E666974
:105168006775726174696F6E2025752C202564003F
:10517800436F6E66696775726174696F6E206465E6
:105188007363726970746F72202575206E6F742056
:10519800666F756E64004857494E464F206E6F74AF
:1051A80020696D706C656D656E746564206F722022
:1051B800656E61626C6564004661696C6564207443
:1051C8006F20656E717565756520537461747573AC
:1051D800204F555420627566666572004661696C99
:1051E800656420746F20656E61626C652054455358
:1051F800545F4D4F444520257500757362645F63A5
:1052080068390075736264004661696C656420746E
:105218006F20676574206366675F6E642C20646521
:10522800737069746520636F6E666967757265640B
:1052380020737461746500556E7265636F7665726C
:1052480061626C65206572726F722025642C20651E
:1052580070203078253032782C20627566202570D1
:10526800004661696C656420746F207365742064FE
:10527800656661756C74206164647265737320611E
:105288006674657220627573207265736574004672
:1052980061696C656420746F207365742064656649
:1052A80061756C74207374617465206166746572CD
:1052B80020627573207265736574005544432065D8
:1052C80072726F72206576656E74004661696C65EE
:1052D8006420746F20696E697420646576696365FB
:1052E80020647269766572004661696C6564207431
:1052F8006F20636C65616E75702072656769737481
:105308006572656420636C61737365732C20256412
:10531800004661696C656420746F20636C65616E1A
:1053280075702064657363726970746F72732C2072
:10533800256400757362645F636F726500456E640F
:10534800706F696E6720307825303278206E6F7400
:105358002061737369676E6564004661696C656492
:1053680020746F2061737369676E20656E64706F57
:10537800696E742061646472657373657300466155
:10538800696C656420746F20696E697469616C6901
:105398007A6520636C61737320696E7374616E63E0
:1053A80065004661696C656420746F20696E697474
:1053B80020465320636F6E66696775726174696F02
:1053C8006E20257500757362645F696E69740046A6
:1053D800656174757265206E6F7420737570706F77
:1053E8007274656420627920636F6E74726F6C6C7E
:1053F800657200555342206465766963652073754C
:1054080070706F727420697320696E697469616C59
:10541800697A656400537461636B207761732063F4
:105428006F6D70696C656420776974686F75742036
:10543800486967682D537065656420737570706F6F
:10544800727400465320636F6E66696720616C72E0
:1054580065616479206F6E204853206C697374000D
:10546800556E737570706F7274656420636F6E66C5
:10547800696775726174696F6E2073706565640021
:10548800436F6E66696775726174696F6E20257502
:105498002072652D696E7365727465640046616972
:1054A8006C656420746F2061646420636F6E666944
:1054B8006775726174696F6E20737472696E6720A4
:1054C80064657363726970746F7200757362645F88
:1054D8006366670055534220646576696365206397
:1054E8006C617373202573206E6F7420666F756E00
:1054F80064004E6F20636F6E6669677572617469C8
:105508006F6E20736574202841646472657373201C
:1055180073746174652900436C61737320696E73D9
:1055280074616E636520616C72656164792072656F
:10553800676973746572656400436C617373207284
:1055480065676973746572656420746F206F746829
:10555800657220636F6E7465787420617420646965
:1055680066666572656E7420737065656400436C69
:1055780061737320696E7374616E6365206E6F74F6
:105588002072656769737465726564007573626417
:105598005F636C617373004661696C656420746F46
:1055A8002068616E646C65206F702025642C20650E
:1055B80070203078253032782C20626D20307825A4
:1055C8003038782C20256400757362645F696661E1
:1055D8006365006465766963652069732073757314
:1055E80070656E646564005365742068616C74202E
:1055F800307825303278206661696C656400436CC8
:105608006561722068616C742030782530327820AA
:105618006661696C656400757362645F65700075C6
:105628007362645F6D7367006465763A20466169EA
:105638006C656420746F2077616B65757020726586
:105648006D6F74652025640A006465763A2052659A
:10565800717565737465642072656D6F7465207704
:10566800616B6575700A006465763A206661696CDD
:10567800656420746F2072656D6F7665205553429E
:1056880020636C6173732025732066726F6D2063CD
:105698006F6E66696775726174696F6E2025732015
:1056A80025750A006465763A2072656D6F766564C3
:1056B8002055534220636C617373202573206672F2
:1056C8006F6D20636F6E66696775726174696F6E5E
:1056D8002025732025750A006465763A206661697D
:1056E8006C656420746F20726567697374657220D5
:1056F80055534220636C61737320257320746F20A7
:10570800636F6E66696775726174696F6E20257361
:105718002025750A006465763A2072656769737496
:1057280065722055534220636C6173732025732082
:10573800746F20636F6E66696775726174696F6EE6
:105748002025732025750A006465763A206C696DFA
:10575800697420624D6178506F7765722076616C4C
:10576800756520746F2025750A006465763A206691
:1057780061696C656420746F2073657420636F6E53
:1057880066696775726174696F6E20257520624D50
:105798006178506F7765722076616C756520746FDB
:1057A8002025750A006465763A2073657420636F56
:1057B8006E66696775726174696F6E2025752062FF
:1057C8004D6178506F7765722076616C75652074CD
:1057D8006F2025750A006465763A206661696C65F4
:1057E8006420746F2061646420636F6E66696775F6
:1057F800726174696F6E2025730A006465763A20B9
:105808006661696C656420746F20736574206465D3
:105818007669636520636F646520747269706C656E
:1058280020746F2025782025782025780A00646563
:10583800763A207365742064657669636520636FC2
:10584800646520747269706C6520746F20257820F7
:1058580025782025780A006465763A206661696CA7
:10586800656420746F207365742064657669636568
:105878002062636455534220746F2025780A0064BF
:1058880065763A207365742064657669636520627D
:10589800636455534220746F2025780A0064657646
:1058A8003A206661696C656420746F2073657420A2
:1058B80064657669636520696456656E646F7220F5
:1058C800746F2025780A006465763A206661696CF1
:1058D800656420746F2073657420646576696365F8
:1058E80020696450726F6475637420746F20257822
:1058F8000A006465763A204661696C656420746FB5
:105908002073687574646F776E205553420A00647B
:1059180065763A2055534220636F6D706C657465E7
:105928006C792064697361626C65640A00646576E9
:105938003A204661696C656420746F2064697361FC
:10594800626C65205553420A006465763A205553C7
:10595800422064697361626C65640A006465763A22
:105968002055534220616C726561647920656E61CF
:10597800626C65640A006465763A204661696C6504
:105988006420746F20656E61626C65205553422CEB
:10599800206572726F722025640A006465763A2069
:1059A80055534220656E61626C65640A00646576D1
:1059B8003A2055534220616C726561647920696EA2
:1059C800697469616C697A65640A006465763A206D
:1059D8004661696C656420746F20696E69746961D9
:1059E8006C697A6520646576696365207375707083
:1059F8006F727420282564290A006465763A205558
:105A0800534220696E697469616C697A65640A0039
:105A18006465763A204661696C656420746F20611C
:105A280064642064656661756C7420737472696E51
:105A3800672064657363726970746F72732C2025B4
:105A4800640A006465763A2061646465642064656C
:105A58006661756C7420737472696E67206465730F
:105A680063726970746F72730A006465763A2073A2
:105A7800656C656374202573206173206D792055EA
:105A880053422064657669636520636F6E74657838
:105A9800740A006465763A206661696C65642074EE
:105AA8006F2073656C6563742025730A00646576DE
:105AB8003A204661696C656420746F2061646420D3
:105AC800485320636F6E66696775726174696F6E9B
:105AD8000A006465763A204661696C656420746FD3
:105AE8002061646420465320636F6E66696775722F
:105AF8006174696F6E0A006465763A206661696C44
:105B0800656420746F2072656769737465722046D6
:105B18005320257320282564290A006465763A20D5
:105B280072656769737465722046532025730A008D
:105B38006465763A206661696C65642073657420D3
:105B4800636F6E66696775726174696F6E2025751B
:105B58002052656D6F74652057616B657570207490
:105B68006F2025750A006465763A20736574206392
:105B78006F6E66696775726174696F6E202575202E
:105B880052656D6F74652057616B65757020746F11
:105B98002025750A006465763A206661696C65643B
:105BA80020746F20736574206174747269627574EF
:105BB800652053656C662D706F7765726564207417
:105BC8006F2025750A006465763A20736574206332
:105BD8006F6E66696775726174696F6E20257520CE
:105BE8006174747269627574652053656C662D7092
:105BF8006F776572656420746F2025750A005553A8
:105C0800422064657669636520737570706F72747D
:105C180020636F6D6D616E64730064656673747282
:105C28000064656663666700656E61626C65006442
:105C3800697361626C650073687574646F776E0070
:105C480073656C65637400636F6E6669670053699A
:105C5800676E616C732072656D6F74652077616B18
:105C680065757000436C61737320636F6D6D616E51
:105C7800647300436F6E66696775726174696F6EED
:105C880020636F6D6D616E64730053656C6563743A
:105C98007320636F6E746578742075736564206211
:105CA8007920746865207368656C6C003C555342B4
:105CB8002064657669636520636F6E746578742007
:105CC8006E616D653E0053687574646F776E20551C
:105CD80053422064657669636520737570706F72CE
:105CE800740044697361626C657320555342206483
:105CF800657669636520737570706F727400456EA0
:105D080061626C65732055534220646576696365EA
:105D180020737570706F727400496E697469616C74
:105D2800697A6573205553422064657669636520F6
:105D3800737570706F727400496E697469616C690B
:105D48007A65732064656661756C7420636F6E662E
:105D5800696775726174696F6E207769746820610C
:105D68006C6C20617661696C61626C6520636C6142
:105D78007373657300416464732064656661756C50
:105D88007420737472696E672064657363726970D6
:105D9800746F727300756E726567697374657200EB
:105DA800556E72656769737465727320636C61738D
:105DB8007320696E7374616E6365003C6E616D6516
:105DC8003E203C73706565643E203C636F6E666977
:105DD8006775726174696F6E2076616C75653E00D7
:105DE80052656769737465727320636C617373209D
:105DF800696E7374616E63650061646400706F77C7
:105E08006572007365742D7277757000636C6561D7
:105E1800722D727775700073656C66706F77657236
:105E2800656400627573706F776572656400436CB2
:105E3800656172732053656C662D706F776572208B
:105E480062697400536574732053656C662D706FB6
:105E58007765722062697400436C656172732052C1
:105E6800656D6F74652057616B6575702062697424
:105E780000536574732052656D6F74652057616BAC
:105E88006575702062697400536574732074686561
:105E980020624D6178506F776572003C737065655C
:105EA800643E203C636F6E66696775726174696FE2
:105EB8006E2076616C75653E203C624D6178506F4E
:105EC8007765723E0041646473206F6E65206F666B
:105ED80020746865207072652D646566696E6564F6
:105EE80020636F6E66696775726174696F6E73009F
:105EF8003C636F6E66696775726174696F6E206E58
:105F0800616D653E0070696400766964006263646F
:105F18005F757362005365747320646576696365A1
:105F280020636F646520747269706C65003C7370DF
:105F38006565643E203C4261736520436C61737300
:105F48003E203C537562436C6173733E203C507233
:105F58006F746F636F6C3E290053657473206465BA
:105F68007669636520555342207370656369666975
:105F7800636174696F6E2076657273696F6E003C39
:105F880073706565643E203C6263645553423E000D
:105F980053657473206465766963652056656E641D
:105FA8006F72204944003C696456656E646F723EA6
:105FB8000053657473206465766963652050726F59
:105FC80064756374204944003C696450726F647559
:105FD80063743E0073685F7564735F63747800660A
:105FE80073006873004653310048533100465332FA
:105FF800004853320046756E6374696F6E202573CE
:1060080020636F756C64206E6F7420626520666F04
:10601800756E640A0044697361626C6520257300BB
:1060280025732062756C6B207472616E736665727D
:10603800732063616E206265207375626D69747484
:1060480065642066726F6D20746865207368656C7E
:106058006C0A004661696C656420746F20616C6C21
:106068006F63617465206275666665720046616972
:106078006C656420746F20656E7175657565206246
:106088007566666572002573206973206E6F7420CB
:10609800656E61626C65640A0025732062756C6BBD
:1060A800204F555420656E64706F696E7420697353
:1060B80020627573790A002573206661696C6564CE
:1060C80020746F20616C6C6F6361746520747261F9
:1060D8006E736665720A002573206661696C656473
:1060E80020746F20656E7175657565207472616EB8
:1060F800736665720A0025732C206E6577207472AA
:10610800616E7366657220656E7175657565640A82
:1061180000486F73742D746F2D4465766963652C20
:1061280020774C656E677468202575207C20257A59
:106138007500436C617373207265717565737420A3
:1061480030782578206E6F7420737570706F727454
:106158006564004465766963652D746F2D486F73B7
:10616800742C20774C656E677468202575207C2018
:10617800257A750025732062756C6B20656E6470D6
:106188006F696E747320617265206175746F6D61DB
:10619800746963616C6C7920656E67616765640A10
:1061A80000456E61626C65202573005472616E73E0
:1061B800666572206570203078253032782C206C26
:1061C800656E20257A752063616E63656C6C656405
:1061D800005472616E736665722065702030782590
:1061E8003032782C206C656E20257A7520666169BE
:1061F8006C65640025732062756C6B20494E2065C0
:106208006E64706F696E7420697320627573790AA1
:10621800006C620055534220646576696365206CA2
:106228006F6F706261636B2066756E6374696F6E01
:1062380020636F6D6D616E64730062756C6B0062D4
:10624800756C6B20656E64706F696E7420636F6D1A
:106258006D616E6473006D616E75616C006F66666A
:1062680020206F6E00656E7175657565006F7574B9
:106278002020696E003C66756E6374696F6E206ECF
:10628800616D653E006C6F6F706261636B5F3000BB
:106298007573625F6C6F6F706261636B0054696DD8
:1062A800656F75742077616974696E6720666F72AF
:1062B800204549435F53594E43425553592062691B
:1062C800747320746F20636C65617200436C6F6334
:1062D8006B20636F6E74726F6C206F6E20666169DD
:1062E8006C656420666F72206D636C6B202564009A
:1062F800436C6F636B20636F6E74726F6C206F6E8C
:10630800206661696C656420666F722067636C6BD8
:1063180020256400696E746572727570742D636FE0
:106328006E74726F6C6C6572403434303161303029
:10633800300065696300696E74635F6D6368705FE0
:106348006569635F67310053707572696F75732093
:106358002573206576656E74006570203078253069
:10636800327820616C726561647920656E61626C57
:10637800656400456E64706F696E742030782530EE
:1063880032782076616C69646174696F6E20666129
:10639800696C65640065702030782530327820613A
:1063A8006C72656164792064697361626C6564000C
:1063B8004661696C656420746F20616C6C6F636101
:1063C8007465206E65745F62756620257A642C207A
:1063D8006570203078253032780075646300466136
:1063E800696C656420746F2072656769737465727F
:1063F80020656E64706F696E740065702030782552
:10640800303278206275666665722069732075730C
:1064180065642062792074686520636F6E74726F9A
:106428006C6C65720054696D656F7574207761696D
:1064380074696E6720666F722053575253542073E5
:10644800796E63004661696C656420746F206469C5
:106458007361626C6520636F6E74726F6C20656E19
:1064680064706F696E74004E6F206275666665723F
:1064780020666F72206570203078253032780045AC
:106488006E64706F696E74203078253032782062BF
:106498007573790057726F6E67206279746520632F
:1064A8006F756E7420257520666F7220736574751C
:1064B80070207061636B6574004661696C65642067
:1064C800746F20636F6E66696775726520555342F5
:1064D8002047434C4B3A202564004661696C65644B
:1064E80020746F20656E61626C65205553422047A9
:1064F800434C4B3A202564004661696C65642074FE
:106508006F20656E61626C6520555342204D434C87
:106518004B3A202564004661696C656420746F20DD
:106528006170706C792064656661756C742070693F
:106538006E6374726C2073746174652028256429F5
:10654800004661696C656420746F20656E61626CD9
:106558006520636F6E74726F6C20656E64706F690E
:106568006E740075736240343530326130303000FB
:1065780075736230007A65706879725F756463302C
:10658800007564635F6D6368705F67310025733AF7
:1065980020434C4F434B5F434F4E54524F4C5F5335
:1065A80055425359535F414C4C206973206E6F74A8
:1065B80020737570706F727465640025733A204992
:1065C8006E76616C69642073756273797374656D36
:1065D80020747970653D25640025733A20496E76EC
:1065E800616C696420696E7374616E6365202564EB
:1065F80020666F72207479706520256420286D618B
:1066080078202564290025733A20526563757273D2
:1066180069766520646570656E64656E637920646B
:10662800657465637465640025733A20496E766104
:106638006C696420504C4C20736F757263652064DC
:106648006570656E64656E63790025733A20496EDE
:1066580076616C69642047434C4B50494E20736FF8
:10666800757263652049440025733A204E554C4C99
:1066780020636F6E66696775726174696F6E2070EA
:106688006F696E7465720025733A20496E76616C85
:1066980069642073756273797374656D2074797099
:1066A800653D256420696E7374616E63653D25647C
:1066B8000025733A2044464C4C34384D53594E43C8
:1066C8002074696D656F7574206F6E2077726974B8
:1066D800696E67204F53434354524C5F44464C4CB9
:1066E8004354524C420025733A2044464C4C3438AB
:1066F8004D53594E432074696D656F7574206F6EE4
:106708002077726974696E67204F53434354524C23
:106718005F44464C4C4D554C0025733A2044464C3A
:106728004C34384D53594E432074696D656F7574F8
:10673800206F6E2077726974696E67204F534343E8
:1067480054524C5F44464C4C4354524C41002573C0
:106758003A2074696D656F7574206F6E2077726961
:1067680074696E672047434C4B5F5043484354520B
:106778004C5F4348454E5F4D736B0025733A204785
:10678800434C4B5F53594E43425553592074696DDE
:10679800656F7574206F6E2077726974696E6720F3
:1067A80047434C4B5F47454E4354524C5B25645D11
:1067B8000025733A20496E76616C696420737562AE
:1067C80073797374656D0025733A20556E7375700F
:1067D800706F727465642073756273797374656D14
:1067E80020747970650025733A2047434C4B474520
:1067F8004E302063616E6E6F742062652064697329
:1068080061626C65642028616C77617973204F4EF2
:10681800290025733A20504C4C5B25645D206C6F31
:10682800636B2074696D6564206F75740025733A15
:1068380020556E737570706F7274656420636C6F29
:10684800636B2073756273797374656D20747970E6
:10685800652025640025733A20436C6F636B204FD5
:106868004E206F7065726174696F6E206661696C25
:1068780065640025733A20436C6F636B204F4E208C
:1068880074696D656F75740025733A20584F5343CA
:106898002072656164792074696D6564206F757410
:1068A8000025733A20736B697070696E672064669F
:1068B8006C6C34386D5F696E69742C206173204488
:1068C800464C4C20697320616C7265616479206F55
:1068D8006E0025733A20736B697070696E67206467
:1068E800666C6C34386D5F696E69742C2061732036
:1068F800736F757263652067636C6B2D25642069FF
:1069080073206F66662E20284D6178696D756D203D
:10691800696E6974207265747279203D2025642936
:106928000025733A2044464C4C34384D53594E4355
:106938002074696D656F7574206F6E207772697445
:10694800696E672047434C4B5F5043484354524C51
:106958000025733A2044464C4C34384D207265610A
:1069680064792074696D6564206F75740025733AC5
:1069780020736B697070696E672064666C6C34385C
:106988006D5F696E69742C2061732044464C4C20FD
:1069980069732064726976696E672067636C6B300F
:1069A8002028435055290025733A20736F75726368
:1069B8006520636C6F636B202864726976696E6703
:1069C80020504C4C5F256429206973206F66662E21
:1069D80020284D6178696D756D20696E6974207223
:1069E80065747279203D202564290025733A207446
:1069F800696D656F7574206F6E2077726974696E42
:106A080067206672616374696F6E616C2064697671
:106A1800696465720025733A20535550435F535497
:106A2800415455532074696D656F7574206F6E20DD
:106A380077726974696E6720535550435F565245A3
:106A4800474354524C0025733A20736B6970706940
:106A58006E6720706C6C5F25645F6F75745F25646A
:106A68005F696E69742C20617320697420697320D2
:106A7800616C7265616479206F6E0025733A2073CA
:106A88006B697070696E6720706C6C5F25645F6FEE
:106A980075745F25645F696E69742C206173206466
:106AA800726976696E6720504C4C206973206F6656
:106AB800660025733A20736B697070696E67207879
:106AC8006F736333326B5F696E69742C2061732056
:106AD800697420697320616C7265616479206F6ED6
:106AE8000025733A204F534333324B4354524C20C2
:106AF80072656164792074696D6564206F757400CE
:106B080025733A20736B697070696E672067636CD0
:106B18006B67656E2D25645F696E69742C206173DF
:106B280020697420697320616C7265616479206FD3
:106B38006E0025733A20736B697070696E67206701
:106B4800636C6B67656E5F696E69742C2061732076
:106B5800736F75726365206F662067636C6B2D2594
:106B6800642C206973206F66662E20284D61786931
:106B78006D756D20696E6974207265747279203D37
:106B8800202564290025733A2047434C4B5F53590D
:106B98004E43425553592074696D656F7574206F63
:106BA8006E2077726974696E672047434C4B5F4368
:106BB80054524C4100636C6F636B40343430313253
:106BC80030303000636C6F636B00636C6F636B5FB6
:106BD8006D6368705F7069633332636B5F73675F9F
:106BE8006763006877696E666F5F6D6368705F677B
:106BF800310054696D656F75742077616974696EC9
:106C08006720666F7220554152542053594E4342B3
:106C180055535920636C65617200736572636F6DBB
:106C280040343530303230303000736572636F6D08
:106C38003500756172745F6D6368705F7365726348
:106C48006F6D5F67310048616C74696E6720737996
:106C58007374656D00556E6B6E6F776E206572721A
:106C68006F7200756E6B6E6F776E003E3E3E205AF7
:106C7800455048595220464154414C204552524FA4
:106C8800522025643A202573206F6E2043505520EA
:106C98002564004661756C7420647572696E67209E
:106CA800696E746572727570742068616E646C695F
:106CB8006E670A0043757272656E74207468726537
:106CC80061643A20257020282573290043505520F7
:106CD800657863657074696F6E00556E68616E647F
:106CE8006C656420696E7465727275707400537493
:106CF80061636B206F766572666C6F77004B6572A7
:106D08006E656C206F6F7073004B65726E656C20DA
:106D180070616E69630069646C65006D61696E001D
:106D28006F73002B0064756D6D7900736C65657009
:106D3800696E6700646561640061626F7274696E90
:106D4800670073757370656E64696E670071756549
:106D5800756564002A2A2A20426F6F74696E67205D
:106D68005A6570687972204F53206275696C642087
:106D7800353035313935343565313961202A2A2A9B
:106D88000A00737973776F726B7100286E756C6C7B
:106D980029002A666C6F61742A00206D657373611F
:106DA8006765732064726F70706564202D2D2D0DDA
:106DB8000A1B5B306D001B5B313B33316D2D2D2D74
:106DC8002000202D20002020001B5B366E00303173
:106DD8003233343536373839414243444546005A10
:106DE8006570687972205553424420666F6F6261FE
:106DF8007A005A45504859520006061F0500001FE0
:106E0800290C0C07033F3F3F3F3F3F3F3F1F3F3F9A
:106E18003F3F3F3F3F3F0300003F3F3F3F2F3F3F44
:106E280000000500000B380040636C6F636B5F6DFA
:106E38006368705F696E697400636C6F636B5F6F22
:106E48006E00636C6F636B5F6D6368705F6F6E007D
:106E5800636C6F636B5F6D6368705F6F666600631A
:106E68006C6F636B5F6765745F726174655F67639E
:106E78006C6B67656E00636C6F636B5F6D636870E6
:106E88005F6765745F7261746500636C6F636B5FE5
:106E9800636F6E6669677572655F67636C6B67655C
:106EA8006E00636C6F636B5F636F6E6669677572A4
:106EB800655F706C6C00636C6F636B5F636F6E66AD
:106EC80069677572655F64666C6C00636C6F636B91
:106ED8005F636865636B5F73756273797300636C76
:106EE8006F636B5F6D6368705F636F6E666967750C
:106EF800726500636C6F636B5F67636C6B67656E6D
:106F08005F696E697400636C6F636B5F786F73633E
:106F180033326B5F696E697400636C6F636B5F70AB
:106F28006C6C5F6F75745F696E697400636C6F6316
:106F38006B5F706C6C5F696E697400636C6F636B18
:106F48005F64666C6C34386D5F696E697400636C7D
:106F58006F636B5F786F73635F696E697400636CEE
:106F68006F636B5F6F6E5F706C6C000506070001E6
:106F7800000000002D75000C00000000000100005A
:106F880000000000000000000000000000000000F9
:106F980000000000000000000000000000000000E9
:106FA8004BD9000C010000000100000000000000A7
:106FB80000000000000000007039010C0100000012
:106FC8000100000085DF000C000000000100000047
:106FD8005404002064000020640000200000000029
:106FE8003C2A010C180D002000000000B5F6000C2A
:106FF8000000000000000000C404002000000000A1
:107008000000000000030300000000000000000072
:107018000003000000000000000000000002010062
:1070280000000000E76D010C2603000000000000CE
:10703800000000000001010000000000FA6D010CD2
:107048000E03000000000000000000000000000027
:1070580000000000F433010C0403000000000000ED
:10706800D602002000000000000000000000000020
:1070780000000000DF020020000000000000000007
:107088000000000000000000E802002000000000EE
:10709800000000000000000000000000F1020020D5
:1070A8000000000000000000000000008D62010CDC
:1070B80000000000D00100201432010C5001002013
:1070C800FA02002098010020600100200000000062
:1070D800FA020020020300202003002019030020E8
:1070E8002703002037030020300300203E03002040
:1070F800470300204E030020550300205E030020B4
:10710800650300206C030020FA020020020300201F
:10711800120300200B030020270300203703002060
:10712800300300203E030020470300204E030020C8
:10713800550300205E030020650300206C03002037
:107148000000000069FF000C597F000CFD7F000C57
:107158008D81000C0000000000000000000000000D
:107168001581000C817D000C71FF000C00000000EF
:107178006BFF000C00000000000000000000000091
:1071880000000000000000000000000000000000F7
:1071980000000000000000000000000000000000E7
:1071A80000000000000000000000000000000000D7
:1071B80000000000000000000000000000000000C7
:1071C80000000000000000000000000000000000B7
:1071D80000000000000000000000000000000000A7
:1071E8000000000000000000000000000000000097
:1071F8000000000000000000880200208802002033
:1072080000000000000000000E0000000000000068
:107218000000000000000000900E002000000000A8
:107228000000000000000000C8000000BC020020B0
:10723800BC02002012010002EF020140E32FFFFF11
:1072480004040000000009020000000100C0C80991
:10725800020000000100C0C809020000000100A0EF
:10726800C809020000000100A0C8080B0003FF00C5
:1072780000000904000002FF0000000705010240A9
:107288000000070581024000000705010200020016
:10729800070581020002000904010002FF00000046
:1072A80007050203400001070582034000010904A5
:1072B800020002FF00000007058301000001070526
:1072C80003010000010904020102FF000000070594
:1072D80083010001010705030100010100005B5C57
:0872E80000000000000000009E
:1072F000000000000000000000000000000000008E
:10730000000000000000000000000000000000007D
:10731000000000000000000000000000000000006D
:08732000000000000000000065
:047328000000000061
:10732C000000000000000000000000000000000051
:10733C000000000000000000000000000000000041
:10734C000000000000000000000000000000000031
:10735C000000000000000000000000000000000021
:10736C000000000000000000000000000000000011
:10737C000000000000000000000000000000000001
:10738C0000000000000000000000000000000000F1
:10739C0024040020240400200043002000000000EE
:0C73AC00080000001000000000000000BD
:1073B80000000000804300200010000000000000D2
:1073C8000000000000000000482900200002000022
:0873D8000000000000000000AD
:1073E00068040020680400200C0000000A0000006F
:1073F000884200200043002088420020884200206C
:08740000000000000000000084
:10740800900400209004002000000000010000000B
:107418000000000000000000A8040020A8040020CC
:10742800100010000A000000D903010C4032010CC2
:04743800805300205D
:10743C00DC5F010C000000000000000000000000F8
:10744C0000000000000000003420010C00000000CF
:10745C000000000000000000000000000000000020
:10746C000000000000000000000000000000000010
:10747C000000000000000000000000000000000000
:10748C0000000000000000000000000000000000F0
:10749C0000000000000000000000000000000000E0
:0C74AC00C40200200000000000000000EE
:1074B800000000003C010020000000000000000067
:0874C8000000000000000000BC
:0474D00015E015E0CE
:040000050C004AC9D8
:00000001FF
