:020000040800F2
:10000000782F00207D20000C3BA9000C6920000CFB
:100010006920000C6920000C6920000C6920000C8C
:10002000000000000000000000000000B120000CF3
:100030006920000C000000006122000C0D7C000C07
:10004000CD22000CCD22000CCD22000CCD22000CC4
:10005000CD22000CCD22000CCD22000CCD22000CB4
:10006000CD22000CCD22000CCD22000CCD22000CA4
:10007000CD22000CCD22000CCD22000CCD22000C94
:10008000CD22000CCD22000CCD22000CCD22000C84
:10009000CD22000CCD22000CCD22000CCD22000C74
:1000A000CD22000CCD22000CCD22000CCD22000C64
:1000B000CD22000CCD22000CCD22000CCD22000C54
:1000C000CD22000CCD22000CCD22000CCD22000C44
:1000D000CD22000CCD22000CCD22000CCD22000C34
:1000E000CD22000CCD22000CCD22000CCD22000C24
:1000F000CD22000CCD22000CCD22000CCD22000C14
:10010000CD22000CCD22000CCD22000CCD22000C03
:10011000CD22000CCD22000CCD22000CCD22000CF3
:10012000CD22000CCD22000CCD22000CCD22000CE3
:10013000CD22000CCD22000CCD22000CCD22000CD3
:10014000CD22000CCD22000CCD22000CCD22000CC3
:10015000CD22000CCD22000CCD22000CCD22000CB3
:10016000CD22000CCD22000CCD22000CCD22000CA3
:10017000CD22000CCD22000CCD22000CCD22000C93
:10018000CD22000CCD22000CCD22000CCD22000C83
:10019000CD22000CCD22000CCD22000CCD22000C73
:1001A000CD22000CCD22000CCD22000CCD22000C63
:1001B000CD22000CCD22000CCD22000CCD22000C53
:1001C000CD22000CCD22000CCD22000CCD22000C43
:1001D000CD22000CCD22000CCD22000CCD22000C33
:1001E000CD22000CCD22000CCD22000CCD22000C23
:1001F000CD22000CCD22000CCD22000CCD22000C13
:10020000CD22000CCD22000CCD22000CCD22000C02
:10021000CD22000CCD22000CCD22000CCD22000CF2
:10022000CD22000CCD22000CCD22000CCD22000CE2
:10023000CD22000CCD22000CCD22000CCD22000CD2
:10024000CD22000CCD22000CCD22000CCD22000CC2
:10025000CD22000CCD22000CCD22000CCD22000CB2
:10026000CD22000CCD22000CCD22000CCD22000CA2
:10027000CD22000CCD22000CCD22000CCD22000C92
:10028000CD22000CCD22000CCD22000CCD22000C82
:10029000CD22000CCD22000CCD22000CCD22000C72
:1002A000CD22000CCD22000CCD22000CCD22000C62
:0802B000CD22000CCD22000C50
:020000040C00EE
:1000000053B94AB9002908BF00281CBF4FF0FF317F
:100010004FF0FF3000F00CB8ADF1080C6DE904CEE4
:1000200000F01AF8DDF804E0DDE9022304B07047BF
:10003000704700BF10F8012B11F8013B012A28BFBF
:100040009A42F7D0D01A7047034613F8012B002AC2
:10005000FBD1181A013870472DE9F0478C468E46BF
:10006000089E154604461946002B40F0D080724584
:1000700047D9B2FA82F74FB1C7F120030EFA07FC55
:10008000BD40BC4020FA03F343EA0C0C4FEA154E86
:10009000A8B2230CBCFBFEF80EFB18CC08FB00F941
:1000A00043EA0C43994528D9EB1808F1FF3204D2F2
:1000B000994502D9A8F102022B44A3EB0903A4B28B
:1000C000B3FBFEFC0EFB1C330CFB00F044EA0344C4
:1000D000A04214D92C190CF1FF3304D2A04202D94A
:1000E000ACF102032C44241A43EA02401EB1FC4046
:1000F000002334607360BDE8F0874246DDE7634665
:10010000F1E7002A79D0B2FA82F3002B3FD01946EA
:10011000C1F1200302FA01F500FA01F42EFA03F20C
:100120000EFA01FE20FA03F3AFB243EA0E034FEAE0
:10013000154EB2FBFEFC0EFB1C201A0C0CFB07F844
:1001400042EA004290455AD9AA180CF1FF3004D275
:10015000904502D9ACF102002A44A2EB08029BB2FE
:10016000B2FBFEFC0EFB1C220CFB07F743EA02432A
:100170009F4246D9EB180CF1FF3204D29F4202D9BC
:10018000ACF102022B44DB1B42EA004202E0AEEB80
:10019000020301224FEA154EAFB2200CB3FBFEFC66
:1001A0000EFB1C330CFB07F840EA034398452AD9A1
:1001B000EB180CF1FF3004D2984502D9ACF10200E3
:1001C0002B44A3EB0803A4B2B3FBFEFC0EFB1C33D1
:1001D0000CFB07F744EA0344A74216D92C190CF18B
:1001E000FF3304D2A74202D9ACF102032C44E41B32
:1001F00043EA00400F46114678E71F2188E7604632
:10020000ABE76246BFE76046DBE76346EFE773456F
:1002100006D916B9002108466DE7C6E9000EF9E7D0
:10022000B3FA83F787B9734501D3824207D8841A9A
:100230006EEB030301209C461EB900215BE73846A4
:10024000FAE7C6E9004CF8E7C7F1200CBB4000FA1A
:1002500007F422FA0CF520FA0CF1BA401D432EFAED
:100260000CF30EFA07FE4FEA154941EA0E011FFA98
:1002700085FEB3FBF9F809FB18300B0C08FB0EFAEE
:1002800043EA00439A4540D9EB1808F1FF3004D205
:100290009A4502D9A8F102002B44A3EB0A0389B2C4
:1002A000B3FBF9F809FB183308FB0EFE41EA0341E2
:1002B0008E452CD9691808F1FF3304D28E4502D936
:1002C000A8F10203294443EA0040A1EB0E01A0FB80
:1002D00002984145CE46434602D306D14C4504D24E
:1002E0000138B9EB020E68EB0503002EA5D0B4EB84
:1002F0000E0261EB030101FA0CFC22FA07F3F9404C
:100300004CEA0303C6E9003197E74046C5E7434698
:10031000D9E7000037B50546364937480AF06DFC85
:10032000034638B1354A012135480AF039FA002030
:1003300003B030BD334930480AF05FFC034608B1D2
:10034000314AF0E731492C480AF057FC034608B11E
:100350002F4AE8E72F4928480AF04FFC034608B126
:100360002D4AE0E724480AF0AEFB012804461BD1E1
:1003700001462A4A204803F035FD28B1284A0121C8
:100380001F480AF004FAD2E7264B224621461A48B3
:1003900003F0A4FE034608B1234AF0E702460090AA
:1003A000214615480AF096FB0021204A124803F026
:1003B00019FD014608B11E4AE1E71A4B01220E4819
:1003C00003F08CFE03460028E6D101460246009069
:1003D00009480AF07FFB012107480AF09FFB0DB98D
:1003E0000548A5E7294604480AF096FE0028F7D0FC
:1003F000104AC4E7D00000203C04002026E5000C91
:1004000064E2000CB800002054E5000CA0000020BD
:1004100086E5000C88000020B3E5000C30000020C9
:10042000DBE5000C88E2000C02E6000C4400002032
:1004300021E6000C48E6000C08B5FFF76BFF40B161
:10044000064802F0ADFA30B10121054A05480AF02C
:100450009EF9002008BD0148FCE700BF3C040020D5
:100460006CE6000C64E2000C07B5C3888268991E34
:10047000092937D8DFE801F01F282F3636363636FF
:1004800036051D490B789AB143F001030B70002229
:100490000023194919480CF044FE20B10121184AE3
:1004A00018480AF074F90022134B5A709A701FE032
:1004B00023F00103EAE710490B7812B143F002037D
:1004C000E4E723F00203E1E7002AE0D00A4A537888
:1004D0000A335370DBE7002AD9D0074A93780A33EE
:1004E0009370D4E7032100920648074A0AF062F9A4
:1004F00003B05DF804FB00BF281300209403002024
:10050000DBE6000CBCE1000CB7E6000C07B50B46BF
:10051000022100920348044A0AF04CF9002003B07B
:100520005DF804FBBCE1000CF9E6000C98B50E4A3E
:1005300000AF0C1E8AB00D4B006818BF13466A4608
:1005400007930B4B0B4908930B4BCDE9051042F871
:10055000103F00234FF42351084800F091FF084B4F
:100560001C70BD4698BD00BF99E7000C95E7000CD4
:100570000002010323E7000C04000002BCE1000CB0
:100580002C130020B0B500AF424D28460CF0DEFC25
:100590000346A8B96C4688B029686A463E48CDE94A
:1005A00005014FF40071ADF81C103C4942F8101FD2
:1005B0004FF4E2513A4800F063FFA54600241DE0E5
:1005C0002A69A9681368284643F4801313600B68EE
:1005D000344A14219847034628B10121324A304851
:1005E0000AF0DEF8EAE731480CF0B0FC48B9012126
:1005F0002F4A2B480AF0CBF86FF004042046BD4682
:10060000B0BD34222B4B2C4928480AF045FE044645
:1006100030B101210346294A21480AF0C1F8EDE72B
:10062000FFF70AFF38B90121254A1D480AF0AFF843
:100630006FF01204E2E702F0F3F9044680B9214CAE
:100640004FF0FF334FF0FF321F49204807F02AFEDA
:1006500023785BB903211E4A11480AF098F8EFE7A6
:1006600001211C4A0E480AF092F8C7E70421164AF5
:100670000E480AF00EFE034628B10121164A08482A
:100680000AF08EF8DCE7AB684FF480115B69014833
:100690009847D5E748DB000C41E7000C0300000158
:1006A000BCE1000C010002005CE7000C9CDB000CCC
:1006B00087E7000CE8000020BE04010C9FE7000C57
:1006C000C1E7000C2C130020A00F00209403002091
:1006D00001E8000CE1E7000C1DE8000C2DE9F843EF
:1006E000884600AF00297DD005680122284609F020
:1006F000B4FA01460446284609F069FA10EA0206EF
:1007000016D1E94688B06A46384BCDE9053803234F
:1007100042F8103F4FF4C2513346354800F0B0FE66
:10072000CD4686F31188BFF36F8F0423184602DF8E
:100730002146284609F061FA26183146002228464B
:1007400009F045FA361AB44218D06E4688B06946A8
:10075000284BCDE90538032341F8103F24481346C0
:100760000A464FF4C25100F08BFE0023B54683F3D6
:100770001188BFF36F8F0423184602DF0022214641
:10078000284609F040FA214609F037FA26180122D6
:100790003146284609F01BFAC20708D431462846DC
:1007A00009F09DFA32462146284609F00FFB002247
:1007B0002146284609F00BFA261A0122314628461E
:1007C00009F005FAC30709D43146284609F087FA2B
:1007D00022463146284609F0F9FA34462146284691
:1007E00009F012FBBD46BDE8F88300BF8BE8000CA2
:1007F000E4E1000C62E8000C2DE9F04F91B00093A9
:1008000002F004030293C2F3C203013384070546D6
:100810000E46DDF868A00392059340F09C81041D0C
:10082000002849D101F00706341DC6F10806009BD7
:1008300000274FF004085A1E4FF0FF33B9460193CA
:10084000BB46434604970DB10099216005980028E6
:1008500000F3D6808F480099814203D38E488142AD
:10086000C0F0CE800399601B11F0020C40F0D680DE
:10087000B9F10F0F00F2CF80002D00F0D68009F102
:1008800040010DEB010E0199C0F387000EF8200C1A
:100890000EF8101CBCF1000F00F0C38060F07F0068
:1008A0000EF8200C013709F10109C5F108014FF6D6
:1008B000DA7E043406918CE00729B8D86FF01B006B
:1008C00011B0BDE8F08F7A285BD84B280FD84728A5
:1008D00057D829282ED8252850D052D8202818BFDC
:1008E00023280CBF4FF0010B4FF0000B71E04C3888
:1008F0002E2846D8DFE800F06D454545454545457D
:100900004545454548454545454545454556454880
:10091000485656566D486A456D4518481845457FF6
:100920007C48454548457C0000204FF0000B4FF0C7
:10093000040835E001212A38C0B201FA00F010EABB
:100940000E0F46D110F0625C2CD110EA010B40D0A2
:100950006046013C4444B4FBF8F408FB04F425B1C0
:10096000A3EB050CA444B445A8D8002870D0059981
:10097000013905915AF8041B009164E70199013986
:1009800001914FF0000B24E012F8010C6C2834D1D7
:10099000002012F8023C83466C2BC8D14FF00808A7
:1009A0004346D6E70AF1070A2AF0070A073424F07B
:1009B0000704FAE802BC35B106982044B0423FF67D
:1009C0007DAFC4E900BC4FF0000B08344FF00808BD
:1009D000434612F8010F002853D0BBF1000F7FF4FB
:1009E00072AF2528F5D14FF0010B019B0133019324
:1009F0004FF00408ECE7584697E700208346A8E745
:100A0000039988077FF551AF4FF0010C601BB0F5DB
:100A1000007FFFF42DAF6FF0150051E74FF0000C91
:100A2000F5E70498013004903DE7BCF1000F01D0D8
:100A3000013638E70298023600287FF434AF009878
:100A4000CDE90632FFF700FBDDE9063206442AE76E
:100A5000042B08D10AF1040015B1DAF80010216066
:100A600082460434B5E70AF1070323F0070303F1D4
:100A7000080A1DB1D3E90001C4E9000108230834C4
:100A8000A7E7631BB3F5806FC5D23DB9A6F1080493
:100A9000E01815E790DA000CD006010C029A9B08CA
:100AA00028602B709DF81030AAB1EB70AF702FB199
:100AB000002208A8C5F1010C91450ED14FF0000AA3
:100AC000C5F101030DF1200801930DF1300BD14563
:100AD00012D1601BF4E66B70E8E710F8013B1906D1
:100AE00008D50CEB040EB64503F07F033FF6E6AEE7
:100AF00004F8013B0132DFE71FB198F90020002A1A
:100B000017DB029BD3B11AF80B2004F8012B00224B
:100B1000019B18191044B0423FF6D0AE98F800007F
:100B2000009904F8010B204603920CF02EFF039A63
:100B300014440AF1010A08F10108C8E798F80020F6
:100B400055F822300093029B009845F82230FFF7B9
:100B50007BFA421CDCE76FF00D00B1E62DE9F04FA7
:100B600097B000AF05468A46C7E90A3249B903780B
:100B70004678807800EB83002844564524D8A0EBC3
:100B8000050AD7F8803095F8028003F00103D7F802
:100B90008040FB61EB78B8F1000F0CBF002404F03B
:100BA00001047B621BB1D7F880309A0715D4A4B931
:100BB000FB6A1BB151462846BA6A984756463046EA
:100BC0005C37BD46BDE8F08F441C2046FFF73CFA79
:100BD000013020440AF1010ACFE7D7F88030C3F38F
:100BE000C0033B622B78BB619B003B616B687B6100
:100BF000BB6905EB830BFB6A002B77D15646D844C3
:100C0000BCB11C461BF8013B55F82300FFF71CFA4A
:100C1000D7F88430013043B1D7F88830A34282BF7F
:100C2000D7F8843023F814000134C3450644E9D1D1
:100C3000D846D7F880304FF0000913F0050F0CBFED
:100C40004FF0020B4FF0010B7B6A9945B7D298F831
:100C5000013008F1020855F823A0AE4B9A45C0F0C8
:100C60004C81AD4B3A6A9A452CBF002301230AB34D
:100C700018F8021C7869FB6209F04AFAFB6AC8B1ED
:100C8000EA468AB06A46A54B05937B69CDE90631F1
:100C90004FF40073ADF82030A14B42F8103F002311
:100CA0004FF412519F4800F0EBFBD546023E09F18C
:100CB0000109C9E723B1FB6933B9A6EB0B06F6E7D7
:100CC000D7F880309B07F2D55046FFF7BDF9D7F82B
:100CD00084304BB1D7F888309C423FBFD7F884208E
:100CE000431C22F8143001340644E0E7002C6AD19A
:100CF000B8F1000F6DD0D7F8803058076CD5C146D9
:100D000007F14800424659460CF03FFE00220BEB2B
:100D10000803FB600233796A8A425FD3D7F88020E8
:100D200095F801B0F969920704EB0B0348BF002264
:100D3000DBB258BF4FEA5902002940F0A680D7F82D
:100D4000801011F0040F14BF494600216B70A97088
:100D5000EA702846BA6A3969FB6A9847061EFFF6A8
:100D60002EAFBB6949462B707B6ABA6AEB7085F877
:100D700001B0FB6A85F8028007F148009847B0F19E
:100D80000009C0F2B6803B697A6A786A03EB4201D7
:100D9000FB68414403EB4000BA6AFB6AAAEB01011D
:100DA00098470028C0F2A7804FF0000BB14409EB30
:100DB000000607F1380AA34569D30021BA6A08463C
:100DC000FB6A9847FBE644464FF0000907F13800FC
:100DD00098E74446C14699E7A14697E713F8016CA6
:100DE000DFF830C155F8260013F8021C6045C0F04A
:100DF0008A80DFF824C16045386A2CBF4FF0000BB1
:100E00004FF0010B38B17869C7E9013209F080F978
:100E1000D7E90132F0B9BBF1000F1ED0F96949B131
:100E2000611C04F1280007F13004041904F8206C57
:100E3000CCB20FE0D7F8801049070BD509F1280094
:100E400007F1300C09F1010100EB0C0909F8106CF5
:100E50005FFA81F9013202335DE7D7F8800080073D
:100E6000DED409F1280C07F1300EF44409F1010039
:100E70000CF8101C07F1580109F1020951FA80F031
:100E80005FFA89F900F8106CE4E700215EE71BF8CF
:100E90000A3055F8239087F83730D7F884302BB3D1
:100EA000D7F888309B4521D2D7F8843033F81B809F
:100EB0000121BA6AFB6A07F13700984700281ADB5C
:100EC0000644B8F1000F06D14846FFF7BDF800F11F
:100ED00001081FFA88F841464846BA6AFB6A9847F3
:100EE000002808DB06440BF1010B64E74FF0000813
:100EF000DEE74E4663E6064661E63B6A002B3FF4BA
:100F0000DFAE0023B4E6386A0028A6D04FF0000B0D
:100F100079E700BF90DA000CD006010CB8E8000CAD
:100F20000400000164E1000C014B1860704700BF31
:100F30000C01002080B505460E461746984608F07D
:100F4000C7F8034601F0D4F90446DFF8189042468A
:100F500049F8003039463046A84754F8090001F0F6
:100F600069F900BF080000002DE9F0470446074674
:100F70004FF00109DFF84C8094FAA4F5B5FA85F535
:100F800009FA05F32E0108EB05156FEA030A24EAB6
:100F900003042B7B63B158F806301B696BB94644D8
:100FA000736804222846196807EA0A0709F07FFBDC
:100FB000002CE1D13846BDE8F08728469847002844
:100FC000F6D1ECE76CE2000C10B5002288B00E49B7
:100FD0000E480CF055FC002200230024CDE9062326
:100FE0000E234FF44072CDE90334CDE90144084BA0
:100FF00008490094084807F055FD084906480CF0D8
:1010000038FA204608B010BD2110000C78090020E5
:101010002913000C38130020E804002077E9000CA5
:10102000014807F097BA00BFE40300202DE9F0471C
:10103000804620480F4609F016FB0646002832D0AD
:1010400000252846BDE8F087237B83B12368DB6851
:101050000BB120469847636883F8069023681B69A4
:10106000CBB9636804222046196809F020FB0136D9
:1010700010345445E8D3B8F1000FE2D0002DDFD092
:101080002846FFF771FF0546002FF7D000216420A6
:101090000CF0D4FAF2E7204698470028E1D009FA8C
:1010A00006F31D43E3E705464FF00109024CDFF864
:1010B0000CA0DEE7B40F00206CE2000C7CE2000C18
:1010C000014B53F820007047A4E2000C08B503461A
:1010D00008462BB1044A136000F032FC002008BD22
:1010E0006FF01500FBE700BF1001002010B5044CA5
:1010F000237813B9034807F02DFA0123237010BD9C
:101100002D130020E403002010B50446094809F01F
:10111000AAFA3CB1084BD3E8EF1F0139C3E8E21F3C
:10112000002AF8D1054808F05BFABDE810400448F1
:1011300007F010BAAC0F0020B00F00207809002093
:10114000E40300200022044BD3E8EF0FC3E8E12FB3
:101150000029F9D1704700BFAC0F002070B5FFF730
:10116000F1FF0546074C084EB44200D370BD6368DA
:101170005B792BB123685B6813B1294620469847F9
:101180001034F1E76CE2000C7CE2000C10B5044C6A
:101190000449204609F0E9F8034B1C6010BD00BF6C
:1011A0000003002090E2000CA40F002000230D4A51
:1011B00010B513700C4A4FF47A7113600B4A0C4847
:1011C0001360FFF783FFFFF7E1FF0A4B0A49184658
:1011D0008B4200D310BD1A1A5C68121101322271C1
:1011E0001033F5E72E130020AC0F0020B00F0020C5
:1011F00079A6000C6CE2000C7CE2000C0146002297
:101200000023014809F0D2B800030020014809F08A
:1012100069B900BF00030020024B0146186809F0BD
:10122000BCB900BFA40F0020014809F0F1B900BF0C
:101230000003002070B5254B1B78002B43D0FFF72F
:10124000E5FF044600283BD1214B224D1B68002BB3
:1012500012DD0CF0CDFA0A220023FEF7D1FED5E90B
:101260000032C01A40F2E93361EB0201984271F199
:10127000000101D3FFF772FFD5E9003213F57A734D
:1012800042F10002C5E90032ECB1BDE87040FFF761
:10129000CBBF6B685B7923B12B68214628461B685E
:1012A00098471035B542F4D32046FFF7B5FF0A4BF7
:1012B000D3E8EF1F0139C3E8E21F002AC4D0F7E7E3
:1012C000064D074EEEE7002070BD00BF2D13002035
:1012D000AC0F002070090020B00F00206CE2000C61
:1012E0007CE2000C70B50D4D297861B90120FFF743
:1012F0009DFE0B4C0B4EB44206D3FFF79BFF00281C
:10130000FBD101232B7070BD63685B791BB123682F
:1013100020469B6898471034EDE700BF2E1300204D
:101320006CE2000C7CE2000C00212DE9F843084639
:10133000FFF77CFE044648B34FF4FA784FF00009FB
:1013400000F0D6FF1A4B1B4A1B58136033B11A4BDF
:101350001B68092B02DD194807F0FCF80025184F1F
:1013600044B12046FFF700FE044618B94FF0FF389D
:101370004FF0FF39FFF75EFF064628B9B5B90F48B1
:1013800042464B4607F01AF93546E9E74FF0FF3879
:101390004FF0FF39D4E72B689B691BB10022284628
:1013A000114698471035BD42F5D3E8E7054DFAE7F9
:1013B00008000000A80F0020B00F0020E403002068
:1013C0007CE2000C6CE2000C13B5184809F04BF9F4
:1013D000174B1B7873B1EFF31184202383F312882A
:1013E000BFF36F8FFFF726FF84F31188BFF36F8F72
:1013F00002B010BD0F4B1B68002BF9D050B9002272
:1014000000230D48CDE9002342F21072002308F0BA
:10141000AFF8EDE70928EBD1074808F0E1F80748F5
:1014200002B0BDE8104007F095B800BFB00F002033
:101430002E130020A80F002078090020E4030020CC
:1014400010B5064B04461B6898472146A060044827
:1014500009F029F8BDE81040FFF7B6BF10010020E1
:1014600000030020044A054B9B1AB1EBD30F34BF95
:1014700052F831000020704764E1000C6CE2000C6F
:101480002DE9F04F8FB0C1F34A2604AF0D469046C8
:10149000B8607B600C0D002E61D04FF000090A236C
:1014A0004FF0040B07F1140AFE60C7E90799C7F86B
:1014B00024900093CDF808B0CDF804A007F11C03E8
:1014C0004A464046F968FFF749FBB0F5006F03460E
:1014D0001CD36C468AB0D8F8041004AB24481A46D2
:1014E000C3E9050140F2FF71D9614FF4007119841D
:1014F000204B42F8103F4FF412514B461E48FFF765
:10150000BFFFA5462C37BD46BDE8F08FC0F30A06E5
:1015100004F11700184420F0070080083B60FFF733
:101520006DFE66F35325044680B13B6800F110015F
:10153000C7E908390A23F961CDE901AB00934046B8
:101540000E4AF96807F11C03FFF708FB66F3532501
:101550002A4620467B68B96809F0C9F8D2E704F149
:10156000170020F007008008FFF748FE0446EDE76B
:101570008CE9000C04000001A4E1000CC1A6000CE1
:101580002DE9F04F87B00546DDE9106BDDE9127AF1
:10159000884614469946BFB110213B465A46002062
:1015A000CDF800A0CDF814A0FFF726F9B0F5006F34
:1015B00001460BD340F2FF730221184A184807B0C6
:1015C000BDE8F04F09F0ECB83946384604F007039F
:1015D00005F00704E40044EA831444EA402444EAA2
:1015E000065406F11700084420F007008008039114
:1015F000FFF704FE054640B13FB13B465A4603990A
:10160000CDF800A01030FFF7F7F84B4622464146D0
:10161000284607B0BDE8F04F09F069B8CBE9000CE7
:10162000A4E1000C406820B1034BC01A40F3CF0086
:1016300070474FF0FF30704764E1000C0EB403B503
:1016400003AB53F8042B01460448019301F084F8DE
:1016500002B05DF804EB03B0704700BF03A8000CB4
:10166000CA0605D48B064CBF02490349FFF7E6BF03
:10167000704700BF04EA000C03EA000C2DE9F04FAC
:1016800089B098469DF85090159B044606930D46E8
:10169000DDE916A3189F05920493B9F1000F00F03D
:1016A000B08007F48073079308F0FFFF07F0020B88
:1016B0000246002874D020467749FFF7BFFF064650
:1016C000BBF1000F08D017F0440F6BD12A4620461B
:1016D0007249FFF7B3FF064407F0010353B1704BA3
:1016E000204653F829206F4B6F49002A08BF1A463D
:1016F000FFF7A4FF07F48073002B07F0080318BF5F
:101700004FF00008002B79D0684B204653F8292071
:101710006749FFF793FF0546059B2BB11A46204604
:101720006449FFF78BFF0544B8F1000F05D042462E
:1017300020466149FFF782FF054460483544069B17
:101740001BB122465E4908F0B2FC049B002B00F05E
:101750008E80DDF810803946B8F1100F204628BF82
:101760004FF010080026FFF77BFFB54250DC002643
:10177000334620461AF803205249FFF75FFF01362F
:10178000102E4BD0710703D120464F49FFF756FF6B
:1017900046453346EDD320464C49FFF74FFFEEE771
:1017A00006468DE74A4B1868002894D0494B4FF401
:1017B0007A7B1B684FF03C0CB5FBF3F5B5FBF0F101
:1017C0004FF4616300FB11550BFB05F5B1FBF3F220
:1017D000B5FBF0FE03FB121100FB1E55B1FBFCF341
:1017E0000BFB05F5B5FBF0F50CFB13112046009142
:1017F000CDE901E53849FFF721FF6CE707F008055F
:101800008AE7B8F1010F4D460CBF2C48334896E7E4
:1018100020462D49FFF712FF0136A6E70026204695
:101820002F49FFF70BFF33461AF803202046A2F199
:1018300020035F2B28BF2E222A49FFF7FFFE013627
:10184000102E0DD0720703D120461F49FFF7F6FE78
:10185000B0453346E8D820461B49FFF7EFFEEEE7D8
:10186000049BC244B3EB080304937FF472AFB9F155
:10187000000F0AD0FB0704D520460A4A0A49FFF7A1
:10188000DDFE39462046FFF7EBFE204609B0BDE8F5
:10189000F04F08F0A9BF00BF0BEA000C0FEA000CE4
:1018A000B4E2000C06EA000C3EE7000CC8E2000CB3
:1018B00034EA000C3AEA000C3EEA000C03A8000CE3
:1018C0005927000C43EA000C4BEA000C49EA000CD3
:1018D000BC0F0020B80F002018EA000C31A8000C43
:1018E0004DEA000C4FEA000C42F20F7373B58B42C5
:1018F00028BF0B4605680446052168460D4A07F0D7
:10190000F9FE0646636828460B225B680A4908F020
:101910005DFF63683246694628465B6808F056FFFB
:1019200063681B2228465B68044908F04FFF02B039
:1019300070BD00BFBEE7000C0E05010CF204010CE7
:1019400000210123064A904206D8064A01B9012324
:101950001360054B18607047012140085B00F2E7F7
:1019600040420F00B80F0020BC0F0020F8B50D4614
:101970000446064F4618B44201D12846F8BD14F873
:10198000011BBB6801485B689847F4E780DB000CEB
:10199000014B03600020704710E3000C08B50348BA
:1019A000034A0021121A08F0C0FF08BDE804002015
:1019B00034130020074808B5074A0849121A08F0EE
:1019C000B6FFBDE808400648064A0749121A08F063
:1019D000AEBF00BF00000020E8040020D006010CCC
:1019E0000000002000000020D006010C2DE9F04787
:1019F00006460C4600AF002936D0D1E90012E94670
:101A00008AB06D46A3684FF0050AE8461F48CDE945
:101A10000723CDE9050148F810AF002342464FF4F3
:101A200021511B48FFF72CFDD4E90312CD46636911
:101A3000AD461848C5E90723C5E90501C5F810A05A
:101A4000002342464FF421511148FFF719FDCD46BE
:101A5000E3690121104A0E4808F0A2FEA3690121A2
:101A60000E4A0B4808F09CFE012E07D1EFF30583C8
:101A70000B4A31460648103B08F092FE214630469C
:101A800006F0B8F9BD46BDE8F08700BF8CEA000C4F
:101A9000DCE1000CBBEA000CEAEA000CF9EA000CFD
:101AA00027EB000C30BFFFF7FDBF00BF2DE9F04171
:101AB00005460B4EDFF82C80324606EB0807CC1BA0
:101AC000204609490BF061FFA01942460021083C5D
:101AD0000BF068FFAC6707F10800BDE8F08100BFBC
:101AE000000000000800000088E2000C10B5244C43
:101AF0002449254808F028FFA36A99013ED52248C9
:101B0000224908F021FF1E20A36ADA0104D51E48ED
:101B10001F4908F019FF1F20194CA36ADB0204D5E6
:101B200019481C4908F010FF2020A36A1C0304D5A3
:101B30001548194908F008FF2120114CA36A5903E0
:101B400004D51148154908F0FFFE2220A36A9A0324
:101B500004D50D48124908F0F7FE2320084CA36A6B
:101B6000DB0304D508480F4908F0EEFE2420A36AE1
:101B70006FEA03436FEA1343A36210BD1D20C3E75E
:101B800000ED00E03AEB000CDCE1000C52EB000C45
:101B900065EB000C7FEB000CA9EB000CC7EB000C15
:101BA000ECEB000C06EC000C70B506460D46294C1B
:101BB00029492A4808F0C8FEA36ADB0647D527480A
:101BC000274908F0C1FE1120A36A1C0704D5234849
:101BD000244908F0B9FE12201E4CA36A990712D5B9
:101BE00021491E4808F0B0FE636BA26A120609D5AF
:101BF00001211E4A194808F0D3FD1EB1A36A23F043
:101C00008003A3621320134CA36ADE0704D5134894
:101C1000174908F099FE1420A36A9C0604D50F48C2
:101C2000144908F091FE15200A4B9A6AD10658BF54
:101C30009A6A9A6A920642BF5A6A22F400525A621B
:101C40009A6A42F0FF029A6200232B7070BD102046
:101C5000BAE700BF00ED00E031EC000CDCE1000C65
:101C600047EC000C7AEC000C8DEC000CA5EC000CA1
:101C7000BBEC000CDAEC000C70B506460D46284CA7
:101C80002849294808F060FEA36AD9043CD52648B3
:101C9000264908F059FE1720A36A1A0504D52248E0
:101CA000234908F051FE18201D4CA36A9B0512D54C
:101CB0001D48204908F048FEA36BA26A100409D50C
:101CC00001211D4A184808F06BFD1EB1A36A23F4D8
:101CD0000043A3621920124CA36A590504D5124887
:101CE000164908F031FE1A20A36ADA050ED50E480F
:101CF000134908F029FE1B20094A936A43F47F43E5
:101D0000936200232B7070BD1620C5E7A36A9B0465
:101D1000F2D505480B4908F017FE1C20ECE700BF80
:101D200000ED00E009ED000CDCE1000C1FED000C03
:101D30007AEC000C30ED000C49ED000C5EED000C6F
:101D400079ED000CDAEC000C10B52F4C2F4830491F
:101D500008F0FAFDD4F8E830D4F8E420500604D5B1
:101D600001212C4A294808F01BFDD4F8E430D9079A
:101D70000CD52648284908F0E7FD2620224AD2F84B
:101D8000E43043F0FF03C2F8E43010BDD4F8E4308F
:101D90009A0705D51D48214908F0D6FD2720EDE713
:101DA000D4F8E4305B0705D518481D4908F0CCFD90
:101DB0002820E3E7D4F8E430180705D5134819497B
:101DC00008F0C2FD2920D9E7D4F8E430D90605D5BA
:101DD0000E48154908F0B8FD2A20CFE7D4F8E430C2
:101DE0009A0605D50948114908F0AEFD2B20C5E734
:101DF000D4F8E4301B0605D504480D4908F0A4FDCD
:101E00002C20BBE72520B9E700ED00E0DCE1000C69
:101E100091ED000CAAED000CBAED000CD0ED000C19
:101E2000EEED000C09EE000C26EE000C3BEE000C73
:101E300055EE000C2DE9F0418AB0774B00AFD3F896
:101E400004800023C8F3080683F31188BFF36F8F63
:101E500002F07F44B4F17F4F31D112F001052FD051
:101E600012F0400502F0080403D02CBB0446012503
:101E700012E0530758BF0146684A0B6858BF012556
:101E80001A44012A98BF0B6C0121654A654808F085
:101E900087FC74B1EFF389840023FB71F31E092BD7
:101EA00000F29980DFE803F00E8F92848B9797976A
:101EB0009795EFF38884EFE70C461D46ECE71D4647
:101EC0002C46E9E75849574808F03EFD0023524E9A
:101ED000FB71F36A9A0705D55449524808F034FD5E
:101EE00000232DE0F36A002B01DA5149F5E7F36A8C
:101EF0005B00F5D54F494B4808F026FD7369A26990
:101F000043F480737361BFF34F8FBFF36F8F32F869
:101F1000023C726922F480727261BFF34F8FBFF38B
:101F20006F8F03F47F42B2F55F4F2BD1DBB2022BF0
:101F300028D123680121404A3A4808F031FC23683F
:101F4000FA79DAB907F1080604F1200C3246206864
:101F50006168083403C264451646F7D17A6A002DD9
:101F600056D0C2F3080121B96FEA52226FEA422229
:101F70007A62184607F10801FFF738FD2837BD4699
:101F8000BDE8F081244B9A6AD2B222B10120F91D3A
:101F9000FFF70AFE15E09A6A12F47F4F04D0012081
:101FA000F91DFFF769FE0CE09A6AB2F5803F02D393
:101FB000FFF79CFD05E0D3F8E430002B90D0FFF74D
:101FC000C3FE0346BCE70020F91DE1E70020F91D30
:101FD000E7E71A4981E71A4A18F4F87FE8468AB019
:101FE000184B08BF13466A461749103ECDE9051342
:101FF0004FF40073ADF82030144B079642F8103FB1
:1020000000234FF411510748FFF73AFAC54667E736
:102010006FF30802ACE700BF00ED00E0A6ED05019C
:1020200096EE000CDCE1000CB5EE000CCCEE000CE2
:10203000EDEE000CFBEE000C1AEF000C36EF000C7E
:1020400068EE000C7DEE000C5AEF000C040000015D
:10205000044B5A6942F010025A615A6922F0080290
:102060005A61704700ED00E0EFF30880EFF309815B
:1020700001B57246FFF7DEFE01BD00BF0A4880F3DE
:102080000888202080F3118808484FF40061401828
:1020900080F30988EFF314800221084380F3148849
:1020A000BFF36F8F00F05CF8782F002038220020FB
:1020B0001EF0040F0CBFEFF30880EFF30980816975
:1020C00011F8021C0229FFD001B5724608F031FC5C
:1020D00001BD00BF00B2002807DB01234109034A0C
:1020E00000F01F00834042F82130704700E100E01B
:1020F00000B200280CDB01220649430900F01F0052
:102100008240203341F82320BFF34F8FBFF36F8FFE
:10211000704700BF00E100E000B2002801F10101BA
:10212000ACBF00F16040064B4FEA4111C9B2ABBFF2
:1021300000F5614000F00F0080F80013195470475B
:1021400014ED00E0044B054A23F07F039360BFF3D6
:102150004F8FBFF36F8F70470000000800ED00E065
:1021600008B5FFF7EFFF0B4AD2F8883023F470036D
:10217000C2F88830EFF3148323F0040383F3148848
:10218000BFF36F8FFFF70AFCFFF714FC00F092F823
:1021900005F052FF00ED00E042F8203C009B0B49A7
:1021A00042F81C3C019B21F0010142F8183C029BC3
:1021B00042F8081C42F8143C4FF0807342F8043C8B
:1021C0000023203A0265C367704700BF350F000C3B
:1021D00000B50B4B15469860826F0A4B0E461A608D
:1021E0002C4686F309880020034B9847204600219F
:1021F00000220023014C20475FA9000C350F000C82
:10220000F4120020E40F00201022014B1A617047E5
:1022100000ED00E0054B5A699B689A421FBF044AD3
:10222000536843F080535360704700BFF41200209E
:1022300000ED00E0084B9B6883420BD1EFF3058370
:1022400043B1064B5A6842F080525A605A6A22F4EF
:1022500000425A620BF012B9F412002000ED00E0C7
:1022600011498A684FF030001044EFF3098C80E880
:10227000F01F202080F31288BFF36F8F0B4F4FF0B9
:1022800000664A698A603E60906F094C2060D06F9A
:102290000023D36780F3118802F1300090E8F01F2B
:1022A0008CF3098870470000F412002004ED00E070
:1022B000E40F0020002320210348C21801339E2B85
:1022C00082F80013F9D1704700E100E008B5EFF3A0
:1022D0000583064A103B02EBC30152F833004968FC
:1022E0008847BDE80840FFF795BF00BFF0DB000C52
:1022F0000148006870470000E40F00201FB501216D
:10230000094B0A4A0A4800F00FF90023064A0393D2
:10231000084B0121019301A8D31A029300F00EF992
:1023200005B05DF804FB00BF00000820000000209D
:1023300010E3000CE80400200A7A0B6810B562F381
:1023400004031C46CB68520923F01F0343EA4203EF
:10235000044A43F00103C2F89800C2F89C40C2F856
:10236000A03010BD00ED00E010B50A4BD3F890305E
:10237000C3F30723013B984208D901210346064ACB
:10238000064808F00DFA6FF0150010BDFFF7D4FFF6
:10239000FBE700BF00ED00E071EF000CC4E1000CB2
:1023A0002DE9F04F8946144606464FF000084F4D80
:1023B00085B0C84527DAD6F804A0BAF1000F44D09A
:1023C000BAF11F0F17D91AF01F0F14D1D6F800B0A9
:1023D0001BF01F0F0FD1584608F0D5FA07460AEB3D
:1023E0000B00013808F0CFFA874210D06FF01507C4
:1023F0003F4A3B4601E043463E4A01213E4808F041
:10240000CFF96FF01504204605B0BDE8F08F17F145
:10241000160FEDD0BC42EBDDC5F89870D5F89C10D6
:10242000C5F89870D5F8A03021F01F0143F01F0BBC
:10243000D6E900321A44994202F1FF3A1AD1D34543
:1024400007D13146F8B208F0A7FA08F101080C36B6
:10245000AFE73146C5F89870D5F89C30E0B263F329
:102460000402C5F89C2008F097FA10F1160FC8D0A6
:10247000441CEAE7C5F89870D5F8A020013B23F08A
:102480001F0302F01F021343D3453146E0B2C5F8E3
:10249000A030E8D008F080FA10F1160FB1D0C5F8DE
:1024A0009870D5F89C209DF808300BF1FF3B62F343
:1024B00004038DF80830D5F8A0309DF808205B089B
:1024C00063F347128DF80820D6E9003213440093D5
:1024D00023F01F035B44A3EB0A03013023F01F0327
:1024E0006946C0B20393FFF73FFFBEE700ED00E08F
:1024F000BDEF000C97EF000CC4E1000C0522044B6B
:10250000C3F89420BFF34F8FBFF36F8F704700BFA6
:1025100000ED00E0BFF35F8F0022024BC3F8942070
:10252000704700BF00ED00E010B5034C2278FFF7C4
:1025300037FF207010BD00BF301300202DE9F74F8A
:10254000294D8A4606464FF00008AB46274FD04536
:102550001BDAD6F80490B9F1000F3FD03168084675
:10256000019108F010FA0199044609EB01000138C5
:1025700008F009FA84424FF014021D4B08D002FB08
:1025800008F36FF015024BF8032003B0BDE8F08F9D
:1025900014F1160F2C60F8D01978A142F5DD02FB7A
:1025A00008B0C7F89840C7F89840D7F89C4000F1A9
:1025B0000801007B64F304000871D7F8A0000C79CF
:1025C000400860F347140C71D7F89C1021F01F01EC
:1025D0006960D7F8A01021F01F01296108F10108F6
:1025E00014350C36B3E700BFE80F002000ED00E023
:1025F00030130020F0B55349534DD1F890302C687A
:10260000C3F307239C4287B000F299800020FFF7B4
:1026100081FF4E4BC1F8C030844216D14C4D01A809
:102620002C70FFF7B5F9002607464A4CB74213D184
:1026300000202B784349D1F89020C2F3072293421F
:1026400077DBFFF75BFF002046E0696801EB0011D4
:10265000FFF772FE0130DFE70199300101EB06134D
:10266000DA682240B2F1807F52D00AD8B2F5001F5A
:1026700034D0B2F5800F3ED0B2F5801F12D00136B3
:10268000D4E7B2F1006F43D0B2F1805FF7D15A685E
:102690009B680958013B22F01F00034423F01F03ED
:1026A000012032E05A689B680958013B22F01F0064
:1026B00003440120844623F01F0340EA4C10CDE977
:1026C00002218DF8100002A928780593FFF74CFE2F
:1026D00000282ADA6FF0150007B0F0BD5A689B6831
:1026E0000958013B22F01F0003444FF0020C012067
:1026F00023F01F03E1E75A689B680958013B22F069
:102700001F000344062023F01F034FF0000CD4E702
:102710005A689B680958013B22F01F0003444FF0A0
:10272000030C012023F01F03C7E72B7801332B7024
:10273000A5E7C1F89830C1F8A00001337BE74FF05E
:10274000FF30C9E700ED00E01CE3000CAAFF4400E5
:10275000301300200000F0FFF0B587B007460E46AA
:1027600014460021102268461D460BF01BF9022377
:102770008DF80230054B2A4621466846CDE904769D
:10278000019306F0E1FF07B0F0BD00BFCBA9000C3C
:1027900008B5024B1B689847002008BDFC0F0020BD
:1027A000034B044A1860937843F002039370704718
:1027B000FC0F00201C01002008B50649064821F046
:1027C0000701C1F1005202F5002207F01EFC0020B3
:1027D00008BD00BFC73B00200010002070B5416954
:1027E0000446867A0A4D59B1437ADB0706D424237E
:1027F00003FB0653DB691B689B68984700236361F2
:102800002420214600FB0650BDE870400AF033BD8D
:10281000F40300202422024B02FB0030704700BF6B
:10282000F40300202421827A054B01FB02331A6A4B
:102830001B7D801A1B3323F00303B0FBF3F07047BA
:10284000F403002038B52424827A064B04FB0233BB
:10285000DB69D3E901240C601568FFF7E3FF04FB93
:10286000005038BDF40300202DE9F04385B0054643
:10287000684690461C4603910AF0BCFFDDE90067FC
:10288000EFF31189202383F31288BFF36F8F6B8AD4
:10289000002B41D02A8A9A4225D9002200232846BB
:1028A00005F026FE0446F0B189F31188BFF36F8F5F
:1028B000039B002B41D032463B4668460AF0BFFFDF
:1028C0002421A27A254B204601FB0233DB6903A9B0
:1028D0001B681D68DDE90023A847606170BB2046C6
:1028E000FFF77CFF24E0698A4B1E6B8289F3118815
:1028F000BFF36F8F2B7D2A8A2C6A1B3323F00303CF
:10290000521A02FB0344154B154AEB1A9B10534312
:10291000A3722B7DE372CBE789F31188BFF36F8F2E
:1029200023464246284605F0E3FD04460028BFD171
:102930000024204605B0BDE8F08363610123002533
:102940002381039B29466382E27A656004F11800C3
:102950000BF028F863692582E360EAE7F4030020BE
:10296000398EE33870B524250C4C00B970BD037A5C
:102970004668002BFAD0013BDBB20372002BF5D185
:10298000C3604360837A05FB03439B6913B1984797
:102990003046EAE7FFF722FFFAE700BFF403002022
:1029A00038B5044606F070FB204608F07EF8A069B2
:1029B000C8B194F86C30DB070DD50221154A1648D2
:1029C00008F071F86FF07705201D08F075F806F033
:1029D0006FFB284638BD0AF0B9FA38B901210F4A11
:1029E0000D4808F060F86FF01205EDE7204601F0A1
:1029F00007F805460028E7D10146242204F1280003
:102A00000AF0D0FF94F86C3043F0010384F86C3086
:102A1000DAE700BFFEEF000C34E2000C28F0000CF7
:102A200070B5044606F030FB204608F03EF894F8F6
:102A30006C30DA070DD40221254A264808F033F815
:102A40004FF0FF35201D08F037F806F031FB28461F
:102A500070BDC3F340019B0707D502211E4A1D48E4
:102A600008F021F86FF07705ECE7A06909F06EF83F
:102A70000646A06909F0FAF8054628B10121174A6F
:102A8000144808F010F8DDE7A36F4BB1314620463B
:102A900008F09CF90546A0B1A06909F00FF9D1E74B
:102AA000A06909F08BF8A0670028EFD101210C4A3A
:102AB000084807F0F8FFA06909F000F96FF00B056E
:102AC000C0E794F86C3043F0020384F86C30B9E747
:102AD0004BF0000C34E2000C71F0000C97F0000C8D
:102AE000B3F0000C38B580210446806909F089F8FC
:102AF000054678B10146204601F0D6FB044638B1C0
:102B000006480121064A07F042FE2846FFF72AFF41
:102B1000204638BD6FF00B04FAE700BF14E2000C4A
:102B2000E2F0000C38B50446806F07F076FF0546EA
:102B300007F057FF2046294601F0B6FB044638B19E
:102B400004480121044A07F022FE2846FFF70AFF45
:102B5000204638BD14E2000C05F1000C2DE9F04FC1
:102B600085B0074688461546994607F0A7FF0446F4
:102B7000B9F1000F10D0384607F0A5FF012808D0A2
:102B8000FFF7B6FB6FF08502314B1A5005B0BDE878
:102B9000F08FB4FA84F46409013521463846EAB26C
:102BA00008F02DF9064630B901212B46294A2A485A
:102BB00007F0F6FDE4E74568B9F1000F09D0286891
:102BC000696801AB03C32A7A01AD1A7007238DF837
:102BD000053008F10C09484608F0A1F82A78294682
:102BE000824228BF0246484607F033FFD6F80CA0C1
:102BF000BAF1000F09D1B8F81010FB8D9942C5D970
:102C00004846C91A07F040FFC0E7DAF804008368B5
:102C10001B6B13B9DAF800A0EAE7214698470028B1
:102C2000F8D0051F55F804BFBBF1000FF2D09BF898
:102C30000060002EEED0484608F071F8B04234BF74
:102C400082B232465946484607F003FFEAE700BF22
:102C50000C00000024F1000C14E2000C2DE9F041FE
:102C600090F82830044603F01F03012B0F4600F1B3
:102C700028062FD0022B18D08BB3204694F82910A9
:102C800007F061FF024678B3304608F050F81D4D5A
:102C9000002834D113693BB33A4631462046984761
:102CA0000346FFF725FB2B5024E0818DC9B201F0CC
:102CB0008DF905460028E0D0304608F038F8024685
:102CC00068688368CAB99B6873B13A463146BDE803
:102CD000F0411847818DC9B208F0F5F8E9E790F89E
:102CE000291008F009F9E4E7FFF702FB6FF085020D
:102CF000044B1A500020BDE8F081DB68E4E7D3689C
:102D0000C9E700BF0C0000002DE9F04F0B7E044620
:102D100033F080080D46164695B00AD00121A74A27
:102D2000A74807F034FD6FF00408404615B0BDE831
:102D3000F08F82B10846FFF715FE6B7EDF0704D4E3
:102D40009E07F2D52B7E002BEFD1204615B0BDE8B3
:102D5000F04FFFF7E7BE4A7E00F12809900705D53E
:102D6000802B09D12846FFF7FDFDDEE7910700F033
:102D70005584002B40F05284D20734D52B8A082B7F
:102D80000DD1EA68294613680020A3625368C9F888
:102D9000043007F046FE054640B18A4A00E08A4A00
:102DA0000121874807F0F3FC00F010BC484607F00B
:102DB000BEFFE28D70B9B2B12946A06908F00DFFDF
:102DC0000146002800F06584204615B0BDE8F04FAC
:102DD00001F06ABA3AB11146204608F072F9054688
:102DE000002800F05684FFF783FA002394F8288027
:102DF000764F18F0600FC351C8F3411307D0032B6F
:102E000040F0D481FFF774FA6FF0850338E048464C
:102E100007F08DFF94F82930002840F06781013BCE
:102E20000A2BEFD801A252F823F000BFD92F000CD3
:102E3000052E000C6130000C052E000C592E000CE4
:102E4000052E000C052E000C052E000CD52E000CB6
:102E5000052E000C452F000C618D7F29D2D8A38D43
:102E6000002BCFD1E38D002BCCD118F01F0FC9D18F
:102E700094F83030022B05D1FFF73AFA4FF0FF33C8
:102E80003B5083E0A069036993F880301B070DD5A0
:102E9000C9B207F082FF804658B1638D01214C4AC8
:102EA000474807F07DFC002D73D13EE7012384F8ED
:102EB000393094F83030012B0AD1638D43B984F84E
:102EC0003030FFF715FA3B58002B00F09A805DE098
:102ED0000123F4E7204607F0F1FD628D0146FF2A49
:102EE00090D8E38D002B8DD194F82830D80689D165
:102EF00094F83030002BBFD02AB12046D2B207F070
:102F0000A4FF0028B8D0618D94F838308B42D8D017
:102F10002046C9B200F00EFF638D804630B101211A
:102F200000902C4A264807F045FCBCE7002B14BF54
:102F300002220122052184F8302020461A4608F09A
:102F400001F9BEE708F01F08B8F1010F7FF45AAF8E
:102F5000E38D002B7FF456AF628DFF2A3FF652AF10
:102F6000A18DFF293FF64EAF94F83030022B83D16C
:102F70002046D2B2C9B208F028F810F1020F8046FC
:102F800040F01981FFF7B4F947F8008065B14FF0C0
:102F900000082846FFF7E6FCB8F1000F7FF4C5AE45
:102FA000FFF7A6F93B5863B3484607F0C0FE034657
:102FB000A069002B00F07083802176E34AF1000CB9
:102FC00014E2000C82F1000C6BF1000C0C0000000C
:102FD000A4F1000CC6F1000CE38D002B7FF412AFBE
:102FE00094F83030002B3FF447AF012BA18D02D174
:102FF00000297FF441AF18F01F080CD0B8F1020F80
:1030000016D0E38D002B40F0D4822046FFF76AFDF6
:103010000028C9D199E600297FF42EAF638D012BDA
:10302000EFD194F86C3061F3C30384F86C30E8E7B7
:10303000B4F82AA0BAF1000FE3D15FFA81F8414653
:10304000204601F099F90346FFF752F93B5001334E
:1030500000F0338352464146204607F06EFE30E7CB
:10306000E38D002B7FF4CEAE628DA38D022A5FFA32
:1030700083FA11D108F01F085AEA08087FF4C2AE9B
:103080000122A069190A07F068FE00287FF4BAAE91
:10309000012384F8393014E794F8301000293FF404
:1030A000EBAE012902D1002B7FF4E6AE18F01F0829
:1030B00012D0B8F1020FA4D1002AA2D15146204665
:1030C00001F038F90346FFF713F93B50013300F0E4
:1030D000F48201225146BFE7002B7FF4CDAE012AD6
:1030E0008FD194F86C3043F008039EE70A2B3FF62B
:1030F00089AE01A252F823F02531000C052E000CF8
:10310000052E000C052E000C052E000C052E000CC3
:103110009F31000C052E000C2B35000C052E000CE9
:103120005935000CE38D022B7FF46CAE94F83030EF
:10313000002B3FF4A1AE012BA18D02D100297FF419
:103140009BAE18F01F0811D0B8F1020F1CD04FF041
:10315000000805F10C0A504607F0E1FDE38D9842A6
:1031600018D2FFF7C5F86FF00B0389E600297FF44A
:1031700083AE94F86C304FEA930808F00208C3F36A
:10318000001348EA0308E4E72046C9B207F0B9FF94
:103190008046DEE74146504607F06CFC91E6628DC2
:1031A00018F01F0F4FEA1223D2B209D02946204649
:1031B000FFF754FD8046B8F1000F7FF474AE80E64F
:1031C000013B0E2B3FF61EAE01A151F823F000BFCC
:1031D0000D32000C4932000C5932000C052E000C47
:1031E000052E000CB133000C5532000C052E000CDE
:1031F000052E000C052E000C052E000C052E000CD3
:10320000052E000C052E000C4534000C05F10C08B1
:10321000404607F084FD83462046B4F82EA007F010
:103220004DFC20B101287FF4EDAD616F00E0216F0E
:10323000002900F03E82DA4528BFDA460A78524576
:1032400028BF524640462FE0002329462046FFF77C
:1032500085FC36E60123F8E70321204607F0B3FC9E
:10326000824600283FF4CEAD07F054FDB4F82EB0EE
:103270009AF81520D8B99AF814808DF831208DF875
:103280003080DAF8103005F10C0A1B885046ADF892
:10329000323007F044FDD84528BFD8468045424625
:1032A00028BF024650460CA907F0D3FB09E60023CD
:1032B000DAF808108DF81D20C64A8DF81C300A4037
:1032C000C5498A4263D1102108A804F04BF9B0F136
:1032D000000842DB0CAAB8F1100F4FF000031046B3
:1032E00028BF4FF01008DFF8F4E208A9984502F172
:1032F00002023CD803464FEA880808F102085FFA48
:1033000088F88DF81C8005F10C0A5046049307F0EC
:1033100006FDD84528BFD846804528BF8046B8F16D
:10332000020FC34628BF4FF0020B50465A46A8EB87
:103330000B0807A907F08DFB4FEA58030393049B82
:103340009B4603EB58025A4528D118F0010F3FF471
:10335000B8AD039A995C5046FBE018F1580F7FF422
:1033600051AD01219E4A9F4807F011FA4AE511F834
:1033700001CB01334FEA1C1A0CF00F0C1EF80AA007
:103380001EF80CC002F802AC02F801CCAEE79AF8C5
:103390001480DAF810308DF81C80B4E750461BF822
:1033A000011BCDE9042307F065FBDDE90423CAE72F
:1033B000204607F083FBD4E91C83002808BF984609
:1033C0000023CDF83230CDF836300A238DF8303076
:1033D000062320468DF8313007F075FB012805D013
:1033E000FEF786FF6FF085033B506AE5B8F1000FEA
:1033F00000F05F81B8F80230ADF8323098F8043050
:103400008DF8343098F805308DF8353098F806305E
:103410008DF8363098F807308DF8373098F811303D
:1034200005F10C0840468DF8383007F078FCE28D45
:103430009DF830300CA99A4228BF1A46824228BF14
:103440000246FFE6204607F039FB18B10128C7D134
:10345000636F00E0236F002B00F02B815B88B3F5D6
:10346000007FBDD9604B04F14C0B0C9300238DF809
:103470003430E36C9B4508BF0023BDF8322093B184
:10348000597D0F2908D1197D0A44ADF832209DF8E5
:10349000342001328DF83420226D934201D01B6814
:1034A000EBE7BDF8322005F10C0A5046039207F015
:1034B00036FCB4F82E80039A0CA9904528BF90469C
:1034C000804528BF80464246052A28BF052250462F
:1034D000039207F0BEFA039AB8EB02083FF4F1AC8E
:1034E000E36C5B453FF4EDAC002B3FF4EAAC5A7D56
:1034F0000F2A14D11A7D1969424528BF4246504609
:10350000039307F0A6FA039B1A7D424594BFA8EBEC
:103510000208A8EB0808B8F1000F3FF4D2AC226D06
:103520009A423FF4CEAC1B68DEE794F83030002BB3
:103530003FF4A2ACE38D012B7FF464AC05F10C08E1
:10354000404607F0ECFB00283FF40BAE404694F8F1
:10355000381007F087FAB4E408F01F08B8F1010F3B
:103560007FF48AAC204607F05EFC00283FF484AC70
:10357000B4F82C80B8F1FF0F3FF644AC43681B79D8
:103580004345FFF43FAC5FFA88F30F2B3FF63AACAC
:10359000E38D012B7FF436AC05F10C0A504607F0A1
:1035A000BEFB00283FF4DDAD04EB080393F83A10AE
:1035B000D1E6484607F0BBFB18B92846FFF7D2F919
:1035C00023E52946204600F06FFE78B12846FFF734
:1035D000C9F9E9E400FF0200000302001A05010C2A
:1035E000E9F1000C14E2000C050F0500A069036965
:1035F00093F8801011F004017FF4A7AB08F001FBF1
:10360000054600283FF4D0AC0146204600F04CFEB1
:1036100000283FF49AAB2B4AFFF7C2BB52077FF555
:10362000C3AC002B3FF49EAB2846FFF79BF994F800
:103630003930002B3FF479AB94F82930052B0CD1AD
:10364000618DA069C9B207F0A8FB064628B1638D59
:1036500001211D4A1D4807F0A3F894F82930032BD7
:1036600011D1638D022B0ED1A18D00220D0A2946A6
:10367000A06907F072FB064628B101212B46144AC7
:10368000124807F08DF80023B04684F83930FFF770
:103690004CBB6FF00B0687E4E38D002B3FF48CAC42
:1036A00016F10C0118BF0121C90108F0AFF9FFF7AD
:1036B0004CBB6FF01508FFF7F6BB4FF0FF38FFF774
:1036C000F2BB00BF0BF2000CA4F1000C14E2000CE2
:1036D0002FF2000C0B7810B4062B14D10369D3F829
:1036E0009C20EFF31184202383F31288BFF36F8FA4
:1036F00000204B681860506A58B9C2E9083384F357
:103700001188BFF36F8F00220023034810BC09F01B
:1037100008BD03605362F2E7BC03002030B589B0F6
:10372000002200230024CDE906236FF007034FF4A5
:103730008062CDE90334CDE90144154B154900946D
:10374000154805F0AFF91549134809F092FE144BDE
:1037500014498B4207D30020134B14498B420CD3DE
:10376000002009B030BD03F11402D2E8EF0FC2E827
:10377000E54F002DF9D11833EBE703F11402D2E83D
:10378000EF4FC2E8E50F002DF9D11833E6E700BF8F
:103790000938000C38160020B009002097E6000C0C
:1037A000B8040020D0040020D0040020E804002049
:1037B00038B50D4607F037FB30B90121BDE8384078
:1037C0000F4A104806F0E3BFC46804B938BD2B782F
:1037D000032B05D0052B0ED0022B08D02468F4E76C
:1037E000606883685B69002BF8D09847F6E76068EB
:1037F00083689B69F7E760688368DB69F3E700BF6C
:1038000056F2000C24E2000C2DE9F0434FF02008A2
:1038100085B000AF4FF0FF334FF0FF327248391DD3
:1038200004F040FDFB681B69D3F89C40236A93B108
:10383000EFF3118288F31288BFF36F8F256A2DB1E1
:10384000616A2B688D42236208BF636282F311882C
:10385000BFF36F8FC5B93B79062BDBD0072BD9D8C7
:1038600001A252F823F000BFE538000CD938000C53
:103870000D39000CEB38000C4339000C2F39000CCB
:103880001538000CD739000C2B7E29465E062046E1
:10389000D5F81E201DD1FFF737FA06460028C5D0FF
:1038A000E9468AB06A462B7ECDE9073505234F49A4
:1038B000CDE9051042F8103F00234FF421514C4848
:1038C000FDF7DEFD3246CD460721204607F03AFCE3
:1038D000ACE707F008FBE0E700220121204607F0F3
:1038E00031FC97E700221146F8E794F86C3043F07A
:1038F000040384F86C3094F83030022B03D1204656
:10390000391DFFF755FF00220321E7E794F86C30DB
:1039100023F0040384F86C3094F83030022B03D188
:103920002046391DFFF744FF00220221D6E794F814
:103930003030022B7FF46EAF2046391DFFF738FF81
:1039400068E794F86C30A66923F0040384F86C30BF
:10395000D6F808903369A033D3E8AF3F9A071ED555
:103960003046D9F83C309847D9F824300021304609
:1039700098470546D9F840303046984795B11D4ADA
:1039800001211B4806F003FF00220421204607F016
:10399000D9FB002D3FF43EAF2A4607219EE74FF0AA
:1039A000FF35ECE72946204600F0C4F9054608B18A
:1039B000114AE5E7A06908F043F9831E58425841CF
:1039C00094F86C3084F8305023F0680343EA4013D5
:1039D00084F86C30D8E70121084A054806F0D7FE84
:1039E0000621BA687AE700BFBC03002085F2000C0C
:1039F00024E2000CAFF2000CDDF2000C09F3000C25
:103A000038B5024605460C49806908F077F9044646
:103A100030B10121094A0A4806F0B9FE204638BDF6
:103A200085F83800284600F043F904460028F5D010
:103A3000A86908F092F9F1E7D536000C19F3000CEB
:103A400024E2000CF8B501231D460C68002C35D08B
:103A500063F07F02D6B202F07F02103224FA02F73E
:103A6000FF0716D5046824FA02F7FF0708D4334687
:103A700013480121134A06F093FE6FF01500F8BDBC
:103A800005FA02F224EA020404600C6824EA020443
:103A90000C60DC40E6070ED5026822FA03F4E40766
:103AA00000D4E5E705FA03F422EA040202600A689A
:103AB00022EA04020A600133102BC6D10020DEE79F
:103AC00054E2000C40F3000C2DE9F04F002653683F
:103AD00091B0D4680A900891069202930E960396CC
:103AE00074B9039B029A09339BB293701B0AD3707B
:103AF000069B1671DC68002C40F0C780A346AEE040
:103B00004FF0000A6068CDF83CA083681B6B002B67
:103B100000F0AC8008999847002800F0A78035464F
:103B2000C4E903AAA0F1040959F8043F0BB11A78BB
:103B30009AB9B54240F29780E3680F9A1343E36065
:103B4000606883689B6A002B00F0928098478346E8
:103B5000002800F09080534A7DE05A780B2A08BF75
:103B60009D70D9F800305A78042A10D1E2680F9974
:103B70000A43E260DA78002A5CD101229D70236951
:103B8000AA40134301352361EDB2CDF83CA0D9F82A
:103B900000707B78052BC7D16FF0120B4FF0010836
:103BA0000A9B9B69099379793A790E9B42EA012233
:103BB000ADF8362097F902205FFA88F1002AACBFF1
:103BC000424641F080010493B7BF4BB24FFA88F3ED
:103BD00021F080020793A8BF0793049BB8BF10325F
:103BE00023FA02F0C0072CD40F9B23FA02F20593AC
:103BF000D30726D4BB79FA78099800930DF13603E0
:103C00000B9107F079FE0B998346D0B9079BB970E9
:103C1000002B4FF00103BCBF21F0800110318B401D
:103C200004980599BDF8362019431843CDE90E01D3
:103C3000BA8079E76A1E9A700FA90EA8FFF702FFF3
:103C4000A3E708F10108B8F1100FACD1BBF1000FE8
:103C50003FF46AAF144A0121144806F098FD584613
:103C600011B0BDE8F08F6FF0150BF3E7354667E74D
:103C70006FF0850B6FE76068089907F004F9039B04
:103C80002E460344246803932AE7E36804F10C01F9
:103C9000A3600EA8FFF7D6FE08B924682BE76FF0E3
:103CA000150BDCE781F3000C5DF3000C54E2000C13
:103CB00070B5836905461B69026F93F88030C3F3C2
:103CC0004113022B0CD0032B0CD0012B0CBF102363
:103CD0000823D371EE6D3EB96E6DBEB9344611E066
:103CE0002023F6E74023F4E7324601212846FFF778
:103CF000EBFE044640B173685B790B4A01210B4827
:103D000006F04EFD204670BD3668E4E732460021DD
:103D10002846FFF7D9FE044618B173685B79044A58
:103D2000ECE73668D9E700BFA5F3000C54E2000CBD
:103D3000C8F3000C2DE9F04105460E4606F0BEFE24
:103D400095F83830804633B3284607F06CF80746BC
:103D5000F0B10146284607F0E6F81022044600219B
:103D600005F13A0009F01EFE002385F83830FF689F
:103D70003FB984B119491A4807F034F82046BDE824
:103D8000F081786883685B6A03B198473F68EFE722
:103D90006FF03C04EEE71EB985F838600024EDE7CB
:103DA00032464146284607F02AF8074690B10246B7
:103DB000284607F0E2F804460028DFD185F838608D
:103DC000FC68002CEAD0606883681B6A03B19847DE
:103DD0002468F6E76FF03C04D0E700BFF5F3000C71
:103DE0000CE2000C2DE9F04105460F461446D2F8CE
:103DF000048006F0FBFF95F86C30D9070BD54749D6
:103E0000474806F0EFFF6FF00F07281D06F0F5FF9B
:103E10003846BDE8F081012F0AD1284606F053FE4E
:103E200030B940493E4806F0DDFF6FF08507ECE70A
:103E300098F807309A0607D5AB691B6993F880306C
:103E40009B0701D43849EDE71FB1012F06D0374950
:103E5000E8E7EB6D2BBB05F1540603E06B6DABB9E6
:103E600005F15C06002233680BBB002FD5E91C234B
:103E700008BF13465B7C626803F10103DBB2537138
:103E8000D5E91C1208BF0A46537422E09C4206D1B1
:103E90002749234806F0A6FF6FF01507B5E71B6812
:103EA000DDE79C4201D12349F3E71B68D2E79C423E
:103EB00021D12368CAB972683360944200D173601B
:103EC0000023236063685B7902211B4A144806F0D3
:103ED00067FCA168B9B1284606F08FFE074668B1B5
:103EE00016490F4806F07EFF8FE7136073689C4207
:103EF00008BF7260E4E71A461B68B5E7A06806F0E1
:103F000009FF88F806000023236073681BB9C6E91F
:103F10000044002779E71C607460FAE737F4000C6E
:103F20000CE2000C59F4000C13F4000C77F4000CB4
:103F300097F4000CB4F4000CD1F4000CEEF4000C77
:103F4000F8B5054600AF29B301290BD1184C194E1D
:103F50002BE0636828461968FCF76CF8B8B1183490
:103F6000B442F6D36C4688B06A46134BCDE90535AA
:103F70004FF40073ADF81C30104B42F8103F002393
:103F80004FF4E2510E48FDF77BFAA5460024204687
:103F9000BD46F8BD0B4C0C4EE2E763682846196835
:103FA000FCF748F80028F2D01834B442F5D3D9E72A
:103FB000D0040020E804002025F5000C03000001D7
:103FC0001CE2000CB8040020D004002070B50125CC
:103FD00001F07F0311F0800F18BF10339D4090F85F
:103FE00030300446022B06D001210C4A0C4806F062
:103FF000CEFB002070BD90F8386006F05FFD3246C1
:104000000146204606F0FBFE0028F2D0C0680028DA
:10401000EFD083681D42EDD10068F8E743F5000C4E
:104020001CE2000C2DE9F8430546084611461646E9
:104030009846FFF785FF0446002843D0284606F03F
:104040001BFF95F86C30DA0702D5204A012109E000
:10405000D4F8049004F11407D7E8AF3FDB070CD580
:1040600002211B4A1B4806F092FB6FF00F04281D2B
:1040700004F0EEF92046BDE8F883D9F804301BB10E
:10408000AB4201D0144AE1E742463146284606F0E9
:10409000B6FEA0B10023236003696BB9C0E90344F5
:1040A000D7E8EF3F43F00103C7E8E23F002AF7D12A
:1040B0000024C9F80450DAE71C600461F0E76FF0EF
:1040C0003C04D4E76FF01204D4E700BF37F4000CCF
:1040D00068F5000C1CE2000C8AF5000C2DE9F04795
:1040E000012981461646984600AF33D12C4DDFF8A2
:1040F000B4A028E0B8F1000F04D04146284606F0ED
:10410000ABFEF8B969683346012248460968FFF7F3
:1041100089FF0446B0B16B686D468AB01B686A4679
:104120002149C2E905134FF4007313841F4BD66174
:1041300042F8103F00234FF411511D48FDF7A0F93C
:10414000AD4603E018355545D4D300242046BD467E
:10415000BDE8F087F9B16FF08504F7E718355545EC
:10416000F3D2B8F1000F05D04146284606F074FEA0
:104170000028F3D169683346002248460968FFF7F2
:1041800051FF04460028E9D06B686D468AB06A4644
:104190001B680849C5E7084DDFF820A0DFE700BF2E
:1041A000D0040020E8040020BFF5000C040000014A
:1041B0001CE2000CECF5000CB8040020D004002038
:1041C0002DE9F04F83B000AF7B6097F830304C683A
:1041D0000E463B608146904606F070FCA36801469F
:1041E0001B6B33B96FF0150420460C37BD46BDE894
:1041F000F08F204698470028F4D00024051F06F1D0
:104200000C0A55F8041F09B10B782BB9002C14BF08
:1042100000246FF03C04E7E74B78042B0ED1002C10
:104220003CD18B787A689342EBD1CB783A68934251
:10423000E7D10B79002BD7D00124E2E7052BE0D1A1
:10424000002CDED0B8F1010F91F802B009D0B8F11E
:10425000020FF1D152465946D9F8180006F01BFF5B
:1042600004E05246D9F8180006F0F9FE044600288A
:10427000E2D06D468AB06A46F368CDE907B30623FB
:1042800007490990CDE9051842F8103F00234FF483
:1042900041510448FDF7F4F8AD46A5E70024A3E733
:1042A00024F6000C4CE2000C2DE9F0410B7E0C468C
:1042B0005906054637D16BB306F040FC40B11B48A8
:1042C00001211B4A06F063FA4FF0FF30BDE8F08190
:1042D0002846D5F87080268AEF8D06F0EFFBF8B1FE
:1042E000421E534253419B01228A9AB1BE4232463A
:1042F00028BF3A46E98D91420CD9B2FBF3F103FB9A
:1043000011223AB994F91830002BBEBF637E43F0F6
:10431000080363762146A869BDE8F04107F0D0BBE9
:1043200098F80730E0E76FF01500CFE73CE2000CAB
:1043300060F6000C70B5064680690C4607F066FB17
:10434000054638B102212346094A0A4806F028FAF0
:10435000284670BD012214F0800F18BF24F080049D
:10436000736B18BF1034A2401A437263F0E700BFAA
:1043700074F6000C3CE2000C70B5054680690E46F0
:1043800007F06EFB044638B102213346054A064861
:1043900006F006FA204670BD314605F1340006F0FD
:1043A00050FEF7E78BF6000C3CE2000C70B50646B9
:1043B000EFF31181202383F31288BFF36F8F1B4D1E
:1043C0002A6881F31188BFF36F8F526892F86C20CE
:1043D000D20705D4BDE870400A22002304F0EEBAEB
:1043E000EFF3118283F31288BFF36F8F2C682CB127
:1043F000696823688C422B6008BF6B6082F3118868
:10440000BFF36F8F44B1606804F10801C369984736
:104410002146074808F035FE2B6833B13046BDE829
:1044200070400022002304F095BA70BD0C100020EB
:104430003C03002030B585B0CDE9001205460022CE
:104440000023144803A903F099FE0246E8B9DDE908
:104450000001039B5D60083383E80300EFF31180E4
:10446000202383F31288BFF36F8F039B1A600A4ADD
:10447000516861B9C2E9003380F31188BFF36F8FCF
:1044800000220023054804F065FA05B030BD0B603A
:104490005360F1E73C0300200C10002000000020D6
:1044A00010B504690346204640F8143B0122002160
:1044B00008F0EFFE04F12400024908F071FF00202B
:1044C00010BD00BF0548000C73B513464A7800695B
:1044D0000A2A09D00B2A35D0092A254C1BD0FDF712
:1044E00007FF6FF085032BE0498803690A0A5C68BF
:1044F00011F0FF0108BF83F83420E36823B1920074
:104500009847002002B070BDFDF7F2FE6FF0850203
:10451000174B1A50F5E705694A886D68110AAD68AE
:10452000D2B2002DF0D0022903D0032901D00129F5
:10453000D5D1DE6800961B8AA8470346FDF7D8FE52
:104540002350DEE749880129DED843681B689B7940
:10455000002BD9D0036993F835208A42D1D05A680C
:10456000C9B283F835105369002BCAD09847C8E701
:104570000C00000073B514464A780B46013A0069F6
:10458000052A07D8DFE802F020034D06065CDA882A
:10459000012A06D0FDF7ACFE6FF08502364B1A50AB
:1045A0003AE059880369C9B231B15B681B69002BD5
:1045B000F0D09847810801E093F83410C9B204F1B3
:1045C0000C0006F04FFA27E05A880569110A022903
:1045D0006D68DB88D2B20AD0032908D0012906D041
:1045E0006FF08503FDF784FE234A135014E0E6685C
:1045F00000966D68A8470028034610DD228A618A6C
:104600006069891AE268121A891A994228BF194604
:1046100004F10C0006F017FA002002B070BDE1D1E1
:10462000DEE75A88002AB5D1DB88012BB2D1436876
:104630001B689B79002BADD0036993F83510BEE75A
:104640005A88120A212A0DD0222AA3D10169DA88B8
:10465000CB6889689A4228BF1A4604F10C0006F01C
:10466000F8F9D9E74268DB8811684A7A09319A4239
:1046700028BF1A46F1E700BF0C00000038B503461A
:104680001B6940685C681B6925685A681AB19A689A
:104690000AB1DA683AB913480121134A06F077F8EB
:1046A0006FF0150038BD1033D3E8EF1F41F0010162
:1046B000C3E8E21F002AF7D1216909B90020F1E718
:1046C0002B7A002BFAD106F098FA28B10121074A7B
:1046D000044806F05CF8F1E7206906F01BFB28723D
:1046E000ECE700BF44E2000CB5F6000CDFF6000C6E
:1046F00038B504694068006804F11005D5E8AF5F7B
:10470000ED071FD40BB15D683DB9104A1048012177
:1047100006F03DF86FF0150038BD90F820501DB13F
:104720009D680DB90B4AF1E785791DB15D690DB939
:10473000094AEBE7C4E9021263600274120A427488
:104740000020E9E76FF07700E6E700BF09F7000C0B
:1047500044E2000C28F7000C47F7000C2DE9F34762
:10476000D0F804A00669884615467768DAF8044050
:1047700006F11003D3E8AF3F9B073BD52369606880
:104780005B68D3F8009006F099F900220023012815
:1047900029460CBF99F81B9099F81490DAF80C0090
:1047A000CDE90023424606F025F9054650B901211E
:1047B000124A134805F0EBFF6FF00B04204602B0DD
:1047C000BDE8F087014680F81890204606F07EFC90
:1047D000044618B12846FEF7C5F8EFE7BB69002B81
:1047E000ECD14FF0FF324FF0FF3306F1140003F02D
:1047F000E5FEE3E76FF00C04E0E700BF68F7000CAC
:1048000044E2000C70B550F8243C5C6865681438CC
:10481000D0E8AF3F9B0725D52B6968685B681E68A9
:1048200006F04CF9002201284FF00003A0680CBFED
:1048300096F8296096F8226006F0D8F8044630B958
:10484000094A0121BDE87040084805F0A0BF0146B3
:104850000676284606F03AFC20B12046FEF782F89C
:10486000034AEEE770BD00BF83F7000C44E2000C82
:104870009DF7000C30B5104D85B04FF0FF334FF071
:10488000FF320E4801A903F00DFD034690B101214E
:104890000B4A0C4805F084FFEFE7236813B1019A37
:1048A000934203D1D4E9013101A898470C34AC42BA
:1048B000F3D3E2E7044CFAE788E2000C6C03002033
:1048C000D2F7000C94E1000C7CE2000CF0B5174626
:1048D0001E4685B001909DF82800DDE90C54234662
:1048E0002C432A468DF808008DF80910ADF80A709F
:1048F000039608D0FDF7FCFC0C49D1F888400C4920
:1049000009588C4201D1002213460A4801A908F037
:1049100008FC041E07DA0221074A084805F037FFA1
:10492000204605B0F0BD0024FAE700BF500E00207D
:10493000080000006C030020E7F7000C94E1000C75
:104940000F2300F0070292009340DB43C0080848A1
:1049500001F00F0101FA02F10BBFC269026A1340B4
:1049600013400BBF0B430B43C3610362704700BF8F
:1049700000A00144012310B58B400C46032813D836
:10498000DFE800F0020F080C0A4A134204D141B9D3
:104990000E2008E0082904D1FF2004E0064A134253
:1049A000FAD004F00F0010BD0121044A044805F0BC
:1049B000EEFEF6E7000008E0FE7F3F001FF8000C67
:1049C0009CE1000C0121024A024805F0E0BE00BF54
:1049D0003CF8000C9CE1000C70B5054603F0E6F9CC
:1049E0000446084E6B6863B103F0E0F9031BB34261
:1049F00003D9BDE87040FFF7E5BF022008F080FA58
:104A0000F0E770BDBFD4010038B54568D5E90101B4
:104A100083681B686BB19847041E0DDA14F1780F98
:104A20000AD02346184A0121184805F0B9FE20464D
:104A300038BD6FF05704F4E76868E96883681B685D
:104A400043B19847041E08DA14F1780F05D0104AD4
:104A50002346E8E76FF05704F9E72B6998470122EE
:104A60002B681A702868FFF7B7FF2B7D13B100225F
:104A70002B681A702A680024137843F0020313701D
:104A80002868FFF7A9FFD2E76BF8000C9CE1000C47
:104A90008FF8000C2DE9F743054641788078FFF741
:104AA00069FFFF2806460CD1AB786A782B48009244
:104AB00001212B4A05F07EFE6FF0850003B0BDE8B2
:104AC000F083284F3B88C340DB0744D54FF00109F2
:104AD000254C09FA06F92378204603F0FD032370DC
:104AE000FFF77AFF00213046C4F80C90C4F8149008
:104AF000FFF726FF236B204623EA090323636A7826
:104B0000AB686FEA0908134493F8402002F0FE02F4
:104B100083F84020237843F002032370FFF75CFF03
:104B2000EFF31181202383F31288BFF36F8F3A884C
:104B30001FFA88F31A403A80FF223E4439633276E6
:104B4000AA78143237F81200034027F8123081F3A4
:104B50001188BFF36F8F0020B0E700BF9CE1000C0D
:104B6000B3F8000C4C10002000A00144032870B5DD
:104B700006D916480121164A05F009FE002070BD2D
:104B8000EFF31184202383F31288BFF36F8F114951
:104B9000143031F81030012500200F4A0C6352699F
:104BA000134023B984F31188BFF36F8FE7E793FABB
:104BB000A3F2B2FA82F20A44127E5E1E02F01F02D3
:104BC00005FA02F233401043EBE700BF9CE1000C12
:104BD000DEF8000C4C10002000A001442DE9F04745
:104BE00083784268584D023390F8019045F82320AD
:104BF000C36804466B604946807800AFFFF7BAFE91
:104C0000FF2806464FEA590809D150480121504A69
:104C100005F0BDFD6FF08500BD46BDE8F087EFF300
:104C20001182202383F31288BFF36F8F2B882A63AE
:104C3000C340DB072AD52B181B7E03F01F018945D3
:104C400003D1A178B1EB531F20D082F31188BFF3B9
:104C50006F8F35442B7EA1786C468CB058096A461C
:104C600003F01F03CDE9070307233A4DCDE90919E6
:104C7000CDE9055642F8103F344800234FF4615106
:104C8000FCF7FEFB6FF00F00A546C5E7DFF8C8A0F4
:104C90009AF80030504603F0FD038AF80030FFF721
:104CA0009BFEA36830464B4493F8402042F0030239
:104CB00083F84020A26809F0010342444FF0010844
:104CC00092F83010013B83F00F030B4082F8303034
:104CD0002178FFF735FEE37808FA06F82BB1DAF809
:104CE000303043EA0803CAF83030CAF81480DAF8E2
:104CF0001030194843EA0803CAF810309AF8003017
:104D00001FFA88F843F002038AF80030FFF764FEC8
:104D10002B882E4448EA03032B80337E69F3040377
:104D20003376A27862F347133376A378143335F8D9
:104D3000132048EA020825F813802B6B83F31188AF
:104D4000BFF36F8F002067E74C1000209CE1000C40
:104D5000F5F8000C12F9000C00A00144F8B5046944
:104D60000D4600AFA034D4E8AF3FC3F380039942AF
:104D700018D1164A164B6E4688B0002918BF134644
:104D80006A461449CDE905134FF40073ADF81C30A1
:104D9000114B42F8103F00234FF4E4510F48FCF749
:104DA0006FFBB5464DB1D4E8EF3F43F00403C4E8D0
:104DB000E23F002AF7D1BD46F8BDD4E8EF3F23F02B
:104DC0000403C4E8E23F002AF5D0F6E788F9000CB6
:104DD00090F9000C97F9000C03000001FCE1000CB5
:104DE0002DE9F0470546894690461F46D0F808A0B1
:104DF00006F0CAFC0446C0B1067DF30709D5037E60
:104E000016480121164A05F0CBFC6FF07700BDE88B
:104E1000F0873B464246494606F076FC40B9237E81
:104E20000121104A0D4805F0BBFC6FF01200EEE7BF
:104E30009DF8203026F0060684F8198067832377D2
:104E40002675DAF81830214628469847B0FA80F3DC
:104E5000227D5B0963F300022275D8E7FCE1000CB8
:104E6000A9F9000CC3F9000C70B50546866806F078
:104E70008BFC0446D0B1037DDB0708D4037E0D48CC
:104E800001210D4A05F08CFC6FF0770070BD0146E2
:104E9000F3692846984738B1237D03F00103227D4A
:104EA00063F300022275F1E70346F8E76FF01200A2
:104EB000ECE700BFFCE1000CE5F9000C2DE9F34143
:104EC0001746D0F808800546D8F83C300E4698477B
:104ED0000022002339460B48FDF7C6FC044670B992
:104EE00001213B46084A0948009605F063FC284624
:104EF000D8F840309847204602B0BDE8F0810676E9
:104F0000F5E700BF1804002000FA000CFCE1000CDB
:104F1000042903D849B96FF015007047052914BF5B
:104F20006FF015006FF08500704762B94368032980
:104F30001B6803F5805308D0042908D0022914BF48
:104F400002220422DA73002070470122FAE708499E
:104F50009A7311F8010B0132352A83F82000F8D139
:104F60000822DA739A7C42F002029A74EBE700BFDF
:104F70003005010C70B54368002106461D68FFF737
:104F800073FF044648B110F1780F06D00C4A012196
:104F90000C4806F0D4FF204670BD80213046FFF754
:104FA00063FF044620B110F1780F01D0064AEEE706
:104FB00005F580535A78002402F0BF025A70EAE7E0
:104FC0002EFA000C04E2000C55FA000C70B50369CF
:104FD0009022D3F8A4504368002105F1A0001C687A
:104FE00008F0E0FC4022FF2105F5987008F0DAFC9B
:104FF0004021284607F043F84FF6FF73984207D147
:1050000057480121574A06F09AFF6FF00B0070BD18
:10501000554AA5F83001A5F85001D369372043F46B
:105020008033D36107F0B6F9012342F21076236092
:105030002368DB0702D4E369D8070DD5013E07D208
:105040004A4A4748012106F07AFF6FF07300DEE715
:10505000012007F09FF9EBE7002EF1D042F2107625
:10506000236843F400732360236843F48073236050
:10507000236843F002032360E369990707D5013EE3
:1050800001D23B4ADDE7012007F084F9F4E7002E66
:10509000F7D020232361A369DA075ED504F5805396
:1050A000D3F80425002422F0E00242F04002C3F8C5
:1050B0000425D3F8082505F5D47022F00102C3F8C1
:1050C0000825D3F80C2522F47E6242F42E62C3F840
:1050D0000C25D3F8102522F01F0242F00A02C3F873
:1050E0001025D3F8142542F08002C3F81425D3F814
:1050F000182522F0030242F00102C3F81825D3F864
:10510000202522F0C00242F08002C3F82025D3F807
:10511000242522F00102C3F82425D3F8282522F003
:10512000FE0242F07A02C3F82825D3F8242542F083
:105130000202C3F824250022002385F8D84103F099
:105140003DFC204663E7012007F024F9A369DB0753
:10515000A4D4013EF7D1074A73E7074EF6E700BF34
:1051600004E2000C7BFA000C0080004496FA000C6C
:10517000B3FA000CD6FA000CA0860100F0B5036962
:1051800089B0D3F8A47043680646694607F5D47021
:105190001D6808F03DF9002105F58053D98019817B
:1051A000D97224233046EB60FFF75EFE044650B10F
:1051B00010F1780F07D0204A0121204806F0BFFEE9
:1051C000204609B0F0BD80213046FFF74DFE044671
:1051D00020B110F1780F01D0194AEDE742F21174B5
:1051E0002B6823F002032B60EB69990717D4012386
:1051F00042F211742B602B68DA0716D4EB69DB07D7
:1052000013D49022002107F1A00008F0CBFB40222C
:10521000FF2107F5987008F0C5FB0024D0E7013C9A
:10522000E5D0012007F0B6F8DEE7013CE9D0012027
:1052300007F0B0F8DFE700BF2EFA000C04E2000C24
:1052400055FA000C2DE9F3410027456840232E68EC
:105250003A46394600978046FFF7C2FD044660B1E2
:1052600010F1780F09D03B4601211F4A1F4805F075
:1052700097FA204602B0BDE8F08140230022802149
:1052800040460097FFF7ACFD044620B110F1780FBF
:1052900001D08023E8E706F58054E37A0A2043F042
:1052A0000703E372E37A03F0EF03E372E37A03F0B8
:1052B000F703E372E3889BB243F00103E380042326
:1052C00033616378AA69DBB2022A0CBF43F0200382
:1052D00003F0DF03637007F05DF8637843F0400389
:1052E00063700024C5E700BFECFA000C04E2000C78
:1052F0002DE9F04F056989B007464468D5F8A480C8
:1053000005F1840007F01CFF08F1880008F027FB76
:105310006049C8F8A07108F5D47008F06DF895F8E8
:1053200080304FF0400923F0760343F0760385F890
:105330008030A369022B01BF95F880304FF4806A5A
:1053400043F0010385F8803018BF40F2FF3A002592
:105350006368AB4228D800254FF0400B6368AB422E
:105360005FD8002688F89C60C8F88C61A8F8966120
:10537000D4E904124FF0000A4FF0000B6FF007035E
:105380000120CDE906ABCDE90330CDE90166404609
:10539000414B009703F086FB3968404608F069F8F6
:1053A0003846636A984720E0E2686B0102EB4512D9
:1053B000917C41F040019174E268D5B9917C41F053
:1053C00001019174E268A2F81090E26838461A442C
:1053D0001576E168194406F0E4F90646F8B12B4663
:1053E0002E4A01212E4805F0DBF9304609B0BDE810
:1053F000F08F1A44917C41F004019174E2681A44E0
:10540000917C41F002019174E2681A44917C41F070
:1054100008019174E2681A44A2F810A0D5E701359A
:1054200096E7A2686B0102EB4512917C41F02001E6
:105430009174A268ADB9917C41F001019174A268A8
:10544000A2F810B0A26865F07F011A441176A16835
:105450003846194406F0A5F90646C0B1114A2B4654
:10546000BFE71A44917C41F004019174A2681A4488
:10547000917C41F002019174A2681A44917C41F040
:1054800008019174A2681A44A2F810A0DAE7013565
:1054900064E700BFF3BE000C35C5000C06FB000C32
:1054A00004E2000C29FB000C38B5436804461D6873
:1054B0000369A033D3E8AF3F5B0707D4114802214B
:1054C000114A06F03CFD6FF00C0038BD05F5805523
:1054D0006B7803F0FD0343F004036B70002114208C
:1054E00008F0ACF86B78002103F0FB0320466B70EA
:1054F000FFF734FC00220221204606F070F900205C
:10550000E3E700BF04E2000C4BFB000C2DE9F04F79
:10551000036989B0D3F8A440436801901D6805F57C
:1055200080566B6996F80A807788B2885FFA88F8A7
:1055300092B206929A0642BF20226A61EA60580738
:10554000BFB256D54FF0040918F0040FC5F81490F7
:105550003FD0002504F5C87084F89C50C4F88C51E5
:10556000C4F8945106F0BCFC04F5BA7006F0B8FC1F
:1055700004F5BC7006F0B4FC04F5BE7006F0B0FC97
:1055800004F5C27006F0ACFC04F5C47006F0A8FC8B
:10559000F38840209BB243F00103F380B57306F01B
:1055A0000BFC494600F00F0086F8620086F86300A5
:1055B000B4F83031DB08A6F86430B4F85031DB08B9
:1055C000A6F8663004F1880009B0BDE8F04F06F097
:1055D000DFBE18F0010F04D0082104F1880006F0A6
:1055E000D7FE18F0020F04D0102104F1880006F055
:1055F000CFFE0022B273B17CCBB2490707D5B37C92
:1056000003F0FB03B37484F89C20B37CDBB2DA06AE
:105610001FD5B37C43F08003B374002384F89C301F
:10562000B37CDBB2DB0752D5326AC4F89420336A0C
:10563000C4F898301B0C1BD1B37C43F04803B374FF
:10564000032384F89C30012104F1880006F0A0FEB9
:105650003DE094F89C20032A39D801A151F822F0AA
:105660002556000CC556000C1B57000CB756000CF5
:10567000100605D5B37C43F04003B3740123E0E783
:10568000B27C04F5C87042F04002B2740222A4F861
:105690009431002384F89C20D4F89420A4F8963107
:1056A000C4F89821D4F89820C4F88C31C4F89C210F
:1056B00006F016FCC7E7F90709D5002384F89C30EB
:1056C0000221C1E7FA0702D513F00203F6D04FF02A
:1056D00001087B08009305F581530433CDE90233BB
:1056E00004F5BC73049305F580530593009B002BD0
:1056F00060D10126069BDDF800A04FEA530805F5AE
:105700008055B8F1000F40F01A81069B13F0FE0F90
:1057100000F07B814FF4807154E7DB07D7D596F812
:1057200018805FFA88F918F07F0810D1B37C012245
:1057300043F04803B374032384F89C3004F5C0732A
:10574000D3E8EF1FC3E8E02F0028B9D0F8E7D4F87A
:105750008C314BB9012204F5C873D3E8EF1FC3E8BD
:10576000E02F0028B3D0F8E703F10C0A504606F00A
:105770001BFB404528BF404601468346504605F086
:1057800062F95A46014605F5815006F023FBB4F84C
:10579000963119F0400F98441FFA88F8A4F89681C2
:1057A000C4D0B4F894314345C0D9B37C43F040032E
:1057B000B37485E7009BDF0752D55FFA88F1EFF3FA
:1057C00011830793202383F31288BFF36F8F01F0B7
:1057D0000F03B373019841F0800196F8129005F021
:1057E000D3FF5FFA89F90746F8B105F0F4FF824666
:1057F0004146049806F064FB19F0200F17D0B37CE3
:10580000059A03F0DF03B374B37C43F00803B37469
:10581000B37C980742BFB37C43F00803B374059B85
:105820009B7C03F0FE03937409E08246E0E7BAF143
:10583000000F04D097F8149019F0020919D04FF016
:1058400000090022059B9A73079B83F31188BFF31D
:105850006F8FB9F1000F03D04946019805F0CBFFD7
:10586000009B08F101085B080093039B043303933A
:105870003CE7BAF810B0BBF1000F20D041460498C5
:1058800006F08AFD798BBAF81030C1F30A0199420B
:1058900028BF1946494509D80AF10C0005F0FBF864
:1058A00005F58052937C43F00103BCE7DAF80C3035
:1058B000039A13F8093009F101091370EAE79AF81D
:1058C000193019070AD54146049806F065FD9AF883
:1058D00019306BF3C3038AF81930E1E7384605F055
:1058E00076FF8146384605F076FF83460028A8D02B
:1058F00097F814A01AF0020AA3D14146049806F0C2
:105900004BFD798BBBF81030C1F30A01994228BFD7
:10591000194651450AD80BF10C0005F0BCF805F505
:105920008052937C43F0010393748AE7DBF80C30D8
:10593000039A13F80A300AF1010A1370E9E718F024
:10594000010F17D0F1B2EFF3118B202383F31288EC
:10595000BFF36F8F01F00F03AB73AA7DD3B2520672
:105960000FD503F0BF03AB7585F80EA08BF311883C
:10597000BFF36F8F029B4FEA58080433013602933E
:10598000BFE601982F8B05F0FFFEBFB20090C0B3B9
:1059900005F021FFA8B3C7F30D09B9F1000F18D026
:1059A00000F10C07384606F0FFF94845024628BFCB
:1059B0004A4638461146039205F045F80146DDE9AE
:1059C000020206F007FA009B5A8BC2F30A029145C5
:1059D00004D2AB7D03F0FE03AB7508E0384606F059
:1059E000E3F950B9314604F5C27006F0D5FC3146F2
:1059F00004F5BE7006F0D0FCB6E7AB7D03F0FE0305
:105A0000B1E7314604F5C470F4E709B0BDE8F08FA2
:105A10002DE9F04F8846436881461146404685B0DF
:105A200016461C6805F0D9FE98F814A01AF0020A70
:105A300040F0A68098F8185035F0800200F0A4805D
:105A40002A0600F19680D9F810302946D3F8A470C0
:105A500007F5C2731846019306F0ADFCA8B1EFF349
:105A60001181202383F31288BFF36F8F04F58053D5
:105A700005F00F029A739A7D02F0FE029A7583F880
:105A80000EA081F31188BFF36F8F294607F5C4700C
:105A900006F091FC8046002872D0EFF31183019349
:105AA000202383F31288BFF36F8F05F00F0204F5F4
:105AB000805B294648468BF80E2005F065FE82463D
:105AC00000284DD005F087FE002849D005F58162F9
:105AD00000F10C0604EB82033046029306F064F9F1
:105AE000BBF818900246C9F30D09484528BF4A463D
:105AF00030461146039204F0A6FF0146DDE902029A
:105B000006F068F9BAF81A20C2F30A0291451DD2CC
:105B10009BF8162002F0FE028BF81620294607F5A6
:105B2000BE7006F039FC002304F58054A373019B7A
:105B300083F31188BFF36F8FB8F1000F20D04FF4BB
:105B4000807107F1880006F023FC19E0304606F06A
:105B50002BF928B9294607F5C27006F01DFCDDE7D0
:105B60009BF816204FF0000802F0FE028BF816207A
:105B7000D9E7334642462146D9F8100006F032FCF8
:105B8000002005B0BDE8F08FD9F81030D3F8A4702C
:105B9000002D43D004F58054B8F81A50A273717EDA
:105BA0004B0701D50221CCE7A37C98075FFA83F865
:105BB00006D502214346494A494804F0F1FDDFE792
:105BC000338A4BB9090707D4012387F89C30A37C9B
:105BD00043F00A03A374D3E7C5F30A05AB4228BF19
:105BE0002B469946914513D8494606F10C0004F01E
:105BF00052FFA94548F0020304D3328A22B9727ECB
:105C0000120701D448F00A03012287F89C20E1E73B
:105C1000F3689B5C013284F82030E3E7737E13F075
:105C20000105ADD1EFF31189202383F31288BFF36F
:105C30006F8FC7F88C6107F5C87006F051F908B38B
:105C400004F5805888F80E5098F818505FFA85FAD5
:105C500015F07F051BD198F81230012243F048035C
:105C600088F81230032387F89C3007F5C073D3E817
:105C7000EF1FC3E8E02F0028F9D1022107F18800C7
:105C800006F086FB89F31188BFF36F8F78E70C3637
:105C9000304606F089F8A84228BF284601468346C8
:105CA000304604F0D0FE5A46014604F5815006F015
:105CB00091F8B7F896311AF0400F1D44ADB2A7F82D
:105CC0009651C8D0B7F89431AB42C4D998F8123085
:105CD00043F0400388F81230D4E700BF7FFB000C8C
:105CE00004E2000CF8B500AFB8B96C4688B06A465B
:105CF000344B4FF4E2510593334B344806934FF441
:105D00000073ADF81C30324B42F8103F06F05FFED6
:105D1000A5466FF01500BD46F8BDB0F1205F4FEA13
:105D2000906415D36D468AB06A462A4B4FF41151E0
:105D30000593254B2548CDE906344FF40073ADF8A3
:105D40002030254B42F8103F06F041FEAD46E0E71B
:105D5000631EDBB2082B2ED8204A214DD15C214A8C
:105D6000D65C214AD25CEB5CC5B28D420BD8C0F345
:105D7000052CB44507D8C0F30556964203D8C0F3A6
:105D8000853098421CD96E468CB06A46174BCDE9D7
:105D9000084105930C4B4FF45151CDE906354FF4B2
:105DA0000073ADF82830124B084842F8103F06F057
:105DB0000EFEB546ADE73F2300211A461E46D3E747
:105DC0000020A8E7D8FB000C2B06010C6CE1000CAE
:105DD0000300000106FC000C040000018005010C1A
:105DE0006505010C7705010C6E05010C24FC000C07
:105DF000060000012DE9F3470C46002519494368C8
:105E00002143804616461F68019506F0E3FD0228EF
:105E100004D03560002002B0BDE8F0874FF0060ADC
:105E2000B4FBFAF95FFA89F52946404601AA06F063
:105E30005CFE0028EFD10AFB1944E4B2032C94BFA6
:105E40004C375037AD003D442B6804F00304E400A8
:105E5000E34013F03F03DDD0019AB2FBF3F232606E
:105E6000D8E700BF00FFFF0F2DE9F04F83B01C46BD
:105E700043680D4692469A68002302EB8108464922
:105E800000AF29437B608146D0F810B0D8F820607D
:105E900006F0A0FD02284FF000034AD1D8F82010E8
:105EA00001F00F01514518D16C4688B06A463B4B52
:105EB00053613B4B3B4893614FF4007393833A4BE0
:105EC0004FF4E25142F8103F06F081FD6FF085007B
:105ED000A5460C37BD46BDE8F08FBAF1060F07D1D5
:105EE0008B1F052B04D86C4688B06A462F4BDFE722
:105EF0000B290AD8DFE801F006202E39393C414150
:105F000041414141DBF800307B60D8F82020012D71
:105F10004FEA124218BFD2B2F30435D51D2A28BF6A
:105F20001D220123013292B293409AB27B68B3FBE7
:105F3000F2F300202360CCE7AB1EDAB2092A04D8C2
:105F40000BEB830BDBF80430DEE76C4688B06A4667
:105F5000174BADE7012D1BD00C22012148463B1DFC
:105F6000FFF782FF0028D0D0B3E74FF40043CBE720
:105F70004846391D00F01EF8F4E7063948463A1D38
:105F8000C9B2FFF737FFEDE7012A38BF0122CDE79D
:105F90006FF05B009DE700BF00FFFF1B51FC000C92
:105FA000BF05010C6CE1000C0300000173FC000C48
:105FB00095FC000C37B50C4641680A68136913F468
:105FC000807303D10020236003B030BD136BDB0767
:105FD00001D4094BF6E78B68D56BD3F88010052206
:105FE00001AB01F00F01FFF73FFF0028ECD1019B4F
:105FF000ADB26B432360E7E7006CDC022DE9F04FA4
:1060000083B043688146D3E900BA0E46144600AF18
:10601000CDB2D2B96C4688B06A46984B4FF4E25183
:106020000593974B974806934FF40073ADF81C30D7
:10603000954B6FF0150842F8103F06F0C8FCA546D6
:1060400040460C37BD46BDE8F08F08467B60FFF741
:1060500049FE7B688046B10EC0B16C468AB06A4684
:106060008A4B08950593864B8648CDE906314FF457
:106070000073ADF82430864B4FF4315142F8103F95
:1060800006F0A5FCA5466FF08508D9E7082900F2BF
:106090007081DFE811F0090013007600C500E2000E
:1060A000E8000D0159016601DBF81430227823F075
:1060B000800343EAC213CBF81430C1E7D9F80430A7
:1060C000A1789A681D68D2F8803061F30303C2F8A2
:1060D00080306378002B3AD02B6BDFF8B89143F017
:1060E0000102DBB243F001032A632B6301F05EFE81
:1060F0000646AB6FA3B101F059FE831B4B45F8D99F
:106100006C4688B06A46644B5361644B93614FF4AC
:10611000007393835C4B4FF4E25142F8103F07E168
:10612000EA6BA3886FF30F021343EB6301F03EFEAB
:106130000646DFF86091AB6F4BB101F037FE831B71
:106140004B45F8D96C4688B06A46554BDCE7EB6A9C
:10615000227803F07F0343EAC213DBB2EB6201F063
:1061600025FE04464B4EAB6F002B3FF469AF01F0A8
:106170001DFE031BB342F6D96C4688B06A46494BF4
:10618000C2E72679D9F804300B2ED3F800901EDC34
:106190009B6803EB850ADAF88430334343F040030D
:1061A000CAF8843001F002FE8346DAF884305B06D8
:1061B0000DD401F0FBFD374AA0EB0B039342F4D959
:1061C0006C4688B06A46384B0593384B9EE70B2ED9
:1061D000D8BF002609F1440252F825302188C8BFF3
:1061E0000B3E61F3090342F8253009F1480252F8E9
:1061F0002530A17809F1400961F3050342F8253003
:1062000059F82530E278C8BF360223F4F063C8BFDE
:1062100006F4E06643EAC2131E4349F825600FE71F
:10622000D9F8043019680623B5FBF3F203FB1253C7
:10623000D8B2032894BF4C31503192000A443F2118
:1062400003F003031068DB00994020EA0100217885
:1062500001FA03F303431360F2E6237803F0030328
:10626000CAF81030ECE6DAF81C30227823F080030C
:1062700043EAC213CAF81C30E2E600BFB3FC000CCC
:106280003E06010C6CE1000C03000001D2FC000C86
:1062900005000001BFD40100FCFC000C1606010C37
:1062A00031FD000C64FD000CCFFD000C0206010C5A
:1062B000D9F804A0012DDAF80810D9F8106001EB24
:1062C00085010A6A238822F4005222F00F024FEA65
:1062D00002424FEA124201D0FF2B01D842EA0342A8
:1062E000E378A07803F00F0343EA403313430B62D3
:1062F00001F05CFD8146DFF888B0DAF808305B68B1
:10630000DBB101F053FDA0EB09035B45F5D96C4609
:106310008AB06A461B4B4FF4115105931A4BCDE9D5
:1063200006354FF40073ADF82030184B42F8103F9B
:10633000174806F04CFBA54682E6002D7FF480AEA0
:10634000E37886F83A307BE69B68C6F3052603EBD4
:106350008603D3F88020217861F30302C3F88020FC
:106360006EE6D9682378CA6822F0FF021343CB6037
:1063700066E60121074A064804F009FA83E600BFF1
:10638000BFD4010099FD000CEA05010C04000001D6
:106390006CE1000C16FE000C2DE9F04782B00023E2
:1063A000D0F80480D0F810A000AF06460846894611
:1063B00015467B60FFF796FC0446A8B16C4688B092
:1063C0006A46414B5361414B414893614FF400731E
:1063D0009383404B4FF4E25142F8103F06F0F7FA36
:1063E0006FF08500A54616E04946304606F0F2FA01
:1063F00002280ED14FEA99635FFA89F1092B5DD823
:10640000DFE803F00513181D2210373D4A4ADAF879
:10641000004000202C600837BD46BDE8F0874FF4EF
:106420008064F6E74FF40044F3E729463046FFF76F
:10643000C1FDF0E72A46304606F057FBEBE72A4657
:106440003046FFF7D7FCE6E773685A68136903F034
:106450000303012BE3D0991E0129E3D8D46914F07A
:106460000204D6D0032B14BF4FF400444FF48064D1
:10647000CFE72B460C223046FFF7F6FCCBE7D8F8E7
:106480000830C9F3052909F1200953F829100C2215
:106490002B4601F00F01EEE70C22002130463B1D98
:1064A000FFF7E2FC0028B6D1D8F80C307C68DB6836
:1064B00013F0FF03ADD0B4FBF3F4AAE76C4688B049
:1064C0006A46054B7EE700BFFCFD000CD605010CBB
:1064D0006CE1000C0300000112FE000C2DE9F84FE6
:1064E000D0F804A0D0F8108000AF0846DAE9004BDD
:1064F0000E46DAF80890CDB2FFF7F4FBA8B16C466F
:1065000088B06A46494B5361494B4FF4E25193615D
:106510004FF400739383474B474842F8103F06F00F
:1065200056FAA5466FF085000DE0B30E092B77D81B
:10653000DFE803F0050C112776484F5C7667636946
:1065400023F002036361BD46BDE8F88FE36A23F0E0
:106550000203E362F7E7403454F8253023F00203E6
:1065600044F825300123D8F83020AB4022EA03025A
:10657000C8F83020D8F82C2022EA0302C8F82C20D2
:10658000E1E70623B5FBF3F203FB1253D9B203296B
:106590004FEA820294BF4C3450341444012203F079
:1065A0000303DB002168073302FA03F321EA030344
:1065B0002360B8F838300635AA4023EA0203A8F869
:1065C0003830C0E7DBF81C3023F00203CBF81C3076
:1065D000B9E725B96C4688B06A46184B93E709EBD2
:1065E00085052B6A23F480732B62ACE7C6F305267E
:1065F00009EB8609D9F8803023F04003C9F88030D0
:10660000A1E70121DAF80C30C6F3055203EB82034F
:10661000DA6BC6F38536B14022EA0102DA6392E70B
:106620000121074A044804F0B2F87BE7FCFD000CA6
:10663000B005010C030000016CE1000C31FE000C00
:1066400016FE000C2DE9F0474FF00108436806697B
:10665000D3F8009000AF09F1400252F821300C4607
:1066600043F0020342F8213001F1180308FA03F85D
:1066700001F09CFB0546DFF858A0D9F8103038EA45
:1066800003031CD001F092FB431B5345F5D96D4623
:106690008AB06A460F4B10480593104B4FF41151C6
:1066A000CDE906344FF40073ADF820300C4B42F8BE
:1066B000103F06F08CF96FF07300AD4605E0012243
:1066C0000020F36AA2401343F362BD46BDE8F087A1
:1066D000FF0D27075DFE000C6CE1000CBE06010CEF
:1066E000040000012DE9F04F83B00546D0F804B056
:1066F00000AF08460C46FFF7F5FA0646C8B16C46EF
:1067000088B06A46794B5361794B4FF4E2519361FB
:106710004FF400739383774B774842F8103F06F0AD
:1067200056F96FF08506A54630460C37BD46BDE8E4
:10673000F08F2146284606F04DF9022800F0D3805C
:106740006A68A00E11689368092800F28180DFE86A
:1067500000F0053439527F575D677F724B6943F013
:1067600002034B61230E032B03F0FC0A40F28A80E4
:10677000BAF1140F05D8614B23FA0AF3DA0700F1D6
:106780008180DBF814804FF00009BAF1140F7CD13E
:10679000DBF80430DB68DB07C6D4594B1B78002BD1
:1067A0007AD101F003FB02467A6001F0FFFA7A68C1
:1067B0005449831A8B42F7D979E0CB6A43F002033C
:1067C000CB62CFE70F20E1B24B1C2A6903EB4303F6
:1067D0005B0000FA03F3108F034205D02846FFF751
:1067E00031FF0028BED048E0012303FA01F1136B0A
:1067F0000B431363B6E72846E1B206F0CDF9F0E7A4
:106800005268D36943F00203D361ABE714F0FF028F
:10681000A8D003EB82031A6A42F480721A62A1E7DD
:10682000C4F3052203EB8203D3F8802042F0400238
:10683000C3F8802096E7D268C4F3055302EB8302C5
:106840000123D16BC4F3853083400B43D36389E7C5
:106850006C468AB06A462C4B4FF4115105932B4B72
:10686000CDE906304FF40073ADF82030284B2248B4
:1068700042F8103F06F0ABF8A5466C4688B06A4671
:10688000244B40E74FF4FA687DE72146284606F09E
:10689000A1F8022881D147E7FBF72AFD1E4B1B58C0
:1068A000002B3FF47EAF0A20002106F0C7FE09F15D
:1068B0000109C145FFF469AF6C4688B06A46174BC1
:1068C0004FF4E25105930A4B0B4806934FF40073C3
:1068D000ADF81C30074B6FF0730642F8103F06F01E
:1068E00076F8A54620E76FF077061DE7FCFD000C63
:1068F000A205010C030000016CE1000C1011100056
:1069000031130020BFD4010078FE000C9905010C62
:1069100004000001A0FE000C08000000BEFE000CF8
:106920002DE9F04143682F4A1D6804696B69487A74
:106930001A400B7C00021B0600F4706003F04073E9
:106940000343087A00AFC001C0B203438878400116
:1069500000F020000343887A000100F01000034398
:10696000C878C00000F0080003434878800000F0B9
:10697000040003430878400000F00200034313437F
:106980006B614B6823600B7803B301F00FFA064686
:10699000DFF854802B69DB071BD401F007FA831B57
:1069A0004345F7D96C4688B06A46104B4FF4E25124
:1069B00005930F4B0F4806934FF40073ADF81C304E
:1069C0000D4B42F8103F06F002F8A546BD46BDE863
:1069D000F081636B43F480536363238F43F00103BF
:1069E0002387F3E741F0FFFCFF0D2707D3FE000CE0
:1069F000AE06010C6CE1000C030000012DE9F0472C
:106A000006690C46338F00AF9D0614D56C4688B0DE
:106A10006A46864B4FF4E6510593854B06934FF437
:106A20000073ADF81C30834B42F8103F824805F0EC
:106A3000CEFFA546CDE096F83A30052B00F0AB80AE
:106A400043681D689A68EB6A23F00203EB628B7857
:106A5000012B67D10978736BCB40D80713D46C46F0
:106A60008AB06A46754B0593714BCDE90631032315
:106A700008934FF40073ADF82430714B4FF4335149
:106A800042F8103FD2E7D2F88030DFF8B8A161F3C6
:106A9000030343F04003C2F8803001F087F98046D9
:106AA000DFF8A491DAF880305A0600F1958001F001
:106AB0007DF9A0EB08034B45F4D96C4688B06A46D3
:106AC000624BA7E02B6B627903F0490343EAC213E0
:106AD000A279DBB2520102F020021343E279DFF81F
:106AE0006891120102F010021343227A920002F020
:106AF00004021343627A520002F00202134343F08D
:106B000001032B6301F052F98046AB6F53B101F0E2
:106B10004DF9A0EB08034B45F7D96C4688B06A469F
:106B20004B4B77E0EB6AE27803F07F0343EAC21352
:106B3000DBB2EB626278EB6A520002F0020203F011
:106B4000FD031343EB6201F031F98046DFF8F89062
:106B5000AB6F53B101F02AF9A0EB08034B45F7D90D
:106B60006C4688B06A463B4B54E06378002B30D0CB
:106B700001F01CF98046DFF8E0902B69DB051ED49C
:106B800001F014F9A0EB08034B45F6D96C4688B028
:106B90006A46324B3EE06D4688B06A46304B4FF451
:106BA000E6510593224B244806934FF40073ADF849
:106BB0001C30204B42F8103F05F009FFAD466378CA
:106BC0003BB1736B43F400537363338F43F0200383
:106BD0003387BD46BDE8F087A37AEA6BA1891B0421
:106BE00003F4FE036FF316020B431343EB6301F050
:106BF000DDF88046DFF85090AB6F002B3FF462AFBA
:106C000001F0D4F8A0EB08004845F5D96C4688B0EF
:106C10006A46144B5361064B4FF4E25193614FF4B3
:106C200000739383034B42F8103FFFE6ECFE000C29
:106C30009B06010C030000016CE1000C1DFF000C21
:106C40000500000100000144BFD40100C2FF000C98
:106C5000FCFC000C64FD000CFF0D2707A6FF000CD8
:106C60006CFF000C31FD000C2DE9F04F83B0D0F823
:106C700010900D78D9F8306000AFEE4016F00103A7
:106C80000C467B6040F0A18091F807B0D9F8343011
:106C900023FA0BF3DE0717D46C468AB06A46604BC2
:106CA0004FF4335105935F4BCDE906350323089329
:106CB0004FF40073ADF824305B4B42F8103F5B4853
:106CC00005F085FEA54680E04368BBF10B0FD3F8C5
:106CD0000080D3F810A01EDC9E6806EB8506D6F86F
:106CE00084204BEA020242F04002C6F8842001F000
:106CF0005DF80246D6F884003A6041060BD401F0F4
:106D000055F83A684A49801A8842F3D96C4688B0E7
:106D10006A46484B77E008F1440252F82530618911
:106D2000BBF10B0F61F3090342F825304346217B89
:106D300053F8482FC8BFABF10B0B61F30502C8BF76
:106D40004FEA0B2B43F82520C8BF0BF4E063A07972
:106D5000C8BF7B60637908F1400252F82510C00279
:106D6000DB0100F46050DBB27E6821F47E51034306
:106D70000B431E4342F82560E2892F4BD8F86C1074
:106D800003EA0243228A6FF3DE11D20192B2134367
:106D90000B43C8F86C3001F009F80646DFF890B0F4
:106DA000D8F878305A0614D501F000F8831B5B45FB
:106DB000F6D96C4688B06A46204B24E00122D9F807
:106DC0003030AA401343C9F830300C37BD46BDE817
:106DD000F08F2379002BF8D0DAF81C30184E43F4EA
:106DE0008033CAF81C3000F0E1FF0446DAF80C30BA
:106DF000DB05E3D400F0DAFF031BB342F6D96C469F
:106E000088B06A460F4B5361064B4FF4E2519361D1
:106E10004FF4007393830C4B42F8103F4FE700BFD1
:106E2000F2FF000C8C06010C050000016CE1000C67
:106E3000BFD40100CFFD000C0000FF7F6700010CF4
:106E4000FF0D27073600010C030000012DE9F84370
:106E500006248C4609780569B1FBF4F62B8F01F105
:106E6000060823FA08F3DB0704FB161400AF17D556
:106E70006D468AB06A46214B5361214B1462C2E9C8
:106E800006364FF4007393841E4B4FF433511E4863
:106E900042F8103F05F09BFDAD46BD46BDE8F883C6
:106EA0004FF03F094368032C1A684FEA8603D4BFAA
:106EB0004C325032134404F0030E1A684FEACE0EDF
:106EC00009FA0EF922EA09099CF8052002FA0EF2E5
:106ED00042EA09021A609CF8043023B96D468AB070
:106EE0006A460A4BC8E705F057FE0028F6D1012391
:106EF0002A8F03FA08F313432B87CEE79100010C86
:106F00007906010C050000016CE1000CC600010CC3
:106F10002DE9F041056900AF2B8FDA0616D56C46D6
:106F200088B06A46344B4FF4E6510593334B0693D1
:106F30004FF40073ADF81C30314B42F8103F31482C
:106F400005F045FDA546BD46BDE8F08143680A7CD5
:106F50005C68CB7B52009B0002F0020203F004034A
:106F600013438A7B606902F0010220F0070013439B
:106F700003436361E36924480A7B18404B7A120299
:106F80009B0402F4706203F4701313430A7AD20173
:106F9000D2B213434A78920002F0040213430A78F3
:106FA000520002F0020213430343E3610B78002B0B
:106FB000C9D000F0FBFE0646DFF85080E368DB072F
:106FC00015D400F0F3FE831B4345F7D96C4688B017
:106FD0006A460F4B4FF4E2510593084B06934FF46A
:106FE0000073ADF81C30064B42F8103FA7E72B8F1B
:106FF00043F010032B87A6E7FD00010C6606010C89
:10700000030000016CE1000C79F0C3FFFF0D2707BE
:107010002C01010C2DE9F04706690D78736B0C46C5
:10702000EB40DA0700AF17D56C468AB06A46514B81
:107030004FF413510593504BCDE906354FF40073CF
:10704000ADF820304D4B42F8103F4D4805F0BFFCE5
:10705000A546BD46BDE8F08791F807C0338F23FAF7
:107060000CF3DB0713D46C468AB06A46454B4FF4E9
:1070700033510593404BCDE90635032308934FF474
:107080000073ADF82430404B42F8103FDDE7D0F8F4
:107090000480012DD8F80820638A02EB8502116A6A
:1070A00021F4745121F00F014FEA01414FEA1141DF
:1070B00001D0FF2B01D841EA03416379003B18BF9F
:1070C000012341EA4331237C0BB141F48051637DBC
:1070D000207ADB02800200F4806003F40063034343
:1070E000207D0CF00F0C400243EA0C0300F400700A
:1070F00003432079DFF894A0000200F4807003437A
:107100000B43136200F052FE8146D8F808305B68EA
:10711000BBB100F04BFEA0EB09035345F5D96C461B
:107120008AB06A461A4B4FF411510593124BCDE9C0
:1071300006354FF40073ADF82030104B42F8103F85
:1071400083E7AB1E092B0FD8E26806EB83035A6076
:107150000122736BAA401343012D736302BF338F67
:1071600043F00203338774E7002DF1D1E37986F809
:107170003A30EDE74B01010C5306010C040000010D
:107180006CE1000C7D01010C05000001BFD4010081
:1071900099FD000C2DE9F04F924B87B0DFF8489233
:1071A00000AF0125C7E900934FF4606A30233946E8
:1071B00046680446C7E902A3D0F810803D6140F25A
:1071C000011BFFF7ADFB4FF40043C7E900B340F2EA
:1071D0000713864A3946C7E90223002320463B614C
:1071E000FFF796FEB368DFF808921D7000F0DEFD31
:1071F0000546B368D3F804A0BAF1000F1ED000F022
:10720000D5FD431B4B45F4D96C4688B06A46794B93
:1072100079480593794B4FF4E25106934FF400738C
:10722000ADF81C30764B42F8103F05F0D0FB6FF004
:107230007300A5461C37BD46BDE8F08F0523032625
:1072400088F83A3001254FF006084FF00209142261
:107250000021381D06F0A6FB6A4B394620463B60EC
:1072600087F807807D823D71FFF7D4FE142200214C
:10727000381D06F097FB644B394620463B6087F883
:107280000780A7F812903D71FFF7C4FE1422002179
:10729000381D06F087FB5D4B39463B6007232046CF
:1072A000FB717D823D71FFF7B5FE14220021381D70
:1072B00006F078FB564B39463B6008232046FB71AD
:1072C0007D823D71FFF7A6FE14220021381D06F0D5
:1072D00069FB504B394620463B607D823D71FFF78C
:1072E00099FE4FF001334C4A3946C7E90023204646
:1072F00003F17F43BB60BD81FFF780FB4749484BEB
:107300004FF00308C7E900134FF096733946204643
:10731000C7E90238C7F810A0FFF7A6FC40F6012322
:1073200040483946C7E900032046FFF78FFD41F684
:107330000113DFF8F4C039462046C7E900C3FFF760
:1073400085FD40F601434FF4006BDFF8E0E039467D
:107350002046C7E900E3FFF779FD354B3946204663
:10736000C7E9003BFFF772FD324A39462046C7E9BC
:10737000002BFFF76BFD304A39462046C7E9002B4A
:10738000FFF764FD013E7FF45DAF636832465B68E2
:1073900020462A491D612B4605F031FC2B464A4602
:1073A0002046274905F02BFC2B464246204625491E
:1073B00005F025FC2B4604222046234905F01FFC3E
:1073C0002A462046214905F02FFC2A46204620491E
:1073D00005F02AFC20462A461E4905F025FC3046C9
:1073E00028E700BF001BB7000100000100000101F9
:1073F000BFD40100D001010C6CE1000C8905010C27
:107400000300000100FFFF1B01FFFF1B02FFFF1B2A
:1074100003FFFF1B04FFFF1B0101000100C0FF0B66
:107420000100010C00FFFF0F01FFFF0F02FFFF0F24
:1074300003FFFF0F04FFFF0F05FFFF0F30E7FF1FE4
:1074400037EEFF1F35ECFF1F10D2FF1F3E7F3424A5
:107450000E3F05240B7F042408B5074805F076FD90
:1074600038B10648FBF79CF90448F9F75DFD0020A8
:1074700008BD6FF01200FBE780DB000C8174000C8C
:107480000A2838B50446074D04D1AB680D212846BB
:107490005B689847AB6803485B68E1B29847204651
:1074A00038BD00BF80DB000C2DE9F04305460E46D9
:1074B0001446984685B00769D0F804901022002140
:1074C000684606F06FFA7D6099F80830B4F5001F41
:1074D0008DF80230BB6818BF44EA0804F34003F09B
:1074E00001038DF80330D9F80430B4F1107F029312
:1074F000194B8DF801600393019722D00AD8B4F597
:10750000001F18D015480121154A03F040F96FF00B
:10751000150013E0B4F1A86F1AD007D8B4F1507F6A
:1075200018D0B4F1886FEDD104230BE0B4F1E86F0B
:10753000E8D1032306E06846FDF7ACFA05B0BDE8E4
:10754000F083052368468DF80030FDF747FBF5E72B
:107550000123F7E70223F5E7EBCC000C7CE1000CFC
:107560002802010C10291FB528BF10210C460C4B16
:10757000D3F8E02112BA0092D3F8E42112BA0192B2
:10758000D3F8E82112BA0292D3F8EC310A461BBABA
:107590006946039306F0F9F9204604B010BD00BF18
:1075A0000070000A0346F0B553F8186D054672687E
:1075B00085B0D16892685C1A154BE4105C430C23CB
:1075C0006343D718D058397905F013FC031E08DA45
:1075D000012100930F4A23460F4803F0EBF805B052
:1075E000F0BD15F9082C9A42F9D04FF0FF304FF05A
:1075F000FF3105F8083C3A89CDE902010121003B41
:1076000018BF012330460091FDF760F9E7E700BF9E
:10761000398EE3388802010C74E1000C2DE9F04F3B
:1076200085B045684FF00009EB6802AF18331E467D
:1076300038607B606B684B4505DC2B7D002B40F090
:10764000A380002422E00C2303FB09F8AC6854F863
:10765000080004EB080B05F079FC54F808400346D9
:10766000C8B921686C4688B002AA4B48C2E9050136
:107670004FF400719183494942F8101F4FF4E251D1
:107680004748F9F7FDFEA5466FF0120420460C3777
:10769000BD46BDE8F08FBBF806E09BF804104EF441
:1076A00080324FF0010C20690CFA01FC03681EF0D7
:1076B000010FD4F808B014BF43EA0C0323EA0C030B
:1076C0000360DBF8003020469847044638B14B464B
:1076D000344A00900121324803F06CF8D6E73B6849
:1076E000304646F8183C296905F086FE2B7D002BB4
:1076F00046D10123D5F808A0A6F114010AEB080B26
:107700009BF8042003FA02F2274B46E904325AF8A8
:1077100008008268D46964B10122A047041E0BDA14
:107720000121224A1E4803F032F8214A4B460094B8
:10773000D0E76FF05704F3E79BF804105AF80800FD
:1077400005F057FB06F8080CBBF806305AF808009D
:107750009BF8041003F04003826894696CB14FF009
:10776000A07243F0C063A047041E09DA012123463A
:10777000104A0B4803F014F8D7E76FF05704F5E709
:1077800009F10109483655E70A232A687868A2FBFF
:10779000032301F013F954E74CE7000C0300000148
:1077A00074E1000CA402010C1BCE000CC402010CFD
:1077B000E002010CE702010C2DE9F043002501274E
:1077C000DFF8E0E000F1020CEBB2994202D80020B1
:1077D000BDE8F08330F825403CF82560C4F342282A
:1077E00004F00F03B8F1010F5EF82330C4F3041264
:1077F0002AD15BB303EB52084FEA143998F83040B2
:1078000012F0010F15BF04F00F0404F0F00444EA75
:10781000091449EA040488F8304003EB020898F898
:10782000404044F0010488F8404016F0010F07FA88
:1078300002F803EB02040BD116F0020F0ED194F8FC
:10784000409009F0FB090DE0002BEED10135BBE7BC
:10785000D3F8109048EA0909C3F8109094F84090C2
:1078600049F0040984F8409094F8409016F0080F0D
:1078700014BF49F0020909F0FD0984F840901C6822
:1078800016F0100F14BF48EA040424EA08041C6030
:10789000DC6E07FA02F236064CBF224324EA0202EB
:1078A000DA66D3E79CE4000C0121024A024802F0A8
:1078B0006EBF00BF1C03010CF4E1000C70B505465F
:1078C00000F074FA0446094EEB69DB060CD000F0B8
:1078D0006DFA031BB34203D9BDE87040FFF7E4BF64
:1078E000022005F00DFBEFE770BD00BFBFD4010023
:1078F000F7B50D4647680669BC682368204623F043
:1079000002032360FFF7DAFFEB79002B64D1F371F8
:107910002979022960D8204605F0D4FA2B793371F1
:107920006B79012B52D1636823F0400363602046DA
:10793000FFF7C4FF6B797371AB79042B4CD82B4ADA
:107940002046D35C626822F00702626062681343DB
:107950006360FFF7B3FFAB79B3710023B86901939C
:107960008368DB6813B1396A01AA9847019A2868CD
:10797000002A34D05308010B0005C01841F1000162
:107980000023F8F73DFB4FF6FF72431E61F1000143
:10799000934271F1000125D22368404280B223F462
:1079A00060432360A0812B68204633607B7B012BE2
:1079B00002BF236843F080032360236843F002037F
:1079C0002360FFF77BFF002003B0F0BD032B03D142
:1079D000636843F04003A9E76FF08500F4E76FF0B8
:1079E0001500F1E76FF02100EEE700BFCB06010CB8
:1079F0002DE9F34146680769B069B468836896F871
:107A00000C801B68316A2BB96FF05705284602B00D
:107A1000BDE8F0819847054610B110F1780FF5D117
:107A2000D6E9060183681B68002BEDD09847054610
:107A300010B110F1780FE9D1BF2323750023FB713A
:107A40003379042B02D96FF08505DFE7504A2046D1
:107A5000D35C626822F0070262606268134363606D
:107A6000FFF72CFF33792046BB71717905F02AFAB4
:107A700073793B71B379012B79D1636823F04003AB
:107A800063602046FFF71AFFB3797B71B1683269F2
:107A90000B68120523F44C1302F440121A43736965
:107AA0001B0403F4403313430B60236843F000537B
:107AB0002360236823F01C03B8F1000F5ED023601D
:107AC0002368002143F080432360706A01AA05F017
:107AD000AFF9051E9ADB019B002219791868FFF7A0
:107AE0006BFE0546002891D16368204643F40033BD
:107AF0006360FFF7E3FE6368204643F4803363600E
:107B0000FFF7DCFEB069316A8368DB680BB101AA5C
:107B10009847019A3068002A33D05308010B0005BA
:107B2000C01841F100010023F8F76AFA4FF6FF721E
:107B3000431E61F10001934271F1000124D22368D8
:107B4000404280B223F460432360A0813368204622
:107B50003B60737B012B02BF236843F080032360EB
:107B6000236843F002032360FFF7A8FE4EE7032BD0
:107B70007FF469AF636843F0400381E743F0040397
:107B80009DE76FF0150541E76FF021053EE700BF67
:107B9000CB06010C4FF0E0230D4A99691268186971
:107BA0009B69002908BF1146002B08BF134610F43B
:107BB000803F084801D1994205D201681144016013
:107BC0004FF0E021096900681044C01A704700BFF7
:107BD000F0120020EC1200202022094B002083F834
:107BE000232042F6E062074B1A60074B42F6DF6241
:107BF00018604FF0E0235A61072298611A617047BC
:107C000000ED00E0F0120020EC120020684620F0A9
:107C100007018D4619B5FFF7BDFF1449144B0868DD
:107C2000D3E90042001942F10002C3E90002002337
:107C30000B6042F6E0630F4AD2E90041001BB0FB43
:107C4000F3F043431B1941F10001C2E90031EFF3A6
:107C50001181202383F31288BFF36F8F01F08EFB15
:107C6000FAF7D8FABDE8194085467047EC120020B3
:107C7000380D0020300D00202DE9F041374E89B13C
:107C8000421C0AD14FF0E022136923F00103136173
:107C90004FF07F433360BDE8F0813568012806DC92
:107CA00000240AE0431C3568F8D140F2755040F2D8
:107CB00076539842A8BF1846441EEFF3118720233D
:107CC00083F31288BFF36F8FFFF764FF4FF0E02359
:107CD0002349D3F818C0D1E9002380184FF00002DF
:107CE00043F10003C1E900031E4B1A601E4B1A68E2
:107CF000831A2DD442F6E06E42F6DF6814FB0E8440
:107D00001C44B4FBFEF4131A0EFB0433B3F5806F6E
:107D100038BF4FF48063154A934228BF13464FF093
:107D2000E0223360013B946953610023A4459361D1
:107D3000ACEB0400D1E900320DD20544EB1842F15E
:107D40000002C1E9003287F31188BFF36F8FA2E709
:107D50004FF48063E3E7C318F1E700BFF01200209F
:107D6000380D0020EC120020300D002060CCFF0008
:107D700038B5EFF31185202383F31288BFF36F8F9B
:107D8000084B1C68084B1B68E41AFFF703FF85F3D8
:107D90001188BFF36F8F42F6E0632044B0FBF3F02D
:107DA00038BD00BF380D0020300D002038B5EFF38E
:107DB0001185202383F31288BFF36F8F044B1C6857
:107DC000FFF7E8FE85F31188BFF36F8F204438BDBD
:107DD000380D002010B50446F9F784FA0348012154
:107DE000034A02F0D4FC204605F0BBF8DCE1000CAD
:107DF0006803010C2DE9F84304460D4600AFEFF38C
:107E00001188202383F31288BFF36F8F04282A4A36
:107E100098BF2A4BE9468AB09668117C98BF53F800
:107E200020306A4688BF264BCDE9073140F2013346
:107E30002448ADF82430244BCDE9050442F8103F26
:107E400000234FF431512148F9F71AFBCD4645B1D3
:107E5000EB69C3F3080323B101211D4A1B4802F05B
:107E600096FC2EB1304605F007FB08B1037803B944
:107E70001848E9468AB06A46174B0790CDE905369F
:107E800040F20133ADF82030144B42F8103F00238C
:107E90004FF411510D48F9F7F3FA2946CD46204623
:107EA000FFF798FF88F31188BFF36F8F3046FAF71A
:107EB000C1F9BD46BDE8F883F4120020E4E4000CEB
:107EC0007703010C8D03010C05000001DCE1000CBF
:107ED000B503010C8503010CD603010C040000015D
:107EE00038B50A4B53F82040013053F82050A542D2
:107EF00000D838BD606830B1037EDB0701D405F0DF
:107F00000DF80834F3E723689847FAE7F8E4000C23
:107F1000012270B5294B86B003201A70FFF7E0FFED
:107F200001F0E2FB0420FFF7DBFF254C254D264640
:107F3000AE4204F130040FD301F0A6F8204CAC425D
:107F400026D301F0B5F8F8F71DFB1F4A938923F0FB
:107F50000103938106B070BD54F80C3C059354F8AE
:107F6000103C049354F8143C039354F8183C0293C7
:107F700054F81C3C019354F8203C009354E90A2324
:107F800054E90C0100F020FD54F8303C5E65CEE76A
:107F9000D4E90A23B3F1FF3F08BFB2F1FF3F05D098
:107FA00052EA0301206803D100F058FD3034C6E7DF
:107FB0000649183001F052F9F8E700BF31130020EC
:107FC000E0E0000C10E1000CC80D00209FD5000C73
:107FD000882370B5134E012203FB0066002386B090
:107FE000CDE904230F220193CDE9023214234FF48B
:107FF000A0720D4D0D4903FB0055044602FB001114
:108000000B4B3046009500F0DFFC337C2C7423F0E2
:1080100004033374074B013403EBC423EE606B603D
:1080200006B070BD400D0020F4120020382A002058
:10803000F3D0000C382200207FB50020FFF750FF5E
:108040002C4B83F308880025E0232B4C84F8223046
:10805000E57725766576A57684F82050E576636A1F
:1080600043F4E0236362636A43F400236362A5631D
:10807000E3689BB243F0BF6343F40833E360F9F76E
:10808000E7FFFAF7C1F84FF0FF33A362E362FAF7B4
:10809000B1FAFAF733F9F9F789F8184800F0D2FC89
:1080A0000120FFF71DFF0220154CFFF719FF00F01C
:1080B000E3FF144B4FF480625C61134B134905934B
:1080C00001232046CDE90353CDE90155104B00951E
:1080D00000F07AFC0646237C204623F00403237438
:1080E00005F025FA2846FFF773FF31462046084A77
:1080F000FAF76EF8382A002000ED00E0F80E0020B4
:10810000C80D0020F412002039E8000C782B002064
:10811000117F000C38B5064C064DAC4201D300204F
:1081200038BD2046D4E9011204F065FF1434F4E7A9
:10813000580300206C03002030B5054B85B0DDE905
:1081400008450293CDE9004504F013FF05B030BDAA
:10815000079F000C38B5074C074DAC4201D30020F7
:1081600038BD204604F06BFF08B91C34F5E76FF00A
:108170001500F5E73C0300205803002073B50C46BA
:10818000EFF31181202585F31288BFF36F8FC56847
:108190005DB125602B68C360836901338361002072
:1081A00081F31188BFF36F8F11E052EA030603D108
:1081B0006FF00B002560F3E7CDE90023024608309D
:1081C00000F064FE18B9034B9B685B69236002B042
:1081D00070BD00BFF4120020F7B50D4604469DF8AF
:1081E0002010EFF31187202080F31288BFF36F8FE8
:1081F000266AE068864240D22668B4421AD0CEB1E0
:10820000304604F081FF06F1180005F0B8FA29465F
:10821000002554F8082F706905F0B7FB3046C6F802
:10822000805005F084F92046394605F0DEF92846ED
:1082300003B0F0BDA268A9B12946E06905F0A5FB2D
:10824000E369A26813446269E361934201D123693F
:10825000E3610020236A0133236287F31188BFF3AF
:108260006F8FE5E7A06923692946984208BF6069D6
:10827000801AA06105F089FBEBE752EA03010BD0FD
:10828000074904F1080089684D61CDE900233946AA
:10829000224600F0FBFDCBE76FF02200DDE700BFD8
:1082A000F4120020F7B504460846EFF311862021AA
:1082B00081F31288BFF36F8F216A00293BD0A26837
:1082C000A16905F062FBA369A2682568134462698D
:1082D000A361934204BF2369A361236AAC4203F103
:1082E000FF33236236D02846002D34D0002704F017
:1082F0000BFF05F1180005F042FA6969A268E06910
:1083000005F043FBE369A268284613446269E36110
:10831000934204BF2369E361236A01332362C5F8F2
:10832000807005F004F904F10800314605F05DF9AC
:10833000384603B0F0BD52EA030111D00A498968FA
:108340004861CDE900233146224604F1080000F0DF
:108350009DFDEEE7002086F31188BFF36F8FE8E7FD
:108360006FF02200F7E700BFF41200202DE9F3417F
:10837000044617461E46EFF31188202383F3128824
:10838000BFF36F8F304BC2689B6872B180689842B0
:1083900017D057EA060216D188F31188BFF36F8F02
:1083A0006FF00F0002B0BDE8F08193F90E100132BA
:1083B0002161C4E9023288F31188BFF36F8F002076
:1083C000F0E72169F3E793F90E1090F90E30994226
:1083D00030DA9942A8BF194604F0AAFE05462246A3
:1083E0004146CDE90076194800F050FD0028E6D05E
:1083F000EFF31186202383F31288BFF36F8FA068F9
:10840000D0B1236821699C420AD04BB193F90E3058
:108410009942A8BF19466FF07F039942B8BF194629
:1084200004F086FE40B13146084805F0DEF86FF0F2
:108430000A00B7E70025D2E7002DF4D186F31188B2
:10844000BFF36F8FF3E700BFF41200203213002058
:10845000F8B583680546002B40D0234A92689342C2
:108460003FD1C368012B03D9013BC3600020F8BD95
:10847000EFF31187202383F31288BFF36F8F016915
:10848000806804F055FE2C68A54207D10023C5E999
:10849000023387F31188BFF36F8FE7E7002CF5D025
:1084A000D4E90032002613605A60237CC4E90066D8
:1084B00023F002032374A66004F1180005F05FF9AD
:1084C000AC6094F90E3020462B61C4F8806005F052
:1084D0002EF83946054805F088F8C7E76FF0150013
:1084E000C5E74FF0FF30C2E7F4120020321300203E
:1084F00037B51146EFF31185202282F31288BFF3BE
:108500006F8F04689CB12368426823F00303944290
:10851000036008BF43600121204604F08DFE04463D
:1085200085F31188BFF36F8F204603B030BD51EA49
:108530000302F5D000F10802CDE9001310462946E8
:1085400000F0A4FC0028EFD1014B9B685C69EBE7CD
:10855000F412002070B5EFF31186202383F3128804
:10856000BFF36F8F0468A0421BD0D4B1D4E90032AE
:10857000002513605A60237CC4E9005523F00203F0
:108580002374A56004F1180005F0F9F82046C4F83A
:10859000805004F0CCFF3146BDE87040064805F03D
:1085A00024B8D0E902329A4218BF0133836086F3BF
:1085B0001188BFF36F8F70BD3213002013B5EFF336
:1085C0001181202484F31288BFF36F8F846844B133
:1085D000013C846081F31188BFF36F8F002002B0EB
:1085E00010BD52EA030406D181F31188BFF36F8FE7
:1085F0006FF00F00F3E7CDE900230246014800F0D9
:1086000045FCECE73213002007B5074B4FF48062BE
:10861000009306494FF0FF33054800F031F9002080
:1086200003B05DF804FB00BF10E5000C782F0020BC
:10863000500E00202DE9FF4104462027534EEFF352
:10864000118887F31288BFF36F8FD4F88C50F5B977
:10865000022104F1A40004F028FE002870D004F1E7
:108660009C0500220121284605F046F80028F8D193
:1086700000234FF0FF3202934FF0FF334146CDE924
:108680000023434804F1940200F028FDD7E7D4F812
:1086900090202B689542C4F88C3008BFC4F8903005
:1086A000D4F8A43043F00203C4F8A430EB6823F0FC
:1086B000040343F00103EB606B6888F31188BFF398
:1086C0006F8F28469847EFF3118887F31288BFF31E
:1086D0006F8FEB68D80623F001023ED4EA60EB68A6
:1086E0009A0717D5306823F00203EB6090B10021A0
:1086F000036878B1426895423DD10368002934D1BE
:1087000072683360904200D17360002340F8083BE8
:10871000FFF720FFD4F8A43023F00203C4F8A430FC
:10872000DB0530D4D4F88C30003B18BF012388F32C
:108730001188BFF36F8F002B81D004F0BEFE7EE75F
:10874000D4F8A430D90693D5C4F8A40088F31188CE
:10875000BFF36F8F04B0BDE8F08123F01103EB602D
:1087600005F11000FFF7F6FEB9E70B607368984259
:1087700008BF7160C9E701461BB11A681846134665
:10878000B7E71A46FAE70023D1E700BF1413002029
:108790003213002070B5C3680546C3F340069B073B
:1087A0000C460DD50122002104F1080004F071FDF2
:1087B00000232360054B65605A681AB9C3E9004479
:1087C000304670BD14605C60FAE700BF14130020EF
:1087D000F8B5C36804469A070E46C3F3400542D471
:1087E0005F0742D40B680BB983680B60E368D80756
:1087F00042BFA36802253360376858BF012557B3CD
:108800001B4B9A68D7F888309A421ED104F02BFE91
:1088100080F00100C0B2D7F8A430D907C3F38002BA
:108820001CD5F2B1F8B100232360D7F8903073B9AA
:10883000C7E92344384604F052FDE36843F00403DB
:10884000E3603368A3602846F8BD0020E3E71C60BE
:10885000C7F89040EEE76FF0150506E06FF01205DF
:1088600003E01B07DFD56FF00F0500233360EAE755
:10887000F41200200146014804F0AEBD500E002065
:10888000F0B50446002089B00E9DC4E9230004F130
:108890009400C4E9250004F19C00C4E9270055B305
:1088A0002879002840F2011008BF0120C4F8A40074
:1088B00000204FF0FF364FF0FF37CDE90330CDE910
:1088C0000100CDE9066720460C4B009400F0EAF861
:1088D00055B1296811B1204604F0CBFD6B791BB16D
:1088E000A38943F00103A381204600F0B7F8C4F840
:1088F000884009B0F0BD0120D8E700BF3586000CE4
:1089000037B501900846EFF31184202181F31288D6
:10891000BFF36F8FC16811F01E0F16D153EA020525
:1089200008D101A9FFF754FF84F31188BFF36F8FBB
:1089300003B030BD41F00801C16001991030816180
:10894000034900F08BFC0120EEE70020ECE700BFBC
:1089500053D3000C01460148FFF7D2BF500E002050
:10896000F7B50C4616461D460190EFF311872023FC
:1089700083F31288BFF36F8F084604F0A1FC55EA19
:10898000060309D1204601A9FFF722FF87F31188CA
:10899000BFF36F8F03B0F0BDE368324643F00803C6
:1089A000E360019B0449A36204F110002B4600F030
:1089B00055FC0120EAE700BF53D3000C01460148F3
:1089C000FFF7CEBF500E00202DE9F043984685B04A
:1089D00000F15803C0E91633109B0026838104235D
:1089E000073222F0070503740F9B01EB05090F46C0
:1089F00083734946C0E906668660C6730446F9F784
:108A000055F80E9B073020F007002067C4E91A755F
:108A100002930D9BA9EB000901930C9B4A4600931E
:108A2000394643462046F9F7B7FB054B66659B6818
:108A300003B15B6F4846636705B0BDE8F08300BFD4
:108A4000F41200200123037483810023C0E91A3348
:108A50004367014B98607047F412002038B5044614
:108A6000EFF31185202383F31288BFF36F8F037C0C
:108A70005B070FD5183004F082FE237C204623F0DC
:108A80000403237404F062FD2946BDE8384004481D
:108A900004F0ABBD85F31188BFF36F8F38BD00BF05
:108AA00032130020F0B5002587B00595109DDDE953
:108AB000127604950F9D044603950E9D02950D9D1B
:108AC00001950C9D0095FFF77FFFB6F1FF3F08BFB2
:108AD000B7F1FF3F05D056EA070305D12046FFF75F
:108AE000BDFF204607B0F0BD3A46334604F11800FA
:108AF000014900F0B3FBF4E79FD5000C6FF00A01C9
:108B0000094A9368C3F880100849D8674B6843F056
:108B100080534B60002383F31188BFF36F8F9368FA
:108B2000D3F88000704700BFF412002000ED00E091
:108B300038B590F910200146002A037C04DA03F0CE
:108B40007F03037404F0BBFC0D4D2A4652F8184F06
:108B5000AB68944200D004B9EC688B4207D01A7C11
:108B6000D20604D1DA897F2A01D9A2692AB1A342A7
:108B700002D0204600F0F4FA23466B6138BD00BFF6
:108B8000F412002070B590F91020037C002A2FDB2E
:108B9000D9062DD11A4C63F07F032246037452F894
:108BA000183FE169934207D1C0E900210860E06104
:108BB0000FE09942F8D01B68002BF5D093F90E60B6
:108BC00090F90E50AE42F4DD5968C0E900310860FA
:108BD0005860A569954200D005B9E568A3681A7C7C
:108BE000D20606D1DA897F2A03D9AA690AB9636154
:108BF00070BDAB4202D0284600F0B2FA6561F7E7DB
:108C0000F4120020034648B9EFF3058232B9064A50
:108C100051699268914201D0FFF770BF83F31188C8
:108C2000BFF36F8F704700BFF412002038B5184CA7
:108C3000A168E0690B68814214BF1A4600224968A6
:108C40000B605960A368E1692AB9124AC3E900219F
:108C50000B60E3610AE092F90E5093F90E00854231
:108C600012DD5168C3E900210B605360A569094B0F
:108C70009D4200D005B9E568A3689D4202D0284610
:108C800000F06EFA656138BD8A42DED01268DBE71B
:108C9000F41200200C130020002A2DE9F0470CBF2D
:108CA0004FF010094FF00809027C044619EA020F40
:108CB0000E460F4628D149EA0203D20946D1037471
:108CC000B9F1080F48D04FF00008DFF8F0A0534684
:108CD00053F8185F9D4200D00DB9DAF80C50DAF85D
:108CE0000830AB4202D0284600F03AFAB9F1100F32
:108CF000CAF8145008D0204601F02EFEB8F1000F3B
:108D000002D02F48FFF79EFE2C4B9B68A3424FD109
:108D1000EFF30583002B4BD1A289D20711D586F33F
:108D20001188BFF36F8F83F31188BFF36F8F042314
:108D3000184602DFEFF31187202383F31288BFF375
:108D40006F8F3846BDE8F047FFF7D8BE03F07F03CA
:108D5000037404F0B4FBB3E7A36813B1204604F036
:108D6000B6FB04F1180004F00AFDA56D04F15808E3
:108D7000A84511D04FF0000A75B1284604F0A7FBB2
:108D800005F1180004F0FBFC2846C5F880A0FFF7A9
:108D9000F9FEA56DA845EFD1084B9B689C4292D186
:108DA000EFF30588B8F1000818BF4FF001088CE711
:108DB00086F31188BFF36F8FBDE8F087F4120020AF
:108DC000F80E002070B50F4D06462B4653F8184F8D
:108DD0009C4200D004B9EC68AB681A7CD20604D17E
:108DE000DA897F2A01D9A2692AB1A34202D020469A
:108DF00000F0B6F923466B613046BDE87040FFF7DE
:108E000001BF00BFF412002070B5EFF311862023DC
:108E100083F31288BFF36F8F1A4CA168E0690B6867
:108E2000814214BF1A46002249680B605960A3684A
:108E3000E1692AB9144AC3E900210B60E3610AE041
:108E400092F90E5093F90E00854216DD5168C3E980
:108E500000210B605360A5690B4B9D4200D005B902
:108E6000E568A3689D4202D0284600F079F9656163
:108E70003046BDE87040FFF741BE8A42DAD0126842
:108E8000D7E700BFF41200200C130020F8B5124BF6
:108E90000C46DDE9067611469868104A1060EFF33B
:108EA0001182202282F31288BFF36F8F9D682846BB
:108EB00004F017FBB6F1FF3F08BFB7F1FF3F06D044
:108EC0003A463346064905F1180000F0C7F9204636
:108ED000BDE8F840FFF712BEF41200201C1300207A
:108EE0009FD5000CF8B50446EFF31187202383F3D8
:108EF0001288BFF36F8F037C49B203F01F02002A70
:108F00000CBF0126002635D103F07F032A4D0374E0
:108F100004F0D5FA2A46037C817363F07F0303745F
:108F200052F8183FE869934207D1C4E90020046071
:108F3000EC610DE09842F8D01B68002BF5D093F956
:108F40000EC08C45F6DD5968C4E900310C605C60E8
:108F5000AC69944200D004B9EC68AB689C4202D082
:108F6000204600F0FDF86C6187F31188BFF36F8F26
:108F70003046F8BD9B071CD5856804F0A0FA8173C4
:108F80002B689D4209D16B68C4E900531C606C607A
:108F9000EAE76A689A42F6D01B68002BF3D093F98F
:108FA0000E208A42F5DD5A68C4E9003214605C6024
:108FB000DAE78173D8E700BFF4120020034648B90E
:108FC000EFF3058232B9064A51699268914201D0A5
:108FD000FFF794BD83F31188BFF36F8F704700BF15
:108FE000F4120020F8B550EA010306460C4603D1FE
:108FF00004F063FA0020F8BDEFF31187202383F318
:109000001288BFF36F8F184D184BA868186004F0D2
:109010009FFAA868324623461549183000F01EF919
:10902000AB6804461A7CDF6742F004021A746FF0E2
:109030000A02C3F880200F4A536843F080535360FC
:10904000002383F31188BFF36F8FAA68D2E90A1255
:10905000B2F1004F08BF9942CCD104F0C5FB201AF1
:1090600020EAE070C7E700BFF41200201C130020C4
:109070009FD5000C00ED00E0024B03F11802C3E99C
:1090800006227047F4120020EFF31181202383F3AE
:109090001288BFF36F8F054B9A68D37B013BD37364
:1090A00081F31188BFF36F8F704700BFF412002067
:1090B000EFF31180202383F31288BFF36F8F034BEC
:1090C0009A68D37B0133D373FFF77CBEF412002080
:1090D000014B9868704700BFF4120020D3B5DDE95A
:1090E0000667089CCDE90067FFF7D0FE1CB1034B73
:1090F0009B685B69236002B0D0BD00BFF412002002
:10910000027C034612F01F0210D10A4988420DD09A
:109110000949086868B1D9897F2909D893F90E20CF
:10912000064B1B689A42B8BF00207047002070476A
:1091300010467047400D00206802002020130020D8
:109140000122044BC01A044BC0105843034B1A545D
:10915000704700BF800F0020ABAAAAAA32130020DC
:1091600070B50C4B0C4D1E7CFFF7CAFF182303FB98
:1091700006550446284604F002FB0022074B9A5588
:109180003CB1621E2846BDE870400549D31700F087
:1091900065B870BDF4120020800F0020321300204B
:1091A0004191000C38B5EFF31185202383F3128829
:1091B000BFF36F8F0F4B104A9C681068A04206D116
:1091C000FFF7CEFF85F31188BFF36F8F38BD002105
:1091D0001B7C1160094AD35C002BF3D02046FFF7BB
:1091E0008FFF0028EED0237CDB0601D1FFF71EFDA8
:1091F0002046E5E7F41200201C1300203213002063
:10920000024B1868984208BF002070476C0200208B
:10921000034B1B680BB9FEF7ABBD0020704700BFC6
:109220002413002030B570B10B4B5B6898420AD014
:10923000036843B1D3E90421D0E90445121941EB95
:109240000501C3E90421D0E9003213605A6000230C
:10925000C0E9003330BD00BF6C020020B3F1FF3F16
:1092600008BFB2F1FF3F2DE9F84F04469946154675
:109270001F467AD08160EFF31188202383F3128890
:10928000BFF36F8FB9F1000FDFF8E4A020DBFFF729
:10929000BFFFDAE90027013549F100092D1849EB34
:1092A000E07306464FF00109C4E90453AD1843EBDF
:1092B0000707FFF7A5FF0346DFF8B8E0DEF804A0D4
:1092C000EBB9C4E900EACAF80040CEF8044028E04F
:1092D0006FF00103DAE900125B1A4FF0FF3161EB26
:1092E00002025B1B62EB0902012B72F10001BCBFA1
:1092F000012300224FF00009C0E90432D9E7D3E985
:10930000041CD4E904208A4270EB0C0B24DA891A7D
:109310005A686CEB0000C3E90410C4E90032146021
:109320005C60FFF76DFF84420ED1134B1B685BB985
:10933000B9F1000F02D1FFF76BFF0646304604F08B
:1093400007FA0021FEF798FC88F31188BFF36F8FAE
:1093500028463946BDE8F88F521A60EB0C00534599
:10936000C4E90420ADD01B68AAE700252F46EFE72B
:10937000980F00206C020020241300202DE9F047F4
:10938000DFF8A8900246C9F800000D46FFF738FF45
:1093900000260027DFF898804FEAE27ED8E9001324
:1093A00050B1D0E9044CA2427EEB0C0A1ADAA41A9E
:1093B0006CEB0E06C0E904460024521843EB0E0382
:1093C0002046C8E90023C9F8004004F0C1F921464D
:1093D000FEF752FC85F31188BFF36F8FBDE8F047AD
:1093E000FFF7E0BE611843EBE473C0E90467C8E926
:1093F0000013FFF717FF01224FF00043C0E90423D9
:1094000085F31188BFF36F8F83689847EFF3118559
:10941000202383F31288BFF36F8FD9F80020121B2B
:10942000C9F80020FFF7ECFEB6E700BF24130020C8
:10943000980F002010B5EFF31184202383F31288D6
:10944000BFF36F8FFFF7E4FE0346054AD2E9000140
:10945000181841EBE37184F31188BFF36F8F10BDCF
:10946000980F0020F8B50446EFF31187202383F30B
:109470001288BFF36F8FD0E90423B3F1004F08BF08
:10948000012A04D087F31188BFF36F8FF8BDD0E9AC
:109490000A566A1C46F10003022A73F1000334D312
:1094A000013D46F1FF36002EBCBF00252E4604F0DC
:1094B0009FF9013041F10001401946EB01010128FB
:1094C00071F1000148DB04F093F96FF00203013001
:1094D00041F10001401946EB010183426FF0004366
:1094E0008B413EDB04F084F9013041F100016FF063
:1094F0000102401946EB01034FF0FF31121A61EBF4
:10950000030320461949FFF7A9FE236B01332363A8
:10951000236A63B187F31188BFF36F8F20469847A2
:10952000EFF31187202383F31288BFF36F8F54F872
:10953000185FA542A6D0002DA4D0284604F00AF852
:109540000023C5F8803087F31188BFF36F8F28465A
:10955000BDE8F84003F0EBBF6FF001024FF0FF33BE
:10956000CFE700224FF00043CBE700BF6594000C2B
:109570002DE9F04105461C4690461F46EFF3118643
:10958000202383F31288BFF36F8FB4F1FF3F08BF2E
:10959000B2F1FF3F05D186F31188BFF36F8FBDE8AD
:1095A000F081002C09DB012A74F10003BCBF012209
:1095B000002412F1FF3844F1FF37284604F0DFF8A9
:1095C000DDE906010023C5E90A012B6342463B465B
:1095D00028460249FFF742FEDDE700BF6594000C14
:1095E00070B50546EFF31184202686F31288BFF389
:1095F0006F8F04F0C4F820B184F31188BFF36F8F2C
:1096000070BD6B6A63B184F31188BFF36F8F284616
:109610006B6A9847EFF3118486F31288BFF36F8F5C
:1096200005F1180003F0CBFF0028E5D003F07FFF21
:109630002146BDE87040014803F0D7BF3313002036
:1096400073B50446EFF31186202383F31288BFF32A
:109650006F8F8368594003EA02050A405340002295
:10966000009309496B46019204F012F8DDE90032DB
:1096700023EA020304F10C003146A36003F0B5FFB6
:10968000284602B070BD00BF1FD9000CF8B50746D0
:109690000C46164603F0E7FE08B10020F8BD0D4B5E
:1096A0009B685D6F002DF8D0221DF6D2EFF3118478
:1096B000202383F31288BFF36F8F284647F00401FD
:1096C000B04784F31188BFF36F8F0028E5D040F8CE
:1096D000045BE3E7F41200200146024A0020FFF792
:1096E000D5BF00BF019F000C014800F030BD00BF96
:1096F0004404010C0CB430B58BB004460D46202256
:10970000002102A804F04EF90223002D06948DF8E2
:109710000A300C4B039312DB01D06B1E1C440FAAC2
:109720000E9902A80794019200F00EF815B1069B5D
:1097300000221A700BB0BDE8304002B07047002420
:10974000EDE700BF79DA000C2DE9F04F43688BB0EC
:1097500080469246009383789C0740F1F98000256B
:109760000878002800F0F68025280AD04B1C0193C9
:1097700001354146009B98470028C0F2E3800199DB
:10978000EEE74E788B1C252E0193F1D000270A229C
:10979000B9463C461F2C22D8A6F12003102B20D816
:1097A000DFE803F0141F1F1A1F1F1F0B1F1F1F12BC
:1097B0001F171F1F090044F00104019B13F8016BE0
:1097C0000193002EE6D13AE044F0020444F0040490
:1097D000F3E744F00804F0E744F01004EDE77F2CD1
:1097E00024D8A6F13003092B08D860064EBF02FB2F
:1097F000073744F0200402FB0939DEE72A2E0DD199
:1098000061065AF8043B53D4002BA7BF44F0200450
:109810009946C3F1000944F02804CEE72E2E05D165
:10982000630600F1978044F04004C6E76C2E2ED00A
:1098300028D8682E32D06A2E37D04C2E35D0002F43
:1098400046F02003B8BF24F04004A3F16502BCBF7A
:109850000027A4B2022A01D9612B2BD10AF1070AF1
:1098600007279D4E2AF0070A0AF1080A210760D54A
:1098700006EB070B34465C455DD1AE1BA9EB07092F
:10988000A21959E1742E98D07A2E96D0D7E72606E1
:1098900048BF44F4007444F080048EE7E00548BFFC
:1098A00044F4007444F4807487E744F4207484E73B
:1098B0001F4682E7A6F16302122A00F2D880DFE891
:1098C00012F013004D00D600D600D600D6004D0091
:1098D000D600D600D600D600D600E800D100D600CB
:1098E000D6001A00D600A0005AF8043B012704AEA7
:1098F0008DF81030BAE75AF8046B784B002E08BF89
:109900001E4614F0400F304614BF39464FF0FF3169
:1099100004F050F80746A9E741462020009B9847ED
:1099200000280FDB013CA742F6D34D44A1462D1B76
:109930009EE74C46F7E7414614F8010B009B984719
:10994000002898DA98F8023043F0040388F80230CF
:109950004FF0FF3528460BB0BDE8F08F220630D51A
:10996000A3052AD50AF1070A2AF007039A4659687F
:109970005AF8080B24F0100B00291FFA8BFB2FDA82
:1099800040424BF4806B61EB410104AC0A23224658
:1099900004F01CF81BF0400FA0EB040200F08E80D6
:1099A0002BF001049742A4B240F38F80002E40F0C8
:1099B0008E802BF01104A4B21DE05AF8040BC117DD
:1099C000D8E7E0055AF8041B01D40846F7E7A205DA
:1099D00047BF48B241F3C01108B241F3C031C9E7F3
:1099E00050EA0103D1D16306CFD5002FCDD124F0A9
:1099F00011043A46A4B23B4640F206410C4262D101
:109A000024E024F010040A23A4B214F0800243D00E
:109A100014F4007117BF0AF1070A5AF8040B2AF070
:109A2000070292461CBF51685AF8080B50EA01021F
:109A30003ED124F0160B62061FFA8BFB3CD5002F9B
:109A40003AD124F017043A463B46A4B221075AD42F
:109A5000E10705D5994572DDA9EB03039F184B4635
:109A60009B464AE044F0100410237826CDE7782B7B
:109A700004D1C6F1780343F01003C6E74146252020
:109A8000009B98470028FFF65DAF023541463046FF
:109A900070E608230026B8E714F480715AF8040B26
:109AA000C4D014F400711ABFC0B2114680B2BDE731
:109AB00024F006041FFA84FB04AC68E713465C46F6
:109AC000E10699D52EB90133C0E71346F8E73B46C6
:109AD000F6E70233BAE700BF7904010C7204010C07
:109AE000CDE9023241462020009B98470028FFF62E
:109AF00029AF0BF1010BDDE90232D945F0DCEB1A9D
:109B000003EB0B055B46E10627D541463020CDE946
:109B10000232009B98470028FFF614AFDDE90232BD
:109B20007EB901352F44791B8A4229DB144604AEE5
:109B300094BB2A44A9EB03091546914440E017461B
:109B40008EE7023541463046CDE90232009B984708
:109B50000028DDE90232E5DAF4E640F206410C4283
:109B6000E0D014F0020F05F10105414614BF2B208F
:109B7000202014F4806FCDE9023218BF2D20E5E7D4
:109B8000CDE902324146009B30200135984700283C
:109B9000DDE90232C7DAD5E6013C4146CDE90232C1
:109BA000305D009B98470028DDE90232C0DAC9E643
:109BB00041462020009B013598470028FFF6C2AEA1
:109BC000A9EB0503002BF3DCD9E500BF70478368E0
:109BD00000EBC101B3F5004F2CBF51F8220031F862
:109BE0001200704700EBC1018068B0F5004F2CBF38
:109BF00041F8223021F812307047012208B5FFF7F2
:109C0000E6FFD04008BD836800EBC101B3F5004F0B
:109C100008D34B681AB143F001034B60704723F03F
:109C20000103FAE74B881AB143F001034B807047F8
:109C300023F00103FAE753000122FFF7D3BF08B571
:109C40008368B3F5004F06D3FFF7D7FF01288CBF19
:109C50000020012008BD0020FCE78368B3F5004F19
:109C600034BF04230823C91A081AC0087047836840
:109C7000B3F5004F28BF0139B1FA81F0C0F11F00E0
:109C800070472DE9F041174603220E460446FFF7C0
:109C90009EFF8642054607F104080AD10122E368C7
:109CA000BA4023EA0203E360002344F82830BDE809
:109CB000F081314602222046FFF789FF06462B46F7
:109CC00001460322204644F82850FFF78BFF334615
:109CD00029462046BDE8F0410222FFF783BF38B590
:109CE00004460D46FFF7ABFF70B929462046FFF743
:109CF00084FF01462046FFF7BAFF29460246204668
:109D0000BDE83840FFF7BDBF38BD2DE9F047054637
:109D10008946FFF7ACFF05EB800ADAF810700646BB
:109D200077B94FF0FF34EB680136B4401C4015D0D2
:109D300094FAA4F2B2FA82F2131D55F8234009E016
:109D40003C464FF0030821462846FFF756FF814561
:109D500007D8324621462846FFF793FF2046BDE844
:109D6000F087214603222846FFF731FFB8F10108AA
:109D70000446CAF81000D4D08742E4D1D1E72DE9D7
:109D8000F04114460E460546FFF737FFA4EB0608E0
:109D9000371B0744424631462846FFF74CFF3A46F8
:109DA00021462846FFF747FF434600222146284622
:109DB000FFF718FF21462846FFF71FFF3B462118F3
:109DC00000222846BDE8F041FFF70CBF2DE9F04125
:109DD000164604460F46FFF710FF3146054620465B
:109DE000FFF70BFF05442A4639462046FFF723FFBD
:109DF00031462046FFF701FF2B463118002220464E
:109E0000BDE8F041FFF7EEBE2DE9F04104460D46F6
:109E1000FFF715FFB8BB29462046FFF7EEFE0146C7
:109E20002046FFF724FF04EB80010E6996B901225A
:109E3000E36882401343E36002220D612B4629460A
:109E40002046FFF7CFFE032229462046BDE8F04119
:109E5000FFF7C8BE022231462046FFF7B8FE07468C
:109E6000034629462046FFF7BDFE03223346294616
:109E70002046FFF7B7FE39462B462046FFF7B2FED5
:109E800002223146E1E7BDE8F08170B5056809B905
:109E9000002070BDAB6801F00704B3F5004F34BF7C
:109EA0000422082207341444E40804EBD1049C4241
:109EB00028BF1C4628462146FFF727FF06460028F4
:109EC000E6D001462846FFF798FEA04209D934445F
:109ED000314628462246FFF752FF21462846FFF723
:109EE00093FF284601223146FFF78DFEAB68B3F59C
:109EF000004F34BF0423082303EBC6031844C8E70C
:109F00001146FFF7C2BF2DE9F8434B42066803EA4A
:109F1000010731EA03031446B2680ED0B2F5004FD0
:109F20002CBF08230423BB4228BF3B46B946CF1BA6
:109F300094B900252846BDE8F883B2F5004F34BF38
:109F400004230823994204D82146BDE8F843FFF7CB
:109F50009CBF4FF00009EBE7B2F5004F34BF04257A
:109F60000825FB1AE10804F0070001EBD3010730D4
:109F700003F0070303442B4401EBD301914228BFB4
:109F800011463046FFF7C1FE80460028D1D0B368A5
:109F900009EBC005B3F5004F34BF042308231D446B
:109FA00035447B1E1D44B5FBF7F57D43A5EB090544
:109FB00029463046FFF751FE2C44073424F00704AD
:109FC000A41B804507464FEAE40408D202464146F6
:109FD0003046FFF7D4FE41463046FFF715FF3946BD
:109FE0003046FFF70AFE3844844208D239463046EC
:109FF0002246FFF7C4FE21463046FFF705FF012247
:10A0000039463046FFF7FFFD94E7B2F5802F34BFA5
:10A01000042308232DE9F0410026D21A8C18CD1D07
:10A0200025F0070524F00704641BE40805602146B9
:10A030002846AC60EE60FFF71AFE820002F11B07B3
:10A04000FF083146043205F1100003F0ABFC3A463C
:10A0500031462846FFF7EFFD334632463146284663
:10A06000FFF7C0FDA4EB0708284631460122FFF7A1
:10A07000CAFD42463946FFF7DEFD3B4632463946C9
:10A080002846FFF7AFFD21462846FFF7D4FD43469B
:10A09000324621462846FFF7A5FD214628460122E3
:10A0A000FFF7B1FD3946BDE8F041FFF7ADBE2DE940
:10A0B000F04706460D46174698462BB34FF0000A68
:10A0C00098F8004093F80190DB78A40004EB430477
:10A0D00098F802301C444444CA4509D339463046F6
:10A0E000AC46D8F8042008F10803BDE8F047604703
:10A0F00014F8013B0AF1010A204648F82340F5F71D
:10A10000A3FF01300444E7E76FF01500BDE8F087D6
:10A1100030B502460024002012F8013B43B178B16B
:10A120008C4207D1702B04D0A3F140053A2D07D8FB
:10A13000002030BDA3F140053A2D01D80134EAE7F3
:10A14000252B08BF80F00100E6E7002070470FB420
:10A1500007B504A951F8040B019100F095FA03B07A
:10A160005DF804EB04B0704710B50369024613F0C4
:10A17000080009D11368D4689C429BBF0120126A71
:10A18000E31AD31A0B6010BD00231846FAE713B583
:10A1900001A90446FFF7E8FF20B1019BE268013BFB
:10A1A00013440193206A019BC01A013802B010BD0C
:10A1B00010B5044650182269236AD20702D5013B24
:10A1C000184010BD984228BFC01AFAE710B50446DF
:10A1D0000A46C168FFF7ECFF2369E06023F008033B
:10A1E000236110BD38B50D46C2698B00016843F08C
:10A1F0000203044642F8213001682A46FFF7D8FFDF
:10A20000E3686168984208BF2369206008BF43F093
:10A2100008032A46204608BF2361FFF7C9FF606094
:10A2200038BD2DE9F74F0F460021D0F80CB0C669B4
:10A23000009216F82B209A4602F00302022A14BF5D
:10A24000894656F82B2006EB8B030193009B08BF31
:10A25000C2F39D0919600446CAF80010B9F1000F55
:10A2600007D04946FFF7B2FFE368A3604FF001084B
:10A2700004E001698A0705D44FF00008404603B0A6
:10A28000BDE8F08F816906EB8B00884716F82B102C
:10A29000054611F00108EFD08B071DD51FB13946D7
:10A2A0002046FFF79FFF61682A462046FFF780FFA0
:10A2B000D4E902138B42606007D12A462046FFF79B
:10A2C00077FF4FF000080146A0602369216043F04A
:10A2D0000803E1602361D1E701462046FFF776FFDE
:10A2E000E168A1601FB12068E16941F82090EA1996
:10A2F000CAF8002021682046FFF75AFF2269206033
:10A3000042F00802226116F82B2022F0010206F822
:10A310002B20DDE900321A60A8E770B50446154627
:10A32000FFF746FF2368834205D12369216023F0AC
:10A330000803236170BDE269AB0043F0020342F8F9
:10A34000213061682A462046FFF732FF6060F1E75E
:10A3500038B5036904465B0706D5456AFFF717FF62
:10A3600085422CBF6562606238BD38B50D46044633
:10A370001C22002103F016FB0022EB68A361AB68EE
:10A3800063612B68E3616B68626223622A6923B1AF
:10A39000591E194208BF42F001022261012204F154
:10A3A00028000021BDE8384002F073BF2DE9F04FCE
:10A3B00000259846036A87B08B4204460E469346B2
:10A3C000AA460395059538D3EFF31189202383F32B
:10A3D0001288BFF36F8F059A2AB129462046FFF7EE
:10A3E0009CFF0023059304A92046FFF7BDFE0499B6
:10A3F0000746B1422AD32268E369204613F82210A7
:10A4000003EB820A21F0030103F82210216832468F
:10A41000FFF7CEFEE3682060984212D0002789F350
:10A420001188BFF36F8F039929B162690AB1204681
:10A43000904700230393002FC6D1504607B0BDE8D4
:10A44000F08F236943F008032361E7E718B1204642
:10A45000FFF7C8FEE3E75BEA08031CD0019103F0B5
:10A4600002F80199B8B9B9F1000F14D189F3118834
:10A47000BFF36F8F5A46434604F12800FEF79EF85B
:10A48000EFF31189202383F31288BFF36F8FB0FAA3
:10A4900080F77F09C3E7204605AB03AA2568FFF7CD
:10A4A000C0FE0746BBE770B50446836908460D4603
:10A4B00098470246EFF31186202383F31288BFF3F7
:10A4C0006F8F2B78204643F001032B706168FFF7F4
:10A4D0006FFE60602046FFF73BFF86F31188BFF3F5
:10A4E0006F8F70BD2DE9F843044600272026EFF357
:10A4F000118586F31288BFF36F8F2369A26819074D
:10A5000002D46368934200D2236A9B1A002B42D084
:10A51000E06910F8221000EB820911F003033AD031
:10A52000022B04D150F822305FEA930805D1CB0703
:10A5300020D44846A36998478046A16842462046F1
:10A54000FFF736FE0127A06041462046FFF73EFE9A
:10A550003B4685F31188BFF36F8F002BC7D137B10E
:10A56000B9F1000F03D104F12800FDF7F3FF4846CD
:10A57000BDE8F88341F0020100F82210A3694846C3
:10A58000D4F808809847414602462046FFF710FE5F
:10A590000023A060DDE79946DBE7F8B50446836950
:10A5A00008460D4698470646EFF31187202383F3AC
:10A5B0001288BFF36F8F2B7823F001032B70236970
:10A5C0009B0705D5E268E36903EB82039D421AD13C
:10A5D0002B7823F002032B70D4E90231994204D185
:10A5E00032462046FFF7E4FDA06031462046FFF7E3
:10A5F000EDFD87F31188BFF36F8F04F12800BDE8EC
:10A60000F840FDF7A7BF2B6860F39F032B60F0E7CE
:10A61000EFF31181202383F31288BFF36F8F026958
:10A620008368120702D442689A4200D2026AD31A9F
:10A6300081F31188BFF36F8F181E18BF0120704778
:10A64000704703785B075FBF03684288C3F34A2300
:10A6500003EB12105DBF173020F0070080080020C8
:10A660007047002070470346D3E8EF0F421CC3E851
:10A67000E12F0029F8D1704708B503F0B9F80A2294
:10A680000023F5F7BDFC08BD1FB50023CDE902018D
:10A690001A4619461846CDE90033F6F771FF05B0A2
:10A6A0005DF804FB0120F6F72FBD002070474368DA
:10A6B000DA7101224368196043685A71F6F716BDD2
:10A6C00070B515460C4669B1D2E901369B1B99421B
:10A6D0000AD813680A460146981903F056F9AB6880
:10A6E0002344AB60204670BD6FF01B00FBE770B5E4
:10A6F0000E4615461946044618B9BDE87040F6F7EF
:10A7000003BD33B1C2F34A231030120D184403F0D5
:10A710003CF9C4E900562046BDE87040F6F790BE0B
:10A720002DE9F3415F1C4FEA8708064608F1170040
:10A7300020F0070080080C461546F6F75FFD002361
:10A740008DF80470ADF805308DF8073068B1034618
:10A75000019AA8F1040143F8102F2A46294452F81F
:10A76000045B8A4243F8045FF9D100233146A20119
:10A7700002F4E07242EA482222F07F4222F47002A0
:10A7800022F03F0202B0BDE8F041FFF7B0BF07B5CD
:10A790000123019201AAFFF7C3FF03B05DF804FB98
:10A7A00007B5CDE9002302236A46FFF7B9FF03B0DE
:10A7B0005DF804FB1FB5CDE90123069B01AA0393B5
:10A7C0000323FFF7ADFF05B05DF804FBF8B50646BF
:10A7D0000D4614461F4604B9F8BD214628463A46A0
:10A7E000B047241A0544F6E710B542680446D2E99A
:10A7F000002381680068FFF7E9FF002263681A60A0
:10A8000010BD38B54B6805461A68CB680C469A42AD
:10A8100002D10846FFF7E8FF6368D3E8EF2F511C29
:10A82000C3E8E01F0028F8D1A36800209D5438BD7C
:10A830000A2838B504460D4602D10D20FFF7E1FF86
:10A8400029462046FFF7DDFF002038BD2DE9F04303
:10A85000054689B008460E8891F800900C46D1F85C
:10A8600008801746F6F7DEFE011EC6F38216C9F30E
:10A87000C2091FDB4846F6F7F5FD0346214651F8AD
:10A88000102B6088C2F34A22002A01EB020408BFA1
:10A8900000210022C0F30B10CDE90507CDE9031418
:10A8A00028464146CDE900220296F6F7E7FE09B0B8
:10A8B000BDE8F0830023E1E7436800201B685B6884
:10A8C0001961704743681B681A6852685360704783
:10A8D00001212DE9F04143681B685A6811751D6814
:10A8E0002F68D5E90136D3E900481CB96B681C60B4
:10A8F000BDE8F081214630464246B847241A064456
:10A90000F3E743681B681868F6F7EEBF70B5436855
:10A910000C461D686B681869F6F7D2FB21460346A2
:10A920000F222868BDE87040184703F03BB803F0D9
:10A930002CB801460068F7F759B808B5F7F7B2F830
:10A94000BDE80840F7F766BC0A460121FFF71FBFC4
:10A9500000210120F7F74AB86FF08500704761B613
:10A9600062B680F31188BFF36F8F704772B6002311
:10A9700083F31188BFF36F8FBFF34F8F30BF62B681
:10A98000BFF36F8F704740E800F313F4803FD8B2F5
:10A9900008BF6FF01500704730B50C684B6885B084
:10A9A0000A894D890094013B24F01F04234402F0DE
:10A9B0001F0242EA451223F01F0369468DF8082062
:10A9C0000393F7F7D1FC05B030BD08B5D1E90431E8
:10A9D0009847002008BD08B5F7F7DAFE002008BD4B
:10A9E0007047002303824369C3607047C169896867
:10A9F000F7F73ABF70B50D461646DDE9042300218E
:10AA0000F7F732FF044630B1324629460C3000F0E9
:10AA100014F801236372204670BD027A013202727B
:10AA2000704710B508B14B68436000234C68084676
:10AA30004B60F7F797FF204610BD92B2816001602E
:10AA4000C280828070478388026819448180D01850
:10AA5000704730B484880568A3188380281930BCF7
:10AA600002F093BF10B5838802685C1C8480D154C7
:10AA7000D01810BD30B5838802689D1C8580D4181D
:10AA8000D154090A617030BD83885B1A9BB2838000
:10AA900000681844704703468288521A8280006812
:10AAA000084418607047FFF772BE4FF0FF324FF056
:10AAB000FF330430FDF75ABCFDF7CABC90F86C00B8
:10AAC000C0F34110704783691B6993F8800000F060
:10AAD00001007047F8B504461E460D461746FFF7BD
:10AAE000E4FF94F86C309B0715D425B1012D10D0EC
:10AAF0006FF0150508E0216F0029F9D000259DF8B9
:10AB000018300F714E718B71201DFFF7D5FF28464D
:10AB1000F8BD616FF0E76FF07705F5E738B50446EB
:10AB20000D46FFF7C2FF94F86C30201D65F3041347
:10AB300084F86C30BDE83840FFF7BEBF90F86C0079
:10AB4000C0F3800070470246034652F8640F9042FB
:10AB50000BD100207047027A8A42FBD09A6E824263
:10AB6000F7D000680028F6D170470028F3D170476D
:10AB700038B504460D46FFF798FF94F86C30DB07B4
:10AB800018D42B690BB9EB68BBB1636E1BB904F128
:10AB90006403C4E919332B6893B9A26E04F164010C
:10ABA000C5E900121560A5661D46201DFFF784FF4C
:10ABB000284638BD4FF0FF35F7E76FF01505F4E78D
:10ABC0006FF07705F1E710B50446034654F84C0FD3
:10ABD000A0420DD100200DE0447D8C4204D1032918
:10ABE00009D1047A944205D01C6D8442F2D00068E9
:10ABF0000028F1D110BD0F29F5E72DE9F8430546EE
:10AC00000C46071D4FF0FF324FF0FF333846FDF77B
:10AC1000ADFBD5F87490B9F1000F75D0D5F8708000
:10AC2000B8F1000F70D095F86C30DB076CD4EB6C8A
:10AC30001BB905F14C03C5E913332368002B66D11A
:10AC4000637D0F2B09D1237A012B10D02B6D05F1D9
:10AC50004C02C4E900231C602C65637D032B29D1C1
:10AC6000EA6C05F14C0090422BD1002336E02846D7
:10AC7000E168FFF77DFF06460028E7D03846FDF77C
:10AC8000E7FB3046BDE8F8834E7D032E14D0013338
:10AC900023724B68C4E900131C604C60637A022B7A
:10ACA00026D0032B2AD0012B02BF237A89F80E303D
:10ACB00088F80E300026E1E70E7A013EB342E6D175
:10ACC0001268002AD1D0517D2B6D03290DD19A42F3
:10ACD000137A02D011680029D6D1013323722B6D6B
:10ACE000C4E900031C602C65D8E79342E8D1BCE7B7
:10ACF000237A89F80F3088F80F30DBE7237A89F858
:10AD0000103088F81030D5E74FF0FF36B6E76FF017
:10AD10007706B3E70346006800B1187A7047838866
:10AD2000C2888168D21A03685B1AD01A704703463A
:10AD3000C08808B11878C009704770B50C46154630
:10AD4000F9F744F940B1406883681B6823B12A468B
:10AD50002146BDE87040184770BDF8B504460D4661
:10AD6000174686680369A033D3E8AF3F9B070ED52B
:10AD7000B36A7BB1F36B98472946B36A3A462046DB
:10AD80009847336C0546204698472846F8BD4FF053
:10AD9000FF35FAE76FF08505F7E770B504460D4615
:10ADA00086680369A033D3E8AF3F9B070BD5F36BED
:10ADB00098472946736A20469847336C05462046D3
:10ADC0009847284670BD4FF0FF35FAE710B50446A6
:10ADD00019B9002084F8300010BDF7F7A3FE002851
:10ADE000F7D0F9E70A460121FFF7D1BC4FF0FF3257
:10ADF0004FF0FF330430FDF7B9BAFDF729BB21B19D
:10AE000001290DD000231B68FFDE5430006848B1D3
:10AE100043685B79934205D000680028F8D17047F9
:10AE20005C30F3E7704710B590F830300446022BE1
:10AE300009D1FFF743FE94F8382001462046BDE8CB
:10AE40001040FFF7DCBF002010BD08B5FFF7D7FFAB
:10AE5000003818BF012008BD38B505460C1F54F84E
:10AE6000041F09B9084638BD6B681868F5F7E2F8A1
:10AE70000028F4D10120F6E74FF0FF324FF0FF3306
:10AE80000430FDF773BA08B583681B6B0BB19847A4
:10AE90000346002023B153F8042B0AB1127802B9FB
:10AEA00008BD1044F6E710B51C46FFF7A8FF48B1EF
:10AEB0000122C06802FA04F320B10269134201D1F1
:10AEC0000068F9E710BD10B50C46FFF7ACFF48B1BC
:10AED0000123C06803FA04F120B10369194201D1CA
:10AEE0000068F9E710BDD1F81A0083681B6903B147
:10AEF00018476FF08500704738B50C46FFF793FF91
:10AF000080B1C06870B14368DA681AB10023117962
:10AF1000994201DC0068F5E71568ED5CA54201D0B7
:10AF20000133F5E738BDF8B50646CC680CB92046C4
:10AF300022E0012504F10C07E268AAB165F07F0365
:10AF4000D9B203F07F031033DA40D2070ED4E3689E
:10AF5000EB40DB0705D53A46B069E9B200F09BF853
:10AF600050B90135102DE7D12468DFE73A46B069C2
:10AF700000F091F80028EAD0F8BD2DE9F34700244D
:10AF800005460E46A146576897F805803B79A342CF
:10AF900003DC002002B0BDE8F0875FFA84FA314696
:10AFA000534642462846FFF77EFF014650B15346BE
:10AFB00001222846CDF80090F9F702F90028E9D1DE
:10AFC0000134E3E76FF03C00E4E72DE9F743804606
:10AFD0000D461746FFF777FF064628B96FF00104C4
:10AFE000204603B0BDE8F0830F2DF7D808EB050924
:10AFF000014699F83A402B46002240460097F9F75F
:10B00000DFF80028EAD100942B4602223146404660
:10B01000F9F7D6F804460028E2D12B460122314642
:10B0200040460097F9F7CCF804460028D8D170685C
:10B0300083685B6813B13A462946984789F83A70A5
:10B04000CEE7012311F0800F18BF21F080010268C4
:10B0500018BF10318B4022EA03030360704737B5F5
:10B060008B790C46009315468B88CA78897800F056
:10B0700088FC70B994F90230A178002B4FF00103DD
:10B08000B8BF21F080012A68B8BF10318B4013434C
:10B090002B6003B030BDF8B506460D46174600F0EC
:10B0A00099FC044658B929463846FFF7CAFF294695
:10B0B000304600F062FD044608B902F0FEF9204671
:10B0C000F8BD0A468069802100F087BD70B591F90E
:10B0D00018300546002B0C46466807DBC4F81A50AA
:10B0E0002146B069BDE8704000F0EABC3046FFF789
:10B0F00025FD0028F2D04FF0FF3070BD806900F0D0
:10B1000091BD0B0648BF21F08001406B48BF103154
:10B11000C84000F001007047F8B505460E46071D0F
:10B120004FF0FF324FF0FF333846FDF71FF9EC695F
:10B130002CB9EE613846FDF78BF92046F8BD6FF06B
:10B140007704F7E7C36982B08DF8001001922BB144
:10B1500002AB13E9060002B0F9F76CB902B0704710
:10B16000006903695B681B6A03B118477047704741
:10B1700003695B68D3E90520012918BF10467047B1
:10B180002DE9F74F0669D0F80490736837690546D2
:10B190004846D3F800B091F8188001920C46D7F8D1
:10B1A00004A0FFF78BFC01280CBF9BF829309BF80B
:10B1B0002230019A98450BD1DAF81C3043B11AB904
:10B1C0003046E268218A984707F12400FDF752FBD8
:10B1D0002B6968685B6894F818B0D3F80080FFF7B3
:10B1E0006DFC01280CBF98F81B3098F814309B4573
:10B1F00005D1DAF818304BB13046616998472146DD
:10B20000484603B0BDE8F04FFFF778BF07F11400E0
:10B21000FDF7A0F9F3E7006903695A681033D3E832
:10B22000EFCF2CF0020CC3E8E1CF0029F7D113686F
:10B230000BB1002118477047704738B500690469A1
:10B24000436862681D6804F11003D3E8EFCF4CF047
:10B25000020CC3E8E1CF0029F7D1012184F83510B1
:10B26000136803B1984795F820302BB104F12400FE
:10B27000BDE83840FDF7FEBA38BD03691B691033DD
:10B28000D3E8EF1F21F00101C3E8E21F002AF7D144
:10B29000704783685B68184710B48468A468A44644
:10B2A00010BC604730B40125416802690968137E0B
:10B2B0004D6154685B0954B1107E023300F01F00E9
:10B2C00052F8231005FA00F0234630BC184730BC72
:10B2D000704710B40269416802200968537E4861D2
:10B2E00054685B095CB1034452F823100123507E7B
:10B2F00000F01F0003FA00F0234610BC184710BCF2
:10B30000704710B40269416804200968937E48615F
:10B3100054685B095CB1023352F823100123907E1C
:10B3200000F01F0003FA00F0234610BC184710BCC1
:10B33000704710B40269416808200968D37E4861EB
:10B3400054685B095CB1023352F823100123D07EAC
:10B3500000F01F0003FA00F0234610BC184710BC91
:10B36000704710B40269416810200968137F486172
:10B3700054685B095CB1023352F823100123107F3B
:10B3800000F01F0003FA00F0234610BC184710BC61
:10B39000704710B40269416820200968537F4861F2
:10B3A00054685B095CB1023352F823100123507FCB
:10B3B00000F01F0003FA00F0234610BC184710BC31
:10B3C000704710B40269416840200968937F486162
:10B3D00054685B095CB1023352F823100123907F5B
:10B3E00000F01F0003FA00F0234610BC184710BC01
:10B3F000704710B40269416880200968D37F4861B2
:10B4000054685B095CB1023352F823100123D07FEA
:10B4100000F01F0003FA00F0234610BC184710BCD0
:10B42000704710B4026941684FF48070096892F85F
:10B430002030486154685B0964B1023352F823102C
:10B44000012392F8200000F01F0003FA00F02346C9
:10B4500010BC184710BC704710B4026941684FF423
:10B460000070096892F82130486154685B0964B142
:10B47000023352F82310012392F8210000F01F003C
:10B4800003FA00F0234610BC184710BC704710B4F4
:10B49000026941684FF48060096892F8223048617F
:10B4A00054685B0964B1023352F82310012392F807
:10B4B000220000F01F0003FA00F0234610BC1847DA
:10B4C00010BC704710B4026941684FF4006009680D
:10B4D00092F82330486154685B0964B1023352F832
:10B4E0002310012392F8230000F01F0003FA00F05C
:10B4F000234610BC184710BC704710B4026941685D
:10B500004FF48050096892F82430486154685B0910
:10B5100064B1023352F82310012392F8240000F0A2
:10B520001F0003FA00F0234610BC184710BC7047F8
:10B5300010B4026941684FF40050096892F8253050
:10B54000486154685B0964B1023352F82310012347
:10B5500092F8250000F01F0003FA00F0234610BC0B
:10B56000184710BC704710B4026941684FF480401E
:10B57000096892F82630486154685B0964B1023367
:10B5800052F82310012392F8260000F01F0003FA5E
:10B5900000F0234610BC184710BC704710B4026975
:10B5A00041684FF40040096892F8273048615468B8
:10B5B0005B0964B1023352F82310012392F827008B
:10B5C00000F01F0003FA00F0234610BC184710BC1F
:10B5D0007047002208B511460D20F6F79DFD0D209D
:10B5E000F6F778FD00220E201146F6F795FD0E20A5
:10B5F000F6F770FD00220F201146F6F78DFD0F20A3
:10B60000F6F768FD002210201146F6F785FD1020A0
:10B61000F6F760FD002211201146F6F77DFD11209E
:10B62000F6F758FD002212201146F6F775FD12209C
:10B63000F6F750FD002213201146F6F76DFD13209A
:10B64000F6F748FD002214201146F6F765FD142098
:10B65000F6F740FD002215201146F6F75DFD152096
:10B66000F6F738FD002216201146F6F755FD162094
:10B67000F6F730FD002217201146F6F74DFD172092
:10B68000F6F728FD002218201146F6F745FD182090
:10B69000F6F720FD002219201146F6F73DFD19208E
:10B6A000F6F718FD00221A201146F6F735FD1A208C
:10B6B000F6F710FD00221B201146F6F72DFD1B208A
:10B6C000F6F708FD00221C201146F6F725FDBDE81F
:10B6D00008401C20F6F7FEBC38B50446807AF7F720
:10B6E00099F86169054649B1637ADB0704D4C369F7
:10B6F00020461B689B6898470023636121462846C3
:10B70000BDE8384001F0B7BD30B509060546847C78
:10B7100014D414F0400016D0298AC3F30A00C1F3F0
:10B720000A01884222D802F00300022809D0032827
:10B730000AD0012811D004F0010004E014F0200028
:10B74000E9E7C4F3800030BD14F00200FBD013F42D
:10B75000C05F09D0C4F30010F5E714F0080205D06B
:10B7600013F4C05FEFD0F5E70120ECE70020EAE733
:10B77000A030D0E8AF0F00F001007047A030D0E853
:10B78000AF0FC0F34000704701F00F0302690906D4
:10B7900048BF103352F823007047007DC0F30010FB
:10B7A000704708B502691046FFF7E2FF60B9087EEE
:10B7B00000F00F03000648BF103342F8231008467C
:10B7C00001F046FD002008BD6FF00C00FBE70022F1
:10B7D0000023FCF78DBE01F058BD01F041BD1FB53F
:10B7E00004698DF80410CDE90220D4F8983001A93D
:10B7F000984704B010BD1FB50346046906208DF8B4
:10B8000004002046CDE90213FFF7B2FF40B1C1F8B2
:10B810001E201846D4F8982001A9904704B010BD06
:10B820004FF0FF30FAE738B505460C462046FFF7E3
:10B83000CEFF014600B938BD6FF070022846FFF711
:10B84000DAFFF3E72DE9F843066907460D46D6F817
:10B850000090D6F840804FF0FF324FF0FF3306F1F2
:10B860008400FCF783FD4046FFF7B1FF014618BB9B
:10B870004846FFF7ACFF044620BB99F8143023F08C
:10B88000100389F8143098F8143023F0100388F866
:10B89000143024BB012286F8B020EDB12B68C6F825
:10B8A000A8306B6886F8B120C6F8AC3038698430AF
:10B8B000BDE8F843FCF7CCBD6FF067023846FFF7F0
:10B8C0009AFFD0E7637EDB07D7D46FF0670221468B
:10B8D0003846FFF790FFCBE786F8B150E6E72DB189
:10B8E0000822294604F10C00FFF7B3F80022214694
:10B8F0003846FFF780FFD9E72DE9F843054688462B
:10B9000014461F46D0F80890FFF73EFF0646002871
:10B9100034D02846D9F83C30984741462246304634
:10B920003B88FFF7F1FE804688B183B92B6904F0AC
:10B93000030493F88030DB0753BF40224FF480624A
:10B940004FF400711146022C0DD0032C11D0284663
:10B95000D9F840309847B8F1000F14BF00206FF0BD
:10B960008500BDE8F883338A8B4228BF0B463B80B5
:10B97000EDE7338A934228BF1346F8E76FF01200D1
:10B98000EFE72DE9F3411F464B0604460D461646E8
:10B99000D0F808801BD0D8F83C3098472069FFF7D2
:10B9A000EDFE88B19DF820302946009332463B4693
:10B9B0002046F9F715FA05462046D8F84030984752
:10B9C000284602B0BDE8F0814FF0FF35F4E76FF094
:10B9D0001505F5E770B54B0604460D46866812D08E
:10B9E000F36B98472069FFF7C3FE48B1294620460C
:10B9F000F9F73AFA05462046336C9847284670BD59
:10BA00004FF0FF35F7E76FF01505F7E770B505461E
:10BA100086680C46F36B98472869FFF7AFFEB0B114
:10BA200021462846FFF7B0FE014698B1037DDB07AB
:10BA300010D5437E03F00303012B0ED02846F36894
:10BA4000984704462846336C9847204670BD4FF00F
:10BA5000FF34F7E76FF01204F4E76FF08504F1E7C5
:10BA6000F8B5064687680C46FB6B98473069FFF7C8
:10BA700085FEE0B121463046FFF786FE0546C8B197
:10BA8000037DDB0716D5437E03F00303012B14D09F
:10BA900001463B6930469847044618B92B7D60F350
:10BAA00041032B7530463B6C98472046F8BD4FF05C
:10BAB000FF34F7E76FF01204F4E76FF08504F1E765
:10BAC0002DE9F041054686680769F36B0C469847F7
:10BAD0002869FFF753FE98B394F81880284641462A
:10BAE000FFF752FE014670B3037DDA072BD518F03D
:10BAF0007F0F20D197F8B030EBB1637EDB0717D50D
:10BB000097F8B13033B1082207F1A80104F10C0015
:10BB1000FEF79FFF002287F8B02021462846FFF756
:10BB20006AFE04462846336C98472046BDE8F081FB
:10BB30006FF06702F1E72246284673689847F0E7FE
:10BB40004FF0FF34EEE76FF01204EBE770B50546F7
:10BB50000C468668F36B984721462846FFF714FE8B
:10BB600048B101F092FBB0FA80F464092846336CC6
:10BB70009847204670BD0124F8E770B505468668F1
:10BB80000C46F36B98472869FFF7F2FD80B1214618
:10BB90002846FFF7F9FD014668B104681CB1284644
:10BBA000B368984704462846336C9847204670BDD2
:10BBB0004FF0FF34F7E76FF01204F4E708B50369BC
:10BBC00000211B685A8BF9F779F928B1437E23F0DD
:10BBD000070343F00103437608BD08B539B903698B
:10BBE000013A1B685B8B1A44B2FBF3F25A43F9F734
:10BBF00065F928B1437E23F0070343F0020343763F
:10BC000008BD08B561B903691B685A8BF9F756F985
:10BC100028B1437E23F0070343F00403437608BDB5
:10BC20000022F3E770B50D4604468668F36B98472B
:10BC30002846F6F797FE2046336C9847002070BDE3
:10BC400070B505468668F36B98472869FFF796FD3F
:10BC5000044620B133683BB128469847044628463D
:10BC6000336C9847204670BD0124F8E7F8B50446C8
:10BC700087680669FB6B98472069FFF779FDB8B1C3
:10BC80002069FFF77BFDB0B92046FB6A984705465F
:10BC900048B906F1A003D3E8EF1F41F00201C3E861
:10BCA000E21F002AF7D120463B6C98472846F8BD92
:10BCB0004FF0FF35F7E76FF07705F4E7F8B5044686
:10BCC00087680669FB6B98472069FFF757FD90B1BD
:10BCD0003B6B20469847054606F1A003D3E8EF1FCB
:10BCE00021F00201C3E8E21F002AF7D120463B6C95
:10BCF00098472846F8BD6FF07705F7E72DE9F04142
:10BD0000054614460F46D0F80880066911B30AB3F9
:10BD1000D8F83C3098472869FFF72AFDB8B9C6E93A
:10BD200026742846D8F834309847044640B9A036DF
:10BD3000D6E8EF3F43F00103C6E8E23F002AF7D11F
:10BD40002846D8F8403098472046BDE8F0816FF08B
:10BD50007704F5E76FF01504F6E7F8B50446876851
:10BD60000669FB6B98472069FFF708FDB0B92069A9
:10BD7000FFF7FEFCA8B1BB6B20469847054606F1CD
:10BD8000A003D3E8EF1F21F00101C3E8E21F002A5E
:10BD9000F7D120463B6C98472846F8BD6FF00F0559
:10BDA000F7E76FF07705F4E78388C2888168D21AD5
:10BDB00003685B1AD01A704700230822824204D31A
:10BDC000D8B27047520092B2F8E701330A2BF9D18A
:10BDD000FF20704730B502F0030422F003020A444A
:10BDE00091420AD144B100230068D90020FA01F140
:10BDF000D15401339C42F8D130BD036804311D0A8F
:10BE000001F8035C1D0C01F8043C01F8025C1B0EF8
:10BE100001F8013CE4E730B543680A7E1B6832F064
:10BE200080054FF0200403F5805314D10269D2F845
:10BE3000A400EFF3118184F31288BFF36F8F9D7319
:10BE40009A7C22439A7480F89C5081F31188BFF346
:10BE50006F8F002030BDEFF3118084F31288BFF3A1
:10BE60006F8F02F00F029A7391F91820002AB5BF64
:10BE70009A7C9A7D42F0100242F02002B4BF9A747C
:10BE80009A7500229A7380F31188BFF36F8F0B7D30
:10BE900043F002030B75DCE7436801F07F011B6888
:10BEA000002003F580531970704743681B6803F541
:10BEB00080535B7813F0100F0CBF012002207047F5
:10BEC00001234A0901F01F018B40DB4300EB820094
:10BED000D0E8EF2F1A40C0E8E12F0029F8D17047D1
:10BEE00003460022D3E8EF0FC3E8E12F0029F9D180
:10BEF000704770B5044650F8080C94F830604568F7
:10BF00002B6803F5805393F8603003F01803A3F116
:10BF10001802514251418E4208D00022182B84F859
:10BF200030100CBF11460121FFF759FC0A23EA6AC1
:10BF30002046BDE87040A2FB0323FCF73FBDFEF79F
:10BF400026BC2DE9F04703690A7ED3F8A460436854
:10BF5000074688461C6802F07F05EFF3118920230D
:10BF600083F31288BFF36F8F04F58054DDB9A57396
:10BF7000E37C06F5C07043F00103E374FFF7B0FF04
:10BF800006F5C870FFF7ACFFC6F88C5186F89C50D8
:10BF900041463846FFF747FC89F31188BFF36F8F9E
:10BFA0000020BDE8F0874FF0010A0AFA05FA1FFAEF
:10BFB0008AFA6FEA0A0391F918109BB2002902F07D
:10BFC0000F0224DAE18806F5BA700B40E380A27311
:10BFD000A37C294643F00803A374A37C9A0742BFBD
:10BFE000A37C43F00803A374A37C03F0FE03A374B3
:10BFF000FFF766FF294606F5BC70FFF761FF0023D7
:10C00000A373E3889BB243EA0A03E380C0E7218974
:10C0100006F5BE700B402381A273A37D294643F031
:10C020001003A375A37DDB0742BFA37D43F010037C
:10C03000A375A37D03F0FE03A375FFF741FF294617
:10C0400006F5C270FFF73CFF294606F5C470FFF7FE
:10C0500037FF0023A37323899BB243EA0A0323819A
:10C0600096E79A20F6F744B8002208B59A201146C0
:10C07000F6F752F8BDE808409A20F6F72BB80023EF
:10C08000F0B51A461C46C9086509283550F82550F0
:10C0900004F01F06F540ED0709D4002A08BF234627
:10C0A0000132914204D11A460127194416E00022B8
:10C0B0000134B4F5906FE7D19142F4D94FF6FF7097
:10C0C00010E05C0900EB8404D4F8A05003F01F06D4
:10C0D00007FA06F63543C4F8A05001338B42F0D37B
:10C0E000D00080B2F0BDFFF7CABF2DE9F74F03695A
:10C0F000426891F81880D3F8A440136818F0700FC4
:10C100000F46009308F07F094FFA88FA40F09480B8
:10C11000488BC0F30A00082838BF0820FFF74CFE00
:10C12000FF28054600F088800821814089B2EFF39E
:10C1300011832022019382F31288BFF36F8FB9F12C
:10C14000000F30D14FF6FF76B4F83001B04208D17D
:10C150002046FFF7C8FFB04203D0A4F83001A4F88E
:10C160005001019B83F31188BFF36F8F4FF6FF736C
:10C17000984264D0009B08F00F0803F58054C0F388
:10C18000CF0084F80E80B9F1000F2CD184F86250F2
:10C1900084F86350A4F86400A4F866000020A0733B
:10C1A00003B0BDE8F08F4FEA4906BAF1000F4FF631
:10C1B000FF7B26440BDAB6F830015845D1D1204632
:10C1C000FFF791FF5845CCD0A6F83001C9E7B6F883
:10C1D00050015845C5D12046FFF785FF584518BF87
:10C1E000A6F85001BDE70123BAF1000F03FA09F3E5
:10C1F0009BB210DA84F86250A4F864007A8BC2F320
:10C200000A022282A27C42F04002A274E28892B228
:10C210001343E380C2E784F86350A4F866007A8B86
:10C22000C2F30A02A282A27D42F08002A275228994
:10C2300092B213432381B1E76FF01500B0E76FF0BE
:10C240000B00ADE770B50126D208CB0802EBD10296
:10C25000590900EB8101D1F8A04003F01F0506FA4F
:10C2600005F5013324EA05049342C1F8A040EFD359
:10C2700070BD2DE9F843036991F81890D3F8A460D4
:10C28000436819F070071D6809F07F044FFA89F8B8
:10C290006DD1488BC0F30A00082838BF0820FFF78B
:10C2A0008BFDFF2863D0082209F00F09824005F5B5
:10C2B000805392B283F80E902CBB83F8624083F8CF
:10C2C0006340A3F86440A3F8664000219973EFF33C
:10C2D0001185202383F31288BFF36F8F64BB4FF661
:10C2E000FF74B6F83011A14206D03046FFF7AAFF1E
:10C2F000A6F83041A6F8504185F31188BFF36F8F3F
:10C300000020BDE8F8830121A140C943B8F1000F26
:10C3100089B208DAD8880140D98083F86270A3F81E
:10C3200064701F82D1E718890140198183F8637016
:10C33000A3F866709F82C8E76400B8F1000F4FF65B
:10C34000FF77344409DAB4F83011B942D4D030461A
:10C35000FFF778FFA4F83071CEE7B4F85011B94276
:10C36000CAD03046FFF76EFFA4F85071C4E76FF0F3
:10C370001500C6E7006984304FF0FF324FF0FF33FD
:10C38000FBF7F4BF00698430FCF762B801F0EFBA44
:10C3900001F0EABA01F06BB901234A0901F01F016B
:10C3A0008B4000EB8200D0E8EF2F1A43C0E8E12F6A
:10C3B0000029F8D17047012301F01F02934030B5E6
:10C3C000DC43490900EB8100D0E8EF2F02EA0401C9
:10C3D000C0E8E51F002DF7D103EA0200003818BFBE
:10C3E000012030BDF8B5D0F8A450107E8C4600F086
:10C3F0007F06EFF31187202181F31288BFF36F8F3F
:10C40000518B0CF5805400F00F02A27305F5BC753A
:10C41000720905EB8202D2E8AF2F00F01F00024143
:10C4200012F0010206D00023A37387F31188BFF333
:10C430006F8FF8BD06F581600CEB800C188AC1F394
:10C440000A01814228BF014691420CD803F10C0039
:10C45000FEF721FBA37C314643F001032846A37479
:10C46000FFF79AFFDFE7D868805C01328CF80000A4
:10C47000EAE7F8B50B7E0C4613F07F0105464ED077
:10C48000426817680269D2F8A400EFF311862022EF
:10C4900082F31288BFF36F8F03F00F0207F580530A
:10C4A0009A7394F91820002A3BDA9A7C02F0CF02A2
:10C4B0009A749A7C42F040029A749A7C42F0080284
:10C4C0009A749A7C920742BF9A7C42F008029A744E
:10C4D0009A7C02F0FE029A7400229A7386F3118805
:10C4E000BFF36F8F237D62F34103237594F91830F6
:10C4F000934214DA00F5BC70FFF7E2FC2046FFF728
:10C500006AF906462046FFF748F940B93EB1338A3A
:10C510002BB13346224639462869FFF763FF0020D6
:10C52000F8BD9A7D02F09F029A759A7D42F08002D2
:10C530009A75D1E72DE9F04F0446036987B0D3F827
:10C54000A430039343681B680593039B03F188079A
:10C550004FF0FF324FF0FF3340F29F11CDE900233F
:10C560003846002201F007FA4207064608D50421A2
:10C570003846FFF70BFF002204212046FFF72FF972
:10C5800033070CD508213846FFF700FF012120466C
:10C59000F8F7E4FB002203212046FFF720F9F50617
:10C5A0000CD510213846FFF7F1FE00212046F8F7A0
:10C5B000D5FB002202212046FFF711F9300600F1D9
:10C5C000B080F10511D54FF480713846FFF7DEFEDB
:10C5D000039B03F5BE70FFF783FC8046039B03F5C6
:10C5E000C27AB8F1000F40F03E81B50740F18B8070
:10C5F00002213846FFF7CAFE80212046FFF7C4F823
:10C60000039B814603F5C070FFF76AFC00283AD00F
:10C61000236900212046D3F8A480FFF7B5F88021D4
:10C6200005462046FFF7B0F8049015B32846FFF7FB
:10C63000D2F8F0B1437E13F0010300F06081284688
:10C64000FFF7C5F882462846FFF7C5F818B1427EC5
:10C65000D10740F15581BAF1000F0AD00022DAF873
:10C660000C1028460A604A605146AAF81020FFF7CD
:10C67000B4F8204608F5CC71FFF7E4F8002D40F03F
:10C680003381A8F89651B9F1000F3CD04846FFF726
:10C69000A2F88046B8B3038A23B9457E15F0080591
:10C6A00000F0698123698021D3F8A4506368204693
:10C6B000D3F80090FFF768F8418BB8F81030C1F359
:10C6C0000A01994228BF1946002209F58059914272
:10C6D00000F2488108F10C00FEF7DDF9B8F81020EF
:10C6E000002A40F0468198F8193062F3C3030A2209
:10C6F00088F819304FF0010385F89C3099F8123012
:10C70000134389F81230F3077FF51FAF3846012134
:10C71000FFF73CFE039B204603F19401FFF792F8DC
:10C7200013E780213846FFF731FE63681B680493E6
:10C730002369D3F8A40000F5BA70FFF7D1FB814656
:10C74000049B03F58058B9F1000F3FF43AAF99FA12
:10C75000A9FA0123BAFA8AFA204603FA0AF24AF041
:10C76000800129EA0209FFF70FF805460028EAD000
:10C77000FFF731F80028E6D0028AA2B32A7D12F032
:10C780000202E0D1EFF3118B202181F31288BFF375
:10C790006F8F049BB5F81AC00AF5816503EB850518
:10C7A0000AF00F0388F80E30018ACCF30A0C6145B9
:10C7B00028BF61461346994210D80C30FEF76BF93A
:10C7C00098F8123043F0010388F81230002388F8FB
:10C7D0000E308BF31188BFF36F8FB4E7C268D25C61
:10C7E00001332A70E7E790F819B01BF0080B1DD051
:10C7F0002A7D12F00202A6D1EFF31181202585F3E4
:10C800001288BFF36F8F0AF00F0388F80E3098F884
:10C81000123043F0010388F81230437E62F3C30301
:10C82000437688F80E2081F31188D4E72846FEF776
:10C83000CEFF5A4601462046FEF7DDFF2846FEF7AA
:10C84000CAFF034600283FF47EAF028A002A3FF465
:10C850007AAF2A7D92073FF576AF2A460499206980
:10C86000FFF7C0FD6FE798FAA8F50123B5FA85F543
:10C870002046AB40294628EA0308FEF785FF834699
:10C8800000283FF4AEAEFEF7A2FF814600283FF439
:10C89000A8AEDAE8AF3F2B41D8071FD55846FEF7C0
:10C8A0009AFFD8B129465046FFF785FDB0B1EFF3A6
:10C8B0001181202383F31288BFF36F8F059B05F04E
:10C8C0000F0503F580539D739A7D02F0FE029A7561
:10C8D00000229A7381F31188BFF36F8F00224946BB
:10C8E0002046FEF788FF7CE62846FEF774FF10B965
:10C8F000A8F89601C7E6437E13F001032ED19A46AD
:10C900004FF0000B2846C8F88CB1FEF760FF5A467E
:10C9100001462046FEF76FFF0498FEF75CFF10B15A
:10C92000427E520711D40022A8F89621BAF1000FD6
:10C930003FF4A9AEDAF80C1028460A604A60514666
:10C94000AAF81020FEF749FF9DE60498FEF73FFF86
:10C950005A4601462046FEF74EFFE4E70023A8F8BA
:10C96000963190E6D8F80C309B5C013289F8203083
:10C97000ADE60222BEE64846FEF729FF2A460146FA
:10C980002046FEF738FFBEE610B5807A0C46F5F774
:10C9900041FFC3692146BDE81040586800F033BB31
:10C9A000F7B50D46807A17461E46F5F733FF2C681B
:10C9B000C369033424F00302586804212A60CDE9D6
:10C9C0000076FBF7B9FB00B9286003B0F0BD002387
:10C9D000F4F756BD2DE9F04145680846D5E90068F1
:10C9E0000C46AF68F9F77EF9002878D1A30E092B21
:10C9F00075D8DFE803F0080F1A2C054C535F056A61
:10CA00000220BDE8F08173699C076CD5306900F0A5
:10CA100001001AE0F36A980765D5B36F002B60D167
:10CA20003069C00900F00200EBE7E4B206F1400310
:10CA300053F82430012013F0020FE2D03369183488
:10CA4000A04098430CBF012000204000D9E70620F9
:10CA5000E4B2B4FBF0F3316903F11805E940C9070A
:10CA6000DAB240D500FB1344E4B2032C4FEA820251
:10CA700094BF06F14C0306F15003134404F0030481
:10CA8000E4001A6807340123A340134219E0D8F8E0
:10CA90001C309A0727D5D8F80C00B8E7E4B204F1A7
:10CAA000080357F82330DB051DD578680234E040D1
:10CAB000C043ACE7C4F30524203457F8243013F006
:10CAC000400F14BF022001209BE7C4F30552EB681E
:10CAD0000E3203EB82035A68C4F38534D3E7032094
:10CAE0008FE700208DE701208BE72DE9F3474FF01A
:10CAF00000090C4601EB0121456841F03F6141F41A
:10CB00007C21804617462E68D0F810A0CDF80490FE
:10CB1000FFF760FF022803D0C7F8009000201CE058
:10CB200006F1400353F82430C3F30223012B17D03E
:10CB3000022B2CD0BBB9AA68631C04F1210152F866
:10CB4000211003EB43035A00404601AB02F0FE0202
:10CB500001F00F01F9F788F928B102B0BDE8F087BC
:10CB6000DAF80030019306F1480353F824304436D4
:10CB700013F03F031EBF019AB2FBF3F2019256F885
:10CB80002420019BC2F3090253433B60C6E74046A1
:10CB900001A9F9F70FFADFE7F0B406240A4691FB82
:10CBA000F4F104FB11244368664206F003061F6893
:10CBB00004F0030358BF7342032C4FF00104D4BFA9
:10CBC0004C3750378E003E44DB003768073304FA99
:10CBD00003F305693B4333602B8F063294401C43BB
:10CBE000EB6A2C87CB40DA0706D42B6BCB40DB07F4
:10CBF00002D5F0BCF9F726BD0020F0BC704710B597
:10CC00004468C1F30520A1689B0101EB8001D1F8C4
:10CC1000800003F0400302F00F0220F04F001343A6
:10CC20000343C1F8803010BD10B543680120C1F343
:10CC30008534DB68C1F3055189000B44012ADA6BA6
:10CC400000FA04F00CBF02438243DA6310BD43686C
:10CC500000205B681B6A0B60704743685B6818695B
:10CC600042400A4042401A61002070474368002059
:10CC70005B6899617047436800205B685961704741
:10CC8000436800205B68D961704730B50369D86894
:10CC900000B30024884219D108688CB91C69D86097
:10CCA000A14200D11861002008602AB1DA680A6048
:10CCB0001A69D96002B9196100200FE02846E9E736
:10CCC00020601869814208BF1C61ECE705680446D2
:10CCD000002DF3D1002AE9D16FF0150030BD0020FE
:10CCE00070474368187AF7F741BF70B50B46C968BB
:10CCF000054611B15E680C6801B970BD8A682A40AA
:10CD000002D030464B6898471CB1236821461C4628
:10CD1000F2E72346FAE710B543685C68631893F8B6
:10CD2000400000F0FE0083F8400012F4403010D1C3
:10CD300093F8402002F0FB0283F8402093F8402053
:10CD400002F0FD0283F8402001238B406360002045
:10CD500010BD12F0020F49D1B0F5403F10D193F849
:10CD6000400040F0020083F8400001238B40510353
:10CD7000A36001D56361EAE7120348BFA361E6E758
:10CD8000D00318D593F8400012F0300F40F00200A5
:10CD900083F840004FF0010000FA01F16160D6D045
:10CDA00093F8400040F0040083F84000D3064CBFE5
:10CDB000A1616161CBE7900318D5012012F0300F1B
:10CDC00000FA01F10FD1500309D56161002093F8F9
:10CDD000402002F0FD0283F84020A160B8E7120372
:10CDE000F4D5A161F2E76FF08500F0E76FF0850000
:10CDF000AEE737B50C460569836801A95B689847BB
:10CE000048B92B6801985840012303FA04F10840FF
:10CE1000003818BF012003B030BD0A2251F8043C8D
:10CE200001F114005B681B68A3FB0223FBF7C6BD7E
:10CE300030B5036813600579046804EBC504A342A8
:10CE400002D36FF0010030BD5C7908338C42F1D120
:10CE50000020F8E743689B681A7E520743BF9B6A2D
:10CE600000200B706FF00F00704743689B681A7EBC
:10CE7000D207FCD5996270470269002013680B60E5
:10CE800053684B60704743689B68588B5A8BC0F35C
:10CE9000800092075A8B48BF40F0040002F0010264
:10CEA00040EA42005A8BD1065A8B48BF40F0080036
:10CEB00092065A8B48BF40F0100092B242F03702FF
:10CEC0005A8370470268012922F0706203460260AB
:10CED00004D002290CD0026802607047026842F058
:10CEE00080720260426842F400525A60FAF7E6BC6F
:10CEF000026842F080720260426822F40052F4E755
:10CF000038B5044648B1FAF751FF782305465C432B
:10CF1000FAF74CFF431BA342FAD338BD10B543695F
:10CF200004463BB90020E2684042537843F00103D5
:10CF3000537010BD98470028F4D00028B8BF404275
:10CF4000FF28A8BFFF20E3681870ECE740B1C36872
:10CF5000587810F001001EBF1878B0FA80F0400930
:10CF60007047EFF31183202383F31288BFF36F8F91
:10CF7000FEE72DE9F04F89B0DDE9126805924346DE
:10CF80000546324606A80F4600F034FCDDE90634BB
:10CF9000CDE90234EFF311844FF0200989F31288B0
:10CFA000BFF36F8F05F10C0A05F1140B39462846C3
:10CFB000059A149B984730B184F31188BFF36F8FA3
:10CFC00009B0BDE8F08F56EA0806F5D0DDE9022386
:10CFD00006A800F034FCDDE90668524621465846B2
:10CFE000CDE90068FBF752FFEFF3118489F3128853
:10CFF000BFF36F8FDAE710B400F10C04C0E903440B
:10D0000010BCFDF702B838B50446EFF311852023B4
:10D0100083F31288BFF36F8FF3F760FB04F10C000A
:10D0200000F0FDFA30B1294604F11400BDE83840A3
:10D0300000F0DBBA85F31188BFF36F8F38BD10B5F0
:10D0400042696AB1836842EA0301890708D101692C
:10D05000A2FB011424B95B182CBF0121002102D3CB
:10D060006FF0150005E0C1609B1A02698A4201D881
:10D07000002010BDC26801311A604269C3609B1A6A
:10D08000F3E72DE9F04105460F46EFF31188202321
:10D0900083F31288BFF36F8FC668FEB90468A0429D
:10D0A0001CD0DCB1D4E9003213605A60237CC4E99F
:10D0B000006623F002032374A66004F1180000F058
:10D0C0005EFB2046C4F88060676100F030FA41469C
:10D0D00005F10800BDE8F04100F087BA3E60AB6999
:10D0E000EF60013BAB6188F31188BFF36F8FBDE840
:10D0F000F081202408B5EFF3118384F31288BFF385
:10D100006F8FFDF733FCF6E7D0E9003213605A6009
:10D110000023027CC0E9003322F002020274836023
:10D12000704713B501240094FBF756F802B010BD08
:10D1300090F90E308B4201D0FBF7D4BE002070472F
:10D1400003460020C3E90033C3E902007047D0E979
:10D15000003213605A600023027CC0E9003322F0E1
:10D1600002020274836070472DE9F843904604463A
:10D170000D469DF82020EFF31187202181F31288BE
:10D18000BFF36F8F02B14568A66804F10809B14585
:10D1900016D0AEB100243046FFF7D9FF06F11800D3
:10D1A00000F0EDFA3046C6F88040C6F8148000F072
:10D1B000BEF94846394600F018FA2046BDE8F88323
:10D1C000A3B10820FCF788FA002832D00122C0F869
:10D1D00004800260016801F003015DB922680A431E
:10D1E0000260626820606AB960600BE04046C8F87F
:10D1F0000030EFE72A68032A10D80160616839B966
:10D20000C4E90000002087F31188BFF36F8FD5E7D2
:10D210000A6802F0030202430A60E5E722F0030213
:10D220000A4302602A6802F0030240EA02032B600C
:10D23000E8E76FF00B00E6E710B5044630B102688E
:10D24000930703D0446809B100F098FB204610BD55
:10D250000023C0E9003300F10803C0E9023370473E
:10D26000012307B5009300230A461946FFF77CFF08
:10D2700003B05DF804FB002307B50A460093194686
:10D28000FFF772FF03B05DF804FB00210068FFF7B1
:10D29000D3BF3AB18A4205D3C0E90212C0E9000007
:10D2A000002070476FF015007047012302688B4023
:10D2B00022EA0303036022FA01F000F00100704744
:10D2C00010B5032104460C30FFF7EFFF30B104F135
:10D2D000100000F054FAB0FA80F0400910BD20B1FF
:10D2E00000229430114600F007BA704770B5C36849
:10D2F0000446C3F340069B0716D4856802210C3010
:10D30000FFF7D3FF80B1D5F88C206AB194421DD1CC
:10D3100022689EB9D5F89030C5F88C209C4201D186
:10D32000C5F8902000232360E36813F01F001EBFA0
:10D3300043F00203E36040F0020070BD3260D5F8B4
:10D340009020944208BFC5F89060EBE7164612683B
:10D35000DBE773B50446EFF31185202383F31288CE
:10D36000BFF36F8F00230193D0E90423B3F1004F83
:10D3700008BF012A05D085F31188BFF36F8F02B073
:10D3800070BDA0F1100603210438FFF78EFF0028BE
:10D39000F1D0A369304601A90193FBF719FAEAE736
:10D3A00038B504460D461022002100F0FBFA6560F6
:10D3B00038BD13B501900846EFF31184202383F3A1
:10D3C0001288BFF36F8F01A9FBF702FA84F311886B
:10D3D000BFF36F8F02B010BD10B5FFF7EAFF041E58
:10D3E00008DDEFF31180202383F31288BFF36F8FE2
:10D3F000FBF7E4FD204610BD38B530220D46002174
:10D40000044600F0CFFA4FF480736560E36038BDE6
:10D41000F8B504460D46EFF31187202383F31288F5
:10D42000BFF36F8FC36803F01F03002B14BF0126E7
:10D43000002609D0FFF744FF2046FFF757FF294693
:10D440002046FBF7A7F9034687F31188BFF36F8FD8
:10D450003BB14FF0FF324FF0FF3305F10800FBF70F
:10D46000ADF83046F8BDEFF30580003818BF012055
:10D4700070476FF0570070470020704738B58589B6
:10D48000EFF31181202282F31288BFF36F8F037CA8
:10D4900013F0080404D081F31188BFF36F8F38BDF7
:10D4A0000122FBF7F9FBEB07F9D584F31188BFF3F1
:10D4B0006F8F0423184602DFF1E7FBF7A5BCD0E924
:10D4C000003213605A600023C0E90033704708B58A
:10D4D000FFF7F5FF037C23F002030374002383604E
:10D4E00008BD38B504460D46FBF722FB237C43F00C
:10D4F00002032374D5B1A5602B689D4209D16B68E6
:10D50000C4E900531C606C6010E06A689A42F6D06F
:10D510001B68002BF3D093F90E1094F90E20914262
:10D52000F3DD5A68C4E9003214605C6038BD10B5A0
:10D53000EFF31184202383F31288BFF36F8FFBF77F
:10D5400021FB84F31188BFF36F8F10BDFBF71ABB6B
:10D55000FBF7EEBA08B5EFF31181202282F31288AF
:10D56000BFF36F8F83680BB1FFF7B1FF81F31188B1
:10D57000BFF36F8F08BD08B5037C014613F0280F79
:10D580000CD183680BB1FFF7A2FF0B7C084623F098
:10D5900004030B74BDE80840FBF7F4BA08BD10B5EE
:10D5A000EFF31184202383F31288BFF36F8F1838B1
:10D5B000FFF7E1FF84F31188BFF36F8F10BD08B54B
:10D5C0000346EFF31181202282F31288BFF36F8F9D
:10D5D0000068834207D008B1FFF779FF81F3118813
:10D5E000BFF36F8F08BD0020F8E70846FBF70ABBC2
:10D5F00038B5054604680020AC4200D138BD002C87
:10D60000FCD02046FFF763FF04F1180000F0B7F8E4
:10D610002046FBF7B7FA2C680120A542EDE710B5CC
:10D62000EFF31184202383F31288BFF36F8FFFF78A
:10D63000DFFF84F31188BFF36F8F10BD38B5054647
:10D640000C46FBF7CFFCB4F1FF3F08BFB5F1FF3F3D
:10D650000AD0C11709304FF00A024FF0000341F120
:10D660000001F2F7CDFC38BD4FF0FF30FBE7C117EA
:10D67000633008B54FF064024FF0000341F1000140
:10D68000F2F7BEFCC117FBF7ADFC6423584308BD9D
:10D690002DE9F04706460F4691469A46EFF311886A
:10D6A000202383F31288BFF36F8F0068864206D071
:10D6B00028B1736898420CBF0025056868B900243A
:10D6C000B9F1000F02D051462046C84788F31188AF
:10D6D000BFF36F8F2046BDE8F0875146B847044638
:10D6E0000028EDD135B17368AB4200D02C682846D4
:10D6F0002546E3E72C46FAE738B5EFF311852023FA
:10D7000083F31288BFF36F8F0468A0421CD0ECB182
:10D71000C4F880106261D4E9003213605A600023BB
:10D72000227CC4E9003322F002022274A36004F1D7
:10D73000180000F024F82046FFF708FF012085F3C9
:10D740001188BFF36F8F38BD0020F8E72046F6E759
:10D7500008B50246FBF754FD70B1D0E904319B1ABD
:10D7600061EBE272B3F1004F72F1000104DA002ABA
:10D77000ACBF1846002008BD6FF00040FBE7024632
:10D7800038B5EFF31185202383F31288BFF36F8F31
:10D790000368D3B1FBF734FD04461046FBF742FDA6
:10D7A00000224FF000438442C0E9042305D000204A
:10D7B00085F31188BFF36F8F38BDFBF729FDFFF7A5
:10D7C000C7FF0021FAF758FAF1E7D0E90413B3F1E3
:10D7D000004F08BF012904D100204FF00041C2E9E9
:10D7E00004016FF01500E3E708B5FBF723FE08BD61
:10D7F000FBF720BEB3F1FF3F08BFB2F1FF3F70B5AA
:10D8000006461D46144614D01A4316D0002B08DBDA
:10D81000FBF710FE041941EB0501C6E90041304653
:10D8200070BD6FF001031C1B4FF0FF3363EB05016C
:10D83000F3E74FF0FF342146EFE70024FBE7B3F1B5
:10D84000FF3F08BFB2F1FF3FF8B5074616461C463A
:10D8500010D054EA020311D0FBF7ECFDB0420A46A7
:10D86000A14103460AD2F31A64EB0204C7E900346B
:10D870003846F8BD4FF0FF331C46F7E70023FBE7BF
:10D880000023C0E9081200F11802C0E90622C0E92D
:10D8900000330363436370472DE9F3470446DDE932
:10D8A0000A9815460E4659B302F0010AFBF710FC20
:10D8B0000746EFF31181202383F31288BFF36F8FA4
:10D8C000A80744BF0023A360A36803EA0600BAF1D7
:10D8D000000F0CD086420CD16A0744BF8343A3607B
:10D8E00081F31188BFF36F8F02B0BDE8F087002885
:10D8F000F2D159EA080305D181F31188BFF36F8F84
:10D900000020F1E7C7E918652246CDE9009804F147
:10D910000C00FBF7BBFA0028F2D1386EE4E710B533
:10D920000B680446D0E9180212F0010F03EA000365
:10D9300001D0984211D183B12366520748BF4A688B
:10D9400004F1180044BF1A434A60FFF718FF002390
:10D950002046C4F88030FFF70EFE002010BD0023E3
:10D96000C0E90000836070470A46FBF769BE0A46BB
:10D970000021FBF765BE5200FFF78EBF20B1011FEB
:10D9800050F8040CFFF73FBB70470A44431E914216
:10D9900000D1704710B511F8014B914203F8014FC7
:10D9A000F9D110BD02440346934200D1704703F8F9
:10D9B000011BF9E70246014410B58A42134603D021
:10D9C0001C780132002CF8D1181A10BDF0B5C3F143
:10D9D0003707044603F01F031046FFB2082BE6B2D8
:10D9E00032D0102B3DD06508A40845EAC17544EA41
:10D9F00081748A082D1942EB5102290941EA02710A
:10DA00006D1842EB1212290A41EA02616D1842EBCD
:10DA10001222290C41EA02416D1842EB1242AD1864
:10DA200042F10002EC0844EA4274D10804EB84029B
:10DA3000A6EB4205EDB2092D0CD90134A5F10A057A
:10DA400041F10001EDB212E0E40806F0070544EAF6
:10DA50004174C908303554EA010200F8015BBDD1B8
:10DA6000F0BD240906F00F0544EA01740909092DE7
:10DA700084BFED19EDB2EDE7D1E9043293421EBF48
:08DA80005A1C0A61187070477E
:08DA8800D025FF7F0100000022
:10DA90000000000010DB000C1581000C00000000ED
:10DAA0005581000C000000000000000064DB000C49
:10DAB0000000000048DB000C000000002CDB000C24
:10DAC0000000000080DB000C5974000C0000000016
:10DAD000D97B000C00000000C90F000C0000000002
:10DAE000B927000C000000000986000C00000000AF
:10DAF000000000009CDB000C00000000B8DB000C04
:10DB000000000000D4DB000C1D37000C00000000FA
:10DB10000002010C3CE4000C34E1000CF602002091
:10DB2000801200209571000C0000000059F9000CD3
:10DB300094E3000C00000000F20200204C100020D2
:10DB4000094A000C000000004B02010C54E4000CD8
:10DB500010E1000CF8020020BC120020DFCC000C09
:10DB6000000000005902010C60E4000C10E1000C00
:10DB7000FA020020D0120020DFCC000C00000000D0
:10DB80004403010CACE4000C50E1000CFE02002048
:10DB9000E4120020F179000C00000000B6F7000C40
:10DBA00050E3000C80E3000CF00200201410002071
:10DBB000A144000C00000000BFFB000CBCE3000C03
:10DBC000ECE3000CF4020020B4010020F152000C40
:10DBD000000000000A03010C6CE4000C00000000CF
:10DBE000FC020020311300201D76000C0000000014
:10DBF0000000000051A9000C0000000051A9000C19
:10DC00000000000051A9000C0000000051A9000C08
:10DC10000000000051A9000C0000000051A9000CF8
:10DC20000000000051A9000C0000000051A9000CE8
:10DC30000000000051A9000C0000000051A9000CD8
:10DC40000000000051A9000C0000000051A9000CC8
:10DC50000000000051A9000C2CDB000CA5B2000C48
:10DC60002CDB000CD3B2000C2CDB000C03B3000C3B
:10DC70002CDB000C33B3000C2CDB000C63B3000C6A
:10DC80002CDB000C93B3000C2CDB000CC3B3000C9A
:10DC90002CDB000CF3B3000C2CDB000C23B4000CC9
:10DCA0002CDB000C59B4000C2CDB000C8FB4000CE6
:10DCB0002CDB000CC5B4000C2CDB000CFBB4000CFE
:10DCC0002CDB000C31B5000C2CDB000C67B5000C14
:10DCD0002CDB000C9DB5000C0000000051A9000CCD
:10DCE0000000000051A9000C0000000051A9000C28
:10DCF0000000000051A9000C0000000051A9000C18
:10DD00000000000051A9000C0000000051A9000C07
:10DD10000000000051A9000C0000000051A9000CF7
:10DD20000000000051A9000C0000000051A9000CE7
:10DD30000000000051A9000C0000000051A9000CD7
:10DD40000000000051A9000C0000000051A9000CC7
:10DD50000000000051A9000C0000000051A9000CB7
:10DD60000000000051A9000C0000000051A9000CA7
:10DD70000000000051A9000C0000000051A9000C97
:10DD80000000000051A9000C0000000051A9000C87
:10DD90000000000051A9000C0000000051A9000C77
:10DDA0000000000051A9000C0000000051A9000C67
:10DDB0000000000051A9000C0000000051A9000C57
:10DDC0000000000051A9000C0000000051A9000C47
:10DDD0000000000051A9000C0000000051A9000C37
:10DDE0000000000051A9000C0000000051A9000C27
:10DDF0000000000051A9000C0000000051A9000C17
:10DE00000000000051A9000C0000000051A9000C06
:10DE10000000000051A9000C0000000051A9000CF6
:10DE20000000000051A9000C0000000051A9000CE6
:10DE30000000000051A9000C0000000051A9000CD6
:10DE40000000000051A9000C0000000051A9000CC6
:10DE50000000000051A9000C0000000051A9000CB6
:10DE60000000000051A9000C0000000051A9000CA6
:10DE70000000000051A9000C0000000051A9000C96
:10DE80000000000051A9000C0000000051A9000C86
:10DE90000000000051A9000C0000000051A9000C76
:10DEA0000000000051A9000C0000000051A9000C66
:10DEB0000000000051A9000C0000000051A9000C56
:10DEC0000000000051A9000C0000000051A9000C46
:10DED0000000000051A9000C0000000051A9000C36
:10DEE0000000000051A9000C0000000051A9000C26
:10DEF0000000000051A9000C0000000051A9000C16
:10DF00000000000051A9000C0000000051A9000C05
:10DF10000000000051A9000C0000000051A9000CF5
:10DF20000000000051A9000C0000000051A9000CE5
:10DF30000000000051A9000C0000000051A9000CD5
:10DF40000000000051A9000C0000000051A9000CC5
:10DF50000000000051A9000C0000000051A9000CB5
:10DF60000000000051A9000C0000000051A9000CA5
:10DF70000000000051A9000C0000000051A9000C95
:10DF80000000000051A9000C0000000051A9000C85
:10DF90000000000051A9000C0000000051A9000C75
:10DFA0000000000051A9000C0000000051A9000C65
:10DFB0000000000051A9000C0000000051A9000C55
:10DFC0000000000051A9000C0000000051A9000C45
:10DFD0000000000051A9000C0000000051A9000C35
:10DFE0000000000051A9000C0000000051A9000C25
:10DFF0000000000051A9000C0000000051A9000C15
:10E000000000000051A9000C0000000051A9000C04
:10E010000000000051A9000C0000000051A9000CF4
:10E020000000000051A9000C0000000051A9000CE4
:10E030000000000051A9000C0000000051A9000CD4
:10E040000000000051A9000C0000000051A9000CC4
:10E050000000000051A9000C0000000051A9000CB4
:10E060000000000051A9000C0000000051A9000CA4
:10E070000000000051A9000C0000000051A9000C94
:10E080000000000051A9000C0000000051A9000C84
:10E090000000000051A9000C0000000051A9000C74
:10E0A0000000000051A9000C0000000051A9000C64
:10E0B0000000000051A9000C0000000051A9000C54
:10E0C000B8DB000C0D55000C0000000051A9000C3D
:10E0D0000000000051A9000C0000000051A9000C34
:10E0E000380A0020381A0020000400007548000C8F
:10E0F0000000000000000000000000000E00000012
:10E100000000000019F8000C0000000000000000F2
:10E1100017CD000C4FCC000C5BCC000C6DCC000C70
:10E1200077CC000C81CC000CA974000C8BCC000CBB
:04E13000E3CC000C30
:10E13400E566000CDD64000C000000009963000C2F
:0CE14400D5C9000C00000000FD5F000CBD
:10E1500055CE000C6BCE000C87CE000CF178000C75
:04E1600079CE000C68
:10E164005BE9000C030000000F02010C0300000037
:10E174001203010C030000006702010C03000000FD
:10E18400CAF7000C020000007902010C0100000033
:10E1940019F8000C0300000077F9000C03000000DC
:10E1A4007FE9000C0300000083E9000C0300000079
:10E1B40083EA000C0300000039E8000C03000000AF
:10E1C4006DEF000C030000007BF7000C030000005F
:10E1D400EFEF000C030000003804010C0300000002
:10E1E400B0E8000C030000006CE9000C0300000020
:10E1F4005403010C030000002AFA000C0200000082
:10E20400CCFB000C020000001CF5000C0200000016
:10E214004DF2000C0200000019F6000C0200000090
:10E2240036F3000C02000000D8F0000C02000000DD
:10E23400CFF0000C02000000A4F6000C0200000065
:10E24400C1F7000C0200000055F6000C02000000AB
:10E25400EBF3000C02000000ACF6000C020000001E
:08E26400A4E6000C0300000019
:10E26C00F4E2000C1401002072EA000C0100000022
:0CE27C00000000006904000C000000001D
:10E288009CE6000C00000000700500200001000062
:10E29800A5A6000C43A6000C020000004DA8000C27
:10E2A8000000000000000000000000000000000066
:10E2B80052EA000C5AEA000C0000000000000000BE
:10E2C8000000000062EA000C66EA000C6AEA000C32
:10E2D8006EEA000CE4E2000CC00F00206D19000C7F
:10E2E800D80F00202F130020010000000DA9000CFA
:10E2F80003A9000CD1A8000CC5A8000C0000000060
:10E30800B9A8000C00000000000000200000000078
:10E31800060001000200000024E3000C00000008D1
:10E32800E0EF000C06000000E0FF1F0C00000020DA
:10E33800E8EF000C21000000E0FF07204528000C52
:10E3480000000000E1A9000CAA0200202C01002016
:10E3580000000000F4030020400100206C010020B0
:10E368005801002044E3000C7CE3000C000000008E
:10E378000000000070340020000000005D47000C21
:10E38800F146000C000000000000000000A001445D
:10E3980010DB000C1A7F132403C5FF1FD3B5000C34
:10E3A8000100000030E4000C5803002000000000C9
:10E3B8000000000000000046080000008010002057
:10E3C80080110020381E0020000400000200000018
:10E3D800000000000000000069C0000C63C0000CD1
:10E3E80064000000ABBE000C115A000C43BF000CC7
:10E3F80017BE000C73C4000C00000000EBC0000C3A
:10E4080073C2000CA954000C99BE000C114F000CEB
:10E418004552000C754F000CCD4F000C7D51000C7F
:10E4280075C3000C85C3000CA1C9000C00000000D6
:10E4380089C9000C00C0004400E000440000014409
:10E44800002001440080004405000000FFFFFFFF9A
:10E458008011804423000000FFFFFFFF80108044EC
:10E46800210000001E0000000200000084E4000CEF
:10E47800A00C0020A575000C0000000064DB000C57
:10E488001A0011000B00000048DB000C020011000C
:10E498000200000000108044801080440011804475
:10E4A8008011804400C201000300010000200045E3
:10E4B80000010000010000000000000010DB000C5B
:10E4C8002E7F302423DAFF1FD4E4000CDCE4000C98
:10E4D800010000001EE5000C02000000EE03010C24
:10E4E800FC03010C1004010C1F04010C2B04010C8B
:10E4F80090DA000C90DA000CD0DA000CD8DA000CB4
:10E5080010DB000C10DB000C3B04010C00010000C8
:10E5180000000000090490230000802300004661E9
:10E52800696C656420746F20696E697469616C69CF
:10E538007A65206C616E67756167652064657363D1
:10E54800726970746F722028256429004661696CAD
:10E55800656420746F20696E697469616C697A6595
:10E56800206D616E7566616374757265722064658D
:10E578007363726970746F7220282564290046617C
:10E58800696C656420746F20696E697469616C696F
:10E598007A652070726F6475637420646573637242
:10E5A8006970746F722028256429004661696C655A
:10E5B8006420746F20696E697469616C697A65207A
:10E5C800534E2064657363726970746F72202825D6
:10E5D8006429004661696C656420746F2061646415
:10E5E80020486967682D537065656420636F6E669F
:10E5F800696775726174696F6E004661696C6564FC
:10E6080020746F2061646420726567697374657231
:10E6180020636C6173736573004661696C6564207F
:10E62800746F206164642046756C6C2D5370656549
:10E638006420636F6E66696775726174696F6E00D6
:10E648004661696C656420746F20726567697374CC
:10E658006572206D6573736167652063616C6C62B8
:10E6680061636B004661696C656420746F20696E34
:10E67800697469616C697A65206465766963652087
:10E68800737570706F72740073616D706C655F750F
:10E69800736264006466755F6466750075736264AE
:10E6A8005F73616D706C655F636F6E666967005557
:10E6B8006E7265636F676E697A656420696E7075DE
:10E6C8007420636F64652025752076616C756520FC
:10E6D8002564004661696C656420746F20707574E8
:10E6E800206E657720696E707574206576656E7426
:10E6F80000476574205265706F7274206E6F7420C5
:10E70800696D706C656D656E7465642C20547970E4
:10E718006520257520494420257500484944206412
:10E72800657669636520257320696E746572666114
:10E738006365206973202573004C45442064657621
:10E74800696365202573206973206E6F7420726574
:10E75800616479004661696C656420746F20636F39
:10E768006E66696775726520746865204C4544203B
:10E7780070696E2C206572726F723A2025640048A9
:10E78800494420446576696365206973206E6F7417
:10E79800207265616479004661696C656420746FF4
:10E7A800207265676973746572204849442044651E
:10E7B800766963652C202564004661696C65642070
:10E7C800746F20696E697469616C697A6520555344
:10E7D8004220646576696365004661696C656420FA
:10E7E800746F20656E61626C652064657669636527
:10E7F80020737570706F72740055534220484944F5
:10E8080020646576696365206973206E6F74207271
:10E818006561647900484944207375626D697420A4
:10E828007265706F7274206572726F722C20256425
:10E83800006D61696E006865617020636F72727542
:10E848007074696F6E20286E6F7420696E207573FE
:10E85800653F292061742025700068656170206318
:10E868006F7272757074696F6E202862756666655E
:10E8780072206F766572666C6F773F29206174200D
:10E888002570006865617020636F727275707469B5
:10E898006F6E2028646F75626C6520667265653FCF
:10E8A80029206174202570006F735F6865617000AE
:10E8B80028756E7369676E656429206368617220C4
:10E8C8002A207573656420666F7220252570206183
:10E8D8007267756D656E742E204974277320726592
:10E8E800636F6D6D656E64656420746F206361731A
:10E8F8007420697420746F20766F6964202A2062FE
:10E90800656361757365206974206D617920636141
:10E91800757365206D69736265686176696F7220C9
:10E92800696E206365727461696E20636F6E6669D3
:10E938006775726174696F6E732E20537472696E95
:10E94800673A2225732220617267756D656E743A85
:10E9580025640063627072696E74665F7061636BD0
:10E96800616765007379735F6765746F7074006CB5
:10E978006F6767696E67006C6F67006C6F675F6DC4
:10E98800676D74004D657373616765202822257370
:10E9980022292064726F70706564206265636175F6
:10E9A800736520697420657863656564732073698D
:10E9B8007A65206C696D69746174696F6E202825A9
:10E9C8007529004D6573736167652064726F707097
:10E9D8006564206265636175736520697420657874
:10E9E80063656564732073697A65206C696D697401
:10E9F8006174696F6E2028257529000D0A001B5B5C
:10EA0800306D00257320005B2530386C755D200063
:10EA18005B253032753A253032753A253032752EFD
:10EA2800253033752C253033755D20003C25733E29
:10EA3800200025732F0025733A20002530327820D6
:10EA480000202020007C002563001B5B313B333114
:10EA58006D001B5B313B33336D006572720077725A
:10EA68006E00696E6600646267006C6F675F626162
:10EA7800636B656E645F75617274006C6F675F7558
:10EA88006172740072302F61313A2020307825305D
:10EA98003878202072312F61323A202030782530A2
:10EAA8003878202072322F61333A20203078253090
:10EAB80038780072332F61343A2020307825303886
:10EAC80078207231322F69703A202030782530381A
:10EAD80078207231342F6C723A2020307825303803
:10EAE800780020787073723A202030782530387892
:10EAF800004661756C74696E6720696E737472750F
:10EB08006374696F6E206164647265737320287220
:10EB180031352F7063293A20307825303878005500
:10EB28006E68616E646C6564204952516E3A2025A6
:10EB380064002A2A2A2A2A2055534147452046415B
:10EB4800554C54202A2A2A2A2A002020446976690A
:10EB580073696F6E206279207A65726F0020205584
:10EB68006E616C69676E6564206D656D6F72792082
:10EB7800616363657373002020537461636B206F56
:10EB8800766572666C6F772028636F6E746578742B
:10EB98002061726561206E6F742076616C696429EA
:10EBA8000020204E6F20636F70726F636573736F00
:10EBB8007220696E737472756374696F6E73002066
:10EBC80020496C6C6567616C206C6F6164206F66AE
:10EBD800204558435F52455455524E20696E746F14
:10EBE800205043002020496C6C6567616C20757368
:10EBF80065206F66207468652045505352002020B8
:10EC0800417474656D707420746F206578656375E0
:10EC1800746520756E646566696E656420696E73D7
:10EC28007472756374696F6E002A2A2A2A2A204D25
:10EC38005055204641554C54202A2A2A2A2A002079
:10EC480020537461636B696E67206572726F7220FE
:10EC580028636F6E746578742061726561206D69D0
:10EC6800676874206265206E6F742076616C6964D1
:10EC780029002020556E737461636B696E67206587
:10EC880072726F7200202044617461204163636571
:10EC980073732056696F6C6174696F6E0020204D24
:10ECA8004D46415220416464726573733A2030784E
:10ECB8002578002020496E737472756374696F6ECD
:10ECC800204163636573732056696F6C6174696F63
:10ECD8006E002020466C6F6174696E672D706F69D5
:10ECE8006E74206C617A7920737461746520707217
:10ECF80065736572766174696F6E206572726F7282
:10ED0800002A2A2A2A2A20425553204641554C5483
:10ED1800202A2A2A2A2A002020537461636B696EEC
:10ED280067206572726F7200202050726563697384
:10ED380065206461746120627573206572726F72F8
:10ED48000020204246415220416464726573733A40
:10ED58002030782578002020496D707265636973CA
:10ED680065206461746120627573206572726F72C8
:10ED7800002020496E737472756374696F6E206227
:10ED88007573206572726F72002A2A2A2A2A205304
:10ED98004543555245204641554C54202A2A2A2A93
:10EDA8002A002020416464726573733A2030782504
:10EDB80078002020496E76616C696420656E7472F3
:10EDC8007920706F696E74002020496E76616C69D5
:10EDD8006420696E74656772697479207369676EF7
:10EDE8006174757265002020496E76616C696420D3
:10EDF800657863657074696F6E2072657475726E7C
:10EE08000020204174747269627574696F6E207590
:10EE18006E69742076696F6C6174696F6E0020206A
:10EE2800496E76616C6964207472616E7369746985
:10EE38006F6E0020204C617A7920737461746520AC
:10EE4800707265736572766174696F6E0020204C0C
:10EE5800617A79207374617465206572726F7200CB
:10EE68005265736572766564204578636570746968
:10EE78006F6E20280053707572696F757320696E04
:10EE880074657272757074202849525120002020D0
:10EE98005320696E737472756374696F6E20616450
:10EEA80064726573733A202030782578002A2A2AFC
:10EEB8002A2A2048415244204641554C54202A2AA7
:10EEC8002A2A2A002020427573206661756C7420F6
:10EED8006F6E20766563746F72207461626C652052
:10EEE80072656164002020446562756720657665F7
:10EEF8006E740020204661756C7420657363616CC4
:10EF08006174696F6E20287365652062656C6F7720
:10EF18002900415243485F4558434550542077697A
:10EF2800746820726561736F6E2025780A002A2A3A
:10EF38002A2A2A204465627567206D6F6E69746F8E
:10EF48007220657863657074696F6E202A2A2A2A90
:10EF58002A002A2A2A2A2A20257320256429202AD9
:10EF68002A2A2A2A006D7075004661696C6564203A
:10EF7800746F20616C6C6F63617465206E657720B7
:10EF88004D505520726567696F6E2025750A0050CF
:10EF98006172746974696F6E2025753A20636F68B1
:10EFA8006572656E636520636865636B2066616979
:10EFB8006C65642E00496E76616C696420756E64B8
:10EFC80065726C79696E6720726567696F6E206912
:10EFD8006E64657820257500464C4153485F3000C3
:10EFE8005352414D5F30006E65745F6275665F73A2
:10EFF800696D706C65005553422064657669636578
:10F0080020737570706F727420697320616C7265FB
:10F0180061647920696E697469616C697A656400F4
:10F028005553422064657669636520636F6E747218
:10F038006F6C6C6572206973206E6F7420726561E5
:10F048006479005553422064657669636520737559
:10F0580070706F7274206973206E6F7420696E69A6
:10F068007469616C697A65640055534220646576F9
:10F0780069636520737570706F727420697320619D
:10F088006C726561647920656E61626C65640046C6
:10F0980061696C656420746F20656E61626C6520BF
:10F0A800636F6E74726F6C6C65720042756666652C
:10F0B8007220707265616C6C6F636174696F6E2029
:10F0C8006661696C656400757362645F6465760087
:10F0D800757362645F64657363004661696C656437
:10F0E80020746F20656E7175657565205374617441
:10F0F800757320494E2062756666657200466169BF
:10F108006C656420746F20656E7175657565205334
:10F11800455455502062756666657200436F6E6689
:10F12800696775726174696F6E206465736372696B
:10F1380070746F72202575206E6F7420666F756EFF
:10F14800640043616E206F6E6C792068616E646C38
:10F158006520636F6E74726F6C207265717565736C
:10F168007473004D616C666F726D656420736574AD
:10F178007570207061636B657400556E6578706595
:10F188006374656420627566666572206C696E6B6F
:10F19800656420746F207365747570004661696CCE
:10F1A800656420746F20736574206465766963658F
:10F1B8002061646472657373203078257800466135
:10F1C800696C656420746F2073657420636F6E6664
:10F1D800696775726174696F6E2025752C202564C6
:10F1E800004857494E464F206E6F7420696D706C09
:10F1F800656D656E746564206F7220656E61626C02
:10F208006564004661696C656420746F20656E7181
:10F218007565756520537461747573204F55542056
:10F22800627566666572004661696C656420746F14
:10F2380020656E61626C6520544553545F4D4F44A0
:10F248004520257500757362645F636839004661FF
:10F25800696C656420746F20676574206366675FF6
:10F268006E642C206465737069746520636F6E66C4
:10F2780069677572656420737461746500556E7290
:10F2880065636F76657261626C65206572726F7214
:10F298002025642C206570203078253032782C2089
:10F2A800627566202570004661696C656420746F1C
:10F2B800207365742064656661756C74206164648C
:10F2C800726573732061667465722062757320724B
:10F2D80065736574004661696C656420746F20739A
:10F2E80065742064656661756C74207374617465F7
:10F2F8002061667465722062757320726573657427
:10F3080000554443206572726F72206576656E748D
:10F31800004661696C656420746F20696E697420A9
:10F3280064657669636520647269766572007573D1
:10F3380062645F636F726500456E64706F696E67C3
:10F3480020307825303278206E6F742061737369AD
:10F35800676E6564004661696C656420746F20613E
:10F36800737369676E20656E64706F696E7420616F
:10F378006464726573736573004661696C656420C3
:10F38800746F20696E697469616C697A6520636C51
:10F3980061737320696E7374616E63650046616999
:10F3A8006C656420746F20696E697420485320630B
:10F3B8006F6E66696775726174696F6E2025750076
:10F3C8004661696C656420746F20696E69742046B3
:10F3D8005320636F6E66696775726174696F6E201A
:10F3E800257500757362645F696E697400466169AA
:10F3F8006C656420746F20726573657420636F6E2A
:10F4080066696775726174696F6E004665617475C7
:10F418007265206E6F7420737570706F7274656496
:10F4280020627920636F6E74726F6C6C6572005520
:10F4380053422064657669636520737570706F72D6
:10F448007420697320696E697469616C697A65648E
:10F4580000436F6E74726F6C6C657220646F6573B5
:10F468006E277420737570706F727420485300553E
:10F478006E737570706F7274656420636F6E666901
:10F488006775726174696F6E207370656564004892
:10F498005320636F6E66696720616C726561647979
:10F4A800206F6E204653206C6973740046532063A6
:10F4B8006F6E66696720616C7265616479206F6E32
:10F4C800204853206C69737400436F6E66696775D2
:10F4D800726174696F6E2025752072652D696E736F
:10F4E8006572746564004661696C656420746F2098
:10F4F80061646420636F6E66696775726174696FB1
:10F508006E20737472696E672064657363726970C4
:10F51800746F7200757362645F6366670055534267
:10F528002064657669636520636C61737320257355
:10F53800206E6F7420666F756E64004E6F20636F67
:10F548006E66696775726174696F6E207365742081
:10F55800284164647265737320737461746529004B
:10F56800436C61737320696E7374616E63652061A7
:10F578006C72656164792072656769737465726518
:10F588006400436C61737320726567697374657294
:10F59800656420746F206F7468657220636F6E7481
:10F5A80065787420617420646966666572656E7436
:10F5B800207370656564004661696C656420746FCA
:10F5C80020726567697374657220257320746F20D3
:10F5D800485320636F6E66696775726174696F6EF0
:10F5E800202575004661696C656420746F2072651A
:10F5F80067697374657220257320746F20465320E1
:10F60800636F6E66696775726174696F6E202575C0
:10F6180000757362645F636C617373004661696C43
:10F62800656420746F2068616E646C65206F70205B
:10F6380025642C206570203078253032782C2062A3
:10F648006D203078253038782C2025640075736259
:10F65800645F6966616365006465766963652069EE
:10F66800732073757370656E6465640053657420E8
:10F6780068616C7420307825303278206661696C56
:10F68800656400436C6561722068616C7420307831
:10F6980025303278206661696C6564007573626430
:10F6A8005F657000757362645F6D736700484944F5
:10F6B8002064657669636520646F6573206E6F7476
:10F6C800207365656D20746F2062652072656769B7
:10F6D800737465726564004661696C656420746F53
:10F6E8002061646420696E74657266616365207365
:10F6F8007472696E672064657363726970746F727F
:10F70800006765745F7265706F72742063616C6CFA
:10F718006261636B206973206D697373696E67003A
:10F728007365745F7265706F72742063616C6C626C
:10F7380061636B206973206D697373696E67007309
:10F7480065745F70726F746F636F6C2063616C6C4B
:10F758006261636B206973206D697373696E6700FA
:10F768004661696C656420746F20616C6C6F6361BD
:10F778007465206E65745F627566004661696C65C4
:10F788006420746F20616C6C6F63617465206275AE
:10F7980066666572004661696C656420746F2065F1
:10F7A8006E71756575652062756666657200484993
:10F7B8004430006869645F3000757362645F68692B
:10F7C80064006869645F617069006B5F6D7367717D
:10F7D8005F676574206572726F723A202564004510
:10F7E80076656E742064726F707065642C20717514
:10F7F8006575652066756C6C2C206E6F7420626C64
:10F808006F636B696E6720696E2073797377712EE9
:10F8180000696E70757400556E737570706F7274D0
:10F82800656420706F72742069642070726F7669E5
:10F838006465640054696D656F75742077616974D7
:10F84800696E6720666F72204549435F53594E437E
:10F8580042555359206269747320746F20636C6534
:10F86800617200436C6F636B20636F6E74726F6CB0
:10F87800206F6E206661696C656420666F72206D0A
:10F88800636C6B20256400436C6F636B20636F6E41
:10F8980074726F6C206F6E206661696C6564206697
:10F8A8006F722067636C6B202564004E6F2045499A
:10F8B80043206C696E65206173736F636961746559
:10F8C80064207769746820706F72742025642070D2
:10F8D800696E20256400496E76616C696420706FDA
:10F8E800727420696420706173736564006E6F20A0
:10F8F8006173736F63696174656420656963206C03
:10F90800696E6520666F756E6400454943204C69D1
:10F918006E6520256420616C7265616479206F775B
:10F928006E656420627920706F727420256420707F
:10F93800696E202564202872657175657374656425
:10F9480020706F72742025642070696E20256429E8
:10F9580000696E746572727570742D636F6E74725F
:10F968006F6C6C657240343430316130303000690E
:10F978006E74635F6D6368705F6569635F673100AC
:10F9880073757370656E6400726573756D65005389
:10F99800707572696F7573202573206576656E744E
:10F9A8000065702030782530327820616C7265618E
:10F9B800647920656E61626C656400456E64706F81
:10F9C800696E74203078253032782076616C6964ED
:10F9D8006174696F6E206661696C6564006570208A
:10F9E80030782530327820616C72656164792064E2
:10F9F800697361626C6564004661696C6564207452
:10FA08006F20616C6C6F63617465206E65745F62F2
:10FA1800756620257A642C20657020307825303270
:10FA28007800756463004661696C656420746F20B2
:10FA380064697361626C6520636F6E74726F6C20A9
:10FA4800656E64706F696E74204F55540046616925
:10FA58006C656420746F2064697361626C652063EF
:10FA68006F6E74726F6C20656E64706F696E74204F
:10FA7800494E004661696C656420746F2072657335
:10FA88006572766520455030204649464F005553EB
:10FA98004220636F6E74726F6C6C6572207265734E
:10FAA80065742074696D656F7574005553422063E1
:10FAB8006F6E74726F6C6C657220656E61626C65D6
:10FAC8002073796E632074696D656F757400555382
:10FAD80042205048592072656164792074696D65C7
:10FAE8006F7574004661696C656420656E61626C4F
:10FAF800696E67206570203078253032780046615D
:10FB0800696C656420746F207265676973746572C7
:10FB1800204F555420656E64706F696E742025649B
:10FB2800004661696C656420746F2072656769734B
:10FB380074657220494E20656E64706F696E74201A
:10FB480025640052656D6F74652077616B6575700B
:10FB580020726571756573746564206275742064BC
:10FB68006576696365206973206E6F742073757399
:10FB780070656E6465640065705F656E7175657546
:10FB880065204550305F494E3A205478506B745286
:10FB9800647920616C7265616479207365742028CA
:10FBA800435352304C3D3078253032782920207329
:10FBB8006B6970706564007573624034363030303C
:10FBC800303030007564635F6D6368705F67320062
:10FBD80025733A20434C4F434B5F434F4E54524F8B
:10FBE8004C5F5355425359535F414C4C2069732025
:10FBF8006E6F7420737570706F727465640025730E
:10FC08003A20496E76616C69642073756273797302
:10FC180074656D20747970653D25640025733A20FC
:10FC2800496E76616C696420696E7374616E636590
:10FC380020256420666F7220747970652025642001
:10FC4800286D6178202564290025733A2052656360
:10FC580075727369766520646570656E64656E6338
:10FC6800792064657465637465640025733A204976
:10FC78006E76616C696420504C4C20736F757263AA
:10FC88006520646570656E64656E63790025733AF6
:10FC980020496E76616C69642047434C4B50494E4D
:10FCA80020736F757263652049440025733A204EAE
:10FCB800554C4C20636F6E66696775726174696F25
:10FCC8006E20706F696E7465720025733A20496EF4
:10FCD80076616C69642073756273797374656D20DD
:10FCE800747970653D256420696E7374616E63650F
:10FCF8003D25640025733A2044464C4C34384D5316
:10FD0800594E432074696D656F7574206F6E207746
:10FD1800726974696E67204F53434354524C5F4471
:10FD2800464C4C4354524C420025733A2044464CAE
:10FD38004C34384D53594E432074696D656F757452
:10FD4800206F6E2077726974696E67204F53434342
:10FD580054524C5F44464C4C4D554C0025733A2048
:10FD680044464C4C34384D53594E432074696D65A4
:10FD78006F7574206F6E2077726974696E67204F93
:10FD880053434354524C5F44464C4C4354524C41A9
:10FD98000025733A2047434C4B5F53594E43425515
:10FDA80053592074696D656F7574206F6E20777272
:10FDB8006974696E672047434C4B5F47454E43540F
:10FDC800524C5B25645D0025733A2074696D656F3C
:10FDD8007574206F6E2077726974696E6720474367
:10FDE8004C4B5F5043484354524C5F4348454E5F29
:10FDF8004D736B0025733A20496E76616C696420F7
:10FE080073756273797374656D0025733A20556E46
:10FE1800737570706F72746564207375627379732B
:10FE280074656D20747970650025733A2047434CDA
:10FE38004B47454E302063616E6E6F7420626520BB
:10FE480064697361626C65642028616C7761797399
:10FE5800204F4E290025733A20504C4C5B25645D99
:10FE6800206C6F636B2074696D6564206F75740016
:10FE780025733A20556E737570706F7274656420BF
:10FE8800636C6F636B2073756273797374656D202F
:10FE9800747970652025640025733A20436C6F637C
:10FEA8006B204F4E206F7065726174696F6E2066AB
:10FEB80061696C65640025733A20436C6F636B203D
:10FEC8004F4E2074696D656F75740025733A20581C
:10FED8004F53432072656164792074696D656420AD
:10FEE8006F75740025733A20736B697070696E675B
:10FEF8002064666C6C34386D5F696E69742C20619F
:10FF0800732044464C4C20697320616C72656164AF
:10FF180079206F6E0025733A20736B697070696E73
:10FF2800672064666C6C34386D5F696E69742C2068
:10FF3800617320736F757263652067636C6B2D2521
:10FF480064206973206F66662E20284D6178696D7C
:10FF5800756D20696E6974207265747279203D2010
:10FF68002564290025733A20736B697070696E6780
:10FF78002064666C6C34386D5F696E69742C20611E
:10FF8800732044464C4C2069732064726976696E0C
:10FF9800672067636C6B3020284350552900257310
:10FFA8003A2044464C4C34384D20726561647920BF
:10FFB80074696D6564206F75740025733A20444632
:10FFC8004C4C34384D53594E432074696D656F75E8
:10FFD80074206F6E2077726974696E672047434C8E
:10FFE8004B5F5043484354524C0025733A20736F7B
:08FFF8007572636520636C6FF4
:020000040C01ED
:10000000636B202864726976696E6720504C4C5F80
:10001000256429206973206F66662E20284D61783B
:10002000696D756D20696E697420726574727920CE
:100030003D202564290025733A20535550435F53D2
:1000400054415455532074696D656F7574206F6EFB
:100050002077726974696E6720535550435F56521A
:1000600045474354524C0025733A2074696D656FBF
:100070007574206F6E2077726974696E672066727E
:10008000616374696F6E616C20646976696465721E
:100090000025733A20736B697070696E6720706C0D
:1000A0006C5F25645F6F75745F25645F696E69744A
:1000B0002C20617320697420697320616C72656102
:1000C0006479206F6E0025733A20736B69707069D4
:1000D0006E6720706C6C5F25645F6F75745F25645C
:1000E0005F696E69742C2061732064726976696E31
:1000F0006720504C4C206973206F66660025733A68
:1001000020736B697070696E6720786F7363333228
:100110006B5F696E69742C20617320697420697348
:1001200020616C7265616479206F6E0025733A20DE
:100130004F534333324B4354524C207265616479C0
:100140002074696D6564206F75740025733A20739F
:100150006B697070696E672067636C6B67656E2D85
:1001600025645F696E69742C20617320697420694D
:100170007320616C7265616479206F6E0025733A3B
:1001800020736B697070696E672067636C6B67655D
:100190006E5F696E69742C20617320736F75726372
:1001A00065206F662067636C6B2D25642C20697356
:1001B000206F66662E20284D6178696D756D206907
:1001C0006E6974207265747279203D20256429005F
:1001D00025733A2047434C4B5F53594E4342555386
:1001E000592074696D656F7574206F6E2077726920
:1001F00074696E672047434C4B5F4354524C410037
:10020000636C6F636B4034343031323030300063B4
:100210006C6F636B5F6D6368705F706963333263CB
:100220006B5F73675F676300496E76616C6964201A
:1002300074726967676572206D6F646520666F729E
:1002400020696E74657272757074006770696F40B2
:100250003434383031313830006770696F403434AD
:10026000383031303830006770696F5F6D636870A7
:100270005F706F72745F6731006877696E666F5F79
:100280006D6368705F6731006B65795F696E646587
:100290007820256420676574206661696C65643A1E
:1002A0002025640050696E20256420636F6E6669A6
:1002B0006775726174696F6E206661696C65643A16
:1002C00020256400436F756C64206E6F7420736525
:1002D00074206770696F2063616C6C6261636B008E
:1002E00050696E20256420696E7465727275707431
:1002F00020636F6E66696775726174696F6E2066E0
:1003000061696C65643A20256400627574746F6E6F
:1003100073006770696F5F6B6579730054696D6511
:100320006F75742077616974696E6720666F7220DB
:10033000554152542053594E434255535920636CF2
:1003400065617200736572636F6D403435303032B1
:1003500030303000756172745F6D6368705F736513
:1003600072636F6D5F67310048616C74696E6720FE
:1003700073797374656D00556E6B6E6F776E206563
:1003800072726F7200756E6B6E6F776E003E3E3EDE
:10039000205A455048595220464154414C2045521C
:1003A000524F522025643A202573206F6E2043500F
:1003B00055202564004661756C7420647572696E01
:1003C0006720696E746572727570742068616E64FE
:1003D0006C696E670A0043757272656E742074688A
:1003E000726561643A2025702028257329004350E6
:1003F0005520657863657074696F6E00556E68612D
:100400006E646C656420696E7465727275707400D8
:10041000537461636B206F766572666C6F77004B07
:1004200065726E656C206F6F7073004B65726E65E0
:100430006C2070616E6963006F7300737973776FFE
:10044000726B71002A2A2A20426F6F74696E6720CE
:100450005A6570687972204F53206275696C642008
:10046000353035313935343565313961202A2A2A1C
:100470000A00286E756C6C29002A666C6F61742AFC
:1004800000485320436F6E66696775726174696FC7
:100490006E00465320436F6E6669677572617469BA
:1004A0006F6E00555342442073616D706C65005A45
:1004B00065706879722050726F6A65637400050117
:1004C0000902A1010901A10005091901290215006C
:1004D00025017501950281027506950181010501CD
:1004E0000930093109381581257F75089503810682
:1004F000C0C0206D657373616765732064726F702F
:10050000706564202D2D2D0D0A1B5B306D001B5B6B
:10051000313B33316D2D2D2D2000303132333435C8
:100520003637383941424344454600484944300053
:10053000000000000000000000AAAAAAAAAAAAAA15
:10054000AAEEEEEEEEEEEEEEEEFEFFFFFFFFFFFF99
:10055000FFFFFFFFFF7FBFDFEFF7FBFDFC7EBFDF8D
:10056000EFF7FBFD7E3F3F3F3F3F3F3F3F1F3F3F9A
:100570003F3F3F3F3F3F0300003F3F3F3F2F3F3F55
:1005800000000500000B380040636C6F636B5F6D0B
:100590006368705F696E697400636C6F636B5F6F33
:1005A0006E00636C6F636B5F6D6368705F6F6E008E
:1005B000636C6F636B5F6D6368705F6F666600632B
:1005C0006C6F636B5F6765745F726174655F6763AF
:1005D0006C6B67656E00636C6F636B5F6D636870F7
:1005E0005F6765745F7261746500636C6F636B5FF6
:1005F000636F6E6669677572655F67636C6B67656D
:100600006E00636C6F636B5F636F6E6669677572B4
:10061000655F706C6C00636C6F636B5F636F6E66BD
:1006200069677572655F64666C6C00636C6F636BA1
:100630005F636865636B5F73756273797300636C86
:100640006F636B5F6D6368705F636F6E666967751C
:10065000726500636C6F636B5F67636C6B67656E7D
:100660005F696E697400636C6F636B5F786F73634F
:1006700033326B5F696E697400636C6F636B5F70BC
:100680006C6C5F6F75745F696E697400636C6F6327
:100690006B5F706C6C5F696E697400636C6F636B29
:1006A0005F64666C6C34386D5F696E697400636C8E
:1006B0006F636B5F786F73635F696E697400636CFF
:1006C0006F636B5F6F6E5F706C6C000506070001F7
:1006D00000000000AD43000C00000000000100001D
:1006E000000000000000000000000000000000000A
:1006F00000000000000000000000000000000000FA
:1007000000000000740200205800002000000000DB
:1007100000000000000000007D02002070000020AA
:1007200000000000000000000000000000000000C9
:1007300000040100000000008104010C22030000FD
:1007400000000000000000000004010000000000A4
:100750009204010C220300000000000000000000D1
:100760000003030000000000000000000003000080
:100770000000000000000000000201000000000076
:10078000A304010C1803000000000000000000009A
:100790000001010000000000AF04010C1E03000076
:1007A0000000000000000000000000000000000049
:1007B0001CE5000C040300002D05000C0D05000CC9
:1007C0000000000000000000000000000000000029
:1007D0000000000000000000000000004BA1000C21
:1007E00063A6000CDCE2000C00000000000000002A
:1007F000D7A9000C0000000000000000BBF7000CAF
:100800000000000080010020000000009CDB000CC4
:1008100000000000000000000005010000000000D2
:100820002B05010C0A030000AA020020B3020020DD
:10083000C3020020D102002000000000AA02002014
:10084000B3020020BC020020CA0200200000000009
:100850000000000000000000C944000C7545000CB9
:1008600081B1000C6FB1000C39B2000C61B1000C09
:100870003BB2000C17B2000C7D46000C7BB2000CA2
:1008800071B1000C0000000000000000000000003A
:100890000000000000000000000000000000000058
:1008A0000000000000000000000000000000000048
:1008B0000000000000000000000000000000000038
:1008C0000000000000000000000000000000000028
:1008D0000000000000000000000000000000000018
:1008E0000000000000000000000000000000000008
:1008F00000000000000000000000000000000000F8
:100900000000000000000000380200203802002033
:1009100000000000000000000E00000000000000C9
:100920000000000000000000C00A002000000000DD
:100930000000000000000000C80000006C02002061
:100940006C02002009020000000100C07D090200C5
:1009500000000100C07D12010002EF020140E32F00
:10096000070004040000000012010002EF02014031
:10097000E32F070004040000000009040000010345
:100980000000000921110100012200000705810378
:100990004000010705810340000400000000000042
:1009A0000000000000000000000000000000000047
:0F09B00000000000000000000000000000000038
:1009BF000000000000000000000000000000000028
:0109CF000027
:1009D0000000000000000000000000000000000017
:1009E0000000000000000000000000000000000007
:1009F00000000000000000000000000000000000F7
:080A00000000000000000000EE
:040A080000000000EA
:100A0C003C0300203C030020F033002000000000D9
:0C0A1C00080000001000000000000000B6
:100A280000000000783500200004000000000000ED
:040A380000000000BA
:100A3C006C0300206C0300200C0000001000000070
:100A4C00B834002078350020B8340020B8340020A9
:100A5C00000000000000000094030020940300201C
:100A6C000400000002000000B83B0020C03B002046
:100A7C00B83B0020B83B0020000000000000000044
:100A8C00BC030020BC0300200C0000000A00000086
:100A9C0078330020F03300207833002078330020A6
:080AAC00000000000000000042
:100AB400E4030020E4030020000000000100000023
:100AC4000000000000000000FC030020FC030020E4
:100AD400020002000A000000000000006CE3000CA9
:100AE40070340020000000000000000020040020FA
:100AF40020040020100010000A000000D9B6000CE9
:080B0400ACE3000C783900207D
:100B0C0090E6000C00000000000000000000000057
:100B1C000000000000000000B8DB000C000000002A
:100B2C0000000000000000000000000000000000B9
:100B3C0000000000000000000000000000000000A9
:100B4C000000000000000000000000000000000099
:100B5C000000000000000000000000000000000089
:100B6C000000000000000000000000000000000079
:0C0B7C009802002086020020000000000B
:100B8800000000002C010020000000000000000010
:080B9800000000000000000055
:100BA000000000002C0100200000000000000000F8
:080BB00000000000000000003D
:040BB80015E015E04F
:040000050C00207D4E
:00000001FF
