:020000040800F2
:10000000C83200206921000CCF9F000C5521000C44
:100010005521000C5521000C5521000C5521000CD8
:100020000000000000000000000000009D21000C06
:100030005521000C000000004D23000C0171000C44
:10004000B923000CB923000CB923000CB923000C10
:10005000B923000CB923000CB923000CB923000C00
:10006000B923000CB923000CB923000CB923000CF0
:10007000B923000CB923000CB923000CB923000CE0
:10008000B923000CB923000CB923000CB923000CD0
:10009000B923000CB923000CB923000CB923000CC0
:1000A000B923000CB923000CB923000CB923000CB0
:1000B000B923000CB923000CB923000CB923000CA0
:1000C000B923000CB923000CB923000CB923000C90
:1000D000B923000CB923000CB923000CB923000C80
:1000E000B923000CB923000CB923000CB923000C70
:1000F000B923000CB923000CB923000CB923000C60
:10010000B923000CB923000CB923000CB923000C4F
:10011000B923000CB923000CB923000CB923000C3F
:10012000B923000CB923000CB923000CB923000C2F
:10013000B923000CB923000CB923000CB923000C1F
:10014000B923000CB923000CB923000CB923000C0F
:10015000B923000CB923000CB923000CB923000CFF
:10016000B923000CB923000CB923000CB923000CEF
:10017000B923000CB923000CB923000CB923000CDF
:10018000B923000CB923000CB923000CB923000CCF
:10019000B923000CB923000CB923000CB923000CBF
:1001A000B923000CB923000CB923000CB923000CAF
:1001B000B923000CB923000CB923000CB923000C9F
:1001C000B923000CB923000CB923000CB923000C8F
:1001D000B923000CB923000CB923000CB923000C7F
:1001E000B923000CB923000CB923000CB923000C6F
:1001F000B923000CB923000CB923000CB923000C5F
:10020000B923000CB923000CB923000CB923000C4E
:10021000B923000CB923000CB923000CB923000C3E
:10022000B923000CB923000CB923000CB923000C2E
:10023000B923000CB923000CB923000CB923000C1E
:10024000B923000CB923000CB923000CB923000C0E
:10025000B923000CB923000CB923000CB923000CFE
:10026000B923000CB923000CB923000CB923000CEE
:10027000B923000CB923000CB923000CB923000CDE
:10028000B923000CB923000CB923000CB923000CCE
:10029000B923000CB923000CB923000CB923000CBE
:1002A000B923000CB923000CB923000CB923000CAE
:0802B000B923000CB923000C76
:020000040C00EE
:1000000053B94AB9002908BF00281CBF4FF0FF317F
:100010004FF0FF3000F00CB8ADF1080C6DE904CEE4
:1000200000F01AF8DDF804E0DDE9022304B07047BF
:10003000704700BF10F8012B11F8013B012A28BFBF
:100040009A42F7D0D01A7047034613F8012B002AC2
:10005000FBD1181A013870472DE9F0478C468E46BF
:10006000089E154604461946002B40F0D080724584
:1000700047D9B2FA82F74FB1C7F120030EFA07FC55
:10008000BD40BC4020FA03F343EA0C0C4FEA154E86
:10009000A8B2230CBCFBFEF80EFB18CC08FB00F941
:1000A00043EA0C43994528D9EB1808F1FF3204D2F2
:1000B000994502D9A8F102022B44A3EB0903A4B28B
:1000C000B3FBFEFC0EFB1C330CFB00F044EA0344C4
:1000D000A04214D92C190CF1FF3304D2A04202D94A
:1000E000ACF102032C44241A43EA02401EB1FC4046
:1000F000002334607360BDE8F0874246DDE7634665
:10010000F1E7002A79D0B2FA82F3002B3FD01946EA
:10011000C1F1200302FA01F500FA01F42EFA03F20C
:100120000EFA01FE20FA03F3AFB243EA0E034FEAE0
:10013000154EB2FBFEFC0EFB1C201A0C0CFB07F844
:1001400042EA004290455AD9AA180CF1FF3004D275
:10015000904502D9ACF102002A44A2EB08029BB2FE
:10016000B2FBFEFC0EFB1C220CFB07F743EA02432A
:100170009F4246D9EB180CF1FF3204D29F4202D9BC
:10018000ACF102022B44DB1B42EA004202E0AEEB80
:10019000020301224FEA154EAFB2200CB3FBFEFC66
:1001A0000EFB1C330CFB07F840EA034398452AD9A1
:1001B000EB180CF1FF3004D2984502D9ACF10200E3
:1001C0002B44A3EB0803A4B2B3FBFEFC0EFB1C33D1
:1001D0000CFB07F744EA0344A74216D92C190CF18B
:1001E000FF3304D2A74202D9ACF102032C44E41B32
:1001F00043EA00400F46114678E71F2188E7604632
:10020000ABE76246BFE76046DBE76346EFE773456F
:1002100006D916B9002108466DE7C6E9000EF9E7D0
:10022000B3FA83F787B9734501D3824207D8841A9A
:100230006EEB030301209C461EB900215BE73846A4
:10024000FAE7C6E9004CF8E7C7F1200CBB4000FA1A
:1002500007F422FA0CF520FA0CF1BA401D432EFAED
:100260000CF30EFA07FE4FEA154941EA0E011FFA98
:1002700085FEB3FBF9F809FB18300B0C08FB0EFAEE
:1002800043EA00439A4540D9EB1808F1FF3004D205
:100290009A4502D9A8F102002B44A3EB0A0389B2C4
:1002A000B3FBF9F809FB183308FB0EFE41EA0341E2
:1002B0008E452CD9691808F1FF3304D28E4502D936
:1002C000A8F10203294443EA0040A1EB0E01A0FB80
:1002D00002984145CE46434602D306D14C4504D24E
:1002E0000138B9EB020E68EB0503002EA5D0B4EB84
:1002F0000E0261EB030101FA0CFC22FA07F3F9404C
:100300004CEA0303C6E9003197E74046C5E7434698
:10031000D9E7000037B505463749384809F0A3FF4B
:10032000034638B1364A0121364809F083FD0020E2
:1003300003B030BD3449314809F095FF034608B198
:10034000324AF0E732492D4809F08DFF034608B1E3
:10035000304AE8E73049294809F085FF034608B1EB
:100360002E4AE0E7254809F0DDFE012804461BD1AE
:1003700001462B4A214803F0C5FD28B1294A012135
:10038000204809F04EFDD2E722462146264B1B4865
:1003900003F028FF08B1254AF1E70223EF222146A6
:1003A0001648009409F0C5FE0021214A134803F0C5
:1003B000A9FD014608B11F4AE1E701221A4B0F4887
:1003C00003F010FF01460028E5D101240223EF22AB
:1003D0000A48009409F0ADFE2146084809F0CDFE18
:1003E0000DB90648A4E7294604480AF0F2F90028A6
:1003F000F7D0114AC3E700BF70010020E0040020DD
:10040000B6E2000C30E0000C58010020E4E2000CE1
:100410004001002016E3000C2801002043E3000CFB
:10042000D00000206BE3000C48E0000C92E3000CCD
:10043000E4000020B1E3000CD8E3000C08B5FFF79E
:1004400069FF40B1064802F021FB30B10121054AA5
:10045000054809F0E6FC002008BD0148FCE700BFA4
:10046000E0040020FCE3000C30E0000CF0B583B0A9
:100470000B7800AF0B2B98BF304A6E4688B094BF04
:1004800052F823302E4B05460C466A462D49CDE9DD
:1004900005134FF40073ADF81C302B4B42F8103F9E
:1004A0002A4800234FF4E65101F060F82846B5468B
:1004B00009F078FEB0B1237843B9284602F01EFB5C
:1004C00020B10121224A214808F038FE2678012E69
:1004D00008D1284602F066FB20B11E4A31461B486F
:1004E00008F02CFE2378092B0DD1002360687B6077
:1004F00083681B6D13B104213A1D98477B6813B1C3
:10050000154807F0A1FA2378082B0DD1606883689D
:100510001B6D63B101213A1D9847034650B102217A
:100520000E4A0A4809F086FC0C37BD46F0BD6FF054
:100530005703F4E77B680321094AF2E750E0000C17
:1005400047E4000C49E4000C0300000160DF000CEC
:100550005AE4000C7AE4000C780400209BE4000CC0
:10056000BFE4000C2DE9F0410446454F454E90B0E4
:10057000A3685B6C002B77D1A3681B6C002B7AD12E
:100580003B78002B30D1A3685B6B4BBBB289B3883F
:100590009B1A32699BB2D21A3F2A36D94022A368ED
:1005A0009B69002B3BD10121374A384808F0C6FD32
:1005B00000252A466946304609F04AFBA842804693
:1005C00005DA01212B1A324A304809F033FCB8F120
:1005D000000F09D0A368DB6933B12046984703E0D8
:1005E000204698470028D1D1A3685B6AEBB9402226
:1005F0006946304609F04CFB0546D8B9A3681B6A2A
:10060000002BB5D020469847B2E7002AC7D1A3688F
:10061000DB6A0BB12046984701233B70A8E7694687
:1006200020469847051EC4DABDE7204698470028B3
:100630009ED0DCE73B7823B1204608F07AFD00230A
:100640003B70A3685B6963B12A46694620469847B8
:1006500085428DDD01212B1A0E4A0C4809F0EAFB78
:1006600086E76FF05700F3E720469847002883D1CC
:1006700010B0BDE8F08120469847002880D1F7E708
:100680007C160020340F0020CBE4000C60DF000C4F
:10069000E4E4000CF2E4000C10B53A480CF066FB00
:1006A00030B9394A0121394808F048FD002010BD11
:1006B0003748FFF7C3FE374C206030B9364A012176
:1006C000324808F03BFD354AECE709F06BFD28B9EC
:1006D000206802F013FA08B1314AF0E70321314AE9
:1006E0002A4808F02BFD304B304A1A600022C3E93B
:1006F0000122DA604FF480621A6103212C4A2348F8
:1007000008F01CFD4FF0FF324FF0FF33294807F08F
:10071000CFF90321284A1D4808F010FD194CA368A1
:10072000DB6C13B96FF0570305E001220821204666
:100730009847034620B10221204A144809F07AFB69
:10074000A368DB6CDBB1012210210E4898470346F9
:1007500020B102211A4A0D4809F06CFB4FF47A705F
:1007600000210CF07BFEA3682BB19B6C1BB1002217
:10077000144904489847034808F0DBFC96E76FF0FB
:100780005703E6E750D9000C00E5000C60DF000CD1
:100790006D04000C300F002019E5000C69E5000C19
:1007A0005AE4000C39E5000C340F00207D160020BF
:1007B00054E5000C7804002061E5000C8DE5000C88
:1007C000ACE5000C6505000C2DE9F843884600AF48
:1007D00000297DD005680122284608F0F7FC014673
:1007E0000446284608F0ACFC10EA020616D1E94699
:1007F00088B06A46384BCDE90538032342F8103FEC
:100800004FF4C2513346354800F0B0FECD4686F372
:100810001188BFF36F8F0423184602DF2146284654
:1008200008F0A4FC261831460022284608F088FC6F
:10083000361AB44218D06E4688B06946284BCDE9C6
:100840000538032341F8103F244813460A464FF465
:10085000C25100F08BFE0023B54683F31188BFF32D
:100860006F8F0423184602DF00222146284608F035
:1008700083FC214608F07AFC2618012231462846DE
:1008800008F05EFCC20708D43146284608F0E0FCB8
:1008900032462146284608F052FD002221462846CD
:1008A00008F04EFC261A01223146284608F048FC82
:1008B000C30709D43146284608F0CAFC224631460F
:1008C000284608F03CFD34462146284608F055FDF0
:1008D000BD46BDE8F88300BFF6E6000CB8DF000CAB
:1008E000CDE6000C2DE9F04F91B0009302F0040327
:1008F0000293C2F3C2030133840705460E46DDF8B6
:1009000068A00392059340F09C81041D002849D102
:1009100001F00706341DC6F10806009B00274FF0C2
:1009200004085A1E4FF0FF33B9460193BB464346B5
:1009300004970DB1009921600598002800F3D68036
:100940008F480099814203D38E488142C0F0CE8007
:100950000399601B11F0020C40F0D680B9F10F0F23
:1009600000F2CF80002D00F0D68009F140010DEBA0
:10097000010E0199C0F387000EF8200C0EF8101C30
:10098000BCF1000F00F0C38060F07F000EF8200C77
:10099000013709F10109C5F108014FF6DA7E043487
:1009A00006918CE00729B8D86FF01B0011B0BDE8A4
:1009B000F08F7A285BD84B280FD8472857D829289A
:1009C0002ED8252850D052D8202818BF23280CBF55
:1009D0004FF0010B4FF0000B71E04C382E2846D839
:1009E000DFE800F06D4545454545454545454545EC
:1009F000484545454545454545564548485656565A
:100A00006D486A456D4518481845457F7C48454501
:100A100048457C0000204FF0000B4FF0040835E003
:100A200001212A38C0B201FA00F010EA0E0F46D1B7
:100A300010F0625C2CD110EA010B40D06046013C02
:100A40004444B4FBF8F408FB04F425B1A3EB050C13
:100A5000A444B445A8D8002870D00599013905915F
:100A60005AF8041B009164E70199013901914FF094
:100A7000000B24E012F8010C6C2834D1002012F88D
:100A8000023C83466C2BC8D14FF008084346D6E79A
:100A90000AF1070A2AF0070A073424F00704FAE8E3
:100AA00002BC35B106982044B0423FF67DAFC4E9A0
:100AB00000BC4FF0000B08344FF00808434612F812
:100AC000010F002853D0BBF1000F7FF472AF25282F
:100AD000F5D14FF0010B019B013301934FF0040856
:100AE000ECE7584697E700208346A8E70399880774
:100AF0007FF551AF4FF0010C601BB0F5007FFFF4A4
:100B00002DAF6FF0150051E74FF0000CF5E704989A
:100B1000013004903DE7BCF1000F01D0013638E709
:100B20000298023600287FF434AF0098CDE90632EF
:100B3000FFF78AFADDE9063206442AE7042B08D1DA
:100B40000AF1040015B1DAF800102160824604347D
:100B5000B5E70AF1070323F0070303F1080A1DB103
:100B6000D3E90001C4E9000108230834A7E7631BA7
:100B7000B3F5806FC5D23DB9A6F10804E01815E7BA
:100B8000B0D8000CD800010C029A9B0828602B708A
:100B90009DF81030AAB1EB70AF702FB1002208A8F9
:100BA000C5F1010C91450ED14FF0000AC5F10103CA
:100BB0000DF1200801930DF1300BD14512D1601BCE
:100BC000F4E66B70E8E710F8013B190608D50CEB6A
:100BD000040EB64503F07F033FF6E6AE04F8013B92
:100BE0000132DFE71FB198F90020002A17DB029BD2
:100BF000D3B11AF80B2004F8012B0022019B18191D
:100C00001044B0423FF6D0AE98F80000009904F8C6
:100C1000010B204603920CF0C8FD039A14440AF11C
:100C2000010A08F10108C8E798F8002055F82230B9
:100C30000093029B009845F82230FFF705FA421C0A
:100C4000DCE76FF00D00B1E62DE9F04F97B000AF93
:100C500005468A46C7E90A3249B90378467880785A
:100C600000EB83002844564524D8A0EB050AD7F8AA
:100C7000803095F8028003F00103D7F88040FB61D3
:100C8000EB78B8F1000F0CBF002404F001047B6284
:100C90001BB1D7F880309A0715D4A4B9FB6A1BB1F1
:100CA00051462846BA6A9847564630465C37BD4694
:100CB000BDE8F08F441C2046FFF7C6F90130204400
:100CC0000AF1010ACFE7D7F88030C3F3C0033B62D3
:100CD0002B78BB619B003B616B687B61BB6905EB5B
:100CE000830BFB6A002B77D15646D844BCB11C4617
:100CF0001BF8013B55F82300FFF7A6F9D7F884301D
:100D0000013043B1D7F88830A34282BFD7F884308E
:100D100023F814000134C3450644E9D1D846D7F876
:100D200080304FF0000913F0050F0CBF4FF0020B9D
:100D30004FF0010B7B6A9945B7D298F8013008F162
:100D4000020855F823A0AE4B9A45C0F04C81AD4B3C
:100D50003A6A9A452CBF002301230AB318F8021CF3
:100D60007869FB6208F08DFCFB6AC8B1EA468AB07C
:100D70006A46A54B05937B69CDE906314FF40073B4
:100D8000ADF82030A14B42F8103F00234FF4125130
:100D90009F4800F0EBFBD546023E09F10109C9E787
:100DA00023B1FB6933B9A6EB0B06F6E7D7F8803021
:100DB0009B07F2D55046FFF747F9D7F884304BB17F
:100DC000D7F888309C423FBFD7F88420431C22F8D4
:100DD000143001340644E0E7002C6AD1B8F1000F6A
:100DE0006DD0D7F8803058076CD5C14607F1480060
:100DF000424659460CF0D9FC00220BEB0803FB607D
:100E00000233796A8A425FD3D7F8802095F801B01F
:100E1000F969920704EB0B0348BF0022DBB258BF0D
:100E20004FEA5902002940F0A680D7F8801011F04F
:100E3000040F14BF494600216B70A970EA70284660
:100E4000BA6A3969FB6A9847061EFFF62EAFBB697E
:100E500049462B707B6ABA6AEB7085F801B0FB6A71
:100E600085F8028007F148009847B0F10009C0F208
:100E7000B6803B697A6A786A03EB4201FB684144B9
:100E800003EB4000BA6AFB6AAAEB0101984700280D
:100E9000C0F2A7804FF0000BB14409EB000607F148
:100EA000380AA34569D30021BA6A0846FB6A984705
:100EB000FBE644464FF0000907F1380098E7444646
:100EC000C14699E7A14697E713F8016CDFF830C1F6
:100ED00055F8260013F8021C6045C0F08A80DFF840
:100EE00024C16045386A2CBF4FF0000B4FF0010B56
:100EF00038B17869C7E9013208F0C3FBD7E901329C
:100F0000F0B9BBF1000F1ED0F96949B1611C04F1C1
:100F1000280007F13004041904F8206CCCB20FE06B
:100F2000D7F8801049070BD509F1280007F1300CDC
:100F300009F1010100EB0C0909F8106C5FFA81F965
:100F4000013202335DE7D7F880008007DED409F173
:100F5000280C07F1300EF44409F101000CF8101CC4
:100F600007F1580109F1020951FA80F05FFA89F995
:100F700000F8106CE4E700215EE71BF80A3055F832
:100F8000239087F83730D7F884302BB3D7F88830E0
:100F90009B4521D2D7F8843033F81B800121BA6AEF
:100FA000FB6A07F13700984700281ADB0644B8F1BE
:100FB000000F06D14846FFF747F800F101081FFA75
:100FC00088F841464846BA6AFB6A9847002808DB19
:100FD00006440BF1010B64E74FF00008DEE74E46D4
:100FE00063E6064661E63B6A002B3FF4DFAE002372
:100FF000B4E6386A0028A6D04FF0000B79E700BFAE
:10100000B0D8000CD800010C23E7000C040000014C
:1010100058DF000C014B1860704700BF88010020AA
:1010200080B505460E461746984607F0EDFA03468A
:1010300001F0D4F90446DFF81890424649F8003030
:1010400039463046A84754F8090001F069F900BF55
:10105000080000002DE9F047044607464FF001095B
:10106000DFF84C8094FAA4F5B5FA85F509FA05F392
:101070002E0108EB05156FEA030A24EA03042B7B13
:1010800063B158F806301B696BB946447368042293
:101090002846196807EA0A0708F053FE002CE1D138
:1010A0003846BDE8F087284698470028F6D1ECE797
:1010B00038E0000C10B5002288B00E490E480CF044
:1010C000EFFA002200230024CDE906230E234FF47B
:1010D0004072CDE90334CDE90144084B084900943E
:1010E000084806F07BFF084906480CF0D2F8204675
:1010F00008B010BD0D11000C200A00201514000CC2
:10110000881A002090050020E2E7000C014806F054
:101110009BBC00BF880400202DE9F0478046204892
:101120000F4608F0EAFD0646002832D00025284682
:10113000BDE8F087237B83B12368DB680BB12046D1
:101140009847636883F8069023681B69CBB9636886
:1011500004222046196808F0F4FD01361034544585
:10116000E8D3B8F1000FE2D0002DDFD02846FFF71A
:1011700071FF0546002FF7D0002164200CF06EF9B6
:10118000F2E7204698470028E1D009FA06F31D430C
:10119000E3E705464FF00109024CDFF80CA0DEE75B
:1011A000580F002038E0000C48E0000C014B53F8C9
:1011B0002000704794E0000C08B5034608462BB1A8
:1011C000044A136000F032FC002008BD6FF01500E7
:1011D000FBE700BF8C01002010B5044C237813B945
:1011E000034806F031FC0123237010BD7D1A002056
:1011F0008804002010B50446094808F07EFD3CB183
:10120000084BD3E8EF1F0139C3E8E21F002AF8D1E9
:10121000054807F081FCBDE81040044806F014BC06
:10122000500F0020540F0020200A002088040020C6
:101230000022044BD3E8EF0FC3E8E12F0029F9D1D6
:10124000704700BF500F002070B5FFF7F1FF054653
:10125000074C084EB44200D370BD63685B792BB174
:1012600023685B6813B12946204698471034F1E79C
:1012700038E0000C48E0000C10B5044C044920464E
:1012800008F02CFB034B1C6010BD00BFE4030020E2
:1012900080E0000C480F002000230D4A10B51370A9
:1012A0000C4A4FF47A7113600B4A0C481360FFF735
:1012B00083FFFFF7E1FF0A4B0A4918468B4200D330
:1012C00010BD1A1A5C681211013222711033F5E751
:1012D0007E1A0020500F0020540F00200D9D000C9E
:1012E00038E0000C48E0000C0146002200230148D1
:1012F00008F015BBE4030020014808F0ACBB00BFB8
:10130000E4030020024B0146186808F0FFBB00BF51
:10131000480F0020014808F034BC00BFE40300205F
:1013200070B5254B1B78002B43D0FFF7E5FF044633
:1013300000283BD1214B224D1B68002B12DD0CF005
:1013400067F90A220023FEF75BFED5E90032C01AD6
:1013500040F2E93361EB0201984271F1000101D3DF
:10136000FFF772FFD5E9003213F57A7342F10002FC
:10137000C5E90032ECB1BDE87040FFF7CBBF6B6848
:101380005B7923B12B68214628461B6898471035A6
:10139000B542F4D32046FFF7B5FF0A4BD3E8EF1F61
:1013A0000139C3E8E21F002AC4D0F7E7064D074E13
:1013B000EEE7002070BD00BF7D1A0020500F002016
:1013C000180A0020540F002038E0000C48E0000C00
:1013D00070B50D4D297861B90120FFF79DFE0B4CCA
:1013E0000B4EB44206D3FFF79BFF0028FBD101232D
:1013F0002B7070BD63685B791BB1236820469B68C6
:1014000098471034EDE700BF7E1A002038E0000C4A
:1014100048E0000C00212DE9F8430846FFF77CFE68
:10142000044648B34FF4FA784FF0000900F0D6FFB5
:101430001A4B1B4A1B58136033B11A4B1B68092BFC
:1014400002DD194806F000FB0025184F44B1204684
:10145000FFF700FE044618B94FF0FF384FF0FF3990
:10146000FFF75EFF064628B9B5B90F4842464B461E
:1014700006F01EFB3546E9E74FF0FF384FF0FF3925
:10148000D4E72B689B691BB1002228461146984778
:101490001035BD42F5D3E8E7054DFAE70800000036
:1014A0004C0F0020540F00208804002048E0000C5E
:1014B00038E0000C13B5184808F01FFC174B1B78D8
:1014C00073B1EFF31184202383F31288BFF36F8F7E
:1014D000FFF726FF84F31188BFF36F8F02B010BDB2
:1014E0000F4B1B68002BF9D050B9002200230D4888
:1014F000CDE9002342F21072002307F0D5FAEDE7A0
:101500000928EBD1074807F007FB074802B0BDE800
:10151000104006F099BA00BF540F00207E1A002038
:101520004C0F0020200A00208804002010B5064B34
:1015300004461B6898472146A060044808F06CFAEE
:10154000BDE81040FFF7B6BF8C010020E403002087
:10155000044A054B9B1AB1EBD30F34BF52F831004C
:101560000020704758DF000C38E0000C2DE9F04FE8
:101570008FB0C1F34A2604AF0D469046B8607B6039
:101580000C0D002E61D04FF000090A234FF0040B20
:1015900007F1140AFE60C7E90799C7F82490009381
:1015A000CDF808B0CDF804A007F11C034A46404628
:1015B000F968FFF749FBB0F5006F03461CD36C4692
:1015C0008AB0D8F8041004AB24481A46C3E90501D0
:1015D00040F2FF71D9614FF400711984204B42F839
:1015E000103F4FF412514B461E48FFF7BFFFA54670
:1015F0002C37BD46BDE8F08FC0F30A0604F1170092
:10160000184420F0070080083B60FFF76DFE66F38A
:101610005325044680B13B6800F11001C7E9083941
:101620000A23F961CDE901AB009340460E4AF968FF
:1016300007F11C03FFF708FB66F353252A462046F3
:101640007B68B96808F09DFBD2E704F1170020F031
:1016500007008008FFF748FE0446EDE7F7E7000CB7
:101660000400000180DF000C559D000C2DE9F04FB7
:1016700087B00546DDE9106BDDE9127A884614462D
:101680009946BFB110213B465A460020CDF800A034
:10169000CDF814A0FFF726F9B0F5006F01460BD383
:1016A00040F2FF730221184A184807B0BDE8F04F16
:1016B00008F0C0BB3946384604F0070305F00704BC
:1016C000E40044EA831444EA402444EA065406F160
:1016D0001700084420F0070080080391FFF704FE7C
:1016E000054640B13FB13B465A460399CDF800A0AC
:1016F0001030FFF7F7F84B4622464146284607B020
:10170000BDE8F04F08F03DBB36E8000C80DF000C70
:10171000406820B1034BC01A40F3CF0070474FF030
:10172000FF30704758DF000C0EB403B503AB53F81D
:10173000042B01460448019301F084F802B05DF8DF
:1017400004EB03B0704700BF979E000CCA0605D497
:101750008B064CBF02490349FFF7E6BF704700BF45
:101760006FE8000C6EE8000C2DE9F04F89B0984648
:101770009DF85090159B044606930D46DDE916A38F
:10178000189F05920493B9F1000F00F0B08007F4A0
:101790008073079308F0D3FA07F0020B0246002883
:1017A00074D020467749FFF7BFFF0646BBF1000F14
:1017B00008D017F0440F6BD12A4620467249FFF734
:1017C000B3FF064407F0010353B1704B204653F8B2
:1017D00029206F4B6F49002A08BF1A46FFF7A4FF64
:1017E00007F48073002B07F0080318BF4FF00008C0
:1017F000002B79D0684B204653F829206749FFF722
:1018000093FF0546059B2BB11A4620466449FFF716
:101810008BFF0544B8F1000F05D0424620466149D0
:10182000FFF782FF054460483544069B1BB1224602
:101830005E4907F0F5FE049B002B00F08E80DDF87A
:1018400010803946B8F1100F204628BF4FF010081D
:101850000026FFF77BFFB54250DC002633462046CA
:101860001AF803205249FFF75FFF0136102E4BD0C4
:10187000710703D120464F49FFF756FF46453346CF
:10188000EDD320464C49FFF74FFFEEE706468DE7C4
:101890004A4B1868002894D0494B4FF47A7B1B6858
:1018A0004FF03C0CB5FBF3F5B5FBF0F14FF4616381
:1018B00000FB11550BFB05F5B1FBF3F2B5FBF0FE98
:1018C00003FB121100FB1E55B1FBFCF30BFB05F5EE
:1018D000B5FBF0F50CFB131120460091CDE901E5B5
:1018E0003849FFF721FF6CE707F008058AE7B8F1F0
:1018F000010F4D460CBF2C48334896E720462D4932
:10190000FFF712FF0136A6E7002620462F49FFF712
:101910000BFF33461AF803202046A2F120035F2B69
:1019200028BF2E222A49FFF7FFFE0136102E0DD0C8
:10193000720703D120461F49FFF7F6FEB045334634
:10194000E8D820461B49FFF7EFFEEEE7049BC244B0
:10195000B3EB080304937FF472AFB9F1000F0AD020
:10196000FB0704D520460A4A0A49FFF7DDFE39463F
:101970002046FFF7EBFE204609B0BDE8F04F08F027
:101980007DBA00BF76E8000C7AE8000CA4E0000CF9
:1019900071E8000C57E4000CB8E0000C9FE8000C64
:1019A000A5E8000CA9E8000C979E000C4528000C47
:1019B000AEE8000CB6E8000CB4E8000C600F0020A4
:1019C0005C0F002083E8000CC59E000CB8E8000CFA
:1019D000BAE8000C42F20F7373B58B4228BF0B4676
:1019E00005680446052168460D4A07F035F90646A4
:1019F000636828460B225B680A4908F031FA63687D
:101A00003246694628465B6808F02AFA63681B225A
:101A100028465B68044908F023FA02B070BD00BF95
:101A20001EF0000C08FF000CECFE000C002101234E
:101A3000064A904206D8064A01B901231360054BB5
:101A400018607047012140085B00F2E740420F0038
:101A50005C0F0020600F0020F8B50D460446064FCD
:101A60004618B44201D12846F8BD14F8011BBB68E2
:101A700001485B689847F4E76CD9000C014B0360A0
:101A80000020704700E1000C08B50348034A00211C
:101A9000121A08F094FA08BD90050020841A00205C
:101AA000074808B5074A0849121A08F08AFABDE83B
:101AB00008400648064A0749121A08F082BA00BFD1
:101AC000000000208C050020D800010C0000002040
:101AD00000000020D800010C2DE9F04706460C4616
:101AE00000AF002936D0D1E90012E9468AB06D4630
:101AF000A3684FF0050AE8461F48CDE90723CDE962
:101B0000050148F810AF002342464FF421511B480D
:101B1000FFF72CFDD4E90312CD466369AD461848A2
:101B2000C5E90723C5E90501C5F810A00023424611
:101B30004FF421511148FFF719FDCD46E36901210A
:101B4000104A0E4808F076F9A36901210E4A0B48A5
:101B500008F070F9012E07D1EFF305830B4A3146E7
:101B60000648103B08F066F92146304605F0BCFBFC
:101B7000BD46BDE8F08700BFF7E8000CB0DF000C01
:101B800026E9000C55E9000C64E9000C92E9000C10
:101B900030BFFFF7FDBF00BF2DE9F04105460B4EFA
:101BA000DFF82C80324606EB0807CC1B204609499B
:101BB0000BF0FBFDA01942460021083C0BF002FE91
:101BC000AC6707F10800BDE8F08100BF000000002D
:101BD0000800000048E0000C10B5244C24492548BA
:101BE00008F0FCF9A36A99013ED52248224908F081
:101BF000F5F91E20A36ADA0104D51E481F4908F032
:101C0000EDF91F20194CA36ADB0204D519481C49C1
:101C100008F0E4F92020A36A1C0304D515481949EB
:101C200008F0DCF92120114CA36A590304D51148AE
:101C3000154908F0D3F92220A36A9A0304D50D4868
:101C4000124908F0CBF92320084CA36ADB0304D522
:101C500008480F4908F0C2F92420A36A6FEA034339
:101C60006FEA1343A36210BD1D20C3E700ED00E03F
:101C7000A5E9000CB0DF000CBDE9000CD0E9000CB8
:101C8000EAE9000C14EA000C32EA000C57EA000CF6
:101C900071EA000C70B506460D46294C29492A48C0
:101CA00008F09CF9A36ADB0647D52748274908F0C6
:101CB00095F91120A36A1C0704D52348244908F08C
:101CC0008DF912201E4CA36A990712D521491E488E
:101CD00008F084F9636BA26A120609D501211E4A35
:101CE000194808F0A7F81EB1A36A23F08003A36285
:101CF0001320134CA36ADE0704D51348174908F0D4
:101D00006DF91420A36A9C0604D50F48144908F005
:101D100065F915200A4B9A6AD10658BF9A6A9A6AE1
:101D2000920642BF5A6A22F400525A629A6A42F0FC
:101D3000FF029A6200232B7070BD1020BAE700BF2B
:101D400000ED00E09CEA000CB0DF000CB2EA000CF1
:101D5000E5EA000CF8EA000C10EB000C26EB000C96
:101D600045EB000C70B506460D46284C284929481D
:101D700008F034F9A36AD9043CD52648264908F06E
:101D80002DF91720A36A1A0504D52248234908F023
:101D900025F918201D4CA36A9B0512D51D48204922
:101DA00008F01CF9A36BA26A100409D501211D4A91
:101DB000184808F03FF81EB1A36A23F40043A36259
:101DC0001920124CA36A590504D51248164908F087
:101DD00005F91A20A36ADA050ED50E48134908F052
:101DE000FDF81B20094A936A43F47F439362002362
:101DF0002B7070BD1620C5E7A36A9B04F2D5054879
:101E00000B4908F0EBF81C20ECE700BF00ED00E008
:101E100074EB000CB0DF000C8AEB000CE5EA000C60
:101E20009BEB000CB4EB000CC9EB000CE4EB000CDA
:101E300045EB000C10B52F4C2F48304908F0CEF878
:101E4000D4F8E830D4F8E420500604D501212C4A17
:101E5000294807F0EFFFD4F8E430D9070CD526481D
:101E6000284908F0BBF82620224AD2F8E43043F093
:101E7000FF03C2F8E43010BDD4F8E4309A0705D56A
:101E80001D48214908F0AAF82720EDE7D4F8E430EE
:101E90005B0705D518481D4908F0A0F82820E3E79E
:101EA000D4F8E430180705D51348194908F096F816
:101EB0002920D9E7D4F8E430D90605D50E481549CC
:101EC00008F08CF82A20CFE7D4F8E4309A0605D53C
:101ED0000948114908F082F82B20C5E7D4F8E4300E
:101EE0001B0605D504480D4908F078F82C20BBE7FF
:101EF0002520B9E700ED00E0B0DF000CFCEB000CA2
:101F000015EC000C25EC000C3BEC000C59EC000C23
:101F100074EC000C91EC000CA6EC000CC0EC000C76
:101F20002DE9F0418AB0774B00AFD3F8048000234D
:101F3000C8F3080683F31188BFF36F8F02F07F4464
:101F4000B4F17F4F31D112F001052FD012F04005CE
:101F500002F0080403D02CBB0446012512E053070D
:101F600058BF0146684A0B6858BF01251A44012A28
:101F700098BF0B6C0121654A654807F05BFF74B19F
:101F8000EFF389840023FB71F31E092B00F2998083
:101F9000DFE803F00E8F92848B9797979795EFF376
:101FA0008884EFE70C461D46ECE71D462C46E9E722
:101FB0005849574808F012F80023524EFB71F36A53
:101FC0009A0705D55449524808F008F800232DE037
:101FD000F36A002B01DA5149F5E7F36A5B00F5D5A6
:101FE0004F494B4807F0FAFF7369A26943F48073C5
:101FF0007361BFF34F8FBFF36F8F32F8023C72698A
:1020000022F480727261BFF34F8FBFF36F8F03F4BE
:102010007F42B2F55F4F2BD1DBB2022B28D1236870
:102020000121404A3A4807F005FF2368FA79DAB9F6
:1020300007F1080604F1200C324620686168083474
:1020400003C264451646F7D17A6A002D56D0C2F312
:10205000080121B96FEA52226FEA42227A621846D9
:1020600007F10801FFF738FD2837BD46BDE8F081CC
:10207000244B9A6AD2B222B10120F91DFFF70AFE61
:1020800015E09A6A12F47F4F04D00120F91DFFF782
:1020900069FE0CE09A6AB2F5803F02D3FFF79CFD1F
:1020A00005E0D3F8E430002B90D0FFF7C3FE0346E1
:1020B000BCE70020F91DE1E70020F91DE7E71A4918
:1020C00081E71A4A18F4F87FE8468AB0184B08BF2F
:1020D00013466A461749103ECDE905134FF40073C5
:1020E000ADF82030144B079642F8103F00234FF410
:1020F00011510748FFF73AFAC54667E76FF3080240
:10210000ACE700BF00ED00E0A6ED050101ED000C1D
:10211000B0DF000C20ED000C37ED000C58ED000C8A
:1021200066ED000C85ED000CA1ED000CD3EC000C6D
:10213000E8EC000CC5ED000C04000001044B5A69EA
:1021400042F010025A615A6922F008025A6170473F
:1021500000ED00E0EFF30880EFF3098101B572466E
:10216000FFF7DEFE01BD00BF0A4880F3088820208B
:1021700080F3118808484FF40061401880F3098803
:10218000EFF314800221084380F31488BFF36F8FAC
:1021900000F05CF8C8320020882500201EF0040FF3
:1021A0000CBFEFF30880EFF30980816911F8021C7E
:1021B0000229FFD001B5724607F005FF01BD00BF3F
:1021C00000B2002807DB01234109034A00F01F0089
:1021D000834042F82130704700E100E000B200285F
:1021E0000CDB01220649430900F01F008240203326
:1021F00041F82320BFF34F8FBFF36F8F704700BFAD
:1022000000E100E000B2002801F10101ACBF00F1E3
:102210006040064B4FEA4111C9B2ABBF00F56140C7
:1022200000F00F0080F800131954704714ED00E01F
:10223000044B054A23F07F039360BFF34F8FBFF336
:102240006F8F70470000000800ED00E008B5FFF751
:10225000EFFF0B4AD2F8883023F47003C2F88830BD
:10226000EFF3148323F0040383F31488BFF36F8F19
:10227000FFF70AFCFFF714FC00F092F805F056F99E
:1022800000ED00E042F8203C009B0B4942F81C3C6A
:10229000019B21F0010142F8183C029B42F8081C06
:1022A00042F8143C4FF0807342F8043C0023203A7B
:1022B0000265C367704700BF2110000C00B50B4BCF
:1022C00015469860826F0A4B0E461A602C4686F3BC
:1022D00009880020034B9847204600210022002354
:1022E000014C2047F39F000C2110000C48160020E1
:1022F000880F00201022014B1A61704700ED00E0AA
:10230000054B5A699B689A421FBF044A536843F0C1
:1023100080535360704700BF4816002000ED00E076
:10232000084B9B6883420BD1EFF3058343B1064B07
:102330005A6842F080525A605A6A22F400425A6245
:102340000AF0ACBF4816002000ED00E011498A6891
:102350004FF030001044EFF3098C80E8F01F20208C
:1023600080F31288BFF36F8F0B4F4FF000664A69FE
:102370008A603E60906F094C2060D06F0023D36765
:1023800080F3118802F1300090E8F01F8CF3098887
:10239000704700004816002004ED00E0880F002080
:1023A000002320210348C21801339E2B82F800131A
:1023B000F9D1704700E100E008B5EFF30583064A64
:1023C000103B02EBC30152F8330049688847BDE86F
:1023D0000840FFF795BF00BFA4D9000C0148006872
:1023E00070470000880F00201FB50121094B0A4AE1
:1023F0000A4800F00FF90023064A0393084B012115
:10240000019301A8D31A029300F00EF905B05DF80C
:1024100004FB00BF000008200000002000E1000CC9
:10242000900500200A7A0B6810B562F304031C467D
:10243000CB68520923F01F0343EA4203044A43F0E6
:102440000103C2F89800C2F89C40C2F8A03010BD49
:1024500000ED00E010B50A4BD3F89030C3F307232A
:10246000013B984208D901210346064A064807F075
:10247000E1FC6FF0150010BDFFF7D4FFFBE700BFD4
:1024800000ED00E0DCED000C98DF000C2DE9F04FD2
:102490008946144606464FF000084F4D85B0C845A2
:1024A00027DAD6F804A0BAF1000F44D0BAF11F0F12
:1024B00017D91AF01F0F14D1D6F800B01BF01F0F58
:1024C0000FD1584607F0A9FD07460AEB0B0001386B
:1024D00007F0A3FD874210D06FF015073F4A3B4637
:1024E00001E043463E4A01213E4807F0A3FC6FF05D
:1024F0001504204605B0BDE8F08F17F1160FEDD09A
:10250000BC42EBDDC5F89870D5F89C10C5F8987002
:10251000D5F8A03021F01F0143F01F0BD6E900329F
:102520001A44994202F1FF3A1AD1D34507D13146F4
:10253000F8B207F07BFD08F101080C36AFE7314631
:10254000C5F89870D5F89C30E0B263F30402C5F882
:102550009C2007F06BFD10F1160FC8D0441CEAE771
:10256000C5F89870D5F8A020013B23F01F0302F0B6
:102570001F021343D3453146E0B2C5F8A030E8D07E
:1025800007F054FD10F1160FB1D0C5F89870D5F8CA
:102590009C209DF808300BF1FF3B62F304038DF89B
:1025A0000830D5F8A0309DF808205B0863F3471287
:1025B0008DF80820D6E900321344009323F01F035E
:1025C0005B44A3EB0A03013023F01F036946C0B24A
:1025D0000393FFF73FFFBEE700ED00E028EE000C9D
:1025E00002EE000C98DF000C0522044BC3F8942087
:1025F000BFF34F8FBFF36F8F704700BF00ED00E058
:10260000BFF35F8F0022024BC3F89420704700BFD6
:1026100000ED00E010B5034C2278FFF737FF207083
:1026200010BD00BF801A00202DE9F74F294D8A46C2
:1026300006464FF00008AB46274FD0451BDAD6F8C8
:102640000490B9F1000F3FD031680846019107F0BE
:10265000E4FC0199044609EB0100013807F0DDFCB8
:1026600084424FF014021D4B08D002FB08F36FF0B8
:1026700015024BF8032003B0BDE8F08F14F1160FDC
:102680002C60F8D01978A142F5DD02FB08B0C7F83C
:102690009840C7F89840D7F89C4000F10801007BAB
:1026A00064F304000871D7F8A0000C79400860F3C7
:1026B00047140C71D7F89C1021F01F016960D7F8FE
:1026C000A01021F01F01296108F1010814350C3612
:1026D000B3E700BF8C0F002000ED00E0801A00205F
:1026E000F0B55349534DD1F890302C68C3F307230C
:1026F0009C4287B000F299800020FFF781FF4E4B8B
:10270000C1F8C030844216D14C4D01A82C70FFF79F
:10271000B5F9002607464A4CB74213D100202B7862
:102720004349D1F89020C2F30722934277DBFFF7A9
:102730005BFF002046E0696801EB0011FFF772FEC5
:102740000130DFE70199300101EB0613DA6822401E
:10275000B2F1807F52D00AD8B2F5001F34D0B2F562
:10276000800F3ED0B2F5801F12D00136D4E7B2F10F
:10277000006F43D0B2F1805FF7D15A689B68095867
:10278000013B22F01F00034423F01F03012032E02D
:102790005A689B680958013B22F01F00034401203E
:1027A000844623F01F0340EA4C10CDE902218DF846
:1027B000100002A928780593FFF74CFE00282ADABA
:1027C0006FF0150007B0F0BD5A689B680958013BCF
:1027D00022F01F0003444FF0020C012023F01F03DE
:1027E000E1E75A689B680958013B22F01F00034447
:1027F000062023F01F034FF0000CD4E75A689B68B3
:102800000958013B22F01F0003444FF0030C012044
:1028100023F01F03C7E72B7801332B70A5E7C1F81E
:102820009830C1F8A00001337BE74FF0FF30C9E7D3
:1028300000ED00E00CE1000CAAFF4400801A00202B
:102840000000F0FFF0B587B007460E4614460021A1
:10285000102268461D460AF0B5FF02238DF80230AB
:10286000054B2A4621466846CDE90476019306F0D9
:102870001DFA07B0F0BD00BF5FA0000C08B5024B09
:102880001B689847002008BDA00F0020034B044A96
:102890001860937843F0020393707047A00F0020F4
:1028A0009801002008B50649064821F00701C1F14A
:1028B000005202F5002206F061FE002008BD00BFB4
:1028C0004F460020A40F002070B541690446867A67
:1028D0000A4D59B1437ADB0706D4242303FB065380
:1028E000DB691B689B6898470023636124202146AD
:1028F00000FB0650BDE870400AF0CDBB98040020F4
:102900002422024B02FB0030704700BF98040020D5
:102910002421827A054B01FB02331A6A1B7D801A3F
:102920001B3323F00303B0FBF3F07047980400203F
:1029300038B52424827A064B04FB0233DB69D3E9E1
:1029400001240C601568FFF7E3FF04FB005038BD5D
:10295000980400202DE9F04385B00546684690466E
:102960001C4603910AF056FEDDE90067EFF311897A
:10297000202383F31288BFF36F8F6B8A002B41D023
:102980002A8A9A4225D900220023284605F02AF8EF
:102990000446F0B189F31188BFF36F8F039B002BBE
:1029A00041D032463B4668460AF059FE2421A27ABD
:1029B000254B204601FB0233DB6903A91B681D6818
:1029C000DDE90023A847606170BB2046FFF77CFF6C
:1029D00024E0698A4B1E6B8289F31188BFF36F8FE5
:1029E0002B7D2A8A2C6A1B3323F00303521A02FB25
:1029F0000344154B154AEB1A9B105343A3722B7DCE
:102A0000E372CBE789F31188BFF36F8F2346424609
:102A1000284604F0E7FF04460028BFD100242046E2
:102A200005B0BDE8F0836361012300252381039B8A
:102A300029466382E27A656004F118000AF0C2FE5A
:102A400063692582E360EAE798040020398EE33861
:102A500070B524250C4C00B970BD037A4668002B74
:102A6000FAD0013BDBB20372002BF5D1C3604360A7
:102A7000837A05FB03439B6913B198473046EAE725
:102A8000FFF722FFFAE700BF9804002038B504469C
:102A900005F096FD204607F037FBA06958B194F881
:102AA0006C30DB0723D40AF061F968B90121114ABF
:102AB000114807F0B6F96FF01205201D07F02BFB47
:102AC00005F092FD284638BD204601F029F805465C
:102AD0000028F2D10146242204F128000AF072FEF7
:102AE00094F86C3043F0010384F86C30E5E76FF044
:102AF0007705E2E771EE000C08E0000C70B50446C3
:102B000005F05EFD204607F0FFFA94F86C30DA0716
:102B10003CD5C3F340019B073BD4A06908F0E4FD1A
:102B20000646A06908F070FE054658B101211A4A10
:102B30001A4807F076F9201D07F0EDFA05F054FD6C
:102B4000284670BDA36F4BB13146204607F074FC98
:102B50000546A0B1A06908F07FFEECE7A06908F087
:102B6000FBFDA0670028EFD101210D4A0B4807F0BB
:102B700058F9A06908F070FE6FF00B05DBE794F8D8
:102B80006C3043F0020384F86C30D4E74FF0FF352B
:102B9000D1E76FF07705CEE794EE000C08E0000C6B
:102BA000B0EE000C38B590F86C3004469B0720D589
:102BB00007F0AAFA0021204601F04CF920B10121CA
:102BC0000D4A0E4807F02DF9A06908F045FE0546AC
:102BD00020B101210A4A094807F023F994F86C3022
:102BE000201D23F0020384F86C3007F094FA284685
:102BF00038BD6FF07705FAE7CCEE000C08E0000C6A
:102C0000EAEE000C38B580210446806908F0C7FD63
:102C1000054678B10146204601F0CAFB044638B1AA
:102C200006480121064A07F0FCF82846FFF710FF86
:102C3000204638BD6FF00B04FAE700BFE8DF000C58
:102C40001AEF000C38B50446806F07F01DFA0546F0
:102C500007F011FA2046294601F0AAFB044638B1D4
:102C600004480121044A07F0DCF82846FFF7F0FE8B
:102C7000204638BDE8DF000C3DEF000C2DE9F04F99
:102C800085B0074688461546994607F046FA044639
:102C9000B9F1000F10D0384607F044FA012808D0E7
:102CA000FFF79CFB6FF08502314B1A5005B0BDE871
:102CB000F08FB4FA84F46409013521463846EAB24B
:102CC00007F0D3FB064630B901212B46294A2A4892
:102CD00007F0B0F8E4E74568B9F1000F09D02868BB
:102CE000696801AB03C32A7A01AD1A7007238DF816
:102CF000053008F10C09484607F047FB2A782946B9
:102D0000824228BF0246484607F0D4F9D6F80CA004
:102D1000BAF1000F09D1B8F81010FB8D9942C5D94E
:102D20004846C91A07F0E1F9C0E7DAF804008368F9
:102D30001B6B13B9DAF800A0EAE721469847002890
:102D4000F8D0051F55F804BFBBF1000FF2D09BF877
:102D50000060002EEED0484607F017FBB04234BFAB
:102D600082B232465946484607F0A4F9EAE700BF66
:102D70000C0000005CEF000CE8DF000C2DE9F041D6
:102D800090F82830044603F01F03012B0F4600F192
:102D900028062FD0022B18D08BB3204694F8291088
:102DA00007F007FA024678B3304607F0F6FA1D4DF1
:102DB000002834D113693BB33A4631462046984740
:102DC0000346FFF70BFB2B5024E0818DC9B201F0C5
:102DD00085F905460028E0D0304607F0DEFA0246C5
:102DE00068688368CAB99B6873B13A463146BDE8E2
:102DF000F0411847818DC9B207F09BFBE9E790F8D5
:102E0000291007F0AFFBE4E7FFF7E8FA6FF085025F
:102E1000044B1A500020BDE8F081DB68E4E7D3687A
:102E2000C9E700BF0C0000002DE9F04F0B7E0446FF
:102E300033F080080D46164695B00AD00121A74A06
:102E4000A74806F0EEFF6FF00408404615B0BDE855
:102E5000F08F82B10846FFF7FBFD6B7EDF0704D4DD
:102E60009E07F2D52B7E002BEFD1204615B0BDE892
:102E7000F04FFFF7E7BE4A7E00F12809900705D51D
:102E8000802B09D12846FFF7E3FDDEE7910700F02C
:102E90005584002B40F05284D20734D52B8A082B5E
:102EA0000DD1EA68294613680020A3625368C9F867
:102EB000043007F0EDF8054640B18A4A00E08A4A3E
:102EC0000121874806F0ADFF00F010BC484607F02E
:102ED00064FAE28D70B9B2B12946A06908F04BFCE2
:102EE0000146002800F06584204615B0BDE8F04F8B
:102EF00001F05EBA3AB11146204607F018FC0546CB
:102F0000002800F05684FFF769FA002394F828801F
:102F1000764F18F0600FC351C8F3411307D0032B4D
:102F200040F0D481FFF75AFA6FF0850338E0484645
:102F300007F033FA94F82930002840F06781013B0C
:102F40000A2BEFD801A252F823F000BFF930000C91
:102F5000252F000C8131000C252F000C792F000C3F
:102F6000252F000C252F000C252F000CF52F000C11
:102F7000252F000C6530000C618D7F29D2D8A38DE0
:102F8000002BCFD1E38D002BCCD118F01F0FC9D16E
:102F900094F83030022B05D1FFF720FA4FF0FF33C1
:102FA0003B5083E0A069036993F880301B070DD57F
:102FB000C9B207F028FA804658B1638D01214C4A06
:102FC000474806F037FF002D73D13EE7012384F810
:102FD000393094F83030012B0AD1638D43B984F82D
:102FE0003030FFF7FBF93B58002B00F09A805DE092
:102FF0000123F4E7204607F090F8628D0146FF2A8E
:1030000090D8E38D002B8DD194F82830D80689D143
:1030100094F83030002BBFD02AB12046D2B207F04E
:103020004AFA0028B8D0618D94F838308B42D8D055
:103030002046C9B200F00EFF638D804630B10121F9
:1030400000902C4A264806F0FFFEBCE7002B14BF78
:1030500002220122052184F8302020461A4607F07A
:10306000CEFBBEE708F01F08B8F1010F7FF45AAF9E
:10307000E38D002B7FF456AF628DFF2A3FF652AFEF
:10308000A18DFF293FF64EAF94F83030022B83D14B
:103090002046D2B2C9B207F0CEFA10F1020F804634
:1030A00040F01981FFF79AF947F8008065B14FF0B9
:1030B00000082846FFF7CCFCB8F1000F7FF4C5AE3E
:1030C000FFF78CF93B5863B3484607F066F90346AF
:1030D000A069002B00F07083802176E382EF000C62
:1030E000E8DF000CBAEF000CA3EF000C0C000000AE
:1030F000DCEF000CFEEF000CE38D002B7FF412AF31
:1031000094F83030002B3FF447AF012BA18D02D152
:1031100000297FF441AF18F01F080CD0B8F1020F5E
:1031200016D0E38D002B40F0D4822046FFF76AFDD5
:103130000028C9D199E600297FF42EAF638D012BB9
:10314000EFD194F86C3061F3C30384F86C30E8E796
:10315000B4F82AA0BAF1000FE3D15FFA81F8414632
:10316000204607F01CFB0346FFF738F93B500133BC
:1031700000F0338352464146204607F014F930E709
:10318000E38D002B7FF4CEAE628DA38D022A5FFA11
:1031900083FA11D108F01F085AEA08087FF4C2AE7A
:1031A0000122A069190A07F00EF900287FF4BAAECF
:1031B000012384F8393014E794F8301000293FF4E3
:1031C000EBAE012902D1002B7FF4E6AE18F01F0808
:1031D00012D0B8F1020FA4D1002AA2D15146204644
:1031E00007F0C9FA0346FFF7F9F83B50013300F046
:1031F000F48201225146BFE7002B7FF4CDAE012AB5
:103200008FD194F86C3043F008039EE70A2B3FF609
:1032100089AE01A252F823F04532000C252F000C94
:10322000252F000C252F000C252F000C252F000C1E
:10323000BF32000C252F000C4B36000C252F000C44
:103240007936000CE38D022B7FF46CAE94F83030AD
:10325000002B3FF4A1AE012BA18D02D100297FF4F8
:103260009BAE18F01F0811D0B8F1020F1CD04FF020
:10327000000805F10C0A504607F087F8E38D9842E4
:1032800018D2FFF7ABF86FF00B0389E600297FF443
:1032900083AE94F86C304FEA930808F00208C3F349
:1032A000001348EA0308E4E72046C9B207F086FAAB
:1032B0008046DEE74146504606F00DFF91E6628DFE
:1032C00018F01F0F4FEA1223D2B209D02946204628
:1032D000FFF754FD8046B8F1000F7FF474AE80E62E
:1032E000013B0E2B3FF61EAE01A151F823F000BFAB
:1032F0002D33000C6933000C7933000C252F000CA2
:10330000252F000CD134000C7533000C252F000C38
:10331000252F000C252F000C252F000C252F000C2D
:10332000252F000C252F000C6535000C05F10C082D
:10333000404607F02AF883462046B4F82EA006F04F
:10334000ECFE20B101287FF4EDAD616F00E0216F4C
:10335000002900F03E82DA4528BFDA460A78524555
:1033600028BF524640462FE0002329462046FFF75B
:1033700085FC36E60123F8E70321204606F059FFD5
:10338000824600283FF4CEAD06F0FAFFB4F82EB026
:103390009AF81520D8B99AF814808DF831208DF854
:1033A0003080DAF8103005F10C0A1B885046ADF871
:1033B000323006F0EAFFD84528BFD846804542465D
:1033C00028BF024650460CA906F074FE09E6002309
:1033D000DAF808108DF81D20C64A8DF81C300A4016
:1033E000C5498A4263D1102108A803F035FCB0F129
:1033F000000842DB0CAAB8F1100F4FF00003104692
:1034000028BF4FF01008DFF8F4E208A9984502F150
:1034100002023CD803464FEA880808F102085FFA26
:1034200088F88DF81C8005F10C0A5046049306F0CC
:10343000ACFFD84528BFD846804528BF8046B8F1A4
:10344000020FC34628BF4FF0020B50465A46A8EB66
:103450000B0807A906F02EFE4FEA58030393049BBE
:103460009B4603EB58025A4528D118F0010F3FF450
:10347000B8AD039A995C5046FBE018F1580F7FF401
:1034800051AD01219E4A9F4806F0CBFC4AE511F858
:1034900001CB01334FEA1C1A0CF00F0C1EF80AA0E6
:1034A0001EF80CC002F802AC02F801CCAEE79AF8A4
:1034B0001480DAF810308DF81C80B4E750461BF801
:1034C000011BCDE9042306F006FEDDE90423CAE76B
:1034D000204606F022FED4E91C83002808BF984647
:1034E0000023CDF83230CDF836300A238DF8303055
:1034F000062320468DF8313006F014FE012805D051
:10350000FEF76CFF6FF085033B506AE5B8F1000FE2
:1035100000F05F81B8F80230ADF8323098F804302E
:103520008DF8343098F805308DF8353098F806303D
:103530008DF8363098F807308DF8373098F811301C
:1035400005F10C0840468DF8383006F01EFFE28D7C
:103550009DF830300CA99A4228BF1A46824228BFF3
:103560000246FFE6204606F0D8FD18B10128C7D173
:10357000636F00E0236F002B00F02B815B88B3F5B5
:10358000007FBDD9604B04F14C0B0C9300238DF8E8
:103590003430E36C9B4508BF0023BDF8322093B163
:1035A000597D0F2908D1197D0A44ADF832209DF8C4
:1035B000342001328DF83420226D934201D01B68F3
:1035C000EBE7BDF8322005F10C0A5046039206F0F5
:1035D000DCFEB4F82E80039A0CA9904528BF9046D3
:1035E000804528BF80464246052A28BF052250460E
:1035F000039206F05FFD039AB8EB02083FF4F1ACCA
:10360000E36C5B453FF4EDAC002B3FF4EAAC5A7D34
:103610000F2A14D11A7D1969424528BF42465046E7
:10362000039306F047FD039B1A7D424594BFA8EB28
:103630000208A8EB0808B8F1000F3FF4D2AC226DE5
:103640009A423FF4CEAC1B68DEE794F83030002B92
:103650003FF4A2ACE38D012B7FF464AC05F10C08C0
:10366000404606F092FE00283FF40BAE404694F828
:10367000381006F028FDB4E408F01F08B8F1010F77
:103680007FF48AAC204606F004FF00283FF484ACA7
:10369000B4F82C80B8F1FF0F3FF644AC43681B79B7
:1036A0004345FFF43FAC5FFA88F30F2B3FF63AAC8B
:1036B000E38D012B7FF436AC05F10C0A504606F081
:1036C00064FE00283FF4DDAD04EB080393F83A10E4
:1036D000D1E6484606F061FE18B92846FFF7B8F96A
:1036E00023E52946204600F063FE78B12846FFF71F
:1036F000AFF9E9E400FF02000003020014FF000C30
:1037000021F0000CE8DF000C050F0500A06903693B
:1037100093F8801011F004017FF4A7AB08F03FF894
:10372000054600283FF4D0AC0146204600F040FE9C
:1037300000283FF49AAB2B4AFFF7C2BB52077FF534
:10374000C3AC002B3FF49EAB2846FFF781F994F8F9
:103750003930002B3FF479AB94F82930052B0CD18C
:10376000618DA069C9B206F04EFE064628B1638D90
:1037700001211D4A1D4806F05DFB94F82930032BFA
:1037800011D1638D022B0ED1A18D00220D0A294685
:10379000A06906F018FE064628B101212B46144AFE
:1037A000124806F047FB0023B04684F83930FFF793
:1037B0004CBB6FF00B0687E4E38D002B3FF48CAC21
:1037C00016F10C0118BF0121C90107F0EDFEFFF74A
:1037D0004CBB6FF01508FFF7F6BB4FF0FF38FFF753
:1037E000F2BB00BF43F0000CDCEF000CE8DF000C84
:1037F00067F0000C0B7810B4062B14D10369D3F8D2
:103800009C20EFF31184202383F31288BFF36F8F82
:1038100000204B681860506A58B9C2E9083384F335
:103820001188BFF36F8F00220023034810BC09F0FA
:1038300088BB03605362F2E75004002030B589B0C2
:10384000002200230024CDE906236FF007034FF484
:103850008062CDE90334CDE90144154B154900944C
:10386000154804F0BBFB1549134809F012FD144B31
:1038700014498B4207D30020134B14498B420CD3BD
:10388000002009B030BD03F11402D2E8EF0FC2E806
:10389000E54F002DF9D11833EBE703F11402D2E81C
:1038A000EF4FC2E8E50F002DF9D11833E6E700BF6E
:1038B0002939000C881D0020580A002027E4000C3C
:1038C0005C05002074050020740500208C05002094
:1038D00038B50D4606F0DDFD30B90121BDE83840B0
:1038E0000F4A104806F09DBAC46804B938BD2B7859
:1038F000032B05D0052B0ED0022B08D02468F4E74B
:10390000606883685B69002BF8D09847F6E76068C9
:1039100083689B69F7E760688368DB69F3E700BF4A
:103920008EF0000CF8DF000C2DE9F0434FF020087A
:1039300085B000AF4FF0FF334FF0FF327248391DB2
:1039400003F02AFFFB681B69D3F89C40236A93B1FC
:10395000EFF3118288F31288BFF36F8F256A2DB1C0
:10396000616A2B688D42236208BF636282F311880B
:10397000BFF36F8FC5B93B79062BDBD0072BD9D8A6
:1039800001A252F823F000BF053A000CF939000CEF
:103990002D3A000C0B3A000C633A000C4F3A000C25
:1039A0003539000CF73A000C2B7E29465E0620467E
:1039B000D5F81E201DD1FFF737FA06460028C5D0DE
:1039C000E9468AB06A462B7ECDE9073505234F4983
:1039D000CDE9051042F8103F00234FF421514C4827
:1039E000FDF7C4FD3246CD460721204606F007FF0D
:1039F000ACE706F0AEFDE0E700220121204606F02C
:103A0000FEFE97E700221146F8E794F86C3043F089
:103A1000040384F86C3094F83030022B03D1204634
:103A2000391DFFF755FF00220321E7E794F86C30BA
:103A300023F0040384F86C3094F83030022B03D167
:103A40002046391DFFF744FF00220221D6E794F8F3
:103A50003030022B7FF46EAF2046391DFFF738FF60
:103A600068E794F86C30A66923F0040384F86C309E
:103A7000D6F808903369A033D3E8AF3F9A071ED534
:103A80003046D9F83C309847D9F8243000213046E8
:103A900098470546D9F840303046984795B11D4AB9
:103AA00001211B4806F0BDF900220421204606F042
:103AB000A6FE002D3FF43EAF2A4607219EE74FF0B9
:103AC000FF35ECE72946204600F0C4F9054608B169
:103AD000114AE5E7A06907F081FE831E584258416C
:103AE00094F86C3084F8305023F0680343EA4013B4
:103AF00084F86C30D8E70121084A054806F091F9AE
:103B00000621BA687AE700BF50040020BDF0000C1F
:103B1000F8DF000CE7F0000C15F1000C41F1000C8F
:103B200038B5024605460C49806907F0B5FE0446E3
:103B300030B10121094A0A4806F073F9204638BD20
:103B400085F83800284600F043F904460028F5D0EF
:103B5000A86907F0D0FEF1E7F537000C51F1000C31
:103B6000F8DF000CF8B501231D460C68002C35D099
:103B700063F07F02D6B202F07F02103224FA02F71D
:103B8000FF0716D5046824FA02F7FF0708D4334666
:103B900013480121134A06F04DF96FF01500F8BDE6
:103BA00005FA02F224EA020404600C6824EA020422
:103BB0000C60DC40E6070ED5026822FA03F4E40745
:103BC00000D4E5E705FA03F422EA040202600A6879
:103BD00022EA04020A600133102BC6D10020DEE77E
:103BE00020E0000C78F1000C2DE9F04F002653681E
:103BF00091B0D4680A900891069202930E960396AB
:103C000074B9039B029A09339BB293701B0AD37059
:103C1000069B1671DC68002C40F0C780A346AEE01E
:103C20004FF0000A6068CDF83CA083681B6B002B46
:103C300000F0AC8008999847002800F0A78035462E
:103C4000C4E903AAA0F1040959F8043F0BB11A789A
:103C50009AB9B54240F29780E3680F9A1343E36044
:103C6000606883689B6A002B00F0928098478346C7
:103C7000002800F09080534A7DE05A780B2A08BF54
:103C80009D70D9F800305A78042A10D1E2680F9953
:103C90000A43E260DA78002A5CD101229D70236930
:103CA000AA40134301352361EDB2CDF83CA0D9F809
:103CB00000707B78052BC7D16FF0120B4FF0010815
:103CC0000A9B9B69099379793A790E9B42EA012212
:103CD000ADF8362097F902205FFA88F1002AACBFD0
:103CE000424641F080010493B7BF4BB24FFA88F3CC
:103CF00021F080020793A8BF0793049BB8BF10323E
:103D000023FA02F0C0072CD40F9B23FA02F205938A
:103D1000D30726D4BB79FA78099800930DF13603BE
:103D20000B9107F0B7FB0B998346D0B9079BB9708D
:103D3000002B4FF00103BCBF21F0800110318B40FC
:103D400004980599BDF8362019431843CDE90E01B2
:103D5000BA8079E76A1E9A700FA90EA8FFF702FFD2
:103D6000A3E708F10108B8F1100FACD1BBF1000FC7
:103D70003FF46AAF144A0121144806F052F858463D
:103D800011B0BDE8F08F6FF0150BF3E7354667E72C
:103D90006FF0850B6FE76068089906F0AAFB039B3C
:103DA0002E460344246803932AE7E36804F10C01D8
:103DB000A3600EA8FFF7D6FE08B924682BE76FF0C2
:103DC000150BDCE7B9F1000C95F1000C20E0000CBC
:103DD00070B5836905461B69026F93F88030C3F3A1
:103DE0004113022B0CD0032B0CD0012B0CBF102342
:103DF0000823D371EE6D3EB96E6DBEB9344611E045
:103E00002023F6E74023F4E7324601212846FFF756
:103E1000EBFE044640B173685B790B4A01210B4805
:103E200006F008F8204670BD3668E4E73246002107
:103E30002846FFF7D9FE044618B173685B79044A37
:103E4000ECE73668D9E700BFDDF1000C20E0000C9C
:103E500000F2000C2DE9F04105460E4606F05DF932
:103E600095F83830804633B3284606F012FB0746F3
:103E7000F0B10146284606F08CFB102204460021D2
:103E800005F13A0009F09EFC002385F83830FF6800
:103E90003FB984B119491A4806F0DAFA2046BDE85C
:103EA000F081786883685B6A03B198473F68EFE701
:103EB0006FF03C04EEE71EB985F838600024EDE7AA
:103EC00032464146284606F0D0FA074690B10246EF
:103ED000284606F088FB04460028DFD185F83860C4
:103EE000FC68002CEAD0606883681B6A03B19847BD
:103EF0002468F6E76FF03C04D0E700BFCCEE000C7E
:103F0000E0DF000C2DE9F04105460F461446D2F8DB
:103F1000048006F0A1FA95F86C30D9070BD5444916
:103F2000444806F095FA6FF00F07281D06F09BFA3B
:103F30003846BDE8F081012F0AD1284606F0F2F894
:103F400030B93D493B4806F083FA6FF08507ECE74E
:103F500098F807309A0607D5AB691B6993F880304B
:103F60009B0701D43549EDE71FB1012F06D0344935
:103F7000E8E7EB6D2BBB05F1540603E06B6DABB9C5
:103F800005F15C06002233680BBB002FD5E91C232A
:103F900008BF13465B7C626803F10103DBB2537117
:103FA000D5E91C1208BF0A4653741BE09C4206D197
:103FB0002449204806F04CFA6FF01507B5E71B6856
:103FC000DDE79C4201D12049F3E71B68D2E79C4220
:103FD0001AD1236892B972683360944200D1736039
:103FE00000232360A168B9B1284606F03CF90746D2
:103FF00068B116490F4806F02BFA96E7136073680C
:104000009C4208BF7260EBE71A461B68BCE7A068D9
:1040100006F0B6F988F806000023236073681BB920
:10402000C6E90044002780E71C607460FAE700BF1F
:1040300051F2000CE0DF000C73F2000C2DF2000CCA
:1040400091F2000CB1F2000CCEF2000CEBF2000C7D
:10405000F8B5054600AF29B301290BD1184C194E0C
:104060002BE0636828461968FBF7E4FFB8B1183401
:10407000B442F6D36C4688B06A46134BCDE9053599
:104080004FF40073ADF81C30104B42F8103F002382
:104090004FF4E2510E48FDF769FAA5460024204688
:1040A000BD46F8BD0B4C0C4EE2E763682846196824
:1040B000FBF7C0FF0028F2D01834B442F5D3D9E79B
:1040C000740500208C05002022F3000C0300000181
:1040D000F0DF000C5C0500207405002070B50125A0
:1040E00001F07F0311F0800F18BF10339D4090F84E
:1040F00030300446022B06D001210C4A0C4805F052
:1041000090FE002070BD90F8386006F006F8324648
:104110000146204606F0A9F90028F2D0C068002820
:10412000EFD083681D42EDD10068F8E740F3000C42
:10413000F0DF000C2DE9F843054608461146164607
:104140009846FFF785FF0446002841D0284606F030
:10415000C9F995F86C30DA0705D51F4A01211F48C7
:1041600005F05FFE07E0D4F8049004F11407D7E8E7
:10417000AF3FDB0707D56FF00F04281D03F0E2FB0C
:104180002046BDE8F883D9F804301BB19D4201D028
:10419000134AE3E742463146284606F066F9A0B1E5
:1041A0000023236003696BB9C0E90344D7E8EF3FFC
:1041B00043F00103C7E8E23F002AF7D10024C9F821
:1041C0000450DAE71C600461F0E76FF03C04D4E7C8
:1041D0006FF01204D4E700BF51F2000CF0DF000CC6
:1041E00065F3000C2DE9F0470129814616469846F3
:1041F00000AF33D12C4DDFF8B4A028E0B8F1000FA8
:1042000004D04146284606F05DF9F8B9696833469E
:10421000012248460968FFF78DFF0446B0B16B687C
:104220006D468AB01B686A462149C2E905134FF4FE
:10423000007313841F4BD66142F8103F00234FF4E4
:1042400011511D48FDF792F9AD4603E0183555456B
:10425000D4D300242046BD46BDE8F087F9B16FF005
:104260008504F7E718355545F3D2B8F1000F05D0AE
:104270004146284606F026F90028F3D169683346FE
:10428000002248460968FFF755FF04460028E9D098
:104290006B686D468AB06A461B680849C5E7084DD9
:1042A000DFF820A0DFE700BF740500208C050020A8
:1042B0009AF3000C04000001F0DF000CC7F3000CBF
:1042C0005C050020740500202DE9F04F83B000AF9D
:1042D0007B6097F830304C680E463B6081469046D4
:1042E00005F01BFFA36801461B6B33B96FF0150483
:1042F00020460C37BD46BDE8F08F20469847002881
:10430000F4D00024051F06F10C0A55F8041F09B16A
:104310000B782BB9002C14BF00246FF03C04E7E7A6
:104320004B78042B0ED1002C3CD18B787A689342C9
:10433000EBD1CB783A689342E7D10B79002BD7D0F9
:104340000124E2E7052BE0D1002CDED0B8F1010F0B
:1043500091F802B009D0B8F1020FF1D15246594696
:10436000D9F8180006F0CDF904E05246D9F8180043
:1043700006F0ABF904460028E2D06D468AB06A46E2
:10438000F368CDE907B3062307490990CDE905187D
:1043900042F8103F00234FF441510448FDF7E6F87E
:1043A000AD46A5E70024A3E7FFF3000C18E0000CDE
:1043B0002DE9F0410B7E0C465906054637D16BB30B
:1043C00005F0EBFE40B11B4801211B4A05F029FD19
:1043D0004FF0FF30BDE8F0812846D5F87080268A7E
:1043E000EF8D05F09AFEF8B1421E534253419B01F6
:1043F000228A9AB1BE42324628BF3A46E98D91429E
:104400000CD9B2FBF3F103FB11223AB994F918303D
:10441000002BBEBF637E43F0080363762146A86984
:10442000BDE8F04107F01AB998F80730E0E76FF0FF
:104430001500CFE710E0000C3BF4000C70B5064609
:10444000EFF31181202383F31288BFF36F8F1B4D8D
:104450002A6881F31188BFF36F8F526892F86C203D
:10446000D20705D4BDE870400A22002303F042BD04
:10447000EFF3118283F31288BFF36F8F2C682CB196
:10448000696823688C422B6008BF6B6082F31188D7
:10449000BFF36F8F44B1606804F10801C3699847A6
:1044A0002146074808F0FDFC2B6833B13046BDE8D3
:1044B00070400022002303F0E9BC70BDB00F002063
:1044C0002004002030B585B0CDE900120546002259
:1044D0000023144803A903F0CBF80246E8B9DDE94C
:1044E0000001039B5D60083383E80300EFF3118054
:1044F000202383F31288BFF36F8F039B1A600A4A4D
:10450000516861B9C2E9003380F31188BFF36F8F3E
:1045100000220023054803F0B9FC05B030BD0B6054
:104520005360F1E720040020B00F002000000020BD
:1045300038B54B780469202B4568206908D0222BB8
:1045400019D0FDF74BFF6FF08502104B1A5010E0A9
:10455000CB88072BF5D1D3681A6842609A8802810C
:104560009B79837206F070F922460821284606F0EE
:1045700054F9002038BD4B880921C3F340028381E0
:1045800003F00103027643762246EFE70C000000B9
:1045900008B513464A78212A14D133B9FDF71EFF16
:1045A0006FF00B020A4B1A500AE0CA880169072A09
:1045B000096928BF0722043103F10C0005F07AFDD8
:1045C000002008BDFDF70AFF6FF08502004BEAE707
:1045D0000C00000073B5202504698DF80710EFF377
:1045E000118685F31288BFF36F8F0122E06B0DF106
:1045F000070105F02DFB86F31188BFF36F8F0128AB
:104600000CD008F040FE88B101220C4BD3E8EF1F1C
:10461000002903D1C3E8E02F0028F7D10A220023A4
:1046200004F1480003F032FC02B070BDA37E002B01
:10463000EAD000210A2008F011FFD0E7B80F0020CF
:1046400038B5002405690E49EB6B05F14800C3E954
:104650000144DC606B6BC3E90144DC6008F0DCFD05
:1046600005F17800074908F0ABFD074905F1240082
:1046700008F0A6FD284606F0E7F8204638BD00BF42
:104680008D46000C5947000C53AC000C2DE9F04747
:1046900050F8483C00F140065B6807460021304670
:1046A000D3F8009006F030F9002851D001213046AF
:1046B00006F02AF9804600284AD1D6E8EF3F43F0B9
:1046C0002002C6E8E12F0029F7D19B0640D44846D6
:1046D00006F03CF90022054600231E4805F0D0FCF8
:1046E000044650B93046052106F0A8F93846BDE821
:1046F000F0470A22002303F0C9BB824605765AF828
:104700000C1F428A57F80C0C05F0C2FA0546014608
:10471000504605F0C9FC5DB1D9F8040006F085F9F2
:10472000B5FBF0F303FB1055B5FA85F84FEA5818BE
:104730002146484607F82D8C06F002F840B1204685
:10474000FEF786F93046BDE8F047052106F076B958
:10475000BDE8F0879804002070B550F8782C00F17F
:1047600010045268034600212046156806F0CCF874
:1047700000283DD00121204606F0C6F8002837D198
:1047800053F8442C68689388918916695B1A9BB228
:10479000F61A06F04AF9B0422AD8D4E8EF3F43F0BF
:1047A0001002C4E8E12F0029F7D1DB0620D4284607
:1047B00006F0BEF80022064600230E4805F060FC15
:1047C0000446A8B10676686806F02FF9638A984215
:1047D00003D2686806F029F983B22146284663822D
:1047E00005F0AEFF20B12046BDE87040FEF730B9BD
:1047F00070BD00BF980400200121024A024805F064
:1048000010BB00BF7DF4000C78DF000C70B50546CE
:1048100002F046FD0446084E6B6863B102F040FDAD
:10482000031BB34203D9BDE87040FFF7E5BF022088
:1048300008F076FAF0E770BDBFD4010038B54568DE
:10484000D5E9010183681B686BB19847041E0DDA36
:1048500014F1780F0AD02346184A0121184805F0B0
:10486000E9FA204638BD6FF05704F4E76868E96854
:1048700083681B6843B19847041E08DA14F1780F67
:1048800005D0104A2346E8E76FF05704F9E72B6993
:10489000984701222B681A702868FFF7B7FF2B7D15
:1048A00013B100222B681A702A680024137843F091
:1048B000020313702868FFF7A9FFD2E7ACF4000CDD
:1048C00078DF000CD0F4000C2DE9F047054689464E
:1048D00090461F46D0F808A006F024FD0446C0B15B
:1048E000067DF30709D5037E16480121164A05F017
:1048F000A1FA6FF07700BDE8F0873B464246494693
:1049000006F0B9FC40B9237E0121104A0D4805F09C
:1049100091FA6FF01200EEE79DF8203026F00606BF
:1049200084F81980678323772675DAF818302146D2
:1049300028469847B0FA80F3227D5B0963F30002B2
:104940002275D8E7D0DF000C23F5000C3DF5000CF4
:1049500070B50546866806F0E5FC0446D0B1037DD7
:10496000DB0708D4037E0D4801210D4A05F062FAE9
:104970006FF0770070BD0146F3692846984738B15B
:10498000237D03F00103227D63F300022275F1E72A
:104990000346F8E76FF01200ECE700BFD0DF000C31
:1049A0005FF5000C2DE9F3411746D0F80880054665
:1049B000D8F83C300E4698470022002339460B4871
:1049C000FDF7C8FF044670B901213B46084A094873
:1049D000009605F039FA2846D8F840309847204626
:1049E00002B0BDE8F0810676F5E700BFBC04002008
:1049F0007AF5000CD0DF000C042903D849B96FF018
:104A000015007047052914BF6FF015006FF0850081
:104A1000704762B9436803291B6803F5805308D0C7
:104A2000042908D0022914BF02220422DA730020CC
:104A300070470122FAE708499A7311F8010B013215
:104A4000352A83F82000F8D10822DA739A7C42F0E4
:104A500002029A74EBE700BF38FF000C70B54368A0
:104A6000002106461D68FFF773FF044648B110F1A8
:104A7000780F06D00C4A01210C4805F0D2F92046E7
:104A800070BD80213046FFF763FF044620B110F16E
:104A9000780F01D0064AEEE705F580535A780024D6
:104AA00002F0BF025A70EAE7A8F5000CD8DF000C4C
:104AB000CFF5000CF0B5036989B0D3F8A470436852
:104AC0000646694607F5D4701D6808F0B1FB002161
:104AD00005F58053D9801981D97224233046EB60C3
:104AE000FFF736FF044650B110F1780F07D0204A87
:104AF0000121204805F095F9204609B0F0BD80213C
:104B00003046FFF725FF044620B110F1780F01D0A1
:104B1000194AEDE742F211742B6823F002032B606F
:104B2000EB69990717D4012342F211742B602B68AB
:104B3000DA0716D4EB69DB0713D49022002107F1C2
:104B4000A00008F03FFE4022FF2107F5987008F012
:104B500039FE0024D0E7013CE5D0012007F0E6F95A
:104B6000DEE7013CE9D0012007F0E0F9DFE700BF14
:104B7000A8F5000CD8DF000CCFF5000C70B5036968
:104B80009022D3F8A4504368002105F1A0001C68CE
:104B900008F018FE4022FF2105F5987008F012FE7B
:104BA0004021284607F037F84FF6FF73984207D1A7
:104BB00057480121574A05F034F96FF00B0070BDDA
:104BC000554AA5F83001A5F85001D369372043F4C0
:104BD0008033D36107F0AAF9012342F210762360F3
:104BE0002368DB0702D4E369D8070DD5013E07D25D
:104BF0004A4A4748012105F014F96FF07300DEE7D7
:104C0000012007F093F9EBE7002EF1D042F2107685
:104C1000236843F400732360236843F480732360A4
:104C2000236843F002032360E369990707D5013E37
:104C300001D23B4ADDE7012007F078F9F4E7002EC6
:104C4000F7D020232361A369DA075ED504F58053EA
:104C5000D3F80425002422F0E00242F04002C3F819
:104C60000425D3F8082505F5D47022F00102C3F815
:104C70000825D3F80C2522F47E6242F42E62C3F894
:104C80000C25D3F8102522F01F0242F00A02C3F8C7
:104C90001025D3F8142542F08002C3F81425D3F868
:104CA000182522F0030242F00102C3F81825D3F8B8
:104CB000202522F0C00242F08002C3F82025D3F85C
:104CC000242522F00102C3F82425D3F8282522F058
:104CD000FE0242F07A02C3F82825D3F8242542F0D8
:104CE0000202C3F824250022002385F8D84103F0EE
:104CF00001F9204663E7012007F018F9A369DB07F3
:104D0000A4D4013EF7D1074A73E7074EF6E700BF88
:104D1000D8DF000CF5F5000C0080004410F6000C04
:104D20002DF6000C50F6000CA08601002DE9F04F86
:104D3000056989B007464468D5F8A48005F1840068
:104D400008F00EF908F1880008F019FD6049C8F86C
:104D5000A07108F5D47008F05FFA95F880304FF034
:104D6000400923F0760343F0760385F88030A36989
:104D7000022B01BF95F880304FF4806A43F00103A5
:104D800085F8803018BF40F2FF3A00256368AB42D7
:104D900028D800254FF0400B6368AB425FD800264F
:104DA00088F89C60C8F88C61A8F89661D4E9041270
:104DB0004FF0000A4FF0000B6FF007030120CDE920
:104DC00006ABCDE90330CDE901664046414B009783
:104DD00003F004F93968404608F05BFA3846636A24
:104DE000984720E0E2686B0102EB4512917C41F0AC
:104DF00040019174E268D5B9917C41F00101917450
:104E0000E268A2F81090E26838461A441576E16824
:104E1000194406F094FA0646F8B12B462E4A0121B1
:104E20002E4805F007F8304609B0BDE8F08F1A4467
:104E3000917C41F004019174E2681A44917C41F044
:104E400002019174E2681A44917C41F00801917466
:104E5000E2681A44A2F810A0D5E7013596E7A268E7
:104E60006B0102EB4512917C41F020019174A26824
:104E7000ADB9917C41F001019174A268A2F810B023
:104E8000A26865F07F011A441176A168384619447A
:104E900006F055FA0646C0B1114A2B46BFE71A4440
:104EA000917C41F004019174A2681A44917C41F014
:104EB00002019174A2681A44917C41F00801917436
:104EC000A2681A44A2F810A0DAE7013564E700BF2F
:104ED0008FBA000C1DC1000C66F6000CD8DF000C68
:104EE00089F6000C2DE9F3410027456840232E6820
:104EF0003A46394600978046FFF7E6FC044660B123
:104F000010F1780F09D03B4601211F4A1F4804F0D9
:104F100091FF204602B0BDE8F081402300228021AD
:104F200040460097FFF7D0FC044620B110F1780FFF
:104F300001D08023E8E706F58054E37A0A2043F0A5
:104F40000703E372E37A03F0EF03E372E37A03F01B
:104F5000F703E372E3889BB243F00103E380042389
:104F600033616378AA69DBB2022A0CBF43F02003E5
:104F700003F0DF03637006F0D9FF637843F040036A
:104F800063700024C5E700BFABF6000CD8DF000C4F
:104F90002DE9F04F036989B0D3F8A440436801902C
:104FA0001D6805F580566B6996F80A807788B28887
:104FB0005FFA88F892B206929A0642BF20226A618E
:104FC000EA605807BFB256D54FF0040918F0040F35
:104FD000C5F814903FD0002504F5C87084F89C50A3
:104FE000C4F88C51C4F8945106F048FD04F5BA7029
:104FF00006F044FD04F5BC7006F040FD04F5BE70FB
:1050000006F03CFD04F5C27006F038FD04F5C470EE
:1050100006F034FDF38840209BB243F00103F38097
:10502000B57306F097FC494600F00F0086F8620061
:1050300086F86300B4F83031DB08A6F86430B4F8C1
:105040005031DB08A6F8663004F1880009B0BDE8ED
:10505000F04F06F069BF18F0010F04D0082104F1E9
:10506000880006F061FF18F0020F04D0102104F14F
:10507000880006F059FF0022B273B17CCBB2490719
:1050800007D5B37C03F0FB03B37484F89C20B37C96
:10509000DBB2DA061FD5B37C43F08003B374002380
:1050A00084F89C30B37CDBB2DB0752D5326AC4F89B
:1050B0009420336AC4F898301B0C1BD1B37C43F0A6
:1050C0004803B374032384F89C30012104F1880061
:1050D00006F02AFF3DE094F89C20032A39D801A16C
:1050E00051F822F0A950000C4951000C9F51000CBE
:1050F0003B51000C100605D5B37C43F04003B3745C
:105100000123E0E7B27C04F5C87042F04002B274BB
:105110000222A4F89431002384F89C20D4F894202F
:10512000A4F89631C4F89821D4F89820C4F88C31AA
:10513000C4F89C2106F0A2FCC7E7F90709D50023B3
:1051400084F89C300221C1E7FA0702D513F002036C
:10515000F6D04FF001087B08009305F58153043326
:10516000CDE9023304F5BC73049305F58053059330
:10517000009B002B60D10126069BDDF800A04FEAC2
:10518000530805F58055B8F1000F40F01A81069BD1
:1051900013F0FE0F00F07B814FF4807154E7DB07C2
:1051A000D7D596F818805FFA88F918F07F0810D1E3
:1051B000B37C012243F04803B374032384F89C308A
:1051C00004F5C073D3E8EF1FC3E8E02F0028B9D07F
:1051D000F8E7D4F88C314BB9012204F5C873D3E851
:1051E000EF1FC3E8E02F0028B3D0F8E703F10C0A63
:1051F000504606F0A7FB404528BF4046014683467F
:10520000504604F051FF5A46014605F5815006F01C
:10521000AFFBB4F8963119F0400F98441FFA88F8A4
:10522000A4F89681C4D0B4F894314345C0D9B37C76
:1052300043F04003B37485E7009BDF0752D55FFA64
:1052400088F1EFF311830793202383F31288BFF3D0
:105250006F8F01F00F03B373019841F0800196F84E
:10526000129006F05FF85FFA89F90746F8B106F088
:1052700080F882464146049806F0F0FB19F0200FB2
:1052800017D0B37C059A03F0DF03B374B37C43F00B
:105290000803B374B37C980742BFB37C43F00803A0
:1052A000B374059B9B7C03F0FE03937409E0824674
:1052B000E0E7BAF1000F04D097F8149019F0020952
:1052C00019D04FF000090022059B9A73079B83F3C6
:1052D0001188BFF36F8FB9F1000F03D049460198D1
:1052E00006F057F8009B08F101085B080093039B48
:1052F000043303933CE7BAF810B0BBF1000F20D0A1
:105300004146049806F014FE798BBAF81030C1F3C8
:105310000A01994228BF1946494509D80AF10C00EB
:1053200004F0EAFE05F58052937C43F00103BCE7EC
:10533000DAF80C30039A13F8093009F101091370F7
:10534000EAE79AF8193019070AD54146049806F099
:10535000EFFD9AF819306BF3C3038AF81930E1E7CF
:10536000384606F002F88146384606F002F88346D1
:105370000028A8D097F814A01AF0020AA3D1414639
:10538000049806F0D5FD798BBBF81030C1F30A0103
:10539000994228BF194651450AD80BF10C0004F078
:1053A000ABFE05F58052937C43F0010393748AE7CA
:1053B000DBF80C30039A13F80A300AF1010A137073
:1053C000E9E718F0010F17D0F1B2EFF3118B2023AA
:1053D00083F31288BFF36F8F01F00F03AB73AA7DC5
:1053E000D3B252060FD503F0BF03AB7585F80EA0FC
:1053F0008BF31188BFF36F8F029B4FEA5808043379
:1054000001360293BFE601982F8B05F08BFFBFB2E8
:105410000090C0B305F0ADFFA8B3C7F30D09B9F113
:10542000000F18D000F10C07384606F08BFA4845FB
:10543000024628BF4A4638461146039204F034FE1D
:105440000146DDE9020206F093FA009B5A8BC2F393
:105450000A02914504D2AB7D03F0FE03AB7508E070
:10546000384606F06FFA50B9314604F5C27006F0BE
:105470005FFD314604F5BE7006F05AFDB6E7AB7D20
:1054800003F0FE03B1E7314604F5C470F4E709B058
:10549000BDE8F08FF8B500AFB8B96C4688B06A4681
:1054A000344B4FF4E2510593334B344806934FF499
:1054B0000073ADF81C30324B42F8103F07F0D9F9B9
:1054C000A5466FF01500BD46F8BDB0F1205F4FEA6C
:1054D000906415D36D468AB06A462A4B4FF4115139
:1054E0000593254B2548CDE906344FF40073ADF8FC
:1054F0002030254B42F8103F07F0BBF9AD46E0E7FE
:10550000631EDBB2082B2ED8204A214DD15C214AE4
:10551000D65C214AD25CEB5CC5B28D420BD8C0F39D
:10552000052CB44507D8C0F30556964203D8C0F3FE
:10553000853098421CD96E468CB06A46174BCDE92F
:10554000084105930C4B4FF45151CDE906354FF40A
:105550000073ADF82830124B084842F8103F07F0AE
:1055600088F9B546ADE73F2300211A461E46D3E72A
:105570000020A8E7DEF6000C3300010C68DF000C09
:10558000030000010CF7000C0400000188FF000C70
:105590006DFF000C7FFF000C76FF000C2AF7000C5B
:1055A000060000012DE9F3470C4600251949436820
:1055B0002143804616461F68019507F05DF90228D1
:1055C00004D03560002002B0BDE8F0874FF0060A35
:1055D000B4FBFAF95FFA89F52946404601AA07F0BB
:1055E000D6F90028EFD10AFB1944E4B2032C94BF8A
:1055F0004C375037AD003D442B6804F00304E40001
:10560000E34013F03F03DDD0019AB2FBF3F23260C6
:10561000D8E700BF00FFFF0F2DE9F04F83B01C4615
:1056200043680D4692469A68002302EB810846497A
:1056300000AF29437B608146D0F810B0D8F82060D5
:1056400007F01AF902284FF000034AD1D8F82010C9
:1056500001F00F01514518D16C4688B06A463B4BAA
:1056600053613B4B3B4893614FF4007393833A4B38
:105670004FF4E25142F8103F07F0FBF86FF085005D
:10568000A5460C37BD46BDE8F08FBAF1060F07D12D
:105690008B1F052B04D86C4688B06A462F4BDFE77A
:1056A0000B290AD8DFE801F006202E39393C4141A8
:1056B00041414141DBF800307B60D8F82020012DCA
:1056C0004FEA124218BFD2B2F30435D51D2A28BFC3
:1056D0001D220123013292B293409AB27B68B3FB40
:1056E000F2F300202360CCE7AB1EDAB2092A04D81B
:1056F0000BEB830BDBF80430DEE76C4688B06A46C0
:10570000174BADE7012D1BD00C22012148463B1D54
:10571000FFF782FF0028D0D0B3E74FF40043CBE778
:105720004846391D00F01EF8F4E7063948463A1D90
:10573000C9B2FFF737FFEDE7012A38BF0122CDE7F5
:105740006FF05B009DE700BF00FFFF1B57F7000CE9
:10575000C7FF000C68DF000C0300000179F7000CA4
:105760009BF7000C37B50C4641680A68136913F4BF
:10577000807303D10020236003B030BD136BDB07BF
:1057800001D4094BF6E78B68D56BD3F8801005225E
:1057900001AB01F00F01FFF73FFF0028ECD1019BA7
:1057A000ADB26B432360E7E7006CDC022DE9F04FFC
:1057B00083B043688146D3E900BA0E46144600AF71
:1057C000CDB2D2B96C4688B06A46984B4FF4E251DC
:1057D0000593974B974806934FF40073ADF81C3030
:1057E000954B6FF0150842F8103F07F042F8A546B8
:1057F00040460C37BD46BDE8F08F08467B60FFF79A
:1058000049FE7B688046B10EC0B16C468AB06A46DC
:105810008A4B08950593864B8648CDE906314FF4AF
:105820000073ADF82430864B4FF4315142F8103FED
:1058300007F01FF8A5466FF08508D9E7082900F2A0
:105840007081DFE811F0090013007600C500E20066
:10585000E8000D0159016601DBF81430227823F0CD
:10586000800343EAC213CBF81430C1E7D9F80430FF
:10587000A1789A681D68D2F8803061F30303C2F8FA
:1058800080306378002B3AD02B6BDFF8B89143F06F
:105890000102DBB243F001032A632B6301F000FD38
:1058A0000646AB6FA3B101F0FBFC831B4B45F8D957
:1058B0006C4688B06A46644B5361644B93614FF405
:1058C000007393835C4B4FF4E25142F8103F07E1C1
:1058D000EA6BA3886FF30F021343EB6301F0E0FC64
:1058E0000646DFF86091AB6F4BB101F0D9FC831B2A
:1058F0004B45F8D96C4688B06A46554BDCE7EB6AF5
:10590000227803F07F0343EAC213DBB2EB6201F0BB
:10591000C7FC04464B4EAB6F002B3FF469AF01F060
:10592000BFFC031BB342F6D96C4688B06A46494BAC
:10593000C2E72679D9F804300B2ED3F800901EDC8C
:105940009B6803EB850ADAF88430334343F0400365
:10595000CAF8843001F0A4FC8346DAF884305B0690
:105960000DD401F09DFC374AA0EB0B039342F4D910
:105970006C4688B06A46384B0593384B9EE70B2E31
:10598000D8BF002609F1440252F825302188C8BF4B
:105990000B3E61F3090342F8253009F1480252F841
:1059A0002530A17809F1400961F3050342F825305B
:1059B00059F82530E278C8BF360223F4F063C8BF37
:1059C00006F4E06643EAC2131E4349F825600FE778
:1059D000D9F8043019680623B5FBF3F203FB125320
:1059E000D8B2032894BF4C31503192000A443F2171
:1059F00003F003031068DB00994020EA01002178DE
:105A000001FA03F303431360F2E6237803F0030380
:105A1000CAF81030ECE6DAF81C30227823F0800364
:105A200043EAC213CAF81C30E2E600BFB9F7000C23
:105A30004600010C68DF000C03000001D8F7000CE1
:105A400005000001BFD4010002F8000C1E00010C8B
:105A500037F8000C6AF8000CD5F8000C0A00010CAD
:105A6000D9F804A0012DDAF80810D9F8106001EB7C
:105A700085010A6A238822F4005222F00F024FEABD
:105A800002424FEA124201D0FF2B01D842EA034200
:105A9000E378A07803F00F0343EA403313430B622B
:105AA00001F0FEFB8146DFF888B0DAF808305B6869
:105AB000DBB101F0F5FBA0EB09035B45F5D96C46C2
:105AC0008AB06A461B4B4FF4115105931A4BCDE92E
:105AD00006354FF40073ADF82030184B42F8103FF4
:105AE000174806F0C6FEA54682E6002D7FF480AE7C
:105AF000E37886F83A307BE69B68C6F3052603EB2D
:105B00008603D3F88020217861F30302C3F8802054
:105B10006EE6D9682378CA6822F0FF021343CB608F
:105B200066E60121074A064804F07BF983E600BFD8
:105B3000BFD401009FF8000CF2FF000C040000012C
:105B400068DF000C1CF9000C2DE9F04782B000233F
:105B5000D0F80480D0F810A000AF06460846894669
:105B600015467B60FFF796FC0446A8B16C4688B0EA
:105B70006A46414B5361414B414893614FF4007376
:105B80009383404B4FF4E25142F8103F06F071FE10
:105B90006FF08500A54616E04946304606F06CFEDB
:105BA00002280ED14FEA99635FFA89F1092B5DD87B
:105BB000DFE803F00513181D2210373D4A4ADAF8D2
:105BC000004000202C600837BD46BDE8F0874FF448
:105BD0008064F6E74FF40044F3E729463046FFF7C8
:105BE000C1FDF0E72A46304606F0D1FEEBE72A4633
:105BF0003046FFF7D7FCE6E773685A68136903F08D
:105C00000303012BE3D0991E0129E3D8D46914F0D2
:105C10000204D6D0032B14BF4FF400444FF4806429
:105C2000CFE72B460C223046FFF7F6FCCBE7D8F83F
:105C30000830C9F3052909F1200953F829100C226D
:105C40002B4601F00F01EEE70C22002130463B1DF0
:105C5000FFF7E2FC0028B6D1D8F80C307C68DB688E
:105C600013F0FF03ADD0B4FBF3F4AAE76C4688B0A1
:105C70006A46054B7EE700BF02F9000CDEFF000C10
:105C800068DF000C0300000118F9000C2DE9F84F43
:105C9000D0F804A0D0F8108000AF0846DAE9004B35
:105CA0000E46DAF80890CDB2FFF7F4FBA8B16C46C7
:105CB00088B06A46494B5361494B4FF4E2519361B6
:105CC0004FF400739383474B474842F8103F06F068
:105CD000D0FDA5466FF085000DE0B30E092B77D8F7
:105CE000DFE803F0050C112776484F5C766763699F
:105CF00023F002036361BD46BDE8F88FE36A23F039
:105D00000203E362F7E7403454F8253023F002033E
:105D100044F825300123D8F83020AB4022EA0302B2
:105D2000C8F83020D8F82C2022EA0302C8F82C202A
:105D3000E1E70623B5FBF3F203FB1253D9B20329C3
:105D40004FEA820294BF4C3450341444012203F0D1
:105D50000303DB002168073302FA03F321EA03039C
:105D60002360B8F838300635AA4023EA0203A8F8C1
:105D70003830C0E7DBF81C3023F00203CBF81C30CE
:105D8000B9E725B96C4688B06A46184B93E709EB2A
:105D900085052B6A23F480732B62ACE7C6F30526D6
:105DA00009EB8609D9F8803023F04003C9F8803028
:105DB000A1E70121DAF80C30C6F3055203EB8203A8
:105DC000DA6BC6F38536B14022EA0102DA6392E764
:105DD0000121074A044804F024F87BE702F9000C8B
:105DE000B8FF000C0300000168DF000C37F9000C5D
:105DF0001CF9000C2DE9F0474FF0010843680669D3
:105E0000D3F8009000AF09F1400252F821300C465F
:105E100043F0020342F8213001F1180308FA03F8B5
:105E200001F03EFA0546DFF858A0D9F8103038EAFC
:105E300003031CD001F034FA431B5345F5D96D46DA
:105E40008AB06A460F4B10480593104B4FF411511E
:105E5000CDE906344FF40073ADF820300C4B42F816
:105E6000103F06F006FD6FF07300AD4605E001221D
:105E70000020F36AA2401343F362BD46BDE8F087F9
:105E8000FF0D270763F9000C68DF000CC600010C4A
:105E9000040000012DE9F04F83B00546D0F804B0AE
:105EA00000AF08460C46FFF7F5FA0646C8B16C4647
:105EB00088B06A46794B5361794B4FF4E251936154
:105EC0004FF400739383774B774842F8103F06F006
:105ED000D0FC6FF08506A54630460C37BD46BDE8C0
:105EE000F08F2146284606F0C7FC022800F0D38038
:105EF0006A68A00E11689368092800F28180DFE8C3
:105F000000F0053439527F575D677F724B6943F06B
:105F100002034B61230E032B03F0FC0A40F28A803C
:105F2000BAF1140F05D8614B23FA0AF3DA0700F12E
:105F30008180DBF814804FF00009BAF1140F7CD196
:105F4000DBF80430DB68DB07C6D4594B1B78002B29
:105F50007AD101F0A5F902467A6001F0A1F97A68D8
:105F60005449831A8B42F7D979E0CB6A43F0020394
:105F7000CB62CFE70F20E1B24B1C2A6903EB43034E
:105F80005B0000FA03F3108F034205D02846FFF7A9
:105F900031FF0028BED048E0012303FA01F1136B62
:105FA0000B431363B6E72846E1B206F047FDF0E77E
:105FB0005268D36943F00203D361ABE714F0FF02E8
:105FC000A8D003EB82031A6A42F480721A62A1E736
:105FD000C4F3052203EB8203D3F8802042F0400291
:105FE000C3F8802096E7D268C4F3055302EB83021E
:105FF0000123D16BC4F3853083400B43D36389E71E
:106000006C468AB06A462C4B4FF4115105932B4BCA
:10601000CDE906304FF40073ADF82030284B22480C
:1060200042F8103F06F025FCA5466C4688B06A464B
:10603000244B40E74FF4FA687DE72146284606F0F6
:106040001BFC022881D147E7FCF7C8F91E4B1B58FF
:10605000002B3FF47EAF0A20002107F0FFF909F181
:106060000109C145FFF469AF6C4688B06A46174B19
:106070004FF4E25105930A4B0B4806934FF400731B
:10608000ADF81C30074B6FF0730642F8103F06F076
:10609000F0FBA54620E76FF077061DE702F9000C3C
:1060A000AAFF000C0300000168DF000C10111000B3
:1060B000811A0020BFD401007EF9000CA1FF000C62
:1060C00004000001A6F9000C08000000C4F9000C4F
:1060D0002DE9F04143682F4A1D6804696B69487ACD
:1060E0001A400B7C00021B0600F4706003F0407342
:1060F0000343087A00AFC001C0B20343887840016F
:1061000000F020000343887A000100F010000343F0
:10611000C878C00000F0080003434878800000F011
:10612000040003430878400000F0020003431343D7
:106130006B614B6823600B7803B301F0B1F806463E
:10614000DFF854802B69DB071BD401F0A9F8831B0F
:106150004345F7D96C4688B06A46104B4FF4E2517C
:1061600005930F4B0F4806934FF40073ADF81C30A6
:106170000D4B42F8103F06F07CFBA546BD46BDE83E
:10618000F081636B43F480536363238F43F0010317
:106190002387F3E741F0FFFCFF0D2707D9F9000C37
:1061A000B600010C68DF000C030000012DE9F04788
:1061B00006690C46338F00AF9D0614D56C4688B037
:1061C0006A46864B4FF4E6510593854B06934FF490
:1061D0000073ADF81C30834B42F8103F824806F044
:1061E00048FBA546CDE096F83A30052B00F0AB8091
:1061F00043681D689A68EB6A23F00203EB628B78B0
:10620000012B67D10978736BCB40D80713D46C4648
:106210008AB06A46754B0593714BCDE9063103236D
:1062200008934FF40073ADF82430714B4FF43351A1
:1062300042F8103FD2E7D2F88030DFF8B8A161F31E
:10624000030343F04003C2F8803001F029F8804690
:10625000DFF8A491DAF880305A0600F1958001F059
:106260001FF8A0EB08034B45F4D96C4688B06A468A
:10627000624BA7E02B6B627903F0490343EAC21338
:10628000A279DBB2520102F020021343E279DFF877
:106290006891120102F010021343227A920002F078
:1062A00004021343627A520002F00202134343F0E5
:1062B00001032B6300F0F4FF8046AB6F53B100F095
:1062C000EFFFA0EB08034B45F7D96C4688B06A4650
:1062D0004B4B77E0EB6AE27803F07F0343EAC213AB
:1062E000DBB2EB626278EB6A520002F0020203F06A
:1062F000FD031343EB6200F0D3FF8046DFF8F89014
:10630000AB6F53B100F0CCFFA0EB08034B45F7D9BE
:106310006C4688B06A463B4B54E06378002B30D023
:1063200000F0BEFF8046DFF8E0902B69DB051ED44D
:1063300000F0B6FFA0EB08034B45F6D96C4688B0D9
:106340006A46324B3EE06D4688B06A46304B4FF4A9
:10635000E6510593224B244806934FF40073ADF8A1
:106360001C30204B42F8103F06F083FAAD466378AC
:106370003BB1736B43F400537363338F43F02003DB
:106380003387BD46BDE8F087A37AEA6BA1891B0479
:1063900003F4FE036FF316020B431343EB6300F0A9
:1063A0007FFF8046DFF85090AB6F002B3FF462AF69
:1063B00000F076FFA0EB08004845F5D96C4688B0A0
:1063C0006A46144B5361064B4FF4E25193614FF40C
:1063D00000739383034B42F8103FFFE6F2F9000C81
:1063E000A300010C0300000168DF000C23FA000C7D
:1063F0000500000100000144BFD40100C8FA000CF0
:1064000002F8000C6AF8000CFF0D2707ACFA000C2C
:1064100072FA000C37F8000C2DE9F04F83B0D0F879
:1064200010900D78D9F8306000AFEE4016F00103FF
:106430000C467B6040F0A18091F807B0D9F8343069
:1064400023FA0BF3DE0717D46C468AB06A46604B1A
:106450004FF4335105935F4BCDE906350323089381
:106460004FF40073ADF824305B4B42F8103F5B48AB
:1064700006F0FFF9A54680E04368BBF10B0FD3F8A7
:106480000080D3F810A01EDC9E6806EB8506D6F8C7
:1064900084204BEA020242F04002C6F8842000F059
:1064A000FFFE0246D6F884003A6041060BD400F0A5
:1064B000F7FE3A684A49801A8842F3D96C4688B098
:1064C0006A46484B77E008F1440252F8253061896A
:1064D000BBF10B0F61F3090342F825304346217BE2
:1064E00053F8482FC8BFABF10B0B61F30502C8BFCF
:1064F0004FEA0B2B43F82520C8BF0BF4E063A079CB
:10650000C8BF7B60637908F1400252F82510C002D1
:10651000DB0100F46050DBB27E6821F47E5103435E
:106520000B431E4342F82560E2892F4BD8F86C10CC
:1065300003EA0243228A6FF3DE11D20192B21343BF
:106540000B43C8F86C3000F0ABFE0646DFF890B0A5
:10655000D8F878305A0614D500F0A2FE831B5B45AC
:10656000F6D96C4688B06A46204B24E00122D9F85F
:106570003030AA401343C9F830300C37BD46BDE86F
:10658000F08F2379002BF8D0DAF81C30184E43F442
:106590008033CAF81C3000F083FE0446DAF80C3071
:1065A000DB05E3D400F07CFE031BB342F6D96C4656
:1065B00088B06A460F4B5361064B4FF4E25193612A
:1065C0004FF4007393830C4B42F8103F4FE700BF2A
:1065D000F8FA000C9400010C0500000168DF000CC3
:1065E000BFD40100D5F8000C0000FF7F6DFB000C4C
:1065F000FF0D27073CFB000C030000012DE9F843C9
:1066000006248C4609780569B1FBF4F62B8F01F15D
:10661000060823FA08F3DB0704FB161400AF17D5AE
:106620006D468AB06A46214B5361214B1462C2E920
:1066300006364FF4007393841E4B4FF433511E48BB
:1066400042F8103F06F015F9AD46BD46BDE8F883A7
:106650004FF03F094368032C1A684FEA8603D4BF02
:106660004C325032134404F0030E1A684FEACE0E37
:1066700009FA0EF922EA09099CF8052002FA0EF23D
:1066800042EA09021A609CF8043023B96D468AB0C8
:106690006A460A4BC8E706F0D1F90028F6D1012373
:1066A0002A8F03FA08F313432B87CEE797FB000CDE
:1066B0008100010C0500000168DF000CCCFB000C20
:1066C0002DE9F041056900AF2B8FDA0616D56C462F
:1066D00088B06A46344B4FF4E6510593334B06932A
:1066E0004FF40073ADF81C30314B42F8103F314885
:1066F00006F0BFF8A546BD46BDE8F08143680A7CB8
:106700005C68CB7B52009B0002F0020203F00403A2
:1067100013438A7B606902F0010220F007001343F3
:1067200003436361E36924480A7B18404B7A1202F1
:106730009B0402F4706203F4701313430A7AD201CB
:10674000D2B213434A78920002F0040213430A784B
:10675000520002F0020213430343E3610B78002B63
:10676000C9D000F09DFD0646DFF85080E368DB07E6
:1067700015D400F095FD831B4345F7D96C4688B0CE
:106780006A460F4B4FF4E2510593084B06934FF4C2
:106790000073ADF81C30064B42F8103FA7E72B8F73
:1067A00043F010032B87A6E703FC000C6E00010CDE
:1067B0000300000168DF000C79F0C3FFFF0D27071D
:1067C00032FC000C2DE9F04706690D78736B0C461E
:1067D000EB40DA0700AF17D56C468AB06A46514BDA
:1067E0004FF413510593504BCDE906354FF4007328
:1067F000ADF820304D4B42F8103F4D4806F039F8C7
:10680000A546BD46BDE8F08791F807C0338F23FA4F
:106810000CF3DB0713D46C468AB06A46454B4FF441
:1068200033510593404BCDE90635032308934FF4CC
:106830000073ADF82430404B42F8103FDDE7D0F84C
:106840000480012DD8F80820638A02EB8502116AC2
:1068500021F4745121F00F014FEA01414FEA114137
:1068600001D0FF2B01D841EA03416379003B18BFF7
:10687000012341EA4331237C0BB141F48051637D14
:10688000207ADB02800200F4806003F4006303439B
:10689000207D0CF00F0C400243EA0C0300F4007062
:1068A00003432079DFF894A0000200F480700343D2
:1068B0000B43136200F0F4FC8146D8F808305B68A3
:1068C000BBB100F0EDFCA0EB09035345F5D96C46D4
:1068D0008AB06A461A4B4FF411510593124BCDE919
:1068E00006354FF40073ADF82030104B42F8103FDE
:1068F00083E7AB1E092B0FD8E26806EB83035A60CF
:106900000122736BAA401343012D736302BF338FBF
:1069100043F00203338774E7002DF1D1E37986F861
:106920003A30EDE751FC000C5B00010C0400000163
:1069300068DF000C83FC000C05000001BFD40100DF
:106940009FF8000C2DE9F04F924B87B0DFF848928A
:1069500000AF0125C7E900934FF4606A3023394640
:1069600046680446C7E902A3D0F810803D6140F2B2
:10697000011BFFF7ADFB4FF40043C7E900B340F242
:106980000713864A3946C7E90223002320463B61A4
:10699000FFF796FEB368DFF808921D7000F080FCE8
:1069A0000546B368D3F804A0BAF1000F1ED000F07A
:1069B00077FC431B4B45F4D96C4688B06A46794B4B
:1069C00079480593794B4FF4E25106934FF40073E5
:1069D000ADF81C30764B42F8103F05F04AFF6FF0DF
:1069E0007300A5461C37BD46BDE8F08F052303267E
:1069F00088F83A3001254FF006084FF002091422BA
:106A00000021381D06F0DEFE6A4B394620463B6009
:106A100087F807807D823D71FFF7D4FE14220021A4
:106A2000381D06F0CFFE644B394620463B6087F8A0
:106A30000780A7F812903D71FFF7C4FE14220021D1
:106A4000381D06F0BFFE5D4B39463B6007232046EC
:106A5000FB717D823D71FFF7B5FE14220021381DC8
:106A600006F0B0FE564B39463B6008232046FB71CA
:106A70007D823D71FFF7A6FE14220021381D06F02D
:106A8000A1FE504B394620463B607D823D71FFF7A9
:106A900099FE4FF001334C4A3946C7E9002320469E
:106AA00003F17F43BB60BD81FFF780FB4749484B43
:106AB0004FF00308C7E900134FF09673394620469C
:106AC000C7E90238C7F810A0FFF7A6FC40F601237B
:106AD00040483946C7E900032046FFF78FFD41F6DD
:106AE0000113DFF8F4C039462046C7E900C3FFF7B9
:106AF00085FD40F601434FF4006BDFF8E0E03946D6
:106B00002046C7E900E3FFF779FD354B39462046BB
:106B1000C7E9003BFFF772FD324A39462046C7E914
:106B2000002BFFF76BFD304A39462046C7E9002BA2
:106B3000FFF764FD013E7FF45DAF636832465B683A
:106B400020462A491D612B4605F0ABFF2B464A46DD
:106B50002046274905F0A5FF2B46424620462549F9
:106B600005F09FFF2B4604222046234905F099FF9C
:106B70002A462046214905F0A9FF2A4620462049F9
:106B800005F0A4FF20462A461E4905F09FFF304627
:106B900028E700BF001BB700010000010000010151
:106BA000BFD40100D6FC000C68DF000C91FF000C84
:106BB0000300000100FFFF1B01FFFF1B02FFFF1B83
:106BC00003FFFF1B04FFFF1B0101000100C0FF0BBF
:106BD0000100010C00FFFF0F01FFFF0F02FFFF0F7D
:106BE00003FFFF0F04FFFF0F05FFFF0F30E7FF1F3D
:106BF00037EEFF1F35ECFF1F10D2FF1F3E7F3424FE
:106C00000E3F05240B7F042408B5074806F0AEF8B4
:106C100038B10648FBF73AFE0448FAF7FBF90020C2
:106C200008BD6FF01200FBE76CD9000C316C000C52
:106C30000A2838B50446074D04D1AB680D21284613
:106C40005B689847AB6803485B68E1B298472046A9
:106C500038BD00BF6CD9000C10291FB528BF10210A
:106C60000C460C4BD3F8E02112BA0092D3F8E42181
:106C700012BA0192D3F8E82112BA0292D3F8EC3199
:106C80000A461BBA6946039306F08FFD204604B0FE
:106C900010BD00BF0070000A2DE9F0430025012758
:106CA000DFF8E0E000F1020CEBB2994202D80020DC
:106CB000BDE8F08330F825403CF82560C4F3422855
:106CC00004F00F03B8F1010F5EF82330C4F304128F
:106CD0002AD15BB303EB52084FEA143998F83040DD
:106CE00012F0010F15BF04F00F0404F0F00444EAA1
:106CF000091449EA040488F8304003EB020898F8C4
:106D0000404044F0010488F8404016F0010F07FAB3
:106D100002F803EB02040BD116F0020F0ED194F827
:106D2000409009F0FB090DE0002BEED10135BBE7E7
:106D3000D3F8109048EA0909C3F8109094F84090ED
:106D400049F0040984F8409094F8409016F0080F38
:106D500014BF49F0020909F0FD0984F840901C684D
:106D600016F0100F14BF48EA040424EA08041C605B
:106D7000DC6E07FA02F236064CBF224324EA020216
:106D8000DA66D3E728E2000C0121024A024803F048
:106D900048B800BF3DFD000CC8DF000C70B50546CB
:106DA00000F07EFA0446094EEB69DB060CD000F0D9
:106DB00077FA031BB34203D9BDE87040FFF7E4BF85
:106DC000022005F0ADFFEFE770BD00BFBFD40100AA
:106DD000F7B50D4647680669BC682368204623F06E
:106DE00002032360FFF7DAFFEB79002B64D1F37124
:106DF0002979022960D8204605F074FF2B79337178
:106E00006B79012B52D1636823F040036360204605
:106E1000FFF7C4FF6B797371AB79042B4CD82B4A05
:106E20002046D35C626822F0070262606268134306
:106E30006360FFF7B3FFAB79B3710023F869019387
:106E40008368DB6813B1796A01AA9847019A2868B8
:106E5000002A34D05308010B0005C01841F100018D
:106E60000023F9F7CDF84FF6FF72431E61F10001E0
:106E7000934271F1000125D22368404280B223F48D
:106E800060432360A0812B68204633607B7B012B0D
:106E900002BF236843F080032360236843F00203AA
:106EA0002360FFF77BFF002003B0F0BD032B03D16D
:106EB000636843F04003A9E76FF08500F4E76FF0E3
:106EC0001500F1E76FF02100EEE700BFD300010CE1
:106ED0002DE9F74346680746D0F81080F069B4689A
:106EE000836896F80C901B68716A2BB96FF0570590
:106EF000284603B0BDE8F0839847054610B110F16D
:106F0000780FF5D1D6E9070183681B68002BEDD017
:106F10009847054610B110F1780FE9D1BF232375CA
:106F2000002388F807303379042B02D96FF08505E8
:106F3000DEE7544A2046D35C626822F007026260B2
:106F4000626813436360FFF729FF3379204688F8AE
:106F50000630717905F0C6FE737988F80430B3798C
:106F6000012B7ED1636823F0400363602046FFF766
:106F700015FFB37988F80530B16832690B681205DE
:106F800023F44C1302F440121A4373691B0403F4F4
:106F9000403313430B60236843F00053236023689E
:106FA00023F01C03B9F1000F62D023602368002195
:106FB00043F080432360B06A01AA05F09AFD051EE4
:106FC00096DB019B002219791868FFF765FE0546DC
:106FD00000288DD16368204643F400336360FFF7D7
:106FE000DDFE6368204643F480336360FFF7D6FE1E
:106FF000F069716A8368DB680BB101AA9847019A4E
:107000003068002A37D05308010B0005C01841F141
:1070100000010023F8F7F4FF4FF6FF72431E61F101
:107020000001934271F1000128D22268404283B2EC
:1070300022F460422260A38133683846C8F80030E9
:10704000B3699847737B2046012B02BF236843F046
:1070500080032360236843F002032360FFF79EFE52
:1070600046E7032B7FF462AF636843F040037CE79D
:1070700043F0040399E76FF0150539E76FF0210538
:1070800036E700BFD300010C4FF0E0230D4A9969A9
:10709000126818699B69002908BF1146002B08BFB8
:1070A000134610F4803F084801D1994205D2016887
:1070B000114401604FF0E021096900681044C01AD2
:1070C000704700BF44160020401600202022094BC4
:1070D000002083F8232042F6E062074B1A60074B3A
:1070E00042F6DF6218604FF0E0235A610722986190
:1070F0001A61704700ED00E04416002040160020A1
:10710000684620F007018D4619B5FFF7BDFF144909
:10711000144B0868D3E90042001942F10002C3E9A8
:10712000000200230B6042F6E0630F4AD2E90041FF
:10713000001BB0FBF3F043431B1941F10001C2E90E
:107140000031EFF31181202383F31288BFF36F8F97
:1071500001F0B0FBFBF7D4F8BDE819408546704755
:1071600040160020C80C0020C00C00202DE9F04182
:10717000374E89B1421C0AD14FF0E022136923F047
:10718000010313614FF07F433360BDE8F081356840
:10719000012806DC00240AE0431C3568F8D140F2DF
:1071A000755040F276539842A8BF1846441EEFF33C
:1071B0001187202383F31288BFF36F8FFFF764FFDB
:1071C0004FF0E0232349D3F818C0D1E900238018F9
:1071D0004FF0000243F10003C1E900031E4B1A60A7
:1071E0001E4B1A68831A2DD442F6E06E42F6DF6811
:1071F00014FB0E841C44B4FBFEF4131A0EFB043380
:10720000B3F5806F38BF4FF48063154A934228BFAF
:1072100013464FF0E0223360013B94695361002331
:10722000A4459361ACEB0400D1E900320DD20544D2
:10723000EB1842F10002C1E9003287F31188BFF375
:107240006F8FA2E74FF48063E3E7C318F1E700BF55
:1072500044160020C80C002040160020C00C00205E
:1072600060CCFF0038B5EFF31185202383F312883B
:10727000BFF36F8F084B1C68084B1B68E41AFFF7BD
:1072800003FF85F31188BFF36F8F42F6E06320445C
:10729000B0FBF3F038BD00BFC80C0020C00C0020CC
:1072A00038B5EFF31185202383F31288BFF36F8F76
:1072B000044B1C68FFF7E8FE85F31188BFF36F8F5E
:1072C000204438BDC80C002010B50446FAF780F8F9
:1072D00003480121034A02F0A4FD204605F051FDB8
:1072E000B0DF000C89FD000C2DE9F84304460D4683
:1072F00000AFEFF31188202383F31288BFF36F8F61
:1073000004282A4A98BF2A4BE9468AB09668117C1D
:1073100098BF53F820306A4688BF264BCDE9073125
:1073200040F201332448ADF82430244BCDE9050464
:1073300042F8103F00234FF431512148FAF716F973
:10734000CD4645B1EB69C3F3080323B101211D4AC2
:107350001B4802F066FD2EB1304605F09DFF08B1D6
:10736000037803B91848E9468AB06A46174B079074
:10737000CDE9053640F20133ADF82030144B42F828
:10738000103F00234FF411510D48FAF7EFF829464A
:10739000CD462046FFF798FF88F31188BFF36F8F23
:1073A0003046FAF7BDFFBD46BDE8F8834816002019
:1073B00074E2000C98FD000CAEFD000C050000010D
:1073C000B0DF000CD6FD000CA6FD000CF7FD000C94
:1073D0000400000138B50A4B53F82040013053F83F
:1073E0002050A54200D838BD606830B1037EDB076D
:1073F00001D405F0A3FC0834F3E723689847FAE7C3
:1074000088E2000C012270B5294B86B003201A7067
:10741000FFF7E0FF01F004FC0420FFF7DBFF254C41
:10742000254D2646AE4204F130040FD301F0C8F8D2
:10743000204CAC4226D301F0D7F8F9F72DF91F4ABA
:10744000938923F00103938106B070BD54F80C3C7E
:10745000059354F8103C049354F8143C039354F8E7
:10746000183C029354F81C3C019354F8203C0093C0
:1074700054E90A2354E90C0100F042FD54F8303C71
:107480005E65CEE7D4E90A23B3F1FF3F08BFB2F14E
:10749000FF3F05D052EA0301206803D100F07AFDD6
:1074A0003034C6E70649183001F074F9F8E700BF38
:1074B000811A002094DE000C94DE000C580D002090
:1074C000BFD3000C882370B5134E012203FB006666
:1074D000002386B0CDE904230F220193CDE90232C7
:1074E00014234FF4A0720D4D0D4903FB00550446C3
:1074F00002FB00110B4B3046009500F001FD337C80
:107500002C7423F004033374074B013403EBC423BE
:10751000EE606B6006B070BDD00C002048160020F5
:10752000882D002013CF000C882500207FB5002077
:10753000FFF750FF2C4B83F308880025E0232B4CEA
:1075400084F82230E57725766576A57684F8205094
:10755000E576636A43F4E0236362636A43F40023DD
:107560006362A563E3689BB243F0BF6343F40833EF
:10757000E360FAF7E3FDFAF7BDFE4FF0FF33A362D5
:10758000E362FBF7ADF8FAF72FFFF9F785FE18482D
:1075900000F0F4FC0120FFF71DFF0220154CFFF75F
:1075A00019FF01F005F8144B4FF480625C61134B36
:1075B0001349059301232046CDE90353CDE9015535
:1075C000104B009500F09CFC0646237C204623F0DF
:1075D0000403237405F0BBFE2846FFF773FF314612
:1075E0002046084AFAF76AFE882D002000ED00E0E8
:1075F000E00D0020580D00204816002059FE000C18
:10760000C82E00200574000C38B5064C064DAC425F
:1076100001D3002038BD2046D4E9011205F0FBFB60
:107620001434F4E73C0400205004002030B5054B2E
:1076300085B0DDE908450293CDE9004505F0A9FBD9
:1076400005B030BD7994000C38B5074C074DAC42FD
:1076500001D3002038BD204605F001FC08B91C34D8
:10766000F5E76FF01500F5E7200400203C0400204A
:1076700073B50C46EFF31181202585F31288BFF313
:107680006F8FC5685DB125602B68C3608369013366
:107690008361002081F31188BFF36F8F11E052EAFC
:1076A000030603D16FF00B002560F3E7CDE900235B
:1076B0000246083000F086FE18B9034B9B685B69F0
:1076C000236002B070BD00BF48160020F7B50D461C
:1076D00004469DF82010EFF31187202080F31288D4
:1076E000BFF36F8F266AE068864240D22668B442B4
:1076F0001AD0CEB1304605F017FC06F1180005F09F
:107700004EFF2946002554F8082F706906F04DF801
:107710003046C6F8805005F01AFE2046394605F07E
:1077200074FE284603B0F0BDA268A9B12946E069FD
:1077300006F03BF8E369A26813446269E36193428F
:1077400001D12369E3610020236A0133236287F3B7
:107750001188BFF36F8FE5E7A06923692946984236
:1077600008BF6069801AA06106F01FF8EBE752EAD3
:1077700003010BD0074904F1080089684D61CDE988
:1077800000233946224600F01DFECBE76FF02200B1
:10779000DDE700BF48160020F7B504460846EFF3C2
:1077A0001186202181F31288BFF36F8F216A00298F
:1077B0003BD0A268A16905F0F8FFA369A26825681B
:1077C00013446269A361934204BF2369A361236ADE
:1077D000AC4203F1FF33236236D02846002D34D06B
:1077E000002705F0A1FB05F1180005F0D8FE696936
:1077F000A268E06905F0D9FFE369A268284613444E
:107800006269E361934204BF2369E361236A013340
:107810002362C5F8807005F09AFD04F10800314636
:1078200005F0F3FD384603B0F0BD52EA030111D074
:107830000A4989684861CDE900233146224604F1AE
:10784000080000F0BFFDEEE7002086F31188BFF3CB
:107850006F8FE8E76FF02200F7E700BF48160020BF
:107860002DE9F341044617461E46EFF31188202305
:1078700083F31288BFF36F8F304BC2689B6872B17D
:107880008068984217D057EA060216D188F311880B
:10789000BFF36F8F6FF00F0002B0BDE8F08193F976
:1078A0000E1001322161C4E9023288F31188BFF35E
:1078B0006F8F0020F0E72169F3E793F90E1090F93C
:1078C0000E30994230DA9942A8BF194605F040FBC4
:1078D000054622464146CDE90076194800F072FD82
:1078E0000028E6D0EFF31186202383F31288BFF33C
:1078F0006F8FA068D0B1236821699C420AD04BB138
:1079000093F90E309942A8BF19466FF07F03994250
:10791000B8BF194605F01CFB40B13146084805F0D8
:1079200074FD6FF00A00B7E70025D2E7002DF4D10F
:1079300086F31188BFF36F8FF3E700BF481600206E
:10794000821A0020F8B583680546002B40D0234AF0
:10795000926893423FD1C368012B03D9013BC360B6
:107960000020F8BDEFF31187202383F31288BFF3C3
:107970006F8F0169806805F0EBFA2C68A54207D18A
:107980000023C5E9023387F31188BFF36F8FE7E760
:10799000002CF5D0D4E90032002613605A60237C15
:1079A000C4E9006623F002032374A66004F1180002
:1079B00005F0F5FDAC6094F90E3020462B61C4F85B
:1079C000806005F0C4FC3946054805F01EFDC7E798
:1079D0006FF01500C5E74FF0FF30C2E748160020F2
:1079E000821A002037B51146EFF31185202282F369
:1079F0001288BFF36F8F04689CB12368426823F03C
:107A000003039442036008BF43600121204605F050
:107A100023FB044685F31188BFF36F8F204603B024
:107A200030BD51EA0302F5D000F10802CDE90013A0
:107A30001046294600F0C6FC0028EFD1014B9B6898
:107A40005C69EBE74816002070B5EFF31186202340
:107A500083F31288BFF36F8F0468A0421BD0D4B1A8
:107A6000D4E90032002513605A60237CC4E9005534
:107A700023F002032374A56004F1180005F08FFDC4
:107A80002046C4F8805005F062FC3146BDE87040E5
:107A9000064805F0BABCD0E902329A4218BF013359
:107AA000836086F31188BFF36F8F70BD821A002048
:107AB00013B5EFF31181202484F31288BFF36F8F85
:107AC000846844B1013C846081F31188BFF36F8FF7
:107AD000002002B010BD52EA030406D181F31188E0
:107AE000BFF36F8F6FF00F00F3E7CDE9002302467D
:107AF000014800F067FCECE7821A002070B50546EB
:107B0000EFF31186202383F31288BFF36F8F0023D6
:107B10002C68A54219D0C4B1D4E9003213605A6070
:107B20000023227CC4E9003322F002022274A36005
:107B300004F1180005F033FD6FF00A032046C4F885
:107B4000803005F004FC0123E2E70022AA6023B99B
:107B500086F31188BFF36F8F70BD3146BDE870406A
:107B6000014805F052BC00BF821A00202DE9FF41F8
:107B700004462027534EEFF3118887F31288BFF392
:107B80006F8FD4F88C50F5B9022104F1A40005F0F0
:107B90009CFA002870D004F19C050022012128469F
:107BA00005F0BAFC0028F8D100234FF0FF32029311
:107BB0004FF0FF334146CDE90023434804F19402DE
:107BC00000F028FDD7E7D4F890202B689542C4F840
:107BD0008C3008BFC4F89030D4F8A43043F00203CE
:107BE000C4F8A430EB6823F0040343F00103EB6016
:107BF0006B6888F31188BFF36F8F28469847EFF3BF
:107C0000118887F31288BFF36F8FEB68D80623F0D3
:107C100001023ED4EA60EB689A0717D5306823F07A
:107C20000203EB6090B10021036878B1426895428D
:107C30003DD10368002934D172683360904200D18D
:107C40007360002340F8083BFFF7FEFED4F8A43031
:107C500023F00203C4F8A430DB0530D4D4F88C3010
:107C6000003B18BF012388F31188BFF36F8F002BEF
:107C700081D005F032FB7EE7D4F8A430D90693D545
:107C8000C4F8A40088F31188BFF36F8F04B0BDE877
:107C9000F08123F01103EB6005F11000FFF7D4FE33
:107CA000B9E70B607368984208BF7160C9E7014685
:107CB0001BB11A6818461346B7E71A46FAE70023BD
:107CC000D1E700BF68160020821A002070B5C36893
:107CD0000546C3F340069B070C460DD50122002143
:107CE00004F1080005F0E5F900232360054B656009
:107CF0005A681AB9C3E90044304670BD14605C602C
:107D0000FAE700BF68160020F8B5C36804469A0772
:107D10000E46C3F3400542D45F0742D40B680BB94B
:107D200083680B60E368D80742BFA368022533600D
:107D3000376858BF012557B31B4B9A68D7F888306E
:107D40009A421ED105F09FFA80F00100C0B2D7F828
:107D5000A430D907C3F380021CD5F2B1F8B10023D7
:107D60002360D7F8903073B9C7E92344384605F04B
:107D7000C6F9E36843F00403E3603368A360284670
:107D8000F8BD0020E3E71C60C7F89040EEE76FF015
:107D9000150506E06FF0120503E01B07DFD56FF055
:107DA0000F0500233360EAE748160020014601482A
:107DB00005F022BA880E0020F0B50446002089B0F4
:107DC0000E9DC4E9230004F19400C4E9250004F1E8
:107DD0009C00C4E9270055B32879002840F201101F
:107DE00008BF0120C4F8A40000204FF0FF364FF078
:107DF000FF37CDE90330CDE90100CDE90667204624
:107E00000C4B009400F0EAF855B1296811B12046F6
:107E100005F03FFA6B791BB1A38943F00103A381FD
:107E2000204600F0B7F8C4F8884009B0F0BD012042
:107E3000D8E700BF6D7B000C37B501900846EFF323
:107E40001184202181F31288BFF36F8FC16811F074
:107E50001E0F16D153EA020508D101A9FFF754FFFE
:107E600084F31188BFF36F8F03B030BD41F0080178
:107E7000C160019910308161034900F08BFC012041
:107E8000EEE70020ECE700BF73D1000C014601488B
:107E9000FFF7D2BF880E0020F7B50C4616461D46E8
:107EA0000190EFF31187202383F31288BFF36F8FC4
:107EB000084605F015F955EA060309D1204601A93F
:107EC000FFF722FF87F31188BFF36F8F03B0F0BD78
:107ED000E368324643F00803E360019B0449A36270
:107EE00004F110002B4600F055FC0120EAE700BF2A
:107EF00073D1000C01460148FFF7CEBF880E002069
:107F00002DE9F043984685B000F15803C0E91633D7
:107F1000109B002683810423073222F00705037497
:107F20000F9B01EB05090F4683734946C0E90666BE
:107F30008660C6730446F9F72FFE0E9B073020F0CB
:107F400007002067C4E91A7502930D9BA9EB00098D
:107F500001930C9B4A460093394643462046FAF764
:107F600091F9054B66659B6803B15B6F4846636793
:107F700005B0BDE8F08300BF48160020012303745C
:107F800083810023C0E91A334367014B986070472F
:107F90004816002038B50446EFF31185202383F3FB
:107FA0001288BFF36F8F037C5B070FD5183005F085
:107FB000F6FA237C204623F00403237405F0D6F957
:107FC0002946BDE83840044805F01FBA85F31188FA
:107FD000BFF36F8F38BD00BF821A0020F0B50025B7
:107FE00087B00595109DDDE9127604950F9D044636
:107FF00003950E9D02950D9D01950C9D0095FFF733
:108000007FFFB6F1FF3F08BFB7F1FF3F05D056EA4B
:10801000070305D12046FFF7BDFF204607B0F0BD9E
:108020003A46334604F11800014900F0B3FBF4E787
:10803000BFD3000C6FF00A01094A9368C3F880109F
:108040000849D8674B6843F080534B60002383F3A3
:108050001188BFF36F8F9368D3F88000704700BF1B
:108060004816002000ED00E038B590F910200146D8
:10807000002A037C04DA03F07F03037405F02FF970
:108080000D4D2A4652F8184FAB68944200D004B9FF
:10809000EC688B4207D01A7CD20604D1DA897F2A99
:1080A00001D9A2692AB1A34202D0204600F0F4FA15
:1080B00023466B6138BD00BF4816002070B590F9AB
:1080C0001020037C002A2FDBD9062DD11A4C63F037
:1080D0007F032246037452F8183FE169934207D1A7
:1080E000C0E900210860E0610FE09942F8D01B6808
:1080F000002BF5D093F90E6090F90E50AE42F4DDEE
:108100005968C0E9003108605860A569954200D0FF
:1081100005B9E568A3681A7CD20606D1DA897F2AF8
:1081200003D9AA690AB9636170BDAB4202D028467F
:1081300000F0B2FA6561F7E748160020034648B937
:10814000EFF3058232B9064A51699268914201D033
:10815000FFF770BF83F31188BFF36F8F704700BFC5
:108160004816002038B5184CA168E0690B688142B8
:1081700014BF1A46002249680B605960A368E16980
:108180002AB9124AC3E900210B60E3610AE092F9BF
:108190000E5093F90E00854212DD5168C3E90021AB
:1081A0000B605360A569094B9D4200D005B9E56895
:1081B000A3689D4202D0284600F06EFA656138BD82
:1081C0008A42DED01268DBE74816002060160020E5
:1081D000002A2DE9F0470CBF4FF010094FF00809B5
:1081E000027C044619EA020F0E460F4628D149EADE
:1081F0000203D20946D10374B9F1080F48D04FF0F9
:108200000008DFF8F0A0534653F8185F9D4200D0F5
:108210000DB9DAF80C50DAF80830AB4202D0284633
:1082200000F03AFAB9F1100FCAF8145008D02046FD
:1082300001F0DCFEB8F1000F02D02F48FFF79EFEE0
:108240002C4B9B68A3424FD1EFF30583002B4BD1FE
:10825000A289D20711D586F31188BFF36F8F83F3FC
:108260001188BFF36F8F0423184602DFEFF31187E5
:10827000202383F31288BFF36F8F3846BDE8F047A1
:10828000FFF7D8BE03F07F03037405F028F8B3E7C7
:10829000A36813B1204605F02AF804F1180005F090
:1082A0007EF9A56D04F15808A84511D04FF0000AD9
:1082B00075B1284605F01BF805F1180005F06FF9B7
:1082C0002846C5F880A0FFF7F9FEA56DA845EFD1B7
:1082D000084B9B689C4292D1EFF30588B8F10008E7
:1082E00018BF4FF001088CE786F31188BFF36F8F3A
:1082F000BDE8F08748160020E00D002070B50F4D56
:1083000006462B4653F8184F9C4200D004B9EC683F
:10831000AB681A7CD20604D1DA897F2A01D9A26916
:108320002AB1A34202D0204600F0B6F923466B6181
:108330003046BDE87040FFF701BF00BF481600207F
:1083400070B5EFF31186202383F31288BFF36F8F8C
:108350001A4CA168E0690B68814214BF1A460022DA
:1083600049680B605960A368E1692AB9144AC3E9F6
:1083700000210B60E3610AE092F90E5093F90E00C0
:10838000854216DD5168C3E900210B605360A56981
:108390000B4B9D4200D005B9E568A3689D4202D011
:1083A000284600F079F965613046BDE87040FFF776
:1083B00041BE8A42DAD01268D7E700BF48160020D3
:1083C00060160020F8B5124B0C46DDE90676114622
:1083D0009868104A1060EFF31182202282F312880D
:1083E000BFF36F8F9D68284604F08BFFB6F1FF3F07
:1083F00008BFB7F1FF3F06D03A463346064905F1BC
:10840000180000F0C7F92046BDE8F840FFF712BE9B
:108410004816002070160020BFD3000CF8B50446A3
:10842000EFF31187202383F31288BFF36F8F037C50
:1084300049B203F01F02002A0CBF0126002635D1E5
:1084400003F07F032A4D037404F049FF2A46037C9E
:10845000817363F07F03037452F8183FE869934215
:1084600007D1C4E900200460EC610DE09842F8D027
:108470001B68002BF5D093F90EC08C45F6DD5968CA
:10848000C4E900310C605C60AC69944200D004B96E
:10849000EC68AB689C4202D0204600F0FDF86C61AD
:1084A00087F31188BFF36F8F3046F8BD9B071CD54B
:1084B000856804F014FF81732B689D4209D16B68B5
:1084C000C4E900531C606C60EAE76A689A42F6D01F
:1084D0001B68002BF3D093F90E208A42F5DD5A6811
:1084E000C4E9003214605C60DAE78173D8E700BF4A
:1084F00048160020034648B9EFF3058232B9064A10
:1085000051699268914201D0FFF794BD83F31188BD
:10851000BFF36F8F704700BF48160020F8B550EAD0
:10852000010306460C4603D104F0D7FE0020F8BD37
:10853000EFF31187202383F31288BFF36F8F184D59
:10854000184BA868186004F013FFA8683246234649
:108550001549183000F01EF9AB6804461A7CDF6735
:1085600042F004021A746FF00A02C3F880200F4A26
:10857000536843F080535360002383F31188BFF3A3
:108580006F8FAA68D2E90A12B2F1004F08BF994270
:10859000CCD105F039F8201A20EAE070C7E700BF17
:1085A0004816002070160020BFD3000C00ED00E03C
:1085B000024B03F11802C3E9062270474816002057
:1085C000EFF31181202383F31288BFF36F8F054BE4
:1085D0009A68D37B013BD37381F31188BFF36F8F0C
:1085E000704700BF48160020EFF31180202383F36B
:1085F0001288BFF36F8F034B9A68D37B0133D37319
:10860000FFF77CBE48160020014B9868704700BFFA
:1086100048160020D3B5DDE90667089CCDE9006760
:10862000FFF7D0FE1CB1034B9B685B69236002B06F
:10863000D0BD00BF48160020027C034612F01F0286
:1086400010D10A4988420DD00949086868B1D98912
:108650007F2909D893F90E20064B1B689A42B8BFB0
:10866000002070470020704710467047D00C002053
:108670003C030020741600200122044BC01A044B56
:10868000C0105843034B1A54704700BF680E0020B7
:10869000ABAAAAAA821A002070B50C4B0C4D1E7C06
:1086A000FFF7CAFF182303FB06550446284604F0CB
:1086B00076FF0022074B9A553CB1621E2846BDE862
:1086C00070400549D31700F065B870BD481600200A
:1086D000680E0020821A00207986000C38B5EFF36E
:1086E0001185202383F31288BFF36F8F0F4B104A3D
:1086F0009C681068A04206D1FFF7CEFF85F3118871
:10870000BFF36F8F38BD00211B7C1160094AD35C19
:10871000002BF3D02046FFF78FFF0028EED0237CFC
:10872000DB0601D1FFF71EFD2046E5E748160020D5
:1087300070160020821A0020024B1868984208BF69
:108740000020704740030020034B1B680BB9FEF765
:1087500089BD0020704700BF7816002030B570B189
:108760000B4B5B6898420AD0036843B1D3E90421FC
:10877000D0E90445121941EB0501C3E90421D0E910
:10878000003213605A600023C0E9003330BD00BFDF
:1087900040030020B3F1FF3F08BFB2F1FF3F2DE9D6
:1087A000F84F0446994615461F467AD08160EFF38C
:1087B0001188202383F31288BFF36F8FB9F1000F64
:1087C000DFF8E4A020DBFFF7BFFFDAE9002701357F
:1087D00049F100092D1849EBE07306464FF00109F5
:1087E000C4E90453AD1843EB0707FFF7A5FF0346A1
:1087F000DFF8B8E0DEF804A0EBB9C4E900EACAF893
:108800000040CEF8044028E06FF00103DAE90012DE
:108810005B1A4FF0FF3161EB02025B1B62EB090256
:10882000012B72F10001BCBF012300224FF00009AF
:10883000C0E90432D9E7D3E9041CD4E904208A4210
:1088400070EB0C0B24DA891A5A686CEB0000C3E950
:108850000410C4E9003214605C60FFF76DFF8442CD
:108860000ED1134B1B685BB9B9F1000F02D1FFF7B2
:108870006BFF0646304604F07BFE0021FEF776FCD7
:1088800088F31188BFF36F8F28463946BDE8F88F0B
:10889000521A60EB0C005345C4E90420ADD01B68AC
:1088A000AAE700252F46EFE7800E002040030020B6
:1088B000781600202DE9F047DFF8A8900246C9F8A5
:1088C00000000D46FFF738FF00260027DFF89880EC
:1088D0004FEAE27ED8E9001350B1D0E9044CA2423D
:1088E0007EEB0C0A1ADAA41A6CEB0E06C0E90446F9
:1088F0000024521843EB0E032046C8E90023C9F8B0
:10890000004004F035FE2146FEF730FC85F3118867
:10891000BFF36F8FBDE8F047FFF7E0BE611843EB90
:10892000E473C0E90467C8E90013FFF717FF0122E9
:108930004FF00043C0E9042385F31188BFF36F8F24
:1089400083689847EFF31185202383F31288BFF3E0
:108950006F8FD9F80020121BC9F80020FFF7ECFE3A
:10896000B6E700BF78160020800E002010B5EFF3A8
:108970001184202383F31288BFF36F8FFFF7E4FE87
:108980000346054AD2E90001181841EBE37184F36C
:108990001188BFF36F8F10BD800E0020F8B504461C
:1089A000EFF31187202383F31288BFF36F8FD0E991
:1089B0000423B3F1004F08BF012A04D087F31188C4
:1089C000BFF36F8FF8BDD0E90A566A1C46F1000369
:1089D000022A73F1000334D3013D46F1FF36002E25
:1089E000BCBF00252E4604F013FE013041F100010A
:1089F000401946EB0101012871F1000148DB04F048
:108A000007FE6FF00203013041F10001401946EB0F
:108A1000010183426FF000438B413EDB04F0F8FD1F
:108A2000013041F100016FF00102401946EB0103F2
:108A30004FF0FF31121A61EB030320461949FFF78B
:108A4000A9FE236B01332363236A63B187F3118883
:108A5000BFF36F8F20469847EFF31187202383F3EE
:108A60001288BFF36F8F54F8185FA542A6D0002D6F
:108A7000A4D0284604F07EFC0023C5F8803087F39C
:108A80001188BFF36F8F2846BDE8F84004F05FBC43
:108A90006FF001024FF0FF33CFE700224FF00043A9
:108AA000CBE700BF9D89000C2DE9F04105461C462F
:108AB00090461F46EFF31186202383F31288BFF3FD
:108AC0006F8FB4F1FF3F08BFB2F1FF3F05D186F3CE
:108AD0001188BFF36F8FBDE8F081002C09DB012AFC
:108AE00074F10003BCBF0122002412F1FF3844F1ED
:108AF000FF37284604F053FDDDE906010023C5E9F0
:108B00000A012B6342463B4628460249FFF742FED4
:108B1000DDE700BF9D89000C70B50546EFF31184B9
:108B2000202686F31288BFF36F8F04F038FD20B142
:108B300084F31188BFF36F8F70BD6B6A63B184F3E8
:108B40001188BFF36F8F28466B6A9847EFF3118443
:108B500086F31288BFF36F8F05F1180004F03FFC15
:108B60000028E5D004F0F3FB2146BDE87040014841
:108B700004F04BBC831A002073B50446EFF3118652
:108B8000202383F31288BFF36F8F8368594003EA71
:108B900002050A4053400022009309496B460192A6
:108BA00004F086FCDDE9003223EA020304F10C0044
:108BB0003146A36004F029FC284602B070BD00BF16
:108BC0003FD7000CF8B507460C46164604F05BFB91
:108BD00008B10020F8BD0D4B9B685D6F002DF8D0EB
:108BE000221DF6D2EFF31184202383F31288BFF302
:108BF0006F8F284647F00401B04784F31188BFF314
:108C00006F8F0028E5D040F8045BE3E748160020AA
:108C10000146024A0020FFF7D5BF00BF7394000C45
:108C2000014800F04DBD00BF61FE000C07B5074BC9
:108C30004FF48062009306494FF0FF330548FFF779
:108C4000BBF8002003B05DF804FB00BFA0E2000CFD
:108C5000C8320020880E00200CB430B58BB004461A
:108C60000D462022002102A804F0ACFD0223002DB5
:108C700006948DF80A300C4B039312DB01D06B1E67
:108C80001C440FAA0E9902A80794019200F00EF856
:108C900015B1069B00221A700BB0BDE8304002B03F
:108CA00070470024EDE700BF99D8000C2DE9F04F84
:108CB00043688BB080469246009383789C0740F1CE
:108CC000F98000250878002800F0F68025280AD0D1
:108CD0004B1C019301354146009B98470028C0F288
:108CE000E3800199EEE74E788B1C252E0193F1D09D
:108CF00000270A22B9463C461F2C22D8A6F12003A1
:108D0000102B20D8DFE803F0141F1F1A1F1F1F0BA2
:108D10001F1F1F121F171F1F090044F00104019B92
:108D200013F8016B0193002EE6D13AE044F00204FF
:108D300044F00404F3E744F00804F0E744F01004BE
:108D4000EDE77F2C24D8A6F13003092B08D8600664
:108D50004EBF02FB073744F0200402FB0939DEE76F
:108D60002A2E0DD161065AF8043B53D4002BA7BF1D
:108D700044F020049946C3F1000944F02804CEE7EA
:108D80002E2E05D1630600F1978044F04004C6E71B
:108D90006C2E2ED028D8682E32D06A2E37D04C2E8A
:108DA00035D0002F46F02003B8BF24F04004A3F1D3
:108DB0006502BCBF0027A4B2022A01D9612B2BD1C6
:108DC0000AF1070A07279D4E2AF0070A0AF1080A46
:108DD000210760D506EB070B34465C455DD1AE1B21
:108DE000A9EB0709A21959E1742E98D07A2E96D0D2
:108DF000D7E7260648BF44F4007444F080048EE7A9
:108E0000E00548BF44F4007444F4807487E744F4F8
:108E1000207484E71F4682E7A6F16302122A00F25B
:108E2000D880DFE812F013004D00D600D600D6003F
:108E3000D6004D00D600D600D600D600D600E800F9
:108E4000D100D600D6001A00D600A0005AF8043B84
:108E5000012704AE8DF81030BAE75AF8046B784B4E
:108E6000002E08BF1E4614F0400F304614BF39468E
:108E70004FF0FF3104F0AEFC0746A9E74146202041
:108E8000009B984700280FDB013CA742F6D34D44D6
:108E9000A1462D1B9EE74C46F7E7414614F8010B0F
:108EA000009B9847002898DA98F8023043F00403B2
:108EB00088F802304FF0FF3528460BB0BDE8F08F40
:108EC000220630D5A3052AD50AF1070A2AF007039E
:108ED0009A4659685AF8080B24F0100B00291FFA1B
:108EE0008BFB2FDA40424BF4806B61EB410104AC09
:108EF0000A23224604F07AFC1BF0400FA0EB040288
:108F000000F08E802BF001049742A4B240F38F80D2
:108F1000002E40F08E802BF01104A4B21DE05AF810
:108F2000040BC117D8E7E0055AF8041B01D4084622
:108F3000F7E7A20547BF48B241F3C01108B241F3B9
:108F4000C031C9E750EA0103D1D16306CFD5002F64
:108F5000CDD124F011043A46A4B23B4640F206417A
:108F60000C4262D124E024F010040A23A4B214F0CD
:108F7000800243D014F4007117BF0AF1070A5AF8AF
:108F8000040B2AF0070292461CBF51685AF8080BDE
:108F900050EA01023ED124F0160B62061FFA8BFB49
:108FA0003CD5002F3AD124F017043A463B46A4B2F0
:108FB00021075AD4E10705D5994572DDA9EB0303D2
:108FC0009F184B469B464AE044F010041023782635
:108FD000CDE7782B04D1C6F1780343F01003C6E740
:108FE00041462520009B98470028FFF65DAF0235DB
:108FF0004146304670E608230026B8E714F4807135
:109000005AF8040BC4D014F400711ABFC0B2114650
:1090100080B2BDE724F006041FFA84FB04AC68E7C5
:1090200013465C46E10699D52EB90133C0E71346D5
:10903000F8E73B46F6E70233BAE700BF9FFE000CB5
:1090400098FE000CCDE9023241462020009B984753
:109050000028FFF629AF0BF1010BDDE90232D945FB
:10906000F0DCEB1A03EB0B055B46E10627D5414626
:109070003020CDE90232009B98470028FFF614AF5C
:10908000DDE902327EB901352F44791B8A4229DBA2
:10909000144604AE94BB2A44A9EB03091546914437
:1090A00040E017468EE7023541463046CDE90232B0
:1090B000009B98470028DDE90232E5DAF4E640F249
:1090C00006410C42E0D014F0020F05F101054146C3
:1090D00014BF2B20202014F4806FCDE9023218BF7A
:1090E0002D20E5E7CDE902324146009B30200135D5
:1090F00098470028DDE90232C7DAD5E6013C41464F
:10910000CDE90232305D009B98470028DDE902324C
:10911000C0DAC9E641462020009B01359847002867
:10912000FFF6C2AEA9EB0503002BF3DCD9E500BFC7
:10913000704783689B6A03B11847704700F071BE9F
:10914000836800EBC101B3F5004F2CBF51F822003A
:1091500031F81200704700EBC1018068B0F5004F94
:109160002CBF41F8223021F812307047012208B597
:10917000FFF7E6FFD04008BD836800EBC101B3F5FF
:10918000004F08D34B681AB143F001034B6070479E
:1091900023F00103FAE74B881AB143F001034B8037
:1091A000704723F00103FAE753000122FFF7D3BF12
:1091B00008B58368B3F5004F06D3FFF7D7FF012842
:1091C0008CBF0020012008BD0020FCE78368B3F5B8
:1091D000004F34BF04230823C91A081AC008704777
:1091E0008368B3F5004F28BF0139B1FA81F0C0F1AF
:1091F0001F0070472DE9F041174603220E46044632
:10920000FFF79EFF8642054607F104080AD10122B6
:10921000E368BA4023EA0203E360002344F82830FD
:10922000BDE8F081314602222046FFF789FF06465D
:109230002B4601460322204644F82850FFF78BFFB7
:10924000334629462046BDE8F0410222FFF783BF9E
:1092500038B504460D46FFF7ABFF70B929462046E6
:10926000FFF784FF01462046FFF7BAFF2946024672
:109270002046BDE83840FFF7BDBF38BD2DE9F047B7
:1092800005468946FFF7ACFF05EB800ADAF8107057
:10929000064677B94FF0FF34EB680136B4401C4006
:1092A00015D094FAA4F2B2FA82F2131D55F82340B5
:1092B00009E03C464FF0030821462846FFF756FFD9
:1092C000814507D8324621462846FFF793FF2046BE
:1092D000BDE8F087214603222846FFF731FFB8F1A9
:1092E00001080446CAF81000D4D08742E4D1D1E77F
:1092F0002DE9F04114460E460546FFF737FFA4EB73
:109300000608371B0744424631462846FFF74CFF04
:109310003A4621462846FFF747FF434600222146AA
:109320002846FFF718FF21462846FFF71FFF3B4658
:10933000211800222846BDE8F041FFF70CBF2DE9B7
:10934000F041164604460F46FFF710FF314605462A
:109350002046FFF70BFF05442A4639462046FFF713
:1093600023FF31462046FFF701FF2B46311800222C
:109370002046BDE8F041FFF7EEBE2DE9F04104467E
:109380000D46FFF715FFB8BB29462046FFF7EEFE56
:1093900001462046FFF724FF04EB80010E6996B9D1
:1093A0000122E36882401343E36002220D612B46F1
:1093B00029462046FFF7CFFE032229462046BDE876
:1093C000F041FFF7C8BE022231462046FFF7B8FE43
:1093D0000746034629462046FFF7BDFE03223346D3
:1093E00029462046FFF7B7FE39462B462046FFF7B1
:1093F000B2FE02223146E1E7BDE8F08170B50568B2
:1094000009B9002070BDAB6801F00704B3F5004F47
:1094100034BF0422082207341444E40804EBD104C6
:109420009C4228BF1C4628462146FFF727FF0646D8
:109430000028E6D001462846FFF798FEA04209D949
:109440003444314628462246FFF752FF214628463B
:10945000FFF793FF284601223146FFF78DFEAB68E8
:10946000B3F5004F34BF0423082303EBC6031844AD
:10947000C8E71146FFF7C2BF2DE9F8434B42066823
:1094800003EA010731EA03031446B2680ED0B2F5CD
:10949000004F2CBF08230423BB4228BF3B46B946DC
:1094A000CF1B94B900252846BDE8F883B2F5004FDC
:1094B00034BF04230823994204D82146BDE8F84369
:1094C000FFF79CBF4FF00009EBE7B2F5004F34BF48
:1094D00004250825FB1AE10804F0070001EBD3017D
:1094E000073003F0070303442B4401EBD3019142FF
:1094F00028BF11463046FFF7C1FE80460028D1D074
:10950000B36809EBC005B3F5004F34BF042308234B
:109510001D4435447B1E1D44B5FBF7F57D43A5EB8B
:10952000090529463046FFF751FE2C44073424F044
:109530000704A41B804507464FEAE40408D202460C
:1095400041463046FFF7D4FE41463046FFF715FF4F
:1095500039463046FFF70AFE3844844208D239467D
:1095600030462246FFF7C4FE21463046FFF705FF8E
:10957000012239463046FFF7FFFD94E7B2F5802F10
:1095800034BF042308232DE9F0410026D21A8C1899
:10959000CD1D25F0070524F00704641BE4080560D1
:1095A00021462846AC60EE60FFF71AFE820002F109
:1095B0001B07FF083146043205F1100004F002F9E0
:1095C0003A4631462846FFF7EFFD334632463146EC
:1095D0002846FFF7C0FDA4EB0708284631460122C4
:1095E000FFF7CAFD42463946FFF7DEFD3B463246ED
:1095F00039462846FFF7AFFD21462846FFF7D4FD40
:109600004346324621462846FFF7A5FD2146284617
:109610000122FFF7B1FD3946BDE8F041FFF7ADBECD
:109620002DE9F04706460D46174698462BB34FF0F6
:10963000000A98F8004093F80190DB78A40004EB4E
:10964000430498F802301C444444CA4509D33946BF
:109650003046AC46D8F8042008F10803BDE8F047CE
:10966000604714F8013B0AF1010A204648F82340FC
:10967000F6F7EAFC01300444E7E76FF01500BDE8B7
:10968000F08730B502460024002012F8013B43B1B8
:1096900078B18C4207D1702B04D0A3F140053A2D4C
:1096A00007D8002030BDA3F140053A2D01D8013480
:1096B000EAE7252B08BF80F00100E6E700207047AD
:1096C0000FB407B504A951F8040B019100F026FB73
:1096D00003B05DF804EB04B0704710B503690246AF
:1096E00013F0080009D11368D4689C429BBF012085
:1096F000126AE31AD31A0B6010BD00231846FAE76A
:1097000013B501A90446FFF7E8FF20B1019BE26809
:10971000013B13440193206A019BC01A013802B037
:1097200010BD10B5044650182269236AD20702D52D
:10973000013B184010BD984228BFC01AFAE710B587
:1097400004460A46C168FFF7ECFF2369E06023F096
:109750000803236110BD38B50D46C2698B0001684E
:1097600043F00203044642F8213001682A46FFF71D
:10977000D8FFE3686168984208BF2369206008BF8A
:1097800043F008032A46204608BF2361FFF7C9FFBC
:10979000606038BD2DE9F74F0F460021D0F80CB0BE
:1097A000C669009216F82B209A4602F00302022A9C
:1097B00014BF894656F82B2006EB8B030193009BC0
:1097C00008BFC2F39D0919600446CAF80010B9F138
:1097D000000F07D04946FFF7B2FFE368A3604FF0E0
:1097E000010804E001698A0705D44FF000084046EB
:1097F00003B0BDE8F08F816906EB8B00884716F84F
:109800002B10054611F00108EFD08B071DD51FB1B5
:1098100039462046FFF79FFF61682A462046FFF73A
:1098200080FFD4E902138B42606007D12A462046AC
:10983000FFF777FF4FF000080146A0602369216021
:1098400043F00803E1602361D1E701462046FFF7BA
:1098500076FFE168A1601FB12068E16941F82090BE
:10986000EA19CAF8002021682046FFF75AFF22694A
:10987000206042F00802226116F82B2022F001023B
:1098800006F82B20DDE900321A60A8E770B504461F
:109890001546FFF746FF2368834205D123692160FF
:1098A00023F00803236170BDE269AB0043F00203BB
:1098B00042F8213061682A462046FFF732FF606097
:1098C000F1E738B5036904465B0706D5456AFFF73B
:1098D00017FF85422CBF6562606238BD38B50D4602
:1098E00004461C22002103F06DFF0022EB68A361F7
:1098F000AB6863612B68E3616B68626223622A690B
:1099000023B1591E194208BF42F00102226101220F
:1099100004F128000021BDE8384003F0CABB2DE95E
:10992000F04F00259846036A87B08B4204460E46E6
:109930009346AA460395059538D3EFF31189202362
:1099400083F31288BFF36F8F059A2AB12946204608
:10995000FFF79CFF0023059304A92046FFF7BDFEF7
:1099600004990746B1422AD32268E369204613F8D6
:10997000221003EB820A21F0030103F82210216870
:109980003246FFF7CEFEE3682060984212D00027EF
:1099900089F31188BFF36F8F039929B162690AB106
:1099A0002046904700230393002FC6D1504607B0AE
:1099B000BDE8F08F236943F008032361E7E718B19E
:1099C0002046FFF7C8FEE3E75BEA08031CD00191DD
:1099D00003F059FC0199B8B9B9F1000F14D189F31A
:1099E0001188BFF36F8F5A46434604F12800FEF7F3
:1099F0005FF8EFF31189202383F31288BFF36F8F91
:109A0000B0FA80F77F09C3E7204605AB03AA2568B3
:109A1000FFF7C0FE0746BBE770B5044683690846FA
:109A20000D4698470246EFF31186202383F31288F0
:109A3000BFF36F8F2B78204643F001032B706168D2
:109A4000FFF76FFE60602046FFF73BFF86F311884B
:109A5000BFF36F8F70BD2DE9F84304460027202621
:109A6000EFF3118586F31288BFF36F8F2369A26825
:109A7000190702D46368934200D2236A9B1A002B11
:109A800042D0E06910F8221000EB820911F00303C4
:109A90003AD0022B04D150F822305FEA930805D166
:109AA000CB0720D44846A36998478046A168424620
:109AB0002046FFF736FE0127A06041462046FFF70B
:109AC0003EFE3B4685F31188BFF36F8F002BC7D155
:109AD00037B1B9F1000F03D104F12800FDF7B4FF4D
:109AE0004846BDE8F88341F0020100F82210A3695E
:109AF0004846D4F808809847414602462046FFF77A
:109B000010FE0023A060DDE79946DBE7F8B50446C8
:109B1000836908460D4698470646EFF311872023D0
:109B200083F31288BFF36F8F2B7823F001032B7020
:109B300023699B0705D5E268E36903EB82039D4235
:109B40001AD12B7823F002032B70D4E90231994209
:109B500004D132462046FFF7E4FDA060314620469E
:109B6000FFF7EDFD87F31188BFF36F8F04F1280035
:109B7000BDE8F840FDF768BF2B6860F39F032B60DA
:109B8000F0E7EFF31181202383F31288BFF36F8F87
:109B900002698368120702D442689A4200D2026ABC
:109BA000D31A81F31188BFF36F8F181E18BF0120DD
:109BB000704770B506460C888888241A3069A4B2AC
:109BC000844285B224BF641BA4B22D1BA8B2984264
:109BD00028BF18463368234413600B8803440B8066
:109BE00070BD70B4838985880669ED1AADB2731BA8
:109BF000934228BF134670BC0A46011DFFF7D9BF28
:109C000070B40E460146C58831F80A3FEC1AA3B27B
:109C1000934228BF1346324670BCFFF7CABF10B547
:109C20004B880C88E41AA4B294420ED31A4492B220
:109C30008B884A800A800069D21A92B2824201D28D
:109C4000002010BD03448B80FAE76FF01500F8E7A1
:109C50002DE9F34106460F4615464FF000082A4607
:109C6000304601A9FFF7BDFF044640B10246394620
:109C7000019803F09AFD2D1BA0442744EFD14246E2
:109C80003046311DFFF7CBFF404602B0BDE8F08102
:109C90002DE9F34107460E4615464FF000082A46C7
:109CA000384601A9FFF7ACFF044648B12EB1024681
:109CB0000199304603F079FD26442D1BA044EED1D6
:109CC0004246384607F10A01FFF7A9FF404602B0B5
:109CD000BDE8F081704703785B075FBF0368428887
:109CE000C3F34A2303EB12105DBF173020F00700C7
:109CF000800800207047002070470346D3E8EF0F2C
:109D0000421CC3E8E12F0029F8D1704708B503F0E1
:109D10007FFC0A220023F6F773F908BD1FB5002364
:109D2000CDE902011A4619461846CDE90033F7F786
:109D30009DFC05B05DF804FB0120F7F75BBA00203D
:109D400070474368DA7101224368196043685A71A9
:109D5000F7F742BA70B515460C4669B1D2E901363B
:109D60009B1B99420AD813680A460146981903F0CA
:109D70001CFDAB682344AB60204670BD6FF01B0038
:109D8000FBE770B50E4615461946044618B9BDE8FE
:109D90007040F7F72FBA33B1C2F34A231030120DD7
:109DA000184403F002FDC4E900562046BDE87040A7
:109DB000F7F7BCBB2DE9F3415F1C4FEA8708064665
:109DC00008F1170020F0070080080C461546F7F749
:109DD0008BFA00238DF80470ADF805308DF807304C
:109DE00068B10346019AA8F1040143F8102F2A46EE
:109DF000294452F8045B8A4243F8045FF9D10023F6
:109E00003146A20102F4E07242EA482222F07F4287
:109E100022F4700222F03F0202B0BDE8F041FFF7E9
:109E2000B0BF07B50123019201AAFFF7C3FF03B03A
:109E30005DF804FB07B5CDE9002302236A46FFF76E
:109E4000B9FF03B05DF804FB1FB5CDE90123069B04
:109E500001AA03930323FFF7ADFF05B05DF804FBF0
:109E6000F8B506460D4614461F4604B9F8BD21460E
:109E700028463A46B047241A0544F6E710B542682A
:109E80000446D2E9002381680068FFF7E9FF002259
:109E900063681A6010BD38B54B6805461A68CB6810
:109EA0000C469A4202D10846FFF7E8FF6368D3E800
:109EB000EF2F511CC3E8E01F0028F8D1A368002051
:109EC0009D5438BD0A2838B504460D4602D10D20F0
:109ED000FFF7E1FF29462046FFF7DDFF002038BDF0
:109EE0002DE9F043054689B008460E8891F80090A8
:109EF0000C46D1F808801746F7F70AFC011EC6F396
:109F00008216C9F3C2091FDB4846F7F721FB034657
:109F1000214651F8102B6088C2F34A22002A01EB37
:109F2000020408BF00210022C0F30B10CDE9050791
:109F3000CDE9031428464146CDE900220296F7F701
:109F400013FC09B0BDE8F0830023E1E7436800207B
:109F50001B685B681961704743681B681A68526820
:109F60005360704701212DE9F04143681B685A682E
:109F700011751D682F68D5E90136D3E900481CB971
:109F80006B681C60BDE8F081214630464246B84708
:109F9000241A0644F3E743681B681868F7F71ABDEC
:109FA00070B543680C461D686B681869F7F7FEF8D2
:109FB000214603460F222868BDE87040184703F089
:109FC00001BC03F0F2BB01460068F7F785BD08B598
:109FD000F7F7DEFDBDE80840F8F792B90A4601211F
:109FE000FFF71FBF00210120F7F776BD6FF0850056
:109FF000704761B662B680F31188BFF36F8F704708
:10A0000072B6002383F31188BFF36F8FBFF34F8FB6
:10A0100030BF62B6BFF36F8F704740E800F313F4B0
:10A02000803FD8B208BF6FF01500704730B50C689C
:10A030004B6885B00A894D890094013B24F01F04C8
:10A04000234402F01F0242EA451223F01F0369462F
:10A050008DF808200393F8F7FDF905B030BD08B579
:10A06000D1E904319847002008BD08B5F8F706FC8F
:10A07000002008BD7047002303824369C360704716
:10A08000C1698968F8F766BC027A013202727047CA
:10A0900010B508B14B68436000234C6808464B601C
:10A0A000F8F7D6FC204610BD8388026819448180E9
:10A0B000D018704730B484880568A31883802819A5
:10A0C00030BC03F072BB10B5838802685C1C8480CE
:10A0D000D154D01810BD30B5838802689D1C85808E
:10A0E000D418D154090A617030BD83885B1A9BB2C1
:10A0F000838000681844704703468288521A828021
:10A1000000680844186070474FF0FF324FF0FF338B
:10A110000430FDF7A5BBFDF715BC90F86C00C0F34B
:10A120004110704783691B6993F8800000F00100BB
:10A130007047F8B504461E460D461746FFF7E4FF84
:10A1400094F86C309B0715D425B1012D10D06FF019
:10A15000150508E0216F0029F9D000259DF8183079
:10A160000F714E718B71201DFFF7D5FF2846F8BD8A
:10A17000616FF0E76FF07705F5E738B504460D46F7
:10A18000FFF7C2FF94F86C30201D65F3041384F8C8
:10A190006C30BDE83840FFF7BEBF90F86C00C0F3EC
:10A1A0008000704783691B6993F88000C0F300103A
:10A1B00070470246034652F8640F90420BD10020CC
:10A1C0007047027A8A42FBD09A6E8242F7D00068CA
:10A1D0000028F6D170470028F3D1704738B50446FF
:10A1E0000D46FFF791FF94F86C30DB0718D42B690C
:10A1F0000BB9EB68BBB1636E1BB904F16403C4E92E
:10A2000019332B6893B9A26E04F16401C5E90012F9
:10A210001560A5661D46201DFFF77DFF284638BD49
:10A220004FF0FF35F7E76FF01505F4E76FF07705AE
:10A23000F1E710B50446034654F84C0FA0420DD187
:10A2400000200DE0447D8C4204D1032909D1047A19
:10A25000944205D01C6D8442F2D000680028F1D1F0
:10A2600010BD0F29F5E72DE9F84305460C46071DFB
:10A270004FF0FF324FF0FF333846FDF7F1FAD5F8D3
:10A280007490B9F1000F75D0D5F87080B8F1000F57
:10A2900070D095F86C30DB076CD4EB6C1BB905F112
:10A2A0004C03C5E913332368002B66D1637D0F2B64
:10A2B00009D1237A012B10D02B6D05F14C02C4E992
:10A2C00000231C602C65637D032B29D1EA6C05F10A
:10A2D0004C0090422BD1002336E02846E168FFF77E
:10A2E0007DFF06460028E7D03846FDF72BFB3046B9
:10A2F000BDE8F8834E7D032E14D0013323724B68E2
:10A30000C4E900131C604C60637A022B26D0032B37
:10A310002AD0012B02BF237A89F80E3088F80E303C
:10A320000026E1E70E7A013EB342E6D11268002A28
:10A33000D1D0517D2B6D03290DD19A42137A02D0D1
:10A3400011680029D6D1013323722B6DC4E90003B3
:10A350001C602C65D8E79342E8D1BCE7237A89F8E2
:10A360000F3088F80F30DBE7237A89F8103088F84F
:10A370001030D5E74FF0FF36B6E76FF07706B3E75A
:10A380000346006800B1187A70478388C2888168E4
:10A39000D21A03685B1AD01A70470346C08808B106
:10A3A0001878C009704770B50C461546F9F796FE47
:10A3B00040B1406883681B6823B12A462146BDE846
:10A3C0007040184770BDF8B504460D4617468668BC
:10A3D0000369A033D3E8AF3F9B070ED5B36A7BB1C7
:10A3E000F36B98472946B36A3A4620469847336C40
:10A3F0000546204698472846F8BD4FF0FF35FAE756
:10A400006FF08505F7E770B504460D468668036969
:10A41000A033D3E8AF3F9B070BD5F36B9847294692
:10A42000736A20469847336C05462046984728466D
:10A4300070BD4FF0FF35FAE710B5044619B900209A
:10A4400084F8300010BDF8F7FDFB0028F7D0F9E7DD
:10A450000A460121FFF7E5BC4FF0FF324FF0FF3312
:10A460000430FDF7FDB9FDF76DBA21B101290DD01A
:10A4700000231B68FFDE5430006848B143685B79F5
:10A48000934205D000680028F8D170475C30F3E7AC
:10A49000704710B590F830300446022B09D1FFF711
:10A4A0003CFE94F8382001462046BDE81040FFF7F6
:10A4B000DCBF002010BD08B5FFF7D7FF003818BF7C
:10A4C000012008BD38B505460C1F54F8041F09B912
:10A4D000084638BD6B681868F5F7ACFD0028F4D164
:10A4E0000120F6E74FF0FF324FF0FF330430FDF765
:10A4F000B7B908B583681B6B0BB1984703460020BA
:10A5000023B153F8042B0AB1127802B908BD1044E4
:10A51000F6E710B51C46FFF7A8FF48B10122C06856
:10A5200002FA04F320B10269134201D10068F9E78D
:10A5300010BD10B50C46FFF7ACFF48B10123C06851
:10A5400003FA04F120B10369194201D10068F9E767
:10A5500010BDD1F81A0083681B6903B118476FF06A
:10A560008500704738B50C46FFF793FF80B1C0688F
:10A5700070B14368DA681AB100231179994201DC9D
:10A580000068F5E71568ED5CA54201D00133F5E7F9
:10A5900038BDF8B50646CC680CB9204622E0012546
:10A5A00004F10C07E268AAB165F07F03D9B203F0A9
:10A5B0007F031033DA40D2070ED4E368EB40DB07A9
:10A5C00005D53A46B069E9B200F09BF850B90135BB
:10A5D000102DE7D12468DFE73A46B06900F091F822
:10A5E0000028EAD0F8BD2DE9F347002405460E46C1
:10A5F000A146576897F805803B79A34203DC002009
:10A6000002B0BDE8F0875FFA84FA3146534642460D
:10A610002846FFF77EFF014650B1534601222846E7
:10A62000CDF80090F9F750FE0028E9D10134E3E7B6
:10A630006FF03C00E4E72DE9F74380460D461746EE
:10A64000FFF777FF064628B96FF00104204603B0F4
:10A65000BDE8F0830F2DF7D808EB0509014699F8FE
:10A660003A402B46002240460097F9F72DFE00287D
:10A67000EAD100942B46022231464046F9F724FEE7
:10A6800004460028E2D12B4601223146404600977D
:10A69000F9F71AFE04460028D8D1706883685B6811
:10A6A00013B13A462946984789F83A70CEE7012314
:10A6B00011F0800F18BF21F08001026818BF10311F
:10A6C0008B4022EA03030360704737B58B790C4651
:10A6D000009315468B88CA78897800F020FF70B9FE
:10A6E00094F90230A178002B4FF00103B8BF21F09C
:10A6F00080012A68B8BF10318B4013432B6003B030
:10A7000030BDF8B506460D46174600F031FF044649
:10A7100058B929463846FFF7CAFF2946304600F0A7
:10A72000FAFF044608B902F0D8FD2046F8BD0A46F3
:10A730008069802101F01FB843689869FAF732B93F
:10A7400070B591F918300546002B0C46466807DBBA
:10A75000C4F81A502146B069BDE8704000F07EBFD1
:10A760003046FFF71AFD0028F2D04FF0FF3070BDE1
:10A77000806901F025B838B5054680690C4600F0BF
:10A7800013FF58B9012314F0800F18BF24F0800480
:10A790006A6B18BF1034A34013436B6338BD70B5A8
:10A7A000054680690E4600F029FF044620B931466F
:10A7B00005F13400FFF77BFF204670BD0B0648BF54
:10A7C00021F08001406B48BF1031C84000F001000B
:10A7D0007047F8B505460E46071D4FF0FF324FF0A3
:10A7E000FF333846FDF73CF8EC692CB9EE6138468A
:10A7F000FDF7A8F82046F8BD6FF07704F7E7C369C6
:10A8000082B08DF8001001922BB102AB13E9060063
:10A8100002B0F9F757BE02B07047C36982B08DF835
:10A82000001001922BB102AB13E9060002B0F9F758
:10A8300049BE02B07047704703695B68D3E90320E3
:10A84000012918BF1046704743680361037A63B15A
:10A85000012B0CBF022303234375437A5A1E032A9C
:10A8600005D8DFE802F0050505050123F4E700231C
:10A870000375837A062B09D0072B09D0052B0CBF53
:10A88000002303238375837EC37570470123F9E793
:10A890000223F7E7036993F8400030B1DA6B93883D
:10A8A000918910695B1A9BB2C01A7047036993F8CB
:10A8B00038007047036993F8402012B993F83800C4
:10A8C0007047012070470369C3E9071270470229E6
:10A8D000036907D0042907D0012907D11B6900208B
:10A8E000136070471B7EFAE75B7EF8E76FF0850028
:10A8F0007047CB79026923B1012B02D06FF085003C
:10A900007047002093767047D0E8AF0F084100F001
:10A910000100704710B5036940685B689C68FFF7E9
:10A92000FCFB01280CBF94F8440094F8260010BDED
:10A9300010B5036940685B689C68FFF7EEFB01286F
:10A940000CBF94F8520094F83D0010BD10B5036997
:10A9500040685B689C68FFF7E0FB01280CBF94F837
:10A960004B0094F8360010BD03691B698833D3E8A7
:10A97000EF1F41F00201C3E8E21F002AF7D1704740
:10A9800010B50469606BFFF783F910B1012384F8F7
:10A99000393010BD10B50469606B4289C3889A4292
:10A9A00002D14FF0FF3010BD0122FFF771F90028EE
:10A9B000F7D004F17800FDF7F9F90020F3E738B596
:10A9C0000469EFF31185202383F31288BFF36F8F9F
:10A9D000E06BFFF73DF985F31188BFF36F8F10B17E
:10A9E000012384F8413038BD0269002013690B60EF
:10A9F00053694B60704738B503461B6940685D6812
:10AA0000AC68A37A84F8223094F82D3084F823308F
:10AA1000696841B1237C33B9FFF725FC18B9686830
:10AA2000FFF7AEFC2074002038BD08B5FFF775FBBA
:10AA300001280CBF4FF40070402008BD01238B405B
:10AA4000DB43D0E8EF2F1A40C0E8E12F0029F8D10E
:10AA50007047006902218830FFF7F0BF00690321C9
:10AA60008830FFF7EBBF08B503690021186988300B
:10AA7000FFF7E4FFBDE808400121FFF7DFBF0369EE
:10AA8000012118698830FFF7D9BF2DE9F04103692A
:10AA900006460D46D0F804801C690F7E1AB3FFF7F6
:10AAA00047FFB84204D1042104F18800FFF7C6FF34
:10AAB00030462F7EFFF74AFF874204D1052104F17B
:10AAC0008800FFF7BBFF30462F7EFFF723FF87424A
:10AAD00003D104F18C00FDF711F829464046BDE88A
:10AAE000F041FFF745BEFFF723FFB84214D12A8A91
:10AAF000E968606BFFF7ACF828B1E3691BB104F1BA
:10AB00002400FDF753F904F188000421FFF796FFB4
:10AB100004F17800FDF74AF930462F7EFFF716FF63
:10AB2000874215D1E3691BB104F12400FDF73EF91A
:10AB3000052104F18800FFF781FFE36B5A89DB8868
:10AB40009A4205D00022002304F14800FDF79EF947
:10AB500030462F7EFFF7DEFE8742BED104F18C0027
:10AB6000FCF772FFB9E740297FB534D00DD8102922
:10AB700033D006D801296AD0082930D06FF01504E7
:10AB800026E02029FAD1042308E0B1F5807F28D0FF
:10AB9000B1F5007F27D08029F0D1102304699BB242
:10ABA000E18912B30B4342F2A1014FF40032E38179
:10ABB000CDE901120669ADF80C30436800211C682C
:10ABC00006F188031846FFF79FFE88B96FF00C0462
:10ABD000204604B070BD0823E0E70223DEE701232E
:10ABE000DCE72023DAE74023D8E721EA0303DAE7AA
:10ABF00001211846FFF788FE0028E7D12046FFF71D
:10AC000089FE0A2201462046FFF796FD0546D8B187
:10AC10000A2201A90C30FFF74DFA20462946FFF71A
:10AC20008FFD044618B12846F7F712FFD0E74FF022
:10AC3000FF324FF0FF3306F18C00FCF739FF0B3089
:10AC400008BF6FF08B04C3E76FF00B04C0E700246C
:10AC5000BEE738B550F8083C0446002B4FD050F8FA
:10AC6000243C00F164055B6802211A68002383829A
:10AC700083832846FFF748FEB8B154E902311069D2
:10AC80009847637D1BB104F15400FDF78FF805214F
:10AC90002846FFF739FE98B9637F6BB10022002385
:10ACA00004F12400FDF7F2F80AE003212846FFF73B
:10ACB0002BFE0028E1D1E4E714F8093C002BEDD18C
:10ACC00002212846FFF720FE38B123695A89DB8824
:10ACD0009A4202D02046FDF769F803212846FFF783
:10ACE00013FE60B1A2699388918912695B1A9BB2C5
:10ACF0009A4204D02046BDE83840FDF757B838BD29
:10AD000008B50369022103F188021046FFF7FCFD34
:10AD100028B1596B4889C988401A18BF012083F8A7
:10AD2000380003211046FFF7EFFD40B1DA6B908841
:10AD300091891269401A80B2801A18BF012083F8E5
:10AD40004000012008BD006900F18803D3E8EF1F2F
:10AD500041F00801C3E8E21F002AF7D1C26B9388D3
:10AD6000918912695B1A9BB29A4202D02430FDF796
:10AD70001DB8704738B5046904F18805D5E8EF3F80
:10AD800043F00403C5E8E23F002AF7D1636B5A8918
:10AD9000DB889A4203D004F12400FDF707F8042170
:10ADA0002846FFF7B1FD28B904F17800BDE8384026
:10ADB000FCF7FCBF38BD70B503691C6904F1880558
:10ADC000D5E8EF2F42F00102C5E8E12F0029F7D1C5
:10ADD00002212846FFF798FD10B11846FFF7CAFF79
:10ADE000E36BDA885B899A420AD103212846FFF790
:10ADF0008BFD68B104F12400BDE87040FCF7D6BFBC
:10AE000004F148000022BDE870400023FDF73EB881
:10AE100070BD30B40125416802690968137E4D6137
:10AE200054685B0954B1107E023300F01F0052F8E1
:10AE3000231005FA00F0234630BC184730BC704799
:10AE400010B40269416802200968537E4861546861
:10AE50005B095CB1034452F823100123507E00F0DB
:10AE60001F0003FA00F0234610BC184710BC7047BF
:10AE700010B40269416804200968937E48615468EF
:10AE80005B095CB1023352F823100123907E00F07D
:10AE90001F0003FA00F0234610BC184710BC70478F
:10AEA00010B40269416808200968D37E486154687B
:10AEB0005B095CB1023352F823100123D07E00F00D
:10AEC0001F0003FA00F0234610BC184710BC70475F
:10AED00010B40269416810200968137F4861546802
:10AEE0005B095CB1023352F823100123107F00F09C
:10AEF0001F0003FA00F0234610BC184710BC70472F
:10AF000010B40269416820200968537F4861546881
:10AF10005B095CB1023352F823100123507F00F02B
:10AF20001F0003FA00F0234610BC184710BC7047FE
:10AF300010B40269416840200968937F48615468F1
:10AF40005B095CB1023352F823100123907F00F0BB
:10AF50001F0003FA00F0234610BC184710BC7047CE
:10AF600010B40269416880200968D37F4861546841
:10AF70005B095CB1023352F823100123D07F00F04B
:10AF80001F0003FA00F0234610BC184710BC70479E
:10AF900010B4026941684FF48070096892F820305B
:10AFA000486154685B0964B1023352F823100123ED
:10AFB00092F8200000F01F0003FA00F0234610BCB6
:10AFC000184710BC704710B4026941684FF4007014
:10AFD000096892F82130486154685B0964B1023312
:10AFE00052F82310012392F8210000F01F0003FA09
:10AFF00000F0234610BC184710BC704710B402691B
:10B0000041684FF48060096892F8223048615468C2
:10B010005B0964B1023352F82310012392F8220035
:10B0200000F01F0003FA00F0234610BC184710BCC4
:10B03000704710B4026941684FF40060096892F8E3
:10B040002330486154685B0964B1023352F823101D
:10B05000012392F8230000F01F0003FA00F02346BA
:10B0600010BC184710BC704710B4026941684FF417
:10B070008050096892F82430486154685B0964B1D3
:10B08000023352F82310012392F8240000F01F002D
:10B0900003FA00F0234610BC184710BC704710B4E8
:10B0A000026941684FF40050096892F82530486100
:10B0B00054685B0964B1023352F82310012392F8FB
:10B0C000250000F01F0003FA00F0234610BC1847CB
:10B0D00010BC704710B4026941684FF480400968A1
:10B0E00092F82630486154685B0964B1023352F823
:10B0F0002310012392F8260000F01F0003FA00F04D
:10B10000234610BC184710BC704710B40269416850
:10B110004FF40040096892F82730486154685B0991
:10B1200064B1023352F82310012392F8270000F093
:10B130001F0003FA00F0234610BC184710BC7047EC
:10B14000002208B511460D20F7F75CF80D20F7F73F
:10B1500037F800220E201146F7F754F80E20F7F7C3
:10B160002FF800220F201146F7F74CF80F20F7F7C1
:10B1700027F8002210201146F7F744F81020F7F7BF
:10B180001FF8002211201146F7F73CF81120F7F7BD
:10B1900017F8002212201146F7F734F81220F7F7BB
:10B1A0000FF8002213201146F7F72CF81320F7F7B9
:10B1B00007F8002214201146F7F724F81420F6F7B8
:10B1C000FFFF002215201146F7F71CF81520F6F7AF
:10B1D000F7FF002216201146F7F714F81620F6F7AD
:10B1E000EFFF002217201146F7F70CF81720F6F7AB
:10B1F000E7FF002218201146F7F704F81820F6F7A9
:10B20000DFFF002219201146F6F7FCFF1920F6F7A0
:10B21000D7FF00221A201146F6F7F4FF1A20F6F79E
:10B22000CFFF00221B201146F6F7ECFF1B20F6F79C
:10B23000C7FF00221C201146F6F7E4FFBDE80840D6
:10B240001C20F6F7BDBF38B50446807AF7F758FBE7
:10B250006169054649B1637ADB0704D4C3692046B6
:10B260001B689B6898470023636121462846BDE818
:10B27000384001F010BF30B509060546847C14D46F
:10B2800014F0400016D0298AC3F30A00C1F30A0162
:10B29000884222D802F00300022809D003280AD0ED
:10B2A000012811D004F0010004E014F02000E9E7C7
:10B2B000C4F3800030BD14F00200FBD013F4C05F73
:10B2C00009D0C4F30010F5E714F0080205D013F418
:10B2D000C05FEFD0F5E70120ECE70020EAE7A030FF
:10B2E000D0E8AF0F00F001007047A030D0E8AF0FFA
:10B2F000C0F3400070470369A033D3E8AF2F41B1DA
:10B30000D3E8EF1F41F00401C3E8E21F002AF7D1A0
:10B310007047D3E8EF1F21F00401C3E8E21F002AC1
:10B32000F7D1704701F00F030269090648BF1033D7
:10B3300052F823007047007DC0F30010704708B535
:10B3400002691046FFF7CBFF60B9087E00F00F03DB
:10B35000000648BF103342F82310084601F088FE6B
:10B36000002008BD6FF00C00FBE700220023FCF773
:10B3700039BB01F09ABE01F083BE1FB504698DF898
:10B380000410CDE90220D4F8983001A9984704B000
:10B3900010BD1FB50346046906208DF80400204641
:10B3A000CDE90213FFF79BFF40B1C1F81E201846FC
:10B3B000D4F8982001A9904704B010BD4FF0FF3099
:10B3C000FAE738B505460C462046FFF7CEFF0146A2
:10B3D00000B938BD6FF070022846FFF7DAFFF3E7D7
:10B3E0002DE9F843066907460D46D6F80090D6F8D1
:10B3F00040804FF0FF324FF0FF3306F18400FCF73E
:10B400002FFA4046FFF7B1FF014618BB4846FFF749
:10B41000ACFF044620BB99F8143023F0100389F8E0
:10B42000143098F8143023F0100388F8143024BB3B
:10B43000012286F8B020EDB12B68C6F8A8306B6801
:10B4400086F8B120C6F8AC3038698430BDE8F843DE
:10B45000FCF778BA6FF067023846FFF79AFFD0E73B
:10B46000637EDB07D7D46FF0670221463846FFF7CB
:10B4700090FFCBE786F8B150E6E72DB108222946C8
:10B4800004F10C00FEF716FE002221463846FFF7B5
:10B4900080FFD9E72DE9F8430546884614461F4644
:10B4A000D0F80890FFF73EFF0646002834D0284623
:10B4B000D9F83C3098474146224630463B88FFF752
:10B4C000DAFE804688B183B92B6904F0030493F84F
:10B4D0008030DB0753BF40224FF480624FF400718D
:10B4E0001146022C0DD0032C11D02846D9F840303B
:10B4F0009847B8F1000F14BF00206FF08500BDE839
:10B50000F883338A8B4228BF0B463B80EDE7338AB2
:10B51000934228BF1346F8E76FF01200EFE72DE9DA
:10B52000F3411F464B0604460D461646D0F80880E8
:10B530001BD0D8F83C3098472069FFF7D6FE88B179
:10B540009DF820302946009332463B462046F9F7C5
:10B55000BBF905462046D8F840309847284602B047
:10B56000BDE8F0814FF0FF35F4E76FF01505F5E722
:10B5700070B54B0604460D46866812D0F36B9847AB
:10B580002069FFF7ACFE48B129462046F9F7E0F9FB
:10B5900005462046336C9847284670BD4FF0FF356E
:10B5A000F7E76FF01505F7E770B5054686680C46B6
:10B5B000F36B98472869FFF798FEB0B121462846FB
:10B5C000FFF7B0FE014698B1037DDB0710D5437E3F
:10B5D00003F00303012B0ED02846F3689847044676
:10B5E0002846336C9847204670BD4FF0FF34F7E78C
:10B5F0006FF01204F4E76FF08504F1E7F8B5064642
:10B6000087680C46FB6B98473069FFF76EFEE0B128
:10B6100021463046FFF786FE0546C8B1037DDB07AD
:10B6200016D5437E03F00303012B14D001463B697A
:10B6300030469847044618B92B7D60F341032B75BB
:10B6400030463B6C98472046F8BD4FF0FF34F7E793
:10B650006FF01204F4E76FF08504F1E72DE9F04193
:10B66000054686680769F36B0C4698472869FFF71B
:10B670003CFE98B394F8188028464146FFF752FEE6
:10B68000014670B3037DDA072BD518F07F0F20D168
:10B6900097F8B030EBB1637EDB0717D597F8B13080
:10B6A00033B1082207F1A80104F10C00FEF702FDF6
:10B6B000002287F8B02021462846FFF76AFE04469C
:10B6C0002846336C98472046BDE8F0816FF067024A
:10B6D000F1E72246284673689847F0E74FF0FF34B9
:10B6E000EEE76FF01204EBE770B505460C4686688E
:10B6F000F36B984721462846FFF714FE48B101F046
:10B70000D4FCB0FA80F464092846336C984720468C
:10B7100070BD0124F8E770B5054686680C46F36BEA
:10B7200098472869FFF7DBFD80B121462846FFF7DF
:10B73000F9FD014668B104681CB12846B368984712
:10B7400004462846336C9847204670BD4FF0FF34BE
:10B75000F7E76FF01204F4E708B5036900211B68EE
:10B760005A8BF9F71FF928B1437E23F0070343F002
:10B770000103437608BD08B539B90369013A1B686E
:10B780005B8B1A44B2FBF3F25A43F9F70BF928B179
:10B79000437E23F0070343F00203437608BD08B558
:10B7A00061B903691B685A8BF9F7FCF828B1437E2D
:10B7B00023F0070343F00403437608BD0022F3E7B8
:10B7C00070B50D4604468668F36B98472846F7F730
:10B7D0003FF92046336C9847002070BD70B5054690
:10B7E0008668F36B98472869FFF77FFD044620B110
:10B7F00033683BB12846984704462846336C98473F
:10B80000204670BD0124F8E7F8B50446876806694C
:10B81000FB6B98472069FFF762FDB8B12069FFF71D
:10B8200064FDB0B92046FB6A9847054648B906F161
:10B83000A003D3E8EF1F41F00201C3E8E21F002A92
:10B84000F7D120463B6C98472846F8BD4FF0FF35AE
:10B85000F7E76FF07705F4E7F8B5044687680669FF
:10B86000FB6B98472069FFF740FD90B13B6B20468A
:10B870009847054606F1A003D3E8EF1F21F0020127
:10B88000C3E8E21F002AF7D120463B6C98472846C0
:10B89000F8BD6FF07705F7E72DE9F041054614464E
:10B8A0000F46D0F80880066911B30AB3D8F83C30C7
:10B8B00098472869FFF713FDB8B9C6E926742846EA
:10B8C000D8F834309847044640B9A036D6E8EF3F60
:10B8D00043F00103C6E8E23F002AF7D12846D8F832
:10B8E000403098472046BDE8F0816FF07704F5E7D7
:10B8F0006FF01504F6E7F8B5044687680669FB6B38
:10B9000098472069FFF7F1FCB0B92069FFF7E7FC21
:10B91000A8B1BB6B20469847054606F1A003D3E8C3
:10B92000EF1F21F00101C3E8E21F002AF7D12046F2
:10B930003B6C98472846F8BD6FF00F05F7E76FF0AE
:10B940007705F4E78388C2888168D21A03685B1A96
:10B95000D01A704700230822824204D3D8B270471D
:10B96000520092B2F8E701330A2BF9D1FF20704759
:10B9700030B502F0030422F003020A4491420AD1D6
:10B9800044B100230068D90020FA01F1D1540133F9
:10B990009C42F8D130BD036804311D0A01F8035CF4
:10B9A0001D0C01F8043C01F8025C1B0E01F8013C7F
:10B9B000E4E730B543680A7E1B6832F080054FF03B
:10B9C000200403F5805314D10269D2F8A400EFF3E8
:10B9D000118184F31288BFF36F8F9D739A7C224389
:10B9E0009A7480F89C5081F31188BFF36F8F002008
:10B9F00030BDEFF3118084F31288BFF36F8F02F034
:10BA00000F029A7391F91820002AB5BF9A7C9A7D8B
:10BA100042F0100242F02002B4BF9A749A750022DC
:10BA20009A7380F31188BFF36F8F0B7D43F002038D
:10BA30000B75DCE7436801F07F011B68002003F50C
:10BA400080531970704743681B6803F580535B7817
:10BA500013F0100F0CBF01200220704701234A0988
:10BA600001F01F018B40DB4300EB8200D0E8EF2F99
:10BA70001A40C0E8E12F0029F8D1704703460022A0
:10BA8000D3E8EF0FC3E8E12F0029F9D1704770B573
:10BA9000044650F8080C94F8306045682B6803F5AC
:10BAA000805393F8603003F01803A3F11802514259
:10BAB00051418E4208D00022182B84F830100CBF60
:10BAC00011460121FFF759FC0A23EA6A2046BDE826
:10BAD0007040A2FB0323FCF70DBA2DE9F047036980
:10BAE0000A7ED3F8A4604368074688461C6802F0C3
:10BAF0007F05EFF31189202383F31288BFF36F8F43
:10BB000004F58054DDB9A573E37C06F5C07043F0FD
:10BB10000103E374FFF7B2FF06F5C870FFF7AEFF4D
:10BB2000C6F88C5186F89C5041463846FFF749FCD0
:10BB300089F31188BFF36F8F0020BDE8F0874FF0C5
:10BB4000010A0AFA05FA1FFA8AFA6FEA0A0391F95A
:10BB500018109BB2002902F00F0224DAE18806F5E2
:10BB6000BA700B40E380A273A37C294643F008031C
:10BB7000A374A37C9A0742BFA37C43F00803A37479
:10BB8000A37C03F0FE03A374FFF768FF294606F5C4
:10BB9000BC70FFF763FF0023A373E3889BB243EA03
:10BBA0000A03E380C0E7218906F5BE700B402381BC
:10BBB000A273A37D294643F01003A375A37DDB0781
:10BBC00042BFA37D43F01003A375A37D03F0FE03E2
:10BBD000A375FFF743FF294606F5C270FFF73EFF46
:10BBE000294606F5C470FFF739FF0023A3732389A4
:10BBF0009BB243EA0A03238196E79A20F6F7EEBA4E
:10BC0000002208B59A201146F6F7FCFABDE8084074
:10BC10009A20F6F7D5BA0023F0B51A461C46C90893
:10BC20006509283550F8255004F01F06F540ED074A
:10BC300009D4002A08BF23460132914204D11A4692
:10BC40000127194416E000220134B4F5906FE7D1C2
:10BC50009142F4D94FF6FF7010E05C0900EB8404C8
:10BC6000D4F8A05003F01F0607FA06F63543C4F8CF
:10BC7000A05001338B42F0D3D00080B2F0BDFFF76B
:10BC8000CABF2DE9F74F0369426891F81880D3F8CD
:10BC9000A440136818F0700F0F46009308F07F0956
:10BCA0004FFA88FA40F09480488BC0F30A000828C5
:10BCB00038BF0820FFF74EFEFF28054600F08880B9
:10BCC0000821814089B2EFF311832022019382F38E
:10BCD0001288BFF36F8FB9F1000F30D14FF6FF76A6
:10BCE000B4F83001B04208D12046FFF7C8FFB04297
:10BCF00003D0A4F83001A4F85001019B83F311880C
:10BD0000BFF36F8F4FF6FF73984264D0009B08F02B
:10BD10000F0803F58054C0F3CF0084F80E80B9F10A
:10BD2000000F2CD184F8625084F86350A4F86400AA
:10BD3000A4F866000020A07303B0BDE8F08F4FEABE
:10BD40004906BAF1000F4FF6FF7B26440BDAB6F82E
:10BD500030015845D1D12046FFF791FF5845CCD04E
:10BD6000A6F83001C9E7B6F850015845C5D12046BC
:10BD7000FFF785FF584518BFA6F85001BDE701231E
:10BD8000BAF1000F03FA09F39BB210DA84F862509B
:10BD9000A4F864007A8BC2F30A022282A27C42F0E9
:10BDA0004002A274E28892B21343E380C2E784F8AF
:10BDB0006350A4F866007A8BC2F30A02A282A27DC5
:10BDC00042F08002A275228992B213432381B1E727
:10BDD0006FF01500B0E76FF00B00ADE770B501260E
:10BDE000D208CB0802EBD102590900EB8101D1F84E
:10BDF000A04003F01F0506FA05F5013324EA050407
:10BE00009342C1F8A040EFD370BD2DE9F843036918
:10BE100091F81890D3F8A460436819F070071D6872
:10BE200009F07F044FFA89F86DD1488BC0F30A00FE
:10BE3000082838BF0820FFF78DFDFF2863D00822AF
:10BE400009F00F09824005F5805392B283F80E90F5
:10BE50002CBB83F8624083F86340A3F86440A3F8E6
:10BE6000664000219973EFF31185202383F3128834
:10BE7000BFF36F8F64BB4FF6FF74B6F83011A14269
:10BE800006D03046FFF7AAFFA6F83041A6F8504189
:10BE900085F31188BFF36F8F0020BDE8F88301217F
:10BEA000A140C943B8F1000F89B208DAD88801402F
:10BEB000D98083F86270A3F864701F82D1E7188973
:10BEC0000140198183F86370A3F866709F82C8E708
:10BED0006400B8F1000F4FF6FF77344409DAB4F884
:10BEE0003011B942D4D03046FFF778FFA4F8307152
:10BEF000CEE7B4F85011B942CAD03046FFF76EFF12
:10BF0000A4F85071C4E76FF01500C6E700698430EB
:10BF10004FF0FF324FF0FF33FBF7A2BC00698430D3
:10BF2000FBF710BD01F033BC01F02EBC01F0AFBA3D
:10BF300001234A0901F01F018B4000EB8200D0E889
:10BF4000EF2F1A43C0E8E12F0029F8D170470123F1
:10BF500001F01F02934030B5DC43490900EB81003A
:10BF6000D0E8EF2F02EA0401C0E8E51F002DF7D169
:10BF700003EA0200003818BF012030BD38B543681D
:10BF800004461D680369A033D3E8AF3F5B071AD5A9
:10BF900005F580556B7803F0FD0343F004036B70E7
:10BFA0000021142001F05AFA6B78002103F0FB0302
:10BFB00020466B70FFF79FF9002202212046FFF711
:10BFC000DCF9002038BD6FF00C00FBE7F8B5D0F8C5
:10BFD000A450107E8C4600F07F06EFF311872021DD
:10BFE00081F31288BFF36F8F518B0CF5805400F0F2
:10BFF0000F02A27305F5BC75720905EB8202D2E847
:10C00000AF2F00F01F00024112F0010206D0002302
:10C01000A37387F31188BFF36F8FF8BD06F58160B6
:10C020000CEB800C188AC1F30A01814228BF01463B
:10C0300091420CD803F10C00FEF75EF8A37C314668
:10C0400043F001032846A374FFF772FFDFE7D868C7
:10C05000805C01328CF80000EAE7F8B50B7E0C46F4
:10C0600013F07F0105464ED0426817680269D2F886
:10C07000A400EFF31186202282F31288BFF36F8FA2
:10C0800003F00F0207F580539A7394F91820002AE1
:10C090003BDA9A7C02F0CF029A749A7C42F040021A
:10C0A0009A749A7C42F008029A749A7C920742BF72
:10C0B0009A7C42F008029A749A7C02F0FE029A740A
:10C0C00000229A7386F31188BFF36F8F237D62F38A
:10C0D0004103237594F91830934214DA00F5BC70CB
:10C0E000FFF7BCFC2046FFF744F906462046FFF761
:10C0F00022F940B93EB1338A2BB133462246394644
:10C100002869FFF763FF0020F8BD9A7D02F09F02C7
:10C110009A759A7D42F080029A75D1E72DE9F04F29
:10C120000446036987B0D3F8A430039343681B68BF
:10C130000593039B03F188074FF0FF324FF0FF3365
:10C1400040F29F11CDE900233846002201F023FB85
:10C150004207064608D504213846FFF7E3FE0022D1
:10C1600004212046FFF709F933070CD5082138468A
:10C17000FFF7D8FE01212046FFF7BDF8002203217A
:10C180002046FFF7FAF8F5060CD510213846FFF7E0
:10C19000C9FE00212046FFF7AEF80022022120460A
:10C1A000FFF7EBF8300600F1B080F10511D54FF440
:10C1B00080713846FFF7B6FE039B03F5BE70FFF7AC
:10C1C0005DFC8046039B03F5C27AB8F1000F40F096
:10C1D0003E81B50740F18B8002213846FFF7A2FE71
:10C1E00080212046FFF79EF8039B814603F5C0702F
:10C1F000FFF744FC00283AD0236900212046D3F8F9
:10C20000A480FFF78FF8802105462046FFF78AF8C3
:10C21000049015B32846FFF7ACF8F0B1437E13F055
:10C22000010300F060812846FFF79FF88246284608
:10C23000FFF79FF818B1427ED10740F15581BAF15E
:10C24000000F0AD00022DAF80C1028460A604A6073
:10C250005146AAF81020FFF78EF8204608F5CC7159
:10C26000FFF7BEF8002D40F03381A8F89651B9F1E0
:10C27000000F3CD04846FFF77CF88046B8B3038AED
:10C2800023B9457E15F0080500F0698123698021F6
:10C29000D3F8A45063682046D3F80090FFF742F823
:10C2A000418BB8F81030C1F30A01994228BF1946F2
:10C2B000002209F58059914200F2488108F10C00F2
:10C2C000FDF71AFFB8F81020002A40F0468198F8D0
:10C2D000193062F3C3030A2288F819304FF00103C2
:10C2E00085F89C3099F81230134389F81230F3071F
:10C2F0007FF51FAF38460121FFF714FE039B204650
:10C3000003F19401FFF76CF813E780213846FFF73B
:10C3100009FE63681B6804932369D3F8A40000F541
:10C32000BA70FFF7ABFB8146049B03F58058B9F167
:10C33000000F3FF43AAF99FAA9FA0123BAFA8AFA40
:10C34000204603FA0AF24AF0800129EA0209FEF7C0
:10C35000E9FF05460028EAD0FFF70BF80028E6D0F1
:10C36000028AA2B32A7D12F00202E0D1EFF3118B10
:10C37000202181F31288BFF36F8F049BB5F81AC098
:10C380000AF5816503EB85050AF00F0388F80E3086
:10C39000018ACCF30A0C614528BF614613469942D5
:10C3A00010D80C30FDF7A8FE98F8123043F00103C6
:10C3B00088F81230002388F80E308BF31188BFF311
:10C3C0006F8FB4E7C268D25C01332A70E7E790F858
:10C3D00019B01BF0080B1DD02A7D12F00202A6D165
:10C3E000EFF31181202585F31288BFF36F8F0AF0D8
:10C3F0000F0388F80E3098F8123043F0010388F8E4
:10C400001230437E62F3C303437688F80E2081F333
:10C410001188D4E72846FEF7A8FF5A460146204671
:10C42000FEF7B7FF2846FEF7A4FF034600283FF4B7
:10C430007EAF028A002A3FF47AAF2A7D92073FF549
:10C4400076AF2A4604992069FFF7C0FD6FE798FA96
:10C45000A8F50123B5FA85F52046AB40294628EA20
:10C460000308FEF75FFF834600283FF4AEAEFEF7F9
:10C470007CFF814600283FF4A8AEDAE8AF3F2B41AD
:10C48000D8071FD55846FEF774FFD8B12946504645
:10C49000FFF75DFDB0B1EFF31181202383F3128824
:10C4A000BFF36F8F059B05F00F0503F580539D7358
:10C4B0009A7D02F0FE029A7500229A7381F3118828
:10C4C000BFF36F8F002249462046FEF762FF7CE6ED
:10C4D0002846FEF74EFF10B9A8F89601C7E6437E3E
:10C4E00013F001032ED19A464FF0000B2846C8F8EE
:10C4F0008CB1FEF73AFF5A4601462046FEF749FF47
:10C500000498FEF736FF10B1427E520711D4002284
:10C51000A8F89621BAF1000F3FF4A9AEDAF80C1092
:10C5200028460A604A605146AAF81020FEF723FF09
:10C530009DE60498FEF719FF5A4601462046FEF78D
:10C5400028FFE4E70023A8F8963190E6D8F80C30ED
:10C550009B5C013289F82030ADE60222BEE64846F7
:10C56000FEF703FF2A4601462046FEF712FFBEE60D
:10C570002DE9F04F8846436881461146404685B014
:10C5800016461C68FEF7F7FE98F814A01AF0020A87
:10C5900040F0A68098F8185035F0800300F0A48091
:10C5A000290600F19680D9F810302946D3F8A470F6
:10C5B00007F5C27318460193FFF7C9FCA8B1EFF362
:10C5C0001181202383F31288BFF36F8F04F580530A
:10C5D00005F00F029A739A7D02F0FE029A7583F8B5
:10C5E0000EA081F31188BFF36F8F294607F5C47041
:10C5F000FFF7ADFC8046002872D0EFF31183019362
:10C60000202383F31288BFF36F8F05F00F0204F528
:10C61000805B294648468BF80E20FEF783FE824653
:10C6200000284DD0FEF7A5FE002849D005F581620F
:10C6300000F10C0604EB820330460293FFF782F907
:10C64000BBF818900246C9F30D09484528BF4A4671
:10C65000304611460392FDF727FD0146DDE902024F
:10C66000FFF786F9BAF81A20C2F30A0291451DD2E3
:10C670009BF8162002F0FE028BF81620294607F5DB
:10C68000BE70FFF755FC002304F58054A373019B93
:10C6900083F31188BFF36F8FB8F1000F20D04FF4F0
:10C6A000807107F18800FFF73FFC19E03046FFF783
:10C6B00049F928B9294607F5C270FFF739FCDDE7CB
:10C6C0009BF816204FF0000802F0FE028BF81620AF
:10C6D000D9E7334642462146D9F81000FFF776FCE9
:10C6E000002005B0BDE8F08FD9F81020D2F8A47072
:10C6F000002D3CD004F58054B8F81A50A373717E15
:10C700004A0701D50221CCE7A27C90075FFA82F9A3
:10C71000E6D4328A4AB9090707D4012387F89C3046
:10C72000A37C43F00A03A374DAE7C5F30A05AA421F
:10C7300028BF2A469046984513D8414606F10C007A
:10C74000FDF7DAFCA84549F0020304D3328A22B986
:10C75000727E120701D449F00A03012287F89C2057
:10C76000E1E7F268D25C013384F82020E3E7737ECE
:10C7700013F00105B4D1EFF31189202383F312885C
:10C78000BFF36F8FC7F88C6107F5C870FFF776F9B4
:10C7900008B304F5805888F80E5098F818505FFADE
:10C7A00085FA15F07F051BD198F81230012243F06D
:10C7B000480388F81230032387F89C3007F5C073CC
:10C7C000D3E8EF1FC3E8E02F0028F9D1022107F1D9
:10C7D0008800FFF7A9FB89F31188BFF36F8F7FE70C
:10C7E0000C363046FFF7AEF8A84228BF284601466F
:10C7F00083463046FDF758FC5A46014604F5815001
:10C80000FFF7B6F8B7F896311AF0400F1D44ADB2F5
:10C81000A7F89651C8D0B7F89431AB42C4D998F86C
:10C82000123043F0400388F81230D4E710B5807A14
:10C830000C46F6F765F8C3692146BDE81040586814
:10C8400000F0F1BAF7B50D46807A17461E46F6F7A6
:10C8500057F82C68C369033424F003025868042194
:10C860002A60CDE90076FAF7E1FE00B9286003B04E
:10C87000F0BD0023F4F77ABE2DE9F0414568084683
:10C88000D5E900680C46AF68F8F704FE002878D1B7
:10C89000A30E092B75D8DFE803F0080F1A2C054CFE
:10C8A000535F056A0220BDE8F08173699C076CD56F
:10C8B000306900F001001AE0F36A980765D5B36F9C
:10C8C000002B60D13069C00900F00200EBE7E4B250
:10C8D00006F1400353F82430012013F0020FE2D098
:10C8E00033691834A04098430CBF01200020400059
:10C8F000D9E70620E4B2B4FBF0F3316903F118057F
:10C90000E940C907DAB240D500FB1344E4B2032C76
:10C910004FEA820294BF06F14C0306F15003134420
:10C9200004F00304E4001A6807340123A34013420F
:10C9300019E0D8F81C309A0727D5D8F80C00B8E7CA
:10C94000E4B204F1080357F82330DB051DD57868FD
:10C950000234E040C043ACE7C4F30524203457F868
:10C96000243013F0400F14BF022001209BE7C4F3D2
:10C970000552EB680E3203EB82035A68C4F3853428
:10C98000D3E703208FE700208DE701208BE72DE917
:10C99000F3474FF000090C4601EB0121456841F0D7
:10C9A0003F6141F47C21804617462E68D0F810A0E4
:10C9B000CDF80490FFF760FF022803D0C7F800907D
:10C9C00000201CE006F1400353F82430C3F3022397
:10C9D000012B17D0022B2CD0BBB9AA68631C04F121
:10C9E000210152F8211003EB43035A00404601ABEA
:10C9F00002F0FE0201F00F01F8F70EFE28B102B0BE
:10CA0000BDE8F087DAF80030019306F1480353F8E7
:10CA10002430443613F03F031EBF019AB2FBF3F2F9
:10CA2000019256F82420019BC2F3090253433B6054
:10CA3000C6E7404601A9F8F795FEDFE7F0B4062403
:10CA40000A4691FBF4F104FB11244368664206F0A8
:10CA500003061F6804F0030358BF7342032C4FF012
:10CA60000104D4BF4C3750378E003E44DB0037689A
:10CA7000073304FA03F305693B4333602B8F063217
:10CA800094401C43EB6A2C87CB40DA0706D42B6B0F
:10CA9000CB40DB0702D5F0BCF9F7ACB90020F0BC05
:10CAA000704710B54468C1F30520A1689B0101EBF4
:10CAB0008001D1F8800003F0400302F00F0220F063
:10CAC0004F0013430343C1F8803010BD10B54368D5
:10CAD0000120C1F38534DB68C1F3055189000B44A3
:10CAE000012ADA6B00FA04F00CBF02438243DA63D6
:10CAF00010BD30B5036813600579046804EBC50404
:10CB0000A34202D36FF0010030BD5C7908338C4240
:10CB1000F1D10020F8E7026993680BB1D16818479A
:10CB2000704743689B681A7E520743BF9B6A002088
:10CB30000B706FF00F00704743689B681A7ED20736
:10CB4000FCD59962704743689B68EFF311822021FE
:10CB500081F31288BFF36F8F0121997502219975B6
:10CB600082F31188BFF36F8F704743689B68187E0C
:10CB700010F0010006D0002A03DD0A7801209A6235
:10CB8000704700207047012243689B681A75022293
:10CB90001A75704743689B68187E10F001001CBF2F
:10CBA000987D00F0010070470369187C70470422EB
:10CBB00043689B689A757047042243689B681A759E
:10CBC000704743689B68187EC0F3800070474368D5
:10CBD0009B68187E10F0040008D09B6A002ADBB224
:10CBE00002DD01200B7070476FF01500704743683D
:10CBF0009B68987D1B7E1840003818BF0120704745
:10CC0000802243689B689A757047802243689B68BE
:10CC10001A757047436801699A680120137EC3F34F
:10CC200040030B74BA23137670470369C3E90212F9
:10CC300070470269002013680B6053684B607047AF
:10CC4000002208B511466620F5F7DCFA6620F5F7F4
:10CC5000B7FA002267201146F5F7D4FA6720F5F7F6
:10CC6000AFFA002268201146F5F7CCFA6820F5F7F4
:10CC7000A7FA002269201146F5F7C4FA6920F5F7F2
:10CC80009FFA00226A201146F5F7BCFA6A20F5F7F0
:10CC900097FA00226B201146F5F7B4FABDE8084078
:10CCA0006B20F5F78DBA43689B68588B5A8BC0F39D
:10CCB000800092075A8B48BF40F0040002F0010246
:10CCC00040EA42005A8BD1065A8B48BF40F0080018
:10CCD00092065A8B48BF40F0100092B242F03702E1
:10CCE0005A8370470268012922F07062034602608D
:10CCF00004D002290CD0026802607047026842F03A
:10CD000080720260426842F400525A60FAF746B8F4
:10CD1000026842F080720260426822F40052F4E736
:10CD200038B5044648B1FAF7BBFA782305465C43A8
:10CD3000FAF7B6FA431BA342FAD338BD10B54369DC
:10CD400004463BB90020E2684042537843F00103B7
:10CD5000537010BD98470028F4D00028B8BF404257
:10CD6000FF28A8BFFF20E3681870ECE740B1C36854
:10CD7000587810F001001EBF1878B0FA80F0400912
:10CD80007047EFF31183202383F31288BFF36F8F73
:10CD9000FEE72DE9F04F89B0DDE9126805924346C0
:10CDA0000546324606A80F4600F034FCDDE906349D
:10CDB000CDE90234EFF311844FF0200989F3128892
:10CDC000BFF36F8F05F10C0A05F1140B39462846A5
:10CDD000059A149B984730B184F31188BFF36F8F85
:10CDE00009B0BDE8F08F56EA0806F5D0DDE9022368
:10CDF00006A800F034FCDDE9066852462146584694
:10CE0000CDE90068FBF7DEFAEFF3118489F31288AD
:10CE1000BFF36F8FDAE710B400F10C04C0E90344EC
:10CE200010BCFCF7ABBB38B50446EFF311852023EB
:10CE300083F31288BFF36F8FF3F7C6FC04F10C0085
:10CE400000F0FDFA30B1294604F11400BDE8384085
:10CE500000F0DBBA85F31188BFF36F8F38BD10B5D2
:10CE600042696AB1836842EA0301890708D101690E
:10CE7000A2FB011424B95B182CBF0121002102D3AD
:10CE80006FF0150005E0C1609B1A02698A4201D863
:10CE9000002010BDC26801311A604269C3609B1A4C
:10CEA000F3E72DE9F04105460F46EFF31188202303
:10CEB00083F31288BFF36F8FC668FEB90468A0427F
:10CEC0001CD0DCB1D4E9003213605A60237CC4E981
:10CED000006623F002032374A66004F1180000F03A
:10CEE0005EFB2046C4F88060676100F030FA41467E
:10CEF00005F10800BDE8F04100F087BA3E60AB697B
:10CF0000EF60013BAB6188F31188BFF36F8FBDE821
:10CF1000F081202408B5EFF3118384F31288BFF366
:10CF20006F8FFDF76DF8F6E7D0E9003213605A60B5
:10CF30000023027CC0E9003322F002020274836005
:10CF4000704713B501240094FAF7C0FB02B010BD7E
:10CF500090F90E308B4201D0FBF760BA0020704789
:10CF600003460020C3E90033C3E902007047D0E95B
:10CF7000003213605A600023027CC0E9003322F0C3
:10CF800002020274836070472DE9F843904604461C
:10CF90000D469DF82020EFF31187202181F31288A0
:10CFA000BFF36F8F02B14568A66804F10809B14567
:10CFB00016D0AEB100243046FFF7D9FF06F11800B5
:10CFC00000F0EDFA3046C6F88040C6F8148000F054
:10CFD000BEF94846394600F018FA2046BDE8F88305
:10CFE000A3B10820FBF714FE002832D00122C0F8BC
:10CFF00004800260016801F003015DB922680A4300
:10D000000260626820606AB960600BE04046C8F860
:10D010000030EFE72A68032A10D80160616839B947
:10D02000C4E90000002087F31188BFF36F8FD5E7B4
:10D030000A6802F0030202430A60E5E722F00302F5
:10D040000A4302602A6802F0030240EA02032B60EE
:10D05000E8E76FF00B00E6E710B5044630B1026870
:10D06000930703D0446809B100F098FB204610BD37
:10D070000023C0E9003300F10803C0E90233704720
:10D08000012307B5009300230A461946FFF77CFFEA
:10D0900003B05DF804FB002307B50A460093194668
:10D0A000FFF772FF03B05DF804FB00210068FFF793
:10D0B000D3BF3AB18A4205D3C0E90212C0E90000E9
:10D0C000002070476FF015007047012302688B4005
:10D0D00022EA0303036022FA01F000F00100704726
:10D0E00010B5032104460C30FFF7EFFF30B104F117
:10D0F000100000F054FAB0FA80F0400910BD20B1E1
:10D1000000229430114600F007BA704770B5C3682A
:10D110000446C3F340069B0716D4856802210C30F1
:10D12000FFF7D3FF80B1D5F88C206AB194421DD1AE
:10D1300022689EB9D5F89030C5F88C209C4201D168
:10D14000C5F8902000232360E36813F01F001EBF82
:10D1500043F00203E36040F0020070BD3260D5F896
:10D160009020944208BFC5F89060EBE7164612681D
:10D17000DBE773B50446EFF31185202383F31288B0
:10D18000BFF36F8F00230193D0E90423B3F1004F65
:10D1900008BF012A05D085F31188BFF36F8F02B055
:10D1A00070BDA0F1100603210438FFF78EFF0028A0
:10D1B000F1D0A369304601A90193FAF7A5FDEAE78A
:10D1C00038B504460D461022002100F0FBFA6560D8
:10D1D00038BD13B501900846EFF31184202383F383
:10D1E0001288BFF36F8F01A9FAF78EFD84F31188BF
:10D1F000BFF36F8F02B010BD10B5FFF7EAFF041E3A
:10D2000008DDEFF31180202383F31288BFF36F8FC3
:10D21000FBF770F9204610BD38B530220D460021CD
:10D22000044600F0CFFA4FF480736560E36038BDC8
:10D23000F8B504460D46EFF31187202383F31288D7
:10D24000BFF36F8FC36803F01F03002B14BF0126C9
:10D25000002609D0FFF744FF2046FFF757FF294675
:10D260002046FAF733FD034687F31188BFF36F8F2B
:10D270003BB14FF0FF324FF0FF3305F10800FAF7F2
:10D2800017FC3046F8BDEFF30580003818BF0120C9
:10D2900070476FF0570070470020704738B5858998
:10D2A000EFF31181202282F31288BFF36F8F037C8A
:10D2B00013F0080404D081F31188BFF36F8F38BDD9
:10D2C0000122FAF785FFEB07F9D584F31188BFF344
:10D2D0006F8F0423184602DFF1E7FBF731B8D0E97E
:10D2E000003213605A600023C0E90033704708B56C
:10D2F000FFF7F5FF037C23F0020303740023836030
:10D3000008BD38B504460D46FAF7AEFE237C43F05F
:10D3100002032374D5B1A5602B689D4209D16B68C7
:10D32000C4E900531C606C6010E06A689A42F6D051
:10D330001B68002BF3D093F90E1094F90E20914244
:10D34000F3DD5A68C4E9003214605C6038BD10B582
:10D35000EFF31184202383F31288BFF36F8FFAF762
:10D36000ADFE84F31188BFF36F8F10BDFAF7A6BE30
:10D37000FAF77ABE08B5EFF31181202282F3128802
:10D38000BFF36F8F83680BB1FFF7B1FF81F3118893
:10D39000BFF36F8F08BD08B5037C014613F0280F5B
:10D3A0000CD183680BB1FFF7A2FF0B7C084623F07A
:10D3B00004030B74BDE80840FAF780BE08BD10B541
:10D3C000EFF31184202383F31288BFF36F8F183893
:10D3D000FFF7E1FF84F31188BFF36F8F10BD08B52D
:10D3E0000346EFF31181202282F31288BFF36F8F7F
:10D3F0000068834207D008B1FFF779FF81F31188F5
:10D40000BFF36F8F08BD0020F8E70846FAF796BE15
:10D4100038B5054604680020AC4200D138BD002C68
:10D42000FCD02046FFF763FF04F1180000F0B7F8C6
:10D430002046FAF743FE2C680120A542EDE710B51F
:10D44000EFF31184202383F31288BFF36F8FFFF76C
:10D45000DFFF84F31188BFF36F8F10BD38B5054629
:10D460000C46FBF75BF8B4F1FF3F08BFB5F1FF3F97
:10D470000AD0C11709304FF00A024FF0000341F102
:10D480000001F2F7BDFD38BD4FF0FF30FBE7C117DB
:10D49000633008B54FF064024FF0000341F1000122
:10D4A000F2F7AEFDC117FBF739F86423584308BD06
:10D4B0002DE9F04706460F4691469A46EFF311884C
:10D4C000202383F31288BFF36F8F0068864206D053
:10D4D00028B1736898420CBF0025056868B900241C
:10D4E000B9F1000F02D051462046C84788F3118891
:10D4F000BFF36F8F2046BDE8F0875146B84704461A
:10D500000028EDD135B17368AB4200D02C682846B5
:10D510002546E3E72C46FAE738B5EFF311852023DB
:10D5200083F31288BFF36F8F0468A0421CD0ECB164
:10D53000C4F880106261D4E9003213605A6000239D
:10D54000227CC4E9003322F002022274A36004F1B9
:10D55000180000F024F82046FFF708FF012085F3AB
:10D560001188BFF36F8F38BD0020F8E72046F6E73B
:10D5700008B50246FBF7E0F870B1D0E904319B1A18
:10D5800061EBE272B3F1004F72F1000104DA002A9C
:10D59000ACBF1846002008BD6FF00040FBE7024614
:10D5A00038B5EFF31185202383F31288BFF36F8F13
:10D5B0000368D3B1FBF7C0F804461046FBF7CEF87A
:10D5C00000224FF000438442C0E9042305D000202C
:10D5D00085F31188BFF36F8F38BDFBF7B5F8FFF700
:10D5E000C7FF0021F9F7C2FDF1E7D0E90413B3F159
:10D5F000004F08BF012904D100204FF00041C2E9CB
:10D6000004016FF01500E3E708B5FBF7AFF908BDBB
:10D61000FBF7ACB9B3F1FF3F08BFB2F1FF3F70B504
:10D6200006461D46144614D01A4316D0002B08DBBC
:10D63000FBF79CF9041941EB0501C6E900413046AE
:10D6400070BD6FF001031C1B4FF0FF3363EB05014E
:10D65000F3E74FF0FF342146EFE70024FBE7B3F197
:10D66000FF3F08BFB2F1FF3FF8B5074616461C461C
:10D6700010D054EA020311D0FBF778F9B0420A4601
:10D68000A14103460AD2F31A64EB0204C7E900344D
:10D690003846F8BD4FF0FF331C46F7E70023FBE7A1
:10D6A0000023C0E9081200F11802C0E90622C0E90F
:10D6B00000330363436370472DE9F3470446DDE914
:10D6C0000A9815460E4659B302F0010AFAF79CFF74
:10D6D0000746EFF31181202383F31288BFF36F8F86
:10D6E000A80744BF0023A360A36803EA0600BAF1B9
:10D6F000000F0CD086420CD16A0744BF8343A3605D
:10D7000081F31188BFF36F8F02B0BDE8F087002866
:10D71000F2D159EA080305D181F31188BFF36F8F65
:10D720000020F1E7C7E918652246CDE9009804F129
:10D730000C00FAF747FE0028F2D1386EE4E710B586
:10D740000B680446D0E9180212F0010F03EA000347
:10D7500001D0984211D183B12366520748BF4A686D
:10D7600004F1180044BF1A434A60FFF718FF002372
:10D770002046C4F88030FFF70EFE002010BD0023C5
:10D78000C0E90000836070470A46FBF7F5B90A4616
:10D790000021FBF7F1B95200FFF78EBF20B1011F46
:10D7A00050F8040CFFF73FBB70470A44431E9142F8
:10D7B00000D1704710B511F8014B914203F8014FA9
:10D7C000F9D110BD02440346934200D1704703F8DB
:10D7D000011BF9E70246014410B58A42134603D003
:10D7E0001C780132002CF8D1181A10BDF0B5C3F125
:10D7F0003707044603F01F031046FFB2082BE6B2BA
:10D8000032D0102B3DD06508A40845EAC17544EA22
:10D8100081748A082D1942EB5102290941EA0271EB
:10D820006D1842EB1212290A41EA02616D1842EBAF
:10D830001222290C41EA02416D1842EB1242AD1846
:10D8400042F10002EC0844EA4274D10804EB84027D
:10D85000A6EB4205EDB2092D0CD90134A5F10A055C
:10D8600041F10001EDB212E0E40806F0070544EAD8
:10D870004174C908303554EA010200F8015BBDD19A
:10D88000F0BD240906F00F0544EA01740909092DC9
:10D8900084BFED19EDB2EDE7D1E9043293421EBF2A
:08D8A0005A1C0A611870704760
:08D8A800B027FF7F0100000022
:10D8B0000000000018D9000C0976000C00000000E0
:10D8C0004976000C000000000000000034D9000C74
:10D8D000000000006CD9000C0000000050D9000CC2
:10D8E000096C000C00000000CD70000C000000006E
:10D8F000B510000C00000000A528000C000000007E
:10D900002D8C000C000000000000000088D9000CE5
:08D910003D38000C000000008E
:10D9180006FD000C10E2000C94DE000CDE03002073
:10D92800F01500204569000C00000000F4F4000C1C
:10D9380068E1000C00000000DA030020BC1300209E
:10D948003D48000C0000000060F4000C40E1000CB1
:10D95800B0DE000CD8030020300000204146000C47
:10D968000000000065FD000C38E2000C04DF000C2C
:10D97800E00300202C160020D16E000C00000000EF
:10D98800C5F6000C90E1000CC0E1000CDC0300209F
:0CD99800880200202D4D000C0000000053
:10D9A40000000000E59F000C00000000E59F000C53
:10D9B40000000000E59F000C00000000E59F000C43
:10D9C40000000000E59F000C00000000E59F000C33
:10D9D40000000000E59F000C00000000E59F000C23
:10D9E40000000000E59F000C00000000E59F000C13
:10D9F40000000000E59F000C00000000E59F000C03
:10DA040000000000E59F000C34D9000C13AE000C9C
:10DA140034D9000C41AE000C34D9000C71AE000CAA
:10DA240034D9000CA1AE000C34D9000CD1AE000CDA
:10DA340034D9000C01AF000C34D9000C31AF000C08
:10DA440034D9000C61AF000C34D9000C91AF000C38
:10DA540034D9000CC7AF000C34D9000CFDAF000C56
:10DA640034D9000C33B0000C34D9000C69B0000C6C
:10DA740034D9000C9FB0000C34D9000CD5B0000C84
:10DA840034D9000C0BB1000C00000000E59F000C21
:10DA940000000000E59F000C00000000E59F000C62
:10DAA40000000000E59F000C00000000E59F000C52
:10DAB40000000000E59F000C00000000E59F000C42
:10DAC40000000000E59F000C00000000E59F000C32
:10DAD40000000000E59F000C00000000E59F000C22
:10DAE40000000000E59F000C00000000E59F000C12
:10DAF40000000000E59F000C00000000E59F000C02
:10DB040000000000E59F000C00000000E59F000CF1
:10DB140000000000E59F000C00000000E59F000CE1
:10DB240000000000E59F000C00000000E59F000CD1
:10DB340000000000E59F000C00000000E59F000CC1
:10DB440000000000E59F000C00000000E59F000CB1
:10DB540000000000E59F000C00000000E59F000CA1
:10DB640000000000E59F000C00000000E59F000C91
:10DB740000000000E59F000C00000000E59F000C81
:10DB840000000000E59F000C00000000E59F000C71
:10DB940000000000E59F000C00000000E59F000C61
:10DBA40000000000E59F000C00000000E59F000C51
:10DBB40000000000E59F000C00000000E59F000C41
:10DBC40000000000E59F000C00000000E59F000C31
:10DBD40000000000E59F000C00000000E59F000C21
:10DBE40000000000E59F000C00000000E59F000C11
:10DBF40000000000E59F000C00000000E59F000C01
:10DC040000000000E59F000C00000000E59F000CF0
:10DC140000000000E59F000C00000000E59F000CE0
:10DC240000000000E59F000C00000000E59F000CD0
:10DC340000000000E59F000C00000000E59F000CC0
:10DC440000000000E59F000C00000000E59F000CB0
:10DC540000000000E59F000C00000000E59F000CA0
:10DC640000000000E59F000C00000000E59F000C90
:10DC740000000000E59F000C00000000E59F000C80
:10DC840000000000E59F000C00000000E59F000C70
:10DC940000000000E59F000C00000000E59F000C60
:10DCA40000000000E59F000C00000000E59F000C50
:10DCB40000000000E59F000C00000000E59F000C40
:10DCC40000000000E59F000C00000000E59F000C30
:10DCD4006CD9000C17CB000C6CD9000C17CB000CC2
:10DCE4006CD9000C17CB000C6CD9000C17CB000CB2
:10DCF4006CD9000C17CB000C6CD9000C17CB000CA2
:10DD040000000000E59F000C00000000E59F000CEF
:10DD140000000000E59F000C00000000E59F000CDF
:10DD240000000000E59F000C00000000E59F000CCF
:10DD340000000000E59F000C00000000E59F000CBF
:10DD440000000000E59F000C00000000E59F000CAF
:10DD540000000000E59F000C00000000E59F000C9F
:10DD640000000000E59F000C00000000E59F000C8F
:10DD740000000000E59F000C00000000E59F000C7F
:10DD840000000000E59F000C00000000E59F000C6F
:10DD940000000000E59F000C00000000E59F000C5F
:10DDA40000000000E59F000C00000000E59F000C4F
:10DDB40000000000E59F000C00000000E59F000C3F
:10DDC40000000000E59F000C00000000E59F000C2F
:10DDD40000000000E59F000C00000000E59F000C1F
:10DDE40000000000E59F000C00000000E59F000C0F
:10DDF40000000000E59F000C00000000E59F000CFF
:10DE040000000000E59F000C00000000E59F000CEE
:10DE140000000000E59F000C00000000E59F000CDE
:10DE240000000000E59F000C00000000E59F000CCE
:10DE340000000000E59F000C00000000E59F000CBE
:10DE440000000000E59F000C00000000E59F000CAE
:10DE540000000000E59F000C00000000E59F000C9E
:10DE640000000000E59F000C00000000E59F000C8E
:10DE740088D9000C914F000C00000000E59F000CB5
:10DE840000000000E59F000C00000000E59F000C6E
:10DE9400955E000C8D5C000C00000000495B000CDA
:0CDEA40079C8000C00000000AD57000C15
:10DEB00095A9000CD545000C00000000F3A8000C4B
:10DEC000E9A9000CBFA9000C81A9000C47AD000C0A
:10DED0005DAA000C95A8000C75AD000C53AA000CAF
:10DEE00000000000ADA8000C0000000000000000D1
:10DEF000B5A8000C01AD000CC7A8000C67AB000C66
:10DF0000CFA8000C23CB000C39CB000CA7CC000C05
:10DF1000D16D000C33CC000C6BCB000CCFCB000CC4
:10DF200047CB000C87CB000C95CB000CAFCB000C83
:10DF3000B9CB000CA9CB000CC3CB000C01CC000C5E
:10DF40000BCC000CEFCB000C15CC000C2BCC000C38
:08DF50000000000000000000C9
:10DF5800C6E7000C03000000CBE5000C030000003E
:10DF680015FD000C030000002EFD000C0100000050
:10DF780012F5000C03000000EAE7000C03000000A3
:10DF8800EEE7000C03000000EEE8000C03000000C0
:10DF9800D8ED000C030000005AEE000C030000004E
:10DFA80062EE000C030000005EFE000C030000009F
:10DFB8001BE7000C03000000D7E7000C030000007B
:10DFC80075FD000C03000000A4F5000C0100000022
:10DFD800D2F6000C0100000019F3000C010000004B
:10DFE80085F0000C01000000F4F3000C01000000B3
:10DFF8006EF1000C0100000010EF000C01000000A1
:10E0080007EF000C010000004FF4000C01000000B5
:10E0180030F4000C0100000023F2000C01000000A5
:10E0280057F4000C0100000034E4000C0300000069
:10E03800E4E0000C90010020DDE8000C0100000085
:10E048002CE4000C00000000D8E5000CE3E5000C0F
:10E05800F0E5000CFFE5000C10E6000C1AE6000CD9
:10E0680033E6000C44E6000C50E6000C64E6000CB5
:10E078007FE6000C92E6000C180600200001000064
:10E08800399D000CD79C000C02000000E19E000C9A
:10E098000000000000000000000000000000000078
:10E0A800BDE8000CC5E8000C0000000000000000FE
:10E0B80000000000CDE8000CD1E8000CD5E8000C09
:10E0C800D9E8000CD4E0000C640F0020591A000CA9
:10E0D8007C0F00207F1A002001000000A19F000C87
:10E0E800979F000C659F000C599F000C00000000D2
:10E0F8004D9F000C00000000000000200000000000
:10E10800060001000200000014E1000C00000008F5
:10E118004BEE000C06000000E0FF1F0C0000002082
:10E1280053EE000C21000000E0FF07203129000C0D
:10E138000000000075A0000CE8010020D0010020BC
:10E148007E03002028020020FC01002034E1000C9E
:10E1580064E1000C0002000000000000BC0F002079
:10E1680000A0014418D9000C1A7F132403C5FF1F0F
:10E1780041B1000C0100000004E2000C3C04002046
:10E188000000000000000000000000460800000039
:10E19800F0130020F0140020882100200004000063
:10E1A80002000000000000000000000001BC000C9C
:10E1B800FBBB000C6400000047BA000C71C5000CE2
:10E1C800DBBA000CB3B9000C5BC0000C0000000007
:10E1D80083BC000C0BBE000C7DBF000C35BA000CD4
:10E1E800F949000CE54E000C5D4A000C7D4B000C13
:10E1F800B54A000C0DBF000C1DBF000C45C8000C33
:10E20800000000002DC8000C00C0004400E00044DD
:10E218000000014400200144008000440500000083
:10E228000010804480108044001180448011804494
:10E2380000C20100030001000020004500010000A9
:10E24800010000000000000041CC000C18D9000CAF
:10E258002E7F302423DAFF1F64E2000C6CE2000CEE
:10E2680001000000AEE2000C020000000FFE000CEE
:10E278001DFE000C31FE000C40FE000C4CFE000C94
:10E28800B0D8000CB0D8000CE8D8000CF0D8000CBE
:10E2980018D9000C18D9000C8FFE000C00010000E2
:10E2A800000000000904902300008023000046615C
:10E2B800696C656420746F20696E697469616C6942
:10E2C8007A65206C616E6775616765206465736344
:10E2D800726970746F722028256429004661696C20
:10E2E800656420746F20696E697469616C697A6508
:10E2F800206D616E75666163747572657220646500
:10E308007363726970746F722028256429004661EE
:10E31800696C656420746F20696E697469616C69E1
:10E328007A652070726F64756374206465736372B4
:10E338006970746F722028256429004661696C65CC
:10E348006420746F20696E697469616C697A6520EC
:10E35800534E2064657363726970746F7220282548
:10E368006429004661696C656420746F2061646487
:10E3780020486967682D537065656420636F6E6611
:10E38800696775726174696F6E004661696C65646E
:10E3980020746F20616464207265676973746572A4
:10E3A80020636C6173736573004661696C656420F2
:10E3B800746F206164642046756C6C2D53706565BC
:10E3C8006420636F6E66696775726174696F6E0049
:10E3D8004661696C656420746F207265676973743F
:10E3E8006572206D6573736167652063616C6C622B
:10E3F80061636B004661696C656420746F20696EA7
:10E40800697469616C697A652064657669636520F9
:10E41800737570706F72740073616D706C655F7581
:10E42800736264006466755F646675007573626420
:10E438005F73616D706C655F636F6E666967003FDF
:10E448000055534244206D6573736167653A202512
:10E4580073004661696C656420746F20656E616243
:10E468006C652064657669636520737570706F727A
:10E4780074004661696C656420746F206469736117
:10E48800626C652064657669636520737570706F6A
:10E498007274004661696C656420746F20676574E6
:10E4A8002062617564726174652C207265742063E2
:10E4B8006F6465202564004261756472617465202B
:10E4C8002575004661696C656420746F207265610A
:10E4D800642055415254204649464F0044726F709B
:10E4E8002025752062797465730044726F70202549
:10E4F80064206279746573004344432041434D208E
:10E50800646576696365206E6F74207265616479ED
:10E51800004661696C656420746F20696E6974696E
:10E52800616C697A65205553422064657669636534
:10E538000055534220646576696365207375707071
:10E548006F727420656E61626C65640057616974EE
:10E5580020666F72204454520044545220736574EC
:10E56800004661696C656420746F20656E61626C39
:10E57800652055534220646576696365207375701C
:10E58800706F7274004661696C656420746F2073E3
:10E598006574204443442C2072657420636F64655D
:10E5A800202564004661696C656420746F2073657A
:10E5B80074204453522C2072657420636F64652064
:10E5C8002564006364635F61636D5F6563686F0002
:10E5D800564255532072656164790056425553205E
:10E5E80072656D6F7665640044657669636520724F
:10E5F8006573756D65640044657669636520737538
:10E608007370656E64656400427573207265736526
:10E6180074004E65772064657669636520636F6E64
:10E6280066696775726174696F6E00436F6E7472A4
:10E638006F6C6C6572206572726F720053746163DF
:10E648006B206572726F72004344432041434D2032
:10E658006C696E6520636F64696E6700434443208C
:10E6680041434D20636F6E74726F6C206C696E65E8
:10E678002073746174650044465520646574616351
:10E688006820726571756573740044465520646F1F
:10E69800776E6C6F616420636F6D706C6574656410
:10E6A800006865617020636F7272757074696F6E4F
:10E6B80020286E6F7420696E207573653F2920616C
:10E6C80074202570006865617020636F72727570C0
:10E6D80074696F6E2028627566666572206F76654C
:10E6E80072666C6F773F2920617420257000686519
:10E6F800617020636F7272757074696F6E20286420
:10E708006F75626C6520667265653F2920617420AB
:10E718002570006F735F686561700028756E736996
:10E72800676E6564292063686172202A20757365A5
:10E738006420666F722025257020617267756D658B
:10E748006E742E2049742773207265636F6D6D6532
:10E758006E64656420746F2063617374206974202B
:10E76800746F20766F6964202A206265636175730F
:10E7780065206974206D6179206361757365206D0A
:10E7880069736265686176696F7220696E20636576
:10E79800727461696E20636F6E6669677572617401
:10E7A800696F6E732E20537472696E673A222573EF
:10E7B8002220617267756D656E743A256400636224
:10E7C8007072696E74665F7061636B616765007310
:10E7D80079735F6765746F7074006C6F6767696ED3
:10E7E80067006C6F67006C6F675F6D676D74004DD5
:10E7F8006573736167652028222573222920647256
:10E808006F707065642062656361757365206974F3
:10E8180020657863656564732073697A65206C691F
:10E828006D69746174696F6E2028257529004D65BE
:10E8380073736167652064726F70706564206265C8
:10E8480063617573652069742065786365656473B1
:10E858002073697A65206C696D69746174696F6E7B
:10E868002028257529000D0A001B5B306D002573D3
:10E8780020005B2530386C755D20005B25303275D3
:10E888003A253032753A253032752E253033752CBD
:10E89800253033755D20003C25733E200025732FFD
:10E8A8000025733A200025303278200020202000EF
:10E8B8007C002563001B5B313B33316D001B5B31F2
:10E8C8003B33336D006572720077726E00696E6655
:10E8D80000646267006C6F675F6261636B656E649A
:10E8E8005F75617274006C6F675F75617274007236
:10E8F800302F61313A202030782530387820207246
:10E90800312F61323A202030782530387820207233
:10E91800322F61333A20203078253038780072332E
:10E928002F61343A202030782530387820723132FF
:10E938002F69703A202030782530387820723134A9
:10E948002F6C723A20203078253038780020787083
:10E9580073723A2020307825303878004661756C1B
:10E9680074696E6720696E737472756374696F6E0B
:10E97800206164647265737320287231352F706367
:10E98800293A2030782530387800556E68616E64F1
:10E998006C6564204952516E3A202564002A2A2A5F
:10E9A8002A2A205553414745204641554C54202A90
:10E9B8002A2A2A2A0020204469766973696F6E2002
:10E9C8006279207A65726F002020556E616C6967E4
:10E9D8006E6564206D656D6F727920616363657320
:10E9E80073002020537461636B206F766572666CC8
:10E9F8006F772028636F6E74657874206172656123
:10EA0800206E6F742076616C6964290020204E6F37
:10EA180020636F70726F636573736F7220696E73B2
:10EA28007472756374696F6E73002020496C6C652D
:10EA380067616C206C6F6164206F66204558435F86
:10EA480052455455524E20696E746F205043002031
:10EA580020496C6C6567616C20757365206F662052
:10EA68007468652045505352002020417474656DC8
:10EA7800707420746F206578656375746520756E91
:10EA8800646566696E656420696E73747275637413
:10EA9800696F6E002A2A2A2A2A204D50552046419D
:10EAA800554C54202A2A2A2A2A00202053746163AC
:10EAB8006B696E67206572726F722028636F6E745F
:10EAC8006578742061726561206D69676874206279
:10EAD80065206E6F742076616C696429002020556A
:10EAE8006E737461636B696E67206572726F720012
:10EAF8002020446174612041636365737320566903
:10EB08006F6C6174696F6E0020204D4D4641522034
:10EB1800416464726573733A203078257800202048
:10EB2800496E737472756374696F6E2041636365AF
:10EB380073732056696F6C6174696F6E002020468C
:10EB48006C6F6174696E672D706F696E74206C618B
:10EB58007A79207374617465207072657365727652
:10EB68006174696F6E206572726F72002A2A2A2A90
:10EB78002A20425553204641554C54202A2A2A2AF5
:10EB88002A002020537461636B696E672065727276
:10EB98006F72002020507265636973652064617428
:10EBA8006120627573206572726F72002020424680
:10EBB800415220416464726573733A203078257835
:10EBC800002020496D707265636973652064617403
:10EBD8006120627573206572726F72002020496E21
:10EBE800737472756374696F6E20627573206572D1
:10EBF800726F72002A2A2A2A2A2053454355524501
:10EC0800204641554C54202A2A2A2A2A00202041ED
:10EC18006464726573733A2030782578002020493F
:10EC28006E76616C696420656E74727920706F69A4
:10EC38006E74002020496E76616C696420696E7478
:10EC4800656772697479207369676E617475726536
:10EC5800002020496E76616C696420657863657070
:10EC680074696F6E2072657475726E00202041742D
:10EC7800747269627574696F6E20756E6974207636
:10EC8800696F6C6174696F6E002020496E76616CE3
:10EC98006964207472616E736974696F6E002020F4
:10ECA8004C617A792073746174652070726573653C
:10ECB80072766174696F6E0020204C617A792073D6
:10ECC80074617465206572726F7200526573657243
:10ECD80076656420457863657074696F6E202800D6
:10ECE80053707572696F757320696E746572727589
:10ECF80070742028495251200020205320696E73D7
:10ED08007472756374696F6E20616464726573737D
:10ED18003A202030782578002A2A2A2A2A204841B1
:10ED28005244204641554C54202A2A2A2A2A002097
:10ED380020427573206661756C74206F6E2076654D
:10ED480063746F72207461626C652072656164001F
:10ED580020204465627567206576656E7400202002
:10ED68004661756C7420657363616C6174696F6E5C
:10ED780020287365652062656C6F772900415243CE
:10ED8800485F455843455054207769746820726538
:10ED980061736F6E2025780A002A2A2A2A2A2044BD
:10EDA80065627567206D6F6E69746F722065786330
:10EDB800657074696F6E202A2A2A2A2A002A2A2A4C
:10EDC8002A2A20257320256429202A2A2A2A2A006B
:10EDD8006D7075004661696C656420746F20616CA4
:10EDE8006C6F63617465206E6577204D5055207295
:10EDF8006567696F6E2025750A00506172746974C1
:10EE0800696F6E2025753A20636F686572656E6359
:10EE18006520636865636B206661696C65642E00B4
:10EE2800496E76616C696420756E6465726C796987
:10EE38006E6720726567696F6E20696E64657820F9
:10EE4800257500464C4153485F30005352414D5F91
:10EE580030006E65745F627566006E65745F62751A
:10EE6800665F73696D706C65005553422064657602
:10EE780069636520636F6E74726F6C6C657220696C
:10EE880073206E6F74207265616479004661696CE5
:10EE9800656420746F20656E61626C6520636F6EB7
:10EEA80074726F6C6C65720042756666657220706C
:10EEB8007265616C6C6F636174696F6E20666169FD
:10EEC8006C6564004661696C656420746F207265C6
:10EED80073657420636F6E66696775726174696FB4
:10EEE8006E004661696C656420746F2064697361A3
:10EEF800626C6520555342206465766963650075C8
:10EF08007362645F64657600757362645F646573D9
:10EF180063004661696C656420746F20656E717565
:10EF28006575652053746174757320494E20627548
:10EF380066666572004661696C656420746F206559
:10EF48006E71756575652053455455502062756618
:10EF580066657200436F6E66696775726174696F82
:10EF68006E2064657363726970746F7220257520F2
:10EF78006E6F7420666F756E640043616E206F6EED
:10EF88006C792068616E646C6520636F6E74726F53
:10EF98006C207265717565737473004D616C666F72
:10EFA800726D6564207365747570207061636B653C
:10EFB8007400556E65787065637465642062756663
:10EFC800666572206C696E6B656420746F2073656A
:10EFD800747570004661696C656420746F20736590
:10EFE800742064657669636520616464726573730F
:10EFF8002030782578004661696C656420746F203C
:10F0080073657420636F6E66696775726174696F82
:10F018006E2025752C202564004857494E464F2000
:10F028006E6F7420696D706C656D656E74656420B3
:10F038006F7220656E61626C6564004661696C651B
:10F048006420746F20656E717565756520537461F1
:10F05800747573204F555420627566666572004654
:10F0680061696C656420746F20656E61626C6520EF
:10F07800544553545F4D4F444520257500757362C0
:10F08800645F636839004661696C656420746F2049
:10F09800676574206366675F6E642C2064657370AF
:10F0A80069746520636F6E6669677572656420733D
:10F0B8007461746500556E7265636F76657261621E
:10F0C8006C65206572726F722025642C2065702033
:10F0D8003078253032782C206275662025700046FD
:10F0E80061696C656420746F20736574206465665B
:10F0F80061756C74206164647265737320616674F1
:10F108006572206275732072657365740046616963
:10F118006C656420746F207365742064656661751E
:10F128006C74207374617465206166746572206202
:10F138007573207265736574005544432065727257
:10F148006F72206576656E74004661696C6564202F
:10F15800746F20696E6974206465766963652064DC
:10F16800726976657200757362645F636F726500B9
:10F17800456E64706F696E6720307825303278206C
:10F188006E6F742061737369676E656400466169A8
:10F198006C656420746F2061737369676E20656E97
:10F1A80064706F696E7420616464726573736573EB
:10F1B800004661696C656420746F20696E697469C2
:10F1C800616C697A6520636C61737320696E73740E
:10F1D800616E6365004661696C656420746F2069BF
:10F1E8006E697420485320636F6E66696775726133
:10F1F80074696F6E202575004661696C65642074BA
:10F208006F20696E697420465320636F6E66696764
:10F2180075726174696F6E20257500757362645F1D
:10F22800696E69740046656174757265206E6F74E5
:10F2380020737570706F7274656420627920636FD3
:10F248006E74726F6C6C65720055534220646576FB
:10F2580069636520737570706F72742069732069B3
:10F268006E697469616C697A656400436F6E747263
:10F278006F6C6C657220646F65736E27742073758C
:10F2880070706F727420485300556E737570706F8C
:10F298007274656420636F6E6669677572617469FC
:10F2A8006F6E20737065656400485320636F6E66E7
:10F2B800696720616C7265616479206F6E204653BE
:10F2C800206C69737400465320636F6E666967200B
:10F2D800616C7265616479206F6E204853206C6997
:10F2E8007374004661696C656420746F206164649E
:10F2F80020636F6E66696775726174696F6E2073DB
:10F308007472696E672064657363726970746F7272
:10F3180000757362645F63666700555342206465D5
:10F328007669636520636C617373202573206E6F43
:10F338007420666F756E64004E6F20636F6E666929
:10F348006775726174696F6E2073657420284164F3
:10F3580064726573732073746174652900436C610A
:10F368007373207265676973746572656420746F5E
:10F37800206F7468657220636F6E7465787420619D
:10F388007420646966666572656E7420737065655D
:10F3980064004661696C656420746F2072656769F2
:10F3A8007374657220257320746F20485320636F2F
:10F3B8006E66696775726174696F6E20257500469F
:10F3C80061696C656420746F207265676973746520
:10F3D8007220257320746F20465320636F6E666910
:10F3E8006775726174696F6E202575007573626444
:10F3F8005F636C617373004661696C656420746F48
:10F408002068616E646C65206F702025642C20650F
:10F4180070203078253032782C20626D20307825A5
:10F428003038782C20256400757362645F696661E2
:10F438006365006465766963652069732073757315
:10F4480070656E64656400757362645F65700075ED
:10F458007362645F6D7367005A65706879722055CE
:10F468005342204344432D41434D006364635F612D
:10F47800636D5F300054696D656F757420776169DD
:10F4880074696E6720666F72204549435F53594E11
:10F498004342555359206269747320746F20636C1A
:10F4A80065617200436C6F636B20636F6E74726F7B
:10F4B8006C206F6E206661696C656420666F7220CF
:10F4C8006D636C6B20256400436C6F636B20636F06
:10F4D8006E74726F6C206F6E206661696C65642053
:10F4E800666F722067636C6B20256400696E7465B3
:10F4F80072727570742D636F6E74726F6C6C657256
:10F5080040343430316130303000696E74635F6D7F
:10F518006368705F6569635F673100657020307884
:10F528002530327820616C726561647920656E617E
:10F53800626C656400456E64706F696E7420307823
:10F54800253032782076616C69646174696F6E2049
:10F558006661696C656400657020307825303278A2
:10F5680020616C72656164792064697361626C659D
:10F5780064004661696C656420746F20616C6C6F0F
:10F5880063617465206E65745F62756620257A64B0
:10F598002C2065702030782530327800756463003F
:10F5A8004661696C656420746F2064697361626C7C
:10F5B8006520636F6E74726F6C20656E64706F691E
:10F5C8006E74204F5554004661696C656420746FF1
:10F5D8002064697361626C6520636F6E74726F6C0E
:10F5E80020656E64706F696E7420494E00466169CB
:10F5F8006C656420746F207265736572766520454A
:10F608005030204649464F0055534220636F6E7470
:10F61800726F6C6C65722072657365742074696DA5
:10F62800656F75740055534220636F6E74726F6C0A
:10F638006C657220656E61626C652073796E6320FB
:10F6480074696D656F757400555342205048592090
:10F6580072656164792074696D656F7574004661BF
:10F66800696C656420746F2072656769737465726C
:10F67800204F555420656E64706F696E7420256440
:10F68800004661696C656420746F207265676973F0
:10F6980074657220494E20656E64706F696E7420BF
:10F6A8002564004661696C656420656E61626C69F9
:10F6B8006E67206570203078253032780075736267
:10F6C800403436303030303030007564635F6D63FD
:10F6D80068705F67320025733A20434C4F434B5F95
:10F6E800434F4E54524F4C5F5355425359535F4109
:10F6F8004C4C206973206E6F7420737570706F7234
:10F708007465640025733A20496E76616C696420DB
:10F7180073756273797374656D20747970653D25AE
:10F72800640025733A20496E76616C696420696EBD
:10F738007374616E636520256420666F7220747926
:10F74800706520256420286D6178202564290025AE
:10F75800733A2052656375727369766520646570C3
:10F76800656E64656E637920646574656374656449
:10F778000025733A20496E76616C696420504C4CC0
:10F7880020736F7572636520646570656E64656E5D
:10F7980063790025733A20496E76616C6964204765
:10F7A800434C4B50494E20736F7572636520494432
:10F7B8000025733A204E554C4C20636F6E6669677E
:10F7C80075726174696F6E20706F696E746572000E
:10F7D80025733A20496E76616C696420737562738B
:10F7E800797374656D20747970653D256420696E40
:10F7F8007374616E63653D25640025733A20444641
:10F808004C4C34384D53594E432074696D656F75AF
:10F8180074206F6E2077726974696E67204F534346
:10F828004354524C5F44464C4C4354524C4200257E
:10F83800733A2044464C4C34384D53594E43207447
:10F84800696D656F7574206F6E2077726974696E63
:10F8580067204F53434354524C5F44464C4C4D55DC
:10F868004C0025733A2044464C4C34384D53594E7D
:10F87800432074696D656F7574206F6E20777269A7
:10F8880074696E67204F53434354524C5F44464C4F
:10F898004C4354524C410025733A2047434C4B5F2C
:10F8A80053594E43425553592074696D656F7574A9
:10F8B800206F6E2077726974696E672047434C4BDE
:10F8C8005F47454E4354524C5B25645D0025733AAF
:10F8D8002074696D656F7574206F6E207772697416
:10F8E800696E672047434C4B5F5043484354524C22
:10F8F8005F4348454E5F4D736B0025733A20496E50
:10F9080076616C69642073756273797374656D00D0
:10F9180025733A20556E737570706F727465642024
:10F9280073756273797374656D20747970650025D9
:10F93800733A2047434C4B47454E302063616E6E07
:10F948006F742062652064697361626C6564202845
:10F95800616C77617973204F4E290025733A2050E6
:10F968004C4C5B25645D206C6F636B2074696D651E
:10F9780064206F75740025733A20556E7375707026
:10F988006F7274656420636C6F636B207375627348
:10F99800797374656D20747970652025640025730A
:10F9A8003A20436C6F636B204F4E206F7065726115
:10F9B80074696F6E206661696C65640025733A200E
:10F9C800436C6F636B204F4E2074696D656F75745F
:10F9D8000025733A20584F5343207265616479209B
:10F9E80074696D6564206F75740025733A20736BB4
:10F9F800697070696E672064666C6C34386D5F6915
:10FA08006E69742C2061732044464C4C2069732025
:10FA1800616C7265616479206F6E0025733A20739A
:10FA28006B697070696E672064666C6C34386D5FE2
:10FA3800696E69742C20617320736F757263652019
:10FA480067636C6B2D2564206973206F66662E20B2
:10FA5800284D6178696D756D20696E6974207265CD
:10FA6800747279203D202564290025733A20736B30
:10FA7800697070696E672064666C6C34386D5F6994
:10FA88006E69742C2061732044464C4C20697320A5
:10FA980064726976696E672067636C6B30202843EF
:10FAA8005055290025733A2044464C4C34384D2093
:10FAB80072656164792074696D6564206F7574007E
:10FAC80025733A2044464C4C34384D53594E432004
:10FAD80074696D656F7574206F6E207772697469CB
:10FAE8006E672047434C4B5F5043484354524C0089
:10FAF80025733A20736F7572636520636C6F636B4F
:10FB0800202864726976696E6720504C4C5F2564C2
:10FB180029206973206F66662E20284D6178696DEB
:10FB2800756D20696E6974207265747279203D2044
:10FB38002564290025733A20535550435F53544197
:10FB48005455532074696D656F7574206F6E2077F6
:10FB5800726974696E6720535550435F5652454722
:10FB68004354524C0025733A2074696D656F75745F
:10FB7800206F6E2077726974696E672066726163A0
:10FB880074696F6E616C20646976696465720025BA
:10FB9800733A20736B697070696E6720706C6C5F64
:10FBA80025645F6F75745F25645F696E69742C20C6
:10FBB800617320697420697320616C72656164796E
:10FBC800206F6E0025733A20736B697070696E67D9
:10FBD80020706C6C5F25645F6F75745F25645F6966
:10FBE8006E69742C2061732064726976696E67206F
:10FBF800504C4C206973206F66660025733A207359
:10FC08006B697070696E6720786F736333326B5FEE
:10FC1800696E69742C20617320697420697320618E
:10FC28006C7265616479206F6E0025733A204F53BA
:10FC38004333324B4354524C2072656164792074CB
:10FC4800696D6564206F75740025733A20736B695C
:10FC58007070696E672067636C6B67656E2D2564CD
:10FC68005F696E69742C2061732069742069732040
:10FC7800616C7265616479206F6E0025733A207338
:10FC88006B697070696E672067636C6B67656E5F20
:10FC9800696E69742C20617320736F7572636520B7
:10FCA8006F662067636C6B2D25642C206973206F49
:10FCB80066662E20284D6178696D756D20696E69BC
:10FCC80074207265747279203D202564290025739B
:10FCD8003A2047434C4B5F53594E434255535920A2
:10FCE80074696D656F7574206F6E207772697469B9
:10FCF8006E672047434C4B5F4354524C4100636C42
:10FD08006F636B40343430313230303000636C6FA5
:10FD1800636B5F6D6368705F7069633332636B5FD9
:10FD280073675F6763006877696E666F5F6D6368A6
:10FD3800705F67310054696D656F7574207761690C
:10FD480074696E6720666F7220554152542053596A
:10FD58004E434255535920636C6561720073657256
:10FD6800636F6D4034353030323030300075617239
:10FD7800745F6D6368705F736572636F6D5F673121
:10FD88000048616C74696E672073797374656D00DF
:10FD9800556E6B6E6F776E206572726F7200756E3E
:10FDA8006B6E6F776E003E3E3E205A455048595262
:10FDB80020464154414C204552524F522025643A26
:10FDC800202573206F6E204350552025640046611E
:10FDD800756C7420647572696E6720696E746572DB
:10FDE800727570742068616E646C696E670A00438E
:10FDF800757272656E74207468726561643A202544
:10FE08007020282573290043505520657863657054
:10FE180074696F6E00556E68616E646C6564206904
:10FE28006E7465727275707400537461636B206FC1
:10FE3800766572666C6F77004B65726E656C206FC5
:10FE48006F7073004B65726E656C2070616E6963CC
:10FE5800006D61696E006F73002A2A2A20426F6F55
:10FE680074696E67205A6570687972204F532062F2
:10FE780075696C642035303531393534356531393B
:10FE880061202A2A2A0A00737973776F726B7100CE
:10FE9800286E756C6C29002A666C6F61742A00489C
:10FEA8005320436F6E66696775726174696F6E007F
:10FEB800465320436F6E66696775726174696F6E29
:10FEC8000055534244204344432041434D2073612D
:10FED8006D706C65005A65706879722050726F6A2F
:10FEE80065637400206D6573736167657320647260
:10FEF8006F70706564202D2D2D0D0A1B5B306D0011
:10FF08001B5B313B33316D2D2D2D200030313233C9
:10FF1800343536373839414243444546005A6570CE
:10FF280068797220555342204344432D41434D0084
:10FF3800000000000000000000AAAAAAAAAAAAAA13
:10FF4800AAEEEEEEEEEEEEEEEEFEFFFFFFFFFFFF97
:10FF5800FFFFFFFFFF7FBFDFEFF7FBFDFC7EBFDF8B
:10FF6800EFF7FBFD7E3F3F3F3F3F3F3F3F1F3F3F98
:10FF78003F3F3F3F3F3F0300003F3F3F3F2F3F3F53
:10FF880000000500000B380040636C6F636B5F6D09
:10FF98006368705F696E697400636C6F636B5F6F31
:10FFA8006E00636C6F636B5F6D6368705F6F6E008C
:10FFB800636C6F636B5F6D6368705F6F6666006329
:10FFC8006C6F636B5F6765745F726174655F6763AD
:10FFD8006C6B67656E00636C6F636B5F6D636870F5
:10FFE8005F6765745F7261746500636C6F636B5FF4
:08FFF800636F6E6669677572A4
:020000040C01ED
:10000000655F67636C6B67656E00636C6F636B5FE6
:10001000636F6E6669677572655F706C6C00636CA8
:100020006F636B5F636F6E6669677572655F646649
:100030006C6C00636C6F636B5F636865636B5F73AD
:10004000756273797300636C6F636B5F6D63687067
:100050005F636F6E66696775726500636C6F636B73
:100060005F67636C6B67656E5F696E697400636C74
:100070006F636B5F786F736333326B5F696E697444
:1000800000636C6F636B5F706C6C5F6F75745F693E
:100090006E697400636C6F636B5F706C6C5F696E2C
:1000A000697400636C6F636B5F64666C6C34386D8D
:1000B0005F696E697400636C6F636B5F786F736305
:1000C0005F696E697400636C6F636B5F6F6E5F7006
:0800D0006C6C0005060700013D
:1000D800000000003D44000C00000000000100008A
:1000E8000000000000000000000000000000000008
:1000F80000000000000000000000000000000000F8
:1001080050D9000C00C201000000080000000000E7
:1001180000000000000000000000000000000000D7
:1001280000000000000000000000000000000000C7
:1001380000000000BC01002000000000A801002011
:1001480000000000000000000000000000000000A7
:100158000000000000000000000000000000000097
:100168000000000000000000000000000000000087
:100178000000000000000000000000000000000077
:10018800000000000000000000000000BC0000208B
:10019800BC0000200000000001000000000000007A
:1001A8000000000048030020F800002000000000C4
:1001B8000000000000000000510300201001002092
:1001C8000000000000000000000000000000000027
:1001D8000004010000000000A7FE000C220300003C
:1001E8000000000000000000000401000000000002
:1001F800B8FE000C22030000000000000000000010
:1002080000030300000000000000000000030000DD
:1002180000000000000000000002010000000000D3
:10022800C9FE000C280300000000000000000000C8
:100238000001010000000000DDFE000C1E030000AC
:1002480000000000000000000000000000000000A6
:10025800ACE2000C04030000BD96000CF79C000CF7
:10026800CCE0000C00000000000000006BA0000CB7
:100278000000000000000000483E002000000000D0
:1002880000000000000000000004000048420020B8
:100298000000000000000000000000000004000052
:1002A8000000000000000000000501000000000040
:1002B80025FF000C2603000073F4000C000000006A
:1002C800540200200000000050D9000C7E030020DA
:1002D800860300208F030020940300209903002048
:1002E8009D030020C0030020A9030020C7030020AD
:1002F800CE030020D50300207E03002086030020C3
:100308008F03002094030020990300209D03002000
:10031800A2030020A9030020B2030020B903002093
:10032800D50300200000000037A8000C3145000C60
:100338009145000C8BAA000C69A9000C7FAA000C3F
:1003480000000000B7AD000C67AA000CF7A9000C6C
:100358000000000039A8000C0000000000000000A8
:100368000000000000000000000000000000000085
:100378000000000000000000000000000000000075
:100388000000000000000000000000000000000065
:100398000000000000000000000000000000000055
:1003A8000000000000000000000000000000000045
:1003B8000000000000000000000000000000000035
:1003C8000000000000000000000000000000000025
:1003D8000000000000000000000000000C030020E6
:1003E8000C03002000000000000000000E000000C8
:1003F800000000000000000000000000E00A0020EB
:10040800000000000000000000000000C80000001C
:10041800400300204003002009020000000100C042
:100428007D09020000000100C07D12010002EF02F8
:100438000140E32F01000404000000001201000243
:10044800EF020140E32F0100040400000000080B44
:100458000002020200000904000001020200000577
:1004680024001001052401000104240202052406C9
:1004780000010705810310000A09040100020A00AF
:100488000000070582024000000705010240000045
:10049800070581031000070705820200020007050F
:0704A8000102000200000048
:0D04AF000000000000000000000000000040
:1004BC000000000000000000000000000000000030
:1004CC000000000000000000000000000000000020
:1004DC000000000000000000000000000000000010
:0804EC00000000000000000008
:0404F4000000000004
:1004F80020040020200400204037002000000000D5
:0C050800080000001000000000000000CF
:100514000000000008380020000400000000000073
:0405240000000000D3
:1005280050040020500400200C0000000A000000C5
:10053800C836002040370020C8360020C8360020C2
:080548000000000000000000AB
:100550007804002078040020000000000100000062
:100560008804002088040020000000000100000032
:100570000000000000000000A0040020A0040020F3
:10058000020002000A0000000000000054E1000C1C
:10059000C03700200000000000000000C40400205C
:1005A000C4040020100010000A00000047B2000C34
:0805B00080E1000C083C002072
:1005B80020E4000C00000000000000000000000023
:1005C800000000000000000088D9000C00000000B6
:1005D8000000000000000000000000000000000013
:1005E8000000000000000000000000000000000003
:1005F80000000000000000000000000000000000F3
:1006080000000000000000000000000000000000E2
:1006180000000000000000000000000000000000D2
:0C0628006C0300205A03002000000000BA
:1006340000000000E80100200000000000000000AD
:080644000000000000000000AE
:10064C0000000000E8010020000000000000000095
:08065C00000000000000000096
:0406640015E015E0A8
:040000050C00216961
:00000001FF
