:020000040800F2
:10000000782800207522000CCFA4000C6122000C7F
:100010006122000C6122000C6122000C6122000CA4
:10002000000000000000000000000000A922000CF9
:100030006122000C000000005924000CC577000C60
:10004000C524000CC524000CC524000CC524000CDC
:10005000C524000CC524000CC524000CC524000CCC
:10006000C524000CC524000CC524000CC524000CBC
:10007000C524000CC524000CC524000CC524000CAC
:10008000C524000CC524000CC524000CC524000C9C
:10009000C524000CC524000CC524000CC524000C8C
:1000A000C524000CC524000CC524000CC524000C7C
:1000B000C524000CC524000CC524000CC524000C6C
:1000C000C524000CC524000CC524000CC524000C5C
:1000D000C524000CC524000CC524000CC524000C4C
:1000E000C524000CC524000CC524000CC524000C3C
:1000F000C524000CC524000CC524000CC524000C2C
:10010000C524000CC524000CC524000CC524000C1B
:10011000C524000CC524000CC524000CC524000C0B
:10012000C524000CC524000CC524000CC524000CFB
:10013000C524000CC524000CC524000CC524000CEB
:10014000C524000CC524000CC524000CC524000CDB
:10015000C524000CC524000CC524000CC524000CCB
:10016000C524000CC524000CC524000CC524000CBB
:10017000C524000CC524000CC524000CC524000CAB
:10018000C524000CC524000CC524000CC524000C9B
:10019000C524000CC524000CC524000CC524000C8B
:1001A000C524000CC524000CC524000CC524000C7B
:1001B000C524000CC524000CC524000CC524000C6B
:1001C000C524000CC524000CC524000CC524000C5B
:1001D000C524000CC524000CC524000CC524000C4B
:1001E000C524000CC524000CC524000CC524000C3B
:1001F000C524000CC524000CC524000CC524000C2B
:10020000C524000CC524000CC524000CC524000C1A
:10021000C524000CC524000CC524000CC524000C0A
:10022000C524000CC524000CC524000CC524000CFA
:10023000C524000CC524000CC524000CC524000CEA
:10024000C524000CC524000CC524000CC524000CDA
:10025000C524000CC524000CC524000CC524000CCA
:10026000C524000CC524000CC524000CC524000CBA
:10027000C524000CC524000CC524000CC524000CAA
:10028000C524000CC524000CC524000CC524000C9A
:10029000C524000CC524000CC524000CC524000C8A
:1002A000C524000CC524000CC524000CC524000C7A
:0802B000C524000CC524000C5C
:020000040C00EE
:1000000053B94AB9002908BF00281CBF4FF0FF317F
:100010004FF0FF3000F00CB8ADF1080C6DE904CEE4
:1000200000F01AF8DDF804E0DDE9022304B07047BF
:10003000704700BF10F8012B11F8013B012A28BFBF
:100040009A42F7D0D01A7047034613F8012B002AC2
:10005000FBD1181A013870472DE9F0478C468E46BF
:10006000089E154604461946002B40F0D080724584
:1000700047D9B2FA82F74FB1C7F120030EFA07FC55
:10008000BD40BC4020FA03F343EA0C0C4FEA154E86
:10009000A8B2230CBCFBFEF80EFB18CC08FB00F941
:1000A00043EA0C43994528D9EB1808F1FF3204D2F2
:1000B000994502D9A8F102022B44A3EB0903A4B28B
:1000C000B3FBFEFC0EFB1C330CFB00F044EA0344C4
:1000D000A04214D92C190CF1FF3304D2A04202D94A
:1000E000ACF102032C44241A43EA02401EB1FC4046
:1000F000002334607360BDE8F0874246DDE7634665
:10010000F1E7002A79D0B2FA82F3002B3FD01946EA
:10011000C1F1200302FA01F500FA01F42EFA03F20C
:100120000EFA01FE20FA03F3AFB243EA0E034FEAE0
:10013000154EB2FBFEFC0EFB1C201A0C0CFB07F844
:1001400042EA004290455AD9AA180CF1FF3004D275
:10015000904502D9ACF102002A44A2EB08029BB2FE
:10016000B2FBFEFC0EFB1C220CFB07F743EA02432A
:100170009F4246D9EB180CF1FF3204D29F4202D9BC
:10018000ACF102022B44DB1B42EA004202E0AEEB80
:10019000020301224FEA154EAFB2200CB3FBFEFC66
:1001A0000EFB1C330CFB07F840EA034398452AD9A1
:1001B000EB180CF1FF3004D2984502D9ACF10200E3
:1001C0002B44A3EB0803A4B2B3FBFEFC0EFB1C33D1
:1001D0000CFB07F744EA0344A74216D92C190CF18B
:1001E000FF3304D2A74202D9ACF102032C44E41B32
:1001F00043EA00400F46114678E71F2188E7604632
:10020000ABE76246BFE76046DBE76346EFE773456F
:1002100006D916B9002108466DE7C6E9000EF9E7D0
:10022000B3FA83F787B9734501D3824207D8841A9A
:100230006EEB030301209C461EB900215BE73846A4
:10024000FAE7C6E9004CF8E7C7F1200CBB4000FA1A
:1002500007F422FA0CF520FA0CF1BA401D432EFAED
:100260000CF30EFA07FE4FEA154941EA0E011FFA98
:1002700085FEB3FBF9F809FB18300B0C08FB0EFAEE
:1002800043EA00439A4540D9EB1808F1FF3004D205
:100290009A4502D9A8F102002B44A3EB0A0389B2C4
:1002A000B3FBF9F809FB183308FB0EFE41EA0341E2
:1002B0008E452CD9691808F1FF3304D28E4502D936
:1002C000A8F10203294443EA0040A1EB0E01A0FB80
:1002D00002984145CE46434602D306D14C4504D24E
:1002E0000138B9EB020E68EB0503002EA5D0B4EB84
:1002F0000E0261EB030101FA0CFC22FA07F3F9404C
:100300004CEA0303C6E9003197E74046C5E7434698
:10031000D9E7000013B50446284929480AF037FAFE
:10032000034638B1274A012127480AF003F8002084
:1003300002B010BD254922480AF029FA034608B147
:10034000234AF0E723491E480AF021FA034608B180
:10035000214AE8E721491A480AF019FA034608B188
:100360001F4AE0E701461F4A154803F02BFE0146ED
:1003700028B11D4A0121144809F0D3FFD7E71B4BD0
:1003800001220F4803F070FF034608B1184AF1E755
:100390000146024600900A480AF05FF90121084828
:1003A0000AF07FF90CB90648C2E7214604480AF072
:1003B0005FFC0028F7D00F4ADCE700BFA400002054
:1003C000CC03002012D8000CE0D4000C8C000020DC
:1003D00040D8000C7400002072D8000C5C00002093
:1003E0009FD8000C30000020C7D8000C04D5000CAA
:1003F000EED8000C0DD9000C08B5FFF78BFF40B10B
:10040000064802F009FC30B10121054A054809F00F
:1004100088FF002008BD0148FCE700BFCC03002096
:1004200031D9000CE0D4000C13B5064C0B46226801
:10043000032100920448054A09F086FF206802B0B3
:1004400010BD00BFA00D002038D4000C7CD9000CDA
:100450000121024A024809F078B900BF8ED9000C88
:1004600038D4000C08B50221034A044809F06DF99C
:100470006FF0850008BD00BFACD9000C38D4000C6B
:1004800007B5C388ADF800308368019300220023CC
:10049000694604480CF009F808B1FFF7D9FF03B02A
:1004A0005DF804FB24030020F8B50229069C04D063
:1004B000FFF7D8FF6FF08500F8BD002501270F4E2C
:1004C000306898B1237807FA05F213400269317950
:1004D000126807FA01F1114203D023B183681B6946
:1004E00003E0002BFAD08368DB6898470135032DC1
:1004F00006F10806E4D10020DEE700BF0CD5000CB1
:1005000080B50D4A0D4B00AF88B0002908BF1346D7
:100510006A460B49CDE905134FF40073ADF81C3062
:10052000084B42F8103F00234FF4E651064801F013
:10053000A3F8BD4680BD00BFC4D9000CD2D9000CC1
:10054000E2D9000C0300000138D4000C98B50E4A23
:1005500000AF0C1E8AB00D4B006818BF13466A46E8
:1005600007930B4B0B4908930B4BCDE9051042F851
:10057000103F00234FF42351084801F07DF8084B49
:100580001C70BD4698BD00BFF9DB000C0CDB000CF5
:1005900000020103F9D9000C0400000238D4000C59
:1005A00030120020F8B50B786E460B2B98BF214A0D
:1005B00000AF88B098BF52F8233005460C466A4613
:1005C00088BF1D4B1D49CDE905134FF40073ADF8ED
:1005D0001C301B4B42F8103F00234FF4E6511948E2
:1005E00001F04AF82378B546052B05D1636803214D
:1005F000154A144809F09EFE28460AF067F8B0B183
:10060000237843B9284602F047FB20B101210F4A65
:100610000C4809F09AF82478012C08D1284602F0F9
:100620009DFB20B10A4A2146064809F08EF8BD46D6
:10063000F8BD00BF24D5000C17DA000C19DA000C45
:100640000300000138D4000C2ADA000C42DA000C56
:1006500062DA000C07B50B46022100920348044AF7
:1006600009F072FE002003B05DF804FB38D4000CE2
:1006700083DA000C13B50B4614460321009204489C
:10068000044A09F061FE044B1C6002B010BD00BFBB
:1006900038D4000CADDA000CA00D00202DE9F0419B
:1006A0000026012584B0764C02AFD4F80080B8F162
:1006B000000F42D040460BF00DFE0346B0B96C4629
:1006C00088B0D8F8001002AA6E48C2E905014FF4BC
:1006D000007191836C4942F8101F4FF4E2516B484E
:1006E00000F0CAFFA5466FF0040443E020682179BA
:1006F000E388DA07D0F810C054BF43F4B01383F492
:10070000D01313F0010F23F48012DCF8003005FA47
:1007100001FED0F8088014BF4EEA030323EA0E035B
:10072000CCF80030D8F800309847034628B10121B2
:10073000574A564809F0FEFDD5E70136032E04F16D
:100740000804B2D153480BF0C5FD28B90121524A23
:100750004E4808F0FAFFC6E73F22504B50494D483B
:100760000AF02CFB044650B1012103464D4A47488C
:1007700009F0E0FD20460837BD46BDE8F0814A4853
:10078000FFF73AFE054638B90121484A3F4808F0CC
:10079000DCFF6FF01204EDE709F098FF50B928462E
:1007A00002F07AFA044628B10121414A374808F09C
:1007B000CCFFDFE703213F4A344808F0C6FF3E4E36
:1007C0003E4C4FF0FF324FF0FF3339463C4807F0C4
:1007D00045FB3B887A68991E09292CD8DFE801F08F
:1007E00012181E2B2B2B2B2B2B054AB15323A37036
:1007F00033783BBB0321334A244808F0A6FFE0E7E7
:10080000A270F5E712B13923E370F1E7E270EFE788
:1008100012B147232371EBE72271E9E73AB1402394
:1008200023701E23637142F21F03E380E0E722700E
:100830006271E280DCE7032100921448224A09F049
:1008400083FDBEE7284609F03CFF70B17B68002BB2
:10085000B7D0284602F0A0F903460028B1D01B4AC1
:1008600001210A4809F066FDABE722460821094844
:100870000AF0A1FA03460028A3D0154AF0E700BF0A
:100880000CD5000CBFDA000C0300000138D4000CBA
:10089000DADA000C48CE000CFEDA000CBC000020B6
:1008A0001FF9000C16DB000CA505000C38DB000C52
:1008B00042DA000C58DB000C30120020A40D00209E
:1008C000240300209FDB000C7BDB000CBBDB000C57
:1008D000D3DB000C2DE9F843884600AF00297DD01A
:1008E00005680122284608F082FF01460446284692
:1008F00008F037FF10EA020616D1E94688B06A46CA
:10090000384BCDE90538032342F8103F4FF4C2516C
:100910003346354800F0B0FECD4686F31188BFF36C
:100920006F8F0423184602DF2146284608F02FFF68
:10093000261831460022284608F013FF361AB44222
:1009400018D06E4688B06946284BCDE90538032398
:1009500041F8103F244813460A464FF4C25100F0B4
:100960008BFE0023B54683F31188BFF36F8F0423FA
:10097000184602DF00222146284608F00EFF2146D5
:1009800008F005FF261801223146284608F0E9FE46
:10099000C20708D43146284608F06BFF324621468C
:1009A000284608F0DDFF00222146284608F0D9FE3F
:1009B000261A01223146284608F0D3FEC30709D47F
:1009C0003146284608F055FF22463146284608F0B1
:1009D000C7FF34462146284608F0E0FFBD46BDE883
:1009E000F88300BF12DD000C60D4000CE9DC000CC1
:1009F0002DE9F04F91B0009302F004030293C2F38B
:100A0000C2030133840705460E46DDF868A0039251
:100A1000059340F09C81041D002849D101F0070690
:100A2000341DC6F10806009B00274FF004085A1E2B
:100A30004FF0FF33B9460193BB46434604970DB1CF
:100A4000009921600598002800F3D6808F4800990E
:100A5000814203D38E488142C0F0CE800399601B4F
:100A600011F0020C40F0D680B9F10F0F00F2CF80E8
:100A7000002D00F0D68009F140010DEB010E019927
:100A8000C0F387000EF8200C0EF8101CBCF1000F0C
:100A900000F0C38060F07F000EF8200C013709F1F0
:100AA0000109C5F108014FF6DA7E043406918CE0A5
:100AB0000729B8D86FF01B0011B0BDE8F08F7A2875
:100AC0005BD84B280FD8472857D829282ED8252857
:100AD00050D052D8202818BF23280CBF4FF0010B4C
:100AE0004FF0000B71E04C382E2846D8DFE800F0BC
:100AF0006D4545454545454545454545484545457B
:100B00004545454545564548485656566D486A45FB
:100B10006D4518481845457F7C48454548457C004B
:100B200000204FF0000B4FF0040835E001212A3877
:100B3000C0B201FA00F010EA0E0F46D110F0625C6C
:100B40002CD110EA010B40D06046013C4444B4FB78
:100B5000F8F408FB04F425B1A3EB050CA444B44558
:100B6000A8D8002870D00599013905915AF8041BBE
:100B7000009164E70199013901914FF0000B24E0E5
:100B800012F8010C6C2834D1002012F8023C834684
:100B90006C2BC8D14FF008084346D6E70AF1070A84
:100BA0002AF0070A073424F00704FAE802BC35B13A
:100BB00006982044B0423FF67DAFC4E900BC4FF038
:100BC000000B08344FF00808434612F8010F0028C4
:100BD00053D0BBF1000F7FF472AF2528F5D14FF051
:100BE000010B019B013301934FF00408ECE75846D9
:100BF00097E700208346A8E7039988077FF551AF60
:100C00004FF0010C601BB0F5007FFFF42DAF6FF0CB
:100C1000150051E74FF0000CF5E7049801300490FF
:100C20003DE7BCF1000F01D0013638E702980236EB
:100C300000287FF434AF0098CDE90632FFF704FABC
:100C4000DDE9063206442AE7042B08D10AF1040044
:100C500015B1DAF80010216082460434B5E70AF1D4
:100C6000070323F0070303F1080A1DB1D3E90001CC
:100C7000C4E9000108230834A7E7631BB3F5806FBC
:100C8000C5D23DB9A6F10804E01815E73CCD000C2B
:100C900014FB000C029A9B0828602B709DF8103002
:100CA000AAB1EB70AF702FB1002208A8C5F1010CFA
:100CB00091450ED14FF0000AC5F101030DF1200856
:100CC00001930DF1300BD14512D1601BF4E66B702E
:100CD000E8E710F8013B190608D50CEB040EB64501
:100CE00003F07F033FF6E6AE04F8013B0132DFE795
:100CF0001FB198F90020002A17DB029BD3B11AF824
:100D00000B2004F8012B0022019B18191044B0425B
:100D10003FF6D0AE98F80000009904F8010B204689
:100D200003920BF087FF039A14440AF1010A08F1B9
:100D30000108C8E798F8002055F822300093029B7C
:100D4000009845F82230FFF77FF9421CDCE76FF08E
:100D50000D00B1E62DE9F04F97B000AF05468A4689
:100D6000C7E90A3249B903784678807800EB8300F6
:100D70002844564524D8A0EB050AD7F8803095F8CA
:100D8000028003F00103D7F88040FB61EB78B8F1F3
:100D9000000F0CBF002404F001047B621BB1D7F8E4
:100DA00080309A0715D4A4B9FB6A1BB15146284676
:100DB000BA6A9847564630465C37BD46BDE8F08F64
:100DC000441C2046FFF740F9013020440AF1010A93
:100DD000CFE7D7F88030C3F3C0033B622B78BB6109
:100DE0009B003B616B687B61BB6905EB830BFB6A16
:100DF000002B77D15646D844BCB11C461BF8013BAA
:100E000055F82300FFF720F9D7F88430013043B1BB
:100E1000D7F88830A34282BFD7F8843023F8140073
:100E20000134C3450644E9D1D846D7F880304FF0A5
:100E3000000913F0050F0CBF4FF0020B4FF0010B30
:100E40007B6A9945B7D298F8013008F1020855F845
:100E500023A0AE4B9A45C0F04C81AD4B3A6A9A45FF
:100E60002CBF002301230AB318F8021C7869FB6227
:100E700008F018FFFB6AC8B1EA468AB06A46A54B7B
:100E800005937B69CDE906314FF40073ADF820304E
:100E9000A14B42F8103F00234FF412519F4800F03D
:100EA000EBFBD546023E09F10109C9E723B1FB6915
:100EB00033B9A6EB0B06F6E7D7F880309B07F2D5DF
:100EC0005046FFF7C1F8D7F884304BB1D7F88830D7
:100ED0009C423FBFD7F88420431C22F814300134D1
:100EE0000644E0E7002C6AD1B8F1000F6DD0D7F8C6
:100EF000803058076CD5C14607F148004246594634
:100F00000BF098FE00220BEB0803FB600233796ABA
:100F10008A425FD3D7F8802095F801B0F96992072B
:100F200004EB0B0348BF0022DBB258BF4FEA590263
:100F3000002940F0A680D7F8801011F0040F14BFEC
:100F4000494600216B70A970EA702846BA6A39696F
:100F5000FB6A9847061EFFF62EAFBB6949462B7009
:100F60007B6ABA6AEB7085F801B0FB6A85F802808B
:100F700007F148009847B0F10009C0F2B6803B691C
:100F80007A6A786A03EB4201FB68414403EB400054
:100F9000BA6AFB6AAAEB010198470028C0F2A78051
:100FA0004FF0000BB14409EB000607F1380AA345E6
:100FB00069D30021BA6A0846FB6A9847FBE64446B3
:100FC0004FF0000907F1380098E74446C14699E719
:100FD000A14697E713F8016CDFF830C155F82600F9
:100FE00013F8021C6045C0F08A80DFF824C1604518
:100FF000386A2CBF4FF0000B4FF0010B38B1786905
:10100000C7E9013208F04EFED7E90132F0B9BBF171
:10101000000F1ED0F96949B1611C04F1280007F1E5
:101020003004041904F8206CCCB20FE0D7F880101B
:1010300049070BD509F1280007F1300C09F101012E
:1010400000EB0C0909F8106C5FFA81F901320233E8
:101050005DE7D7F880008007DED409F1280C07F19E
:10106000300EF44409F101000CF8101C07F158018E
:1010700009F1020951FA80F05FFA89F900F8106C61
:10108000E4E700215EE71BF80A3055F8239087F863
:101090003730D7F884302BB3D7F888309B4521D22E
:1010A000D7F8843033F81B800121BA6AFB6A07F154
:1010B0003700984700281ADB0644B8F1000F06D124
:1010C0004846FEF7C1FF00F101081FFA88F84146C3
:1010D0004846BA6AFB6A9847002808DB06440BF1C9
:1010E000010B64E74FF00008DEE74E4663E6064674
:1010F00061E63B6A002B3FF4DFAE0023B4E6386ABA
:101100000028A6D04FF0000B79E700BF3CCD000CC3
:1011100014FB000C3FDD000C04000001E0D3000CC8
:10112000014B1860704700BFE000002080B5054605
:101130000E461746984607F073FD034601F0D4F9B2
:101140000446DFF81890424649F8003039463046E8
:10115000A84754F8090001F069F900BF0800000031
:101160002DE9F047044607464FF00109DFF84C80AF
:1011700094FAA4F5B5FA85F509FA05F32E0108EB02
:1011800005156FEA030A24EA03042B7B63B158F8C0
:1011900006301B696BB946447368042228461968F7
:1011A00007EA0A0709F04DF8002CE1D13846BDE8FE
:1011B000F087284698470028F6D1ECE7E8D4000CE1
:1011C00010B5002288B00E490E480BF0AEFC00228C
:1011D00000230024CDE906230E234FF44072CDE90D
:1011E0000334CDE90144084B08490094084807F04E
:1011F00001FA084906480BF0A2FA204608B010BDD3
:101200001912000CF00800202115000C38120020E3
:1012100060040020FEDD000C014806F077BF00BF2F
:10122000740300202DE9F047804620480F4608F05F
:10123000E4FF0646002832D000252846BDE8F087A6
:10124000237B83B12368DB680BB120469847636832
:1012500083F8069023681B69CBB963680422204693
:10126000196808F0EEFF013610345445E8D3B8F1A0
:10127000000FE2D0002DDFD02846FFF771FF0546B2
:10128000002FF7D0002164200BF03EFBF2E7204650
:1012900098470028E1D009FA06F31D43E3E7054625
:1012A0004FF00109024CDFF80CA0DEE7BC0D002076
:1012B000E8D4000CF8D4000C014B53F82000704720
:1012C00068D5000C08B5034608462BB1044A1360E4
:1012D00000F032FC002008BD6FF01500FBE700BFF6
:1012E000E400002010B5044C237813B9034806F03D
:1012F0000DFF0123237010BD311200207403002064
:1013000010B50446094808F078FF3CB1084BD3E813
:10131000EF1F0139C3E8E21F002AF8D1054807F0A2
:1013200007FFBDE81040044806F0F0BEB40D0020F1
:10133000B80D0020F0080020740300200022044BA8
:10134000D3E8EF0FC3E8E12F0029F9D1704700BFC0
:10135000B40D002070B5FFF7F1FF0546074C084EAD
:10136000B44200D370BD63685B792BB123685B68BE
:1013700013B12946204698471034F1E7E8D4000C11
:10138000F8D4000C10B5044C0449204608F0B7FD11
:10139000034B1C6010BD00BFB802002054D5000CE8
:1013A000AC0D002000230D4A10B513700C4A4FF409
:1013B0007A7113600B4A0C481360FFF783FFFFF745
:1013C000E1FF0A4B0A4918468B4200D310BD1A1A96
:1013D0005C681211013222711033F5E732120020DD
:1013E000B40D0020B80D00200DA2000CE8D4000CB4
:1013F000F8D4000C014600220023014808F0A0BDEB
:10140000B8020020014808F037BE00BFB802002033
:10141000024B0146186808F08ABE00BFAC0D0020E0
:10142000014808F0BFBE00BFB802002070B5254BD0
:101430001B78002B43D0FFF7E5FF044600283BD183
:10144000214B224D1B68002B12DD0BF026FB0A22DC
:101450000023FEF7D5FDD5E90032C01A40F2E9338A
:1014600061EB0201984271F1000101D3FFF772FFB5
:10147000D5E9003213F57A7342F10002C5E9003272
:10148000ECB1BDE87040FFF7CBBF6B685B7923B16F
:101490002B68214628461B6898471035B542F4D37F
:1014A0002046FFF7B5FF0A4BD3E8EF1F0139C3E829
:1014B000E21F002AC4D0F7E7064D074EEEE70020F2
:1014C00070BD00BF31120020B40D0020E8080020DC
:1014D000B80D0020E8D4000CF8D4000C70B50D4D08
:1014E000297861B90120FFF79DFE0B4C0B4EB442E9
:1014F00006D3FFF79BFF0028FBD101232B7070BDA3
:1015000063685B791BB1236820469B689847103459
:10151000EDE700BF32120020E8D4000CF8D4000C34
:1015200000212DE9F8430846FFF77CFE044648B346
:101530004FF4FA784FF0000900F0D6FF1A4B1B4A1F
:101540001B58136033B11A4B1B68092B02DD194875
:1015500006F0DCFD0025184F44B12046FFF700FEE1
:10156000044618B94FF0FF384FF0FF39FFF75EFF20
:10157000064628B9B5B90F4842464B4606F0FAFD73
:101580003546E9E74FF0FF384FF0FF39D4E72B68D5
:101590009B691BB100222846114698471035BD4271
:1015A000F5D3E8E7054DFAE708000000B00D00208C
:1015B000B80D002074030020F8D4000CE8D4000C0F
:1015C00013B5184808F019FE174B1B7873B1EFF3E9
:1015D0001184202383F31288BFF36F8FFFF726FF58
:1015E00084F31188BFF36F8F02B010BD0F4B1B68DF
:1015F000002BF9D050B9002200230D48CDE900237B
:1016000042F21072002307F05BFDEDE70928EBD1F1
:10161000074807F08DFD074802B0BDE8104006F00E
:1016200075BD00BFB80D002032120020B00D0020A3
:10163000F00800207403002010B5064B04461B6818
:1016400098472146A060044808F0F7FCBDE8104028
:10165000FFF7B6BFE4000020B8020020044A054BA3
:101660009B1AB1EBD30F34BF52F831000020704702
:10167000E0D3000CE8D4000C2DE9F04F8FB0C1F39B
:101680004A2604AF0D469046B8607B600C0D002ED4
:1016900061D04FF000090A234FF0040B07F1140A40
:1016A000FE60C7E90799C7F824900093CDF808B009
:1016B000CDF804A007F11C034A464046F968FFF73D
:1016C00049FBB0F5006F03461CD36C468AB0D8F8CE
:1016D000041004AB24481A46C3E9050140F2FF7127
:1016E000D9614FF400711984204B42F8103F4FF438
:1016F00012514B461E48FFF7BFFFA5462C37BD468B
:10170000BDE8F08FC0F30A0604F11700184420F07A
:10171000070080083B60FFF76DFE66F35325044623
:1017200080B13B6800F11001C7E908390A23F9616B
:10173000CDE901AB009340460E4AF96807F11C035E
:10174000FFF708FB66F353252A4620467B68B968F5
:1017500008F097FDD2E704F1170020F00700800899
:10176000FFF748FE0446EDE713DE000C040000011D
:1017700020D4000C55A2000C2DE9F04F87B005468F
:10178000DDE9106BDDE9127A884614469946BFB14F
:1017900010213B465A460020CDF800A0CDF814A0F9
:1017A000FFF726F9B0F5006F01460BD340F2FF7347
:1017B0000221184A184807B0BDE8F04F08F0BABD3A
:1017C0003946384604F0070305F00704E40044EA0C
:1017D000831444EA402444EA065406F117000844FE
:1017E00020F0070080080391FFF704FE054640B192
:1017F0003FB13B465A460399CDF800A01030FFF7A1
:10180000F7F84B4622464146284607B0BDE8F04F60
:1018100008F037BD52DE000C20D4000C406820B127
:10182000034BC01A40F3CF0070474FF0FF307047B2
:10183000E0D3000C0EB403B503AB53F8042B014600
:101840000448019301F084F802B05DF804EB03B0A2
:10185000704700BF97A3000CCA0605D48B064CBF87
:1018600002490349FFF7E6BF704700BF8BDE000C5B
:101870008ADE000C2DE9F04F89B098469DF8509013
:10188000159B044606930D46DDE916A3189F0592A5
:101890000493B9F1000F00F0B08007F48073079350
:1018A00008F0CDFC07F0020B0246002874D0204659
:1018B0007749FFF7BFFF0646BBF1000F08D017F0CE
:1018C000440F6BD12A4620467249FFF7B3FF064406
:1018D00007F0010353B1704B204653F829206F4B9A
:1018E0006F49002A08BF1A46FFF7A4FF07F4807368
:1018F000002B07F0080318BF4FF00008002B79D029
:10190000684B204653F829206749FFF793FF0546A7
:10191000059B2BB11A4620466449FFF78BFF05440F
:10192000B8F1000F05D0424620466149FFF782FF1B
:10193000054460483544069B1BB122465E4908F0C9
:1019400080F9049B002B00F08E80DDF81080394672
:10195000B8F1100F204628BF4FF010080026FFF7FF
:101960007BFFB54250DC0026334620461AF80320A0
:101970005249FFF75FFF0136102E4BD0710703D19C
:1019800020464F49FFF756FF46453346EDD32046E4
:101990004C49FFF74FFFEEE706468DE74A4B1868C4
:1019A000002894D0494B4FF47A7B1B684FF03C0CD5
:1019B000B5FBF3F5B5FBF0F14FF4616300FB115596
:1019C0000BFB05F5B1FBF3F2B5FBF0FE03FB1211C7
:1019D00000FB1E55B1FBFCF30BFB05F5B5FBF0F569
:1019E0000CFB131120460091CDE901E53849FFF7C2
:1019F00021FF6CE707F008058AE7B8F1010F4D46B3
:101A00000CBF2C48334896E720462D49FFF712FFBC
:101A10000136A6E7002620462F49FFF70BFF334685
:101A20001AF803202046A2F120035F2B28BF2E22A4
:101A30002A49FFF7FFFE0136102E0DD0720703D1A1
:101A400020461F49FFF7F6FEB0453346E8D820464A
:101A50001B49FFF7EFFEEEE7049BC244B3EB08031C
:101A600004937FF472AFB9F1000F0AD0FB0704D5DD
:101A700020460A4A0A49FFF7DDFE39462046FFF7AD
:101A8000EBFE204609B0BDE8F04F08F077BC00BF80
:101A900092DE000C96DE000C78D5000C8DDE000C7A
:101AA00027DA000C8CD5000CBBDE000CC1DE000C6C
:101AB000C5DE000C97A3000C5129000CCADE000CF7
:101AC000D2DE000CD0DE000CC40D0020C00D0020C2
:101AD0009FDE000CC5A3000CD4DE000CD6DE000C8B
:101AE00042F20F7373B58B4228BF0B46056804465C
:101AF000052168460D4A07F0BBFB06466368284689
:101B00000B225B680A4908F02BFC63683246694681
:101B100028465B6808F024FC63681B2228465B6843
:101B2000044908F01DFC02B070BD00BF35DB000C9D
:101B30007AF9000C5EF9000C00210123064A90425C
:101B400006D8064A01B901231360054B1860704797
:101B5000012140085B00F2E740420F00C00D002069
:101B6000C40D0020F8B50D460446064F4618B44291
:101B700001D12846F8BD14F8011BBB6801485B6819
:101B80009847F4E72CCE000C014B0360002070470F
:101B9000D4D5000C08B50348034A0021121A08F0F6
:101BA0008EFC08BD6004002038120020074808B5EC
:101BB000074A0849121A08F084FCBDE808400648A4
:101BC000064A0749121A08F07CBC00BF000000203A
:101BD0006004002014FB000C000000200000002026
:101BE00014FB000C2DE9F04706460C4600AF002917
:101BF00036D0D1E90012E9468AB06D46A3684FF0AD
:101C0000050AE8461F48CDE90723CDE9050148F854
:101C100010AF002342464FF421511B48FFF72CFD23
:101C2000D4E90312CD466369AD461848C5E90723D8
:101C3000C5E90501C5F810A0002342464FF4215123
:101C40001148FFF719FDCD46E3690121104A0E48FE
:101C500008F070FBA36901210E4A0B4808F06AFBEB
:101C6000012E07D1EFF305830B4A31460648103B9E
:101C700008F060FB2146304605F098FEBD46BDE801
:101C8000F08700BF13DF000C58D4000C42DF000CBB
:101C900071DF000C80DF000CAEDF000C30BFFFF7FF
:101CA000FDBF00BF2DE9F04105460B4EDFF82C804B
:101CB000324606EB0807CC1B204609490AF0BAFF5A
:101CC000A01942460021083C0AF0C1FFAC6707F1A9
:101CD0000800BDE8F08100BF00000000080000001F
:101CE00004D5000C10B5244C2449254808F0F6FB17
:101CF000A36A99013ED52248224908F0EFFB1E2035
:101D0000A36ADA0104D51E481F4908F0E7FB1F202B
:101D1000194CA36ADB0204D519481C4908F0DEFB04
:101D20002020A36A1C0304D51548194908F0D6FBE6
:101D30002120114CA36A590304D51148154908F014
:101D4000CDFB2220A36A9A0304D50D48124908F05E
:101D5000C5FB2320084CA36ADB0304D508480F49C0
:101D600008F0BCFB2420A36A6FEA03436FEA134325
:101D7000A36210BD1D20C3E700ED00E0C1DF000C31
:101D800058D4000CD9DF000CECDF000C06E0000C8E
:101D900030E0000C4EE0000C73E0000C8DE0000C15
:101DA00070B506460D46294C29492A4808F096FB8D
:101DB000A36ADB0647D52748274908F08FFB112087
:101DC000A36A1C0704D52348244908F087FB122086
:101DD0001E4CA36A990712D521491E4808F07EFBC4
:101DE000636BA26A120609D501211E4A194808F040
:101DF000A1FA1EB1A36A23F08003A3621320134C3F
:101E0000A36ADE0704D51348174908F067FB1420BE
:101E1000A36A9C0604D50F48144908F05FFB1520FF
:101E20000A4B9A6AD10658BF9A6A9A6A920642BFCA
:101E30005A6A22F400525A629A6A42F0FF029A6287
:101E400000232B7070BD1020BAE700BF00ED00E04A
:101E5000B8E0000C58D4000CCEE0000C01E1000CFE
:101E600014E1000C2CE1000C42E1000C61E1000CDB
:101E700070B506460D46284C2849294808F02EFB27
:101E8000A36AD9043CD52648264908F027FB172029
:101E9000A36A1A0504D52248234908F01FFB18201D
:101EA0001D4CA36A9B0512D51D48204908F016FB5E
:101EB000A36BA26A100409D501211D4A184808F035
:101EC00039FA1EB1A36A23F40043A3621920124C0D
:101ED000A36A590504D51248164908F0FFFA1A20DA
:101EE000A36ADA050ED50E48134908F0F7FA1B204D
:101EF000094A936A43F47F43936200232B7070BDB9
:101F00001620C5E7A36A9B04F2D505480B4908F0E3
:101F1000E5FA1C20ECE700BF00ED00E090E1000CCA
:101F200058D4000CA6E1000C01E1000CB7E1000C54
:101F3000D0E1000CE5E1000C00E2000C61E1000CD6
:101F400010B52F4C2F48304908F0C8FAD4F8E830C3
:101F5000D4F8E420500604D501212C4A294808F081
:101F6000E9F9D4F8E430D9070CD52648284908F017
:101F7000B5FA2620224AD2F8E43043F0FF03C2F833
:101F8000E43010BDD4F8E4309A0705D51D48214946
:101F900008F0A4FA2720EDE7D4F8E4305B0705D574
:101FA00018481D4908F09AFA2820E3E7D4F8E430ED
:101FB000180705D51348194908F090FA2920D9E7E0
:101FC000D4F8E430D90605D50E48154908F086FA4C
:101FD0002A20CFE7D4F8E4309A0605D509481149FC
:101FE00008F07CFA2B20C5E7D4F8E4301B0605D5B1
:101FF00004480D4908F072FA2C20BBE72520B9E708
:1020000000ED00E058D4000C18E2000C31E2000CA6
:1020100041E2000C57E2000C75E2000C90E2000C6B
:10202000ADE2000CC2E2000CDCE2000C2DE9F04154
:102030008AB0774B00AFD3F804800023C8F30806BA
:1020400083F31188BFF36F8F02F07F44B4F17F4FA9
:1020500031D112F001052FD012F0400502F0080432
:1020600003D02CBB0446012512E0530758BF01469C
:10207000684A0B6858BF01251A44012A98BF0B6CA7
:102080000121654A654808F055F974B1EFF3898478
:102090000023FB71F31E092B00F29980DFE803F0A7
:1020A0000E8F92848B9797979795EFF38884EFE73D
:1020B0000C461D46ECE71D462C46E9E758495748B3
:1020C00008F00CFA0023524EFB71F36A9A0705D50B
:1020D0005449524808F002FA00232DE0F36A002B1D
:1020E00001DA5149F5E7F36A5B00F5D54F494B48F2
:1020F00008F0F4F97369A26943F480737361BFF364
:102100004F8FBFF36F8F32F8023C726922F48072F6
:102110007261BFF34F8FBFF36F8F03F47F42B2F54D
:102120005F4F2BD1DBB2022B28D123680121404A1B
:102130003A4808F0FFF82368FA79DAB907F1080697
:1021400004F1200C324620686168083403C26445FB
:102150001646F7D17A6A002D56D0C2F3080121B98C
:102160006FEA52226FEA42227A62184607F10801AA
:10217000FFF738FD2837BD46BDE8F081244B9A6A49
:10218000D2B222B10120F91DFFF70AFE15E09A6ACA
:1021900012F47F4F04D00120F91DFFF769FE0CE017
:1021A0009A6AB2F5803F02D3FFF79CFD05E0D3F8B1
:1021B000E430002B90D0FFF7C3FE0346BCE70020BD
:1021C000F91DE1E70020F91DE7E71A4981E71A4AFE
:1021D00018F4F87FE8468AB0184B08BF13466A46E1
:1021E0001749103ECDE905134FF40073ADF82030C8
:1021F000144B079642F8103F00234FF41151074843
:10220000FFF73AFAC54667E76FF30802ACE700BF8D
:1022100000ED00E0A6ED05011DE3000C58D4000C14
:102220003CE3000C53E3000C74E3000C82E3000C6D
:10223000A1E3000CBDE3000CEFE2000C04E3000C92
:10224000E1E3000C04000001044B5A6942F0100263
:102250005A615A6922F008025A61704700ED00E0A5
:10226000EFF30880EFF3098101B57246FFF7DEFE58
:1022700001BD00BF0A4880F30888202080F3118840
:1022800008484FF40061401880F30988EFF3148088
:102290000221084380F31488BFF36F8F00F05CF8CD
:1022A00078280020381B00201EF0040F0CBFEFF32D
:1022B0000880EFF30980816911F8021C0229FFD020
:1022C00001B5724608F0FFF801BD00BF00B200285A
:1022D00007DB01234109034A00F01F00834042F855
:1022E0002130704700E100E000B200280CDB012241
:1022F0000649430900F01F008240203341F82320A3
:10230000BFF34F8FBFF36F8F704700BF00E100E056
:1023100000B2002801F10101ACBF00F16040064BA2
:102320004FEA4111C9B2ABBF00F5614000F00F00A8
:1023300080F800131954704714ED00E0044B054A6F
:1023400023F07F039360BFF34F8FBFF36F8F70470E
:102350000000000800ED00E008B5FFF7EFFF0B4AB2
:10236000D2F8883023F47003C2F88830EFF3148376
:1023700023F0040383F31488BFF36F8FFFF70AFC85
:10238000FFF714FC00F092F805F032FC00ED00E0DD
:1023900042F8203C009B0B4942F81C3C019B21F079
:1023A000010142F8183C029B42F8081C42F8143C18
:1023B0004FF0807342F8043C0023203A0265C36763
:1023C000704700BF2D11000C00B50B4B15469860EF
:1023D000826F0A4B0E461A602C4686F3098800204D
:1023E000034B98472046002100220023014C204740
:1023F000F3A4000C2D11000CFC110020EC0D0020AA
:102400001022014B1A61704700ED00E0054B5A693C
:102410009B689A421FBF044A536843F0805353603D
:10242000704700BFFC11002000ED00E0084B9B68E6
:1024300083420BD1EFF3058343B1064B5A6842F058
:1024400080525A605A6A22F400425A620AF07CB9F9
:10245000FC11002000ED00E011498A684FF03000C7
:102460001044EFF3098C80E8F01F202080F31288DD
:10247000BFF36F8F0B4F4FF000664A698A603E6072
:10248000906F094C2060D06F0023D36780F31188D0
:1024900002F1300090E8F01F8CF3098870470000CB
:1024A000FC11002004ED00E0EC0D002000232021B1
:1024B0000348C21801339E2B82F80013F9D17047EC
:1024C00000E100E008B5EFF30583064A103B02EB9C
:1024D000C30152F8330049688847BDE80840FFF758
:1024E00095BF00BF9CCE000C0148006870470000FB
:1024F000EC0D00201FB50121094B0A4A0A4800F0E3
:102500000FF90023064A0393084B0121019301A808
:10251000D31A029300F00EF905B05DF804FB00BF7A
:102520000000082000000020D4D5000C600400202A
:102530000A7A0B6810B562F304031C46CB68520993
:1025400023F01F0343EA4203044A43F00103C2F8A5
:102550009800C2F89C40C2F8A03010BD00ED00E029
:1025600010B50A4BD3F89030C3F30723013B9842D0
:1025700008D901210346064A064807F0DBFE6FF042
:10258000150010BDFFF7D4FFFBE700BF00ED00E032
:10259000F8E3000C40D4000C2DE9F04F89461446B6
:1025A00006464FF000084F4D85B0C84527DAD6F8EB
:1025B00004A0BAF1000F44D0BAF11F0F17D91AF0D6
:1025C0001F0F14D1D6F800B01BF01F0F0FD15846C3
:1025D00007F0A3FF07460AEB0B00013807F09DFF49
:1025E000874210D06FF015073F4A3B4601E0434653
:1025F0003E4A01213E4807F09DFE6FF0150420463B
:1026000005B0BDE8F08F17F1160FEDD0BC42EBDD41
:10261000C5F89870D5F89C10C5F89870D5F8A0301A
:1026200021F01F0143F01F0BD6E900321A449942F2
:1026300002F1FF3A1AD1D34507D13146F8B207F07B
:1026400075FF08F101080C36AFE73146C5F8987000
:10265000D5F89C30E0B263F30402C5F89C2007F083
:1026600065FF10F1160FC8D0441CEAE7C5F8987052
:10267000D5F8A020013B23F01F0302F01F021343F3
:10268000D3453146E0B2C5F8A030E8D007F04EFFA0
:1026900010F1160FB1D0C5F89870D5F89C209DF8B0
:1026A00008300BF1FF3B62F304038DF80830D5F8D6
:1026B000A0309DF808205B0863F347128DF80820CE
:1026C000D6E900321344009323F01F035B44A3EBCD
:1026D0000A03013023F01F036946C0B20393FFF7DA
:1026E0003FFFBEE700ED00E044E4000C1EE4000CF8
:1026F00040D4000C0522044BC3F89420BFF34F8F45
:10270000BFF36F8F704700BF00ED00E0BFF35F8F36
:102710000022024BC3F89420704700BF00ED00E098
:1027200010B5034C2278FFF737FF207010BD00BFB3
:10273000341200202DE9F74F294D8A4606464FF006
:102740000008AB46274FD0451BDAD6F80490B9F104
:10275000000F3FD031680846019107F0DEFE019975
:10276000044609EB0100013807F0D7FE84424FF020
:1027700014021D4B08D002FB08F36FF015024BF852
:10278000032003B0BDE8F08F14F1160F2C60F8D0D1
:102790001978A142F5DD02FB08B0C7F89840C7F8E8
:1027A0009840D7F89C4000F10801007B64F30400D6
:1027B0000871D7F8A0000C79400860F347140C7139
:1027C000D7F89C1021F01F016960D7F8A01021F004
:1027D0001F01296108F1010814350C36B3E700BF69
:1027E000F00D002000ED00E034120020F0B5534958
:1027F000534DD1F890302C68C3F307239C4287B027
:1028000000F299800020FFF781FF4E4BC1F8C030E5
:10281000844216D14C4D01A82C70FFF7B5F9002663
:1028200007464A4CB74213D100202B784349D1F8D0
:102830009020C2F30722934277DBFFF75BFF002073
:1028400046E0696801EB0011FFF772FE0130DFE737
:102850000199300101EB0613DA682240B2F1807F62
:1028600052D00AD8B2F5001F34D0B2F5800F3ED056
:10287000B2F5801F12D00136D4E7B2F1006F43D019
:10288000B2F1805FF7D15A689B680958013B22F08A
:102890001F00034423F01F03012032E05A689B68A5
:1028A0000958013B22F01F0003440120844623F015
:1028B0001F0340EA4C10CDE902218DF8100002A957
:1028C00028780593FFF74CFE00282ADA6FF01500F0
:1028D00007B0F0BD5A689B680958013B22F01F0001
:1028E00003444FF0020C012023F01F03E1E75A6874
:1028F0009B680958013B22F01F000344062023F087
:102900001F034FF0000CD4E75A689B680958013B3D
:1029100022F01F0003444FF0030C012023F01F039B
:10292000C7E72B7801332B70A5E7C1F89830C1F8C1
:10293000A00001337BE74FF0FF30C9E700ED00E076
:10294000E0D5000CAAFF4400341200200000F0FF84
:10295000F0B587B007460E4614460021102268469F
:102960001D460AF074F902238DF80230054B2A4601
:1029700021466846CDE90476019306F0A3FC07B032
:10298000F0BD00BF5FA5000C08B5024B1B6898475F
:10299000002008BD040E0020034B044A1860937801
:1029A00043F0020393707047040E0020F0000020F3
:1029B00008B50649064821F00701C1F1005202F5A9
:1029C000002207F0ECF8002008BD00BF0F34002003
:1029D000080E002070B541690446867A0A4D59B147
:1029E000437ADB0706D4242303FB0653DB691B6809
:1029F0009B689847002363612420214600FB065012
:102A0000BDE8704009F0FBBD840300202422024B86
:102A100002FB0030704700BF840300202421827A2B
:102A2000054B01FB02331A6A1B7D801A1B3323F00E
:102A30000303B0FBF3F070478403002038B524246F
:102A4000827A064B04FB0233DB69D3E901240C6074
:102A50001568FFF7E3FF04FB005038BD8403002036
:102A60002DE9F04385B00546684690461C46039123
:102A70000AF015F8DDE90067EFF31189202383F3ED
:102A80001288BFF36F8F6B8A002B41D02A8A9A423B
:102A900025D900220023284605F006FB0446F0B1A4
:102AA00089F31188BFF36F8F039B002B41D032460F
:102AB0003B4668460AF018F82421A27A254B2046A6
:102AC00001FB0233DB6903A91B681D68DDE90023F4
:102AD000A847606170BB2046FFF77CFF24E0698A4D
:102AE0004B1E6B8289F31188BFF36F8F2B7D2A8A6F
:102AF0002C6A1B3323F00303521A02FB0344154BC9
:102B0000154AEB1A9B105343A3722B7DE372CBE75C
:102B100089F31188BFF36F8F23464246284605F09C
:102B2000C3FA04460028BFD10024204605B0BDE802
:102B3000F0836361012300252381039B294663827F
:102B4000E27A656004F118000AF081F86369258271
:102B5000E360EAE784030020398EE33870B524256A
:102B60000C4C00B970BD037A4668002BFAD0013BCB
:102B7000DBB20372002BF5D1C3604360837A05FB9F
:102B800003439B6913B198473046EAE7FFF722FFFA
:102B9000FAE700BF84030020F8B5836905461B6986
:102BA00093F8804007F04BFDA0070BD40121174A92
:102BB000174807F042FD6FF08504281D07F046FD19
:102BC0002046F8BD95F86C30190701D55A0707D48F
:102BD0000221104A0E4807F030FD6FF00C04ECE7BC
:102BE000AE69B7683369A033D3E8AF3F9B070AD516
:102BF0003046FB6B98473B6A304698473B6C04462F
:102C000030469847D9E74FF0FF34D6E785E4000C0B
:102C1000B0D4000CA9E4000C38B5044605F0DCFF84
:102C2000204607F00CFDA069C8B194F86C30DB07B2
:102C30000DD50221154A164807F0FFFC6FF0770505
:102C4000201D07F003FD05F0DBFF284638BD09F025
:102C500041FB38B901210F4A0D4807F0EEFC6FF037
:102C60001205EDE7204600F0D3FF05460028E7D126
:102C70000146242204F1280009F0E9FF94F86C30A1
:102C800043F0010384F86C30DAE700BFDCE4000CA9
:102C9000B0D4000C06E5000C70B5044605F09CFFAE
:102CA000204607F0CCFC94F86C30DA070DD40221F2
:102CB000254A264807F0C1FC4FF0FF35201D07F0DC
:102CC000C5FC05F09DFF284670BDC3F340019B077E
:102CD00007D502211E4A1D4807F0AFFC6FF07705AB
:102CE000ECE7A06908F0D2FC0646A06908F05EFD9A
:102CF000054628B10121174A144807F09EFCDDE77C
:102D0000A36F4BB13146204607F020FE0546A0B127
:102D1000A06908F073FDD1E7A06908F0EFFCA06797
:102D20000028EFD101210C4A084807F086FCA06971
:102D300008F064FD6FF00B05C0E794F86C3043F0C9
:102D4000020384F86C30B9E729E5000CB0D4000C1C
:102D50004FE5000C75E5000C91E5000C38B590F8D6
:102D60006C3004469B0708D40221144A144807F02B
:102D700064FC6FF07705284638BD07F060FC002141
:102D8000204601F0C7F820B101210E4A0C4807F097
:102D900054FCA06908F032FD054620B101210A4A21
:102DA000074807F04AFC94F86C30201D23F002031A
:102DB00084F86C3007F04AFCDDE700BFADE5000C9D
:102DC000B0D4000CD4E5000CF2E5000C38B580213D
:102DD0000446806908F0B5FC054678B101462046F6
:102DE00001F006FB044638B106480121064A07F007
:102DF00098FA2846FFF7B2FE204638BD6FF00B0464
:102E0000FAE700BF90D4000C22E6000C38B5044667
:102E1000806F07F0CCFB054607F0ADFB2046294646
:102E200001F0E6FA044638B104480121044A07F0EB
:102E300078FA2846FFF792FE204638BD90D4000C61
:102E400045E6000C2DE9F04190F82830044603F0E7
:102E50001F03012B0F4600F128062FD0022B18D09C
:102E60008BB3204694F8291007F037FC024678B35C
:102E7000304607F01CFD1D4D002834D113693BB3CB
:102E80003A463146204698470346FFF72DFB2B5024
:102E900024E0818DC9B201F05FF905460028E0D039
:102EA000304607F004FD024668688368CAB99B682B
:102EB00073B13A463146BDE8F0411847818DC9B239
:102EC00007F0ADFDE9E790F8291007F0C1FDE4E750
:102ED000FFF70AFB6FF08502044B1A500020BDE893
:102EE000F081DB68E4E7D368C9E700BF0C000000AD
:102EF0002DE9F04F0B7E044633F080080D46164650
:102F000095B00AD00121A74AA74807F00AFA6FF046
:102F10000408404615B0BDE8F08F82B10846FFF7BF
:102F20001DFE6B7EDF0704D49E07F2D52B7E002B9F
:102F3000EFD1204615B0BDE8F04FFFF767BF4A7EDE
:102F400000F12809900705D5802B09D12846FFF705
:102F500005FEDEE7910700F06A84002B40F06784ED
:102F6000D20734D52B8A082B0DD1EA68294613687D
:102F70000020A3625368C9F8043007F01CFB054623
:102F800040B18A4A00E08A4A0121874807F0C9F91E
:102F900000F031BC484607F08AFCE28D70B9B2B14E
:102FA0002946A06908F0B9FB0146002800F07A84A0
:102FB000204615B0BDE8F04F01F01ABA3AB11146FB
:102FC000204607F02AFE0546002800F06B84FFF734
:102FD0008BFA002394F82880764F18F0600FC351C5
:102FE000C8F3411307D0032B40F0D681FFF77CFADA
:102FF0006FF0850338E0484607F059FC94F8293013
:10300000002840F06781013B0A2BEFD801A252F85B
:1030100023F000BFC131000CED2F000C4932000C31
:10302000ED2F000C4130000CED2F000CED2F000CAB
:10303000ED2F000CBD30000CED2F000C2D31000CDD
:10304000618D7F29D2D8A38D002BCFD1E38D002BAA
:10305000CCD118F01F0FC9D194F83030022B05D114
:10306000FFF742FA4FF0FF333B5083E0A06903695A
:1030700093F880301B070DD5C9B207F04EFC80468F
:1030800058B1638D01214C4A474807F053F9002D90
:1030900073D13EE7012384F8393094F83030012BA6
:1030A0000AD1638D43B984F83030FFF71DFA3B58DD
:1030B000002B00F09A805DE00123F4E7204607F042
:1030C000C7FA628D0146FF2A90D8E38D002B8DD17F
:1030D00094F82830D80689D194F83030002BBFD02E
:1030E0002AB12046D2B207F06CFC0028B8D0618D1E
:1030F00094F838308B42D8D02046C9B200F00AFF8D
:10310000638D804630B1012100902C4A264807F09B
:103110001BF9BCE7002B14BF02220122052184F811
:10312000302020461A4607F0B9FDBEE708F01F0818
:10313000B8F1010F7FF45AAFE38D002B7FF456AF47
:10314000628DFF2A3FF652AFA18DFF293FF64EAFA9
:1031500094F83030022B83D12046D2B2C9B207F0A6
:10316000E0FC10F1020F804640F01B81FFF7BCF934
:1031700047F8008065B14FF000082846FFF7EEFCE5
:10318000B8F1000F7FF4C5AEFFF7AEF93B5863B35B
:10319000484607F08CFB0346A069002B00F08583AE
:1031A00080218BE364E6000C90D4000C9CE6000CBC
:1031B00085E6000C0C000000BEE6000CE0E6000C0A
:1031C000E38D002B7FF412AF94F83030002B3FF4E6
:1031D00047AF012BA18D02D100297FF441AF18F038
:1031E0001F080CD0B8F1020F16D0E38D002B40F071
:1031F000F5822046FFF7EAFD0028C9D199E60029AB
:103200007FF42EAF638D012BEFD194F86C3061F316
:10321000C30384F86C30E8E7B4F82AA0BAF1000FD1
:10322000E3D15FFA81F84146204601F049F90346AF
:10323000FFF75AF93B50013300F0448352464146B0
:10324000204607F03AFB30E7E38D002B7FF4CEAE4B
:10325000628DA38D022A5FFA83FA11D108F01F084C
:103260005AEA08087FF4C2AE0122A069190A07F0E1
:1032700034FB00287FF4BAAE012384F8393014E718
:1032800094F8301000293FF4EBAE012902D1002B55
:103290007FF4E6AE18F01F0812D0B8F1020FA4D1E7
:1032A000002AA2D15146204601F0E8F80346FFF774
:1032B0001BF93B50013300F0058301225146BFE763
:1032C000002B7FF4CDAE012A8FD194F86C3043F0FF
:1032D00008039EE70A2B3FF689AE01A252F823F0BD
:1032E0000D33000CED2F000CED2F000CED2F000C1A
:1032F000ED2F000CED2F000C8733000CED2F000C90
:103300005937000CED2F000C8337000CE38D022B96
:103310007FF46CAE94F83030002B3FF4A1AE012B5B
:10332000A18D02D100297FF49BAE18F01F0811D0A7
:10333000B8F1020F1CD04FF0000805F10C0A5046FE
:1033400007F0ADFAE38D984218D2FFF7CDF86FF091
:103350000B0389E600297FF483AE94F86C304FEAC2
:10336000930808F00208C3F3001348EA0308E4E7EF
:103370002046C9B207F071FC8046DEE74146504660
:1033800007F042F991E6B4F82AA018F01F0F4FEAAF
:103390001A215FFA8AFA09D029462046FFF752FD22
:1033A0008046B8F1000F7FF472AE7EE601390E2937
:1033B0003FF61CAE01A353F821F000BFF933000C17
:1033C0003934000CEF34000CED2F000CED2F000C05
:1033D000E734000CE734000CED2F000CED2F000C4F
:1033E000ED2F000CED2F000CED2F000CED2F000C3D
:1033F000ED2F000C4B36000C05F10C08404607F091
:103400004EFA83462046B4F82EA007F021F920B1E9
:1034100001287FF4EBAD616F00E0216F002900F01F
:103420005582DA4528BFDA460A784046524528BF19
:10343000524607F0D8F838E6204607F009F90AF1B5
:10344000010A014603905FFA8AF2204607F093FAD8
:10345000834630B901215346B84AB94806F06AFF9D
:10346000C4E505F10C0AD0F80480504607F017FABD
:1034700098F800204146824228BF0246504607F095
:10348000B2F8DBF80CB0BBF1000F09D1298AE38D4B
:1034900099427FF60AAE5046C91A07F0BFF804E613
:1034A000DBF8040083681B6B13B9DBF800B0EAE7B4
:1034B000039998470028F8D0A0F1040858F8041F91
:1034C0000029F2D00A78002AEFD05046CDE9042135
:1034D00007F0E5F9049A0599904238BF82B2504648
:1034E00007F081F8EAE7204607F0B2F87EE5524699
:1034F0000321204607F031F9824600283FF476ADDB
:1035000007F0C8F9B4F82EB09AF81510C8B99AF8AF
:1035100014808DF831108DF83080DAF8103005F114
:103520000C0A1B885046ADF8323007F0B8F9C34595
:103530005A4628BF4246824228BF02460CA950463E
:1035400077E700237F4A8DF81D10DAF808108DF810
:103550001C300A407C498A4266D1102108A803F039
:10356000DDFDB0F1000845DB0CA9B8F1100F4FF0FC
:103570000003084628BF4FF01008DFF8D0E10DF136
:10358000200C984501F102013ED803464FEA880815
:1035900008F102085FFA88F88DF81C8005F10C0A22
:1035A0005046049307F07BF9D84528BFD84680459C
:1035B00028BF8046B8F1020FC34628BF4FF0020B68
:1035C00050465A46A8EB0B0807A907F00CF84FEA3B
:1035D00058030393049B9B4603EB58025A452AD198
:1035E00018F0010F3FF461AD5046039A995C07F063
:1035F00003F85AE518F1580F7FF4F8AC0121544A4A
:103600004F4806F08EFEF1E41CF8012B01334FEA1F
:10361000121A02F00F021EF80AA01EF8022001F88A
:1036200002AC01F8012CACE79AF81480DAF81030FB
:103630008DF81C80B2E750461BF8011BCDE904232E
:1036400006F0E2FFDDE90423C8E7204607F000F8B2
:1036500038B101282CD0FEF747FF6FF085033B50AF
:1036600023E5236F002B00F031815B88B3F5007FE9
:10367000F1D9384B04F14C0B0C9300238DF8343006
:10368000E36C9B4508BF0023BDF83210A3B15A7DFF
:103690000F2A08D11A7D0A44ADF832209DF8342053
:1036A00001328DF83420226D934203D01B68EBE782
:1036B000636FD7E7BDF8321005F10C0A504603914D
:1036C00007F0EDF8B4F82E800399884528BF8846A6
:1036D000804528BF80464246052A28BF052250461D
:1036E0000CA9039206F07FFF039AB8EB02083FF49F
:1036F000DCACE36C5B453FF4D8AC002B3FF4D5ACBD
:103700005A7D0F2A14D11A7D1969424528BF4246B5
:103710005046039306F067FF039B1A7D424594BF12
:10372000A8EB0208A8EB0808B8F1000F3FF4BDAC05
:10373000226D93423FF4B9AC1B68DEE703E7000C4F
:1037400090D4000C00FF02000003020086F9000C78
:1037500029E7000C050F050094F83030002B3FF4EA
:103760007FACE38D012B7FF441AC05F10C084046A2
:1037700007F095F800283FF4E8AD94F8381040467B
:1037800035E708F01F08B8F1010F7FF469AC204657
:1037900007F005F900283FF463ACB4F82CA0BAF1A7
:1037A000FF0F3FF623AC43681B795345FFF41EAC73
:1037B0005FFA8AF30F2B3FF619ACE38D012B7FF4F0
:1037C00015AC05F10C08404607F069F800283FF4F5
:1037D000BCAD04EB0A0393F83A10D0E7484607F073
:1037E00066F818B92846FFF7B9F902E529462046D8
:1037F00000F0FEFD18B12846FFF7B0F9C8E4A06953
:10380000036993F8801011F004017FF492AB07F084
:1038100098FF054600283FF4BBAC0146204600F067
:10382000E7FD00283FF485AB2A4AFFF7ADBB5207FE
:103830007FF5AEAC002B3FF489AB2846FFF78EF93D
:1038400094F83930002B3FF464AB94F82930052B01
:103850000CD1618DA069C9B207F05FF8064628B1A6
:10386000638D01211C4A1D4806F064FD94F829303F
:10387000032B11D1638D022B0ED1A18D00220D0AD5
:103880002946A06907F029F8064628B101212B46F0
:10389000134A124806F04EFD0023B04684F8393032
:1038A000FFF737BB6FF00B0672E4E38D002B3FF49C
:1038B00077AC16F10C0118BF0121C90107F046FED3
:1038C000FFF737BB4FF0FF38FFF7E1BB6FF015088C
:1038D000FFF7DDBB4BE7000CBEE6000C90D4000CFC
:1038E0006FE7000C0B7810B4062B14D10369D3F8E2
:1038F0009C20EFF31184202383F31288BFF36F8F92
:1039000000204B681860506A58B9C2E9083384F344
:103910001188BFF36F8F00220023034810BC08F00A
:10392000C4BD03605362F2E74C03002030B589B098
:10393000002200230024CDE906236FF007034FF493
:103940008062CDE90334CDE90144154B154900945B
:10395000154804F04FFE1549134808F0F0FE144BCB
:1039600014498B4207D30020134B14498B420CD3CC
:10397000002009B030BD03F11402D2E8EF0FC2E815
:10398000E54F002DF9D11833EBE703F11402D2E82B
:10399000EF4FC2E8E50F002DF9D11833E6E700BF7D
:1039A000193A000C38150020280900205CD9000CB9
:1039B000480400206004002060040020600400200F
:1039C00038B50D4606F0EBFF30B90121BDE83840AF
:1039D0000F4A104806F0A5BCC46804B938BD2B785E
:1039E000032B05D0052B0ED0022B08D02468F4E75A
:1039F000606883685B69002BF8D09847F6E76068D9
:103A000083689B69F7E760688368DB69F3E700BF59
:103A100096E7000CA0D4000C2DE9F0434FF02008ED
:103A200085B000AF4FF0FF334FF0FF327248391DC1
:103A300004F014FAFB681B69D3F89C40236A93B125
:103A4000EFF3118288F31288BFF36F8F256A2DB1CF
:103A5000616A2B688D42236208BF636282F311881A
:103A6000BFF36F8FC5B93B79062BDBD0072BD9D8B5
:103A700001A252F823F000BFF53A000CE93A000C1D
:103A80001D3B000CFB3A000C533B000C3F3B000C71
:103A9000253A000CE73B000C2B7E29465E062046AB
:103AA000D5F81E201DD1FFF723FA06460028C5D001
:103AB000E9468AB06A462B7ECDE9073505234F4992
:103AC000CDE9051042F8103F00234FF421514C4836
:103AD000FDF7D2FD3246CD460721204607F0DEF83D
:103AE000ACE706F0ACFFE0E700220121204607F03A
:103AF000D5F897E700221146F8E794F86C3043F0C8
:103B0000040384F86C3094F83030022B03D1204643
:103B1000391DFFF755FF00220321E7E794F86C30C9
:103B200023F0040384F86C3094F83030022B03D176
:103B30002046391DFFF744FF00220221D6E794F802
:103B40003030022B7FF46EAF2046391DFFF738FF6F
:103B500068E794F86C30A66923F0040384F86C30AD
:103B6000D6F808903369A033D3E8AF3F9A071ED543
:103B70003046D9F83C309847D9F8243000213046F7
:103B800098470546D9F840303046984795B11D4AC8
:103B900001211B4806F0C5FB00220421204607F046
:103BA0007DF8002D3FF43EAF2A4607219EE74FF0F7
:103BB000FF35ECE72946204600F0ACF9054608B190
:103BC000114AE5E7A06907F0DBFD831E5842584122
:103BD00094F86C3084F8305023F0680343EA4013C3
:103BE00084F86C30D8E70121084A054806F099FBB3
:103BF0000621BA687AE700BF4C030020C5E7000C35
:103C0000A0D4000CEFE7000C1DE8000C49E8000C04
:103C100038B5024605460C49806907F00FFE044698
:103C200030B10121094A0A4806F07BFB204638BD25
:103C300085F83800284600F04FF804460028F5D0F3
:103C4000A86907F02AFEF1E7E538000C59E8000CF6
:103C5000A0D4000CF8B501231D460C68002C35D00B
:103C600063F07F02D6B202F07F02103224FA02F72C
:103C7000FF0716D5046824FA02F7FF0708D4334675
:103C800013480121134A06F055FB6FF01500F8BDEB
:103C900005FA02F224EA020404600C6824EA020431
:103CA0000C60DC40E6070ED5026822FA03F4E40754
:103CB00000D4E5E705FA03F422EA040202600A6888
:103CC00022EA04020A600133102BC6D10020DEE78D
:103CD000D0D4000C80E8000C2DE9F04F83698346B6
:103CE0001B69026F93F880308FB0C3F34113022B2E
:103CF0000ED0032B0ED0012B0CBF10230823D37141
:103D0000DBF854800027B8F1000F05D14446D6E017
:103D10002023F4E74023F2E7D8F80430D8F80C5019
:103D200003930C9704977DB9049B039A09339BB2C4
:103D300093701B0AD3701771D8F80C40002C40F018
:103D4000D480D8F80080DDE7002468680D9483688B
:103D50001B6B002B00F0BA8021469847002800F02A
:103D6000B5803E46C5E90344031F0293029A52F808
:103D7000043F02920BB11A789AB9BE4240F2A38076
:103D8000EB680D9A1343EB60686883689B6A002BAD
:103D900000F09E8098470446002800F09C80594A15
:103DA00081E05A780B2A08BF9E70029B1B685A78E4
:103DB000042A10D1EA680D990A43EA60DA78002AE9
:103DC00061D101229E702B69B240134301362B61F1
:103DD000F6B200230D93029BD3F8009099F80130BE
:103DE000052BC3D16FF012044FF0010ADBF8183035
:103DF000089399F8052099F804305FFA8AF143EAAC
:103E00000223ADF82E300C9B069399F90230069AE6
:103E1000002BA3BF4FFA8AF30793534641F080016A
:103E2000BFBF4BB2079321F080031033DA40D207B3
:103E300030D40D9A22FA03F3DB0705922AD499F8BD
:103E4000063099F80320089800930DF12E0309918C
:103E500007F0F2FA09990446E0B9079B89F80210C5
:103E6000002B4FF00103BCBF21F0800110318B40CB
:103E700006980599BDF82E2019431843CDE90C0189
:103E8000A9F8042072E7721E9A700DA90CA8FFF71A
:103E9000E1FE9EE70AF1010ABAF1100FA9D1002C48
:103EA0003FF464AF184A0121184806F03AFAD8F8EE
:103EB00004305B790121164A144806F03BFA20468B
:103EC0000FB0BDE8F08F6FF01504EBE73E465BE7FF
:103ED0006FF0850463E70146686806F080FD049B87
:103EE000374603442D6804931DE7E36804F10C0191
:103EF000A3600CA8FFF7AEFE08B924681EE76FF0B8
:103F00001504D4E7C1E8000C9DE8000CD0D4000CE7
:103F1000E5E8000C2DE9F04105460E4606F098FB59
:103F200095F8383080463BB3284606F038FD074602
:103F3000F8B10146284606F0A2FD102204460021F1
:103F400005F13A0008F083FE002385F83830FF6859
:103F500047B98CB10121194A194806F0E2F9204607
:103F6000BDE8F081786883685B6A03B198473F6871
:103F7000EEE76FF03C04EDE71EB985F838600024E9
:103F8000EDE732464146284606F0F5FC074690B17B
:103F90000246284606F09DFD04460028DFD185F83C
:103FA0003860FC68002CEAD0606883681B6A03B143
:103FB00098472468F6E76FF03C04D0E7D4E5000C9E
:103FC00088D4000CF8B504460E461546576806F02E
:103FD000C9FC94F86C30D9070BD50121394A3A480D
:103FE00006F09FF96FF00F06201D06F0C2FC304668
:103FF000F8BD012E07D1354A0121334806F091F969
:104000006FF08506F0E7FB799A0607D5A3691B696F
:1040100093F880309B0701D42D4AEDE7C6B9E36DD4
:1040200053B9626DB2B9236F6A685B7C0133DBB24E
:104030005371226F53741FE09D4207D10121254A1D
:10404000214806F06EF96FF01506CDE71B68E7E72B
:10405000214AD1E7954222D12A68D3B9A36D62657E
:104060009D4200D1A26500232B606B685B79022121
:104070001A4A154806F05EF9A968B9B1204606F05B
:1040800086FB064670B10121154A0F4806F049F932
:10409000AAE71A60A26D954208BFA365E3E713463D
:1040A0001268BFE7A86806F0F5FBB87100232B6023
:1040B000A36D1BB9C4E91555002695E71D60A565DC
:1040C000FAE700BF36E9000C88D4000C58E9000C70
:1040D00012E9000C86E9000CA3E9000CC3E9000C0E
:1040E000E0E9000C80B500AF88B06A46094BCDE925
:1040F00005304FF40073ADF81C30074B42F8103F09
:1041000000234FF4E2510548FDF7B6FA0020BD4602
:1041100080BD00BF17EA000C0300000198D4000C1A
:1041200070B5054681B12846FFF7DCFF0024204624
:1041300070BD636828461968FBF77CFF0028F6D03D
:104140001834B442F5D3EEE7014C024EF9E700BF54
:10415000480400206004002070B5012501F07F03B1
:1041600011F0800F18BF10339D4090F83030044696
:10417000022B06D001210C4A0C4806F0D2F8002090
:1041800070BD90F8386006F063FA3246014620466A
:1041900006F0F1FB0028F2D0C0680028EFD0836859
:1041A0001D42EDD10068F8E735EA000C98D4000C08
:1041B0002DE9F84305460846114616469846FFF78E
:1041C000AFFF0446002843D0284606F001FC95F8CE
:1041D0006C30DA0702D5204A012109E0D4F80490B6
:1041E00004F11407D7E8AF3FDB070CD502211B4AC7
:1041F0001B4806F096F86FF00F04281D03F004FF2B
:104200002046BDE8F883D9F804301BB1AB4201D099
:10421000144AE1E742463146284606F0ACFBA0B11D
:104220000023236003696BB9C0E90344D7E8EF3F7B
:1042300043F00103C7E8E23F002AF7D10024C9F8A0
:104240000450DAE71C600461F0E76FF03C04D4E747
:104250006FF01204D4E700BF36E9000C5AEA000CF4
:1042600098D4000C7CEA000C2DE9F84F81461646E4
:10427000984600AF002938D06FF085042046BD462F
:10428000BDE8F88F6C68B8F1000F04D0A8F1040BFA
:104290005BF8041FF9B92168334600224846FFF74E
:1042A00087FF0446E0B16B686D468AB06A461B68BA
:1042B00010490796CDE905134FF40073ADF820308F
:1042C0000D4B42F8103F00234FF411510B48FDF7FE
:1042D000D3F9AD46D2E72068FBF7ACFE0028D7D172
:1042E00018355545CED30024C8E7054DDFF814A096
:1042F000F7E700BFB1EA000C0400000198D4000CFD
:1043000048040020600400202DE9F04F83B000AF86
:104310007B6097F830304C680E463B608146904693
:1043200006F096F9A36801461B6B33B96FF01504CC
:1043300020460C37BD46BDE8F08F20469847002840
:10434000F4D00024051F06F10C0A55F8041F09B12A
:104350000B782BB9002C14BF00246FF03C04E7E766
:104360004B78042B0ED1002C3CD18B787A68934289
:10437000EBD1CB783A689342E7D10B79002BD7D0B9
:104380000124E2E7052BE0D1002CDED0B8F1010FCB
:1043900091F802B009D0B8F1020FF1D15246594656
:1043A000D9F8180006F023FC04E05246D9F81800AA
:1043B00006F001FC04460028E2D06D468AB06A4649
:1043C000F368CDE907B3062307490990CDE905183D
:1043D00042F8103F00234FF441510448FDF74CF9D7
:1043E000AD46A5E70024A3E7E9EA000CC8D4000C19
:1043F0002DE9F0410B7E0C465906054637D16BB3CB
:1044000006F05FF940B11B4801211B4A05F089FF06
:104410004FF0FF30BDE8F0812846D5F87080268A3D
:10442000EF8D06F015F9F8B1421E534253419B013E
:10443000228A9AB1BE42324628BF3A46E98D91425D
:104440000CD9B2FBF3F103FB11223AB994F91830FD
:10445000002BBEBF637E43F0080363762146A86944
:10446000BDE8F04107F0CCB898F80730E0E76FF00E
:104470001500CFE7B8D4000C25EB000C70B506464C
:1044800080690C4607F062F8054638B102212346E0
:10449000094A0A4805F04EFF284670BD012214F073
:1044A000800F18BF24F08004736B18BF1034A24033
:1044B0001A437263F0E700BF39EB000CB8D4000C6C
:1044C00070B5054680690E4607F06AF8044638B1B3
:1044D00002213346054A064805F02CFF204670BDF0
:1044E000314605F1340006F058FBF7E750EB000CBD
:1044F000B8D4000C70B50646EFF31181202383F386
:104500001288BFF36F8F1B4D2A6881F31188BFF3A8
:104510006F8F526892F86C20D20705D4BDE87040C6
:104520000A22002303F0F2BFEFF3118283F3128813
:10453000BFF36F8F2C682CB1696823688C422B60A5
:1045400008BF6B6082F31188BFF36F8F44B160685E
:1045500004F10801C36998472146074807F055FF51
:104560002B6833B13046BDE870400022002303F0D1
:1045700099BF70BD140E0020F402002030B585B044
:10458000CDE90012054600220023144803A903F0D8
:10459000D1FB0246E8B9DDE90001039B5D60083309
:1045A00083E80300EFF31180202383F31288BFF325
:1045B0006F8F039B1A600A4A516861B9C2E90033E0
:1045C00080F31188BFF36F8F00220023054803F0AA
:1045D00069FF05B030BD0B605360F1E7F4020020C5
:1045E000140E00200000002010B504690346204688
:1045F00040F8143B0122002108F00FF804F12400D8
:10460000024908F05EF8002010BD00BF3949000CD7
:1046100073B513464A7800690A2A09D00B2A35D0A7
:10462000092A254C1BD0FDF75FFF6FF085032BE0B7
:10463000498803690A0A5C6811F0FF0108BF83F822
:104640003420E36823B192009847002002B070BD87
:10465000FDF74AFF6FF08502174B1A50F5E7056921
:104660004A886D68110AAD68D2B2002DF0D00229D7
:1046700003D0032901D00129D5D1DE6800961B8A19
:10468000A8470346FDF730FF2350DEE7498801299C
:10469000DED843681B689B79002BD9D0036993F857
:1046A00035208A42D1D05A68C9B283F8351053698F
:1046B000002BCAD09847C8E70C00000073B5144619
:1046C0004A780B46013A0069052A07D8DFE802F06C
:1046D00020034D06065CDA88012A06D0FDF704FFA8
:1046E0006FF08502364B1A503AE059880369C9B217
:1046F00031B15B681B69002BF0D09847810801E05D
:1047000093F83410C9B204F10C0005F075FF27E0EE
:104710005A880569110A02296D68DB88D2B20AD06D
:10472000032908D0012906D06FF08503FDF7DCFED0
:10473000234A135014E0E66800966D68A8470028E5
:10474000034610DD228A618A6069891AE268121ABA
:10475000891A994228BF194604F10C0005F03DFF63
:10476000002002B070BDE1D1DEE75A88002AB5D141
:10477000DB88012BB2D143681B689B79002BADD03D
:10478000036993F83510BEE75A88120A212A0DD022
:10479000222AA3D10169DA88CB6889689A4228BFA6
:1047A0001A4604F10C0005F01EFFD9E74268DB88C9
:1047B00011684A7A09319A4228BF1A46F1E700BFC8
:1047C0000C00000038B503461B6940685C681B6933
:1047D00025685A681AB19A680AB1DA683AB9134872
:1047E0000121134A05F09DFD6FF0150038BD10330F
:1047F000D3E8EF1F41F00101C3E8E21F002AF7D11F
:10480000216909B90020F1E72B7A002BFAD105F0D4
:10481000BEFF28B10121074A044805F082FDF1E7F7
:10482000206906F037F82872ECE700BFC0D4000C0E
:104830007AEB000CA4EB000C38B504694068006802
:1048400004F11005D5E8AF5FED071FD40BB15D682B
:104850003DB9104A1048012105F063FD6FF01500C5
:1048600038BD90F820501DB19D680DB90B4AF1E795
:1048700085791DB15D690DB9094AEBE7C4E90212FA
:1048800063600274120A42740020E9E76FF0770057
:10489000E6E700BFCEEB000CC0D4000CEDEB000C43
:1048A0000CEC000C2DE9F34D0B46066911464268ED
:1048B0007768546806F11000D0E8AF0F800733D551
:1048C0004FF0000A4FF0000B20694068006890F834
:1048D0001480D0681A46CDE900AB05F055FE0546B8
:1048E00050B90121124A134805F01BFD6FF00B046B
:1048F000204602B0BDE8F08D014680F818802046C1
:1049000006F090F9044618B12846FEF727F9EFE7BC
:10491000BB69002BECD14FF0FF324FF0FF3306F1B3
:10492000140003F027FCE3E76FF00C04E0E700BF9E
:104930002DEC000CC0D4000C70B550F8243C596824
:104940004D681438D0E8AF3F9B071DD52B69002276
:104950005B6888681B6893F82260002305F010FEEE
:10496000044630B9094A0121BDE87040084805F005
:10497000D8BC01460676284606F054F920B12046F8
:10498000FEF7ECF8034AEEE770BD00BF48EC000C00
:10499000C0D4000C62EC000C30B585B001909DF8DD
:1049A00020000C4C0C4D8DF808008DF80910ADF866
:1049B0000A200393AC4202D3002005B030BD236827
:1049C00013B1019A934203D1D4E9013101A8984768
:1049D0000C34EFE7F8D4000C04D5000C0F2300F0E2
:1049E000070292009340DB43C008084801F00F0122
:1049F00001FA02F10BBFC269026A134013400BBFF8
:104A00000B430B43C3610362704700BF00A0014426
:104A1000012310B58B400C46032813D8DFE800F0C3
:104A2000020F080C0A4A134204D141B90E2008E0D3
:104A3000082904D1FF2004E0064A1342FAD004F00A
:104A40000F0010BD0121044A044805F06AFCF6E796
:104A5000000008E0FE7F3F009DEC000C18D4000C25
:104A60000121024A024805F05CBC00BFBAEC000C10
:104A700018D4000C70B5054602F074FF0446084EC9
:104A80006B6863B102F06EFF031BB34203D9BDE84C
:104A90007040FFF7E5BF022007F0F6FBF0E770BDBE
:104AA000BFD4010038B54568D5E9010183681B68AA
:104AB0006BB19847041E0DDA14F1780F0AD0234623
:104AC000184A0121184805F035FC204638BD6FF022
:104AD0005704F4E76868E96883681B6843B198473E
:104AE000041E08DA14F1780F05D0104A2346E8E7CF
:104AF0006FF05704F9E72B69984701222B681A7069
:104B00002868FFF7B7FF2B7D13B100222B681A70BE
:104B10002A680024137843F0020313702868FFF713
:104B2000A9FFD2E7E9EC000C18D4000C0DED000C45
:104B30002DE9F743054641788078FFF769FFFF28A4
:104B400006460CD1AB786A782B48009201212B4A9B
:104B500005F0FAFB6FF0850003B0BDE8F083284F45
:104B60003B88C340DB0744D54FF00109254C09FAC7
:104B700006F92378204603F0FD032370FFF77AFF40
:104B800000213046C4F80C90C4F81490FFF726FFBB
:104B9000236B204623EA090323636A78AB686FEA34
:104BA0000908134493F8402002F0FE0283F84020E5
:104BB000237843F002032370FFF75CFFEFF31181CA
:104BC000202383F31288BFF36F8F3A881FFA88F38C
:104BD0001A403A80FF223E4439633276AA78143272
:104BE00037F81200034027F8123081F31188BFF321
:104BF0006F8F0020B0E700BF18D4000C31ED000C1F
:104C0000540E002000A00144032870B506D91648B0
:104C10000121164A05F085FB002070BDEFF31184D9
:104C2000202383F31288BFF36F8F1149143031F8BA
:104C30001030012500200F4A0C635269134023B93C
:104C400084F31188BFF36F8FE7E793FAA3F2B2FA08
:104C500082F20A44127E5E1E02F01F0205FA02F280
:104C600033401043EBE700BF18D4000C5CED000CA0
:104C7000540E002000A001442DE9F04783784268DB
:104C8000584D023390F8019045F82320C36804463C
:104C90006B604946807800AFFFF7BAFEFF280646F2
:104CA0004FEA590809D150480121504A05F039FB13
:104CB0006FF08500BD46BDE8F087EFF31182202339
:104CC00083F31288BFF36F8F2B882A63C340DB07FF
:104CD0002AD52B181B7E03F01F01894503D1A1782B
:104CE000B1EB531F20D082F31188BFF36F8F35448F
:104CF0002B7EA1786C468CB058096A4603F01F03DE
:104D0000CDE9070307233A4DCDE90919CDE9055649
:104D100042F8103F344800234FF46151FCF7ACFCDB
:104D20006FF00F00A546C5E7DFF8C8A09AF800307D
:104D3000504603F0FD038AF80030FFF79BFEA3689E
:104D400030464B4493F8402042F0030283F8402061
:104D5000A26809F0010342444FF0010892F83010B4
:104D6000013B83F00F030B4082F830302178FFF7CE
:104D700035FEE37808FA06F82BB1DAF8303043EA6A
:104D80000803CAF83030CAF81480DAF8103019482D
:104D900043EA0803CAF810309AF800301FFA88F87E
:104DA00043F002038AF80030FFF764FE2B882E449C
:104DB00048EA03032B80337E69F304033376A27839
:104DC00062F347133376A378143335F8132048EA97
:104DD000020825F813802B6B83F31188BFF36F8FC4
:104DE000002067E7540E002018D4000C73ED000C6F
:104DF00090ED000C00A00144F8B504690D4600AF29
:104E0000A034D4E8AF3FC3F38003994218D1164AC7
:104E1000164B6E4688B0002918BF13466A461449DF
:104E2000CDE905134FF40073ADF81C30114B42F877
:104E3000103F00234FF4E4510F48FCF71DFCB5462A
:104E40004DB1D4E8EF3F43F00403C4E8E23F002A49
:104E5000F7D1BD46F8BDD4E8EF3F23F00403C4E822
:104E6000E23F002AF5D0F6E706EE000C0EEE000C4D
:104E700015EE000C0300000178D4000C2DE9F0477A
:104E80000546894690461F46D0F808A006F00EFA5F
:104E90000446C0B1067DF30709D5037E16480121FB
:104EA000164A05F047FA6FF07700BDE8F0873B46F9
:104EB0004246494606F0BAF940B9237E0121104A1C
:104EC0000D4805F037FA6FF01200EEE79DF820303C
:104ED00026F0060684F81980678323772675DAF8AA
:104EE0001830214628469847B0FA80F3227D5B09A6
:104EF00063F300022275D8E778D4000C27EE000C8B
:104F000041EE000C70B50546866806F0CFF9044600
:104F1000D0B1037DDB0708D4037E0D4801210D4A83
:104F200005F008FA6FF0770070BD0146F369284676
:104F3000984738B1237D03F00103227D63F300021B
:104F40002275F1E70346F8E76FF01200ECE700BFC7
:104F500078D4000C63EE000C2DE9F3411746D0F82D
:104F600008800546D8F83C300E46984700220023BA
:104F700039460B48FDF774FD044670B901213B46E4
:104F8000084A0948009605F0DFF92846D8F840306D
:104F90009847204602B0BDE8F0810676F5E700BFED
:104FA000A80300207EEE000C78D4000C2DE9F84F09
:104FB0008146884692469B460C4600261B4F564526
:104FC00001D1002522E0A37CBBF1800F0CBF43F090
:104FD000200343F04003A374DEB9D8F810306FF318
:104FE000100343F4803343F04003C8F810304BEA19
:104FF000060321462376484606F06AF92034054622
:1050000088B101210A4A0B4805F08BF92846BDE812
:10501000F88F23693B4043F4602343F47F7343F0EC
:1050200003032361E3E70136C9E700BF0000F1FF96
:10503000ACEE000C80D4000C70B5066802F092FC57
:105040000446064DB37803F0FF0033B102F08AFC4A
:10505000031BAB42F6D96FF0730070BDBFD40100E3
:1050600030B5036989B0D3F8A4500446083500224E
:105070000023CDE906236FF007030122CDE90332B7
:1050800000230090CDE901334FF400722846054B10
:10509000054903F0AFFA2168284609B0BDE8304061
:1050A00007F04DBBB152000C38190020F8B5137E43
:1050B000446823F080034FEA431C04EB431443F697
:1050C000FF730D8A06689D4228BF1D46EFF31187C6
:1050D000202383F31288BFF36F8F664496F806315E
:1050E0001B060BD587F31188BFF36F8F127E134811
:1050F000134906F019FD6FF00A00F8BDCB68236173
:10510000508BC0F30A0006F04AFCE37D257560F37E
:105110000613002003F0F00360F3C713C5F3052561
:10512000A0756575E37596F8053143F0800386F840
:10513000053187F31188BFF36F8FDEE780D4000C51
:10514000C8EE000C38B5436805461C689B6B03B17C
:10515000984723899BB243F001032381237803F00E
:10516000FD032370237843F0010323706868FFF781
:1051700063FF054630B10121034A044805F0D1F828
:10518000284638BD6062FBE7F3EE000C80D4000CCB
:1051900038B5044643681D689B6B98472B899BB2C2
:1051A00043F001032B812B7803F0FD032B70606823
:1051B000FFF742FF014690B92046FFF7A3FE38B142
:1051C00008480121084A05F0ACF86FF0040005E03A
:1051D00080212046FFF796FE0028F1D138BD6FF000
:1051E0007300FBE780D4000C12EF000C2DE9F843AC
:1051F000147E4B8ACF68D1F81480B1F81090D0E9B2
:10520000005EEFF31186202080F31288BFF36F8FCA
:1052100024F0800005EB40154FEA401C95F806018C
:1052200040060CD486F31188BFF36F8F127E1E48A0
:105230001E4906F079FC6FF00F00BDE8F883107E80
:1052400028B3C9680EEB0C044EF80C100021A3EB38
:1052500009032171A7EB08015B1A43F6FF718B422A
:1052600028BF0B4699016171C3F38701A171E179F0
:10527000C3F3832321F00F010B43E371508BC0F381
:105280000A0006F08CFBE37960F30613E37195F8EE
:10529000043143F0400385F8043186F31188BFF3ED
:1052A0006F8F0020C9E700BF80D4000CC8EE000C4F
:1052B0002DE99F4804462369D3F8A4A00AF1900978
:1052C0004FF0FF334FF0FF324FF0FF31CDE90023B5
:1052D0004846002207F0A4FC8046206984304FF045
:1052E000FF324FF0FF3302F01DFE18F0040F21D102
:1052F00018F0020F0DD00221484607F08DFC2369FB
:105300000126D3F8A4009C3006F013FC0546002DBE
:105310005FD118F0010F08D00121484607F07CFC4E
:1053200020460AF1E40106F02DF82069843002F0ED
:105330006BFEC0E70421484607F06EFC23694FF07E
:10534000010BD3F8A400A03006F0F3FB0646002EB4
:10535000CED096FAA6F3B3FA83F3DDB20F2BC2BF19
:10536000103D65F07F05EDB20BFA03F229462046A9
:1053700026EA020605F09AFF074605F0BFFF58B976
:105380003A7E2649264806F0CFFB6FF068020721D7
:10539000204605F0C4FF0DE000210390384605F0DB
:1053A00092FF039B00221946204605F0C4FF0246E7
:1053B0000028ECD1384605F082FF28B119492A4669
:1053C000174806F0B1FBC2E73946204606F075FCE7
:1053D000BDE795FAA5F3B3FA83F35FFA83FB0F2BCE
:1053E000C2BFABF1100B6BF07F0B5FFA8BFB06FAC1
:1053F00003F25946204625EA020505F057FF074605
:1054000005F05DFF28B107495A46054806F08CFBB8
:105410007DE73946204606F050FC78E735EF000C72
:1054200080D4000C4DEF000C2DE9F04F0446002510
:10543000436885B0D3F80090B9F82060B6B2002E6A
:1054400047D1B9F81C50ADB26B07A9F81C5004D570
:1054500032460521204605F062FF2F0709D51322A9
:10546000636804211B68204683F80921002205F0A7
:1054700056FFEE0710D52369A033D3E8AF3F580796
:10548000C3F3800608D401212046FFF7B5FC32465D
:105490000321204605F043FFA9060ED52369A0335A
:1054A000D3E8AF3F5A0708D500212046FFF7A4FCF8
:1054B00000220221204605F032FF2B0640F1F48045
:1054C0006FF015020721204605B0BDE8F04F05F04A
:1054D00026BFF70762D56B01019363685FFA85FA0F
:1054E0001B6803EB451393F80771FFB2B80783F805
:1054F000077122D562680AF07F0352684AF0800182
:1055000002EB43122369204603920291D3F8A4B020
:1055100005F0CCFE019005F0F5FEDDE902128046B3
:1055200000283ED162480A46624906F0FDFA6FF053
:1055300068020721204605F0F2FEF9071ED56368D0
:1055400051465A681B682046019323694FEA451863
:10555000D3F8A4B0904405F0A9FE029005F0D2FE65
:105560008246002848D153492A46514806F0DCFAC1
:105570006FF068020721204605F0D1FEFA060DD52E
:1055800063685B681A795B7903F03F0342EA0322A0
:10559000082A7CD04849464806F0C6FA7608013504
:1055A0004DE7117D527D0C3002F03F0241EA0221AD
:1055B00005F03BF8B8F810202AB14146019A60681E
:1055C000FFF774FDB9E7404605F0A0FE40B1414643
:1055D000019A6068FFF76AFD404605F09BFEACE764
:1055E00005F110010BF1A00006F0E1FA04210BF126
:1055F000900006F0DAFAA0E7018A428A521AC168DE
:105600004069091A98F80500521A98F8041000F039
:105610003F0041EA00218A4228BF0A460AF10C00F5
:105620009046FDB90BF1A40104F0DDFFDAF80C108F
:10563000DAF81400BAF81220091A521ABAF810103F
:105640008A4219D0029B5A8BC2F30A02904513D1A9
:1056500065B9019B019A93F8043143F0400382F845
:1056600004318BE7114604F0B8FFDFE75146029A98
:105670006068FFF7BBFD81E729460BF1A00006F04B
:1056800096FA04210BF1900006F08FFA76E7236971
:105690000121D3F8A400D0F8A43090304365836989
:1056A000836506F082FA79E705B0BDE8F08F00BFA8
:1056B00080D4000C35EF000C62EF000C2DE9F04FA8
:1056C000456889B095F82430D5F814902C688DF889
:1056D0001C300646A869296A83689B6953B107AAEA
:1056E0009847B0F1000808DA42466649664806F075
:1056F0001BFA31E06FF05708F6E7A869296A83685A
:105700001B684BB19847B0F1000808DA18F1780F20
:1057100005D05E494246E9E76FF05708F9E7D5E959
:10572000060183681B684BB19847B0F1000808DA9E
:1057300018F1780F05D056494246D7E76FF0570861
:10574000F9E7237843F0010323707068FFF774FCD6
:10575000074628B16FF07308404609B0BDE8F08FE6
:10576000E378014643F00203E370E378484643F0F0
:105770000803E37007AA06F01FFDB0F1000807DB7D
:10578000079B3A461979186801F0F2FD804610B17E
:1057900040494246AAE702464FF0FF3C86467768FA
:1057A0003B68039397F82C300593059B9A4226D3C8
:1057B0000022039B80B218852378114643F004032E
:1057C00023702378304603F07F032370238923F06E
:1057D0000C031B041B0C238123899BB223816B6860
:1057E000636200924023FFF749FB024658B3012150
:1057F000294A254804F095FD6FF00408ACE7B96A22
:10580000D7F830A08B5C114404934B7891F8029048
:105810004FEA531B0AEB8B08E04518BF5AF82BE000
:1058200003F01F032EFA03F303EA090C39EA03031A
:1058300008BF91F803C0049B04320CFA03FC40EA51
:105840000C00C446B1E70090402380213046FFF7AA
:1058500015FB0028CBD129232383237843F00203AF
:1058600023707068FFF7E8FB804600287FF472AF72
:105870002389304623F001031B041B0C23816B6B2F
:10588000984769E787EF000C80D4000CA8EF000C64
:10589000C6EF000CE4EF000C0FF0000CF8B500AF01
:1058A000B8B96C4688B06A46344B4FF4E251059360
:1058B000334B344806934FF40073ADF81C30324B31
:1058C00042F8103F06F047FAA5466FF01500BD46B6
:1058D000F8BDB0F1205F4FEA906415D36D468AB0F1
:1058E0006A462A4B4FF411510593254B2548CDE9C3
:1058F00006344FF40073ADF82030254B42F8103FCA
:1059000006F029FAAD46E0E7631EDBB2082B2ED87D
:10591000204A214DD15C214AD65C214AD25CEB5C05
:10592000C5B28D420BD8C0F3052CB44507D8C0F3DF
:105930000556964203D8C0F3853098421CD96E466E
:105940008CB06A46174BCDE9084105930C4B4FF4D8
:105950005151CDE906354FF40073ADF82830124BA4
:10596000084842F8103F06F0F6F9B546ADE73F2388
:1059700000211A461E46D3E70020A8E74AF0000C93
:105980006EFA000CE8D3000C0300000178F0000C64
:1059900004000001C3F9000CA8F9000CBAF9000CCE
:1059A000B1F9000C96F0000C060000012DE9F34758
:1059B0000C460025194943682143804616461F6856
:1059C000019506F0CBF9022804D03560002002B022
:1059D000BDE8F0874FF0060AB4FBFAF95FFA89F5E3
:1059E0002946404601AA06F044FA0028EFD10AFBF6
:1059F0001944E4B2032C94BF4C375037AD003D44FA
:105A00002B6804F00304E400E34013F03F03DDD00F
:105A1000019AB2FBF3F23260D8E700BF00FFFF0F3C
:105A20002DE9F04F83B01C4643680D4692469A68B4
:105A3000002302EB8108464900AF29437B60814681
:105A4000D0F810B0D8F8206006F088F902284FF09E
:105A500000034AD1D8F8201001F00F01514518D1A8
:105A60006C4688B06A463B4B53613B4B3B48936165
:105A70004FF4007393833A4B4FF4E25142F8103FD6
:105A800006F069F96FF08500A5460C37BD46BDE804
:105A9000F08FBAF1060F07D18B1F052B04D86C4687
:105AA00088B06A462F4BDFE70B290AD8DFE801F000
:105AB00006202E39393C414141414141DBF800305B
:105AC0007B60D8F82020012D4FEA124218BFD2B2D5
:105AD000F30435D51D2A28BF1D220123013292B2BD
:105AE00093409AB27B68B3FBF2F300202360CCE7CB
:105AF000AB1EDAB2092A04D80BEB830BDBF80430B7
:105B0000DEE76C4688B06A46174BADE7012D1BD027
:105B10000C22012148463B1DFFF782FF0028D0D010
:105B2000B3E74FF40043CBE74846391D00F01EF8B9
:105B3000F4E7063948463A1DC9B2FFF737FFEDE7EB
:105B4000012A38BF0122CDE76FF05B009DE700BF5F
:105B500000FFFF1BC3F0000C02FA000CE8D3000C9E
:105B600003000001E5F0000C07F1000C37B50C460E
:105B700041680A68136913F4807303D1002023601D
:105B800003B030BD136BDB0701D4094BF6E78B681C
:105B9000D56BD3F88010052201AB01F00F01FFF7A0
:105BA0003FFF0028ECD1019BADB26B432360E7E7D8
:105BB000006CDC022DE9F04F83B043688146D3E9E5
:105BC00000BA0E46144600AFCDB2D2B96C4688B0CA
:105BD0006A46984B4FF4E2510593974B97480693CA
:105BE0004FF40073ADF81C30954B6FF0150842F878
:105BF000103F06F0B0F8A54640460C37BD46BDE85C
:105C0000F08F08467B60FFF749FE7B688046B10E47
:105C1000C0B16C468AB06A468A4B08950593864B9C
:105C20008648CDE906314FF40073ADF82430864B39
:105C30004FF4315142F8103F06F08DF8A5466FF051
:105C40008508D9E7082900F27081DFE811F0090022
:105C500013007600C500E200E8000D01590166015D
:105C6000DBF81430227823F0800343EAC213CBF828
:105C70001430C1E7D9F80430A1789A681D68D2F8C9
:105C8000803061F30303C2F880306378002B3AD090
:105C90002B6BDFF8B89143F00102DBB243F0010354
:105CA0002A632B6301F05EFE0646AB6FA3B101F0E1
:105CB00059FE831B4B45F8D96C4688B06A46644B45
:105CC0005361644B93614FF4007393835C4B4FF4C7
:105CD000E25142F8103F07E1EA6BA3886FF30F022D
:105CE0001343EB6301F03EFE0646DFF86091AB6FB5
:105CF0004BB101F037FE831B4B45F8D96C4688B099
:105D00006A46554BDCE7EB6A227803F07F0343EAEF
:105D1000C213DBB2EB6201F025FE04464B4EAB6FC3
:105D2000002B3FF469AF01F01DFE031BB342F6D90F
:105D30006C4688B06A46494BC2E72679D9F80430E8
:105D40000B2ED3F800901EDC9B6803EB850ADAF873
:105D50008430334343F04003CAF8843001F002FE3C
:105D60008346DAF884305B060DD401F0FBFD374A38
:105D7000A0EB0B039342F4D96C4688B06A46384BCB
:105D80000593384B9EE70B2ED8BF002609F144023D
:105D900052F825302188C8BF0B3E61F3090342F851
:105DA000253009F1480252F82530A17809F140095F
:105DB00061F3050342F8253059F82530E278C8BF71
:105DC000360223F4F063C8BF06F4E06643EAC21368
:105DD0001E4349F825600FE7D9F8043019680623F7
:105DE000B5FBF3F203FB1253D8B2032894BF4C3136
:105DF000503192000A443F2103F003031068DB0096
:105E0000994020EA0100217801FA03F3034313606B
:105E1000F2E6237803F00303CAF81030ECE6DAF870
:105E20001C30227823F0800343EAC213CAF81C30E6
:105E3000E2E600BF25F1000C81FA000CE8D3000C6B
:105E40000300000144F1000C05000001BFD4010073
:105E50006EF1000C59FA000CA3F1000CD6F1000C05
:105E600041F2000C45FA000CD9F804A0012DDAF833
:105E70000810D9F8106001EB85010A6A238822F422
:105E8000005222F00F024FEA02424FEA124201D0C2
:105E9000FF2B01D842EA0342E378A07803F00F0316
:105EA00043EA403313430B6201F05CFD8146DFF8A7
:105EB00088B0DAF808305B68DBB101F053FDA0EB85
:105EC00009035B45F5D96C468AB06A461B4B4FF413
:105ED000115105931A4BCDE906354FF40073ADF817
:105EE0002030184B42F8103F174805F034FFA54604
:105EF00082E6002D7FF480AEE37886F83A307BE6C8
:105F00009B68C6F3052603EB8603D3F8802021782F
:105F100061F30302C3F880206EE6D9682378CA686B
:105F200022F0FF021343CB6066E60121074A0648D0
:105F300004F0F7F983E600BFBFD401000BF2000CB8
:105F40002DFA000C04000001E8D3000C88F2000CCC
:105F50002DE9F04782B00023D0F80480D0F810A0DB
:105F600000AF06460846894615467B60FFF796FC5B
:105F70000446A8B16C4688B06A46414B5361414B18
:105F8000414893614FF400739383404B4FF4E251C7
:105F900042F8103F05F0DFFE6FF08500A54616E0E1
:105FA0004946304605F0DAFE02280ED14FEA9963E1
:105FB0005FFA89F1092B5DD8DFE803F00513181D9E
:105FC0002210373D4A4ADAF8004000202C6008379A
:105FD000BD46BDE8F0874FF48064F6E74FF4004417
:105FE000F3E729463046FFF7C1FDF0E72A46304681
:105FF00005F03FFFEBE72A463046FFF7D7FCE6E720
:1060000073685A68136903F00303012BE3D0991EE8
:106010000129E3D8D46914F00204D6D0032B14BFAD
:106020004FF400444FF48064CFE72B460C223046F7
:10603000FFF7F6FCCBE7D8F80830C9F3052909F1DA
:10604000200953F829100C222B4601F00F01EEE72E
:106050000C22002130463B1DFFF7E2FC0028B6D1A0
:10606000D8F80C307C68DB6813F0FF03ADD0B4FBCC
:10607000F3F4AAE76C4688B06A46054B7EE700BF9A
:106080006EF2000C19FA000CE8D3000C03000001BA
:1060900084F2000C2DE9F84FD0F804A0D0F810805D
:1060A00000AF0846DAE9004B0E46DAF80890CDB2A8
:1060B000FFF7F4FBA8B16C4688B06A46494B5361C0
:1060C000494B4FF4E25193614FF400739383474B74
:1060D000474842F8103F05F03EFEA5466FF08500A8
:1060E0000DE0B30E092B77D8DFE803F0050C11277C
:1060F00076484F5C7667636923F002036361BD46AF
:10610000BDE8F88FE36A23F00203E362F7E7403467
:1061100054F8253023F0020344F825300123D8F841
:106120003020AB4022EA0302C8F83020D8F82C20F7
:1061300022EA0302C8F82C20E1E70623B5FBF3F2BC
:1061400003FB1253D9B203294FEA820294BF4C34A5
:1061500050341444012203F00303DB0021680733A9
:1061600002FA03F321EA03032360B8F83830063556
:10617000AA4023EA0203A8F83830C0E7DBF81C3055
:1061800023F00203CBF81C30B9E725B96C4688B080
:106190006A46184B93E709EB85052B6A23F4807355
:1061A0002B62ACE7C6F3052609EB8609D9F88030E7
:1061B00023F04003C9F88030A1E70121DAF80C3060
:1061C000C6F3055203EB8203DA6BC6F38536B140A2
:1061D00022EA0102DA6392E70121074A044804F047
:1061E000A0F87BE76EF2000CF3F9000C030000014D
:1061F000E8D3000CA3F2000C88F2000C2DE9F04764
:106200004FF0010843680669D3F8009000AF09F128
:10621000400252F821300C4643F0020342F821308C
:1062200001F1180308FA03F801F09CFB0546DFF8BA
:1062300058A0D9F8103038EA03031CD001F092FBC3
:10624000431B5345F5D96D468AB06A460F4B10483B
:106250000593104B4FF41151CDE906344FF4007300
:10626000ADF820300C4B42F8103F05F074FD6FF094
:106270007300AD4605E001220020F36AA2401343FB
:10628000F362BD46BDE8F087FF0D2707CFF2000C93
:10629000E8D3000C01FB000C040000012DE9F04FD5
:1062A00083B00546D0F804B000AF08460C46FFF7AF
:1062B000F5FA0646C8B16C4688B06A46794B536118
:1062C000794B4FF4E25193614FF400739383774B12
:1062D000774842F8103F05F03EFD6FF08506A54671
:1062E00030460C37BD46BDE8F08F2146284605F004
:1062F00035FD022800F0D3806A68A00E116893680B
:10630000092800F28180DFE800F0053439527F5718
:106310005D677F724B6943F002034B61230E032BD1
:1063200003F0FC0A40F28A80BAF1140F05D8614BE1
:1063300023FA0AF3DA0700F18180DBF814804FF0CA
:106340000009BAF1140F7CD1DBF80430DB68DB07FD
:10635000C6D4594B1B78002B7AD101F003FB0246BF
:106360007A6001F0FFFA7A685449831A8B42F7D9B0
:1063700079E0CB6A43F00203CB62CFE70F20E1B2B2
:106380004B1C2A6903EB43035B0000FA03F3108FF5
:10639000034205D02846FFF731FF0028BED048E071
:1063A000012303FA01F1136B0B431363B6E728468D
:1063B000E1B205F0B5FDF0E75268D36943F002039E
:1063C000D361ABE714F0FF02A8D003EB82031A6A93
:1063D00042F480721A62A1E7C4F3052203EB820340
:1063E000D3F8802042F04002C3F8802096E7D268BC
:1063F000C4F3055302EB83020123D16BC4F3853050
:1064000083400B43D36389E76C468AB06A462C4BC2
:106410004FF4115105932B4BCDE906304FF4007327
:10642000ADF82030284B224842F8103F05F093FC8D
:10643000A5466C4688B06A46244B40E74FF4FA689C
:106440007DE72146284605F089FC022881D147E7EF
:10645000FCF74AF81E4B1B58002B3FF47EAF0A2076
:10646000002106F051FA09F10109C145FFF469AFB5
:106470006C4688B06A46174B4FF4E25105930A4BBD
:106480000B4806934FF40073ADF81C30074B6FF0C8
:10649000730642F8103F05F05EFCA54620E76FF05A
:1064A00077061DE76EF2000CE5F9000C0300000111
:1064B000E8D3000C1011100035120020BFD40100E9
:1064C000EAF2000CDCF9000C0400000112F3000CED
:1064D0000800000030F3000C2DE9F04143682F4A1A
:1064E0001D6804696B69487A1A400B7C00021B0620
:1064F00000F4706003F040730343087A00AFC001FA
:10650000C0B203438878400100F020000343887A3A
:10651000000100F010000343C878C00000F008003C
:1065200003434878800000F00400034308784000EB
:1065300000F00200034313436B614B6823600B7848
:1065400003B301F00FFA0646DFF854802B69DB072E
:106550001BD401F007FA831B4345F7D96C4688B07A
:106560006A46104B4FF4E25105930F4B0F480693C8
:106570004FF40073ADF81C300D4B42F8103F05F09E
:10658000EAFBA546BD46BDE8F081636B43F480534A
:106590006363238F43F001032387F3E741F0FFFC9C
:1065A000FF0D270745F3000CF1FA000CE8D3000CAF
:1065B000030000012DE9F04706690C46338F00AF58
:1065C0009D0614D56C4688B06A46864B4FF4E6515A
:1065D0000593854B06934FF40073ADF81C30834B45
:1065E00042F8103F824805F0B6FBA546CDE096F88C
:1065F0003A30052B00F0AB8043681D689A68EB6A5F
:1066000023F00203EB628B78012B67D10978736B5F
:10661000CB40D80713D46C468AB06A46754B0593B5
:10662000714BCDE90631032308934FF40073ADF8A5
:106630002430714B4FF4335142F8103FD2E7D2F877
:106640008030DFF8B8A161F3030343F04003C2F8E0
:10665000803001F087F98046DFF8A491DAF88030C5
:106660005A0600F1958001F07DF9A0EB08034B4537
:10667000F4D96C4688B06A46624BA7E02B6B62790E
:1066800003F0490343EAC213A279DBB2520102F0DC
:1066900020021343E279DFF86891120102F0100240
:1066A0001343227A920002F004021343627A5200EA
:1066B00002F00202134343F001032B6301F052F98D
:1066C0008046AB6F53B101F04DF9A0EB08034B4589
:1066D000F7D96C4688B06A464B4B77E0EB6AE278B4
:1066E00003F07F0343EAC213DBB2EB626278EB6A2A
:1066F000520002F0020203F0FD031343EB6201F0CB
:1067000031F98046DFF8F890AB6F53B101F02AF908
:10671000A0EB08034B45F7D96C4688B06A463B4B63
:1067200054E06378002B30D001F01CF98046DFF88C
:10673000E0902B69DB051ED401F014F9A0EB0803EF
:106740004B45F6D96C4688B06A46324B3EE06D4602
:1067500088B06A46304B4FF4E6510593224B2448EB
:1067600006934FF40073ADF81C30204B42F8103FF5
:1067700005F0F1FAAD4663783BB1736B43F4005317
:106780007363338F43F020033387BD46BDE8F08742
:10679000A37AEA6BA1891B0403F4FE036FF31602CC
:1067A0000B431343EB6301F0DDF88046DFF85090B4
:1067B000AB6F002B3FF462AF01F0D4F8A0EB080000
:1067C0004845F5D96C4688B06A46144B5361064B70
:1067D0004FF4E25193614FF400739383034B42F8FB
:1067E000103FFFE65EF3000CDEFA000C0300000130
:1067F000E8D3000C8FF3000C0500000100000144F9
:10680000BFD4010034F4000C6EF1000CD6F1000C82
:10681000FF0D270718F4000CDEF3000CA3F1000CA9
:106820002DE9F04F83B0D0F810900D78D9F8306092
:1068300000AFEE4016F001030C467B6040F0A180F3
:1068400091F807B0D9F8343023FA0BF3DE0717D4E8
:106850006C468AB06A46604B4FF4335105935F4BE8
:10686000CDE90635032308934FF40073ADF82430C7
:106870005B4B42F8103F5B4805F06DFAA54680E09F
:106880004368BBF10B0FD3F80080D3F810A01EDCD7
:106890009E6806EB8506D6F884204BEA020242F099
:1068A0004002C6F8842001F05DF80246D6F8840064
:1068B0003A6041060BD401F055F83A684A49801A0B
:1068C0008842F3D96C4688B06A46484B77E008F1B5
:1068D000440252F825306189BBF10B0F61F30903C3
:1068E00042F825304346217B53F8482FC8BFABF10F
:1068F0000B0B61F30502C8BF4FEA0B2B43F82520B1
:10690000C8BF0BF4E063A079C8BF7B60637908F16E
:10691000400252F82510C002DB0100F46050DBB2E7
:106920007E6821F47E5103430B431E4342F82560E9
:10693000E2892F4BD8F86C1003EA0243228A6FF3E6
:10694000DE11D20192B213430B43C8F86C3001F050
:1069500009F80646DFF890B0D8F878305A0614D512
:1069600001F000F8831B5B45F6D96C4688B06A4697
:10697000204B24E00122D9F83030AA401343C9F853
:1069800030300C37BD46BDE8F08F2379002BF8D0AE
:10699000DAF81C30184E43F48033CAF81C3000F08B
:1069A000E1FF0446DAF80C30DB05E3D400F0DAFF4F
:1069B000031BB342F6D96C4688B06A460F4B53614D
:1069C000064B4FF4E25193614FF4007393830C4BE9
:1069D00042F8103F4FE700BF64F4000CCFFA000C00
:1069E00005000001E8D3000CBFD4010041F2000C07
:1069F0000000FF7FD9F4000CFF0D2707A8F4000C5E
:106A0000030000012DE9F84306248C460978056946
:106A1000B1FBF4F62B8F01F1060823FA08F3DB072C
:106A200004FB161400AF17D56D468AB06A46214B99
:106A30005361214B1462C2E906364FF4007393840C
:106A40001E4B4FF433511E4842F8103F05F083F9B6
:106A5000AD46BD46BDE8F8834FF03F094368032CBF
:106A60001A684FEA8603D4BF4C325032134404F004
:106A7000030E1A684FEACE0E09FA0EF922EA090946
:106A80009CF8052002FA0EF242EA09021A609CF80C
:106A9000043023B96D468AB06A460A4BC8E705F050
:106AA0003FFA0028F6D101232A8F03FA08F3134393
:106AB0002B87CEE703F5000CBCFA000C05000001A3
:106AC000E8D3000C38F5000C2DE9F041056900AF62
:106AD0002B8FDA0616D56C4688B06A46344B4FF4D5
:106AE000E6510593334B06934FF40073ADF81C3019
:106AF000314B42F8103F314805F02DF9A546BD460F
:106B0000BDE8F08143680A7C5C68CB7B52009B0047
:106B100002F0020203F0040313438A7B606902F06F
:106B2000010220F00700134303436361E369244833
:106B30000A7B18404B7A12029B0402F4706203F441
:106B4000701313430A7AD201D2B213434A789200E7
:106B500002F0040213430A78520002F002021343C7
:106B60000343E3610B78002BC9D000F0FBFE06461F
:106B7000DFF85080E368DB0715D400F0F3FE831BD9
:106B80004345F7D96C4688B06A460F4B4FF4E25143
:106B90000593084B06934FF40073ADF81C30064B79
:106BA00042F8103FA7E72B8F43F010032B87A6E78F
:106BB0006FF5000CA9FA000C03000001E8D3000CEB
:106BC00079F0C3FFFF0D27079EF5000C2DE9F04774
:106BD00006690D78736B0C46EB40DA0700AF17D5EA
:106BE0006C468AB06A46514B4FF413510593504B93
:106BF000CDE906354FF40073ADF820304D4B42F827
:106C0000103F4D4805F0A7F8A546BD46BDE8F08702
:106C100091F807C0338F23FA0CF3DB0713D46C46CB
:106C20008AB06A46454B4FF433510593404BCDE94A
:106C30000635032308934FF40073ADF82430404B1E
:106C400042F8103FDDE7D0F80480012DD8F8082085
:106C5000638A02EB8502116A21F4745121F00F015D
:106C60004FEA01414FEA114101D0FF2B01D841EA1F
:106C700003416379003B18BF012341EA4331237C80
:106C80000BB141F48051637D207ADB02800200F475
:106C9000806003F400630343207D0CF00F0C40027E
:106CA00043EA0C0300F4007003432079DFF894A05A
:106CB000000200F4807003430B43136200F052FEA5
:106CC0008146D8F808305B68BBB100F04BFEA0EB02
:106CD00009035345F5D96C468AB06A461A4B4FF4FE
:106CE00011510593124BCDE906354FF40073ADF801
:106CF0002030104B42F8103F83E7AB1E092B0FD812
:106D0000E26806EB83035A600122736BAA401343C7
:106D1000012D736302BF338F43F00203338774E79F
:106D2000002DF1D1E37986F83A30EDE7BDF5000C9E
:106D300096FA000C04000001E8D3000CEFF5000CFB
:106D400005000001BFD401000BF2000C2DE9F04F4B
:106D5000924B87B0DFF8489200AF0125C7E9009356
:106D60004FF4606A3023394646680446C7E902A3F7
:106D7000D0F810803D6140F2011BFFF7ADFB4FF4EE
:106D80000043C7E900B340F20713864A3946C7E912
:106D90000223002320463B61FFF796FEB368DFF82D
:106DA00008921D7000F0DEFD0546B368D3F804A01C
:106DB000BAF1000F1ED000F0D5FD431B4B45F4D9AE
:106DC0006C4688B06A46794B79480593794B4FF405
:106DD000E25106934FF40073ADF81C30764B42F845
:106DE000103F04F0B8FF6FF07300A5461C37BD4696
:106DF000BDE8F08F0523032688F83A3001254FF0CF
:106E000006084FF0020914220021381D05F01FFF6B
:106E10006A4B394620463B6087F807807D823D718A
:106E2000FFF7D4FE14220021381D05F010FF644B3B
:106E3000394620463B6087F80780A7F812903D71DD
:106E4000FFF7C4FE14220021381D05F000FF5D4B42
:106E500039463B6007232046FB717D823D71FFF779
:106E6000B5FE14220021381D05F0F1FE564B3946BF
:106E70003B6008232046FB717D823D71FFF7A6FE33
:106E800014220021381D05F0E2FE504B3946204601
:106E90003B607D823D71FFF799FE4FF001334C4A14
:106EA0003946C7E90023204603F17F43BB60BD811B
:106EB000FFF780FB4749484B4FF00308C7E9001331
:106EC0004FF0967339462046C7E90238C7F810A03C
:106ED000FFF7A6FC40F6012340483946C7E9000306
:106EE0002046FFF78FFD41F60113DFF8F4C0394665
:106EF0002046C7E900C3FFF785FD40F601434FF484
:106F0000006BDFF8E0E039462046C7E900E3FFF711
:106F100079FD354B39462046C7E9003BFFF772FD46
:106F2000324A39462046C7E9002BFFF76BFD304A4D
:106F300039462046C7E9002BFFF764FD013E7FF488
:106F40005DAF636832465B6820462A491D612B4667
:106F500005F019F82B464A462046274905F013F854
:106F60002B4642462046254905F00DF82B460422C3
:106F70002046234905F007F82A462046214905F016
:106F800017F82A462046204905F012F820462A46DE
:106F90001E4905F00DF8304628E700BF001BB7007A
:106FA0000100000100000101BFD4010042F6000C05
:106FB000E8D3000CCCF9000C0300000100FFFF1B1C
:106FC00001FFFF1B02FFFF1B03FFFF1B04FFFF1B53
:106FD0000101000100C0FF0B0100010C00FFFF0FC9
:106FE00001FFFF0F02FFFF0F03FFFF0F04FFFF0F63
:106FF00005FFFF0F30E7FF1F37EEFF1F35ECFF1FC8
:1070000010D2FF1F3E7F34240E3F05240B7F042443
:1070100008B5074805F05EF938B10648FBF7BCFC37
:107020000448FAF77DF8002008BD6FF01200FBE776
:107030002CCE000C3970000C0A2838B50446074DD8
:1070400004D1AB680D2128465B689847AB680348BC
:107050005B68E1B29847204638BD00BF2CCE000CDB
:107060002DE9F04305460E461446984685B007695B
:10707000D0F8049010220021684605F0E8FD7D60FC
:1070800099F80830B4F5001F8DF80230BB6818BFBE
:1070900044EA0804F34003F001038DF80330D9F803
:1070A0000430B4F1107F0293194B8DF80160039303
:1070B000019722D00AD8B4F5001F18D01548012135
:1070C000154A03F02EF96FF0150013E0B4F1A86F24
:1070D0001AD007D8B4F1507F18D0B4F1886FEDD131
:1070E00004230BE0B4F1E86FE8D1032306E068461F
:1070F000FDF71EFD05B0BDE8F083052368468DF859
:107100000030FDF7B9FDF5E70123F7E70223F5E7C6
:1071100073C0000CF8D3000C9AF6000C10291FB5B0
:1071200028BF10210C460C4BD3F8E02112BA009274
:10713000D3F8E42112BA0192D3F8E82112BA0292EC
:10714000D3F8EC310A461BBA6946039305F072FD89
:10715000204604B010BD00BF0070000A0346F0B521
:1071600053F8186D0546726885B0D16892685C1A4C
:10717000154BE4105C430C236343D718D05839797E
:1071800004F0FBFF031E08DA012100930F4A234697
:107190000F4803F0D9F805B0F0BD15F9082C9A4254
:1071A000F9D04FF0FF304FF0FF3105F8083C3A8935
:1071B000CDE902010121003B18BF012330460091B7
:1071C000FDF7EAFBE7E700BF398EE338FAF6000C7B
:1071D000F0D3000C2DE9F04F85B045684FF0000961
:1071E000EB6802AF18331E4638607B606B684B4516
:1071F00005DC2B7D002B40F0A380002422E00C2333
:1072000003FB09F8AC6854F8080004EB080B05F020
:1072100061F854F808400346C8B921686C4688B044
:1072200002AA4B48C2E905014FF400719183494914
:1072300042F8101F4FF4E2514748FAF71DFAA546ED
:107240006FF0120420460C37BD46BDE8F08FBBF846
:1072500006E09BF804104EF480324FF0010C2069D8
:107260000CFA01FC03681EF0010FD4F808B014BF3B
:1072700043EA0C0323EA0C030360DBF800302046EA
:107280009847044638B14B46344A009001213248B1
:1072900003F05AF8D6E73B68304646F8183C2969AF
:1072A00005F03BFA2B7D002B46D10123D5F808A031
:1072B000A6F114010AEB080B9BF8042003FA02F272
:1072C000274B46E904325AF808008268D46964B151
:1072D0000122A047041E0BDA0121224A1E4803F0B6
:1072E00020F8214A4B460094D0E76FF05704F3E7AB
:1072F0009BF804105AF8080004F03FFF06F8080C49
:10730000BBF806305AF808009BF8041003F040035D
:10731000826894696CB14FF0A07243F0C063A047DB
:10732000041E09DA01212346104A0B4803F002F833
:10733000D7E76FF05704F5E709F10109483655E73B
:107340000A232A687868A2FB032301F0DFF854E7D8
:10735000CADA000C03000001F0D3000C16F7000C91
:10736000A3C1000C36F7000C52F7000C59F7000CC3
:107370002DE9F04300250127DFF8E0E000F1020CE1
:10738000EBB2994202D80020BDE8F08330F82540E6
:107390003CF82560C4F3422804F00F03B8F1010F54
:1073A0005EF82330C4F304122AD15BB303EB520816
:1073B0004FEA143998F8304012F0010F15BF04F06D
:1073C0000F0404F0F00444EA091449EA040488F8BC
:1073D000304003EB020898F8404044F0010488F87C
:1073E000404016F0010F07FA02F803EB02040BD13C
:1073F00016F0020F0ED194F8409009F0FB090DE051
:10740000002BEED10135BBE7D3F8109048EA09090B
:10741000C3F8109094F8409049F0040984F8409023
:1074200094F8409016F0080F14BF49F0020909F0D3
:10743000FD0984F840901C6816F0100F14BF48EA4C
:10744000040424EA08041C60DC6E07FA02F2360623
:107450004CBF224324EA0202DA66D3E780D7000C4D
:107460000121024A024802F05CBF00BF8EF7000C07
:1074700070D4000C70B5054600F074FA0446094E4D
:10748000EB69DB060CD000F06DFA031BB34203D9A5
:10749000BDE87040FFF7E4BF022004F0F5FEEFE71F
:1074A00070BD00BFBFD40100F7B50D46476806693F
:1074B000BC682368204623F002032360FFF7DAFF4D
:1074C000EB79002B64D1F3712979022960D8204629
:1074D00004F0BCFE2B7933716B79012B52D16368B8
:1074E00023F0400363602046FFF7C4FF6B7973719C
:1074F000AB79042B4CD82B4A2046D35C626822F02F
:1075000007026260626813436360FFF7B3FFAB7901
:10751000B3710023B86901938368DB6813B1396ADA
:1075200001AA9847019A2868002A34D05308010B11
:107530000005C01841F100010023F8F761FD4FF686
:10754000FF72431E61F10001934271F1000125D2E7
:107550002368404280B223F460432360A0812B68FB
:10756000204633607B7B012B02BF236843F08003FE
:107570002360236843F002032360FFF77BFF0020B2
:1075800003B0F0BD032B03D1636843F04003A9E7C8
:107590006FF08500F4E76FF01500F1E76FF0210060
:1075A000EEE700BF0EFB000C2DE9F34146680769CA
:1075B000B069B468836896F80C801B68316A2BB98F
:1075C0006FF05705284602B0BDE8F08198470546A0
:1075D00010B110F1780FF5D1D6E9060183681B6868
:1075E000002BEDD09847054610B110F1780FE9D186
:1075F000BF2323750023FB713379042B02D96FF06D
:107600008505DFE7504A2046D35C626822F0070216
:107610006260626813436360FFF72CFF3379204692
:10762000BB71717904F012FE73793B71B379012B50
:1076300079D1636823F0400363602046FFF71AFFA7
:10764000B3797B71B16832690B68120523F44C136E
:1076500002F440121A4373691B0403F440331343CA
:107660000B60236843F000532360236823F01C035E
:10767000B8F1000F5ED023602368002143F08043FF
:107680002360706A01AA04F097FD051E9ADB019B36
:10769000002219791868FFF76BFE0546002891D182
:1076A0006368204643F400336360FFF7E3FE6368DA
:1076B000204643F480336360FFF7DCFEB069316A33
:1076C0008368DB680BB101AA9847019A3068002AE9
:1076D00033D05308010B0005C01841F1000100230D
:1076E000F8F78EFC4FF6FF72431E61F100019342E2
:1076F00071F1000124D22368404280B223F4604338
:107700002360A081336820463B60737B012B02BF5E
:10771000236843F080032360236843F0020323605F
:10772000FFF7A8FE4EE7032B7FF469AF636843F0D1
:10773000400381E743F004039DE76FF0150541E73F
:107740006FF021053EE700BF0EFB000C4FF0E02379
:107750000D4A9969126818699B69002908BF11468A
:10776000002B08BF134610F4803F084801D199420E
:1077700005D20168114401604FF0E02109690068F9
:107780001044C01A704700BFF8110020F411002007
:107790002022094B002083F8232042F6E062074BA9
:1077A0001A60074B42F6DF6218604FF0E0235A611F
:1077B000072298611A61704700ED00E0F81100207F
:1077C000F4110020684620F007018D4619B5FFF737
:1077D000BDFF1449144B0868D3E90042001942F177
:1077E0000002C3E9000200230B6042F6E0630F4A87
:1077F000D2E90041001BB0FBF3F043431B1941F1F8
:107800000001C2E90031EFF31181202383F31288D4
:10781000BFF36F8F01F05AFBFAF7F8FDBDE819408E
:1078200085467047F4110020380B0020300B0020F3
:107830002DE9F041374E89B1421C0AD14FF0E022C8
:10784000136923F0010313614FF07F433360BDE8F8
:10785000F0813568012806DC00240AE0431C356805
:10786000F8D140F2755040F276539842A8BF1846BE
:10787000441EEFF31187202383F31288BFF36F8F29
:10788000FFF764FF4FF0E0232349D3F818C0D1E994
:10789000002380184FF0000243F10003C1E9000308
:1078A0001E4B1A601E4B1A68831A2DD442F6E06EE6
:1078B00042F6DF6814FB0E841C44B4FBFEF4131A7A
:1078C0000EFB0433B3F5806F38BF4FF48063154A65
:1078D000934228BF13464FF0E0223360013B946986
:1078E00053610023A4459361ACEB0400D1E900325D
:1078F0000DD20544EB1842F10002C1E9003287F3D2
:107900001188BFF36F8FA2E74FF48063E3E7C318DA
:10791000F1E700BFF8110020380B0020F41100201F
:10792000300B002060CCFF0038B5EFF31185202329
:1079300083F31288BFF36F8F084B1C68084B1B68DA
:10794000E41AFFF703FF85F31188BFF36F8F42F648
:10795000E0632044B0FBF3F038BD00BF380B0020DB
:10796000300B002038B5EFF31185202383F3128804
:10797000BFF36F8F044B1C68FFF7E8FE85F3118897
:10798000BFF36F8F204438BD380B002010B504467C
:10799000F9F7A4FD03480121034A02F0C2FC204686
:1079A00004F0A3FC58D4000CDAF7000C2DE9F843DE
:1079B00004460D4600AFEFF31188202383F31288AD
:1079C000BFF36F8F04282A4A98BF2A4BE9468AB032
:1079D0009668117C98BF53F820306A4688BF264BC2
:1079E000CDE9073140F201332448ADF82430244B6F
:1079F000CDE9050442F8103F00234FF431512148EE
:107A0000F9F73AFECD4645B1EB69C3F3080323B15C
:107A100001211D4A1B4802F084FC2EB1304604F0BF
:107A200091FE08B1037803B91848E9468AB06A465E
:107A3000174B0790CDE9053640F20133ADF8203001
:107A4000144B42F8103F00234FF411510D48F9F741
:107A500013FE2946CD462046FFF798FF88F311888C
:107A6000BFF36F8F3046FAF7E1FCBD46BDE8F883FF
:107A7000FC110020C8D7000CE9F7000CFFF7000C40
:107A80000500000158D4000C27F8000CF7F7000C93
:107A900048F8000C0400000138B50A4B53F82040A8
:107AA000013053F82050A54200D838BD606830B18D
:107AB000037EDB0701D404F0F5FB0834F3E7236809
:107AC0009847FAE7DCD7000C012270B5294B86B045
:107AD00003201A70FFF7E0FF01F0AEFB0420FFF770
:107AE000DBFF254C254D2646AE4204F130040FD372
:107AF00001F072F8204CAC4226D301F081F8F8F77F
:107B0000CDFD1F4A938923F00103938106B070BD18
:107B100054F80C3C059354F8103C049354F8143C6E
:107B2000039354F8183C029354F81C3C019354F806
:107B3000203C009354E90A2354E90C0100F0ECFCCA
:107B400054F8303C5E65CEE7D4E90A23B3F1FF3F39
:107B500008BFB2F1FF3F05D052EA0301206803D10C
:107B600000F024FD3034C6E70649183001F01EF954
:107B7000F8E700BF351200208CD3000C8CD3000C2A
:107B8000C80B00206BC8000C882370B5134E01226F
:107B900003FB0066002386B0CDE904230F22019386
:107BA000CDE9023214234FF4A0720D4D0D4903FBB1
:107BB0000055044602FB00110B4B3046009500F0C7
:107BC000ABFC337C2C7423F004033374074B013477
:107BD00003EBC423EE606B6006B070BD400B002069
:107BE000FC110020382300207BC4000C381B00202F
:107BF0007FB50020FFF750FF2C4B83F3088800254A
:107C0000E0232B4C84F82230E57725766576A5763F
:107C100084F82050E576636A43F4E0236362636A84
:107C200043F400236362A563E3689BB243F0BF6340
:107C300043F40833E360FAF707FBFAF7E1FB4FF090
:107C4000FF33A362E362FAF7D1FDFAF753FCF9F7C9
:107C5000A9FB184800F09EFC0120FFF71DFF022041
:107C6000154CFFF719FF00F0AFFF144B4FF4806283
:107C70005C61134B1349059301232046CDE903535F
:107C8000CDE90155104B009500F046FC0646237CDB
:107C9000204623F00403237404F0AFFD2846FFF7C9
:107CA00073FF31462046084AFAF78EFB382300203E
:107CB00000ED00E0500C0020C80B0020FC1100205B
:107CC000EFDB000C78240020C97A000C38B5064C94
:107CD000064DAC4201D3002038BD2046D4E9011244
:107CE00004F04DFB1434F4E71003002024030020BB
:107CF00030B5054B85B0DDE908450293CDE9004577
:107D000004F0FBFA05B030BD9B9A000C38B5074C67
:107D1000074DAC4201D3002038BD204604F053FB90
:107D200008B91C34F5E76FF01500F5E7F402002000
:107D30001003002073B50C46EFF31181202585F365
:107D40001288BFF36F8FC5685DB125602B68C36073
:107D5000836901338361002081F31188BFF36F8F42
:107D600011E052EA030603D16FF00B002560F3E740
:107D7000CDE900230246083000F030FE18B9034B6D
:107D80009B685B69236002B070BD00BFFC110020DE
:107D9000F7B50D4604469DF82010EFF3118720201B
:107DA00080F31288BFF36F8F266AE068864240D264
:107DB0002668B4421AD0CEB1304604F069FB06F111
:107DC000180004F031FE2946002554F8082F706988
:107DD00004F030FF3046C6F8805004F00EFD204617
:107DE000394604F068FD284603B0F0BDA268A9B189
:107DF0002946E06904F01EFFE369A2681344626942
:107E0000E361934201D12369E3610020236A0133D6
:107E1000236287F31188BFF36F8FE5E7A0692369B9
:107E20002946984208BF6069801AA06104F002FFE9
:107E3000EBE752EA03010BD0074904F10800896817
:107E40004D61CDE900233946224600F0C7FDCBE75E
:107E50006FF02200DDE700BFFC110020F7B50446FB
:107E60000846EFF31186202181F31288BFF36F8F4C
:107E7000216A00293BD0A268A16904F0DBFEA36956
:107E8000A268256813446269A361934204BF236911
:107E9000A361236AAC4203F1FF33236236D0284644
:107EA000002D34D0002704F0F3FA05F1180004F097
:107EB000BBFD6969A268E06904F0BCFEE369A268E1
:107EC000284613446269E361934204BF2369E36176
:107ED000236A01332362C5F8807004F08EFC04F13C
:107EE0000800314604F0E7FC384603B0F0BD52EA22
:107EF000030111D00A4989684861CDE90023314660
:107F0000224604F1080000F069FDEEE7002086F348
:107F10001188BFF36F8FE8E76FF02200F7E700BF2B
:107F2000FC1100202DE9F341044617461E46EFF3ED
:107F30001188202383F31288BFF36F8F304BC26800
:107F40009B6872B18068984217D057EA060216D132
:107F500088F31188BFF36F8F6FF00F0002B0BDE898
:107F6000F08193F90E1001322161C4E9023288F3E5
:107F70001188BFF36F8F0020F0E72169F3E793F9D1
:107F80000E1090F90E30994230DA9942A8BF194686
:107F900004F092FA054622464146CDE9007619489A
:107FA00000F01CFD0028E6D0EFF31186202383F3B8
:107FB0001288BFF36F8FA068D0B1236821699C42FB
:107FC0000AD04BB193F90E309942A8BF19466FF011
:107FD0007F039942B8BF194604F06EFA40B13146AA
:107FE000084804F068FC6FF00A00B7E70025D2E704
:107FF000002DF4D186F31188BFF36F8FF3E700BF34
:10800000FC11002036120020F8B583680546002BCD
:1080100040D0234A926893423FD1C368012B03D9D1
:10802000013BC3600020F8BDEFF31187202383F3E9
:108030001288BFF36F8F0169806804F03DFA2C68E5
:10804000A54207D10023C5E9023387F31188BFF3A6
:108050006F8FE7E7002CF5D0D4E9003200261360DB
:108060005A60237CC4E9006623F002032374A660EF
:1080700004F1180004F0D8FCAC6094F90E302046EE
:108080002B61C4F8806004F0B8FB3946054804F061
:1080900012FCC7E76FF01500C5E74FF0FF30C2E7ED
:1080A000FC1100203612002037B51146EFF3118580
:1080B000202282F31288BFF36F8F04689CB123687B
:1080C000426823F003039442036008BF4360012128
:1080D000204604F075FA044685F31188BFF36F8FCC
:1080E000204603B030BD51EA0302F5D000F108028A
:1080F000CDE900131046294600F070FC0028EFD1AE
:10810000014B9B685C69EBE7FC11002070B5EFF355
:108110001186202383F31288BFF36F8F0468A04277
:108120001BD0D4B1D4E90032002513605A60237CFF
:10813000C4E9005523F002032374A56004F118007C
:1081400004F072FC2046C4F8805004F056FB31461F
:10815000BDE87040064804F0AEBBD0E902329A4256
:1081600018BF0133836086F31188BFF36F8F70BD32
:108170003612002013B5EFF31181202484F3128806
:10818000BFF36F8F846844B1013C846081F3118830
:10819000BFF36F8F002002B010BD52EA030406D176
:1081A00081F31188BFF36F8F6FF00F00F3E7CDE914
:1081B00000230246014800F011FCECE736120020D3
:1081C0002DE9FF4104462027534EEFF3118887F332
:1081D0001288BFF36F8FD4F88C50F5B9022104F1E7
:1081E000A40004F026FA002870D004F19C050022B7
:1081F0000121284604F0D5FB0028F8D100234FF0D8
:10820000FF3202934FF0FF334146CDE9002343484C
:1082100004F1940200F00AFDD7E7D4F890202B680F
:108220009542C4F88C3008BFC4F89030D4F8A4301C
:1082300043F00203C4F8A430EB6823F0040343F0D6
:108240000103EB606B6888F31188BFF36F8F2846DA
:108250009847EFF3118887F31288BFF36F8FEB68AD
:10826000D80623F001023ED4EA60EB689A0717D5DE
:10827000306823F00203EB6090B10021036878B10D
:10828000426895423DD10368002934D17268336059
:10829000904200D17360002340F8083BFFF736FF9F
:1082A000D4F8A43023F00203C4F8A430DB0530D4A2
:1082B000D4F88C30003B18BF012388F31188BFF33A
:1082C0006F8F002B81D004F05EFA7EE7D4F8A430E3
:1082D000D90693D5C4F8A40088F31188BFF36F8F33
:1082E00004B0BDE8F08123F01103EB6005F110004C
:1082F000FFF70CFFB9E70B607368984208BF716025
:10830000C9E701461BB11A6818461346B7E71A4673
:10831000FAE70023D1E700BF1C120020361200202C
:10832000F8B5C36804469A070E46C3F3400542D425
:108330005F0742D40B680BB983680B60E368D8070A
:1083400042BFA36802253360376858BF012557B381
:108350001B4B9A68D7F888309A421ED104F0E9F98D
:1083600080F00100C0B2D7F8A430D907C3F380026F
:108370001CD5F2B1F8B100232360D7F8903073B95F
:10838000C7E92344384604F06EF9E36843F0040378
:10839000E3603368A3602846F8BD0020E3E71C6073
:1083A000C7F89040EEE76FF0150506E06FF0120594
:1083B00003E01B07DFD56FF00F0500233360EAE70A
:1083C000FC1100200146014804F097B9F80C002088
:1083D000F0B50446002089B00E9DC4E9230004F1E5
:1083E0009400C4E9250004F19C00C4E9270055B3BA
:1083F0002879002840F2011008BF0120C4F8A40029
:1084000000204FF0FF364FF0FF37CDE90330CDE9C4
:108410000100CDE9066720460C4B009400F0EAF815
:1084200055B1296811B1204604F089F96B791BB167
:10843000A38943F00103A381204600F0B7F8C4F8F4
:10844000884009B0F0BD0120D8E700BFC181000C11
:1084500037B501900846EFF31184202181F312888B
:10846000BFF36F8FC16811F01E0F16D153EA0205DA
:1084700008D101A9FFF754FF84F31188BFF36F8F70
:1084800003B030BD41F00801C16001991030816135
:10849000034900F08BFC0120EEE70020ECE700BF71
:1084A00075C6000C01460148FFF7D2BFF80C00204A
:1084B000F7B50C4616461D460190EFF311872023B1
:1084C00083F31288BFF36F8F084604F0BDF855EAB6
:1084D000060309D1204601A9FFF722FF87F311887F
:1084E000BFF36F8F03B0F0BDE368324643F008037B
:1084F000E360019B0449A36204F110002B4600F0E5
:1085000055FC0120EAE700BF75C6000C0146014892
:10851000FFF7CEBFF80C00202DE9F043984685B058
:1085200000F15803C0E91633109B00268381042311
:10853000073222F0070503740F9B01EB05090F4674
:1085400083734946C0E906668660C6730446F9F738
:10855000A9FB0E9B073020F007002067C4E91A75BD
:1085600002930D9BA9EB000901930C9B4A460093D3
:10857000394643462046F9F70BFF054B66659B6875
:1085800003B15B6F4846636705B0BDE8F08300BF89
:10859000FC1100200123037483810023C0E91A33F6
:1085A0004367014B98607047FC11002038B50446C2
:1085B000EFF31185202383F31288BFF36F8F037CC1
:1085C0005B070FD5183004F02FFA237C204623F0E8
:1085D0000403237404F020F92946BDE83840044818
:1085E00004F069B985F31188BFF36F8F38BD00BF00
:1085F00036120020F0B5002587B00595109DDDE905
:10860000127604950F9D044603950E9D02950D9DCF
:1086100001950C9D0095FFF77FFFB6F1FF3F08BF66
:10862000B7F1FF3F05D056EA070305D12046FFF713
:10863000BDFF204607B0F0BD3A46334604F11800AE
:10864000014900F0B3FBF4E76BC8000C6FF00A01BE
:10865000094A9368C3F880100849D8674B6843F00B
:1086600080534B60002383F31188BFF36F8F9368AF
:10867000D3F88000704700BFFC11002000ED00E03F
:1086800038B590F910200146002A037C04DA03F083
:108690007F03037404F079F80D4D2A4652F8184F01
:1086A000AB68944200D004B9EC688B4207D01A7CC6
:1086B000D20604D1DA897F2A01D9A2692AB1A3425C
:1086C00002D0204600F0F4FA23466B6138BD00BFAB
:1086D000FC11002070B590F91020037C002A2FDBDC
:1086E000D9062DD11A4C63F07F032246037452F849
:1086F000183FE169934207D1C0E900210860E061B9
:108700000FE09942F8D01B68002BF5D093F90E606A
:1087100090F90E50AE42F4DD5968C0E900310860AE
:108720005860A569954200D005B9E568A3681A7C30
:10873000D20606D1DA897F2A03D9AA690AB9636108
:1087400070BDAB4202D0284600F0B2FA6561F7E78F
:10875000FC110020034648B9EFF3058232B9064AFE
:1087600051699268914201D0FFF770BF83F311887D
:10877000BFF36F8F704700BFFC11002038B5184C55
:10878000A168E0690B68814214BF1A46002249685B
:108790000B605960A368E1692AB9124AC3E9002154
:1087A0000B60E3610AE092F90E5093F90E008542E6
:1087B00012DD5168C3E900210B605360A569094BC4
:1087C0009D4200D005B9E568A3689D4202D02846C5
:1087D00000F06EFA656138BD8A42DED01268DBE7D0
:1087E000FC11002014120020002A2DE9F0470CBFD4
:1087F0004FF010094FF00809027C044619EA020FF5
:108800000E460F4628D149EA0203D20946D1037425
:10881000B9F1080F48D04FF00008DFF8F0A0534638
:1088200053F8185F9D4200D00DB9DAF80C50DAF811
:108830000830AB4202D0284600F03AFAB9F1100FE6
:10884000CAF8145008D0204601F050FEB8F1000FCD
:1088500002D02F48FFF79EFE2C4B9B68A3424FD1BE
:10886000EFF30583002B4BD1A289D20711D586F3F4
:108870001188BFF36F8F83F31188BFF36F8F0423C9
:10888000184602DFEFF31187202383F31288BFF32A
:108890006F8F3846BDE8F047FFF7D8BE03F07F037F
:1088A000037403F072FFB3E7A36813B1204603F02B
:1088B00074FF04F1180004F0B7F8A56D04F158082E
:1088C000A84511D04FF0000A75B1284603F065FFA6
:1088D00005F1180004F0A8F82846C5F880A0FFF7B5
:1088E000F9FEA56DA845EFD1084B9B689C4292D13B
:1088F000EFF30588B8F1000818BF4FF001088CE7C6
:1089000086F31188BFF36F8FBDE8F087FC1100205C
:10891000500C002070B50F4D06462B4653F8184FEB
:108920009C4200D004B9EC68AB681A7CD20604D132
:10893000DA897F2A01D9A2692AB1A34202D020464E
:1089400000F0B6F923466B613046BDE87040FFF792
:1089500001BF00BFFC11002070B5EFF3118620238A
:1089600083F31288BFF36F8F1A4CA168E0690B681C
:10897000814214BF1A46002249680B605960A368FF
:10898000E1692AB9144AC3E900210B60E3610AE0F6
:1089900092F90E5093F90E00854216DD5168C3E935
:1089A00000210B605360A5690B4B9D4200D005B9B7
:1089B000E568A3689D4202D0284600F079F9656118
:1089C0003046BDE87040FFF741BE8A42DAD01268F7
:1089D000D7E700BFFC11002014120020F8B5124B9D
:1089E0000C46DDE9067611469868104A1060EFF3F0
:1089F0001182202282F31288BFF36F8F9D68284670
:108A000003F0D5FEB6F1FF3F08BFB7F1FF3F06D038
:108A10003A463346064905F1180000F0C7F92046EA
:108A2000BDE8F840FFF712BEFC1100202412002020
:108A30006BC8000CF8B50446EFF31187202383F3CD
:108A40001288BFF36F8F037C49B203F01F02002A24
:108A50000CBF0126002635D103F07F032A4D037495
:108A600003F093FE2A46037C817363F07F03037453
:108A700052F8183FE869934207D1C4E90020046026
:108A8000EC610DE09842F8D01B68002BF5D093F90B
:108A90000EC08C45F6DD5968C4E900310C605C609D
:108AA000AC69944200D004B9EC68AB689C4202D037
:108AB000204600F0FDF86C6187F31188BFF36F8FDB
:108AC0003046F8BD9B071CD5856803F05EFE8173B8
:108AD0002B689D4209D16B68C4E900531C606C602F
:108AE000EAE76A689A42F6D01B68002BF3D093F944
:108AF0000E208A42F5DD5A68C4E9003214605C60D9
:108B0000DAE78173D8E700BFFC110020034648B9BB
:108B1000EFF3058232B9064A51699268914201D059
:108B2000FFF794BD83F31188BFF36F8F704700BFC9
:108B3000FC110020F8B550EA010306460C4603D1AB
:108B400003F021FE0020F8BDEFF31187202383F30B
:108B50001288BFF36F8F184D184BA868186003F088
:108B60005DFEA868324623461549183000F01EF90C
:108B7000AB6804461A7CDF6742F004021A746FF097
:108B80000A02C3F880200F4A536843F080535360B1
:108B9000002383F31188BFF36F8FAA68D2E90A120A
:108BA000B2F1004F08BF9942CCD103F072FF201AF6
:108BB00020EAE070C7E700BFFC110020241200206B
:108BC0006BC8000C00ED00E0024B03F11802C3E992
:108BD00006227047FC110020EFF31181202383F35C
:108BE0001288BFF36F8F054B9A68D37B013BD37319
:108BF00081F31188BFF36F8F704700BFFC11002015
:108C0000EFF31180202383F31288BFF36F8F034BA0
:108C10009A68D37B0133D373FFF77CBEFC1100202D
:108C2000014B9868704700BFFC110020D3B5DDE907
:108C30000667089CCDE90067FFF7D0FE1CB1034B27
:108C40009B685B69236002B0D0BD00BFFC110020AF
:108C5000027C034612F01F0210D10A4988420DD04F
:108C60000949086868B1D9897F2909D893F90E2084
:108C7000064B1B689A42B8BF00207047002070471F
:108C800010467047400B00203C02002028120020B4
:108C90000122044BC01A044BC0105843034B1A5412
:108CA000704700BFD80C0020ABAAAAAA3612002039
:108CB00070B50C4B0C4D1E7CFFF7CAFF182303FB4D
:108CC00006550446284603F0AFFE0022074B9A558E
:108CD0003CB1621E2846BDE870400549D31700F03C
:108CE00065B870BDFC110020D80C002036120020A1
:108CF000918C000C38B5EFF31185202383F3128893
:108D0000BFF36F8F0F4B104A9C681068A04206D1CA
:108D1000FFF7CEFF85F31188BFF36F8F38BD0021B9
:108D20001B7C1160094AD35C002BF3D02046FFF76F
:108D30008FFF0028EED0237CDB0601D1FFF71EFD5C
:108D40002046E5E7FC110020241200203612002006
:108D5000024B1868984208BF00207047400200206C
:108D6000034B1B680BB9FEF7DFBD0020704700BF47
:108D70002C12002030B570B10B4B5B6898420AD0C2
:108D8000036843B1D3E90421D0E90445121941EB4A
:108D90000501C3E90421D0E9003213605A600023C1
:108DA000C0E9003330BD00BF40020020B3F1FF3FF7
:108DB00008BFB2F1FF3F2DE9F84F0446994615462A
:108DC0001F467AD08160EFF31188202383F3128845
:108DD000BFF36F8FB9F1000FDFF8E4A020DBFFF7DE
:108DE000BFFFDAE90027013549F100092D1849EBE9
:108DF000E07306464FF00109C4E90453AD1843EB94
:108E00000707FFF7A5FF0346DFF8B8E0DEF804A088
:108E1000EBB9C4E900EACAF80040CEF8044028E003
:108E20006FF00103DAE900125B1A4FF0FF3161EBDA
:108E300002025B1B62EB0902012B72F10001BCBF55
:108E4000012300224FF00009C0E90432D9E7D3E939
:108E5000041CD4E904208A4270EB0C0B24DA891A32
:108E60005A686CEB0000C3E90410C4E900321460D6
:108E70005C60FFF76DFF84420ED1134B1B685BB93A
:108E8000B9F1000F02D1FFF76BFF0646304603F041
:108E9000B4FD0021FEF7CCFC88F31188BFF36F8F7F
:108EA00028463946BDE8F88F521A60EB0C0053454E
:108EB000C4E90420ADD01B68AAE700252F46EFE7E0
:108EC000F00C0020400200202C1200202DE9F04779
:108ED000DFF8A8900246C9F800000D46FFF738FFFA
:108EE00000260027DFF898804FEAE27ED8E90013D9
:108EF00050B1D0E9044CA2427EEB0C0A1ADAA41A53
:108F00006CEB0E06C0E904460024521843EB0E0336
:108F10002046C8E90023C9F8004003F06EFD214651
:108F2000FEF786FC85F31188BFF36F8FBDE8F0472D
:108F3000FFF7E0BE611843EBE473C0E90467C8E9DA
:108F40000013FFF717FF01224FF00043C0E904238D
:108F500085F31188BFF36F8F83689847EFF311850E
:108F6000202383F31288BFF36F8FD9F80020121BE0
:108F7000C9F80020FFF7ECFEB6E700BF2C12002076
:108F8000F00C002010B5EFF31184202383F3128836
:108F9000BFF36F8FFFF7E4FE0346054AD2E90001F5
:108FA000181841EBE37184F31188BFF36F8F10BD84
:108FB000F00C0020F8B50446EFF31187202383F36B
:108FC0001288BFF36F8FD0E90423B3F1004F08BFBD
:108FD000012A04D087F31188BFF36F8FF8BDD0E961
:108FE0000A566A1C46F10003022A73F1000334D3C7
:108FF000013D46F1FF36002EBCBF00252E4603F092
:109000004CFD013041F10001401946EB01010128FE
:1090100071F1000148DB03F040FD6FF00203013005
:1090200041F10001401946EB010183426FF000431A
:109030008B413EDB03F031FD013041F100016FF067
:109040000102401946EB01034FF0FF31121A61EBA8
:10905000030320461949FFF7A9FE236B013323635D
:10906000236A63B187F31188BFF36F8F2046984757
:10907000EFF31187202383F31288BFF36F8F54F827
:10908000185FA542A6D0002DA4D0284603F0C8FB47
:109090000023C5F8803087F31188BFF36F8F28460F
:1090A000BDE8F84003F0A9BB6FF001024FF0FF33B9
:1090B000CFE700224FF00043CBE700BFB58F000C95
:1090C0002DE9F04105461C4690461F46EFF31186F8
:1090D000202383F31288BFF36F8FB4F1FF3F08BFE3
:1090E000B2F1FF3F05D186F31188BFF36F8FBDE862
:1090F000F081002C09DB012A74F10003BCBF0122BE
:10910000002412F1FF3844F1FF37284603F08CFCAD
:10911000DDE906010023C5E90A012B6342463B460F
:1091200028460249FFF742FEDDE700BFB58F000C7D
:1091300070B50546EFF31184202686F31288BFF33D
:109140006F8F03F071FC20B184F31188BFF36F8F30
:1091500070BD6B6A63B184F31188BFF36F8F2846CB
:109160006B6A9847EFF3118486F31288BFF36F8F11
:1091700005F1180003F089FB0028E5D003F03DFB62
:109180002146BDE87040014803F095BB371200202E
:1091900073B50446EFF31186202383F31288BFF3DF
:1091A0006F8F8368594003EA02050A40534000224A
:1091B000009309496B46019203F0BFFBDDE90032E1
:1091C00023EA020304F10C003146A36003F073FBB1
:1091D000284602B070BD00BFC9CB000CF8B50746E9
:1091E0000C46164603F0A5FA08B10020F8BD0D4B59
:1091F0009B685D6F002DF8D0221DF6D2EFF311842D
:10920000202383F31288BFF36F8F284647F00401B1
:10921000B04784F31188BFF36F8F0028E5D040F882
:10922000045BE3E7FC1100200146024A0020FFF73F
:10923000D5BF00BF959A000C014800F052BD00BF99
:10924000ADF8000C07B5074B4FF480620093064958
:109250004FF0FF330548FFF7BBF8002003B05DF87F
:1092600004FB00BFF4D7000C78280020F80C002085
:109270000CB430B58BB004460D462022002102A864
:1092800003F0E5FC0223002D06948DF80A300C4B08
:10929000039312DB01D06B1E1C440FAA0E9902A887
:1092A0000794019200F00EF815B1069B00221A7087
:1092B0000BB0BDE8304002B070470024EDE700BFBE
:1092C00023CD000C2DE9F04F43688BB080469246C9
:1092D000009383789C0740F1F980002508780028E6
:1092E00000F0F68025280AD04B1C01930135414639
:1092F000009B98470028C0F2E3800199EEE74E7882
:109300008B1C252E0193F1D000270A22B9463C463A
:109310001F2C22D8A6F12003102B20D8DFE803F061
:10932000141F1F1A1F1F1F0B1F1F1F121F171F1F86
:10933000090044F00104019B13F8016B0193002E16
:10934000E6D13AE044F0020444F00404F3E744F0C8
:109350000804F0E744F01004EDE77F2C24D8A6F1D0
:109360003003092B08D860064EBF02FB073744F0D4
:10937000200402FB0939DEE72A2E0DD161065AF8D6
:10938000043B53D4002BA7BF44F020049946C3F1FB
:10939000000944F02804CEE72E2E05D1630600F123
:1093A000978044F04004C6E76C2E2ED028D8682E53
:1093B00032D06A2E37D04C2E35D0002F46F0200305
:1093C000B8BF24F04004A3F16502BCBF0027A4B2DB
:1093D000022A01D9612B2BD10AF1070A07279D4EDA
:1093E0002AF0070A0AF1080A210760D506EB070BE5
:1093F00034465C455DD1AE1BA9EB0709A21959E1C2
:10940000742E98D07A2E96D0D7E7260648BF44F41B
:10941000007444F080048EE7E00548BF44F4007413
:1094200044F4807487E744F4207484E71F4682E79D
:10943000A6F16302122A00F2D880DFE812F01300CE
:109440004D00D600D600D600D6004D00D600D6007E
:10945000D600D600D600E800D100D600D6001A000B
:10946000D600A0005AF8043B012704AE8DF8103056
:10947000BAE75AF8046B784B002E08BF1E4614F06A
:10948000400F304614BF39464FF0FF3103F0E7FB81
:109490000746A9E741462020009B984700280FDB9C
:1094A000013CA742F6D34D44A1462D1B9EE74C46F6
:1094B000F7E7414614F8010B009B9847002898DA1B
:1094C00098F8023043F0040388F802304FF0FF357B
:1094D00028460BB0BDE8F08F220630D5A3052AD56B
:1094E0000AF1070A2AF007039A4659685AF8080B46
:1094F00024F0100B00291FFA8BFB2FDA40424BF4AB
:10950000806B61EB410104AC0A23224603F0B3FBFC
:109510001BF0400FA0EB040200F08E802BF0010442
:109520009742A4B240F38F80002E40F08E802BF043
:109530001104A4B21DE05AF8040BC117D8E7E005E6
:109540005AF8041B01D40846F7E7A20547BF48B202
:1095500041F3C01108B241F3C031C9E750EA010339
:10956000D1D16306CFD5002FCDD124F011043A46D6
:10957000A4B23B4640F206410C4262D124E024F002
:1095800010040A23A4B214F0800243D014F4007132
:1095900017BF0AF1070A5AF8040B2AF0070292468D
:1095A0001CBF51685AF8080B50EA01023ED124F062
:1095B000160B62061FFA8BFB3CD5002F3AD124F024
:1095C00017043A463B46A4B221075AD4E10705D511
:1095D000994572DDA9EB03039F184B469B464AE071
:1095E00044F0100410237826CDE7782B04D1C6F17F
:1095F000780343F01003C6E741462520009B9847B7
:109600000028FFF65DAF02354146304670E608237C
:109610000026B8E714F480715AF8040BC4D014F48F
:1096200000711ABFC0B2114680B2BDE724F0060433
:109630001FFA84FB04AC68E713465C46E10699D543
:109640002EB90133C0E71346F8E73B46F6E702338D
:10965000BAE700BFEBF8000CE4F8000CCDE90232E9
:1096600041462020009B98470028FFF629AF0BF1C8
:10967000010BDDE90232D945F0DCEB1A03EB0B05F7
:109680005B46E10627D541463020CDE90232009BFA
:1096900098470028FFF614AFDDE902327EB90135A4
:1096A0002F44791B8A4229DB144604AE94BB2A441A
:1096B000A9EB03091546914440E017468EE70235B1
:1096C00041463046CDE90232009B98470028DDE94B
:1096D0000232E5DAF4E640F206410C42E0D014F042
:1096E000020F05F10105414614BF2B20202014F480
:1096F000806FCDE9023218BF2D20E5E7CDE90232B7
:109700004146009B3020013598470028DDE90232B0
:10971000C7DAD5E6013C4146CDE90232305D009B17
:1097200098470028DDE90232C0DAC9E64146202028
:10973000009B013598470028FFF6C2AEA9EB050350
:10974000002BF3DCD9E500BF704700F0EABD07B598
:109750000B46009202210022F6F7A6FE03B05DF848
:1097600004FB836800EBC101B3F5004F2CBF51F837
:10977000220031F81200704700EBC1018068B0F59B
:10978000004F2CBF41F8223021F8123070470122DF
:1097900008B5FFF7E6FFD04008BD836800EBC101C4
:1097A000B3F5004F08D34B681AB143F001034B6087
:1097B000704723F00103FAE74B881AB143F0010325
:1097C0004B80704723F00103FAE753000122FFF7B3
:1097D000D3BF08B58368B3F5004F06D3FFF7D7FFB3
:1097E00001288CBF0020012008BD0020FCE7836811
:1097F000B3F5004F34BF04230823C91A081AC00860
:1098000070478368B3F5004F28BF0139B1FA81F082
:10981000C0F11F0070472DE9F041174603220E46A4
:109820000446FFF79EFF8642054607F104080AD169
:109830000122E368BA4023EA0203E360002344F80C
:109840002830BDE8F081314602222046FFF789FF2B
:1098500006462B4601460322204644F82850FFF7CF
:109860008BFF334629462046BDE8F0410222FFF730
:1098700083BF38B504460D46FFF7ABFF70B92946E4
:109880002046FFF784FF01462046FFF7BAFF29462E
:1098900002462046BDE83840FFF7BDBF38BD2DE980
:1098A000F04705468946FFF7ACFF05EB800ADAF87A
:1098B0001070064677B94FF0FF34EB680136B440BC
:1098C0001C4015D094FAA4F2B2FA82F2131D55F896
:1098D000234009E03C464FF0030821462846FFF7A5
:1098E00056FF814507D8324621462846FFF793FFA9
:1098F0002046BDE8F087214603222846FFF731FFC6
:10990000B8F101080446CAF81000D4D08742E4D167
:10991000D1E72DE9F04114460E460546FFF737FF23
:10992000A4EB0608371B0744424631462846FFF79A
:109930004CFF3A4621462846FFF747FF43460022A0
:1099400021462846FFF718FF21462846FFF71FFF4C
:109950003B46211800222846BDE8F041FFF70CBF26
:109960002DE9F041164604460F46FFF710FF314639
:1099700005462046FFF70BFF05442A463946204698
:10998000FFF723FF31462046FFF701FF2B46311832
:1099900000222046BDE8F041FFF7EEBE2DE9F04180
:1099A00004460D46FFF715FFB8BB29462046FFF7D2
:1099B000EEFE01462046FFF724FF04EB80010E690E
:1099C00096B90122E36882401343E36002220D61ED
:1099D0002B4629462046FFF7CFFE03222946204684
:1099E000BDE8F041FFF7C8BE022231462046FFF72E
:1099F000B8FE0746034629462046FFF7BDFE032270
:109A0000334629462046FFF7B7FE39462B46204607
:109A1000FFF7B2FE02223146E1E7BDE8F08170B502
:109A2000056809B9002070BDAB6801F00704B3F503
:109A3000004F34BF0422082207341444E40804EB26
:109A4000D1049C4228BF1C4628462146FFF727FF29
:109A500006460028E6D001462846FFF798FEA042B9
:109A600009D93444314628462246FFF752FF2146A1
:109A70002846FFF793FF284601223146FFF78DFE67
:109A8000AB68B3F5004F34BF0423082303EBC603D0
:109A90001844C8E71146FFF7C2BF2DE9F8434B420F
:109AA000066803EA010731EA03031446B2680ED0E0
:109AB000B2F5004F2CBF08230423BB4228BF3B460E
:109AC000B946CF1B94B900252846BDE8F883B2F506
:109AD000004F34BF04230823994204D82146BDE82F
:109AE000F843FFF79CBF4FF00009EBE7B2F5004FDA
:109AF00034BF04250825FB1AE10804F0070001EB38
:109B0000D301073003F0070303442B4401EBD301D7
:109B1000914228BF11463046FFF7C1FE804600281B
:109B2000D1D0B36809EBC005B3F5004F34BF0423AF
:109B300008231D4435447B1E1D44B5FBF7F57D43CA
:109B4000A5EB090529463046FFF751FE2C440734A2
:109B500024F00704A41B804507464FEAE40408D21A
:109B6000024641463046FFF7D4FE41463046FFF7F5
:109B700015FF39463046FFF70AFE3844844208D2C2
:109B8000394630462246FFF7C4FE21463046FFF7ED
:109B900005FF012239463046FFF7FFFD94E7B2F595
:109BA000802F34BF042308232DE9F0410026D21A68
:109BB0008C18CD1D25F0070524F00704641BE4086C
:109BC000056021462846AC60EE60FFF71AFE820071
:109BD00002F11B07FF083146043205F1100003F0C3
:109BE00036F83A4631462846FFF7EFFD334632460F
:109BF00031462846FFF7C0FDA4EB0708284631464A
:109C00000122FFF7CAFD42463946FFF7DEFD3B461B
:109C1000324639462846FFF7AFFD21462846FFF772
:109C2000D4FD4346324621462846FFF7A5FD21468E
:109C300028460122FFF7B1FD3946BDE8F041FFF7A4
:109C4000ADBE2DE9F04706460D46174698462BB3A4
:109C50004FF0000A98F8004093F80190DB78A400D8
:109C600004EB430498F802301C444444CA4509D329
:109C700039463046AC46D8F8042008F10803BDE860
:109C8000F047604714F8013B0AF1010A204648F802
:109C90002340F6F7D9F901300444E7E76FF01500E7
:109CA000BDE8F08730B502460024002012F8013BE1
:109CB00043B178B18C4207D1702B04D0A3F1400599
:109CC0003A2D07D8002030BDA3F140053A2D01D828
:109CD0000134EAE7252B08BF80F00100E6E7002009
:109CE00070470FB407B504A951F8040B019100F0B7
:109CF00095FA03B05DF804EB04B0704710B5036942
:109D0000024613F0080009D11368D4689C429BBF37
:109D10000120126AE31AD31A0B6010BD0023184603
:109D2000FAE713B501A90446FFF7E8FF20B1019B4C
:109D3000E268013B13440193206A019BC01A013879
:109D400002B010BD10B5044650182269236AD2072C
:109D500002D5013B184010BD984228BFC01AFAE74F
:109D600010B504460A46C168FFF7ECFF2369E060BE
:109D700023F00803236110BD38B50D46C2698B007E
:109D8000016843F00203044642F8213001682A4684
:109D9000FFF7D8FFE3686168984208BF2369206035
:109DA00008BF43F008032A46204608BF2361FFF797
:109DB000C9FF606038BD2DE9F74F0F460021D0F88C
:109DC0000CB0C669009216F82B209A4602F00302E6
:109DD000022A14BF894656F82B2006EB8B03019309
:109DE000009B08BFC2F39D0919600446CAF8001021
:109DF000B9F1000F07D04946FFF7B2FFE368A3604F
:109E00004FF0010804E001698A0705D44FF000080B
:109E1000404603B0BDE8F08F816906EB8B008847B0
:109E200016F82B10054611F00108EFD08B071DD551
:109E30001FB139462046FFF79FFF61682A4620463A
:109E4000FFF780FFD4E902138B42606007D12A46F6
:109E50002046FFF777FF4FF000080146A060236916
:109E6000216043F00803E1602361D1E70146204609
:109E7000FFF776FFE168A1601FB12068E16941F852
:109E80002090EA19CAF8002021682046FFF75AFFFF
:109E90002269206042F00802226116F82B2022F08D
:109EA000010206F82B20DDE900321A60A8E770B540
:109EB00004461546FFF746FF2368834205D1236910
:109EC000216023F00803236170BDE269AB0043F019
:109ED000020342F8213061682A462046FFF732FF2C
:109EE0006060F1E738B5036904465B0706D5456A4B
:109EF000FFF717FF85422CBF6562606238BD38B539
:109F00000D4604461C22002102F0A1FE0022EB684F
:109F1000A361AB6863612B68E3616B686262236273
:109F20002A6923B1591E194208BF42F00102226179
:109F3000012204F128000021BDE8384002F06DBB89
:109F40002DE9F04F00259846036A87B08B420446FE
:109F50000E469346AA460395059538D3EFF311892B
:109F6000202383F31288BFF36F8F059A2AB1294605
:109F70002046FFF79CFF0023059304A92046FFF726
:109F8000BDFE04990746B1422AD32268E369204600
:109F900013F8221003EB820A21F0030103F82210C8
:109FA00021683246FFF7CEFEE3682060984212D067
:109FB000002789F31188BFF36F8F039929B1626974
:109FC0000AB12046904700230393002FC6D1504684
:109FD00007B0BDE8F08F236943F008032361E7E78A
:109FE00018B12046FFF7C8FEE3E75BEA08031CD080
:109FF000019102F09EFB0199B8B9B9F1000F14D19B
:10A0000089F31188BFF36F8F5A46434604F1280045
:10A01000FEF7B0F8EFF31189202383F31288BFF322
:10A020006F8FB0FA80F77F09C3E7204605AB03AA1C
:10A030002568FFF7C0FE0746BBE770B50446836995
:10A0400008460D4698470246EFF31186202383F316
:10A050001288BFF36F8F2B78204643F001032B70DB
:10A060006168FFF76FFE60602046FFF73BFF86F3F5
:10A070001188BFF36F8F70BD2DE9F84304460027A8
:10A080002026EFF3118586F31288BFF36F8F2369C3
:10A09000A268190702D46368934200D2236A9B1A0C
:10A0A000002B42D0E06910F8221000EB820911F079
:10A0B00003033AD0022B04D150F822305FEA930810
:10A0C00005D1CB0720D44846A36998478046A168AC
:10A0D00042462046FFF736FE0127A0604146204653
:10A0E000FFF73EFE3B4685F31188BFF36F8F002BD1
:10A0F000C7D137B1B9F1000F03D104F12800FEF741
:10A1000005F84846BDE8F88341F0020100F8221046
:10A11000A3694846D4F8088098474146024620463D
:10A12000FFF710FE0023A060DDE79946DBE7F8B5F6
:10A130000446836908460D4698470646EFF31187A3
:10A14000202383F31288BFF36F8F2B7823F0010352
:10A150002B7023699B0705D5E268E36903EB820353
:10A160009D421AD12B7823F002032B70D4E90231DF
:10A17000994204D132462046FFF7E4FDA060314603
:10A180002046FFF7EDFD87F31188BFF36F8F04F1D1
:10A190002800BDE8F840FDF7B9BF2B6860F39F03C6
:10A1A0002B60F0E7EFF31181202383F31288BFF3D4
:10A1B0006F8F02698368120702D442689A4200D204
:10A1C000026AD31A81F31188BFF36F8F181E18BF6C
:10A1D00001207047704703785B075FBF03684288C0
:10A1E000C3F34A2303EB12105DBF173020F00700C2
:10A1F000800800207047002070470346D3E8EF0F27
:10A20000421CC3E8E12F0029F8D1704708B502F0DD
:10A2100044FC0A220023F5F7F3FE08BD1FB5002316
:10A22000CDE902011A4619461846CDE90033F7F781
:10A23000A3FA05B05DF804FB0120F7F761B8002030
:10A2400070474368DA7101224368196043685A71A4
:10A25000F7F748B870B515460C4669B1D2E9013632
:10A260009B1B99420AD813680A460146981902F0C6
:10A27000E1FCAB682344AB60204670BD6FF01B006F
:10A28000FBE770B50E4615461946044618B9BDE8F9
:10A290007040F7F735B833B1C2F34A231030120DCE
:10A2A000184402F0C7FCC4E900562046BDE87040DF
:10A2B000F7F7C2B92DE9F3415F1C4FEA870806465C
:10A2C00008F1170020F0070080080C461546F7F744
:10A2D00091F800238DF80470ADF805308DF8073043
:10A2E00068B10346019AA8F1040143F8102F2A46E9
:10A2F000294452F8045B8A4243F8045FF9D10023F1
:10A300003146A20102F4E07242EA482222F07F4282
:10A3100022F4700222F03F0202B0BDE8F041FFF7E4
:10A32000B0BF07B50123019201AAFFF7C3FF03B035
:10A330005DF804FB07B5CDE9002302236A46FFF769
:10A34000B9FF03B05DF804FB1FB5CDE90123069BFF
:10A3500001AA03930323FFF7ADFF05B05DF804FBEB
:10A36000F8B506460D4614461F4604B9F8BD214609
:10A3700028463A46B047241A0544F6E710B5426825
:10A380000446D2E9002381680068FFF7E9FF002254
:10A3900063681A6010BD38B54B6805461A68CB680B
:10A3A0000C469A4202D10846FFF7E8FF6368D3E8FB
:10A3B000EF2F511CC3E8E01F0028F8D1A36800204C
:10A3C0009D5438BD0A2838B504460D4602D10D20EB
:10A3D000FFF7E1FF29462046FFF7DDFF002038BDEB
:10A3E0002DE9F043054689B008460E8891F80090A3
:10A3F0000C46D1F808801746F7F710FA011EC6F38D
:10A400008216C9F3C2091FDB4846F7F727F903464E
:10A41000214651F8102B6088C2F34A22002A01EB32
:10A42000020408BF00210022C0F30B10CDE905078C
:10A43000CDE9031428464146CDE900220296F7F7FC
:10A4400019FA09B0BDE8F0830023E1E74368002072
:10A450001B685B681961704743681B681A6852681B
:10A460005360704701212DE9F04143681B685A6829
:10A4700011751D682F68D5E90136D3E900481CB96C
:10A480006B681C60BDE8F081214630464246B84703
:10A49000241A0644F3E743681B681868F7F720BBE3
:10A4A00070B543680C461D686B681869F6F704FFC1
:10A4B000214603460F222868BDE87040184702F085
:10A4C000C6BB02F0B7BB01460068F7F78BBB08B507
:10A4D000F7F7E4FBBDE80840F7F798BF0A4601210B
:10A4E000FFF71FBF00210120F7F77CBB6FF085004D
:10A4F000704761B662B680F31188BFF36F8F704703
:10A5000072B6002383F31188BFF36F8FBFF34F8FB1
:10A5100030BF62B6BFF36F8F704740E800F313F4AB
:10A52000803FD8B208BF6FF01500704730B50C6897
:10A530004B6885B00A894D890094013B24F01F04C3
:10A54000234402F01F0242EA451223F01F0369462A
:10A550008DF808200393F8F703F805B030BD08B56F
:10A56000D1E904319847002008BD08B5F8F70CFA86
:10A57000002008BD7047002303824369C360704711
:10A58000C1698968F8F76CBA70B50D461646DDE901
:10A5900004230021F8F764FA044630B13246294614
:10A5A0000C3000F014F801236372204670BD027A6B
:10A5B00001320272704710B508B14B684360002346
:10A5C0004C6808464B60F8F7C9FA204610BD92B2B5
:10A5D00081600160C280828070478388026819446C
:10A5E0008180D018704730B484880568A3188380B0
:10A5F000281930BC02F01EBB10B5838802685C1CB1
:10A600008480D154D01810BD30B5838802689D1C59
:10A610008580D418D154090A617030BD83885B1AD3
:10A620009BB2838000681844704703468288521AA0
:10A6300082800068084418607047FFF772BE4FF0D0
:10A64000FF324FF0FF330430FDF76CBCFDF7DCBC8C
:10A6500090F86C00C0F341107047F8B504461E46F0
:10A660000D461746FFF7EBFF94F86C309B0715D4A7
:10A6700025B1012D10D06FF0150508E0216F0029DC
:10A68000F9D000259DF818300F714E718B71201D87
:10A69000FFF7DCFF2846F8BD616FF0E76FF0770544
:10A6A000F5E738B504460D46FFF7C9FF94F86C305E
:10A6B000201D65F3041384F86C30BDE83840FFF7C3
:10A6C000C5BF90F86C00C0F38000704783691B69B8
:10A6D00093F88000C0F3001070470246034652F81A
:10A6E000640F90420BD100207047027A8A42FBD05F
:10A6F0009A6E8242F7D000680028F6D17047002891
:10A70000F3D1704738B504460D46FFF798FF94F82B
:10A710006C30DB0718D42B690BB9EB68BBB1636EE7
:10A720001BB904F16403C4E919332B6893B9A26E11
:10A7300004F16401C5E900121560A5661D46201DDF
:10A74000FFF784FF284638BD4FF0FF35F7E76FF07D
:10A750001505F4E76FF07705F1E710B504460346F9
:10A7600054F84C0FA0420DD100200DE0447D8C42E6
:10A7700004D1032909D1047A944205D01C6D844286
:10A78000F2D000680028F1D110BD0F29F5E72DE9BE
:10A79000F04105460C46061D4FF0FF324FF0FF33E7
:10A7A0003046FDF7BFFB2F6F002F6DD095F86C3052
:10A7B000DB0769D4EB6C1BB905F14C03C5E9133316
:10A7C0002368002B63D1637D0F2B09D1237A012BE2
:10A7D0000CD02B6D05F14C02C4E900231C602C65E4
:10A7E000637D032B0FD04FF0000806E02846E16898
:10A7F000FFF788FF80460028EBD03046FDF704FCC9
:10A800004046BDE8F081EA6C05F14C0090421ED153
:10A81000002329E091F815C0BCF1030F10D00133DB
:10A8200023724B68C4E900131C604C60637A022BEE
:10A8300024D0032B25D0012BD5D1237ABB73D2E7AB
:10A8400091F808C00CF1FF3C6345E8D11268002A7A
:10A85000DED0517D2B6D03290DD19A42137A02D09F
:10A8600011680029D6D1013323722B6DC4E900038E
:10A870001C602C65DAE79342E8D1C9E7237AFB73C1
:10A88000B1E7237A3B74AEE74FF0FF38B5E76FF0DE
:10A890007708B2E70346006800B1187A70478388EA
:10A8A000C2888168D21A03685B1AD01A70470346BF
:10A8B000C08808B11878C009704770B50C461546B5
:10A8C000F9F74AFC40B1406883681B6823B12A4607
:10A8D0002146BDE87040184770BDF8B504460D46E6
:10A8E000174686680369A033D3E8AF3F9B070ED5B0
:10A8F000B36A7BB1F36B98472946B36A3A46204660
:10A900009847336C0546204698472846F8BD4FF0D7
:10A91000FF35FAE76FF08505F7E770B504460D4699
:10A9200086680369A033D3E8AF3F9B070BD5F36B71
:10A9300098472946736A20469847336C0546204657
:10A940009847284670BD4FF0FF35FAE710B504462A
:10A9500019B9002084F8300010BDF8F757FA002824
:10A96000F7D0F9E74FF0FF324FF0FF330430FDF737
:10A97000D9BAFDF749BB21B101290DD000231B68CD
:10A98000FFDE5430006848B143685B79934205D0DC
:10A9900000680028F8D170475C30F3E7704710B5C5
:10A9A00090F830300446022B09D1FFF751FE94F89D
:10A9B000382001462046BDE81040FFF7DCBF0020EC
:10A9C00010BD08B5FFF7D7FF003818BF012008BD3C
:10A9D0004FF0FF324FF0FF330430FDF7A3BA08B554
:10A9E00083681B6B0BB198470346002023B153F8D3
:10A9F000042B0AB1127802B908BD1044F6E710B56D
:10AA00001C46FFF7B8FF48B10122C06802FA04F300
:10AA100020B10269134201D10068F9E710BD10B5F9
:10AA20000C46FFF7BCFF48B10123C06803FA04F1EC
:10AA300020B10369194201D10068F9E710BDD1F8CE
:10AA40001A0083681B6903B118476FF085007047CF
:10AA500038B50C46FFF7A3FF80B1C06870B14368FA
:10AA6000DA681AB100231179994201DC0068F5E730
:10AA70001568ED5CA54201D00133F5E738BDF8B5A6
:10AA80000646CC680CB9204622E0012504F10C07EB
:10AA9000E268AAB165F07F03D9B203F07F031033F7
:10AAA000DA40D2070ED4E368EB40DB0705D53A461F
:10AAB000B069E9B200F09BF850B90135102DE7D12B
:10AAC0002468DFE73A46B06900F091F80028EAD040
:10AAD000F8BD2DE9F347002405460E46A146576808
:10AAE00097F805803B79A34203DC002002B0BDE863
:10AAF000F0875FFA84FA3146534642462846FFF70C
:10AB00007EFF014650B1534601222846CDF8009001
:10AB1000F9F7FAFB0028E9D10134E3E76FF03C00D4
:10AB2000E4E72DE9F74380460D461746FFF777FF28
:10AB3000064628B96FF00104204603B0BDE8F08353
:10AB40000F2DF7D808EB0509014699F83A402B4636
:10AB5000002240460097F9F7D7FB0028EAD100947D
:10AB60002B46022231464046F9F7CEFB0446002828
:10AB7000E2D12B460122314640460097F9F7C4FB4B
:10AB800004460028D8D1706883685B6813B13A46E0
:10AB90002946984789F83A70CEE7012311F0800FD3
:10ABA00018BF21F08001026818BF10318B4022EAE3
:10ABB00003030360704737B58B790C460093154645
:10ABC0008B88CA78897800F07CFC70B994F90230DF
:10ABD000A178002B4FF00103B8BF21F080012A6853
:10ABE000B8BF10318B4013432B6003B030BDF8B5B4
:10ABF00006460D46174600F08DFC044658B9294616
:10AC00003846FFF7CAFF2946304600F056FD044695
:10AC100008B901F0B8FD2046F8BD0A4680698021D8
:10AC200000F07BBD70B591F918300546002B0C463D
:10AC3000466807DBC4F81A502146B069BDE8704089
:10AC400000F0DEBC3046FFF73CFD0028F2D04FF0AC
:10AC5000FF3070BD806900F085BD0B0648BF21F054
:10AC60008001406B48BF1031C84000F001007047C0
:10AC7000F8B505460E46071D4FF0FF324FF0FF3383
:10AC80003846FDF74FF9EC692CB9EE613846FDF70F
:10AC9000BBF92046F8BD6FF07704F7E7C36982B0CF
:10ACA0008DF8001001922BB102AB13E9060002B03F
:10ACB000F9F764BC02B07047006903695B681B6AFE
:10ACC00003B118477047704703695B68586970475C
:10ACD000006903695A681033D3E8EFCF2CF0020CF7
:10ACE000C3E8E1CF0029F7D113680BB10021184761
:10ACF0007047704738B500690469436862681D6829
:10AD000004F11003D3E8EFCF4CF0020CC3E8E1CF1D
:10AD10000029F7D1012184F83510136803B1984751
:10AD200095F820302BB104F12400BDE83840FDF740
:10AD300049BB38BD03691B691033D3E8EF1F21F00D
:10AD40000101C3E8E21F002AF7D170472DE9F8435B
:10AD500006690C467368097E1B68376993F82230D0
:10AD600005469942D0F80490D7F804800BD1D8F862
:10AD70001C3043B11AB93046E268218A984707F17E
:10AD80002400FDF71FFB2B69227E5B681B681B7D7F
:10AD90009A4205D1D8F8183043B1304661699847D6
:10ADA00021464846BDE8F843FFF754BF07F11400B9
:10ADB000FDF7ACF9F4E783685B68184710B4846862
:10ADC000A468A44610BC604730B4012541680269FC
:10ADD0000968137E4D6154685B0954B1107E0233DB
:10ADE00000F01F0052F8231005FA00F0234630BC93
:10ADF000184730BC704710B40269416802200968E6
:10AE0000537E486154685B095CB1034452F82310D7
:10AE10000123507E00F01F0003FA00F0234610BC0F
:10AE2000184710BC704710B40269416804200968D3
:10AE3000937E486154685B095CB1023352F8231079
:10AE40000123907E00F01F0003FA00F0234610BC9F
:10AE5000184710BC704710B402694168082009689F
:10AE6000D37E486154685B095CB1023352F8231009
:10AE70000123D07E00F01F0003FA00F0234610BC2F
:10AE8000184710BC704710B4026941681020096867
:10AE9000137F486154685B095CB1023352F8231098
:10AEA0000123107F00F01F0003FA00F0234610BCBE
:10AEB000184710BC704710B4026941682020096827
:10AEC000537F486154685B095CB1023352F8231028
:10AED0000123507F00F01F0003FA00F0234610BC4E
:10AEE000184710BC704710B40269416840200968D7
:10AEF000937F486154685B095CB1023352F82310B8
:10AF00000123907F00F01F0003FA00F0234610BCDD
:10AF1000184710BC704710B4026941688020096866
:10AF2000D37F486154685B095CB1023352F8231047
:10AF30000123D07F00F01F0003FA00F0234610BC6D
:10AF4000184710BC704710B4026941684FF4807014
:10AF5000096892F82030486154685B0964B1023393
:10AF600052F82310012392F8200000F01F0003FA8A
:10AF700000F0234610BC184710BC704710B402699B
:10AF800041684FF40070096892F8213048615468B4
:10AF90005B0964B1023352F82310012392F82100B7
:10AFA00000F01F0003FA00F0234610BC184710BC45
:10AFB000704710B4026941684FF48060096892F8E4
:10AFC0002230486154685B0964B1023352F823109F
:10AFD000012392F8220000F01F0003FA00F023463C
:10AFE00010BC184710BC704710B4026941684FF498
:10AFF0000060096892F82330486154685B0964B1C5
:10B00000023352F82310012392F8230000F01F00AE
:10B0100003FA00F0234610BC184710BC704710B468
:10B02000026941684FF48050096892F82430486101
:10B0300054685B0964B1023352F82310012392F87B
:10B04000240000F01F0003FA00F0234610BC18474C
:10B0500010BC704710B4026941684FF40050096891
:10B0600092F82530486154685B0964B1023352F8A4
:10B070002310012392F8250000F01F0003FA00F0CE
:10B08000234610BC184710BC704710B402694168D1
:10B090004FF48040096892F82630486154685B0993
:10B0A00064B1023352F82310012392F8260000F015
:10B0B0001F0003FA00F0234610BC184710BC70476D
:10B0C00010B4026941684FF40040096892F82730D3
:10B0D000486154685B0964B1023352F823100123BC
:10B0E00092F8270000F01F0003FA00F0234610BC7E
:10B0F000184710BC7047002208B511460D20F7F71D
:10B1000007F90D20F7F7E2F800220E201146F7F7B5
:10B11000FFF80E20F7F7DAF800220F201146F7F7B4
:10B12000F7F80F20F7F7D2F8002210201146F7F7B2
:10B13000EFF81020F7F7CAF8002211201146F7F7B0
:10B14000E7F81120F7F7C2F8002212201146F7F7AE
:10B15000DFF81220F7F7BAF8002213201146F7F7AC
:10B16000D7F81320F7F7B2F8002214201146F7F7AA
:10B17000CFF81420F7F7AAF8002215201146F7F7A8
:10B18000C7F81520F7F7A2F8002216201146F7F7A6
:10B19000BFF81620F7F79AF8002217201146F7F7A4
:10B1A000B7F81720F7F792F8002218201146F7F7A2
:10B1B000AFF81820F7F78AF8002219201146F7F7A0
:10B1C000A7F81920F7F782F800221A201146F7F79E
:10B1D0009FF81A20F7F77AF800221B201146F7F79C
:10B1E00097F81B20F7F772F800221C201146F7F79A
:10B1F0008FF8BDE808401C20F7F768B838B504465A
:10B20000807AF7F703FC6169054649B1637ADB0789
:10B2100004D4C36920461B689B6898470023636178
:10B2200021462846BDE8384001F0E9B930B50906A5
:10B230000546847C14D414F0400016D0298AC3F348
:10B240000A00C1F30A01884222D802F00300022852
:10B2500009D003280AD0012811D004F0010004E02D
:10B2600014F02000E9E7C4F3800030BD14F00200C0
:10B27000FBD013F4C05F09D0C4F30010F5E714F05D
:10B28000080205D013F4C05FEFD0F5E70120ECE72A
:10B290000020EAE7A030D0E8AF0F00F001007047CF
:10B2A000A030D0E8AF0FC0F34000704701F00F03AB
:10B2B0000269090648BF103352F823007047007D29
:10B2C000C0F300107047037D61F3041303757047EA
:10B2D00008B502691046FFF7DDFF60B9087E00F08F
:10B2E0000F03000648BF103342F82310084601F050
:10B2F00073F9002008BD6FF00C00FBE7002200236B
:10B30000FCF7D2BE01F085B901F06EB9407EC0F302
:10B31000C0007047437E23F00803437670471FB593
:10B3200004698DF80410CDE90220D4F8983001A901
:10B33000984704B010BD1FB50346046906208DF878
:10B3400004002046CDE90213FFF7A4FF40B1C1F885
:10B350001E201846D4F8982001A9904704B010BDCB
:10B360004FF0FF30FAE738B505460C462046FFF7A8
:10B37000C5FF014600B938BD6FF070022846FFF7DF
:10B38000DAFFF3E72DE9F843066907460D46D6F8DC
:10B390000090D6F840804FF0FF324FF0FF3306F1B7
:10B3A0008400FCF7BFFD4046FFF7A8FF014618BB2D
:10B3B0004846FFF7A3FF044620BB99F8143023F05A
:10B3C000100389F8143098F8143023F0100388F82B
:10B3D000143024BB012286F8B020EDB12B68C6F8EA
:10B3E000A8306B6886F8B120C6F8AC303869843074
:10B3F000BDE8F843FCF708BE6FF067023846FFF778
:10B400009AFFD0E7637EDB07D7D46FF0670221464F
:10B410003846FFF790FFCBE786F8B150E6E72DB14D
:10B420000822294604F10C00FFF7DDF8002221462E
:10B430003846FFF780FFD9E72DE9F84305468846EF
:10B4400014461F46D0F80890FFF730FF0646002844
:10B4500034D02846D9F83C309847414622463046F9
:10B460003B88FFF7E3FE804688B183B92B6904F07F
:10B47000030493F88030DB0753BF40224FF480620F
:10B480004FF400711146022C0DD0032C11D0284628
:10B49000D9F840309847B8F1000F14BF00206FF082
:10B4A0008500BDE8F883338A8B4228BF0B463B807A
:10B4B000EDE7338A934228BF1346F8E76FF0120096
:10B4C000EFE72DE9F3411F464B0604460D461646AD
:10B4D000D0F808801BD0D8F83C3098472069FFF797
:10B4E000DFFE88B19DF820302946009332463B4666
:10B4F0002046F9F7C3FC05462046D8F84030984767
:10B50000284602B0BDE8F0814FF0FF35F4E76FF058
:10B510001505F5E770B54B0604460D46866812D052
:10B52000F36B98472069FFF7B5FE48B129462046DE
:10B53000F9F7E8FC05462046336C9847284670BD6D
:10B540004FF0FF35F7E76FF01505F7E770B50546E3
:10B5500086680C46F36B98472869FFF7A1FEB0B1E7
:10B5600021462846FFF7A2FE014698B1037DDB077E
:10B5700010D5437E03F00303012B0ED02846F36859
:10B58000984704462846336C9847204670BD4FF0D4
:10B59000FF34F7E76FF01204F4E76FF08504F1E78A
:10B5A000F8B5064687680C46FB6B98473069FFF78D
:10B5B00077FEE0B121463046FFF778FE0546C8B178
:10B5C000037DDB0716D5437E03F00303012B14D064
:10B5D00001463B6930469847044618B92B7D60F315
:10B5E00041032B7530463B6C98472046F8BD4FF021
:10B5F000FF34F7E76FF01204F4E76FF08504F1E72A
:10B600002DE9F041054686680769F36B0C469847BB
:10B610002869FFF745FE98B394F8188028464146FC
:10B62000FFF744FE014670B3037DDA072BD518F00F
:10B630007F0F20D197F8B030EBB1637EDB0717D5D1
:10B6400097F8B13033B1082207F1A80104F10C00DA
:10B65000FEF7C9FF002287F8B02021462846FFF7F1
:10B660006AFE04462846336C98472046BDE8F081C0
:10B670006FF06702F1E72246284673689847F0E7C3
:10B680004FF0FF34EEE76FF01204EBE770B50546BC
:10B690000C468668F36B984721462846FFF706FE5E
:10B6A00048B100F0B6FFB0FA80F464092846336C64
:10B6B0009847204670BD0124F8E770B505468668B6
:10B6C0000C46F36B98472869FFF7E4FD80B12146EB
:10B6D0002846FFF7EBFD014668B104681CB1284617
:10B6E000B368984704462846336C9847204670BD97
:10B6F0004FF0FF34F7E76FF01204F4E708B5036981
:10B7000000211B685A8BF9F727FC28B1437E23F0F0
:10B71000070343F00103437608BD08B539B903694F
:10B72000013A1B685B8B1A44B2FBF3F25A43F9F7F8
:10B7300013FC28B1437E23F0070343F00203437652
:10B7400008BD08B561B903691B685A8BF9F704FC99
:10B7500028B1437E23F0070343F00403437608BD7A
:10B760000022F3E770B50D4604468668F36B9847F0
:10B770002846F7F7F3F92046336C9847002070BD50
:10B7800070B505468668F36B98472869FFF788FD12
:10B79000044620B133683BB1284698470446284602
:10B7A000336C9847204670BD0124F8E7F8B504468D
:10B7B00087680669FB6B98472069FFF76BFDB8B196
:10B7C0002069FFF76DFDB0B92046FB6A9847054632
:10B7D00048B906F1A003D3E8EF1F41F00201C3E826
:10B7E000E21F002AF7D120463B6C98472846F8BD57
:10B7F0004FF0FF35F7E76FF07705F4E7F8B504464B
:10B8000087680669FB6B98472069FFF749FD90B18F
:10B810003B6B20469847054606F1A003D3E8EF1F8F
:10B8200021F00201C3E8E21F002AF7D120463B6C59
:10B8300098472846F8BD6FF07705F7E72DE9F04106
:10B84000054614460F46D0F80880066911B30AB3BE
:10B85000D8F83C3098472869FFF71CFDB8B9C6E90D
:10B8600026742846D8F834309847044640B9A036A4
:10B87000D6E8EF3F43F00103C6E8E23F002AF7D1E4
:10B880002846D8F8403098472046BDE8F0816FF050
:10B890007704F5E76FF01504F6E7F8B50446876816
:10B8A0000669FB6B98472069FFF7FAFCB0B920697D
:10B8B000FFF7F0FCA8B1BB6B20469847054606F1A0
:10B8C000A003D3E8EF1F21F00101C3E8E21F002A23
:10B8D000F7D120463B6C98472846F8BD6FF00F051E
:10B8E000F7E76FF07705F4E710B50C7E436824F0B6
:10B8F00080021B682CB993F8080140F0100083F80F
:10B9000008015201134491F9181093F808210029F5
:10B91000B5BF42F0020242F0010283F8082183F829
:10B920000821B5BF93F8002193F8002102F08F029F
:10B9300002F0F80283F80021002010BD10B50C7E43
:10B94000436824F080021B685201134493F80521D8
:10B9500014F0800F14BF42F0200242F0100283F86E
:10B9600005210B7E00205B061EBF0B7D43F002030A
:10B970000B7510BD43681B6809B141F080010020C0
:10B9800099727047436800201A6813899BB243F08C
:10B99000020313817047012070470020704740F276
:10B9A000FF33984207D018B1B0FA80F0C0F1200000
:10B9B0000438C0B2704707207047F8B54D7E0F7E3F
:10B9C00005F003056E1E4368022E88BF01251A6824
:10B9D00027F0800498BF0135EFB95E680369402005
:10B9E000D3F8A430B771A4333360737903F03F0305
:10B9F0007371F37923F00F03F371FFF7D0FFF3793D
:10BA000060F3061367F3C713F37192F8093143F03B
:10BA1000100382F8093191F91830002B4FEA4413D2
:10BA2000134493F8002111DA42EA051283F8002149
:10BA300093F8042142F0800283F8042193F809214D
:10BA400042F0020283F809210020F8BD2A4383F85E
:10BA5000002193F8052142F0400283F8052193F874
:10BA6000092142F00102EDE738B543680A7E0C4631
:10BA70001B6822F08002EFF31185202181F31288E8
:10BA8000BFF36F8F94F91810520100291344B5BF0A
:10BA900093F8042193F8052142F0800242F040021D
:10BAA000B4BF83F8042183F805212146FFF75BFC2E
:10BAB00000212046FFF707FC85F31188BFF36F8F45
:10BAC000002038BD08B59620F6F70EFC9720F6F753
:10BAD0000BFC9820F6F708FCBDE808409920F6F723
:10BAE00003BC002208B511469620F6F711FC9620FB
:10BAF000F6F7ECFB002297201146F6F709FC972099
:10BB0000F6F7E4FB002298201146F6F701FC982096
:10BB1000F6F7DCFB002299201146F6F7F9FBBDE8A9
:10BB200008409920F6F7D2BB13460A460121FEF7DA
:10BB300001BC03460022D3E8EF0FC3E8E12F002940
:10BB4000F9D17047F8B5046905464668D4F8A47081
:10BB500004F1840000F0B8FC07F1900001F054F803
:10BB600007F19C00FFF7E5FF07F1A000FFF7E1FFF9
:10BB700094F88030284623F0720343F0620384F87F
:10BB80008030B26800233169F9F710FA044650B9E1
:10BB9000D6E9022180232846F9F708FA044610B9AD
:10BBA0002846F36B98472046F8BD01F032B80123D0
:10BBB0004A0901F01F018B4000EB8200D0E8EF2F13
:10BBC0001A43C0E8E12F0029F8D1704738B50C4678
:10BBD000097E31F080023AD0436852011B6811F0AF
:10BBE000800F134493F80421006914BF42F020022F
:10BBF00042F01002D0F8A45015BF83F8042183F856
:10BC0000042193F8042193F8042114BF42F00202A6
:10BC100042F00102204683F80421FFF750FB90B95F
:10BC20002046FFF76FFB70B1237E05F19C0003F007
:10BC30007F011B0648BF1031FFF7B9FF022105F154
:10BC40009000FFF7B2FF237D23F00203237500204D
:10BC500038BD08B500698430FCF7D6F9BDE8084066
:10BC6000FCF7CEBF10B50446FCF7B6FF2069843060
:10BC70004FF0FF32BDE810404FF0FF33FCF752B9F0
:10BC800038B50C46036911462046D3F8A450FFF797
:10BC90003BFB237D9A070ED4237E05F19C0003F025
:10BCA0007F011B0648BF1031FFF781FF022105F11C
:10BCB0009000FFF77AFF002038BD38B505460846EA
:10BCC0000C46FFF71FFB014620B1237E1BB9437EC4
:10BCD000DA0702D538BD1B060FD422466868F9F78B
:10BCE00085FA78B12046FFF709FB6FF06E02014636
:10BCF0002846BDE83840FFF71EBB22466868F9F7C2
:10BD0000D5F9EEE72046BDE838400121FFF7DBBA60
:10BD100010B5807A0C46F6F779FEC3692146BDE876
:10BD20001040586800F033BBF7B50D46807A1746CF
:10BD30001E46F6F76BFE2C68C369033424F0030239
:10BD4000586804212A60CDE90076FBF7D1FF00B9DD
:10BD5000286003B0F0BD0023F5F78EBC2DE9F0415B
:10BD600045680846D5E900680C46AF68F9F796FDC6
:10BD7000002878D1A30E092B75D8DFE803F0080F4F
:10BD80001A2C054C535F056A0220BDE8F0817369E7
:10BD90009C076CD5306900F001001AE0F36A98073F
:10BDA00065D5B36F002B60D13069C00900F0020087
:10BDB000EBE7E4B206F1400353F82430012013F01E
:10BDC000020FE2D033691834A04098430CBF012021
:10BDD00000204000D9E70620E4B2B4FBF0F331695B
:10BDE00003F11805E940C907DAB240D500FB134456
:10BDF000E4B2032C4FEA820294BF06F14C0306F131
:10BE00005003134404F00304E4001A6807340123C8
:10BE1000A340134219E0D8F81C309A0727D5D8F868
:10BE20000C00B8E7E4B204F1080357F82330DB054F
:10BE30001DD578680234E040C043ACE7C4F3052464
:10BE4000203457F8243013F0400F14BF0220012093
:10BE50009BE7C4F30552EB680E3203EB82035A688A
:10BE6000C4F38534D3E703208FE700208DE701205A
:10BE70008BE72DE9F3474FF000090C4601EB012158
:10BE8000456841F03F6141F47C21804617462E68A9
:10BE9000D0F810A0CDF80490FFF760FF022803D07F
:10BEA000C7F8009000201CE006F1400353F824304E
:10BEB000C3F30223012B17D0022B2CD0BBB9AA68E5
:10BEC000631C04F1210152F8211003EB43035A00D3
:10BED000404601AB02F0FE0201F00F01F9F7A0FDB0
:10BEE00028B102B0BDE8F087DAF80030019306F11E
:10BEF000480353F82430443613F03F031EBF019A21
:10BF0000B2FBF3F2019256F82420019BC2F309021E
:10BF100053433B60C6E7404601A9F9F727FEDFE738
:10BF2000F0B406240A4691FBF4F104FB11244368A3
:10BF3000664206F003061F6804F0030358BF73420D
:10BF4000032C4FF00104D4BF4C3750378E003E44D1
:10BF5000DB003768073304FA03F305693B433360BA
:10BF60002B8F063294401C43EB6A2C87CB40DA07B8
:10BF700006D42B6BCB40DB0702D5F0BCFAF73EB9F9
:10BF80000020F0BC704710B54468C1F30520A168DB
:10BF90009B0101EB8001D1F8800003F0400302F027
:10BFA0000F0220F04F0013430343C1F8803010BD4F
:10BFB00010B543680120C1F38534DB68C1F3055136
:10BFC00089000B44012ADA6B00FA04F00CBF02432B
:10BFD0008243DA6310BD436800205B681B6A0B6014
:10BFE000704743685B68186942400A4042401A61E2
:10BFF00000207047436800205B6899617047436880
:10C0000000205B6859617047436800205B68D96114
:10C01000704730B50369D86800B30024884219D14D
:10C0200008688CB91C69D860A14200D11861002051
:10C0300008602AB1DA680A601A69D96002B9196120
:10C0400000200FE02846E9E720601869814208BF18
:10C050001C61ECE705680446002DF3D1002AE9D104
:10C060006FF0150030BD002070474368187AF8F76C
:10C07000CBBD70B50B46C968054611B15E680C684A
:10C0800001B970BD8A682A4002D030464B68984793
:10C090001CB1236821461C46F2E72346FAE710B597
:10C0A00043685C68631893F8400000F0FE0083F872
:10C0B000400012F4403010D193F8402002F0FB020F
:10C0C00083F8402093F8402002F0FD0283F84020DE
:10C0D00001238B406360002010BD12F0020F49D194
:10C0E000B0F5403F10D193F8400040F0020083F8D3
:10C0F000400001238B405103A36001D56361EAE74F
:10C10000120348BFA361E6E7D00318D593F84000B7
:10C1100012F0300F40F0020083F840004FF00100B1
:10C1200000FA01F16160D6D093F8400040F00400BD
:10C1300083F84000D3064CBFA1616161CBE7900357
:10C1400018D5012012F0300F00FA01F10FD1500381
:10C1500009D56161002093F8402002F0FD0283F8C8
:10C160004020A160B8E71203F4D5A161F2E76FF0B7
:10C170008500F0E76FF08500AEE737B50C4605693E
:10C18000836801A95B68984748B92B6801985840B3
:10C19000012303FA04F10840003818BF012003B05E
:10C1A00030BD0A2251F8043C01F114005B681B68A1
:10C1B000A3FB0223FCF7AAB930B503681360057925
:10C1C000046804EBC504A34202D36FF0010030BD44
:10C1D0005C7908338C42F1D10020F8E743689B6812
:10C1E0001A7E520743BF9B6A00200B706FF00F004E
:10C1F000704743689B681A7ED207FCD599627047E6
:10C200000269002013680B6053684B6070474368F5
:10C210009B68588B5A8BC0F3800092075A8B48BF9B
:10C2200040F0040002F0010240EA42005A8BD106BD
:10C230005A8B48BF40F0080092065A8B48BF40F026
:10C24000100092B242F037025A8370470268012907
:10C2500022F070620346026004D002290CD002680A
:10C2600002607047026842F080720260426842F4E5
:10C2700000525A60FBF7FEB8026842F0807202601A
:10C28000426822F40052F4E738B5044648B1FBF79F
:10C2900069FB782305465C43FBF764FB431BA34221
:10C2A000FAD338BD10B5436904463BB90020E268B3
:10C2B0004042537843F00103537010BD9847002863
:10C2C000F4D00028B8BF4042FF28A8BFFF20E36891
:10C2D0001870ECE740B1C368587810F001001EBF39
:10C2E0001878B0FA80F040097047EFF311832023EB
:10C2F00083F31288BFF36F8FFEE72DE9F04F89B00B
:10C30000DDE91268059243460546324606A80F4607
:10C3100000F0C5FBDDE90634CDE90234EFF311840A
:10C320004FF0200989F31288BFF36F8F05F10C0AD3
:10C3300005F1140B39462846059A149B984730B1ED
:10C3400084F31188BFF36F8F09B0BDE8F08F56EA10
:10C350000806F5D0DDE9022306A800F0C5FBDDE9FB
:10C360000668524621465846CDE90068FCF736FB80
:10C37000EFF3118489F31288BFF36F8FDAE710B4FB
:10C3800000F10C04C0E9034410BCFDF708BC38B54B
:10C390000446EFF31185202383F31288BFF36F8FD8
:10C3A000F4F798FA04F10C0000F09FFA30B1294636
:10C3B00004F11400BDE8384000F07DBA85F311881F
:10C3C000BFF36F8F38BD10B542696AB1836842EA26
:10C3D0000301890708D10169A2FB011424B95B1884
:10C3E0002CBF0121002102D36FF0150005E0C160D0
:10C3F0009B1A02698A4201D8002010BDC26801312F
:10C400001A604269C3609B1AF3E72DE9F0410546C3
:10C410000F46EFF31188202383F31288BFF36F8F49
:10C42000C668FEB90468A0421CD0DCB1D4E9003271
:10C4300013605A60237CC4E9006623F0020323746E
:10C44000A66004F1180000F0EFFA2046C4F88060FE
:10C45000676100F0D2F9414605F10800BDE8F041FE
:10C4600000F029BA3E60AB69EF60013BAB6188F335
:10C470001188BFF36F8FBDE8F081202408B5EFF37A
:10C48000118384F31288BFF36F8FFEF739F8F6E754
:10C49000D0E9003213605A600023027CC0E9003307
:10C4A00022F0020202748360704713B501240094E5
:10C4B000FBF76EFC02B010BD90F90E308B4201D03C
:10C4C000FCF7B8BA0020704703460020C3E90033E8
:10C4D000C3E902007047D0E9003213605A600023BC
:10C4E000027CC0E9003322F00202027483607047CC
:10C4F0002DE9F843904604460D469DF82020EFF3C1
:10C500001187202181F31288BFF36F8F02B1456834
:10C51000A66804F10809B14516D0AEB10024304632
:10C52000FFF7D9FF06F1180000F07EFA3046C6F892
:10C530008040C6F8148000F060F94846394600F0A3
:10C54000BAF92046BDE8F883A3B10820FCF76CFED9
:10C55000002832D00122C0F804800260016801F096
:10C5600003015DB922680A430260626820606AB90B
:10C5700060600BE04046C8F80030EFE72A68032A05
:10C5800010D80160616839B9C4E90000002087F360
:10C590001188BFF36F8FD5E70A6802F003020243E8
:10C5A0000A60E5E722F003020A4302602A6802F00B
:10C5B000030240EA02032B60E8E76FF00B00E6E7B6
:10C5C00010B5044630B10268930703D0446809B13E
:10C5D00000F029FB204610BD0023C0E9003300F124
:10C5E0000803C0E902337047012307B50093002315
:10C5F0000A461946FFF77CFF03B05DF804FB0023F1
:10C6000007B50A4600931946FFF772FF03B05DF8BD
:10C6100004FB00210068FFF7D3BF3AB18A4205D37B
:10C62000C0E90212C0E90000002070476FF0150059
:10C630007047012302688B4022EA0303036022FA59
:10C6400001F000F00100704710B5032104460C30E2
:10C65000FFF7EFFF30B104F1100000F0E5F9B0FA98
:10C6600080F0400910BD20B100229430114600F046
:10C6700098B9704773B50446EFF31185202383F30F
:10C680001288BFF36F8F00230193D0E90423B3F125
:10C69000004F08BF012A05D085F31188BFF36F8FC3
:10C6A00002B070BDA0F1100603210438FFF7C1FFEE
:10C6B0000028F1D0A369304601A90193FBF730FEB1
:10C6C000EAE738B504460D461022002100F0BFFA13
:10C6D000656038BD13B501900846EFF3118420233F
:10C6E00083F31288BFF36F8F01A9FBF719FE84F360
:10C6F0001188BFF36F8F02B010BD10B5FFF7EAFFCE
:10C70000041E08DDEFF31180202383F31288BFF3AA
:10C710006F8FFCF7FBF9204610BD38B530220D466F
:10C720000021044600F093FA4FF480736560E360E3
:10C7300038BDEFF30580003818BF012070476FF057
:10C74000570070470020704738B58589EFF3118195
:10C75000202282F31288BFF36F8F037C13F008044A
:10C7600004D081F31188BFF36F8F38BD0122FCF72D
:10C770003BF8EB07F9D584F31188BFF36F8F0423DF
:10C78000184602DFF1E7FCF7E7B8D0E900321360A2
:10C790005A600023C0E90033704708B5FFF7F5FF82
:10C7A000037C23F0020303740023836008BD38B5C3
:10C7B00004460D46FBF764FF237C43F00203237419
:10C7C000D5B1A5602B689D4209D16B68C4E90053BF
:10C7D0001C606C6010E06A689A42F6D01B68002BFF
:10C7E000F3D093F90E1094F90E209142F3DD5A68BC
:10C7F000C4E9003214605C6038BD10B5EFF31184F9
:10C80000202383F31288BFF36F8FFBF763FF84F35A
:10C810001188BFF36F8F10BDFBF75CBFFBF730BF14
:10C8200008B5EFF31181202282F31288BFF36F8FD6
:10C8300083680BB1FFF7B1FF81F31188BFF36F8FEE
:10C8400008BD08B5037C014613F0280F0CD183689E
:10C850000BB1FFF7A2FF0B7C084623F004030B7417
:10C86000BDE80840FBF736BF08BD10B5EFF31184F3
:10C87000202383F31288BFF36F8F1838FFF7E1FF8F
:10C8800084F31188BFF36F8F10BD08B50346EFF333
:10C890001181202282F31288BFF36F8F00688342D8
:10C8A00007D008B1FFF779FF81F31188BFF36F8FCD
:10C8B00008BD0020F8E70846FBF74CBF38B5054631
:10C8C00004680020AC4200D138BD002CFCD02046CA
:10C8D000FFF763FF04F1180000F0A6F82046FBF70D
:10C8E000F9FE2C680120A542EDE710B5EFF31184A5
:10C8F000202383F31288BFF36F8FFFF7DFFF84F3EA
:10C900001188BFF36F8F10BD38B505460C46FCF794
:10C9100011F9B4F1FF3F08BFB5F1FF3F0AD0C117CD
:10C9200009304FF00A024FF0000341F10001F3F724
:10C9300067FB38BD4FF0FF30FBE72DE9F0470646B7
:10C940000F4691469A46EFF31188202383F312880D
:10C95000BFF36F8F0068864206D028B17368984293
:10C960000CBF0025056868B90024B9F1000F02D09A
:10C9700051462046C84788F31188BFF36F8F204681
:10C98000BDE8F0875146B84704460028EDD135B1DF
:10C990007368AB4200D02C6828462546E3E72C4656
:10C9A000FAE738B5EFF31185202383F31288BFF33C
:10C9B0006F8F0468A0421CD0ECB1C4F88010626193
:10C9C000D4E9003213605A600023227CC4E90033AA
:10C9D00022F002022274A36004F1180000F024F88F
:10C9E0002046FFF719FF012085F31188BFF36F8FF1
:10C9F00038BD0020F8E72046F6E708B50246FCF708
:10CA0000A7F970B1D0E904319B1A61EBE272B3F17E
:10CA1000004F72F1000104DA002AACBF1846002072
:10CA200008BD6FF00040FBE7024638B5EFF3118513
:10CA3000202383F31288BFF36F8F0368D3B1FCF711
:10CA400087F904461046FCF795F900224FF00043A1
:10CA50008442C0E9042305D0002085F31188BFF388
:10CA60006F8F38BDFCF77CF9FFF7C7FF0021FAF79D
:10CA7000DFFEF1E7D0E90413B3F1004F08BF01294D
:10CA800004D100204FF00041C2E904016FF015000D
:10CA9000E3E708B5FCF776FA08BDFCF773BAB3F123
:10CAA000FF3F08BFB2F1FF3F70B506461D46144672
:10CAB00014D01A4316D0002B08DBFCF763FA0419D4
:10CAC00041EB0501C6E90041304670BD6FF001033E
:10CAD0001C1B4FF0FF3363EB0501F3E74FF0FF340E
:10CAE0002146EFE70024FBE7B3F1FF3F08BFB2F1B7
:10CAF000FF3FF8B5074616461C4610D054EA02031D
:10CB000011D0FCF73FFAB0420A46A14103460AD2CF
:10CB1000F31A64EB0204C7E900343846F8BD4FF05D
:10CB2000FF331C46F7E70023FBE70023C0E90812A8
:10CB300000F11802C0E90622C0E900330363436331
:10CB400070472DE9F3470446DDE90A9815460E467D
:10CB500059B302F0010AFCF763F80746EFF31181BD
:10CB6000202383F31288BFF36F8FA80744BF0023ED
:10CB7000A360A36803EA0600BAF1000F0CD0864256
:10CB80000CD16A0744BF8343A36081F31188BFF3CC
:10CB90006F8F02B0BDE8F0870028F2D159EA080390
:10CBA00005D181F31188BFF36F8F0020F1E7C7E94A
:10CBB00018652246CDE9009804F10C00FBF70EFF42
:10CBC0000028F2D1386EE4E710B50B680446D0E9CE
:10CBD000180212F0010F03EA000301D0984211D1AC
:10CBE00083B12366520748BF4A6804F1180044BF66
:10CBF0001A434A60FFF718FF00232046C4F880302C
:10CC0000FFF71FFE002010BD0023C0E90000836075
:10CC100070470A46FCF7BCBA0A460021FCF7B8BACE
:10CC20005200FFF78EBF20B1011F50F8040CFFF730
:10CC3000AEBB70470A44431E914200D1704710B505
:10CC400011F8014B914203F8014FF9D110BD024494
:10CC50000346934200D1704703F8011BF9E70246EF
:10CC6000014410B58A42134603D01C780132002CCF
:10CC7000F8D1181A10BDF0B5C3F13707044603F018
:10CC80001F031046FFB2082BE6B232D0102B3DD066
:10CC90006508A40845EAC17544EA81748A082D191B
:10CCA00042EB5102290941EA02716D1842EB12125E
:10CCB000290A41EA02616D1842EB1222290C41EA6D
:10CCC00002416D1842EB1242AD1842F10002EC082D
:10CCD00044EA4274D10804EB8402A6EB4205EDB2AB
:10CCE000092D0CD90134A5F10A0541F10001EDB27D
:10CCF00012E0E40806F0070544EA4174C90830353B
:10CD000054EA010200F8015BBDD1F0BD240906F030
:10CD10000F0544EA01740909092D84BFED19EDB22C
:10CD2000EDE7D1E9043293421EBF5A1C0A61187024
:04CD30007047000048
:08CD34002433FF7F0100000021
:10CD3C0000000000BCCD000CCD7C000C00000000FD
:10CD4C000D7D000C000000000000000010CE000C57
:10CD5C0000000000F4CD000C00000000D8CD000C49
:10CD6C00000000002CCE000C1170000C0000000024
:10CD7C009177000C00000000C111000C00000000B5
:10CD8C00B129000C000000004592000C00000000CE
:10CD9C000000000048CE000C0000000064CE000C27
:10CDAC000000000080CE000C2D39000C00000000AB
:10CDBC0072F6000C20D7000CB0D3000CAE02002091
:10CDCC00881100204D6D000C00000000D7ED000C08
:10CDDC0058D6000C00000000AA020020540E0020BF
:10CDEC00A54A000C00000000BDF6000C38D7000C62
:10CDFC008CD3000CB0020020C411002067C0000CC2
:10CE0C0000000000CBF6000C44D7000C8CD3000CB7
:10CE1C00B2020020D811002067C0000C00000000F6
:10CE2C00B6F7000C90D7000CCCD3000CB602002047
:10CE3C00EC110020A975000C000000007BEC000C2C
:10CE4C0014D6000C44D6000CA80200201C0E0020A6
:10CE5C00E945000C0000000031F0000C80D6000CFD
:10CE6C00D0D6000CAC0200208801002045BB000C81
:10CE7C00000000007CF7000C50D7000C00000000F4
:10CE8C00B402002035120020D571000C0000000007
:10CE9C0000000000E5A4000C00000000E5A4000C5C
:10CEAC0000000000E5A4000C00000000E5A4000C4C
:10CEBC0000000000E5A4000C00000000E5A4000C3C
:10CECC0000000000E5A4000C00000000E5A4000C2C
:10CEDC0000000000E5A4000C00000000E5A4000C1C
:10CEEC0000000000E5A4000C00000000E5A4000C0C
:10CEFC0000000000E5A4000CD8CD000CC9AD000C5E
:10CF0C00D8CD000CF7AD000CD8CD000C27AE000C22
:10CF1C00D8CD000C57AE000CD8CD000C87AE000C51
:10CF2C00D8CD000CB7AE000CD8CD000CE7AE000C81
:10CF3C00D8CD000C17AF000CD8CD000C47AF000CAF
:10CF4C00D8CD000C7DAF000CD8CD000CB3AF000CCD
:10CF5C00D8CD000CE9AF000CD8CD000C1FB0000CE4
:10CF6C00D8CD000C55B0000CD8CD000C8BB0000CFB
:10CF7C00D8CD000CC1B0000C00000000E5A4000CE2
:10CF8C0000000000E5A4000C00000000E5A4000C6B
:10CF9C0000000000E5A4000C00000000E5A4000C5B
:10CFAC0000000000E5A4000C00000000E5A4000C4B
:10CFBC0000000000E5A4000C00000000E5A4000C3B
:10CFCC0000000000E5A4000C00000000E5A4000C2B
:10CFDC0000000000E5A4000C00000000E5A4000C1B
:10CFEC0000000000E5A4000C00000000E5A4000C0B
:10CFFC0000000000E5A4000C00000000E5A4000CFB
:10D00C0000000000E5A4000C00000000E5A4000CEA
:10D01C0000000000E5A4000C00000000E5A4000CDA
:10D02C0000000000E5A4000C00000000E5A4000CCA
:10D03C0000000000E5A4000C00000000E5A4000CBA
:10D04C0000000000E5A4000C00000000E5A4000CAA
:10D05C0000000000E5A4000C00000000E5A4000C9A
:10D06C0000000000E5A4000C00000000E5A4000C8A
:10D07C0000000000E5A4000C00000000E5A4000C7A
:10D08C0000000000E5A4000C00000000E5A4000C6A
:10D09C0000000000E5A4000C00000000E5A4000C5A
:10D0AC0000000000E5A4000C00000000E5A4000C4A
:10D0BC0000000000E5A4000C00000000E5A4000C3A
:10D0CC0000000000E5A4000C00000000E5A4000C2A
:10D0DC0000000000E5A4000C00000000E5A4000C1A
:10D0EC0000000000E5A4000C00000000E5A4000C0A
:10D0FC0000000000E5A4000C00000000E5A4000CFA
:10D10C0000000000E5A4000C00000000E5A4000CE9
:10D11C0000000000E5A4000C00000000E5A4000CD9
:10D12C0000000000E5A4000C00000000E5A4000CC9
:10D13C0000000000E5A4000C00000000E5A4000CB9
:10D14C0000000000E5A4000C00000000E5A4000CA9
:10D15C0000000000E5A4000C00000000E5A4000C99
:10D16C0000000000E5A4000C00000000E5A4000C89
:10D17C0000000000E5A4000C00000000E5A4000C79
:10D18C0000000000E5A4000C00000000E5A4000C69
:10D19C0000000000E5A4000C00000000E5A4000C59
:10D1AC0000000000E5A4000C00000000E5A4000C49
:10D1BC0000000000E5A4000C00000000E5A4000C39
:10D1CC0000000000E5A4000C00000000E5A4000C29
:10D1DC0000000000E5A4000C00000000E5A4000C19
:10D1EC0000000000E5A4000C00000000E5A4000C09
:10D1FC0000000000E5A4000C00000000E5A4000CF9
:10D20C0000000000E5A4000C00000000E5A4000CE8
:10D21C0000000000E5A4000C00000000E5A4000CD8
:10D22C0000000000E5A4000C00000000E5A4000CC8
:10D23C0000000000E5A4000C00000000E5A4000CB8
:10D24C0000000000E5A4000C00000000E5A4000CA8
:10D25C0000000000E5A4000C00000000E5A4000C98
:10D26C0000000000E5A4000C00000000E5A4000C88
:10D27C0000000000E5A4000C00000000E5A4000C78
:10D28C0000000000E5A4000C00000000E5A4000C68
:10D29C0000000000E5A4000C00000000E5A4000C58
:10D2AC0000000000E5A4000C00000000E5A4000C48
:10D2BC0000000000E5A4000C00000000E5A4000C38
:10D2CC0000000000E5A4000C00000000E5A4000C28
:10D2DC0000000000E5A4000C00000000E5A4000C18
:10D2EC0000000000E5A4000C00000000E5A4000C08
:10D2FC0000000000E5A4000C00000000E5A4000CF8
:10D30C0000000000E5A4000C00000000E5A4000CE7
:10D31C0000000000E5A4000C00000000E5A4000CD7
:10D32C0000000000E5A4000C00000000E5A4000CC7
:10D33C0000000000E5A4000C00000000E5A4000CB7
:10D34C0064CE000C2954000C64CE000C2954000C43
:10D35C0064CE000C2954000C64CE000C2954000C33
:10D36C0000000000E5A4000C00000000E5A4000C87
:10D37C0000000000E5A4000C00000000E5A4000C77
:10D38C009FC0000CD7BF000CE3BF000CF5BF000C16
:10D39C00FFBF000C09C0000C6170000C13C0000C26
:04D3AC006BC0000C46
:10D3B0009D62000C9560000C00000000515F000CA5
:0CD3C0005DBD000C00000000B55B000C1F
:10D3CC00DDC1000CF3C1000C0FC2000CA974000CE1
:04D3DC0001C2000C7E
:10D3E000E2DD000C0300000081F6000C03000000E9
:10D3F00084F7000C03000000D9F6000C03000000C5
:10D400008FEC000C02000000EBF6000C01000000A5
:10D4100097EC000C03000000F5ED000C0300000089
:10D4200006DE000C030000000ADE000C0300000012
:10D430000ADF000C03000000EFDB000C030000001B
:10D44000F4E3000C0300000040EC000C03000000BB
:10D4500076E4000C03000000AAF8000C03000000B2
:10D4600037DD000C03000000F3DD000C03000000BA
:10D47000C6F7000C03000000A8EE000C020000003C
:10D480003EF0000C020000000EEA000C020000005A
:10D490008DE7000C02000000DEEA000C0200000034
:10D4A00076E8000C0200000018E6000C0200000004
:10D4B0000FE6000C0200000069EB000C0200000007
:10D4C00086EC000C020000001AEB000C02000000C9
:10D4D00008E9000C0200000071EB000C02000000E3
:08D4E00069D9000C03000000F3
:10D4E800B8D5000CE8000020F9DE000C01000000AF
:0CD4F800000000008104000C0000000097
:10D5040061D9000C00000000F4CD000C14000100EF
:10D5140010CE000C19000100000000000000000003
:10D52400F4DB000CFFDB000C0CDC000C1BDC000C3F
:10D534002CDC000C36DC000C4FDC000C60DC000C36
:10D544006CDC000C80DC000C9BDC000CAEDC000C02
:10D55400E80400200001000039A2000CD7A1000C4F
:10D5640002000000E1A3000C000000000000000025
:10D574000000000000000000D9DE000CE1DE000C19
:10D58400000000000000000000000000E9DE000CC4
:10D59400EDDE000CF1DE000CF5DE000CA8D5000C6D
:10D5A400C80D0020651B000CE00D00203312002084
:10D5B40001000000A1A4000C97A4000C65A4000CB9
:10D5C40059A4000C000000004DA4000C0000000051
:10D5D400000000200000000006000100020000001E
:10D5E400E8D5000C0000000867E4000C0600000009
:10D5F400E0FF1F0C000000206FE4000C210000007D
:10D60400E0FF07203D2A000C0000000075A5000C77
:10D6140063020020000100200000000084030020B9
:10D6240014010020400100202C01002008D6000C29
:10D6340040D6000C0000000000000000702D002007
:10D6440000000000A548000C3948000C0000000050
:10D654000000000000A00144BCCD000C1A7F13247C
:10D6640003C5FF1FF7B0000C0100000014D7000C25
:10D6740010030020000000000000000000A002458C
:10D684008810002008000000880E0020880F002069
:10D69400C0D6000CBCCD000C3E7F342437EEFF1FF7
:10D6A400020000009CF9000C0C0000009071000ABC
:10D6B400E3BA000CC5BA000C6150000CC8D6000CCB
:10D6C4000100000002D8000C0200000097B9000C11
:10D6D40081BC000C69BA000C3DB9000CCDBB000C38
:10D6E40000000000BBB9000CE9B8000C85B9000CBF
:10D6F40075B9000C00000000BD56000C9151000CDF
:10D704009BB9000C4551000C65BC000C53BC000CCB
:10D7140029BD000C0000000011BD000C00C0004435
:10D7240000E0004400000144002001440080004463
:10D7340005000000FFFFFFFF80118044230000006C
:10D74400FFFFFFFF80108044210000001E00000046
:10D754000200000068D7000CA00A00205D71000CD4
:10D764000000000010CE000C1A0011000B00000095
:10D77400F4CD000C020011000200000000108044EF
:10D7840080108044001180448011804400C2010054
:10D79400030001000020004500010000010000001A
:10D7A40000000000BCCD000C2E7F302423DAFF1FC4
:10D7B400B8D7000CC0D7000C010000000AD8000C38
:10D7C4000200000060F8000C6EF8000C82F8000CF7
:10D7D40091F8000C9DF8000C3CCD000C3CCD000CE5
:10D7E4007CCD000C84CD000CBCCD000CBCCD000C59
:10D7F400DBF8000C00010000000000000904437283
:10D804000000337200009023000080230000466172
:10D81400696C656420746F20696E697469616C69F0
:10D824007A65206C616E67756167652064657363F2
:10D83400726970746F722028256429004661696CCE
:10D84400656420746F20696E697469616C697A65B6
:10D85400206D616E756661637475726572206465AE
:10D864007363726970746F7220282564290046619D
:10D87400696C656420746F20696E697469616C6990
:10D884007A652070726F6475637420646573637263
:10D894006970746F722028256429004661696C657B
:10D8A4006420746F20696E697469616C697A65209B
:10D8B400534E2064657363726970746F72202825F7
:10D8C4006429004661696C656420746F2061646436
:10D8D4002046756C6C2D537065656420636F6E66AD
:10D8E400696775726174696F6E004661696C65641D
:10D8F40020746F2061646420726567697374657253
:10D9040020636C6173736573004661696C656420A0
:10D91400746F207265676973746572206D657373C3
:10D924006167652063616C6C6261636B0046616969
:10D934006C656420746F20696E697469616C697ABE
:10D94400652064657669636520737570706F7274A1
:10D954000073616D706C655F7573626400646675F5
:10D964005F64667500757362645F73616D706C6586
:10D974005F636F6E666967004765742049646C6510
:10D9840020257520746F202575004661696C6564D7
:10D9940020746F20707574206E657720696E7075C1
:10D9A40074206576656E7400556E737570706F7251
:10D9B400746564207265706F727420747970650088
:10D9C400426F6F742050726F746F636F6C00526596
:10D9D400706F72742050726F746F636F6C0050724A
:10D9E4006F746F636F6C206368616E676564207425
:10D9F4006F20257300484944206465766963652077
:10DA0400257320696E74657266616365206973208D
:10DA14002573003F0055534244206D65737361675D
:10DA2400653A2025730009436F6E666967757261F4
:10DA340074696F6E2076616C75652025640046619B
:10DA4400696C656420746F20656E61626C65206426
:10DA5400657669636520737570706F7274004661D2
:10DA6400696C656420746F2064697361626C6520FD
:10DA740064657669636520737570706F72740047AE
:10DA84006574205265706F7274206E6F7420696DB6
:10DA9400706C656D656E7465642C205479706520B6
:10DAA4002575204944202575005365742049646C0C
:10DAB4006520257520746F202575004C454420642D
:10DAC4006576696365202573206973206E6F742001
:10DAD4007265616479004661696C656420746F20C5
:10DAE400636F6E66696775726520746865204C455E
:10DAF400442070696E2C2025640048494420446504
:10DB040076696365206973206E6F74207265616441
:10DB140079004661696C656420746F207265676979
:10DB24007374657220484944204465766963652CA2
:10DB3400202564004661696C656420746F20696EF9
:10DB4400697469616C697A6520555342206465760D
:10DB540069636500484944206B6579626F6172644A
:10DB64002073616D706C6520697320696E697469D6
:10DB7400616C697A656400556E7265636F676E697E
:10DB84007A656420696E70757420636F64652025FE
:10DB9400752076616C7565202564005553422048D4
:10DBA400494420646576696365206973206E6F74E7
:10DBB4002072656164790052656D6F7465207761C8
:10DBC4006B657570206572726F722C202564004835
:10DBD4004944207375626D6974207265706F727444
:10DBE400206572726F722C202564006D61696E006D
:10DBF400564255532072656164790056425553204C
:10DC040072656D6F7665640044657669636520723C
:10DC14006573756D65640044657669636520737525
:10DC24007370656E64656400427573207265736514
:10DC340074004E65772064657669636520636F6E52
:10DC440066696775726174696F6E00436F6E747292
:10DC54006F6C6C6572206572726F720053746163CD
:10DC64006B206572726F72004344432041434D2020
:10DC74006C696E6520636F64696E6700434443207A
:10DC840041434D20636F6E74726F6C206C696E65D6
:10DC9400207374617465004446552064657461633F
:10DCA4006820726571756573740044465520646F0D
:10DCB400776E6C6F616420636F6D706C65746564FE
:10DCC400006865617020636F7272757074696F6E3D
:10DCD40020286E6F7420696E207573653F2920615A
:10DCE40074202570006865617020636F72727570AE
:10DCF40074696F6E2028627566666572206F76653A
:10DD040072666C6F773F2920617420257000686506
:10DD1400617020636F7272757074696F6E2028640D
:10DD24006F75626C6520667265653F292061742099
:10DD34002570006F735F686561700028756E736984
:10DD4400676E6564292063686172202A2075736593
:10DD54006420666F722025257020617267756D6579
:10DD64006E742E2049742773207265636F6D6D6520
:10DD74006E64656420746F20636173742069742019
:10DD8400746F20766F6964202A20626563617573FD
:10DD940065206974206D6179206361757365206DF8
:10DDA40069736265686176696F7220696E20636564
:10DDB400727461696E20636F6E66696775726174EF
:10DDC400696F6E732E20537472696E673A222573DD
:10DDD4002220617267756D656E743A256400636212
:10DDE4007072696E74665F7061636B6167650073FE
:10DDF40079735F6765746F7074006C6F6767696EC1
:10DE040067006C6F67006C6F675F6D676D74004DC2
:10DE14006573736167652028222573222920647243
:10DE24006F707065642062656361757365206974E1
:10DE340020657863656564732073697A65206C690D
:10DE44006D69746174696F6E2028257529004D65AC
:10DE540073736167652064726F70706564206265B6
:10DE6400636175736520697420657863656564739F
:10DE74002073697A65206C696D69746174696F6E69
:10DE84002028257529000D0A001B5B306D002573C1
:10DE940020005B2530386C755D20005B25303275C1
:10DEA4003A253032753A253032752E253033752CAB
:10DEB400253033755D20003C25733E200025732FEB
:10DEC4000025733A200025303278200020202000DD
:10DED4007C002563001B5B313B33316D001B5B31E0
:10DEE4003B33336D006572720077726E00696E6643
:10DEF40000646267006C6F675F6261636B656E6488
:10DF04005F75617274006C6F675F75617274007223
:10DF1400302F61313A202030782530387820207233
:10DF2400312F61323A202030782530387820207221
:10DF3400322F61333A20203078253038780072331C
:10DF44002F61343A202030782530387820723132ED
:10DF54002F69703A20203078253038782072313497
:10DF64002F6C723A20203078253038780020787071
:10DF740073723A2020307825303878004661756C09
:10DF840074696E6720696E737472756374696F6EF9
:10DF9400206164647265737320287231352F706355
:10DFA400293A2030782530387800556E68616E64DF
:10DFB4006C6564204952516E3A202564002A2A2A4D
:10DFC4002A2A205553414745204641554C54202A7E
:10DFD4002A2A2A2A0020204469766973696F6E20F0
:10DFE4006279207A65726F002020556E616C6967D2
:10DFF4006E6564206D656D6F72792061636365730E
:10E0040073002020537461636B206F766572666CB5
:10E014006F772028636F6E74657874206172656110
:10E02400206E6F742076616C6964290020204E6F25
:10E0340020636F70726F636573736F7220696E73A0
:10E044007472756374696F6E73002020496C6C651B
:10E0540067616C206C6F6164206F66204558435F74
:10E0640052455455524E20696E746F20504300201F
:10E0740020496C6C6567616C20757365206F662040
:10E084007468652045505352002020417474656DB6
:10E09400707420746F206578656375746520756E7F
:10E0A400646566696E656420696E73747275637401
:10E0B400696F6E002A2A2A2A2A204D50552046418B
:10E0C400554C54202A2A2A2A2A002020537461639A
:10E0D4006B696E67206572726F722028636F6E744D
:10E0E4006578742061726561206D69676874206267
:10E0F40065206E6F742076616C6964290020205558
:10E104006E737461636B696E67206572726F7200FF
:10E1140020204461746120416363657373205669F0
:10E124006F6C6174696F6E0020204D4D4641522022
:10E13400416464726573733A203078257800202036
:10E14400496E737472756374696F6E20416363659D
:10E1540073732056696F6C6174696F6E002020467A
:10E164006C6F6174696E672D706F696E74206C6179
:10E174007A79207374617465207072657365727640
:10E184006174696F6E206572726F72002A2A2A2A7E
:10E194002A20425553204641554C54202A2A2A2AE3
:10E1A4002A002020537461636B696E672065727264
:10E1B4006F72002020507265636973652064617416
:10E1C4006120627573206572726F7200202042466E
:10E1D400415220416464726573733A203078257823
:10E1E400002020496D7072656369736520646174F1
:10E1F4006120627573206572726F72002020496E0F
:10E20400737472756374696F6E20627573206572BE
:10E21400726F72002A2A2A2A2A20534543555245EE
:10E22400204641554C54202A2A2A2A2A00202041DB
:10E234006464726573733A2030782578002020492D
:10E244006E76616C696420656E74727920706F6992
:10E254006E74002020496E76616C696420696E7466
:10E26400656772697479207369676E617475726524
:10E27400002020496E76616C69642065786365705E
:10E2840074696F6E2072657475726E00202041741B
:10E29400747269627574696F6E20756E6974207624
:10E2A400696F6C6174696F6E002020496E76616CD1
:10E2B4006964207472616E736974696F6E002020E2
:10E2C4004C617A792073746174652070726573652A
:10E2D40072766174696F6E0020204C617A792073C4
:10E2E40074617465206572726F7200526573657231
:10E2F40076656420457863657074696F6E202800C4
:10E3040053707572696F757320696E746572727576
:10E3140070742028495251200020205320696E73C4
:10E324007472756374696F6E20616464726573736B
:10E334003A202030782578002A2A2A2A2A2048419F
:10E344005244204641554C54202A2A2A2A2A002085
:10E3540020427573206661756C74206F6E2076653B
:10E3640063746F72207461626C652072656164000D
:10E3740020204465627567206576656E74002020F0
:10E384004661756C7420657363616C6174696F6E4A
:10E3940020287365652062656C6F772900415243BC
:10E3A400485F455843455054207769746820726526
:10E3B40061736F6E2025780A002A2A2A2A2A2044AB
:10E3C40065627567206D6F6E69746F72206578631E
:10E3D400657074696F6E202A2A2A2A2A002A2A2A3A
:10E3E4002A2A20257320256429202A2A2A2A2A0059
:10E3F4006D7075004661696C656420746F20616C92
:10E404006C6F63617465206E6577204D5055207282
:10E414006567696F6E2025750A00506172746974AE
:10E42400696F6E2025753A20636F686572656E6347
:10E434006520636865636B206661696C65642E00A2
:10E44400496E76616C696420756E6465726C796975
:10E454006E6720726567696F6E20696E64657820E7
:10E46400257500464C4153485F30005352414D5F7F
:10E4740030006E65745F6275665F73696D706C659C
:10E484000052656D6F74652077616B6575702066E9
:10E49400656174757265206E6F7420737570706F2A
:10E4A400727465640052656D6F74652077616B6585
:10E4B40075702066656174757265206E6F74206571
:10E4C4006E61626C6564206F72206E6F7420737568
:10E4D4007370656E646564005553422064657669A3
:10E4E400636520737570706F727420697320616C3A
:10E4F400726561647920696E697469616C697A65B1
:10E5040064005553422064657669636520636F6EC9
:10E5140074726F6C6C6572206973206E6F742072F4
:10E5240065616479005553422064657669636520AA
:10E53400737570706F7274206973206E6F742069C4
:10E544006E697469616C697A65640055534220642C
:10E55400657669636520737570706F727420697372
:10E5640020616C726561647920656E61626C6564BA
:10E57400004661696C656420746F20656E61626C2D
:10E584006520636F6E74726F6C6C657200427566A1
:10E5940066657220707265616C6C6F636174696F1B
:10E5A4006E206661696C656400555342206465762B
:10E5B40069636520737570706F727420697320616C
:10E5C4006C72656164792064697361626C6564006E
:10E5D4004661696C656420746F207265736574208C
:10E5E400636F6E66696775726174696F6E00466108
:10E5F400696C656420746F2064697361626C652062
:10E604005553422064657669636500757362645F7F
:10E6140064657600757362645F6465736300466164
:10E62400696C656420746F20656E7175657565200D
:10E6340053746174757320494E2062756666657201
:10E64400004661696C656420746F20656E71756540
:10E654007565205345545550206275666665720091
:10E6640043616E206F6E6C792068616E646C652006
:10E67400636F6E74726F6C207265717565737473F9
:10E68400004D616C666F726D65642073657475709E
:10E69400207061636B657400556E65787065637492
:10E6A400656420627566666572206C696E6B65646C
:10E6B40020746F207365747570004661696C6564BD
:10E6C40020746F20736574206465766963652061C6
:10E6D4006464726573732030782578004661696CD0
:10E6E400656420746F2073657420636F6E66696758
:10E6F40075726174696F6E2025752C202564004342
:10E704006F6E66696775726174696F6E2064657394
:10E7140063726970746F72202575206E6F74206641
:10E724006F756E64004857494E464F206E6F7420D3
:10E73400696D706C656D656E746564206F722065BB
:10E744006E61626C6564004661696C656420746F17
:10E7540020656E71756575652053746174757320D9
:10E764004F555420627566666572004661696C6532
:10E774006420746F20656E61626C65205445535447
:10E784005F4D4F444520257500757362645F63686F
:10E7940039004661696C656420746F206765742074
:10E7A4006366675F6E642C206465737069746520AA
:10E7B400636F6E66696775726564207374617465EE
:10E7C40000556E7265636F76657261626C65206573
:10E7D40072726F722025642C206570203078253089
:10E7E40032782C20627566202570004661696C655C
:10E7F4006420746F207365742064656661756C743D
:10E80400206164647265737320616674657220624A
:10E814007573207265736574004661696C65642064
:10E82400746F207365742064656661756C742073FD
:10E8340074617465206166746572206275732072F8
:10E844006573657400554443206572726F72206568
:10E8540076656E74004661696C656420746F206926
:10E864006E6974206465766963652064726976658F
:10E874007200757362645F636F726500456E6470E5
:10E884006F696E6720307825303278206E6F74207F
:10E8940061737369676E6564004661696C656420C1
:10E8A400746F2061737369676E20656E64706F693D
:10E8B4006E74206164647265737365730046616984
:10E8C4006C656420746F20696E697469616C697A1F
:10E8D4006520636C61737320696E7374616E636524
:10E8E400004661696C656420746F20696E697420E8
:10E8F400465320636F6E66696775726174696F6EE3
:10E9040020257500757362645F696E6974004665DD
:10E914006174757265206E6F7420737570706F7298
:10E9240074656420627920636F6E74726F6C6C65B9
:10E93400720055534220646576696365207375706F
:10E94400706F727420697320696E697469616C698F
:10E954007A656400537461636B2077617320636F1D
:10E964006D70696C656420776974686F757420488C
:10E974006967682D537065656420737570706F7274
:10E984007400465320636F6E66696720616C72651C
:10E99400616479206F6E204853206C69737400554C
:10E9A4006E737570706F7274656420636F6E6669E0
:10E9B4006775726174696F6E207370656564004376
:10E9C4006F6E66696775726174696F6E2025752054
:10E9D40072652D696E736572746564004661696C55
:10E9E400656420746F2061646420636F6E66696778
:10E9F40075726174696F6E20737472696E672064D6
:10EA0400657363726970746F7200757362645F63B7
:10EA14006667005553422064657669636520636CBC
:10EA2400617373202573206E6F7420666F756E6436
:10EA3400004E6F20636F6E66696775726174696FEB
:10EA44006E20736574202841646472657373207347
:10EA5400746174652900436C61737320696E737407
:10EA6400616E636520616C726561647920726567AB
:10EA74006973746572656400436C617373207265B5
:10EA8400676973746572656420746F206F74686558
:10EA94007220636F6E746578742061742064696693
:10EAA400666572656E74207370656564004661699D
:10EAB4006C656420746F2072656769737465722075
:10EAC400257320746F20465320636F6E66696775E3
:10EAD400726174696F6E20257500757362645F637B
:10EAE4006C617373004661696C656420746F20689F
:10EAF400616E646C65206F702025642C2065702025
:10EB04003078253032782C20626D203078253038EA
:10EB1400782C20256400757362645F69666163659F
:10EB24000064657669636520697320737573706525
:10EB34006E646564005365742068616C7420307879
:10EB440025303278206661696C656400436C6561C8
:10EB5400722068616C7420307825303278206661C8
:10EB6400696C656400757362645F657000757362D7
:10EB7400645F6D7367004849442064657669636522
:10EB840020646F6573206E6F74207365656D2074E7
:10EB94006F206265207265676973746572656400CD
:10EBA4004661696C656420746F2061646420696ED9
:10EBB4007465726661636520737472696E6720643C
:10EBC400657363726970746F72006765745F7265F0
:10EBD400706F72742063616C6C6261636B20697323
:10EBE400206D697373696E67007365745F72657015
:10EBF4006F72742063616C6C6261636B2069732053
:10EC04006D697373696E67007365745F70726F7496
:10EC14006F636F6C2063616C6C6261636B206973FA
:10EC2400206D697373696E67004661696C65642061
:10EC3400746F20616C6C6F63617465206E65745FC2
:10EC4400627566004661696C656420746F20616C4E
:10EC54006C6F6361746520627566666572004661F7
:10EC6400696C656420746F20656E717565756520C7
:10EC74006275666665720048494430006869645F7D
:10EC84003000757362645F686964006869645F6119
:10EC9400706900696E70757400556E737570706F6D
:10ECA4007274656420706F72742069642070726F6E
:10ECB40076696465640054696D656F757420776165
:10ECC4006974696E6720666F72204549435F5359C2
:10ECD4004E4342555359206269747320746F206304
:10ECE4006C65617200436C6F636B20636F6E74724A
:10ECF4006F6C206F6E206661696C656420666F724C
:10ED0400206D636C6B20256400436C6F636B206320
:10ED14006F6E74726F6C206F6E206661696C6564CF
:10ED240020666F722067636C6B202564004E6F2031
:10ED3400454943206C696E65206173736F63696133
:10ED4400746564207769746820706F727420256418
:10ED54002070696E20256400496E76616C696420B8
:10ED6400706F727420696420706173736564006EDF
:10ED74006F206173736F636961746564206569638F
:10ED8400206C696E6520666F756E6400454943208A
:10ED94004C696E6520256420616C7265616479201C
:10EDA4006F776E656420627920706F7274202564B9
:10EDB4002070696E202564202872657175657374EE
:10EDC400656420706F72742025642070696E20253C
:10EDD400642900696E746572727570742D636F6E48
:10EDE40074726F6C6C657240343430316130303021
:10EDF40000696E74635F6D6368705F6569635F6704
:10EE0400310073757370656E6400726573756D653A
:10EE14000053707572696F7573202573206576656C
:10EE24006E740065702030782530327820616C7201
:10EE34006561647920656E61626C656400456E6429
:10EE4400706F696E74203078253032782076616C6A
:10EE540069646174696F6E206661696C65640065DC
:10EE6400702030782530327820616C726561647965
:10EE74002064697361626C6564004661696C6564F1
:10EE840020746F20616C6C6F63617465206E6574AF
:10EE94005F62756620257A642C20657020307825A1
:10EEA40030327800756463004661696C656420746F
:10EEB4006F20726567697374657220656E64706F24
:10EEC400696E740065702030782530327820627560
:10EED40066666572206973207573656420627920A3
:10EEE40074686520636F6E74726F6C6C6572005425
:10EEF400696D656F75742077616974696E672066E2
:10EF04006F722053575253542073796E63004661D5
:10EF1400696C656420746F2064697361626C652038
:10EF2400636F6E74726F6C20656E64706F696E745B
:10EF3400004E6F2062756666657220666F7220658A
:10EF4400702030782530327800456E64706F696EB9
:10EF540074203078253032782062757379005772C6
:10EF64006F6E67206279746520636F756E742025F7
:10EF74007520666F72207365747570207061636BA1
:10EF84006574004661696C656420746F20636F6EFC
:10EF9400666967757265205553422047434C4B3A66
:10EFA400202564004661696C656420746F20656E79
:10EFB40061626C65205553422047434C4B3A2025EF
:10EFC40064004661696C656420746F20656E6162DB
:10EFD4006C6520555342204D434C4B3A2025640028
:10EFE4004661696C656420746F206170706C79206F
:10EFF40064656661756C742070696E6374726C20EC
:10F0040073746174652028256429004661696C6500
:10F014006420746F20656E61626C6520636F6E742A
:10F02400726F6C20656E64706F696E7400757362C4
:10F03400403435303261303030007564635F6D6365
:10F0440068705F67310025733A20434C4F434B5F30
:10F05400434F4E54524F4C5F5355425359535F41A3
:10F064004C4C206973206E6F7420737570706F72CE
:10F074007465640025733A20496E76616C69642076
:10F0840073756273797374656D20747970653D2549
:10F09400640025733A20496E76616C696420696E58
:10F0A4007374616E636520256420666F72207479C1
:10F0B400706520256420286D617820256429002549
:10F0C400733A20526563757273697665206465705E
:10F0D400656E64656E6379206465746563746564E4
:10F0E4000025733A20496E76616C696420504C4C5B
:10F0F40020736F7572636520646570656E64656EF8
:10F1040063790025733A20496E76616C69642047FF
:10F11400434C4B50494E20736F75726365204944CC
:10F124000025733A204E554C4C20636F6E66696718
:10F1340075726174696F6E20706F696E74657200A8
:10F1440025733A20496E76616C6964207375627325
:10F15400797374656D20747970653D256420696EDA
:10F164007374616E63653D25640025733A204446DB
:10F174004C4C34384D53594E432074696D656F754A
:10F1840074206F6E2077726974696E67204F5343E1
:10F194004354524C5F44464C4C4354524C42002519
:10F1A400733A2044464C4C34384D53594E432074E2
:10F1B400696D656F7574206F6E2077726974696EFE
:10F1C40067204F53434354524C5F44464C4C4D5577
:10F1D4004C0025733A2044464C4C34384D53594E18
:10F1E400432074696D656F7574206F6E2077726942
:10F1F40074696E67204F53434354524C5F44464CEA
:10F204004C4354524C410025733A2047434C4B5FC6
:10F2140053594E43425553592074696D656F757443
:10F22400206F6E2077726974696E672047434C4B78
:10F234005F47454E4354524C5B25645D0025733A49
:10F244002074696D656F7574206F6E2077726974B0
:10F25400696E672047434C4B5F5043484354524CBC
:10F264005F4348454E5F4D736B0025733A20496EEA
:10F2740076616C69642073756273797374656D006B
:10F2840025733A20556E737570706F7274656420BF
:10F2940073756273797374656D2074797065002574
:10F2A400733A2047434C4B47454E302063616E6EA2
:10F2B4006F742062652064697361626C65642028E0
:10F2C400616C77617973204F4E290025733A205081
:10F2D4004C4C5B25645D206C6F636B2074696D65B9
:10F2E40064206F75740025733A20556E73757070C1
:10F2F4006F7274656420636C6F636B2073756273E3
:10F30400797374656D2074797065202564002573A4
:10F314003A20436C6F636B204F4E206F70657261AF
:10F3240074696F6E206661696C65640025733A20A8
:10F33400436C6F636B204F4E2074696D656F7574F9
:10F344000025733A20584F53432072656164792035
:10F3540074696D6564206F75740025733A20736B4E
:10F36400697070696E672064666C6C34386D5F69AF
:10F374006E69742C2061732044464C4C20697320C0
:10F38400616C7265616479206F6E0025733A207335
:10F394006B697070696E672064666C6C34386D5F7D
:10F3A400696E69742C20617320736F7572636520B4
:10F3B40067636C6B2D2564206973206F66662E204D
:10F3C400284D6178696D756D20696E697420726568
:10F3D400747279203D202564290025733A20736BCB
:10F3E400697070696E672064666C6C34386D5F692F
:10F3F4006E69742C2061732044464C4C2069732040
:10F4040064726976696E672067636C6B3020284389
:10F414005055290025733A2044464C4C34384D202D
:10F4240072656164792074696D6564206F75740018
:10F4340025733A2044464C4C34384D53594E43209E
:10F4440074696D656F7574206F6E20777269746965
:10F454006E672047434C4B5F5043484354524C0023
:10F4640025733A20736F7572636520636C6F636BE9
:10F47400202864726976696E6720504C4C5F25645D
:10F4840029206973206F66662E20284D6178696D86
:10F49400756D20696E6974207265747279203D20DF
:10F4A4002564290025733A20535550435F53544132
:10F4B4005455532074696D656F7574206F6E207791
:10F4C400726974696E6720535550435F56524547BD
:10F4D4004354524C0025733A2074696D656F7574FA
:10F4E400206F6E2077726974696E6720667261633B
:10F4F40074696F6E616C2064697669646572002555
:10F50400733A20736B697070696E6720706C6C5FFE
:10F5140025645F6F75745F25645F696E69742C2060
:10F52400617320697420697320616C726561647908
:10F53400206F6E0025733A20736B697070696E6773
:10F5440020706C6C5F25645F6F75745F25645F6900
:10F554006E69742C2061732064726976696E672009
:10F56400504C4C206973206F66660025733A2073F3
:10F574006B697070696E6720786F736333326B5F89
:10F58400696E69742C206173206974206973206129
:10F594006C7265616479206F6E0025733A204F5355
:10F5A4004333324B4354524C207265616479207466
:10F5B400696D6564206F75740025733A20736B69F7
:10F5C4007070696E672067636C6B67656E2D256468
:10F5D4005F696E69742C20617320697420697320DB
:10F5E400616C7265616479206F6E0025733A2073D3
:10F5F4006B697070696E672067636C6B67656E5FBB
:10F60400696E69742C20617320736F757263652051
:10F614006F662067636C6B2D25642C206973206FE3
:10F6240066662E20284D6178696D756D20696E6956
:10F6340074207265747279203D2025642900257335
:10F644003A2047434C4B5F53594E4342555359203C
:10F6540074696D656F7574206F6E20777269746953
:10F664006E672047434C4B5F4354524C4100636CDC
:10F674006F636B40343430313230303000636C6F40
:10F68400636B5F6D6368705F7069633332636B5F74
:10F6940073675F676300496E76616C696420747296
:10F6A4006967676572206D6F646520666F72206993
:10F6B4006E74657272757074006770696F4034346B
:10F6C400383031313830006770696F403434383045
:10F6D40031303830006770696F5F6D6368705F70D8
:10F6E4006F72745F6731006877696E666F5F6D6310
:10F6F40068705F6731006B65795F696E6465782057
:10F70400256420676574206661696C65643A202508
:10F71400640050696E20256420636F6E66696775A6
:10F72400726174696F6E206661696C65643A202544
:10F734006400436F756C64206E6F7420736574206D
:10F744006770696F2063616C6C6261636B00506900
:10F754006E20256420696E746572727570742063FE
:10F764006F6E66696775726174696F6E2066616930
:10F774006C65643A20256400627574746F6E73005E
:10F784006770696F5F6B6579730054696D656F7538
:10F79400742077616974696E6720666F72205541C1
:10F7A40052542053594E434255535920636C65615A
:10F7B4007200736572636F6D4034353030323030AF
:10F7C4003000756172745F6D6368705F7365726336
:10F7D4006F6D5F67310048616C74696E672073797F
:10F7E4007374656D00556E6B6E6F776E2065727203
:10F7F4006F7200756E6B6E6F776E003E3E3E205AE0
:10F80400455048595220464154414C204552524F8C
:10F81400522025643A202573206F6E2043505520D2
:10F824002564004661756C7420647572696E672086
:10F83400696E746572727570742068616E646C6947
:10F844006E670A0043757272656E7420746872651F
:10F8540061643A20257020282573290043505520DF
:10F86400657863657074696F6E00556E68616E6467
:10F874006C656420696E746572727570740053747B
:10F8840061636B206F766572666C6F77004B65728F
:10F894006E656C206F6F7073004B65726E656C20C3
:10F8A40070616E6963006F73002A2A2A20426F6FA9
:10F8B40074696E67205A6570687972204F532062AC
:10F8C40075696C64203530353139353435653139F5
:10F8D40061202A2A2A0A00737973776F726B710088
:10F8E400286E756C6C29002A666C6F61742A004658
:10F8F4005320436F6E66696775726174696F6E0039
:10F90400555342442073616D706C65005A6570688C
:10F9140079722050726F6A6563740005010906A14B
:10F9240001050719E029E7150025017501950881EE
:10F9340002750895018103750195050508190129CA
:10F944000591027503950191037508950615002527
:10F95400650507190029658100C0206D6573736111
:10F964006765732064726F70706564202D2D2D0D92
:10F974000A1B5B306D001B5B313B33316D2D2D2D2C
:10F98400200030313233343536373839414243443C
:10F99400454600484944300006061F0500001F295B
:10F9A4000C0C07033F3F3F3F3F3F3F3F1F3F3F3F5D
:10F9B4003F3F3F3F3F0300003F3F3F3F2F3F3F005C
:10F9C400000500000B380040636C6F636B5F6D6370
:10F9D40068705F696E697400636C6F636B5F6F6EF0
:10F9E40000636C6F636B5F6D6368705F6F6E006361
:10F9F4006C6F636B5F6D6368705F6F666600636CEA
:10FA04006F636B5F6765745F726174655F67636C76
:10FA14006B67656E00636C6F636B5F6D6368705FCB
:10FA24006765745F7261746500636C6F636B5F63B9
:10FA34006F6E6669677572655F67636C6B67656E29
:10FA440000636C6F636B5F636F6E66696775726585
:10FA54005F706C6C00636C6F636B5F636F6E666981
:10FA6400677572655F64666C6C00636C6F636B5F73
:10FA7400636865636B5F73756273797300636C6F3E
:10FA8400636B5F6D6368705F636F6E6669677572E1
:10FA94006500636C6F636B5F67636C6B67656E5F58
:10FAA400696E697400636C6F636B5F786F73633343
:10FAB400326B5F696E697400636C6F636B5F706C4B
:10FAC4006C5F6F75745F696E697400636C6F636BF0
:10FAD4005F706C6C5F696E697400636C6F636B5FFD
:10FAE40064666C6C34386D5F696E697400636C6F46
:10FAF400636B5F786F73635F696E697400636C6FC7
:10FB0400636B5F6F6E5F706C6C000506070001002D
:10FB140000000000F544000C00000000000100009B
:10FB240000000000000000000000000000000000D1
:10FB340000000000000000000000000000000000C1
:10FB440000000000480200204400002000000000E3
:10FB5400000000000000000000000000000401009C
:10FB640000000000F3F8000C220300000000000075
:10FB7400000000000003030000000000000000007B
:10FB8400000300000000000000000000000201006B
:10FB94000000000004F9000C18030000000000003D
:10FBA40000000000000101000000000010F9000C3A
:10FBB4001E03000000000000000000000000000020
:10FBC4000000000000D8000C040300004D05000CE8
:10FBD4005506000CA904000C7506000C2904000C41
:10FBE4000105000C000000004F97000C000000000D
:10FBF400DF9C000CF7A1000CA0D5000C0000000055
:10FC0400000000006BA5000C0000000000000000D4
:10FC140080EC000C000000005401002000000000F3
:10FC240048CE000C000000000000000000050100A8
:10FC34000000000097F9000C0A0300006302002092
:10FC44006C0200207C0200208A02002000000000D8
:10FC5400630200206C020020750200208302002051
:10FC64000000000000000000000000001146000C2D
:10FC7400BD46000C4DAD000CC7AC000CF3AC000C41
:10FC8400B9AC000CF5AC000CD1AC000CC547000CB1
:10FC940035AD000CC9AC000C0000000000000000F1
:10FCA4000000000000000000000000000000000050
:10FCB4000000000000000000000000000000000040
:10FCC4000000000000000000000000000000000030
:10FCD4000000000000000000000000000000000020
:10FCE4000000000000000000000000000000000010
:10FCF4000000000000000000000000000000000000
:10FD040000000000000000000000000000000000EF
:10FD14000000000000000000000000000C020020B1
:10FD24000C02002000000000000000000E00000093
:10FD3400000000000000000000000000B0090020E6
:10FD4400000000000000000000000000C8000000E7
:10FD5400400200204002002009020000000100E0EF
:10FD64007D12010002EF020140E32F0700040400AA
:10FD74000000000904000001030101000921110130
:10FD840000012200000705810340000107058103EB
:10FD9400400004000000000000000000000000001B
:10FDA400000000000000000000000000000000004F
:08FDB400000000000000000047
:10FDBC000000000000000000000000000000000037
:10FDCC000000000000000000000000000000000027
:10FDDC000000000000000000000000000000000017
:10FDEC000000000000000000000000000000000007
:08FDFC000000000000000000FF
:04FE040000000000FA
:10FE0800F4020020F4020020F02C00200000000082
:0CFE1800080000001000000000000000C6
:10FE240000000000B82D00200004000000000000C5
:04FE340000000000CA
:10FE38002403002024030020080000000200000022
:10FE4800F833002008340020F8330020F83300206D
:10FE580000000000000000004C0300204C030020BC
:10FE68000C0000000A000000782C0020F02C002074
:10FE7800782C0020782C00200000000000000000F2
:10FE8800740300207403002000000000010000003B
:10FE980000000000000000008C0300208C030020FC
:10FEA800020002000A0000000000000030D6000C2A
:10FEB800702D00200000000000000000B0030020AA
:10FEC800B0030020100010000A000000FDB1000C73
:08FED80070D6000CB8310020C7
:10FEE00055D9000C000000000000000000000000D8
:10FEF000000000000000000064CE000C00000000C4
:10FF000000000000000000000000000000000000F1
:10FF100000000000000000000000000000000000E1
:10FF200000000000000000000000000000000000D1
:10FF300000000000000000000000000000000000C1
:10FF400000000000000000000000000000000000B1
:0CFF500051020020000000000000000032
:10FF5C000000000000010020000000000000000074
:08FF6C0000000000000000008D
:04FF740015E015E09F
:040000050C00227554
:00000001FF
