:020000040800F2
:10000000003300206921000CBF9D000C5521000C1D
:100010005521000C5521000C5521000C5521000CD8
:100020000000000000000000000000009D21000C06
:100030005521000C000000004D23000CF16E000C57
:10004000B923000CB923000CB923000CB923000C10
:10005000B923000CB923000CB923000CB923000C00
:10006000B923000CB923000CB923000CB923000CF0
:10007000B923000CB923000CB923000CB923000CE0
:10008000B923000CB923000CB923000CB923000CD0
:10009000B923000CB923000CB923000CB923000CC0
:1000A000B923000CB923000CB923000CB923000CB0
:1000B000B923000CB923000CB923000CB923000CA0
:1000C000B923000CB923000CB923000CB923000C90
:1000D000B923000CB923000CB923000CB923000C80
:1000E000B923000CB923000CB923000CB923000C70
:1000F000B923000CB923000CB923000CB923000C60
:10010000B923000CB923000CB923000CB923000C4F
:10011000B923000CB923000CB923000CB923000C3F
:10012000B923000CB923000CB923000CB923000C2F
:10013000B923000CB923000CB923000CB923000C1F
:10014000B923000CB923000CB923000CB923000C0F
:10015000B923000CB923000CB923000CB923000CFF
:10016000B923000CB923000CB923000CB923000CEF
:10017000B923000CB923000CB923000CB923000CDF
:10018000B923000CB923000CB923000CB923000CCF
:10019000B923000CB923000CB923000CB923000CBF
:1001A000B923000CB923000CB923000CB923000CAF
:1001B000B923000CB923000CB923000CB923000C9F
:1001C000B923000CB923000CB923000CB923000C8F
:1001D000B923000CB923000CB923000CB923000C7F
:1001E000B923000CB923000CB923000CB923000C6F
:1001F000B923000CB923000CB923000CB923000C5F
:10020000B923000CB923000CB923000CB923000C4E
:10021000B923000CB923000CB923000CB923000C3E
:10022000B923000CB923000CB923000CB923000C2E
:10023000B923000CB923000CB923000CB923000C1E
:10024000B923000CB923000CB923000CB923000C0E
:10025000B923000CB923000CB923000CB923000CFE
:10026000B923000CB923000CB923000CB923000CEE
:10027000B923000CB923000CB923000CB923000CDE
:10028000B923000CB923000CB923000CB923000CCE
:10029000B923000CB923000CB923000CB923000CBE
:1002A000B923000CB923000CB923000CB923000CAE
:0802B000B923000CB923000C76
:020000040C00EE
:1000000053B94AB9002908BF00281CBF4FF0FF317F
:100010004FF0FF3000F00CB8ADF1080C6DE904CEE4
:1000200000F01AF8DDF804E0DDE9022304B07047BF
:10003000704700BF10F8012B11F8013B012A28BFBF
:100040009A42F7D0D01A7047034613F8012B002AC2
:10005000FBD1181A013870472DE9F0478C468E46BF
:10006000089E154604461946002B40F0D080724584
:1000700047D9B2FA82F74FB1C7F120030EFA07FC55
:10008000BD40BC4020FA03F343EA0C0C4FEA154E86
:10009000A8B2230CBCFBFEF80EFB18CC08FB00F941
:1000A00043EA0C43994528D9EB1808F1FF3204D2F2
:1000B000994502D9A8F102022B44A3EB0903A4B28B
:1000C000B3FBFEFC0EFB1C330CFB00F044EA0344C4
:1000D000A04214D92C190CF1FF3304D2A04202D94A
:1000E000ACF102032C44241A43EA02401EB1FC4046
:1000F000002334607360BDE8F0874246DDE7634665
:10010000F1E7002A79D0B2FA82F3002B3FD01946EA
:10011000C1F1200302FA01F500FA01F42EFA03F20C
:100120000EFA01FE20FA03F3AFB243EA0E034FEAE0
:10013000154EB2FBFEFC0EFB1C201A0C0CFB07F844
:1001400042EA004290455AD9AA180CF1FF3004D275
:10015000904502D9ACF102002A44A2EB08029BB2FE
:10016000B2FBFEFC0EFB1C220CFB07F743EA02432A
:100170009F4246D9EB180CF1FF3204D29F4202D9BC
:10018000ACF102022B44DB1B42EA004202E0AEEB80
:10019000020301224FEA154EAFB2200CB3FBFEFC66
:1001A0000EFB1C330CFB07F840EA034398452AD9A1
:1001B000EB180CF1FF3004D2984502D9ACF10200E3
:1001C0002B44A3EB0803A4B2B3FBFEFC0EFB1C33D1
:1001D0000CFB07F744EA0344A74216D92C190CF18B
:1001E000FF3304D2A74202D9ACF102032C44E41B32
:1001F00043EA00400F46114678E71F2188E7604632
:10020000ABE76246BFE76046DBE76346EFE773456F
:1002100006D916B9002108466DE7C6E9000EF9E7D0
:10022000B3FA83F787B9734501D3824207D8841A9A
:100230006EEB030301209C461EB900215BE73846A4
:10024000FAE7C6E9004CF8E7C7F1200CBB4000FA1A
:1002500007F422FA0CF520FA0CF1BA401D432EFAED
:100260000CF30EFA07FE4FEA154941EA0E011FFA98
:1002700085FEB3FBF9F809FB18300B0C08FB0EFAEE
:1002800043EA00439A4540D9EB1808F1FF3004D205
:100290009A4502D9A8F102002B44A3EB0A0389B2C4
:1002A000B3FBF9F809FB183308FB0EFE41EA0341E2
:1002B0008E452CD9691808F1FF3304D28E4502D936
:1002C000A8F10203294443EA0040A1EB0E01A0FB80
:1002D00002984145CE46434602D306D14C4504D24E
:1002E0000138B9EB020E68EB0503002EA5D0B4EB84
:1002F0000E0261EB030101FA0CFC22FA07F3F9404C
:100300004CEA0303C6E9003197E74046C5E7434698
:10031000D9E7000037B505463749384809F09BFE54
:10032000034638B1364A0121364809F07BFC0020EB
:1003300003B030BD3449314809F08DFE034608B1A1
:10034000324AF0E732492D4809F085FE034608B1EC
:10035000304AE8E73049294809F07DFE034608B1F4
:100360002E4AE0E7254809F0D5FD012804461BD1B7
:1003700001462B4A214803F0C5FD28B1294A012135
:10038000204809F046FCD2E722462146264B1B486E
:1003900003F028FF08B1254AF1E70223EF222146A6
:1003A0001648009409F0BDFD0021214A134803F0CE
:1003B000A9FD014608B11F4AE1E701221A4B0F4887
:1003C00003F010FF01460028E5D101240223EF22AB
:1003D0000A48009409F0A5FD2146084809F0C5FD2A
:1003E0000DB90648A4E7294604480AF0EAF80028AF
:1003F000F7D0114AC3E700BF70010020E0040020DD
:100400004EDF000CC8DC000C580100207CDF000C23
:1004100040010020AEDF000C28010020DBDF000CD3
:10042000D000002003E0000CE0DC000C2AE0000C0F
:10043000E400002049E0000C70E0000C08B5FFF774
:1004400069FF40B1064802F021FB30B10121054AA5
:10045000054809F0DEFB002008BD0148FCE700BFAD
:10046000E004002094E0000CC8DC000CF0B583B080
:100470000B7800AF0B2B98BF304A6E4688B094BF04
:1004800052F823302E4B05460C466A462D49CDE9DD
:1004900005134FF40073ADF81C302B4B42F8103F9E
:1004A0002A4800234FF4E65101F060F82846B5468B
:1004B00009F070FDB0B1237843B9284602F01EFB65
:1004C00020B10121224A214808F030FD2678012E72
:1004D00008D1284602F066FB20B11E4A31461B486F
:1004E00008F024FD2378092B0DD1002360687B6080
:1004F00083681B6D13B104213A1D98477B6813B1C3
:10050000154807F099F92378082B0DD160688368A6
:100510001B6D63B101213A1D9847034650B102217A
:100520000E4A0A4809F07EFB0C37BD46F0BD6FF05D
:100530005703F4E77B680321094AF2E7E8DC000C83
:10054000DFE0000CE1E0000C03000001F8DB000C30
:10055000F2E0000C12E1000C7804002033E1000C02
:1005600057E1000C2DE9F0410446454F454E90B04F
:10057000A3685B6C002B77D1A3681B6C002B7AD12E
:100580003B78002B30D1A3685B6B4BBBB289B3883F
:100590009B1A32699BB2D21A3F2A36D94022A368ED
:1005A0009B69002B3BD10121374A384808F0BEFC3B
:1005B00000252A466946304609F042FAA84280469C
:1005C00005DA01212B1A324A304809F02BFBB8F129
:1005D000000F09D0A368DB6933B12046984703E0D8
:1005E000204698470028D1D1A3685B6AEBB9402226
:1005F0006946304609F044FA0546D8B9A3681B6A33
:10060000002BB5D020469847B2E7002AC7D1A3688F
:10061000DB6A0BB12046984701233B70A8E7694687
:1006200020469847051EC4DABDE7204698470028B3
:100630009ED0DCE73B7823B1204608F072FC002313
:100640003B70A3685B6963B12A46694620469847B8
:1006500085428DDD01212B1A0E4A0C4809F0E2FA81
:1006600086E76FF05700F3E720469847002883D1CC
:1006700010B0BDE8F08120469847002880D1F7E708
:10068000B41600206C0F002063E1000CF8DB000CB6
:100690007CE1000C8AE1000C10B53A480CF0B1F98D
:1006A00030B9394A0121394808F040FC002010BD1A
:1006B0003748FFF7C3FE374C206030B9364A012176
:1006C000324808F033FC354AECE709F063FC28B9FE
:1006D000206802F013FA08B1314AF0E70321314AE9
:1006E0002A4808F023FC304B304A1A600022C3E944
:1006F0000122DA604FF480621A6103212C4A2348F8
:1007000008F014FC4FF0FF324FF0FF33294807F098
:10071000C7F80321284A1D4808F008FC194CA368B3
:10072000DB6C13B96FF0570305E001220821204666
:100730009847034620B10221204A144809F072FA72
:10074000A368DB6CDBB1012210210E4898470346F9
:1007500020B102211A4A0D4809F064FA4FF47A7068
:1007600000210CF0C6FCA3682BB19B6C1BB10022CE
:10077000144904489847034808F0D3FB96E76FF004
:100780005703E6E7E8D5000C98E1000CF8DB000C15
:100790006D04000C680F0020B1E1000C01E2000CB8
:1007A000F2E0000CD1E1000C6C0F0020B516002027
:1007B000ECE1000C78040020F9E1000C25E2000CCB
:1007C00044E2000C6505000C2DE9F843884600AFB3
:1007D00000297DD005680122284608F0EFFB01467C
:1007E0000446284608F0A4FB10EA020616D1E946A2
:1007F00088B06A46384BCDE90538032342F8103FEC
:100800004FF4C2513346354800F0B0FECD4686F372
:100810001188BFF36F8F0423184602DF2146284654
:1008200008F09CFB261831460022284608F080FB81
:10083000361AB44218D06E4688B06946284BCDE9C6
:100840000538032341F8103F244813460A464FF465
:10085000C25100F08BFE0023B54683F31188BFF32D
:100860006F8F0423184602DF00222146284608F035
:100870007BFB214608F072FB2618012231462846F0
:1008800008F056FBC20708D43146284608F0D8FBCA
:1008900032462146284608F04AFC002221462846D6
:1008A00008F046FB261A01223146284608F040FB94
:1008B000C30709D43146284608F0C2FB2246314618
:1008C000284608F034FC34462146284608F04DFC02
:1008D000BD46BDE8F88300BF8EE3000C50DC000C81
:1008E00065E3000C2DE9F04F91B0009302F0040392
:1008F0000293C2F3C2030133840705460E46DDF8B6
:1009000068A00392059340F09C81041D002849D102
:1009100001F00706341DC6F10806009B00274FF0C2
:1009200004085A1E4FF0FF33B9460193BB464346B5
:1009300004970DB1009921600598002800F3D68036
:100940008F480099814203D38E488142C0F0CE8007
:100950000399601B11F0020C40F0D680B9F10F0F23
:1009600000F2CF80002D00F0D68009F140010DEBA0
:10097000010E0199C0F387000EF8200C0EF8101C30
:10098000BCF1000F00F0C38060F07F000EF8200C77
:10099000013709F10109C5F108014FF6DA7E043487
:1009A00006918CE00729B8D86FF01B0011B0BDE8A4
:1009B000F08F7A285BD84B280FD8472857D829289A
:1009C0002ED8252850D052D8202818BF23280CBF55
:1009D0004FF0010B4FF0000B71E04C382E2846D839
:1009E000DFE800F06D4545454545454545454545EC
:1009F000484545454545454545564548485656565A
:100A00006D486A456D4518481845457F7C48454501
:100A100048457C0000204FF0000B4FF0040835E003
:100A200001212A38C0B201FA00F010EA0E0F46D1B7
:100A300010F0625C2CD110EA010B40D06046013C02
:100A40004444B4FBF8F408FB04F425B1A3EB050C13
:100A5000A444B445A8D8002870D00599013905915F
:100A60005AF8041B009164E70199013901914FF094
:100A7000000B24E012F8010C6C2834D1002012F88D
:100A8000023C83466C2BC8D14FF008084346D6E79A
:100A90000AF1070A2AF0070A073424F00704FAE8E3
:100AA00002BC35B106982044B0423FF67DAFC4E9A0
:100AB00000BC4FF0000B08344FF00808434612F812
:100AC000010F002853D0BBF1000F7FF472AF25282F
:100AD000F5D14FF0010B019B013301934FF0040856
:100AE000ECE7584697E700208346A8E70399880774
:100AF0007FF551AF4FF0010C601BB0F5007FFFF4A4
:100B00002DAF6FF0150051E74FF0000CF5E704989A
:100B1000013004903DE7BCF1000F01D0013638E709
:100B20000298023600287FF434AF0098CDE90632EF
:100B3000FFF78AFADDE9063206442AE7042B08D1DA
:100B40000AF1040015B1DAF800102160824604347D
:100B5000B5E70AF1070323F0070303F1080A1DB103
:100B6000D3E90001C4E9000108230834A7E7631BA7
:100B7000B3F5806FC5D23DB9A6F10804E01815E7BA
:100B800048D5000C8CFD000C029A9B0828602B7045
:100B90009DF81030AAB1EB70AF702FB1002208A8F9
:100BA000C5F1010C91450ED14FF0000AC5F10103CA
:100BB0000DF1200801930DF1300BD14512D1601BCE
:100BC000F4E66B70E8E710F8013B190608D50CEB6A
:100BD000040EB64503F07F033FF6E6AE04F8013B92
:100BE0000132DFE71FB198F90020002A17DB029BD2
:100BF000D3B11AF80B2004F8012B0022019B18191D
:100C00001044B0423FF6D0AE98F80000009904F8C6
:100C1000010B204603920CF013FC039A14440AF1D2
:100C2000010A08F10108C8E798F8002055F82230B9
:100C30000093029B009845F82230FFF705FA421C0A
:100C4000DCE76FF00D00B1E62DE9F04F97B000AF93
:100C500005468A46C7E90A3249B90378467880785A
:100C600000EB83002844564524D8A0EB050AD7F8AA
:100C7000803095F8028003F00103D7F88040FB61D3
:100C8000EB78B8F1000F0CBF002404F001047B6284
:100C90001BB1D7F880309A0715D4A4B9FB6A1BB1F1
:100CA00051462846BA6A9847564630465C37BD4694
:100CB000BDE8F08F441C2046FFF7C6F90130204400
:100CC0000AF1010ACFE7D7F88030C3F3C0033B62D3
:100CD0002B78BB619B003B616B687B61BB6905EB5B
:100CE000830BFB6A002B77D15646D844BCB11C4617
:100CF0001BF8013B55F82300FFF7A6F9D7F884301D
:100D0000013043B1D7F88830A34282BFD7F884308E
:100D100023F814000134C3450644E9D1D846D7F876
:100D200080304FF0000913F0050F0CBF4FF0020B9D
:100D30004FF0010B7B6A9945B7D298F8013008F162
:100D4000020855F823A0AE4B9A45C0F04C81AD4B3C
:100D50003A6A9A452CBF002301230AB318F8021CF3
:100D60007869FB6208F085FBFB6AC8B1EA468AB085
:100D70006A46A54B05937B69CDE906314FF40073B4
:100D8000ADF82030A14B42F8103F00234FF4125130
:100D90009F4800F0EBFBD546023E09F10109C9E787
:100DA00023B1FB6933B9A6EB0B06F6E7D7F8803021
:100DB0009B07F2D55046FFF747F9D7F884304BB17F
:100DC000D7F888309C423FBFD7F88420431C22F8D4
:100DD000143001340644E0E7002C6AD1B8F1000F6A
:100DE0006DD0D7F8803058076CD5C14607F1480060
:100DF000424659460CF024FB00220BEB0803FB6033
:100E00000233796A8A425FD3D7F8802095F801B01F
:100E1000F969920704EB0B0348BF0022DBB258BF0D
:100E20004FEA5902002940F0A680D7F8801011F04F
:100E3000040F14BF494600216B70A970EA70284660
:100E4000BA6A3969FB6A9847061EFFF62EAFBB697E
:100E500049462B707B6ABA6AEB7085F801B0FB6A71
:100E600085F8028007F148009847B0F10009C0F208
:100E7000B6803B697A6A786A03EB4201FB684144B9
:100E800003EB4000BA6AFB6AAAEB0101984700280D
:100E9000C0F2A7804FF0000BB14409EB000607F148
:100EA000380AA34569D30021BA6A0846FB6A984705
:100EB000FBE644464FF0000907F1380098E7444646
:100EC000C14699E7A14697E713F8016CDFF830C1F6
:100ED00055F8260013F8021C6045C0F08A80DFF840
:100EE00024C16045386A2CBF4FF0000B4FF0010B56
:100EF00038B17869C7E9013208F0BBFAD7E90132A5
:100F0000F0B9BBF1000F1ED0F96949B1611C04F1C1
:100F1000280007F13004041904F8206CCCB20FE06B
:100F2000D7F8801049070BD509F1280007F1300CDC
:100F300009F1010100EB0C0909F8106C5FFA81F965
:100F4000013202335DE7D7F880008007DED409F173
:100F5000280C07F1300EF44409F101000CF8101CC4
:100F600007F1580109F1020951FA80F05FFA89F995
:100F700000F8106CE4E700215EE71BF80A3055F832
:100F8000239087F83730D7F884302BB3D7F88830E0
:100F90009B4521D2D7F8843033F81B800121BA6AEF
:100FA000FB6A07F13700984700281ADB0644B8F1BE
:100FB000000F06D14846FFF747F800F101081FFA75
:100FC00088F841464846BA6AFB6A9847002808DB19
:100FD00006440BF1010B64E74FF00008DEE74E46D4
:100FE00063E6064661E63B6A002B3FF4DFAE002372
:100FF000B4E6386A0028A6D04FF0000B79E700BFAE
:1010000048D5000C8CFD000CBBE3000C0400000173
:10101000F0DB000C014B1860704700BF8801002016
:1010200080B505460E461746984607F0E5F9034693
:1010300001F0D4F90446DFF81890424649F8003030
:1010400039463046A84754F8090001F069F900BF55
:10105000080000002DE9F047044607464FF001095B
:10106000DFF84C8094FAA4F5B5FA85F509FA05F392
:101070002E0108EB05156FEA030A24EA03042B7B13
:1010800063B158F806301B696BB946447368042293
:101090002846196807EA0A0708F04BFD002CE1D141
:1010A0003846BDE8F087284698470028F6D1ECE797
:1010B000D0DC000C10B5002288B00E490E480CF0B0
:1010C0003AF9002200230024CDE906230E234FF431
:1010D0004072CDE90334CDE90144084B084900943E
:1010E000084806F073FE084906480BF01DFF20462D
:1010F00008B010BD0D11000C200A00201514000CC2
:10110000C01A0020900500207AE4000C014806F087
:1011100093BB00BF880400202DE9F047804620489B
:101120000F4608F0E2FC0646002832D0002528468B
:10113000BDE8F087237B83B12368DB680BB12046D1
:101140009847636883F8069023681B69CBB9636886
:1011500004222046196808F0ECFC0136103454458E
:10116000E8D3B8F1000FE2D0002DDFD02846FFF71A
:1011700071FF0546002FF7D0002164200BF0B9FF66
:10118000F2E7204698470028E1D009FA06F31D430C
:10119000E3E705464FF00109024CDFF80CA0DEE75B
:1011A000900F0020D0DC000CE0DC000C014B53F869
:1011B000200070472CDD000C08B5034608462BB113
:1011C000044A136000F032FC002008BD6FF01500E7
:1011D000FBE700BF8C01002010B5044C237813B945
:1011E000034806F029FB0123237010BDB51A002027
:1011F0008804002010B50446094808F076FC3CB18C
:10120000084BD3E8EF1F0139C3E8E21F002AF8D1E9
:10121000054807F079FBBDE81040044806F00CBB18
:10122000880F00208C0F0020200A00208804002056
:101230000022044BD3E8EF0FC3E8E12F0029F9D1D6
:10124000704700BF880F002070B5FFF7F1FF05461B
:10125000074C084EB44200D370BD63685B792BB174
:1012600023685B6813B12946204698471034F1E79C
:10127000D0DC000CE0DC000C10B5044C0449204626
:1012800008F024FA034B1C6010BD00BFE4030020EB
:1012900018DD000C800F002000230D4A10B51370DC
:1012A0000C4A4FF47A7113600B4A0C481360FFF735
:1012B00083FFFFF7E1FF0A4B0A4918468B4200D330
:1012C00010BD1A1A5C681211013222711033F5E751
:1012D000B61A0020880F00208C0F0020FD9A000C09
:1012E000D0DC000CE0DC000C0146002200230148A9
:1012F00008F00DBAE4030020014808F0A4BA00BFCA
:10130000E4030020024B0146186808F0F7BA00BF5A
:10131000800F0020014808F02CBB00BFE403002030
:1013200070B5254B1B78002B43D0FFF7E5FF044633
:1013300000283BD1214B224D1B68002B12DD0BF006
:10134000B2FF0A220023FEF75BFED5E90032C01A85
:1013500040F2E93361EB0201984271F1000101D3DF
:10136000FFF772FFD5E9003213F57A7342F10002FC
:10137000C5E90032ECB1BDE87040FFF7CBBF6B6848
:101380005B7923B12B68214628461B6898471035A6
:10139000B542F4D32046FFF7B5FF0A4BD3E8EF1F61
:1013A0000139C3E8E21F002AC4D0F7E7064D074E13
:1013B000EEE7002070BD00BFB51A0020880F0020A6
:1013C000180A00208C0F0020D0DC000CE0DC000CA0
:1013D00070B50D4D297861B90120FFF79DFE0B4CCA
:1013E0000B4EB44206D3FFF79BFF0028FBD101232D
:1013F0002B7070BD63685B791BB1236820469B68C6
:1014000098471034EDE700BFB61A0020D0DC000C7E
:10141000E0DC000C00212DE9F8430846FFF77CFED4
:10142000044648B34FF4FA784FF0000900F0D6FFB5
:101430001A4B1B4A1B58136033B11A4B1B68092BFC
:1014400002DD194806F0F8F90025184F44B120468E
:10145000FFF700FE044618B94FF0FF384FF0FF3990
:10146000FFF75EFF064628B9B5B90F4842464B461E
:1014700006F016FA3546E9E74FF0FF384FF0FF392E
:10148000D4E72B689B691BB1002228461146984778
:101490001035BD42F5D3E8E7054DFAE70800000036
:1014A000840F00208C0F002088040020E0DC000C5A
:1014B000D0DC000C13B5184808F017FB174B1B784D
:1014C00073B1EFF31184202383F31288BFF36F8F7E
:1014D000FFF726FF84F31188BFF36F8F02B010BDB2
:1014E0000F4B1B68002BF9D050B9002200230D4888
:1014F000CDE9002342F21072002307F0CDF9EDE7A9
:101500000928EBD1074807F0FFF9074802B0BDE80A
:10151000104006F091B900BF8C0F0020B61A0020D1
:10152000840F0020200A00208804002010B5064BFC
:1015300004461B6898472146A060044808F064F9F7
:10154000BDE81040FFF7B6BF8C010020E403002087
:10155000044A054B9B1AB1EBD30F34BF52F831004C
:1015600000207047F0DB000CD0DC000C2DE9F04FC0
:101570008FB0C1F34A2604AF0D469046B8607B6039
:101580000C0D002E61D04FF000090A234FF0040B20
:1015900007F1140AFE60C7E90799C7F82490009381
:1015A000CDF808B0CDF804A007F11C034A46404628
:1015B000F968FFF749FBB0F5006F03461CD36C4692
:1015C0008AB0D8F8041004AB24481A46C3E90501D0
:1015D00040F2FF71D9614FF400711984204B42F839
:1015E000103F4FF412514B461E48FFF7BFFFA54670
:1015F0002C37BD46BDE8F08FC0F30A0604F1170092
:10160000184420F0070080083B60FFF76DFE66F38A
:101610005325044680B13B6800F11001C7E9083941
:101620000A23F961CDE901AB009340460E4AF968FF
:1016300007F11C03FFF708FB66F353252A462046F3
:101640007B68B96808F095FAD2E704F1170020F03A
:1016500007008008FFF748FE0446EDE78FE4000C22
:101660000400000118DC000C459B000C2DE9F04F34
:1016700087B00546DDE9106BDDE9127A884614462D
:101680009946BFB110213B465A460020CDF800A034
:10169000CDF814A0FFF726F9B0F5006F01460BD383
:1016A00040F2FF730221184A184807B0BDE8F04F16
:1016B00008F0B8BA3946384604F0070305F00704C5
:1016C000E40044EA831444EA402444EA065406F160
:1016D0001700084420F0070080080391FFF704FE7C
:1016E000054640B13FB13B465A460399CDF800A0AC
:1016F0001030FFF7F7F84B4622464146284607B020
:10170000BDE8F04F08F035BACEE4000C18DC000C50
:10171000406820B1034BC01A40F3CF0070474FF030
:10172000FF307047F0DB000C0EB403B503AB53F889
:10173000042B01460448019301F084F802B05DF8DF
:1017400004EB03B0704700BF879C000CCA0605D4A9
:101750008B064CBF02490349FFF7E6BF704700BF45
:1017600007E5000C06E5000C2DE9F04F89B098461E
:101770009DF85090159B044606930D46DDE916A38F
:10178000189F05920493B9F1000F00F0B08007F4A0
:101790008073079308F0CBF907F0020B024600288C
:1017A00074D020467749FFF7BFFF0646BBF1000F14
:1017B00008D017F0440F6BD12A4620467249FFF734
:1017C000B3FF064407F0010353B1704B204653F8B2
:1017D00029206F4B6F49002A08BF1A46FFF7A4FF64
:1017E00007F48073002B07F0080318BF4FF00008C0
:1017F000002B79D0684B204653F829206749FFF722
:1018000093FF0546059B2BB11A4620466449FFF716
:101810008BFF0544B8F1000F05D0424620466149D0
:10182000FFF782FF054460483544069B1BB1224602
:101830005E4907F0EDFD049B002B00F08E80DDF883
:1018400010803946B8F1100F204628BF4FF010081D
:101850000026FFF77BFFB54250DC002633462046CA
:101860001AF803205249FFF75FFF0136102E4BD0C4
:10187000710703D120464F49FFF756FF46453346CF
:10188000EDD320464C49FFF74FFFEEE706468DE7C4
:101890004A4B1868002894D0494B4FF47A7B1B6858
:1018A0004FF03C0CB5FBF3F5B5FBF0F14FF4616381
:1018B00000FB11550BFB05F5B1FBF3F2B5FBF0FE98
:1018C00003FB121100FB1E55B1FBFCF30BFB05F5EE
:1018D000B5FBF0F50CFB131120460091CDE901E5B5
:1018E0003849FFF721FF6CE707F008058AE7B8F1F0
:1018F000010F4D460CBF2C48334896E720462D4932
:10190000FFF712FF0136A6E7002620462F49FFF712
:101910000BFF33461AF803202046A2F120035F2B69
:1019200028BF2E222A49FFF7FFFE0136102E0DD0C8
:10193000720703D120461F49FFF7F6FEB045334634
:10194000E8D820461B49FFF7EFFEEEE7049BC244B0
:10195000B3EB080304937FF472AFB9F1000F0AD020
:10196000FB0704D520460A4A0A49FFF7DDFE39463F
:101970002046FFF7EBFE204609B0BDE8F04F08F027
:1019800075B900BF0EE5000C12E5000C3CDD000C43
:1019900009E5000CEFE0000C50DD000C37E5000C11
:1019A0003DE5000C41E5000C879C000C4528000C2F
:1019B00046E5000C4EE5000C4CE5000C980F0020AD
:1019C000940F00201BE5000CB59C000C50E5000CAA
:1019D00052E5000C42F20F7373B58B4228BF0B46E1
:1019E00005680446052168460D4A07F02DF80646AD
:1019F000636828460B225B680A4908F029F9636886
:101A00003246694628465B6808F022F963681B2263
:101A100028465B68044908F01BF902B070BD00BF9E
:101A2000B6EC000CBAFB000C9EFB000C002101235D
:101A3000064A904206D8064A01B901231360054BB5
:101A400018607047012140085B00F2E740420F0038
:101A5000940F0020980F0020F8B50D460446064F5D
:101A60004618B44201D12846F8BD14F8011BBB68E2
:101A700001485B689847F4E704D6000C014B03600B
:101A80000020704798DD000C08B50348034A002188
:101A9000121A08F08CF908BD90050020BC1A00202D
:101AA000074808B5074A0849121A08F082F9BDE844
:101AB00008400648064A0749121A08F07AB900BFDA
:101AC000000000208C0500208CFD000C0000002090
:101AD000000000208CFD000C2DE9F04706460C4666
:101AE00000AF002936D0D1E90012E9468AB06D4630
:101AF000A3684FF0050AE8461F48CDE90723CDE962
:101B0000050148F810AF002342464FF421511B480D
:101B1000FFF72CFDD4E90312CD466369AD461848A2
:101B2000C5E90723C5E90501C5F810A00023424611
:101B30004FF421511148FFF719FDCD46E36901210A
:101B4000104A0E4808F06EF8A36901210E4A0B48AE
:101B500008F068F8012E07D1EFF305830B4A3146F0
:101B60000648103B08F05EF82146304605F0B4FA0E
:101B7000BD46BDE8F08700BF8FE5000C48DC000CD7
:101B8000BEE5000CEDE5000CFCE5000C2AE6000CBF
:101B900030BFFFF7FDBF00BF2DE9F04105460B4EFA
:101BA000DFF82C80324606EB0807CC1B204609499B
:101BB0000BF046FCA01942460021083C0BF04DFCFE
:101BC000AC6707F10800BDE8F08100BF000000002D
:101BD00008000000E0DC000C10B5244C2449254826
:101BE00008F0F4F8A36A99013ED52248224908F08A
:101BF000EDF81E20A36ADA0104D51E481F4908F03B
:101C0000E5F81F20194CA36ADB0204D519481C49CA
:101C100008F0DCF82020A36A1C0304D515481949F4
:101C200008F0D4F82120114CA36A590304D51148B7
:101C3000154908F0CBF82220A36A9A0304D50D4871
:101C4000124908F0C3F82320084CA36ADB0304D52B
:101C500008480F4908F0BAF82420A36A6FEA034342
:101C60006FEA1343A36210BD1D20C3E700ED00E03F
:101C70003DE6000C48DC000C55E6000C68E6000C64
:101C800082E6000CACE6000CCAE6000CEFE6000CA5
:101C900009E7000C70B506460D46294C29492A482B
:101CA00008F094F8A36ADB0647D52748274908F0CF
:101CB0008DF81120A36A1C0704D52348244908F095
:101CC00085F812201E4CA36A990712D521491E4897
:101CD00008F07CF8636BA26A120609D501211E4A3E
:101CE000194807F09FFF1EB1A36A23F08003A36287
:101CF0001320134CA36ADE0704D51348174908F0D4
:101D000065F81420A36A9C0604D50F48144908F00E
:101D10005DF815200A4B9A6AD10658BF9A6A9A6AEA
:101D2000920642BF5A6A22F400525A629A6A42F0FC
:101D3000FF029A6200232B7070BD1020BAE700BF2B
:101D400000ED00E034E7000C48DC000C4AE7000C32
:101D50007DE7000C90E7000CA8E7000CBEE7000C44
:101D6000DDE7000C70B506460D46284C2849294889
:101D700008F02CF8A36AD9043CD52648264908F077
:101D800025F81720A36A1A0504D52248234908F02C
:101D90001DF818201D4CA36A9B0512D51D4820492B
:101DA00008F014F8A36BA26A100409D501211D4A9A
:101DB000184807F037FF1EB1A36A23F40043A3625B
:101DC0001920124CA36A590504D51248164907F088
:101DD000FDFF1A20A36ADA050ED50E48134907F055
:101DE000F5FF1B20094A936A43F47F439362002363
:101DF0002B7070BD1620C5E7A36A9B04F2D5054879
:101E00000B4907F0E3FF1C20ECE700BF00ED00E00A
:101E10000CE8000C48DC000C22E8000C7DE7000C0C
:101E200033E8000C4CE8000C61E8000C7CE8000C86
:101E3000DDE7000C10B52F4C2F48304907F0C6FFE6
:101E4000D4F8E830D4F8E420500604D501212C4A17
:101E5000294807F0E7FED4F8E430D9070CD5264826
:101E6000284907F0B3FF2620224AD2F8E43043F095
:101E7000FF03C2F8E43010BDD4F8E4309A0705D56A
:101E80001D48214907F0A2FF2720EDE7D4F8E430F0
:101E90005B0705D518481D4907F098FF2820E3E7A0
:101EA000D4F8E430180705D51348194907F08EFF18
:101EB0002920D9E7D4F8E430D90605D50E481549CC
:101EC00007F084FF2A20CFE7D4F8E4309A0605D53E
:101ED0000948114907F07AFF2B20C5E7D4F8E43010
:101EE0001B0605D504480D4907F070FF2C20BBE701
:101EF0002520B9E700ED00E048DC000C94E8000C78
:101F0000ADE8000CBDE8000CD3E8000CF1E8000CD3
:101F10000CE9000C29E9000C3EE9000C58E9000C22
:101F20002DE9F0418AB0774B00AFD3F8048000234D
:101F3000C8F3080683F31188BFF36F8F02F07F4464
:101F4000B4F17F4F31D112F001052FD012F04005CE
:101F500002F0080403D02CBB0446012512E053070D
:101F600058BF0146684A0B6858BF01251A44012A28
:101F700098BF0B6C0121654A654807F053FE74B1A8
:101F8000EFF389840023FB71F31E092B00F2998083
:101F9000DFE803F00E8F92848B9797979795EFF376
:101FA0008884EFE70C461D46ECE71D462C46E9E722
:101FB0005849574807F00AFF0023524EFB71F36A55
:101FC0009A0705D55449524807F000FF00232DE039
:101FD000F36A002B01DA5149F5E7F36A5B00F5D5A6
:101FE0004F494B4807F0F2FE7369A26943F48073CE
:101FF0007361BFF34F8FBFF36F8F32F8023C72698A
:1020000022F480727261BFF34F8FBFF36F8F03F4BE
:102010007F42B2F55F4F2BD1DBB2022B28D1236870
:102020000121404A3A4807F0FDFD2368FA79DAB900
:1020300007F1080604F1200C324620686168083474
:1020400003C264451646F7D17A6A002D56D0C2F312
:10205000080121B96FEA52226FEA42227A621846D9
:1020600007F10801FFF738FD2837BD46BDE8F081CC
:10207000244B9A6AD2B222B10120F91DFFF70AFE61
:1020800015E09A6A12F47F4F04D00120F91DFFF782
:1020900069FE0CE09A6AB2F5803F02D3FFF79CFD1F
:1020A00005E0D3F8E430002B90D0FFF7C3FE0346E1
:1020B000BCE70020F91DE1E70020F91DE7E71A4918
:1020C00081E71A4A18F4F87FE8468AB0184B08BF2F
:1020D00013466A461749103ECDE905134FF40073C5
:1020E000ADF82030144B079642F8103F00234FF410
:1020F00011510748FFF73AFAC54667E76FF3080240
:10210000ACE700BF00ED00E0A6ED050199E9000C89
:1021100048DC000CB8E9000CCFE9000CF0E9000C39
:10212000FEE9000C1DEA000C39EA000C6BE9000C1A
:1021300080E9000C5DEA000C04000001044B5A69C0
:1021400042F010025A615A6922F008025A6170473F
:1021500000ED00E0EFF30880EFF3098101B572466E
:10216000FFF7DEFE01BD00BF0A4880F3088820208B
:1021700080F3118808484FF40061401880F3098803
:10218000EFF314800221084380F31488BFF36F8FAC
:1021900000F05CF800330020C02500201EF0040F82
:1021A0000CBFEFF30880EFF30980816911F8021C7E
:1021B0000229FFD001B5724607F0FDFD01BD00BF49
:1021C00000B2002807DB01234109034A00F01F0089
:1021D000834042F82130704700E100E000B200285F
:1021E0000CDB01220649430900F01F008240203326
:1021F00041F82320BFF34F8FBFF36F8F704700BFAD
:1022000000E100E000B2002801F10101ACBF00F1E3
:102210006040064B4FEA4111C9B2ABBF00F56140C7
:1022200000F00F0080F800131954704714ED00E01F
:10223000044B054A23F07F039360BFF34F8FBFF336
:102240006F8F70470000000800ED00E008B5FFF751
:10225000EFFF0B4AD2F8883023F47003C2F88830BD
:10226000EFF3148323F0040383F31488BFF36F8F19
:10227000FFF70AFCFFF714FC00F092F805F04EF8A7
:1022800000ED00E042F8203C009B0B4942F81C3C6A
:10229000019B21F0010142F8183C029B42F8081C06
:1022A00042F8143C4FF0807342F8043C0023203A7B
:1022B0000265C367704700BF2110000C00B50B4BCF
:1022C00015469860826F0A4B0E461A602C4686F3BC
:1022D00009880020034B9847204600210022002354
:1022E000014C2047E39D000C2110000C80160020BB
:1022F000C00F00201022014B1A61704700ED00E072
:10230000054B5A699B689A421FBF044A536843F0C1
:1023100080535360704700BF8016002000ED00E03E
:10232000084B9B6883420BD1EFF3058343B1064B07
:102330005A6842F080525A605A6A22F400425A6245
:102340000AF0F7BD8016002000ED00E011498A6810
:102350004FF030001044EFF3098C80E8F01F20208C
:1023600080F31288BFF36F8F0B4F4FF000664A69FE
:102370008A603E60906F094C2060D06F0023D36765
:1023800080F3118802F1300090E8F01F8CF3098887
:10239000704700008016002004ED00E0C00F002010
:1023A000002320210348C21801339E2B82F800131A
:1023B000F9D1704700E100E008B5EFF30583064A64
:1023C000103B02EBC30152F8330049688847BDE86F
:1023D0000840FFF795BF00BF3CD6000C01480068DD
:1023E00070470000C00F00201FB50121094B0A4AA9
:1023F0000A4800F00FF90023064A0393084B012115
:10240000019301A8D31A029300F00EF905B05DF80C
:1024100004FB00BF000008200000002098DD000C35
:10242000900500200A7A0B6810B562F304031C467D
:10243000CB68520923F01F0343EA4203044A43F0E6
:102440000103C2F89800C2F89C40C2F8A03010BD49
:1024500000ED00E010B50A4BD3F89030C3F307232A
:10246000013B984208D901210346064A064807F075
:10247000D9FB6FF0150010BDFFF7D4FFFBE700BFDD
:1024800000ED00E074EA000C30DC000C2DE9F04FA8
:102490008946144606464FF000084F4D85B0C845A2
:1024A00027DAD6F804A0BAF1000F44D0BAF11F0F12
:1024B00017D91AF01F0F14D1D6F800B01BF01F0F58
:1024C0000FD1584607F0A1FC07460AEB0B00013874
:1024D00007F09BFC874210D06FF015073F4A3B4640
:1024E00001E043463E4A01213E4807F09BFB6FF066
:1024F0001504204605B0BDE8F08F17F1160FEDD09A
:10250000BC42EBDDC5F89870D5F89C10C5F8987002
:10251000D5F8A03021F01F0143F01F0BD6E900329F
:102520001A44994202F1FF3A1AD1D34507D13146F4
:10253000F8B207F073FC08F101080C36AFE731463A
:10254000C5F89870D5F89C30E0B263F30402C5F882
:102550009C2007F063FC10F1160FC8D0441CEAE77A
:10256000C5F89870D5F8A020013B23F01F0302F0B6
:102570001F021343D3453146E0B2C5F8A030E8D07E
:1025800007F04CFC10F1160FB1D0C5F89870D5F8D3
:102590009C209DF808300BF1FF3B62F304038DF89B
:1025A0000830D5F8A0309DF808205B0863F3471287
:1025B0008DF80820D6E900321344009323F01F035E
:1025C0005B44A3EB0A03013023F01F036946C0B24A
:1025D0000393FFF73FFFBEE700ED00E0C0EA000C09
:1025E0009AEA000C30DC000C0522044BC3F894205E
:1025F000BFF34F8FBFF36F8F704700BF00ED00E058
:10260000BFF35F8F0022024BC3F89420704700BFD6
:1026100000ED00E010B5034C2278FFF737FF207083
:1026200010BD00BFB81A00202DE9F74F294D8A468A
:1026300006464FF00008AB46274FD0451BDAD6F8C8
:102640000490B9F1000F3FD031680846019107F0BE
:10265000DCFB0199044609EB0100013807F0D5FBCA
:1026600084424FF014021D4B08D002FB08F36FF0B8
:1026700015024BF8032003B0BDE8F08F14F1160FDC
:102680002C60F8D01978A142F5DD02FB08B0C7F83C
:102690009840C7F89840D7F89C4000F10801007BAB
:1026A00064F304000871D7F8A0000C79400860F3C7
:1026B00047140C71D7F89C1021F01F016960D7F8FE
:1026C000A01021F01F01296108F1010814350C3612
:1026D000B3E700BFC40F002000ED00E0B81A0020EF
:1026E000F0B55349534DD1F890302C68C3F307230C
:1026F0009C4287B000F299800020FFF781FF4E4B8B
:10270000C1F8C030844216D14C4D01A82C70FFF79F
:10271000B5F9002607464A4CB74213D100202B7862
:102720004349D1F89020C2F30722934277DBFFF7A9
:102730005BFF002046E0696801EB0011FFF772FEC5
:102740000130DFE70199300101EB0613DA6822401E
:10275000B2F1807F52D00AD8B2F5001F34D0B2F562
:10276000800F3ED0B2F5801F12D00136D4E7B2F10F
:10277000006F43D0B2F1805FF7D15A689B68095867
:10278000013B22F01F00034423F01F03012032E02D
:102790005A689B680958013B22F01F00034401203E
:1027A000844623F01F0340EA4C10CDE902218DF846
:1027B000100002A928780593FFF74CFE00282ADABA
:1027C0006FF0150007B0F0BD5A689B680958013BCF
:1027D00022F01F0003444FF0020C012023F01F03DE
:1027E000E1E75A689B680958013B22F01F00034447
:1027F000062023F01F034FF0000CD4E75A689B68B3
:102800000958013B22F01F0003444FF0030C012044
:1028100023F01F03C7E72B7801332B70A5E7C1F81E
:102820009830C1F8A00001337BE74FF0FF30C9E7D3
:1028300000ED00E0A4DD000CAAFF4400B81A00205F
:102840000000F0FFF0B587B007460E4614460021A1
:10285000102268461D460AF000FE02238DF8023061
:10286000054B2A4621466846CDE90476019306F0D9
:1028700015F907B0F0BD00BF4F9E000C08B5024B24
:102880001B689847002008BDD80F0020034B044A5E
:102890001860937843F0020393707047D80F0020BC
:1028A0009801002008B50649064821F00701C1F14A
:1028B000005202F5002206F059FD002008BD00BFBD
:1028C00087460020DC0F002070B541690446867AF7
:1028D0000A4D59B1437ADB0706D4242303FB065380
:1028E000DB691B689B6898470023636124202146AD
:1028F00000FB0650BDE870400AF018BA98040020AA
:102900002422024B02FB0030704700BF98040020D5
:102910002421827A054B01FB02331A6A1B7D801A3F
:102920001B3323F00303B0FBF3F07047980400203F
:1029300038B52424827A064B04FB0233DB69D3E9E1
:1029400001240C601568FFF7E3FF04FB005038BD5D
:10295000980400202DE9F04385B00546684690466E
:102960001C4603910AF0A1FCDDE90067EFF3118931
:10297000202383F31288BFF36F8F6B8A002B41D023
:102980002A8A9A4225D900220023284604F022FFF1
:102990000446F0B189F31188BFF36F8F039B002BBE
:1029A00041D032463B4668460AF0A4FC2421A27A74
:1029B000254B204601FB0233DB6903A91B681D6818
:1029C000DDE90023A847606170BB2046FFF77CFF6C
:1029D00024E0698A4B1E6B8289F31188BFF36F8FE5
:1029E0002B7D2A8A2C6A1B3323F00303521A02FB25
:1029F0000344154B154AEB1A9B105343A3722B7DCE
:102A0000E372CBE789F31188BFF36F8F2346424609
:102A1000284604F0DFFE04460028BFD100242046EB
:102A200005B0BDE8F0836361012300252381039B8A
:102A300029466382E27A656004F118000AF00DFD10
:102A400063692582E360EAE798040020398EE33861
:102A500070B524250C4C00B970BD037A4668002B74
:102A6000FAD0013BDBB20372002BF5D1C3604360A7
:102A7000837A05FB03439B6913B198473046EAE725
:102A8000FFF722FFFAE700BF9804002038B504469C
:102A900005F08EFC204607F02FFAA06958B194F893
:102AA0006C30DB0723D409F0ACFF68B90121114A6F
:102AB000114807F0AEF86FF01205201D07F023FA59
:102AC00005F08AFC284638BD204601F029F8054665
:102AD0000028F2D10146242204F128000AF0BDFCAE
:102AE00094F86C3043F0010384F86C30E5E76FF044
:102AF0007705E2E709EB000CA0DC000C70B504469A
:102B000005F056FC204607F0F7F994F86C30DA0728
:102B10003CD5C3F340019B073BD4A06908F0DCFC23
:102B20000646A06908F068FD054658B101211A4A19
:102B30001A4807F06EF8201D07F0E5F905F04CFC87
:102B4000284670BDA36F4BB13146204607F06CFBA1
:102B50000546A0B1A06908F077FDECE7A06908F090
:102B6000F3FCA0670028EFD101210D4A0B4807F0C4
:102B700050F8A06908F068FD6FF00B05DBE794F8EA
:102B80006C3043F0020384F86C30D4E74FF0FF352B
:102B9000D1E76FF07705CEE72CEB000CA0DC000C42
:102BA00048EB000C38B590F86C3004469B0720D5F4
:102BB00007F0A2F90021204601F04CF920B10121D3
:102BC0000D4A0E4807F025F8A06908F03DFD0546BE
:102BD00020B101210A4A094807F01BF894F86C302B
:102BE000201D23F0020384F86C3007F08CF928468E
:102BF00038BD6FF07705FAE764EB000CA0DC000C41
:102C000082EB000C38B580210446806908F0BFFCD7
:102C1000054678B10146204601F0CAFB044638B1AA
:102C200006480121064A06F0F4FF2846FFF710FF88
:102C3000204638BD6FF00B04FAE700BF80DC000CC3
:102C4000B2EB000C38B50446806F07F015F9054665
:102C500007F009F92046294601F0AAFB044638B1DD
:102C600004480121044A06F0D4FF2846FFF7F0FE8D
:102C7000204638BD80DC000CD5EB000C2DE9F04F70
:102C800085B0074688461546994607F03EF9044642
:102C9000B9F1000F10D0384607F03CF9012808D0F0
:102CA000FFF79CFB6FF08502314B1A5005B0BDE871
:102CB000F08FB4FA84F46409013521463846EAB24B
:102CC00007F0CBFA064630B901212B46294A2A489B
:102CD00006F0A8FFE4E74568B9F1000F09D02868BD
:102CE000696801AB03C32A7A01AD1A7007238DF816
:102CF000053008F10C09484607F03FFA2A782946C2
:102D0000824228BF0246484607F0CCF8D6F80CA00D
:102D1000BAF1000F09D1B8F81010FB8D9942C5D94E
:102D20004846C91A07F0D9F8C0E7DAF80400836802
:102D30001B6B13B9DAF800A0EAE721469847002890
:102D4000F8D0051F55F804BFBBF1000FF2D09BF877
:102D50000060002EEED0484607F00FFAB04234BFB4
:102D600082B232465946484607F09CF8EAE700BF6F
:102D70000C000000F4EB000C80DC000C2DE9F041AD
:102D800090F82830044603F01F03012B0F4600F192
:102D900028062FD0022B18D08BB3204694F8291088
:102DA00007F0FFF8024678B3304607F0EEF91D4D04
:102DB000002834D113693BB33A4631462046984740
:102DC0000346FFF70BFB2B5024E0818DC9B201F0C5
:102DD00085F905460028E0D0304607F0D6F90246CE
:102DE00068688368CAB99B6873B13A463146BDE8E2
:102DF000F0411847818DC9B207F093FAE9E790F8DE
:102E0000291007F0A7FAE4E7FFF7E8FA6FF0850268
:102E1000044B1A500020BDE8F081DB68E4E7D3687A
:102E2000C9E700BF0C0000002DE9F04F0B7E0446FF
:102E300033F080080D46164695B00AD00121A74A06
:102E4000A74806F0E6FE6FF00408404615B0BDE85E
:102E5000F08F82B10846FFF7FBFD6B7EDF0704D4DD
:102E60009E07F2D52B7E002BEFD1204615B0BDE892
:102E7000F04FFFF7E7BE4A7E00F12809900705D51D
:102E8000802B09D12846FFF7E3FDDEE7910700F02C
:102E90005584002B40F05284D20734D52B8A082B5E
:102EA0000DD1EA68294613680020A3625368C9F867
:102EB000043006F0E5FF054640B18A4A00E08A4A40
:102EC0000121874806F0A5FE00F010BC484607F037
:102ED0005CF9E28D70B9B2B12946A06908F043FBF4
:102EE0000146002800F06584204615B0BDE8F04F8B
:102EF00001F05EBA3AB11146204607F010FB0546D4
:102F0000002800F05684FFF769FA002394F828801F
:102F1000764F18F0600FC351C8F3411307D0032B4D
:102F200040F0D481FFF75AFA6FF0850338E0484645
:102F300007F02BF994F82930002840F06781013B15
:102F40000A2BEFD801A252F823F000BFF930000C91
:102F5000252F000C8131000C252F000C792F000C3F
:102F6000252F000C252F000C252F000CF52F000C11
:102F7000252F000C6530000C618D7F29D2D8A38DE0
:102F8000002BCFD1E38D002BCCD118F01F0FC9D16E
:102F900094F83030022B05D1FFF720FA4FF0FF33C1
:102FA0003B5083E0A069036993F880301B070DD57F
:102FB000C9B207F020F9804658B1638D01214C4A0F
:102FC000474806F02FFE002D73D13EE7012384F819
:102FD000393094F83030012B0AD1638D43B984F82D
:102FE0003030FFF7FBF93B58002B00F09A805DE092
:102FF0000123F4E7204606F088FF628D0146FF2A90
:1030000090D8E38D002B8DD194F82830D80689D143
:1030100094F83030002BBFD02AB12046D2B207F04E
:1030200042F90028B8D0618D94F838308B42D8D05E
:103030002046C9B200F00EFF638D804630B10121F9
:1030400000902C4A264806F0F7FDBCE7002B14BF81
:1030500002220122052184F8302020461A4607F07A
:10306000C6FABEE708F01F08B8F1010F7FF45AAFA7
:10307000E38D002B7FF456AF628DFF2A3FF652AFEF
:10308000A18DFF293FF64EAF94F83030022B83D14B
:103090002046D2B2C9B207F0C6F910F1020F80463D
:1030A00040F01981FFF79AF947F8008065B14FF0B9
:1030B00000082846FFF7CCFCB8F1000F7FF4C5AE3E
:1030C000FFF78CF93B5863B3484607F05EF80346B8
:1030D000A069002B00F07083802176E31AEC000CCD
:1030E00080DC000C52EC000C3BEC000C0C000000EF
:1030F00074EC000C96EC000CE38D002B7FF412AF07
:1031000094F83030002B3FF447AF012BA18D02D152
:1031100000297FF441AF18F01F080CD0B8F1020F5E
:1031200016D0E38D002B40F0D4822046FFF76AFDD5
:103130000028C9D199E600297FF42EAF638D012BB9
:10314000EFD194F86C3061F3C30384F86C30E8E796
:10315000B4F82AA0BAF1000FE3D15FFA81F8414632
:10316000204607F014FA0346FFF738F93B500133C5
:1031700000F0338352464146204607F00CF830E712
:10318000E38D002B7FF4CEAE628DA38D022A5FFA11
:1031900083FA11D108F01F085AEA08087FF4C2AE7A
:1031A0000122A069190A07F006F800287FF4BAAED8
:1031B000012384F8393014E794F8301000293FF4E3
:1031C000EBAE012902D1002B7FF4E6AE18F01F0808
:1031D00012D0B8F1020FA4D1002AA2D15146204644
:1031E00007F0C1F90346FFF7F9F83B50013300F04F
:1031F000F48201225146BFE7002B7FF4CDAE012AB5
:103200008FD194F86C3043F008039EE70A2B3FF609
:1032100089AE01A252F823F04532000C252F000C94
:10322000252F000C252F000C252F000C252F000C1E
:10323000BF32000C252F000C4B36000C252F000C44
:103240007936000CE38D022B7FF46CAE94F83030AD
:10325000002B3FF4A1AE012BA18D02D100297FF4F8
:103260009BAE18F01F0811D0B8F1020F1CD04FF020
:10327000000805F10C0A504606F07FFFE38D9842E6
:1032800018D2FFF7ABF86FF00B0389E600297FF443
:1032900083AE94F86C304FEA930808F00208C3F349
:1032A000001348EA0308E4E72046C9B207F07EF9B4
:1032B0008046DEE74146504606F005FE91E6628D07
:1032C00018F01F0F4FEA1223D2B209D02946204628
:1032D000FFF754FD8046B8F1000F7FF474AE80E62E
:1032E000013B0E2B3FF61EAE01A151F823F000BFAB
:1032F0002D33000C6933000C7933000C252F000CA2
:10330000252F000CD134000C7533000C252F000C38
:10331000252F000C252F000C252F000C252F000C2D
:10332000252F000C252F000C6535000C05F10C082D
:10333000404606F022FF83462046B4F82EA006F051
:10334000E4FD20B101287FF4EDAD616F00E0216F55
:10335000002900F03E82DA4528BFDA460A78524555
:1033600028BF524640462FE0002329462046FFF75B
:1033700085FC36E60123F8E70321204606F051FEDE
:10338000824600283FF4CEAD06F0F2FEB4F82EB02F
:103390009AF81520D8B99AF814808DF831208DF854
:1033A0003080DAF8103005F10C0A1B885046ADF871
:1033B000323006F0E2FED84528BFD8468045424666
:1033C00028BF024650460CA906F06CFD09E6002312
:1033D000DAF808108DF81D20C64A8DF81C300A4016
:1033E000C5498A4263D1102108A803F02DFBB0F132
:1033F000000842DB0CAAB8F1100F4FF00003104692
:1034000028BF4FF01008DFF8F4E208A9984502F150
:1034100002023CD803464FEA880808F102085FFA26
:1034200088F88DF81C8005F10C0A5046049306F0CC
:10343000A4FED84528BFD846804528BF8046B8F1AD
:10344000020FC34628BF4FF0020B50465A46A8EB66
:103450000B0807A906F026FD4FEA58030393049BC7
:103460009B4603EB58025A4528D118F0010F3FF450
:10347000B8AD039A995C5046FBE018F1580F7FF401
:1034800051AD01219E4A9F4806F0C3FB4AE511F861
:1034900001CB01334FEA1C1A0CF00F0C1EF80AA0E6
:1034A0001EF80CC002F802AC02F801CCAEE79AF8A4
:1034B0001480DAF810308DF81C80B4E750461BF801
:1034C000011BCDE9042306F0FEFCDDE90423CAE775
:1034D000204606F01AFDD4E91C83002808BF984650
:1034E0000023CDF83230CDF836300A238DF8303055
:1034F000062320468DF8313006F00CFD012805D05A
:10350000FEF76CFF6FF085033B506AE5B8F1000FE2
:1035100000F05F81B8F80230ADF8323098F804302E
:103520008DF8343098F805308DF8353098F806303D
:103530008DF8363098F807308DF8373098F811301C
:1035400005F10C0840468DF8383006F016FEE28D85
:103550009DF830300CA99A4228BF1A46824228BFF3
:103560000246FFE6204606F0D0FC18B10128C7D17C
:10357000636F00E0236F002B00F02B815B88B3F5B5
:10358000007FBDD9604B04F14C0B0C9300238DF8E8
:103590003430E36C9B4508BF0023BDF8322093B163
:1035A000597D0F2908D1197D0A44ADF832209DF8C4
:1035B000342001328DF83420226D934201D01B68F3
:1035C000EBE7BDF8322005F10C0A5046039206F0F5
:1035D000D4FDB4F82E80039A0CA9904528BF9046DC
:1035E000804528BF80464246052A28BF052250460E
:1035F000039206F057FC039AB8EB02083FF4F1ACD3
:10360000E36C5B453FF4EDAC002B3FF4EAAC5A7D34
:103610000F2A14D11A7D1969424528BF42465046E7
:10362000039306F03FFC039B1A7D424594BFA8EB31
:103630000208A8EB0808B8F1000F3FF4D2AC226DE5
:103640009A423FF4CEAC1B68DEE794F83030002B92
:103650003FF4A2ACE38D012B7FF464AC05F10C08C0
:10366000404606F08AFD00283FF40BAE404694F831
:10367000381006F020FCB4E408F01F08B8F1010F80
:103680007FF48AAC204606F0FCFD00283FF484ACB1
:10369000B4F82C80B8F1FF0F3FF644AC43681B79B7
:1036A0004345FFF43FAC5FFA88F30F2B3FF63AAC8B
:1036B000E38D012B7FF436AC05F10C0A504606F081
:1036C0005CFD00283FF4DDAD04EB080393F83A10ED
:1036D000D1E6484606F059FD18B92846FFF7B8F973
:1036E00023E52946204600F063FE78B12846FFF71F
:1036F000AFF9E9E400FF020000030200C6FB000C82
:10370000B9EC000C80DC000C050F0500A069036912
:1037100093F8801011F004017FF4A7AB07F037FF96
:10372000054600283FF4D0AC0146204600F040FE9C
:1037300000283FF49AAB2B4AFFF7C2BB52077FF534
:10374000C3AC002B3FF49EAB2846FFF781F994F8F9
:103750003930002B3FF479AB94F82930052B0CD18C
:10376000618DA069C9B206F046FD064628B1638D99
:1037700001211D4A1D4806F055FA94F82930032B03
:1037800011D1638D022B0ED1A18D00220D0A294685
:10379000A06906F010FD064628B101212B46144A07
:1037A000124806F03FFA0023B04684F83930FFF79C
:1037B0004CBB6FF00B0687E4E38D002B3FF48CAC21
:1037C00016F10C0118BF0121C90107F0E5FDFFF753
:1037D0004CBB6FF01508FFF7F6BB4FF0FF38FFF753
:1037E000F2BB00BFDBEC000C74EC000C80DC000CC6
:1037F000FFEC000C0B7810B4062B14D10369D3F83E
:103800009C20EFF31184202383F31288BFF36F8F82
:1038100000204B681860506A58B9C2E9083384F335
:103820001188BFF36F8F00220023034810BC09F0FA
:10383000D3B903605362F2E75004002030B589B079
:10384000002200230024CDE906236FF007034FF484
:103850008062CDE90334CDE90144154B154900944C
:10386000154804F0B3FA1549134809F05DFB144BF1
:1038700014498B4207D30020134B14498B420CD3BD
:10388000002009B030BD03F11402D2E8EF0FC2E806
:10389000E54F002DF9D11833EBE703F11402D2E81C
:1038A000EF4FC2E8E50F002DF9D11833E6E700BF6E
:1038B0002939000CC01D0020580A0020BFE0000C70
:1038C0005C05002074050020740500208C05002094
:1038D00038B50D4606F0D5FC30B90121BDE83840B9
:1038E0000F4A104806F095B9C46804B938BD2B7862
:1038F000032B05D0052B0ED0022B08D02468F4E74B
:10390000606883685B69002BF8D09847F6E76068C9
:1039100083689B69F7E760688368DB69F3E700BF4A
:1039200026ED000C90DC000C2DE9F0434FF0200850
:1039300085B000AF4FF0FF334FF0FF327248391DB2
:1039400003F022FEFB681B69D3F89C40236A93B105
:10395000EFF3118288F31288BFF36F8F256A2DB1C0
:10396000616A2B688D42236208BF636282F311880B
:10397000BFF36F8FC5B93B79062BDBD0072BD9D8A6
:1039800001A252F823F000BF053A000CF939000CEF
:103990002D3A000C0B3A000C633A000C4F3A000C25
:1039A0003539000CF73A000C2B7E29465E0620467E
:1039B000D5F81E201DD1FFF737FA06460028C5D0DE
:1039C000E9468AB06A462B7ECDE9073505234F4983
:1039D000CDE9051042F8103F00234FF421514C4827
:1039E000FDF7C4FD3246CD460721204606F0FFFD17
:1039F000ACE706F0A6FCE0E700220121204606F035
:103A0000F6FD97E700221146F8E794F86C3043F092
:103A1000040384F86C3094F83030022B03D1204634
:103A2000391DFFF755FF00220321E7E794F86C30BA
:103A300023F0040384F86C3094F83030022B03D167
:103A40002046391DFFF744FF00220221D6E794F8F3
:103A50003030022B7FF46EAF2046391DFFF738FF60
:103A600068E794F86C30A66923F0040384F86C309E
:103A7000D6F808903369A033D3E8AF3F9A071ED534
:103A80003046D9F83C309847D9F8243000213046E8
:103A900098470546D9F840303046984795B11D4AB9
:103AA00001211B4806F0B5F800220421204606F04B
:103AB0009EFD002D3FF43EAF2A4607219EE74FF0C2
:103AC000FF35ECE72946204600F0C4F9054608B169
:103AD000114AE5E7A06907F079FD831E5842584175
:103AE00094F86C3084F8305023F0680343EA4013B4
:103AF00084F86C30D8E70121084A054806F089F8B7
:103B00000621BA687AE700BF5004002055ED000C8A
:103B100090DC000C7FED000CADED000CD9ED000C3D
:103B200038B5024605460C49806907F0ADFD0446EC
:103B300030B10121094A0A4806F06BF8204638BD29
:103B400085F83800284600F043F904460028F5D0EF
:103B5000A86907F0C8FDF1E7F537000CE9ED000CA6
:103B600090DC000CF8B501231D460C68002C35D004
:103B700063F07F02D6B202F07F02103224FA02F71D
:103B8000FF0716D5046824FA02F7FF0708D4334666
:103B900013480121134A06F045F86FF01500F8BDEF
:103BA00005FA02F224EA020404600C6824EA020422
:103BB0000C60DC40E6070ED5026822FA03F4E40745
:103BC00000D4E5E705FA03F422EA040202600A6879
:103BD00022EA04020A600133102BC6D10020DEE77E
:103BE000B8DC000C10EE000C2DE9F04F00265368F5
:103BF00091B0D4680A900891069202930E960396AB
:103C000074B9039B029A09339BB293701B0AD37059
:103C1000069B1671DC68002C40F0C780A346AEE01E
:103C20004FF0000A6068CDF83CA083681B6B002B46
:103C300000F0AC8008999847002800F0A78035462E
:103C4000C4E903AAA0F1040959F8043F0BB11A789A
:103C50009AB9B54240F29780E3680F9A1343E36044
:103C6000606883689B6A002B00F0928098478346C7
:103C7000002800F09080534A7DE05A780B2A08BF54
:103C80009D70D9F800305A78042A10D1E2680F9953
:103C90000A43E260DA78002A5CD101229D70236930
:103CA000AA40134301352361EDB2CDF83CA0D9F809
:103CB00000707B78052BC7D16FF0120B4FF0010815
:103CC0000A9B9B69099379793A790E9B42EA012212
:103CD000ADF8362097F902205FFA88F1002AACBFD0
:103CE000424641F080010493B7BF4BB24FFA88F3CC
:103CF00021F080020793A8BF0793049BB8BF10323E
:103D000023FA02F0C0072CD40F9B23FA02F205938A
:103D1000D30726D4BB79FA78099800930DF13603BE
:103D20000B9107F0AFFA0B998346D0B9079BB97096
:103D3000002B4FF00103BCBF21F0800110318B40FC
:103D400004980599BDF8362019431843CDE90E01B2
:103D5000BA8079E76A1E9A700FA90EA8FFF702FFD2
:103D6000A3E708F10108B8F1100FACD1BBF1000FC7
:103D70003FF46AAF144A0121144805F04AFF58463F
:103D800011B0BDE8F08F6FF0150BF3E7354667E72C
:103D90006FF0850B6FE76068089906F0A2FA039B45
:103DA0002E460344246803932AE7E36804F10C01D8
:103DB000A3600EA8FFF7D6FE08B924682BE76FF0C2
:103DC000150BDCE751EE000C2DEE000CB8DC000CFE
:103DD00070B5836905461B69026F93F88030C3F3A1
:103DE0004113022B0CD0032B0CD0012B0CBF102342
:103DF0000823D371EE6D3EB96E6DBEB9344611E045
:103E00002023F6E74023F4E7324601212846FFF756
:103E1000EBFE044640B173685B790B4A01210B4805
:103E200005F000FF204670BD3668E4E73246002109
:103E30002846FFF7D9FE044618B173685B79044A37
:103E4000ECE73668D9E700BF75EE000CB8DC000C73
:103E500098EE000C2DE9F04105460E4606F055F8A7
:103E600095F83830804633B3284606F00AFA0746FC
:103E7000F0B10146284606F084FA102204460021DB
:103E800005F13A0009F0E9FA002385F83830FF68B7
:103E90003FB984B119491A4806F0D2F92046BDE865
:103EA000F081786883685B6A03B198473F68EFE701
:103EB0006FF03C04EEE71EB985F838600024EDE7AA
:103EC00032464146284606F0C8F9074690B10246F8
:103ED000284606F080FA04460028DFD185F83860CD
:103EE000FC68002CEAD0606883681B6A03B19847BD
:103EF0002468F6E76FF03C04D0E700BF64EB000CE9
:103F000078DC000C2DE9F04105460F461446D2F846
:103F1000048006F099F995F86C30D9070BD544491F
:103F2000444806F08DF96FF00F07281D06F093F94D
:103F30003846BDE8F081012F0AD1284605F0EAFF96
:103F400030B93D493B4806F07BF96FF08507ECE757
:103F500098F807309A0607D5AB691B6993F880304B
:103F60009B0701D43549EDE71FB1012F06D0344935
:103F7000E8E7EB6D2BBB05F1540603E06B6DABB9C5
:103F800005F15C06002233680BBB002FD5E91C232A
:103F900008BF13465B7C626803F10103DBB2537117
:103FA000D5E91C1208BF0A4653741BE09C4206D197
:103FB0002449204806F044F96FF01507B5E71B685F
:103FC000DDE79C4201D12049F3E71B68D2E79C4220
:103FD0001AD1236892B972683360944200D1736039
:103FE00000232360A168B9B1284606F034F80746DB
:103FF00068B116490F4806F023F996E71360736815
:104000009C4208BF7260EBE71A461B68BCE7A068D9
:1040100006F0AEF888F806000023236073681BB929
:10402000C6E90044002780E71C607460FAE700BF1F
:10403000E9EE000C78DC000C0BEF000CC5EE000C78
:1040400029EF000C49EF000C66EF000C83EF000C29
:10405000F8B5054600AF29B301290BD1184C194E0C
:104060002BE0636828461968FBF7E4FFB8B1183401
:10407000B442F6D36C4688B06A46134BCDE9053599
:104080004FF40073ADF81C30104B42F8103F002382
:104090004FF4E2510E48FDF769FAA5460024204688
:1040A000BD46F8BD0B4C0C4EE2E763682846196824
:1040B000FBF7C0FF0028F2D01834B442F5D3D9E79B
:1040C000740500208C050020BAEF000C03000001ED
:1040D00088DC000C5C0500207405002070B501250B
:1040E00001F07F0311F0800F18BF10339D4090F84E
:1040F00030300446022B06D001210C4A0C4805F052
:1041000088FD002070BD90F8386005F0FEFE324654
:104110000146204606F0A1F80028F2D0C068002829
:10412000EFD083681D42EDD10068F8E7D8EF000CAE
:1041300088DC000C2DE9F843054608461146164672
:104140009846FFF785FF0446002841D0284606F030
:10415000C1F895F86C30DA0705D51F4A01211F48D0
:1041600005F057FD07E0D4F8049004F11407D7E8F0
:10417000AF3FDB0707D56FF00F04281D03F0DAFA15
:104180002046BDE8F883D9F804301BB19D4201D028
:10419000134AE3E742463146284606F05EF8A0B1EE
:1041A0000023236003696BB9C0E90344D7E8EF3FFC
:1041B00043F00103C7E8E23F002AF7D10024C9F821
:1041C0000450DAE71C600461F0E76FF03C04D4E7C8
:1041D0006FF01204D4E700BFE9EE000C88DC000C9D
:1041E000FDEF000C2DE9F04701298146164698465F
:1041F00000AF33D12C4DDFF8B4A028E0B8F1000FA8
:1042000004D04146284606F055F8F8B969683346A7
:10421000012248460968FFF78DFF0446B0B16B687C
:104220006D468AB01B686A462149C2E905134FF4FE
:10423000007313841F4BD66142F8103F00234FF4E4
:1042400011511D48FDF792F9AD4603E0183555456B
:10425000D4D300242046BD46BDE8F087F9B16FF005
:104260008504F7E718355545F3D2B8F1000F05D0AE
:104270004146284606F01EF80028F3D16968334607
:10428000002248460968FFF755FF04460028E9D098
:104290006B686D468AB06A461B680849C5E7084DD9
:1042A000DFF820A0DFE700BF740500208C050020A8
:1042B00032F0000C0400000188DC000C5FF0000C00
:1042C0005C050020740500202DE9F04F83B000AF9D
:1042D0007B6097F830304C680E463B6081469046D4
:1042E00005F013FEA36801461B6B33B96FF015048C
:1042F00020460C37BD46BDE8F08F20469847002881
:10430000F4D00024051F06F10C0A55F8041F09B16A
:104310000B782BB9002C14BF00246FF03C04E7E7A6
:104320004B78042B0ED1002C3CD18B787A689342C9
:10433000EBD1CB783A689342E7D10B79002BD7D0F9
:104340000124E2E7052BE0D1002CDED0B8F1010F0B
:1043500091F802B009D0B8F1020FF1D15246594696
:10436000D9F8180006F0C5F804E05246D9F818004C
:1043700006F0A3F804460028E2D06D468AB06A46EB
:10438000F368CDE907B3062307490990CDE905187D
:1043900042F8103F00234FF441510448FDF7E6F87E
:1043A000AD46A5E70024A3E797F0000CB0DC000CB5
:1043B0002DE9F0410B7E0C465906054637D16BB30B
:1043C00005F0E3FD40B11B4801211B4A05F021FC2B
:1043D0004FF0FF30BDE8F0812846D5F87080268A7E
:1043E000EF8D05F092FDF8B1421E534253419B01FF
:1043F000228A9AB1BE42324628BF3A46E98D91429E
:104400000CD9B2FBF3F103FB11223AB994F918303D
:10441000002BBEBF637E43F0080363762146A86984
:10442000BDE8F04107F012B898F80730E0E76FF008
:104430001500CFE7A8DC000CD3F0000C70B50646E1
:10444000EFF31181202383F31288BFF36F8F1B4D8D
:104450002A6881F31188BFF36F8F526892F86C203D
:10446000D20705D4BDE870400A22002303F03ABC0D
:10447000EFF3118283F31288BFF36F8F2C682CB196
:10448000696823688C422B6008BF6B6082F31188D7
:10449000BFF36F8F44B1606804F10801C3699847A6
:1044A0002146074808F048FB2B6833B13046BDE889
:1044B00070400022002303F0E1BB70BDE80F002034
:1044C0002004002030B585B0CDE900120546002259
:1044D0000023144803A902F0C3FF0246E8B9DDE94E
:1044E0000001039B5D60083383E80300EFF3118054
:1044F000202383F31288BFF36F8F039B1A600A4A4D
:10450000516861B9C2E9003380F31188BFF36F8F3E
:1045100000220023054803F0B1FB05B030BD0B605D
:104520005360F1E720040020E80F00200000002085
:1045300038B54B780469202B4568206908D0222BB8
:1045400019D0FDF74BFF6FF08502104B1A5010E0A9
:10455000CB88072BF5D1D3681A6842609A8802810C
:104560009B79837206F068F822460821284606F0F7
:104570004CF8002038BD4B880921C3F340028381E9
:1045800003F00103027643762246EFE70C000000B9
:1045900008B513464A78212A14D133B9FDF71EFF16
:1045A0006FF00B020A4B1A500AE0CA880169072A09
:1045B000096928BF0722043103F10C0005F072FCE1
:1045C000002008BDFDF70AFF6FF08502004BEAE707
:1045D0000C00000073B5202504698DF80710EFF377
:1045E000118685F31288BFF36F8F0122E06B0DF106
:1045F000070105F025FA86F31188BFF36F8F0128B4
:104600000CD008F08BFC88B101220C4BD3E8EF1FD3
:10461000002903D1C3E8E02F0028F7D10A220023A4
:1046200004F1480003F02AFB02B070BDA37E002B0A
:10463000EAD000210A2008F05CFDD0E7F00F00204E
:1046400038B5002405690E49EB6B05F14800C3E954
:104650000144DC606B6BC3E90144DC6008F027FCBB
:1046600005F17800074908F0F6FB074905F1240039
:1046700008F0F1FB284605F0DFFF204638BD00BFFB
:104680008D46000C5947000C43AA000C2DE9F04759
:1046900050F8483C00F140065B6807460021304670
:1046A000D3F8009006F028F8002851D001213046B8
:1046B00006F022F8804600284AD1D6E8EF3F43F0C2
:1046C0002002C6E8E12F0029F7D19B0640D44846D6
:1046D00006F034F80022054600231E4805F0C8FB0A
:1046E000044650B93046052106F0A0F83846BDE82A
:1046F000F0470A22002303F0C1BA824605765AF831
:104700000C1F428A57F80C0C05F0BAF90546014611
:10471000504605F0C1FB5DB1D9F8040006F07DF804
:10472000B5FBF0F303FB1055B5FA85F84FEA5818BE
:104730002146484607F82D8C05F0FAFE40B1204688
:10474000FEF786F93046BDE8F047052106F06EB861
:10475000BDE8F0879804002070B550F8782C00F17F
:1047600010045268034600212046156805F0C4FF76
:1047700000283DD00121204605F0BEFF002837D19A
:1047800053F8442C68689388918916695B1A9BB228
:10479000F61A06F042F8B0422AD8D4E8EF3F43F0C8
:1047A0001002C4E8E12F0029F7D1DB0620D4284607
:1047B00005F0B6FF0022064600230E4805F058FB20
:1047C0000446A8B10676686806F027F8638A98421E
:1047D00003D2686806F021F883B221462846638236
:1047E00005F0A6FE20B12046BDE87040FEF730B9C6
:1047F00070BD00BF980400200121024A024805F064
:1048000008BA00BF15F1000C10DC000C70B50546AD
:1048100002F03EFC0446084E6B6863B102F038FCBF
:10482000031BB34203D9BDE87040FFF7E5BF022088
:1048300008F0C1F8F0E770BDBFD4010038B5456895
:10484000D5E9010183681B686BB19847041E0DDA36
:1048500014F1780F0AD02346184A0121184805F0B0
:10486000E1F9204638BD6FF05704F4E76868E9685D
:1048700083681B6843B19847041E08DA14F1780F67
:1048800005D0104A2346E8E76FF05704F9E72B6993
:10489000984701222B681A702868FFF7B7FF2B7D15
:1048A00013B100222B681A702A680024137843F091
:1048B000020313702868FFF7A9FFD2E744F1000C48
:1048C00010DC000C68F1000C2DE9F0470546894624
:1048D00090461F46D0F808A006F01CFC0446C0B164
:1048E000067DF30709D5037E16480121164A05F017
:1048F00099F96FF07700BDE8F0873B46424649469C
:1049000006F0B1FB40B9237E0121104A0D4805F0A5
:1049100089F96FF01200EEE79DF8203026F00606C8
:1049200084F81980678323772675DAF818302146D2
:1049300028469847B0FA80F3227D5B0963F30002B2
:104940002275D8E768DC000CBBF1000CD5F1000C37
:1049500070B50546866806F0DDFB0446D0B1037DE0
:10496000DB0708D4037E0D4801210D4A05F05AF9F2
:104970006FF0770070BD0146F3692846984738B15B
:10498000237D03F00103227D63F300022275F1E72A
:104990000346F8E76FF01200ECE700BF68DC000C9C
:1049A000F7F1000C2DE9F3411746D0F808800546D1
:1049B000D8F83C300E4698470022002339460B4871
:1049C000FDF7C8FF044670B901213B46084A094873
:1049D000009605F031F92846D8F84030984720462F
:1049E00002B0BDE8F0810676F5E700BFBC04002008
:1049F00012F2000C68DC000C042903D849B96FF0EE
:104A000015007047052914BF6FF015006FF0850081
:104A1000704762B9436803291B6803F5805308D0C7
:104A2000042908D0022914BF02220422DA730020CC
:104A300070470122FAE708499A7311F8010B013215
:104A4000352A83F82000F8D10822DA739A7C42F0E4
:104A500002029A74EBE700BFEAFB000C70B54368F2
:104A6000002106461D68FFF773FF044648B110F1A8
:104A7000780F06D00C4A01210C4805F0CAF82046F0
:104A800070BD80213046FFF763FF044620B110F16E
:104A9000780F01D0064AEEE705F580535A780024D6
:104AA00002F0BF025A70EAE740F2000C70DC000C22
:104AB00067F2000CF0B5036989B0D3F8A4704368BD
:104AC0000646694607F5F0701D6808F0FCF90021FC
:104AD00005F58053D9801981D97224233046EB60C3
:104AE000FFF736FF044650B110F1780F07D0204A87
:104AF0000121204805F08DF8204609B0F0BD802145
:104B00003046FFF725FF044620B110F1780F01D0A1
:104B1000194AEDE742F211742B6823F002032B606F
:104B2000EB69990717D4012342F211742B602B68AB
:104B3000DA0716D4EB69DB0713D49022002107F1C2
:104B4000A00008F08AFC4022FF2107F5987008F0C9
:104B500084FC0024D0E7013CE5D0012007F0CAF82E
:104B6000DEE7013CE9D0012007F0C4F8DFE700BF31
:104B700040F2000C70DC000C67F2000C70B50369A9
:104B80009022D3F8A4504368002105F1A0001C68CE
:104B900008F063FC4022FF2105F5987008F05DFCE9
:104BA0004021284606F08EFE4FF6FF73984207D14B
:104BB00036480121364A05F02CF86FF00B0070BD25
:104BC000344AA5F83001A5F85001D369372043F4E1
:104BD0008033D36107F08EF8012342F21076236010
:104BE0002368DB0702D4E369D8070DD5013E07D25D
:104BF000294A2648012105F00CF86FF07300DEE722
:104C0000012007F077F8EBE7002EF1D042F21076A2
:104C1000236843F400732360236843F480732360A4
:104C2000236843F002032360E369990707D5013E37
:104C300001D21A4ADDE7012007F05CF8F4E7002E04
:104C4000F7D020232361A369DA071CD504F580542B
:104C5000D4F82435002243F00203C4F8243500249C
:104C6000002385F8104205F5F07003F03BF820466C
:104C7000A5E7012007F03EF8A369DB07E6D4013E73
:104C8000F7D1074AB5E7074EF6E700BF70DC000C26
:104C90008DF2000C00800044A8F2000CC5F2000C5C
:104CA000E8F2000CA08601002DE9F04F056989B0FB
:104CB00007464468D5F8A48005F1840007F09BFFFF
:104CC00008F1880008F0A6FB6049C8F8D87108F51B
:104CD000F07008F0ECF895F880304FF0400923F0C0
:104CE000760343F0760385F88030A369022B01BF79
:104CF00095F880304FF4806A43F0010385F88030E6
:104D000018BF40F2FF3A00256368AB4228D800255F
:104D10004FF0400B6368AB425FD8002688F89C6078
:104D2000A8F8C861A8F8CC61D4E904124FF0000AD1
:104D30004FF0000B6FF007030120CDE906ABCDE982
:104D40000330CDE901664046414B009703F03EF841
:104D50003968404608F0E8F83846636A984720E02A
:104D6000E2686B0102EB4512917C41F040019174C5
:104D7000E268D5B9917C41F001019174E268A2F832
:104D80001090E26838461A441576E168194406F036
:104D9000CEF90646F8B12B462E4A01212E4804F0E2
:104DA00041FF304609B0BDE8F08F1A44917C41F0D4
:104DB00004019174E2681A44917C41F002019174FB
:104DC000E2681A44917C41F008019174E2681A4447
:104DD000A2F810A0D5E7013596E7A2686B0102EBB7
:104DE0004512917C41F020019174A268ADB9917C8B
:104DF00041F001019174A268A2F810B0A26865F0B8
:104E00007F011A441176A1683846194406F08FF9DB
:104E10000646C0B1114A2B46BFE71A44917C41F0C7
:104E200004019174A2681A44917C41F002019174CA
:104E3000A2681A44917C41F008019174A2681A4456
:104E4000A2F810A0DAE7013564E700BF5DB8000CF6
:104E5000B1BE000CFEF2000C70DC000C21F3000C63
:104E60002DE9F3410027456840232E683A4639462C
:104E700000978046FFF728FD044660B110F1780FD7
:104E800009D03B4601211F4A1F4804F0CBFE2046B3
:104E900002B0BDE8F0814023002280214046009707
:104EA000FFF712FD044620B110F1780F01D08023E6
:104EB000E8E706F58054E37A0A2043F00703E3723B
:104EC000E37A03F0EF03E372E37A03F0F703E372AC
:104ED000E3889BB243F00103E380042333616378EA
:104EE000AA69DBB2022A0CBF43F0200303F0DF0300
:104EF000637006F0FFFE637843F0400363700024A4
:104F0000C5E700BF43F3000C70DC000C2DE9F04F47
:104F1000036987B0D3F8A440436880461D6805F54F
:104F200080566B6996F80A907788B2885FFA89F99B
:104F300092B201929A0642BF20226A61EA60580743
:104F4000BFB250D54FF0040A19F0040FC5F814A0F1
:104F500039D0002504F5BA7084F89C50C4F8C851C3
:104F6000A4F8CC5106F0D7FE04F5BC7006F0D3FED1
:104F700004F5C07006F0CFFE04F5C27006F0CBFE5B
:104F8000F38840209BB243F00103F380B57306F031
:104F9000D1FB514600F00F0086F8620086F86300EE
:104FA000B4F83031C3F30C03A6F86430B4F85031D0
:104FB000C3F30C03A6F8663004F1880007B0BDE81F
:104FC000F04F06F095BE19F0010F04D0082104F14E
:104FD000880006F08DFE19F0020F04D0102104F1B4
:104FE000880006F085FE0022B273B17CCBB249077F
:104FF00007D5B37C03F0FB03B37484F89C20B37C27
:10500000DBB2DA061FD5B37C43F08003B374002310
:1050100084F89C30B37CDBB2DB0749D5326AC4F834
:105020009420336AC4F898301B0C1BD1B37C43F036
:105030004803B374032384F89C30012104F18800F1
:1050400006F056FE34E094F89C20032A30D801A1E3
:1050500051F822F01950000CA750000C0351000C1D
:105060009950000C100605D5B37C43F04003B3748F
:105070000123E0E7B27C42F04002B274022284F8DD
:105080009C20D4F89420A4F8CA31C4F8CE21D4F8D6
:105090009820C4F8D221D0E7F90709D5002384F875
:1050A0009C300221CAE7FA0702D513F00203F6D0BA
:1050B00000234FF001094FF0200A9B467F0804F5BA
:1050C000BA70002F69D123B1802104F1880006F065
:1050D0000FFE01264FF0000B019B05F581594FEAA9
:1050E000530A09F1040905F58055BAF1000F40F0A3
:1050F0008780019B13F0FE0F00F0F2804FF4807167
:105100005AE7D807D4D596F818900021404609F000
:105110007F0905F0FFFF60B3B0F81AB0CBF30A0BBC
:10512000B9F1000F18D0B4F8C81105F58150C1F1DC
:10513000400ACA4528BFCA4601F5C47152462144F7
:1051400006F006FBB4F8C8319A44B4F8CC31A4F8A0
:10515000C8A14B44A4F8CC31CB450DD8B4F8CC2130
:10516000B4F8CA319A4207D2B37C43F04003B37417
:1051700097E74FF0400BD3E7B37C012243F048039D
:10518000B374032384F89C3004F5BE73D3E8EF1F97
:10519000C3E8E02F002884D0F8E7F9072CD5EFF317
:1051A00011838AF31288BFF36F8F09F00F02B27375
:1051B000B27C920612D5B27C02F0DF02B274B27CED
:1051C00042F00802B274B27C910742BFB27C42F056
:1051D0000802B274B27C02F0FE02B2744946039334
:1051E000029006F089FD86F80EB0039B83F31188C8
:1051F000BFF36F8F012302987F0809F1010960E76F
:105200001AF0010F19D0F1B2EFF3118302932023AA
:1052100083F31288BFF36F8F01F00F03AB73AA7D86
:10522000D3B252060FD503F0BF03AB7585F80EB0AD
:10523000029B83F31188BFF36F8F4FEA5A0A01363E
:1052400009F1040951E740462F8B05F063FFBFB217
:105250000390002840D005F084FF034600283BD08F
:10526000C7F30D07E7B1018A428A0493521AC16855
:105270004069091A521ABA4228BF3A4603F10C0093
:105280001146059204F008FE059A0146484606F0CC
:105290005FFA039B5A8B049BC2F30A02974204D223
:1052A000AB7D03F0FE03AB750CE0D96858695A8AF0
:1052B000091A1B8A521A9A420AD1314604F5C07063
:1052C00006F01AFD314604F5BC7006F015FDADE799
:1052D000AB7D03F0FE03A8E7314604F5C270F4E7A6
:1052E00007B0BDE8F08F00BFF8B500AFB8B96C46A5
:1052F00088B06A46344B4FF4E2510593334B34483F
:1053000006934FF40073ADF81C30324B42F8103F57
:1053100007F007F9A5466FF01500BD46F8BDB0F1DE
:10532000205F4FEA906415D36D468AB06A462A4BD7
:105330004FF411510593254B2548CDE906344FF420
:105340000073ADF82030254B42F8103F07F0E9F824
:10535000AD46E0E7631EDBB2082B2ED8204A214D74
:10536000D15C214AD65C214AD25CEB5CC5B28D424D
:105370000BD8C0F3052CB44507D8C0F305569642A8
:1053800003D8C0F3853098421CD96E468CB06A466B
:10539000174BCDE9084105930C4B4FF45151CDE922
:1053A00006354FF40073ADF82830124B084842F828
:1053B000103F07F0B6F8B546ADE73F2300211A4687
:1053C0001E46D3E70020A8E776F3000CE5FC000CAE
:1053D00000DC000C03000001A4F3000C0400000139
:1053E0003AFC000C1FFC000C31FC000C28FC000CEB
:1053F000C2F3000C060000012DE9F3470C464FF004
:105400000008174943682143064615461F68CDF832
:10541000048007F089F8022805D0C5F80080002034
:1054200002B0BDE8F0874FF00609B4FBF9F85FFA67
:1054300088FA5146304601AA07F0FFF80028EFD15C
:105440003F2309FB18444C37E4B257F82A20E40004
:10545000A3401340E3D0019AB2FBF3F22A60DEE7E7
:1054600000FFFF0F2DE9F04F83B01C4643680D4647
:1054700092469A68002302EB8108464900AF29430F
:105480007B608146D0F810B0D8F8206007F04CF867
:1054900002284FF000034AD1D8F8201001F00F0184
:1054A000514518D16C4688B06A463B4B53613B4B23
:1054B0003B4893614FF4007393833A4B4FF4E251AE
:1054C00042F8103F07F02DF86FF08500A5460C3725
:1054D000BD46BDE8F08FBAF1060F07D18B1F052B33
:1054E00004D86C4688B06A462F4BDFE70B290AD8F0
:1054F000DFE801F006202E39393C4141414141416C
:10550000DBF800307B60D8F82020012D4FEA1242F2
:1055100018BFD2B2F30435D51D2A28BF1D2201239E
:10552000013292B293409AB27B68B3FBF2F300204F
:105530002360CCE7AB1EDAB2092A04D80BEB830B4D
:10554000DBF80430DEE76C4688B06A46174BADE7FF
:10555000012D1BD00C22012148463B1DFFF782FF85
:105560000028D0D0B3E74FF40043CBE74846391DBD
:1055700000F01EF8F4E7063948463A1DC9B2FFF7B5
:105580003BFFEDE7012A38BF0122CDE76FF05B005A
:105590009DE700BF00FFFF1BEFF3000C79FC000C40
:1055A00000DC000C0300000111F4000C33F4000CCB
:1055B00037B50C4641680A68136913F4807303D148
:1055C0000020236003B030BD136BDB0701D4094B0F
:1055D000F6E78B68D56BD3F88010052201AB01F09C
:1055E0000F01FFF73FFF0028ECD1019BADB26B43E9
:1055F0002360E7E7006CDC022DE9F04F83B04368DD
:105600008146D3E900BA0E46144600AFCDB2D2B9F6
:105610006C4688B06A46B94B4FF4E2510593B84BDB
:10562000B84806934FF40073ADF81C30B64B6FF0DA
:10563000150842F8103F06F074FFA54640460C37A7
:10564000BD46BDE8F08F08467B60FFF74DFE7B68E6
:105650008046B10EC0B16C468AB06A46AB4B089525
:105660000593A74BA748CDE906314FF40073ADF879
:105670002430A74B4FF4315142F8103F06F051FF50
:10568000A5466FF08508D9E7082900F27381DFE8A5
:1056900011F0090013007600C500DE00E400EE0002
:1056A0005C016901DBF81430227823F0800343EABF
:1056B000C213CBF81430C1E7D9F80430A1789A6846
:1056C0001D68D2F8803061F30303C2F8803063783C
:1056D000002B3AD02B6BDFF83C9243F00102DBB297
:1056E00043F001032A632B6301F0D2FC0646AB6F43
:1056F000A3B101F0CDFC831B4B45F8D96C4688B0B3
:105700006A46854B5361854B93614FF400739383D5
:105710007D4B4FF4E25142F8103FE9E0EA6BA38879
:105720006FF30F021343EB6301F0B2FC0646DFF8A0
:10573000E491AB6F4BB101F0ABFC831B4B45F8D947
:105740006C4688B06A46764BDCE7EB6A227803F059
:105750007F0343EAC213DBB2EB6201F099FC04461B
:105760006C4EAB6F002B3FF469AF01F091FC031B53
:10577000B342F6D96C4688B06A466A4BC2E72679CE
:10578000D9F804300B2ED3F800901EDC9B6803EB95
:10579000850ADAF88430334343F04003CAF8843092
:1057A00001F076FC8346DAF884305B060DD401F014
:1057B0006FFC584AA0EB0B039342F4D96C4688B0B7
:1057C0006A46594B0593594B9EE70B2ED8BF0026CE
:1057D00009F1440252F825302188C8BF0B3E61F31D
:1057E000090342F8253009F1480252F82530A17822
:1057F00009F1400961F3050342F8253059F82530D5
:10580000E278C8BF360223F4F063C8BF06F4E0664E
:1058100043EAC2131E4349F825600FE70623B5FB90
:10582000F3F2D9F8041003FB125308683F214C30FF
:10583000D2B2DBB250F82250DB00994025EA0105D4
:10584000217801FA03F32B4340F82230F6E623785F
:1058500003F00303CAF81030F0E6DAF81C302278BF
:1058600023F0800343EAC213CAF81C30E6E6D9F8F5
:1058700004A0012DDAF80810D9F8106001EB8501B9
:105880000A6A238822F4005222F00F024FEA0242F1
:105890004FEA124201D0FF2B01D842EA0342E378DB
:1058A000A07803F00F0343EA403313430B6201F087
:1058B000EFFB8146DFF85CB0DAF808305B68002B5C
:1058C0003CD001F0E5FBA0EB09035B45F4D96C4645
:1058D0008AB06A46164B4FF411510593154BCDE92A
:1058E00006354FF40073ADF82030134B42F8103FEB
:1058F000044806F016FEA546A0E600BF51F4000CD1
:10590000F8FC000C00DC000C0300000170F4000C3B
:1059100005000001BFD401009AF4000CD0FC000C7B
:10592000CFF4000C02F5000C6DF5000CBCFC000C73
:1059300037F5000CA4FC000C04000001002D7FF4DE
:105940007DAEE37886F83A3078E69B68C6F30526A4
:1059500003EB8603D3F88020217861F30302C3F8B8
:1059600080206BE6D9682378CA6822F0FF021343CF
:10597000CB6063E60121024A024804F04AF980E65E
:10598000B4F5000C00DC000C2DE9F04782B00023D8
:10599000D0F80480D0F810A000AF0646084689462B
:1059A00015467B60FFF7A0FC0446A8B16C4688B0A2
:1059B0006A46414B5361414B414893614FF4007338
:1059C0009383404B4FF4E25142F8103F06F0A9FD9B
:1059D0006FF08500A54616E04946304606F0A4FD66
:1059E00002280ED14FEA99635FFA89F1092B5DD83D
:1059F000DFE803F00513181D2210373D4A4ADAF894
:105A0000004000202C600837BD46BDE8F0874FF409
:105A10008064F6E74FF40044F3E729463046FFF789
:105A2000C7FDF0E72A46304606F007FEEBE72A46B8
:105A30003046FFF7E1FCE6E773685A68136903F044
:105A40000303012BE3D0991E0129E3D8D46914F094
:105A50000204D6D0032B14BF4FF400444FF48064EB
:105A6000CFE72B460C223046FFF7FCFCCBE7D8F8FB
:105A70000830C9F3052909F1200953F829100C222F
:105A80002B4601F00F01EEE70C22002130463B1DB2
:105A9000FFF7E8FC0028B6D1D8F80C307C68DB684A
:105AA00013F0FF03ADD0B4FBF3F4AAE76C4688B063
:105AB0006A46054B7EE700BF9AF5000C90FC000C8F
:105AC00000DC000C03000001B0F5000C2DE9F84FDC
:105AD000D0F804A0D0F8108000AF0846DAE9006BD7
:105AE0000D46DAF80890CCB2FFF7FEFBA8B16C4681
:105AF00088B06A46484B5361484B4FF4E25193617A
:105B00004FF400739383464B464842F8103F06F02B
:105B100008FDA5466FF085000DE0AB0E092B75D88A
:105B2000DFE803F0050C112774464D5A746573695C
:105B300023F002037361BD46BDE8F88FF36A23F0DA
:105B40000203F362F7E7403656F8243023F00203ED
:105B500046F824300123D8F83020A34022EA03027B
:105B6000C8F83020D8F82C2022EA0302C8F82C20EC
:105B7000E1E70622B4FBF2F3DDB202FB13434FF080
:105B8000FF320133DBB202EBC30301224C3656F87D
:105B9000251002FA03F321EA030146F82510B8F8AC
:105BA00038300634A24023EA0203A8F83830C2E7AE
:105BB000DBF81C3023F00203CBF81C30BBE724B920
:105BC0006C4688B06A46184B95E709EB8404236A53
:105BD00023F480732362AEE7C5F3052509EB85093D
:105BE000D9F8803023F04003C9F88030A3E70121C1
:105BF000DAF80C30C5F3055203EB8203DA6BC5F318
:105C00008535A94022EA0102DA6394E70121074AB7
:105C1000044803F0FEFF7DE79AF5000C6AFC000CD7
:105C20000300000100DC000CCFF5000CB4F5000C03
:105C30002DE9F0474FF0010843680669D3F800905A
:105C400000AF09F1400252F821300C4643F0020344
:105C500042F8213001F1180308FA03F801F018FAAC
:105C60000546DFF858A0D9F8103038EA03031CD0F5
:105C700001F00EFA431B5345F5D96D468AB06A46CA
:105C80000F4B10480593104B4FF41151CDE90634DA
:105C90004FF40073ADF820300C4B42F8103F06F083
:105CA00040FC6FF07300AD4605E001220020F36A6E
:105CB000A2401343F362BD46BDE8F087FF0D2707FE
:105CC000FBF5000C00DC000C78FD000C040000016A
:105CD0002DE9F84F0546D0F8048000AF08460C4681
:105CE000FFF702FB0646A8B16C4688B06A467B4BBC
:105CF00053617B4B4FF4E25193614FF400739383F4
:105D0000784B794842F8103F06F00BFC6FF085069F
:105D1000A5461BE02146284606F006FC022819D1BC
:105D20006C4688B06A46714B4FF4E65105936C4B54
:105D30006D4806934FF40073ADF81C30694B6FF05B
:105D4000770642F8103F06F0ECFBA5463046BD460C
:105D5000BDE8F88F6A68A00E11689368092800F200
:105D60008280DFE800F005353A5380585E68807322
:105D70004B6943F002034B614FF00009DFF870B14B
:105D8000C4F3076303F0FC03142B40F08680D8F8BB
:105D90000430DB68DB07D9D4D8F814304B4500F267
:105DA00084806C4688B06A46524B4FF4E2510593AA
:105DB0004B4B4D4806934FF40073ADF81C30494BE4
:105DC0006FF0730642F8103F06F0ABFBA546BDE747
:105DD000CB6A43F00203CB62CEE70F20E1B24B1C4B
:105DE0002A6903EB43035B0000FA03F3108F0342BD
:105DF00005D02846FFF71CFF0028BDD048E001234E
:105E000003FA01F1136B0B431363B5E72846E1B2C4
:105E100006F06AFCF0E75268D36943F00203D361ED
:105E2000AAE714F0FF02A7D003EB82031A6A42F438
:105E300080721A62A0E7C4F3052203EB8203D3F851
:105E4000802042F04002C3F8802095E7D268C4F376
:105E5000055302EB83020123D16BC4F385308340E9
:105E60000B43D36388E76C468AB06A46224B4FF4F3
:105E700011510593214BCDE906304FF40073ADF875
:105E800020301F4B184842F8103F06F04AFBA54649
:105E90006C4688B06A461B4B2AE72146284606F026
:105EA00043FB02287FF478AF50E7174B1B785BB1B8
:105EB000FCF794FA154B1B5833B10A20002107F068
:105EC00018F909F101095BE701F0E2F8824601F0F7
:105ED000DFF8A0EB0A035B45F9D9F2E79AF5000C6D
:105EE0005CFC000C0300000100DC000C16F6000C4A
:105EF000BFD4010076F6000C30F6000C53FC000C09
:105F00000400000158F6000CB91A00200800000037
:105F10002DE9F04143682F4A1D6804696B69487A8E
:105F20001A400B7C00021B0600F4706003F0407303
:105F30000343087A00AFC001C0B203438878400130
:105F400000F020000343887A000100F010000343B2
:105F5000C878C00000F0080003434878800000F0D3
:105F6000040003430878400000F002000343134399
:105F70006B614B6823600B7803B301F089F8064628
:105F8000DFF854802B69DB071BD401F081F8831BF9
:105F90004345F7D96C4688B06A46104B4FF4E2513E
:105FA00005930F4B0F4806934FF40073ADF81C3068
:105FB0000D4B42F8103F06F0B4FAA546BD46BDE8C9
:105FC000F081636B43F480536363238F43F00103D9
:105FD0002387F3E741F0FFFCFF0D27078BF6000C4A
:105FE00068FD000C00DC000C030000012DE9F04707
:105FF00006690C46338F00AF9D0614D56C4688B0F9
:106000006A46864B4FF4E6510593854B06934FF451
:106010000073ADF81C30834B42F8103F824806F005
:1060200080FAA546CDE096F83A30052B00F0AB801B
:1060300043681D689A68EB6A23F00203EB628B7871
:10604000012B67D10978736BCB40D80713D46C460A
:106050008AB06A46754B0593714BCDE9063103232F
:1060600008934FF40073ADF82430714B4FF4335163
:1060700042F8103FD2E7D2F88030DFF8B8A161F3E0
:10608000030343F04003C2F8803001F001F880467A
:10609000DFF8A491DAF880305A0600F1958000F01C
:1060A000F7FFA0EB08034B45F4D96C4688B06A466D
:1060B000624BA7E02B6B627903F0490343EAC213FA
:1060C000A279DBB2520102F020021343E279DFF839
:1060D0006891120102F010021343227A920002F03A
:1060E00004021343627A520002F00202134343F0A7
:1060F00001032B6300F0CCFF8046AB6F53B100F07F
:10610000C7FFA0EB08034B45F7D96C4688B06A4639
:106110004B4B77E0EB6AE27803F07F0343EAC2136C
:10612000DBB2EB626278EB6A520002F0020203F02B
:10613000FD031343EB6200F0ABFF8046DFF8F890FD
:10614000AB6F53B100F0A4FFA0EB08034B45F7D9A8
:106150006C4688B06A463B4B54E06378002B30D0E5
:1061600000F096FF8046DFF8E0902B69DB051ED437
:1061700000F08EFFA0EB08034B45F6D96C4688B0C3
:106180006A46324B3EE06D4688B06A46304B4FF46B
:10619000E6510593224B244806934FF40073ADF863
:1061A0001C30204B42F8103F06F0BBF9AD46637837
:1061B0003BB1736B43F400537363338F43F020039D
:1061C0003387BD46BDE8F087A37AEA6BA1891B043B
:1061D00003F4FE036FF316020B431343EB6300F06B
:1061E00057FF8046DFF85090AB6F002B3FF462AF53
:1061F00000F04EFFA0EB08004845F5D96C4688B08A
:106200006A46144B5361064B4FF4E25193614FF4CD
:1062100000739383034B42F8103FFFE6A4F6000C93
:1062200055FD000C0300000100DC000CD5F6000C4D
:106230000500000100000144BFD401007AF7000C02
:106240009AF4000C02F5000CFF0D27075EF7000C16
:1062500024F7000CCFF4000C2DE9F04F83B0D0F8F8
:1062600010900D78D9F8306000AFEE4016F00103C1
:106270000C467B6040F0A18091F807B0D9F834302B
:1062800023FA0BF3DE0717D46C468AB06A46604BDC
:106290004FF4335105935F4BCDE906350323089343
:1062A0004FF40073ADF824305B4B42F8103F5B486D
:1062B00006F037F9A54680E04368BBF10B0FD3F831
:1062C0000080D3F810A01EDC9E6806EB8506D6F889
:1062D00084204BEA020242F04002C6F8842000F01B
:1062E000D7FE0246D6F884003A6041060BD400F08F
:1062F000CFFE3A684A49801A8842F3D96C4688B082
:106300006A46484B77E008F1440252F8253061892B
:10631000BBF10B0F61F3090342F825304346217BA3
:1063200053F8482FC8BFABF10B0B61F30502C8BF90
:106330004FEA0B2B43F82520C8BF0BF4E063A0798C
:10634000C8BF7B60637908F1400252F82510C00293
:10635000DB0100F46050DBB27E6821F47E51034320
:106360000B431E4342F82560E2892F4BD8F86C108E
:1063700003EA0243228A6FF3DE11D20192B2134381
:106380000B43C8F86C3000F083FE0646DFF890B08F
:10639000D8F878305A0614D500F07AFE831B5B4596
:1063A000F6D96C4688B06A46204B24E00122D9F821
:1063B0003030AA401343C9F830300C37BD46BDE831
:1063C000F08F2379002BF8D0DAF81C30184E43F404
:1063D0008033CAF81C3000F05BFE0446DAF80C305B
:1063E000DB05E3D400F054FE031BB342F6D96C4640
:1063F00088B06A460F4B5361064B4FF4E2519361EC
:106400004FF4007393830C4B42F8103F4FE700BFEB
:10641000AAF7000C46FD000C0500000100DC000C92
:10642000BFD401006DF5000C0000FF7F1FF8000CC9
:10643000FF0D2707EEF7000C030000012DE9F041E6
:1064400006240D780669B5FBF4FC328F05F10608C9
:1064500022FA08F2D20704FB1C5400AF18D56D468F
:106460008AB06A46274B08940593274B4FF4335163
:10647000CDE9063C4FF40073ADF82430234B24489B
:1064800042F8103F06F04DF8AD46BD46BDE8F0813C
:1064900043684FEAC40ED3F800C03F23DCF84C2019
:1064A00003FA0EF322EA03024B7903FA0EF31343C5
:1064B000CCF84C300B79CBB96E468AB06A46154B96
:1064C0004FF433510593104B114806930623B5FB47
:1064D000F3F3CDE907344FF40073ADF824300B4BE0
:1064E00042F8103F06F01DF8B546CEE7294606F003
:1064F000FBF80028E0D10123328F03FA08F313439D
:106500003387C2E749F8000C33FD000C0500000199
:1065100000DC000C7EF8000C2DE9F041056900AFAD
:106520002B8FDA0616D56C4688B06A46344B4FF48A
:10653000E6510593334B06934FF40073ADF81C30CE
:10654000314B42F8103F314805F0EBFFA546BD4600
:10655000BDE8F08143680A7C5C68CB7B52009B00FD
:1065600002F0020203F0040313438A7B606902F025
:10657000010220F00700134303436361E3692448E9
:106580000A7B18404B7A12029B0402F4706203F4F7
:10659000701313430A7AD201D2B213434A7892009D
:1065A00002F0040213430A78520002F0020213437D
:1065B0000343E3610B78002BC9D000F069FD064668
:1065C000DFF85080E368DB0715D400F061FD831B22
:1065D0004345F7D96C4688B06A460F4B4FF4E251F9
:1065E0000593084B06934FF40073ADF81C30064B2F
:1065F00042F8103FA7E72B8F43F010032B87A6E745
:10660000B5F8000C20FD000C0300000100DC000CBC
:1066100079F0C3FFFF0D2707E4F8000C2DE9F047E0
:1066200006690D78736B0C46EB40DA0700AF17D59F
:106630006C468AB06A46514B4FF413510593504B48
:10664000CDE906354FF40073ADF820304D4B42F8DC
:10665000103F4D4805F065FFA546BD46BDE8F087F3
:1066600091F807C0338F23FA0CF3DB0713D46C4681
:106670008AB06A46454B4FF433510593404BCDE900
:106680000635032308934FF40073ADF82430404BD4
:1066900042F8103FDDE7D0F80480012DD8F808203B
:1066A000638A02EB8502116A21F4745121F00F0113
:1066B0004FEA01414FEA114101D0FF2B01D841EAD5
:1066C00003416379003B18BF012341EA4331237C36
:1066D0000BB141F48051637D207ADB02800200F42B
:1066E000806003F400630343207D0CF00F0C400234
:1066F00043EA0C0300F4007003432079DFF894A010
:10670000000200F4807003430B43136200F0C0FCEE
:106710008146D8F808305B68BBB100F0B9FCA0EB4B
:1067200009035345F5D96C468AB06A461A4B4FF4B3
:1067300011510593124BCDE906354FF40073ADF8B6
:106740002030104B42F8103F83E7AB1E092B0FD8C7
:10675000E26806EB83035A600122736BAA4013437D
:10676000012D736302BF338F43F00203338774E755
:10677000002DF1D1E37986F83A30EDE703F9000C0A
:106780000DFD000C0400000100DC000C35F9000CCC
:1067900005000001BFD4010037F5000C2DE9F04FD2
:1067A0007D4B87B0DFF8F4E100AF0125C7E900E3D6
:1067B0004FF46069302339464668044640F2011AB6
:1067C000C7E90293D0F810803D61FFF7A1FB4FF4B9
:1067D0000043C7E900A340F20713DFF8C4B139460C
:1067E0002046C7E902B33D61FFF796FEB368DFF8C4
:1067F000B4A11D7000F04CFC0546B368D3F80490BA
:10680000B9F1000F1ED000F043FC431B5345F4D9EF
:106810006C4688B06A46644B64480593644B4FF4F9
:10682000E25106934FF40073ADF81C30614B42F80F
:10683000103F05F076FE6FF07300A5461C37BD468D
:10684000BDE8F08F05230326DFF86CB188F83A30F5
:1068500001254FF006084FF0020A14220021381DCE
:1068600006F0FBFD3946204687F80780C7F800B0E0
:106870007D823D71FFF7D2FE14220021381D06F003
:10688000ECFD4E4B394620463B6087F80780A7F861
:1068900012A03D71FFF7C2FE14220021381D06F040
:1068A000DCFD474B39463B6007232046FB717D8268
:1068B0003D71FFF7B3FE40F20113C7E900394FF411
:1068C000803339462046BB60BD81FFF78FFB3D4AD0
:1068D0003D4B4FF47001C7E9002303232046C7E96D
:1068E00002133946C7F81090FFF7B6FC40F60103D3
:1068F00036483946C7E900032046FFF79FFD41F2BD
:1069000001434FF40068DFF8C8C039462046C7E9A4
:1069100000C3FFF793FD2F4B39462046C7E90038E7
:10692000FFF78CFD2C4B39462046C7E90038FFF7AE
:1069300085FD2A4B39462046C7E90038FFF77EFD22
:10694000274B39462046C7E90038FFF777FD013E5F
:106950007FF47EAF636832465B68204621491D6143
:106960002B4605F0E9FE2B46524620461E4905F00F
:10697000E3FE2B46324620461C4905F0DDFE2A4642
:1069800020461B4905F0EDFE20462A46194905F030
:10699000E8FE304652E700BF001BB70001000001CF
:1069A00000000101BFD4010088F9000C00DC000CDC
:1069B00043FC000C0300000100FFFF1B01FFFF1B55
:1069C00002FFFF1B00C0FF0B0100010C00FFFF0FC7
:1069D00001FFFF0F02FFFF0F03FFFF0F04FFFF0F79
:1069E00005FFFF0F30E7FF1F37EEFF1F35ECFF1FDE
:1069F0003E7F34240E3F052408B5074806F001F811
:106A000038B10648FBF742FF0448FAF703FB0020C1
:106A100008BD6FF01200FBE704D6000C216A000CE1
:106A20000A2838B50446074D04D1AB680D21284625
:106A30005B689847AB6803485B68E1B298472046BB
:106A400038BD00BF04D6000C10291FB528BF102187
:106A50000C460C4BD3F8E02112BA0092D3F8E42193
:106A600012BA0192D3F8E82112BA0292D3F8EC31AB
:106A70000A461BBA6946039306F0E2FC204604B0BE
:106A800010BD00BF0070000A2DE9F043002501276A
:106A9000DFF8E0E000F1020CEBB2994202D80020EE
:106AA000BDE8F08330F825403CF82560C4F3422867
:106AB00004F00F03B8F1010F5EF82330C4F30412A1
:106AC0002AD15BB303EB52084FEA143998F83040EF
:106AD00012F0010F15BF04F00F0404F0F00444EAB3
:106AE000091449EA040488F8304003EB020898F8D6
:106AF000404044F0010488F8404016F0010F07FAC6
:106B000002F803EB02040BD116F0020F0ED194F839
:106B1000409009F0FB090DE0002BEED10135BBE7F9
:106B2000D3F8109048EA0909C3F8109094F84090FF
:106B300049F0040984F8409094F8409016F0080F4A
:106B400014BF49F0020909F0FD0984F840901C685F
:106B500016F0100F14BF48EA040424EA08041C606D
:106B6000DC6E07FA02F236064CBF224324EA020228
:106B7000DA66D3E7C0DE000C0121024A024803F0C6
:106B800048B800BFEFF9000C60DC000C70B505469A
:106B900000F07EFA0446094EEB69DB060CD000F0EB
:106BA00077FA031BB34203D9BDE87040FFF7E4BF97
:106BB000022005F000FFEFE770BD00BFBFD4010069
:106BC000F7B50D4647680669BC682368204623F080
:106BD00002032360FFF7DAFFEB79002B64D1F37136
:106BE0002979022960D8204605F0C7FE2B79337138
:106BF0006B79012B52D1636823F040036360204618
:106C0000FFF7C4FF6B797371AB79042B4CD82B4A17
:106C10002046D35C626822F0070262606268134318
:106C20006360FFF7B3FFAB79B3710023F869019399
:106C30008368DB6813B1796A01AA9847019A2868CA
:106C4000002A34D05308010B0005C01841F100019F
:106C50000023F9F7D5F94FF6FF72431E61F10001E9
:106C6000934271F1000125D22368404280B223F49F
:106C700060432360A0812B68204633607B7B012B1F
:106C800002BF236843F080032360236843F00203BC
:106C90002360FFF77BFF002003B0F0BD032B03D17F
:106CA000636843F04003A9E76FF08500F4E76FF0F5
:106CB0001500F1E76FF02100EEE700BF85FD000C45
:106CC0002DE9F74346680746D0F81080F069B468AC
:106CD000836896F80C901B68716A2BB96FF05705A2
:106CE000284603B0BDE8F0839847054610B110F17F
:106CF000780FF5D1D6E9070183681B68002BEDD02A
:106D00009847054610B110F1780FE9D1BF232375DC
:106D1000002388F807303379042B02D96FF08505FA
:106D2000DEE7544A2046D35C626822F007026260C4
:106D3000626813436360FFF729FF3379204688F8C0
:106D40000630717905F019FE737988F80430B3794B
:106D5000012B7ED1636823F0400363602046FFF778
:106D600015FFB37988F80530B16832690B681205F0
:106D700023F44C1302F440121A4373691B0403F406
:106D8000403313430B60236843F0005323602368B0
:106D900023F01C03B9F1000F62D0236023680021A7
:106DA00043F080432360B06A01AA05F0EDFC051EA4
:106DB00096DB019B002219791868FFF765FE0546EE
:106DC00000288DD16368204643F400336360FFF7E9
:106DD000DDFE6368204643F480336360FFF7D6FE30
:106DE000F069716A8368DB680BB101AA9847019A60
:106DF0003068002A37D05308010B0005C01841F154
:106E000000010023F9F7FCF84FF6FF72431E61F111
:106E10000001934271F1000128D22268404283B2FE
:106E200022F460422260A38133683846C8F80030FB
:106E3000B3699847737B2046012B02BF236843F058
:106E400080032360236843F002032360FFF79EFE64
:106E500046E7032B7FF462AF636843F040037CE7AF
:106E600043F0040399E76FF0150539E76FF021054A
:106E700036E700BF85FD000C4FF0E0230D4A99690D
:106E8000126818699B69002908BF1146002B08BFCA
:106E9000134610F4803F084801D1994205D2016899
:106EA000114401604FF0E021096900681044C01AE4
:106EB000704700BF7C160020781600202022094B66
:106EC000002083F8232042F6E062074B1A60074B4C
:106ED00042F6DF6218604FF0E0235A6107229861A2
:106EE0001A61704700ED00E07C1600207816002043
:106EF000684620F007018D4619B5FFF7BDFF14491C
:106F0000144B0868D3E90042001942F10002C3E9BA
:106F1000000200230B6042F6E0630F4AD2E9004111
:106F2000001BB0FBF3F043431B1941F10001C2E920
:106F30000031EFF31181202383F31288BFF36F8FA9
:106F400001F0B0FBFBF7DCF9BDE81940854670475E
:106F500078160020000D0020F80C00202DE9F041EB
:106F6000374E89B1421C0AD14FF0E022136923F059
:106F7000010313614FF07F433360BDE8F081356852
:106F8000012806DC00240AE0431C3568F8D140F2F1
:106F9000755040F276539842A8BF1846441EEFF34E
:106FA0001187202383F31288BFF36F8FFFF764FFED
:106FB0004FF0E0232349D3F818C0D1E9002380180B
:106FC0004FF0000243F10003C1E900031E4B1A60B9
:106FD0001E4B1A68831A2DD442F6E06E42F6DF6823
:106FE00014FB0E841C44B4FBFEF4131A0EFB043392
:106FF000B3F5806F38BF4FF48063154A934228BFC2
:1070000013464FF0E0223360013B94695361002343
:10701000A4459361ACEB0400D1E900320DD20544E4
:10702000EB1842F10002C1E9003287F31188BFF387
:107030006F8FA2E74FF48063E3E7C318F1E700BF67
:107040007C160020000D002078160020F80C00208F
:1070500060CCFF0038B5EFF31185202383F312884D
:10706000BFF36F8F084B1C68084B1B68E41AFFF7CF
:1070700003FF85F31188BFF36F8F42F6E06320446E
:10708000B0FBF3F038BD00BF000D0020F80C00206D
:1070900038B5EFF31185202383F31288BFF36F8F88
:1070A000044B1C68FFF7E8FE85F31188BFF36F8F70
:1070B000204438BD000D002010B50446FAF788F9C9
:1070C00003480121034A02F0A4FD204605F0A4FC78
:1070D00048DC000C3BFA000C2DE9F84304460D4651
:1070E00000AFEFF31188202383F31288BFF36F8F73
:1070F00004282A4A98BF2A4BE9468AB09668117C30
:1071000098BF53F820306A4688BF264BCDE9073137
:1071100040F201332448ADF82430244BCDE9050476
:1071200042F8103F00234FF431512148FAF71EFA7C
:10713000CD4645B1EB69C3F3080323B101211D4AD4
:107140001B4802F066FD2EB1304605F0F0FE08B196
:10715000037803B91848E9468AB06A46174B079086
:10716000CDE9053640F20133ADF82030144B42F83A
:10717000103F00234FF411510D48FAF7F7F9294653
:10718000CD462046FFF798FF88F31188BFF36F8F35
:107190003046FBF7C5F8BD46BDE8F88380160020F1
:1071A0000CDF000C4AFA000C60FA000C050000012C
:1071B00048DC000C88FA000C58FA000CA9FA000C04
:1071C0000400000138B50A4B53F82040013053F851
:1071D0002050A54200D838BD606830B1037EDB077F
:1071E00001D405F0F6FB0834F3E723689847FAE783
:1071F00020DF000C012270B5294B86B003201A70E5
:10720000FFF7E0FF01F004FC0420FFF7DBFF254C53
:10721000254D2646AE4204F130040FD301F0C8F8E4
:10722000204CAC4226D301F0D7F8F9F735FA1F4AC3
:10723000938923F00103938106B070BD54F80C3C90
:10724000059354F8103C049354F8143C039354F8F9
:10725000183C029354F81C3C019354F8203C0093D2
:1072600054E90A2354E90C0100F042FD54F8303C83
:107270005E65CEE7D4E90A23B3F1FF3F08BFB2F160
:10728000FF3F05D052EA0301206803D100F07AFDE8
:107290003034C6E70649183001F074F9F8E700BF4A
:1072A000B91A00202CDB000C2CDB000C900D002008
:1072B00055D0000C882370B5134E012203FB0066E5
:1072C000002386B0CDE904230F220193CDE90232D9
:1072D00014234FF4A0720D4D0D4903FB00550446D5
:1072E00002FB00110B4B3046009500F001FD337C92
:1072F0002C7423F004033374074B013403EBC423D1
:10730000EE606B6006B070BD080D00208016002096
:10731000C02D0020A9CB000CC02500207FB5002087
:10732000FFF750FF2C4B83F308880025E0232B4CFC
:1073300084F82230E57725766576A57684F82050A6
:10734000E576636A43F4E0236362636A43F40023EF
:107350006362A563E3689BB243F0BF6343F4083301
:10736000E360FAF7EBFEFAF7C5FF4FF0FF33A362D5
:10737000E362FBF7B5F9FBF737F8F9F78DFF18482B
:1073800000F0F4FC0120FFF71DFF0220154CFFF771
:1073900019FF01F005F8144B4FF480625C61134B48
:1073A0001349059301232046CDE90353CDE9015547
:1073B000104B009500F09CFC0646237C204623F0F1
:1073C0000403237405F00EFE2846FFF773FF3146D1
:1073D0002046084AFAF772FFC02D002000ED00E0B9
:1073E000180E0020900D0020801600200BFB000CD2
:1073F000002F0020F571000C38B5064C064DAC424C
:1074000001D3002038BD2046D4E9011205F04EFB1F
:107410001434F4E73C0400205004002030B5054B40
:1074200085B0DDE908450293CDE9004505F0FCFA99
:1074300005B030BD6992000C38B5074C074DAC4221
:1074400001D3002038BD204605F054FB08B91C3498
:10745000F5E76FF01500F5E7200400203C0400205C
:1074600073B50C46EFF31181202585F31288BFF325
:107470006F8FC5685DB125602B68C3608369013378
:107480008361002081F31188BFF36F8F11E052EA0E
:10749000030603D16FF00B002560F3E7CDE900236D
:1074A0000246083000F086FE18B9034B9B685B6902
:1074B000236002B070BD00BF80160020F7B50D46F6
:1074C00004469DF82010EFF31187202080F31288E6
:1074D000BFF36F8F266AE068864240D22668B442C6
:1074E0001AD0CEB1304605F06AFB06F1180005F05F
:1074F000A1FE2946002554F8082F706905F0A0FF69
:107500003046C6F8805005F06DFD2046394605F03E
:10751000C7FD284603B0F0BDA268A9B12946E069BD
:1075200005F08EFFE369A26813446269E361934248
:1075300001D12369E3610020236A0133236287F3C9
:107540001188BFF36F8FE5E7A06923692946984248
:1075500008BF6069801AA06105F072FFEBE752EA8C
:1075600003010BD0074904F1080089684D61CDE99A
:1075700000233946224600F01DFECBE76FF02200C3
:10758000DDE700BF80160020F7B504460846EFF39C
:107590001186202181F31288BFF36F8F216A0029A1
:1075A0003BD0A268A16905F04BFFA369A2682568DA
:1075B00013446269A361934204BF2369A361236AF0
:1075C000AC4203F1FF33236236D02846002D34D07D
:1075D000002705F0F4FA05F1180005F02BFE6969A3
:1075E000A268E06905F02CFFE369A268284613440D
:1075F0006269E361934204BF2369E361236A013353
:107600002362C5F8807005F0EDFC04F108003146F6
:1076100005F046FD384603B0F0BD52EA030111D033
:107620000A4989684861CDE900233146224604F1C0
:10763000080000F0BFFDEEE7002086F31188BFF3DD
:107640006F8FE8E76FF02200F7E700BF8016002099
:107650002DE9F341044617461E46EFF31188202317
:1076600083F31288BFF36F8F304BC2689B6872B18F
:107670008068984217D057EA060216D188F311881D
:10768000BFF36F8F6FF00F0002B0BDE8F08193F988
:107690000E1001322161C4E9023288F31188BFF370
:1076A0006F8F0020F0E72169F3E793F90E1090F94E
:1076B0000E30994230DA9942A8BF194605F093FA84
:1076C000054622464146CDE90076194800F072FD94
:1076D0000028E6D0EFF31186202383F31288BFF34E
:1076E0006F8FA068D0B1236821699C420AD04BB14A
:1076F00093F90E309942A8BF19466FF07F03994263
:10770000B8BF194605F06FFA40B13146084805F098
:10771000C7FC6FF00A00B7E70025D2E7002DF4D1CF
:1077200086F31188BFF36F8FF3E700BF8016002048
:10773000BA1A0020F8B583680546002B40D0234ACA
:10774000926893423FD1C368012B03D9013BC360C8
:107750000020F8BDEFF31187202383F31288BFF3D5
:107760006F8F0169806805F03EFA2C68A54207D149
:107770000023C5E9023387F31188BFF36F8FE7E772
:10778000002CF5D0D4E90032002613605A60237C27
:10779000C4E9006623F002032374A66004F1180014
:1077A00005F048FDAC6094F90E3020462B61C4F81A
:1077B000806005F017FC3946054805F071FCC7E705
:1077C0006FF01500C5E74FF0FF30C2E780160020CC
:1077D000BA1A002037B51146EFF31185202282F343
:1077E0001288BFF36F8F04689CB12368426823F04E
:1077F00003039442036008BF43600121204605F063
:1078000076FA044685F31188BFF36F8F204603B0E4
:1078100030BD51EA0302F5D000F10802CDE90013B2
:107820001046294600F0C6FC0028EFD1014B9B68AA
:107830005C69EBE78016002070B5EFF3118620231A
:1078400083F31288BFF36F8F0468A0421BD0D4B1BA
:10785000D4E90032002513605A60237CC4E9005546
:1078600023F002032374A56004F1180005F0E2FC84
:107870002046C4F8805005F0B5FB3146BDE87040A5
:10788000064805F00DBCD0E902329A4218BF013318
:10789000836086F31188BFF36F8F70BDBA1A002022
:1078A00013B5EFF31181202484F31288BFF36F8F97
:1078B000846844B1013C846081F31188BFF36F8F09
:1078C000002002B010BD52EA030406D181F31188F2
:1078D000BFF36F8F6FF00F00F3E7CDE9002302468F
:1078E000014800F067FCECE7BA1A002070B50546C5
:1078F000EFF31186202383F31288BFF36F8F0023E9
:107900002C68A54219D0C4B1D4E9003213605A6082
:107910000023227CC4E9003322F002022274A36017
:1079200004F1180005F086FC6FF00A032046C4F845
:10793000803005F057FB0123E2E70022AA6023B95B
:1079400086F31188BFF36F8F70BD3146BDE870407C
:10795000014805F0A5BB00BFBA1A00202DE9FF4180
:1079600004462027534EEFF3118887F31288BFF3A4
:107970006F8FD4F88C50F5B9022104F1A40005F002
:10798000EFF9002870D004F19C050022012128465F
:1079900005F00DFC0028F8D100234FF0FF320293D0
:1079A0004FF0FF334146CDE90023434804F19402F0
:1079B00000F028FDD7E7D4F890202B689542C4F852
:1079C0008C3008BFC4F89030D4F8A43043F00203E0
:1079D000C4F8A430EB6823F0040343F00103EB6028
:1079E0006B6888F31188BFF36F8F28469847EFF3D1
:1079F000118887F31288BFF36F8FEB68D80623F0E6
:107A000001023ED4EA60EB689A0717D5306823F08C
:107A10000203EB6090B10021036878B1426895429F
:107A20003DD10368002934D172683360904200D19F
:107A30007360002340F8083BFFF7FEFED4F8A43043
:107A400023F00203C4F8A430DB0530D4D4F88C3022
:107A5000003B18BF012388F31188BFF36F8F002B01
:107A600081D005F085FA7EE7D4F8A430D90693D505
:107A7000C4F8A40088F31188BFF36F8F04B0BDE889
:107A8000F08123F01103EB6005F11000FFF7D4FE45
:107A9000B9E70B607368984208BF7160C9E7014697
:107AA0001BB11A6818461346B7E71A46FAE70023CF
:107AB000D1E700BFA0160020BA1A002070B5C36835
:107AC0000546C3F340069B070C460DD50122002155
:107AD00004F1080005F038F900232360054B6560C8
:107AE0005A681AB9C3E90044304670BD14605C603E
:107AF000FAE700BFA0160020F8B5C36804469A074D
:107B00000E46C3F3400542D45F0742D40B680BB95D
:107B100083680B60E368D80742BFA368022533601F
:107B2000376858BF012557B31B4B9A68D7F8883080
:107B30009A421ED105F0F2F980F00100C0B2D7F8E8
:107B4000A430D907C3F380021CD5F2B1F8B10023E9
:107B50002360D7F8903073B9C7E92344384605F05D
:107B600019F9E36843F00403E3603368A36028462F
:107B7000F8BD0020E3E71C60C7F89040EEE76FF027
:107B8000150506E06FF0120503E01B07DFD56FF067
:107B90000F0500233360EAE7801600200146014804
:107BA00005F075B9C00E0020F0B50446002089B07C
:107BB0000E9DC4E9230004F19400C4E9250004F1FA
:107BC0009C00C4E9270055B32879002840F2011031
:107BD00008BF0120C4F8A40000204FF0FF364FF08A
:107BE000FF37CDE90330CDE90100CDE90667204636
:107BF0000C4B009400F0EAF855B1296811B1204609
:107C000005F092F96B791BB1A38943F00103A381BD
:107C1000204600F0B7F8C4F8884009B0F0BD012054
:107C2000D8E700BF5D79000C37B501900846EFF347
:107C30001184202181F31288BFF36F8FC16811F086
:107C40001E0F16D153EA020508D101A9FFF754FF10
:107C500084F31188BFF36F8F03B030BD41F008018A
:107C6000C160019910308161034900F08BFC012053
:107C7000EEE70020ECE700BF09CE000C014601480A
:107C8000FFF7D2BFC00E0020F7B50C4616461D46C2
:107C90000190EFF31187202383F31288BFF36F8FD6
:107CA000084605F068F855EA060309D1204601A9FF
:107CB000FFF722FF87F31188BFF36F8F03B0F0BD8A
:107CC000E368324643F00803E360019B0449A36282
:107CD00004F110002B4600F055FC0120EAE700BF3C
:107CE00009CE000C01460148FFF7CEBFC00E0020B0
:107CF0002DE9F043984685B000F15803C0E91633EA
:107D0000109B002683810423073222F007050374A9
:107D10000F9B01EB05090F4683734946C0E90666D0
:107D20008660C6730446F9F737FF0E9B073020F0D4
:107D300007002067C4E91A7502930D9BA9EB00099F
:107D400001930C9B4A460093394643462046FAF776
:107D500099FA054B66659B6803B15B6F484663679C
:107D600005B0BDE8F08300BF801600200123037436
:107D700083810023C0E91A334367014B9860704741
:107D80008016002038B50446EFF31185202383F3D5
:107D90001288BFF36F8F037C5B070FD5183005F097
:107DA00049FA237C204623F00403237405F029F9C3
:107DB0002946BDE83840044805F072B985F31188BA
:107DC000BFF36F8F38BD00BFBA1A0020F0B5002591
:107DD00087B00595109DDDE9127604950F9D044648
:107DE00003950E9D02950D9D01950C9D0095FFF745
:107DF0007FFFB6F1FF3F08BFB7F1FF3F05D056EA5E
:107E0000070305D12046FFF7BDFF204607B0F0BDB0
:107E10003A46334604F11800014900F0B3FBF4E799
:107E200055D0000C6FF00A01094A9368C3F880101E
:107E30000849D8674B6843F080534B60002383F3B5
:107E40001188BFF36F8F9368D3F88000704700BF2D
:107E50008016002000ED00E038B590F910200146B2
:107E6000002A037C04DA03F07F03037405F082F830
:107E70000D4D2A4652F8184FAB68944200D004B911
:107E8000EC688B4207D01A7CD20604D1DA897F2AAB
:107E900001D9A2692AB1A34202D0204600F0F4FA27
:107EA00023466B6138BD00BF8016002070B590F985
:107EB0001020037C002A2FDBD9062DD11A4C63F049
:107EC0007F032246037452F8183FE169934207D1B9
:107ED000C0E900210860E0610FE09942F8D01B681A
:107EE000002BF5D093F90E6090F90E50AE42F4DD00
:107EF0005968C0E9003108605860A569954200D012
:107F000005B9E568A3681A7CD20606D1DA897F2A0A
:107F100003D9AA690AB9636170BDAB4202D0284691
:107F200000F0B2FA6561F7E780160020034648B911
:107F3000EFF3058232B9064A51699268914201D045
:107F4000FFF770BF83F31188BFF36F8F704700BFD7
:107F50008016002038B5184CA168E0690B68814292
:107F600014BF1A46002249680B605960A368E16992
:107F70002AB9124AC3E900210B60E3610AE092F9D1
:107F80000E5093F90E00854212DD5168C3E90021BD
:107F90000B605360A569094B9D4200D005B9E568A7
:107FA000A3689D4202D0284600F06EFA656138BD94
:107FB0008A42DED01268DBE7801600209816002087
:107FC000002A2DE9F0470CBF4FF010094FF00809C7
:107FD000027C044619EA020F0E460F4628D149EAF0
:107FE0000203D20946D10374B9F1080F48D04FF00B
:107FF0000008DFF8F0A0534653F8185F9D4200D008
:108000000DB9DAF80C50DAF80830AB4202D0284645
:1080100000F03AFAB9F1100FCAF8145008D020460F
:1080200001F0DCFEB8F1000F02D02F48FFF79EFEF2
:108030002C4B9B68A3424FD1EFF30583002B4BD110
:10804000A289D20711D586F31188BFF36F8F83F30E
:108050001188BFF36F8F0423184602DFEFF31187F7
:10806000202383F31288BFF36F8F3846BDE8F047B3
:10807000FFF7D8BE03F07F03037404F07BFFB3E780
:10808000A36813B1204604F07DFF04F1180005F049
:10809000D1F8A56D04F15808A84511D04FF0000A99
:1080A00075B1284604F06EFF05F1180005F0C2F81E
:1080B0002846C5F880A0FFF7F9FEA56DA845EFD1C9
:1080C000084B9B689C4292D1EFF30588B8F10008F9
:1080D00018BF4FF001088CE786F31188BFF36F8F4C
:1080E000BDE8F08780160020180E002070B50F4DF7
:1080F00006462B4653F8184F9C4200D004B9EC6852
:10810000AB681A7CD20604D1DA897F2A01D9A26928
:108110002AB1A34202D0204600F0B6F923466B6193
:108120003046BDE87040FFF701BF00BF8016002059
:1081300070B5EFF31186202383F31288BFF36F8F9E
:108140001A4CA168E0690B68814214BF1A460022EC
:1081500049680B605960A368E1692AB9144AC3E908
:1081600000210B60E3610AE092F90E5093F90E00D2
:10817000854216DD5168C3E900210B605360A56993
:108180000B4B9D4200D005B9E568A3689D4202D023
:10819000284600F079F965613046BDE87040FFF788
:1081A00041BE8A42DAD01268D7E700BF80160020AD
:1081B00098160020F8B5124B0C46DDE906761146FC
:1081C0009868104A1060EFF31182202282F312881F
:1081D000BFF36F8F9D68284604F0DEFEB6F1FF3FC7
:1081E00008BFB7F1FF3F06D03A463346064905F1CE
:1081F000180000F0C7F92046BDE8F840FFF712BEAE
:1082000080160020A816002055D0000CF8B50446B2
:10821000EFF31187202383F31288BFF36F8F037C62
:1082200049B203F01F02002A0CBF0126002635D1F7
:1082300003F07F032A4D037404F09CFE2A46037C5E
:10824000817363F07F03037452F8183FE869934227
:1082500007D1C4E900200460EC610DE09842F8D039
:108260001B68002BF5D093F90EC08C45F6DD5968DC
:10827000C4E900310C605C60AC69944200D004B980
:10828000EC68AB689C4202D0204600F0FDF86C61BF
:1082900087F31188BFF36F8F3046F8BD9B071CD55D
:1082A000856804F067FE81732B689D4209D16B6875
:1082B000C4E900531C606C60EAE76A689A42F6D031
:1082C0001B68002BF3D093F90E208A42F5DD5A6823
:1082D000C4E9003214605C60DAE78173D8E700BF5C
:1082E00080160020034648B9EFF3058232B9064AEA
:1082F00051699268914201D0FFF794BD83F31188D0
:10830000BFF36F8F704700BF80160020F8B550EAAA
:10831000010306460C4603D104F02AFE0020F8BDF6
:10832000EFF31187202383F31288BFF36F8F184D6B
:10833000184BA868186004F066FEA8683246234609
:108340001549183000F01EF9AB6804461A7CDF6747
:1083500042F004021A746FF00A02C3F880200F4A38
:10836000536843F080535360002383F31188BFF3B5
:108370006F8FAA68D2E90A12B2F1004F08BF994282
:10838000CCD104F08CFF201A20EAE070C7E700BFD0
:1083900080160020A816002055D0000C00ED00E04B
:1083A000024B03F11802C3E9062270478016002031
:1083B000EFF31181202383F31288BFF36F8F054BF6
:1083C0009A68D37B013BD37381F31188BFF36F8F1E
:1083D000704700BF80160020EFF31180202383F345
:1083E0001288BFF36F8F034B9A68D37B0133D3732B
:1083F000FFF77CBE80160020014B9868704700BFD5
:1084000080160020D3B5DDE90667089CCDE900673A
:10841000FFF7D0FE1CB1034B9B685B69236002B081
:10842000D0BD00BF80160020027C034612F01F0260
:1084300010D10A4988420DD00949086868B1D98924
:108440007F2909D893F90E20064B1B689A42B8BFC2
:10845000002070470020704710467047080D00202C
:108460003C030020AC1600200122044BC01A044B30
:10847000C0105843034B1A54704700BFA00E002091
:10848000ABAAAAAABA1A002070B50C4B0C4D1E7CE0
:10849000FFF7CAFF182303FB06550446284604F0DD
:1084A000C9FE0022074B9A553CB1621E2846BDE822
:1084B00070400549D31700F065B870BD80160020E4
:1084C000A00E0020BA1A00206984000C38B5EFF322
:1084D0001185202383F31288BFF36F8F0F4B104A4F
:1084E0009C681068A04206D1FFF7CEFF85F3118883
:1084F000BFF36F8F38BD00211B7C1160094AD35C2C
:10850000002BF3D02046FFF78FFF0028EED0237C0E
:10851000DB0601D1FFF71EFD2046E5E780160020AF
:10852000A8160020BA1A0020024B1868984208BF0B
:108530000020704740030020034B1B680BB9FEF777
:1085400089BD0020704700BFB016002030B570B163
:108550000B4B5B6898420AD0036843B1D3E904210E
:10856000D0E90445121941EB0501C3E90421D0E922
:10857000003213605A600023C0E9003330BD00BFF1
:1085800040030020B3F1FF3F08BFB2F1FF3F2DE9E8
:10859000F84F0446994615461F467AD08160EFF39E
:1085A0001188202383F31288BFF36F8FB9F1000F76
:1085B000DFF8E4A020DBFFF7BFFFDAE90027013591
:1085C00049F100092D1849EBE07306464FF0010907
:1085D000C4E90453AD1843EB0707FFF7A5FF0346B3
:1085E000DFF8B8E0DEF804A0EBB9C4E900EACAF8A5
:1085F0000040CEF8044028E06FF00103DAE90012F1
:108600005B1A4FF0FF3161EB02025B1B62EB090268
:10861000012B72F10001BCBF012300224FF00009C1
:10862000C0E90432D9E7D3E9041CD4E904208A4222
:1086300070EB0C0B24DA891A5A686CEB0000C3E962
:108640000410C4E9003214605C60FFF76DFF8442DF
:108650000ED1134B1B685BB9B9F1000F02D1FFF7C4
:108660006BFF0646304604F0CEFD0021FEF776FC97
:1086700088F31188BFF36F8F28463946BDE8F88F1D
:10868000521A60EB0C005345C4E90420ADD01B68BE
:10869000AAE700252F46EFE7B80E00204003002090
:1086A000B01600202DE9F047DFF8A8900246C9F87F
:1086B00000000D46FFF738FF00260027DFF89880FE
:1086C0004FEAE27ED8E9001350B1D0E9044CA2424F
:1086D0007EEB0C0A1ADAA41A6CEB0E06C0E904460B
:1086E0000024521843EB0E032046C8E90023C9F8C2
:1086F000004004F088FD2146FEF730FC85F3118828
:10870000BFF36F8FBDE8F047FFF7E0BE611843EBA2
:10871000E473C0E90467C8E90013FFF717FF0122FB
:108720004FF00043C0E9042385F31188BFF36F8F36
:1087300083689847EFF31185202383F31288BFF3F2
:108740006F8FD9F80020121BC9F80020FFF7ECFE4C
:10875000B6E700BFB0160020B80E002010B5EFF34A
:108760001184202383F31288BFF36F8FFFF7E4FE99
:108770000346054AD2E90001181841EBE37184F37E
:108780001188BFF36F8F10BDB80E0020F8B50446F6
:10879000EFF31187202383F31288BFF36F8FD0E9A3
:1087A0000423B3F1004F08BF012A04D087F31188D6
:1087B000BFF36F8FF8BDD0E90A566A1C46F100037B
:1087C000022A73F1000334D3013D46F1FF36002E37
:1087D000BCBF00252E4604F066FD013041F10001CA
:1087E000401946EB0101012871F1000148DB04F05A
:1087F0005AFD6FF00203013041F10001401946EBD0
:10880000010183426FF000438B413EDB04F04BFDDE
:10881000013041F100016FF00102401946EB010304
:108820004FF0FF31121A61EB030320461949FFF79D
:10883000A9FE236B01332363236A63B187F3118895
:10884000BFF36F8F20469847EFF31187202383F300
:108850001288BFF36F8F54F8185FA542A6D0002D81
:10886000A4D0284604F0D1FB0023C5F8803087F35C
:108870001188BFF36F8F2846BDE8F84004F0B2BB03
:108880006FF001024FF0FF33CFE700224FF00043BB
:10889000CBE700BF8D87000C2DE9F04105461C4653
:1088A00090461F46EFF31186202383F31288BFF30F
:1088B0006F8FB4F1FF3F08BFB2F1FF3F05D186F3E0
:1088C0001188BFF36F8FBDE8F081002C09DB012A0E
:1088D00074F10003BCBF0122002412F1FF3844F1FF
:1088E000FF37284604F0A6FCDDE906010023C5E9B0
:1088F0000A012B6342463B4628460249FFF742FEE7
:10890000DDE700BF8D87000C70B50546EFF31184DD
:10891000202686F31288BFF36F8F04F08BFC20B102
:1089200084F31188BFF36F8F70BD6B6A63B184F3FA
:108930001188BFF36F8F28466B6A9847EFF3118455
:1089400086F31288BFF36F8F05F1180004F092FBD5
:108950000028E5D004F046FB2146BDE87040014800
:1089600004F09EBBBB1A002073B50446EFF31186DA
:10897000202383F31288BFF36F8F8368594003EA83
:1089800002050A4053400022009309496B460192B8
:1089900004F0D9FBDDE9003223EA020304F10C0004
:1089A0003146A36004F07CFB284602B070BD00BFD6
:1089B000D5D3000CF8B507460C46164604F0AEFABF
:1089C00008B10020F8BD0D4B9B685D6F002DF8D0FD
:1089D000221DF6D2EFF31184202383F31288BFF314
:1089E0006F8F284647F00401B04784F31188BFF326
:1089F0006F8F0028E5D040F8045BE3E78016002085
:108A00000146024A0020FFF7D5BF00BF6392000C69
:108A1000014800F04DBD00BF13FB000C07B5074B2C
:108A20004FF48062009306494FF0FF330548FFF78B
:108A3000BBF8002003B05DF804FB00BF38DF000C7A
:108A400000330020C00E00200CB430B58BB00446BB
:108A50000D462022002102A804F0FFFC0223002D75
:108A600006948DF80A300C4B039312DB01D06B1E79
:108A70001C440FAA0E9902A80794019200F00EF868
:108A800015B1069B00221A700BB0BDE8304002B051
:108A900070470024EDE700BF2FD5000C2DE9F04F03
:108AA00043688BB080469246009383789C0740F1E0
:108AB000F98000250878002800F0F68025280AD0E3
:108AC0004B1C019301354146009B98470028C0F29A
:108AD000E3800199EEE74E788B1C252E0193F1D0AF
:108AE00000270A22B9463C461F2C22D8A6F12003B3
:108AF000102B20D8DFE803F0141F1F1A1F1F1F0BB5
:108B00001F1F1F121F171F1F090044F00104019BA4
:108B100013F8016B0193002EE6D13AE044F0020411
:108B200044F00404F3E744F00804F0E744F01004D0
:108B3000EDE77F2C24D8A6F13003092B08D8600676
:108B40004EBF02FB073744F0200402FB0939DEE781
:108B50002A2E0DD161065AF8043B53D4002BA7BF2F
:108B600044F020049946C3F1000944F02804CEE7FC
:108B70002E2E05D1630600F1978044F04004C6E72D
:108B80006C2E2ED028D8682E32D06A2E37D04C2E9C
:108B900035D0002F46F02003B8BF24F04004A3F1E5
:108BA0006502BCBF0027A4B2022A01D9612B2BD1D8
:108BB0000AF1070A07279D4E2AF0070A0AF1080A58
:108BC000210760D506EB070B34465C455DD1AE1B33
:108BD000A9EB0709A21959E1742E98D07A2E96D0E4
:108BE000D7E7260648BF44F4007444F080048EE7BB
:108BF000E00548BF44F4007444F4807487E744F40B
:108C0000207484E71F4682E7A6F16302122A00F26D
:108C1000D880DFE812F013004D00D600D600D60051
:108C2000D6004D00D600D600D600D600D600E8000B
:108C3000D100D600D6001A00D600A0005AF8043B96
:108C4000012704AE8DF81030BAE75AF8046B784B60
:108C5000002E08BF1E4614F0400F304614BF3946A0
:108C60004FF0FF3104F001FC0746A9E74146202000
:108C7000009B984700280FDB013CA742F6D34D44E8
:108C8000A1462D1B9EE74C46F7E7414614F8010B21
:108C9000009B9847002898DA98F8023043F00403C4
:108CA00088F802304FF0FF3528460BB0BDE8F08F52
:108CB000220630D5A3052AD50AF1070A2AF00703B0
:108CC0009A4659685AF8080B24F0100B00291FFA2D
:108CD0008BFB2FDA40424BF4806B61EB410104AC1B
:108CE0000A23224604F0CDFB1BF0400FA0EB040248
:108CF00000F08E802BF001049742A4B240F38F80E5
:108D0000002E40F08E802BF01104A4B21DE05AF822
:108D1000040BC117D8E7E0055AF8041B01D4084634
:108D2000F7E7A20547BF48B241F3C01108B241F3CB
:108D3000C031C9E750EA0103D1D16306CFD5002F76
:108D4000CDD124F011043A46A4B23B4640F206418C
:108D50000C4262D124E024F010040A23A4B214F0DF
:108D6000800243D014F4007117BF0AF1070A5AF8C1
:108D7000040B2AF0070292461CBF51685AF8080BF0
:108D800050EA01023ED124F0160B62061FFA8BFB5B
:108D90003CD5002F3AD124F017043A463B46A4B202
:108DA00021075AD4E10705D5994572DDA9EB0303E4
:108DB0009F184B469B464AE044F010041023782647
:108DC000CDE7782B04D1C6F1780343F01003C6E752
:108DD00041462520009B98470028FFF65DAF0235ED
:108DE0004146304670E608230026B8E714F4807147
:108DF0005AF8040BC4D014F400711ABFC0B2114663
:108E000080B2BDE724F006041FFA84FB04AC68E7D7
:108E100013465C46E10699D52EB90133C0E71346E7
:108E2000F8E73B46F6E70233BAE700BF51FB000C18
:108E30004AFB000CCDE9023241462020009B9847B6
:108E40000028FFF629AF0BF1010BDDE90232D9450D
:108E5000F0DCEB1A03EB0B055B46E10627D5414638
:108E60003020CDE90232009B98470028FFF614AF6E
:108E7000DDE902327EB901352F44791B8A4229DBB4
:108E8000144604AE94BB2A44A9EB03091546914449
:108E900040E017468EE7023541463046CDE90232C2
:108EA000009B98470028DDE90232E5DAF4E640F25B
:108EB00006410C42E0D014F0020F05F101054146D5
:108EC00014BF2B20202014F4806FCDE9023218BF8C
:108ED0002D20E5E7CDE902324146009B30200135E7
:108EE00098470028DDE90232C7DAD5E6013C414661
:108EF000CDE90232305D009B98470028DDE902325F
:108F0000C0DAC9E641462020009B01359847002879
:108F1000FFF6C2AEA9EB0503002BF3DCD9E500BFD9
:108F2000704783689B6A03B11847704700F071BEB1
:108F3000836800EBC101B3F5004F2CBF51F822004C
:108F400031F81200704700EBC1018068B0F5004FA6
:108F50002CBF41F8223021F812307047012208B5A9
:108F6000FFF7E6FFD04008BD836800EBC101B3F511
:108F7000004F08D34B681AB143F001034B607047B0
:108F800023F00103FAE74B881AB143F001034B8049
:108F9000704723F00103FAE753000122FFF7D3BF24
:108FA00008B58368B3F5004F06D3FFF7D7FF012854
:108FB0008CBF0020012008BD0020FCE78368B3F5CA
:108FC000004F34BF04230823C91A081AC008704789
:108FD0008368B3F5004F28BF0139B1FA81F0C0F1C1
:108FE0001F0070472DE9F041174603220E46044644
:108FF000FFF79EFF8642054607F104080AD10122C9
:10900000E368BA4023EA0203E360002344F828300F
:10901000BDE8F081314602222046FFF789FF06466F
:109020002B4601460322204644F82850FFF78BFFC9
:10903000334629462046BDE8F0410222FFF783BFB0
:1090400038B504460D46FFF7ABFF70B929462046F8
:10905000FFF784FF01462046FFF7BAFF2946024684
:109060002046BDE83840FFF7BDBF38BD2DE9F047C9
:1090700005468946FFF7ACFF05EB800ADAF8107069
:10908000064677B94FF0FF34EB680136B4401C4018
:1090900015D094FAA4F2B2FA82F2131D55F82340C7
:1090A00009E03C464FF0030821462846FFF756FFEB
:1090B000814507D8324621462846FFF793FF2046D0
:1090C000BDE8F087214603222846FFF731FFB8F1BB
:1090D00001080446CAF81000D4D08742E4D1D1E791
:1090E0002DE9F04114460E460546FFF737FFA4EB85
:1090F0000608371B0744424631462846FFF74CFF17
:109100003A4621462846FFF747FF434600222146BC
:109110002846FFF718FF21462846FFF71FFF3B466A
:10912000211800222846BDE8F041FFF70CBF2DE9C9
:10913000F041164604460F46FFF710FF314605463C
:109140002046FFF70BFF05442A4639462046FFF725
:1091500023FF31462046FFF701FF2B46311800223E
:109160002046BDE8F041FFF7EEBE2DE9F041044690
:109170000D46FFF715FFB8BB29462046FFF7EEFE68
:1091800001462046FFF724FF04EB80010E6996B9E3
:109190000122E36882401343E36002220D612B4603
:1091A00029462046FFF7CFFE032229462046BDE888
:1091B000F041FFF7C8BE022231462046FFF7B8FE55
:1091C0000746034629462046FFF7BDFE03223346E5
:1091D00029462046FFF7B7FE39462B462046FFF7C3
:1091E000B2FE02223146E1E7BDE8F08170B50568C4
:1091F00009B9002070BDAB6801F00704B3F5004F5A
:1092000034BF0422082207341444E40804EBD104D8
:109210009C4228BF1C4628462146FFF727FF0646EA
:109220000028E6D001462846FFF798FEA04209D95B
:109230003444314628462246FFF752FF214628464D
:10924000FFF793FF284601223146FFF78DFEAB68FA
:10925000B3F5004F34BF0423082303EBC6031844BF
:10926000C8E71146FFF7C2BF2DE9F8434B42066835
:1092700003EA010731EA03031446B2680ED0B2F5DF
:10928000004F2CBF08230423BB4228BF3B46B946EE
:10929000CF1B94B900252846BDE8F883B2F5004FEE
:1092A00034BF04230823994204D82146BDE8F8437B
:1092B000FFF79CBF4FF00009EBE7B2F5004F34BF5A
:1092C00004250825FB1AE10804F0070001EBD3018F
:1092D000073003F0070303442B4401EBD301914211
:1092E00028BF11463046FFF7C1FE80460028D1D086
:1092F000B36809EBC005B3F5004F34BF042308235E
:109300001D4435447B1E1D44B5FBF7F57D43A5EB9D
:10931000090529463046FFF751FE2C44073424F056
:109320000704A41B804507464FEAE40408D202461E
:1093300041463046FFF7D4FE41463046FFF715FF61
:1093400039463046FFF70AFE3844844208D239468F
:1093500030462246FFF7C4FE21463046FFF705FFA0
:10936000012239463046FFF7FFFD94E7B2F5802F22
:1093700034BF042308232DE9F0410026D21A8C18AB
:10938000CD1D25F0070524F00704641BE4080560E3
:1093900021462846AC60EE60FFF71AFE820002F11B
:1093A0001B07FF083146043205F1100004F055F8A0
:1093B0003A4631462846FFF7EFFD334632463146FE
:1093C0002846FFF7C0FDA4EB0708284631460122D6
:1093D000FFF7CAFD42463946FFF7DEFD3B463246FF
:1093E00039462846FFF7AFFD21462846FFF7D4FD52
:1093F0004346324621462846FFF7A5FD214628462A
:109400000122FFF7B1FD3946BDE8F041FFF7ADBEDF
:109410002DE9F04706460D46174698462BB34FF008
:10942000000A98F8004093F80190DB78A40004EB60
:10943000430498F802301C444444CA4509D33946D1
:109440003046AC46D8F8042008F10803BDE8F047E0
:10945000604714F8013B0AF1010A204648F823400E
:10946000F6F7F2FD01300444E7E76FF01500BDE8C0
:10947000F08730B502460024002012F8013B43B1CA
:1094800078B18C4207D1702B04D0A3F140053A2D5E
:1094900007D8002030BDA3F140053A2D01D8013492
:1094A000EAE7252B08BF80F00100E6E700207047BF
:1094B0000FB407B504A951F8040B019100F026FB85
:1094C00003B05DF804EB04B0704710B503690246C1
:1094D00013F0080009D11368D4689C429BBF012097
:1094E000126AE31AD31A0B6010BD00231846FAE77C
:1094F00013B501A90446FFF7E8FF20B1019BE2681C
:10950000013B13440193206A019BC01A013802B049
:1095100010BD10B5044650182269236AD20702D53F
:10952000013B184010BD984228BFC01AFAE710B599
:1095300004460A46C168FFF7ECFF2369E06023F0A8
:109540000803236110BD38B50D46C2698B00016860
:1095500043F00203044642F8213001682A46FFF72F
:10956000D8FFE3686168984208BF2369206008BF9C
:1095700043F008032A46204608BF2361FFF7C9FFCE
:10958000606038BD2DE9F74F0F460021D0F80CB0D0
:10959000C669009216F82B209A4602F00302022AAE
:1095A00014BF894656F82B2006EB8B030193009BD2
:1095B00008BFC2F39D0919600446CAF80010B9F14A
:1095C000000F07D04946FFF7B2FFE368A3604FF0F2
:1095D000010804E001698A0705D44FF000084046FD
:1095E00003B0BDE8F08F816906EB8B00884716F861
:1095F0002B10054611F00108EFD08B071DD51FB1C8
:1096000039462046FFF79FFF61682A462046FFF74C
:1096100080FFD4E902138B42606007D12A462046BE
:10962000FFF777FF4FF000080146A0602369216033
:1096300043F00803E1602361D1E701462046FFF7CC
:1096400076FFE168A1601FB12068E16941F82090D0
:10965000EA19CAF8002021682046FFF75AFF22695C
:10966000206042F00802226116F82B2022F001024D
:1096700006F82B20DDE900321A60A8E770B5044631
:109680001546FFF746FF2368834205D12369216011
:1096900023F00803236170BDE269AB0043F00203CD
:1096A00042F8213061682A462046FFF732FF6060A9
:1096B000F1E738B5036904465B0706D5456AFFF74D
:1096C00017FF85422CBF6562606238BD38B50D4614
:1096D00004461C22002103F0C0FE0022EB68A361B7
:1096E000AB6863612B68E3616B68626223622A691D
:1096F00023B1591E194208BF42F001022261012222
:1097000004F128000021BDE8384003F01DBB2DE91D
:10971000F04F00259846036A87B08B4204460E46F8
:109720009346AA460395059538D3EFF31189202374
:1097300083F31288BFF36F8F059A2AB1294620461A
:10974000FFF79CFF0023059304A92046FFF7BDFE09
:1097500004990746B1422AD32268E369204613F8E8
:10976000221003EB820A21F0030103F82210216882
:109770003246FFF7CEFEE3682060984212D0002701
:1097800089F31188BFF36F8F039929B162690AB118
:109790002046904700230393002FC6D1504607B0C0
:1097A000BDE8F08F236943F008032361E7E718B1B0
:1097B0002046FFF7C8FEE3E75BEA08031CD00191EF
:1097C00003F0ACFB0199B8B9B9F1000F14D189F3DA
:1097D0001188BFF36F8F5A46434604F12800FEF705
:1097E0005FF8EFF31189202383F31288BFF36F8FA3
:1097F000B0FA80F77F09C3E7204605AB03AA2568C6
:10980000FFF7C0FE0746BBE770B50446836908460C
:109810000D4698470246EFF31186202383F3128802
:10982000BFF36F8F2B78204643F001032B706168E4
:10983000FFF76FFE60602046FFF73BFF86F311885D
:10984000BFF36F8F70BD2DE9F84304460027202633
:10985000EFF3118586F31288BFF36F8F2369A26837
:10986000190702D46368934200D2236A9B1A002B23
:1098700042D0E06910F8221000EB820911F00303D6
:109880003AD0022B04D150F822305FEA930805D178
:10989000CB0720D44846A36998478046A168424632
:1098A0002046FFF736FE0127A06041462046FFF71D
:1098B0003EFE3B4685F31188BFF36F8F002BC7D167
:1098C00037B1B9F1000F03D104F12800FDF7B4FF5F
:1098D0004846BDE8F88341F0020100F82210A36970
:1098E0004846D4F808809847414602462046FFF78C
:1098F00010FE0023A060DDE79946DBE7F8B50446DB
:10990000836908460D4698470646EFF311872023E2
:1099100083F31288BFF36F8F2B7823F001032B7032
:1099200023699B0705D5E268E36903EB82039D4247
:109930001AD12B7823F002032B70D4E9023199421B
:1099400004D132462046FFF7E4FDA06031462046B0
:10995000FFF7EDFD87F31188BFF36F8F04F1280047
:10996000BDE8F840FDF768BF2B6860F39F032B60EC
:10997000F0E7EFF31181202383F31288BFF36F8F99
:1099800002698368120702D442689A4200D2026ACE
:10999000D31A81F31188BFF36F8F181E18BF0120EF
:1099A000704770B506460C888888241A3069A4B2BE
:1099B000844285B224BF641BA4B22D1BA8B2984276
:1099C00028BF18463368234413600B8803440B8078
:1099D00070BD70B4838985880669ED1AADB2731BBA
:1099E000934228BF134670BC0A46011DFFF7D9BF3A
:1099F00070B40E460146C58831F80A3FEC1AA3B28E
:109A0000934228BF1346324670BCFFF7CABF10B559
:109A10004B880C88E41AA4B294420ED31A4492B232
:109A20008B884A800A800069D21A92B2824201D29F
:109A3000002010BD03448B80FAE76FF01500F8E7B3
:109A40002DE9F34106460F4615464FF000082A4619
:109A5000304601A9FFF7BDFF044640B10246394632
:109A6000019803F0EDFC2D1BA0442744EFD14246A2
:109A70003046311DFFF7CBFF404602B0BDE8F08114
:109A80002DE9F34107460E4615464FF000082A46D9
:109A9000384601A9FFF7ACFF044648B12EB1024693
:109AA0000199304603F0CCFC26442D1BA044EED196
:109AB0004246384607F10A01FFF7A9FF404602B0C7
:109AC000BDE8F081704703785B075FBF0368428899
:109AD000C3F34A2303EB12105DBF173020F00700D9
:109AE000800800207047002070470346D3E8EF0F3E
:109AF000421CC3E8E12F0029F8D1704708B503F0F4
:109B0000D2FB0A220023F6F77BFA08BD1FB500231B
:109B1000CDE902011A4619461846CDE90033F7F798
:109B2000A5FD05B05DF804FB0120F7F763BB00203D
:109B300070474368DA7101224368196043685A71BB
:109B4000F7F74ABB70B515460C4669B1D2E9013644
:109B50009B1B99420AD813680A460146981903F0DC
:109B60006FFCAB682344AB60204670BD6FF01B00F8
:109B7000FBE770B50E4615461946044618B9BDE810
:109B80007040F7F737BB33B1C2F34A231030120DE0
:109B9000184403F055FCC4E900562046BDE8704067
:109BA000F7F7C4BC2DE9F3415F1C4FEA870806466E
:109BB00008F1170020F0070080080C461546F7F75B
:109BC00093FB00238DF80470ADF805308DF8073055
:109BD00068B10346019AA8F1040143F8102F2A4600
:109BE000294452F8045B8A4243F8045FF9D1002308
:109BF0003146A20102F4E07242EA482222F07F429A
:109C000022F4700222F03F0202B0BDE8F041FFF7FB
:109C1000B0BF07B50123019201AAFFF7C3FF03B04C
:109C20005DF804FB07B5CDE9002302236A46FFF780
:109C3000B9FF03B05DF804FB1FB5CDE90123069B16
:109C400001AA03930323FFF7ADFF05B05DF804FB02
:109C5000F8B506460D4614461F4604B9F8BD214620
:109C600028463A46B047241A0544F6E710B542683C
:109C70000446D2E9002381680068FFF7E9FF00226B
:109C800063681A6010BD38B54B6805461A68CB6822
:109C90000C469A4202D10846FFF7E8FF6368D3E812
:109CA000EF2F511CC3E8E01F0028F8D1A368002063
:109CB0009D5438BD0A2838B504460D4602D10D2002
:109CC000FFF7E1FF29462046FFF7DDFF002038BD02
:109CD0002DE9F043054689B008460E8891F80090BA
:109CE0000C46D1F808801746F7F712FD011EC6F39F
:109CF0008216C9F3C2091FDB4846F7F729FC034661
:109D0000214651F8102B6088C2F34A22002A01EB49
:109D1000020408BF00210022C0F30B10CDE90507A3
:109D2000CDE9031428464146CDE900220296F7F713
:109D30001BFD09B0BDE8F0830023E1E74368002084
:109D40001B685B681961704743681B681A68526832
:109D50005360704701212DE9F04143681B685A6840
:109D600011751D682F68D5E90136D3E900481CB983
:109D70006B681C60BDE8F081214630464246B8471A
:109D8000241A0644F3E743681B681868F7F722BEF5
:109D900070B543680C461D686B681869F7F706FADA
:109DA000214603460F222868BDE87040184703F09B
:109DB00054BB03F045BB01460068F7F78DBE08B5FC
:109DC000F7F7E6FEBDE80840F8F79ABA0A4601211F
:109DD000FFF71FBF00210120F7F77EBE6FF085005F
:109DE000704761B662B680F31188BFF36F8F70471A
:109DF00072B6002383F31188BFF36F8FBFF34F8FC9
:109E000030BF62B6BFF36F8F704740E800F313F4C2
:109E1000803FD8B208BF6FF01500704730B50C68AE
:109E20004B6885B00A894D890094013B24F01F04DA
:109E3000234402F01F0242EA451223F01F03694641
:109E40008DF808200393F8F705FB05B030BD08B581
:109E5000D1E904319847002008BD08B5F8F70EFD98
:109E6000002008BD7047002303824369C360704728
:109E7000C1698968F8F76EBD027A013202727047D3
:109E800010B508B14B68436000234C6808464B602E
:109E9000F8F7DEFD204610BD8388026819448180F2
:109EA000D018704730B484880568A31883802819B7
:109EB00030BC03F0C5BA10B5838802685C1C84808E
:109EC000D154D01810BD30B5838802689D1C8580A0
:109ED000D418D154090A617030BD83885B1A9BB2D3
:109EE000838000681844704703468288521A828033
:109EF00000680844186070474FF0FF324FF0FF339E
:109F00000430FDF7A5BBFDF715BC90F86C00C0F35D
:109F10004110704783691B6993F8800000F00100CD
:109F20007047F8B504461E460D461746FFF7E4FF96
:109F300094F86C309B0715D425B1012D10D06FF02B
:109F4000150508E0216F0029F9D000259DF818308B
:109F50000F714E718B71201DFFF7D5FF2846F8BD9C
:109F6000616FF0E76FF07705F5E738B504460D4609
:109F7000FFF7C2FF94F86C30201D65F3041384F8DA
:109F80006C30BDE83840FFF7BEBF90F86C00C0F3FE
:109F90008000704783691B6993F88000C0F300104C
:109FA00070470246034652F8640F90420BD10020DE
:109FB0007047027A8A42FBD09A6E8242F7D00068DC
:109FC0000028F6D170470028F3D1704738B5044611
:109FD0000D46FFF791FF94F86C30DB0718D42B691E
:109FE0000BB9EB68BBB1636E1BB904F16403C4E940
:109FF00019332B6893B9A26E04F16401C5E900120C
:10A000001560A5661D46201DFFF77DFF284638BD5B
:10A010004FF0FF35F7E76FF01505F4E76FF07705C0
:10A02000F1E710B50446034654F84C0FA0420DD199
:10A0300000200DE0447D8C4204D1032909D1047A2B
:10A04000944205D01C6D8442F2D000680028F1D102
:10A0500010BD0F29F5E72DE9F84305460C46071D0D
:10A060004FF0FF324FF0FF333846FDF7F1FAD5F8E5
:10A070007490B9F1000F75D0D5F87080B8F1000F69
:10A0800070D095F86C30DB076CD4EB6C1BB905F124
:10A090004C03C5E913332368002B66D1637D0F2B76
:10A0A00009D1237A012B10D02B6D05F14C02C4E9A4
:10A0B00000231C602C65637D032B29D1EA6C05F11C
:10A0C0004C0090422BD1002336E02846E168FFF790
:10A0D0007DFF06460028E7D03846FDF72BFB3046CB
:10A0E000BDE8F8834E7D032E14D0013323724B68F4
:10A0F000C4E900131C604C60637A022B26D0032B4A
:10A100002AD0012B02BF237A89F80E3088F80E304E
:10A110000026E1E70E7A013EB342E6D11268002A3A
:10A12000D1D0517D2B6D03290DD19A42137A02D0E3
:10A1300011680029D6D1013323722B6DC4E90003C5
:10A140001C602C65D8E79342E8D1BCE7237A89F8F4
:10A150000F3088F80F30DBE7237A89F8103088F861
:10A160001030D5E74FF0FF36B6E76FF07706B3E76C
:10A170000346006800B1187A70478388C2888168F6
:10A18000D21A03685B1AD01A70470346C08808B118
:10A190001878C009704770B50C461546F9F79EFF50
:10A1A00040B1406883681B6823B12A462146BDE858
:10A1B0007040184770BDF8B504460D4617468668CE
:10A1C0000369A033D3E8AF3F9B070ED5B36A7BB1D9
:10A1D000F36B98472946B36A3A4620469847336C52
:10A1E0000546204698472846F8BD4FF0FF35FAE768
:10A1F0006FF08505F7E770B504460D46866803697C
:10A20000A033D3E8AF3F9B070BD5F36B98472946A4
:10A21000736A20469847336C05462046984728467F
:10A2200070BD4FF0FF35FAE710B5044619B90020AC
:10A2300084F8300010BDF8F705FD0028F7D0F9E7E5
:10A240000A460121FFF7E5BC4FF0FF324FF0FF3324
:10A250000430FDF7FDB9FDF76DBA21B101290DD02C
:10A2600000231B68FFDE5430006848B143685B7907
:10A27000934205D000680028F8D170475C30F3E7BE
:10A28000704710B590F830300446022B09D1FFF723
:10A290003CFE94F8382001462046BDE81040FFF708
:10A2A000DCBF002010BD08B5FFF7D7FF003818BF8E
:10A2B000012008BD38B505460C1F54F8041F09B924
:10A2C000084638BD6B681868F5F7B4FE0028F4D16D
:10A2D0000120F6E74FF0FF324FF0FF330430FDF777
:10A2E000B7B908B583681B6B0BB1984703460020CC
:10A2F00023B153F8042B0AB1127802B908BD1044F7
:10A30000F6E710B51C46FFF7A8FF48B10122C06868
:10A3100002FA04F320B10269134201D10068F9E79F
:10A3200010BD10B50C46FFF7ACFF48B10123C06863
:10A3300003FA04F120B10369194201D10068F9E779
:10A3400010BDD1F81A0083681B6903B118476FF07C
:10A350008500704738B50C46FFF793FF80B1C068A1
:10A3600070B14368DA681AB100231179994201DCAF
:10A370000068F5E71568ED5CA54201D00133F5E70B
:10A3800038BDF8B50646CC680CB9204622E0012558
:10A3900004F10C07E268AAB165F07F03D9B203F0BB
:10A3A0007F031033DA40D2070ED4E368EB40DB07BB
:10A3B00005D53A46B069E9B200F09BF850B90135CD
:10A3C000102DE7D12468DFE73A46B06900F091F834
:10A3D0000028EAD0F8BD2DE9F347002405460E46D3
:10A3E000A146576897F805803B79A34203DC00201B
:10A3F00002B0BDE8F0875FFA84FA31465346424620
:10A400002846FFF77EFF014650B1534601222846F9
:10A41000CDF80090F9F758FF0028E9D10134E3E7BF
:10A420006FF03C00E4E72DE9F74380460D46174600
:10A43000FFF777FF064628B96FF00104204603B006
:10A44000BDE8F0830F2DF7D808EB0509014699F810
:10A450003A402B46002240460097F9F735FF002886
:10A46000EAD100942B46022231464046F9F72CFFF0
:10A4700004460028E2D12B4601223146404600978F
:10A48000F9F722FF04460028D8D1706883685B681A
:10A4900013B13A462946984789F83A70CEE7012326
:10A4A00011F0800F18BF21F08001026818BF103131
:10A4B0008B4022EA03030360704737B58B790C4663
:10A4C000009315468B88CA78897800F020FF70B910
:10A4D00094F90230A178002B4FF00103B8BF21F0AE
:10A4E00080012A68B8BF10318B4013432B6003B042
:10A4F00030BDF8B506460D46174600F031FF04465C
:10A5000058B929463846FFF7CAFF2946304600F0B9
:10A51000FAFF044608B902F02BFD2046F8BD0A46B2
:10A520008069802101F01FB843689869FAF73ABA48
:10A5300070B591F918300546002B0C46466807DBCC
:10A54000C4F81A502146B069BDE8704000F07EBFE3
:10A550003046FFF71AFD0028F2D04FF0FF3070BDF3
:10A56000806901F025B838B5054680690C4600F0D1
:10A5700013FF58B9012314F0800F18BF24F0800492
:10A580006A6B18BF1034A34013436B6338BD70B5BA
:10A59000054680690E4600F029FF044620B9314681
:10A5A00005F13400FFF77BFF204670BD0B0648BF66
:10A5B00021F08001406B48BF1031C84000F001001D
:10A5C0007047F8B505460E46071D4FF0FF324FF0B5
:10A5D000FF333846FDF73CF8EC692CB9EE6138469C
:10A5E000FDF7A8F82046F8BD6FF07704F7E7C369D8
:10A5F00082B08DF8001001922BB102AB13E9060076
:10A6000002B0F9F75FBF02B07047C36982B08DF83E
:10A61000001001922BB102AB13E9060002B0F9F76A
:10A6200051BF02B07047704703695B68D3E90320EC
:10A63000012918BF1046704743680361037A63B16C
:10A64000012B0CBF022303234375437A5A1E032AAE
:10A6500005D8DFE802F0050505050123F4E700232E
:10A660000375837A062B09D0072B09D0052B0CBF65
:10A67000002303238375837EC37570470123F9E7A5
:10A680000223F7E7036993F8400030B1DA6B93884F
:10A69000918910695B1A9BB2C01A7047036993F8DD
:10A6A00038007047036993F8402012B993F83800D6
:10A6B0007047012070470369C3E9071270470229F8
:10A6C000036907D0042907D0012907D11B6900209D
:10A6D000136070471B7EFAE75B7EF8E76FF085003A
:10A6E0007047CB79026923B1012B02D06FF085004E
:10A6F0007047002093767047D0E8AF0F084100F014
:10A700000100704710B5036940685B689C68FFF7FB
:10A71000FCFB01280CBF94F8440094F8260010BDFF
:10A7200010B5036940685B689C68FFF7EEFB012881
:10A730000CBF94F8520094F83D0010BD10B50369A9
:10A7400040685B689C68FFF7E0FB01280CBF94F849
:10A750004B0094F8360010BD03691B698833D3E8B9
:10A76000EF1F41F00201C3E8E21F002AF7D1704752
:10A7700010B50469606BFFF783F910B1012384F809
:10A78000393010BD10B50469606B4289C3889A42A4
:10A7900002D14FF0FF3010BD0122FFF771F9002800
:10A7A000F7D004F17800FDF7F9F90020F3E738B5A8
:10A7B0000469EFF31185202383F31288BFF36F8FB1
:10A7C000E06BFFF73DF985F31188BFF36F8F10B190
:10A7D000012384F8413038BD0269002013690B6001
:10A7E00053694B60704738B503461B6940685D6824
:10A7F000AC68A37A84F8223094F82D3084F82330A2
:10A80000696841B1237C33B9FFF725FC18B9686842
:10A81000FFF7AEFC2074002038BD08B5FFF775FBCC
:10A8200001280CBF4FF40070402008BD01238B406D
:10A83000DB43D0E8EF2F1A40C0E8E12F0029F8D120
:10A840007047006902218830FFF7F0BF00690321DB
:10A850008830FFF7EBBF08B503690021186988301D
:10A86000FFF7E4FFBDE808400121FFF7DFBF036900
:10A87000012118698830FFF7D9BF2DE9F04103693C
:10A8800006460D46D0F804801C690F7E1AB3FFF708
:10A8900047FFB84204D1042104F18800FFF7C6FF46
:10A8A00030462F7EFFF74AFF874204D1052104F18D
:10A8B0008800FFF7BBFF30462F7EFFF723FF87425C
:10A8C00003D104F18C00FDF711F829464046BDE89C
:10A8D000F041FFF745BEFFF723FFB84214D12A8AA3
:10A8E000E968606BFFF7ACF828B1E3691BB104F1CC
:10A8F0002400FDF753F904F188000421FFF796FFC7
:10A9000004F17800FDF74AF930462F7EFFF716FF75
:10A91000874215D1E3691BB104F12400FDF73EF92C
:10A92000052104F18800FFF781FFE36B5A89DB887A
:10A930009A4205D00022002304F14800FDF79EF959
:10A9400030462F7EFFF7DEFE8742BED104F18C0039
:10A95000FCF772FFB9E740297FB534D00DD8102934
:10A9600033D006D801296AD0082930D06FF01504F9
:10A9700026E02029FAD1042308E0B1F5807F28D011
:10A98000B1F5007F27D08029F0D1102304699BB254
:10A99000E18912B30B4342F2A1014FF40032E3818B
:10A9A000CDE901120669ADF80C30436800211C683E
:10A9B00006F188031846FFF79FFE88B96FF00C0474
:10A9C000204604B070BD0823E0E70223DEE7012340
:10A9D000DCE72023DAE74023D8E721EA0303DAE7BC
:10A9E00001211846FFF788FE0028E7D12046FFF72F
:10A9F00089FE0A2201462046FFF796FD0546D8B19A
:10AA00000A2201A90C30FFF74DFA20462946FFF72C
:10AA10008FFD044618B12846F8F71AF8D0E74FF032
:10AA2000FF324FF0FF3306F18C00FCF739FF0B309B
:10AA300008BF6FF08B04C3E76FF00B04C0E700247E
:10AA4000BEE738B550F8083C0446002B4FD050F80C
:10AA5000243C00F164055B6802211A6800238382AC
:10AA600083832846FFF748FEB8B154E902311069E4
:10AA70009847637D1BB104F15400FDF78FF8052161
:10AA80002846FFF739FE98B9637F6BB10022002397
:10AA900004F12400FDF7F2F80AE003212846FFF74D
:10AAA0002BFE0028E1D1E4E714F8093C002BEDD19E
:10AAB00002212846FFF720FE38B123695A89DB8836
:10AAC0009A4202D02046FDF769F803212846FFF795
:10AAD00013FE60B1A2699388918912695B1A9BB2D7
:10AAE0009A4204D02046BDE83840FDF757B838BD3B
:10AAF00008B50369022103F188021046FFF7FCFD47
:10AB000028B1596B4889C988401A18BF012083F8B9
:10AB1000380003211046FFF7EFFD40B1DA6B908853
:10AB200091891269401A80B2801A18BF012083F8F7
:10AB30004000012008BD006900F18803D3E8EF1F41
:10AB400041F00801C3E8E21F002AF7D1C26B9388E5
:10AB5000918912695B1A9BB29A4202D02430FDF7A8
:10AB60001DB8704738B5046904F18805D5E8EF3F92
:10AB700043F00403C5E8E23F002AF7D1636B5A892A
:10AB8000DB889A4203D004F12400FDF707F8042182
:10AB90002846FFF7B1FD28B904F17800BDE8384038
:10ABA000FCF7FCBF38BD70B503691C6904F188056A
:10ABB000D5E8EF2F42F00102C5E8E12F0029F7D1D7
:10ABC00002212846FFF798FD10B11846FFF7CAFF8B
:10ABD000E36BDA885B899A420AD103212846FFF7A2
:10ABE0008BFD68B104F12400BDE87040FCF7D6BFCE
:10ABF00004F148000022BDE870400023FDF73EB894
:10AC000070BD30B40125416802690968137E4D6149
:10AC100054685B0954B1107E023300F01F0052F8F3
:10AC2000231005FA00F0234630BC184730BC7047AB
:10AC300010B40269416802200968537E4861546873
:10AC40005B095CB1034452F823100123507E00F0ED
:10AC50001F0003FA00F0234610BC184710BC7047D1
:10AC600010B40269416804200968937E4861546801
:10AC70005B095CB1023352F823100123907E00F08F
:10AC80001F0003FA00F0234610BC184710BC7047A1
:10AC900010B40269416808200968D37E486154688D
:10ACA0005B095CB1023352F823100123D07E00F01F
:10ACB0001F0003FA00F0234610BC184710BC704771
:10ACC00010B40269416810200968137F4861546814
:10ACD0005B095CB1023352F823100123107F00F0AE
:10ACE0001F0003FA00F0234610BC184710BC704741
:10ACF00010B40269416820200968537F4861546894
:10AD00005B095CB1023352F823100123507F00F03D
:10AD10001F0003FA00F0234610BC184710BC704710
:10AD200010B40269416840200968937F4861546803
:10AD30005B095CB1023352F823100123907F00F0CD
:10AD40001F0003FA00F0234610BC184710BC7047E0
:10AD500010B40269416880200968D37F4861546853
:10AD60005B095CB1023352F823100123D07F00F05D
:10AD70001F0003FA00F0234610BC184710BC7047B0
:10AD800010B4026941684FF48070096892F820306D
:10AD9000486154685B0964B1023352F823100123FF
:10ADA00092F8200000F01F0003FA00F0234610BCC8
:10ADB000184710BC704710B4026941684FF4007026
:10ADC000096892F82130486154685B0964B1023324
:10ADD00052F82310012392F8210000F01F0003FA1B
:10ADE00000F0234610BC184710BC704710B402692D
:10ADF00041684FF48060096892F8223048615468D5
:10AE00005B0964B1023352F82310012392F8220047
:10AE100000F01F0003FA00F0234610BC184710BCD6
:10AE2000704710B4026941684FF40060096892F8F5
:10AE30002330486154685B0964B1023352F823102F
:10AE4000012392F8230000F01F0003FA00F02346CC
:10AE500010BC184710BC704710B4026941684FF429
:10AE60008050096892F82430486154685B0964B1E5
:10AE7000023352F82310012392F8240000F01F003F
:10AE800003FA00F0234610BC184710BC704710B4FA
:10AE9000026941684FF40050096892F82530486112
:10AEA00054685B0964B1023352F82310012392F80D
:10AEB000250000F01F0003FA00F0234610BC1847DD
:10AEC00010BC704710B4026941684FF480400968B3
:10AED00092F82630486154685B0964B1023352F835
:10AEE0002310012392F8260000F01F0003FA00F05F
:10AEF000234610BC184710BC704710B40269416863
:10AF00004FF40040096892F82730486154685B09A3
:10AF100064B1023352F82310012392F8270000F0A5
:10AF20001F0003FA00F0234610BC184710BC7047FE
:10AF3000002208B511460D20F7F764F90D20F7F748
:10AF40003FF900220E201146F7F75CF90E20F7F7C3
:10AF500037F900220F201146F7F754F90F20F7F7C1
:10AF60002FF9002210201146F7F74CF91020F7F7BF
:10AF700027F9002211201146F7F744F91120F7F7BD
:10AF80001FF9002212201146F7F73CF91220F7F7BB
:10AF900017F9002213201146F7F734F91320F7F7B9
:10AFA0000FF9002214201146F7F72CF91420F7F7B7
:10AFB00007F9002215201146F7F724F91520F7F7B5
:10AFC000FFF8002216201146F7F71CF91620F7F7B4
:10AFD000F7F8002217201146F7F714F91720F7F7B2
:10AFE000EFF8002218201146F7F70CF91820F7F7B0
:10AFF000E7F8002219201146F7F704F91920F7F7AE
:10B00000DFF800221A201146F7F7FCF81A20F7F7AC
:10B01000D7F800221B201146F7F7F4F81B20F7F7AA
:10B02000CFF800221C201146F7F7ECF8BDE80840E5
:10B030001C20F7F7C5B838B50446807AF7F760FCEE
:10B040006169054649B1637ADB0704D4C3692046C8
:10B050001B689B6898470023636121462846BDE82A
:10B06000384001F063BE30B509060546847C14D42F
:10B0700014F0400016D0298AC3F30A00C1F30A0174
:10B08000884222D802F00300022809D003280AD0FF
:10B09000012811D004F0010004E014F02000E9E7D9
:10B0A000C4F3800030BD14F00200FBD013F4C05F85
:10B0B00009D0C4F30010F5E714F0080205D013F42A
:10B0C000C05FEFD0F5E70120ECE70020EAE7A03011
:10B0D000D0E8AF0F00F001007047A030D0E8AF0F0C
:10B0E000C0F3400070470369A033D3E8AF2F41B1EC
:10B0F000D3E8EF1F41F00401C3E8E21F002AF7D1B3
:10B100007047D3E8EF1F21F00401C3E8E21F002AD3
:10B11000F7D1704701F00F030269090648BF1033E9
:10B1200052F823007047007DC0F30010704708B547
:10B1300002691046FFF7CBFF60B9087E00F00F03ED
:10B14000000648BF103342F82310084601F0DBFD2B
:10B15000002008BD6FF00C00FBE700220023FCF785
:10B1600039BB01F0EDBD01F0D6BD1FB504698DF806
:10B170000410CDE90220D4F8983001A9984704B012
:10B1800010BD1FB50346046906208DF80400204653
:10B19000CDE90213FFF79BFF40B1C1F81E2018460E
:10B1A000D4F8982001A9904704B010BD4FF0FF30AB
:10B1B000FAE738B505460C462046FFF7CEFF0146B4
:10B1C00000B938BD6FF070022846FFF7DAFFF3E7E9
:10B1D0002DE9F843066907460D46D6F80090D6F8E3
:10B1E00040804FF0FF324FF0FF3306F18400FCF750
:10B1F0002FFA4046FFF7B1FF014618BB4846FFF75C
:10B20000ACFF044620BB99F8143023F0100389F8F2
:10B21000143098F8143023F0100388F8143024BB4D
:10B22000012286F8B020EDB12B68C6F8A8306B6813
:10B2300086F8B120C6F8AC3038698430BDE8F843F0
:10B24000FCF778BA6FF067023846FFF79AFFD0E74D
:10B25000637EDB07D7D46FF0670221463846FFF7DD
:10B2600090FFCBE786F8B150E6E72DB108222946DA
:10B2700004F10C00FEF716FE002221463846FFF7C7
:10B2800080FFD9E72DE9F8430546884614461F4656
:10B29000D0F80890FFF73EFF0646002834D0284635
:10B2A000D9F83C3098474146224630463B88FFF764
:10B2B000DAFE804688B183B92B6904F0030493F861
:10B2C0008030DB0753BF40224FF480624FF400719F
:10B2D0001146022C0DD0032C11D02846D9F840304D
:10B2E0009847B8F1000F14BF00206FF08500BDE84B
:10B2F000F883338A8B4228BF0B463B80EDE7338AC5
:10B30000934228BF1346F8E76FF01200EFE72DE9EC
:10B31000F3411F464B0604460D461646D0F80880FA
:10B320001BD0D8F83C3098472069FFF7D6FE88B18B
:10B330009DF820302946009332463B462046F9F7D7
:10B34000C3FA05462046D8F840309847284602B050
:10B35000BDE8F0814FF0FF35F4E76FF01505F5E734
:10B3600070B54B0604460D46866812D0F36B9847BD
:10B370002069FFF7ACFE48B129462046F9F7E8FA04
:10B3800005462046336C9847284670BD4FF0FF3580
:10B39000F7E76FF01505F7E770B5054686680C46C8
:10B3A000F36B98472869FFF798FEB0B1214628460D
:10B3B000FFF7B0FE014698B1037DDB0710D5437E51
:10B3C00003F00303012B0ED02846F3689847044688
:10B3D0002846336C9847204670BD4FF0FF34F7E79E
:10B3E0006FF01204F4E76FF08504F1E7F8B5064654
:10B3F00087680C46FB6B98473069FFF76EFEE0B13B
:10B4000021463046FFF786FE0546C8B1037DDB07BF
:10B4100016D5437E03F00303012B14D001463B698C
:10B4200030469847044618B92B7D60F341032B75CD
:10B4300030463B6C98472046F8BD4FF0FF34F7E7A5
:10B440006FF01204F4E76FF08504F1E72DE9F041A5
:10B45000054686680769F36B0C4698472869FFF72D
:10B460003CFE98B394F8188028464146FFF752FEF8
:10B47000014670B3037DDA072BD518F07F0F20D17A
:10B4800097F8B030EBB1637EDB0717D597F8B13092
:10B4900033B1082207F1A80104F10C00FEF702FD08
:10B4A000002287F8B02021462846FFF76AFE0446AE
:10B4B0002846336C98472046BDE8F0816FF067025C
:10B4C000F1E72246284673689847F0E74FF0FF34CB
:10B4D000EEE76FF01204EBE770B505460C468668A0
:10B4E000F36B984721462846FFF714FE48B101F058
:10B4F00027FCB0FA80F464092846336C984720464C
:10B5000070BD0124F8E770B5054686680C46F36BFC
:10B5100098472869FFF7DBFD80B121462846FFF7F1
:10B52000F9FD014668B104681CB12846B368984724
:10B5300004462846336C9847204670BD4FF0FF34D0
:10B54000F7E76FF01204F4E708B5036900211B6800
:10B550005A8BF9F727FA28B1437E23F0070343F00B
:10B560000103437608BD08B539B90369013A1B6880
:10B570005B8B1A44B2FBF3F25A43F9F713FA28B182
:10B58000437E23F0070343F00203437608BD08B56A
:10B5900061B903691B685A8BF9F704FA28B1437E35
:10B5A00023F0070343F00403437608BD0022F3E7CA
:10B5B00070B50D4604468668F36B98472846F7F742
:10B5C00047FA2046336C9847002070BD70B5054699
:10B5D0008668F36B98472869FFF77FFD044620B122
:10B5E00033683BB12846984704462846336C984751
:10B5F000204670BD0124F8E7F8B50446876806695F
:10B60000FB6B98472069FFF762FDB8B12069FFF72F
:10B6100064FDB0B92046FB6A9847054648B906F173
:10B62000A003D3E8EF1F41F00201C3E8E21F002AA4
:10B63000F7D120463B6C98472846F8BD4FF0FF35C0
:10B64000F7E76FF07705F4E7F8B504468768066911
:10B65000FB6B98472069FFF740FD90B13B6B20469C
:10B660009847054606F1A003D3E8EF1F21F0020139
:10B67000C3E8E21F002AF7D120463B6C98472846D2
:10B68000F8BD6FF07705F7E72DE9F0410546144660
:10B690000F46D0F80880066911B30AB3D8F83C30D9
:10B6A00098472869FFF713FDB8B9C6E926742846FC
:10B6B000D8F834309847044640B9A036D6E8EF3F72
:10B6C00043F00103C6E8E23F002AF7D12846D8F844
:10B6D000403098472046BDE8F0816FF07704F5E7E9
:10B6E0006FF01504F6E7F8B5044687680669FB6B4A
:10B6F00098472069FFF7F1FCB0B92069FFF7E7FC34
:10B70000A8B1BB6B20469847054606F1A003D3E8D5
:10B71000EF1F21F00101C3E8E21F002AF7D1204604
:10B720003B6C98472846F8BD6FF00F05F7E76FF0C0
:10B730007705F4E700230822824204D3D8B2704789
:10B74000520092B2F8E701330A2BF9D1FF2070477B
:10B7500030B502F0030422F003020A4491420AD1F8
:10B7600044B100230068D90020FA01F1D15401331B
:10B770009C42F8D130BD036804311D0A01F8035C16
:10B780001D0C01F8043C01F8025C1B0E01F8013CA1
:10B79000E4E730B543680A7E1B6832F080054FF05D
:10B7A000200403F5805314D10269D2F8A400EFF30A
:10B7B000118184F31288BFF36F8F9D739A7C2243AB
:10B7C0009A7480F89C5081F31188BFF36F8F00202A
:10B7D00030BDEFF3118084F31288BFF36F8F02F056
:10B7E0000F029A7391F91820002AB5BF9A7C9A7DAE
:10B7F00042F0100242F02002B4BF9A749A750022FF
:10B800009A7380F31188BFF36F8F0B7D43F00203AF
:10B810000B75DCE7436801F07F011B68002003F52E
:10B8200080531970704743681B6803F580535B7839
:10B8300013F0100F0CBF01200220704701234A09AA
:10B8400001F01F018B40DB4300EB8200D0E8EF2FBB
:10B850001A40C0E8E12F0029F8D1704770B50446BE
:10B8600050F8080C94F8306045682B6803F5805355
:10B8700093F8603003F01803A3F1180251425141CC
:10B880008E4208D00022182B84F830100CBF1146CD
:10B890000121FFF76AFC0A23EA6A2046BDE87040EE
:10B8A000A2FB0323FCF71EBA9A20F6F797BC0022EE
:10B8B00008B59A201146F6F7A5FCBDE808409A2085
:10B8C000F6F77EBC0023F0B51A461C46C908650988
:10B8D000283550F8255004F01F06F540ED0709D42F
:10B8E000002A08BF23460132914204D11A4601279B
:10B8F000194416E000220134B4F5906FE7D191426B
:10B90000F4D94FF6FF7010E05C0900EB8404D4F822
:10B91000A05003F01F0607FA06F63543C4F8A050FE
:10B9200001338B42F0D3D00080B2F0BDFFF7CABF25
:10B930002DE9F74F0369426891F81880D3F8A440C5
:10B94000136818F0700F0F46009308F07F094FFA44
:10B9500088FA40F09480488BC0F30A00082838BF6A
:10B960000820FFF7E7FEFF28054600F08880082141
:10B97000814089B2EFF311832022019382F3128870
:10B98000BFF36F8FB9F1000F30D14FF6FF76B4F8E7
:10B990003001B04208D12046FFF7C8FFB04203D0C3
:10B9A000A4F83001A4F85001019B83F31188BFF380
:10B9B0006F8F4FF6FF73984264D0009B08F00F081A
:10B9C00003F5805484F80E80C0F30C00B9F1000F29
:10B9D0002CD184F8625084F86350A4F86400A4F871
:10B9E00066000020A07303B0BDE8F08F4FEA49065F
:10B9F000BAF1000F4FF6FF7B26440BDAB6F83001A0
:10BA00005845D1D12046FFF791FF5845CCD0A6F834
:10BA10003001C9E7B6F850015845C5D12046FFF7B7
:10BA200085FF584518BFA6F85001BDE70123BAF1BC
:10BA3000000F03FA09F39BB210DA84F86250A4F8FD
:10BA400064007A8BC2F30A022282A27C42F0400296
:10BA5000A274E28892B21343E380C2E784F8635091
:10BA6000A4F866007A8BC2F30A02A282A27D42F099
:10BA70008002A275228992B213432381B1E76FF04D
:10BA80001500B0E76FF00B00ADE770B50126D208E6
:10BA9000CB0802EBD102590900EB8101D1F8A0409B
:10BAA00003F01F0506FA05F5013324EA0504934265
:10BAB000C1F8A040EFD370BD2DE9F843036991F8B8
:10BAC0001890D3F8A460436819F070071D6809F056
:10BAD0007F044FFA89F86DD1488BC0F30A0008281B
:10BAE00038BF0820FFF726FEFF2863D0082209F0A0
:10BAF0000F09824005F5805392B283F80E902CBB5B
:10BB000083F8624083F86340A3F86440A3F866407A
:10BB100000219973EFF31185202383F31288BFF37B
:10BB20006F8F64BB4FF6FF74B6F83011A14206D098
:10BB30003046FFF7AAFFA6F83041A6F8504185F33A
:10BB40001188BFF36F8F0020BDE8F8830121A14069
:10BB5000C943B8F1000F89B208DAD8880140D9800A
:10BB600083F86270A3F864701F82D1E718890140DE
:10BB7000198183F86370A3F866709F82C8E7640038
:10BB8000B8F1000F4FF6FF77344409DAB4F83011FA
:10BB9000B942D4D03046FFF778FFA4F83071CEE731
:10BBA000B4F85011B942CAD03046FFF76EFFA4F87E
:10BBB0005071C4E76FF01500C6E7006984304FF09C
:10BBC000FF324FF0FF33FBF743BD70B50D7EEFF34F
:10BBD0001186202383F31288BFF36F8F05F00F03C4
:10BBE00000F58054498BA373A37C13F0010306D0A6
:10BBF0000023A37386F31188BFF36F8F70BD05F028
:10BC00007F0505F5816500EB8500158AC1F30A0102
:10BC1000A94228BF2946994208D802F10C00FEF734
:10BC200063F9A37C43F00103A374E1E7D568ED5CFD
:10BC300001330570EFE770B50B7E0C46590646D010
:10BC400042681668EFF31181202282F31288BFF355
:10BC50006F8F03F00F0206F580539A7394F9182042
:10BC6000002A36DA9A7C02F0CF029A749A7C42F06B
:10BC700040029A749A7C42F008029A749A7C920765
:10BC800042BF9A7C42F008029A749A7C02F0FE024B
:10BC90009A7400229A7381F31188BFF36F8F237D0A
:10BCA00062F34103237594F9183093420FDA20466A
:10BCB000FFF757FA05462046FFF735FA38B935B190
:10BCC0002B8A23B12A4621463046FFF77EFF00200B
:10BCD00070BD9A7D02F09F029A759A7D42F08002B3
:10BCE0009A75D6E700698430FBF724BD01F09ABB52
:10BCF00001F095BB01F016BA01234A0901F01F01BA
:10BD00008B4000EB8200D0E8EF2F1A43C0E8E12F10
:10BD10000029F8D1704703460022D3E8EF0FC3E8AB
:10BD2000E12F0029F9D170472DE9F04703690A7E18
:10BD3000D3F8A4A0436806460F461C6802F07F05AE
:10BD4000EFF31188202383F31288BFF36F8F04F57C
:10BD50008054ADB9A573E37C0AF5BE7043F00103CE
:10BD6000E374FFF7D8FF8AF89C5039463046FFF756
:10BD700020FA88F31188BFF36F8F0020BDE8F087A9
:10BD80004FF0010909FA05F91FFA89F96FEA090369
:10BD900091F918109BB2002902F00F021FDAE18816
:10BDA0000AF5BA700B40E380A273A37C294643F0E6
:10BDB0000803A374A37C9A0742BFA37C43F0080343
:10BDC000A374A37C03F0FE03A374FFF737FD0023E5
:10BDD000A373E3889BB243EA0903E380C5E72189A3
:10BDE0000AF5BC700B402381A273A37D294643F062
:10BDF0001003A375A37DDB0742BFA37D43F01003AF
:10BE0000A375A37D03F0FE03A375FFF717FD294675
:10BE10000AF5C070FFF712FD29460AF5C270FFF758
:10BE20000DFD0023A37323899BB243EA09032381F9
:10BE30009BE738B5436804461D680369A033D3E81F
:10BE4000AF3F5B071AD505F580556B7803F0FD030E
:10BE500043F004036B700021142001F04AF96B7861
:10BE6000002103F0FB0320466B70FFF73CF9002232
:10BE700002212046FFF779F9002038BD6FF00C0051
:10BE8000FBE7012301F01F02934030B5DC43490971
:10BE900000EB8100D0E8EF2F02EA0401C0E8E51FC3
:10BEA000002DF7D103EA0200003818BF012030BD91
:10BEB0002DE9F04F0446036987B0D3F8A43002930C
:10BEC00043681B680393029B03F188084FF0FF321D
:10BED0004FF0FF3340F29F11CDE90023404600228E
:10BEE00001F0A4FA0746780708D504214046FFF779
:10BEF000FDFE002204212046FFF737F939070CD553
:10BF000008214046FFF7F2FE01212046FFF7EBF83B
:10BF1000002203212046FFF728F9FA060CD510214C
:10BF20004046FFF7E3FE00212046FFF7DCF8002241
:10BF300002212046FFF719F93B0600F1B280FE0509
:10BF400010D54FF480714046FFF7D0FE029B03F5F9
:10BF5000BC70FFF7E0FE0646029B03F5C07A002E98
:10BF600040F02481BD0740F18E8002214046FFF75A
:10BF7000BDFE80212046FFF7CDF8029B814603F5E8
:10BF8000BE70FFF7C8FE002843D023690021204679
:10BF9000D3F8A4A0FFF7BEF8802106462046FFF79D
:10BFA000B9F88346F6B13046FFF7DBF8D0B1457EED
:10BFB00015F0010500F046813046FFF7CEF8054642
:10BFC0003046FFF7CEF818B1437ED90740F13A81E9
:10BFD00045B10023EA6829461360536030462B823E
:10BFE000FFF7C1F820460AF5E771FFF7F1F8002ED8
:10BFF00040F01D8100250023AAF8C831AAF8CC31F1
:10C000003DB1EA6829461360536030462B82FFF742
:10C01000AAF8B9F1000F36D04846FFF7A2F8064655
:10C0200088B3058A002D00F04A8123698021D3F866
:10C03000A45063682046D3F80090FFF76BF8418B5B
:10C04000338AC1F30A01994228BF1946002209F533
:10C050008059914200F22B8106F10C00FDF744FF5C
:10C06000338A002B40F02981737E13F0080F0CBF38
:10C070000A2202224FF0010385F89C3099F8123011
:10C08000134389F81230FB077FF51DAF40460121AD
:10C09000FFF72CFE029B204603F19401FFF798F86E
:10C0A00011E780214046FFF721FE6368D3F8009036
:10C0B000236909F58055D3F8A40000F5BA70FFF79D
:10C0C0002AFE0646002E3FF43AAF96FAA6FB01235D
:10C0D000BBFA8BFB204603FA0BF34BF0800126EAF8
:10C0E0000306FFF717F804900028EBD0FFF739F8A4
:10C0F0000028E7D0028A049B7AB31A7D12F002026C
:10C10000E0D1EFF3118A202181F31288BFF36F8F02
:10C110000BF5816C0BF00F0B5B8B85F80EB0018A71
:10C12000C3F30A03994228BF194609EB8C0C9142CC
:10C130000DD80C30FDF7D8FEAB7C43F00103AB7497
:10C140000023AB738AF31188BFF36F8FBAE7C3681C
:10C150009B5C01328CF80030E9E790F819A01AF0E6
:10C16000080A1AD01B7D13F00203ABD1EFF3118242
:10C17000202181F31288BFF36F8F0BF00F0B85F82E
:10C180000EB0A97C41F00101A974417E63F3C301A3
:10C190004176AB7382F31188D6E71846FEF7DDFFD0
:10C1A000524601462046FEF7ECFF8BE796FAA6F5CD
:10C1B0000123B5FA85F52046AB40294626EA030659
:10C1C000FEF7A8FF834600283FF4C9AEFEF7C5FF7F
:10C1D000814600283FF4C3AEDAE8AF3F2B41D807D1
:10C1E0001FD55846FEF7BDFFD8B129465046FFF788
:10C1F00048FEB0B1EFF31181202383F31288BFF31F
:10C200006F8F039B05F00F0503F580539D739A7D97
:10C2100002F0FE029A7500229A7381F31188BFF32F
:10C220006F8F002249462046FEF7ABFF97E6304667
:10C23000FEF797FF00283FF4DDAE457E15F00105BF
:10C240007FF4D8AE3046FEF788FF018A428A034663
:10C25000521AC16840690493091A521ABAF8C811EF
:10C2600003F10C008A4228BF0A4611460592FDF7E9
:10C2700013FE059A0AF5C47101F0E2F8049B00224E
:10C2800019462046FEF77DFF5846FEF76AFF002854
:10C290003FF4B1AE437E5A077FF5ADAE5846FEF788
:10C2A0005CFF002201462046FEF76BFFA3E6F36821
:10C2B0009B5C013289F82030CBE60222DAE6484660
:10C2C000FEF74BFF2A4601462046FEF75AFFDAE604
:10C2D0002DE9F04F0F46436882461146384685B037
:10C2E00016461C68FEF73FFF97F8149019F00209F4
:10C2F00040F0A4803D7E35F0800300F0A380290645
:10C3000000F19780DAF810302946D3F8A48008F5B8
:10C31000C07B5846FFF7B5FDA8B1EFF3118120238C
:10C3200083F31288BFF36F8F04F5805305F00F027B
:10C330009A739A7D02F0FE029A7583F80E9081F34B
:10C340001188BFF36F8F294608F5C270FFF799FD7A
:10C350008146002872D0EFF311830093202383F3EA
:10C360001288BFF36F8F05F00F0304F58057504616
:10C370002946BB73FEF7CEFE8246002852D0FEF758
:10C38000F0FE064600284DD005F5816204EB8202DE
:10C39000018A0192428A3B8B521AC1684069C3F3F9
:10C3A0000D03091A521A9A4228BF1A4606F10C00C8
:10C3B000114603930292FDF76FFD0146DDE901028C
:10C3C000FFF7C6F9BAF81A20039BC2F30A02934298
:10C3D0001BD2BB7D03F0FE03BB75294608F5BC707C
:10C3E000FFF78AFC002304F58054A373009B83F3BA
:10C3F0001188BFF36F8FB9F1000F1FD04FF4807118
:10C4000008F18800FFF774FC18E0F2687169738A1C
:10C41000521A9B1A328A934204D129465846FFF792
:10C420006BFCDAE7BB7D4FF0000903F0FE03BB7540
:10C43000D8E7324639462046FFF7C7FB002005B053
:10C44000BDE8F08F002DF9D0DAF8102004F5805403
:10C450007D8BD2F8A470A373717E4A0703D50221A5
:10C4600007F18800CEE7A27C90075FFA82F8E5D456
:10C47000328A4AB9090707D4012387F89C30A37C84
:10C4800043F00A03A374D9E7C5F30A05AA4228BFFB
:10C490002A46914699450FD8494606F10C00FDF70A
:10C4A00023FDA94513D3318A61B148F0020201236B
:10C4B00087F89C30A274C1E7F268D25C013384F83B
:10C4C0002020E7E7737E48F00A02180702D448F0FC
:10C4D0000A02ECE761F3C3037376E8E710B5807AEC
:10C4E0000C46F6F70DFAC3692146BDE810405868BE
:10C4F00000F0E4BAF7B50D46807A17461E46F6F707
:10C50000FFF92C68C369033424F00302586804213E
:10C510002A60CDE90076FAF781FF00B9286003B000
:10C52000F0BD0023F5F722B82DE9F0414568084633
:10C53000D5E900680C46AF68F8F7D6FE002876D13A
:10C54000A30E092B73D8DFE803F0080F1A2C054A55
:10C55000515D05650220BDE8F08173699B076AD5CE
:10C56000306900F001001AE0F36A9F0763D5B36FEA
:10C57000002B5ED13069C00900F00200EBE7E4B2A5
:10C5800006F1400353F82430012013F0020FE2D0EB
:10C5900033691834A04098430CBF012000204000AC
:10C5A000D9E70621E4B2B4FBF1F2336902F11805D0
:10C5B000EB40DD07D0B23ED501FB124406F14C033F
:10C5C0004FF0FF3253F8200001230134E4B202EBB4
:10C5D000C4029340034214BF02200120BBE7D8F8F5
:10C5E0001C309A0727D5D8F80C00BAE7E4B204F15A
:10C5F000080357F82330DB051DD578680234E04086
:10C60000C043AEE7C4F30524203457F8243013F0B8
:10C61000400FE0E7C4F30552EB680E3203EB8203F0
:10C620005A680123C4F38534A3401342D3E703209F
:10C6300091E700208FE701208DE72DE9F3474FF0C8
:10C6400000090C4601EB0121456841F03F6141F4CE
:10C650007C21804617462E68D0F810A0CDF80490B3
:10C66000FFF762FF022803D0C7F8009000201CE00B
:10C6700006F1400353F82430C3F30223012B17D0F3
:10C68000022B2CD0BBB9AA68631C04F1210152F81B
:10C69000211003EB43035A00404601AB02F0FE02B7
:10C6A00001F00F01F8F7DEFE28B102B0BDE8F08717
:10C6B000DAF80030019306F1480353F82430443689
:10C6C00013F03F031EBF019AB2FBF3F2019256F83A
:10C6D0002420019BC2F3090253433B60C6E7404656
:10C6E00001A9F8F765FFDFE70623F0B40A4691FBDE
:10C6F000F3F1446803FB1123266801244C36DB0068
:10C7000056F82170073304FA03F305693B4346F8F2
:10C7100021302B8F063294401C43EB6A2C87CB4090
:10C72000DA0706D42B6BCB40DB0702D5F0BCF9F758
:10C730007FBA0020F0BC704710B54468C1F30520F3
:10C74000A1689B0101EB8001D1F8800003F0400358
:10C7500002F00F0220F04F0013430343C1F8803072
:10C7600010BD10B543680120C1F38534DB68C1F307
:10C77000055189000B44012ADA6B00FA04F00CBF62
:10C7800002438243DA6310BD30B503681360057954
:10C79000046804EBC504A34202D36FF0010030BD6E
:10C7A0005C7908338C42F1D10020F8E70269936884
:10C7B0000BB1D1681847704743689B681A7E5207CF
:10C7C00043BF9B6A00200B706FF00F0070474368F7
:10C7D0009B681A7ED207FCD59962704743689B68B4
:10C7E000EFF31182202181F31288BFF36F8F0121B3
:10C7F00099750221997582F31188BFF36F8F704785
:10C8000043689B68187E10F0010006D0002A03DD03
:10C810000A7801209A62704700207047012243681D
:10C820009B681A7502221A75704743689B68187EC8
:10C8300010F001001CBF987D00F0010070470369F3
:10C84000187C7047042243689B689A7570470422DD
:10C8500043689B681A75704743689B68187EC0F3ED
:10C860008000704743689B68187E10F0040008D071
:10C870009B6A002ADBB202DD01200B7070476FF06B
:10C880001500704743689B68987D1B7E18400038F0
:10C8900018BF01207047802243689B689A757047D3
:10C8A000802243689B681A757047436801699A68DB
:10C8B0000120137EC3F340030B74BA231376704731
:10C8C0000369C3E9021270470269002013680B6014
:10C8D00053684B607047002208B511466620F5F793
:10C8E00091FC6620F5F76CFC002267201146F5F7F5
:10C8F00089FC6720F5F764FC002268201146F5F7F3
:10C9000081FC6820F5F75CFC002269201146F5F7F0
:10C9100079FC6920F5F754FC00226A201146F5F7EE
:10C9200071FC6A20F5F74CFC00226B201146F5F7EC
:10C9300069FCBDE808406B20F5F742BC43689B6882
:10C94000588B5A8BC0F3800092075A8B48BF40F037
:10C95000040002F0010240EA42005A8BD1065A8BD1
:10C9600048BF40F0080092065A8B48BF40F01000C4
:10C9700092B242F037025A8370470268012922F0CE
:10C9800070620346026004D002290CD00268026083
:10C990007047026842F080720260426842F40052BE
:10C9A0005A60FAF7F3B8026842F080720260426897
:10C9B00022F40052F4E738B5044648B1FAF768FBB0
:10C9C000782305465C43FAF763FB431BA342FAD383
:10C9D00038BD10B5436904463BB90020E2684042C7
:10C9E000537843F00103537010BD98470028F4D0EA
:10C9F0000028B8BF4042FF28A8BFFF20E368187096
:10CA0000ECE740B1C368587810F001001EBF1878F9
:10CA1000B0FA80F040097047EFF31183202383F3CD
:10CA20001288BFF36F8FFEE72DE9F04F89B0DDE983
:10CA30001268059243460546324606A80F4600F0A6
:10CA400034FCDDE90634CDE90234EFF311844FF014
:10CA5000200989F31288BFF36F8F05F10C0A05F1E5
:10CA6000140B39462846059A149B984730B184F335
:10CA70001188BFF36F8F09B0BDE8F08F56EA080642
:10CA8000F5D0DDE9022306A800F034FCDDE90668F4
:10CA9000524621465846CDE90068FBF78BFBEFF381
:10CAA000118489F31288BFF36F8FDAE710B400F1B5
:10CAB0000C04C0E9034410BCFCF758BC38B504466C
:10CAC000EFF31185202383F31288BFF36F8FF3F701
:10CAD0007BFE04F10C0000F0FDFA30B1294604F1B0
:10CAE0001400BDE8384000F0DBBA85F31188BFF3CD
:10CAF0006F8F38BD10B542696AB1836842EA03019D
:10CB0000890708D10169A2FB011424B95B182CBF65
:10CB10000121002102D36FF0150005E0C1609B1ACE
:10CB200002698A4201D8002010BDC26801311A6032
:10CB30004269C3609B1AF3E72DE9F04105460F46B1
:10CB4000EFF31188202383F31288BFF36F8FC66839
:10CB5000FEB90468A0421CD0DCB1D4E900321360F5
:10CB60005A60237CC4E9006623F002032374A660A4
:10CB700004F1180000F05EFB2046C4F88060676195
:10CB800000F030FA414605F10800BDE8F04100F040
:10CB900087BA3E60AB69EF60013BAB6188F31188F7
:10CBA000BFF36F8FBDE8F081202408B5EFF3118348
:10CBB00084F31288BFF36F8FFDF71AF9F6E7D0E917
:10CBC000003213605A600023027CC0E9003322F077
:10CBD000020202748360704713B501240094FAF7CF
:10CBE0006DFC02B010BD90F90E308B4201D0FBF706
:10CBF0000DBB0020704703460020C3E90033C3E9A2
:10CC000002007047D0E9003213605A600023027CB2
:10CC1000C0E9003322F002020274836070472DE9FC
:10CC2000F843904604460D469DF82020EFF3118707
:10CC3000202181F31288BFF36F8F02B14568A66887
:10CC400004F10809B14516D0AEB100243046FFF713
:10CC5000D9FF06F1180000F0EDFA3046C6F8804022
:10CC6000C6F8148000F0BEF94846394600F018FABC
:10CC70002046BDE8F883A3B10820FBF7C1FE0028D9
:10CC800032D00122C0F804800260016801F0030183
:10CC90005DB922680A430260626820606AB9606018
:10CCA0000BE04046C8F80030EFE72A68032A10D8A6
:10CCB0000160616839B9C4E90000002087F3118878
:10CCC000BFF36F8FD5E70A6802F0030202430A60E0
:10CCD000E5E722F003020A4302602A6802F0030239
:10CCE00040EA02032B60E8E76FF00B00E6E710B5BF
:10CCF000044630B10268930703D0446809B100F0DC
:10CD000098FB204610BD0023C0E9003300F1080362
:10CD1000C0E902337047012307B5009300230A4698
:10CD20001946FFF77CFF03B05DF804FB002307B54D
:10CD30000A4600931946FFF772FF03B05DF804FB43
:10CD400000210068FFF7D3BF3AB18A4205D3C0E99A
:10CD50000212C0E90000002070476FF01500704714
:10CD6000012302688B4022EA0303036022FA01F0E8
:10CD700000F00100704710B5032104460C30FFF7A6
:10CD8000EFFF30B104F1100000F054FAB0FA80F077
:10CD9000400910BD20B100229430114600F007BABE
:10CDA000704770B5C3680446C3F340069B0716D4AA
:10CDB000856802210C30FFF7D3FF80B1D5F88C20B5
:10CDC0006AB194421DD122689EB9D5F89030C5F859
:10CDD0008C209C4201D1C5F8902000232360E36899
:10CDE00013F01F001EBF43F00203E36040F0020097
:10CDF00070BD3260D5F89020944208BFC5F89060AD
:10CE0000EBE716461268DBE773B50446EFF31185CE
:10CE1000202383F31288BFF36F8F00230193D0E99F
:10CE20000423B3F1004F08BF012A05D085F3118810
:10CE3000BFF36F8F02B070BDA0F11006032104385C
:10CE4000FFF78EFF0028F1D0A369304601A90193B6
:10CE5000FAF752FEEAE738B504460D4610220021E3
:10CE600000F0FBFA656038BD13B501900846EFF39A
:10CE70001184202383F31288BFF36F8F01A9FAF77F
:10CE80003BFE84F31188BFF36F8F02B010BD10B565
:10CE9000FFF7EAFF041E08DDEFF31180202383F380
:10CEA0001288BFF36F8FFBF71DFA204610BD38B50F
:10CEB00030220D460021044600F0CFFA4FF4807373
:10CEC0006560E36038BDF8B504460D46EFF31187A1
:10CED000202383F31288BFF36F8FC36803F01F030F
:10CEE000002B14BF0126002609D0FFF744FF20467F
:10CEF000FFF757FF29462046FAF7E0FD034687F380
:10CF00001188BFF36F8F3BB14FF0FF324FF0FF330B
:10CF100005F10800FAF7C4FC3046F8BDEFF30580D0
:10CF2000003818BF012070476FF05700704700208D
:10CF3000704738B58589EFF31181202282F312887A
:10CF4000BFF36F8F037C13F0080404D081F31188C2
:10CF5000BFF36F8F38BD0122FBF732F8EB07F9D52D
:10CF600084F31188BFF36F8F0423184602DFF1E7C3
:10CF7000FBF7DEB8D0E9003213605A600023C0E945
:10CF80000033704708B5FFF7F5FF037C23F0020379
:10CF900003740023836008BD38B504460D46FAF7D4
:10CFA0005BFF237C43F002032374D5B1A5602B689B
:10CFB0009D4209D16B68C4E900531C606C6010E0AD
:10CFC0006A689A42F6D01B68002BF3D093F90E10D2
:10CFD00094F90E209142F3DD5A68C4E900321460DE
:10CFE0005C6038BD10B5EFF31184202383F3128801
:10CFF000BFF36F8FFAF75AFF84F31188BFF36F8F77
:10D0000010BDFAF753BFFAF727BF08B5EFF3118148
:10D01000202282F31288BFF36F8F83680BB1FFF772
:10D02000B1FF81F31188BFF36F8F08BD08B5037C92
:10D03000014613F0280F0CD183680BB1FFF7A2FF54
:10D040000B7C084623F004030B74BDE80840FAF794
:10D050002DBF08BD10B5EFF31184202383F3128890
:10D06000BFF36F8F1838FFF7E1FF84F31188BFF328
:10D070006F8F10BD08B50346EFF31181202282F3B4
:10D080001288BFF36F8F0068834207D008B1FFF7A3
:10D0900079FF81F31188BFF36F8F08BD0020F8E797
:10D0A0000846FAF743BF38B5054604680020AC428D
:10D0B00000D138BD002CFCD02046FFF763FF04F1FF
:10D0C000180000F0B7F82046FAF7F0FE2C680120AF
:10D0D000A542EDE710B5EFF31184202383F3128806
:10D0E000BFF36F8FFFF7DFFF84F31188BFF36F8FFC
:10D0F00010BD38B505460C46FBF708F9B4F1FF3F03
:10D1000008BFB5F1FF3F0AD0C11709304FF00A023E
:10D110004FF0000341F10001F2F772FF38BD4FF00C
:10D12000FF30FBE7C117633008B54FF064024FF0E2
:10D13000000341F10001F2F763FFC117FBF7E6F8C6
:10D140006423584308BD2DE9F04706460F46914633
:10D150009A46EFF31188202383F31288BFF36F8F71
:10D160000068864206D028B1736898420CBF00253B
:10D17000056868B90024B9F1000F02D05146204675
:10D18000C84788F31188BFF36F8F2046BDE8F0874A
:10D190005146B84704460028EDD135B17368AB421B
:10D1A00000D02C6828462546E3E72C46FAE738B538
:10D1B000EFF31185202383F31288BFF36F8F046888
:10D1C000A0421CD0ECB1C4F880106261D4E90032F6
:10D1D00013605A600023227CC4E9003322F002026B
:10D1E0002274A36004F1180000F024F82046FFF731
:10D1F00008FF012085F31188BFF36F8F38BD002031
:10D20000F8E72046F6E708B50246FBF78DF970B15E
:10D21000D0E904319B1A61EBE272B3F1004F72F175
:10D22000000104DA002AACBF1846002008BD6FF0E8
:10D230000040FBE7024638B5EFF31185202383F366
:10D240001288BFF36F8F0368D3B1FBF76DF9044603
:10D250001046FBF77BF900224FF000438442C0E9FF
:10D26000042305D0002085F31188BFF36F8F38BDEC
:10D27000FBF762F9FFF7C7FF0021F9F76FFEF1E74F
:10D28000D0E90413B3F1004F08BF012904D10020F5
:10D290004FF00041C2E904016FF01500E3E708B563
:10D2A000FBF75CFA08BDFBF759BAB3F1FF3F08BFC3
:10D2B000B2F1FF3F70B506461D46144614D01A431E
:10D2C00016D0002B08DBFBF749FA041941EB0501E6
:10D2D000C6E90041304670BD6FF001031C1B4FF0E2
:10D2E000FF3363EB0501F3E74FF0FF342146EFE72F
:10D2F0000024FBE7B3F1FF3F08BFB2F1FF3FF8B5F1
:10D30000074616461C4610D054EA020311D0FBF71C
:10D3100025FAB0420A46A14103460AD2F31A64EB49
:10D320000204C7E900343846F8BD4FF0FF331C460D
:10D33000F7E70023FBE70023C0E9081200F1180219
:10D34000C0E90622C0E900330363436370472DE957
:10D35000F3470446DDE90A9815460E4659B302F034
:10D36000010AFBF749F80746EFF31181202383F305
:10D370001288BFF36F8FA80744BF0023A360A36880
:10D3800003EA0600BAF1000F0CD086420CD16A07FE
:10D3900044BF8343A36081F31188BFF36F8F02B052
:10D3A000BDE8F0870028F2D159EA080305D181F3DE
:10D3B0001188BFF36F8F0020F1E7C7E91865224697
:10D3C000CDE9009804F10C00FAF7F4FE0028F2D140
:10D3D000386EE4E710B50B680446D0E9180212F085
:10D3E000010F03EA000301D0984211D183B12366F3
:10D3F000520748BF4A6804F1180044BF1A434A6004
:10D40000FFF718FF00232046C4F88030FFF70EFE18
:10D41000002010BD0023C0E90000836070470A4669
:10D42000FBF7A2BA0A460021FBF79EBA5200FFF7AB
:10D430008EBF20B1011F50F8040CFFF73FBB7047AF
:10D440000A44431E914200D1704710B511F8014BB8
:10D45000914203F8014FF9D110BD024403469342B3
:10D4600000D1704703F8011BF9E70246014410B5EB
:10D470008A42134603D01C780132002CF8D1181AC6
:10D4800010BDF0B5C3F13707044603F01F03104683
:10D49000FFB2082BE6B232D0102B3DD06508A408AD
:10D4A00045EAC17544EA81748A082D1942EB51029C
:10D4B000290941EA02716D1842EB1212290A41EA68
:10D4C00002616D1842EB1222290C41EA02416D18EB
:10D4D00042EB1242AD1842F10002EC0844EA4274F9
:10D4E000D10804EB8402A6EB4205EDB2092D0CD95C
:10D4F0000134A5F10A0541F10001EDB212E0E408A2
:10D5000006F0070544EA4174C908303554EA0102BF
:10D5100000F8015BBDD1F0BD240906F00F0544EA17
:10D5200001740909092D84BFED19EDB2EDE7D1E9C8
:10D53000043293421EBF5A1C0A61187070470000E3
:08D54000182BFF7F0100000021
:10D5480000000000B0D5000CF973000C00000000CA
:10D558003974000C0000000000000000CCD5000C5D
:10D568000000000004D6000C00000000E8D5000C04
:10D57800F969000C00000000BD6E000C00000000FE
:10D58800B510000C00000000A528000C00000000E9
:10D598001D8A000C000000000000000020D6000CCE
:08D5A8003D38000C00000000FA
:10D5B000B8F9000CA8DE000C2CDB000CDE03002008
:10D5C000281600209D67000C000000008CF1000C64
:10D5D00000DE000C00000000DA030020F41300203D
:10D5E0003D48000C00000000F8F0000CD8DD000CF5
:10D5F00048DB000CD8030020300000204146000C1E
:10D600000000000017FA000CD0DE000C9CDB000CC0
:10D61000E003002064160020C16C000C0000000034
:10D620005DF3000C28DE000C58DE000CDC0300204B
:0CD6300088020020A94C000C0000000043
:10D63C0000000000D59D000C00000000D59D000CE2
:10D64C0000000000D59D000C00000000D59D000CD2
:10D65C0000000000D59D000C00000000D59D000CC2
:10D66C0000000000D59D000C00000000D59D000CB2
:10D67C0000000000D59D000C00000000D59D000CA2
:10D68C0000000000D59D000C00000000D59D000C92
:10D69C0000000000D59D000CCCD5000C03AC000C98
:10D6AC00CCD5000C31AC000CCCD5000C61AC000C12
:10D6BC00CCD5000C91AC000CCCD5000CC1AC000C42
:10D6CC00CCD5000CF1AC000CCCD5000C21AD000C71
:10D6DC00CCD5000C51AD000CCCD5000C81AD000CA0
:10D6EC00CCD5000CB7AD000CCCD5000CEDAD000CBE
:10D6FC00CCD5000C23AE000CCCD5000C59AE000CD4
:10D70C00CCD5000C8FAE000CCCD5000CC5AE000CEB
:10D71C00CCD5000CFBAE000C00000000D59D000C1D
:10D72C0000000000D59D000C00000000D59D000CF1
:10D73C0000000000D59D000C00000000D59D000CE1
:10D74C0000000000D59D000C00000000D59D000CD1
:10D75C0000000000D59D000C00000000D59D000CC1
:10D76C0000000000D59D000C00000000D59D000CB1
:10D77C0000000000D59D000C00000000D59D000CA1
:10D78C0000000000D59D000C00000000D59D000C91
:10D79C0000000000D59D000C00000000D59D000C81
:10D7AC0000000000D59D000C00000000D59D000C71
:10D7BC0000000000D59D000C00000000D59D000C61
:10D7CC0000000000D59D000C00000000D59D000C51
:10D7DC0000000000D59D000C00000000D59D000C41
:10D7EC0000000000D59D000C00000000D59D000C31
:10D7FC0000000000D59D000C00000000D59D000C21
:10D80C0000000000D59D000C00000000D59D000C10
:10D81C0000000000D59D000C00000000D59D000C00
:10D82C0000000000D59D000C00000000D59D000CF0
:10D83C0000000000D59D000C00000000D59D000CE0
:10D84C0000000000D59D000C00000000D59D000CD0
:10D85C0000000000D59D000C00000000D59D000CC0
:10D86C0000000000D59D000C00000000D59D000CB0
:10D87C0000000000D59D000C00000000D59D000CA0
:10D88C0000000000D59D000C00000000D59D000C90
:10D89C0000000000D59D000C00000000D59D000C80
:10D8AC0000000000D59D000C00000000D59D000C70
:10D8BC0000000000D59D000C00000000D59D000C60
:10D8CC0000000000D59D000C00000000D59D000C50
:10D8DC0000000000D59D000C00000000D59D000C40
:10D8EC0000000000D59D000C00000000D59D000C30
:10D8FC0000000000D59D000C00000000D59D000C20
:10D90C0000000000D59D000C00000000D59D000C0F
:10D91C0000000000D59D000C00000000D59D000CFF
:10D92C0000000000D59D000C00000000D59D000CEF
:10D93C0000000000D59D000C00000000D59D000CDF
:10D94C0000000000D59D000C00000000D59D000CCF
:10D95C0000000000D59D000C00000000D59D000CBF
:10D96C0004D6000CADC7000C04D6000CADC7000CDF
:10D97C0004D6000CADC7000C04D6000CADC7000CCF
:10D98C0004D6000CADC7000C04D6000CADC7000CBF
:10D99C0000000000D59D000C00000000D59D000C7F
:10D9AC0000000000D59D000C00000000D59D000C6F
:10D9BC0000000000D59D000C00000000D59D000C5F
:10D9CC0000000000D59D000C00000000D59D000C4F
:10D9DC0000000000D59D000C00000000D59D000C3F
:10D9EC0000000000D59D000C00000000D59D000C2F
:10D9FC0000000000D59D000C00000000D59D000C1F
:10DA0C0000000000D59D000C00000000D59D000C0E
:10DA1C0000000000D59D000C00000000D59D000CFE
:10DA2C0000000000D59D000C00000000D59D000CEE
:10DA3C0000000000D59D000C00000000D59D000CDE
:10DA4C0000000000D59D000C00000000D59D000CCE
:10DA5C0000000000D59D000C00000000D59D000CBE
:10DA6C0000000000D59D000C00000000D59D000CAE
:10DA7C0000000000D59D000C00000000D59D000C9E
:10DA8C0000000000D59D000C00000000D59D000C8E
:10DA9C0000000000D59D000C00000000D59D000C7E
:10DAAC0000000000D59D000C00000000D59D000C6E
:10DABC0000000000D59D000C00000000D59D000C5E
:10DACC0000000000D59D000C00000000D59D000C4E
:10DADC0000000000D59D000C00000000D59D000C3E
:10DAEC0000000000D59D000C00000000D59D000C2E
:10DAFC0000000000D59D000C00000000D59D000C1E
:10DB0C0020D6000C0D4F000C00000000D59D000C21
:10DB1C0000000000D59D000C00000000D59D000CFD
:10DB2C00D15C000CCD5A000C000000008959000C8F
:0CDB3C0029C5000C00000000F955000C89
:10DB480085A7000CD545000C00000000E3A6000CDA
:10DB5800D9A7000CAFA7000C71A7000C37AB000CBD
:10DB68004DA8000C85A6000C65AB000C43A8000C62
:10DB7800000000009DA6000C00000000000000004E
:10DB8800A5A6000CF1AA000CB7A6000C57A9000C1A
:10DB9800BFA6000CB9C7000CCFC7000C3DC9000CCC
:10DBA800C16B000CC9C8000C01C8000C65C8000C8A
:10DBB800DDC7000C1DC8000C2BC8000C45C8000CA4
:10DBC8004FC8000C3FC8000C59C8000C97C8000C7F
:10DBD800A1C8000C85C8000CABC8000CC1C8000C5B
:08DBE800000000000000000035
:10DBF0005EE4000C0300000063E2000C0300000080
:10DC0000C7F9000C03000000E0F9000C010000005F
:10DC1000AAF1000C0300000082E4000C03000000E5
:10DC200086E4000C0300000086E5000C0300000001
:10DC300070EA000C03000000F2EA000C0300000090
:10DC4000FAEA000C0300000010FB000C03000000C7
:10DC5000B3E3000C030000006FE4000C03000000BD
:10DC600027FA000C030000003CF2000C0100000049
:10DC70006AF3000C01000000B1EF000C010000008D
:10DC80001DED000C010000008CF0000C01000000F4
:10DC900006EE000C01000000A8EB000C01000000E3
:10DCA0009FEB000C01000000E7F0000C01000000F9
:10DCB000C8F0000C01000000BBEE000C01000000E9
:10DCC000EFF0000C01000000CCE0000C03000000AD
:10DCD0007CDD000C9001002075E5000C01000000C7
:10DCE000C4E0000C0000000070E2000C7BE2000CBD
:10DCF00088E2000C97E2000CA8E2000CB2E2000CF3
:10DD0000CBE2000CDCE2000CE8E2000CFCE2000CD0
:10DD100017E3000C2AE3000C1806002000010000A5
:10DD2000299B000CC79A000C02000000D19C000C3B
:10DD300000000000000000000000000000000000E3
:10DD400055E5000C5DE5000C00000000000000003F
:10DD50000000000065E5000C69E5000C6DE5000CB5
:10DD600071E5000C6CDD000C9C0F0020591A000CB2
:10DD7000B40F0020B71A002001000000919D000C94
:10DD8000879D000C559D000C499D000C0000000073
:10DD90003D9D000C0000000000000020000000007D
:10DDA0000600010002000000ACDD000C00000008CD
:10DDB000E3EA000C06000000E0FF1F0C000000205A
:10DDC000EBEA000C21000000E0FF07203129000CE5
:10DDD00000000000659E000CE8010020D00100203A
:10DDE0007E03002028020020FC010020CCDD000C76
:10DDF000FCDD000C0002000000000000F40F002019
:10DE000000A00144B0D5000C1A7F132403C5FF1FE6
:10DE100031AF000C010000009CDE000C3C0400202F
:10DE200000000000000000000000004608000000A4
:10DE30002814002028150020C02100200004000024
:10DE4000020000000000000000000000AFB8000C5D
:10DE5000A9B8000C6400000027B8000CD1C2000C67
:10DE600029BD000C93B7000C37BC000C000000006B
:10DE700031B9000CB9BA000C33BE000C15B8000C57
:10DE8000F949000C614E000C5D4A000C7D4B000C02
:10DE9000B54A000CBBBB000CE5BC000CF5C4000C83
:10DEA00000000000DDC4000C00C0004400E000449D
:10DEB00000000144002001440080004405000000EF
:10DEC0000010804480108044001180448011804400
:10DED00000C2010003000100002000450001000015
:10DEE0000100000000000000D7C8000CB0D5000CF5
:10DEF0002E7F302423DAFF1FFCDE000C04DF000C31
:10DF00000100000046DF000C02000000C1FA000C16
:10DF1000CFFA000CE3FA000CF2FA000CFEFA000C47
:10DF200048D5000C48D5000C80D5000C88D5000CD5
:10DF3000B0D5000CB0D5000C41FB000C0001000076
:10DF400000000000090490230000802300004661C7
:10DF5000696C656420746F20696E697469616C69AD
:10DF60007A65206C616E67756167652064657363AF
:10DF7000726970746F722028256429004661696C8B
:10DF8000656420746F20696E697469616C697A6573
:10DF9000206D616E7566616374757265722064656B
:10DFA0007363726970746F7220282564290046615A
:10DFB000696C656420746F20696E697469616C694D
:10DFC0007A652070726F6475637420646573637220
:10DFD0006970746F722028256429004661696C6538
:10DFE0006420746F20696E697469616C697A652058
:10DFF000534E2064657363726970746F72202825B4
:10E000006429004661696C656420746F20616464F2
:10E0100020486967682D537065656420636F6E667C
:10E02000696775726174696F6E004661696C6564D9
:10E0300020746F206164642072656769737465720F
:10E0400020636C6173736573004661696C6564205D
:10E05000746F206164642046756C6C2D5370656527
:10E060006420636F6E66696775726174696F6E00B4
:10E070004661696C656420746F20726567697374AA
:10E080006572206D6573736167652063616C6C6296
:10E0900061636B004661696C656420746F20696E12
:10E0A000697469616C697A65206465766963652065
:10E0B000737570706F72740073616D706C655F75ED
:10E0C000736264006466755F64667500757362648C
:10E0D0005F73616D706C655F636F6E666967003F4B
:10E0E0000055534244206D6573736167653A20257E
:10E0F00073004661696C656420746F20656E6162AF
:10E100006C652064657669636520737570706F72E5
:10E1100074004661696C656420746F206469736182
:10E12000626C652064657669636520737570706FD5
:10E130007274004661696C656420746F2067657451
:10E140002062617564726174652C2072657420634D
:10E150006F64652025640042617564726174652096
:10E160002575004661696C656420746F2072656175
:10E17000642055415254204649464F0044726F7006
:10E180002025752062797465730044726F702025B4
:10E1900064206279746573004344432041434D20F9
:10E1A000646576696365206E6F7420726561647959
:10E1B000004661696C656420746F20696E697469DA
:10E1C000616C697A652055534220646576696365A0
:10E1D00000555342206465766963652073757070DD
:10E1E0006F727420656E61626C656400576169745A
:10E1F00020666F7220445452004454522073657458
:10E20000004661696C656420746F20656E61626CA4
:10E210006520555342206465766963652073757087
:10E22000706F7274004661696C656420746F20734E
:10E230006574204443442C2072657420636F6465C8
:10E24000202564004661696C656420746F207365E5
:10E2500074204453522C2072657420636F646520CF
:10E260002564006364635F61636D5F6563686F006D
:10E2700056425553207265616479005642555320C9
:10E2800072656D6F766564004465766963652072BA
:10E290006573756D656400446576696365207375A3
:10E2A0007370656E64656400427573207265736592
:10E2B00074004E65772064657669636520636F6ED0
:10E2C00066696775726174696F6E00436F6E747210
:10E2D0006F6C6C6572206572726F7200537461634B
:10E2E0006B206572726F72004344432041434D209E
:10E2F0006C696E6520636F64696E670043444320F8
:10E3000041434D20636F6E74726F6C206C696E6553
:10E3100020737461746500444655206465746163BC
:10E320006820726571756573740044465520646F8A
:10E33000776E6C6F616420636F6D706C657465647B
:10E34000006865617020636F7272757074696F6EBA
:10E3500020286E6F7420696E207573653F292061D7
:10E3600074202570006865617020636F727275702B
:10E3700074696F6E2028627566666572206F7665B7
:10E3800072666C6F773F2920617420257000686584
:10E39000617020636F7272757074696F6E2028648B
:10E3A0006F75626C6520667265653F292061742017
:10E3B0002570006F735F686561700028756E736902
:10E3C000676E6564292063686172202A2075736511
:10E3D0006420666F722025257020617267756D65F7
:10E3E0006E742E2049742773207265636F6D6D659E
:10E3F0006E64656420746F20636173742069742097
:10E40000746F20766F6964202A206265636175737A
:10E4100065206974206D6179206361757365206D75
:10E4200069736265686176696F7220696E206365E1
:10E43000727461696E20636F6E666967757261746C
:10E44000696F6E732E20537472696E673A2225735A
:10E450002220617267756D656E743A25640063628F
:10E460007072696E74665F7061636B61676500737B
:10E4700079735F6765746F7074006C6F6767696E3E
:10E4800067006C6F67006C6F675F6D676D74004D40
:10E4900065737361676520282225732229206472C1
:10E4A0006F7070656420626563617573652069745F
:10E4B00020657863656564732073697A65206C698B
:10E4C0006D69746174696F6E2028257529004D652A
:10E4D00073736167652064726F7070656420626534
:10E4E000636175736520697420657863656564731D
:10E4F0002073697A65206C696D69746174696F6EE7
:10E500002028257529000D0A001B5B306D0025733E
:10E5100020005B2530386C755D20005B253032753E
:10E520003A253032753A253032752E253033752C28
:10E53000253033755D20003C25733E200025732F68
:10E540000025733A2000253032782000202020005A
:10E550007C002563001B5B313B33316D001B5B315D
:10E560003B33336D006572720077726E00696E66C0
:10E5700000646267006C6F675F6261636B656E6405
:10E580005F75617274006C6F675F756172740072A1
:10E59000302F61313A2020307825303878202072B1
:10E5A000312F61323A20203078253038782020729F
:10E5B000322F61333A20203078253038780072339A
:10E5C0002F61343A2020307825303878207231326B
:10E5D0002F69703A20203078253038782072313415
:10E5E0002F6C723A202030782530387800207870EF
:10E5F00073723A2020307825303878004661756C87
:10E6000074696E6720696E737472756374696F6E76
:10E61000206164647265737320287231352F7063D2
:10E62000293A2030782530387800556E68616E645C
:10E630006C6564204952516E3A202564002A2A2ACA
:10E640002A2A205553414745204641554C54202AFB
:10E650002A2A2A2A0020204469766973696F6E206D
:10E660006279207A65726F002020556E616C69674F
:10E670006E6564206D656D6F72792061636365738B
:10E6800073002020537461636B206F766572666C33
:10E690006F772028636F6E7465787420617265618E
:10E6A000206E6F742076616C6964290020204E6FA3
:10E6B00020636F70726F636573736F7220696E731E
:10E6C0007472756374696F6E73002020496C6C6599
:10E6D00067616C206C6F6164206F66204558435FF2
:10E6E00052455455524E20696E746F20504300209D
:10E6F00020496C6C6567616C20757365206F6620BE
:10E700007468652045505352002020417474656D33
:10E71000707420746F206578656375746520756EFC
:10E72000646566696E656420696E7374727563747E
:10E73000696F6E002A2A2A2A2A204D505520464108
:10E74000554C54202A2A2A2A2A0020205374616317
:10E750006B696E67206572726F722028636F6E74CA
:10E760006578742061726561206D696768742062E4
:10E7700065206E6F742076616C69642900202055D5
:10E780006E737461636B696E67206572726F72007D
:10E79000202044617461204163636573732056696E
:10E7A0006F6C6174696F6E0020204D4D46415220A0
:10E7B000416464726573733A2030782578002020B4
:10E7C000496E737472756374696F6E20416363651B
:10E7D00073732056696F6C6174696F6E00202046F8
:10E7E0006C6F6174696E672D706F696E74206C61F7
:10E7F0007A792073746174652070726573657276BE
:10E800006174696F6E206572726F72002A2A2A2AFB
:10E810002A20425553204641554C54202A2A2A2A60
:10E820002A002020537461636B696E6720657272E1
:10E830006F72002020507265636973652064617493
:10E840006120627573206572726F720020204246EB
:10E85000415220416464726573733A2030782578A0
:10E86000002020496D70726563697365206461746E
:10E870006120627573206572726F72002020496E8C
:10E88000737472756374696F6E206275732065723C
:10E89000726F72002A2A2A2A2A205345435552456C
:10E8A000204641554C54202A2A2A2A2A0020204159
:10E8B0006464726573733A203078257800202049AB
:10E8C0006E76616C696420656E74727920706F6910
:10E8D0006E74002020496E76616C696420696E74E4
:10E8E000656772697479207369676E6174757265A2
:10E8F000002020496E76616C6964206578636570DC
:10E9000074696F6E2072657475726E002020417498
:10E91000747269627574696F6E20756E69742076A1
:10E92000696F6C6174696F6E002020496E76616C4E
:10E930006964207472616E736974696F6E0020205F
:10E940004C617A79207374617465207072657365A7
:10E9500072766174696F6E0020204C617A79207341
:10E9600074617465206572726F72005265736572AE
:10E9700076656420457863657074696F6E20280041
:10E9800053707572696F757320696E7465727275F4
:10E9900070742028495251200020205320696E7342
:10E9A0007472756374696F6E2061646472657373E9
:10E9B0003A202030782578002A2A2A2A2A2048411D
:10E9C0005244204641554C54202A2A2A2A2A002003
:10E9D00020427573206661756C74206F6E207665B9
:10E9E00063746F72207461626C652072656164008B
:10E9F00020204465627567206576656E740020206E
:10EA00004661756C7420657363616C6174696F6EC7
:10EA100020287365652062656C6F77290041524339
:10EA2000485F4558434550542077697468207265A3
:10EA300061736F6E2025780A002A2A2A2A2A204428
:10EA400065627567206D6F6E69746F72206578639B
:10EA5000657074696F6E202A2A2A2A2A002A2A2AB7
:10EA60002A2A20257320256429202A2A2A2A2A00D6
:10EA70006D7075004661696C656420746F20616C0F
:10EA80006C6F63617465206E6577204D5055207200
:10EA90006567696F6E2025750A005061727469742C
:10EAA000696F6E2025753A20636F686572656E63C5
:10EAB0006520636865636B206661696C65642E0020
:10EAC000496E76616C696420756E6465726C7969F3
:10EAD0006E6720726567696F6E20696E6465782065
:10EAE000257500464C4153485F30005352414D5FFD
:10EAF00030006E65745F627566006E65745F627586
:10EB0000665F73696D706C6500555342206465766D
:10EB100069636520636F6E74726F6C6C65722069D7
:10EB200073206E6F74207265616479004661696C50
:10EB3000656420746F20656E61626C6520636F6E22
:10EB400074726F6C6C6572004275666665722070D7
:10EB50007265616C6C6F636174696F6E2066616968
:10EB60006C6564004661696C656420746F20726531
:10EB700073657420636F6E66696775726174696F1F
:10EB80006E004661696C656420746F20646973610E
:10EB9000626C652055534220646576696365007533
:10EBA0007362645F64657600757362645F64657345
:10EBB00063004661696C656420746F20656E7175D1
:10EBC0006575652053746174757320494E206275B4
:10EBD00066666572004661696C656420746F2065C5
:10EBE0006E71756575652053455455502062756684
:10EBF00066657200436F6E66696775726174696FEE
:10EC00006E2064657363726970746F72202575205D
:10EC10006E6F7420666F756E640043616E206F6E58
:10EC20006C792068616E646C6520636F6E74726FBE
:10EC30006C207265717565737473004D616C666FDD
:10EC4000726D6564207365747570207061636B65A7
:10EC50007400556E657870656374656420627566CE
:10EC6000666572206C696E6B656420746F207365D5
:10EC7000747570004661696C656420746F207365FB
:10EC8000742064657669636520616464726573737A
:10EC90002030782578004661696C656420746F20A7
:10ECA00073657420636F6E66696775726174696FEE
:10ECB0006E2025752C202564004857494E464F206C
:10ECC0006E6F7420696D706C656D656E746564201F
:10ECD0006F7220656E61626C6564004661696C6587
:10ECE0006420746F20656E7175657565205374615D
:10ECF000747573204F5554206275666665720046C0
:10ED000061696C656420746F20656E61626C65205A
:10ED1000544553545F4D4F4445202575007573622B
:10ED2000645F636839004661696C656420746F20B4
:10ED3000676574206366675F6E642C20646573701A
:10ED400069746520636F6E666967757265642073A8
:10ED50007461746500556E7265636F766572616289
:10ED60006C65206572726F722025642C206570209E
:10ED70003078253032782C20627566202570004668
:10ED800061696C656420746F2073657420646566C6
:10ED900061756C742061646472657373206166745C
:10EDA00065722062757320726573657400466169CF
:10EDB0006C656420746F207365742064656661758A
:10EDC0006C7420737461746520616674657220626E
:10EDD00075732072657365740055444320657272C3
:10EDE0006F72206576656E74004661696C6564209B
:10EDF000746F20696E697420646576696365206448
:10EE0000726976657200757362645F636F72650024
:10EE1000456E64706F696E672030782530327820D7
:10EE20006E6F742061737369676E65640046616913
:10EE30006C656420746F2061737369676E20656E02
:10EE400064706F696E742061646472657373657356
:10EE5000004661696C656420746F20696E6974692D
:10EE6000616C697A6520636C61737320696E737479
:10EE7000616E6365004661696C656420746F20692A
:10EE80006E697420485320636F6E6669677572619E
:10EE900074696F6E202575004661696C6564207425
:10EEA0006F20696E697420465320636F6E666967D0
:10EEB00075726174696F6E20257500757362645F89
:10EEC000696E69740046656174757265206E6F7451
:10EED00020737570706F7274656420627920636F3F
:10EEE0006E74726F6C6C6572005553422064657667
:10EEF00069636520737570706F727420697320691F
:10EF00006E697469616C697A656400436F6E7472CE
:10EF10006F6C6C657220646F65736E2774207375F7
:10EF200070706F727420485300556E737570706FF7
:10EF30007274656420636F6E666967757261746967
:10EF40006F6E20737065656400485320636F6E6652
:10EF5000696720616C7265616479206F6E20465329
:10EF6000206C69737400465320636F6E6669672076
:10EF7000616C7265616479206F6E204853206C6902
:10EF80007374004661696C656420746F2061646409
:10EF900020636F6E66696775726174696F6E207346
:10EFA0007472696E672064657363726970746F72DE
:10EFB00000757362645F6366670055534220646541
:10EFC0007669636520636C617373202573206E6FAF
:10EFD0007420666F756E64004E6F20636F6E666995
:10EFE0006775726174696F6E20736574202841645F
:10EFF00064726573732073746174652900436C6176
:10F000007373207265676973746572656420746FC9
:10F01000206F7468657220636F6E74657874206108
:10F020007420646966666572656E742073706565C8
:10F0300064004661696C656420746F20726567695D
:10F040007374657220257320746F20485320636F9A
:10F050006E66696775726174696F6E20257500460A
:10F0600061696C656420746F20726567697374658B
:10F070007220257320746F20465320636F6E66697B
:10F080006775726174696F6E2025750075736264AF
:10F090005F636C617373004661696C656420746FB3
:10F0A0002068616E646C65206F702025642C20657B
:10F0B00070203078253032782C20626D2030782511
:10F0C0003038782C20256400757362645F6966614E
:10F0D0006365006465766963652069732073757381
:10F0E00070656E64656400757362645F6570007559
:10F0F0007362645F6D7367005A657068797220553A
:10F100005342204344432D41434D006364635F6198
:10F11000636D5F300054696D656F75742077616948
:10F1200074696E6720666F72204549435F53594E7C
:10F130004342555359206269747320746F20636C85
:10F1400065617200436C6F636B20636F6E74726FE6
:10F150006C206F6E206661696C656420666F72203A
:10F160006D636C6B20256400436C6F636B20636F71
:10F170006E74726F6C206F6E206661696C656420BE
:10F18000666F722067636C6B20256400696E74651E
:10F1900072727570742D636F6E74726F6C6C6572C1
:10F1A00040343430316130303000696E74635F6DEB
:10F1B0006368705F6569635F6731006570203078F0
:10F1C0002530327820616C726561647920656E61EA
:10F1D000626C656400456E64706F696E742030788F
:10F1E000253032782076616C69646174696F6E20B5
:10F1F0006661696C6564006570203078253032780E
:10F2000020616C72656164792064697361626C6508
:10F2100064004661696C656420746F20616C6C6F7A
:10F2200063617465206E65745F62756620257A641B
:10F230002C206570203078253032780075646300AA
:10F240004661696C656420746F2064697361626CE7
:10F250006520636F6E74726F6C20656E64706F6989
:10F260006E74204F5554004661696C656420746F5C
:10F270002064697361626C6520636F6E74726F6C79
:10F2800020656E64706F696E7420494E0046616936
:10F290006C656420746F20726573657276652045B5
:10F2A0005030204649464F0055534220636F6E74DC
:10F2B000726F6C6C65722072657365742074696D11
:10F2C000656F75740055534220636F6E74726F6C76
:10F2D0006C657220656E61626C652073796E632067
:10F2E00074696D656F7574005553422050485920FC
:10F2F00072656164792074696D656F75740046612B
:10F30000696C656420746F207265676973746572D7
:10F31000204F555420656E64706F696E74202564AB
:10F32000004661696C656420746F2072656769735B
:10F3300074657220494E20656E64706F696E74202A
:10F340002564004661696C656420656E61626C6964
:10F350006E672065702030782530327800757362D2
:10F36000403436303030303030007564635F6D6368
:10F3700068705F67320025733A20434C4F434B5F00
:10F38000434F4E54524F4C5F5355425359535F4174
:10F390004C4C206973206E6F7420737570706F729F
:10F3A0007465640025733A20496E76616C69642047
:10F3B00073756273797374656D20747970653D251A
:10F3C000640025733A20496E76616C696420696E29
:10F3D0007374616E636520256420666F7220747992
:10F3E000706520256420286D61782025642900251A
:10F3F000733A20526563757273697665206465702F
:10F40000656E64656E6379206465746563746564B4
:10F410000025733A20496E76616C696420504C4C2B
:10F4200020736F7572636520646570656E64656EC8
:10F4300063790025733A20496E76616C69642047D0
:10F44000434C4B50494E20736F757263652049449D
:10F450000025733A204E554C4C20636F6E666967E9
:10F4600075726174696F6E20706F696E7465720079
:10F4700025733A20496E76616C69642073756273F6
:10F48000797374656D20747970653D256420696EAB
:10F490007374616E63653D25640025733A204446AC
:10F4A0004C4C34384D53594E432074696D656F751B
:10F4B00074206F6E2077726974696E67204F5343B2
:10F4C0004354524C5F44464C4C4354524C420025EA
:10F4D000733A2044464C4C34384D53594E432074B3
:10F4E000696D656F7574206F6E2077726974696ECF
:10F4F00067204F53434354524C5F44464C4C4D5548
:10F500004C0025733A2044464C4C34384D53594EE8
:10F51000432074696D656F7574206F6E2077726912
:10F5200074696E67204F53434354524C5F44464CBA
:10F530004C4354524C410025733A2047434C4B5F97
:10F5400053594E43425553592074696D656F757414
:10F55000206F6E2077726974696E672047434C4B49
:10F560005F47454E4354524C5B25645D0025733A1A
:10F570002074696D656F7574206F6E207772697481
:10F58000696E672047434C4B5F5043484354524C8D
:10F590005F4348454E5F4D736B0025733A20496EBB
:10F5A00076616C69642073756273797374656D003C
:10F5B00025733A20556E737570706F727465642090
:10F5C00073756273797374656D2074797065002545
:10F5D000733A2047434C4B47454E302063616E6E73
:10F5E0006F742062652064697361626C65642028B1
:10F5F000616C77617973204F4E290025733A205052
:10F600004C4C5B25645D206C6F636B2074696D6589
:10F6100064206F75740025733A20436C6F636B2010
:10F62000616C726561647920656E61626C6564000D
:10F6300025733A20556E737570706F72746564200F
:10F64000636C6F636B2073756273797374656D207F
:10F65000747970652025640025733A20436C6F63CC
:10F660006B204F4E206F7065726174696F6E2066FB
:10F6700061696C65640025733A20436C6F636B208D
:10F680004F4E2074696D656F75740025733A20586C
:10F690004F53432072656164792074696D656420FD
:10F6A0006F75740025733A20736B697070696E67AB
:10F6B0002064666C6C34386D5F696E69742C2061EF
:10F6C000732044464C4C20697320616C7265616400
:10F6D00079206F6E0025733A20736B697070696EC4
:10F6E000672064666C6C34386D5F696E69742C20B9
:10F6F000617320736F757263652067636C6B2D2572
:10F7000064206973206F66662E20284D6178696DCC
:10F71000756D20696E6974207265747279203D2060
:10F720002564290025733A20736B697070696E67D0
:10F730002064666C6C34386D5F696E69742C20616E
:10F74000732044464C4C2069732064726976696E5C
:10F75000672067636C6B3020284350552900257360
:10F760003A2044464C4C34384D207265616479200F
:10F7700074696D6564206F75740025733A20444682
:10F780004C4C34384D53594E432074696D656F7538
:10F7900074206F6E2077726974696E672047434CDE
:10F7A0004B5F5043484354524C0025733A20736FCB
:10F7B0007572636520636C6F636B20286472697671
:10F7C000696E6720504C4C5F256429206973206F57
:10F7D00066662E20284D6178696D756D20696E69A9
:10F7E00074207265747279203D2025642900257388
:10F7F0003A20535550435F53544154555320746934
:10F800006D656F7574206F6E2077726974696E67AD
:10F8100020535550435F565245474354524C0025A0
:10F82000733A2074696D656F7574206F6E207772FE
:10F830006974696E67206672616374696F6E616C6A
:10F8400020646976696465720025733A20736B6978
:10F850007070696E6720706C6C5F25645F6F757483
:10F860005F25645F696E69742C2061732069742060
:10F87000697320616C7265616479206F6E00257315
:10F880003A20736B697070696E6720706C6C5F25CD
:10F89000645F6F75745F25645F696E69742C2061A5
:10F8A000732064726976696E6720504C4C206973CE
:10F8B000206F66660025733A20736B697070696EFD
:10F8C0006720786F736333326B5F696E69742C20C5
:10F8D000617320697420697320616C726561647959
:10F8E000206F6E0025733A204F534333324B4354FD
:10F8F000524C2072656164792074696D6564206F73
:10F9000075740025733A20736B697070696E672097
:10F9100067636C6B67656E2D25645F696E69742C17
:10F9200020617320697420697320616C7265616461
:10F9300079206F6E0025733A20736B697070696E61
:10F94000672067636C6B67656E5F696E69742C20F6
:10F95000617320736F75726365206F662067636CD7
:10F960006B2D25642C206973206F66662E20284D30
:10F970006178696D756D20696E6974207265747245
:10F9800079203D202564290025733A2047434C4BBC
:10F990005F53594E43425553592074696D656F75D5
:10F9A00074206F6E2077726974696E672047434CCC
:10F9B0004B5F4354524C4100636C6F636B40343473
:10F9C00030313230303000636C6F636B5F6D636871
:10F9D000705F7069633332636B5F73675F67630087
:10F9E0006877696E666F5F6D6368705F673100543A
:10F9F000696D656F75742077616974696E672066DB
:10FA00006F7220554152542053594E434255535919
:10FA100020636C65617200736572636F6D4034358D
:10FA200030303230303000756172745F6D636870F1
:10FA30005F736572636F6D5F67310048616C7469F5
:10FA40006E672073797374656D00556E6B6E6F779A
:10FA50006E206572726F7200756E6B6E6F776E00DE
:10FA60003E3E3E205A455048595220464154414C52
:10FA7000204552524F522025643A202573206F6E44
:10FA800020435055202564004661756C74206475D0
:10FA900072696E6720696E74657272757074206821
:10FAA000616E646C696E670A0043757272656E748C
:10FAB000207468726561643A2025702028257329B6
:10FAC0000043505520657863657074696F6E00550A
:10FAD0006E68616E646C656420696E7465727275BF
:10FAE000707400537461636B206F766572666C6F1F
:10FAF00077004B65726E656C206F6F7073004B659D
:10FB0000726E656C2070616E6963006D61696E0074
:10FB10006F73002A2A2A20426F6F74696E67205A19
:10FB20006570687972204F53206275696C6420306B
:10FB30006130323537303936326161202A2A2A0A5B
:10FB400000737973776F726B7100286E756C6C2916
:10FB5000002A666C6F61742A00485320436F6E66FA
:10FB6000696775726174696F6E00465320436F6EEA
:10FB700066696775726174696F6E005553424420FF
:10FB80004344432041434D2073616D706C65005ABE
:10FB900065706879722050726F6A65637400206DB9
:10FBA000657373616765732064726F70706564203C
:10FBB0002D2D2D0D0A1B5B306D001B5B313B33314E
:10FBC0006D2D2D2D20003031323334353637383914
:10FBD000414243444546005A657068797220555346
:10FBE00042204344432D41434D00000000000000EB
:10FBF000000000AAAAAAAAAAAAAAAAEEEEEEEEEE0F
:10FC0000EEEEEEFEFFFFFFFFFFFFFFFFFFFFFF7FB8
:10FC1000BFDFEFF7FBFDFC7EBFDFEFF7FBFD7E3FB5
:10FC20003F3F3F3F3F3F3F1F3F3F3F3F3F3F3F3F04
:10FC30000300003F3F3F3F2F3F3F00000500000B08
:10FC4000380040636C6F636B5F6D6368705F696EF3
:10FC5000697400636C6F636B5F6F6E00636C6F63DE
:10FC60006B5F6D6368705F6F6E00636C6F636B5F7B
:10FC70006D6368705F6F666600636C6F636B5F6770
:10FC800065745F726174655F67636C6B67656E0056
:10FC9000636C6F636B5F6D6368705F6765745F72E1
:10FCA00061746500636C6F636B5F636F6E66696739
:10FCB0007572655F67636C6B67656E00636C6F631D
:10FCC0006B5F636F6E6669677572655F706C6C0001
:10FCD000636C6F636B5F636F6E6669677572655F98
:10FCE00064666C6C00636C6F636B5F636865636B09
:10FCF0005F73756273797300636C6F636B5F6D63C1
:10FD000068705F636F6E66696775726500636C6FBC
:10FD1000636B5F67636C6B67656E5F696E697400C8
:10FD2000636C6F636B5F786F736333326B5F696EA5
:10FD3000697400636C6F636B5F706C6C5F6F75747C
:10FD40005F696E697400636C6F636B5F706C6C5F8E
:10FD5000696E697400636C6F636B5F64666C6C34AE
:10FD6000386D5F696E697400636C6F636B5F786F89
:10FD700073635F696E697400636C6F636B5F6F6E52
:0CFD80005F706C6C0005060700010000BD
:10FD8C00000000003D44000C0000000000010000D9
:10FD9C000000000000000000000000000000000057
:10FDAC000000000000000000000000000000000047
:10FDBC00E8D5000C00C201000000080000000000A3
:10FDCC000000000000000000000000000000000027
:10FDDC000000000000000000000000000000000017
:10FDEC0000000000BC01002000000000A801002061
:10FDFC0000000000000000000000000000000000F7
:10FE0C0000000000000000000000000000000000E6
:10FE1C0000000000000000000000000000000000D6
:10FE2C0000000000000000000000000000000000C6
:10FE3C00000000000000000000000000BC000020DA
:10FE4C00BC000020000000000100000000000000C9
:10FE5C000000000048030020F80000200000000013
:10FE6C0000000000000000005103002010010020E1
:10FE7C000000000000000000000000000000000076
:10FE8C00000401000000000059FB000C22030000DC
:10FE9C000000000000000000000401000000000051
:10FEAC006AFB000C220300000000000000000000B0
:10FEBC00000303000000000000000000000300002D
:10FECC000000000000000000000201000000000023
:10FEDC007BFB000C28030000000000000000000069
:10FEEC0000010100000000008FFB000C1E0300004D
:10FEFC0000000000000000000000000000000000F6
:10FF0C0044DF000C04030000AD94000CE79A000CD5
:10FF1C0064DD000C00000000000000005B9E000C83
:10FF2C000000000000000000803E002000000000E7
:10FF3C0000000000000000000004000080420020CF
:10FF4C0000000000000000000000000000040000A1
:10FF5C00000000000000000000050100000000008F
:10FF6C00D7FB000C260300000BF1000C0000000076
:10FF7C005402002000000000E8D5000C7E03002095
:10FF8C00860300208F030020940300209903002097
:10FF9C009D030020C0030020A9030020C7030020FC
:10FFAC00CE030020D50300207E0300208603002012
:10FFBC008F03002094030020990300209D03002050
:10FFCC00A2030020A9030020B2030020B9030020E3
:10FFDC00D50300200000000027A6000C3145000CC2
:10FFEC009145000C7BA8000C59A7000C6FA8000CC5
:04FFFC000000000001
:020000040C01ED
:10000000A7AB000C57A8000CE7A7000C00000000ED
:1000100029A6000C00000000000000000000000005
:1000200000000000000000000000000000000000D0
:1000300000000000000000000000000000000000C0
:1000400000000000000000000000000000000000B0
:1000500000000000000000000000000000000000A0
:100060000000000000000000000000000000000090
:100070000000000000000000000000000000000080
:100080000000000000000000000000000000000070
:1000900000000000000000000C0300200C03002002
:1000A00000000000000000000E0000000000000042
:1000B0000000000000000000E00A00200000000036
:1000C0000000000000000000C80000004003002005
:1000D0004003002009020000000100C07D09020069
:1000E00000000100C07D12010002EF020140E32F79
:1000F000010004040000000012010002EF020140B0
:10010000E32F0100040400000000080B00020202BB
:100110000000090400000102020000052400100193
:10012000052401000104240202052406000107053C
:10013000810310000A09040100020A0000000705FB
:10014000820240000007050102400000070581030C
:1001500010000707058202000200070501020002E5
:030160000000009C
:0D016300000000000000000000000000008F
:10017000000000000000000000000000000000007F
:10018000000000000000000000000000000000006F
:10019000000000000000000000000000000000005F
:0801A000000000000000000057
:0401A8000000000053
:1001AC0020040020200400207837002000000000EC
:0C01BC000800000010000000000000001F
:1001C800000000004038002000040000000000008B
:0401D8000000000023
:1001DC0050040020500400200C0000000A00000015
:1001EC00003700207837002000370020003700202F
:0801FC000000000000000000FB
:1002040078040020780400200000000001000000B1
:100214008804002088040020000000000100000081
:100224000000000000000000A0040020A004002042
:10023400020002000A00000000000000ECDD000CD7
:10024400F83700200000000000000000C404002073
:10025400C4040020100010000A00000037B0000C95
:0802640018DE000C403C0020F4
:10026C00B8E0000C000000000000000000000000DE
:10027C00000000000000000020D6000C0000000070
:10028C000000000000000000000000000000000062
:10029C000000000000000000000000000000000052
:1002AC000000000000000000000000000000000042
:1002BC000000000000000000000000000000000032
:1002CC000000000000000000000000000000000022
:0C02DC006C0300205A030020000000000A
:1002E80000000000E80100200000000000000000FD
:0802F8000000000000000000FE
:1003000000000000E80100200000000000000000E4
:080310000000000000000000E5
:0403180015E015E0F7
:040000050C00216961
:00000001FF
