:020000040800F2
:10000000681F0020650A000CB359000C510A000C4F
:10001000510A000C510A000C510A000C510A000C44
:10002000000000000000000000000000990A000C21
:10003000510A000C00000000490C000CD935000CDE
:10004000B50C000CB50C000CB50C000CB50C000C7C
:10005000B50C000CB50C000CB50C000CB50C000C6C
:10006000B50C000CB50C000CB50C000CB50C000C5C
:10007000B50C000CB50C000CB50C000CB50C000C4C
:10008000B50C000CB50C000CB50C000CB50C000C3C
:10009000B50C000CB50C000CB50C000CB50C000C2C
:1000A000B50C000CB50C000CB50C000CB50C000C1C
:1000B000B50C000CB50C000CB50C000CB50C000C0C
:1000C000B50C000CB50C000CB50C000CB50C000CFC
:1000D000B50C000CB50C000CB50C000CB50C000CEC
:1000E000B50C000CB50C000CB50C000CB50C000CDC
:1000F000B50C000CB50C000CB50C000CB50C000CCC
:10010000B50C000CB50C000CB50C000CB50C000CBB
:10011000B50C000CB50C000CB50C000CB50C000CAB
:10012000B50C000CB50C000CB50C000CB50C000C9B
:10013000B50C000CB50C000CB50C000CB50C000C8B
:10014000B50C000CB50C000CB50C000CB50C000C7B
:10015000B50C000CB50C000CB50C000CB50C000C6B
:10016000B50C000CB50C000CB50C000CB50C000C5B
:10017000B50C000CB50C000CB50C000CB50C000C4B
:10018000B50C000CB50C000CB50C000CB50C000C3B
:10019000B50C000CB50C000CB50C000CB50C000C2B
:1001A000B50C000CB50C000CB50C000CB50C000C1B
:1001B000B50C000CB50C000CB50C000CB50C000C0B
:1001C000B50C000CB50C000CB50C000CB50C000CFB
:1001D000B50C000CB50C000CB50C000CB50C000CEB
:1001E000B50C000CB50C000CB50C000CB50C000CDB
:1001F000B50C000CB50C000CB50C000CB50C000CCB
:10020000B50C000CB50C000CB50C000CB50C000CBA
:10021000B50C000CB50C000CB50C000CB50C000CAA
:10022000B50C000CB50C000CB50C000CB50C000C9A
:10023000B50C000CB50C000CB50C000CB50C000C8A
:10024000B50C000CB50C000CB50C000CB50C000C7A
:10025000B50C000CB50C000CB50C000CB50C000C6A
:10026000B50C000CB50C000CB50C000CB50C000C5A
:10027000B50C000CB50C000CB50C000CB50C000C4A
:10028000B50C000CB50C000CB50C000CB50C000C3A
:10029000B50C000CB50C000CB50C000CB50C000C2A
:1002A000B50C000CB50C000CB50C000CB50C000C1A
:0802B000B50C000CB50C000CAC
:020000040C00EE
:1000000053B94AB9002908BF00281CBF4FF0FF317F
:100010004FF0FF3000F00CB8ADF1080C6DE904CEE4
:1000200000F012F8DDF804E0DDE9022304B07047C7
:10003000704700BF10F8012B11F8013B012A28BFBF
:100040009A42F7D0D01A70472DE9F0478C468E4679
:10005000089E154604461946002B40F0D080724594
:1000600047D9B2FA82F74FB1C7F120030EFA07FC65
:10007000BD40BC4020FA03F343EA0C0C4FEA154E96
:10008000A8B2230CBCFBFEF80EFB18CC08FB00F951
:1000900043EA0C43994528D9EB1808F1FF3204D202
:1000A000994502D9A8F102022B44A3EB0903A4B29B
:1000B000B3FBFEFC0EFB1C330CFB00F044EA0344D4
:1000C000A04214D92C190CF1FF3304D2A04202D95A
:1000D000ACF102032C44241A43EA02401EB1FC4056
:1000E000002334607360BDE8F0874246DDE7634675
:1000F000F1E7002A79D0B2FA82F3002B3FD01946FB
:10010000C1F1200302FA01F500FA01F42EFA03F21C
:100110000EFA01FE20FA03F3AFB243EA0E034FEAF0
:10012000154EB2FBFEFC0EFB1C201A0C0CFB07F854
:1001300042EA004290455AD9AA180CF1FF3004D285
:10014000904502D9ACF102002A44A2EB08029BB20E
:10015000B2FBFEFC0EFB1C220CFB07F743EA02433A
:100160009F4246D9EB180CF1FF3204D29F4202D9CC
:10017000ACF102022B44DB1B42EA004202E0AEEB90
:10018000020301224FEA154EAFB2200CB3FBFEFC76
:100190000EFB1C330CFB07F840EA034398452AD9B1
:1001A000EB180CF1FF3004D2984502D9ACF10200F3
:1001B0002B44A3EB0803A4B2B3FBFEFC0EFB1C33E1
:1001C0000CFB07F744EA0344A74216D92C190CF19B
:1001D000FF3304D2A74202D9ACF102032C44E41B42
:1001E00043EA00400F46114678E71F2188E7604642
:1001F000ABE76246BFE76046DBE76346EFE7734580
:1002000006D916B9002108466DE7C6E9000EF9E7E0
:10021000B3FA83F787B9734501D3824207D8841AAA
:100220006EEB030301209C461EB900215BE73846B4
:10023000FAE7C6E9004CF8E7C7F1200CBB4000FA2A
:1002400007F422FA0CF520FA0CF1BA401D432EFAFD
:100250000CF30EFA07FE4FEA154941EA0E011FFAA8
:1002600085FEB3FBF9F809FB18300B0C08FB0EFAFE
:1002700043EA00439A4540D9EB1808F1FF3004D215
:100280009A4502D9A8F102002B44A3EB0A0389B2D4
:10029000B3FBF9F809FB183308FB0EFE41EA0341F2
:1002A0008E452CD9691808F1FF3304D28E4502D946
:1002B000A8F10203294443EA0040A1EB0E01A0FB90
:1002C00002984145CE46434602D306D14C4504D25E
:1002D0000138B9EB020E68EB0503002EA5D0B4EB94
:1002E0000E0261EB030101FA0CFC22FA07F3F9405C
:1002F0004CEA0303C6E9003197E74046C5E74346A9
:10030000D9E70000002313B50D4C0193019B4BB1BD
:100310000C490D4805F0A6FA002142F2107009F0D0
:1003200066F8F5E7A3681B6D1BB10421204601AAFE
:10033000984700214FF47A7009F059F8E6E700BFBA
:100340009498000C46A0000C4AA0000C014B1B68BE
:10035000184700BFD0000020014B1860704700BF55
:10036000D000002030B5044685B00D461022002193
:10037000684609F0D1F902238DF80230044B2A4671
:1003800021466846019304F057FD05B030BD00BF1B
:100390004D03000C80B505460E461746984604F0FE
:1003A00011FB034600F098FC0446DFF81890424623
:1003B00049F8003039463046A84754F8090000F0A3
:1003C0002DFC00BF08000000014B036000207047B7
:1003D0009C9E000C07B51B491B4805F07CFC70BBBC
:1003E0001A49194805F077FC48BB1949164805F029
:1003F00072FC20BB1749144805F06DFCF8B90146A2
:10040000154A114805F049FFC8B9024601231349AE
:100410000D4806F01CF890B9012301460093EF2225
:100420000223094805F061FB48B9074805F086FB3F
:1004300028B9054803B05DF804EB05F0AFBB03B085
:100440005DF804FB48010020B403002030010020C7
:100450001801002000010020D40000205BA0000C47
:1004600008B50348034A0021121A05F09AFA08BD9C
:1004700048040020280C0020074808B5074A08490E
:10048000121A05F090FABDE808400648064A0749E6
:10049000121A05F088BA00BF0000002048040020AE
:1004A000B4A6000C0000002000000020B4A6000C40
:1004B00038B505460C4699B1D1E901230F480968C2
:1004C00005F0D0F9D4E90423E1680D4805F0CAF934
:1004D000E1690C4805F0C6F9A1690B4805F0C2F9BD
:1004E000012D05D1EFF305810848103905F0BAF95F
:1004F00021462846BDE8384003F052B974A0000CEC
:10050000A4A0000CD4A0000CE4A0000C13A1000CCB
:1005100030BFFFF7FDBF00BF2DE9F04105460B4E90
:10052000DFF82C80324606EB0807CC1B2046094931
:1005300009F0E5F8A01942460021083C09F0ECF862
:10054000AC6707F10800BDE8F08100BF00000000C3
:10055000080000009C9E000C10B52A4C2A4805F0AB
:1005600081F9D4F8E810D4F8E430580602D52748C9
:1005700005F078F9D4F8E430D9070BD5244805F014
:1005800071F926201F4AD2F8E43043F0FF03C2F885
:10059000E43010BDD4F8E4309A0704D51D4805F0C6
:1005A00061F92720EEE7D4F8E4305B0704D51A4858
:1005B00005F058F92820E5E7D4F8E430180704D509
:1005C000164805F04FF92920DCE7D4F8E430D906C5
:1005D00004D5134805F046F92A20D3E7D4F8E430CF
:1005E0009A0604D50F4805F03DF92B20CAE7D4F848
:1005F000E4301B0604D50C4805F034F92C20C1E783
:100600002520BFE700ED00E027A1000C41A1000C70
:1006100052A1000C69A1000C88A1000CA4A1000C3F
:10062000C2A1000CD8A1000CF3A1000C10B5204C05
:10063000204805F017F9A36A990137D51E4805F03F
:1006400011F91E20A36ADA0103D51C4805F00AF946
:100650001F20174CA36ADB0203D5194805F002F9E5
:100660002020A36A1C0303D5164805F0FBF82120BF
:100670000F4CA36A590303D5134805F0F3F8222061
:10068000A36A9A0303D5114805F0ECF82320084C1F
:10069000A36ADB0303D50E4805F0E4F82420A36A1F
:1006A0006FEA03436FEA1343A36210BD1D20C9E73D
:1006B00000ED00E007A2000C20A2000C34A2000C08
:1006C0004FA2000C7AA2000C99A2000CBFA2000C51
:1006D000DAA2000C70B5244C064624480D4605F0FD
:1006E000C1F8A36AD90435D5214805F0BBF8172015
:1006F000A36A1A0503D51F4805F0B4F818201A4C50
:10070000A36A9B050FD51C4805F0ACF8A16BA36A42
:10071000180407D5194805F0A5F81EB1A36A23F4FB
:100720000043A3621920104CA36A590503D514484D
:1007300005F098F81A20A36ADA050DD5114805F0DE
:1007400091F81B20084A936A43F47F439362002385
:100750002B7070BD1620CBE7A36A9B04F2D50A4824
:1007600005F080F81C20EDE700ED00E006A3000C8A
:100770001DA3000C2FA3000C43A3000C5DA3000CD1
:1007800073A3000C8FA3000CA8A3000C70B5264C1B
:10079000064626480D4605F065F8A36AD80640D5FA
:1007A000234805F05FF81120A36A190703D52148F3
:1007B00005F058F812201C4CA36A9A070FD51E4862
:1007C00005F050F8616BA36A1B0607D51B4805F0BE
:1007D00049F81EB1A36A23F08003A3621320124CD0
:1007E000A36ADE0703D5164805F03CF81420A36A77
:1007F0009C0603D5134805F035F815200A4B9A6A74
:10080000D10658BF9A6A9A6A920642BF5A6A22F47F
:1008100000525A629A6A42F0FF029A6200232B70D9
:1008200070BD1020C0E700BF00ED00E0D8A3000CB1
:10083000EFA3000C2FA3000C23A4000C3CA4000C7D
:1008400053A4000CA8A3000C2DE9F0416E4B044604
:100850005F688AB00023C7F3080683F31188BFF3EB
:100860006F8F02F07F40B0F17F4F34D112F001055D
:1008700032D012F0400502F0080804D0B8F1000FA1
:1008800026D1012512E0500748BF0C465F4B216876
:1008900058BF01250B44012B98BF216C5C4804F024
:1008A000E1FFB8F1000F10D0EFF389844FF000089A
:1008B000F31E8DF80780092B00F29680DFE803F025
:1008C0000E8A8E7F869494949492EFF38884EDE759
:1008D0000C461D46EAE71D462C46E7E74D484A4EC2
:1008E00004F0C0FF8DF80780F36A9A0704D54A48E0
:1008F00004F0B8FF00232AE0F36A002B01DA47482E
:10090000F6E7F36A5B00F5D5454804F0ABFF736981
:10091000A26943F480737361BFF34F8FBFF36F8F8E
:1009200032F8023C726922F480727261BFF34F8F19
:10093000BFF36F8F03F47F42B2F55F4F27D1DBB275
:10094000022B24D12168374804F08CFF23689DF8DE
:100950000720CAB902AE04F1200732462068616858
:10096000083403C2BC421646F7D1099A002D47D07D
:10097000C2F3080121B96FEA52226FEA42220992BA
:10098000184602A9FFF794FD0AB0BDE8F0811E4B9E
:100990009A6AD2B22AB101200DF10701FFF7F6FEE3
:1009A00016E09A6A12F47F4F05D001200DF107017D
:1009B000FFF790FE0CE09A6AB2F5803F02D3FFF792
:1009C00035FE05E0D3F8E430002B93D0FFF7C4FDEB
:1009D0000346BCE700200DF10701DFE700200DF121
:1009E0000701E5E7104883E7104B17F4F87F10493B
:1009F000104808BF1946A6F1100204F033FF79E74A
:100A00006FF30802BBE700BF00ED00E0A6ED0501B3
:100A1000A1A4000CC1A4000CD9A4000CFBA4000CE0
:100A20000AA5000C2AA5000C47A5000C73A4000C15
:100A300088A4000C6CA5000C044B5A6942F010020B
:100A40005A615A6922F008025A61704700ED00E0CD
:100A5000EFF30880EFF3098101B57246FFF7F4FE6A
:100A600001BD00BF0A4880F30888202080F3118868
:100A700008484FF40061401880F30988EFF31480B0
:100A80000221084380F31488BFF36F8F00F05CF8F5
:100A9000681F0020281200201EF0040F0CBFEFF387
:100AA0000880EFF30980816911F8021C0229FFD048
:100AB00001B5724604F079FF01BD00BF00B2002805
:100AC00007DB01234109034A00F01F00834042F87D
:100AD0002130704700E100E000B200280CDB012269
:100AE0000649430900F01F008240203341F82320CB
:100AF000BFF34F8FBFF36F8F704700BF00E100E07F
:100B000000B2002801F10101ACBF00F16040064BCA
:100B10004FEA4111C9B2ABBF00F5614000F00F00D0
:100B200080F800131954704714ED00E0044B054A97
:100B300023F07F039360BFF34F8FBFF36F8F704736
:100B40000000000800ED00E008B5FFF7EFFF0B4ADA
:100B5000D2F8883023F47003C2F88830EFF314839E
:100B600023F0040383F31488BFF36F8FFFF778FC3F
:100B7000FFF782FC00F092F802F0D6FE00ED00E0F4
:100B800042F8203C009B0B4942F81C3C019B21F0A1
:100B9000010142F8183C029B42F8081C42F8143C40
:100BA0004FF0807342F8043C0023203A0265C3678B
:100BB000704700BF9503000C00B50B4B15469860BD
:100BC000826F0A4B0E461A602C4686F30988002075
:100BD000034B98472046002100220023014C204768
:100BE000CF59000C9503000CF00B002030080020BA
:100BF0001022014B1A61704700ED00E0054B5A6965
:100C00009B689A421FBF044A536843F08053536065
:100C1000704700BFF00B002000ED00E0084B9B6820
:100C200083420BD1EFF3058343B1064B5A6842F080
:100C300080525A605A6A22F400425A6208F01EBB7F
:100C4000F00B002000ED00E011498A684FF0300001
:100C50001044EFF3098C80E8F01F202080F3128805
:100C6000BFF36F8F0B4F4FF000664A698A603E609A
:100C7000906F094C2060D06F0023D36780F31188F8
:100C800002F1300090E8F01F8CF3098870470000F3
:100C9000F00B002004ED00E03008002000232021AC
:100CA0000348C21801339E2B82F80013F9D1704714
:100CB00000E100E008B5EFF30583064A103B02EBC4
:100CC000C30152F8330049688847BDE80840FFF780
:100CD00095BF00BFE898000C01480068704700000D
:100CE000300800201FB50121094B0A4A0A4800F0CC
:100CF000F7F80023064A0393084B0121019301A84A
:100D0000D31A029300F0F6F805B05DF804FB00BFBB
:100D100000000820000000209C9E000C48040020D9
:100D20000A7A0B6810B562F304031C46CB685209BB
:100D300023F01F0343EA4203044A43F00103C2F8CD
:100D40009800C2F89C40C2F8A03010BD00ED00E051
:100D500010B5074BD3F89030C3F30723013B9842FB
:100D600002D8FFF7DDFF10BD6FF01500FBE700BFF5
:100D700000ED00E02DE9F04F0F46144606464FF017
:100D800000084B4D85B0B84580F28E80D6F80490AF
:100D9000B9F1000F35D0B9F11F0F40F2838019F07F
:100DA0001F0F7FD1D6F800A01AF01F0F7AD150463E
:100DB00004F021FE834609EB0A00013804F01BFE13
:100DC00083456FD11BF1160F6CD05C456ADDC5F809
:100DD00098B0D5F89C10C5F898B0D5F8A03021F09F
:100DE0001F0143F01F0AD6E900321A44994202F16A
:100DF000FF391BD1CA4508D131465FFA8BF004F0A8
:100E000003FE08F101080C36BDE73146C5F898B07D
:100E1000D5F89C30E0B263F30402C5F89C2004F0DE
:100E2000F3FD10F1160F3DD0441CEAE7C5F898B069
:100E3000D5F8A020013B23F01F0302F01F0213434B
:100E4000CA453146E0B2C5F8A030E8D004F0DCFD78
:100E500010F1160F26D0C5F898B0D5F89C209DF853
:100E600008300AF1FF3A62F304038DF80830D5F830
:100E7000A0309DF808205B0863F347128DF8082026
:100E8000D6E900321344009323F01F035344A3EB2D
:100E90000903013023F01F036946C0B20393FFF733
:100EA00057FFBEE76FF01504204605B0BDE8F08F90
:100EB00000ED00E00522044BC3F89420BFF34F8FF0
:100EC000BFF36F8F704700BF00ED00E0BFF35F8F8F
:100ED0000022024BC3F89420704700BF00ED00E0F1
:100EE00010B5034C2278FFF745FF207010BD00BFFE
:100EF000240C00202DE9F74F294D8A4606464FF075
:100F00000008AB46274FD0451BDAD6F80490B9F15C
:100F1000000F3FD031680846019104F06CFD019943
:100F2000044609EB0100013804F065FD84424FF0EE
:100F300014021D4B08D002FB08F36FF015024BF8AA
:100F4000032003B0BDE8F08F14F1160F2C60F8D029
:100F50001978A142F5DD02FB08B0C7F89840C7F840
:100F60009840D7F89C4000F10801007B64F304002E
:100F70000871D7F8A0000C79400860F347140C7191
:100F8000D7F89C1021F01F016960D7F8A01021F05C
:100F90001F01296108F1010814350C36B3E700BFC1
:100FA0003408002000ED00E0240C0020F0B5534987
:100FB000534DD1F890302C68C3F307239C4287B07F
:100FC00000F299800020FFF781FF4E4BC1F8C0303E
:100FD000844216D14C4D01A82C70FFF7F5F900267C
:100FE00007464A4CB74213D100202B784349D1F829
:100FF0009020C2F30722934277DBFFF75BFF0020CC
:1010000046E0696801EB0011FFF78AFE0130DFE777
:101010000199300101EB0613DA682240B2F1807FBA
:1010200052D00AD8B2F5001F34D0B2F5800F3ED0AE
:10103000B2F5801F12D00136D4E7B2F1006F43D071
:10104000B2F1805FF7D15A689B680958013B22F0E2
:101050001F00034423F01F03012032E05A689B68FD
:101060000958013B22F01F0003440120844623F06D
:101070001F0340EA4C10CDE902218DF8100002A9AF
:1010800028780593FFF764FE00282ADA6FF0150030
:1010900007B0F0BD5A689B680958013B22F01F0059
:1010A00003444FF0020C012023F01F03E1E75A68CC
:1010B0009B680958013B22F01F000344062023F0DF
:1010C0001F034FF0000CD4E75A689B680958013B96
:1010D00022F01F0003444FF0030C012023F01F03F4
:1010E000C7E72B7801332B70A5E7C1F89830C1F81A
:1010F000A00001337BE74FF0FF30C9E700ED00E0CF
:10110000A89E000CAAFF4400240C00200000F0FF61
:1011100008B5024B1B689847002008BD480800200E
:10112000034B044A1860937843F0020393707047AE
:10113000480800206001002008B50649064821F053
:101140000701C1F1005202F5002204F037FB002034
:1011500008BD00BFA73200204C08002070B54169CF
:101160000446867A0A4D59B1437ADB0706D4242314
:1011700003FB0653DB691B689B6898470023636188
:101180002420214600FB0650BDE8704007F0DFBF79
:10119000900300202422024B02FB0030704700BF66
:1011A000900300202DE9F04385B00546684690463F
:1011B0001C46039108F0E4F9DDE90067EFF31189BB
:1011C000202383F31288BFF36F8F6B8A002B41D0EB
:1011D0002A8A9A4225D900220023284602F0FEFDE1
:1011E0000446F0B189F31188BFF36F8F039B002B86
:1011F00041D032463B46684608F0E7F92421A27AFE
:10120000254B204601FB0233DB6903A91B681D68DF
:10121000DDE90023A847606170BB2046FFF79EFF11
:1012200024E0698A4B1E6B8289F31188BFF36F8FAC
:101230002B7D2A8A2C6A1B3323F00303521A02FBEC
:101240000344154B154AEB1A9B105343A3722B7D95
:10125000E372CBE789F31188BFF36F8F23464246D1
:10126000284602F0BBFD04460028BFD100242046DA
:1012700005B0BDE8F0836361012300252381039B52
:1012800029466382E27A656004F1180008F044FAA6
:1012900063692582E360EAE790030020398EE33832
:1012A00070B524250C4C00B970BD037A4668002B3C
:1012B000FAD0013BDBB20372002BF5D1C36043606F
:1012C000837A05FB03439B6913B198473046EAE7ED
:1012D000FFF744FFFAE700BF900300202DE9F0413B
:1012E00090F82830044603F01F03012B0F4600F14D
:1012F00028062FD0022B18D08BB3204694F8291043
:1013000004F08FFC024678B3304604F074FD1D4DA6
:10131000002834D113693BB33A46314620469847FA
:101320000346FFF7D9FC2B5024E0818DC9B205F0AC
:1013300054F805460028E0D0304604F05CFD024633
:1013400068688368CAB99B6873B13A463146BDE89C
:10135000F0411847818DC9B205F026F8E9E790F809
:10136000291005F05DF8E4E7FFF7B6FC6FF08502A1
:10137000044B1A500020BDE8F081DB68E4E7D36835
:10138000C9E700BF0C0000002DE9F04F0B7E0446BA
:1013900033F080080D46164693B040F08E847AB143
:1013A0000846FFF77DFF6B7EDF0703D49E0711D54C
:1013B0002B7E7BB9204613B0BDE8F04F04F047BD4B
:1013C0004A7E00F12809900708D5802B0CD12846C9
:1013D000FFF766FF404613B0BDE8F08F910700F0BD
:1013E0002784002B40F02484D2072FD52B8A082B8A
:1013F00040F00684EA68294613680020A362536817
:10140000C9F8043004F027FB054610B1FFF748FF88
:10141000EFE0484604F0EFFCE28D70B9B2B1294626
:10142000A06906F0C2FA0146002800F02D8420468B
:1014300013B0BDE8F04F05F070B93AB1114620463F
:1014400005F066F90546002800F01E84FFF744FC0D
:10145000002394F82880B14F18F0600FC351C8F3EF
:10146000411307D0032B40F0BD81FFF735FC6FF02F
:10147000850337E0484604F0BEFC94F82930002884
:1014800040F04E81013B0A2BEFD801A252F823F025
:101490000716000C6B14000C9316000C6B14000C58
:1014A000BD14000C6B14000C6B14000C6B14000CBE
:1014B0002D15000C6B14000C8F15000C618D7F290D
:1014C000D3D8A38D002BD0D1E38D002BCDD118F034
:1014D0001F0FCAD194F83030022B05D1FFF7FCFB67
:1014E0004FF0FF333B5076E0A069036993F88030FA
:1014F0001B0707D5C9B204F0DDFC804628B1002DDA
:101500006CD167E7012384F8393094F83030012B2F
:101510000AD1638D43B984F83030FFF7DDFB3B58C7
:10152000002B00F0858056E00123F4E7204604F00C
:10153000D7FA628D0146FF2A97D8E38D002B94D10C
:1015400094F82830D80690D194F83030002BC5D0CC
:101550002AB12046D2B204F04DFE0028BED0618DE3
:1015600094F838308B42D8D02046C9B204F049FEF6
:1015700080460028C3D1628D0521002A14BF0223B2
:101580000123204684F8303005F051F9C5E708F012
:101590001F08B8F1010F7FF468AFE38D002B7FF4D3
:1015A00064AF628DFF2A3FF660AFA18DFF293FF641
:1015B0005CAF94F83030022B90D12046D2B2C9B241
:1015C00005F02AF810F1020F804640F01081FFF775
:1015D00083FB47F8008065B14FF000082846FFF70D
:1015E0005FFEB8F1000F7FF4F5AEFFF775FB3B58D7
:1015F000F3B1484604F0FFFB0346A069002B00F05E
:101600004F83802155E3E38D002B7FF42EAF94F8B8
:101610003030002B3FF462AF012BA18D02D10029A5
:101620007FF45CAF18F01F080CD0B8F1020F16D091
:10163000E38D002B40F0D782204604F0F2FB002817
:10164000D7D1B7E600297FF449AF638D012BEFD1E5
:1016500094F86C3061F3C30384F86C30E8E7B4F8B5
:101660002AA0BAF1000FE3D15FFA81F84146204683
:1016700005F0C3F80346FFF72FFB3B50013302D1BF
:101680004FF0FF383BE752464146204604F0B9FB95
:1016900043E7E38D002B7FF4E8AE628DA38D022A31
:1016A0005FFA83FA11D108F01F085AEA08087FF49C
:1016B000DCAE0122A069190A04F0DCFB00287FF4EB
:1016C000D4AE012384F8393027E794F8301000298C
:1016D0003FF404AF012902D1002B7FF4FFAE18F0D4
:1016E0001F0811D0B8F1020FA2D1002AA0D1514693
:1016F000204605F06EF80346FFF7EEFA3B50013343
:10170000BED001225146C0E7002B7FF4E7AE012A8C
:101710008ED194F86C3043F008039DE70C00000074
:101720000A2B3FF6A2AE01A252F823F05917000C83
:101730006B14000C6B14000C6B14000C6B14000C7D
:101740006B14000CD317000C6B14000C631B000C03
:101750006B14000C8D1B000CE38D022B7FF485AE07
:1017600094F83030002B3FF4B9AE012BA18D02D19B
:1017700000297FF4B3AE18F01F0811D0B8F1020FA2
:101780001CD04FF0000805F10C0A504604F02BFB6A
:10179000E38D984218D2FFF79FFA6FF00B03A1E692
:1017A00000297FF49BAE94F86C304FEA930808F060
:1017B0000208C3F3001348EA0308E4E72046C9B26D
:1017C00005F02AF88046DEE74146504604F066F907
:1017D000A3E6B4F82AA018F01F0F4FEA1A235FFA05
:1017E0008AFA09D029462046FFF778FD8046B8F1ED
:1017F000000F7FF484AE90E6013B0E2B3FF635AE32
:1018000001A252F823F000BF4518000C8518000C07
:101810002F19000C6B14000C6B14000C2719000C12
:101820002719000C6B14000C6B14000C6B14000CCB
:101830006B14000C6B14000C6B14000C6B14000C7C
:10184000711A000C05F10C08404604F0CCFA8346EE
:101850002046B4F82EA004F043F920B101287FF40B
:1018600004AE616F00E0216F002900F02A82DA45A2
:1018700028BFDA460A784046524528BF524604F04F
:10188000FCF84AE6204604F02BF90AF10102014671
:101890000190D2B2204604F087FC804600283FF435
:1018A000E4AD05F10C0AD0F804B0504604F09BFA00
:1018B0009BF800205946824228BF0246504604F059
:1018C000DCF8D8F80CB0BBF1000F09D1298AE38D00
:1018D00099427FF622AE5046C91A04F0E9F81CE698
:1018E000DBF8040083681B6B13B9DBF800B0EAE790
:1018F000019998470028F8D0A0F1040858F8041F6F
:101900000029F2D00A78002AEFD05046CDE9022112
:1019100004F069FA029A0399904238BF82B25046A5
:1019200004F0ABF8EAE7204604F0DAF89DE5524609
:101930000321204604F0B5F9824600283FF495AD16
:1019400004F04CFAB4F82EB09AF81530C8B99AF8E9
:1019500014808DF829308DF82880DAF8103005F1E0
:101960000C0A1B885046ADF82A3004F03CFAC345F7
:101970005A4628BF4246824228BF02460AA950461C
:101980007DE74FF00008DAF808208DF81530C04BDD
:101990008DF814801340BF4A934258D1102106A8F5
:1019A00001F0D4FB021EFFF660AD0AA9102A08461A
:1019B00028BF1022DFF8E0E20DF1180C424501F1DA
:1019C000020133D80346920002325FFA82F88DF8A2
:1019D000148005F10C0A5046029304F004FAD8452D
:1019E000424628BF5A46904228BF104602288346E6
:1019F000804628BF4FF0020B50465A46A8EB0B0812
:101A000005A904F03AF84FEA58030193029B9B465C
:101A100003EB5802934521D118F0010F3FF47DAD3F
:101A20005046019A995C04F031F876E51CF8013BC8
:101A300008F101084FEA131A03F00F031EF80AA079
:101A40001EF8033001F802AC01F8013CB6E79AF841
:101A50001480DAF810308DF81480BAE750461BF87D
:101A6000011BCDE9023204F019F8DDE90232D1E7B9
:101A7000204604F035F838B101282CD0FFF72CF9B6
:101A80006FF085033B5048E5236F002B00F0198170
:101A90005B88B3F5007FF1D9804B04F14C0B0A93BE
:101AA00000238DF82C30E36C9B4508BF0023BDF864
:101AB0002A10A3B15A7D0F2A08D11A7D0A44ADF825
:101AC0002A209DF82C2001328DF82C20226D934283
:101AD00003D01B68EBE7636FD7E7BDF82A1005F169
:101AE0000C0A5046019104F07EF9B4F82E80019959
:101AF000884528BF8846804528BF80464246052A3B
:101B000028BF052250460AA9019203F0B6FF019AA8
:101B1000B8EB02083FF401ADE36C5B453FF4FDAC6C
:101B2000002B3FF4FAAC5A7D0F2A14D11A7D1969A3
:101B3000424528BF42465046019303F09EFF019B59
:101B40001A7D424594BFA8EB0208A8EB0808B8F13B
:101B5000000F3FF4E2AC226D93423FF4DEAC1B6811
:101B6000DEE794F83030002B3FF4B8ACE38D012B66
:101B70007FF47BAC05F10C08404604F034F90028F2
:101B80003FF409AE94F8381040464CE708F01F08BF
:101B9000B8F1010F7FF4A2AC204604F019FB002835
:101BA0003FF49CACB4F82CA0BAF1FF0F3FF65DAC4B
:101BB00043681B795345FFF458AC5FFA8AF30F2B47
:101BC0003FF653ACE38D012B7FF44FAC05F10C08CD
:101BD000404604F008F900283FF4DDAD04EB0A03A9
:101BE00093F83A10D0E7484604F005F918B92846AA
:101BF000FFF756FB20E52946204604F08EFD08B18C
:101C0000284603E4A069036993F8801011F00401E9
:101C10007FF4D0AB05F0DDFE054600283FF4E9ACCB
:101C20000146204604F079FD00283FF4C3ABE7E706
:101C300052077FF5DEAC002B3FF4C9AB2846FFF717
:101C40002FFB94F83930002B3FF4C4AB94F82930C3
:101C5000052B05D1618DA069C9B204F02BF90646A8
:101C600094F82930032B09D1638D022B06D1A18D65
:101C70000022A069090A04F0FDF806460023B046D8
:101C800084F83930FFF7A6BB6FF00B06B1E400BF54
:101C900000FF0200000302006BA6000C050F050008
:101CA000E38D002B3FF4ADAC16F10C0118BF012100
:101CB000C90105F093FDFFF77DBB6FF00408FFF746
:101CC00089BB6FF015081AE40B7810B4062B14D1F9
:101CD0000369D3F89C20EFF31184202383F3128847
:101CE000BFF36F8F00204B681860506A58B9C2E983
:101CF000083384F31188BFF36F8F00220023034859
:101D000010BC07F07AB903605362F2E76803002061
:101D10002DE9FF4120264FF0FF334FF0FF325B48A3
:101D200001A901F035FF039B1B69D3F89C40236A8E
:101D300093B1EFF3118286F31288BFF36F8F216A9C
:101D400029B1606A0B688142236208BF636282F333
:101D50001188BFF36F8FC9B99DF80430062BDAD014
:101D6000072BD8D801A252F823F000BFBF1D000CEA
:101D7000B31D000CDF1D000CC51D000C031E000C64
:101D8000F91D000C171D000C871E000C0B7E204651
:101D90005D06D1F81E2009D1FFF7F6FA02460028A9
:101DA000C5D00721204604F042FDC0E704F00CFB3B
:101DB000F4E700220121204604F039FDABE70022C0
:101DC0001146F8E794F86C3001A943F0040320466B
:101DD00084F86C3004F093F800220321EBE794F8C8
:101DE0006C3001A923F00403204684F86C3004F021
:101DF00086F800220221DEE7204601A904F07FF8E0
:101E000089E794F86C30A76923F0040384F86C30F8
:101E1000D7F808803B69A033D3E8AF3F9A072FD5A6
:101E20003846D8F83C309847D8F824300021384656
:101E300098470546D8F8403038469847ADB9294606
:101E4000204604F0DEF9054678B9A06905F0E0FD0A
:101E5000831E5842584194F86C3084F8305023F077
:101E6000680343EA401384F86C30002204212046C2
:101E700004F0DDFC002D3FF44EAF2A4607219AE71F
:101E80004FF0FF35F1E70621029A94E7680300203E
:101E900030B589B0002200230024CDE906236FF07D
:101EA00007034FF48062CDE90334CDE90144154BBB
:101EB00015490094154802F06FFA1549134807F0C8
:101EC000DAF9144B14498B4207D30020134B144901
:101ED0008B420CD3002009B030BD03F11402D2E8CC
:101EE000EF0FC2E8E54F002DF9D11833EBE703F10E
:101EF0001402D2E8EF4FC2E8E50F002DF9D11833F4
:101F0000E6E700BF111D000C280C0020480400204B
:101F10008FA5000C30040020480400204804002055
:101F20004804002038B5024605460949806905F095
:101F3000CDFD044648B985F83800284604F036F847
:101F4000044610B1A86905F0F0FD204638BD00BF79
:101F5000C91C000C70B50546074C084EB44202D3AC
:101F60000024204670BD636828461968FEF762F8B1
:101F70000028F6D01834F1E730040020480400208F
:101F800070B50646EFF31181202383F31288BFF367
:101F90006F8F1B4D2A6881F31188BFF36F8F5268D2
:101FA00092F86C20D20705D4BDE870400A220023C5
:101FB00002F07EB9EFF3118283F31288BFF36F8FC3
:101FC0002C682CB1696823688C422B6008BF6B6059
:101FD00082F31188BFF36F8F44B1606804F1080188
:101FE000C36998472146074806F0B7FF2B6833B10D
:101FF0003046BDE870400022002302F025B970BDD4
:10200000580800203803002030B585B0CDE9001213
:10201000054600220023144803A901F025FD0246CD
:10202000E8B9DDE90001039B5D60083383E8030044
:10203000EFF31180202383F31288BFF36F8F039B8C
:102040001A600A4A516861B9C2E9003380F3118805
:10205000BFF36F8F00220023054802F0F5F805B0AA
:1020600030BD0B605360F1E73803002058080020B2
:102070000000002038B54B780469202B45682069A2
:1020800008D0222B19D0FEF727FE6FF08502104BE7
:102090001A5010E0CB88072BF5D1D3681A6842603C
:1020A0009A8802819B79837204F0E2FB2246082120
:1020B000284604F0CAFB002038BD4B880921C3F331
:1020C0004002838103F00103027643762246EFE764
:1020D0000C00000008B513464A78212A14D133B900
:1020E000FEF7FAFD6FF00B020A4B1A500AE0CA889D
:1020F0000169072A096928BF0722043103F10C008E
:1021000003F0BBFC002008BDFEF7E6FD6FF0850282
:10211000004BEAE70C00000073B5202504698DF838
:102120000710EFF3118685F31288BFF36F8F01223A
:10213000E06B0DF1070103F0F1FB86F31188BFF3AB
:102140006F8F01280CD007F090F888B101220C4B5A
:10215000D3E8EF1F002903D1C3E8E02F0028F7D10F
:102160000A22002304F1480002F06EF802B070BDAC
:10217000A37E002BEAD000210A2007F038F9D0E72F
:102180006008002038B5002405690E49EB6B05F1A5
:102190004800C3E90144DC606B6BC3E90144DC60C7
:1021A00007F057F805F17800074907F026F80749C6
:1021B00005F1240007F021F8284604F059FB2046D9
:1021C00038BD00BF4D6A000C8F6D000CE16C000C37
:1021D00070B5054601F0D0FA0446064E6B6823B18F
:1021E00001F0CAFA031BB34200D970BD022006F009
:1021F000F0FDF3E7BFD40100F8B514468768054643
:10220000FB6B0E4698472146002200230548FEF747
:10221000C9FF044600B1067628463B6C9847204625
:10222000F8BD00BF900300202DE9F84F8146884695
:1022300092469B460C460026174F564502D1002079
:10224000BDE8F88FA37CBBF1800F0CBF43F02003E7
:1022500043F04003A374AEB9D8F810506FF31005E3
:1022600045F4803545F04005C8F810504BEA0603A8
:1022700021462376484605F022F920340028DFD194
:102280000136DAE723693B4043F4602343F47F736C
:1022900043F003032361E9E70000F1FF70B506682E
:1022A00001F06AFA0446064DB37803F0FF0033B13B
:1022B00001F062FA031BAB42F6D96FF0730070BDF8
:1022C000BFD4010030B5036989B0D3F8A4500446E7
:1022D000083500220023CDE906236FF00703012211
:1022E000CDE9033200230090CDE901334FF40072B1
:1022F0002846054B054902F04FF82168284609B0E9
:10230000BDE8304006F0B7BF4B81000C281000201C
:1023100030B540B3B0F1205F4FEA906323D2013B68
:10232000DBB2082B1AD8114A114DD45C114AD15C8A
:10233000114AD25CEB5CC5B2A54214D8C0F30524A7
:102340008C4210D8C0F3055191420CD8C0F38530AF
:1023500098428CBF6FF01500002030BD3F23002451
:102360001A461946E7E76FF01500F6E7A3A6000C3A
:1023700088A6000C9AA6000C91A6000C2DE9F34744
:102380000C460025194943682143804616461F68BC
:10239000019506F01CFA022804D03560002002B036
:1023A000BDE8F0874FF0060AB4FBFAF95FFA89F549
:1023B0002946404601AA06F095FA0028EFD10AFB0B
:1023C0001944E4B2032C94BF4C375037AD003D4460
:1023D0002B6804F00304E400E34013F03F03DDD076
:1023E000019AB2FBF3F23260D8E700BF00FFFF0FA3
:1023F0002DE9F74F0D464FF0000B1C464368804611
:102400009F68924607EB81073549D0F81090294321
:102410003E6ACDF804B006F0DAF9022803D0C4F819
:1024200000B000203FE0396A01F00F01514550D063
:10243000BAF1060F02D18B1F052B4AD90B290AD8F6
:10244000DFE801F0061E273434373C3C3C3C3C3C82
:10245000D9F8003001933A6A012D4FEA124218BFB1
:10246000D2B2F30431D51D2A28BF1D220123013227
:1024700092B293409AB2019BB3FBF2F32360D0E790
:10248000AB1EDAB2092A24D809EB8309D9F8043043
:10249000E0E7012D20D00C220121404601ABFFF7DF
:1024A000A7FF0028D7D003B0BDE8F08F4FF400435A
:1024B000D0E7404601A900F015F8F2E7063940469A
:1024C00001AAC9B2FFF75AFFEBE7012A38BF012280
:1024D000D1E76FF08500E6E76FF05B00E3E700BF50
:1024E00000FFFF1B37B50C4641680A68136913F4F7
:1024F000807303D10020236003B030BD136BDB0772
:1025000001D4094BF6E78B68D56BD3F88010052210
:1025100001AB01F00F01FFF76BFF0028ECD1019B2D
:10252000ADB26B432360E7E7006CDC022DE9F84FA6
:10253000D0F804908246D9E9004B0F461546CEB23A
:10254000002A00F022810846FFF7E2FE80460028BC
:1025500040F01E81BB0E082B00F21A81DFE813F059
:10256000090013005A009F00BA00C000CA00FE0014
:102570000C0163692A7823F0800343EAC213636184
:102580004046BDE8F88FD9F80820A978D2F8803005
:1025900061F30303C2F880306B78A3B9E36A2A7849
:1025A00003F07F0343EAC213DBB2E36201F0E4F815
:1025B0000546794EA36F002BE2D001F0DDF8431BF6
:1025C000B342F7D9DCE7236B734F43F00102DBB270
:1025D00043F001032263236301F0CEF80646A36FA4
:1025E0002BB101F0C9F8831BBB42F8D9C8E7E26BF5
:1025F000AB886FF30F021343E36301F0BDF80646A7
:10260000654FA36F002BC9D001F0B6F8831BBB4206
:10261000F7D9B5E72F790B2F21DD04F1440252F8E9
:10262000263029880B2F61F3090342F8263004F184
:10263000480252F82630A97804F1400461F30503FA
:1026400042F8263054F8263023F4F06322DC0027C9
:10265000EA7843EAC2133B4344F8263090E7D9F8BE
:102660000830DFF834B103EB8609D9F884303B43F6
:1026700043F04003C9F8843001F07EF88246D9F86F
:1026800084305B06C9D401F077F8A0EB0A035B4500
:10269000F5D975E70B3F3F0207F4E067D8E706235B
:1026A000B6FBF3F203FB1263D9B203294FEA8202AD
:1026B00094BF4C34503414443F2203F00303216888
:1026C000DB009A4021EA02012A7802FA03F30B4365
:1026D000236055E72B7803F00303CBF810304FE766
:1026E000DBF81C302A7823F0800343EAC213CBF8CE
:1026F0001C3045E7D9F80810012E01EB86010A6A63
:10270000DAF8104022F4005222F00F024FEA02429F
:102710002B884FEA124201D0FF2B01D842EA034234
:10272000EB78A87803F00F0343EA403313430B62BE
:1027300001F022F80746DFF860A0D9F808305B689E
:102740002BB101F019F8C31B5345F6D918E7002E39
:102750007FF416AFEB7884F83A3011E7D9F80830F7
:10276000C7F3052703EB8703D3F88020297861F3AB
:102770000302C3F8802003E7D9F80C102B78CA684D
:1027800022F0FF021343CB60FAE66FF01508F7E67C
:102790006FF08508F4E600BFBFD401002DE9F843CF
:1027A000012743680669D3F800800C4608F140020F
:1027B00052F82130DFF8409043F0020342F8213014
:1027C00001F118039F4000F0D7FF0546D8F81030FC
:1027D00037EA030308D000F0CFFF431B4B45F5D980
:1027E0006FF07300BDE8F8830122F36AA24013433F
:1027F0000020F362F6E700BFFF0D27072DE9F84F31
:102800000546476808460C46FFF782FD0646002845
:1028100053D12146284605F0DAFF022800F0A180B6
:10282000A10E3A68BB68092947D8DFE801F00530F6
:10283000355246575D674672536943F00203536150
:10284000230E032B03F0FC0A70D9BAF1140F04D83D
:10285000454B23FA0AF3DA0768D4D7F814804FF00F
:102860000009BAF1140F64D17B68DB68DB0726D45A
:102870003E4B1B78002B63D100F07EFF834600F0B7
:102880007BFF3B4AA0EB0B039342F8D962E0D36A8B
:1028900043F00203D362D3E70F20E1B24B1C2A6955
:1028A00003EB43035B0000FA03F3108F034209D0EC
:1028B0002846FFF773FF0028C2D06FF08506304628
:1028C000BDE8F88F012303FA01F1136B0B43136387
:1028D000B6E72846E1B206F0DAF8ECE77A68D369A1
:1028E00043F00203D361ABE714F0FF02A8D003EB7F
:1028F00082031A6A42F480721A62A1E7C4F30522C5
:1029000003EB8203D3F8802042F04002C3F880201A
:1029100096E7FA68C4F3055302EB83020123D16BF7
:10292000C4F3853083400B43D36389E74FF4FA68DF
:1029300095E72146284605F04AFF022898D1BEE7D0
:10294000FEF7CAF90B4B1B58002B95D00A2000212B
:1029500006F04DFD09F10109C14582D36FF0730600
:10296000ADE76FF07706AAE710111000250C0020E4
:10297000BFD4010008000000F8B54368234A1D6871
:1029800004696B69487A1A400B7C00021B0600F44C
:10299000706003F040730343087AC001C0B2034380
:1029A0008878400100F020000343887A000100F09D
:1029B00010000343C878C00000F0080003434878C3
:1029C000800000F0040003430878400000F002009B
:1029D000034313436B614B6823600B785BB100F0DA
:1029E000CBFE06460A4F2B69DB0705D400F0C4FE78
:1029F000831BBB42F7D9F8BD636B43F48053636319
:102A0000238F43F001032387F5E700BF41F0FFFC6C
:102A1000FF0D27072DE9F84306690C46338F9D0605
:102A200007D496F83A30052B05D16378002B40F097
:102A30008780BDE8F88343681D689A68EB6A23F0D5
:102A40000203EB628B78012B1ED0EB6AE27803F075
:102A50007F0343EAC213DBB2EB626278EB6A520097
:102A600002F0020203F0FD031343EB6200F084FE68
:102A70000746DFF81081AB6F002B4FD000F07CFED3
:102A8000C31B4345F7D9D4E70978736BCB40D8070C
:102A9000CFD5D2F88030DFF8F09061F3030343F034
:102AA0004003C2F8803000F067FE0746DFF8D480AC
:102AB000D9F880305A064CD400F05EFEC31B434563
:102AC000F6D9B6E72B6B627903F0490343EAC213E8
:102AD000A279DBB2520102F020021343E279DFF85F
:102AE000A480120102F010021343227A920002F035
:102AF00004021343627A520002F00202134343F0CD
:102B000001032B6300F038FE0746AB6F002B9CD00F
:102B100000F032FEC31B4345F7D98AE76378002BE8
:102B200087D000F029FE0746DFF860802B69DB05BF
:102B30003FF57BAF00F020FEC31B4345F6D978E795
:102B4000736B43F400537363338F43F02003338775
:102B50006FE7EA6BA3896FF316021A43A37ADFF8D3
:102B600024801B0403F4FE031343EB6300F004FE14
:102B70000746AB6F002BA5D000F0FEFDC01B404503
:102B8000F7D956E7BFD4010000000144FF0D270725
:102B90002DE9F74FD0F810800E78D8F830500C4659
:102BA000F54015F001056AD191F807A0D8F8343046
:102BB00023FA0AF3DF0762D54368BAF10B0F1F68E7
:102BC000D3F8109041DD07F1440252F826306189B4
:102BD000BAF10B0F61F3090342F826303B46217B23
:102BE00053F8482F61F3050243F82620A07907F136
:102BF000400252F826104FEAC02021F47E5100F422
:102C000060503FDC6379DFF8C8A0DB01DBB203432F
:102C10000B431D4342F82650E2892E4BF96E03EA1E
:102C20000243228A6FF3DE11D20192B213430B43A7
:102C3000FB6600F0A1FD0546BB6F5A0631D500F0DA
:102C40009BFD431B5345F7D919E09B6803EB860BAB
:102C5000DBF884304AEA030343F04003CBF88430C6
:102C600000F08AFD0246DBF8843001925906AAD4AE
:102C700000F082FD019A1649831A8B42F3D903B002
:102C8000BDE8F08FAAF10B0A4FEA0A2A0AF4E065C0
:102C9000B8E70122D8F83030B2401343C8F83030DA
:102CA000EDE72379002BEAD0D9F81C300A4D43F424
:102CB0008033C9F81C3000F05FFD0446D9F80C30B1
:102CC000DB05E6D400F058FD031BAB42F6D9D6E78E
:102CD000BFD401000000FF7FFF0D2707F8B505698D
:102CE0002B8FDA063DD443680A7C5C68CB7B5200AC
:102CF0009B0002F0020203F0040313438A7B606925
:102D000002F0010220F00700134303436361E3690B
:102D100017480A7B18404B7A12029B0402F4706237
:102D200003F4701313430A7AD201D2B213434A78E0
:102D3000920002F0040213430A78520002F00202E9
:102D400013430343E3610B785BB100F015FD0646C6
:102D5000084FE368DB0705D400F00EFD831BBB4280
:102D6000F7D9F8BD2B8F43F010032B87F9E700BF8D
:102D700079F0C3FFFF0D27072DE9F84305690E78A9
:102D80006B6B0C46F340DA074BD491F807C02B8FDE
:102D900023FA0CF3DB0744D54768012EB968638A30
:102DA00001EB86010A6A22F4745222F00F024FEA04
:102DB00002424FEA124201D0FF2B01D842EA0342FD
:102DC0006379003B18BF012342EA4332237C0BB1F5
:102DD00042F48052637D207ADB02800200F480603E
:102DE00003F400630343207D0CF00F0C400243EA20
:102DF0000C0300F4007003432079DFF85C900002BC
:102E000000F48070034313430B6200F0B5FC80466E
:102E1000BB685B683BB100F0AFFCA0EB08034B451F
:102E2000F6D9BDE8F883B31E092B0FD8E26805EB8D
:102E300083035A6001226B6BB2401343012E6B6314
:102E400002BF2B8F43F002032B87EAE7002EF1D15C
:102E5000E37985F83A30EDE7BFD401002DE9F04F72
:102E60008D4BDFF838E287B0CDE900E30125302350
:102E70004FF460686946CDE90283466804460769F5
:102E8000049540F20119FFF777FD4FF40043CDE9B7
:102E9000009340F20713DFF808A26946CDE902A3C8
:102EA000002320460493FFF719FFB368DFF8F4818D
:102EB0001D7000F061FC0546B368D3F804A0BAF1B8
:102EC000000F09D000F058FC431B4345F4D96FF0C4
:102ED000730007B0BDE8F08F05230326DFF8C8B103
:102EE00087F83A30012506274FF002091422002105
:102EF00001A806F011FC694620468DF80770CDF850
:102F000000B0ADF812508DF80450FFF735FF1422D1
:102F1000002101A806F000FC644B6946204600939E
:102F20008DF80770ADF812908DF80450FFF724FF6C
:102F30001422002101A806F0EFFB5D4B69460093C7
:102F4000072320468DF80730ADF812508DF8045055
:102F5000FFF712FF1422002101A806F0DDFB554BFC
:102F600069460093082320468DF80730ADF81250CB
:102F70008DF80450FFF700FF1422002101A806F08D
:102F8000CBFB4D4B694620460093ADF812508DF8AF
:102F90000450FFF7F1FE4FF00133484A6946CDE98E
:102FA0000023204603F17F430293ADF80C50FFF756
:102FB00031FD4349434B4FF00308CDE900134FF077
:102FC000967369462046CDE90238CDF810A0FFF788
:102FD000DFFD40F601233C486946CDE90003204669
:102FE00005F088FD41F60113384F69462046CDE9CA
:102FF000007305F07FFD40F601434FF40067DFF8F2
:10300000D0C069462046CDE900C305F073FD314BC1
:1030100069462046CDE9003705F06CFD2E4B694628
:103020002046CDE9003705F065FD2C4B694620466A
:10303000CDE9003705F05EFD013E7FF453AF6368D4
:1030400032465B68204626491D612B4605F082FD0D
:103050002B464A462046234905F07CFD2B46424636
:103060002046214905F076FD2B46042220461F49C3
:1030700005F070FD2A4620461D4905F080FD2A46D0
:1030800020461C4905F07BFD20462A461A4905F0DA
:1030900076FD30461DE700BF001BB70001000001B0
:1030A00000000101BFD4010000FFFF1B01FFFF1B57
:1030B00002FFFF1B03FFFF1B04FFFF1B01010001B9
:1030C00000C0FF0B0100010C00FFFF0F01FFFF0F0D
:1030D00002FFFF0F03FFFF0F04FFFF0F05FFFF0FAE
:1030E00030E7FF1F37EEFF1F35ECFF1F10D2FF1F29
:1030F0003E7F34240E3F05240B7F042408B5074887
:1031000005F08DFE38B10648FEF70AF80448FDF7D1
:1031100023F9002008BD6FF01200FBE79498000C23
:103120002531000C0A2838B50446074D04D1AB6898
:103130000D2128465B689847AB6803485B68E1B29D
:103140009847204638BD00BF9498000C10291FB541
:1031500028BF10210C460C4BD3F8E02112BA009284
:10316000D3F8E42112BA0192D3F8E82112BA0292FC
:10317000D3F8EC310A461BBA6946039306F0BFFA4E
:10318000204604B010BD00BF0070000A2DE9F043D6
:1031900000250127DFF8E0E000F1020CEBB29942D4
:1031A00002D80020BDE8F08330F825403CF82560C7
:1031B000C4F3422804F00F03B8F1010F5EF8233086
:1031C000C4F304122AD15BB303EB52084FEA14395B
:1031D00098F8304012F0010F15BF04F00F0404F00E
:1031E000F00444EA091449EA040488F8304003EB87
:1031F000020898F8404044F0010488F8404016F076
:10320000010F07FA02F803EB02040BD116F0020FCC
:103210000ED194F8409009F0FB090DE0002BEED19F
:103220000135BBE7D3F8109048EA0909C3F81090BC
:1032300094F8409049F0040984F8409094F8409044
:1032400016F0080F14BF49F0020909F0FD0984F8CF
:1032500040901C6816F0100F14BF48EA040424EADA
:1032600008041C60DC6E07FA02F236064CBF2243EB
:1032700024EA0202DA66D3E7C49F000C70B5054663
:1032800000F07AFA0446074EEB69DB0604D000F042
:1032900073FA031BB34200D970BD022005F099FDFB
:1032A000F2E700BFBFD40100F7B50D4647680669D5
:1032B000BC682368204623F002032360FFF7DEFF8B
:1032C000EB79002B64D1F3712979022960D820466B
:1032D00005F061FD2B7933716B79012B52D1636855
:1032E00023F0400363602046FFF7C8FF6B797371DA
:1032F000AB79042B4CD82B4A2046D35C626822F071
:1033000007026260626813436360FFF7B7FFAB793F
:10331000B3710023F86901938368DB6813B1796A9C
:1033200001AA9847019A2868002A34D05308010B53
:103330000005C01841F100010023FCF761FE4FF6C3
:10334000FF72431E61F10001934271F1000125D229
:103350002368404280B223F460432360A0812B683D
:10336000204633607B7B012B02BF236843F0800340
:103370002360236843F002032360FFF77FFF0020F0
:1033800003B0F0BD032B03D1636843F04003A9E70A
:103390006FF08500F4E76FF01500F1E76FF02100A2
:1033A000EEE700BFACA6000C2DE9F74346680746E0
:1033B000D0F81080F069B468836896F80C901B68A8
:1033C000716A2BB96FF05705284603B0BDE8F0834A
:1033D0009847054610B110F1780FF5D1D6E90701ED
:1033E00083681B68002BEDD09847054610B110F19B
:1033F000780FE9D1BF232375002388F8073033798C
:10340000042B02D96FF08505DEE7544A2046D35CD1
:10341000626822F007026260626813436360FFF72C
:103420002DFF3379204688F80630717905F0B3FC1A
:10343000737988F80430B379012B7ED1636823F067
:10344000400363602046FFF719FFB37988F8053021
:10345000B16832690B68120523F44C1302F4401270
:103460001A4373691B0403F4403313430B6023684E
:1034700043F000532360236823F01C03B9F1000FCD
:1034800062D023602368002143F080432360B06A48
:1034900001AA05F087FB051E96DB019B0022197926
:1034A0001868FFF773FE054600288DD16368204633
:1034B00043F400336360FFF7E1FE6368204643F4A2
:1034C00080336360FFF7DAFEF069716A8368DB6856
:1034D0000BB101AA9847019A3068002A37D05308E7
:1034E000010B0005C01841F100010023FCF788FD25
:1034F0004FF6FF72431E61F10001934271F100012A
:1035000028D22268404283B222F460422260A38122
:1035100033683846C8F80030B3699847737B204653
:10352000012B02BF236843F080032360236843F02C
:1035300002032360FFF7A2FE46E7032B7FF462AF8E
:10354000636843F040037CE743F0040399E76FF0BE
:10355000150539E76FF0210536E700BFACA6000C72
:103560004FF0E0230D4A9969126818699B69002998
:1035700008BF1146002B08BF134610F4803F0848CF
:1035800001D1994205D20168114401604FF0E02158
:10359000096900681044C01A704700BFEC0B002096
:1035A000E80B00202022094B002083F8232042F65C
:1035B000E062074B1A60074B42F6DF6218604FF07B
:1035C000E0235A61072298611A61704700ED00E01C
:1035D000EC0B0020E80B0020684620F007018D4628
:1035E00019B5FFF7BDFF1449144B0868D3E9004231
:1035F000001942F10002C3E9000200230B6042F609
:10360000E0630F4AD2E90041001BB0FBF3F04343F3
:103610001B1941F10001C2E90031EFF311812023B0
:1036200083F31288BFF36F8F01F022FBFDF7E6FAF8
:10363000BDE8194085467047E80B0020C80500200A
:10364000C00500202DE9F041374E89B1421C0AD156
:103650004FF0E022136923F0010313614FF07F4321
:103660003360BDE8F0813568012806DC00240AE0FB
:10367000431C3568F8D140F2755040F276539842B9
:10368000A8BF1846441EEFF31187202383F3128846
:10369000BFF36F8FFFF764FF4FF0E0232349D3F8A8
:1036A00018C0D1E9002380184FF0000243F1000355
:1036B000C1E900031E4B1A601E4B1A68831A2DD4F1
:1036C00042F6E06E42F6DF6814FB0E841C44B4FB45
:1036D000FEF4131A0EFB0433B3F5806F38BF4FF4BA
:1036E0008063154A934228BF13464FF0E0223360AF
:1036F000013B946953610023A4459361ACEB040042
:10370000D1E900320DD20544EB1842F10002C1E9C3
:10371000003287F31188BFF36F8FA2E74FF4806305
:10372000E3E7C318F1E700BFEC0B0020C805002059
:10373000E80B0020C005002060CCFF0038B5EFF397
:103740001185202383F31288BFF36F8F084B1C6809
:10375000084B1B68E41AFFF703FF85F31188BFF3DA
:103760006F8F42F6E0632044B0FBF3F038BD00BF3A
:10377000C8050020C005002038B5EFF311852023CF
:1037800083F31288BFF36F8F044B1C68FFF7E8FECA
:1037900085F31188BFF36F8F204438BDC805002022
:1037A00038B5EFF31185202383F31288BFF36F8FB1
:1037B000064B9C6805F046FB85F31188BFF36F8FBD
:1037C0002046BDE83840FDF729BA00BFF00B0020C5
:1037D00038B50A4B53F82040013053F82050A54229
:1037E00000D838BD606830B1037EDB0701D405F036
:1037F000FEFA0834F3E723689847FAE710A0000CB4
:10380000012270B5294B86B003201A70FFF7E0FF44
:1038100001F0F6FA0420FFF7DBFF254C254D264684
:10382000AE4204F130040FD301F0A8F8204CAC42B2
:1038300026D301F0B7F8FCF765FD1F4A938923F002
:103840000103938106B070BD54F80C3C059354F805
:10385000103C049354F8143C039354F8183C02931E
:1038600054F81C3C019354F8203C009354E90A237B
:1038700054E90C0100F022FD54F8303C5E65CEE7BF
:10388000D4E90A23B3F1FF3F08BFB2F1FF3F05D0EF
:1038900052EA0301206803D100F05AFD3034C6E734
:1038A0000649183001F054F9F8E700BF250C002054
:1038B000D89D000CD89D000C580600207D93000C6C
:1038C000882370B5134E012203FB0066002386B0E7
:1038D000CDE904230F220193CDE9023214234FF4E2
:1038E000A0720D4D0D4903FB0055044602FB00116B
:1038F0000B4B3046009500F0E1FC337C2C7423F038
:1039000004033374074B013403EBC423EE606B6094
:1039100006B070BDD0050020F00B0020281A002052
:10392000CB8F000C281200207FB50020FFF750FF3E
:103930002B4B83F308880025E0232A4C84F822309F
:10394000E57725766576A57684F82050E576636A76
:1039500043F4E0236362636A43F400236362A56374
:10396000E3689BB243F0BF6343F40833E360FDF7C1
:1039700063F8FDF73DF94FF0FF33A362E362FDF713
:1039800015FBFDF7AFF9184800F0D6FC0120FFF752
:103990001FFF0220154CFFF71BFF00F0E7FF144B41
:1039A0004FF480625C61134B134905930123204659
:1039B000CDE90353CDE90155104B009500F07EFC95
:1039C0000646237C204623F00403237405F0AFFC55
:1039D0002846FFF775FF31462046084AFDF7ECF808
:1039E000281A002000ED00E0E00600205806002024
:1039F000F00B0020ECA5000C681B00200138000C27
:103A000038B5064C064DAC4201D3002038BD2046E7
:103A1000D4E9011205F05BFA1434F4E754030020F2
:103A20006803002030B5054B85B0DDE908450293F9
:103A3000CDE9004505F009FA05B030BDB956000CD6
:103A400038B5074C074DAC4201D3002038BD2046A5
:103A500005F061FA08B91C34F5E76FF01500F5E7D9
:103A6000380300205403002073B50C46EFF3118196
:103A7000202585F31288BFF36F8FC5685DB125607F
:103A80002B68C360836901338361002081F311884F
:103A9000BFF36F8F11E052EA030603D16FF00B0002
:103AA0002560F3E7CDE900230246083000F068FE08
:103AB00018B9034B9B685B69236002B070BD00BFFF
:103AC000F00B0020F7B50D4604469DF82010EFF3EB
:103AD0001187202080F31288BFF36F8F266AE06879
:103AE000864240D22668B4421AD0CEB1304605F0A4
:103AF00077FA06F1180005F00AFD2946002554F86A
:103B0000082F706905F0FBFD3046C6F8805005F0BF
:103B10000EFC2046394605F041FC284603B0F0BDB6
:103B2000A268A9B12946E06905F0E9FDE369A26848
:103B300013446269E361934201D12369E361002088
:103B4000236A0133236287F31188BFF36F8FE5E7A0
:103B5000A06923692946984208BF6069801AA0615C
:103B600005F0CDFDEBE752EA03010BD0074904F164
:103B7000080089684D61CDE900233946224600F0EE
:103B8000FFFDCBE76FF02200DDE700BFF00B002068
:103B9000F7B504460846EFF31186202181F3128819
:103BA000BFF36F8F216A00293BD0A268A16905F09D
:103BB000A6FDA369A268256813446269A3619342C4
:103BC00004BF2369A361236AAC4203F1FF3323627C
:103BD00036D02846002D34D0002705F001FA05F133
:103BE000180005F094FC6969A268E06905F087FD9A
:103BF000E369A268284613446269E361934204BF03
:103C00002369E361236A01332362C5F8807005F0FC
:103C10008EFB04F10800314605F0C0FB384603B0C6
:103C2000F0BD52EA030111D00A4989684861CDE923
:103C300000233146224604F1080000F0A1FDEEE722
:103C4000002086F31188BFF36F8FE8E76FF0220042
:103C5000F7E700BFF00B00202DE9F34104461746BB
:103C60001E46EFF31188202383F31288BFF36F8F72
:103C7000304BC2689B6872B18068984217D057EA8F
:103C8000060216D188F31188BFF36F8F6FF00F0013
:103C900002B0BDE8F08193F90E1001322161C4E950
:103CA000023288F31188BFF36F8F0020F0E721699B
:103CB000F3E793F90E1090F90E30994230DA9942F9
:103CC000A8BF194605F0A0F9054622464146CDE9B0
:103CD0000076194800F054FD0028E6D0EFF3118675
:103CE000202383F31288BFF36F8FA068D0B12368BD
:103CF00021699C420AD04BB193F90E309942A8BF7A
:103D000019466FF07F039942B8BF194605F07CF958
:103D100040B13146084805F041FB6FF00A00B7E7B3
:103D20000025D2E7002DF4D186F31188BFF36F8F01
:103D3000F3E700BFF00B0020260C0020F8B58368E5
:103D40000546002B40D0234A926893423FD1C36876
:103D5000012B03D9013BC3600020F8BDEFF31187AD
:103D6000202383F31288BFF36F8F0169806805F009
:103D70004BF92C68A54207D10023C5E9023387F32C
:103D80001188BFF36F8FE7E7002CF5D0D4E900323C
:103D9000002613605A60237CC4E9006623F0020306
:103DA0002374A66004F1180005F0B1FBAC6094F92F
:103DB0000E3020462B61C4F8806005F0B8FA394611
:103DC000054805F0EBFAC7E76FF01500C5E74FF0BF
:103DD000FF30C2E7F00B0020260C002037B511465B
:103DE000EFF31185202282F31288BFF36F8F0468EE
:103DF0009CB12368426823F003039442036008BF28
:103E000043600121204605F083F9044685F31188BB
:103E1000BFF36F8F204603B030BD51EA0302F5D0E7
:103E200000F10802CDE900131046294600F0A8FC75
:103E30000028EFD1014B9B685C69EBE7F00B002099
:103E400070B5EFF31186202383F31288BFF36F8FD1
:103E50000468A0421BD0D4B1D4E90032002513601D
:103E60005A60237CC4E9005523F002032374A56043
:103E700004F1180005F04BFB2046C4F8805005F013
:103E800056FA3146BDE87040064805F087BAD0E9D9
:103E900002329A4218BF0133836086F31188BFF360
:103EA0006F8F70BD260C002013B5EFF31181202415
:103EB00084F31288BFF36F8F846844B1013C84603F
:103EC00081F31188BFF36F8F002002B010BD52EA5A
:103ED000030406D181F31188BFF36F8F6FF00F00D9
:103EE000F3E7CDE900230246014800F049FCECE786
:103EF000260C002070B50546EFF31186202383F3CE
:103F00001288BFF36F8F00232C68A54219D0C4B16B
:103F1000D4E9003213605A600023227CC4E90033E4
:103F200022F002022274A36004F1180005F0EFFAF7
:103F30006FF00A032046C4F8803005F0F8F9012339
:103F4000E2E70022AA6023B986F31188BFF36F8FDE
:103F500070BD3146BDE87040014805F01FBA00BF92
:103F6000260C00202DE9FF4104462027534EEFF395
:103F7000118887F31288BFF36F8FD4F88C50F5B98E
:103F8000022104F1A40005F0F0F8002870D004F13B
:103F90009C0500220121284605F076FA0028F8D178
:103FA00000234FF0FF3202934FF0FF334146CDE93B
:103FB0000023434804F1940200F00AFDD7E7D4F847
:103FC00090202B689542C4F88C3008BFC4F890301C
:103FD000D4F8A43043F00203C4F8A430EB6823F013
:103FE000040343F00103EB606B6888F31188BFF3AF
:103FF0006F8F28469847EFF3118887F31288BFF335
:104000006F8FEB68D80623F001023ED4EA60EB68BC
:104010009A0717D5306823F00203EB6090B10021B6
:10402000036878B1426895423DD10368002934D1D4
:1040300072683360904200D17360002340F8083BFF
:10404000FFF7FEFED4F8A43023F00203C4F8A43036
:10405000DB0530D4D4F88C30003B18BF012388F343
:104060001188BFF36F8F002B81D005F026F97EE712
:10407000D4F8A430D90693D5C4F8A40088F31188E5
:10408000BFF36F8F04B0BDE8F08123F01103EB6044
:1040900005F11000FFF7D4FEB9E70B607368984292
:1040A00008BF7160C9E701461BB11A68184613467C
:1040B000B7E71A46FAE70023D1E700BF100C00204B
:1040C000260C0020F8B5C36804469A070E46C3F3D1
:1040D000400542D45F0742D40B680BB983680B607C
:1040E000E368D80742BFA36802253360376858BF2A
:1040F000012557B31B4B9A68D7F888309A421ED1D6
:1041000005F0B3F880F00100C0B2D7F8A430D907A9
:10411000C3F380021CD5F2B1F8B100232360D7F8B5
:10412000903073B9C7E92344384605F038F8E3689E
:1041300043F00403E3603368A3602846F8BD002021
:10414000E3E71C60C7F89040EEE76FF0150506E066
:104150006FF0120503E01B07DFD56FF00F0500239A
:104160003360EAE7F00B00200146014805F061B832
:1041700088070020F0B50446002089B00E9DC4E9F0
:10418000230004F19400C4E9250004F19C00C4E973
:10419000270055B32879002840F2011008BF0120FC
:1041A000C4F8A40000204FF0FF364FF0FF37CDE9F0
:1041B0000330CDE90100CDE9066720460C4B0094A1
:1041C00000F0EAF855B1296811B1204605F053F81E
:1041D0006B791BB1A38943F00103A381204600F052
:1041E000B7F8C4F8884009B0F0BD0120D8E700BF97
:1041F000653F000C37B501900846EFF3118420218C
:1042000081F31288BFF36F8FC16811F01E0F16D1B2
:1042100053EA020508D101A9FFF754FF84F311887E
:10422000BFF36F8F03B030BD41F00801C160019949
:1042300010308161034900F08BFC0120EEE7002083
:10424000ECE700BFAD91000C01460148FFF7D2BF7B
:1042500088070020F7B50C4616461D460190EFF37F
:104260001187202383F31288BFF36F8F084604F071
:1042700087FF55EA060309D1204601A9FFF722FF6F
:1042800087F31188BFF36F8F03B0F0BDE368324648
:1042900043F00803E360019B0449A36204F11000AA
:1042A0002B4600F055FC0120EAE700BFAD91000C61
:1042B00001460148FFF7CEBF880700202DE9F043F3
:1042C000984685B000F15803C0E91633109B0026CC
:1042D00083810423073222F0070503740F9B01EB4F
:1042E00005090F4683734946C0E906668660C673B2
:1042F0000446FCF711F90E9B073020F007002067F9
:10430000C4E91A7502930D9BA9EB000901930C9B5C
:104310004A460093394643462046FCF731FC054B9C
:1043200066659B6803B15B6F4846636705B0BDE88F
:10433000F08300BFF00B002001230374838100236E
:10434000C0E91A334367014B98607047F00B0020B7
:1043500038B50446EFF31185202383F31288BFF3A9
:104360006F8F037C5B070FD5183005F0D0F8237CE6
:10437000204623F00403237404F0E8FF2946BDE837
:104380003840044805F00AB885F31188BFF36F8FF1
:1043900038BD00BF260C0020F0B5002587B005957C
:1043A000109DDDE9127604950F9D044603950E9D40
:1043B00002950D9D01950C9D0095FFF77FFFB6F1CD
:1043C000FF3F08BFB7F1FF3F05D056EA070305D10D
:1043D0002046FFF7BDFF204607B0F0BD3A46334602
:1043E00004F11800014900F0B3FBF4E77D93000CE1
:1043F0006FF00A01094A9368C3F880100849D8672A
:104400004B6843F080534B60002383F31188BFF364
:104410006F8F9368D3F88000704700BFF00B0020C7
:1044200000ED00E038B590F910200146002A037C29
:1044300004DA03F07F03037404F041FF0D4D2A46B4
:1044400052F8184FAB68944200D004B9EC688B4224
:1044500007D01A7CD20604D1DA897F2A01D9A26951
:104460002AB1A34202D0204600F0F4FA23466B6141
:1044700038BD00BFF00B002070B590F91020037C10
:10448000002A2FDBD9062DD11A4C63F07F03224678
:10449000037452F8183FE169934207D1C0E9002143
:1044A0000860E0610FE09942F8D01B68002BF5D05E
:1044B00093F90E6090F90E50AE42F4DD5968C0E9F0
:1044C000003108605860A569954200D005B9E568DB
:1044D000A3681A7CD20606D1DA897F2A03D9AA6991
:1044E0000AB9636170BDAB4202D0284600F0B2FA4F
:1044F0006561F7E7F00B0020034648B9EFF305824A
:1045000032B9064A51699268914201D0FFF770BFF3
:1045100083F31188BFF36F8F704700BFF00B00204B
:1045200038B5184CA168E0690B68814214BF1A467F
:10453000002249680B605960A368E1692AB9124AF0
:10454000C3E900210B60E3610AE092F90E5093F990
:104550000E00854212DD5168C3E900210B605360F3
:10456000A569094B9D4200D005B9E568A3689D4245
:1045700002D0284600F06EFA656138BD8A42DED06E
:104580001268DBE7F00B0020080C0020002A2DE960
:10459000F0470CBF4FF010094FF00809027C0446A9
:1045A00019EA020F0E460F4628D149EA0203D20942
:1045B00046D10374B9F1080F48D04FF00008DFF876
:1045C000F0A0534653F8185F9D4200D00DB9DAF8B9
:1045D0000C50DAF80830AB4202D0284600F03AFA24
:1045E000B9F1100FCAF8145008D0204601F0ECF9C8
:1045F000B8F1000F02D02F48FFF79EFE2C4B9B68AE
:10460000A3424FD1EFF30583002B4BD1A289D207F0
:1046100011D586F31188BFF36F8F83F31188BFF331
:104620006F8F0423184602DFEFF31187202383F3F3
:104630001288BFF36F8F3846BDE8F047FFF7D8BE4A
:1046400003F07F03037404F03AFEB3E7A36813B1E9
:10465000204604F03CFE04F1180004F058FFA56D5C
:1046600004F15808A84511D04FF0000A75B128464A
:1046700004F02DFE05F1180004F049FF2846C5F8A6
:1046800080A0FFF7F9FEA56DA845EFD1084B9B6808
:104690009C4292D1EFF30588B8F1000818BF4FF0A3
:1046A00001088CE786F31188BFF36F8FBDE8F087B0
:1046B000F00B0020E006002070B50F4D06462B469B
:1046C00053F8184F9C4200D004B9EC68AB681A7CD0
:1046D000D20604D1DA897F2A01D9A2692AB1A3427C
:1046E00002D0204600F0B6F923466B613046BDE8A3
:1046F0007040FFF701BF00BFF00B002070B5EFF373
:104700001186202383F31288BFF36F8F1A4CA168A0
:10471000E0690B68814214BF1A46002249680B60A9
:104720005960A368E1692AB9144AC3E900210B6002
:10473000E3610AE092F90E5093F90E00854216DD0E
:104740005168C3E900210B605360A5690B4B9D4282
:1047500000D005B9E568A3689D4202D0284600F064
:1047600079F965613046BDE87040FFF741BE8A4285
:10477000DAD01268D7E700BFF00B0020080C002049
:10478000F8B5124B0C46DDE9067611469868104ADA
:104790001060EFF31182202282F31288BFF36F8F33
:1047A0009D68284604F09DFDB6F1FF3F08BFB7F1B4
:1047B000FF3F06D03A463346064905F1180000F09F
:1047C000C7F92046BDE8F840FFF712BEF00B002005
:1047D000180C00207D93000CF8B50446EFF3118708
:1047E000202383F31288BFF36F8F037C49B203F059
:1047F0001F02002A0CBF0126002635D103F07F03DB
:104800002A4D037404F05BFD2A46037C817363F038
:104810007F03037452F8183FE869934207D1C4E953
:1048200000200460EC610DE09842F8D01B68002B7A
:10483000F5D093F90EC08C45F6DD5968C4E9003116
:104840000C605C60AC69944200D004B9EC68AB6861
:104850009C4202D0204600F0FDF86C6187F311887D
:10486000BFF36F8F3046F8BD9B071CD5856804F0F9
:1048700026FD81732B689D4209D16B68C4E9005302
:104880001C606C60EAE76A689A42F6D01B68002BED
:10489000F3D093F90E208A42F5DD5A68C4E900325C
:1048A00014605C60DAE78173D8E700BFF00B00208A
:1048B000034648B9EFF3058232B9064A5169926856
:1048C000914201D0FFF794BD83F31188BFF36F8F3E
:1048D000704700BFF00B0020F8B550EA0103064610
:1048E0000C4603D104F0E9FC0020F8BDEFF311877A
:1048F000202383F31288BFF36F8F184D184BA868DD
:10490000186004F025FDA868324623461549183082
:1049100000F01EF9AB6804461A7CDF6742F004021F
:104920001A746FF00A02C3F880200F4A536843F0EC
:1049300080535360002383F31188BFF36F8FAA68FD
:10494000D2E90A12B2F1004F08BF9942CCD104F06B
:1049500013FE201A20EAE070C7E700BFF00B00202A
:10496000180C00207D93000C00ED00E0024B03F1D9
:104970001802C3E906227047F00B0020EFF3118103
:10498000202383F31288BFF36F8F054B9A68D37B84
:10499000013BD37381F31188BFF36F8F704700BF62
:1049A000F00B0020EFF31180202383F31288BFF374
:1049B0006F8F034B9A68D37B0133D373FFF77CBEB1
:1049C000F00B0020014B9868704700BFF00B0020EF
:1049D000D3B5DDE90667089CCDE90067FFF7D0FE97
:1049E0001CB1034B9B685B69236002B0D0BD00BF64
:1049F000F00B0020027C034612F01F0210D10A497E
:104A000088420DD00949086868B1D9897F2909D839
:104A100093F90E20064B1B689A42B8BF00207047DE
:104A20000020704710467047D0050020C0020020CB
:104A30001C0C00200122044BC01A044BC010584328
:104A4000034B1A54704700BF68070020ABAAAAAAFC
:104A5000260C002070B50C4B0C4D1E7CFFF7CAFFD6
:104A6000182303FB06550446284604F050FD002297
:104A7000074B9A553CB1621E2846BDE87040054977
:104A8000D31700F065B870BDF00B00206807002058
:104A9000260C0020354A000C38B5EFF31185202391
:104AA00083F31288BFF36F8F0F4B104A9C68106816
:104AB000A04206D1FFF7CEFF85F31188BFF36F8FB9
:104AC00038BD00211B7C1160094AD35C002BF3D058
:104AD0002046FFF78FFF0028EED0237CDB0601D1B4
:104AE000FFF71EFD2046E5E7F00B0020180C002024
:104AF000260C0020024B1868984208BF002070471F
:104B0000C4020020034B1B680BB9FEF717BE002040
:104B1000704700BF200C002030B570B10B4B5B68B4
:104B200098420AD0036843B1D3E90421D0E904458F
:104B3000121941EB0501C3E90421D0E900321360E9
:104B40005A600023C0E9003330BD00BFC40200201A
:104B5000B3F1FF3F08BFB2F1FF3F2DE9F84F044624
:104B6000994615461F467AD08160EFF311882023BD
:104B700083F31288BFF36F8FB9F1000FDFF8E4A061
:104B800020DBFFF7BFFFDAE90027013549F1000913
:104B90002D1849EBE07306464FF00109C4E90453B0
:104BA000AD1843EB0707FFF7A5FF0346DFF8B8E0B2
:104BB000DEF804A0EBB9C4E900EACAF80040CEF878
:104BC000044028E06FF00103DAE900125B1A4FF0AD
:104BD000FF3161EB02025B1B62EB0902012B72F1F8
:104BE0000001BCBF012300224FF00009C0E90432DC
:104BF000D9E7D3E9041CD4E904208A4270EB0C0BFA
:104C000024DA891A5A686CEB0000C3E90410C4E97D
:104C1000003214605C60FFF76DFF84420ED1134BCD
:104C20001B685BB9B9F1000F02D1FFF76BFF0646B5
:104C3000304604F055FC0021FEF704FD88F311888E
:104C4000BFF36F8F28463946BDE8F88F521A60EBE4
:104C50000C005345C4E90420ADD01B68AAE7002529
:104C60002F46EFE780070020C4020020200C002020
:104C70002DE9F047DFF8A8900246C9F800000D467C
:104C8000FFF738FF00260027DFF898804FEAE27E22
:104C9000D8E9001350B1D0E9044CA2427EEB0C0AD3
:104CA0001ADAA41A6CEB0E06C0E904460024521866
:104CB00043EB0E032046C8E90023C9F8004004F086
:104CC0000FFC2146FEF7BEFC85F31188BFF36F8F02
:104CD000BDE8F047FFF7E0BE611843EBE473C0E9BD
:104CE0000467C8E90013FFF717FF01224FF00043E4
:104CF000C0E9042385F31188BFF36F8F8368984759
:104D0000EFF31185202383F31288BFF36F8FD9F857
:104D10000020121BC9F80020FFF7ECFEB6E700BF29
:104D2000200C00208007002010B5EFF31184202311
:104D300083F31288BFF36F8FFFF7E4FE0346054A43
:104D4000D2E90001181841EBE37184F31188BFF335
:104D50006F8F10BD8007002073B50446EFF31186F6
:104D6000202383F31288BFF36F8F8368594003EACF
:104D700002050A4053400022009309496B46019204
:104D800004F04EFBDDE9003223EA020304F10C00DB
:104D90003146A36004F002FB284602B070BD00BF9C
:104DA0009396000CF8B507460C46164604F05DFADB
:104DB00008B10020F8BD0D4B9B685D6F002DF8D049
:104DC000221DF6D2EFF31184202383F31288BFF360
:104DD0006F8F284647F00401B04784F31188BFF372
:104DE0006F8F0028E5D040F8045BE3E7F00B00206C
:104DF0000146024A0020FFF7D5BF00BFB356000CA2
:104E0000014800F02FBD00BFF1A5000C07B5074B0E
:104E10004FF48062009306494FF0FF330548FFF7D7
:104E2000A9F9002003B05DF804FB00BF28A0000C26
:104E3000681F0020880700202DE9F04F43688BB0E1
:104E400080469246009383789C0740F1F9800025C4
:104E50000878002800F0F68025280AD04B1C019322
:104E600001354146009B98470028C0F2E380019934
:104E7000EEE74E788B1C252E0193F1D000270A22F5
:104E8000B9463C461F2C22D8A6F12003102B20D86F
:104E9000DFE803F0141F1F1A1F1F1F0B1F1F1F1215
:104EA0001F171F1F090044F00104019B13F8016B39
:104EB0000193002EE6D13AE044F0020444F00404E9
:104EC000F3E744F00804F0E744F01004EDE77F2C2A
:104ED00024D8A6F13003092B08D860064EBF02FB88
:104EE000073744F0200402FB0939DEE72A2E0DD1F2
:104EF00061065AF8043B53D4002BA7BF44F02004AA
:104F00009946C3F1000944F02804CEE72E2E05D1BE
:104F1000630600F1978044F04004C6E76C2E2ED063
:104F200028D8682E32D06A2E37D04C2E35D0002F9C
:104F300046F02003B8BF24F04004A3F16502BCBFD3
:104F40000027A4B2022A01D9612B2BD10AF1070A4A
:104F500007279D4E2AF0070A0AF1080A210760D5A3
:104F600006EB070B34465C455DD1AE1BA9EB070988
:104F7000A21959E1742E98D07A2E96D0D7E726063A
:104F800048BF44F4007444F080048EE7E00548BF55
:104F900044F4007444F4807487E744F4207484E794
:104FA0001F4682E7A6F16302122A00F2D880DFE8EA
:104FB00012F013004D00D600D600D600D6004D00EA
:104FC000D600D600D600D600D600E800D100D60024
:104FD000D6001A00D600A0005AF8043B012704AE00
:104FE0008DF81030BAE75AF8046B784B002E08BFE2
:104FF0001E4614F0400F304614BF39464FF0FF31C3
:1050000004F092FB0746A9E741462020009B984701
:1050100000280FDB013CA742F6D34D44A1462D1BCF
:105020009EE74C46F7E7414614F8010B009B984772
:10503000002898DA98F8023043F0040388F8023028
:105040004FF0FF3528460BB0BDE8F08F220630D573
:10505000A3052AD50AF1070A2AF007039A465968D8
:105060005AF8080B24F0100B00291FFA8BFB2FDADB
:1050700040424BF4806B61EB410104AC0A232246B1
:1050800004F05EFB1BF0400FA0EB040200F08E80EA
:105090002BF001049742A4B240F38F80002E40F021
:1050A0008E802BF01104A4B21DE05AF8040BC11736
:1050B000D8E7E0055AF8041B01D40846F7E7A20533
:1050C00047BF48B241F3C01108B241F3C031C9E74C
:1050D00050EA0103D1D16306CFD5002FCDD124F002
:1050E00011043A46A4B23B4640F206410C4262D15A
:1050F00024E024F010040A23A4B214F0800243D068
:1051000014F4007117BF0AF1070A5AF8040B2AF0C9
:10511000070292461CBF51685AF8080B50EA010278
:105120003ED124F0160B62061FFA8BFB3CD5002FF4
:105130003AD124F017043A463B46A4B221075AD488
:10514000E10705D5994572DDA9EB03039F184B468E
:105150009B464AE044F0100410237826CDE7782BD4
:1051600004D1C6F1780343F01003C6E74146252079
:10517000009B98470028FFF65DAF02354146304658
:1051800070E608230026B8E714F480715AF8040B7F
:10519000C4D014F400711ABFC0B2114680B2BDE78A
:1051A00024F006041FFA84FB04AC68E713465C464F
:1051B000E10699D52EB90133C0E71346F8E73B461F
:1051C000F6E70233BAE700BF2FA6000C28A6000CB2
:1051D000CDE9023241462020009B98470028FFF687
:1051E00029AF0BF1010BDDE90232D945F0DCEB1AF6
:1051F00003EB0B055B46E10627D541463020CDE9A0
:105200000232009B98470028FFF614AFDDE9023216
:105210007EB901352F44791B8A4229DB144604AE3E
:1052200094BB2A44A9EB03091546914440E0174674
:105230008EE7023541463046CDE90232009B984761
:105240000028DDE90232E5DAF4E640F206410C42DC
:10525000E0D014F0020F05F10105414614BF2B20E8
:10526000202014F4806FCDE9023218BF2D20E5E72D
:10527000CDE902324146009B302001359847002895
:10528000DDE90232C7DAD5E6013C4146CDE902321A
:10529000305D009B98470028DDE90232C0DAC9E69C
:1052A00041462020009B013598470028FFF6C2AEFA
:1052B000A9EB0503002BF3DCD9E500BF7047836839
:1052C00000EBC101B3F5004F2CBF51F8220031F8BB
:1052D0001200704700EBC1018068B0F5004F2CBF91
:1052E00041F8223021F812307047012208B5FFF74B
:1052F000E6FFD04008BD836800EBC101B3F5004F65
:1053000008D34B681AB143F001034B60704723F098
:105310000103FAE74B881AB143F001034B80704751
:1053200023F00103FAE753000122FFF7D3BF08B5CA
:105330008368B3F5004F06D3FFF7D7FF01288CBF72
:105340000020012008BD0020FCE78368B3F5004F72
:1053500034BF04230823C91A081AC0087047836899
:10536000B3F5004F28BF0139B1FA81F0C0F11F0039
:1053700070472DE9F041174603220E460446FFF719
:105380009EFF8642054607F104080AD10122E36820
:10539000BA4023EA0203E360002344F82830BDE862
:1053A000F081314602222046FFF789FF06462B4650
:1053B00001460322204644F82850FFF78BFF33466E
:1053C00029462046BDE8F0410222FFF783BF38B5E9
:1053D00004460D46FFF7ABFF70B929462046FFF79C
:1053E00084FF01462046FFF7BAFF294602462046C1
:1053F000BDE83840FFF7BDBF38BD2DE9F047054691
:105400008946FFF7ACFF05EB800ADAF81070064614
:1054100077B94FF0FF34EB680136B4401C4015D02B
:1054200094FAA4F2B2FA82F2131D55F8234009E06F
:105430003C464FF0030821462846FFF756FF4845F3
:1054400007D3324621462846FFF793FF2046BDE8A2
:10545000F087214603222846FFF731FFB8F1010803
:105460000446CAF81000D4D08742E4D1D1E72DE930
:10547000F04114460E460546FFF737FFA4EB060839
:10548000371B0744424631462846FFF74CFF3A4651
:1054900021462846FFF747FF43460022214628467B
:1054A000FFF718FF21462846FFF71FFF3B4621184C
:1054B00000222846BDE8F041FFF70CBF2DE9F0417E
:1054C000164604460F46FFF710FF314605462046B4
:1054D000FFF70BFF05442A4639462046FFF723FF16
:1054E00031462046FFF701FF2B46311800222046A7
:1054F000BDE8F041FFF7EEBE2DE9F04104460D4650
:10550000FFF715FFB8BB29462046FFF7EEFE014620
:105510002046FFF724FF04EB80010E6996B90122B3
:10552000E36882401343E36002220D612B46294663
:105530002046FFF7CFFE032229462046BDE8F04172
:10554000FFF7C8BE022231462046FFF7B8FE0746E5
:10555000034629462046FFF7BDFE0322334629466F
:105560002046FFF7B7FE39462B462046FFF7B2FE2E
:1055700002223146E1E7BDE8F08170B500295CD038
:10558000056801222846FFF7E0FE0146044628464A
:10559000FFF795FE104006D180F31188BFF36F8F9F
:1055A0000423184602DF21462846FFF79EFE2618F0
:1055B000314600222846FFF782FE361AB44206D052
:1055C00082F31188BFF36F8F0423184602DF002295
:1055D00021462846FFF78FFE2146FFF786FE261854
:1055E000012231462846FFF76AFEC20708D4314639
:1055F0002846FFF7ECFE324621462846FFF75EFFBD
:10560000002221462846FFF75AFE261A012231467B
:105610002846FFF754FEC30709D431462846FFF752
:10562000D6FE224631462846FFF748FF344621463B
:105630002846BDE87040FFF75FBF70BD70B50568D4
:1056400009B9002070BDAB6801F00704B3F5004F45
:1056500034BF0422082207341444E40804EBD104C4
:105660009C4228BF1C4628462146FFF7C6FE064638
:105670000028E6D001462846FFF737FEA04209D9A8
:105680003444314628462246FFF7F1FE214628469B
:10569000FFF732FF284601223146FFF72CFEAB68A8
:1056A000B3F5004F34BF0423082303EBC6031844AB
:1056B000C8E71146FFF7C2BF2DE9F8434B42066821
:1056C00003EA010731EA03031446B2680ED0B2F5CB
:1056D000004F2CBF08230423BB4228BF3B46B946DA
:1056E000CF1B94B900252846BDE8F883B2F5004FDA
:1056F00034BF04230823994204D82146BDE8F84367
:10570000FFF79CBF4FF00009EBE7B2F5004F34BF45
:1057100004250825FB1AE10804F0070001EBD3017A
:10572000073003F0070303442B4401EBD3019142FC
:1057300028BF11463046FFF760FE80460028D1D0D2
:10574000B36809EBC005B3F5004F34BF0423082349
:105750001D4435447B1E1D44B5FBF7F57D43A5EB89
:10576000090529463046FFF7F0FD2C44073424F0A4
:105770000704A41B804507464FEAE40408D202460A
:1057800041463046FFF773FE41463046FFF7B4FE10
:1057900039463046FFF7A9FD3844844208D23946DD
:1057A00030462246FFF763FE21463046FFF7A4FE4F
:1057B000012239463046FFF79EFD94E7B2F5802F6F
:1057C00034BF042308232DE9F0410026D21A8C1897
:1057D000CD1D25F0070524F00704641BE4080560CF
:1057E00021462846AC60EE60FFF7B9FD820002F169
:1057F0001B07FF083146043205F1100003F08CFF4F
:105800003A4631462846FFF78EFD3346324631464A
:105810002846FFF75FFDA4EB070828463146012222
:10582000FFF769FD42463946FFF77DFD3B463246AC
:1058300039462846FFF74EFD21462846FFF773FDFF
:105840004346324621462846FFF744FD2146284676
:105850000122FFF750FD3946BDE8F041FFF74CBE8D
:10586000002070470FB407B504A951F8040B01914B
:10587000FAF778FD03B05DF804EB04B0704770B53B
:1058800006460C888888241A3069A4B2844285B2FE
:1058900024BF641BA4B22D1BA8B2984228BF18468F
:1058A0003368234413600B8803440B8070BD70B4CD
:1058B000838985880669ED1AADB2731B934228BFB0
:1058C000134670BC0A46011DFFF7D9BF70B40E46DF
:1058D0000146C58831F80A3FEC1AA3B2934228BFAB
:1058E0001346324670BCFFF7CABF10B54B880C8810
:1058F000E41AA4B294420ED31A4492B28B884A801E
:105900000A800069D21A92B2824201D2002010BDF0
:1059100003448B80FAE76FF01500F8E72DE9F341B7
:1059200006460F4615464FF000082A46304601A9A4
:10593000FFF7BDFF044640B102463946019803F027
:10594000DEFE2D1BA0442744EFD142463046311DD8
:10595000FFF7CBFF404602B0BDE8F0812DE9F341EF
:1059600007460E4615464FF000082A46384601A95C
:10597000FFF7ACFF044648B12EB10246019930460C
:1059800003F0BDFE26442D1BA044EED1424638460E
:1059900007F10A01FFF7A9FF404602B0BDE8F08118
:1059A000704703F0B9BE03F0AABE01460068FAF7DB
:1059B0007FBD08B5FAF7ACFDBDE80840FBF71EB99E
:1059C00000210120FAF774BD6FF08500704761B6C1
:1059D00062B680F31188BFF36F8F704772B60023F1
:1059E00083F31188BFF36F8FBFF34F8F30BF62B661
:1059F000BFF36F8F704740E800F313F4803FD8B2D5
:105A000008BF6FF01500704730B50C684B6885B063
:105A10000A894D890094013B24F01F04234402F0BD
:105A20001F0242EA451223F01F0369468DF8082041
:105A30000393FBF78DF905B030BD08B5FBF768FBA4
:105A4000002008BD002303824369C3607047027AC7
:105A500001320272704710B508B14B6843600023F1
:105A60004C6808464B60FBF71BFC204610BD838842
:105A7000026819448180D018704730B48488056862
:105A8000A3188380281930BC03F039BE10B5838871
:105A900002685C1C8480D154D01810BD30B5838856
:105AA00002689D1C8580D418D154090A617030BDEC
:105AB00083885B1A9BB28380006818447047034652
:105AC0008288521A828000680844186070474FF03C
:105AD000FF324FF0FF330430FEF7BEB8FEF72EB9A9
:105AE00090F86C00C0F341107047F8B504461E46AC
:105AF0000D461746FFF7EBFF94F86C309B0715D463
:105B000025B1012D10D06FF0150508E0216F002997
:105B1000F9D000259DF818300F714E718B71201D42
:105B2000FFF7DCFF2846F8BD616FF0E76FF07705FF
:105B3000F5E790F86C00C0F38000704738B5044674
:105B4000FEF71CFF2046FFF7C2FFA06940B96FF0C7
:105B50001205201DFFF7C2FFFEF724FF284638BDBF
:105B600094F86C30DB0716D403F059F90028EED016
:105B70002046FCF7D7F905460028EAD10146242241
:105B800004F1280003F0C8FD94F86C3043F00103E1
:105B900084F86C30DDE76FF07705DAE770B504461E
:105BA000FEF7ECFE2046FFF792FF94F86C30DA0720
:105BB00031D5C3F340019B0730D4A06901F0AEFE9C
:105BC0000646A06901F03AFF0546B0B9A36F4BB194
:105BD0003146204600F087F90546A8B1A06901F0DA
:105BE00055FF0AE0A06901F0D1FEA0670028EFD1BF
:105BF000A06901F04BFF6FF00B05201DFFF76EFF52
:105C0000FEF7D0FE284670BD94F86C3043F00203D6
:105C100084F86C30F1E74FF0FF35EEE76FF0770571
:105C2000EBE70246034652F8640F90420BD1002086
:105C30007047027A8A42FBD09A6E8242F7D000689F
:105C40000028F6D170470028F3D1704738B50446D4
:105C50000D46FFF73CFF94F86C30DB0718D42B6936
:105C60000BB9EB68BBB1636E1BB904F16403C4E903
:105C700019332B6893B9A26E04F16401C5E90012CF
:105C80001560A5661D46201DFFF728FF284638BD74
:105C90004FF0FF35F7E76FF01505F4E76FF0770584
:105CA000F1E710B50446034654F84C0FA0420DD15D
:105CB00000200DE0447D8C4204D1032909D1047AEF
:105CC000944205D01C6D8442F2D000680028F1D1C6
:105CD00010BD0F29F5E72DE9F04105460C46061DDC
:105CE0004FF0FF324FF0FF333046FDF7B5FF2F6F17
:105CF000002F6DD095F86C30DB0769D4EB6C1BB9C5
:105D000005F14C03C5E913332368002B63D1637D90
:105D10000F2B09D1237A012B0CD02B6D05F14C02EE
:105D2000C4E900231C602C65637D032B0FD04FF06A
:105D3000000806E02846E168FFF788FF8046002853
:105D4000EBD03046FDF7FAFF4046BDE8F081EA6C43
:105D500005F14C0090421ED1002329E091F815C0B6
:105D6000BCF1030F10D0013323724B68C4E9001358
:105D70001C604C60637A022B24D0032B25D0012BAE
:105D8000D5D1237ABB73D2E791F808C00CF1FF3C60
:105D90006345E8D11268002ADED0517D2B6D0329BE
:105DA0000DD19A42137A02D011680029D6D101335D
:105DB00023722B6DC4E900031C602C65DAE7934263
:105DC000E8D1C9E7237AFB73B1E7237A3B74AEE7E6
:105DD0004FF0FF38B5E76FF07708B2E70346006889
:105DE00000B1187A70478388C2888168D21A036824
:105DF0005B1AD01A70470346C08808B11878C009EA
:105E0000704770B50C46154600F0E7FA40B140689F
:105E100083681B6823B12A462146BDE870401847B5
:105E200070BD38B580210446806901F0D2FD054679
:105E300050B10146204600F070FC044610B12846DF
:105E4000FBF72EFA204638BD6FF00B04FAE738B5A1
:105E50000446806FFFF7FBFD0546FFF7F3FD204684
:105E6000294600F05AFC044610B12846FBF718FA00
:105E7000204638BDF8B504460D46174686680369C6
:105E8000A033D3E8AF3F9B070ED5B36A7BB1F36B6A
:105E900098472946B36A3A4620469847336C0546E8
:105EA000204698472846F8BD4FF0FF35FAE76FF0D7
:105EB0008505F7E770B504460D4686680369A0338B
:105EC000D3E8AF3F9B070BD5F36B98472946736A1E
:105ED00020469847336C054620469847284670BDB3
:105EE0004FF0FF35FAE710B5044619B9002084F8E1
:105EF000300010BDFFF7ABFF0028F7D0F9E738B549
:105F000090F830300D46022B04D100F061F908B151
:105F1000C46804B938BD2B78032B05D0052B0ED0EF
:105F2000022B08D02468F4E7606883685B69002B63
:105F3000F8D09847F6E7606883689B69F7E7606880
:105F40008368DB69F3E7012270B515460B685BB324
:105F500002F07F04103423FA04F6F60710D5036824
:105F600023FA04F6F60702D46FF0150070BD05FAA7
:105F700004F423EA040303600B6823EA04030B60C0
:105F8000D340DE070DD5036823FA02F4E407EBD50E
:105F900005FA02F423EA040303600B6823EA04030E
:105FA0000B600132102AD1D10020DFE72DE9F04F3C
:105FB000836981461B69026F93F880308FB0C3F309
:105FC0004113022B0ED0032B0ED0012B0CBF10233C
:105FD0000823D371D9F854800026B8F1000F05D1F9
:105FE0004046AFE02023F4E74023F2E7D8F804303E
:105FF000D8F80C4003930C9604967CB9049B039A42
:1060000009339BB293701B0AD3701671D8F80C40F9
:10601000002C40F0B180D8F80080DDE700256068F2
:106020000D9583681B6B002B00F0A48029469847D0
:10603000002800F09F80C4E903553546A0F1040B09
:106040005BF8043F0BB11A7822B9B5427DD86FF0E6
:10605000150077E05A780B2A08BF9D70DBF80030F6
:106060005A78042A10D1E2680D990A43E260DA787E
:10607000002A58D101229D702369AA40134301359B
:106080002361EDB200230D93DBF800707B78052BC4
:10609000D6D16FF012004FF0010AD9F818300893EA
:1060A0007A793B795FFA8AF143EA0223ADF82E3020
:1060B0000C9B069397F90230069A002BA3BF4FFA68
:1060C0008AF30793534641F08001BFBF4BB2079359
:1060D00021F080031033DA40D2072BD40D9A22FA34
:1060E00003F3DB07059225D4BB79FA78089800936F
:1060F0000DF12E03099101F096FA0999D0B9079B89
:10610000B970002B4FF00103BCBF21F080011031AA
:106110008B4006980599BDF82E2019430343CDE91D
:106120000C31BA808CE76A1E9A700DA90CA8FFF793
:106130000AFFA7E70AF1010ABAF1100FB0D100284F
:106140003FF47EAF0FB0BDE8F08FE3680D9A1343C4
:10615000E360606883689B6AD3B198470028F1D1F7
:106160000146606800F000F9049B2E460344246851
:10617000049342E73546ECE7E36804F10C01A360C1
:106180000CA8FFF7E0FE00287FF461AF24683FE72A
:106190006FF08500D6E74FF0FF324FF0FF33043049
:1061A000FDF75ABDFDF7CABD21B101290DD000236D
:1061B0001B68FFDE5430006848B143685B79934246
:1061C00005D000680028F8D170475C30F3E77047CD
:1061D00010B590F830300446022B09D1FFF780FC4F
:1061E00094F8382001462046BDE81040FFF7DCBF98
:1061F000002010BD08B5FFF7D7FF003818BF0120F9
:1062000008BD2DE9F04104460E46FFF769FC94F8FD
:1062100038308046CBB9002E3BD03246414620462E
:10622000FFF7C2FF0746A8B10246204600F0CCF9AE
:10623000054688B984F83860FC6864B36068836890
:106240001B6A03B198472468F7E72046FFF7C0FFB1
:10625000074620B96FF03C052846BDE8F0810146AD
:10626000204600F087F910220546002104F13A008B
:1062700003F052FA002384F83830FF6817B9002D74
:10628000C9D0E9E7786883685B6A03B198473F68DB
:10629000F4E784F838600025DEE7F8B504460E46DA
:1062A00015465768FFF777FF94F86C30D9074BD441
:1062B000012E4CD0FB799A0605D5A3691B6993F88A
:1062C00080309B0743D5002E41D1E36D53B9626DF9
:1062D00062B9236F6A685B7C0133DBB25371226F52
:1062E00053740EE09D4235D01B68EFE7954225D1EF
:1062F0002A68EBB9A36D62659D4200D1A2650023B7
:106300002B60A96841B12046FFF7E5FC064650B96D
:10631000A868FFF763FDB87100232B60A36D83B9F4
:10632000C4E915550026201DFFF73CFF3046F8BD97
:106330001A60A26D954208BFA365E0E71346126894
:10634000C6E71D60A565EDE76FF00F06EBE76FF0A0
:106350008506E8E76FF01506E5E74FF0FF324FF0EE
:10636000FF330430FDF778BC08B583681B6B0BB1B5
:1063700098470346002023B153F8042B0AB1127842
:1063800002B908BD1044F6E710B51C46FFF70CFF34
:1063900048B10122C06802FA04F320B10269134235
:1063A00001D10068F9E710BD10B50C46FFF710FFEA
:1063B00048B10123C06803FA04F120B1036919420E
:1063C00001D10068F9E710BDD1F81A0083681B6994
:1063D00003B118476FF08500704770B5012501F0D3
:1063E0007F0311F0800F18BF10339D4090F83030BC
:1063F0000446022B01D0002070BD90F83860FFF7F2
:106400006FFB324601462046FFF7CEFE0028F2D051
:10641000C0680028EFD083681D42EDD10068F8E71E
:1064200038B50C46FFF7D4FE80B1C06870B1436840
:10643000DA681AB100231179994201DC0068F5E7A6
:106440001568ED5CA54201D00133F5E738BD2DE9B3
:10645000F04105461F460846002A3DD1FBF77AFD6C
:106460000446C8B32846FFF778FF95F86C30DA0782
:1064700007D56FF00F04281DFDF760FC2046BDE82E
:10648000F081D4F8048004F11406D6E8AF3FDB07AE
:10649000EFD4D8F804300BB19D42EAD13A4600213E
:1064A0002846FFF781FEA0B10023236003696BB982
:1064B000C0E90344D6E8EF3F43F00103C6E8E23FFA
:1064C000002AF7D10024C8F80450D4E71C60046106
:1064D000F0E76FF03C04CEE76FF01204CEE72DE951
:1064E000F8430D464C689846064617469DF820909E
:1064F000FFF7F6FAA36801461B6B1BB96FF0150096
:10650000BDE8F883204698470028F7D0041F0020F4
:106510000C3554F8041F09B10B782BB9002814BFAF
:1065200000206FF03C00EBE74B78042B0BD1F8B95F
:106530008B784345EDD1CB784B45EAD10B79002BD5
:10654000DED00120E5E7052BE3D10028E1D0012FC3
:1065500007D0022FF5D12A468978B06900F0C2F839
:1065600003E02A46B06900F0A1F80028E9D0C7E7A7
:106570000020C5E7F8B50646CC680CB9204622E0F5
:10658000012504F10C07E268AAB165F07F03D9B2D6
:1065900003F07F031033DA40D2070ED4E368EB40F8
:1065A000DB0705D53A46B069E9B200F09BF850B96F
:1065B0000135102DE7D12468DFE73A46B06900F0D5
:1065C00091F80028EAD0F8BD2DE9F34700240546EC
:1065D0000E46A146576897F805803B79A34203DC35
:1065E000002002B0BDE8F0875FFA84FA31465346D6
:1065F00042462846FFF7C8FE014650B153460122E5
:106600002846CDF80090FFF76AFF0028E9D1013451
:10661000E3E76FF03C00E4E72DE9F74380460D46E1
:106620001746FFF7C1FE064628B96FF00104204661
:1066300003B0BDE8F0830F2DF7D808EB050901463C
:1066400099F83A402B46002240460097FFF747FF53
:106650000028EAD100942B46022231464046FFF73B
:106660003EFF04460028E2D12B4601223146404637
:106670000097FFF734FF04460028D8D1706883687C
:106680005B6813B13A462946984789F83A70CEE7D5
:10669000012311F0800F18BF21F08001026818BF9C
:1066A00010318B4022EA03030360704737B58B79C2
:1066B0000C46009315468B88CA78897801F02AF831
:1066C00070B994F90230A178002B4FF00103B8BFE4
:1066D00021F080012A68B8BF10318B4013432B6032
:1066E00003B030BDF8B506460D46174601F05AF81E
:1066F000044658B929463846FFF7CAFF29463046AE
:1067000001F023F9044608B902F0D7FD2046F8BD90
:106710000A468069802101F048B92DE9F0410B7EDD
:106720000C46590605462ED123B3FFF702FA70BB7B
:106730002846D5F87080268AEF8DFFF7D1F9F8B199
:10674000421E534253419B01228A9AB1BE423246B5
:1067500028BF3A46E98D91420CD9B2FBF3F103FB15
:1067600011223AB994F91830002BBEBF637E43F072
:10677000080363762146A869BDE8F04101F088B8B6
:1067800098F80730E0E76FF01500BDE8F0814FF0B2
:10679000FF30FAE743689869FBF72EBD70B591F9B1
:1067A00018300546002B0C46466807DBC4F81A5023
:1067B0002146B069BDE8704001F06AB83046FFF785
:1067C000B8F90028F2D04FF0FF3070BD806901F0B9
:1067D00011B938B5054680690C4600F0FFFF58B97D
:1067E000012314F0800F18BF24F080046A6B18BFD7
:1067F0001034A34013436B6338BD70B50546806900
:106800000E4601F015F8044620B9314605F1340072
:10681000FFF73EFF204670BD0B0648BF21F0800108
:10682000406B48BF1031C84000F001007047C36999
:1068300082B08DF8001001922BB102AB13E9060073
:1068400002B0FBF7E1BB02B07047C36982B08DF8BC
:10685000001001922BB102AB13E9060002B0FBF766
:10686000D3BB02B07047704703695B68D868704754
:1068700043680361037A63B1012B0CBF0223032336
:106880004375437A5A1E032A05D8DFE802F005054E
:1068900005050123F4E700230375837A062B09D04D
:1068A000072B09D0052B0CBF002303238375837EA0
:1068B000C37570470123F9E70223F7E7036993F8EB
:1068C000400030B1DA6B9388918910695B1A9BB2F2
:1068D000C01A7047036993F838007047036993F84A
:1068E000402012B993F838007047012070470369BF
:1068F000C3E9071270470229036907D0042907D0AA
:10690000012907D11B690020136070471B7EFAE73D
:106910005B7EF8E76FF085007047CB79026923B1A1
:10692000012B02D06FF085007047002093767047EE
:10693000D0E8AF0F084100F00100704703691B6900
:106940008833D3E8EF1F41F00201C3E8E21F002AB9
:10695000F7D1704710B50469606BFEF7FFFF10B107
:10696000012384F8393010BD10B50469606B428989
:10697000C3889A4202D14FF0FF3010BD0122FEF7CA
:10698000EDFF0028F7D004F17800FDF7EDFB0020C3
:10699000F3E738B50469EFF31185202383F31288F8
:1069A000BFF36F8FE06BFEF7B9FF85F31188BFF37C
:1069B0006F8F10B1012384F8413038BD0269002087
:1069C00013690B6053694B60704738B503461B6908
:1069D00040685D68AC68A37A84F8223094F82D3062
:1069E00084F82330696841B1237C33B9FFF773F928
:1069F00018B96868FFF7F2F92074002038BD012348
:106A00008B40DB43D0E8EF2F1A40C0E8E12F00298C
:106A1000F8D17047006902218830FFF7F0BF0069A4
:106A200003218830FFF7EBBF08B50369002118691F
:106A30008830FFF7E4FFBDE808400121FFF7DFBF22
:106A40000369012118698830FFF7D9BF2DE9F047A4
:106A500050F8483C00F140045B680646002120469F
:106A6000D3F80090FFF764FF00284CD001212046A6
:106A7000FFF75EFF0746002845D1D4E8EF3F43F01B
:106A80002002C4E8E12F0029F7D19B063BD4D9F8B6
:106A9000103040225B6848469B6893F83610FFF739
:106AA00079FE054650B920460521FFF7A8FF30467C
:106AB000BDE8F0470A220023FDF7C6BB8246428AA2
:106AC0005AF80C1F56F80C0CFEF748FF804601469A
:106AD0005046FEF7CCFFB8F1000F04D008F03F0895
:106AE000B8FA88F77F092946484606F82D7CFFF753
:106AF00055FE40B12846FAF7D3FB2046BDE8F047E3
:106B00000521FFF77CBFBDE8F08740297FB534D071
:106B10000DD8102933D006D801296BD0082930D0E0
:106B20006FF0150426E02029FAD1042308E0B1F51E
:106B3000807F28D0B1F5007F27D08029F0D11023A5
:106B400004699BB2E18912B30B4342F2A1014FF4F5
:106B50000032E381CDE901120669ADF80C304368DB
:106B600000211C6806F188031846FFF7E1FE88B98A
:106B70006FF00C04204604B070BD0823E0E7022348
:106B8000DEE70123DCE72023DAE74023D8E721EA28
:106B90000303DAE701211846FFF7CAFE0028E7D110
:106BA00023690A225B6820469B6893F82610FFF74A
:106BB000F1FD0546D8B10A2201A90C30FEF75DFFB0
:106BC00020462946FFF7EAFD044618B12846FAF7A1
:106BD00067FBCFE74FF0FF324FF0FF3306F18C0039
:106BE000FDF762F90B3008BF6FF08B04C2E76FF05E
:106BF0000B04BFE70024BDE7F8B50D460169064662
:106C00000C694968476889682B7E91F83D102AB362
:106C1000994204D1042104F18800FFF7F0FE3369A2
:106C20002A7E5B689B6893F836309A4204D105212E
:106C300004F18800FFF7E3FE33692A7E5B689B68F6
:106C400093F826309A4203D104F18C00FDF752F9F3
:106C500029463846BDE8F840FFF7B8BD994214D13F
:106C60002A8AE968606BFEF759FE28B1E3691BB117
:106C700004F12400FDF778FA04F188000421FFF7FD
:106C8000BEFE04F17800FDF76FFA33692A7E5B6877
:106C90009B6893F836309A4215D1E3691BB104F131
:106CA0002400FDF761FA052104F18800FFF7A7FE33
:106CB000E36B5A89DB889A4205D00022002304F155
:106CC0004800FDF7C1FA33692A7E5B689B6893F838
:106CD00026309A42BCD104F18C00FDF7B1F8B7E739
:106CE00038B550F8083C0446002B4FD050F8243CEF
:106CF00000F164055B6802211A68002383828383A4
:106D00002846FFF715FEB8B154E9023110699847DB
:106D1000637D1BB104F15400FDF726FA05212846D6
:106D2000FFF706FE98B9637F6BB10022002304F1E0
:106D30002400FDF789FA0AE003212846FFF7F8FD51
:106D40000028E1D1E4E714F8093C002BEDD1022141
:106D50002846FFF7EDFD38B123695A89DB889A424E
:106D600002D02046FDF700FA03212846FFF7E0FD98
:106D700060B1A2699388918912695B1A9BB29A42A9
:106D800004D02046BDE83840FDF7EEB938BD38B52F
:106D900050F8783C02465B6800211D6800F1100342
:106DA0001846FFF7C5FD90B301211846FFF7C0FD57
:106DB00068BB52F8441C8A8888890969121A92B201
:106DC0008A1A3F2A23D9D3E8EF2F42F01001C3E8F3
:106DD000E01F0028F7D1D30619D42B6940225B6845
:106DE00028469B6893F83D10FFF7D4FC044670B129
:106DF000438A0146402B28BF402343822846FFF7A1
:106E0000CDFC20B12046BDE83840FAF749BA38BD7C
:106E100008B50369022103F188021046FFF788FDD7
:106E200028B1596BC8884989401A18BF012083F8D6
:106E3000380003211046FFF77BFD40B1DA6B9088E4
:106E400091891269401A80B2801A18BF012083F814
:106E50004000012008BD006900F18803D3E8EF1F5E
:106E600041F00801C3E8E21F002AF7D1C26B938802
:106E7000918912695B1A9BB29A4202D02430FDF7C5
:106E800073B9704738B5046904F18805D5E8EF3F58
:106E900043F00403C5E8E23F002AF7D1636B5A8947
:106EA000DB889A4203D004F12400FDF75DF9042148
:106EB0002846FFF73DFD28B904F17800BDE83840C9
:106EC000FDF752B938BD70B503691C6904F1880536
:106ED000D5E8EF2F42F00102C5E8E12F0029F7D1F4
:106EE00002212846FFF724FD10B11846FFF7CAFF1C
:106EF000E36B5A89DB889A420AD103212846FFF7BF
:106F000017FD68B104F12400BDE87040FDF72CB90D
:106F100004F148000022BDE870400023FDF794B959
:106F200070BD30B40125416802690968137E4D6166
:106F300054685B0954B1107E023300F01F0052F810
:106F4000231005FA00F0234630BC184730BC7047C8
:106F500010B40269416802200968537E4861546890
:106F60005B095CB1034452F823100123507E00F00A
:106F70001F0003FA00F0234610BC184710BC7047EE
:106F800010B40269416804200968937E486154681E
:106F90005B095CB1023352F823100123907E00F0AC
:106FA0001F0003FA00F0234610BC184710BC7047BE
:106FB00010B40269416808200968D37E48615468AA
:106FC0005B095CB1023352F823100123D07E00F03C
:106FD0001F0003FA00F0234610BC184710BC70478E
:106FE00010B40269416810200968137F4861546831
:106FF0005B095CB1023352F823100123107F00F0CB
:107000001F0003FA00F0234610BC184710BC70475D
:1070100010B40269416820200968537F48615468B0
:107020005B095CB1023352F823100123507F00F05A
:107030001F0003FA00F0234610BC184710BC70472D
:1070400010B40269416840200968937F4861546820
:107050005B095CB1023352F823100123907F00F0EA
:107060001F0003FA00F0234610BC184710BC7047FD
:1070700010B40269416880200968D37F4861546870
:107080005B095CB1023352F823100123D07F00F07A
:107090001F0003FA00F0234610BC184710BC7047CD
:1070A00010B4026941684FF48070096892F820308A
:1070B000486154685B0964B1023352F8231001231C
:1070C00092F8200000F01F0003FA00F0234610BCE5
:1070D000184710BC704710B4026941684FF4007043
:1070E000096892F82130486154685B0964B1023341
:1070F00052F82310012392F8210000F01F0003FA38
:1071000000F0234610BC184710BC704710B4026949
:1071100041684FF48060096892F8223048615468F1
:107120005B0964B1023352F82310012392F8220064
:1071300000F01F0003FA00F0234610BC184710BCF3
:10714000704710B4026941684FF40060096892F812
:107150002330486154685B0964B1023352F823104C
:10716000012392F8230000F01F0003FA00F02346E9
:1071700010BC184710BC704710B4026941684FF446
:107180008050096892F82430486154685B0964B102
:10719000023352F82310012392F8240000F01F005C
:1071A00003FA00F0234610BC184710BC704710B417
:1071B000026941684FF40050096892F8253048612F
:1071C00054685B0964B1023352F82310012392F82A
:1071D000250000F01F0003FA00F0234610BC1847FA
:1071E00010BC704710B4026941684FF480400968D0
:1071F00092F82630486154685B0964B1023352F852
:107200002310012392F8260000F01F0003FA00F07B
:10721000234610BC184710BC704710B4026941687F
:107220004FF40040096892F82730486154685B09C0
:1072300064B1023352F82310012392F8270000F0C2
:107240001F0003FA00F0234610BC184710BC70471B
:10725000002208B511460D20F9F752FC0D20F9F770
:107260002DFC00220E201146F9F74AFC0E20F9F7FA
:1072700025FC00220F201146F9F742FC0F20F9F7F8
:107280001DFC002210201146F9F73AFC1020F9F7F6
:1072900015FC002211201146F9F732FC1120F9F7F4
:1072A0000DFC002212201146F9F72AFC1220F9F7F2
:1072B00005FC002213201146F9F722FC1320F9F7F0
:1072C000FDFB002214201146F9F71AFC1420F9F7EF
:1072D000F5FB002215201146F9F712FC1520F9F7ED
:1072E000EDFB002216201146F9F70AFC1620F9F7EB
:1072F000E5FB002217201146F9F702FC1720F9F7E9
:10730000DDFB002218201146F9F7FAFB1820F9F7E7
:10731000D5FB002219201146F9F7F2FB1920F9F7E5
:10732000CDFB00221A201146F9F7EAFB1A20F9F7E3
:10733000C5FB00221B201146F9F7E2FB1B20F9F7E1
:10734000BDFB00221C201146F9F7DAFBBDE808401E
:107350001C20F9F7B3BB10B54468D4E90101836878
:107360001B6813B96FF0570010BD9847002802DA68
:1073700010F1780FF8D16068E16883681B68002B12
:10738000F0D09847002802DA10F1780FECD1236989
:107390009847012223681A702068FAF719FF237DA5
:1073A00013B1002223681A702268137843F0020395
:1073B00013702068FAF70CFF0020D5E738B50446B3
:1073C000807AF9F7E7FE6169054649B1637ADB0720
:1073D00004D4C36920461B689B68984700236361F7
:1073E00021462846BDE8384001F0B1BE30B5090657
:1073F0000546847C14D414F0400016D0298AC3F3C7
:107400000A00C1F30A01884222D802F003000228D0
:1074100009D003280AD0012811D004F0010004E0AB
:1074200014F02000E9E7C4F3800030BD14F002003E
:10743000FBD013F4C05F09D0C4F30010F5E714F0DB
:10744000080205D013F4C05FEFD0F5E70120ECE7A8
:107450000020EAE7A030D0E8AF0F00F0010070474D
:10746000A030D0E8AF0FC0F3400070470369A033ED
:10747000D3E8AF2F41B1D3E8EF1F41F00401C3E8D7
:10748000E21F002AF7D17047D3E8EF1F21F0040173
:10749000C3E8E21F002AF7D1704701F00F03026929
:1074A000090648BF103352F823007047007DC0F32F
:1074B00000107047037D61F304130375704708B52E
:1074C00002691046FFF7C6FF60B9087E00F00F039F
:1074D000000648BF103342F82310084601F024FE8E
:1074E000002008BD6FF00C00FBE700220023FCF732
:1074F00075BC01F036BE01F01FBE407EC0F3C00077
:107500007047437E23F00803437670471FB5046934
:107510008DF80410CDE90220D4F8983001A99847DD
:1075200004B010BD1FB50346046906208DF80400A1
:107530002046CDE90213FFF78DFF40B1C1F81E20B0
:107540001846D4F8982001A9904704B010BD4FF018
:10755000FF30FAE738B505460C462046FFF7C5FF71
:10756000014600B938BD6FF070022846FFF7DAFF18
:10757000F3E72DE9F843066907460D46D6F8009073
:10758000D6F840804FF0FF324FF0FF3306F1840011
:10759000FCF762FB4046FFF7A8FF014618BB4846D0
:1075A000FFF7A3FF044620BB99F8143023F0100323
:1075B00089F8143098F8143023F0100388F8143048
:1075C00024BB012286F8B020EDB12B68C6F8A830A4
:1075D0006B6886F8B120C6F8AC3038698430BDE8F5
:1075E000F843FCF7ABBB6FF067023846FFF79AFF32
:1075F000D0E7637EDB07D7D46FF0670221463846B9
:10760000FFF790FFCBE786F8B150E6E72DB10822EF
:10761000294604F10C00FEF730FA002221463846D4
:10762000FFF780FFD9E72DE9F84305468846144661
:107630001F46D0F80890FFF730FF0646002834D0E8
:107640002846D9F83C3098474146224630463B8888
:10765000FFF7CCFE804688B183B92B6904F00304A0
:1076600093F88030DB0753BF40224FF480624FF421
:1076700000711146022C0DD0032C11D02846D9F8E8
:1076800040309847B8F1000F14BF00206FF085001C
:10769000BDE8F883338A8B4228BF0B463B80EDE779
:1076A000338A934228BF1346F8E76FF01200EFE7E2
:1076B0002DE9F0470546894690461F46D0F808A0B8
:1076C000FFF7EBFE044610B3067DF3071CD43B46E0
:1076D00042464946FFF78AFEC8B19DF8203026F0A1
:1076E000060684F81980678323772675DAF8183040
:1076F000214628469847B0FA80F3227D5B0963F360
:1077000000022275BDE8F0876FF07700FAE76FF0AE
:107710001200F7E72DE9F3411F464B0604460D46DC
:107720001646D0F808801BD0D8F83C30984720691E
:10773000FFF796FE88B19DF8203029460093324627
:107740003B462046FFF7B4FF05462046D8F84030B8
:107750009847284602B0BDE8F0814FF0FF35F4E7C6
:107760006FF01505F5E770B505468668FFF795FEDD
:10777000044688B1037DDB0711D50146F36928462D
:10778000984738B1237D03F00103227D63F30002A3
:10779000227570BD0346F8E76FF01200F9E76FF04D
:1077A0007700F6E770B54B0604460D46866812D0A2
:1077B000F36B98472069FFF74DFE48B129462046F4
:1077C000FFF7D1FF05462046336C9847284670BD29
:1077D0004FF0FF35F7E76FF01505F7E770B5054691
:1077E00086680C46F36B98472869FFF739FEB0B1FD
:1077F00021462846FFF751FE014698B1037DDB077D
:1078000010D5437E03F00303012B0ED02846F36806
:10781000984704462846336C9847204670BD4FF081
:10782000FF34F7E76FF01204F4E76FF08504F1E737
:10783000F8B5064687680C46FB6B98473069FFF73A
:107840000FFEE0B121463046FFF727FE0546C8B1DE
:10785000037DDB0716D5437E03F00303012B14D011
:1078600001463B6930469847044618B92B7D60F3C2
:1078700041032B7530463B6C98472046F8BD4FF0CE
:10788000FF34F7E76FF01204F4E76FF08504F1E7D7
:107890002DE9F041054686680769F36B0C46984769
:1078A0002869FFF7DDFD98B394F818802846414613
:1078B000FFF7F3FD014670B3037DDA072BD518F00F
:1078C0007F0F20D197F8B030EBB1637EDB0717D57F
:1078D00097F8B13033B1082207F1A80104F10C0088
:1078E000FEF7CBF8002287F8B02021462846FFF7A4
:1078F00019FE04462846336C98472046BDE8F081BF
:107900006FF06702F1E72246284673689847F0E770
:107910004FF0FF34EEE76FF01204EBE770B5054669
:107920000C468668F36B984721462846FFF7B5FD5D
:1079300048B101F016FCB0FA80F464092846336CB3
:107940009847204670BD0124F8E770B50546866863
:107950000C46F36B98472869FFF77CFD80B1214600
:107960002846FFF79AFD014668B104681CB1284615
:10797000B368984704462846336C9847204670BD44
:107980004FF0FF34F7E76FF01204F4E708B503692E
:1079900000211B685A8BFAF72FFC28B1437E23F095
:1079A000070343F00103437608BD08B539B90369FD
:1079B000013A1B685B8B1A44B2FBF3F25A43FAF7A5
:1079C0001BFC28B1437E23F0070343F002034376F8
:1079D00008BD08B561B903691B685A8BFAF70CFC3E
:1079E00028B1437E23F0070343F00403437608BD28
:1079F0000022F3E770B50D4604468668F36B98479E
:107A00002846F9F74DFC2046336C9847002070BD9E
:107A100070B505468668F36B98472869FFF720FD27
:107A2000044620B133683BB12846984704462846AF
:107A3000336C9847204670BD0124F8E7F8B504463A
:107A400087680669FB6B98472069FFF703FDB8B1AB
:107A50002069FFF705FDB0B92046FB6A9847054647
:107A600048B906F1A003D3E8EF1F41F00201C3E8D3
:107A7000E21F002AF7D120463B6C98472846F8BD04
:107A80004FF0FF35F7E76FF07705F4E7F8B50446F8
:107A900087680669FB6B98472069FFF7E1FC90B1A6
:107AA0003B6B20469847054606F1A003D3E8EF1F3D
:107AB00021F00201C3E8E21F002AF7D120463B6C07
:107AC00098472846F8BD6FF07705F7E72DE9F041B4
:107AD000054614460F46D0F80880066911B30AB36C
:107AE000D8F83C3098472869FFF7B4FCB8B9C6E924
:107AF00026742846D8F834309847044640B9A03652
:107B0000D6E8EF3F43F00103C6E8E23F002AF7D191
:107B10002846D8F8403098472046BDE8F0816FF0FD
:107B20007704F5E76FF01504F6E7F8B504468768C3
:107B30000669FB6B98472069FFF792FCB0B9206992
:107B4000FFF788FCA8B1BB6B20469847054606F1B5
:107B5000A003D3E8EF1F21F00101C3E8E21F002AD0
:107B6000F7D120463B6C98472846F8BD6FF00F05CB
:107B7000F7E76FF07705F4E710B50C7E436824F063
:107B800080021B682CB993F8080140F0100083F8BC
:107B900008015201134491F9181093F808210029A3
:107BA000B5BF42F0020242F0010283F8082183F8D7
:107BB0000821B5BF93F8002193F8002102F08F024D
:107BC00002F0F80283F80021002010BD10B50C7EF1
:107BD000436824F080021B685201134493F8052186
:107BE00014F0800F14BF42F0200242F0100283F81C
:107BF00005210B7E00205B061EBF0B7D43F00203B8
:107C00000B7510BD43681B6809B141F0800100206D
:107C100099727047436800201A6813899BB243F039
:107C2000020313817047012070470020704740F223
:107C3000FF33984207D018B1B0FA80F0C0F12000AD
:107C40000438C0B2704707207047F8B54D7E0F7EEC
:107C500005F003056E1E4368022E88BF01251A68D1
:107C600027F0800498BF0135EFB95E6803694020B2
:107C7000D3F8A430B771A4333360737903F03F03B2
:107C80007371F37923F00F03F371FFF7D0FFF379EA
:107C900060F3061367F3C713F37192F8093143F0E9
:107CA000100382F8093191F91830002B4FEA441380
:107CB000134493F8002111DA42EA051283F80021F7
:107CC00093F8042142F0800283F8042193F80921FB
:107CD00042F0020283F809210020F8BD2A4383F80C
:107CE000002193F8052142F0400283F8052193F822
:107CF000092142F00102EDE738B543680A7E0C46DF
:107D00001B6822F08002EFF31185202181F3128895
:107D1000BFF36F8F94F91810520100291344B5BFB7
:107D200093F8042193F8052142F0800242F04002CA
:107D3000B4BF83F8042183F805212146FFF70AFC2C
:107D400000212046FFF7B6FB85F31188BFF36F8F44
:107D5000002038BD08B59620F8F7BEFE9720F8F74A
:107D6000BBFE9820F8F7B8FEBDE808409920F8F768
:107D7000B3BE002208B511469620F8F7C1FE962042
:107D8000F8F79CFE002297201146F8F7B9FE9720DD
:107D9000F8F794FE002298201146F8F7B1FE9820DB
:107DA000F8F78CFE002299201146F8F7A9FEBDE8ED
:107DB00008409920F8F782BE03460022D3E8EF0F6F
:107DC000C3E8E12F0029F9D1704738B5044643686C
:107DD0001D689B6B98472B899BB243F001032B8155
:107DE0002B7803F0FD032B706068FAF757FA014611
:107DF00068B92046FFF7B7FC10B16FF0040038BD3A
:107E000080212046FFF7AFFC0028F8D0F5E76FF09F
:107E10007300F4E738B5436805461C689B6B03B1F3
:107E2000984723899BB243F001032381237803F011
:107E3000FD032370237843F0010323706868FAF789
:107E40002DFA00B9606238BDF8B504690546466888
:107E5000D4F8A47004F1840001F0DEF807F190007A
:107E600001F037FC07F19C00FFF7A6FF07F1A00027
:107E7000FFF7A2FF94F88030284623F0720343F006
:107E8000620384F88030B26800233169FAF7CCF9D4
:107E9000044650B9D6E9022180232846FAF7C4F9EE
:107EA000044610B92846F36B98472046F8BD01F008
:107EB00015BC01234A0901F01F018B4000EB820031
:107EC000D0E8EF2F1A43C0E8E12F0029F8D170471E
:107ED00038B50C46097E31F080023AD04368520131
:107EE0001B6811F0800F134493F80421006914BF3C
:107EF00042F0200242F01002D0F8A45015BF83F8DF
:107F0000042183F8042193F8042193F8042114BF79
:107F100042F0020242F00102204683F80421FFF7FA
:107F2000C5FA90B92046FFF7E4FA70B1237E05F157
:107F30009C0003F07F011B0648BF1031FFF7B9FF1B
:107F4000022105F19000FFF7B2FF237D23F0020329
:107F50002375002038BD08B500698430FBF7EEFEBC
:107F6000BDE80840FCF71EBD10B50446FCF706FD51
:107F7000206984304FF0FF32BDE810404FF0FF33EE
:107F8000FBF76ABEF8B5137E446823F080034FEA1E
:107F9000431C04EB431443F6FF730D8A06689D42AD
:107FA00028BF1D46EFF31187202383F31288BFF308
:107FB0006F8F664496F806311B0606D587F3118845
:107FC000BFF36F8F6FF00A00F8BDCB682361508B51
:107FD000C0F30A00FFF72BFEE37D257560F306135F
:107FE000002003F0F00360F3C713C5F30525A07567
:107FF0006575E37596F8053143F0800386F8053121
:1080000087F31188BFF36F8FDEE738B50C4603693D
:1080100011462046D3F8A450FFF76DFA237D9A0746
:108020000ED4237E05F19C0003F07F011B0648BFA0
:108030001031FFF73EFF022105F19000FFF737FFF7
:10804000002038BD2DE9F843147E4B8ACF68D1F863
:108050001480B1F81090D0E9005EEFF31186202073
:1080600080F31288BFF36F8F24F0800005EB40157A
:108070004FEA401C95F80601400607D486F31188A4
:10808000BFF36F8F6FF00F00BDE8F883107E28B349
:10809000C9680EEB0C044EF80C100021A3EB090389
:1080A0002171A7EB08015B1A43F6FF718B4228BFD1
:1080B0000B4699016171C3F38701A171E179C3F3A3
:1080C000832321F00F010B43E371508BC0F30A00AF
:1080D000FFF7ADFDE37960F30613E37195F8043122
:1080E00043F0400385F8043186F31188BFF36F8FA6
:1080F0000020C9E738B5054608460C46FFF7F9F9F0
:10810000014620B1237E1BB9437EDA0702D538BD74
:108110001B060FD422466868FFF794FF78B120460B
:10812000FFF7E3F96FF06E0201462846BDE83840DC
:10813000FFF7F8B922466868FFF724FFEEE720460C
:10814000BDE838400121FFF7B5B904464FF00109F9
:108150002DE987482369D3F8A4A00AF190084FF0CD
:10816000FF334FF0FF324FF0FF31CDE9002340469F
:10817000002201F0BAFA0646206984304FF0FF323F
:108180004FF0FF33FBF768FD71071ED4B2070CD523
:108190000221404601F0A5FA2369D3F8A4009C30DF
:1081A000FFF70AFE0546002D50D1F30708D501213F
:1081B000404601F096FA20460AF1E401FFF7D9F9AA
:1081C00020698430FBF7BAFDC4E70421404601F082
:1081D00088FA2369D3F8A400A030FFF7EDFD054627
:1081E000002DD3D095FAA5F3B3FA83F3D9B20F2BB0
:1081F000C4BF103961F07F0109FA03F2C8BFC9B2E8
:10820000204625EA0205FFF748F90746FFF76DF912
:108210008346C0B100213846FFF74CF90022594689
:108220002046FFF77FF9024618B107212046FFF7E5
:108230006DF93846FFF73AF90028D1D13946204682
:10824000FFF758FFCCE76FF06802EEE795FAA5F369
:10825000B3FA83F30F2BD9B2C4BF103961F07F0199
:1082600009FA03F2C8BFC9B2204625EA0205FFF7A2
:1082700014F90746FFF71AF9002894D13946204629
:10828000FFF738FF8FE72DE9F74F044600254368D5
:10829000D3F80090B9F82060B6B2002E47D1B9F8F3
:1082A0001C50ADB26B07A9F81C5004D5324605210D
:1082B0002046FFF72BF92F0709D513226368042105
:1082C0001B68204683F809210022FFF71FF9EE07FB
:1082D00010D52369A033D3E8AF3F5807C3F3800616
:1082E00008D401212046FFF7C1F832460321204679
:1082F000FFF70CF9A9060ED52369A033D3E8AF3FE9
:108300005A0708D500212046FFF7B0F800220221C5
:108310002046FFF7FBF82B0640F1E3806FF01502D3
:108320000721204603B0BDE8F04FFFF7EFB8F7078D
:108330005ED56B01009363685FFA85FA1B6803EBF7
:10834000451393F80771FFB2B80783F807711BD57F
:1083500062680AF07F0352684AF0800102EB431220
:10836000236920460192D3F8A4B0FFF796F8009055
:10837000FFF7BFF8019A804600283CD16FF06802F1
:1083800007212046FFF7C2F8F90719D5636851465F
:108390005A681B682046009323694FEA4518D3F8B2
:1083A000A4B09044FFF779F80190FFF7A2F8824655
:1083B00000284BD16FF0680207212046FFF7A6F88E
:1083C000FA0615D563685A681379527902F03F02AC
:1083D00043EA0223082B0BD123690121D3F8A4001F
:1083E000D0F8A4309030436583698365FFF75FFD63
:1083F0007608013551E7117D527D0C3002F03F02C5
:1084000041EA0221FDF75BFBB8F810202AB1414692
:10841000009A6068FFF7B6FDB6E74046FFF76DF8D3
:1084200040B14146009A6068FFF7ACFD4046FFF757
:1084300068F8A9E705F110010BF1A000FFF739FD7D
:1084400004210BF19000FFF732FD9DE7018A428A7B
:10845000521AC1684069091A98F80500521A98F82A
:10846000041000F03F0041EA00218A4228BF0A467A
:108470000AF10C009046FDB90BF1A401FDF7FDFADD
:10848000DAF80C10DAF81400BAF81220091A521AA5
:10849000BAF810108A4219D0019B5A8BC2F30A0213
:1084A000904513D165B9009B009A93F8043143F0CD
:1084B000400382F8043183E71146FDF7D8FADFE77D
:1084C0005146019A6068FFF7BDFD79E729460BF137
:1084D000A000FFF7EEFC04210BF19000FFF7E7FC92
:1084E0006EE703B0BDE8F08F2DE9F04F456889B025
:1084F00095F82430D5F814902C688DF81C30064679
:10850000A869296A83689B6913B96FF057081EE050
:1085100007AA9847B0F1000819DBA869296A83689F
:108520001B68002BF1D09847B0F1000802DA18F16F
:10853000780F0CD1D5E9060183681B68002BE4D0C5
:108540009847B0F1000806DA18F1780F03D04046DA
:1085500009B0BDE8F08F237843F001032370706801
:10856000F9F79CFE074610B16FF07308EFE7E37868
:10857000014643F00203E370E378484643F0080302
:10858000E37007AA00F00EFBB0F10008DFDB079BE9
:108590003A4619791868FAF7F9FD80460028D6D1CD
:1085A00077684FF0FF3C3B688646039397F82C3082
:1085B00005930346059A934221D30022039B80B280
:1085C00018852378114643F004032370237830463E
:1085D00003F07F032370238923F00C031B041B0C7F
:1085E000238123899BB223816B68636200924023BD
:1085F000FFF75EF8024630B36FF00408A7E7B96AE8
:10860000D7F830A0CA5C194404924A7891F80290D5
:108610004FEA521B0AEB8B08E04518BF5AF82BE0D3
:1086200002F01F022EFA02F202EA090C39EA0202F3
:1086300008BF91F803C0049A04330CFA02FC40EA24
:108640000C00C446B6E70090402380213046FFF777
:108650002FF80028D0D129232383237843F0020365
:1086600023707068F9F71AFE804600287FF47CAF0B
:108670002389304623F001031B041B0C23816B6B01
:10868000984764E710B5807A0C46F8F783FDC36914
:108690002146BDE81040586800F021BCF7B50D46F2
:1086A000807A17461E46F8F775FD2C68C3690334B7
:1086B00024F00302586804212A60CDE90076FBF714
:1086C000B1F900B9286003B0F0BD2DE9F047D0F84A
:1086D000049007690846D9E9004A0E46D9F808808F
:1086E000CDB2F9F715FE00286ED1B30E092B6BD869
:1086F000DFE803F0050B10226A4148506A5B6369AA
:1087000023F002036361BDE8F087E36A23F002030C
:10871000E362F8E7403454F8253023F0020344F8CC
:10872000253001233A6BAB4022EA03023A63FA6A2E
:1087300022EA0302FA62E6E70623B5FBF3F203FB43
:108740001253D9B203294FEA820294BF4C345034F9
:108750001444012203F00303DB002168073302FA0B
:1087600003F321EA030323603B8F0635AA4023EA83
:1087700002033B87C7E7DAF81C3023F00203CAF88C
:108780001C30C0E705B308EB85052B6A23F4807322
:108790002B62B8E7C6F3052608EB8608D8F88030C8
:1087A00023F04003C8F88030ADE70121D9F80C3040
:1087B000C6F3055203EB8203DA6BC6F38536B1408C
:1087C00022EA0102DA639EE76FF085009BE72DE95C
:1087D000F04145680846D5E900680C46AF68F9F7EE
:1087E00097FD002878D1A30E092B75D8DFE803F098
:1087F000080F1A2C054C535F056A0220BDE8F08172
:1088000073699C076CD5306900F001001AE0F36AC7
:10881000980765D5B36F002B60D13069C00900F0AF
:108820000200EBE7E4B206F1400353F824300120E4
:1088300013F0020FE2D033691834A04098430CBF04
:10884000012000204000D9E70620E4B2B4FBF0F399
:10885000316903F11805E940C907DAB240D500FBD8
:108860001344E4B2032C4FEA820294BF06F14C0396
:1088700006F15003134404F00304E4001A680734BB
:108880000123A340134219E0D8F81C309A0727D5DA
:10889000D8F80C00B8E7E4B204F1080357F8233025
:1088A000DB051DD578680234E040C043ACE7C4F373
:1088B0000524203457F8243013F0400F14BF022051
:1088C00001209BE7C4F30552EB680E3203EB8203F1
:1088D0005A68C4F38534D3E703208FE700208DE77F
:1088E00001208BE72DE9F3474FF000090C4601EB1F
:1088F0000121456841F03F6141F47C2180461746E3
:108900002E68D0F810A0CDF80490FFF760FF022881
:1089100003D0C7F8009000201CE006F1400353F894
:108920002430C3F30223012B17D0022B2CD0BBB968
:10893000AA68631C04F1210152F8211003EB4303E0
:108940005A00404601AB02F0FE0201F00F01F9F7B8
:108950004FFD28B102B0BDE8F087DAF8003001938E
:1089600006F1480353F82430443613F03F031EBF8A
:10897000019AB2FBF3F2019256F82420019BC2F354
:10898000090253433B60C6E7404601A9F9F7AAFD37
:10899000DFE700232DE9F34105464768D0F8108052
:1089A00008460E4614460193F9F7B2FC00286BD135
:1089B00031462846FFF70BFF022805D00023002090
:1089C000236002B0BDE8F081B30EF1B2092B5BD891
:1089D000DFE803F005080F161D33363E4949D8F885
:1089E0000030ECE72146284602B0BDE8F041F9F737
:1089F00079BD2246284602B0BDE8F041FFF772BFBC
:108A00002246284602B0BDE8F041F9F7B7BC7A68C3
:108A1000136903F00303012B0CD0991E01290CD814
:108A2000D2699207CAD5032B14BF4FF400434FF409
:108A30008063C4E74FF48063C1E74FF40043BEE7AF
:108A400023460C22284602B0BDE8F041F9F7D0BC1D
:108A5000BB68C6F30526203653F826100C222346A1
:108A600001F00F01EEE70C220021284601ABF9F7D7
:108A7000BFFC0028A5D1FB68DA68019B12F0FF0259
:108A80009DD0B3FBF2F39AE76FF0850099E7F0B45D
:108A900006240A4691FBF4F104FB11244368664264
:108AA00006F003061F6804F0030358BF7342032C4B
:108AB0004FF00104D4BF4C3750378E003E44DB00EA
:108AC0003768073304FA03F305693B4333602B8FA0
:108AD000063294401C43EB6A2C87CB40DA0706D45D
:108AE0002B6BCB40DB0702D5F0BCF9F757BE00205B
:108AF000F0BC7047F8B504690E460978238F8D1DC8
:108B0000EB40DB0725D4062743681A68B1FBF7F36F
:108B100007FB1317032FD4BF4C3250329B00134472
:108B20003F2207F0030C4FEACC0C1F6802FA0CF24C
:108B300027EA0207727902FA0CF23A431A60337993
:108B40003BB1FFF7A4FF20B90123228FAB401343B1
:108B50002387F8BD10B54468C1F30520A1689B01C7
:108B600001EB8001D1F8800003F0400302F00F0216
:108B700020F04F0013430343C1F8803010BD10B5FF
:108B800043680120C1F38534DB68C1F305518900D6
:108B90000B44012ADA6B00FA04F00CBF0243824353
:108BA000DA6310BD30B5036813600579046804EB1F
:108BB000C504A34202D36FF0010030BD5C790833D5
:108BC0008C42F1D10020F8E7026993680BB1D168BB
:108BD0001847704743689B681A7E520743BF9B6AD9
:108BE00000200B706FF00F00704743689B681A7E7F
:108BF000D207FCD59962704743689B68EFF31182F6
:108C0000202181F31288BFF36F8F01219975022112
:108C1000997582F31188BFF36F8F704743689B6823
:108C2000187E10F0010006D0002A03DD0A7801202A
:108C30009A62704700207047012243689B681A754A
:108C400002221A75704743689B68187E10F0010075
:108C50001CBF987D00F0010070470369187C7047C5
:108C6000042243689B689A757047042243689B6896
:108C70001A75704743689B68187EC0F38000704780
:108C800043689B68187E10F0040008D09B6A002A95
:108C9000DBB202DD01200B7070476FF015007047EA
:108CA00043689B68987D1B7E1840003818BF0120E0
:108CB0007047802243689B689A757047802243689A
:108CC0009B681A757047436801699A680120137E92
:108CD000C3F340030B74BA23137670470369C3E9E7
:108CE000021270470269002013680B6053684B60E2
:108CF0007047002208B511466620F7F701FF66208D
:108D0000F7F7DCFE002267201146F7F7F9FE67202F
:108D1000F7F7D4FE002268201146F7F7F1FE68202D
:108D2000F7F7CCFE002269201146F7F7E9FE69202B
:108D3000F7F7C4FE00226A201146F7F7E1FE6A2029
:108D4000F7F7BCFE00226B201146F7F7D9FEBDE80D
:108D500008406B20F7F7B2BE43689B68588B5A8B6C
:108D6000C0F3800092075A8B48BF40F0040002F025
:108D7000010240EA42005A8BD1065A8B48BF40F0AC
:108D8000080092065A8B48BF40F0100092B242F0A1
:108D900037025A8370470268012922F07062034645
:108DA000026004D002290CD0026802607047026899
:108DB00042F080720260426842F400525A60FAF750
:108DC0005DBA026842F080720260426822F400528A
:108DD000F4E738B5044648B1FAF7CEFC78230546E7
:108DE0005C43FAF7C9FC431BA342FAD338BD10B564
:108DF000436904463BB90020E2684042537843F09F
:108E00000103537010BD98470028F4D00028B8BF64
:108E10004042FF28A8BFFF20E3681870ECE740B18C
:108E2000C368587810F001001EBF1878B0FA80F0BF
:108E300040097047EFF31183202383F31288BFF3B7
:108E40006F8FFEE708B5FFF7F5FF2DE9F04F89B00A
:108E5000DDE91268059243460546324606A80F46EC
:108E600000F08EFBDDE90634CDE90234EFF3118426
:108E70004FF0200989F31288BFF36F8F05F10C0AB8
:108E800005F1140B39462846059A149B984730B1D2
:108E900084F31188BFF36F8F09B0BDE8F08F56EAF5
:108EA0000806F5D0DDE9022306A800F08EFBDDE917
:108EB0000668524621465846CDE90068FBF760FC3B
:108EC000EFF3118489F31288BFF36F8FDAE710B4E0
:108ED00000F10C04C0E9034410BCFCF76FBC38B5CA
:108EE0000446EFF31185202383F31288BFF36F8FBD
:108EF000FCF743FB04F10C0000F06AFA30B129469C
:108F000004F11400BDE8384000F048BA85F3118838
:108F1000BFF36F8F38BD10B542696AB1836842EA0A
:108F20000301890708D10169A2FB011424B95B1868
:108F30002CBF0121002102D36FF0150005E0C160B4
:108F40009B1A02698A4201D8002010BDC268013113
:108F50001A604269C3609B1AF3E72DE9F0410546A8
:108F60000F46EFF31188202383F31288BFF36F8F2E
:108F7000C668FEB90468A0421CD0DCB1D4E9003256
:108F800013605A60237CC4E9006623F00203237453
:108F9000A66004F1180000F0BAFA2046C4F8806018
:108FA000676100F0C4F9414605F10800BDE8F041F1
:108FB00000F0F4B93E60AB69EF60013BAB6188F350
:108FC0001188BFF36F8FBDE8F081202408B5EFF35F
:108FD000118384F31288BFF36F8FFCF7FFFCF6E771
:108FE000D0E9003213605A600023027CC0E90033EC
:108FF00022F0020202748360704713B501240094CA
:10900000FAF760FD02B010BD90F90E308B4201D02E
:10901000FBF7E2BB0020704703460020C3E90033A2
:10902000C3E902007047D0E9003213605A600023A0
:10903000027CC0E9003322F00202027483607047B0
:109040002DE9F843904604460D469DF82020EFF3A5
:109050001187202181F31288BFF36F8F02B1456819
:10906000A66804F10809B14516D0AEB10024304617
:10907000FFF7D9FF06F1180000F049FA3046C6F8AC
:109080008040C6F8148000F052F94846394600F096
:1090900085F92046BDE8F883A3B10820FBF7A8FEB8
:1090A000002832D00122C0F804800260016801F07B
:1090B00003015DB922680A430260626820606AB9F0
:1090C00060600BE04046C8F80030EFE72A68032AEA
:1090D00010D80160616839B9C4E90000002087F345
:1090E0001188BFF36F8FD5E70A6802F003020243CD
:1090F0000A60E5E722F003020A4302602A6802F0F0
:10910000030240EA02032B60E8E76FF00B00E6E79A
:1091100010B5044630B10268930703D0446809B122
:1091200000F0E6FA204610BD0023C0E9003300F14C
:109130000803C0E902337047012307B500930023F9
:109140000A461946FFF77CFF03B05DF804FB0023D5
:1091500007B50A4600931946FFF772FF03B05DF8A2
:1091600004FB00210068FFF7D3BF012302688B4096
:1091700022EA0303036022FA01F000F001007047C5
:1091800010B5032104460C30FFF7EFFF30B104F1B6
:10919000100000F0BCF9B0FA80F0400910BD20B119
:1091A00000229430114600F06FB9704773B5044641
:1091B000EFF31185202383F31288BFF36F8F002311
:1091C0000193D0E90423B3F1004F08BF012A05D071
:1091D00085F31188BFF36F8F02B070BDA0F1100648
:1091E00003210438FFF7C1FF0028F1D0A3693046FE
:1091F00001A90193FAF766FFEAE738B504460D4680
:109200001022002100F088FA656038BD13B5019086
:109210000846EFF31184202383F31288BFF36F8F86
:1092200001A9FAF74FFF84F31188BFF36F8F02B0E3
:1092300010BD10B5FFF7EAFF041E08DDEFF3118043
:10924000202383F31288BFF36F8FFBF731FB204697
:1092500010BD38B530220D460021044600F05CFAFE
:109260004FF480736560E36038BDEFF3058000382C
:1092700018BF012070476FF05700704738B58589D7
:10928000EFF31181202282F31288BFF36F8F037CEA
:1092900013F0080404D081F31188BFF36F8F38BD39
:1092A0000122FBF773F9EB07F9D584F31188BFF3BB
:1092B0006F8F0423184602DFF1E7FBF71FBAD0E9EE
:1092C000003213605A600023C0E90033704708B5CC
:1092D000FFF7F5FF037C23F0020303740023836090
:1092E00008BD38B504460D46FBF79CF8237C43F0D7
:1092F00002032374D5B1A5602B689D4209D16B6828
:10930000C4E900531C606C6010E06A689A42F6D0B1
:109310001B68002BF3D093F90E1094F90E209142A4
:10932000F3DD5A68C4E9003214605C6038BD10B5E2
:10933000EFF31184202383F31288BFF36F8FFBF7C1
:109340009BF884F31188BFF36F8F10BDFBF794B8BF
:10935000FBF768B808B5037C014613F0280F0CD161
:1093600083680BB1FFF7B3FF0B7C084623F00403BF
:109370000B74BDE80840FBF77FB808BD10B5EFF3EC
:109380001184202383F31288BFF36F8F1838FFF7FF
:10939000E1FF84F31188BFF36F8F10BD0846FBF720
:1093A000ABB838B5054604680020AC4200D138BDE2
:1093B000002CFCD02046FFF78AFF04F1180000F0D3
:1093C000A6F82046FBF758F82C680120A542EDE7E7
:1093D00010B5EFF31184202383F31288BFF36F8F4E
:1093E000FFF7DFFF84F31188BFF36F8F10BD38B52F
:1093F00005460C46FBF770FAB4F1FF3F08BFB5F124
:10940000FF3F0AD0C11709304FF00A024FF00003A6
:1094100041F10001F6F7F4FD38BD4FF0FF30FBE7F6
:109420002DE9F04706460F4691469A46EFF311881C
:10943000202383F31288BFF36F8F0068864206D023
:1094400028B1736898420CBF0025056868B90024EC
:10945000B9F1000F02D051462046C84788F3118861
:10946000BFF36F8F2046BDE8F0875146B8470446EA
:109470000028EDD135B17368AB4200D02C68284686
:109480002546E3E72C46FAE738B5EFF311852023AC
:1094900083F31288BFF36F8F0468A0421CD0ECB135
:1094A000C4F880106261D4E9003213605A6000236E
:1094B000227CC4E9003322F002022274A36004F18A
:1094C000180000F024F82046FFF740FF012085F344
:1094D0001188BFF36F8F38BD0020F8E72046F6E70C
:1094E00008B50246FBF706FB70B1D0E904319B1AC0
:1094F00061EBE272B3F1004F72F1000104DA002A6D
:10950000ACBF1846002008BD6FF00040FBE70246E4
:1095100038B5EFF31185202383F31288BFF36F8FE3
:109520000368D3B1FBF7E6FA04461046FBF7F4FAFA
:1095300000224FF000438442C0E9042305D00020FC
:1095400085F31188BFF36F8F38BDFBF7DBFAFFF7A8
:10955000C7FF0021FAF776F8F1E7D0E90413B3F179
:10956000004F08BF012904D100204FF00041C2E99B
:1095700004016FF01500E3E708B5FBF7D5FB08BD64
:10958000B3F1FF3F08BFB2F1FF3F70B506461D467D
:10959000144614D01A4316D0002B08DBFBF7C4FB8B
:1095A000041941EB0501C6E90041304670BD6FF07A
:1095B00001031C1B4FF0FF3363EB0501F3E74FF092
:1095C000FF342146EFE70024FBE7B3F1FF3F08BF7C
:1095D000B2F1FF3FF8B5074616461C4610D054EAD4
:1095E000020311D0FBF7A0FBB0420A46A14103469B
:1095F0000AD2F31A64EB0204C7E900343846F8BD16
:109600004FF0FF331C46F7E70023FBE72DE9F34754
:109610000446DDE90A9815460E4659B302F0010AE0
:10962000FBF7D0F90746EFF31181202383F312886B
:10963000BFF36F8FA80744BF0023A360A36803EAAA
:109640000600BAF1000F0CD086420CD16A0744BF65
:109650008343A36081F31188BFF36F8F02B0BDE82D
:10966000F0870028F2D159EA080305D181F3118867
:10967000BFF36F8F0020F1E7C7E918652246CDE9F7
:10968000009804F10C00FBF77BF80028F2D1386E4B
:10969000E4E710B50B680446D0E9180212F0010F98
:1096A00003EA000301D0984211D183B12366520727
:1096B00048BF4A6804F1180044BF1A434A60FFF7E4
:1096C00026FF00232046C4F88030FFF743FE002029
:1096D00010BD0023C0E90000836070470A46FBF715
:1096E0003BBB0A460021FBF737BB5200FFF78EBF9A
:1096F00020B1011F50F8040CFFF7F1BB70470A447A
:10970000431E914200D1704710B511F8014B9142B0
:1097100003F8014FF9D110BD02440346934200D132
:10972000704703F8011BF9E70246014410B58A426D
:10973000134603D01C780132002CF8D1181A10BD42
:10974000F0B5C3F13707044603F01F031046FFB21C
:10975000082BE6B232D0102B3DD06508A40845EAAC
:10976000C17544EA81748A082D1942EB5102290916
:1097700041EA02716D1842EB1212290A41EA0261B4
:109780006D1842EB1222290C41EA02416D1842EB9E
:109790001242AD1842F10002EC0844EA4274D108CA
:1097A00004EB8402A6EB4205EDB2092D0CD901347D
:1097B000A5F10A0541F10001EDB212E0E40806F05E
:1097C000070544EA4174C908303554EA010200F83B
:1097D000015BBDD1F0BD240906F00F0544EA017418
:0C97E0000909092D84BFED19EDB2EDE779
:0897EC005C68FF7F0100000032
:1097F400000000005C98000C013A000C000000001E
:10980400413A000C00000000000000007898000CB1
:1098140000000000B098000C000000009498000CB8
:10982400FD30000C00000000A535000C0000000015
:109834003911000C000000000D4E000C0000000067
:1098440000000000CC98000C911E000C00000000E9
:08985400D503000C0000000028
:10985C00CDA5000CAC9F000CD89D000C3203002051
:10986C00980B00205D2E000C00000000A2A5000C3F
:10987C00E49E000C000000002E0300206408002071
:10988C005773000C0000000094A5000CD09E000C37
:10989C00F49D000C2C030020300000208521000CCE
:1098AC0000000000DCA5000CD49F000C489E000CAE
:1098BC0034030020D40B0020A933000C000000005E
:1098CC00C0A5000C0C9F000C5C9F000C300300200A
:0C98DC000C020020497E000C000000007F
:1098E80000000000C159000C00000000C159000C24
:1098F80000000000C159000C00000000C159000C14
:1099080000000000C159000C00000000C159000C03
:1099180000000000C159000C00000000C159000CF3
:1099280000000000C159000C00000000C159000CE3
:1099380000000000C159000C00000000C159000CD3
:1099480000000000C159000C7898000C236F000C2F
:109958007898000C516F000C7898000C816F000CFF
:109968007898000CB16F000C7898000CE16F000C2F
:109978007898000C1170000C7898000C4170000C5D
:109988007898000C7170000C7898000CA170000C8D
:109998007898000CD770000C7898000C0D71000CAA
:1099A8007898000C4371000C7898000C7971000CC1
:1099B8007898000CAF71000C7898000CE571000CD9
:1099C8007898000C1B72000C00000000C159000CB4
:1099D80000000000C159000C00000000C159000C33
:1099E80000000000C159000C00000000C159000C23
:1099F80000000000C159000C00000000C159000C13
:109A080000000000C159000C00000000C159000C02
:109A180000000000C159000C00000000C159000CF2
:109A280000000000C159000C00000000C159000CE2
:109A380000000000C159000C00000000C159000CD2
:109A480000000000C159000C00000000C159000CC2
:109A580000000000C159000C00000000C159000CB2
:109A680000000000C159000C00000000C159000CA2
:109A780000000000C159000C00000000C159000C92
:109A880000000000C159000C00000000C159000C82
:109A980000000000C159000C00000000C159000C72
:109AA80000000000C159000C00000000C159000C62
:109AB80000000000C159000C00000000C159000C52
:109AC80000000000C159000C00000000C159000C42
:109AD80000000000C159000C00000000C159000C32
:109AE80000000000C159000C00000000C159000C22
:109AF80000000000C159000C00000000C159000C12
:109B080000000000C159000C00000000C159000C01
:109B180000000000C159000C00000000C159000CF1
:109B280000000000C159000C00000000C159000CE1
:109B380000000000C159000C00000000C159000CD1
:109B480000000000C159000C00000000C159000CC1
:109B580000000000C159000C00000000C159000CB1
:109B680000000000C159000C00000000C159000CA1
:109B780000000000C159000C00000000C159000C91
:109B880000000000C159000C00000000C159000C81
:109B980000000000C159000C00000000C159000C71
:109BA80000000000C159000C00000000C159000C61
:109BB80000000000C159000C00000000C159000C51
:109BC80000000000C159000C00000000C159000C41
:109BD80000000000C159000C00000000C159000C31
:109BE80000000000C159000C00000000C159000C21
:109BF80000000000C159000C00000000C159000C11
:109C080000000000C159000C00000000C159000C00
:109C1800B098000CC98B000CB098000CC98B000CD4
:109C2800B098000CC98B000CB098000CC98B000CC4
:109C3800B098000CC98B000CB098000CC98B000CB4
:109C480000000000C159000C00000000C159000CC0
:109C580000000000C159000C00000000C159000CB0
:109C680000000000C159000C00000000C159000CA0
:109C780000000000C159000C00000000C159000C90
:109C880000000000C159000C00000000C159000C80
:109C980000000000C159000C00000000C159000C70
:109CA80000000000C159000C00000000C159000C60
:109CB80000000000C159000C00000000C159000C50
:109CC80000000000C159000C00000000C159000C40
:109CD80000000000C159000C00000000C159000C30
:109CE80000000000C159000C00000000C159000C20
:109CF80000000000C159000C00000000C159000C10
:109D080000000000C159000C00000000C159000CFF
:109D180000000000C159000C00000000C159000CEF
:109D280000000000C159000C00000000C159000CDF
:109D380000000000C159000C00000000C159000CCF
:109D480000000000C159000C00000000C159000CBF
:109D580000000000C159000C00000000C159000CAF
:109D680000000000C159000C00000000C159000C9F
:109D780000000000C159000C00000000C159000C8F
:109D880000000000C159000C00000000C159000C7F
:109D9800CC98000C8782000CCC98000C8782000CB1
:109DA800CC98000C8782000CCC98000C8782000CA1
:109DB80000000000C159000C00000000C159000C4F
:109DC80000000000C159000C00000000C159000C3F
:109DD800FD27000CCB86000C000000009389000CC6
:0C9DE800CF87000C000000002D25000CAF
:109DF4006969000C1921000C000000001B69000CAB
:109E0400BD69000C9369000C5569000C576E000C79
:109E14001F6A000CBD68000C856E000C156A000CEE
:109E240000000000D568000C0000000000000000E5
:109E3400DD68000C116E000CEF68000C0B6B000C5D
:109E4400F768000CD58B000CEB8B000C598D000CC3
:109E5400A932000CE58C000C1D8C000C818C000CCC
:109E6400F98B000C398C000C478C000C618C000CB5
:109E74006B8C000C5B8C000C758C000CB38C000C90
:109E8400BD8C000CA18C000CC78C000CDD8C000C6C
:089E94000000000000000000C6
:109E9C00000000200000000006000100020000008D
:109EAC00B09E000C0000000880A5000C060000000D
:109EBC00E0FF1F0C0000002088A5000C2100000012
:109ECC00E0FF07209801002000000000E7020020BE
:109EDC00AC0100200000000000A001445C98000CC4
:109EEC001A7F132403C5FF1F5172000C01000000E0
:109EFC00A09F000C54030020000000000000000094
:109F0C0000A00245980A00200800000098080020D4
:109F1C00980900204C9F000C5C98000C3E7F342468
:109F2C0037EEFF1F020000007CA6000C0C000000A6
:109F3C009071000A737D000C557D000CC522000C3D
:109F4C00549F000C0100000036A0000C0200000021
:109F5C00277C000C0B80000CF97C000CCD7B000CDA
:109F6C00D17E000C000000004B7C000C797B000CB7
:109F7C00157C000C057C000C00000000E984000C32
:109F8C00CB7D000C2B7C000C157E000C697F000C2B
:109F9C00577F000C9D86000C000000008586000C8D
:109FAC0000C0004400E000440000014400200144D3
:109FBC0000800044050000000010804480108044A4
:109FCC00001180448011804400C201000300010094
:109FDC00002000450001000001000000000000000E
:109FEC00F38C000C5C98000C2E7F302423DAFF1FBE
:109FFC0000A0000C08A0000C010000003EA0000C0A
:10A00C0002000000F497000CF497000C2C98000C44
:10A01C003498000C5498000C5C98000C1FA6000C93
:10A02C0000010000000000000904437200003372BC
:10A03C000000902300008023000061726D004865D1
:10A04C006C6C6F20576F726C64212025730A00634F
:10A05C0064635F61636D5F30006364635F61636D54
:10A06C005F73657269616C0072302F61313A202028
:10A07C00307825303878202072312F61323A202008
:10A08C00307825303878202072322F61333A2020F6
:10A09C003078253038780A0072332F61343A20201A
:10A0AC00307825303878207231322F69703A202080
:10A0BC00307825303878207231342F6C723A202069
:10A0CC003078253038780A0020787073723A202066
:10A0DC003078253038780A004661756C74696E6783
:10A0EC0020696E737472756374696F6E2061646439
:10A0FC007265737320287231352F7063293A2030C2
:10A10C0078253038780A00556E68616E646C656429
:10A11C00204952516E3A2025640A002A2A2A2A2AFA
:10A12C0020534543555245204641554C54202A2A2C
:10A13C002A2A2A0A002020416464726573733A202B
:10A14C00307825780A002020496E76616C6964208D
:10A15C00656E74727920706F696E740A00202049E4
:10A16C006E76616C696420696E7465677269747966
:10A17C00207369676E61747572650A002020496EE0
:10A18C0076616C696420657863657074696F6E20A4
:10A19C0072657475726E0A00202041747472696263
:10A1AC007574696F6E20756E69742076696F6C6159
:10A1BC0074696F6E0A002020496E76616C696420A8
:10A1CC007472616E736974696F6E0A0020204C6141
:10A1DC007A79207374617465207072657365727618
:10A1EC006174696F6E0A0020204C617A7920737457
:10A1FC00617465206572726F720A002A2A2A2A2AF3
:10A20C00205553414745204641554C54202A2A2A73
:10A21C002A2A0A0020204469766973696F6E2062CD
:10A22C0079207A65726F0A002020556E616C69671F
:10A23C006E6564206D656D6F727920616363657303
:10A24C00730A002020537461636B206F766572660D
:10A25C006C6F772028636F6E7465787420617265FB
:10A26C0061206E6F742076616C6964290A0020206D
:10A27C004E6F20636F70726F636573736F722069BA
:10A28C006E737472756374696F6E730A0020204963
:10A29C006C6C6567616C206C6F6164206F66204527
:10A2AC0058435F52455455524E20696E746F20507E
:10A2BC00430A002020496C6C6567616C20757365DE
:10A2CC00206F662074686520455053520A00202088
:10A2DC00417474656D707420746F20657865637556
:10A2EC00746520756E646566696E656420696E734D
:10A2FC007472756374696F6E0A002A2A2A2A2A20DE
:10A30C00425553204641554C54202A2A2A2A2A0ABF
:10A31C00002020537461636B696E67206572726FE5
:10A32C00720A002020556E737461636B696E67202E
:10A33C006572726F720A00202050726563697365D2
:10A34C00206461746120627573206572726F720A89
:10A35C000020204246415220416464726573733A76
:10A36C0020307825780A002020496D707265636969
:10A37C007365206461746120627573206572726FFD
:10A38C00720A002020496E737472756374696F6E63
:10A39C0020627573206572726F720A002020466C01
:10A3AC006F6174696E672D706F696E74206C617A61
:10A3BC00792073746174652070726573657276614F
:10A3CC0074696F6E206572726F720A002A2A2A2ACB
:10A3DC002A204D5055204641554C54202A2A2A2AD1
:10A3EC002A0A002020537461636B696E67206572C2
:10A3FC00726F722028636F6E746578742061726559
:10A40C0061206D69676874206265206E6F742076B8
:10A41C00616C6964290A00202044617461204163E5
:10A42C00636573732056696F6C6174696F6E0A0093
:10A43C0020204D4D46415220416464726573733A3D
:10A44C0020307825780A002020496E737472756369
:10A45C0074696F6E204163636573732056696F6C0A
:10A46C006174696F6E0A005265736572766564205B
:10A47C00457863657074696F6E202800537075722F
:10A48C00696F757320696E746572727570742028AB
:10A49C00495251200020205320696E7374727563E9
:10A4AC0074696F6E20616464726573733A20203036
:10A4BC007825780A002A2A2A2A2A20484152442040
:10A4CC004641554C54202A2A2A2A2A0A0020204286
:10A4DC007573206661756C74206F6E20766563747D
:10A4EC006F72207461626C6520726561640A002071
:10A4FC00204465627567206576656E740A002020BD
:10A50C004661756C7420657363616C6174696F6E00
:10A51C0020287365652062656C6F77290A004152AB
:10A52C0043485F45584345505420776974682072FE
:10A53C006561736F6E2025780A0A002A2A2A2A2A56
:10A54C00204465627567206D6F6E69746F7220654B
:10A55C007863657074696F6E202A2A2A2A2A0A0089
:10A56C002A2A2A2A2A20257320256429202A2A2AE5
:10A57C002A2A0A00464C4153485F30005352414D41
:10A58C005F300075736264006364635F61636D5F69
:10A59C00756172743000696E746572727570742DA9
:10A5AC00636F6E74726F6C6C6572403434303161F1
:10A5BC0030303000757362403435303261303030B9
:10A5CC0000636C6F636B40343430313230303000A8
:10A5DC00736572636F6D403435303032303030001B
:10A5EC006D61696E002A2A2A20426F6F74696E674A
:10A5FC00205A6570687972204F53206275696C64BB
:10A60C0020353035313935343565313961202A2AD8
:10A61C002A0A00737973776F726B7100286E756CF0
:10A62C006C29002A666C6F61742A00465320436FB4
:10A63C006E66696775726174696F6E00555342443A
:10A64C0020636F6E736F6C652073616D706C650049
:10A65C005A65706879722050726F6A656374003045
:10A66C00313233343536373839414243444546006C
:10A67C0006061F0500001F290C0C07033F3F3F3F38
:10A68C003F3F3F3F1F3F3F3F3F3F3F3F3F030000A8
:10A69C003F3F3F3F2F3F3F00000500000B3800407D
:08A6AC00050607000100000093
:10A6B40000000000811F000C0000000000010000E9
:10A6C4000000000000000000000000000000000086
:10A6D4000000000000000000000000000000000076
:10A6E4009498000C00C20100000008000000000063
:10A6F4000000000000000000000000000000000056
:10A704000000000000000000000000000000000045
:10A7140000000000840100200000000070010020FF
:10A724000000000000000000000000000000000025
:10A734000000000000000000000000000000000015
:10A744000000000000000000000000000000000005
:10A7540000000000000000000000000000000000F5
:10A76400000000000000000000000000BC00002009
:10A77400BC000020000000000100000000000000F8
:10A784006158000C00000000CC020020E80000200A
:10A7940000000000000000000000000000000000B5
:10A7A400000401000000000037A6000C2203000092
:10A7B400000000000000000000030300000000008F
:10A7C4000000000000030000000000000000000082
:10A7D400000201000000000048A6000C280300004D
:10A7E4000000000000000000000101000000000063
:10A7F4005CA6000C1E030000000000000000000026
:10A80400000000000000000034A0000C040300005D
:10A81400000000003B5A000C000000000000000093
:10A82400A02A00200000000000000000000000003A
:10A8340000040000A02E0020000000000000000022
:10A8440000000000000400005BA0000C00000000F9
:10A85400D8010020000000009498000CE7020020BA
:10A86400EF020020F8020020FD0200200203002075
:10A87400060300200B030020120300201B0300200A
:10A884002203002029030020000000006768000C58
:10A894007520000CD520000CF96B000C3D69000CF0
:10A8A400416A000C00000000C76E000C296A000C0D
:10A8B400CB69000C000000006968000C0000000077
:10A8C4000000000000000000000000000000000084
:10A8D4000000000000000000000000000000000074
:10A8E4000000000000000000000000000000000064
:10A8F4000000000000000000000000000000000054
:10A904000000000000000000000000000000000043
:10A914000000000000000000000000000000000033
:10A924000000000000000000000000000000000023
:10A934000000000000000000000000000000000013
:10A94400900200209002002000000000000000009F
:10A954000E000000000000000000000000000000E5
:10A96400D0040020000000000000000000000000EF
:10A97400C8000000C4020020C40200200902000034
:10A98400000100807D12010002EF020140E32F0468
:10A9940000040400000000080B0002020200000989
:10A9A4000400000102020000052400100105240136
:10A9B4000001042402020524060001070581031096
:10A9C400000A09040100020A00000007058202408F
:0BA9D400000007050102400000000029
:0DA9DF00000000000000000000000000006B
:10A9EC003803002038030020E02300200000000082
:0CA9FC0008000000100000000000000037
:10AA08000000000060240020000400000000000096
:04AA1800000000003A
:10AA1C0068030020680300200C0000000A000000FE
:10AA2C0068230020E02300206823002068230020F6
:08AA3C00000000000000000012
:10AA4400000000000000000098030020980300208C
:10AA5400100010000A000000BD73000CFC9E000CE6
:04AA64006028002046
:10AA680065A0000C000000000000000000000000CD
:10AA78000000000000000000CC98000C000000005E
:10AA880000000000000000000000000000000000BE
:10AA980000000000000000000000000000000000AE
:10AAA800000000000000000000000000000000009E
:10AAB800000000000000000000000000000000008E
:10AAC800000000000000000000000000000000007E
:0CAAD800D502002000000000000000007B
:10AAE40000000000980100200000000000000000A9
:08AAF40000000000000000005A
:04AAFC0015E015E06C
:040000050C000A657C
:00000001FF
