:020000040800F2
:10000000606A0020E522000C9DB6000CD122000C95
:10001000D122000CD122000CD122000CD122000CE4
:100020000000000000000000000000001923000C88
:10003000D122000C00000000C924000CFD88000C37
:100040003525000C3525000C3525000C3525000C18
:100050003525000C3525000C3525000C3525000C08
:100060003525000C3525000C3525000C3525000CF8
:100070003525000C3525000C3525000C3525000CE8
:100080003525000C3525000C3525000C3525000CD8
:100090003525000C3525000C3525000C3525000CC8
:1000A0003525000C3525000C3525000C3525000CB8
:1000B0003525000C3525000C3525000C3525000CA8
:1000C0003525000C3525000C3525000C3525000C98
:1000D0003525000C3525000C3525000C3525000C88
:1000E0003525000C3525000C3525000C3525000C78
:1000F0003525000C3525000C3525000C3525000C68
:100100003525000C3525000C3525000C3525000C57
:100110003525000C3525000C3525000C3525000C47
:100120003525000C3525000C3525000C3525000C37
:100130003525000C3525000C3525000C3525000C27
:100140003525000C3525000C3525000C3525000C17
:100150003525000C3525000C3525000C3525000C07
:100160003525000C3525000C3525000C3525000CF7
:100170003525000C3525000C3525000C3525000CE7
:100180003525000C3525000C3525000C3525000CD7
:100190003525000C3525000C3525000C3525000CC7
:1001A0003525000C3525000C3525000C3525000CB7
:1001B0003525000C3525000C3525000C3525000CA7
:1001C0003525000C3525000C3525000C3525000C97
:1001D0003525000C3525000C3525000C3525000C87
:1001E0003525000C3525000C3525000C3525000C77
:1001F0003525000C3525000C3525000C3525000C67
:100200003525000C3525000C3525000C3525000C56
:100210003525000C3525000C3525000C3525000C46
:100220003525000C3525000C3525000C3525000C36
:100230003525000C3525000C3525000C3525000C26
:100240003525000C3525000C3525000C3525000C16
:100250003525000C3525000C3525000C3525000C06
:100260003525000C3525000C3525000C3525000CF6
:100270003525000C3525000C3525000C3525000CE6
:100280003525000C3525000C3525000C3525000CD6
:100290003525000C3525000C3525000C3525000CC6
:1002A0003525000C3525000C3525000C3525000CB6
:0802B0003525000C3525000C7A
:020000040C00EE
:1000000053B94AB9002908BF00281CBF4FF0FF317F
:100010004FF0FF3000F00CB8ADF1080C6DE904CEE4
:1000200000F01AF8DDF804E0DDE9022304B07047BF
:10003000704700BF10F8012B11F8013B012A28BFBF
:100040009A42F7D0D01A7047034613F8012B002AC2
:10005000FBD1181A013870472DE9F0478C468E46BF
:10006000089E154604461946002B40F0D080724584
:1000700047D9B2FA82F74FB1C7F120030EFA07FC55
:10008000BD40BC4020FA03F343EA0C0C4FEA154E86
:10009000A8B2230CBCFBFEF80EFB18CC08FB00F941
:1000A00043EA0C43994528D9EB1808F1FF3204D2F2
:1000B000994502D9A8F102022B44A3EB0903A4B28B
:1000C000B3FBFEFC0EFB1C330CFB00F044EA0344C4
:1000D000A04214D92C190CF1FF3304D2A04202D94A
:1000E000ACF102032C44241A43EA02401EB1FC4046
:1000F000002334607360BDE8F0874246DDE7634665
:10010000F1E7002A79D0B2FA82F3002B3FD01946EA
:10011000C1F1200302FA01F500FA01F42EFA03F20C
:100120000EFA01FE20FA03F3AFB243EA0E034FEAE0
:10013000154EB2FBFEFC0EFB1C201A0C0CFB07F844
:1001400042EA004290455AD9AA180CF1FF3004D275
:10015000904502D9ACF102002A44A2EB08029BB2FE
:10016000B2FBFEFC0EFB1C220CFB07F743EA02432A
:100170009F4246D9EB180CF1FF3204D29F4202D9BC
:10018000ACF102022B44DB1B42EA004202E0AEEB80
:10019000020301224FEA154EAFB2200CB3FBFEFC66
:1001A0000EFB1C330CFB07F840EA034398452AD9A1
:1001B000EB180CF1FF3004D2984502D9ACF10200E3
:1001C0002B44A3EB0803A4B2B3FBFEFC0EFB1C33D1
:1001D0000CFB07F744EA0344A74216D92C190CF18B
:1001E000FF3304D2A74202D9ACF102032C44E41B32
:1001F00043EA00400F46114678E71F2188E7604632
:10020000ABE76246BFE76046DBE76346EFE773456F
:1002100006D916B9002108466DE7C6E9000EF9E7D0
:10022000B3FA83F787B9734501D3824207D8841A9A
:100230006EEB030301209C461EB900215BE73846A4
:10024000FAE7C6E9004CF8E7C7F1200CBB4000FA1A
:1002500007F422FA0CF520FA0CF1BA401D432EFAED
:100260000CF30EFA07FE4FEA154941EA0E011FFA98
:1002700085FEB3FBF9F809FB18300B0C08FB0EFAEE
:1002800043EA00439A4540D9EB1808F1FF3004D205
:100290009A4502D9A8F102002B44A3EB0A0389B2C4
:1002A000B3FBF9F809FB183308FB0EFE41EA0341E2
:1002B0008E452CD9691808F1FF3304D28E4502D936
:1002C000A8F10203294443EA0040A1EB0E01A0FB80
:1002D00002984145CE46434602D306D14C4504D24E
:1002E0000138B9EB020E68EB0503002EA5D0B4EB84
:1002F0000E0261EB030101FA0CFC22FA07F3F9404C
:100300004CEA0303C6E9003197E74046C5E7434698
:10031000D9E7000013B50446284929480BF06BFCC7
:10032000034638B1274A012127480BF092F80020F4
:1003300002B010BD254922480BF05DFC034608B110
:10034000234AF0E723491E480BF055FC034608B149
:10035000214AE8E721491A480BF04DFC034608B151
:100360001F4AE0E701461F4A154804F071FC0146A8
:1003700028B11D4A012114480BF062F8D7E71B4B46
:1003800001220F4804F0B6FD034608B1184AF1E710
:100390000146024600900A480BF072FB0121084812
:1003A0000BF092FB0CB90648C2E7214604480BF05B
:1003B000A0FE0028F7D00F4ADCE700BFF4000020C1
:1003C0005005002020ED000CE8E9000CDC000020C6
:1003D0004EED000CC400002080ED000CAC000020AD
:1003E000ADED000C80000020D5ED000C00EA000C03
:1003F000FCED000C1BEE000C08B5FFF78BFF40B1C5
:10040000064803F0F5F930B10121054A05480BF023
:1004100017F8002008BD0148FCE700BF5005002088
:100420003FEE000CE8E9000CF0B583B00B786E46A7
:100430000B2B98BF534A02AF88B098BF52F82330B5
:1004400005460C4688BF504B02AA5049C2E9051325
:100450004FF4007393834E4B42F8103F00234FF448
:10046000E6514C4801F08CF82378B546052B05D1B0
:1004700063680321484A47480AF0EBFF28460BF01F
:1004800038FBB0B1237843B9284603F0F1F920B125
:100490000121424A3F480AF0DAF92678012E08D1B4
:1004A000284603F047FA20B13D4A314639480AF060
:1004B000CEF923780A2B15D103213A4A35480AF0A0
:1004C000C6F9284603F036FA284603F06BFA364997
:1004D00036480BF090FB034638B10121344A2D48D1
:1004E0000AF0B7FF0437BD46F0BD30480BF0C1FA43
:1004F000012804461BD101462E4A2C4804F0A8FBD3
:1005000028B12D4A012123480AF0A1F9EAE7234640
:1005100022462A49254804F091FC034608B1284A9E
:10052000F0E702460090214620480BF0A9FA254A40
:1005300000211E4804F08CFB024608B1224AE1E784
:1005400001231E49194804F079FC03460028E6D12E
:1005500002460146009015480BF092FA134803F04A
:1005600047F908B1194ACDE7194910480BF0C1FD08
:1005700008B1184AC6E70D4803F07AF90028B1D04F
:10058000154ABFE708EA000C8AEE000C8CEE000C5E
:100590000300000128E9000C9DEE000CB5EE000CF4
:1005A000D5EE000CF6EE000C90010020D4040020E3
:1005B00020ED000C3801002008EF000C6FEE000C5D
:1005C000FCED000C4C010020D5ED000C2FEF000CD1
:1005D0002904000C1BEE000C57EF000CF8B500F1DD
:1005E000080204460221006800AF01F089FA0546BE
:1005F000C0B9D4E9023120686C468AB06A46CDE9B8
:1006000007134FF40073094EADF82430084BCDE9C1
:10061000056042F8103F4FF433512B46054800F077
:10062000AFFFA5462846BD46F8BD00BF7BEF000CD6
:100630000500000128E9000C2DE9F8430446904626
:100640001E460D4600AF01BB0AF003F950B101216F
:100650001C4A1D480AF0FBF86FF015063046BD46EF
:10066000BDE8F88365602561B8F1000F28D03146F8
:1006700001232A4620680AF0F2FF064650B1012104
:10068000124A11480AF0E3F8E8E7436801338B4265
:10069000EAD0E1E72369E9464344656023618AB013
:1006A0000B4ACDE90783CDE9052505236A4642F8C3
:1006B000103F4FF423510346034800F061FFCD463D
:1006C0000026CBE7A2EF000C28E9000CBEEF000CDF
:1006D000D9EF000C2DE9F04104460D461E46904628
:1006E00000AF22B900263046BD46BDE8F081E9B929
:1006F0000AF0AFF838B101211D4A1E480AF0A7F8E8
:100700006FF01506EFE765602561E368AB42E9D954
:10071000314601232A4620680AF08AFF064650B176
:100720000121154A13480AF092F8DCE743680133C7
:100730008B42EAD0E4E7A26823696560904594BFE4
:1007400043449B1823616C468AB046466A46CDE90D
:10075000078305230949CDE9051542F8103F4FF4F9
:1007600023510346034800F00BFFA546BBE700BF3B
:10077000A2EF000C28E9000CF8EF000C14F0000CBC
:1007800010B51148FFF738FE044640B901210F4A61
:100790000F480AF05CF86FF01204204610BD0BF011
:1007A000A8F950B9204603F063F8044628B10121A6
:1007B000084A07480AF04BF8EFE70321064A0448C5
:1007C0000AF045F80024E8E72904000C31F0000C99
:1007D00028E9000CB5EE000C51F0000C2DE9F843AF
:1007E000884600AF00297DD00568012228460AF01E
:1007F0008DF80146044628460AF042F810EA02063F
:1008000016D1E94688B06A46384BCDE9053803234E
:1008100042F8103F4FF4C2513346354800F0B0FE65
:10082000CD4686F31188BFF36F8F0423184602DF8D
:10083000214628460AF03AF8261831460022284672
:100840000AF01EF8361AB44218D06E4688B06946CF
:10085000284BCDE90538032341F8103F24481346BF
:100860000A464FF4C25100F08BFE0023B54683F3D5
:100870001188BFF36F8F0423184602DF0022214640
:1008800028460AF019F821460AF010F82618012225
:100890003146284609F0F4FFC20708D431462846FD
:1008A0000AF076F83246214628460AF0E8F8002297
:1008B0002146284609F0E4FF261A0122314628463F
:1008C00009F0DEFFC30709D4314628460AF060F874
:1008D0002246314628460AF0D2F8344621462846B8
:1008E0000AF0EBF8BD46BDE8F88300BFABF1000CA1
:1008F00050E9000C82F1000C2DE9F04F91B000930B
:1009000002F004030293C2F3C203013384070546D5
:100910000E46DDF868A00392059340F09C81041D0B
:10092000002849D101F00706341DC6F10806009BD6
:1009300000274FF004085A1E4FF0FF33B9460193C9
:10094000BB46434604970DB10099216005980028E5
:1009500000F3D6808F480099814203D38E488142AC
:10096000C0F0CE800399601B11F0020C40F0D680DD
:10097000B9F10F0F00F2CF80002D00F0D68009F101
:1009800040010DEB010E0199C0F387000EF8200C19
:100990000EF8101CBCF1000F00F0C38060F07F0067
:1009A0000EF8200C013709F10109C5F108014FF6D5
:1009B000DA7E043406918CE00729B8D86FF01B006A
:1009C00011B0BDE8F08F7A285BD84B280FD84728A4
:1009D00057D829282ED8252850D052D8202818BFDB
:1009E00023280CBF4FF0010B4FF0000B71E04C3887
:1009F0002E2846D8DFE800F06D454545454545457C
:100A0000454545454845454545454545455645487F
:100A1000485656566D486A456D4518481845457FF5
:100A20007C48454548457C0000204FF0000B4FF0C6
:100A3000040835E001212A38C0B201FA00F010EABA
:100A40000E0F46D110F0625C2CD110EA010B40D0A1
:100A50006046013C4444B4FBF8F408FB04F425B1BF
:100A6000A3EB050CA444B445A8D8002870D0059980
:100A7000013905915AF8041B009164E70199013985
:100A800001914FF0000B24E012F8010C6C2834D1D6
:100A9000002012F8023C83466C2BC8D14FF00808A6
:100AA0004346D6E70AF1070A2AF0070A073424F07A
:100AB0000704FAE802BC35B106982044B0423FF67C
:100AC0007DAFC4E900BC4FF0000B08344FF00808BC
:100AD000434612F8010F002853D0BBF1000F7FF4FA
:100AE00072AF2528F5D14FF0010B019B0133019323
:100AF0004FF00408ECE7584697E700208346A8E744
:100B0000039988077FF551AF4FF0010C601BB0F5DA
:100B1000007FFFF42DAF6FF0150051E74FF0000C90
:100B2000F5E70498013004903DE7BCF1000F01D0D7
:100B3000013638E70298023600287FF434AF009877
:100B4000CDE90632FFF780FADDE9063206442AE7EE
:100B5000042B08D10AF1040015B1DAF80010216065
:100B600082460434B5E70AF1070323F0070303F1D3
:100B7000080A1DB1D3E90001C4E9000108230834C3
:100B8000A7E7631BB3F5806FC5D23DB9A6F1080492
:100B9000E01815E760E2000C1815010C029A9B089A
:100BA00028602B709DF81030AAB1EB70AF702FB198
:100BB000002208A8C5F1010C91450ED14FF0000AA2
:100BC000C5F101030DF1200801930DF1300BD14562
:100BD00012D1601BF4E66B70E8E710F8013B1906D0
:100BE00008D50CEB040EB64503F07F033FF6E6AEE6
:100BF00004F8013B0132DFE71FB198F90020002A19
:100C000017DB029BD3B11AF80B2004F8012B00224A
:100C1000019B18191044B0423FF6D0AE98F800007E
:100C2000009904F8010B204603920DF084FA039A10
:100C300014440AF1010A08F10108C8E798F80020F5
:100C400055F822300093029B009845F82230FFF7B8
:100C5000FBF9421CDCE76FF00D00B1E62DE9F04F27
:100C600097B000AF05468A46C7E90A3249B903780A
:100C70004678807800EB83002844564524D8A0EBC2
:100C8000050AD7F8803095F8028003F00103D7F801
:100C90008040FB61EB78B8F1000F0CBF002404F03A
:100CA00001047B621BB1D7F880309A0715D4A4B930
:100CB000FB6A1BB151462846BA6A984756463046E9
:100CC0005C37BD46BDE8F08F441C2046FFF7BCF9F9
:100CD000013020440AF1010ACFE7D7F88030C3F38E
:100CE000C0033B622B78BB619B003B616B687B61FF
:100CF000BB6905EB830BFB6A002B77D15646D844C2
:100D0000BCB11C461BF8013B55F82300FFF79CF9CA
:100D1000D7F88430013043B1D7F88830A34282BF7E
:100D2000D7F8843023F814000134C3450644E9D1D0
:100D3000D846D7F880304FF0000913F0050F0CBFEC
:100D40004FF0020B4FF0010B7B6A9945B7D298F830
:100D5000013008F1020855F823A0AE4B9A45C0F0C7
:100D60004C81AD4B3A6A9A452CBF002301230AB34C
:100D700018F8021C7869FB620AF023F8FB6AC8B114
:100D8000EA468AB06A46A54B05937B69CDE90631F0
:100D90004FF40073ADF82030A14B42F8103F002310
:100DA0004FF412519F4800F0EBFBD546023E09F18B
:100DB0000109C9E723B1FB6933B9A6EB0B06F6E7D6
:100DC000D7F880309B07F2D55046FFF73DF9D7F8AA
:100DD00084304BB1D7F888309C423FBFD7F884208D
:100DE000431C22F8143001340644E0E7002C6AD199
:100DF000B8F1000F6DD0D7F8803058076CD5C146D8
:100E000007F14800424659460DF095F900220BEBD8
:100E10000803FB600233796A8A425FD3D7F88020E7
:100E200095F801B0F969920704EB0B0348BF002263
:100E3000DBB258BF4FEA5902002940F0A680D7F82C
:100E4000801011F0040F14BF494600216B70A97087
:100E5000EA702846BA6A3969FB6A9847061EFFF6A7
:100E60002EAFBB6949462B707B6ABA6AEB7085F876
:100E700001B0FB6A85F8028007F148009847B0F19D
:100E80000009C0F2B6803B697A6A786A03EB4201D6
:100E9000FB68414403EB4000BA6AFB6AAAEB01011C
:100EA00098470028C0F2A7804FF0000BB14409EB2F
:100EB000000607F1380AA34569D30021BA6A08463B
:100EC000FB6A9847FBE644464FF0000907F13800FB
:100ED00098E74446C14699E7A14697E713F8016CA5
:100EE000DFF830C155F8260013F8021C6045C0F049
:100EF0008A80DFF824C16045386A2CBF4FF0000BB0
:100F00004FF0010B38B17869C7E9013209F059FF98
:100F1000D7E90132F0B9BBF1000F1ED0F96949B130
:100F2000611C04F1280007F13004041904F8206C56
:100F3000CCB20FE0D7F8801049070BD509F1280093
:100F400007F1300C09F1010100EB0C0909F8106CF4
:100F50005FFA81F9013202335DE7D7F8800080073C
:100F6000DED409F1280C07F1300EF44409F1010038
:100F70000CF8101C07F1580109F1020951FA80F030
:100F80005FFA89F900F8106CE4E700215EE71BF8CE
:100F90000A3055F8239087F83730D7F884302BB3D0
:100FA000D7F888309B4521D2D7F8843033F81B809E
:100FB0000121BA6AFB6A07F13700984700281ADB5B
:100FC0000644B8F1000F06D14846FFF73DF800F19E
:100FD00001081FFA88F841464846BA6AFB6A9847F2
:100FE000002808DB06440BF1010B64E74FF0000812
:100FF000DEE74E4663E6064661E63B6A002B3FF4B9
:10100000DFAE0023B4E6386A0028A6D04FF0000B0C
:1010100079E700BF60E2000C1815010CD8F1000C54
:1010200004000001E8E8000C014B1860704700BFA5
:10103000A801002080B505460E461746984608F0E0
:1010400071FE034601F088FA0446DFF81890424624
:1010500049F8003039463046A84754F8090001F0F5
:101060001DFA00BF080000002DE9F04704460746BE
:101070004FF00109DFF84C8094FAA4F5B5FA85F534
:1010800009FA05F32E0108EB05156FEA030A24EAB5
:1010900003042B7B63B158F806301B696BB94644D7
:1010A000736804222846196807EA0A070AF058F903
:1010B000002CE1D13846BDE8F08728469847002843
:1010C000F6D1ECE7F0E9000C10B5002288B00E492B
:1010D0000E480CF0ABFF002200230024CDE90623CC
:1010E0000E234FF44072CDE90334CDE90144084B9F
:1010F00008490094084808F013FB084906480CF01A
:101100009FFD204608B010BD2111000CD00A002020
:101110002914000C205400204006002097F2000CF7
:10112000014808F08FB800BFA00400202DE9F04767
:10113000804620480F460AF0EFF80646002832D0D5
:1011400000252846BDE8F087237B83B12368DB6850
:101150000BB120469847636883F8069023681B69A3
:10116000CBB963680422204619680AF0F9F8013601
:1011700010345445E8D3B8F1000FE2D0002DDFD091
:101180002846FFF771FF0546002FF7D000216420A5
:101190000CF03BFEF2E7204698470028E1D009FA20
:1011A00006F31D43E3E705464FF00109024CDFF863
:1011B0000CA0DEE7000F0020F0E9000C00EA000CB4
:1011C000014B53F8200070474CEA000C08B5034669
:1011D00008462BB1044A136000F032FC002008BD21
:1011E0006FF01500FBE700BFAC01002010B5044C08
:1011F000237813B9034808F025F80123237010BDA4
:1012000014140020A004002010B5044609480AF078
:1012100083F83CB1084BD3E8EF1F0139C3E8E21F64
:10122000002AF8D1054809F005F8BDE81040044847
:1012300008F008B8F80E0020FC0E0020D00A0020AC
:10124000A00400200022044BD3E8EF0FC3E8E12FF5
:101250000029F9D1704700BFF80E002070B5FFF7E4
:10126000F1FF0546074C084EB44200D370BD6368D9
:101270005B792BB123685B6813B1294620469847F8
:101280001034F1E7F0E9000C00EA000C10B5044C52
:101290000449204609F0C2FE034B1C6010BD00BF8C
:1012A0000C04002038EA000CF00E002000230D4A48
:1012B00010B513700C4A4FF47A7113600B4A0C4846
:1012C0001360FFF783FFFFF7E1FF0A4B0A49184657
:1012D0008B4200D310BD1A1A5C68121101322271C0
:1012E0001033F5E715140020F80E0020FC0E002046
:1012F0002BB3000CF0E9000C00EA000C01460022C0
:101300000023014809F0ABBE0C040020014809F09D
:1013100042BF00BF0C040020024B0146186809F0D0
:1013200095BF00BFF00E0020014809F0CABF00BF02
:101330000C04002070B5254B1B78002B43D0FFF721
:10134000E5FF044600283BD1214B224D1B68002BB2
:1013500012DD0CF023FE0A220023FEF751FED5E930
:101360000032C01A40F2E93361EB0201984271F198
:10137000000101D3FFF772FFD5E9003213F57A734C
:1013800042F10002C5E90032ECB1BDE87040FFF760
:10139000CBBF6B685B7923B12B68214628461B685D
:1013A00098471035B542F4D32046FFF7B5FF0A4BF6
:1013B000D3E8EF1F0139C3E8E21F002AC4D0F7E7E2
:1013C000064D074EEEE7002070BD00BF141400204C
:1013D000F80E0020C80A0020FC0E0020F0E9000CE6
:1013E00000EA000C70B50D4D297861B90120FFF7B6
:1013F0009DFE0B4C0B4EB44206D3FFF79BFF00281B
:10140000FBD101232B7070BD63685B791BB123682E
:1014100020469B6898471034EDE700BF1514002064
:10142000F0E9000C00EA000C00212DE9F843084621
:10143000FFF77CFE044648B34FF4FA784FF00009FA
:1014400001F08AF81A4B1B4A1B58136033B11A4B30
:101450001B68092B02DD194807F0F4FE0025184F20
:1014600044B12046FFF700FE044618B94FF0FF389C
:101470004FF0FF39FFF75EFF064628B9B5B90F48B0
:1014800042464B4607F012FF3546E9E74FF0FF387A
:101490004FF0FF39D4E72B689B691BB10022284627
:1014A000114698471035BD42F5D3E8E7054DFAE7F8
:1014B00008000000F40E0020FC0E0020A004002014
:1014C00000EA000CF0E9000C13B5184809F024FFFD
:1014D000174B1B7873B1EFF31184202383F3128829
:1014E000BFF36F8FFFF726FF84F31188BFF36F8F71
:1014F00002B010BD0F4B1B68002BF9D050B9002271
:1015000000230D48CDE9002342F21072002308F0B9
:1015100059FEEDE70928EBD1074808F08BFE074894
:1015200002B0BDE8104007F08DBE00BFFC0E0020E9
:1015300015140020F40E0020D00A0020A004002082
:1015400010B5064B04461B6898472146A060044826
:1015500009F002FEBDE81040FFF7B6BFAC01002065
:101560000C040020044A054B9B1AB1EBD30F34BF87
:1015700052F8310000207047E8E8000CF0E9000C58
:101580002DE9F04F8FB0C1F34A2604AF0D469046C7
:10159000B8607B600C0D002E61D04FF000090A236B
:1015A0004FF0040B07F1140AFE60C7E90799C7F86A
:1015B00024900093CDF808B0CDF804A007F11C03E7
:1015C0004A464046F968FFF749FBB0F5006F03460D
:1015D0001CD36C468AB0D8F8041004AB24481A46D1
:1015E000C3E9050140F2FF71D9614FF4007119841C
:1015F000204B42F8103F4FF412514B461E48FFF764
:10160000BFFFA5462C37BD46BDE8F08FC0F30A06E4
:1016100004F11700184420F0070080083B60FFF732
:101620006DFE66F35325044680B13B6800F110015E
:10163000C7E908390A23F961CDE901AB00934046B7
:101640000E4AF96807F11C03FFF708FB66F3532500
:101650002A4620467B68B96809F0A2FED2E704F169
:10166000170020F007008008FFF748FE0446EDE76A
:10167000ACF2000C0400000110E9000C73B3000C84
:101680002DE9F04F87B00546DDE9106BDDE9127AF0
:10169000884614469946BFB110213B465A46002061
:1016A000CDF800A0CDF814A0FFF726F9B0F5006F33
:1016B00001460BD340F2FF730221184A184807B0C5
:1016C000BDE8F04F09F0C5BE3946384604F00703BF
:1016D00005F00704E40044EA831444EA402444EAA1
:1016E000065406F11700084420F007008008039113
:1016F000FFF704FE054640B13FB13B465A46039909
:10170000CDF800A01030FFF7F7F84B4622464146CF
:10171000284607B0BDE8F04F09F042BEEBF2000CDE
:1017200010E9000C406820B1034BC01A40F3CF0011
:1017300070474FF0FF307047E8E8000C0EB403B577
:1017400003AB53F8042B01460448019301F038F928
:1017500002B05DF804EB03B0704700BFB5B4000CF5
:10176000CA0605D48B064CBF02490349FFF7E6BF02
:10177000704700BF24F3000C23F3000C2DE9F04F59
:1017800089B098469DF85090159B044606930D46E7
:10179000DDE916A3189F05920493B9F1000F00F03C
:1017A000B08007F48073079309F0D8FD07F0020BAF
:1017B0000246002874D020467749FFF7BFFF06464F
:1017C000BBF1000F08D017F0440F6BD12A4620461A
:1017D0007249FFF7B3FF064407F0010353B1704BA2
:1017E000204653F829206F4B6F49002A08BF1A463C
:1017F000FFF7A4FF07F48073002B07F0080318BF5E
:101800004FF00008002B79D0684B204653F8292070
:101810006749FFF793FF0546059B2BB11A46204603
:101820006449FFF78BFF0544B8F1000F05D042462D
:1018300020466149FFF782FF054460483544069B16
:101840001BB122465E4909F08BFA049B002B00F085
:101850008E80DDF810803946B8F1100F204628BF81
:101860004FF010080026FFF77BFFB54250DC002642
:10187000334620461AF803205249FFF75FFF01362E
:10188000102E4BD0710703D120464F49FFF756FF6A
:1018900046453346EDD320464C49FFF74FFFEEE770
:1018A00006468DE74A4B1868002894D0494B4FF400
:1018B0007A7B1B684FF03C0CB5FBF3F5B5FBF0F100
:1018C0004FF4616300FB11550BFB05F5B1FBF3F21F
:1018D000B5FBF0FE03FB121100FB1E55B1FBFCF340
:1018E0000BFB05F5B5FBF0F50CFB13112046009141
:1018F000CDE901E53849FFF721FF6CE707F008055E
:101900008AE7B8F1010F4D460CBF2C48334896E7E3
:1019100020462D49FFF712FF0136A6E70026204694
:101920002F49FFF70BFF33461AF803202046A2F198
:1019300020035F2B28BF2E222A49FFF7FFFE013626
:10194000102E0DD0720703D120461F49FFF7F6FE77
:10195000B0453346E8D820461B49FFF7EFFEEEE7D7
:10196000049BC244B3EB080304937FF472AFB9F154
:10197000000F0AD0FB0704D520460A4A0A49FFF7A0
:10198000DDFE39462046FFF7EBFE204609B0BDE8F4
:10199000F04F09F082BD00BF2BF3000C2FF3000CB9
:1019A0005CEA000C26F3000C9AEE000C70EA000CC6
:1019B00054F3000C5AF3000C5EF3000CB5B4000CA9
:1019C000C129000C63F3000C6BF3000C69F3000CED
:1019D000080F0020040F002038F3000CE3B4000CC3
:1019E0006DF3000C6FF3000C42F20F7373B58B4272
:1019F00028BF0B4605680446052168460D4A08F0D5
:101A0000B9FC0646636828460B225B680A4909F060
:101A100036FD63683246694628465B6809F02FFD4B
:101A200063681B2228465B68044909F028FD02B060
:101A300070BD00BF8501010C6613010C4A13010C37
:101A400000210123064A904206D8064A01B9012323
:101A50001360054B18607047012140085B00F2E7F6
:101A600040420F00040F0020080F0020F8B50D467B
:101A70000446064F4618B44201D12846F8BD14F872
:101A8000011BBB6801485B689847F4E718E3000C4A
:101A9000014B036000207047B8EA000C2DE9F843C1
:101AA0000646FEF7D1FA0546EFF31188202383F3AB
:101AB0001288BFF36F8F114B1C68D3F804909C42BF
:101AC00008BF002434B988F31188BFF36F8F204614
:101AD000BDE8F883A7683846FEF7B6FAA84206D1F3
:101AE0002A46394630460CF03BFB0028EBD04C45EB
:101AF00001D02468E6E70024E5E700BFB801002034
:101B00002DE9F0410E461546FFF7C8FF044628B3FD
:101B1000C3681BB35F690FB3062E07D0072E20D012
:101B20002A4631463B46BDE8F0411847838A3BB917
:101B30002A463146B84750B9A38A0133A38206E04A
:101B40004FF6FF72934204D00133A3820020BDE818
:101B5000F0810121114A124809F072FC6FF0150062
:101B6000F5E745B12A7832B10022828231462A4611
:101B70005B699847EAE7A38A012B08D12A46072127
:101B80002046B8470028E2D1A38A013BD6E70BB133
:101B9000013BDAE70221034ADDE700BFACF3000CAA
:101BA000F8E8000CCEF3000C10B5044608B18068CC
:101BB00038B9104A1048012109F042FC6FF01500B5
:101BC00010BDFFF76BFF08B10C4AF3E7A082EFF3FB
:101BD0001181202383F31288BFF36F8F084B5A685B
:101BE000C4E9003214605C6081F31188BFF36F8F29
:101BF000E6E700BFECF3000CF8E8000C05F4000C7D
:101C0000B801002008B50348034A0021121A09F060
:101C10003DFD08BD000600201C540020074808B503
:101C2000074A0849121A09F033FDBDE80840064882
:101C3000064A0749121A09F02BBD00BF0000002018
:101C4000FC0500201815010C0000002000000020F9
:101C50001815010C2DE9F04706460C4600AF002987
:101C600036D0D1E90012E9468AB06D46A3684FF03C
:101C7000050AE8461F48CDE90723CDE9050148F8E4
:101C800010AF002342464FF421511B48FFF778FC68
:101C9000D4E90312CD466369AD461848C5E9072368
:101CA000C5E90501C5F810A0002342464FF42151B3
:101CB0001148FFF765FCCD46E3690121104A0E4843
:101CC00009F0C7FBA36901210E4A0B4809F0C1FBCB
:101CD000012E07D1EFF305830B4A31460648103B2E
:101CE00009F0B7FB2146304606F0FCFEBD46BDE8D4
:101CF000F08700BF29F4000C48E9000C58F4000CF0
:101D000087F4000C96F4000CC4F4000C30BFFFF70D
:101D1000FDBF00BF2DE9F04105460B4EDFF82C80DA
:101D2000324606EB0807CC1B204609490CF003FAA3
:101D3000A01942460021083C0CF00AFAAC6707F1F2
:101D40000800BDE8F08100BF0000000008000000AE
:101D500000EA000C10B5244C2449254809F0A5FCE4
:101D6000A36A99013ED52248224909F09EFC1E2013
:101D7000A36ADA0104D51E481F4909F096FC1F200A
:101D8000194CA36ADB0204D519481C4909F08DFCE3
:101D90002020A36A1C0304D51548194909F085FCC5
:101DA0002120114CA36A590304D51148154909F0A3
:101DB0007CFC2220A36A9A0304D50D48124909F03D
:101DC00074FC2320084CA36ADB0304D508480F49A0
:101DD00009F06BFC2420A36A6FEA03436FEA134304
:101DE000A36210BD1D20C3E700ED00E0D7F4000C96
:101DF00048E9000CEFF4000C02F5000C1CF5000C97
:101E000046F5000C64F5000C89F5000CA3F5000CF8
:101E100070B506460D46294C29492A4809F045FC6B
:101E2000A36ADB0647D52748274909F03EFC112065
:101E3000A36A1C0704D52348244909F036FC122064
:101E40001E4CA36A990712D521491E4809F02DFCA2
:101E5000636BA26A120609D501211E4A194809F0CE
:101E6000F8FA1EB1A36A23F08003A3621320134C77
:101E7000A36ADE0704D51348174909F016FC14209D
:101E8000A36A9C0604D50F48144909F00EFC1520DE
:101E90000A4B9A6AD10658BF9A6A9A6A920642BF5A
:101EA0005A6A22F400525A629A6A42F0FF029A6217
:101EB00000232B7070BD1020BAE700BF00ED00E0DA
:101EC000CEF5000C48E9000CE4F5000C17F6000C08
:101ED0002AF6000C42F6000C58F6000C77F6000CBF
:101EE00070B506460D46284C2849294809F0DDFB07
:101EF000A36AD9043CD52648264909F0D6FB172009
:101F0000A36A1A0504D52248234909F0CEFB1820FC
:101F10001D4CA36A9B0512D51D48204909F0C5FB3D
:101F2000A36BA26A100409D501211D4A184809F0C3
:101F300090FA1EB1A36A23F40043A3621920124C45
:101F4000A36A590504D51248164909F0AEFB1A20B8
:101F5000A36ADA050ED50E48134909F0A6FB1B202B
:101F6000094A936A43F47F43936200232B7070BD48
:101F70001620C5E7A36A9B04F2D505480B4909F072
:101F800094FB1C20ECE700BF00ED00E0A6F6000C7F
:101F900048E9000CBCF6000C17F6000CCDF6000C5E
:101FA000E6F6000CFBF6000C16F7000C77F6000CBA
:101FB00010B52F4C2F48304909F077FBD4F8E830A2
:101FC000D4F8E420500604D501212C4A294809F010
:101FD00040FAD4F8E430D9070CD52648284909F04E
:101FE00064FB2620224AD2F8E43043F0FF03C2F813
:101FF000E43010BDD4F8E4309A0705D51D482149D6
:1020000009F053FB2720EDE7D4F8E4305B0705D552
:1020100018481D4909F049FB2820E3E7D4F8E430CB
:10202000180705D51348194909F03FFB2920D9E7BE
:10203000D4F8E430D90605D50E48154909F035FB2A
:102040002A20CFE7D4F8E4309A0605D5094811498B
:1020500009F02BFB2B20C5E7D4F8E4301B0605D58F
:1020600004480D4909F021FB2C20BBE72520B9E7E6
:1020700000ED00E048E9000C2EF7000C47F7000CDB
:1020800057F7000C6DF7000C8BF7000CA6F7000C4F
:10209000C3F7000CD8F7000CF2F7000C2DE9F04163
:1020A0008AB0774B00AFD3F804800023C8F308064A
:1020B00083F31188BFF36F8F02F07F44B4F17F4F39
:1020C00031D112F001052FD012F0400502F00804C2
:1020D00003D02CBB0446012512E0530758BF01462C
:1020E000684A0B6858BF01251A44012A98BF0B6C37
:1020F0000121654A654809F0ACF974B1EFF38984B0
:102100000023FB71F31E092B00F29980DFE803F036
:102110000E8F92848B9797979795EFF38884EFE7CC
:102120000C461D46ECE71D462C46E9E75849574842
:1021300009F0BBFA0023524EFB71F36A9A0705D5EA
:102140005449524809F0B1FA00232DE0F36A002BFC
:1021500001DA5149F5E7F36A5B00F5D54F494B4881
:1021600009F0A3FA7369A26943F480737361BFF342
:102170004F8FBFF36F8F32F8023C726922F4807286
:102180007261BFF34F8FBFF36F8F03F47F42B2F5DD
:102190005F4F2BD1DBB2022B28D123680121404AAB
:1021A0003A4809F056F92368FA79DAB907F10806CE
:1021B00004F1200C324620686168083403C264458B
:1021C0001646F7D17A6A002D56D0C2F3080121B91C
:1021D0006FEA52226FEA42227A62184607F108013A
:1021E000FFF738FD2837BD46BDE8F081244B9A6AD9
:1021F000D2B222B10120F91DFFF70AFE15E09A6A5A
:1022000012F47F4F04D00120F91DFFF769FE0CE0A6
:102210009A6AB2F5803F02D3FFF79CFD05E0D3F840
:10222000E430002B90D0FFF7C3FE0346BCE700204C
:10223000F91DE1E70020F91DE7E71A4981E71A4A8D
:1022400018F4F87FE8468AB0184B08BF13466A4670
:102250001749103ECDE905134FF40073ADF8203057
:10226000144B079642F8103F00234FF411510748D2
:10227000FFF786F9C54667E76FF30802ACE700BFD2
:1022800000ED00E0A6ED050133F8000C48E9000C74
:1022900052F8000C69F8000C8AF8000C98F8000C51
:1022A000B7F8000CD3F8000C05F8000C1AF8000C75
:1022B000F7F8000C04000001044B5A6942F01002C8
:1022C0005A615A6922F008025A61704700ED00E035
:1022D000EFF30880EFF3098101B57246FFF7DEFEE8
:1022E00001BD00BF0A4880F30888202080F31188D0
:1022F00008484FF40061401880F30988EFF3148018
:102300000221084380F31488BFF36F8F00F05CF85C
:10231000606A0020205D00201EF0040F0CBFEFF368
:102320000880EFF30980816911F8021C0229FFD0AF
:1023300001B5724609F0AEF901BD00BF00B2002838
:1023400007DB01234109034A00F01F00834042F8E4
:102350002130704700E100E000B200280CDB0122D0
:102360000649430900F01F008240203341F8232032
:10237000BFF34F8FBFF36F8F704700BF00E100E0E6
:1023800000B2002801F10101ACBF00F16040064B32
:102390004FEA4111C9B2ABBF00F5614000F00F0038
:1023A00080F800131954704714ED00E0044B054AFF
:1023B00023F07F039360BFF34F8FBFF36F8F70479E
:1023C0000000000800ED00E008B5FFF7EFFF0B4A42
:1023D000D2F8883023F47003C2F88830EFF3148306
:1023E00023F0040383F31488BFF36F8FFFF70AFC15
:1023F000FFF714FC00F092F806F096FC00ED00E008
:1024000042F8203C009B0B4942F81C3C019B21F008
:10241000010142F8183C029B42F8081C42F8143CA7
:102420004FF0807342F8043C0023203A0265C367F2
:10243000704700BF3510000C00B50B4B1546986077
:10244000826F0A4B0E461A602C4686F309880020DC
:10245000034B98472046002100220023014C2047CF
:10246000C1B6000C3510000CE0130020300F002026
:102470001022014B1A61704700ED00E0054B5A69CC
:102480009B689A421FBF044A536843F080535360CD
:10249000704700BFE013002000ED00E0084B9B6890
:1024A00083420BD1EFF3058343B1064B5A6842F0E8
:1024B00080525A605A6A22F400425A620BF0C5BB3D
:1024C000E013002000ED00E011498A684FF0300071
:1024D0001044EFF3098C80E8F01F202080F312886D
:1024E000BFF36F8F0B4F4FF000664A698A603E6002
:1024F000906F094C2060D06F0023D36780F3118860
:1025000002F1300090E8F01F8CF30988704700005A
:10251000E013002004ED00E0300F00200023202114
:102520000348C21801339E2B82F80013F9D170477B
:1025300000E100E008B5EFF30583064A103B02EB2B
:10254000C30152F8330049688847BDE80840FFF7E7
:1025500095BF00BFA4E3000C01480068704700006D
:10256000300F00201FB50121094B0A4A0A4800F02C
:102570000FF90023064A0393084B0121019301A898
:10258000D31A029300F00EF905B05DF804FB00BF0A
:102590000000082000000020B8EA000C000600201F
:1025A0000A7A0B6810B562F304031C46CB68520923
:1025B00023F01F0343EA4203044A43F00103C2F835
:1025C0009800C2F89C40C2F8A03010BD00ED00E0B9
:1025D00010B50A4BD3F89030C3F30723013B984260
:1025E00008D901210346064A064808F032FF6FF079
:1025F000150010BDFFF7D4FFFBE700BF00ED00E0C2
:102600000EF9000C30E9000C2DE9F04F8946144614
:1026100006464FF000084F4D85B0C84527DAD6F87A
:1026200004A0BAF1000F44D0BAF11F0F17D91AF065
:102630001F0F14D1D6F800B01BF01F0F0FD1584652
:1026400009F052F807460AEB0B00013809F04CF884
:10265000874210D06FF015073F4A3B4601E04346E2
:102660003E4A01213E4808F0F4FE6FF01504204672
:1026700005B0BDE8F08F17F1160FEDD0BC42EBDDD1
:10268000C5F89870D5F89C10C5F89870D5F8A030AA
:1026900021F01F0143F01F0BD6E900321A44994282
:1026A00002F1FF3A1AD1D34507D13146F8B209F009
:1026B00024F808F101080C36AFE73146C5F89870E8
:1026C000D5F89C30E0B263F30402C5F89C2009F011
:1026D00014F810F1160FC8D0441CEAE7C5F898703A
:1026E000D5F8A020013B23F01F0302F01F02134383
:1026F000D3453146E0B2C5F8A030E8D008F0FDFF80
:1027000010F1160FB1D0C5F89870D5F89C209DF83F
:1027100008300BF1FF3B62F304038DF80830D5F865
:10272000A0309DF808205B0863F347128DF808205D
:10273000D6E900321344009323F01F035B44A3EB5C
:102740000A03013023F01F036946C0B20393FFF769
:102750003FFFBEE700ED00E05AF9000C34F9000C31
:1027600030E9000C0522044BC3F89420BFF34F8FCF
:10277000BFF36F8F704700BF00ED00E0BFF35F8FC6
:102780000022024BC3F89420704700BF00ED00E028
:1027900010B5034C2278FFF737FF207010BD00BF43
:1027A000171400202DE9F74F294D8A4606464FF0B1
:1027B0000008AB46274FD0451BDAD6F80490B9F194
:1027C000000F3FD031680846019108F08DFF019954
:1027D000044609EB0100013808F086FF84424FF0FF
:1027E00014021D4B08D002FB08F36FF015024BF8E2
:1027F000032003B0BDE8F08F14F1160F2C60F8D061
:102800001978A142F5DD02FB08B0C7F89840C7F877
:102810009840D7F89C4000F10801007B64F3040065
:102820000871D7F8A0000C79400860F347140C71C8
:10283000D7F89C1021F01F016960D7F8A01021F093
:102840001F01296108F1010814350C36B3E700BFF8
:10285000340F002000ED00E017140020F0B55349BC
:10286000534DD1F890302C68C3F307239C4287B0B6
:1028700000F299800020FFF781FF4E4BC1F8C03075
:10288000844216D14C4D01A82C70FFF701F90026A7
:1028900007464A4CB74213D100202B784349D1F860
:1028A0009020C2F30722934277DBFFF75BFF002003
:1028B00046E0696801EB0011FFF772FE0130DFE7C7
:1028C0000199300101EB0613DA682240B2F1807FF2
:1028D00052D00AD8B2F5001F34D0B2F5800F3ED0E6
:1028E000B2F5801F12D00136D4E7B2F1006F43D0A9
:1028F000B2F1805FF7D15A689B680958013B22F01A
:102900001F00034423F01F03012032E05A689B6834
:102910000958013B22F01F0003440120844623F0A4
:102920001F0340EA4C10CDE902218DF8100002A9E6
:1029300028780593FFF74CFE00282ADA6FF015007F
:1029400007B0F0BD5A689B680958013B22F01F0090
:1029500003444FF0020C012023F01F03E1E75A6803
:102960009B680958013B22F01F000344062023F016
:102970001F034FF0000CD4E75A689B680958013BCD
:1029800022F01F0003444FF0030C012023F01F032B
:10299000C7E72B7801332B70A5E7C1F89830C1F851
:1029A000A00001337BE74FF0FF30C9E700ED00E006
:1029B000C4EA000CAAFF4400171400200000F0FF36
:1029C000F0B587B007460E4614460021102268462F
:1029D0001D460BF0BDFB02238DF80230054B2A4645
:1029E00021466846CDE90476019307F0EDFC07B077
:1029F000F0BD00BF2DB7000C08B5024B1B6898470F
:102A0000002008BD480F0020034B044A186093784B
:102A100043F0020393707047480F0020C00100206C
:102A200008B50649064821F00701C1F1005202F538
:102A3000002208F043F9002008BD00BFB175002056
:102A40004C0F002070B541690446867A0A4D59B191
:102A5000437ADB0706D4242303FB0653DB691B6898
:102A60009B689847002363612420214600FB0650A1
:102A7000BDE870400BF070B8B00400202422024B77
:102A800002FB0030704700BFB00400202DE9F04386
:102A900085B00546684690461C4603910BF080FAC7
:102AA000DDE90067EFF31189202383F31288BFF378
:102AB0006F8F6B8A002B41D02A8A9A4225D9002237
:102AC0000023284606F08CFB0446F0B189F31188F8
:102AD000BFF36F8F039B002B41D032463B466846C5
:102AE0000BF083FA2421A27A254B204601FB023306
:102AF000DB6903A91B681D68DDE90023A847606145
:102B000070BB2046FFF79EFF24E0698A4B1E6B8254
:102B100089F31188BFF36F8F2B7D2A8A2C6A1B33B0
:102B200023F00303521A02FB0344154B154AEB1A18
:102B30009B105343A3722B7DE372CBE789F311887B
:102B4000BFF36F8F23464246284606F049FB0446F2
:102B50000028BFD10024204605B0BDE8F0836361A2
:102B6000012300252381039B29466382E27A656065
:102B700004F118000BF0ECFA63692582E360EAE7E0
:102B8000B0040020398EE33870B524250C4C00B910
:102B900070BD037A4668002BFAD0013BDBB20372AA
:102BA000002BF5D1C3604360837A05FB03439B6927
:102BB00013B198473046EAE7FFF744FFFAE700BF52
:102BC000B00400202DE9F843002343600223037280
:102BD00040F20113438190F837300446DA0700AF22
:102BE00000F1040828D413F0020F0CBF03260226BC
:102BF0004FF00109F6B241462068667384F80990E7
:102C000008F0E4FD0546C8B16C4688B06A461F4B23
:102C100005931F4B93614FF4007393831D4B42F850
:102C2000103F00234FF4E2511B48FEF7A9FCA546D4
:102C30002846BD46BDE8F8830126D9E7206B08F099
:102C4000FEFD022341462068637208F0BFFD054681
:102C500030B16C4688B06A460C4B05930F4BD9E7F0
:102C6000A4F86A002674206B08F0E9FD0C4B41467D
:102C70002068636008F0AAFD05460028D8D0094AFC
:102C80004946054808F0DCFBD2E700BFA3F9000C79
:102C9000C4F9000C0300000160E9000CCCF9000C41
:102CA000801A0600D3F9000C70B50546012008F023
:102CB000C6FD0B26286808F0C9FD0446D0B10121E5
:102CC000154A164808F0BCFB012C18D1013EF1D181
:102CD0000321134A114808F0B3FB286808F0B6FD39
:102CE0000446B0B9284600F085FB041E18BF6FF0FB
:102CF00085040EE0284608F072FD0446E4E714F16E
:102D0000740FE5D0002CEDD00121064A034808F0ED
:102D100097FB204670BD00BFEDF9000C60E9000C88
:102D200000FA000C31FA000CF8B50D46002857D017
:102D300041F8280B83689B694BB19847044648B11A
:102D4000294A0121294808F07BFB2046F8BD6FF095
:102D50005704F5E705F1140630460AF062FE044612
:102D60000028F2D143F698220023304606F076F987
:102D7000044608B11E4AE4E72846FFF723FF04464D
:102D800018B1304608F029FDDFE72846FFF78CFF31
:102D90000328044614D10127284685F86870FFF7F8
:102DA00011FF044628B1134A3946104808F048FB81
:102DB000E7E72846FFF778FF044648B10E4AF3E7F5
:102DC00030B1304608F009FD012385F86830BCE7D2
:102DD000022385F868303046BDE8F84008F0FDBCB5
:102DE0006FF01204B1E700BF44FA000C60E9000C78
:102DF00073FA000C9EFA000CB7FA000C70B5054689
:102E00000E4C286808F052FD58B90B26284608F0E9
:102E100078FD01280ED1013EF8D1A4F5F414A4F5F3
:102E200090647D207D3C0AF0DCFC002CE9DC6FF036
:102E30000F0001E00028F4D170BD00BF809698001B
:102E4000072300B58BB00193B0F85E3000221B045D
:102E500002930123CDE90732C823006801A9099331
:102E600008F016FD28B9079B012B02BF0248039BFF
:102E700018400BB05DF804FB0880F9FD372310B54E
:102E80008AB0002201931123CDE90732C823090437
:102E900004460291006801A9099308F0F9FCD0B931
:102EA000079B012B0CD1039B0C4A1A4042B10C48E2
:102EB00002210C4A08F0CDFA6FF004000AB010BDF0
:102EC00094F84B30002BF9D1039B13F0200F08BF6F
:102ED0006FF08500F2E70120F0E700BF0880F9FD00
:102EE00060E9000CE1FA000C2DE9F04114461E46A1
:102EF0001A44036E05469A42884690B062D890F80C
:102F00006930012B0AD10221304A314808F0D5FC42
:102F10006FF08504204610B0BDE8F08100F1140781
:102F2000002338462B4A06F099F838B102212A4A84
:102F3000274808F0C2FC6FF00F04EBE7012E14BF26
:102F400012231123B5F86A200490900748BF224647
:102F50000793B5F864304FF0110158BF03FB04F23A
:102F600008920322CDE90D12C822CDE9014342F2B5
:102F700010730F92286801AA07A90396CDF8148050
:102F8000069308F085FC044670B101210346134AFC
:102F90000F4808F05EFA0121114A0D4808F08DFC37
:102FA000384608F0ACFCB5E72846FFF727FF044693
:102FB0000028F5D001210B4A054808F07EFC6FF08F
:102FC0007304E8E76FF01504A4E700BF10FB000CE2
:102FD00060E9000CA086010033FB000C4FFB000CE5
:102FE0008FFB000C6CFB000C2DE9F04714461E46CD
:102FF0009A18036E05469A428A46A0B000F29D8058
:1030000090F86930012B0AD102214D4A4D4808F051
:1030100054FC6FF08504204620B0BDE8F08700F135
:10302000140700233846484A06F018F838B1022140
:10303000464A444808F041FC6FF00F04EBE7012ECC
:1030400014BF19231823B5F86A200E93910748BFBF
:103050002246B5F864304FF0110958BF03FB04F263
:103060000F9203224FF0C808CDF818A042F2107A50
:10307000CDE91492059002AA28680EA9CDE9024371
:10308000CDF858800496CDF81CA008F001FC00286B
:1030900042D02846FFF7B2FE014600284AD1182246
:1030A00008A80BF055F82846B5F85E10FFF7E6FEC5
:1030B000044640BB16230422CDE917300123CDE995
:1030C0001D90CDE90923089005F18C03286808AA12
:1030D00017A9CDE90C3ACDF87C8008F0D9FB04465D
:1030E00088B91D9B012B03D1194C199B1C4054B965
:1030F000D5F88C301BBA0121164A1248009608F008
:10310000B2F96FF004040121134A0E4808F0D5FB10
:10311000384608F0F4FB7EE72846FFF76FFE0446CA
:103120000028F5D001210D4A064808F0C6FB6FF0D3
:103130007304E8E76FF00F04E5E76FF015046AE742
:1031400010FB000C60E9000CA086010033FB000CB2
:103150000880F9FDA0FB000CC2FB000C6CFB000C0E
:103160002DE9F041036E054693420E4690468AB023
:1031700077D39B1A8B4274D390F86930012B0AD114
:103180000221394A394808F098FB6FF0850420463F
:103190000AB0BDE8F08100F1140700233846344A34
:1031A00005F05CFF38B10221324A304808F085FB57
:1031B0006FF00F04EBE70324C823CDE90843202375
:1031C000019311230793B5F86A3000229B0758BF7B
:1031D000B5F86430286858BF734301A9029658BFF8
:1031E000029308F055FB044680BB21230193112371
:1031F0000793B5F86A30013E980758BFB5F86430B8
:10320000464458BF73434FF00002286801A9029654
:1032100058BF029308F03CFB0446B8B9262301933B
:1032200022230246029001A92868079308F030FB88
:10323000044658B92846FFF7E1FD044630B10121A4
:103240000D4A0A4808F039FB6FF07304384608F05D
:1032500056FB002C9BD00121084A044808F02DFBA6
:1032600095E76FF0150492E710FB000C60E9000C85
:10327000A086010033FB000C6CFB000CCFFB000CA4
:103280002DE9F04105460F46904600F11406002353
:1032900030461F4A05F0E2FE044638B102211D4ABD
:1032A0001D4808F00AFB2046BDE8F0817B1E072B75
:1032B0002BD8DFE803F0040B2A0E102A15252B6EFD
:1032C000C8F80030304608F01AFBECE7B5F8643077
:1032D000F6E70123F4E72846FFF790FD0446F1E7FF
:1032E0002846FFF78BFD20B102210C4A0A4808F05E
:1032F000E4FA012328686B72291D08F0D0FAEDE783
:103300004146284608F06DFBE8E76FF08504D9E7F1
:10331000A086010033FB000C60E9000CDCFB000C14
:103320002DE9E04191B00546884617460021182254
:1033300009A81E460AF00CFF1022002101A80AF07D
:1033400007FF0623079311230D93C82340200F93F3
:103350000123CDE9020342F210730749284641EAEE
:10336000C8713943089101AA07A90596069308F088
:1033700058FB11B0BDE8E081F0FFFF00292370B5D4
:103380008AB0CDE90131142300250793C8230446F0
:103390000E46CDE9085300212046FFF76FFD0128B6
:1033A00015D060B9024601A9206808F03AFB30B98F
:1033B0002EB194F84B20039B1AB1DB0703D40AB05B
:1033C00070BD002B0FDB642000210AF01EFD0135CB
:1033D000B5F57A7FDFD105480121054A08F02FFBBA
:1033E0006FF07300EBE7E364E9E700BF60E9000C0E
:1033F000F8FB000C2DE9F047044694B010220021A0
:1034000001A80AF0A5FE00212046FFF7B7FF0546F8
:10341000002849D1B4F86A5094F8373015F00805FF
:103420001EBFC3F380052D0645F080459B0784F839
:10343000690048BF45F4003564200AF0D2F945F42C
:1034400040112046FFF79AFF054628B18E4A012118
:103450008E4808F0F4FA27E0E36C20465F0048BF8E
:10346000B4F86A2001A944BF42F00202A4F86A201D
:10347000DE0142BFB4F86A2042F02002A4F86A20BC
:103480009D0342BFB4F86A3043F04003A4F86A30A9
:1034900008F0A7FA054638B994F84B3043B12046F6
:1034A00008F069FA054650B1284614B0BDE8F08727
:1034B000204608F09CFA05460028F0D0F4E794F87E
:1034C0004B307BB1A36A724A934212D9714B2746A3
:1034D00047F8043F3946206808F0AAFA054678B153
:1034E0006D4AB4E72046FFF7ABFC05460028E9D05B
:1034F000DAE70321694A654807F0ABFFA36AE6E70C
:10350000014624220BA80AF023FE2946182205A80A
:103510000AF01EFE2046B4F85E10FFF7AFFC054629
:103520000028C1D13323CDE90B3011231193C823D7
:103530004FF00108CDE912030823CDE9063842F225
:103540001073206804F18C0605AA0BA909960A934A
:1035500008F067FA05460028A6D1D4F88C2002F0BE
:103560000F03434552D0022B48D0002B50D05105B9
:1035700048BFB4F86A304FEA126144BF43F0040315
:10358000A4F86A30D20148BFB4F86A3094F84B20EE
:1035900044BF43F48073A4F86A308B0742BFB4F889
:1035A0006A3043F08003A4F86A3042B994F8663078
:1035B000012B2FD803213A4A344808F040FAB4F8D6
:1035C0006A8018F0020879D1414618220DA8D4F873
:1035D00000A04FF400790AF0BBFD1023CDE90B39B0
:1035E00011231193C823424650460BA9139308F0A8
:1035F00018FA804600285FD02A4A3FE012F4000FF4
:1036000014BF0823042384F86630B0E70223FAE7E6
:103610004346F8E7334611462068FFF781FE8046AF
:1036200058BB94F89920204B12F002000CBF0021E7
:10363000194612F0080F1CD112F0100F08D112F029
:10364000040F18D120B912F0010F124B08BF00234C
:10365000C4E9141394F86630072BB0D994F8953068
:1036600084F8582084F8593094F8933084F85A300C
:10367000A5E70E4BECE70E4BEAE70E4A01210348A3
:1036800008F0DDF945460FE713FC000C60E9000C7B
:103690003F787D0140787D0161FC000C2CFC000C22
:1036A00088FC000CC9FC000C80F0FA0200D4650C08
:1036B00000E1F505ABFC000CA4F8649094F83630FA
:1036C0009B067FF5F1AE94F86630012B7FF6ECAEE9
:1036D000D4F85080B8F1000F3FF4E6AE94F85820CB
:1036E0000121C2F3400312F0020F84F86730206812
:1036F0003346C2F340020CBF4FF0010A4FF0020AFA
:10370000D4F82890FFF70CFE0646002859D194F80B
:103710009C3094F8672003F00F039A423DD00221B9
:103720002C4A2D4808F08BF994F84830002B3FF4D0
:10373000BBAEB4F86A3058077FF5B6AE242200213C
:103740000BA80AF005FD2046B4F85E10FFF796FBC3
:10375000064600BB06230B9301231193C823CDE932
:103760001203022302460BA920680C9308F059F9B2
:10377000064680B9119B012B03D1184E0D9B1E40AC
:103780004EB9042339462068A37208F051F9064661
:1037900000283FF489AE124A14E03946206884F8C4
:1037A0000BA0C84594BFC4F80480C4F8049008F086
:1037B0003FF906460028B7D001210A4A064808F01A
:1037C0003EF9094A0121044808F039F93546074A0B
:1037D0003DE600BFEAFC000C60E9000C0880F9FD42
:1037E00049FD000C08FD000C28FD000C73FD000CC9
:1037F00038B5044606F072FA204608F02CF9A069A4
:10380000C8B194F86C30DB070DD50221154A164873
:1038100008F01FF96FF07705201D08F023F906F076
:1038200071FA284638BD0AF002F838B901210F4A6A
:103830000D4808F00EF96FF01205EDE7204601F093
:1038400001F805460028E7D10146242204F12800AA
:103850000AF07EFC94F86C3043F0010384F86C307D
:10386000DAE700BF87FD000CB8E9000CB1FD000CE1
:1038700070B5044606F032FA204608F0ECF894F8E9
:103880006C30DA070DD40221254A264808F0E1F809
:103890004FF0FF35201D08F0E5F806F033FA284612
:1038A00070BDC3F340019B0707D502211E4A1D4886
:1038B00008F0CFF86FF07705ECE7A06909F051FA4E
:1038C0000646A06909F0CFFA054628B10121174A3A
:1038D000144808F0BEF8DDE7A36F4BB1314620462F
:1038E00008F068FA0546A0B1A06909F0E4FAD1E74A
:1038F000A06909F06EFAA0670028EFD101210C4AF7
:10390000084808F0A6F8A06909F0D5FA6FF00B0591
:10391000C0E794F86C3043F0020384F86C30B9E7E8
:10392000D4FD000CB8E9000CFAFD000C20FE000CE0
:103930003CFE000C38B590F86C3004469B0708D468
:103940000221144A144808F084F86FF077052846DD
:1039500038BD08F080F80021204601F021F920B19F
:1039600001210E4A0C4808F074F8A06909F0A3FA86
:10397000054620B101210A4A074808F06AF894F880
:103980006C30201D23F0020384F86C3008F06AF8D4
:10399000DDE700BF58FE000CB8E9000C7FFE000C0C
:1039A0009DFE000C10B5044608F055F8204600F0C6
:1039B0006BFF20B101210F4A0F4808F04AF8A069B7
:1039C00009F0A7F920B101210C4A0B4808F041F891
:1039D000A06F18B1FFF7D8F80023A36794F86C30F4
:1039E000201D23F0010384F86C3008F03BF8002020
:1039F00010BD00BFBAFE000CB8E9000CD8FE000CE8
:103A000038B580210446806909F006FA054678B188
:103A10000146204601F032FB044638B10648012138
:103A2000064A07F00DFD2846FFF7AEF8204638BDE0
:103A30006FF00B04FAE700BF98E9000C0BFF000CD5
:103A400038B50446806F07F081FE054607F079FE21
:103A50002046294601F012FB044638B104480121F2
:103A6000044A07F0EDFC2846FFF78EF8204638BDE3
:103A700098E9000C2EFF000C2DE9F04190F8283059
:103A8000044603F01F03012B0F4600F128062FD038
:103A9000022B18D08BB3204694F8291008F030F888
:103AA000024678B3304608F036F91D4D002834D16F
:103AB00013693BB33A463146204698470346FEF722
:103AC0004BFD2B5024E0818DC9B201F08BF90546E6
:103AD0000028E0D0304608F01EF902466868836886
:103AE000CAB99B6873B13A463146BDE8F041184700
:103AF000818DC9B208F0CCF9E9E790F8291008F0F7
:103B0000E0F9E4E7FEF728FD6FF08502044B1A5058
:103B10000020BDE8F081DB68E4E7D368C9E700BFB7
:103B20000C0000002DE9F04F0B7E044633F08008B6
:103B30000D46164695B00AD00121A74AA74807F0BE
:103B40007FFC6FF00408404615B0BDE8F08F82B1ED
:103B50000846FFF719F86B7EDF0704D49E07F2D5FD
:103B60002B7E002BEFD1204615B0BDE8F04FFFF7BC
:103B700067BF4A7E00F12809900705D5802B09D13F
:103B80002846FFF701F8DEE7910700F06A84002B72
:103B900040F06784D20734D52B8A082B0DD1EA6810
:103BA000294613680020A3625368C9F8043007F05F
:103BB000D1FD054640B18A4A00E08A4A0121874882
:103BC00007F03EFC00F031BC484608F0A4F8E28D56
:103BD00070B9B2B12946A06909F00AF90146002876
:103BE00000F07A84204615B0BDE8F04F01F046BAE7
:103BF0003AB11146204608F06CFA0546002800F05C
:103C00006B84FEF7A9FC002394F82880764F18F007
:103C1000600FC351C8F3411307D0032B40F0D68186
:103C2000FEF79AFC6FF0850338E0484608F073F819
:103C300094F82930002840F06781013B0A2BEFD827
:103C400001A252F823F000BFF53D000C213C000C0E
:103C50007D3E000C213C000C753C000C213C000C0E
:103C6000213C000C213C000CF13C000C213C000CE0
:103C7000613D000C618D7F29D2D8A38D002BCFD15F
:103C8000E38D002BCCD118F01F0FC9D194F8303040
:103C9000022B05D1FEF760FC4FF0FF333B5083E071
:103CA000A069036993F880301B070DD5C9B208F0ED
:103CB00068F8804658B1638D01214C4A474807F0A7
:103CC000C8FB002D73D13EE7012384F8393094F806
:103CD0003030012B0AD1638D43B984F83030FEF7C0
:103CE0003BFC3B58002B00F09A805DE00123F4E799
:103CF000204607F0B9FE628D0146FF2A90D8E38D79
:103D0000002B8DD194F82830D80689D194F8303022
:103D1000002BBFD02AB12046D2B208F086F8002886
:103D2000B8D0618D94F838308B42D8D02046C9B2D3
:103D300000F036FF638D804630B1012100902C4A9F
:103D4000264807F090FBBCE7002B14BF022201229B
:103D5000052184F8302020461A4608F0E0F9BEE735
:103D600008F01F08B8F1010F7FF45AAFE38D002B64
:103D70007FF456AF628DFF2A3FF652AFA18DFF2927
:103D80003FF64EAF94F83030022B83D12046D2B2AA
:103D9000C9B208F022F910F1020F804640F01B81F1
:103DA000FEF7DAFB47F8008065B14FF000082846BF
:103DB000FEF7EAFEB8F1000F7FF4C5AEFEF7CCFBCC
:103DC0003B5863B3484607F0A6FF0346A069002BA3
:103DD00000F0858380218BE34DFF000C98E9000CF7
:103DE00085FF000C6EFF000C0C000000A7FF000C0C
:103DF000C9FF000CE38D002B7FF412AF94F8303034
:103E0000002B3FF447AF012BA18D02D100297FF495
:103E100041AF18F01F080CD0B8F1020F16D0E38D97
:103E2000002B40F0F5822046FFF7EAFD0028C9D1BB
:103E300099E600297FF42EAF638D012BEFD194F822
:103E40006C3061F3C30384F86C30E8E7B4F82AA05F
:103E5000BAF1000FE3D15FFA81F84146204601F044
:103E600075F90346FEF778FB3B50013300F04483BD
:103E700052464146204607F054FF30E7E38D002BC1
:103E80007FF4CEAE628DA38D022A5FFA83FA11D140
:103E900008F01F085AEA08087FF4C2AE0122A069A0
:103EA000190A07F04EFF00287FF4BAAE012384F808
:103EB000393014E794F8301000293FF4EBAE0129B3
:103EC00002D1002B7FF4E6AE18F01F0812D0B8F133
:103ED000020FA4D1002AA2D15146204601F014F9C4
:103EE0000346FEF739FB3B50013300F00583012206
:103EF0005146BFE7002B7FF4CDAE012A8FD194F855
:103F00006C3043F008039EE70A2B3FF689AE01A20E
:103F100052F823F0413F000C213C000C213C000CE6
:103F2000213C000C213C000C213C000CBB3F000C50
:103F3000213C000C8D43000C213C000CB743000CCD
:103F4000E38D022B7FF46CAE94F83030002B3FF4FD
:103F5000A1AE012BA18D02D100297FF49BAE18F0F8
:103F60001F0811D0B8F1020F1CD04FF0000805F166
:103F70000C0A504607F0C7FEE38D984218D2FEF7B0
:103F8000EBFA6FF00B0389E600297FF483AE94F817
:103F90006C304FEA930808F00208C3F3001348EAB4
:103FA0000308E4E72046C9B208F098F88046DEE747
:103FB0004146504607F0F1FB91E6B4F82AA018F00C
:103FC0001F0F4FEA1A215FFA8AFA09D029462046C4
:103FD000FFF752FD8046B8F1000F7FF472AE7EE627
:103FE00001390E293FF61CAE01A353F821F000BFA2
:103FF0002D40000C6D40000C2341000C213C000CB6
:10400000213C000C1B41000C1B41000C213C000C0E
:10401000213C000C213C000C213C000C213C000CFC
:10402000213C000C213C000C7F42000C05F10C08E7
:10403000404607F068FE83462046B4F82EA007F0FD
:1040400013FD20B101287FF4EBAD616F00E0216F1B
:10405000002900F05582DA4528BFDA460A78404642
:10406000524528BF524607F087FB38E6204607F046
:10407000FBFC0AF1010A014603905FFA8AF220462E
:1040800007F0ADFE834630B901215346B84AB9481E
:1040900007F0DFF9C4E505F10C0AD0F804805046BA
:1040A00007F031FE98F800204146824228BF0246C0
:1040B000504607F061FBDBF80CB0BBF1000F09D1F3
:1040C000298AE38D99427FF60AAE5046C91A07F055
:1040D0006EFB04E6DBF8040083681B6B13B9DBF8A6
:1040E00000B0EAE7039998470028F8D0A0F1040847
:1040F00058F8041F0029F2D00A78002AEFD0504661
:10410000CDE9042107F0FFFD049A0599904238BFDC
:1041100082B2504607F030FBEAE7204607F0A4FCE5
:104120007EE552460321204607F03BFD82460028EB
:104130003FF476AD07F0E2FDB4F82EB09AF8151012
:10414000C8B99AF814808DF831108DF83080DAF8FB
:10415000103005F10C0A1B885046ADF8323007F0DC
:10416000D2FDC3455A4628BF4246824228BF024676
:104170000CA9504677E700237F4A8DF81D10DAF826
:1041800008108DF81C300A407C498A4266D1102103
:1041900008A803F063FCB0F1000845DB0CA9B8F1F6
:1041A000100F4FF00003084628BF4FF01008DFF84B
:1041B000D0E10DF1200C984501F102013ED80346F3
:1041C0004FEA880808F102085FFA88F88DF81C8029
:1041D00005F10C0A5046049307F095FDD84528BF19
:1041E000D846804528BF8046B8F1020FC34628BF95
:1041F0004FF0020B50465A46A8EB0B0807A907F0F0
:10420000BBFA4FEA58030393049B9B4603EB580207
:104210005A452AD118F0010F3FF461AD5046039A78
:10422000995C07F0B2FA5AE518F1580F7FF4F8AC30
:104230000121544A4F4807F003F9F1E41CF8012B1F
:1042400001334FEA121A02F00F021EF80AA01EF8FC
:10425000022001F802AC01F8012CACE79AF81480B6
:10426000DAF810308DF81C80B2E750461BF8011BBD
:10427000CDE9042307F091FADDE90423C8E72046DD
:1042800007F0F2FB38B101282CD0FEF765F96FF08A
:1042900085033B5023E5236F002B00F031815B88C1
:1042A000B3F5007FF1D9384B04F14C0B0C9300238C
:1042B0008DF83430E36C9B4508BF0023BDF8321005
:1042C000A3B15A7D0F2A08D11A7D0A44ADF83220D5
:1042D0009DF8342001328DF83420226D934203D0B2
:1042E0001B68EBE7636FD7E7BDF8321005F10C0AE6
:1042F0005046039107F007FDB4F82E8003998845D6
:1043000028BF8846804528BF80464246052A28BFE8
:10431000052250460CA9039207F02EFA039AB8EB37
:1043200002083FF4DCACE36C5B453FF4D8AC002BF7
:104330003FF4D5AC5A7D0F2A14D11A7D1969424534
:1043400028BF42465046039307F016FA039B1A7D96
:10435000424594BFA8EB0208A8EB0808B8F1000F8B
:104360003FF4BDAC226D93423FF4B9AC1B68DEE76D
:10437000ECFF000C98E9000C00FF020000030200B3
:104380007213010C1200010C050F050094F8303077
:10439000002B3FF47FACE38D012B7FF441AC05F1A2
:1043A0000C08404607F0AFFC00283FF4E8AD94F855
:1043B0003810404635E708F01F08B8F1010F7FF4C8
:1043C00069AC204607F01FFD00283FF463ACB4F849
:1043D0002CA0BAF1FF0F3FF623AC43681B7953457D
:1043E000FFF41EAC5FFA8AF30F2B3FF619ACE38D96
:1043F000012B7FF415AC05F10C08404607F083FC57
:1044000000283FF4BCAD04EB0A0393F83A10D0E760
:10441000484607F080FC18B92846FEF7B5FB02E5D0
:104420002946204600F02AFE18B12846FEF7ACFBCC
:10443000C8E4A069036993F8801011F004017FF4C7
:1044400092AB08F0E9FC054600283FF4BBAC0146FE
:10445000204600F013FE00283FF485AB2A4AFFF700
:10446000ADBB52077FF5AEAC002B3FF489AB2846BD
:10447000FEF78AFB94F83930002B3FF464AB94F8D4
:104480002930052B0CD1618DA069C9B207F079FCE8
:10449000064628B1638D01211C4A1D4806F0D9FF4C
:1044A00094F82930032B11D1638D022B0ED1A18DED
:1044B00000220D0A2946A06907F043FC064628B1F0
:1044C00001212B46134A124806F0C3FF0023B046D1
:1044D00084F83930FFF737BB6FF00B0672E4E38DD9
:1044E000002B3FF477AC16F10C0118BF0121C90174
:1044F00008F06FFBFFF737BB4FF0FF38FFF7E1BB6A
:104500006FF01508FFF7DDBB3400010CA7FF000CAE
:1045100098E9000C5800010C0B7810B4062B14D14C
:104520000369D3F89C20EFF31184202383F31288CE
:10453000BFF36F8F00204B681860506A58B9C2E90A
:10454000083384F31188BFF36F8F002200230348E0
:1045500010BC09F057BA03605362F2E778040020F8
:1045600030B589B0002200230024CDE906236FF086
:1045700007034FF48062CDE90334CDE90144154BC4
:1045800015490094154805F0CBF81549134809F072
:1045900057FB144B14498B4207D30020134B14498B
:1045A0008B420CD3002009B030BD03F11402D2E8D5
:1045B000EF0FC2E8E54F002DF9D11833EBE703F117
:1045C0001402D2E8EF4FC2E8E50F002DF9D11833FD
:1045D000E6E700BF4D46000C20570020080B0020E6
:1045E0006AEE000CCC050020FC050020FC05002034
:1045F000FC05002038B50D4607F005FC30B9012157
:10460000BDE838400F4A104806F01ABFC46804B924
:1046100038BD2B78032B05D0052B0ED0022B08D0EC
:104620002468F4E7606883685B69002BF8D09847DA
:10463000F6E7606883689B69F7E760688368DB6911
:10464000F3E700BF7F00010CA8E9000C2DE9F0435F
:104650004FF0200885B000AF4FF0FF334FF0FF322E
:104660007248391D04F096FCFB681B69D3F89C4026
:10467000236A93B1EFF3118288F31288BFF36F8F2F
:10468000256A2DB1616A2B688D42236208BF63627F
:1046900082F31188BFF36F8FC5B93B79062BDBD04E
:1046A000072BD9D801A252F823F000BF2947000CEC
:1046B0001D47000C5147000C2F47000C8747000C8A
:1046C0007347000C5946000C1B48000C2B7E2946F2
:1046D0005E062046D5F81E201DD1FFF723FA0646B8
:1046E0000028C5D0E9468AB06A462B7ECDE9073559
:1046F00005234F49CDE9051042F8103F00234FF440
:1047000021514C48FCF73CFF3246CD46072120465C
:1047100007F005FDACE707F0CBFBE0E70022012145
:10472000204607F0FCFC97E700221146F8E794F8D2
:104730006C3043F0040384F86C3094F83030022B72
:1047400003D12046391DFFF755FF00220321E7E77B
:1047500094F86C3023F0040384F86C3094F8303013
:10476000022B03D12046391DFFF744FF002202210E
:10477000D6E794F83030022B7FF46EAF2046391D17
:10478000FFF738FF68E794F86C30A66923F004035C
:1047900084F86C30D6F808903369A033D3E8AF3F83
:1047A0009A071ED53046D9F83C309847D9F82430BE
:1047B0000021304698470546D9F8403030469847A2
:1047C00095B11D4A01211B4806F03AFE0022042142
:1047D000204607F0A4FC002D3FF43EAF2A460721F7
:1047E0009EE74FF0FF35ECE72946204600F0D8F968
:1047F000054608B1114AE5E7A06908F01EFB831ED3
:104800005842584194F86C3084F8305023F06803D3
:1048100043EA401384F86C30D8E70121084A054880
:1048200006F00EFE0621BA687AE700BF7804002081
:10483000AE00010CA8E9000CD800010C0601010C27
:104840003201010C38B5024605460C49806908F072
:1048500052FB044630B10121094A0A4806F0F0FD36
:10486000204638BD85F83800284600F07BF804461D
:104870000028F5D0A86908F06DFBF1E71945000C98
:104880004201010CA8E9000C38B50446456D8DB90C
:10489000204607F0A0F9034620B101210D4A0E4839
:1048A00006F0D7FD204607F06BF9A069BDE8384057
:1048B00008F050BB6B6800215A79204607F018FBBE
:1048C000034620B10121054A034806F0C2FD2D68C8
:1048D000DDE700BF8801010CA8E9000C5F01010CB5
:1048E000F8B501231D460C68002C35D063F07F021B
:1048F000D6B202F07F02103224FA02F7FF0716D573
:10490000046824FA02F7FF0708D43346134801214C
:10491000134A06F09EFD6FF01500F8BD05FA02F28D
:1049200024EA020404600C6824EA02040C60DC40FF
:10493000E6070ED5026822FA03F4E40700D4E5E79F
:1049400005FA03F422EA040202600A6822EA040279
:104950000A600133102BC6D10020DEE7D8E9000C35
:10496000B401010C2DE9F04F836983461B69026F86
:1049700093F880308FB0C3F34113022B0ED0032B7A
:104980000ED0012B0CBF10230823D371DBF8548009
:104990000027B8F1000F05D14446D6E02023F4E704
:1049A0004023F2E7D8F80430D8F80C5003930C9762
:1049B00004977DB9049B039A09339BB293701B0A39
:1049C000D3701771D8F80C40002C40F0D480D8F880
:1049D0000080DDE7002468680D9483681B6B002B62
:1049E00000F0BA8021469847002800F0B5803E4686
:1049F000C5E90344031F0293029A52F8043F02924E
:104A00000BB11A789AB9BE4240F2A380EB680D9AB6
:104A10001343EB60686883689B6A002B00F09E80FC
:104A200098470446002800F09C80594A81E05A7853
:104A30000B2A08BF9E70029B1B685A78042A10D16B
:104A4000EA680D990A43EA60DA78002A61D1012206
:104A50009E702B69B240134301362B61F6B20023DE
:104A60000D93029BD3F8009099F80130052BC3D128
:104A70006FF012044FF0010ADBF81830089399F830
:104A8000052099F804305FFA8AF143EA0223ADF871
:104A90002E300C9B069399F90230069A002BA3BF87
:104AA0004FFA8AF30793534641F08001BFBF4BB2E0
:104AB000079321F080031033DA40D20730D40D9AE7
:104AC00022FA03F3DB0705922AD499F8063099F805
:104AD0000320089800930DF12E03099107F0EFFFD2
:104AE00009990446E0B9079B89F80210002B4FF0A2
:104AF0000103BCBF21F0800110318B40069805995D
:104B0000BDF82E2019431843CDE90C01A9F8042063
:104B100072E7721E9A700DA90CA8FFF7E1FE9EE7DE
:104B20000AF1010ABAF1100FA9D1002C3FF464AFC9
:104B3000184A0121184806F083FCD8F804305B7944
:104B40000121164A144806F084FC20460FB0BDE847
:104B5000F08F6FF01504EBE73E465BE76FF08504DE
:104B600063E70146686807F073F9049B374603441E
:104B70002D6804931DE7E36804F10C01A3600CA801
:104B8000FFF7AEFE08B924681EE76FF01504D4E7FE
:104B9000F501010CD101010CD8E9000C1902010C3E
:104BA0002DE9F04105460E4606F05EFF95F83830D7
:104BB00080463BB3284607F026F90746F8B1014680
:104BC000284607F0B8F910220446002105F13A0002
:104BD00009F0BEFA002385F83830FF6847B98CB178
:104BE0000121194A194806F02BFC2046BDE8F08146
:104BF000786883685B6A03B198473F68EEE76FF0B7
:104C00003C04EDE71EB985F838600024EDE7324634
:104C10004146284607F0E3F8074690B10246284689
:104C200007F0B3F904460028DFD185F83860FC6846
:104C3000002CEAD0606883681B6A03B19847246837
:104C4000F6E76FF03C04D0E77FFE000C90E9000C23
:104C5000F8B504460E461546576807F0B7F894F8BD
:104C60006C30D9070BD50121394A3A4806F0E8FBE8
:104C70006FF00F06201D07F0B0F83046F8BD012E8A
:104C800007D1354A0121334806F0DAFB6FF085067B
:104C9000F0E7FB799A0607D5A3691B6993F8803082
:104CA0009B0701D42D4AEDE7C6B9E36D53B9626D98
:104CB000B2B9236F6A685B7C0133DBB25371226F38
:104CC00053741FE09D4207D10121254A214806F077
:104CD000B7FB6FF01506CDE71B68E7E7214AD1E780
:104CE000954222D12A68D3B9A36D62659D4200D155
:104CF000A26500232B606B685B7902211A4A154874
:104D000006F0A7FBA968B9B1204606F074FF064675
:104D100070B10121154A0F4806F092FBAAE71A600C
:104D2000A26D954208BFA365E3E713461268BFE78B
:104D3000A86806F0E3FFB87100232B60A36D1BB9D0
:104D4000C4E91555002695E71D60A565FAE700BF83
:104D50006A02010C90E9000C8C02010C4602010C65
:104D6000BA02010CD702010CF702010C1403010C6A
:104D700080B500AF88B06A46094BCDE905304FF4E5
:104D80000073ADF81C30074B42F8103F00234FF47E
:104D9000E2510548FCF7F4FB0020BD4680BD00BF92
:104DA0004B03010C03000001A0E9000C70B505469F
:104DB00081B12846FFF7DCFF0024204670BD636800
:104DC00028461968FBF736F90028F6D01834B442A3
:104DD000F5D3EEE7014C024EF9E700BFCC05002009
:104DE000FC05002070B5012501F07F0311F0800F54
:104DF00018BF10339D4090F830300446022B06D087
:104E000001210C4A0C4806F01BFB002070BD90F8F5
:104E1000386006F029FE32460146204606F0DFFFE4
:104E20000028F2D0C0680028EFD083681D42EDD181
:104E30000068F8E76903010CA0E9000C2DE9F843CC
:104E400005460846114616469846FFF7AFFF04464A
:104E5000002843D0284606F0F4FF95F86C30DA07B6
:104E600002D5204A012109E0D4F8049004F1140786
:104E7000D7E8AF3FDB070CD502211B4A1B4806F0E1
:104E8000DFFA6FF00F04281D04F05AF92046BDE840
:104E9000F883D9F804301BB1AB4201D0144AE1E7E2
:104EA00042463146284606F09AFFA0B1002323600F
:104EB00003696BB9C0E90344D7E8EF3F43F001034E
:104EC000C7E8E23F002AF7D10024C9F80450DAE726
:104ED0001C600461F0E76FF03C04D4E76FF012044B
:104EE000D4E700BF6A02010C8E03010CA0E9000C9C
:104EF000B003010C2DE9F84F81461646984600AFE5
:104F0000002938D06FF085042046BD46BDE8F88FF3
:104F10006C68B8F1000F04D0A8F1040B5BF8041F13
:104F2000F9B92168334600224846FFF787FF044657
:104F3000E0B16B686D468AB06A461B6810490796F7
:104F4000CDE905134FF40073ADF820300D4B42F856
:104F5000103F00234FF411510B48FCF711FBAD46F5
:104F6000D2E72068FBF766F80028D7D118355545F9
:104F7000CED30024C8E7054DDFF814A0F7E700BF43
:104F8000E503010C04000001A0E9000CCC050020A1
:104F9000FC0500202DE9F04F83B000AF7B6097F84F
:104FA00030304C680E463B608146904606F05CFD12
:104FB000A36801461B6B33B96FF0150420460C370C
:104FC000BD46BDE8F08F204698470028F4D0002465
:104FD000051F06F10C0A55F8041F09B10B782BB90F
:104FE000002C14BF00246FF03C04E7E74B78042B3F
:104FF0000ED1002C3CD18B787A689342EBD1CB78E0
:105000003A689342E7D10B79002BD7D00124E2E72D
:10501000052BE0D1002CDED0B8F1010F91F802B0E1
:1050200009D0B8F1020FF1D152465946D9F818000B
:1050300007F039F804E05246D9F8180007F017F8DD
:1050400004460028E2D06D468AB06A46F368CDE98E
:1050500007B3062307490990CDE9051842F8103F28
:1050600000234FF441510448FCF78AFAAD46A5E706
:105070000024A3E71D04010CD0E9000C2DE9F04148
:105080000B7E0C465906054637D16BB306F02CFD56
:1050900040B11B4801211B4A06F0D2F94FF0FF3006
:1050A000BDE8F0812846D5F87080268AEF8D06F09D
:1050B000DBFCF8B1421E534253419B01228A9AB154
:1050C000BE42324628BF3A46E98D91420CD9B2FB26
:1050D000F3F103FB11223AB994F91830002BBEBF4B
:1050E000637E43F0080363762146A869BDE8F0417A
:1050F00007F0C9BD98F80730E0E76FF01500CFE77B
:10510000C8E9000C5904010C70B5064680690C46CC
:1051100007F05FFD054638B102212346094A0A48D7
:1051200006F097F9284670BD012214F0800F18BFD1
:1051300024F08004736B18BF1034A2401A437263CA
:10514000F0E700BF6D04010CC8E9000C70B505461E
:1051500080690E4607F067FD044638B102213346E8
:10516000054A064806F075F9204670BD314605F13E
:10517000340006F06EFFF7E78404010CC8E9000C68
:1051800070B50646EFF31181202383F31288BFF335
:105190006F8F1B4D2A6881F31188BFF36F8F5268A0
:1051A00092F86C20D20705D4BDE870400A22002393
:1051B00004F042BAEFF3118283F31288BFF36F8FCA
:1051C0002C682CB1696823688C422B6008BF6B6027
:1051D00082F31188BFF36F8F44B1606804F1080156
:1051E000C36998472146074808F0BCFB2B6833B1D8
:1051F0003046BDE870400022002304F0E9B970BDDC
:10520000580F00204804002030B585B0CDE90012C9
:10521000054600220023144803A903F027FE024696
:10522000E8B9DDE90001039B5D60083383E8030012
:10523000EFF31180202383F31288BFF36F8F039B5A
:105240001A600A4A516861B9C2E9003380F31188D3
:10525000BFF36F8F00220023054804F0B9F905B0B1
:1052600030BD0B605360F1E748040020580F002068
:105270000000002010B40A78046902F06002202ABD
:1052800009D14B780A2B06D8237A054A637210BCE1
:1052900052F8233018476FF0850010BC704700BFEC
:1052A000ECEA000C002310B5016907488B64074B3A
:1052B00081F84C20834204D25C68E478944201D1A6
:1052C0008B6410BD1C33F5E7301B010C141B010C63
:1052D00038B50D460469FFF7CDFF0346FDF73CF9ED
:1052E000074A135043B96B7833B94FF47A720023ED
:1052F00004F1100004F0A0F9637A0020237238BD95
:105300000C00000001232DE9F0410469476884F88E
:105310004430002384F84C30A36440F202232381FC
:105320004368144D144E2364B54207D3A36C002B7D
:105330000CBF6FF015000020BDE8F0816B683846A7
:10534000DA7894F84C309A4208BFA564E96806F010
:1053500052FC30B10121094A094806F071F81C35A8
:10536000E2E7E868D5F8048006F0C8FC88F8080091
:10537000F5E700BF141B010C301B010CAE04010C3F
:10538000C0E9000C2DE9F04704460D461746D0F859
:105390001080FFF76FFF0346FDF7DEF8DFF84C9053
:1053A000064640F80930D3B96B78012B17D1236931
:1053B000398AEA88986C8A4228BF0A46D0F818A031
:1053C000FB6869888068D047002808DA6FF0850399
:1053D0000A2246F8093023695A720E229A7298F806
:1053E0000930002088F80830BDE8F0870C00000084
:1053F00000232B482DE9F0474FF0040C0124092627
:105400004FF0FE0E80461D464FF0020A254A2649FF
:10541000DFF8989000AF167082F801C09370D370D7
:10542000137182F805E09471D4711372494508D361
:105430001F4A2048204948F8232008F0EFFB0020AD
:1054400018E0042B19D16C4688B00B686A461B49DA
:10545000CDE905134FF40073ADF81C30184B42F83A
:10546000103F184800234FF4E251FCF789F86FF021
:105470000B00A546BD46BDE8F0874A681C31D370D5
:10548000167082F801C09570157182F805E094716C
:1054900082F807A01572013340F8042BC6E700BF5D
:1054A000600F0020A1750020141B010C301B010CA3
:1054B0008313010C400000200FC2000CCE04010C2D
:1054C00003000001C0E9000C2DE9F04781460E46BB
:1054D00014460769FFF7CEFE0546FDF73DF8DFF8F5
:1054E0006880824640F8085025B97378032B06D0AF
:1054F000052B0DD07B7A00203B72BDE8F087224659
:105500003146D9F8100006F017FF48F80A00F1E715
:10551000228A638A61699B1AE268D9F81000521ADC
:105520009B1AF288934228BF1346012B09D1017AB6
:1055300004F10C0006F029F9FDF70EF848F80050C8
:10554000D8E76FF08505F7E70C0000002DE9F84F6C
:1055500006460F461446D0F81090FFF78BFE05461E
:10556000FCF7FAFFDFF8B880824640F8085035B9FA
:105570007B78032B0AD0052B10D0022B26D099F86C
:105580000930002089F80830BDE8F88F22463946F6
:10559000306906F0D1FE48F80A00F0E7228A638AF3
:1055A00060699B1AE2683169121A9B1AFA88934261
:1055B00028BF1346012B30D1097A04F10C0006F004
:1055C000E4F8FCF7C9FF48F80050D8E7208A618A60
:1055D000E368091A6069D6F810A0FA88181A091A3F
:1055E000DAF848008A4228BF8AB2D0F814B0798825
:1055F0008068D847071E0BDB394604F10C0006F023
:10560000B5F8B7F5007FDCDA02238AF80830D8E76E
:105610000A2233695A720E229A726FF08505D0E71A
:105620000C00000000210369426883F8CC10526826
:10563000C3F8D820034AC3E9372003F1D000FCF7B0
:10564000B3BA00BF20EB000C73B5054614461A46EA
:105650002B6908465E68A3182CBF012500257168D8
:1056600001D28B4209D909480091094A012105F06C
:10567000FAFE6FF0040002B070BD3368F1685A435F
:1056800003FB041108F057FD2846F4E758E9000C25
:105690000705010C37B50C4603695968A3182CBFE0
:1056A00001250025486801D2834209D901210090D3
:1056B000084A094805F0D7FE6FF0150003B030BD69
:1056C0000B68C8685A43294603FB040008F040FDF4
:1056D0002846F3E70705010C58E9000C73B514469A
:1056E0001A4603695E68A3182CBF0125002570685F
:1056F00001D2834209D901210090084A084805F0E7
:10570000B2FE6FF0040002B070BD3368F0685A4317
:1057100003FB040008F00FFD2846F4E70705010C21
:1057200058E9000C0121024A024805F089BE00BF79
:105730003205010C08E9000C70B5054603F0AEF91E
:105740000446084E6B6863B103F0A8F9031BB3422B
:1057500003D9BDE87040FFF7E5BF022008F041F82B
:10576000F0E770BDBFD4010038B54568D5E9010147
:1057700083681B686BB19847041E0DDA14F1780F2B
:105780000AD02346184A0121184805F062FE204637
:1057900038BD6FF05704F4E76868E96883681B68F0
:1057A00043B19847041E08DA14F1780F05D0104A67
:1057B0002346E8E76FF05704F9E72B699847012281
:1057C0002B681A702868FFF7B7FF2B7D13B10022F2
:1057D0002B681A702A680024137843F002031370B0
:1057E0002868FFF7A9FFD2E76105010C08E9000C62
:1057F0008505010CF8B504690D4600AFA034D4E866
:10580000AF3FC3F38003994218D1164A164B6E4638
:1058100088B0002918BF13466A461449CDE905131C
:105820004FF40073ADF81C30114B42F8103F0023C9
:105830004FF4E4510F48FBF7A3FEB5464DB1D4E851
:10584000EF3F43F00403C4E8E23F002AF7D1BD462E
:10585000F8BDD4E8EF3F23F00403C4E8E23F002A98
:10586000F5D0F6E7D805010CE005010CE705010CC1
:105870000300000180E9000C2DE9F0470546894648
:1058800090461F46D0F808A007F053F80446C0B170
:10589000067DF30709D5037E16480121164A05F057
:1058A000D8FD6FF07700BDE8F0873B464246494699
:1058B00006F0FFFF40B9237E0121104A0D4805F094
:1058C000C8FD6FF01200EEE79DF8203026F00606C6
:1058D00084F81980678323772675DAF81830214613
:1058E00028469847B0FA80F3227D5B0963F30002F3
:1058F0002275D8E780E9000CF905010C1306010CAC
:1059000070B50546866807F014F80446D0B1037DEB
:10591000DB0708D4037E0D4801210D4A05F099FDEF
:105920006FF0770070BD0146F3692846984738B19B
:10593000237D03F00103227D63F300022275F1E76A
:105940000346F8E76FF01200ECE700BF80E9000CB7
:105950003506010C2DE9F3411746D0F808800546BD
:10596000D8F83C300E4698470022002339460B48B1
:10597000FDF78CF8044670B901213B46084A0948F6
:10598000009605F070FD2846D8F84030984720462C
:1059900002B0BDE8F0810676F5E700BFB004002054
:1059A0005006010C80E9000C2DE9F84F814688462D
:1059B00092469B460C4600261B4F564501D10025BA
:1059C00022E0A37CBBF1800F0CBF43F0200343F027
:1059D0004003A374DEB9D8F810306FF3100343F41A
:1059E000803343F04003C8F810304BEA06032146E9
:1059F0002376484606F0AFFF2034054688B10121E2
:105A00000A4A0B4805F01CFD2846BDE8F88F2369BB
:105A10003B4043F4602343F47F7343F0030323616B
:105A2000E3E70136C9E700BF0000F1FF7E06010C85
:105A300088E9000C70B5066803F030F80446064D9E
:105A4000B37803F0FF0033B103F028F8031BAB4237
:105A5000F6D96FF0730070BDBFD4010030B5036993
:105A600089B0D3F8A4500446083500220023CDE9BC
:105A700006236FF007030122CDE9033200230090D3
:105A8000CDE901334FF400722846054B054903F078
:105A900047FE2168284609B0BDE8304008F0D0B87C
:105AA000AD5C000C205B0020F8B5137E446823F049
:105AB00080034FEA431C04EB431443F6FF730D8A43
:105AC00006689D4228BF1D46EFF31187202383F30C
:105AD0001288BFF36F8F664496F806311B060BD50C
:105AE00087F31188BFF36F8F127E1348134907F0B5
:105AF00078FB6FF00A00F8BDCB682361508BC0F3D0
:105B00000A0007F0A9FAE37D257560F3061300206B
:105B100003F0F00360F3C713C5F30525A0756575A1
:105B2000E37596F8053143F0800386F8053187F375
:105B30001188BFF36F8FDEE788E9000C9A06010C2D
:105B400038B5436805461C689B6B03B198472389A9
:105B50009BB243F001032381237803F0FD032370FC
:105B6000237843F0010323706868FFF763FF05465D
:105B700030B10121034A044805F062FC284638BDD3
:105B80006062FBE7C506010C88E9000C38B50446E5
:105B900043681D689B6B98472B899BB243F00103B8
:105BA0002B812B7803F0FD032B706068FFF742FF19
:105BB000014690B92046FFF7A3FE38B108480121FD
:105BC000084A05F03DFC6FF0040005E08021204606
:105BD000FFF796FE0028F1D138BD6FF07300FBE7A8
:105BE00088E9000CE406010C2DE9F843147E4B8A89
:105BF000CF68D1F81480B1F81090D0E9005EEFF3CF
:105C00001186202080F31288BFF36F8F24F080006C
:105C100005EB40154FEA401C95F8060140060CD4F0
:105C200086F31188BFF36F8F127E1E481E4907F05E
:105C3000D8FA6FF00F00BDE8F883107E28B3C9686A
:105C40000EEB0C044EF80C100021A3EB090321719C
:105C5000A7EB08015B1A43F6FF718B4228BF0B4686
:105C600099016171C3F38701A171E179C3F38323C2
:105C700021F00F010B43E371508BC0F30A0007F0D2
:105C8000EBF9E37960F30613E37195F8043143F01F
:105C9000400385F8043186F31188BFF36F8F00202D
:105CA000C9E700BF88E9000C9A06010C2DE99F485E
:105CB00004462369D3F8A4A00AF190094FF0FF33FA
:105CC0004FF0FF324FF0FF31CDE90023484600226C
:105CD00008F027FA8046206984304FF0FF324FF0F9
:105CE000FF3303F0BBF918F0040F21D118F0020FB5
:105CF0000DD00221484608F010FA23690126D3F896
:105D0000A4009C3007F072FA0546002D5FD118F010
:105D1000010F08D00121484608F0FFF920460AF19A
:105D2000E40106F072FE2069843003F009FAC0E74E
:105D30000421484608F0F1F923694FF0010BD3F82C
:105D4000A400A03007F052FA0646002ECED096FAF4
:105D5000A6F3B3FA83F3DDB20F2BC2BF103D65F09B
:105D60007F05EDB20BFA03F22946204626EA020629
:105D700006F0DFFD074606F004FE58B93A7E2649D4
:105D8000264807F02EFA6FF068020721204606F039
:105D900009FE0DE000210390384606F0D7FD039B75
:105DA00000221946204606F009FE02460028ECD1E2
:105DB000384606F0C7FD28B119492A46174807F0AA
:105DC00010FAC2E73946204607F0D4FABDE795FA43
:105DD000A5F3B3FA83F35FFA83FB0F2BC2BFABF1DA
:105DE000100B6BF07F0B5FFA8BFB06FA03F2594640
:105DF000204625EA020506F09CFD074606F0A2FDB6
:105E000028B107495A46054807F0EBF97DE73946BE
:105E1000204607F0AFFA78E70707010C88E9000C85
:105E20001F07010C2DE9F04F04460025436885B09B
:105E3000D3F80090B9F82060B6B2002E47D1B9F877
:105E40001C50ADB26B07A9F81C5004D53246052191
:105E5000204606F0A7FD2F0709D513226368042109
:105E60001B68204683F80921002206F09BFDEE07FF
:105E700010D52369A033D3E8AF3F5807C3F380069A
:105E800008D401212046FFF7B5FC32460321204605
:105E900006F088FDA9060ED52369A033D3E8AF3FED
:105EA0005A0708D500212046FFF7A4FC0022022152
:105EB000204606F077FD2B0640F1F4806FF01502C6
:105EC0000721204605B0BDE8F04F06F06BBDF7078F
:105ED00062D56B01019363685FFA85FA1B6803EB77
:105EE000451393F80771FFB2B80783F8077122D5FD
:105EF00062680AF07F0352684AF0800102EB4312A5
:105F00002369204603920291D3F8A4B006F011FD54
:105F1000019006F03AFDDDE90212804600283ED1EC
:105F200062480A46624907F05CF96FF0680207218F
:105F3000204606F037FDF9071ED5636851465A68BA
:105F40001B682046019323694FEA4518D3F8A4B093
:105F5000904406F0EEFC029006F017FD8246002801
:105F600048D153492A46514807F03BF96FF068027F
:105F70000721204606F016FDFA060DD563685B681A
:105F80001A795B7903F03F0342EA0322082A7CD0A6
:105F90004849464807F025F9760801354DE7117D57
:105FA000527D0C3002F03F0241EA022105F006FC6E
:105FB000B8F810202AB14146019A6068FFF774FDD5
:105FC000B9E7404606F0E5FC40B14146019A6068F9
:105FD000FFF76AFD404606F0E0FCACE705F1100172
:105FE0000BF1A00007F040F904210BF1900007F03D
:105FF00039F9A0E7018A428A521AC1684069091A30
:1060000098F80500521A98F8041000F03F0041EA91
:1060100000218A4228BF0A460AF10C009046FDB9C9
:106020000BF1A40105F0A8FBDAF80C10DAF8140063
:10603000BAF81220091A521ABAF810108A4219D066
:10604000029B5A8BC2F30A02904513D165B9019B9A
:10605000019A93F8043143F0400382F804318BE74E
:10606000114605F083FBDFE75146029A6068FFF7AF
:10607000BBFD81E729460BF1A00007F0F5F80421EC
:106080000BF1900007F0EEF876E723690121D3F8D1
:10609000A400D0F8A430903043658369836507F08D
:1060A000E1F879E705B0BDE8F08F00BF88E9000CA2
:1060B0000707010C3407010C2DE9F04F456889B042
:1060C00095F82430D5F814902C688DF81C300646CD
:1060D000A869296A83689B6953B107AA9847B0F1F8
:1060E000000808DA42466649664807F07AF831E067
:1060F0006FF05708F6E7A869296A83681B684BB1F7
:106100009847B0F1000808DA18F1780F05D05E4919
:106110004246E9E76FF05708F9E7D5E906018368D9
:106120001B684BB19847B0F1000808DA18F1780FF6
:1061300005D056494246D7E76FF05708F9E723786C
:1061400043F0010323707068FFF774FC074628B121
:106150006FF07308404609B0BDE8F08FE378014660
:1061600043F00203E370E378484643F00803E3702A
:1061700007AA07F08DFAB0F1000807DB079B3A4643
:106180001979186801F08AFC804610B140494246EE
:10619000AAE702464FF0FF3C864677683B680393C8
:1061A00097F82C300593059B9A4226D30022039B37
:1061B00080B218852378114643F0040323702378B6
:1061C000304603F07F032370238923F00C031B0464
:1061D0001B0C238123899BB223816B68636200922D
:1061E0004023FFF749FB024658B30121294A2548BD
:1061F00005F026F96FF00408ACE7B96AD7F830A0CB
:106200008B5C114404934B7891F802904FEA531B36
:106210000AEB8B08E04518BF5AF82BE003F01F0388
:106220002EFA03F303EA090C39EA030308BF91F8D5
:1062300003C0049B04320CFA03FC40EA0C00C44681
:10624000B1E70090402380213046FFF715FB00287E
:10625000CBD129232383237843F002032370706872
:10626000FFF7E8FB804600287FF472AF23893046B1
:1062700023F001031B041B0C23816B6B984769E718
:106280005907010C88E9000C7A07010C9807010CEA
:10629000B607010CE107010CF8B500AFB8B96C46C0
:1062A00088B06A46344B4FF4E2510593334B34487F
:1062B00006934FF40073ADF81C30324B42F8103F98
:1062C00007F0A6F8A5466FF01500BD46F8BDB0F181
:1062D000205F4FEA906415D36D468AB06A462A4B18
:1062E0004FF411510593254B2548CDE906344FF461
:1062F0000073ADF82030254B42F8103F07F088F8C6
:10630000AD46E0E7631EDBB2082B2ED8204A214DB4
:10631000D15C214AD65C214AD25CEB5CC5B28D428D
:106320000BD8C0F3052CB44507D8C0F305569642E8
:1063300003D8C0F3853098421CD96E468CB06A46AB
:10634000174BCDE9084105930C4B4FF45151CDE962
:1063500006354FF40073ADF82830124B084842F868
:10636000103F07F055F8B546ADE73F2300211A4628
:106370001E46D3E70020A8E71C08010C5E14010CA0
:10638000F0E8000C030000014A08010C04000001C1
:10639000B313010C9813010CAA13010CA113010CE7
:1063A0006808010C060000012DE9F3470C460025A2
:1063B000194943682143804616461F68019507F036
:1063C0002AF8022804D03560002002B0BDE8F0872A
:1063D0004FF0060AB4FBFAF95FFA89F52946404600
:1063E00001AA07F0A3F80028EFD10AFB1944E4B290
:1063F000032C94BF4C375037AD003D442B6804F05C
:106400000304E400E34013F03F03DDD0019AB2FB44
:10641000F3F23260D8E700BF00FFFF0F2DE9F04F25
:1064200083B01C4643680D4692469A68002302EBEF
:106430008108464900AF29437B608146D0F810B0FF
:10644000D8F8206006F0E7FF02284FF000034AD199
:10645000D8F8201001F00F01514518D16C4688B0D2
:106460006A463B4B53613B4B3B4893614FF400738F
:1064700093833A4B4FF4E25142F8103F06F0C8FFC5
:106480006FF08500A5460C37BD46BDE8F08FBAF128
:10649000060F07D18B1F052B04D86C4688B06A46BF
:1064A0002F4BDFE70B290AD8DFE801F006202E3951
:1064B000393C414141414141DBF800307B60D8F833
:1064C0002020012D4FEA124218BFD2B2F30435D575
:1064D0001D2A28BF1D220123013292B293409AB295
:1064E0007B68B3FBF2F300202360CCE7AB1EDAB28B
:1064F000092A04D80BEB830BDBF80430DEE76C468B
:1065000088B06A46174BADE7012D1BD00C22012144
:1065100048463B1DFFF782FF0028D0D0B3E74FF479
:106520000043CBE74846391D00F01EF8F4E7063972
:1065300048463A1DC9B2FFF737FFEDE7012A38BFD9
:106540000122CDE76FF05B009DE700BF00FFFF1B5E
:106550009508010CF213010CF0E8000C0300000197
:10656000B708010CD908010C37B50C4641680A6818
:10657000136913F4807303D10020236003B030BD8E
:10658000136BDB0701D4094BF6E78B68D56BD3F8A7
:106590008010052201AB01F00F01FFF73FFF00283B
:1065A000ECD1019BADB26B432360E7E7006CDC02EA
:1065B0002DE9F04F83B043688146D3E900BA0E4617
:1065C000144600AFCDB2D2B96C4688B06A46984B3B
:1065D0004FF4E2510593974B974806934FF400739D
:1065E000ADF81C30954B6FF0150842F8103F06F0DF
:1065F0000FFFA54640460C37BD46BDE8F08F084664
:106600007B60FFF749FE7B688046B10EC0B16C46E7
:106610008AB06A468A4B08950593864B8648CDE931
:1066200006314FF40073ADF82430864B4FF43151EE
:1066300042F8103F06F0ECFEA5466FF08508D9E75A
:10664000082900F27081DFE811F0090013007600DC
:10665000C500E200E8000D0159016601DBF81430C5
:10666000227823F0800343EAC213CBF81430C1E749
:10667000D9F80430A1789A681D68D2F8803061F3A7
:106680000303C2F880306378002B3AD02B6BDFF81D
:10669000B89143F00102DBB243F001032A632B639C
:1066A00002F0FCF90646AB6FA3B102F0F7F9831BC9
:1066B0004B45F8D96C4688B06A46644B5361644BCD
:1066C00093614FF4007393835C4B4FF4E25142F8B3
:1066D000103F07E1EA6BA3886FF30F021343EB63EC
:1066E00002F0DCF90646DFF86091AB6F4BB102F0C7
:1066F000D5F9831B4B45F8D96C4688B06A46554B93
:10670000DCE7EB6A227803F07F0343EAC213DBB2D3
:10671000EB6202F0C3F904464B4EAB6F002B3FF423
:1067200069AF02F0BBF9031BB342F6D96C4688B0DF
:106730006A46494BC2E72679D9F804300B2ED3F8C4
:1067400000901EDC9B6803EB850ADAF88430334343
:1067500043F04003CAF8843002F0A0F98346DAF827
:1067600084305B060DD402F099F9374AA0EB0B0395
:106770009342F4D96C4688B06A46384B0593384B3F
:106780009EE70B2ED8BF002609F1440252F82530AF
:106790002188C8BF0B3E61F3090342F8253009F197
:1067A000480252F82530A17809F1400961F3050348
:1067B00042F8253059F82530E278C8BF360223F474
:1067C000F063C8BF06F4E06643EAC2131E4349F80B
:1067D00025600FE7D9F8043019680623B5FBF3F2FA
:1067E00003FB1253D8B2032894BF4C3150319200AE
:1067F0000A443F2103F003031068DB00994020EABC
:106800000100217801FA03F303431360F2E62378D1
:1068100003F00303CAF81030ECE6DAF81C302278F3
:1068200023F0800343EAC213CAF81C30E2E600BF3B
:10683000F708010C7114010CF0E8000C03000001D2
:106840001609010C05000001BFD401004009010C2C
:106850004914010C7509010CA809010C130A010C5B
:106860003514010CD9F804A0012DDAF80810D9F874
:10687000106001EB85010A6A238822F4005222F09D
:106880000F024FEA02424FEA124201D0FF2B01D819
:1068900042EA0342E378A07803F00F0343EA40336F
:1068A00013430B6202F0FAF88146DFF888B0DAF899
:1068B00008305B68DBB102F0F1F8A0EB09035B453F
:1068C000F5D96C468AB06A461B4B4FF411510593BB
:1068D0001A4BCDE906354FF40073ADF82030184B54
:1068E00042F8103F174806F093FDA54682E6002DBA
:1068F0007FF480AEE37886F83A307BE69B68C6F397
:10690000052603EB8603D3F88020217861F3030288
:10691000C3F880206EE6D9682378CA6822F0FF02A7
:106920001343CB6066E60121074A064804F088FD60
:1069300083E600BFBFD40100DD09010C1D14010C6A
:1069400004000001F0E8000C5A0A010C2DE9F047A0
:1069500082B00023D0F80480D0F810A000AF064623
:106960000846894615467B60FFF796FC0446A8B1A9
:106970006C4688B06A46414B5361414B4148936134
:106980004FF400739383404B4FF4E25142F8103FB1
:1069900006F03EFD6FF08500A54616E049463046FC
:1069A00006F039FD02280ED14FEA99635FFA89F1AA
:1069B000092B5DD8DFE803F00513181D2210373DC1
:1069C0004A4ADAF8004000202C600837BD46BDE88E
:1069D000F0874FF48064F6E74FF40044F3E729466C
:1069E0003046FFF7C1FDF0E72A46304606F09EFD2F
:1069F000EBE72A463046FFF7D7FCE6E773685A68AC
:106A0000136903F00303012BE3D0991E0129E3D896
:106A1000D46914F00204D6D0032B14BF4FF4004401
:106A20004FF48064CFE72B460C223046FFF7F6FC8C
:106A3000CBE7D8F80830C9F3052909F1200953F844
:106A400029100C222B4601F00F01EEE70C22002149
:106A500030463B1DFFF7E2FC0028B6D1D8F80C30D9
:106A60007C68DB6813F0FF03ADD0B4FBF3F4AAE756
:106A70006C4688B06A46054B7EE700BF400A010CB1
:106A80000914010CF0E8000C03000001560A010C87
:106A90002DE9F84FD0F804A0D0F8108000AF0846D8
:106AA000DAE9004B0E46DAF80890CDB2FFF7F4FBB6
:106AB000A8B16C4688B06A46494B5361494B4FF4C4
:106AC000E25193614FF400739383474B474842F878
:106AD000103F06F09DFCA5466FF085000DE0B30E5B
:106AE000092B77D8DFE803F0050C112776484F5CB7
:106AF0007667636923F002036361BD46BDE8F88FE2
:106B0000E36A23F00203E362F7E7403454F82530E8
:106B100023F0020344F825300123D8F83020AB409D
:106B200022EA0302C8F83020D8F82C2022EA030217
:106B3000C8F82C20E1E70623B5FBF3F203FB125360
:106B4000D9B203294FEA820294BF4C345034144422
:106B5000012203F00303DB002168073302FA03F389
:106B600021EA03032360B8F838300635AA4023EA47
:106B70000203A8F83830C0E7DBF81C3023F002032A
:106B8000CBF81C30B9E725B96C4688B06A46184B7B
:106B900093E709EB85052B6A23F480732B62ACE73E
:106BA000C6F3052609EB8609D9F8803023F04003A7
:106BB000C9F88030A1E70121DAF80C30C6F305529C
:106BC00003EB8203DA6BC6F38536B14022EA010299
:106BD000DA6392E70121074A044804F031FC7BE7BD
:106BE000400A010CE313010C03000001F0E8000C63
:106BF000750A010C5A0A010C2DE9F0474FF0010803
:106C000043680669D3F8009000AF09F1400252F8DA
:106C100021300C4643F0020342F8213001F1180301
:106C200008FA03F801F03AFF0546DFF858A0D9F852
:106C3000103038EA03031CD001F030FF431B5345EA
:106C4000F5D96D468AB06A460F4B10480593104B34
:106C50004FF41151CDE906344FF40073ADF82030F4
:106C60000C4B42F8103F06F0D3FB6FF07300AD46BB
:106C700005E001220020F36AA2401343F362BD46FF
:106C8000BDE8F087FF0D2707A10A010CF0E8000C12
:106C9000F114010C040000012DE9F04F83B005460A
:106CA000D0F804B000AF08460C46FFF7F5FA0646E8
:106CB000C8B16C4688B06A46794B5361794B4FF442
:106CC000E25193614FF400739383774B774842F816
:106CD000103F06F09DFB6FF08506A54630460C3749
:106CE000BD46BDE8F08F2146284606F094FB0228F9
:106CF00000F0D3806A68A00E11689368092800F23A
:106D00008180DFE800F0053439527F575D677F727C
:106D10004B6943F002034B61230E032B03F0FC0A83
:106D200040F28A80BAF1140F05D8614B23FA0AF3B6
:106D3000DA0700F18180DBF814804FF00009BAF126
:106D4000140F7CD1DBF80430DB68DB07C6D4594B69
:106D50001B78002B7AD101F0A1FE02467A6001F087
:106D60009DFE7A685449831A8B42F7D979E0CB6A41
:106D700043F00203CB62CFE70F20E1B24B1C2A693C
:106D800003EB43035B0000FA03F3108F034205D0CB
:106D90002846FFF731FF0028BED048E0012303FA60
:106DA00001F1136B0B431363B6E72846E1B206F01B
:106DB00014FCF0E75268D36943F00203D361ABE7F8
:106DC00014F0FF02A8D003EB82031A6A42F4807227
:106DD0001A62A1E7C4F3052203EB8203D3F88020F3
:106DE00042F04002C3F8802096E7D268C4F305530E
:106DF00002EB83020123D16BC4F3853083400B4344
:106E0000D36389E76C468AB06A462C4B4FF4115124
:106E100005932B4BCDE906304FF40073ADF82030CD
:106E2000284B224842F8103F06F0F2FAA5466C467D
:106E300088B06A46244B40E74FF4FA687DE7214664
:106E4000284606F0E8FA022881D147E7FBF784FBE1
:106E50001E4B1B58002B3FF47EAF0A20002106F08A
:106E6000D4FF09F10109C145FFF469AF6C4688B050
:106E70006A46174B4FF4E25105930A4B0B480693B1
:106E80004FF40073ADF81C30074B6FF0730642F8F7
:106E9000103F06F0BDFAA54620E76FF077061DE724
:106EA000400A010CD513010C03000001F0E8000CAE
:106EB0001011100018540020BFD40100BC0A010CAE
:106EC000CC13010C04000001E40A010C08000000CE
:106ED000020B010C2DE9F04143682F4A1D6804693B
:106EE0006B69487A1A400B7C00021B0600F4706044
:106EF00003F040730343087A00AFC001C0B20343FC
:106F00008878400100F020000343887A000100F0F7
:106F100010000343C878C00000F00800034348781D
:106F2000800000F0040003430878400000F00200F5
:106F3000034313436B614B6823600B7803B301F089
:106F4000ADFD0646DFF854802B69DB071BD401F04A
:106F5000A5FD831B4345F7D96C4688B06A46104BA4
:106F60004FF4E25105930F4B0F4806934FF4007313
:106F7000ADF81C300D4B42F8103F06F049FAA5461B
:106F8000BD46BDE8F081636B43F480536363238F98
:106F900043F001032387F3E741F0FFFCFF0D2707D0
:106FA000170B010CE114010CF0E8000C03000001C8
:106FB0002DE9F04706690C46338F00AF9D0614D5C6
:106FC0006C4688B06A46864B4FF4E6510593854B74
:106FD00006934FF40073ADF81C30834B42F8103F1A
:106FE000824806F015FAA546CDE096F83A30052B12
:106FF00000F0AB8043681D689A68EB6A23F00203D7
:10700000EB628B78012B67D10978736BCB40D80783
:1070100013D46C468AB06A46754B0593714BCDE923
:107020000631032308934FF40073ADF82430714BFD
:107030004FF4335142F8103FD2E7D2F88030DFF8F6
:10704000B8A161F3030343F04003C2F8803001F0BC
:1070500025FD8046DFF8A491DAF880305A0600F169
:10706000958001F01BFDA0EB08034B45F4D96C465D
:1070700088B06A46624BA7E02B6B627903F0490344
:1070800043EAC213A279DBB2520102F02002134399
:10709000E279DFF86891120102F010021343227ABC
:1070A000920002F004021343627A520002F00202DC
:1070B000134343F001032B6301F0F0FC8046AB6FF8
:1070C00053B101F0EBFCA0EB08034B45F7D96C463C
:1070D00088B06A464B4B77E0EB6AE27803F07F03B7
:1070E00043EAC213DBB2EB626278EB6A520002F051
:1070F000020203F0FD031343EB6201F0CFFC804674
:10710000DFF8F890AB6F53B101F0C8FCA0EB0803B7
:107110004B45F7D96C4688B06A463B4B54E06378E0
:10712000002B30D001F0BAFC8046DFF8E0902B69EC
:10713000DB051ED401F0B2FCA0EB08034B45F6D9E9
:107140006C4688B06A46324B3EE06D4688B06A466F
:10715000304B4FF4E6510593224B244806934FF4ED
:107160000073ADF81C30204B42F8103F06F050F988
:10717000AD4663783BB1736B43F400537363338F55
:1071800043F020033387BD46BDE8F087A37AEA6B5E
:10719000A1891B0403F4FE036FF316020B43134390
:1071A000EB6301F07BFC8046DFF85090AB6F002B67
:1071B0003FF462AF01F072FCA0EB08004845F5D93E
:1071C0006C4688B06A46144B5361064B4FF4E2514B
:1071D00093614FF400739383034B42F8103FFFE633
:1071E000300B010CCE14010C03000001F0E8000C80
:1071F000610B010C0500000100000144BFD4010037
:10720000060C010C4009010CA809010CFF0D270711
:10721000EA0B010CB00B010C7509010C2DE9F04FC4
:1072200083B0D0F810900D78D9F8306000AFEE4000
:1072300016F001030C467B6040F0A18091F807B086
:10724000D9F8343023FA0BF3DE0717D46C468AB032
:107250006A46604B4FF4335105935F4BCDE90635D9
:10726000032308934FF40073ADF824305B4B42F8CE
:10727000103F5B4806F0CCF8A54680E04368BBF1C0
:107280000B0FD3F80080D3F810A01EDC9E6806EB2D
:107290008506D6F884204BEA020242F04002C6F886
:1072A000842001F0FBFB0246D6F884003A604106D8
:1072B0000BD401F0F3FB3A684A49801A8842F3D9AB
:1072C0006C4688B06A46484B77E008F1440252F8B1
:1072D00025306189BBF10B0F61F3090342F82530BA
:1072E0004346217B53F8482FC8BFABF10B0B61F32A
:1072F0000502C8BF4FEA0B2B43F82520C8BF0BF48B
:10730000E063A079C8BF7B60637908F1400252F85E
:107310002510C002DB0100F46050DBB27E6821F46E
:107320007E5103430B431E4342F82560E2892F4BF5
:10733000D8F86C1003EA0243228A6FF3DE11D201FF
:1073400092B213430B43C8F86C3001F0A7FB06461A
:10735000DFF890B0D8F878305A0614D501F09EFBCB
:10736000831B5B45F6D96C4688B06A46204B24E007
:107370000122D9F83030AA401343C9F830300C3715
:10738000BD46BDE8F08F2379002BF8D0DAF81C3029
:10739000184E43F48033CAF81C3001F07FFB0446DA
:1073A000DAF80C30DB05E3D401F078FB031BB342C1
:1073B000F6D96C4688B06A460F4B5361064B4FF4C2
:1073C000E25193614FF4007393830C4B42F8103FEA
:1073D0004FE700BF360C010CBF14010C0500000183
:1073E000F0E8000CBFD40100130A010C0000FF7F7D
:1073F000AB0C010CFF0D27077A0C010C03000001F8
:107400002DE9F84306248C4609780569B1FBF4F6AA
:107410002B8F01F1060823FA08F3DB0704FB16148F
:1074200000AF17D56D468AB06A46214B5361214B98
:107430001462C2E906364FF4007393841E4B4FF476
:1074400033511E4842F8103F05F0E2FFAD46BD46FD
:10745000BDE8F8834FF03F094368032C1A684FEAF0
:107460008603D4BF4C325032134404F0030E1A6822
:107470004FEACE0E09FA0EF922EA09099CF8052016
:1074800002FA0EF242EA09021A609CF8043023B9AB
:107490006D468AB06A460A4BC8E706F09EF8002897
:1074A000F6D101232A8F03FA08F313432B87CEE783
:1074B000D50C010CAC14010C05000001F0E8000C27
:1074C0000A0D010C2DE9F041056900AF2B8FDA069A
:1074D00016D56C4688B06A46344B4FF4E651059396
:1074E000334B06934FF40073ADF81C30314B42F828
:1074F000103F314805F08CFFA546BD46BDE8F08140
:1075000043680A7C5C68CB7B52009B0002F002025D
:1075100003F0040313438A7B606902F0010220F048
:107520000700134303436361E36924480A7B18405F
:107530004B7A12029B0402F4706203F4701313433B
:107540000A7AD201D2B213434A78920002F00402BE
:1075500013430A78520002F0020213430343E3612B
:107560000B78002BC9D001F099FA0646DFF850805D
:10757000E368DB0715D401F091FA831B4345F7D983
:107580006C4688B06A460F4B4FF4E2510593084BA6
:1075900006934FF40073ADF81C30064B42F8103FD1
:1075A000A7E72B8F43F010032B87A6E7410D010CB3
:1075B0009914010C03000001F0E8000C79F0C3FFFE
:1075C000FF0D2707700D010C2DE9F04706690D78B6
:1075D000736B0C46EB40DA0700AF17D56C468AB0E8
:1075E0006A46514B4FF413510593504BCDE9063584
:1075F0004FF40073ADF820304D4B42F8103F4D482A
:1076000005F006FFA546BD46BDE8F08791F807C026
:10761000338F23FA0CF3DB0713D46C468AB06A4627
:10762000454B4FF433510593404BCDE906350323C9
:1076300008934FF40073ADF82430404B42F8103FEC
:10764000DDE7D0F80480012DD8F80820638A02EB2A
:107650008502116A21F4745121F00F014FEA0141B2
:107660004FEA114101D0FF2B01D841EA0341637970
:10767000003B18BF012341EA4331237C0BB141F4A5
:107680008051637D207ADB02800200F4806003F485
:1076900000630343207D0CF00F0C400243EA0C030F
:1076A00000F4007003432079DFF894A0000200F496
:1076B000807003430B43136201F0F0F98146D8F860
:1076C00008305B68BBB101F0E9F9A0EB0903534551
:1076D000F5D96C468AB06A461A4B4FF4115105939E
:1076E000124BCDE906354FF40073ADF82030104B46
:1076F00042F8103F83E7AB1E092B0FD8E26806EB78
:1077000083035A600122736BAA401343012D7363F4
:1077100002BF338F43F00203338774E7002DF1D1AA
:10772000E37986F83A30EDE78F0D010C8614010CF1
:1077300004000001F0E8000CC10D010C050000017F
:10774000BFD40100DD09010C2DE9F04F924B87B049
:10775000DFF8489200AF0125C7E900934FF4606A53
:107760003023394646680446C7E902A3D0F81080A2
:107770003D6140F2011BFFF7ADFB4FF40043C7E949
:1077800000B340F20713864A3946C7E902230023B3
:1077900020463B61FFF796FEB368DFF808921D7044
:1077A00001F07CF90546B368D3F804A0BAF1000FE4
:1077B0001ED001F073F9431B4B45F4D96C4688B0D9
:1077C0006A46794B79480593794B4FF4E251069319
:1077D0004FF40073ADF81C30764B42F8103F05F0C3
:1077E00017FE6FF07300A5461C37BD46BDE8F08F4D
:1077F0000523032688F83A3001254FF006084FF09C
:10780000020914220021381D06F0A2FC6A4B3946F9
:1078100020463B6087F807807D823D71FFF7D4FEEC
:1078200014220021381D06F093FC644B3946204693
:107830003B6087F80780A7F812903D71FFF7C4FE00
:1078400014220021381D06F083FC5D4B39463B6055
:1078500007232046FB717D823D71FFF7B5FE1422A0
:107860000021381D06F074FC564B39463B60082356
:107870002046FB717D823D71FFF7A6FE1422002198
:10788000381D06F065FC504B394620463B607D8232
:107890003D71FFF799FE4FF001334C4A3946C7E975
:1078A0000023204603F17F43BB60BD81FFF780FBCF
:1078B0004749484B4FF00308C7E900134FF0967350
:1078C00039462046C7E90238C7F810A0FFF7A6FCE2
:1078D00040F6012340483946C7E900032046FFF738
:1078E0008FFD41F60113DFF8F4C039462046C7E9A1
:1078F00000C3FFF785FD40F601434FF4006BDFF84E
:10790000E0E039462046C7E900E3FFF779FD354B53
:1079100039462046C7E9003BFFF772FD324A394637
:107920002046C7E9002BFFF76BFD304A3946204659
:10793000C7E9002BFFF764FD013E7FF45DAF63688C
:1079400032465B6820462A491D612B4605F078FEC9
:107950002B464A462046274905F072FE2B464246F2
:107960002046254905F06CFE2B460422204623497B
:1079700005F066FE2A462046214905F076FE2A4695
:107980002046204905F071FE20462A461E4905F092
:107990006CFE304628E700BF001BB7000100000165
:1079A00000000101BFD40100140E010CF0E8000C2E
:1079B000BC13010C0300000100FFFF1B01FFFF1BB4
:1079C00002FFFF1B03FFFF1B04FFFF1B0101000160
:1079D00000C0FF0B0100010C00FFFF0F01FFFF0FB4
:1079E00002FFFF0F03FFFF0F04FFFF0F05FFFF0F55
:1079F00030E7FF1F37EEFF1F35ECFF1F10D2FF1FD0
:107A00003E7F34240E3F05240B7F042408B507482D
:107A100005F00DFF38B10648FAF7F6FF0448F9F70C
:107A200003FB002008BD6FF01200FBE718E3000C19
:107A3000357A000C0A2838B50446074D04D1AB68E6
:107A40000D2128465B689847AB6803485B68E1B244
:107A50009847204638BD00BF18E3000C10291FB519
:107A600028BF10210C460C4BD3F8E02112BA00922B
:107A7000D3F8E42112BA0192D3F8E82112BA0292A3
:107A8000D3F8EC310A461BBA6946039306F053FB60
:107A9000204604B010BD00BF0070000A2DE9F0437D
:107AA00000250127DFF8E0E000F1020CEBB299427B
:107AB00002D80020BDE8F08330F825403CF825606E
:107AC000C4F3422804F00F03B8F1010F5EF823302D
:107AD000C4F304122AD15BB303EB52084FEA143902
:107AE00098F8304012F0010F15BF04F00F0404F0B5
:107AF000F00444EA091449EA040488F8304003EB2E
:107B0000020898F8404044F0010488F8404016F01C
:107B1000010F07FA02F803EB02040BD116F0020F73
:107B20000ED194F8409009F0FB090DE0002BEED146
:107B30000135BBE7D3F8109048EA0909C3F8109063
:107B400094F8409049F0040984F8409094F84090EB
:107B500016F0080F14BF49F0020909F0FD0984F876
:107B600040901C6816F0100F14BF48EA040424EA81
:107B700008041C60DC6E07FA02F236064CBF224392
:107B800024EA0202DA66D3E730EC000C48F2FF1276
:107B900008B5074B94201A8640F2FF325A8600221D
:107BA0001146FAF7EDFBBDE808409420FAF7C6BB92
:107BB000006002450221024A024805F094BD00BF60
:107BC0007B0E010C68E9000CF8B546680C4686F897
:107BD0002F1000F063FF0546094F96F82F301C4226
:107BE0000CD000F05BFF431BBB4203D9BDE8F8405B
:107BF000FFF7E0BF012005F0F4FDEEE7F8BD00BFA0
:107C0000BFD401002DE9F04743680469D3F804901C
:107C10008246B9F83020B9F83280B4F860301FFAE3
:107C200088F89BB243EA0803A4F86030C2F38015D9
:107C3000130694F85C304FEA850597B248BF45F0CB
:107C4000080543B3FE0744BF012384F85E30B8073C
:107C500044BF012384F85F3094F86230022B94F81B
:107C60005E3003F0FF0604D12BB194F85F60F6B2EA
:107C700001E0002BF9D0390407D518F00F0F04D01C
:107C80000221DAF80400FFF79FFF26B1002345F038
:107C9000010584F85C3094F85D30DBB1174B1F426E
:107CA00018D03A0407D518F0700F04D00421DAF880
:107CB0000400FFF789FFBB0707D5B4F8603023F055
:107CC00010031B041B0CA4F86030002345F00205D0
:107CD00084F85D30A9F83070A9F832805DB194F86D
:107CE0005D3043B994F85C302BB904F11400BDE861
:107CF000F04701F0A7BABDE8F08700BF0A80FFFF98
:107D00002DE9F04F0569D1F8008085B0A9640F6AAC
:107D10000E46791C824614465DD0002F5DD04FF090
:107D20000A0927EAE777A7FB0997002C00F02081D2
:107D300063695A1C54D0002B00F087810A2223EA81
:107D4000E373A3FB0223B7F1FF3F08BFB9F1FF3F85
:107D500004D019EB0202914647EB0307DAF804302E
:107D6000A1885A68DAF8103093F8323013F0030320
:107D700039D0012B3AD0A3F1020CDCF1000343EB24
:107D80000C03DB02A9B38B4228BF0B46C3F30903E4
:107D90009380DAF80410A3684A6898B2D08091F80A
:107DA000271001B11060DAF804002269D4E9011348
:107DB000D0F804C04B43DAF810100AB1002B1ADCDB
:107DC0000121A34AA34805F08EFC6FF01507384641
:107DD00005B0BDE8F08FB946A7E74FF4FA69A4E70C
:107DE00099461F46BAE74FF40073CBE74FF4806320
:107DF000C8E70123CAE791F83200000707D4012140
:107E0000954A944805F06FFC6FF08507DFE7B3F5FE
:107E1000002F0AD94FF40022012100928D488F4A89
:107E200003F021FB6FF00B07D1E70024B3F5803F8F
:107E30009E4628BF4FF4803E486EA3EB0E032044BD
:107E40004260486E002B2044A0F802E072440CBF50
:107E50004FF0270E4FF0210E486E20F804E004F199
:107E60000804E3D14FF0010B4B6ECCF85830346866
:107E7000A4F135035C425C41A4004A463B462846D7
:107E800001F0ECF8002840F0DD800621DAF804006B
:107E9000FFF79AFE05F114030393EA69002A69D1FA
:107EA000B369DAF8101003F00F0C73685FFA88F802
:107EB0000393DAF80430586881F85C2081F85D207B
:107EC000A1F8602081F85E2081F85F2081F862C00F
:107ED0000CF1FF3C5FFA8CFCBCF1080F9BBF604BC0
:107EE000604AC02313F80C3098BF12F80C20BBF185
:107EF000000F6BD0012381F85D30DAF8043093F87D
:107F000027E0D3F804C0BEF1000F39D193F8263032
:107F10009B00B8F1190F42D8B8F1100F32D8B8F160
:107F2000060F14BF00231123ACF80C30CB230387BA
:107F300040F2FF3301244FEA082808F47C584387B5
:107F400048EA4B18039B42EA0802836081F85C40D0
:107F5000C2813B464A4605F1140001F0A7F90746E5
:107F6000002838D195F85C30002B3FD03E4A33E0F2
:107F7000A34682E700220023039801F097F98CE7DB
:107F80000823C6E7A8F11104082C0ED8DFE804F096
:107F90001C0F0D0D0D0D0D0512000123C4E7B8F1E6
:107FA000330F11D0B8F1350F07D00023BCE743F0F1
:107FB0003303B9E743F02303B6E7042C0CBF2223B5
:107FC000002343F00103AFE71123ADE743F00103C2
:107FD000A0F80CB0ABE7254A01211E4805F083FB51
:107FE000284601F0ADF86FF07307F0E695F85D30C4
:107FF000002BBBD1DAF804305A681369EB6451697D
:10800000296590696865D469AC65B269032A11D1A4
:10801000020E42EA042272610A0E42EA0022326132
:108020001A0E42EA01221B02F260B360284601F0F8
:1080300087F8CCE6B3602B6DF3606B6D3361AB6D8D
:108040007361F3E76FF00F07C1E6094A7BE600BFF3
:10805000900E010C68E9000CB80E010CE70E010C43
:108060000715010CFE14010C4B0F010C1A0F010C2B
:10807000A08601002DE9F843436805465E6807695C
:10808000B38D0C46580718D500F008FD8046DFF880
:108090000091736A99070AD000F000FDA0EB080375
:1080A0004B455DD902213B4A3B4805F01CFBB38D93
:1080B00023F004031B041B0CB385384A97F83130B6
:1080C000534397F83620002A4ED161004A1E1344CC
:1080D000B3FBF1F3B28D9BB222F020021204120C1A
:1080E000B2856A682E4952688C4292F82810CCBF3B
:1080F00041F0040101F0FB0182F8281096F82820D5
:10810000520702D5012B38BF0123B28D990802F026
:108110003F02B285B28D01F0C00192B241EA032361
:1081200013439BB2B385B38D194D9BB243F001034A
:10813000B38500F0B3FC0446B38D9B0709D400F06F
:10814000ADFC031BAB421ED90221164A124805F0B2
:10815000CAFAB38D9BB243F00403B385BDE8F8833C
:10816000012005F03EFB94E702FB0333621E13443B
:10817000B3FBF4F39BB20BB1013B9BB2B28D92B255
:1081800042F02002ACE7012005F02BFBD4E700BF52
:10819000BFD401007F0F010C68E9000C40420F00C2
:1081A00040787D01B00F010CF8B5436805465C6866
:1081B0001F4F94F82F3043F0010384F82F3000F064
:1081C0006DFC064694F82F30DB0709D500F066FCFD
:1081D000831BBB4227D90221164A174805F083FAB0
:1081E00040F2FF3348F2FF126386228640F2FF120C
:1081F000A286E3860E2384F82E3094F82830284691
:1082000043F0100384F828300F230C4984F82930F8
:10821000FFF730FF94F8283003F0F90384F8283092
:10822000C0232387F8BD012005F0DBFACAE700BFB1
:10823000BFD40100E40F010C68E9000C801A0600AD
:108240002DE9F8430E460968044600AFF9B1036909
:10825000D3E90935A94201D3994216D96C468AB0AF
:108260006A46CDE9075305233948CDE9050142F8AF
:10827000103F384800234FF42151F9F781F96FF08E
:108280001500A546BD46BDE8F883FFF7F3FE636819
:108290005D687379012BAB8D17D123F005031B04A7
:1082A0001B0CAB85B3794BB1042B2ED163685A6894
:1082B00092F8283043F0020382F82830F379012B3A
:1082C00034D0022B3CD0244A29E09BB243F0010376
:1082D000AB8500F0E3FB8046DFF88090AB8D9B0719
:1082E0000AD400F0DBFBA0EB08034B4509D90221BF
:1082F0001B4A184805F0F7F9AB8D9BB243F0040315
:10830000CFE7012005F06DFAE8E7012B06D163689D
:108310005A6892F8283003F0FD03CDE7114A0D4862
:10832000012103F096F86FF08500ABE763685A68A7
:1083300092F8283003F0FB03002082F82830A1E7F0
:1083400063685A6892F8283043F00403F4E700BFEA
:108350000210010C68E9000C4910010CBFD40100A7
:108360006910010C2B10010C2DE9F74F46680746E8
:10837000D0F81090B06805F05AFA50B901217D4A42
:108380007D4805F0B0F96FF01204204603B0BDE857
:10839000F08FD6E9020105F094F902280FD0D6E952
:1083A000020105F087F9044648B110F1780F06D0B4
:1083B0000346724A0121704803F04BF8E5E7316942
:1083C000B06805F07EF902280BD03169B06805F07D
:1083D00071F9044628B110F1780F02D0684A0346BB
:1083E000E8E77169B06805F06CF902280BD0716993
:1083F000B06805F05FF9044628B110F1780F02D09B
:10840000604A0346D6E7306880B1002101AA05F032
:108410003FF9041E07DB019B002219791868FFF75A
:108420003DFB041E02DA584A2346C3E724220021FA
:10843000D7F804A03D69DAF80430A8180191D3F800
:1084400040B0D3F8448005F083FEDAF81C3095F88C
:108450003020AB62DAF8203002F040026B62DAF8CA
:1084600018301BF47F4FEB622BF0400343EA02030A
:1084700085F83030CBF307232AD1DAF80800DAF890
:1084800010108368DB68E3B101AA98470446D8B1AD
:10849000019B01213D4A384802F0DBFF002C66DBDE
:1084A0003846FFF781FE484605F0BBFA012200215D
:1084B00009F1140005F05EFB3846B36A98470024C2
:1084C00063E76FF05704E3E7019B314AB3FBF2F334
:1084D00085F8313095F83230CBF3C04223F00303F6
:1084E00085F83230BAF824304FEA1848A3F1080171
:1084F0004B424B419B0043EAC203CBF3405243EA59
:108500004213CBF3805243EA8213CBF3C05243EAC7
:10851000C213CBF3006243EA0223CBF3406243EA87
:108520004223CBF3407243EA42336A8E4FEA9B7B8D
:1085300043EA8B3302F0130213436B86AB8E85F84C
:10854000368003F48453AB8695F8373023F0180354
:1085500085F83730BAF82430181F4342434185F874
:108560004430002385F84530A5F8463098E7094A9D
:1085700023461FE79010010C68E9000CA710010CBE
:10858000C110010CDB10010CFA10010C1311010CCD
:1085900080841E003411010C0121024A024802F0BD
:1085A0004FBF00BF8611010C78E9000C70B505467D
:1085B00000F074FA0446094EEB69DB060CD000F0BB
:1085C0006DFA031BB34203D9BDE87040FFF7E4BF67
:1085D000022005F006F9EFE770BD00BFBFD401002F
:1085E000F7B50D4647680669BC682368204623F046
:1085F00002032360FFF7DAFFEB79002B64D1F371FC
:108600002979022960D8204605F0CDF82B793371FD
:108610006B79012B52D1636823F0400363602046DD
:10862000FFF7C4FF6B797371AB79042B4CD82B4ADD
:108630002046D35C626822F00702626062681343DE
:108640006360FFF7B3FFAB79B3710023B86901939F
:108650008368DB6813B1396A01AA9847019A2868D0
:10866000002A34D05308010B0005C01841F1000165
:108670000023F7F7C5FC4FF6FF72431E61F10001BE
:10868000934271F1000125D22368404280B223F465
:1086900060432360A0812B68204633607B7B012BE5
:1086A00002BF236843F080032360236843F0020382
:1086B0002360FFF77BFF002003B0F0BD032B03D145
:1086C000636843F04003A9E76FF08500F4E76FF0BB
:1086D0001500F1E76FF02100EEE700BF1015010C67
:1086E0002DE9F34146680769B069B468836896F874
:1086F0000C801B68316A2BB96FF05705284602B011
:10870000BDE8F0819847054610B110F1780FF5D11A
:10871000D6E9060183681B68002BEDD09847054613
:1087200010B110F1780FE9D1BF2323750023FB713D
:108730003379042B02D96FF08505DFE7504A2046D4
:10874000D35C626822F00702626062681343636070
:10875000FFF72CFF33792046BB71717905F023F8C0
:1087600073793B71B379012B79D1636823F04003AE
:1087700063602046FFF71AFFB3797B71B1683269F5
:108780000B68120523F44C1302F440121A43736968
:108790001B0403F4403313430B60236843F000537E
:1087A0002360236823F01C03B8F1000F5ED0236020
:1087B0002368002143F080432360706A01AA04F01B
:1087C00067FF051E9ADB019B002219791868FFF7E5
:1087D00065F90546002891D16368204643F40033CB
:1087E0006360FFF7E3FE6368204643F48033636011
:1087F000FFF7DCFEB069316A8368DB680BB101AA60
:108800009847019A3068002A33D05308010B0005BD
:10881000C01841F100010023F7F7F2FB4FF6FF7299
:10882000431E61F10001934271F1000124D22368DB
:10883000404280B223F460432360A0813368204625
:108840003B60737B012B02BF236843F080032360EE
:10885000236843F002032360FFF7A8FE4EE7032BD3
:108860007FF469AF636843F0400381E743F004039A
:108870009DE76FF0150541E76FF021053EE700BF6A
:108880001015010C4FF0E0230D4A99691268186920
:108890009B69002908BF1146002B08BF134610F43E
:1088A000803F084801D1994205D201681144016016
:1088B0004FF0E021096900681044C01A704700BFFA
:1088C000DC130020D81300202022094B002083F85D
:1088D000232042F6E062074B1A60074B42F6DF6244
:1088E00018604FF0E0235A61072298611A617047BF
:1088F00000ED00E0DC130020D8130020684620F0D3
:1089000007018D4619B5FFF7BDFF1449144B0868E0
:10891000D3E90042001942F10002C3E9000200233A
:108920000B6042F6E0630F4AD2E90041001BB0FB46
:10893000F3F043431B1941F10001C2E90031EFF3A9
:108940001181202383F31288BFF36F8F01F040FB66
:10895000F9F794FDBDE8194085467047D81300200B
:10896000880C0020800C00202DE9F041374E89B1A1
:10897000421C0AD14FF0E022136923F00103136176
:108980004FF07F433360BDE8F0813568012806DC95
:1089900000240AE0431C3568F8D140F2755040F2DB
:1089A00076539842A8BF1846441EEFF31187202340
:1089B00083F31288BFF36F8FFFF764FF4FF0E0235C
:1089C0002349D3F818C0D1E9002380184FF00002E2
:1089D00043F10003C1E900031E4B1A601E4B1A68E5
:1089E000831A2DD442F6E06E42F6DF6814FB0E8443
:1089F0001C44B4FBFEF4131A0EFB0433B3F5806F72
:108A000038BF4FF48063154A934228BF13464FF096
:108A1000E0223360013B946953610023A4459361D4
:108A2000ACEB0400D1E900320DD20544EB1842F161
:108A30000002C1E9003287F31188BFF36F8FA2E70C
:108A40004FF48063E3E7C318F1E700BFDC130020B5
:108A5000880C0020D8130020800C002060CCFF0080
:108A600038B5EFF31185202383F31288BFF36F8F9E
:108A7000084B1C68084B1B68E41AFFF703FF85F3DB
:108A80001188BFF36F8F42F6E0632044B0FBF3F030
:108A900038BD00BF880C0020800C002038B5EFF3F3
:108AA0001185202383F31288BFF36F8F044B1C685A
:108AB000FFF7E8FE85F31188BFF36F8F204438BDC0
:108AC000880C002010B50446F8F78CFC03480121FF
:108AD000034A02F0B5FC204604F0B4FE48E9000C5D
:108AE000D211010C2DE9F84304460D4600AFEFF317
:108AF0001188202383F31288BFF36F8F04282A4A3A
:108B000098BF2A4BE9468AB09668117C98BF53F803
:108B100020306A4688BF264BCDE9073140F2013349
:108B20002448ADF82430244BCDE9050442F8103F29
:108B300000234FF431512148F8F722FDCD4645B1CD
:108B4000EB69C3F3080323B101211D4A1B4802F05E
:108B500077FC2EB1304605F076F808B1037803B9FA
:108B60001848E9468AB06A46174B0790CDE90536A2
:108B700040F20133ADF82030144B42F8103F00238F
:108B80004FF411510D48F8F7FBFC2946CD4620461D
:108B9000FFF798FF88F31188BFF36F8F3046F9F71E
:108BA0007DFCBD46BDE8F883E0130020B4EC000C6A
:108BB000E111010CF711010C0500000148E9000C5E
:108BC0001F12010CEF11010C4012010C04000001F6
:108BD00038B50A4B53F82040013053F82050A542D5
:108BE00000D838BD606830B1037EDB0701D404F0E3
:108BF00006FE0834F3E723689847FAE7C8EC000C50
:108C0000012270B5294B86B003201A70FFF7E0FFF0
:108C100001F094FB0420FFF7DBFF254C254D264691
:108C2000AE4204F130040FD301F058F8204CAC42AE
:108C300026D301F067F8F7F7A3FD1F4A938923F0C5
:108C40000103938106B070BD54F80C3C059354F8B1
:108C5000103C049354F8143C039354F8183C0293CA
:108C600054F81C3C019354F8203C009354E90A2327
:108C700054E90C0100F0E6FC54F8303C5E65CEE7A8
:108C8000D4E90A23B3F1FF3F08BFB2F1FF3F05D09B
:108C900052EA0301206803D100F01EFD3034C6E71C
:108CA0000649183001F004F9F8E700BF1854002015
:108CB00094E8000C94E8000C180D00206DDD000C09
:108CC000882370B5134E012203FB0066002386B093
:108CD000CDE904230F220193CDE9023214234FF48E
:108CE000A0720D4D0D4903FB0055044602FB001117
:108CF0000B4B3046009500F0A5FC337C2C7423F020
:108D000004033374074B013403EBC423EE606B6040
:108D100006B070BD900C0020E013002020650020FC
:108D2000D5D9000C205D00207FB50020FFF750FF53
:108D30002C4B83F308880025E0232B4C84F8223049
:108D4000E57725766576A57684F82050E576636A22
:108D500043F4E0236362636A43F400236362A56320
:108D6000E3689BB243F0BF6343F40833E360F9F771
:108D7000A3FAF9F77DFB4FF0FF33A362E362F9F743
:108D80006DFDF9F7EFFBF8F791FA184800F098FC41
:108D90000120FFF71DFF0220154CFFF719FF00F01F
:108DA00095FF144B4FF480625C61134B134905939C
:108DB00001232046CDE90353CDE90155104B009521
:108DC00000F040FC0646237C204623F00403237475
:108DD00004F094FF2846FFF773FF31462046084A07
:108DE000F9F72AFB2065002000ED00E0A00D00202F
:108DF000180D0020E013002088F0000C60660020B1
:108E0000018C000C38B5064C064DAC4201D3002055
:108E100038BD2046D4E9011204F05EFD1434F4E7B5
:108E2000640400207804002030B5054B85B0DDE9EE
:108E300008450293CDE9004504F00CFD05B030BDB6
:108E4000B9AB000C38B5074C074DAC4201D300203C
:108E500038BD204604F064FD08B91C34F5E76FF016
:108E60001500F5E7480400206404002073B50C46A3
:108E7000EFF31181202585F31288BFF36F8FC5684A
:108E80005DB125602B68C360836901338361002075
:108E900081F31188BFF36F8F11E052EA030603D10B
:108EA0006FF00B002560F3E7CDE9002302460830A0
:108EB00000F02AFE18B9034B9B685B69236002B07F
:108EC00070BD00BFE0130020F7B50D4604469DF8C5
:108ED0002010EFF31187202080F31288BFF36F8FEB
:108EE000266AE068864240D22668B4421AD0CEB1E3
:108EF000304604F07AFD06F1180005F016F8294610
:108F0000002554F8082F706905F015F93046C6F8A9
:108F1000805004F0F3FE2046394604F04DFF284609
:108F200003B0F0BDA268A9B12946E06905F003F9D4
:108F3000E369A26813446269E361934201D1236942
:108F4000E3610020236A0133236287F31188BFF3B2
:108F50006F8FE5E7A06923692946984208BF6069D9
:108F6000801AA06105F0E7F8EBE752EA03010BD0A5
:108F7000074904F1080089684D61CDE900233946AD
:108F8000224600F0C1FDCBE76FF02200DDE700BF15
:108F9000E0130020F7B504460846EFF311862021C0
:108FA00081F31288BFF36F8F216A00293BD0A2683A
:108FB000A16905F0C0F8A369A26825681344626935
:108FC000A361934204BF2369A361236AAC4203F106
:108FD000FF33236236D02846002D34D0002704F01A
:108FE00004FD05F1180004F0A0FF6969A268E069BA
:108FF00005F0A1F8E369A268284613446269E361B9
:10900000934204BF2369E361236A01332362C5F8F5
:10901000807004F073FE04F10800314604F0CCFEC9
:10902000384603B0F0BD52EA030111D00A498968FD
:109030004861CDE900233146224604F1080000F0E2
:1090400063FDEEE7002086F31188BFF36F8FE8E73A
:109050006FF02200F7E700BFE01300202DE9F34195
:10906000044617461E46EFF31188202383F3128827
:10907000BFF36F8F304BC2689B6872B180689842B3
:1090800017D057EA060216D188F31188BFF36F8F05
:109090006FF00F0002B0BDE8F08193F90E100132BD
:1090A0002161C4E9023288F31188BFF36F8F002079
:1090B000F0E72169F3E793F90E1090F90E30994229
:1090C00030DA9942A8BF194604F0A3FC05462246AF
:1090D0004146CDE90076194800F016FD0028E6D09B
:1090E000EFF31186202383F31288BFF36F8FA068FC
:1090F000D0B1236821699C420AD04BB193F90E305C
:109100009942A8BF19466FF07F039942B8BF19462C
:1091100004F07FFC40B13146084804F04DFE6FF08A
:109120000A00B7E70025D2E7002DF4D186F31188B5
:10913000BFF36F8FF3E700BFE01300201954002046
:10914000F8B583680546002B40D0234A92689342C5
:109150003FD1C368012B03D9013BC3600020F8BD98
:10916000EFF31187202383F31288BFF36F8F016918
:10917000806804F04EFC2C68A54207D10023C5E9A5
:10918000023387F31188BFF36F8FE7E7002CF5D028
:10919000D4E90032002613605A60237CC4E90066DB
:1091A00023F002032374A66004F1180004F0BDFE4E
:1091B000AC6094F90E3020462B61C4F8806004F056
:1091C0009DFD3946054804F0F7FDC7E76FF015002F
:1091D000C5E74FF0FF30C2E7E0130020195400202C
:1091E00037B51146EFF31185202282F31288BFF3C1
:1091F0006F8F04689CB12368426823F00303944294
:10920000036008BF43600121204604F086FC044649
:1092100085F31188BFF36F8F204603B030BD51EA4C
:109220000302F5D000F10802CDE9001310462946EB
:1092300000F06AFC0028EFD1014B9B685C69EBE70A
:10924000E013002070B5EFF31186202383F312881A
:10925000BFF36F8F0468A0421BD0D4B1D4E90032B1
:10926000002513605A60237CC4E9005523F00203F3
:109270002374A56004F1180004F057FE2046C4F8DA
:10928000805004F03BFD3146BDE87040064804F0D4
:1092900093BDD0E902329A4218BF0133836086F34E
:1092A0001188BFF36F8F70BD1954002013B5EFF311
:1092B0001181202484F31288BFF36F8F846844B136
:1092C000013C846081F31188BFF36F8F002002B0EE
:1092D00010BD52EA030406D181F31188BFF36F8FEA
:1092E0006FF00F00F3E7CDE900230246014800F0DC
:1092F0000BFCECE7195400202DE9FF410446202720
:10930000534EEFF3118887F31288BFF36F8FD4F8B1
:109310008C50F5B9022104F1A40004F037FC0028B8
:1093200070D004F19C0500220121284604F0BAFD0A
:109330000028F8D100234FF0FF3202934FF0FF33A3
:109340004146CDE90023434804F1940200F0F0FCCB
:10935000D7E7D4F890202B689542C4F88C3008BF2A
:10936000C4F89030D4F8A43043F00203C4F8A43019
:10937000EB6823F0040343F00103EB606B6888F3B0
:109380001188BFF36F8F28469847EFF3118887F352
:109390001288BFF36F8FEB68D80623F001023ED42A
:1093A000EA60EB689A0717D5306823F00203EB6098
:1093B00090B10021036878B1426895423DD10368BD
:1093C000002934D172683360904200D17360002369
:1093D00040F8083BFFF736FFD4F8A43023F002032F
:1093E000C4F8A430DB0530D4D4F88C30003B18BF6F
:1093F000012388F31188BFF36F8F002B81D004F015
:1094000043FC7EE7D4F8A430D90693D5C4F8A40071
:1094100088F31188BFF36F8F04B0BDE8F08123F0AB
:109420001103EB6005F11000FFF70CFFB9E70B60CB
:109430007368984208BF7160C9E701461BB11A689A
:1094400018461346B7E71A46FAE70023D1E700BFEC
:109450000014002019540020F8B5C36804469A0788
:109460000E46C3F3400542D45F0742D40B680BB9E4
:1094700083680B60E368D80742BFA36802253360A6
:10948000376858BF012557B31B4B9A68D7F8883007
:109490009A421ED104F0CEFB80F00100C0B2D7F892
:1094A000A430D907C3F380021CD5F2B1F8B1002370
:1094B0002360D7F8903073B9C7E92344384604F0E5
:1094C0007FFBE36843F00403E3603368A36028464E
:1094D000F8BD0020E3E71C60C7F89040EEE76FF0AE
:1094E000150506E06FF0120503E01B07DFD56FF0EE
:1094F0000F0500233360EAE7E0130020F0B50446CF
:10950000002089B00E9DC4E9230004F19400C4E951
:10951000250004F19C00C4E9270055B328790028F0
:1095200040F2011008BF0120C4F8A40000204FF051
:10953000FF364FF0FF37CDE90330CDE90100CDE92B
:10954000066720460C4B009400F0EAF855B12968F4
:1095500011B1204604F074FB6B791BB1A38943F071
:109560000103A381204600F0B7F8C4F8884009B091
:10957000F0BD0120D8E700BFF992000C37B501908B
:109580000846EFF31184202181F31288BFF36F8F17
:10959000C16811F01E0F16D153EA020508D101A9C6
:1095A000FFF75AFF84F31188BFF36F8F03B030BD0C
:1095B00041F00801C160019910308161034900F058
:1095C00077FC0120EEE70020ECE700BFCFDB000CCA
:1095D00001460148FFF7D2BF480E0020F7B50C4600
:1095E00016461D460190EFF31187202383F312885E
:1095F000BFF36F8F084604F0D4FA55EA060309D189
:10960000204601A9FFF728FF87F31188BFF36F8F6A
:1096100003B0F0BDE368324643F00803E360019B0A
:109620000449A36204F110002B4600F041FC012024
:10963000EAE700BFCFDB000C01460148FFF7CEBFD1
:10964000480E00202DE9F043984685B000F15803FC
:10965000C0E91633109B002683810423073222F0D1
:10966000070503740F9B01EB05090F4683734946F9
:10967000C0E906668660C6730446F8F74BFB0E9B8E
:10968000073020F007002067C4E91A7502930D9B8C
:10969000A9EB000901930C9B4A46009339464346C7
:1096A0002046F8F7ADFE054B66659B6803B15B6F1E
:1096B0004846636705B0BDE8F08300BFE0130020B3
:1096C0000123037483810023C0E91A334367014BEC
:1096D00098607047E013002038B50446EFF3118519
:1096E000202383F31288BFF36F8F037C5B070FD5B2
:1096F000183004F01AFC237C204623F00403237462
:1097000004F00BFB2946BDE83840044804F054BB84
:1097100085F31188BFF36F8F38BD00BF1954002047
:10972000F0B5002587B00595109DDDE9127604950A
:109730000F9D044603950E9D02950D9D01950C9D70
:109740000095FFF77FFFB6F1FF3F08BFB7F1FF3F7E
:1097500005D056EA070305D12046FFF7BDFF204696
:1097600007B0F0BD3A46334604F11800014900F055
:109770009FFBF4E76DDD000C6FF00A01094A936866
:10978000C3F880100849D8674B6843F080534B609A
:10979000002383F31188BFF36F8F9368D3F88000A1
:1097A000704700BFE013002000ED00E038B590F9ED
:1097B00010200146002A037C04DA03F07F030374BF
:1097C00004F064FA0D4D2A4652F8184FAB689442E3
:1097D00000D004B9EC688B4207D01A7CD20604D1C1
:1097E000DA897F2A01D9A2692AB1A34202D0204690
:1097F00000F0E0FA23466B6138BD00BFE0130020A3
:1098000070B590F91020037C002A2FDBD9062DD1EA
:109810001A4C63F07F032246037452F8183FE16943
:10982000934207D1C0E900210860E0610FE099424E
:10983000F8D01B68002BF5D093F90E6090F90E500C
:10984000AE42F4DD5968C0E9003108605860A5698E
:10985000954200D005B9E568A3681A7CD20606D106
:10986000DA897F2A03D9AA690AB9636170BDAB425C
:1098700002D0284600F09EFA6561F7E7E013002069
:10988000034648B9EFF3058232B9064A5169926836
:10989000914201D0FFF770BF83F31188BFF36F8F40
:1098A000704700BFE013002038B5184CA168E0698C
:1098B0000B68814214BF1A46002249680B60596048
:1098C000A368E1692AB9124AC3E900210B60E36188
:1098D0000AE092F90E5093F90E00854212DD5168AC
:1098E000C3E900210B605360A569094B9D4200D07C
:1098F00005B9E568A3689D4202D0284600F05AFAEF
:10990000656138BD8A42DED01268DBE7E0130020D3
:10991000F8130020002A2DE9F0470CBF4FF0100982
:109920004FF00809027C044619EA020F0E460F4662
:1099300028D149EA0203D20946D10374B9F1080FCC
:1099400048D04FF00008DFF8F0A0534653F8185FF6
:109950009D4200D00DB9DAF80C50DAF80830AB426D
:1099600002D0284600F026FAB9F1100FCAF81450B8
:1099700008D0204601F0A1FEB8F1000F02D02F4818
:10998000FFF79EFE2C4B9B68A3424FD1EFF305835C
:10999000002B4BD1A289D20711D586F31188BFF3D2
:1099A0006F8F83F31188BFF36F8F0423184602DF94
:1099B000EFF31187202383F31288BFF36F8F3846AC
:1099C000BDE8F047FFF7D8BE03F07F03037404F04F
:1099D0005DF9B3E7A36813B1204604F05FF904F121
:1099E000180004F0A2FAA56D04F15808A84511D09A
:1099F0004FF0000A75B1284604F050F905F118003F
:109A000004F093FA2846C5F880A0FFF7F9FEA56D8B
:109A1000A845EFD1084B9B689C4292D1EFF3058893
:109A2000B8F1000818BF4FF001088CE786F31188E1
:109A3000BFF36F8FBDE8F087E0130020A00D00207A
:109A400070B50F4D06462B4653F8184F9C4200D078
:109A500004B9EC68AB681A7CD20604D1DA897F2A93
:109A600001D9A2692AB1A34202D0204600F0A2F98E
:109A700023466B613046BDE87040FFF701BF00BF71
:109A8000E013002070B5EFF31186202383F31288D2
:109A9000BFF36F8F1A4CA168E0690B68814214BF55
:109AA0001A46002249680B605960A368E1692AB927
:109AB000144AC3E900210B60E3610AE092F90E50F9
:109AC00093F90E00854216DD5168C3E900210B6051
:109AD0005360A5690B4B9D4200D005B9E568A368AA
:109AE0009D4202D0284600F065F965613046BDE828
:109AF0007040FFF741BE8A42DAD01268D7E700BF54
:109B0000E0130020F8130020F8B5124B0C46DDE9F5
:109B1000067611469868104A1060EFF311822022F1
:109B200082F31288BFF36F8F9D68284604F0C0F857
:109B3000B6F1FF3F08BFB7F1FF3F06D03A463346C4
:109B4000064905F1180000F0B3F92046BDE8F840D9
:109B5000FFF712BEE0130020081400206DDD000C9A
:109B6000F8B50446EFF31187202383F31288BFF37F
:109B70006F8F037C49B203F01F02002A0CBF01263D
:109B8000002635D103F07F032A4D037404F07EF8DC
:109B90002A46037C817363F07F03037452F8183FF5
:109BA000E869934207D1C4E900200460EC610DE04C
:109BB0009842F8D01B68002BF5D093F90EC08C4565
:109BC000F6DD5968C4E900310C605C60AC69944210
:109BD00000D004B9EC68AB689C4202D0204600F08B
:109BE000E9F86C6187F31188BFF36F8F3046F8BDD9
:109BF0009B071CD5856804F049F881732B689D424A
:109C000009D16B68C4E900531C606C60EAE76A68BC
:109C10009A42F6D01B68002BF3D093F90E208A42AB
:109C2000F5DD5A68C4E9003214605C60DAE78173DC
:109C3000D8E700BFE0130020F8B550EA010306465C
:109C40000C4603D104F020F80020F8BDEFF3118793
:109C5000202383F31288BFF36F8F184D184BA86829
:109C6000186004F05CF8A86832462346154918309D
:109C700000F01EF9AB6804461A7CDF6742F004026C
:109C80001A746FF00A02C3F880200F4A536843F039
:109C900080535360002383F31188BFF36F8FAA684A
:109CA000D2E90A12B2F1004F08BF9942CCD104F0B8
:109CB00071F9201A20EAE070C7E700BFE013002026
:109CC000081400206DDD000C00ED00E0024B03F1F4
:109CD0001802C3E906227047E0130020EFF3118158
:109CE000202383F31288BFF36F8F054B9A68D37BD1
:109CF000013BD37381F31188BFF36F8F704700BFAF
:109D0000E0130020EFF31180202383F31288BFF3C8
:109D10006F8F034B9A68D37B0133D373FFF790BEE9
:109D2000E0130020014B9868704700BFE01300204B
:109D3000D3B5DDE90667089CCDE90067FFF7E4FECF
:109D40001CB1034B9B685B69236002B0D0BD00BFB0
:109D5000E0130020027C034612F01F0210D10A49D2
:109D600088420DD00949086868B1D9897F2909D886
:109D700093F90E20064B1B689A42B8BF002070472B
:109D80000020704710467047900C0020B003002060
:109D90000C1400200122044BC01A044BC01058437D
:109DA000034B1A54704700BF280E0020ABAAAAAA82
:109DB0001954002070B50C4B0C4D1E7CFFF7CAFFE8
:109DC000182303FB06550446284604F0AEF800228B
:109DD000074B9A553CB1621E2846BDE870400549C4
:109DE000D31700F065B870BDE0130020280E0020E6
:109DF00019540020959D000C38B5EFF311852023F0
:109E000083F31288BFF36F8F0F4B104A9C68106862
:109E1000A04206D1FFF7CEFF85F31188BFF36F8F05
:109E200038BD00211B7C1160094AD35C002BF3D0A4
:109E30002046FFF78FFF0028EED0237CDB0601D100
:109E4000FFF732FD2046E5E7E0130020081400206C
:109E500019540020024B1868984208BF0020704730
:109E6000B4030020034B1B680BB9FEF7F9BD0020BB
:109E7000704700BF1014002030B570B10B4B5B6809
:109E800098420AD0036843B1D3E90421D0E90445DC
:109E9000121941EB0501C3E90421D0E90032136036
:109EA0005A600023C0E9003330BD00BFB403002076
:109EB000B3F1FF3F08BFB2F1FF3F2DE9F84F044671
:109EC000994615461F467AD08160EFF3118820230A
:109ED00083F31288BFF36F8FB9F1000FDFF8E4A0AE
:109EE00020DBFFF7BFFFDAE90027013549F1000960
:109EF0002D1849EBE07306464FF00109C4E90453FD
:109F0000AD1843EB0707FFF7A5FF0346DFF8B8E0FE
:109F1000DEF804A0EBB9C4E900EACAF80040CEF8C4
:109F2000044028E06FF00103DAE900125B1A4FF0F9
:109F3000FF3161EB02025B1B62EB0902012B72F144
:109F40000001BCBF012300224FF00009C0E9043228
:109F5000D9E7D3E9041CD4E904208A4270EB0C0B46
:109F600024DA891A5A686CEB0000C3E90410C4E9CA
:109F7000003214605C60FFF76DFF84420ED1134B1A
:109F80001B685BB9B9F1000F02D1FFF76BFF064602
:109F9000304603F0B3FF0021FEF7E6FC88F311889A
:109FA000BFF36F8F28463946BDE8F88F521A60EB31
:109FB0000C005345C4E90420ADD01B68AAE7002576
:109FC0002F46EFE7400E0020B403002010140020BD
:109FD0002DE9F047DFF8A8900246C9F800000D46C9
:109FE000FFF738FF00260027DFF898804FEAE27E6F
:109FF000D8E9001350B1D0E9044CA2427EEB0C0A20
:10A000001ADAA41A6CEB0E06C0E9044600245218B2
:10A0100043EB0E032046C8E90023C9F8004003F0D3
:10A020006DFF2146FEF7A0FC85F31188BFF36F8F0B
:10A03000BDE8F047FFF7E0BE611843EBE473C0E909
:10A040000467C8E90013FFF717FF01224FF0004330
:10A05000C0E9042385F31188BFF36F8F83689847A5
:10A06000EFF31185202383F31288BFF36F8FD9F8A4
:10A070000020121BC9F80020FFF7ECFEB6E700BF76
:10A0800010140020400E002010B5EFF3118420239F
:10A0900083F31288BFF36F8FFFF7E4FE0346054A90
:10A0A000D2E90001181841EBE37184F31188BFF382
:10A0B0006F8F10BD400E0020F8B50446EFF31187F6
:10A0C000202383F31288BFF36F8FD0E90423B3F109
:10A0D000004F08BF012A04D087F31188BFF36F8FA8
:10A0E000F8BDD0E90A566A1C46F10003022A73F152
:10A0F000000334D3013D46F1FF36002EBCBF0025DE
:10A100002E4603F04BFF013041F10001401946EBB0
:10A110000101012871F1000148DB03F03FFF6FF0FE
:10A120000203013041F10001401946EB0101834275
:10A130006FF000438B413EDB03F030FF013041F113
:10A1400000016FF00102401946EB01034FF0FF31AF
:10A15000121A61EB030320461949FFF7A9FE236B8E
:10A1600001332363236A63B187F31188BFF36F8FD1
:10A1700020469847EFF31187202383F31288BFF31B
:10A180006F8F54F8185FA542A6D0002DA4D02846A2
:10A1900003F0C7FD0023C5F8803087F31188BFF3B3
:10A1A0006F8F2846BDE8F84003F0A8BD6FF00102AC
:10A1B0004FF0FF33CFE700224FF00043CBE700BF63
:10A1C000B9A0000C2DE9F04105461C4690461F46FB
:10A1D000EFF31186202383F31288BFF36F8FB4F15E
:10A1E000FF3F08BFB2F1FF3F05D186F31188BFF3EF
:10A1F0006F8FBDE8F081002C09DB012A74F10003A8
:10A20000BCBF0122002412F1FF3844F1FF37284679
:10A2100003F08BFEDDE906010023C5E90A012B638B
:10A2200042463B4628460249FFF742FEDDE700BFB3
:10A23000B9A0000C70B50546EFF31184202686F313
:10A240001288BFF36F8F03F070FE20B184F3118882
:10A25000BFF36F8F70BD6B6A63B184F31188BFF376
:10A260006F8F28466B6A9847EFF3118486F3128844
:10A27000BFF36F8F05F1180003F088FD0028E5D0CB
:10A2800003F03CFD2146BDE87040014803F094BD59
:10A290001A54002073B50446EFF31186202383F38C
:10A2A0001288BFF36F8F8368594003EA02050A40A2
:10A2B00053400022009309496B46019203F0BEFD12
:10A2C000DDE9003223EA020304F10C003146A36009
:10A2D00003F072FD284602B070BD00BFCBE0000C59
:10A2E000F8B507460C46164603F0A4FC08B100205A
:10A2F000F8BD0D4B9B685D6F002DF8D0221DF6D286
:10A30000EFF31184202383F31288BFF36F8F284665
:10A3100047F00401B04784F31188BFF36F8F002822
:10A32000E5D040F8045BE3E7E01300200146024A71
:10A330000020FFF7D5BF00BFB3AB000C014800F011
:10A340005FBD00BFA512010C07B5074B4FF480623B
:10A35000009306494FF0FF330548FFF7CFF8002080
:10A3600003B05DF804FB00BFE0EC000C606A002065
:10A37000480E00200CB430B58BB004460D462022A8
:10A38000002102A803F0E4FE0223002D06948DF8BC
:10A390000A300C4B039312DB01D06B1E1C440FAA36
:10A3A0000E9902A80794019200F00EF815B1069BD1
:10A3B00000221A700BB0BDE8304002B07047002494
:10A3C000EDE700BF49E2000C2DE9F04F43688BB088
:10A3D00080469246009383789C0740F1F9800025DF
:10A3E0000878002800F0F68025280AD04B1C01933D
:10A3F00001354146009B98470028C0F2E38001994F
:10A40000EEE74E788B1C252E0193F1D000270A220F
:10A41000B9463C461F2C22D8A6F12003102B20D889
:10A42000DFE803F0141F1F1A1F1F1F0B1F1F1F122F
:10A430001F171F1F090044F00104019B13F8016B53
:10A440000193002EE6D13AE044F0020444F0040403
:10A45000F3E744F00804F0E744F01004EDE77F2C44
:10A4600024D8A6F13003092B08D860064EBF02FBA2
:10A47000073744F0200402FB0939DEE72A2E0DD10C
:10A4800061065AF8043B53D4002BA7BF44F02004C4
:10A490009946C3F1000944F02804CEE72E2E05D1D9
:10A4A000630600F1978044F04004C6E76C2E2ED07E
:10A4B00028D8682E32D06A2E37D04C2E35D0002FB7
:10A4C00046F02003B8BF24F04004A3F16502BCBFEE
:10A4D0000027A4B2022A01D9612B2BD10AF1070A65
:10A4E00007279D4E2AF0070A0AF1080A210760D5BE
:10A4F00006EB070B34465C455DD1AE1BA9EB0709A3
:10A50000A21959E1742E98D07A2E96D0D7E7260654
:10A5100048BF44F4007444F080048EE7E00548BF6F
:10A5200044F4007444F4807487E744F4207484E7AE
:10A530001F4682E7A6F16302122A00F2D880DFE804
:10A5400012F013004D00D600D600D600D6004D0004
:10A55000D600D600D600D600D600E800D100D6003E
:10A56000D6001A00D600A0005AF8043B012704AE1A
:10A570008DF81030BAE75AF8046B784B002E08BFFC
:10A580001E4614F0400F304614BF39464FF0FF31DD
:10A5900003F0F8FD0746A9E741462020009B9847B5
:10A5A00000280FDB013CA742F6D34D44A1462D1BEA
:10A5B0009EE74C46F7E7414614F8010B009B98478D
:10A5C000002898DA98F8023043F0040388F8023043
:10A5D0004FF0FF3528460BB0BDE8F08F220630D58E
:10A5E000A3052AD50AF1070A2AF007039A465968F3
:10A5F0005AF8080B24F0100B00291FFA8BFB2FDAF6
:10A6000040424BF4806B61EB410104AC0A232246CB
:10A6100003F0C4FD1BF0400FA0EB040200F08E809D
:10A620002BF001049742A4B240F38F80002E40F03B
:10A630008E802BF01104A4B21DE05AF8040BC11750
:10A64000D8E7E0055AF8041B01D40846F7E7A2054D
:10A6500047BF48B241F3C01108B241F3C031C9E766
:10A6600050EA0103D1D16306CFD5002FCDD124F01C
:10A6700011043A46A4B23B4640F206410C4262D174
:10A6800024E024F010040A23A4B214F0800243D082
:10A6900014F4007117BF0AF1070A5AF8040B2AF0E4
:10A6A000070292461CBF51685AF8080B50EA010293
:10A6B0003ED124F0160B62061FFA8BFB3CD5002F0F
:10A6C0003AD124F017043A463B46A4B221075AD4A3
:10A6D000E10705D5994572DDA9EB03039F184B46A9
:10A6E0009B464AE044F0100410237826CDE7782BEF
:10A6F00004D1C6F1780343F01003C6E74146252094
:10A70000009B98470028FFF65DAF02354146304672
:10A7100070E608230026B8E714F480715AF8040B99
:10A72000C4D014F400711ABFC0B2114680B2BDE7A4
:10A7300024F006041FFA84FB04AC68E713465C4669
:10A74000E10699D52EB90133C0E71346F8E73B4639
:10A75000F6E70233BAE700BFE312010CDC12010C8A
:10A76000CDE9023241462020009B98470028FFF6A1
:10A7700029AF0BF1010BDDE90232D945F0DCEB1A10
:10A7800003EB0B055B46E10627D541463020CDE9BA
:10A790000232009B98470028FFF614AFDDE9023231
:10A7A0007EB901352F44791B8A4229DB144604AE59
:10A7B00094BB2A44A9EB03091546914440E017468F
:10A7C0008EE7023541463046CDE90232009B98477C
:10A7D0000028DDE90232E5DAF4E640F206410C42F7
:10A7E000E0D014F0020F05F10105414614BF2B2003
:10A7F000202014F4806FCDE9023218BF2D20E5E748
:10A80000CDE902324146009B3020013598470028AF
:10A81000DDE90232C7DAD5E6013C4146CDE9023234
:10A82000305D009B98470028DDE90232C0DAC9E6B6
:10A8300041462020009B013598470028FFF6C2AE14
:10A84000A9EB0503002BF3DCD9E500BF704700F04E
:10A85000F7BD10B50446006800F0C0FE78B9206866
:10A8600000F0D8FE58B90121206804F10C02F7F776
:10A8700047F920B92046BDE81040F5F7AFBE10BD3E
:10A88000836800EBC101B3F5004F2CBF51F82200E3
:10A8900031F81200704700EBC1018068B0F5004F3D
:10A8A0002CBF41F8223021F812307047012208B540
:10A8B000FFF7E6FFD04008BD836800EBC101B3F5A8
:10A8C000004F08D34B681AB143F001034B60704747
:10A8D00023F00103FAE74B881AB143F001034B80E0
:10A8E000704723F00103FAE753000122FFF7D3BFBB
:10A8F00008B58368B3F5004F06D3FFF7D7FF0128EB
:10A900008CBF0020012008BD0020FCE78368B3F560
:10A91000004F34BF04230823C91A081AC00870471F
:10A920008368B3F5004F28BF0139B1FA81F0C0F157
:10A930001F0070472DE9F041174603220E460446DA
:10A94000FFF79EFF8642054607F104080AD101225F
:10A95000E368BA4023EA0203E360002344F82830A6
:10A96000BDE8F081314602222046FFF789FF064606
:10A970002B4601460322204644F82850FFF78BFF60
:10A98000334629462046BDE8F0410222FFF783BF47
:10A9900038B504460D46FFF7ABFF70B9294620468F
:10A9A000FFF784FF01462046FFF7BAFF294602461B
:10A9B0002046BDE83840FFF7BDBF38BD2DE9F04760
:10A9C00005468946FFF7ACFF05EB800ADAF8107000
:10A9D000064677B94FF0FF34EB680136B4401C40AF
:10A9E00015D094FAA4F2B2FA82F2131D55F823405E
:10A9F00009E03C464FF0030821462846FFF756FF82
:10AA0000814507D8324621462846FFF793FF204666
:10AA1000BDE8F087214603222846FFF731FFB8F151
:10AA200001080446CAF81000D4D08742E4D1D1E727
:10AA30002DE9F04114460E460546FFF737FFA4EB1B
:10AA40000608371B0744424631462846FFF74CFFAD
:10AA50003A4621462846FFF747FF43460022214653
:10AA60002846FFF718FF21462846FFF71FFF3B4601
:10AA7000211800222846BDE8F041FFF70CBF2DE960
:10AA8000F041164604460F46FFF710FF31460546D3
:10AA90002046FFF70BFF05442A4639462046FFF7BC
:10AAA00023FF31462046FFF701FF2B4631180022D5
:10AAB0002046BDE8F041FFF7EEBE2DE9F041044627
:10AAC0000D46FFF715FFB8BB29462046FFF7EEFEFF
:10AAD00001462046FFF724FF04EB80010E6996B97A
:10AAE0000122E36882401343E36002220D612B469A
:10AAF00029462046FFF7CFFE032229462046BDE81F
:10AB0000F041FFF7C8BE022231462046FFF7B8FEEB
:10AB10000746034629462046FFF7BDFE032233467B
:10AB200029462046FFF7B7FE39462B462046FFF759
:10AB3000B2FE02223146E1E7BDE8F08170B505685A
:10AB400009B9002070BDAB6801F00704B3F5004FF0
:10AB500034BF0422082207341444E40804EBD1046F
:10AB60009C4228BF1C4628462146FFF727FF064681
:10AB70000028E6D001462846FFF798FEA04209D9F2
:10AB80003444314628462246FFF752FF21462846E4
:10AB9000FFF793FF284601223146FFF78DFEAB6891
:10ABA000B3F5004F34BF0423082303EBC603184456
:10ABB000C8E71146FFF7C2BF2DE9F8434B420668CC
:10ABC00003EA010731EA03031446B2680ED0B2F576
:10ABD000004F2CBF08230423BB4228BF3B46B94685
:10ABE000CF1B94B900252846BDE8F883B2F5004F85
:10ABF00034BF04230823994204D82146BDE8F84312
:10AC0000FFF79CBF4FF00009EBE7B2F5004F34BFF0
:10AC100004250825FB1AE10804F0070001EBD30125
:10AC2000073003F0070303442B4401EBD3019142A7
:10AC300028BF11463046FFF7C1FE80460028D1D01C
:10AC4000B36809EBC005B3F5004F34BF04230823F4
:10AC50001D4435447B1E1D44B5FBF7F57D43A5EB34
:10AC6000090529463046FFF751FE2C44073424F0ED
:10AC70000704A41B804507464FEAE40408D20246B5
:10AC800041463046FFF7D4FE41463046FFF715FFF8
:10AC900039463046FFF70AFE3844844208D2394626
:10ACA00030462246FFF7C4FE21463046FFF705FF37
:10ACB000012239463046FFF7FFFD94E7B2F5802FB9
:10ACC00034BF042308232DE9F0410026D21A8C1842
:10ACD000CD1D25F0070524F00704641BE40805607A
:10ACE00021462846AC60EE60FFF71AFE820002F1B2
:10ACF0001B07FF083146043205F1100003F028FA63
:10AD00003A4631462846FFF7EFFD33463246314694
:10AD10002846FFF7C0FDA4EB07082846314601226C
:10AD2000FFF7CAFD42463946FFF7DEFD3B46324695
:10AD300039462846FFF7AFFD21462846FFF7D4FDE8
:10AD40004346324621462846FFF7A5FD21462846C0
:10AD50000122FFF7B1FD3946BDE8F041FFF7ADBE76
:10AD60002DE9F04706460D46174698462BB34FF09F
:10AD7000000A98F8004093F80190DB78A40004EBF7
:10AD8000430498F802301C444444CA4509D3394668
:10AD90003046AC46D8F8042008F10803BDE8F04777
:10ADA000604714F8013B0AF1010A204648F82340A5
:10ADB000F5F74AF901300444E7E76FF01500BDE804
:10ADC000F08730B502460024002012F8013B43B161
:10ADD00078B18C4207D1702B04D0A3F140053A2DF5
:10ADE00007D8002030BDA3F140053A2D01D8013429
:10ADF000EAE7252B08BF80F00100E6E70020704756
:10AE00000FB407B504A951F8040B019100F095FAAD
:10AE100003B05DF804EB04B0704710B50369024657
:10AE200013F0080009D11368D4689C429BBF01202D
:10AE3000126AE31AD31A0B6010BD00231846FAE712
:10AE400013B501A90446FFF7E8FF20B1019BE268B2
:10AE5000013B13440193206A019BC01A013802B0E0
:10AE600010BD10B5044650182269236AD20702D5D6
:10AE7000013B184010BD984228BFC01AFAE710B530
:10AE800004460A46C168FFF7ECFF2369E06023F03F
:10AE90000803236110BD38B50D46C2698B000168F7
:10AEA00043F00203044642F8213001682A46FFF7C6
:10AEB000D8FFE3686168984208BF2369206008BF33
:10AEC00043F008032A46204608BF2361FFF7C9FF65
:10AED000606038BD2DE9F74F0F460021D0F80CB067
:10AEE000C669009216F82B209A4602F00302022A45
:10AEF00014BF894656F82B2006EB8B030193009B69
:10AF000008BFC2F39D0919600446CAF80010B9F1E0
:10AF1000000F07D04946FFF7B2FFE368A3604FF088
:10AF2000010804E001698A0705D44FF00008404693
:10AF300003B0BDE8F08F816906EB8B00884716F8F7
:10AF40002B10054611F00108EFD08B071DD51FB15E
:10AF500039462046FFF79FFF61682A462046FFF7E3
:10AF600080FFD4E902138B42606007D12A46204655
:10AF7000FFF777FF4FF000080146A06023692160CA
:10AF800043F00803E1602361D1E701462046FFF763
:10AF900076FFE168A1601FB12068E16941F8209067
:10AFA000EA19CAF8002021682046FFF75AFF2269F3
:10AFB000206042F00802226116F82B2022F00102E4
:10AFC00006F82B20DDE900321A60A8E770B50446C8
:10AFD0001546FFF746FF2368834205D123692160A8
:10AFE00023F00803236170BDE269AB0043F0020364
:10AFF00042F8213061682A462046FFF732FF606040
:10B00000F1E738B5036904465B0706D5456AFFF7E3
:10B0100017FF85422CBF6562606238BD38B50D46AA
:10B0200004461C22002103F093F80022EB68A36180
:10B03000AB6863612B68E3616B68626223622A69B3
:10B0400023B1591E194208BF42F0010222610122B8
:10B0500004F128000021BDE8384002F08BBD2DE945
:10B06000F04F00259846036A87B08B4204460E468F
:10B070009346AA460395059538D3EFF3118920230B
:10B0800083F31288BFF36F8F059A2AB129462046B1
:10B09000FFF79CFF0023059304A92046FFF7BDFEA0
:10B0A00004990746B1422AD32268E369204613F87F
:10B0B000221003EB820A21F0030103F82210216819
:10B0C0003246FFF7CEFEE3682060984212D0002798
:10B0D00089F31188BFF36F8F039929B162690AB1AF
:10B0E0002046904700230393002FC6D1504607B057
:10B0F000BDE8F08F236943F008032361E7E718B147
:10B100002046FFF7C8FEE3E75BEA08031CD0019185
:10B1100002F090FD0199B8B9B9F1000F14D189F38B
:10B120001188BFF36F8F5A46434604F12800FEF79B
:10B13000BDF8EFF31189202383F31288BFF36F8FDB
:10B14000B0FA80F77F09C3E7204605AB03AA25685C
:10B15000FFF7C0FE0746BBE770B5044683690846A3
:10B160000D4698470246EFF31186202383F3128899
:10B17000BFF36F8F2B78204643F001032B7061687B
:10B18000FFF76FFE60602046FFF73BFF86F31188F4
:10B19000BFF36F8F70BD2DE9F843044600272026CA
:10B1A000EFF3118586F31288BFF36F8F2369A268CE
:10B1B000190702D46368934200D2236A9B1A002BBA
:10B1C00042D0E06910F8221000EB820911F003036D
:10B1D0003AD0022B04D150F822305FEA930805D10F
:10B1E000CB0720D44846A36998478046A1684246C9
:10B1F0002046FFF736FE0127A06041462046FFF7B4
:10B200003EFE3B4685F31188BFF36F8F002BC7D1FD
:10B2100037B1B9F1000F03D104F12800FEF712F89D
:10B220004846BDE8F88341F0020100F82210A36906
:10B230004846D4F808809847414602462046FFF722
:10B2400010FE0023A060DDE79946DBE7F8B5044671
:10B25000836908460D4698470646EFF31187202379
:10B2600083F31288BFF36F8F2B7823F001032B70C9
:10B2700023699B0705D5E268E36903EB82039D42DE
:10B280001AD12B7823F002032B70D4E902319942B2
:10B2900004D132462046FFF7E4FDA0603146204647
:10B2A000FFF7EDFD87F31188BFF36F8F04F12800DE
:10B2B000BDE8F840FDF7C6BF2B6860F39F032B6025
:10B2C000F0E7EFF31181202383F31288BFF36F8F30
:10B2D00002698368120702D442689A4200D2026A65
:10B2E000D31A81F31188BFF36F8F181E18BF012086
:10B2F0007047704703785B075FBF03684288C3F3FA
:10B300004A2303EB12105DBF173020F007008008BE
:10B3100000207047002070470346D3E8EF0F421C1F
:10B32000C3E8E12F0029F8D1704708B502F036FED6
:10B330000A220023F4F764FE08BD1FB50023CDE9FF
:10B3400002011A4619461846CDE90033F6F798F976
:10B3500005B05DF804FB0120F5F756BF00207047EB
:10B360004368DA7101224368196043685A71F5F73E
:10B370003DBF70B515460C4669B1D2E901369B1B3D
:10B3800099420AD813680A460146981902F0D3FE7A
:10B39000AB682344AB60204670BD6FF01B00FBE739
:10B3A00070B50E4615461946044618B9BDE87040FA
:10B3B000F5F72ABF33B1C2F34A231030120D1844F7
:10B3C00002F0B9FEC4E900562046BDE87040F6F729
:10B3D000B7B82DE9F3415F1C4FEA8708064608F12C
:10B3E000170020F0070080080C461546F5F786FF89
:10B3F00000238DF80470ADF805308DF8073068B182
:10B400000346019AA8F1040143F8102F2A46294463
:10B4100052F8045B8A4243F8045FF9D100233146B5
:10B42000A20102F4E07242EA482222F07F4222F4B2
:10B43000700222F03F0202B0BDE8F041FFF7B0BF5A
:10B4400007B50123019201AAFFF7C3FF03B05DF81E
:10B4500004FB07B5CDE9002302236A46FFF7B9FFD5
:10B4600003B05DF804FB1FB5CDE90123069B01AADB
:10B4700003930323FFF7ADFF05B05DF804FBF8B5B8
:10B4800006460D4614461F4604B9F8BD2146284617
:10B490003A46B047241A0544F6E710B54268044618
:10B4A000D2E9002381680068FFF7E9FF00226368A2
:10B4B0001A6010BD38B54B6805461A68CB680C4653
:10B4C0009A4202D10846FFF7E8FF6368D3E8EF2FFE
:10B4D000511CC3E8E01F0028F8D1A36800209D5448
:10B4E00038BD0A2838B504460D4602D10D20FFF7B5
:10B4F000E1FF29462046FFF7DDFF002038BD2DE99A
:10B50000F043054689B008460E8891F800900C4635
:10B51000D1F808801746F6F705F9011EC6F3821622
:10B52000C9F3C2091FDB4846F6F71CF8034621465B
:10B5300051F8102B6088C2F34A22002A01EB020462
:10B5400008BF00210022C0F30B10CDE90507CDE9AB
:10B55000031428464146CDE900220296F6F70EF97B
:10B5600009B0BDE8F0830023E1E7436800201B68D1
:10B570005B681961704743681B681A6852685360BA
:10B58000704701212DE9F04143681B685A68117525
:10B590001D682F68D5E90136D3E900481CB96B68EE
:10B5A0001C60BDE8F081214630464246B847241A67
:10B5B0000644F3E743681B681868F6F715BA70B5D8
:10B5C00043680C461D686B681869F5F7F9FD21465C
:10B5D00003460F222868BDE87040184710B5F6F7FB
:10B5E0005DFA044698B1838A4BB9C3687BB11B6886
:10B5F0006BB1984710B9A38A0133A38210BD4FF6EF
:10B60000FF72934203D0013383820020F6E76FF08C
:10B610001500F3E710B5F6F741FA30B1C36823B16E
:10B620005B6813B1BDE8104018476FF0150010BDFE
:10B630002DE9F0410D4616461F46F6F72FFA50B198
:10B64000C36843B19C6834B13B4632462946A446A0
:10B65000BDE8F04160476FF01500BDE8F0812DE9CD
:10B66000F0410D4616461F46F6F718FA50B1C3686A
:10B6700043B1DC6834B13B4632462946A446BDE8B6
:10B68000F04160476FF01500BDE8F08102F060BD49
:10B6900002F051BD01460068F6F7DCBA08B5F6F7CE
:10B6A00035FBBDE80840F6F7E9BE0A460121FFF781
:10B6B000C7BE00210120F6F7CDBA6FF085007047B4
:10B6C00061B662B680F31188BFF36F8F704772B6B0
:10B6D000002383F31188BFF36F8FBFF34F8F30BF09
:10B6E00062B6BFF36F8F704740E800F313F4803FFA
:10B6F000D8B208BF6FF01500704730B50C684B68C2
:10B7000085B00A894D890094013B24F01F0423442D
:10B7100002F01F0242EA451223F01F0369468DF82A
:10B7200008200393F6F754FF05B030BD08B5D1E902
:10B7300004319847002008BD08B5F7F75DF90020EF
:10B7400008BD002303824369C3607047027A013257
:10B750000272704710B508B14B68436000234C6813
:10B7600008464B60F7F710FA204610BD8388026840
:10B7700019448180D018704730B484880568A318B4
:10B780008380281930BC02F0D6BC10B583880268CB
:10B790005C1C8480D154D01810BD30B583880268F9
:10B7A0009D1C8580D418D154090A617030BD8388EE
:10B7B0005B1A9BB2838000681844704703468288F6
:10B7C000521A8280006808441860704783689B683A
:10B7D00003B118476FF057007047FDF7B1BC08225E
:10B7E0004FF4D57310B58AB0CDE901237923002237
:10B7F000CDE90732C82304460993006883685B6873
:10B8000013B901200AB010BD01A998470028F8D14A
:10B8100094F84B308BB1049BDAB2AA2AF1D103F42D
:10B820007063B3F5807F09BFB4F86A306FF08500AC
:10B8300043F00803A4F86A30E4E7039BECE70A212D
:10B8400020EAE070A0FB010102F0DFBA0022102123
:10B8500000B58BB0CDE90712C821CDE901220991CD
:10B8600083685B6823B101A998470BB05DF804FBBE
:10B870006FF05700F9E708B530B18368DB6823B192
:10B880009847431E5842584108BD6FF05700F8E7EB
:10B8900083685B6803B118476FF05700704783688F
:10B8A0009B6803B118476FF05700704783685B6966
:10B8B00003B118476FF057007047FFF7C1BD70B56F
:10B8C00012048AB002921C4600220323CDE90732FB
:10B8D000C823019101A90993FFF7DAFF054658B97A
:10B8E000234603AE07AC324603CAA2421860596031
:10B8F000164603F10803F6D128460AB070BDFDF7DD
:10B900001FBC00230D2210B58AB0CDE9012390F8A9
:10B910004B3004461BB9B0F85E301B040293312350
:10B920000022CDE90732C823206801A90993FFF757
:10B93000AFFFC0B994F84B20039B62B113F4407F72
:10B9400013D113F4604F13D113F4E05F18BF6FF0FD
:10B9500004000AB010BD03F4F853B3F5106F18BF1C
:10B960006FF00F00F5E70120F3E76FF00C00F0E750
:10B970006FF01500EDE7002330B585B00446B0F850
:10B980005E20019309216B460068FFF798FF30B9EC
:10B99000DDE90232920F019903D0012A19D005B0D6
:10B9A00030BD40F6FC72C3F3034502EA830343EA69
:10B9B0009173C1F3C23101330231092D03FA01F34E
:10B9C00001D0AB405B0A23664FF40073A4F86430E7
:10B9D000E5E71B0403F47C1343EA114301339B02A4
:10B9E000F1E70B46002202210068FFF768BF002341
:10B9F000032210B58AB0CDE901230822CDE907233F
:10BA0000C823044609930022206801A9FFF740FFDC
:10BA100028B9BDF80E30A4F85E30002BF3D00AB080
:10BA200010BD83685B6803B118476FF0570070471B
:10BA300083689B6803B118476FF057007047FFF7A2
:10BA4000FFBCF7F71DBCF7F74FBAF7F7CDBAF7F71A
:10BA500087BBFFF7F5BC4FF0FF324FF0FF330430E8
:10BA6000FDF7FCBAFDF76CBB90F86C00C0F3411019
:10BA7000704783691B6993F8800000F001007047EC
:10BA8000F8B504461E460D461746FFF7E4FF94F846
:10BA90006C309B0715D425B1012D10D06FF0150522
:10BAA00008E0216F0029F9D000259DF818300F71AA
:10BAB0004E718B71201DFFF7D5FF2846F8BD616FD1
:10BAC000F0E76FF07705F5E738B504460D46FFF768
:10BAD000C2FF94F86C30201D65F3041384F86C30B9
:10BAE000BDE83840FFF7BEBF90F86C00C0F380009F
:10BAF000704783691B6993F88000C0F3001070479A
:10BB00000246034652F8640F90420BD10020704762
:10BB1000027A8A42FBD09A6E8242F7D000680028EF
:10BB2000F6D170470028F3D1704738B504460D466A
:10BB3000FFF791FF94F86C30DB0718D42B690BB931
:10BB4000EB68BBB1636E1BB904F16403C4E919333C
:10BB50002B6893B9A26E04F16401C5E90012156067
:10BB6000A5661D46201DFFF77DFF284638BD4FF016
:10BB7000FF35F7E76FF01505F4E76FF07705F1E7AC
:10BB8000436E30B563B1002200F16405436EAB42F1
:10BB900006D0D3E9001421604C60C3E90022F5E728
:10BBA00030BD10B50446034654F84C0FA0420DD1E9
:10BBB00000200DE0447D8C4204D1032909D1047A90
:10BBC000944205D01C6D8442F2D000680028F1D167
:10BBD00010BD0F29F5E7002230B500F14C05C36C0C
:10BBE000AB4206D0D3E9001421604C60C3E90022C7
:10BBF000F5E7002030BD2DE9F04105460C46061D55
:10BC00004FF0FF324FF0FF333046FDF727FA2F6F2A
:10BC1000002F6DD095F86C30DB0769D4EB6C1BB945
:10BC200005F14C03C5E913332368002B63D1637D11
:10BC30000F2B09D1237A012B0CD02B6D05F14C026F
:10BC4000C4E900231C602C65637D032B0FD04FF0EB
:10BC5000000806E02846E168FFF767FF80460028F5
:10BC6000EBD03046FDF76CFA4046BDE8F081EA6C57
:10BC700005F14C0090421ED1002329E091F815C037
:10BC8000BCF1030F10D0013323724B68C4E90013D9
:10BC90001C604C60637A022B24D0032B25D0012B2F
:10BCA000D5D1237ABB73D2E791F808C00CF1FF3CE1
:10BCB0006345E8D11268002ADED0517D2B6D03293F
:10BCC0000DD19A42137A02D011680029D6D10133DE
:10BCD00023722B6DC4E900031C602C65DAE79342E4
:10BCE000E8D1C9E7237AFB73B1E7237A3B74AEE767
:10BCF0004FF0FF38B5E76FF07708B2E7034600680A
:10BD000000B1187A70478388C2888168D21A0368A4
:10BD10005B1AD01A70470346C08808B11878C0096A
:10BD2000704770B50C461546F9F75CF840B14068AD
:10BD300083681B6823B12A462146BDE87040184736
:10BD400070BDF8B504460D46174686680369A033F2
:10BD5000D3E8AF3F9B070ED5B36A7BB1F36B98472F
:10BD60002946B36A3A4620469847336C0546204632
:10BD700098472846F8BD4FF0FF35FAE76FF0850584
:10BD8000F7E770B504460D4686680369A033D3E82B
:10BD9000AF3F9B070BD5F36B98472946736A204644
:10BDA0009847336C054620469847284670BD4FF0AB
:10BDB000FF35FAE710B5044619B9002084F83000C1
:10BDC00010BDF7F73DFE0028F7D0F9E74FF0FF323E
:10BDD0004FF0FF330430FDF741B9FDF7B1B921B1A0
:10BDE00001290DD000231B68FFDE5430006848B1E4
:10BDF00043685B79934205D000680028F8D170470A
:10BE00005C30F3E7704710B590F830300446022BF1
:10BE100009D1FFF729FE94F8382001462046BDE8F5
:10BE20001040FFF7DCBF002010BD08B5FFF7D7FFBB
:10BE3000003818BF012008BD8368DB6A03B11847CA
:10BE400070474FF0FF324FF0FF330430FDF706B973
:10BE500008B583681B6B0BB198470346002023B1DC
:10BE600053F8042B0AB1127802B908BD1044F6E762
:10BE700010B51C46FFF7B3FF48B10122C06802FAB3
:10BE800004F320B10269134201D10068F9E710BD43
:10BE900010B50C46FFF7B7FF48B10123C06803FA9D
:10BEA00004F120B10369194201D10068F9E710BD1E
:10BEB000D1F81A0083681B6903B118476FF0850039
:10BEC000704738B50C46FFF79EFF80B1C06870B16F
:10BED0004368DA681AB100231179994201DC0068DD
:10BEE000F5E71568ED5CA54201D00133F5E738BDF3
:10BEF00070B5FFF774FF0546C0B10026EC68C4B109
:10BF00002A6923689442EB6000D12B6104F1140389
:10BF1000D3E8EF1F21F00101C3E8E21F002AF7D1A7
:10BF20006068FFF789FF63685E60E7E76FF03C00D9
:10BF300070BD2046FCE7F8B50646CC680CB9204633
:10BF400022E0012504F10C07E268AAB165F07F0345
:10BF5000D9B203F07F031033DA40D2070ED4E3687E
:10BF6000EB40DB0705D53A46B069E9B200F09BF833
:10BF700050B90135102DE7D12468DFE73A46B069A2
:10BF800000F091F80028EAD0F8BD2DE9F34700242D
:10BF900005460E46A146576897F805803B79A342AF
:10BFA00003DC002002B0BDE8F0875FFA84FA314676
:10BFB000534642462846FFF75BFF014650B15346C1
:10BFC00001222846CDF80090F8F7E4FF0028E9D1D7
:10BFD0000134E3E76FF03C00E4E72DE9F7438046E6
:10BFE0000D461746FFF754FF064628B96FF00104C7
:10BFF000204603B0BDE8F0830F2DF7D808EB050904
:10C00000014699F83A402B46002240460097F8F73F
:10C01000C1FF0028EAD100942B4602223146404657
:10C02000F8F7B8FF04460028E2D12B46012231463A
:10C0300040460097F8F7AEFF04460028D8D1706854
:10C0400083685B6813B13A462946984789F83A7085
:10C05000CEE7012311F0800F18BF21F080010268A4
:10C0600018BF10318B4022EA03030360704737B5D5
:10C070008B790C46009315468B88CA78897800F036
:10C0800063FD70B994F90230A178002B4FF00103E1
:10C09000B8BF21F080012A68B8BF10318B4013432C
:10C0A0002B6003B030BDF8B506460D46174600F0CC
:10C0B00074FD044658B929463846FFF7CAFF294699
:10C0C000304600F065FE044608B901F0DDFD20466B
:10C0D000F8BD0A468069802100F08ABE0B0648BF81
:10C0E00021F08001406B48BF1031C84000F00100D2
:10C0F0007047F8B505460E46071D4FF0FF324FF06A
:10C10000FF333846FCF7AAFFEC692CB9EE613846DC
:10C11000FDF716F82046F8BD6FF07704F7E7C3691E
:10C1200082B08DF8001001922BB102AB13E906002A
:10C1300002B0F9F769B802B070474B78032B01D011
:10C14000052B01D1002070471BB9012203695A72E7
:10C15000F8E76FF0850070474B78032B05D0052B6F
:10C1600014BF6FF0850000207047002070474A78A8
:10C170000369013A052A11D8DFE802F00318161006
:10C1800016169A6C0AB1926932B90A225A720B22B7
:10C190006FF085009A727047CA881AB90A225A72DB
:10C1A0000F22F5E703225A72002070479A6C002A8A
:10C1B000EBD05269002AE8D0CA88B2F5007FEDD8EA
:10C1C0000922F0E7002070474B78042B06D0052B9E
:10C1D00009D0032B07D06FF0850070470222036956
:10C1E0005A7200229A7200207047036918687047DB
:10C1F00003690246002083F8440083F84C0018814C
:10C20000986452681A64704703695868704700223E
:10C210000A21006BFFF783BF10B4846C0A462369C0
:10C220001BB1017AA06810BC1847012010BC7047F0
:10C2300010B54B780469032B03D0052B11D10020D6
:10C2400010BD02212046FFF7E7FF38B1022300228C
:10C250000B21206C6372FFF762FFF0E70723637224
:10C26000EDE70A2363720F236FF08500A372E7E7FF
:10C27000062203691A72FFF7DBBF10B54A7803691B
:10C28000023A042A08D8DFE802F00310071012006F
:10C29000CA88B2F5007F06D90A225A720F226FF0BF
:10C2A00085009A7202E009225A72002010BD022114
:10C2B00059720069FFF7B0FFF7E710B54A780369D4
:10C2C000013A052A12D8DFE802F003110711070B23
:10C2D000CA881AB906225A72002010BD0322FAE752
:10C2E000022159720069FFF797FFF5E70A225A7297
:10C2F0000F226FF085009A72EFE710B54B78046952
:10C30000032B03D0052B0BD1002010BD05212046A7
:10C31000FFF782FF10B105236372F5E70423FBE703
:10C320000A2363720F236FF08500A372EDE70322E7
:10C3300003691A72FFF7E1BF38B50546538A108AC0
:10C3400002F10C041B1AD0685269821A9B1ACA881F
:10C35000934228BF1346062B15D1A97A2046FFF732
:10C3600014FA0A212046FFF718FA00212046FFF7A9
:10C370000CFA297A2046FFF708FA00212046FFF739
:10C3800004FA002038BD6FF08500FBE703691869E7
:10C39000FFF75DBB00690069FFF757BB00690069E3
:10C3A000FFF751BB10B503691C695B681868FFF79C
:10C3B00062FA28B194F8CC00023818BF012010BDF1
:10C3C0000220FCE738B503695D681C692868FFF73F
:10C3D00052FA50B121462868F6F7A6FC18B101239D
:10C3E00084F8CC3038BD0223FAE70220FAE70629A8
:10C3F00010B406D000690729006905D010BCFFF70A
:10C4000020BB10BCFFF7DEBF002280F8CC20F5E790
:10C4100000207047036901395B6806290DD8DFE801
:10C4200001F004080C0A060606005B681360002091
:10C4300070471B68FAE70123F8E76FF015007047B3
:10C44000034600690361F5F7AFBB0020704730B4C5
:10C450000125416802690968137E4D6154685B09D2
:10C4600054B1107E023300F01F0052F8231005FA79
:10C4700000F0234630BC184730BC704710B4026946
:10C48000416802200968537E486154685B095CB1C9
:10C49000034452F823100123507E00F01F0003FADA
:10C4A00000F0234610BC184710BC704710B4026956
:10C4B000416804200968937E486154685B095CB157
:10C4C000023352F823100123907E00F01F0003FA7C
:10C4D00000F0234610BC184710BC704710B4026926
:10C4E000416808200968D37E486154685B095CB1E3
:10C4F000023352F823100123D07E00F01F0003FA0C
:10C5000000F0234610BC184710BC704710B40269F5
:10C51000416810200968137F486154685B095CB169
:10C52000023352F823100123107F00F01F0003FA9A
:10C5300000F0234610BC184710BC704710B40269C5
:10C54000416820200968537F486154685B095CB1E9
:10C55000023352F823100123507F00F01F0003FA2A
:10C5600000F0234610BC184710BC704710B4026995
:10C57000416840200968937F486154685B095CB159
:10C58000023352F823100123907F00F01F0003FABA
:10C5900000F0234610BC184710BC704710B4026965
:10C5A000416880200968D37F486154685B095CB1A9
:10C5B000023352F823100123D07F00F01F0003FA4A
:10C5C00000F0234610BC184710BC704710B4026935
:10C5D00041684FF48070096892F8203048615468CF
:10C5E0005B0964B1023352F82310012392F8200052
:10C5F00000F01F0003FA00F0234610BC184710BCDF
:10C60000704710B4026941684FF40070096892F8ED
:10C610002130486154685B0964B1023352F8231039
:10C62000012392F8210000F01F0003FA00F02346D6
:10C6300010BC184710BC704710B4026941684FF431
:10C640008060096892F82230486154685B0964B1DF
:10C65000023352F82310012392F8220000F01F0049
:10C6600003FA00F0234610BC184710BC704710B402
:10C67000026941684FF40060096892F8233048610C
:10C6800054685B0964B1023352F82310012392F815
:10C69000230000F01F0003FA00F0234610BC1847E7
:10C6A00010BC704710B4026941684FF480500968AB
:10C6B00092F82430486154685B0964B1023352F83F
:10C6C0002310012392F8240000F01F0003FA00F069
:10C6D000234610BC184710BC704710B4026941686B
:10C6E0004FF40050096892F82530486154685B099E
:10C6F00064B1023352F82310012392F8250000F0B0
:10C700001F0003FA00F0234610BC184710BC704706
:10C7100010B4026941684FF48040096892F82630ED
:10C72000486154685B0964B1023352F82310012355
:10C7300092F8260000F01F0003FA00F0234610BC18
:10C74000184710BC704710B4026941684FF40040AC
:10C75000096892F82730486154685B0964B1023374
:10C7600052F82310012392F8270000F01F0003FA6B
:10C7700000F0234610BC184710BC7047002208B5D3
:10C7800011460D20F5F7FCFD0D20F5F7D7FD002231
:10C790000E201146F5F7F4FD0E20F5F7CFFD00222F
:10C7A0000F201146F5F7ECFD0F20F5F7C7FD00222D
:10C7B00010201146F5F7E4FD1020F5F7BFFD00222B
:10C7C00011201146F5F7DCFD1120F5F7B7FD002229
:10C7D00012201146F5F7D4FD1220F5F7AFFD002227
:10C7E00013201146F5F7CCFD1320F5F7A7FD002225
:10C7F00014201146F5F7C4FD1420F5F79FFD002223
:10C8000015201146F5F7BCFD1520F5F797FD002220
:10C8100016201146F5F7B4FD1620F5F78FFD00221E
:10C8200017201146F5F7ACFD1720F5F787FD00221C
:10C8300018201146F5F7A4FD1820F5F77FFD00221A
:10C8400019201146F5F79CFD1920F5F777FD002218
:10C850001A201146F5F794FD1A20F5F76FFD002216
:10C860001B201146F5F78CFD1B20F5F767FD002214
:10C870001C201146F5F784FDBDE808401C20F5F7A3
:10C880005DBD38B50446807AF6F7F8F8616905466B
:10C8900049B1637ADB0704D4C36920461B689B68EF
:10C8A00098470023636121462846BDE8384001F0DF
:10C8B00053B930B509060546847C14D414F0400001
:10C8C00016D0298AC3F30A00C1F30A01884222D88C
:10C8D00002F00300022809D003280AD0012811D051
:10C8E00004F0010004E014F02000E9E7C4F3800044
:10C8F00030BD14F00200FBD013F4C05F09D0C4F3C4
:10C900000010F5E714F0080205D013F4C05FEFD073
:10C91000F5E70120ECE70020EAE7A030D0E8AF0F10
:10C9200000F001007047A030D0E8AF0FC0F3400026
:10C93000704701F00F030269090648BF103352F82F
:10C9400023007047007DC0F300107047037D61F342
:10C9500004130375704708B502691046FFF7DDFF41
:10C9600060B9087E00F00F03000648BF103342F89C
:10C970002310084601F0DDF8002008BD6FF00C0020
:10C98000FBE700220023FCF72BBC01F0EFB801F01D
:10C99000D8B8407EC0F3C0007047437E23F0080340
:10C9A000437670471FB504698DF80410CDE9022065
:10C9B000D4F8983001A9984704B010BD1FB50346BC
:10C9C000046906208DF804002046CDE90213FFF724
:10C9D000A4FF40B1C1F81E201846D4F8982001A940
:10C9E000904704B010BD4FF0FF30FAE738B5054668
:10C9F0000C462046FFF7C5FF014600B938BD6FF071
:10CA000070022846FFF7DAFFF3E72DE9F8430669DD
:10CA100007460D46D6F80090D6F840804FF0FF321A
:10CA20004FF0FF3306F18400FCF718FB4046FFF798
:10CA3000A8FF014618BB4846FFF7A3FF044620BBEA
:10CA400099F8143023F0100389F8143098F8143052
:10CA500023F0100388F8143024BB012286F8B0209C
:10CA6000EDB12B68C6F8A8306B6886F8B120C6F81F
:10CA7000AC3038698430BDE8F843FCF761BB6FF037
:10CA800067023846FFF79AFFD0E7637EDB07D7D40B
:10CA90006FF0670221463846FFF790FFCBE786F834
:10CAA000B150E6E72DB10822294604F10C00FEF74B
:10CAB00063FE002221463846FFF780FFD9E72DE9C3
:10CAC000F8430546884614461F46D0F80890FFF7FD
:10CAD00030FF0646002834D02846D9F83C30984725
:10CAE0004146224630463B88FFF7E3FE804688B148
:10CAF00083B92B6904F0030493F88030DB0753BF3C
:10CB000040224FF480624FF400711146022C0DD088
:10CB1000032C11D02846D9F840309847B8F1000FBF
:10CB200014BF00206FF08500BDE8F883338A8B4284
:10CB300028BF0B463B80EDE7338A934228BF13465C
:10CB4000F8E76FF01200EFE72DE9F3411F464B06BF
:10CB500004460D461646D0F808801BD0D8F83C3065
:10CB600098472069FFF7DFFE88B19DF820302946FD
:10CB7000009332463B462046F8F77EFE05462046A7
:10CB8000D8F840309847284602B0BDE8F0814FF011
:10CB9000FF35F4E76FF01505F5E770B54B06044671
:10CBA0000D46866812D0F36B98472069FFF7B5FEF3
:10CBB00048B129462046F8F7A3FE05462046336CC7
:10CBC0009847284670BD4FF0FF35F7E76FF0150521
:10CBD000F7E770B5054686680C46F36B98472869F9
:10CBE000FFF7A1FEB0B121462846FFF7A2FE01469D
:10CBF00098B1037DDB0710D5437E03F00303012BBF
:10CC00000ED02846F368984704462846336C984768
:10CC1000204670BD4FF0FF34F7E76FF01204F4E7E1
:10CC20006FF08504F1E7F8B5064687680C46FB6BA4
:10CC300098473069FFF777FEE0B121463046FFF7AD
:10CC400078FE0546C8B1037DDB0716D5437E03F0A9
:10CC50000303012B14D001463B6930469847044634
:10CC600018B92B7D60F341032B7530463B6C984718
:10CC70002046F8BD4FF0FF34F7E76FF01204F4E7F9
:10CC80006FF08504F1E72DE9F041054686680769F4
:10CC9000F36B0C4698472869FFF745FE98B394F864
:10CCA000188028464146FFF744FE014670B3037DD5
:10CCB000DA072BD518F07F0F20D197F8B030EBB101
:10CCC000637EDB0717D597F8B13033B1082207F13F
:10CCD000A80104F10C00FEF74FFD002287F8B020F8
:10CCE00021462846FFF76AFE04462846336C9847DB
:10CCF0002046BDE8F0816FF06702F1E72246284642
:10CD000073689847F0E74FF0FF34EEE76FF01204D6
:10CD1000EBE770B504468568EB6B98472069FFF731
:10CD2000FCFDD8B923691E6C56B923691E687EB90B
:10CD3000002620462B6C9847304670BDF5F724FF3F
:10CD40003046FFF71EFE0028F8D1EEE7F5F71CFF8E
:10CD50003046FFF716FE0028F8D1E9E76FF00F061E
:10CD6000E7E770B505460C468668F36B98472146A1
:10CD70002846FFF7DEFD48B100F0F8FEB0FA80F477
:10CD800064092846336C9847204670BD0124F8E7B3
:10CD900070B5054686680C46F36B98472869FFF71F
:10CDA000BCFD80B121462846FFF7C3FD014668B1AE
:10CDB00004681CB12846B368984704462846336C7B
:10CDC0009847204670BD4FF0FF34F7E76FF012042C
:10CDD000F4E708B5036900211B685A8BF8F7BAFD20
:10CDE00028B1437E23F0070343F00103437608BDD7
:10CDF00008B539B90369013A1B685B8B1A44B2FB69
:10CE0000F3F25A43F8F7A6FD28B1437E23F0070357
:10CE100043F00203437608BD08B561B903691B6896
:10CE20005A8BF8F797FD28B1437E23F0070343F0B0
:10CE30000403437608BD0022F3E770B50546866813
:10CE4000F36B98472869FFF76EFD044620B13368FD
:10CE50003BB12846984704462846336C98472046FD
:10CE600070BD0124F8E7F8B5044687680669FB6BD6
:10CE700098472069FFF751FDB8B12069FFF753FDCE
:10CE8000B0B92046FB6A9847054648B906F1A003A9
:10CE9000D3E8EF1F41F00201C3E8E21F002AF7D1F7
:10CEA00020463B6C98472846F8BD4FF0FF35F7E722
:10CEB0006FF07705F4E7F8B5044687680669FB6B01
:10CEC00098472069FFF72FFD90B13B6B20469847AC
:10CED000054606F1A003D3E8EF1F21F00201C3E8E5
:10CEE000E21F002AF7D120463B6C98472846F8BD40
:10CEF0006FF07705F7E72DE9F041054614460F4638
:10CF0000D0F80880066911B30AB3D8F83C309847C6
:10CF10002869FFF702FDB8B9C6E926742846D8F893
:10CF200034309847044640B9A036D6E8EF3F43F086
:10CF30000103C6E8E23F002AF7D12846D8F840307E
:10CF400098472046BDE8F0816FF07704F5E76FF071
:10CF50001504F6E7F8B5044687680669FB6B984741
:10CF60002069FFF7E0FCB0B92069FFF7D6FCA8B153
:10CF7000BB6B20469847054606F1A003D3E8EF1F98
:10CF800021F00101C3E8E21F002AF7D120463B6CE3
:10CF900098472846F8BD6FF00F05F7E76FF0770563
:10CFA000F4E710B50C7E436824F080021B682CB9AE
:10CFB00093F8080140F0100083F80801520113446F
:10CFC00091F9181093F808210029B5BF42F0020228
:10CFD00042F0010283F8082183F80821B5BF93F8D5
:10CFE000002193F8002102F08F0202F0F80283F88A
:10CFF0000021002010BD10B50C7E436824F0800293
:10D000001B685201134493F8052114F0800F14BFDC
:10D0100042F0200242F0100283F805210B7E00202E
:10D020005B061EBF0B7D43F002030B7510BD43680A
:10D030001B6809B141F08001002099727047436874
:10D0400000201A6813899BB243F0020313817047D2
:10D05000012070470020704740F2FF33984207D00C
:10D0600018B1B0FA80F0C0F120000438C0B27047A7
:10D0700007207047F8B54D7E0F7E05F003056E1E44
:10D080004368022E88BF01251A6827F0800498BFE4
:10D090000135EFB95E6803694020D3F8A430B77159
:10D0A000A4333360737903F03F037371F37923F092
:10D0B0000F03F371FFF7D0FFF37960F3061367F303
:10D0C000C713F37192F8093143F0100382F8093164
:10D0D00091F91830002B4FEA4413134493F80021C0
:10D0E00011DA42EA051283F8002193F8042142F094
:10D0F000800283F8042193F8092142F0020283F8A8
:10D1000009210020F8BD2A4383F8002193F8052166
:10D1100042F0400283F8052193F8092142F0010210
:10D12000EDE738B543680A7E0C461B6822F08002A2
:10D13000EFF31185202181F31288BFF36F8F94F9EB
:10D140001810520100291344B5BF93F8042193F835
:10D15000052142F0800242F04002B4BF83F804216E
:10D1600083F805212146FFF741FC00212046FFF707
:10D17000EDFB85F31188BFF36F8F002038BD08B534
:10D180009620F5F7E9F89720F5F7E6F89820F5F7F7
:10D19000E3F8BDE808409920F5F7DEB8002208B5AD
:10D1A00011469620F5F7ECF89620F5F7C7F800221F
:10D1B00097201146F5F7E4F89720F5F7BFF800221D
:10D1C00098201146F5F7DCF89820F5F7B7F800221B
:10D1D00099201146F5F7D4F8BDE808409920F5F7F5
:10D1E000ADB813460A460121FEF733B903460022C3
:10D1F000D3E8EF0FC3E8E12F0029F9D17047F8B564
:10D20000046905464668D4F8A47004F1840000F06F
:10D2100008FC07F1900000F078FF07F19C00FFF791
:10D22000E5FF07F1A000FFF7E1FF94F88030284602
:10D2300023F0720343F0620384F88030B268002365
:10D240003169F8F7B1FB044650B9D6E902218023D1
:10D250002846F8F7A9FB044610B92846F36B98470F
:10D260002046F8BD00F056BF01234A0901F01F0116
:10D270008B4000EB8200D0E8EF2F1A43C0E8E12F8B
:10D280000029F8D1704738B50C46097E31F080028C
:10D290003AD0436852011B6811F0800F134493F891
:10D2A0000421006914BF42F0200242F01002D0F8BD
:10D2B000A45015BF83F8042183F8042193F80421B6
:10D2C00093F8042114BF42F0020242F0010220460A
:10D2D00083F80421FFF736FB90B92046FFF755FB92
:10D2E00070B1237E05F19C0003F07F011B0648BF4F
:10D2F0001031FFF7B9FF022105F19000FFF7B2FFEF
:10D30000237D23F002032375002038BD08B5006992
:10D310008430FBF715FFBDE80840FCF7F3BC10B5FF
:10D320000446FCF7DBFC206984304FF0FF32BDE897
:10D3300010404FF0FF33FBF791BE38B50C46036940
:10D3400011462046D3F8A450FFF721FB237D9A070E
:10D350000ED4237E05F19C0003F07F011B0648BF1D
:10D360001031FFF781FF022105F19000FFF77AFFEE
:10D37000002038BD38B5054608460C46FFF705FBCA
:10D38000014620B1237E1BB9437EDA0702D538BDA2
:10D390001B060FD422466868F8F726FC78B12046B1
:10D3A000FFF7EFFA6FF06E0201462846BDE83840FD
:10D3B000FFF704BB22466868F8F776FBEEE72046E5
:10D3C000BDE838400121FFF7C1BA10B5807A0C469C
:10D3D000F5F754FBC3692146BDE81040586800F0DA
:10D3E00083BAF7B50D46807A17461E46F5F746FB19
:10D3F0002C68C369033424F00302586804212A60AE
:10D40000CDE90076FBF710FD00B9286003B0F0BD50
:10D410000023F4F7B5B82DE9F04145680846D5E991
:10D4200000680C46AF68F8F737FF002878D1A30EE4
:10D43000092B75D8DFE803F0080F1A2C054C535F51
:10D44000056A0220BDE8F08173699C076CD53069DC
:10D4500000F001001AE0F36A980765D5B36F002B5E
:10D4600060D13069C00900F00200EBE7E4B206F1D8
:10D47000400353F82430012013F0020FE2D0336947
:10D480001834A04098430CBF012000204000D9E789
:10D490000620E4B2B4FBF0F3316903F11805E9406A
:10D4A000C907DAB240D500FB1344E4B2032C4FEABB
:10D4B000820294BF06F14C0306F15003134404F0BA
:10D4C0000304E4001A6807340123A340134219E05F
:10D4D000D8F81C309A0727D5D8F80C00B8E7E4B282
:10D4E00004F1080357F82330DB051DD578680234B2
:10D4F000E040C043ACE7C4F30524203457F824309F
:10D5000013F0400F14BF022001209BE7C4F3055223
:10D51000EB680E3203EB82035A68C4F38534D3E719
:10D5200003208FE700208DE701208BE72DE9F347EB
:10D530004FF000090C4601EB0121456841F03F61C5
:10D5400041F47C21804617462E68D0F810A0CDF813
:10D550000490FFF760FF022803D0C7F80090002076
:10D560001CE006F1400353F82430C3F30223012BDF
:10D5700017D0022B2CD0BBB9AA68631C04F121017F
:10D5800052F8211003EB43035A00404601AB02F06E
:10D59000FE0201F00F01F8F741FF28B102B0BDE82B
:10D5A000F087DAF80030019306F1480353F824308D
:10D5B000443613F03F031EBF019AB2FBF3F201920F
:10D5C00056F82420019BC2F3090253433B60C6E78F
:10D5D000404601A9F8F7C8FFDFE7F0B406240A4681
:10D5E00091FBF4F104FB11244368664206F0030644
:10D5F0001F6804F0030358BF7342032C4FF001046B
:10D60000D4BF4C3750378E003E44DB0037680733B9
:10D6100004FA03F305693B4333602B8F06329440D1
:10D620001C43EB6A2C87CB40DA0706D42B6BCB402C
:10D63000DB0702D5F0BCF9F7DFBA0020F0BC704779
:10D6400010B54468C1F30520A1689B0101EB80017E
:10D65000D1F8800003F0400302F00F0220F04F00E9
:10D6600013430343C1F8803010BD10B54368012057
:10D67000C1F38534DB68C1F3055189000B44012AED
:10D68000DA6B00FA04F00CBF02438243DA6310BD88
:10D6900030B5036813600579046804EBC504A34240
:10D6A00002D36FF0010030BD5C7908338C42F1D1B8
:10D6B0000020F8E783681B6803B118476FF0570034
:10D6C000704783681B6903B11847032070470369DB
:10D6D00003F12402483352F8040B9A4241F8040B38
:10D6E000F9D100207047FDF7ABBE43685B68586A0C
:10D6F000C0F30040704743685B685A6AD2075ABF5C
:10D70000586AC0F340000120704738B5002403690F
:10D710004568A3F8604083F85C4083F85D40FAF701
:10D7200043FD0A21A86920EAE070A0FB010100F096
:10D730006CFB204638BD43689B681A7E520743BF86
:10D740009B6A00200B706FF00F00704743689B6866
:10D750001A7ED207FCD599627047026900201368CF
:10D760000B6053684B60704743689B68588B5A8BBB
:10D77000C0F3800092075A8B48BF40F0040002F0CB
:10D78000010240EA42005A8BD1065A8B48BF40F052
:10D79000080092065A8B48BF40F0100092B242F047
:10D7A00037025A8370470268012922F070620346EB
:10D7B000026004D002290CD002680260704702683F
:10D7C00042F080720260426842F400525A60FAF7F6
:10D7D000EDBE026842F080720260426822F400529C
:10D7E000F4E738B5044648B1FBF758F97823054605
:10D7F0005C43FBF753F9431BA342FAD338BD10B582
:10D80000436904463BB90020E2684042537843F044
:10D810000103537010BD98470028F4D00028B8BF0A
:10D820004042FF28A8BFFF20E3681870ECE740B132
:10D83000C368587810F001001EBF1878B0FA80F065
:10D8400040097047EFF31183202383F31288BFF35D
:10D850006F8FFEE72DE9F04F89B0DDE91268059280
:10D8600043460546324606A80F4600F099FBDDE91F
:10D870000634CDE90234EFF311844FF0200989F327
:10D880001288BFF36F8F05F10C0A05F1140B3946AE
:10D890002846059A149B984730B184F31188BFF34A
:10D8A0006F8F09B0BDE8F08F56EA0806F5D0DDE9C4
:10D8B000022306A800F099FBDDE9066852462146DE
:10D8C0005846CDE90068FCF71FF9EFF3118489F39E
:10D8D0001288BFF36F8FDAE710B400F10C04C0E9CF
:10D8E000034410BCFDF7EAB938B50446EFF31185DF
:10D8F000202383F31288BFF36F8FF2F76FFF04F1D9
:10D900000C0000F073FA30B1294604F11400BDE8B0
:10D91000384000F051BA85F31188BFF36F8F38BDDE
:10D9200010B542696AB1836842EA0301890708D1E8
:10D930000169A2FB011424B95B182CBF012100214D
:10D9400002D36FF0150005E0C1609B1A02698A429C
:10D9500001D8002010BDC26801311A604269C3605D
:10D960009B1AF3E72DE9F04105460F46EFF31188C6
:10D97000202383F31288BFF36F8FC668FEB9046853
:10D98000A0421CD0DCB1D4E9003213605A60237C81
:10D99000C4E9006623F002032374A66004F11800B2
:10D9A00000F0C3FA2046C4F88060676100F0A6F971
:10D9B000414605F10800BDE8F04100F0FDB93E60C8
:10D9C000AB69EF60013BAB6188F31188BFF36F8FE8
:10D9D000BDE8F081202408B5EFF3118384F31288A9
:10D9E000BFF36F8FFDF773FEF6E7D0E900321360E7
:10D9F0005A600023027CC0E9003322F00202027464
:10DA00008360704713B501240094FBF75DFA02B000
:10DA100010BD90F90E308B4201D0FCF7A1B8002068
:10DA2000704703460020C3E90033C3E90200704792
:10DA3000D0E9003213605A600023027CC0E9003351
:10DA400022F002020274836070472DE9F843904689
:10DA500004460D469DF82020EFF31187202181F325
:10DA60001288BFF36F8F02B14568A66804F10809F8
:10DA7000B14516D0AEB100243046FFF7D9FF06F10C
:10DA8000180000F052FA3046C6F88040C6F81480FC
:10DA900000F034F94846394600F08EF92046BDE8DA
:10DAA000F883A3B10820FCF741FC002832D0012202
:10DAB000C0F804800260016801F003015DB92268CA
:10DAC0000A430260626820606AB960600BE0404609
:10DAD000C8F80030EFE72A68032A10D801606168AF
:10DAE00039B9C4E90000002087F31188BFF36F8FB4
:10DAF000D5E70A6802F0030202430A60E5E722F074
:10DB000003020A4302602A6802F0030240EA0203A9
:10DB10002B60E8E76FF00B00E6E710B5044630B184
:10DB20000268930703D0446809B100F0FDFA20466B
:10DB300010BD0023C0E9003300F10803C0E902333F
:10DB40007047012307B5009300230A461946FFF7E3
:10DB50007CFF03B05DF804FB002307B50A46009381
:10DB60001946FFF772FF03B05DF804FB002100685F
:10DB7000FFF7D3BF3AB18A4205D3C0E90212C0E928
:10DB80000000002070476FF0150070470123026805
:10DB90008B4022EA0303036022FA01F000F0010047
:10DBA000704710B5032104460C30FFF7EFFF30B18A
:10DBB00004F1100000F0B9F9B0FA80F0400910BD8E
:10DBC00020B100229430114600F06CB9704773B553
:10DBD0000446EFF31185202383F31288BFF36F8F80
:10DBE00000230193D0E90423B3F1004F08BF012AB9
:10DBF00005D085F31188BFF36F8F02B070BDA0F11F
:10DC0000100603210438FFF7C1FF0028F1D0A369F3
:10DC1000304601A90193FBF71FFCEAE738B5302233
:10DC20000D460021044600F093FA4FF480736560BE
:10DC3000E36038BDEFF30580003818BF012070475E
:10DC40006FF0570070470020704738B58589EFF3B3
:10DC50001181202282F31288BFF36F8F037C13F0AF
:10DC6000080404D081F31188BFF36F8F38BD0122FF
:10DC7000FBF750FEEB07F9D584F31188BFF36F8FE4
:10DC80000423184602DFF1E7FBF7FCBED0E90032BF
:10DC900013605A600023C0E90033704708B5FFF7EE
:10DCA000F5FF037C23F0020303740023836008BDA7
:10DCB00038B504460D46FBF779FD237C43F002039B
:10DCC0002374D5B1A5602B689D4209D16B68C4E966
:10DCD00000531C606C6010E06A689A42F6D01B68C2
:10DCE000002BF3D093F90E1094F90E209142F3DD3E
:10DCF0005A68C4E9003214605C6038BD10B5EFF3B7
:10DD00001184202383F31288BFF36F8FFBF778FD14
:10DD100084F31188BFF36F8F10BDFBF771BDFBF764
:10DD200045BD08B5EFF31181202282F31288BFF3BD
:10DD30006F8F83680BB1FFF7B1FF81F31188BFF3D9
:10DD40006F8F08BD08B5037C014613F0280F0CD176
:10DD500083680BB1FFF7A2FF0B7C084623F0040396
:10DD60000B74BDE80840FBF74BBD08BD10B5EFF3E1
:10DD70001184202383F31288BFF36F8F1838FFF7C5
:10DD8000E1FF84F31188BFF36F8F10BD08B5034620
:10DD9000EFF31181202282F31288BFF36F8F0068A6
:10DDA000834207D008B1FFF779FF81F31188BFF3F1
:10DDB0006F8F08BD0020F8E70846FBF761BD38B556
:10DDC000054604680020AC4200D138BD002CFCD0D0
:10DDD0002046FFF763FF04F1180000F0A6F8204684
:10DDE000FBF70EFD2C680120A542EDE710B5EFF31F
:10DDF0001184202383F31288BFF36F8FFFF7DFFFB7
:10DE000084F31188BFF36F8F10BD38B505460C46FB
:10DE1000FBF712FFB4F1FF3F08BFB5F1FF3F0AD097
:10DE2000C11709304FF00A024FF0000341F1000121
:10DE3000F2F7E6F838BD4FF0FF30FBE72DE9F04789
:10DE400006460F4691469A46EFF31188202383F346
:10DE50001288BFF36F8F0068864206D028B17368BE
:10DE600098420CBF0025056868B90024B9F1000F7D
:10DE700002D051462046C84788F31188BFF36F8F00
:10DE80002046BDE8F0875146B84704460028EDD14A
:10DE900035B17368AB4200D02C6828462546E3E7CD
:10DEA0002C46FAE738B5EFF31185202383F3128867
:10DEB000BFF36F8F0468A0421CD0ECB1C4F880108F
:10DEC0006261D4E9003213605A600023227CC4E905
:10DED000003322F002022274A36004F1180000F063
:10DEE00024F82046FFF719FF012085F31188BFF3BE
:10DEF0006F8F38BD0020F8E72046F6E708B50246E8
:10DF0000FBF7A8FF70B1D0E904319B1A61EBE27214
:10DF1000B3F1004F72F1000104DA002AACBF1846D9
:10DF2000002008BD6FF00040FBE7024638B5EFF374
:10DF30001185202383F31288BFF36F8F0368D3B159
:10DF4000FBF788FF04461046FBF796FF00224FF0D0
:10DF500000438442C0E9042305D0002085F31188E2
:10DF6000BFF36F8F38BDFBF77DFFFFF7C7FF0021C1
:10DF7000FAF7FAFCF1E7D0E90413B3F1004F08BF58
:10DF8000012904D100204FF00041C2E904016FF0E3
:10DF90001500E3E708B5FCF777F808BDFCF774B89F
:10DFA000B3F1FF3F08BFB2F1FF3F70B506461D4613
:10DFB000144614D01A4316D0002B08DBFCF764F883
:10DFC000041941EB0501C6E90041304670BD6FF010
:10DFD00001031C1B4FF0FF3363EB0501F3E74FF028
:10DFE000FF342146EFE70024FBE7B3F1FF3F08BF12
:10DFF000B2F1FF3FF8B5074616461C4610D054EA6A
:10E00000020311D0FCF740F8B0420A46A141034692
:10E010000AD2F31A64EB0204C7E900343846F8BDAB
:10E020004FF0FF331C46F7E70023FBE70023C0E96E
:10E03000081200F11802C0E90622C0E900330363A8
:10E04000436370472DE9F3470446DDE90A98154616
:10E050000E4659B302F0010AFBF764FE0746EFF3E0
:10E060001181202383F31288BFF36F8FA80744BF69
:10E070000023A360A36803EA0600BAF1000F0CD0E6
:10E0800086420CD16A0744BF8343A36081F31188A1
:10E09000BFF36F8F02B0BDE8F0870028F2D159EAD4
:10E0A000080305D181F31188BFF36F8F0020F1E7DA
:10E0B000C7E918652246CDE9009804F10C00FBF78A
:10E0C00023FD0028F2D1386EE4E710B50B68044652
:10E0D000D0E9180212F0010F03EA000301D09842C0
:10E0E00011D183B12366520748BF4A6804F1180072
:10E0F00044BF1A434A60FFF718FF00232046C4F8C4
:10E100008030FFF71FFE002010BD0023C0E9000093
:10E11000836070470A46FCF7BDB80A460021FCF749
:10E12000B9B85200FFF78EBF20B1011F50F8040CA0
:10E13000FFF7DABB70470A44431E914200D1704793
:10E1400010B511F8014B914203F8014FF9D110BD00
:10E1500002440346934200D1704703F8011BF9E7DC
:10E1600010B56AB10139841810F8012B11F8013F7C
:10E170009A4203D1A04201D0002AF5D1D01A10BD95
:10E180001046FCE70246014410B58A42134603D00C
:10E190001C780132002CF8D1181A10BDF0B5C3F16B
:10E1A0003707044603F01F031046FFB2082BE6B200
:10E1B00032D0102B3DD06508A40845EAC17544EA69
:10E1C00081748A082D1942EB5102290941EA027132
:10E1D0006D1842EB1212290A41EA02616D1842EBF6
:10E1E0001222290C41EA02416D1842EB1242AD188D
:10E1F00042F10002EC0844EA4274D10804EB8402C4
:10E20000A6EB4205EDB2092D0CD90134A5F10A05A2
:10E2100041F10001EDB212E0E40806F0070544EA1E
:10E220004174C908303554EA010200F8015BBDD1E0
:10E23000F0BD240906F00F0544EA01740909092D0F
:10E2400084BFED19EDB2EDE7D1E9043293421EBF70
:08E250005A1C0A6118707047A6
:08E25800001EFF7F0100000021
:10E2600000000000E0E2000C058E000C0000000041
:10E27000458E000C0000000000000000FCE2000CD5
:10E280000000000018E3000C0D7A000C00000000F4
:10E29000C988000C00000000C910000C000000003C
:10E2A000212A000C0000000049A3000C000000001F
:10E2B0000000000034E3000C0000000050E3000CFC
:10E2C000F153000C00000000000000006CE3000CA3
:10E2D0000000000088E3000C6145000C0000000015
:10E2E000440E010C18EC000C94E8000C040400200F
:10E2F000941300204977000C00000000A905010CD0
:10E3000050EB000C00000000000400206010002012
:10E310006957000C00000000AE11010C7CEC000CF1
:10E32000D4E8000C08040020D0130020E186000C83
:10E33000000000006FF0000C6C02002038EB000CB5
:10E34000FE0300207C02002041C4000C00000000FD
:10E350000308010C78EB000CC8EB000C0204002051
:10E3600094020020FFD1000C000000006B11010C92
:10E3700040EC000CB0E8000C06040020480300202C
:10E380006983000C000000000FF0000C18EB000C7B
:10E3900000000000FC030020780F00202556000C30
:04E3A0000000000079
:10E3A40000000000B3B6000C00000000B3B6000C7F
:10E3B40000000000B3B6000C00000000B3B6000C6F
:10E3C40000000000B3B6000C00000000B3B6000C5F
:10E3D40000000000B3B6000C00000000B3B6000C4F
:10E3E40000000000B3B6000C00000000B3B6000C3F
:10E3F40000000000B3B6000C00000000B3B6000C2F
:10E4040000000000B3B6000CFCE2000C4FC4000C8A
:10E41400FCE2000C7DC4000CFCE2000CADC4000C5A
:10E42400FCE2000CDDC4000CFCE2000C0DC5000C89
:10E43400FCE2000C3DC5000CFCE2000C6DC5000CB8
:10E44400FCE2000C9DC5000CFCE2000CCDC5000CE8
:10E45400FCE2000C03C6000CFCE2000C39C6000C04
:10E46400FCE2000C6FC6000CFCE2000CA5C6000C1C
:10E47400FCE2000CDBC6000CFCE2000C11C7000C33
:10E48400FCE2000C47C7000C00000000B3B6000C0F
:10E4940000000000B3B6000C00000000B3B6000C8E
:10E4A40000000000B3B6000C00000000B3B6000C7E
:10E4B40000000000B3B6000C00000000B3B6000C6E
:10E4C40000000000B3B6000C00000000B3B6000C5E
:10E4D40000000000B3B6000C00000000B3B6000C4E
:10E4E40000000000B3B6000C00000000B3B6000C3E
:10E4F40000000000B3B6000C00000000B3B6000C2E
:10E5040000000000B3B6000C00000000B3B6000C1D
:10E5140000000000B3B6000C00000000B3B6000C0D
:10E5240000000000B3B6000C00000000B3B6000CFD
:10E5340000000000B3B6000C00000000B3B6000CED
:10E5440000000000B3B6000C00000000B3B6000CDD
:10E5540000000000B3B6000C00000000B3B6000CCD
:10E5640000000000B3B6000C00000000B3B6000CBD
:10E5740000000000B3B6000C00000000B3B6000CAD
:10E5840000000000B3B6000C00000000B3B6000C9D
:10E5940000000000B3B6000C00000000B3B6000C8D
:10E5A40000000000B3B6000C00000000B3B6000C7D
:10E5B40000000000B3B6000C00000000B3B6000C6D
:10E5C40000000000B3B6000C00000000B3B6000C5D
:10E5D40000000000B3B6000C00000000B3B6000C4D
:10E5E40000000000B3B6000C00000000B3B6000C3D
:10E5F40000000000B3B6000C00000000B3B6000C2D
:10E6040000000000B3B6000C00000000B3B6000C1C
:10E6140000000000B3B6000C00000000B3B6000C0C
:10E6240000000000B3B6000C00000000B3B6000CFC
:10E6340000000000B3B6000C00000000B3B6000CEC
:10E6440000000000B3B6000C00000000B3B6000CDC
:10E6540000000000B3B6000C00000000B3B6000CCC
:10E6640000000000B3B6000C00000000B3B6000CBC
:10E6740000000000B3B6000C00000000B3B6000CAC
:10E6840000000000B3B6000C00000000B3B6000C9C
:10E6940000000000B3B6000C00000000B3B6000C8C
:10E6A40000000000B3B6000C00000000B3B6000C7C
:10E6B40000000000B3B6000C00000000B3B6000C6C
:10E6C40000000000B3B6000C00000000B3B6000C5C
:10E6D40000000000B3B6000C00000000B3B6000C4C
:10E6E40000000000B3B6000C00000000B3B6000C3C
:10E6F40000000000B3B6000C00000000B3B6000C2C
:10E7040000000000B3B6000C00000000B3B6000C1B
:10E7140000000000B3B6000C00000000B3B6000C0B
:10E7240000000000B3B6000C00000000B3B6000CFB
:10E7340000000000B3B6000C00000000B3B6000CEB
:10E7440000000000B3B6000C00000000B3B6000CDB
:10E7540000000000B3B6000C00000000B3B6000CCB
:10E7640000000000B3B6000C00000000B3B6000CBB
:10E7740000000000B3B6000C00000000B3B6000CAB
:10E7840000000000B3B6000C00000000B3B6000C9B
:10E7940000000000B3B6000C00000000B3B6000C8B
:10E7A40000000000B3B6000C00000000B3B6000C7B
:10E7B40000000000B3B6000C00000000B3B6000C6B
:10E7C40000000000B3B6000C00000000B3B6000C5B
:10E7D40000000000B3B6000C00000000B3B6000C4B
:10E7E40000000000B3B6000C00000000B3B6000C3B
:10E7F40000000000B3B6000C00000000B3B6000C2B
:10E8040000000000B3B6000C00000000B3B6000C1A
:10E8140000000000B3B6000C00000000B3B6000C0A
:10E8240000000000B3B6000C00000000B3B6000CFA
:10E8340000000000B3B6000C00000000B3B6000CEA
:10E844006CE3000C057C000C00000000B3B6000C67
:10E8540050E3000C255E000C50E3000C255E000C18
:10E8640050E3000C255E000C50E3000C255E000C08
:10E8740000000000B3B6000C00000000B3B6000CAA
:10E8840000000000B3B6000C00000000B3B6000C9A
:10E89400996C000C916A000C000000004D69000C9A
:0CE8A40017D4000C00000000B165000C4F
:10E8B0000BD7000C017D000C4182000CEBD6000C44
:10E8C00000000000F7D6000CCFD6000C00000000BE
:04E8D0000000000044
:10E8D40037D7000C4DD7000C69D7000CE185000C2C
:04E8E4005BD7000CF2
:10E8E8007BF2000C03000000530E010C0300000033
:10E8F8000FF0000C030000006C0E010C010000007A
:10E90800C705010C030000009FF2000C0300000083
:10E91800A3F2000C03000000A3F3000C03000000A6
:10E9280088F0000C030000000AF9000C0300000046
:10E938008CF9000C0300000094F9000C030000009F
:10E94800A212010C03000000D0F1000C030000002B
:10E958002A05010C03000000DEFA000C0300000089
:10E968007911010C030000008CF2000C0300000078
:10E97800BE11010C030000007A06010C0200000021
:10E988001008010C020000004203010C0200000004
:10E998007600010C020000001204010C02000000C5
:10E9A800AA01010C0200000001FF000C0200000097
:10E9B800F8FE000C02000000FB04010C020000003D
:10E9C8009D04010C020000004E04010C020000002E
:10E9D8003C02010C02000000A504010C020000002A
:08E9E80077EE000C03000000B3
:10E9F0009CEA000CB001002092F3000C0100000022
:10EA00006FEE000C000000008DF0000C98F0000C80
:10EA1000A5F0000CB4F0000CC5F0000CCFF0000C19
:10EA2000E8F0000CF9F0000C05F1000C19F1000CF5
:10EA300034F1000C47F1000CC80600200001000072
:10EA400057B3000CF5B2000C02000000FFB4000C3C
:10EA500000000000000000000000000000000000B6
:10EA600072F3000C7AF3000C0000000000000000BC
:10EA70000000000082F3000C86F3000C8AF3000C07
:10EA80008EF3000C8CEA000C0C0F00206D1A000CA9
:10EA9000240F00201614002001000000BFB5000C58
:10EAA000B5B5000C83B5000C77B5000C0000000074
:10EAB0006BB5000C0000000000000020000000000A
:10EAC0000600010002000000CCEA000C0000000873
:10EAD0007DF9000C06000000E0FF1F0C0000002084
:10EAE00085F9000C21000000E0FF07203BC1000C6D
:10EAF00059C1000C6FC1000CFBC2000C2FC3000CED
:10EB0000BBC2000C31C2000C71C2000CC5C1000CAC
:10EB10007BC2000CC9C1000C6CE3000C0405010CA5
:10EB2000C5C3000CA5C3000C9DC3000C95C3000C0D
:10EB30008DC3000CEFC3000C4BC4000C11C4000CBF
:10EB40004956000CDD56000C9556000C15C4000CFF
:10EB500000A00144E0E2000C1A7F132403C5FF1F4C
:10EB60007DC7000C010000000CEC000C64040020C8
:10EB7000000000000000000000A0024594120020E8
:10EB8000080000009410002094110020B8EB000C45
:10EB9000E0E2000C3E7F342437EEFF1F020000004D
:10EBA0008C13010C0C0000009071000A9DD1000C28
:10EBB0007FD1000C5D5A000CC0EB000C010000007E
:10EBC000F0EC000C0200000051D0000C3BD3000C14
:10EBD00023D1000CF7CF000C87D2000C00000000FE
:10EBE00075D0000CA3CF000C3FD0000C2FD0000C30
:10EBF00000000000B960000C8D5B000C55D0000CCB
:10EC0000415B000C1FD3000C0DD3000CE3D3000CB0
:10EC100000000000CBD3000C00C0004400E0004422
:10EC20000000014400200144008000440500000071
:10EC30000010804480108044001180448011804482
:10EC40006CEC000C00600245E0E2000C0B7F042439
:10EC500035ECFF1F10D2FF1FF4010000801A0600E0
:10EC600080F0FA02040000018D7B000C74EC000CB3
:10EC700001000000F8EC000C0800000000C20100D8
:10EC80000300010000200045000100000100000019
:10EC900000000000E0E2000C2E7F302423DAFF1F8A
:10ECA000A4EC000CACEC000C0100000018ED000C12
:10ECB000020000005812010C6612010C7A12010CBD
:10ECC0008912010C9512010C60E2000C60E2000C4C
:10ECD00090E2000C98E2000CE0E2000CE0E2000C94
:10ECE000D312010C00010000000000000904090417
:10ECF0004372000033720000A382000063820000B0
:10ED000073820000B38200008382000093820000BF
:10ED1000C382000053820000902300008023000083
:10ED20004661696C656420746F20696E69746961FD
:10ED30006C697A65206C616E6775616765206465D2
:10ED40007363726970746F722028256429004661AC
:10ED5000696C656420746F20696E697469616C699F
:10ED60007A65206D616E7566616374757265722077
:10ED700064657363726970746F722028256429005A
:10ED80004661696C656420746F20696E697469619D
:10ED90006C697A652070726F647563742064657342
:10EDA00063726970746F7220282564290046616956
:10EDB0006C656420746F20696E697469616C697A2E
:10EDC0006520534E2064657363726970746F72209E
:10EDD00028256429004661696C656420746F206190
:10EDE00064642046756C6C2D537065656420636F98
:10EDF0006E66696775726174696F6E004661696CF1
:10EE0000656420746F20616464207265676973743F
:10EE1000657220636C6173736573004661696C652C
:10EE20006420746F207265676973746572206D6504
:10EE300073736167652063616C6C6261636B00462C
:10EE400061696C656420746F20696E697469616CB6
:10EE5000697A652064657669636520737570706F83
:10EE600072740073616D706C655F757362640064C9
:10EE700066755F64667500757362645F73616D705B
:10EE80006C655F636F6E666967003F00555342446F
:10EE9000206D6573736167653A2025730009436FC0
:10EEA0006E66696775726174696F6E2076616C75E4
:10EEB00065202564004661696C656420746F206577
:10EEC0006E61626C65206465766963652073757038
:10EED000706F7274004661696C656420746F2064A1
:10EEE000697361626C65206465766963652073751A
:10EEF00070706F727400446574616368205553428A
:10EF000020646576696365004661696C6564207498
:10EF10006F2061646420486967682D53706565647B
:10EF200020636F6E66696775726174696F6E004603
:10EF300061696C656420746F20696E697469616CC5
:10EF4000697A65205553422064657669636520734C
:10EF50007570706F7274004661696C656420746FBF
:10EF600020656E61626C6520555342206465766948
:10EF7000636520737570706F7274006469736B20C1
:10EF8000257320736563746F7220636F756E7420D0
:10EF9000257520736563746F722073697A65202507
:10EFA00075004661696C656420746F20696E6974D0
:10EFB0002072616D6469736B2064617461004661E5
:10EFC000696C656420746F20777269746520746F52
:10EFD0002052414D6469736B00626C6F636B202536
:10EFE000752073697A6520257520646F776E6C6F64
:10EFF00061646564202575004661696C65642074F0
:10F000006F20726561642066726F6D2052414D649D
:10F0100069736B00626C6F636B2025752073697A6E
:10F02000652025752075706C6F6164656420257599
:10F03000004661696C656420746F20696E6974694B
:10F04000616C697A65205553422064657669636511
:10F0500000555342204446552073616D706C652005
:10F06000697320696E697469616C697A656400729C
:10F07000616D6469736B3000696D61676530006450
:10F0800066755F75736264006D61696E0056425506
:10F090005320726561647900564255532072656D44
:10F0A0006F76656400446576696365207265737583
:10F0B0006D6564004465766963652073757370657A
:10F0C0006E64656400427573207265736574004EEA
:10F0D00065772064657669636520636F6E6669672E
:10F0E00075726174696F6E00436F6E74726F6C6CD1
:10F0F0006572206572726F7200537461636B206574
:10F1000072726F72004344432041434D206C696E1C
:10F110006520636F64696E67004344432041434D3B
:10F1200020636F6E74726F6C206C696E65207374EF
:10F13000617465004446552064657461636820729B
:10F140006571756573740044465520646F776E6C05
:10F150006F616420636F6D706C65746564006865D1
:10F16000617020636F7272757074696F6E20286EA3
:10F170006F7420696E207573653F292061742025A6
:10F1800070006865617020636F7272757074696F6A
:10F190006E2028627566666572206F766572666C91
:10F1A0006F773F29206174202570006865617020A9
:10F1B000636F7272757074696F6E2028646F756208
:10F1C0006C6520667265653F29206174202570009A
:10F1D0006F735F686561700028756E7369676E652F
:10F1E00064292063686172202A2075736564206633
:10F1F0006F722025257020617267756D656E742EA3
:10F200002049742773207265636F6D6D656E646548
:10F210006420746F206361737420697420746F209C
:10F22000766F6964202A2062656361757365206961
:10F2300074206D6179206361757365206D697362F7
:10F2400065686176696F7220696E206365727461AA
:10F25000696E20636F6E66696775726174696F6E3F
:10F26000732E20537472696E673A222573222061CF
:10F270007267756D656E743A2564006362707269B9
:10F280006E74665F7061636B616765007379735F4D
:10F290006765746F7074006C6F6767696E67006C88
:10F2A0006F67006C6F675F6D676D74004D6573739A
:10F2B000616765202822257322292064726F70708F
:10F2C0006564206265636175736520697420657883
:10F2D00063656564732073697A65206C696D697410
:10F2E0006174696F6E2028257529004D65737361FF
:10F2F00067652064726F7070656420626563617514
:10F30000736520697420657863656564732073692B
:10F310007A65206C696D69746174696F6E20282547
:10F320007529000D0A001B5B306D00257320005B02
:10F330002530386C755D20005B253032753A2530FC
:10F3400032753A253032752E253033752C25303301
:10F35000755D20003C25733E200025732F0025732A
:10F360003A2000253032782000202020007C002523
:10F3700063001B5B313B33316D001B5B313B33332F
:10F380006D006572720077726E00696E660064626D
:10F3900067006C6F675F6261636B656E645F756168
:10F3A0007274006C6F675F75617274004469736B8F
:10F3B000207265666572656E636520636F756E7435
:10F3C000206174206D61782076616C7565004469F8
:10F3D000736B20697320616C726561647920646568
:10F3E000696E697469616C697A656400696E7661D9
:10F3F0006C6964206469736B20696E746572666100
:10F4000063652121006469736B20696E746572669F
:10F4100061636520616C72656164792072656769FA
:10F4200073746572656421210072302F61313A2056
:10F4300020307825303878202072312F61323A2000
:10F4400020307825303878202072322F61333A20EE
:10F45000203078253038780072332F61343A2020FC
:10F46000307825303878207231322F69703A202078
:10F47000307825303878207231342F6C723A202061
:10F480003078253038780020787073723A20203038
:10F490007825303878004661756C74696E6720692C
:10F4A0006E737472756374696F6E206164647265E3
:10F4B000737320287231352F7063293A20307825F4
:10F4C00030387800556E68616E646C65642049520E
:10F4D000516E3A202564002A2A2A2A2A20555341AF
:10F4E0004745204641554C54202A2A2A2A2A0020E2
:10F4F000204469766973696F6E206279207A65723B
:10F500006F002020556E616C69676E6564206D65C3
:10F510006D6F72792061636365737300202053748B
:10F5200061636B206F766572666C6F772028636FFE
:10F530006E746578742061726561206E6F742076D8
:10F54000616C6964290020204E6F20636F70726FB8
:10F55000636573736F7220696E7374727563746917
:10F560006F6E73002020496C6C6567616C206C6F56
:10F570006164206F66204558435F52455455524E92
:10F5800020696E746F205043002020496C6C6567C1
:10F59000616C20757365206F662074686520455026
:10F5A0005352002020417474656D707420746F2074
:10F5B0006578656375746520756E646566696E65EA
:10F5C0006420696E737472756374696F6E002A2AA1
:10F5D0002A2A2A204D5055204641554C54202A2A8B
:10F5E0002A2A2A002020537461636B696E672065A4
:10F5F00072726F722028636F6E7465787420617206
:10F600006561206D69676874206265206E6F742083
:10F6100076616C696429002020556E737461636B98
:10F62000696E67206572726F720020204461746198
:10F63000204163636573732056696F6C6174696FF1
:10F640006E0020204D4D4641522041646472657326
:10F65000733A2030782578002020496E73747275D3
:10F660006374696F6E204163636573732056696FBD
:10F670006C6174696F6E002020466C6F6174696EF6
:10F68000672D706F696E74206C617A792073746174
:10F69000746520707265736572766174696F6E202F
:10F6A0006572726F72002A2A2A2A2A204255532034
:10F6B0004641554C54202A2A2A2A2A0020205374D5
:10F6C00061636B696E67206572726F7200202050F3
:10F6D000726563697365206461746120627573206B
:10F6E0006572726F7200202042464152204164646C
:10F6F000726573733A2030782578002020496D7048
:10F70000726563697365206461746120627573203A
:10F710006572726F72002020496E73747275637423
:10F72000696F6E20627573206572726F72002A2A8B
:10F730002A2A2A20534543555245204641554C54C8
:10F74000202A2A2A2A2A00202041646472657373C1
:10F750003A2030782578002020496E76616C696403
:10F7600020656E74727920706F696E740020204974
:10F770006E76616C696420696E746567726974790C
:10F78000207369676E6174757265002020496E761A
:10F79000616C696420657863657074696F6E20724E
:10F7A000657475726E00202041747472696275749C
:10F7B000696F6E20756E69742076696F6C6174690B
:10F7C0006F6E002020496E76616C696420747261EE
:10F7D0006E736974696F6E0020204C617A792073B2
:10F7E0007461746520707265736572766174696F97
:10F7F0006E0020204C617A792073746174652065F5
:10F8000072726F7200526573657276656420457816
:10F8100063657074696F6E20280053707572696F2C
:10F82000757320696E746572727570742028495200
:10F8300051200020205320696E73747275637469BF
:10F840006F6E20616464726573733A20203078258E
:10F8500078002A2A2A2A2A20484152442046415523
:10F860004C54202A2A2A2A2A002020427573206616
:10F8700061756C74206F6E20766563746F7220748E
:10F8800061626C6520726561640020204465627568
:10F8900067206576656E740020204661756C742063
:10F8A000657363616C6174696F6E20287365652090
:10F8B00062656C6F772900415243485F4558434564
:10F8C0005054207769746820726561736F6E2025CB
:10F8D000780A002A2A2A2A2A204465627567206D40
:10F8E0006F6E69746F7220657863657074696F6E8E
:10F8F000202A2A2A2A2A002A2A2A2A2A202573206C
:10F90000256429202A2A2A2A2A006D70750046615A
:10F91000696C656420746F20616C6C6F63617465E1
:10F92000206E6577204D505520726567696F6E2097
:10F9300025750A00506172746974696F6E202575AF
:10F940003A20636F686572656E63652063686563FE
:10F950006B206661696C65642E00496E76616C6926
:10F960006420756E6465726C79696E672072656774
:10F97000696F6E20696E64657820257500464C417C
:10F9800053485F30005352414D5F30006E65745FE5
:10F99000627566006E65745F6275665F73696D702F
:10F9A0006C6500436F756C64206E6F742025732046
:10F9B0006361726420706F7765722076696120538D
:10F9C0004448430064697361626C6500656E6162FE
:10F9D0006C6500436F756C64206E6F742073746186
:10F9E00072742062757320636C6F636B0043617285
:10F9F00064206572726F72206F6E20434D44300038
:10FA00004361726420646F6573206E6F7420737538
:10FA100070706F727420434D44382C20617373757D
:10FA20006D696E67206C65676163792063617264DC
:10FA30000043617264206572726F72206F6E2043A2
:10FA40004D443800534420686F737420636F6E74A4
:10FA5000726F6C6C65722072657475726E6564206D
:10FA6000696E76616C69642070726F70657274691A
:10FA700065730054696D656F7574207768696C658E
:10FA800020747279696E6720746F20616371756983
:10FA900072652063617264206D75746578004661DB
:10FAA000696C656420746F207265736574205344BB
:10FAB000484320492F4F004661696C656420746F8C
:10FAC00020696E697420534420636172642061660A
:10FAD00074657220492F4F207265736574007364DA
:10FAE0000053442061707020636F6D6D616E6420FF
:10FAF0006661696C65642077697468205231207290
:10FB00006573706F6E7365206F66203078255800BE
:10FB10005344494F20646F6573206E6F7420737572
:10FB200070706F7274204D4D4320636F6D6D616E08
:10FB3000647300436F756C64206E6F742067657426
:10FB40002053442063617264206D757465780046AB
:10FB500061696C656420746F2072656164206672EF
:10FB60006F6D2053444D4D43202564004361726402
:10FB700020646964206E6F742072657475726E20E3
:10FB8000746F2072656164792073746174650043D9
:10FB90006172642072656164206661696C656400ED
:10FBA0004F6E6C7920256420626C6F636B73206FDD
:10FBB00066202564207765726520777269747465A4
:10FBC0006E005772697465206661696C65640045F2
:10FBD00072617365206661696C656400436172647B
:10FBE0002062757379207768656E20706F77657213
:10FBF000696E67206F66660043617264206E657689
:10FC00006572206C65667420627573792073746107
:10FC10007465004661696C656420746F2071756558
:10FC200072792063617264204F4352004D6178699C
:10FC30006D756D20534420636C6F636B2069732076
:10FC4000756E6465722032354D487A2C2075736963
:10FC50006E6720636C6F636B206F66202564487A43
:10FC6000004661696C656420746F20726169736518
:10FC700020627573206672657175656E6379207494
:10FC80006F2032354D487A005344207370656320ED
:10FC9000312E303120646F6573206E6F7420737560
:10FCA00070706F727420434D4436004661696C6514
:10FCB0006420746F207265616420636172642066E1
:10FCC000756E6374696F6E7300436F756C64206E3C
:10FCD0006F742073657420534420626C6F636B6C87
:10FCE000656E20746F203531320043617264206488
:10FCF0006964206E6F7420616363657074206E6543
:10FD000077207370656564004661696C6564207472
:10FD10006F206368616E676520686F737420627519
:10FD200073207370656564004661696C6564207456
:10FD30006F20737769746368206361726420746FE5
:10FD4000204853206D6F6465004661696C656420CE
:10FD5000746F206368616E676520636172642062FE
:10FD6000757320776964746820746F203420626929
:10FD70007473004853206361726420696E69742053
:10FD80006661696C656400555342206465766963F9
:10FD90006520737570706F727420697320616C7266
:10FDA0006561647920696E697469616C697A6564FA
:10FDB000005553422064657669636520636F6E74F5
:10FDC000726F6C6C6572206973206E6F742072653F
:10FDD00061647900555342206465766963652073D8
:10FDE0007570706F7274206973206E6F7420696E05
:10FDF000697469616C697A65640055534220646571
:10FE00007669636520737570706F727420697320F2
:10FE1000616C726561647920656E61626C65640015
:10FE20004661696C656420746F20656E61626C6503
:10FE300020636F6E74726F6C6C65720042756666DB
:10FE4000657220707265616C6C6F636174696F6E4E
:10FE5000206661696C65640055534220646576696B
:10FE6000636520737570706F727420697320616CA4
:10FE700072656164792064697361626C65640046CF
:10FE800061696C656420746F2072657365742063AA
:10FE90006F6E66696775726174696F6E004661693D
:10FEA0006C656420746F2064697361626C652055B1
:10FEB000534220646576696365004661696C6564D8
:10FEC00020746F2073687574646F776E2055534289
:10FED00020646576696365004661696C65642074B9
:10FEE0006F20707572676520656E64706F696E74DF
:10FEF0002071756575657300757362645F646576FE
:10FF000000757362645F64657363004661696C6564
:10FF10006420746F20656E7175657565205374611A
:10FF200074757320494E206275666665720046617D
:10FF3000696C656420746F20656E717565756520E8
:10FF40005345545550206275666665720043616E74
:10FF5000206F6E6C792068616E646C6520636F6ED3
:10FF600074726F6C207265717565737473004D6186
:10FF70006C666F726D656420736574757020706156
:10FF8000636B657400556E65787065637465642095
:10FF9000627566666572206C696E6B656420746F4D
:10FFA000207365747570004661696C656420746FB8
:10FFB000207365742064657669636520616464728A
:10FFC0006573732030782578004661696C6564201C
:10FFD000746F2073657420636F6E666967757261F4
:10FFE00074696F6E2025752C20256400436F6E6642
:10FFF000696775726174696F6E2064657363726995
:020000040C01ED
:1000000070746F72202575206E6F7420666F756E28
:1000100064004857494E464F206E6F7420696D70DA
:100020006C656D656E746564206F7220656E6162CB
:100030006C6564004661696C656420746F20656E50
:10004000717565756520537461747573204F5554CF
:1000500020627566666572004661696C656420742D
:100060006F20656E61626C6520544553545F4D4F3F
:10007000444520257500757362645F6368390046E6
:1000800061696C656420746F2067657420636667BE
:100090005F6E642C206465737069746520636F6E95
:1000A0006669677572656420737461746500556E66
:1000B0007265636F76657261626C65206572726FDE
:1000C000722025642C206570203078253032782C01
:1000D00020627566202570004661696C6564207435
:1000E0006F207365742064656661756C742061644B
:1000F0006472657373206166746572206275732023
:100100007265736574004661696C656420746F2064
:100110007365742064656661756C742073746174B2
:1001200065206166746572206275732072657365FF
:100130007400554443206572726F72206576656E57
:1001400074004661696C656420746F20696E69741F
:10015000206465766963652064726976657200461D
:1001600061696C656420746F20636C65616E757085
:10017000207265676973746572656420636C61736E
:100180007365732C202564004661696C6564207476
:100190006F20636C65616E7570206465736372694E
:1001A00070746F72732C20256400757362645F63D2
:1001B0006F726500456E64706F696E6720307825D8
:1001C000303278206E6F742061737369676E656476
:1001D000004661696C656420746F206173736967A0
:1001E0006E20656E64706F696E7420616464726500
:1001F00073736573004661696C656420746F206970
:100200006E697469616C697A6520636C61737320CF
:10021000696E7374616E6365004661696C65642024
:10022000746F20696E697420465320636F6E66692F
:100230006775726174696F6E2025750075736264ED
:100240005F696E69740046656174757265206E6FD2
:100250007420737570706F727465642062792063A6
:100260006F6E74726F6C6C657200555342206465DA
:100270007669636520737570706F7274206973207E
:10028000696E697469616C697A656400537461634D
:100290006B2077617320636F6D70696C6564207784
:1002A0006974686F757420486967682D5370656557
:1002B0006420737570706F727400465320636F6EA4
:1002C00066696720616C7265616479206F6E204891
:1002D00053206C69737400556E737570706F72740F
:1002E000656420636F6E66696775726174696F6EAD
:1002F00020737065656400436F6E6669677572612F
:1003000074696F6E2025752072652D696E73657234
:10031000746564004661696C656420746F20616473
:100320006420636F6E66696775726174696F6E20B1
:10033000737472696E672064657363726970746F39
:100340007200757362645F63666700555342206490
:10035000657669636520636C617373202573206E15
:100360006F7420666F756E64004E6F20636F6E66EB
:10037000696775726174696F6E20736574202841B6
:100380006464726573732073746174652900436CCF
:1003900061737320696E7374616E636520616C7242
:1003A000656164792072656769737465726564005C
:1003B000436C6173732072656769737465726564F9
:1003C00020746F206F7468657220636F6E74657837
:1003D0007420617420646966666572656E7420734A
:1003E00070656564004661696C656420746F207295
:1003F0006567697374657220257320746F20465396
:1004000020636F6E66696775726174696F6E20250F
:100410007500757362645F636C6173730046616934
:100420006C656420746F2068616E646C65206F7009
:100430002025642C206570203078253032782C20DF
:10044000626D203078253038782C20256400757353
:1004500062645F69666163650064657669636520EF
:1004600069732073757370656E6465640053657499
:100470002068616C7420307825303278206661699C
:100480006C656400436C6561722068616C74203037
:100490007825303278206661696C65640075736216
:1004A000645F657000757362645F6D7367004661B9
:1004B000696C656420746F20616464207374726970
:1004C0006E672064657363726970746F7200436154
:1004D0006E6E6F7420726567697374657220555310
:1004E000422044465520696D61676520257300648C
:1004F00066755F72756E74696D6500757362645FB1
:1005000064667500534400536563746F72202575EB
:10051000206973206F757473696465207468652041
:1005200072616E676520257A750072616D6469730A
:100530006B0054696D656F75742077616974696EBD
:100540006720666F72204549435F53594E434255B9
:100550005359206269747320746F20636C656172F3
:1005600000436C6F636B20636F6E74726F6C206FEF
:100570006E206661696C656420666F72206D636CC5
:100580006B20256400436C6F636B20636F6E747225
:100590006F6C206F6E206661696C656420666F7297
:1005A0002067636C6B20256400696E7465727275D8
:1005B00070742D636F6E74726F6C6C65724034343E
:1005C00030316130303000696E74635F6D63687024
:1005D0005F6569635F67310073757370656E640092
:1005E000726573756D650053707572696F757320F0
:1005F0002573206576656E7400657020307825302F
:10060000327820616C726561647920656E61626C1C
:10061000656400456E64706F696E742030782530B3
:1006200032782076616C69646174696F6E206661EE
:10063000696C6564006570203078253032782061FF
:100640006C72656164792064697361626C656400D1
:100650004661696C656420746F20616C6C6F6361C6
:100660007465206E65745F62756620257A642C203F
:1006700065702030782530327800756463004661FB
:10068000696C656420746F20726567697374657244
:1006900020656E64706F696E740065702030782517
:1006A00030327820627566666572206973207573D2
:1006B00065642062792074686520636F6E74726F60
:1006C0006C6C65720054696D656F75742077616933
:1006D00074696E6720666F722053575253542073AB
:1006E000796E63004661696C656420746F2064698B
:1006F0007361626C6520636F6E74726F6C20656EDF
:1007000064706F696E74004E6F2062756666657204
:1007100020666F7220657020307825303278004571
:100720006E64706F696E7420307825303278206284
:100730007573790057726F6E6720627974652063F4
:100740006F756E7420257520666F722073657475E1
:1007500070207061636B6574004661696C6564202C
:10076000746F20636F6E66696775726520555342BA
:100770002047434C4B3A202564004661696C656410
:1007800020746F20656E61626C652055534220476E
:10079000434C4B3A202564004661696C65642074C3
:1007A0006F20656E61626C6520555342204D434C4D
:1007B0004B3A202564004661696C656420746F20A3
:1007C0006170706C792064656661756C7420706905
:1007D0006E6374726C2073746174652028256429BB
:1007E000004661696C656420746F20656E61626C9F
:1007F0006520636F6E74726F6C20656E64706F69D4
:100800006E740075736240343530326130303000C0
:100810007564635F6D6368705F67310025733A20AC
:10082000434C4F434B5F434F4E54524F4C5F5355D5
:10083000425359535F414C4C206973206E6F7420B2
:10084000737570706F727465640025733A20496E19
:1008500076616C69642073756273797374656D2059
:10086000747970653D25640025733A20496E766180
:100870006C696420696E7374616E63652025642001
:10088000666F72207479706520256420286D617808
:10089000202564290025733A2052656375727369B7
:1008A000766520646570656E64656E637920646545
:1008B0007465637465640025733A20496E76616CD3
:1008C000696420504C4C20736F75726365206465B9
:1008D00070656E64656E63790025733A20496E76A3
:1008E000616C69642047434C4B50494E20736F75CF
:1008F0007263652049440025733A204E554C4C20C4
:10090000636F6E66696775726174696F6E20706F70
:10091000696E7465720025733A20496E76616C6960
:10092000642073756273797374656D207479706572
:100930003D256420696E7374616E63653D256400B6
:1009400025733A2044464C4C34384D53594E43207D
:1009500074696D656F7574206F6E20777269746944
:100960006E67204F53434354524C5F44464C4C43B4
:1009700054524C420025733A2044464C4C34384D76
:1009800053594E432074696D656F7574206F6E20E6
:1009900077726974696E67204F53434354524C5FBA
:1009A00044464C4C4D554C0025733A2044464C4C23
:1009B00034384D53594E432074696D656F757420FA
:1009C0006F6E2077726974696E67204F534343548A
:1009D000524C5F44464C4C4354524C410025733AB0
:1009E0002047434C4B5F53594E4342555359207453
:1009F000696D656F7574206F6E2077726974696EAA
:100A0000672047434C4B5F47454E4354524C5B2550
:100A1000645D0025733A2074696D656F7574206F8D
:100A20006E2077726974696E672047434C4B5F5044
:100A300043484354524C5F4348454E5F4D736B00EF
:100A400025733A20496E76616C6964207375627310
:100A5000797374656D0025733A20556E73757070E7
:100A60006F727465642073756273797374656D2039
:100A7000747970650025733A2047434C4B47454EC7
:100A8000302063616E6E6F742062652064697361EB
:100A9000626C65642028616C77617973204F4E2900
:100AA0000025733A20504C4C5B25645D206C6F63CD
:100AB0006B2074696D6564206F75740025733A202E
:100AC000556E737570706F7274656420636C6F63BC
:100AD0006B2073756273797374656D2074797065BA
:100AE0002025640025733A20436C6F636B204F4EC2
:100AF000206F7065726174696F6E206661696C65E4
:100B0000640025733A20436C6F636B204F4E207452
:100B1000696D656F75740025733A20584F534320F3
:100B200072656164792074696D6564206F75740005
:100B300025733A20736B697070696E672064666C08
:100B40006C34386D5F696E69742C20617320444683
:100B50004C4C20697320616C7265616479206F6E02
:100B60000025733A20736B697070696E6720646644
:100B70006C6C34386D5F696E69742C2061732073FE
:100B80006F757263652067636C6B2D2564206973D4
:100B9000206F66662E20284D6178696D756D20691D
:100BA0006E6974207265747279203D202564290075
:100BB00025733A20736B697070696E672064666C88
:100BC0006C34386D5F696E69742C20617320444603
:100BD0004C4C2069732064726976696E6720676384
:100BE0006C6B302028435055290025733A20444629
:100BF0004C4C34384D2072656164792074696D65A0
:100C000064206F75740025733A2044464C4C343888
:100C10004D53594E432074696D656F7574206F6E26
:100C20002077726974696E672047434C4B5F50436D
:100C3000484354524C0025733A20736F75726365B4
:100C400020636C6F636B202864726976696E67201D
:100C5000504C4C5F256429206973206F66662E20F6
:100C6000284D6178696D756D20696E6974207265B3
:100C7000747279203D202564290025733A2053554C
:100C800050435F5354415455532074696D656F75DB
:100C900074206F6E2077726974696E6720535550A7
:100CA000435F565245474354524C0025733A2074D3
:100CB000696D656F7574206F6E2077726974696EE7
:100CC00067206672616374696F6E616C2064697617
:100CD000696465720025733A20736B697070696E80
:100CE0006720706C6C5F25645F6F75745F25645F4F
:100CF000696E69742C2061732069742069732061A6
:100D00006C7265616479206F6E0025733A20736B95
:100D1000697070696E6720706C6C5F25645F6F75B9
:100D2000745F25645F696E69742C2061732064723E
:100D30006976696E6720504C4C206973206F666637
:100D40000025733A20736B697070696E6720786F45
:100D5000736333326B5F696E69742C206173206931
:100D60007420697320616C7265616479206F6E0014
:100D700025733A204F534333324B4354524C207225
:100D8000656164792074696D6564206F75740025F0
:100D9000733A20736B697070696E672067636C6B60
:100DA00067656E2D25645F696E69742C2061732000
:100DB000697420697320616C7265616479206F6E5B
:100DC0000025733A20736B697070696E67206763E2
:100DD0006C6B67656E5F696E69742C20617320733C
:100DE0006F75726365206F662067636C6B2D256479
:100DF0002C206973206F66662E20284D6178696DFE
:100E0000756D20696E6974207265747279203D2059
:100E10002564290025733A2047434C4B5F53594EB4
:100E200043425553592074696D656F7574206F6E18
:100E30002077726974696E672047434C4B5F435457
:100E4000524C4100636C6F636B403434303132304C
:100E5000303000636C6F636B5F6D6368705F7069E7
:100E6000633332636B5F73675F6763006877696ED4
:100E7000666F5F6D6368705F67310053444843205D
:100E800072657365742074696D6564206F75740094
:100E9000496E76616C696420627566666572207061
:100EA0006F696E746572206F72207472616E736602
:100EB00065722073697A650041444D41322069733F
:100EC000206E6F7420737570706F72746564206229
:100ED000792074686973205344484320636F6E74AB
:100EE000726F6C6C6572005472616E73666572200D
:100EF00073697A652025642065786365656473206D
:100F0000636861696E65642041444D4132206361CC
:100F10007061636974792025750054696D656F751A
:100F2000743A205472616E7366657220636F6D70DF
:100F30006C6574696F6E20666C61677320646964A8
:100F4000206E6F7420636C6561720054696D656F0B
:100F500075743A20436F6D6D616E642F44617461E6
:100F600020636F6D706C6574696F6E20666C61676D
:100F700020646964206E6F7420636C656172005335
:100F80004448432062757320646964206E6F742046
:100F90006265636F6D652069646C65206265666F6C
:100FA000726520636C6F636B206368616E676500B8
:100FB000496E7465726E616C20636C6F636B207335
:100FC000746162696C697A6174696F6E2074696DAD
:100FD0006564206F757420696E207365745F636C3F
:100FE0006F636B005344484320736F66747761727C
:100FF000652072657365742074696D6564206F7512
:10100000740052657175657374656420636C6F63F9
:101010006B202575206F7574206F662072616E6776
:1010200065202825752E2E257529004661696C6579
:101030006420746F2073657420627573207769640F
:10104000746820746F202575004661696C656420A2
:10105000746F207365742074696D696E67206D6F9D
:10106000646520746F20257500496E7465726E6129
:101070006C20636C6F636B2073746162696C697A56
:101080006174696F6E2074696D6564206F7574009A
:10109000436C6F636B20646576696365206E6F7463
:1010A000207265616479004661696C656420746FC3
:1010B00020656E61626C65204D434C4B3A2025647F
:1010C000004661696C656420746F20656E61626CB6
:1010D000652047434C4B3A202564004661696C65A6
:1010E0006420746F20656E61626C6520736C6F772D
:1010F0002047434C4B3A2025640070696E6374723C
:101100006C206170706C79206661696C65643A204E
:101110002564004661696C656420746F20726561A6
:101120006420676C636B20726174652F66726571F1
:10113000202575004661696C656420746F207265B6
:10114000616420616E6420696E697469616C697A9A
:1011500065205344484320686F73742070726F7029
:101160006572746965733A2025640073646863402E
:10117000343530323630303000736468635F6D630D
:1011800068705F67310054696D656F7574207761B1
:101190006974696E6720666F7220554152542053FE
:1011A000594E434255535920636C65617200736513
:1011B00072636F6D403435303032303030007561DD
:1011C00072745F6D6368705F736572636F6D5F6784
:1011D000310048616C74696E672073797374656D52
:1011E00000556E6B6E6F776E206572726F72007550
:1011F0006E6B6E6F776E003E3E3E205A45504859EA
:101200005220464154414C204552524F52202564B1
:101210003A202573206F6E204350552025640046E8
:1012200061756C7420647572696E6720696E74658F
:1012300072727570742068616E646C696E670A0002
:1012400043757272656E74207468726561643A20C9
:101250002570202825732900435055206578636543
:101260007074696F6E00556E68616E646C656420A1
:10127000696E7465727275707400537461636B206B
:101280006F766572666C6F77004B65726E656C2069
:101290006F6F7073004B65726E656C2070616E6964
:1012A00063006F73002A2A2A20426F6F74696E6789
:1012B000205A6570687972204F53206275696C649A
:1012C00020353035313935343565313961202A2AB8
:1012D0002A0A00737973776F726B7100286E756CD0
:1012E0006C29002A666C6F61742A00465320436F94
:1012F0006E66696775726174696F6E00555342441A
:101300002073616D706C65005A6570687972205049
:10131000726F6A6563740072616D6469736B30002B
:1013200044465520485320436F6E66696775726165
:1013300074696F6E0044465520465320436F6E66B5
:10134000696775726174696F6E00206D6573736192
:101350006765732064726F70706564202D2D2D0D8C
:101360000A1B5B306D001B5B313B33316D2D2D2D26
:101370002000303132333435363738394142434436
:1013800045460009210F00000002100106061F0556
:1013900000001F290C0C07033F3F3F3F3F3F3F3FEB
:1013A0001F3F3F3F3F3F3F3F3F0300003F3F3F3F27
:1013B0002F3F3F00000500000B380040636C6F6357
:1013C0006B5F6D6368705F696E697400636C6F63F7
:1013D0006B5F6F6E00636C6F636B5F6D6368705FF4
:1013E0006F6E00636C6F636B5F6D6368705F6F66D9
:1013F0006600636C6F636B5F6765745F72617465D1
:101400005F67636C6B67656E00636C6F636B5F6DCA
:101410006368705F6765745F7261746500636C6FA9
:10142000636B5F636F6E6669677572655F67636C38
:101430006B67656E00636C6F636B5F636F6E66698D
:10144000677572655F706C6C00636C6F636B5F6374
:101450006F6E6669677572655F64666C6C00636C5D
:101460006F636B5F636865636B5F737562737973DA
:1014700000636C6F636B5F6D6368705F636F6E6654
:10148000696775726500636C6F636B5F67636C6B34
:1014900067656E5F696E697400636C6F636B5F781C
:1014A0006F736333326B5F696E697400636C6F6373
:1014B0006B5F706C6C5F6F75745F696E69740063ED
:1014C0006C6F636B5F706C6C5F696E697400636CEA
:1014D0006F636B5F64666C6C34386D5F696E6974E2
:1014E00000636C6F636B5F786F73635F696E6974C1
:1014F00000636C6F636B5F6F6E5F706C6C001A1BC8
:101500000902021A001A1AC0C2C0C0C0C0C0C0C0BE
:081510000506070001000000C0
:10151800000000008151000C0000000000010000E4
:1015280000000000000000000000000000000000B3
:1015380000000000000000000000000000000000A3
:1015480060020020600F0020000000000000000082
:101558000000000000000000000000000000000083
:101568000000000000000000000000000000000073
:101578000000000000000000000000000000000063
:101588000000000000000000000000000000000053
:1015980000000000BC0300209400002000000000B0
:1015A800000000000000000000000000000401002E
:1015B80000000000EB12010C2203000000000000F4
:1015C800000000000003030000000000000000000D
:1015D80000030000000000000000000000020100FD
:1015E80000000000FC12010C1803000000000000BD
:1015F8000000000000010100000000000813010CB9
:101608001E030000000000000000000000000000B1
:1016180000000000ECEC000C0403000000000000D7
:101628000000000000050100000000001713010C75
:101638001203000078F0000C000000000000000019
:10164800000000000000000000000000D703002098
:101658006001002000000000000000000000000001
:10166800E0030020780100200000000000000000D6
:10167800000000000000000000040100000000005D
:101688002013010C2A0300000000000000000000E5
:1016980000040100000000003513010C2A030000BB
:1016A8000000000000000000000000000000000032
:1016B800EEEC000C04030000FDAD000C15B3000CAB
:1016C80084EA000C00000000B8010020B8010020E6
:1016D8000000000039B7000C000000000000000006
:1016E8006FEE000C00000000E40100200000000084
:1016F8003000002000000000A552000C8553000CAB
:101708004D55000C00000000000000000000000023
:101718000000000000000000000000000553000C5D
:101728000000000009C2000CEF04010C00000000DA
:101738002C02002000000000300000200000000003
:1017480000000000D152000CC954000C0000000039
:101758000000000000000000000000000000000081
:1017680000000000F1C1000C00000000EBC1000CFB
:10177800A17500208313010C000000000002000086
:1017880020000000004000001814002000000000A5
:101798000000000078F0000C38EB000C000000009E
:1017A8000000000000000000000000000000000031
:1017B8000000000000000000000000000000000021
:1017C8000000000000000000000000000000000011
:1017D8000000000000000000000000000000000001
:1017E80000000000000000000000000000000000F1
:1017F80000000000000000000000000000000000E1
:1018080000000000000000000000000000000000D0
:1018180000000000000000000000000000000000C0
:10182800000000000000000018030020180300203A
:1018380000000000000000000E0000000000000092
:101848000000000000000000900B002000000000D5
:101858000000000000000000000000000000000080
:101868000000000000000000000000000000000070
:101878000000000000000000000000000000000060
:101888000000000000000000000000000000000050
:101898000000000000000000000000000000000040
:1018A8000000000000000000000000000000000030
:1018B80000000000000000000000000000060020FA
:1018C800C8000000B4030020B4030020090200008F
:1018D800000100C07D12010002EF020140E32F0564
:1018E8000004040000000009020000000100C07D9F
:1018F80009020000000100C07D12010002EF020190
:0B19080040E32FFFFF0404000000007C
:1019130000000000000000000000000000000000C4
:0119230000C3
:1019240000000000000000000000000000000000B3
:1019340000000000000000000000000000000000A3
:101944000000000000000000000000000000000093
:0819540000000000000000008B
:04195C000000000087
:101960004804002048040020D86E00200000000039
:0C19700008000000100000000000000053
:10197C0000000000586F0020000400000000000070
:04198C000000000057
:1019900078040020780400200C0000000A000000F9
:1019A000606E0020D86E0020606E0020606E002007
:0819B00000000000000000002F
:1019B800A0040020A0040020000000000100000096
:1019C8000000000000000000B8040020B804002057
:1019D800100010000A00000083C8000C68EB000C1F
:0419E8005873002010
:1019EC007FF0000C00000000000000000000000070
:1019FC00000000000000000050E3000C000000009C
:101A0C0000000000000000000000000000000000CA
:101A1C0000000000000000000000000000000000BA
:101A2C0000000000000000000000000000000000AA
:101A3C00000000000000000000000000000000009A
:101A4C00000000000000000000000000000000008A
:101A5C00E9030020000000000000000063EE000C11
:101A6C00000000000000000000000000000000006A
:101A7C000000000050E3000C00000000000000001B
:101A8C00000000000000000000000000000000004A
:101A9C00000000000000000000000000000000003A
:101AAC00000000000000000000000000000000002A
:101ABC00000000000000000000000000000000001A
:101ACC00000000000000000000000000C503002022
:081ADC00000000000000000002
:101AE40000000000D0010020000000000000000001
:101AF40000000000000000000000000018020020A8
:101B040000000000000000000000000000000000D1
:101B14006FF0000C98750020240100200C010020B7
:0C1B240000000000D506000C3906000C83
:041B300015E015E0C7
:040000050C0022E5E4
:00000001FF
