:020000040800F2
:10000000383500205D21000CBBAC000C4921000CF0
:100010004921000C4921000C4921000C4921000C08
:100020000000000000000000000000009121000C12
:100030004921000C000000004123000C217D000C30
:10004000AD23000CAD23000CAD23000CAD23000C40
:10005000AD23000CAD23000CAD23000CAD23000C30
:10006000AD23000CAD23000CAD23000CAD23000C20
:10007000AD23000CAD23000CAD23000CAD23000C10
:10008000AD23000CAD23000CAD23000CAD23000C00
:10009000AD23000CAD23000CAD23000CAD23000CF0
:1000A000AD23000CAD23000CAD23000CAD23000CE0
:1000B000AD23000CAD23000CAD23000CAD23000CD0
:1000C000AD23000CAD23000CAD23000CAD23000CC0
:1000D000AD23000CAD23000CAD23000CAD23000CB0
:1000E000AD23000CAD23000CAD23000CAD23000CA0
:1000F000AD23000CAD23000CAD23000CAD23000C90
:10010000AD23000CAD23000CAD23000CAD23000C7F
:10011000AD23000CAD23000CAD23000CAD23000C6F
:10012000AD23000CAD23000CAD23000CAD23000C5F
:10013000AD23000CAD23000CAD23000CAD23000C4F
:10014000AD23000CAD23000CAD23000CAD23000C3F
:10015000AD23000CAD23000CAD23000CAD23000C2F
:10016000AD23000CAD23000CAD23000CAD23000C1F
:10017000AD23000CAD23000CAD23000CAD23000C0F
:10018000AD23000CAD23000CAD23000CAD23000CFF
:10019000AD23000CAD23000CAD23000CAD23000CEF
:1001A000AD23000CAD23000CAD23000CAD23000CDF
:1001B000AD23000CAD23000CAD23000CAD23000CCF
:1001C000AD23000CAD23000CAD23000CAD23000CBF
:1001D000AD23000CAD23000CAD23000CAD23000CAF
:1001E000AD23000CAD23000CAD23000CAD23000C9F
:1001F000AD23000CAD23000CAD23000CAD23000C8F
:10020000AD23000CAD23000CAD23000CAD23000C7E
:10021000AD23000CAD23000CAD23000CAD23000C6E
:10022000AD23000CAD23000CAD23000CAD23000C5E
:10023000AD23000CAD23000CAD23000CAD23000C4E
:10024000AD23000CAD23000CAD23000CAD23000C3E
:10025000AD23000CAD23000CAD23000CAD23000C2E
:10026000AD23000CAD23000CAD23000CAD23000C1E
:10027000AD23000CAD23000CAD23000CAD23000C0E
:10028000AD23000CAD23000CAD23000CAD23000CFE
:10029000AD23000CAD23000CAD23000CAD23000CEE
:1002A000AD23000CAD23000CAD23000CAD23000CDE
:0802B000AD23000CAD23000C8E
:020000040C00EE
:1000000053B94AB9002908BF00281CBF4FF0FF317F
:100010004FF0FF3000F00CB8ADF1080C6DE904CEE4
:1000200000F01AF8DDF804E0DDE9022304B07047BF
:10003000704700BF10F8012B11F8013B012A28BFBF
:100040009A42F7D0D01A7047034613F8012B002AC2
:10005000FBD1181A013870472DE9F0478C468E46BF
:10006000089E154604461946002B40F0D080724584
:1000700047D9B2FA82F74FB1C7F120030EFA07FC55
:10008000BD40BC4020FA03F343EA0C0C4FEA154E86
:10009000A8B2230CBCFBFEF80EFB18CC08FB00F941
:1000A00043EA0C43994528D9EB1808F1FF3204D2F2
:1000B000994502D9A8F102022B44A3EB0903A4B28B
:1000C000B3FBFEFC0EFB1C330CFB00F044EA0344C4
:1000D000A04214D92C190CF1FF3304D2A04202D94A
:1000E000ACF102032C44241A43EA02401EB1FC4046
:1000F000002334607360BDE8F0874246DDE7634665
:10010000F1E7002A79D0B2FA82F3002B3FD01946EA
:10011000C1F1200302FA01F500FA01F42EFA03F20C
:100120000EFA01FE20FA03F3AFB243EA0E034FEAE0
:10013000154EB2FBFEFC0EFB1C201A0C0CFB07F844
:1001400042EA004290455AD9AA180CF1FF3004D275
:10015000904502D9ACF102002A44A2EB08029BB2FE
:10016000B2FBFEFC0EFB1C220CFB07F743EA02432A
:100170009F4246D9EB180CF1FF3204D29F4202D9BC
:10018000ACF102022B44DB1B42EA004202E0AEEB80
:10019000020301224FEA154EAFB2200CB3FBFEFC66
:1001A0000EFB1C330CFB07F840EA034398452AD9A1
:1001B000EB180CF1FF3004D2984502D9ACF10200E3
:1001C0002B44A3EB0803A4B2B3FBFEFC0EFB1C33D1
:1001D0000CFB07F744EA0344A74216D92C190CF18B
:1001E000FF3304D2A74202D9ACF102032C44E41B32
:1001F00043EA00400F46114678E71F2188E7604632
:10020000ABE76246BFE76046DBE76346EFE773456F
:1002100006D916B9002108466DE7C6E9000EF9E7D0
:10022000B3FA83F787B9734501D3824207D8841A9A
:100230006EEB030301209C461EB900215BE73846A4
:10024000FAE7C6E9004CF8E7C7F1200CBB4000FA1A
:1002500007F422FA0CF520FA0CF1BA401D432EFAED
:100260000CF30EFA07FE4FEA154941EA0E011FFA98
:1002700085FEB3FBF9F809FB18300B0C08FB0EFAEE
:1002800043EA00439A4540D9EB1808F1FF3004D205
:100290009A4502D9A8F102002B44A3EB0A0389B2C4
:1002A000B3FBF9F809FB183308FB0EFE41EA0341E2
:1002B0008E452CD9691808F1FF3304D28E4502D936
:1002C000A8F10203294443EA0040A1EB0E01A0FB80
:1002D00002984145CE46434602D306D14C4504D24E
:1002E0000138B9EB020E68EB0503002EA5D0B4EB84
:1002F0000E0261EB030101FA0CFC22FA07F3F9404C
:100300004CEA0303C6E9003197E74046C5E7434698
:10031000D9E7000037B50546374938480AF01CFED2
:10032000034638B1364A012136480AF0F9FB00206D
:1003300003B030BD344931480AF00EFE034608B11F
:10034000324AF0E732492D480AF006FE034608B16A
:10035000304AE8E7304929480AF0FEFD034608B173
:100360002E4AE0E725480AF05DFD012804461BD12E
:1003700001462B4A214803F0A5FD28B1294A012155
:1003800020480AF0C4FBD2E722462146264B1B48F0
:1003900003F014FF08B1254AF1E70223EF222146BA
:1003A000164800940AF045FD0021214A134803F045
:1003B00089FD014608B11F4AE1E701221A4B0F48A7
:1003C00003F0FCFE01460028E5D101240223EF22C0
:1003D0000A4800940AF02DFD214608480AF04DFD18
:1003E0000DB90648A4E7294604480BF044F8002854
:1003F000F7D0114AC3E700BFD0000020100600204C
:10040000D2E7000C0CE5000CB800002000E8000C5E
:10041000A000002032E8000C880000205FE8000CFB
:100420003000002087E8000C30E5000CAEE8000C3E
:1004300044000020CDE8000CF4E8000C08B5FFF7FC
:1004400069FF40B1064802F01BFB30B10121054AAB
:1004500005480AF05CFB002008BD0148FCE700BF2E
:100460001006002018E9000C0CE5000C7FB543795C
:10047000012B18D1C3887F2B15D882681B02002A54
:100480000CBF08210921002243EA0153CDE90322D0
:1004900043F0005343F064030293009202AB03481D
:1004A0000ECB04F01FFA07B05DF804FB48DE000C29
:1004B00084B02DE9F04182B002AF07F11C0406467A
:1004C0000D4684E80E004FEA1178032143461B4A8B
:1004D0001B480AF025FBB8F1020F07D0B8F10F0F47
:1004E00024D0BD46BDE8F04104B07047E8468AB06C
:1004F00002AA144B5361C5F307439361C5F3062366
:10050000D361052305F07F05156242F8103F0023F3
:100510004FF423510A4801F023F8C546BB6A304620
:10052000009394E80E0004F0DDF9DAE7BB6A0648B0
:10053000009394E80E0000F03BF9D2E763E9000C69
:100540008CE4000C80E9000C40E5000C0A4B0A46E4
:10055000186878B11979012303FA01F103691B685E
:100560000B40003B18BF01239342836814BFDB6834
:100570001B691847704700BFE8000020F8B5214804
:100580000CF02BFE40B9204A012120480AF0BFFAA6
:100590004FF0FF342046F8BD1D4C2068D8B1E788E5
:1005A000217947F4003201250669FF07336805FA0F
:1005B00001F54CBF2B43AB43D0F808C03360DCF8E7
:1005C0000030984738B10121124A10480AF09FFACA
:1005D0000023C4E900330B480F490AF09BFF0020B9
:1005E000FFF72CFF08B90D4ACEE702F089FA04465E
:1005F00008B10B4AC8E703210A4A04480AF087FAFF
:10060000C8E700BF48DE000CA7E9000C8CE4000C32
:10061000E8000020BDE9000C38E5000CDFE9000C23
:10062000FFE9000C1FEA000C2DE9F843884600AFF3
:1006300000297DD005680122284609F098FB014673
:100640000446284609F04DFB10EA020616D1E94699
:1006500088B06A46384BCDE90538032342F8103F8D
:100660004FF4C2513346354800F07AFFCD4686F349
:100670001188BFF36F8F0423184602DF21462846F6
:1006800009F045FB261831460022284609F029FBCF
:10069000361AB44218D06E4688B06946284BCDE968
:1006A0000538032341F8103F244813460A464FF407
:1006B000C25100F055FF0023B54683F31188BFF304
:1006C0006F8F0423184602DF00222146284609F0D6
:1006D00024FB214609F01BFB26180122314628463F
:1006E00009F0FFFAC20708D43146284609F081FB19
:1006F00032462146284609F0F3FB002221462846CF
:1007000009F0EFFA261A01223146284609F0E9FAE3
:10071000C30709D43146284609F06BFB224631460F
:10072000284609F0DDFB34462146284609F0F6FB51
:10073000BD46BDE8F88300BFBAEA000C84E4000CB3
:1007400091EA000CF0B5184D87B02B78A3B91521AC
:10075000684606F091FF10F1580F04460FD024EAC6
:10076000E4746B4600221049104EA24201F10201CE
:100770000CD1002305F812300B4807B0F0BD6846D5
:100780000CF07BFC0028EAD10824EAE713F8010BFF
:100790000132070900F00F00F75D305C01F8027CC0
:1007A00001F8010CE1E700BFC41800204107010C6B
:1007B00084B02DE9F04387B047680FAC054684E864
:1007C0000E00002F00F082800B0F0F2B04D1C1F31D
:1007D00009421AB1102A5AD0002440E0109E16F0A7
:1007E000010424D014464FF00C08A9680068D1F821
:1007F00004E001F1100C4FEA0E63A64535D1002448
:100800004FF00C084FEA442C1031964538D10024A3
:1008100043EA042343EA0C0343F0004303932D4AC5
:10082000059B0292009302AB0ECBB84701247207DE
:1008300009D5AB68196831B102234FF4403228461C
:1008400009F0BFFC0444330709D5FFF77BFF0223FF
:1008500001464FF48022284609F0B3FC04442046A8
:1008600007B0BDE8F04304B0704708FB04F91CF87A
:100870000990B9F1000F01D00134BEE70124BFE7B0
:1008800008FB02F40C5D002CC2D10132BDE7836885
:10089000CFB25B68C1F30721994206D23A4607B04E
:1008A000BDE8F04304B009F0E2BCFF2994D1002672
:1008B000344604E03A46284609F0D9FC0444AB68C3
:1008C000F1B25B6801369942F4D3C8E76FF01504C2
:1008D000C5E700BF010101F02DE9F04F91B0009391
:1008E00002F004030293C2F3C203013384070546F6
:1008F0000E46DDF868A00392059340F09C81041D2C
:10090000002849D101F00706341DC6F10806009BF6
:1009100000274FF004085A1E4FF0FF33B9460193E9
:10092000BB46434604970DB1009921600598002805
:1009300000F3D6808F480099814203D38E488142CC
:10094000C0F0CE800399601B11F0020C40F0D680FD
:10095000B9F10F0F00F2CF80002D00F0D68009F121
:1009600040010DEB010E0199C0F387000EF8200C39
:100970000EF8101CBCF1000F00F0C38060F07F0087
:100980000EF8200C013709F10109C5F108014FF6F5
:10099000DA7E043406918CE00729B8D86FF01B008A
:1009A00011B0BDE8F08F7A285BD84B280FD84728C4
:1009B00057D829282ED8252850D052D8202818BFFB
:1009C00023280CBF4FF0010B4FF0000B71E04C38A7
:1009D0002E2846D8DFE800F06D454545454545459C
:1009E00045454545484545454545454545564548A0
:1009F000485656566D486A456D4518481845457F16
:100A00007C48454548457C0000204FF0000B4FF0E6
:100A1000040835E001212A38C0B201FA00F010EADA
:100A20000E0F46D110F0625C2CD110EA010B40D0C1
:100A30006046013C4444B4FBF8F408FB04F425B1DF
:100A4000A3EB050CA444B445A8D8002870D00599A0
:100A5000013905915AF8041B009164E701990139A5
:100A600001914FF0000B24E012F8010C6C2834D1F6
:100A7000002012F8023C83466C2BC8D14FF00808C6
:100A80004346D6E70AF1070A2AF0070A073424F09A
:100A90000704FAE802BC35B106982044B0423FF69C
:100AA0007DAFC4E900BC4FF0000B08344FF00808DC
:100AB000434612F8010F002853D0BBF1000F7FF41A
:100AC00072AF2528F5D14FF0010B019B0133019343
:100AD0004FF00408ECE7584697E700208346A8E764
:100AE000039988077FF551AF4FF0010C601BB0F5FB
:100AF000007FFFF42DAF6FF0150051E74FF0000CB1
:100B0000F5E70498013004903DE7BCF1000F01D0F7
:100B1000013638E70298023600287FF434AF009897
:100B2000CDE90632FFF790FADDE9063206442AE7FE
:100B3000042B08D10AF1040015B1DAF80010216085
:100B400082460434B5E70AF1070323F0070303F1F3
:100B5000080A1DB1D3E90001C4E9000108230834E3
:100B6000A7E7631BB3F5806FC5D23DB9A6F10804B2
:100B7000E01815E73CDD000C2C09010C029A9B08DB
:100B800028602B709DF81030AAB1EB70AF702FB1B8
:100B9000002208A8C5F1010C91450ED14FF0000AC2
:100BA000C5F101030DF1200801930DF1300BD14582
:100BB00012D1601BF4E66B70E8E710F8013B1906F0
:100BC00008D50CEB040EB64503F07F033FF6E6AE06
:100BD00004F8013B0132DFE71FB198F90020002A39
:100BE00017DB029BD3B11AF80B2004F8012B00226B
:100BF000019B18191044B0423FF6D0AE98F800009F
:100C0000009904F8010B204603920DF014F8039AA2
:100C100014440AF1010A08F10108C8E798F8002015
:100C200055F822300093029B009845F82230FFF7D8
:100C30000BFA421CDCE76FF00D00B1E62DE9F04F36
:100C400097B000AF05468A46C7E90A3249B903782A
:100C50004678807800EB83002844564524D8A0EBE2
:100C6000050AD7F8803095F8028003F00103D7F821
:100C70008040FB61EB78B8F1000F0CBF002404F05A
:100C800001047B621BB1D7F880309A0715D4A4B950
:100C9000FB6A1BB151462846BA6A98475646304609
:100CA0005C37BD46BDE8F08F441C2046FFF7CCF909
:100CB000013020440AF1010ACFE7D7F88030C3F3AE
:100CC000C0033B622B78BB619B003B616B687B611F
:100CD000BB6905EB830BFB6A002B77D15646D844E2
:100CE000BCB11C461BF8013B55F82300FFF7ACF9DB
:100CF000D7F88430013043B1D7F88830A34282BF9F
:100D0000D7F8843023F814000134C3450644E9D1F0
:100D1000D846D7F880304FF0000913F0050F0CBF0C
:100D20004FF0020B4FF0010B7B6A9945B7D298F850
:100D3000013008F1020855F823A0AE4B9A45C0F0E7
:100D40004C81AD4B3A6A9A452CBF002301230AB36C
:100D500018F8021C7869FB6209F009FBFB6AC8B14C
:100D6000EA468AB06A46A54B05937B69CDE9063110
:100D70004FF40073ADF82030A14B42F8103F002330
:100D80004FF412519F4800F0EBFBD546023E09F1AB
:100D90000109C9E723B1FB6933B9A6EB0B06F6E7F6
:100DA000D7F880309B07F2D55046FFF74DF9D7F8BA
:100DB00084304BB1D7F888309C423FBFD7F88420AD
:100DC000431C22F8143001340644E0E7002C6AD1B9
:100DD000B8F1000F6DD0D7F8803058076CD5C146F8
:100DE00007F14800424659460CF025FF00220BEB64
:100DF0000803FB600233796A8A425FD3D7F8802008
:100E000095F801B0F969920704EB0B0348BF002283
:100E1000DBB258BF4FEA5902002940F0A680D7F84C
:100E2000801011F0040F14BF494600216B70A970A7
:100E3000EA702846BA6A3969FB6A9847061EFFF6C7
:100E40002EAFBB6949462B707B6ABA6AEB7085F896
:100E500001B0FB6A85F8028007F148009847B0F1BD
:100E60000009C0F2B6803B697A6A786A03EB4201F6
:100E7000FB68414403EB4000BA6AFB6AAAEB01013C
:100E800098470028C0F2A7804FF0000BB14409EB4F
:100E9000000607F1380AA34569D30021BA6A08465B
:100EA000FB6A9847FBE644464FF0000907F138001B
:100EB00098E74446C14699E7A14697E713F8016CC5
:100EC000DFF830C155F8260013F8021C6045C0F069
:100ED0008A80DFF824C16045386A2CBF4FF0000BD0
:100EE0004FF0010B38B17869C7E9013209F03FFAD8
:100EF000D7E90132F0B9BBF1000F1ED0F96949B151
:100F0000611C04F1280007F13004041904F8206C76
:100F1000CCB20FE0D7F8801049070BD509F12800B3
:100F200007F1300C09F1010100EB0C0909F8106C14
:100F30005FFA81F9013202335DE7D7F8800080075C
:100F4000DED409F1280C07F1300EF44409F1010058
:100F50000CF8101C07F1580109F1020951FA80F050
:100F60005FFA89F900F8106CE4E700215EE71BF8EE
:100F70000A3055F8239087F83730D7F884302BB3F0
:100F8000D7F888309B4521D2D7F8843033F81B80BE
:100F90000121BA6AFB6A07F13700984700281ADB7B
:100FA0000644B8F1000F06D14846FFF74DF800F1AE
:100FB00001081FFA88F841464846BA6AFB6A984712
:100FC000002808DB06440BF1010B64E74FF0000832
:100FD000DEE74E4663E6064661E63B6A002B3FF4D9
:100FE000DFAE0023B4E6386A0028A6D04FF0000B2D
:100FF00079E700BF3CDD000C2C09010CE7EA000C8E
:101000000400000114E4000C014B1860704700BF9D
:10101000F000002080B505460E461746984608F0B9
:10102000E1F8034601F0D4F90446DFF8189042468F
:1010300049F8003039463046A84754F8090001F015
:1010400069F900BF080000002DE9F0470446074693
:101050004FF00109DFF84C8094FAA4F5B5FA85F554
:1010600009FA05F32E0108EB05156FEA030A24EAD5
:1010700003042B7B63B158F806301B696BB94644F7
:10108000736804222846196807EA0A0709F0CFFCAA
:10109000002CE1D13846BDE8F08728469847002863
:1010A000F6D1ECE714E5000C10B5002288B00E492B
:1010B0000E480CF03BFD002200230024CDE906235E
:1010C0000E234FF44072CDE90334CDE90144084BBF
:1010D00008490094084807F06FFD084906480CF0DD
:1010E0001EFB204608B010BD0111000C500B002063
:1010F0000914000CF8180020C0060020A6EB000C14
:10110000014807F0B1BA00BFB80500202DE9F0474B
:10111000804620480F4609F066FC0646002832D07B
:1011200000252846BDE8F087237B83B12368DB6870
:101130000BB120469847636883F8069023681B69C3
:10114000CBB9636804222046196809F070FC0136A7
:1011500010345445E8D3B8F1000FE2D0002DDFD0B1
:101160002846FFF771FF0546002FF7D000216420C5
:101170000CF0BAFBF2E7204698470028E1D009FAC4
:1011800006F31D43E3E705464FF00109024CDFF883
:101190000CA0DEE78811002014E5000C24E5000C0B
:1011A000014B53F82000704774E5000C08B5034666
:1011B00008462BB1044A136000F032FC002008BD41
:1011C0006FF01500FBE700BFF400002010B5044CE1
:1011D000237813B9034807F047FA0123237010BDA1
:1011E000EF180020B805002010B50446094809F0A2
:1011F000FAFB3CB1084BD3E8EF1F0139C3E8E21F0B
:10120000002AF8D1054808F075FABDE810400448F6
:1012100007F02ABA8011002084110020500B002012
:10122000B80500200022044BD3E8EF0FC3E8E12FFC
:101230000029F9D1704700BF8011002070B5FFF779
:10124000F1FF0546074C084EB44200D370BD6368F9
:101250005B792BB123685B6813B129462046984718
:101260001034F1E714E5000C24E5000C10B5044C33
:101270000449204609F0A8F9034B1C6010BD00BFCB
:10128000FC04002060E5000C7811002000230D4ACA
:1012900010B513700C4A4FF47A7113600B4A0C4866
:1012A0001360FFF783FFFFF7E1FF0A4B0A49184677
:1012B0008B4200D310BD1A1A5C68121101322271E0
:1012C0001033F5E7F0180020801100208411002071
:1012D000F9A9000C14E5000C24E5000C01460022DD
:1012E0000023014809F091B9FC040020014809F0ED
:1012F00028BA00BFFC040020024B0146186809F020
:101300007BBA00BF78110020014809F0B0BA00BFD5
:10131000FC04002070B5254B1B78002B43D0FFF751
:10132000E5FF044600283BD1214B224D1B68002BD2
:1013300012DD0CF0B3FB0A220023FEF761FED5E9B3
:101340000032C01A40F2E93361EB0201984271F1B8
:10135000000101D3FFF772FFD5E9003213F57A736C
:1013600042F10002C5E90032ECB1BDE87040FFF780
:10137000CBBF6B685B7923B12B68214628461B687D
:1013800098471035B542F4D32046FFF7B5FF0A4B16
:10139000D3E8EF1F0139C3E8E21F002AC4D0F7E702
:1013A000064D074EEEE7002070BD00BFEF1800208D
:1013B00080110020480B00208411002014E5000C4F
:1013C00024E5000C70B50D4D297861B90120FFF7B7
:1013D0009DFE0B4C0B4EB44206D3FFF79BFF00283B
:1013E000FBD101232B7070BD63685B791BB123684F
:1013F00020469B6898471034EDE700BFF0180020A6
:1014000014E5000C24E5000C00212DE9F843084602
:10141000FFF77CFE044648B34FF4FA784FF000091A
:1014200000F0D6FF1A4B1B4A1B58136033B11A4BFE
:101430001B68092B02DD194807F016F90025184F23
:1014400044B12046FFF700FE044618B94FF0FF38BC
:101450004FF0FF39FFF75EFF064628B9B5B90F48D0
:1014600042464B4607F034F93546E9E74FF0FF387E
:101470004FF0FF39D4E72B689B691BB10022284647
:10148000114698471035BD42F5D3E8E7054DFAE718
:10149000080000007C11002084110020B805002005
:1014A00024E5000C14E5000C13B5184809F09BFA6C
:1014B000174B1B7873B1EFF31184202383F3128849
:1014C000BFF36F8FFFF726FF84F31188BFF36F8F91
:1014D00002B010BD0F4B1B68002BF9D050B9002291
:1014E00000230D48CDE9002342F21072002308F0DA
:1014F000C9F8EDE70928EBD1074808F0FBF80748E1
:1015000002B0BDE8104007F0AFB800BF8411002062
:10151000F01800207C110020500B0020B80500209E
:1015200010B5064B04461B6898472146A060044846
:1015300009F0E8F8BDE81040FFF7B6BFF40000205E
:10154000FC040020044A054B9B1AB1EBD30F34BFB7
:1015500052F831000020704714E4000C14E5000C30
:101560002DE9F04F8FB0C1F34A2604AF0D469046E7
:10157000B8607B600C0D002E61D04FF000090A238B
:101580004FF0040B07F1140AFE60C7E90799C7F88A
:1015900024900093CDF808B0CDF804A007F11C0307
:1015A0004A464046F968FFF749FBB0F5006F03462D
:1015B0001CD36C468AB0D8F8041004AB24481A46F1
:1015C000C3E9050140F2FF71D9614FF4007119843C
:1015D000204B42F8103F4FF412514B461E48FFF784
:1015E000BFFFA5462C37BD46BDE8F08FC0F30A0605
:1015F00004F11700184420F0070080083B60FFF753
:101600006DFE66F35325044680B13B6800F110017E
:10161000C7E908390A23F961CDE901AB00934046D7
:101620000E4AF96807F11C03FFF708FB66F3532520
:101630002A4620467B68B96809F019FAD2E704F116
:10164000170020F007008008FFF748FE0446EDE78A
:10165000BBEB000C040000014CE4000C41AA000CA0
:101660002DE9F04F87B00546DDE9106BDDE9127A10
:10167000884614469946BFB110213B465A46002081
:10168000CDF800A0CDF814A0FFF726F9B0F5006F53
:1016900001460BD340F2FF730221184A184807B0E5
:1016A000BDE8F04F09F03CBA3946384604F007036C
:1016B00005F00704E40044EA831444EA402444EAC1
:1016C000065406F11700084420F007008008039133
:1016D000FFF704FE054640B13FB13B465A46039929
:1016E000CDF800A01030FFF7F7F84B4622464146F0
:1016F000284607B0BDE8F04F09F0B9B9FAEB000C85
:101700004CE4000C406820B1034BC01A40F3CF00FA
:1017100070474FF0FF30704714E4000C0EB403B56F
:1017200003AB53F8042B01460448019301F084F8FD
:1017300002B05DF804EB03B0704700BF83AB000C50
:10174000CA0605D48B064CBF02490349FFF7E6BF22
:10175000704700BF33EC000C32EC000C2DE9F04F69
:1017600089B098469DF85090159B044606930D4607
:10177000DDE916A3189F05920493B9F1000F00F05C
:10178000B08007F48073079309F04FF907F0020B5C
:101790000246002874D020467749FFF7BFFF06466F
:1017A000BBF1000F08D017F0440F6BD12A4620463A
:1017B0007249FFF7B3FF064407F0010353B1704BC2
:1017C000204653F829206F4B6F49002A08BF1A465C
:1017D000FFF7A4FF07F48073002B07F0080318BF7E
:1017E0004FF00008002B79D0684B204653F8292091
:1017F0006749FFF793FF0546059B2BB11A46204624
:101800006449FFF78BFF0544B8F1000F05D042464D
:1018100020466149FFF782FF054460483544069B36
:101820001BB122465E4908F071FD049B002B00F0BD
:101830008E80DDF810803946B8F1100F204628BFA1
:101840004FF010080026FFF77BFFB54250DC002662
:10185000334620461AF803205249FFF75FFF01364E
:10186000102E4BD0710703D120464F49FFF756FF8A
:1018700046453346EDD320464C49FFF74FFFEEE790
:1018800006468DE74A4B1868002894D0494B4FF420
:101890007A7B1B684FF03C0CB5FBF3F5B5FBF0F120
:1018A0004FF4616300FB11550BFB05F5B1FBF3F23F
:1018B000B5FBF0FE03FB121100FB1E55B1FBFCF360
:1018C0000BFB05F5B5FBF0F50CFB13112046009161
:1018D000CDE901E53849FFF721FF6CE707F008057E
:1018E0008AE7B8F1010F4D460CBF2C48334896E704
:1018F00020462D49FFF712FF0136A6E700262046B5
:101900002F49FFF70BFF33461AF803202046A2F1B8
:1019100020035F2B28BF2E222A49FFF7FFFE013646
:10192000102E0DD0720703D120461F49FFF7F6FE97
:10193000B0453346E8D820461B49FFF7EFFEEEE7F7
:10194000049BC244B3EB080304937FF472AFB9F174
:10195000000F0AD0FB0704D520460A4A0A49FFF7C0
:10196000DDFE39462046FFF7EBFE204609B0BDE814
:10197000F04F09F0F9B800BF3AEC000C3EEC000C57
:1019800084E5000C35EC000C63EC000C98E5000CD1
:1019900066EC000C6CEC000C70EC000C83AB000CE3
:1019A0003928000C75EC000C7DEC000C7BEC000C75
:1019B000901100208C11002047EC000CB1AB000C02
:1019C0007FEC000C81EC000C42F20F7373B58B427C
:1019D00028BF0B4605680446052168460D4A07F0F6
:1019E00013FF0646636828460B225B680A4909F024
:1019F000ADF863683246694628465B6809F0A6F888
:101A000063681B2228465B68044909F09FF802B00E
:101A100070BD00BF18F4000C6E07010C5207010CDA
:101A200000210123064A904206D8064A01B9012343
:101A30001360054B18607047012140085B00F2E716
:101A400040420F008C11002090110020F8B50D4687
:101A50000446064F4618B44201D12846F8BD14F892
:101A6000011BBB6801485B689847F4E72CDE000C5B
:101A7000014B036000207047E0E5000C08B5034807
:101A8000034A0021121A09F010F908BDC00600200F
:101A9000F8180020074808B5074A0849121A09F043
:101AA00006F9BDE808400648064A0749121A09F037
:101AB000FEB800BF00000020BC0600202C09010C6D
:101AC00000000020000000202C09010C2DE9F04747
:101AD00006460C4600AF002936D0D1E90012E9468F
:101AE0008AB06D46A3684FF0050AE8461F48CDE965
:101AF0000723CDE9050148F810AF002342464FF413
:101B000021511B48FFF72CFDD4E90312CD46636930
:101B1000AD461848C5E90723C5E90501C5F810A079
:101B2000002342464FF421511148FFF719FDCD46DD
:101B3000E3690121104A0E4808F0F2FFA369012170
:101B40000E4A0B4808F0ECFF012E07D1EFF3058396
:101B50000B4A31460648103B08F0E2FF214630466A
:101B600006F0D2F9BD46BDE8F08700BFBEEC000C20
:101B70007CE4000CEDEC000C1CED000C2BED000CDB
:101B800059ED000C30BFFFF7FDBF00BF2DE9F0415C
:101B900005460B4EDFF82C80324606EB0807CC1BBF
:101BA000204609490CF047F8A01942460021083C9C
:101BB0000CF04EF8AC6707F10800BDE8F08100BFFB
:101BC000000000000800000030E5000C10B5244CB7
:101BD0002449254809F078F8A36A99013ED522489E
:101BE000224909F071F81E20A36ADA0104D51E48C3
:101BF0001F4909F069F81F20194CA36ADB0204D5BC
:101C000019481C4909F060F82020A36A1C0304D578
:101C10001548194909F058F82120114CA36A5903B5
:101C200004D51148154909F04FF82220A36A9A03F8
:101C300004D50D48124909F047F82320084CA36A3F
:101C4000DB0304D508480F4909F03EF82420A36AB5
:101C50006FEA03436FEA1343A36210BD1D20C3E77D
:101C600000ED00E06CED000C7CE4000C84ED000C59
:101C700097ED000CB1ED000CDBED000CF9ED000C64
:101C80001EEE000C38EE000C70B506460D46294CD1
:101C900029492A4809F018F8A36ADB0647D52748DE
:101CA000274909F011F81120A36A1C0704D523481D
:101CB000244909F009F812201E4CA36A990712D58D
:101CC00021491E4809F000F8636BA26A120609D583
:101CD00001211E4A194808F023FF1EB1A36A23F010
:101CE0008003A3621320134CA36ADE0704D51348B4
:101CF000174908F0E9FF1420A36A9C0604D50F4891
:101D0000144908F0E1FF15200A4B9A6AD10658BF22
:101D10009A6A9A6A920642BF5A6A22F400525A623A
:101D20009A6A42F0FF029A6200232B7070BD102065
:101D3000BAE700BF00ED00E063EE000C7CE4000CAD
:101D400079EE000CACEE000CBFEE000CD7EE000CF0
:101D5000EDEE000C0CEF000C70B506460D46284C5D
:101D60002849294808F0B0FFA36AD9043CD5264881
:101D7000264908F0A9FF1720A36A1A0504D52248AE
:101D8000234908F0A1FF18201D4CA36A9B0512D51A
:101D90001D48204908F098FFA36BA26A100409D5DA
:101DA00001211D4A184808F0BBFE1EB1A36A23F4A6
:101DB0000043A3621920124CA36A590504D51248A6
:101DC000164908F081FF1A20A36ADA050ED50E48DD
:101DD000134908F079FF1B20094A936A43F47F43B3
:101DE000936200232B7070BD1620C5E7A36A9B0485
:101DF000F2D505480B4908F067FF1C20ECE700BF4F
:101E000000ED00E03BEF000C7CE4000C51EF000C17
:101E1000ACEE000C62EF000C7BEF000C90EF000CBE
:101E2000ABEF000C0CEF000C10B52F4C2F483049D5
:101E300008F04AFFD4F8E830D4F8E420500604D57E
:101E400001212C4A294808F06BFED4F8E430D90768
:101E50000CD52648284908F037FF2620224AD2F818
:101E6000E43043F0FF03C2F8E43010BDD4F8E430AE
:101E70009A0705D51D48214908F026FF2720EDE7E0
:101E8000D4F8E4305B0705D518481D4908F01CFF5D
:101E90002820E3E7D4F8E430180705D5134819499A
:101EA00008F012FF2920D9E7D4F8E430D90605D587
:101EB0000E48154908F008FF2A20CFE7D4F8E4308F
:101EC0009A0605D50948114908F0FEFE2B20C5E702
:101ED000D4F8E4301B0605D504480D4908F0F4FE9B
:101EE0002C20BBE72520B9E700ED00E07CE4000CE6
:101EF000C3EF000CDCEF000CECEF000C02F0000C68
:101F000020F0000C3BF0000C58F0000C6DF0000CC1
:101F100087F0000C2DE9F0418AB0774B00AFD3F881
:101F200004800023C8F3080683F31188BFF36F8F82
:101F300002F07F44B4F17F4F31D112F001052FD070
:101F400012F0400502F0080403D02CBB0446012522
:101F500012E0530758BF0146684A0B6858BF012575
:101F60001A44012A98BF0B6C0121654A654808F0A4
:101F7000D7FD74B1EFF389840023FB71F31E092BA5
:101F800000F29980DFE803F00E8F92848B97979789
:101F90009795EFF38884EFE70C461D46ECE71D4666
:101FA0002C46E9E75849574808F08EFE0023524E68
:101FB000FB71F36A9A0705D55449524808F084FE2C
:101FC00000232DE0F36A002B01DA5149F5E7F36AAB
:101FD0005B00F5D54F494B4808F076FE7369A2695E
:101FE00043F480737361BFF34F8FBFF36F8F32F889
:101FF000023C726922F480727261BFF34F8FBFF3AB
:102000006F8F03F47F42B2F55F4F2BD1DBB2022B0F
:1020100028D123680121404A3A4808F081FD23680D
:10202000FA79DAB907F1080604F1200C3246206883
:102030006168083403C264451646F7D17A6A002DF8
:1020400056D0C2F3080121B96FEA52226FEA422248
:102050007A62184607F10801FFF738FD2837BD46B8
:10206000BDE8F081244B9A6AD2B222B10120F91D59
:10207000FFF70AFE15E09A6A12F47F4F04D00120A0
:10208000F91DFFF769FE0CE09A6AB2F5803F02D3B2
:10209000FFF79CFD05E0D3F8E430002B90D0FFF76C
:1020A000C3FE0346BCE70020F91DE1E70020F91D4F
:1020B000E7E71A4981E71A4A18F4F87FE8468AB038
:1020C000184B08BF13466A461749103ECDE9051361
:1020D0004FF40073ADF82030144B079642F8103FD0
:1020E00000234FF411510748FFF73AFAC54667E756
:1020F0006FF30802ACE700BF00ED00E0A6ED0501BC
:10210000C8F0000C7CE4000CE7F0000CFEF0000CC2
:102110001FF1000C2DF1000C4CF1000C68F1000CCB
:102120009AF0000CAFF0000C8CF1000C04000001E0
:10213000044B5A6942F010025A615A6922F00802AF
:102140005A61704700ED00E0EFF30880EFF309817A
:1021500001B57246FFF7DEFE01BD00BF0A4880F3FD
:102160000888202080F3118808484FF40061401847
:1021700080F30988EFF314800221084380F3148868
:10218000BFF36F8F00F05CF838350020F82700208F
:102190001EF0040F0CBFEFF30880EFF30980816994
:1021A00011F8021C0229FFD001B5724608F081FD2A
:1021B00001BD00BF00B2002807DB01234109034A2B
:1021C00000F01F00834042F82130704700E100E03A
:1021D00000B200280CDB01220649430900F01F0071
:1021E0008240203341F82320BFF34F8FBFF36F8F1E
:1021F000704700BF00E100E000B2002801F10101DA
:10220000ACBF00F16040064B4FEA4111C9B2ABBF11
:1022100000F5614000F00F0080F80013195470477A
:1022200014ED00E0044B054A23F07F039360BFF3F5
:102230004F8FBFF36F8F70470000000800ED00E084
:1022400008B5FFF7EFFF0B4AD2F8883023F470038C
:10225000C2F88830EFF3148323F0040383F3148867
:10226000BFF36F8FFFF70AFCFFF714FC00F092F842
:1022700005F06CFF00ED00E042F8203C009B0B49AC
:1022800042F81C3C019B21F0010142F8183C029BE2
:1022900042F8081C42F8143C4FF0807342F8043CAA
:1022A0000023203A0265C367704700BF1510000C79
:1022B00000B50B4B15469860826F0A4B0E461A60AC
:1022C0002C4686F309880020034B984720460021BE
:1022D00000220023014C2047DFAC000C1510000C3D
:1022E00090180020B81100201022014B1A6170478D
:1022F00000ED00E0054B5A699B689A421FBF044AF3
:10230000536843F080535360704700BF901800201B
:1023100000ED00E0084B9B6883420BD1EFF305838F
:1023200043B1064B5A6842F080525A605A6A22F40E
:1023300000425A620BF0F8B99018002000ED00E05E
:1023400011498A684FF030001044EFF3098C80E89F
:10235000F01F202080F31288BFF36F8F0B4F4FF0D8
:1023600000664A698A603E60906F094C2060D06FB9
:102370000023D36780F3118802F1300090E8F01F4A
:102380008CF30988704700009018002004ED00E0ED
:10239000B8110020002320210348C21801339E2BCE
:1023A00082F80013F9D1704700E100E008B5EFF3BF
:1023B0000583064A103B02EBC30152F8330049681B
:1023C0008847BDE80840FFF795BF00BF9CDE000CC2
:1023D0000148006870470000B81100201FB50121B6
:1023E000094B0A4A0A4800F00FF90023064A0393F2
:1023F000084B0121019301A8D31A029300F00EF9B2
:1024000005B05DF804FB00BF0000082000000020BC
:10241000E0E5000CC00600200A7A0B6810B562F3F4
:1024200004031C46CB68520923F01F0343EA42030E
:10243000044A43F00103C2F89800C2F89C40C2F875
:10244000A03010BD00ED00E010B50A4BD3F890307D
:10245000C3F30723013B984208D901210346064AEA
:10246000064808F05DFB6FF0150010BDFFF7D4FFC4
:10247000FBE700BF00ED00E0A3F1000C64E4000CFA
:102480002DE9F04F8946144606464FF000084F4D9F
:1024900085B0C84527DAD6F804A0BAF1000F44D0B9
:1024A000BAF11F0F17D91AF01F0F14D1D6F800B0C8
:1024B0001BF01F0F0FD1584608F025FC07460AEB0A
:1024C0000B00013808F01FFC874210D06FF0150791
:1024D0003F4A3B4601E043463E4A01213E4808F060
:1024E0001FFB6FF01504204605B0BDE8F08F17F113
:1024F000160FEDD0BC42EBDDC5F89870D5F89C10F6
:10250000C5F89870D5F8A03021F01F0143F01F0BDB
:10251000D6E900321A44994202F1FF3A1AD1D34562
:1025200007D13146F8B208F0F7FB08F101080C3684
:10253000AFE73146C5F89870D5F89C30E0B263F348
:102540000402C5F89C2008F0E7FB10F1160FC8D074
:10255000441CEAE7C5F89870D5F8A020013B23F0A9
:102560001F0302F01F021343D3453146E0B2C5F802
:10257000A030E8D008F0D0FB10F1160FB1D0C5F8AC
:102580009870D5F89C209DF808300BF1FF3B62F362
:1025900004038DF80830D5F8A0309DF808205B08BA
:1025A00063F347128DF80820D6E9003213440093F4
:1025B00023F01F035B44A3EB0A03013023F01F0346
:1025C0006946C0B20393FFF73FFFBEE700ED00E0AE
:1025D000EFF1000CC9F1000C64E4000C0522044B7F
:1025E000C3F89420BFF34F8FBFF36F8F704700BFC6
:1025F00000ED00E0BFF35F8F0022024BC3F8942090
:10260000704700BF00ED00E010B5034C2278FFF7E3
:1026100037FF207010BD00BFF21800202DE9F74FE2
:10262000294D8A4606464FF00008AB46274FD04555
:102630001BDAD6F80490B9F1000F3FD03168084694
:10264000019108F060FB0199044609EB0100013893
:1026500008F059FB84424FF014021D4B08D002FBD6
:1026600008F36FF015024BF8032003B0BDE8F08FBC
:1026700014F1160F2C60F8D01978A142F5DD02FB99
:1026800008B0C7F89840C7F89840D7F89C4000F1C8
:102690000801007B64F304000871D7F8A0000C79EE
:1026A000400860F347140C71D7F89C1021F01F010B
:1026B0006960D7F8A01021F01F01296108F1010815
:1026C00014350C36B3E700BFBC11002000ED00E06C
:1026D000F2180020F0B55349534DD1F890302C68D2
:1026E000C3F307239C4287B000F299800020FFF7D4
:1026F00081FF4E4BC1F8C030844216D14C4D01A829
:102700002C70FFF7B5F9002607464A4CB74213D1A3
:1027100000202B784349D1F89020C2F3072293423E
:1027200077DBFFF75BFF002046E0696801EB0011F3
:10273000FFF772FE0130DFE70199300101EB06136C
:10274000DA682240B2F1807F52D00AD8B2F5001F79
:1027500034D0B2F5800F3ED0B2F5801F12D00136D2
:10276000D4E7B2F1006F43D0B2F1805FF7D15A687D
:102770009B680958013B22F01F00034423F01F030C
:10278000012032E05A689B680958013B22F01F0083
:1027900003440120844623F01F0340EA4C10CDE996
:1027A00002218DF8100002A928780593FFF74CFE4E
:1027B00000282ADA6FF0150007B0F0BD5A689B6850
:1027C0000958013B22F01F0003444FF0020C012086
:1027D00023F01F03E1E75A689B680958013B22F088
:1027E0001F000344062023F01F034FF0000CD4E722
:1027F0005A689B680958013B22F01F0003444FF0C0
:10280000030C012023F01F03C7E72B7801332B7043
:10281000A5E7C1F89830C1F8A00001337BE74FF07D
:10282000FF30C9E700ED00E0ECE5000CAAFF440032
:10283000F21800200000F0FFF0B587B007460E4602
:1028400014460021102268461D460BF001FA0223AF
:102850008DF80230054B2A4621466846CDE90476BC
:10286000019306F0FBFF07B0F0BD00BF4BAD000CBD
:1028700008B5024B1B689847002008BDD011002006
:10288000034B044A1860937843F002039370704737
:10289000D01100200001002008B50649064821F0AB
:1028A0000701C1F1005202F5002207F038FC0020B8
:1028B00008BD00BF7F410020D411002070B54169E0
:1028C0000446867A0A4D59B1437ADB0706D424239D
:1028D00003FB0653DB691B689B6898470023636111
:1028E0002420214600FB0650BDE870400AF00ABED5
:1028F000C80500202422024B02FB0030704700BFB5
:10290000C80500202421827A054B01FB02331A6A94
:102910001B7D801A1B3323F00303B0FBF3F07047D9
:10292000C805002038B52424827A064B04FB023304
:10293000DB69D3E901240C601568FFF7E3FF04FBB2
:10294000005038BDC80500202DE9F04385B005468C
:10295000684690461C4603910BF0A2F8DDE900673B
:10296000EFF31189202383F31288BFF36F8F6B8AF3
:10297000002B41D02A8A9A4225D9002200232846DA
:1029800005F040FE0446F0B189F31188BFF36F8F64
:10299000039B002B41D032463B4668460BF0A5F81E
:1029A0002421A27A254B204601FB0233DB6903A9CF
:1029B0001B681D68DDE90023A847606170BB2046E5
:1029C000FFF77CFF24E0698A4B1E6B8289F3118834
:1029D000BFF36F8F2B7D2A8A2C6A1B3323F00303EE
:1029E000521A02FB0344154B154AEB1A9B10534332
:1029F000A3722B7DE372CBE789F31188BFF36F8F4E
:102A000023464246284605F0FDFD04460028BFD176
:102A10000024204605B0BDE8F08363610123002552
:102A20002381039B29466382E27A656004F11800E2
:102A30000BF00EF963692582E360EAE7C805002020
:102A4000398EE33870B524250C4C00B970BD037A7B
:102A50004668002BFAD0013BDBB20372002BF5D1A4
:102A6000C3604360837A05FB03439B6913B19847B6
:102A70003046EAE7FFF722FFFAE700BFC80500206B
:102A800038B5044606F08AFB204608F0BDF9A06977
:102A9000C8B194F86C30DB070DD50221154A1648F1
:102AA00008F0B0F96FF07705201D08F0B4F906F0D2
:102AB00089FB284638BD0AF090FB38B901210F4A3E
:102AC0000D4808F09FF96FF01205EDE7204601F080
:102AD00007F805460028E7D10146242204F1280022
:102AE0000BF0B6F894F86C3043F0010384F86C30C6
:102AF000DAE700BF30F2000CDCE4000C5AF2000C04
:102B000070B5044606F04AFB204608F07DF994F8BB
:102B10006C30DA070DD40221254A264808F072F9F4
:102B20004FF0FF35201D08F076F906F04BFB2846E4
:102B300070BDC3F340019B0707D502211E4A1D4803
:102B400008F060F96FF07705ECE7A06909F042F949
:102B50000646A06909F0CEF9054628B10121174AB9
:102B6000144808F04FF9DDE7A36F4BB1314620461A
:102B700008F0DBFA0546A0B1A06909F0E3F9D1E756
:102B8000A06909F05FF9A0670028EFD101210C4A84
:102B9000084808F037F9A06909F0D4F96FF00B057F
:102BA000C0E794F86C3043F0020384F86C30B9E766
:102BB0007DF2000CDCE4000CA3F2000CC9F2000C66
:102BC000E5F2000C38B580210446806909F05DF912
:102BD000054678B10146204601F0D6FB044638B1DF
:102BE00006480121064A07F092FF2846FFF72AFF10
:102BF000204638BD6FF00B04FAE700BFBCE4000CC0
:102C000014F3000C38B50446806F08F0B3F805469D
:102C100008F0A7F82046294601F0B6FB044638B173
:102C200004480121044A07F072FF2846FFF70AFF13
:102C3000204638BDBCE4000C37F3000C2DE9F04F02
:102C400085B0074688461546994608F0E6F80446DA
:102C5000B9F1000F10D0384608F0E4F8012808D088
:102C6000FFF7B6FB6FF08502314B1A5005B0BDE897
:102C7000F08FB4FA84F46409013521463846EAB28B
:102C800008F06CFA064630B901212B46294A2A4839
:102C900007F046FFE4E74568B9F1000F09D028685E
:102CA000696801AB03C32A7A01AD1A7007238DF856
:102CB000053008F10C09484608F0E0F92A78294661
:102CC000824228BF0246484608F06AF8D6F80CA0AF
:102CD000BAF1000F09D1B8F81010FB8D9942C5D98F
:102CE0004846C91A08F077F8C0E7DAF804008368A4
:102CF0001B6B13B9DAF800A0EAE7214698470028D1
:102D0000F8D0051F55F804BFBBF1000FF2D09BF8B7
:102D10000060002EEED0484608F0B0F9B04234BF53
:102D200082B232465946484608F03AF8EAE700BF10
:102D30000C00000056F3000CBCE4000C2DE9F0413F
:102D400090F82830044603F01F03012B0F4600F1D2
:102D500028062FD0022B18D08BB3204694F82910C8
:102D600008F0A0F8024678B3304608F08FF91D4D00
:102D7000002834D113693BB33A4631462046984780
:102D80000346FFF725FB2B5024E0818DC9B201F0EB
:102D90008DF905460028E0D0304608F077F9024664
:102DA00068688368CAB99B6873B13A463146BDE822
:102DB000F0411847818DC9B208F034FAE9E790F87C
:102DC000291008F048FAE4E7FFF702FB6FF08502EC
:102DD000044B1A500020BDE8F081DB68E4E7D368BB
:102DE000C9E700BF0C0000002DE9F04F0B7E044640
:102DF00033F080080D46164695B00AD00121A74A47
:102E0000A74807F084FE6FF00408404615B0BDE8FF
:102E1000F08F82B10846FFF715FE6B7EDF0704D402
:102E20009E07F2D52B7E002BEFD1204615B0BDE8D2
:102E3000F04FFFF7E7BE4A7E00F12809900705D55D
:102E4000802B09D12846FFF7FDFDDEE7910700F052
:102E50005584002B40F05284D20734D52B8A082B9E
:102E60000DD1EA68294613680020A3625368C9F8A7
:102E7000043007F083FF054640B18A4A00E08A4AE1
:102E80000121874807F043FE00F010BC484608F0D7
:102E9000FDF8E28D70B9B2B12946A06908F0E1FFF2
:102EA0000146002800F06584204615B0BDE8F04FCB
:102EB00001F06ABA3AB11146204608F0B1FA054667
:102EC000002800F05684FFF783FA002394F8288046
:102ED000764F18F0600FC351C8F3411307D0032B8E
:102EE00040F0D481FFF774FA6FF0850338E048466C
:102EF00008F0CCF894F82930002840F06781013BB5
:102F00000A2BEFD801A252F823F000BFB930000C11
:102F1000E52E000C4131000CE52E000C392F000C81
:102F2000E52E000CE52E000CE52E000CB52F000C54
:102F3000E52E000C2530000C618D7F29D2D8A38DA1
:102F4000002BCFD1E38D002BCCD118F01F0FC9D1AE
:102F500094F83030022B05D1FFF73AFA4FF0FF33E7
:102F60003B5083E0A069036993F880301B070DD5BF
:102F7000C9B208F0C1F8804658B1638D01214C4AAE
:102F8000474807F0CDFD002D73D13EE7012384F8BB
:102F9000393094F83030012B0AD1638D43B984F86D
:102FA0003030FFF715FA3B58002B00F09A805DE0B7
:102FB0000123F4E7204607F030FF628D0146FF2A27
:102FC00090D8E38D002B8DD194F82830D80689D184
:102FD00094F83030002BBFD02AB12046D2B208F08E
:102FE000E3F80028B8D0618D94F838308B42D8D0FF
:102FF0002046C9B200F00EFF638D804630B101213A
:1030000000902C4A264807F095FDBCE7002B14BF22
:1030100002220122052184F8302020461A4608F0B9
:1030200040FABEE708F01F08B8F1010F7FF45AAF6D
:10303000E38D002B7FF456AF628DFF2A3FF652AF2F
:10304000A18DFF293FF64EAF94F83030022B83D18B
:103050002046D2B2C9B208F067F910F1020F8046DB
:1030600040F01981FFF7B4F947F8008065B14FF0DF
:1030700000082846FFF7E6FCB8F1000F7FF4C5AE64
:10308000FFF7A6F93B5863B3484607F0FFFF034636
:10309000A069002B00F07083802176E37CF3000CA4
:1030A000BCE4000CB4F3000C9DF3000C0C00000019
:1030B000D6F3000CF8F3000CE38D002B7FF412AF75
:1030C00094F83030002B3FF447AF012BA18D02D193
:1030D00000297FF441AF18F01F080CD0B8F1020F9F
:1030E00016D0E38D002B40F0D4822046FFF76AFD16
:1030F0000028C9D199E600297FF42EAF638D012BFA
:10310000EFD194F86C3061F3C30384F86C30E8E7D6
:10311000B4F82AA0BAF1000FE3D15FFA81F8414672
:10312000204601F099F90346FFF752F93B5001336D
:1031300000F0338352464146204607F0ADFF30E7AA
:10314000E38D002B7FF4CEAE628DA38D022A5FFA51
:1031500083FA11D108F01F085AEA08087FF4C2AEBA
:103160000122A069190A07F0A7FF00287FF4BAAE70
:10317000012384F8393014E794F8301000293FF423
:10318000EBAE012902D1002B7FF4E6AE18F01F0848
:1031900012D0B8F1020FA4D1002AA2D15146204684
:1031A00001F038F90346FFF713F93B50013300F003
:1031B000F48201225146BFE7002B7FF4CDAE012AF5
:1031C0008FD194F86C3043F008039EE70A2B3FF64A
:1031D00089AE01A252F823F00532000CE52E000C56
:1031E000E52E000CE52E000CE52E000CE52E000C63
:1031F0007F32000CE52E000C0B36000CE52E000C87
:103200003936000CE38D022B7FF46CAE94F830302D
:10321000002B3FF4A1AE012BA18D02D100297FF438
:103220009BAE18F01F0811D0B8F1020F1CD04FF060
:10323000000805F10C0A504607F020FFE38D984284
:1032400018D2FFF7C5F86FF00B0389E600297FF469
:1032500083AE94F86C304FEA930808F00208C3F389
:10326000001348EA0308E4E72046C9B208F0F8F87A
:103270008046DEE74146504607F0A3FD91E6628DA9
:1032800018F01F0F4FEA1223D2B209D02946204668
:10329000FFF754FD8046B8F1000F7FF474AE80E66E
:1032A000013B0E2B3FF61EAE01A151F823F000BFEB
:1032B000ED32000C2933000C3933000CE52E000CE4
:1032C000E52E000C9134000C3533000CE52E000C7B
:1032D000E52E000CE52E000CE52E000CE52E000C72
:1032E000E52E000CE52E000C2535000C05F10C0830
:1032F000404607F0C3FE83462046B4F82EA007F0F0
:103300008CFD20B101287FF4EDAD616F00E0216FED
:10331000002900F03E82DA4528BFDA460A78524595
:1033200028BF524640462FE0002329462046FFF79B
:1033300085FC36E60123F8E70321204607F0F2FD7D
:10334000824600283FF4CEAD07F093FEB4F82EB0CD
:103350009AF81520D8B99AF814808DF831208DF894
:103360003080DAF8103005F10C0A1B885046ADF8B1
:10337000323007F083FED84528BFD8468045424604
:1033800028BF024650460CA907F00AFD09E60023B3
:10339000DAF808108DF81D20C64A8DF81C300A4056
:1033A000C5498A4263D1102108A804F065F9B0F13B
:1033B000000842DB0CAAB8F1100F4FF000031046D2
:1033C00028BF4FF01008DFF8F4E208A9984502F191
:1033D00002023CD803464FEA880808F102085FFA67
:1033E00088F88DF81C8005F10C0A5046049307F00C
:1033F00045FED84528BFD846804528BF8046B8F14D
:10340000020FC34628BF4FF0020B50465A46A8EBA6
:103410000B0807A907F0C4FC4FEA58030393049B69
:103420009B4603EB58025A4528D118F0010F3FF490
:10343000B8AD039A995C5046FBE018F1580F7FF441
:1034400051AD01219E4A9F4807F061FB4AE511F802
:1034500001CB01334FEA1C1A0CF00F0C1EF80AA026
:103460001EF80CC002F802AC02F801CCAEE79AF8E4
:103470001480DAF810308DF81C80B4E750461BF841
:10348000011BCDE9042307F09CFCDDE90423CAE716
:10349000204607F0C2FCD4E91C83002808BF9846E8
:1034A0000023CDF83230CDF836300A238DF8303095
:1034B000062320468DF8313007F0B4FC012805D0F2
:1034C000FEF786FF6FF085033B506AE5B8F1000F09
:1034D00000F05F81B8F80230ADF8323098F804306F
:1034E0008DF8343098F805308DF8353098F806307E
:1034F0008DF8363098F807308DF8373098F811305D
:1035000005F10C0840468DF8383007F0B7FDE28D24
:103510009DF830300CA99A4228BF1A46824228BF33
:103520000246FFE6204607F078FC18B10128C7D113
:10353000636F00E0236F002B00F02B815B88B3F5F5
:10354000007FBDD9604B04F14C0B0C9300238DF828
:103550003430E36C9B4508BF0023BDF8322093B1A3
:10356000597D0F2908D1197D0A44ADF832209DF804
:10357000342001328DF83420226D934201D01B6833
:10358000EBE7BDF8322005F10C0A5046039207F034
:1035900075FDB4F82E80039A0CA9904528BF90467B
:1035A000804528BF80464246052A28BF052250464E
:1035B000039207F0F5FB039AB8EB02083FF4F1AC75
:1035C000E36C5B453FF4EDAC002B3FF4EAAC5A7D75
:1035D0000F2A14D11A7D1969424528BF4246504628
:1035E000039307F0DDFB039B1A7D424594BFA8EBD4
:1035F0000208A8EB0808B8F1000F3FF4D2AC226D26
:103600009A423FF4CEAC1B68DEE794F83030002BD2
:103610003FF4A2ACE38D012B7FF464AC05F10C0800
:10362000404607F02BFD00283FF40BAE404694F8CF
:10363000381007F0BEFBB4E408F01F08B8F1010F22
:103640007FF48AAC204607F09DFD00283FF484AC4F
:10365000B4F82C80B8F1FF0F3FF644AC43681B79F7
:103660004345FFF43FAC5FFA88F30F2B3FF63AACCB
:10367000E38D012B7FF436AC05F10C0A504607F0C0
:10368000FDFC00283FF4DDAD04EB080393F83A108D
:10369000D1E6484607F0FAFC18B92846FFF7D2F9F8
:1036A00023E52946204600F06FFE78B12846FFF753
:1036B000C9F9E9E400FF0200000302007A07010CE7
:1036C0001BF4000CBCE4000C050F0500A0690369A5
:1036D00093F8801011F004017FF4A7AB08F0D5FB3C
:1036E000054600283FF4D0AC0146204600F04CFED1
:1036F00000283FF49AAB2B4AFFF7C2BB52077FF575
:10370000C3AC002B3FF49EAB2846FFF79BF994F81F
:103710003930002B3FF479AB94F82930052B0CD1CC
:10372000618DA069C9B207F0E7FC064628B1638D38
:1037300001211D4A1D4807F0F3F994F82930032BA5
:1037400011D1638D022B0ED1A18D00220D0A2946C5
:10375000A06907F0B1FC064628B101212B46144AA6
:10376000124807F0DDF90023B04684F83930FFF73E
:103770004CBB6FF00B0687E4E38D002B3FF48CAC61
:1037800016F10C0118BF0121C90108F083FAFFF7F7
:103790004CBB6FF01508FFF7F6BB4FF0FF38FFF793
:1037A000F2BB00BF3DF4000CD6F3000CBCE4000CEF
:1037B00061F4000C0B7810B4062B14D10369D3F814
:1037C0009C20EFF31184202383F31288BFF36F8FC3
:1037D00000204B681860506A58B9C2E9083384F376
:1037E0001188BFF36F8F00220023034810BC09F03B
:1037F000DFBD03605362F2E79005002030B589B069
:10380000002200230024CDE906236FF007034FF4C4
:103810008062CDE90334CDE90144154B154900948C
:10382000154805F0C9F91549134809F078FF144BFC
:1038300014498B4207D30020134B14498B420CD3FD
:10384000002009B030BD03F11402D2E8EF0FC2E846
:10385000E54F002DF9D11833EBE703F11402D2E85C
:10386000EF4FC2E8E50F002DF9D11833E6E700BFAE
:10387000E938000CF81B0020880B002043E9000CFD
:103880008C060020A4060020A4060020BC06002010
:1038900038B50D4607F076FC30B90121BDE8384057
:1038A0000F4A104807F033B9C46804B938BD2B7803
:1038B000032B05D0052B0ED0022B08D02468F4E78B
:1038C000606883685B69002BF8D09847F6E760680A
:1038D00083689B69F7E760688368DB69F3E700BF8B
:1038E00088F4000CCCE4000C2DE9F0434FF02008E4
:1038F00085B000AF4FF0FF334FF0FF327248391DF3
:1039000004F05AFDFB681B69D3F89C40236A93B10D
:10391000EFF3118288F31288BFF36F8F256A2DB100
:10392000616A2B688D42236208BF636282F311884B
:10393000BFF36F8FC5B93B79062BDBD0072BD9D8E6
:1039400001A252F823F000BFC539000CB939000CB0
:10395000ED39000CCB39000C233A000C0F3A000C67
:10396000F538000CB73A000C2B7E29465E0620463F
:10397000D5F81E201DD1FFF737FA06460028C5D01E
:10398000E9468AB06A462B7ECDE9073505234F49C3
:10399000CDE9051042F8103F00234FF421514C4867
:1039A000FDF7DEFD3246CD460721204607F079FDC2
:1039B000ACE707F047FCE0E700220121204607F0D2
:1039C00070FD97E700221146F8E794F86C3043F059
:1039D000040384F86C3094F83030022B03D1204675
:1039E000391DFFF755FF00220321E7E794F86C30FB
:1039F00023F0040384F86C3094F83030022B03D1A8
:103A00002046391DFFF744FF00220221D6E794F833
:103A10003030022B7FF46EAF2046391DFFF738FFA0
:103A200068E794F86C30A66923F0040384F86C30DE
:103A3000D6F808903369A033D3E8AF3F9A071ED574
:103A40003046D9F83C309847D9F824300021304628
:103A500098470546D9F840303046984795B11D4AF9
:103A600001211B4807F053F800220421204607F0EB
:103A700018FD002D3FF43EAF2A4607219EE74FF088
:103A8000FF35ECE72946204600F0C4F9054608B1A9
:103A9000114AE5E7A06908F017FA831E5842584119
:103AA00094F86C3084F8305023F0680343EA4013F4
:103AB00084F86C30D8E70121084A054807F027F858
:103AC0000621BA687AE700BF90050020B7F4000C21
:103AD000CCE4000CE1F4000C0FF5000C3BF5000CFD
:103AE00038B5024605460C49806908F04BFA044691
:103AF00030B10121094A0A4807F009F8204638BDCB
:103B000085F83800284600F043F904460028F5D02F
:103B1000A86908F066FAF1E7B537000C4BF5000C20
:103B2000CCE4000CF8B501231D460C68002C35D000
:103B300063F07F02D6B202F07F02103224FA02F75D
:103B4000FF0716D5046824FA02F7FF0708D43346A6
:103B500013480121134A06F0E3FF6FF01500F8BD8A
:103B600005FA02F224EA020404600C6824EA020462
:103B70000C60DC40E6070ED5026822FA03F4E40785
:103B800000D4E5E705FA03F422EA040202600A68B9
:103B900022EA04020A600133102BC6D10020DEE7BE
:103BA000F4E4000C72F5000C2DE9F04F0026536888
:103BB00091B0D4680A900891069202930E960396EB
:103BC00074B9039B029A09339BB293701B0AD3709A
:103BD000069B1671DC68002C40F0C780A346AEE05F
:103BE0004FF0000A6068CDF83CA083681B6B002B87
:103BF00000F0AC8008999847002800F0A78035466F
:103C0000C4E903AAA0F1040959F8043F0BB11A78DA
:103C10009AB9B54240F29780E3680F9A1343E36084
:103C2000606883689B6A002B00F092809847834607
:103C3000002800F09080534A7DE05A780B2A08BF94
:103C40009D70D9F800305A78042A10D1E2680F9993
:103C50000A43E260DA78002A5CD101229D70236970
:103C6000AA40134301352361EDB2CDF83CA0D9F849
:103C700000707B78052BC7D16FF0120B4FF0010855
:103C80000A9B9B69099379793A790E9B42EA012252
:103C9000ADF8362097F902205FFA88F1002AACBF10
:103CA000424641F080010493B7BF4BB24FFA88F30C
:103CB00021F080020793A8BF0793049BB8BF10327E
:103CC00023FA02F0C0072CD40F9B23FA02F20593CB
:103CD000D30726D4BB79FA78099800930DF13603FF
:103CE0000B9107F04DFF0B998346D0B9079BB97034
:103CF000002B4FF00103BCBF21F0800110318B403D
:103D000004980599BDF8362019431843CDE90E01F2
:103D1000BA8079E76A1E9A700FA90EA8FFF702FF12
:103D2000A3E708F10108B8F1100FACD1BBF1000F07
:103D30003FF46AAF144A0121144806F0E8FE5846E1
:103D400011B0BDE8F08F6FF0150BF3E7354667E76C
:103D50006FF0850B6FE76068089907F043FA039BE3
:103D60002E460344246803932AE7E36804F10C0118
:103D7000A3600EA8FFF7D6FE08B924682BE76FF002
:103D8000150BDCE7B3F5000C8FF5000CF4E4000C28
:103D900070B5836905461B69026F93F88030C3F3E1
:103DA0004113022B0CD0032B0CD0012B0CBF102382
:103DB0000823D371EE6D3EB96E6DBEB9344611E085
:103DC0002023F6E74023F4E7324601212846FFF797
:103DD000EBFE044640B173685B790B4A01210B4846
:103DE00006F09EFE204670BD3668E4E732460021AC
:103DF0002846FFF7D9FE044618B173685B79044A78
:103E0000ECE73668D9E700BFD7F5000CF4E4000C06
:103E1000FAF5000C2DE9F04105460E4606F0FDFFCF
:103E200095F83830804633B3284607F0ABF907469B
:103E3000F0B10146284607F025FA10220446002179
:103E400005F13A0009F004FF002385F83830FF68D7
:103E50003FB984B119491A4807F073F92046BDE803
:103E6000F081786883685B6A03B198473F68EFE741
:103E70006FF03C04EEE71EB985F838600024EDE7EA
:103E800032464146284607F069F9074690B1024696
:103E9000284607F021FA04460028DFD185F838606B
:103EA000FC68002CEAD0606883681B6A03B19847FD
:103EB0002468F6E76FF03C04D0E700BF27F6000C5B
:103EC000B4E4000C2DE9F04105460F461446D2F843
:103ED000048007F03AF995F86C30D9070BD54749BB
:103EE000474807F02EF96FF00F07281D07F034F947
:103EF0003846BDE8F081012F0AD1284606F092FF2E
:103F000030B940493E4807F01CF96FF08507ECE7EF
:103F100098F807309A0607D5AB691B6993F880308B
:103F20009B0701D43849EDE71FB1012F06D037496F
:103F3000E8E7EB6D2BBB05F1540603E06B6DABB905
:103F400005F15C06002233680BBB002FD5E91C236A
:103F500008BF13465B7C626803F10103DBB2537157
:103F6000D5E91C1208BF0A46537422E09C4206D1D0
:103F70002749234807F0E5F86FF01507B5E71B68F8
:103F8000DDE79C4201D12349F3E71B68D2E79C425D
:103F900021D12368CAB972683360944200D173603A
:103FA0000023236063685B7902211B4A144806F0F2
:103FB000B7FDA168B9B1284606F0CEFF074668B143
:103FC00016490F4807F0BDF88FE7136073689C42ED
:103FD00008BF7260E4E71A461B68B5E7A06807F0FF
:103FE00048F888F806000023236073681BB9C6E907
:103FF0000044002779E71C607460FAE769F6000C5A
:10400000B4E4000C8BF6000C45F6000CA9F6000C8D
:10401000C9F6000CE6F6000C03F7000C20F7000CC4
:10402000F8B5054600AF29B301290BD1184C194E3C
:104030002BE0636828461968FBF7FCFFB8B1183419
:10404000B442F6D36C4688B06A46134BCDE90535C9
:104050004FF40073ADF81C30104B42F8103F0023B2
:104060004FF4E2510E48FDF77BFAA54600242046A6
:10407000BD46F8BD0B4C0C4EE2E763682846196854
:10408000FBF7D8FF0028F2D01834B442F5D3D9E7B3
:10409000A4060020BC06002057F7000C0300000116
:1040A000C4E4000C8C060020A406002070B5012595
:1040B00001F07F0311F0800F18BF10339D4090F87E
:1040C00030300446022B06D001210C4A0C4806F081
:1040D0001EFD002070BD90F8386006F09EFE32464E
:1040E0000146204607F03AF80028F2D0C0680028C0
:1040F000EFD083681D42EDD10068F8E775F7000C3A
:10410000C4E4000C2DE9F84305460846114616465E
:104110009846FFF785FF0446002843D0284607F05D
:104120005AF895F86C30DA0702D5204A012109E0E7
:10413000D4F8049004F11407D7E8AF3FDB070CD59F
:1041400002211B4A1B4806F0E2FC6FF00F04281DF9
:1041500004F008FA2046BDE8F883D9F804301BB112
:10416000AB4201D0144AE1E742463146284606F008
:10417000F5FFA0B10023236003696BB9C0E90344D4
:10418000D7E8EF3F43F00103C7E8E23F002AF7D149
:104190000024C9F80450DAE71C600461F0E76FF00E
:1041A0003C04D4E76FF01204D4E700BF69F6000CBA
:1041B0009AF7000CC4E4000CBCF7000C2DE9F047A2
:1041C000012981461646984600AF33D12C4DDFF8C1
:1041D000B4A028E0B8F1000F04D04146284606F00C
:1041E000EAFFF8B969683346012248460968FFF7D3
:1041F00089FF0446B0B16B686D468AB01B686A4699
:104200002149C2E905134FF4007313841F4BD66193
:1042100042F8103F00234FF411511D48FDF7A0F95B
:10422000AD4603E018355545D4D300242046BD469D
:10423000BDE8F087F9B16FF08504F7E7183555450B
:10424000F3D2B8F1000F05D04146284606F0B3FF7F
:104250000028F3D169683346002248460968FFF711
:1042600051FF04460028E9D06B686D468AB06A4663
:104270001B680849C5E7084DDFF820A0DFE700BF4D
:10428000A4060020BC060020F1F7000C0400000189
:10429000C4E4000C1EF8000C8C060020A4060020CC
:1042A0002DE9F04F83B000AF7B6097F830304C6859
:1042B0000E463B608146904606F0AFFDA36801467E
:1042C0001B6B33B96FF0150420460C37BD46BDE8B3
:1042D000F08F204698470028F4D00024051F06F1EF
:1042E0000C0A55F8041F09B10B782BB9002C14BF28
:1042F00000246FF03C04E7E74B78042B0ED1002C30
:104300003CD18B787A689342EBD1CB783A68934270
:10431000E7D10B79002BD7D00124E2E7052BE0D1C0
:10432000002CDED0B8F1010F91F802B009D0B8F13D
:10433000020FF1D152465946D9F8180007F05AF841
:1043400004E05246D9F8180007F038F8044600286F
:10435000E2D06D468AB06A46F368CDE907B306231A
:1043600007490990CDE9051842F8103F00234FF4A2
:1043700041510448FDF7F4F8AD46A5E70024A3E752
:1043800056F8000CECE4000C2DE9F0410B7E0C46D5
:104390005906054637D16BB306F07FFD40B11B4887
:1043A00001211B4A06F0B3FB4FF0FF30BDE8F0815E
:1043B0002846D5F87080268AEF8D06F02EFDF8B1DC
:1043C000421E534253419B01228A9AB1BE42324659
:1043D00028BF3A46E98D91420CD9B2FBF3F103FBB9
:1043E00011223AB994F91830002BBEBF637E43F016
:1043F000080363762146A869BDE8F04107F0A4BC34
:1044000098F80730E0E76FF01500CFE7E4E4000C20
:1044100092F8000C70B5064680690C4607F03AFC2D
:10442000054638B102212346094A0A4806F078FBBE
:10443000284670BD012214F0800F18BF24F08004BC
:10444000736B18BF1034A2401A437263F0E700BFC9
:10445000A6F8000CE4E4000C70B5054680690E4631
:1044600007F042FC044638B102213346054A0648AB
:1044700006F056FB204670BD314605F1340006F0CB
:104480008FFFF7E7BDF8000CE4E4000C70B50646BA
:10449000EFF31181202383F31288BFF36F8F1B4D3D
:1044A0002A6881F31188BFF36F8F526892F86C20ED
:1044B000D20705D4BDE870400A22002304F008BBEF
:1044C000EFF3118283F31288BFF36F8F2C682CB146
:1044D000696823688C422B6008BF6B6082F3118887
:1044E000BFF36F8F44B1606804F10801C369984756
:1044F0002146074808F00CFF2B6833B13046BDE871
:1045000070400022002304F0AFBA70BDE01100201B
:104510003805002030B585B0CDE9001205460022EF
:104520000023144803A903F0B3FE0246E8B9DDE90D
:104530000001039B5D60083383E80300EFF3118003
:10454000202383F31288BFF36F8F039B1A600A4AFC
:10455000516861B9C2E9003380F31188BFF36F8FEE
:1045600000220023054804F07FFA05B030BD0B603F
:104570005360F1E738050020E01100200000002022
:1045800038B50469002504F1240363664023201D27
:104590006367C4E91A550549256709F048F804F12D
:1045A0001400034909F043F8284638BD7D48000C43
:1045B000FD47000C10B5002204460023024806F017
:1045C000D5FB00B1047610BDEC0500202DE9F041CB
:1045D00003690D46196991F87810012907D16978A6
:1045E000062904D142F201616888884208D0FDF7AB
:1045F000EFFE6FF08502144B1A500020BDE8F081E9
:10460000D3F8048002F10C04D8F80010EA8891F87D
:10461000C260B1F8C570B24228BF32462046C231EE
:1046200006F0BEFBEB88B342E7D9B742E5D9D8F82C
:104630000010BB4294BFC6EB0302C6EB0702204644
:10464000C73106F0ADFBD8E70C0000002DE9F04FB4
:1046500089B04368066902AF7B600C461346356932
:104660003AB112F1710F04D00121374A374806F0F0
:1046700057FA94F91830002B5CDB3369DFF8D0B0BF
:104680003B60238A032B18D8002B3ED06E4688B09F
:1046900002AA304B218A53612F4B090593614FF4D5
:1046A000007393832D4B41F4E45142F8103FE368CB
:1046B0002648FCF755FFB54627E004F10C084046B4
:1046C00006F098FB4FF0010A030F5B002BFA03F38F
:1046D00003F00303B86003F10109CA450DD33B6839
:1046E000D3F87C80B8F1000FCBD07B6930460093C3
:1046F00007F108030ECBC047C3E7218A03290FD86F
:104700000121174A114806F002FA281D04F03CF96D
:104710002146786806F0A1FE1C37BD46BDE8F08F43
:10472000404606F067FB07F1080343F82A000AF148
:10473000010AD2E7B5F86A20B5F86E309A42E7D0A0
:1047400005F11400E2E700BFE7F8000CFCE4000C00
:10475000400D95FE63EC000C08F9000C030000010D
:10476000F9F8000C2DE9F041056914462E6900AFF7
:1047700052B1012A20D00021D6F880300BB1284652
:104780009847BD46BDE8F08186F87820E84688B0B5
:104790006A462B681549CDE905134FF40073ADF84F
:1047A0001C30134B42F8103F4FF4E451234611489C
:1047B000FCF7D6FEC546DEE786F87820E84688B0E6
:1047C0006A462B680C49CDE905134FF40073ADF828
:1047D0001C30074B42F8103F4FF4E65100230548C8
:1047E000FCF7BEFE2146C546C6E700BF23F9000C14
:1047F00003000001FCE4000C55F9000C70B550F802
:10480000143C05461A695868546806F006FB23688C
:1048100001280CBF93F8A90093F8A200FFF7CAFE85
:10482000044630B9BDE870400121114A114806F034
:104830006EB90646428A56F80C1F05F1500006F084
:104840009DF80146304606F0A5FA214655F8140CAD
:1048500006F0EBFD034648B106480121064A06F082
:104860005FF92046BDE87040FEF7ECB870BD00BFB0
:1048700073F9000CFCE4000C91F9000C38B550F809
:10488000043C05461A695868546806F0C6FA23685D
:1048900001280CBF93F8870093F88000FFF78AFE89
:1048A000044630B9BDE8384002210B4A0B4806F0F7
:1048B0002EB9014655F8040C06F0B7FD034648B181
:1048C00006480121064A06F02BF92046BDE838408B
:1048D000FEF7B8B838BD00BFB4F9000CFCE4000C1A
:1048E000D2F9000C84B02DE9F34109AD85E80E0042
:1048F00006690B0F204C5B00DC4096F8783004F022
:1049000003040134012B4FEA84010BD01B48022120
:104910001B4A06F0FCF86FF0040002B0BDE8F0415D
:1049200004B07047B6F87020B6F8683006F1640736
:104930009B1A726F9BB2D21A914207D90F4802217B
:10494000104A06F0E4F86FF06800E6E74FF0000860
:10495000042255F8043B38460DEB020108F101082A
:10496000019305F0EBFFA045F2D306F1140004F02B
:104970000BF80020D1E700BF400D95FEFCE4000CD1
:10498000F5F9000C0CFA000C30B5104D85B04FF065
:10499000FF334FF0FF320E4801A903F00DFD03462F
:1049A00090B101210B4A0C4806F0BAF8EFE72368F2
:1049B00013B1019A934203D1D4E9013101A8984778
:1049C0000C34AC42F3D3E2E7044CFAE730E5000CD8
:1049D000680500203BFA000C3CE4000C24E5000CC8
:1049E000F0B517461E4685B001909DF82800DDE918
:1049F0000C5423462C432A468DF808008DF80910E4
:104A0000ADF80A70039608D0FDF7E2FC0C49D1F826
:104A100088400C4909588C4201D1002213460A48AB
:104A200001A908F0C5FC041E07DA0221074A08485C
:104A300006F06DF8204605B0F0BD0024FAE700BF8F
:104A400028100020080000006805002050FA000C23
:104A50003CE4000C0F2300F0070292009340DB437C
:104A6000C008084801F00F0101FA02F10BBFC2694A
:104A7000026A134013400BBF0B430B43C361036235
:104A8000704700BF00A00144012310B58B400C46C5
:104A9000032813D8DFE800F0020F080C0A4A13427B
:104AA00004D141B90E2008E0082904D1FF2004E018
:104AB000064A1342FAD004F00F0010BD0121044A47
:104AC000044806F024F8F6E7000008E0FE7F3F0007
:104AD00088FA000C44E4000C0121024A024806F066
:104AE00016B800BFA5FA000C44E4000C70B50546EA
:104AF00003F0E6F90446084E6B6863B103F0E0F991
:104B0000031BB34203D9BDE87040FFF7E5BF0220A5
:104B100008F03DFBF0E770BDBFD4010038B5456833
:104B2000D5E9010183681B686BB19847041E0DDA53
:104B300014F1780F0AD02346184A0121184805F0CD
:104B4000EFFF204638BD6FF05704F4E76868E96866
:104B500083681B6843B19847041E08DA14F1780F84
:104B600005D0104A2346E8E76FF05704F9E72B69B0
:104B7000984701222B681A702868FFF7B7FF2B7D32
:104B800013B100222B681A702A680024137843F0AE
:104B9000020313702868FFF7A9FFD2E7D4FA000CCC
:104BA00044E4000CF8FA000C2DE9F743054641787F
:104BB0008078FFF769FFFF2806460CD1AB786A784A
:104BC0002B48009201212B4A05F0B4FF6FF08500BD
:104BD00003B0BDE8F083284F3B88C340DB0744D5D2
:104BE0004FF00109254C09FA06F92378204603F015
:104BF000FD032370FFF77AFF00213046C4F80C90C4
:104C0000C4F81490FFF726FF236B204623EA09031C
:104C100023636A78AB686FEA0908134493F840206D
:104C200002F0FE0283F84020237843F00203237051
:104C3000FFF75CFFEFF31181202383F31288BFF3AA
:104C40006F8F3A881FFA88F31A403A80FF223E4459
:104C500039633276AA78143237F81200034027F805
:104C6000123081F31188BFF36F8F0020B0E700BFCF
:104C700044E4000C1CFB000CE815002000A00144DB
:104C8000032870B506D916480121164A05F03FFFE2
:104C9000002070BDEFF31184202383F31288BFF34B
:104CA0006F8F1149143031F81030012500200F4A60
:104CB0000C635269134023B984F31188BFF36F8FDB
:104CC000E7E793FAA3F2B2FA82F20A44127E5E1E7A
:104CD00002F01F0205FA02F233401043EBE700BF77
:104CE00044E4000C47FB000CE815002000A0014440
:104CF0002DE9F04783784268584D023390F80190CF
:104D000045F82320C36804466B604946807800AFAD
:104D1000FFF7BAFEFF2806464FEA590809D1504866
:104D20000121504A05F0F3FE6FF08500BD46BDE855
:104D3000F087EFF31182202383F31288BFF36F8F84
:104D40002B882A63C340DB072AD52B181B7E03F070
:104D50001F01894503D1A178B1EB531F20D082F305
:104D60001188BFF36F8F35442B7EA1786C468CB0D1
:104D700058096A4603F01F03CDE9070307233A4D9C
:104D8000CDE90919CDE9055642F8103F3448002312
:104D90004FF46151FCF7E4FB6FF00F00A546C5E747
:104DA000DFF8C8A09AF80030504603F0FD038AF8F7
:104DB0000030FFF79BFEA36830464B4493F8402039
:104DC00042F0030283F84020A26809F00103424444
:104DD0004FF0010892F83010013B83F00F030B40B5
:104DE00082F830302178FFF735FEE37808FA06F8CC
:104DF0002BB1DAF8303043EA0803CAF83030CAF889
:104E00001480DAF81030194843EA0803CAF8103061
:104E10009AF800301FFA88F843F002038AF800304D
:104E2000FFF764FE2B882E4448EA03032B80337E71
:104E300069F304033376A27862F347133376A378D9
:104E4000143335F8132048EA020825F813802B6B39
:104E500083F31188BFF36F8F002067E7E815002008
:104E600044E4000C5EFB000C7BFB000C00A0014442
:104E7000F8B504690D4600AFA034D4E8AF3FC3F3E2
:104E80008003994218D1164A164B6E4688B0002905
:104E900018BF13466A461449CDE905134FF4007351
:104EA000ADF81C30114B42F8103F00234FF4E45191
:104EB0000F48FCF755FBB5464DB1D4E8EF3F43F042
:104EC0000403C4E8E23F002AF7D1BD46F8BDD4E8A8
:104ED000EF3F23F00403C4E8E23F002AF5D0F6E7F1
:104EE000F1FB000CF9FB000C00FC000C03000001BE
:104EF000A4E4000C2DE9F0470546894690461F467C
:104F0000D0F808A006F084FD0446C0B1067DF30782
:104F100009D5037E16480121164A05F001FE6FF0FF
:104F20007700BDE8F0873B464246494606F030FD33
:104F300040B9237E0121104A0D4805F0F1FD6FF0C4
:104F40001200EEE79DF8203026F0060684F819805E
:104F5000678323772675DAF8183021462846984764
:104F6000B0FA80F3227D5B0963F300022275D8E773
:104F7000A4E4000C12FC000C2CFC000C70B50546DF
:104F8000866806F045FD0446D0B1037DDB0708D4F2
:104F9000037E0D4801210D4A05F0C2FD6FF0770038
:104FA00070BD0146F3692846984738B1237D03F068
:104FB0000103227D63F300022275F1E70346F8E75F
:104FC0006FF01200ECE700BFA4E4000C4EFC000CF4
:104FD0002DE9F3411746D0F808800546D8F83C3053
:104FE0000E4698470022002339460B48FDF7ACFCDB
:104FF000044670B901213B46084A0948009605F06D
:1050000099FD2846D8F840309847204602B0BDE8C0
:10501000F0810676F5E700BFC805002069FC000CAA
:10502000A4E4000C042903D849B96FF015007047B7
:10503000052914BF6FF015006FF08500704762B945
:10504000436803291B6803F5805308D0042908D05E
:10505000022914BF02220422DA73002070470122C1
:10506000FAE708499A7311F8010B0132352A83F8DF
:105070002000F8D10822DA739A7C42F002029A7476
:10508000EBE700BF8B07010C70B5436800210646B3
:105090001D68FFF773FF044648B110F1780F06D082
:1050A0000C4A01210C4807F08EF8204670BD802183
:1050B0003046FFF763FF044620B110F1780F01D0AE
:1050C000064AEEE705F580535A78002402F0BF0245
:1050D0005A70EAE797FC000CACE4000CBEFC000C34
:1050E00070B503699022D3F8A4504368002105F1FC
:1050F000A0001C6808F0ACFD4022FF2105F5987067
:1051000008F0A6FD4021284607F0FDF84FF6FF7392
:10511000984207D157480121574A07F054F86FF0D9
:105120000B0070BD554AA5F83001A5F85001D369B0
:10513000372043F48033D36107F070FA012342F241
:10514000107623602368DB0702D4E369D8070DD506
:10515000013E07D24A4A4748012107F034F86FF070
:105160007300DEE7012007F059FAEBE7002EF1D0DB
:1051700042F21076236843F400732360236843F4FB
:1051800080732360236843F002032360E369990777
:1051900007D5013E01D23B4ADDE7012007F03EFA88
:1051A000F4E7002EF7D020232361A369DA075ED548
:1051B00004F58053D3F80425002422F0E00242F0E5
:1051C0004002C3F80425D3F8082505F5D47022F071
:1051D0000102C3F80825D3F80C2522F47E6242F4BC
:1051E0002E62C3F80C25D3F8102522F01F0242F0DE
:1051F0000A02C3F81025D3F8142542F08002C3F840
:105200001425D3F8182522F0030242F00102C3F856
:105210001825D3F8202522F0C00242F08002C3F8FE
:105220002025D3F8242522F00102C3F82425D3F841
:10523000282522F0FE0242F07A02C3F82825D3F88E
:10524000242542F00202C3F824250022002385F819
:10525000D84103F03DFC204663E7012007F0DEF96A
:10526000A369DB07A4D4013EF7D1074A73E7074ED1
:10527000F6E700BFACE4000CE4FC000C0080004446
:10528000FFFC000C1CFD000C3FFD000CA086010083
:10529000F0B5036989B0D3F8A4704368064669463F
:1052A00007F5D4701D6808F009FA002105F5805350
:1052B000D9801981D97224233046EB60FFF75EFE56
:1052C000044650B110F1780F07D0204A0121204840
:1052D00006F079FF204609B0F0BD80213046FFF787
:1052E0004DFE044620B110F1780F01D0194AEDE7C8
:1052F00042F211742B6823F002032B60EB699907CB
:1053000017D4012342F211742B602B68DA0716D4EC
:10531000EB69DB0713D49022002107F1A00008F00D
:1053200097FC4022FF2107F5987008F091FC0024BB
:10533000D0E7013CE5D0012007F070F9DEE7013C41
:10534000E9D0012007F06AF9DFE700BF97FC000C05
:10535000ACE4000CBEFC000C2DE9F34100274568CD
:1053600040232E683A46394600978046FFF7C2FD33
:10537000044660B110F1780F09D03B4601211F4A65
:105380001F4805F0CDFB204602B0BDE8F081402368
:105390000022802140460097FFF7ACFD044620B173
:1053A00010F1780F01D08023E8E706F58054E37A06
:1053B0000A2043F00703E372E37A03F0EF03E3729A
:1053C000E37A03F0F703E372E3889BB243F001034F
:1053D000E380042333616378AA69DBB2022A0CBF3D
:1053E00043F0200303F0DF03637007F017F96378DD
:1053F00043F0400363700024C5E700BF55FD000C77
:10540000ACE4000C2DE9F04F056989B0074644680B
:10541000D5F8A48005F1840007F0D9FF08F18800D1
:1054200008F0F3FB6049C8F8A07108F5D47008F0E3
:1054300039F995F880304FF0400923F0760343F0B6
:10544000760385F88030A369022B01BF95F8803080
:105450004FF4806A43F0010385F8803018BF40F2B2
:10546000FF3A00256368AB4228D800254FF0400B77
:105470006368AB425FD8002688F89C60C8F88C61EE
:10548000A8F89661D4E904124FF0000A4FF0000B1F
:105490006FF007030120CDE906ABCDE90330CDE97C
:1054A00001664046414B009703F086FB3968404651
:1054B00008F035F93846636A984720E0E2686B01E6
:1054C00002EB4512917C41F040019174E268D5B93C
:1054D000917C41F001019174E268A2F81090E268B9
:1054E00038461A441576E168194406F09EFA0646D5
:1054F000F8B12B462E4A01212E4805F011FB30460B
:1055000009B0BDE8F08F1A44917C41F00401917418
:10551000E2681A44917C41F002019174E2681A44F5
:10552000917C41F008019174E2681A44A2F810A03D
:10553000D5E7013596E7A2686B0102EB4512917C35
:1055400041F020019174A268ADB9917C41F0010154
:105550009174A268A2F810B0A26865F07F011A44A5
:105560001176A1683846194406F05FFA0646C0B1C4
:10557000114A2B46BFE71A44917C41F00401917413
:10558000A2681A44917C41F002019174A2681A4405
:10559000917C41F008019174A2681A44A2F810A00D
:1055A000DAE7013564E700BF7BC1000CBDC7000C22
:1055B0006FFD000CACE4000C92FD000C38B54368A4
:1055C00004461D680369A033D3E8AF3F5B0707D4E7
:1055D00011480221114A06F0F6FD6FF00C0038BDAB
:1055E00005F580556B7803F0FD0343F004036B7001
:1055F0000021142008F078F96B78002103F0FB03F8
:1056000020466B70FFF734FC00220221204606F092
:105610002AFA0020E3E700BFACE4000CB4FD000C64
:105620002DE9F04F036989B0D3F8A4404368019095
:105630001D6805F580566B6996F80A807788B288F0
:105640005FFA88F892B206929A0642BF20226A61F7
:10565000EA605807BFB256D54FF0040918F0040F9E
:10566000C5F814903FD0002504F5C87084F89C500C
:10567000C4F88C51C4F8945106F076FD04F5BA7064
:1056800006F072FD04F5BC7006F06EFD04F5BE7008
:1056900006F06AFD04F5C27006F066FD04F5C470FC
:1056A00006F062FDF38840209BB243F00103F380D3
:1056B000B57306F0C5FC494600F00F0086F862009D
:1056C00086F86300B4F83031DB08A6F86430B4F82B
:1056D0005031DB08A6F8663004F1880009B0BDE857
:1056E000F04F06F099BF18F0010F04D0082104F123
:1056F000880006F091FF18F0020F04D0102104F189
:10570000880006F089FF0022B273B17CCBB2490752
:1057100007D5B37C03F0FB03B37484F89C20B37CFF
:10572000DBB2DA061FD5B37C43F08003B3740023E9
:1057300084F89C30B37CDBB2DB0752D5326AC4F804
:105740009420336AC4F898301B0C1BD1B37C43F00F
:105750004803B374032384F89C30012104F18800CA
:1057600006F05AFF3DE094F89C20032A39D801A1A5
:1057700051F822F03957000CD957000C2F58000C63
:10578000CB57000C100605D5B37C43F04003B3742F
:105790000123E0E7B27C04F5C87042F04002B27425
:1057A0000222A4F89431002384F89C20D4F8942099
:1057B000A4F89631C4F89821D4F89820C4F88C3114
:1057C000C4F89C2106F0D0FCC7E7F90709D50023EF
:1057D00084F89C300221C1E7FA0702D513F00203D6
:1057E000F6D04FF001087B08009305F58153043390
:1057F000CDE9023304F5BC73049305F5805305939A
:10580000009B002B60D10126069BDDF800A04FEA2B
:10581000530805F58055B8F1000F40F01A81069B3A
:1058200013F0FE0F00F07B814FF4807154E7DB072B
:10583000D7D596F818805FFA88F918F07F0810D14C
:10584000B37C012243F04803B374032384F89C30F3
:1058500004F5C073D3E8EF1FC3E8E02F0028B9D0E8
:10586000F8E7D4F88C314BB9012204F5C873D3E8BA
:10587000EF1FC3E8E02F0028B3D0F8E703F10C0ACC
:10588000504606F0D5FB404528BF404601468346BA
:10589000504605F07FFA5A46014605F5815006F05C
:1058A000DDFBB4F8963119F0400F98441FFA88F8E0
:1058B000A4F89681C4D0B4F894314345C0D9B37CE0
:1058C00043F04003B37485E7009BDF0752D55FFACE
:1058D00088F1EFF311830793202383F31288BFF33A
:1058E0006F8F01F00F03B373019841F0800196F8B8
:1058F000129006F08DF85FFA89F90746F8B106F0C4
:10590000AEF882464146049806F01EFC19F0200FBE
:1059100017D0B37C059A03F0DF03B374B37C43F074
:105920000803B374B37C980742BFB37C43F0080309
:10593000B374059B9B7C03F0FE03937409E08246DD
:10594000E0E7BAF1000F04D097F8149019F00209BB
:1059500019D04FF000090022059B9A73079B83F32F
:105960001188BFF36F8FB9F1000F03D0494601983A
:1059700006F085F8009B08F101085B080093039B83
:10598000043303933CE7BAF810B0BBF1000F20D00A
:105990004146049806F044FE798BBAF81030C1F302
:1059A0000A01994228BF1946494509D80AF10C0055
:1059B00005F018FA05F58052937C43F00103BCE72B
:1059C000DAF80C30039A13F8093009F10109137061
:1059D000EAE79AF8193019070AD54146049806F003
:1059E0001FFE9AF819306BF3C3038AF81930E1E708
:1059F000384606F030F88146384606F030F88346DF
:105A00000028A8D097F814A01AF0020AA3D14146A2
:105A1000049806F005FE798BBBF81030C1F30A013B
:105A2000994228BF194651450AD80BF10C0005F0E0
:105A3000D9F905F58052937C43F0010393748AE70A
:105A4000DBF80C30039A13F80A300AF1010A1370DC
:105A5000E9E718F0010F17D0F1B2EFF3118B202313
:105A600083F31288BFF36F8F01F00F03AB73AA7D2E
:105A7000D3B252060FD503F0BF03AB7585F80EA065
:105A80008BF31188BFF36F8F029B4FEA58080433E2
:105A900001360293BFE601982F8B05F0B9FFBFB224
:105AA0000090C0B305F0DBFFA8B3C7F30D09B9F14F
:105AB000000F18D000F10C07384606F0B9FA484537
:105AC000024628BF4A4638461146039205F062F95D
:105AD0000146DDE9020206F0C1FA009B5A8BC2F3CF
:105AE0000A02914504D2AB7D03F0FE03AB7508E0DA
:105AF000384606F09DFA50B9314604F5C27006F0FA
:105B00008FFD314604F5BE7006F08AFDB6E7AB7D29
:105B100003F0FE03B1E7314604F5C470F4E709B0C1
:105B2000BDE8F08F2DE9F04F884643688146114665
:105B3000404685B016461C6805F093FF98F814A0FF
:105B40001AF0020A40F0A68098F8185035F080024A
:105B500000F0A4802A0600F19680D9F8103029467A
:105B6000D3F8A47007F5C2731846019306F067FDD9
:105B7000A8B1EFF31181202383F31288BFF36F8F55
:105B800004F5805305F00F029A739A7D02F0FE022D
:105B90009A7583F80EA081F31188BFF36F8F2946A1
:105BA00007F5C47006F04BFD8046002872D0EFF375
:105BB00011830193202383F31288BFF36F8F05F0C5
:105BC0000F0204F5805B294648468BF80E2005F04D
:105BD0001FFF824600284DD005F041FF002849D024
:105BE00005F5816200F10C0604EB82033046029356
:105BF00006F01EFABBF818900246C9F30D09484595
:105C000028BF4A4630461146039205F0C3F80146C4
:105C1000DDE9020206F022FABAF81A20C2F30A02FB
:105C200091451DD29BF8162002F0FE028BF816203B
:105C3000294607F5BE7006F0F3FC002304F58054F6
:105C4000A373019B83F31188BFF36F8FB8F1000F2B
:105C500020D04FF4807107F1880006F0DDFC19E0D8
:105C6000304606F0E5F928B9294607F5C27006F076
:105C7000D7FCDDE79BF816204FF0000802F0FE028B
:105C80008BF81620D9E7334642462146D9F8100052
:105C900006F0ECFC002005B0BDE8F08FD9F810301C
:105CA000D3F8A470002D43D004F58054B8F81A50EE
:105CB000A273717E4B0701D50221CCE7A37C980724
:105CC0005FFA83F806D502214346494A494804F061
:105CD00027FFDFE7338A4BB9090707D4012387F889
:105CE0009C30A37C43F00A03A374D3E7C5F30A05F1
:105CF000AB4228BF2B469946914513D8494606F139
:105D00000C0005F06FF8A94548F0020304D3328A6D
:105D100022B9727E120701D448F00A03012287F8E3
:105D20009C20E1E7F3689B5C013284F82030E3E7D4
:105D3000737E13F00105ADD1EFF31189202383F3B6
:105D40001288BFF36F8FC7F88C6107F5C87006F033
:105D50000BFA08B304F5805888F80E5098F81850DC
:105D60005FFA85FA15F07F051BD198F812300122F1
:105D700043F0480388F81230032387F89C3007F576
:105D8000C073D3E8EF1FC3E8E02F0028F9D1022148
:105D900007F1880006F040FC89F31188BFF36F8F8C
:105DA00078E70C36304606F043F9A84228BF28466B
:105DB00001468346304604F0EDFF5A46014604F59D
:105DC000815006F04BF9B7F896311AF0400F1D4498
:105DD000ADB2A7F89651C8D0B7F89431AB42C4D948
:105DE00098F8123043F0400388F81230D4E700BF2F
:105DF000E8FD000CACE4000CF8B500AFB8B96C4697
:105E000088B06A46344B4FF4E2510593334B344823
:105E100006934FF40073ADF81C30324B42F8103F3C
:105E200006F019FFA5466FF01500BD46F8BDB0F1AC
:105E3000205F4FEA906415D36D468AB06A462A4BBC
:105E40004FF411510593254B2548CDE906344FF405
:105E50000073ADF82030254B42F8103F06F0FBFEF2
:105E6000AD46E0E7631EDBB2082B2ED8204A214D59
:105E7000D15C214AD65C214AD25CEB5CC5B28D4232
:105E80000BD8C0F3052CB44507D8C0F3055696428D
:105E900003D8C0F3853098421CD96E468CB06A4650
:105EA000174BCDE9084105930C4B4FF45151CDE907
:105EB00006354FF40073ADF82830124B084842F80D
:105EC000103F06F0C8FEB546ADE73F2300211A4655
:105ED0001E46D3E70020A8E741FE000C8608010C0F
:105EE0001CE4000C030000016FFE000C0400000124
:105EF000DB07010CC007010CD207010CC907010C1C
:105F00008DFE000C060000012DE9F3470C4600252C
:105F1000194943682143804616461F68019506F0DB
:105F20009DFE022804D03560002002B0BDE8F08755
:105F30004FF0060AB4FBFAF95FFA89F529464046A4
:105F400001AA06F016FF0028EFD10AFB1944E4B2BB
:105F5000032C94BF4C375037AD003D442B6804F000
:105F60000304E400E34013F03F03DDD0019AB2FBE9
:105F7000F3F23260D8E700BF00FFFF0F2DE9F04FCA
:105F800083B01C4643680D4692469A68002302EB94
:105F90008108464900AF29437B608146D0F810B0A4
:105FA000D8F8206006F05AFE02284FF000034AD1CC
:105FB000D8F8201001F00F01514518D16C4688B077
:105FC0006A463B4B53613B4B3B4893614FF4007334
:105FD00093833A4B4FF4E25142F8103F06F03BFEF8
:105FE0006FF08500A5460C37BD46BDE8F08FBAF1CD
:105FF000060F07D18B1F052B04D86C4688B06A4664
:106000002F4BDFE70B290AD8DFE801F006202E39F5
:10601000393C414141414141DBF800307B60D8F8D7
:106020002020012D4FEA124218BFD2B2F30435D519
:106030001D2A28BF1D220123013292B293409AB239
:106040007B68B3FBF2F300202360CCE7AB1EDAB22F
:10605000092A04D80BEB830BDBF80430DEE76C462F
:1060600088B06A46174BADE7012D1BD00C220121E9
:1060700048463B1DFFF782FF0028D0D0B3E74FF41E
:106080000043CBE74846391D00F01EF8F4E7063917
:1060900048463A1DC9B2FFF737FFEDE7012A38BF7E
:1060A0000122CDE76FF05B009DE700BF00FFFF1B03
:1060B000BAFE000C1A08010C1CE4000C03000001DD
:1060C000DCFE000CFEFE000C37B50C4641680A6889
:1060D000136913F4807303D10020236003B030BD33
:1060E000136BDB0701D4094BF6E78B68D56BD3F84C
:1060F0008010052201AB01F00F01FFF73FFF0028E0
:10610000ECD1019BADB26B432360E7E7006CDC028E
:106110002DE9F04F83B043688146D3E900BA0E46BB
:10612000144600AFCDB2D2B96C4688B06A46984BDF
:106130004FF4E2510593974B974806934FF4007341
:10614000ADF81C30954B6FF0150842F8103F06F083
:1061500082FDA54640460C37BD46BDE8F08F084697
:106160007B60FFF749FE7B688046B10EC0B16C468C
:106170008AB06A468A4B08950593864B8648CDE9D6
:1061800006314FF40073ADF82430864B4FF4315193
:1061900042F8103F06F05FFDA5466FF08508D9E78D
:1061A000082900F27081DFE811F009001300760081
:1061B000C500E200E8000D0159016601DBF814306A
:1061C000227823F0800343EAC213CBF81430C1E7EE
:1061D000D9F80430A1789A681D68D2F8803061F34C
:1061E0000303C2F880306378002B3AD02B6BDFF8C2
:1061F000B89143F00102DBB243F001032A632B6341
:1062000001F05EFE0646AB6FA3B101F059FE831BA1
:106210004B45F8D96C4688B06A46644B5361644B71
:1062200093614FF4007393835C4B4FF4E25142F857
:10623000103F07E1EA6BA3886FF30F021343EB6390
:1062400001F03EFE0646DFF86091AB6F4BB101F006
:1062500037FE831B4B45F8D96C4688B06A46554BD0
:10626000DCE7EB6A227803F07F0343EAC213DBB278
:10627000EB6201F025FE04464B4EAB6F002B3FF462
:1062800069AF01F01DFE031BB342F6D96C4688B01E
:106290006A46494BC2E72679D9F804300B2ED3F869
:1062A00000901EDC9B6803EB850ADAF884303343E8
:1062B00043F04003CAF8843001F002FE8346DAF866
:1062C00084305B060DD401F0FBFD374AA0EB0B03D5
:1062D0009342F4D96C4688B06A46384B0593384BE4
:1062E0009EE70B2ED8BF002609F1440252F8253054
:1062F0002188C8BF0B3E61F3090342F8253009F13C
:10630000480252F82530A17809F1400961F30503EC
:1063100042F8253059F82530E278C8BF360223F418
:10632000F063C8BF06F4E06643EAC2131E4349F8AF
:1063300025600FE7D9F8043019680623B5FBF3F29E
:1063400003FB1253D8B2032894BF4C315031920052
:106350000A443F2103F003031068DB00994020EA60
:106360000100217801FA03F303431360F2E6237876
:1063700003F00303CAF81030ECE6DAF81C30227898
:1063800023F0800343EAC213CAF81C30E2E600BFE0
:106390001CFF000C9908010C1CE4000C0300000118
:1063A0003BFF000C05000001BFD4010065FF000C9D
:1063B0007108010C9AFF000CCDFF000C3800010C95
:1063C0005D08010CD9F804A0012DDAF80810D9F8FD
:1063D000106001EB85010A6A238822F4005222F042
:1063E0000F024FEA02424FEA124201D0FF2B01D8BE
:1063F00042EA0342E378A07803F00F0343EA403314
:1064000013430B6201F05CFD8146DFF888B0DAF8D7
:1064100008305B68DBB101F053FDA0EB09035B457D
:10642000F5D96C468AB06A461B4B4FF4115105935F
:106430001A4BCDE906354FF40073ADF82030184BF8
:1064400042F8103F174806F006FCA54682E6002DEC
:106450007FF480AEE37886F83A307BE69B68C6F33B
:10646000052603EB8603D3F88020217861F303022D
:10647000C3F880206EE6D9682378CA6822F0FF024C
:106480001343CB6066E60121074A064804F03FFB50
:1064900083E600BFBFD401000200010C4508010CD7
:1064A000040000011CE4000C7F00010C2DE9F04702
:1064B00082B00023D0F80480D0F810A000AF0646C8
:1064C0000846894615467B60FFF796FC0446A8B14E
:1064D0006C4688B06A46414B5361414B41489361D9
:1064E0004FF400739383404B4FF4E25142F8103F56
:1064F00006F0B1FB6FF08500A54616E04946304630
:1065000006F0ACFB02280ED14FEA99635FFA89F1DD
:10651000092B5DD8DFE803F00513181D2210373D65
:106520004A4ADAF8004000202C600837BD46BDE832
:10653000F0874FF48064F6E74FF40044F3E7294610
:106540003046FFF7C1FDF0E72A46304606F011FC61
:10655000EBE72A463046FFF7D7FCE6E773685A6850
:10656000136903F00303012BE3D0991E0129E3D83B
:10657000D46914F00204D6D0032B14BF4FF40044A6
:106580004FF48064CFE72B460C223046FFF7F6FC31
:10659000CBE7D8F80830C9F3052909F1200953F8E9
:1065A00029100C222B4601F00F01EEE70C220021EE
:1065B00030463B1DFFF7E2FC0028B6D1D8F80C307E
:1065C0007C68DB6813F0FF03ADD0B4FBF3F4AAE7FB
:1065D0006C4688B06A46054B7EE700BF6500010C3B
:1065E0003108010C1CE4000C030000017B00010CCD
:1065F0002DE9F84FD0F804A0D0F8108000AF08467D
:10660000DAE9004B0E46DAF80890CDB2FFF7F4FB5A
:10661000A8B16C4688B06A46494B5361494B4FF468
:10662000E25193614FF400739383474B474842F81C
:10663000103F06F010FBA5466FF085000DE0B30E8D
:10664000092B77D8DFE803F0050C112776484F5C5B
:106650007667636923F002036361BD46BDE8F88F86
:10666000E36A23F00203E362F7E7403454F825308D
:1066700023F0020344F825300123D8F83020AB4042
:1066800022EA0302C8F83020D8F82C2022EA0302BC
:10669000C8F82C20E1E70623B5FBF3F203FB125305
:1066A000D9B203294FEA820294BF4C3450341444C7
:1066B000012203F00303DB002168073302FA03F32E
:1066C00021EA03032360B8F838300635AA4023EAEC
:1066D0000203A8F83830C0E7DBF81C3023F00203CF
:1066E000CBF81C30B9E725B96C4688B06A46184B20
:1066F00093E709EB85052B6A23F480732B62ACE7E3
:10670000C6F3052609EB8609D9F8803023F040034B
:10671000C9F88030A1E70121DAF80C30C6F3055240
:1067200003EB8203DA6BC6F38536B14022EA01023D
:10673000DA6392E70121074A044804F0E8F97BE7AD
:106740006500010C0B08010C030000011CE4000CA7
:106750009A00010C7F00010C2DE9F0474FF0010871
:1067600043680669D3F8009000AF09F1400252F87F
:1067700021300C4643F0020342F8213001F11803A6
:1067800008FA03F801F09CFB0546DFF858A0D9F899
:10679000103038EA03031CD001F092FB431B534531
:1067A000F5D96D468AB06A460F4B10480593104BD9
:1067B0004FF41151CDE906344FF40073ADF8203099
:1067C0000C4B42F8103F06F046FA6FF07300AD46EE
:1067D00005E001220020F36AA2401343F362BD46A4
:1067E000BDE8F087FF0D2707C600010C1CE4000C74
:1067F0001909010C040000012DE9F04F83B0054692
:10680000D0F804B000AF08460C46FFF7F5FA06468C
:10681000C8B16C4688B06A46794B5361794B4FF4E6
:10682000E25193614FF400739383774B774842F8BA
:10683000103F06F010FA6FF08506A54630460C377B
:10684000BD46BDE8F08F2146284606F007FA02282B
:1068500000F0D3806A68A00E11689368092800F2DE
:106860008180DFE800F0053439527F575D677F7221
:106870004B6943F002034B61230E032B03F0FC0A28
:1068800040F28A80BAF1140F05D8614B23FA0AF35B
:10689000DA0700F18180DBF814804FF00009BAF1CB
:1068A000140F7CD1DBF80430DB68DB07C6D4594B0E
:1068B0001B78002B7AD101F003FB02467A6001F0CD
:1068C000FFFA7A685449831A8B42F7D979E0CB6A88
:1068D00043F00203CB62CFE70F20E1B24B1C2A69E1
:1068E00003EB43035B0000FA03F3108F034205D070
:1068F0002846FFF731FF0028BED048E0012303FA05
:1069000001F1136B0B431363B6E72846E1B206F0BF
:1069100087FAF0E75268D36943F00203D361ABE72B
:1069200014F0FF02A8D003EB82031A6A42F48072CB
:106930001A62A1E7C4F3052203EB8203D3F8802097
:1069400042F04002C3F8802096E7D268C4F30553B2
:1069500002EB83020123D16BC4F3853083400B43E8
:10696000D36389E76C468AB06A462C4B4FF41151C9
:1069700005932B4BCDE906304FF40073ADF8203072
:10698000284B224842F8103F06F065F9A5466C46B0
:1069900088B06A46244B40E74FF4FA687DE7214609
:1069A000284606F05BF9022881D147E7FBF710FD86
:1069B0001E4B1B58002B3FF47EAF0A20002106F02F
:1069C00093FF09F10109C145FFF469AF6C4688B036
:1069D0006A46174B4FF4E25105930A4B0B48069356
:1069E0004FF40073ADF81C30074B6FF0730642F89C
:1069F000103F06F030F9A54620E76FF077061DE757
:106A00006500010CFD07010C030000011CE4000CF3
:106A100010111000F3180020BFD40100E100010C98
:106A2000F407010C040000010901010C080000003A
:106A30002701010C2DE9F04143682F4A1D680469C4
:106A40006B69487A1A400B7C00021B0600F47060E8
:106A500003F040730343087A00AFC001C0B20343A0
:106A60008878400100F020000343887A000100F09C
:106A700010000343C878C00000F0080003434878C2
:106A8000800000F0040003430878400000F002009A
:106A9000034313436B614B6823600B7803B301F02E
:106AA0000FFA0646DFF854802B69DB071BD401F090
:106AB00007FA831B4345F7D96C4688B06A46104BEA
:106AC0004FF4E25105930F4B0F4806934FF40073B8
:106AD000ADF81C300D4B42F8103F06F0BCF8A5464F
:106AE000BD46BDE8F081636B43F480536363238F3D
:106AF00043F001032387F3E741F0FFFCFF0D270775
:106B00003C01010C0909010C1CE4000C030000010C
:106B10002DE9F04706690C46338F00AF9D0614D56A
:106B20006C4688B06A46864B4FF4E6510593854B18
:106B300006934FF40073ADF81C30834B42F8103FBE
:106B4000824806F088F8A546CDE096F83A30052B45
:106B500000F0AB8043681D689A68EB6A23F002037B
:106B6000EB628B78012B67D10978736BCB40D80728
:106B700013D46C468AB06A46754B0593714BCDE9C8
:106B80000631032308934FF40073ADF82430714BA2
:106B90004FF4335142F8103FD2E7D2F88030DFF89B
:106BA000B8A161F3030343F04003C2F8803001F061
:106BB00087F98046DFF8A491DAF880305A0600F1B0
:106BC000958001F07DF9A0EB08034B45F4D96C46A4
:106BD00088B06A46624BA7E02B6B627903F04903E9
:106BE00043EAC213A279DBB2520102F0200213433E
:106BF000E279DFF86891120102F010021343227A61
:106C0000920002F004021343627A520002F0020280
:106C1000134343F001032B6301F052F98046AB6F3D
:106C200053B101F04DF9A0EB08034B45F7D96C4681
:106C300088B06A464B4B77E0EB6AE27803F07F035B
:106C400043EAC213DBB2EB626278EB6A520002F0F5
:106C5000020203F0FD031343EB6201F031F98046B9
:106C6000DFF8F890AB6F53B101F02AF9A0EB0803FD
:106C70004B45F7D96C4688B06A463B4B54E0637885
:106C8000002B30D001F01CF98046DFF8E0902B6932
:106C9000DB051ED401F014F9A0EB08034B45F6D92F
:106CA0006C4688B06A46324B3EE06D4688B06A4614
:106CB000304B4FF4E6510593224B244806934FF492
:106CC0000073ADF81C30204B42F8103F05F0C3FFB5
:106CD000AD4663783BB1736B43F400537363338FFA
:106CE00043F020033387BD46BDE8F087A37AEA6B03
:106CF000A1891B0403F4FE036FF316020B43134335
:106D0000EB6301F0DDF88046DFF85090AB6F002BAD
:106D10003FF462AF01F0D4F8A0EB08004845F5D984
:106D20006C4688B06A46144B5361064B4FF4E251EF
:106D300093614FF400739383034B42F8103FFFE6D7
:106D40005501010CF608010C030000011CE4000CC5
:106D50008601010C0500000100000144BFD40100C0
:106D60002B02010C65FF000CCDFF000CFF0D270767
:106D70000F02010CD501010C9AFF000C2DE9F04F18
:106D800083B0D0F810900D78D9F8306000AFEE40A5
:106D900016F001030C467B6040F0A18091F807B02B
:106DA000D9F8343023FA0BF3DE0717D46C468AB0D7
:106DB0006A46604B4FF4335105935F4BCDE906357E
:106DC000032308934FF40073ADF824305B4B42F873
:106DD000103F5B4805F03FFFA54680E04368BBF1EC
:106DE0000B0FD3F80080D3F810A01EDC9E6806EBD2
:106DF0008506D6F884204BEA020242F04002C6F82B
:106E0000842001F05DF80246D6F884003A6041061D
:106E10000BD401F055F83A684A49801A8842F3D9F0
:106E20006C4688B06A46484B77E008F1440252F855
:106E300025306189BBF10B0F61F3090342F825305E
:106E40004346217B53F8482FC8BFABF10B0B61F3CE
:106E50000502C8BF4FEA0B2B43F82520C8BF0BF42F
:106E6000E063A079C8BF7B60637908F1400252F803
:106E70002510C002DB0100F46050DBB27E6821F413
:106E80007E5103430B431E4342F82560E2892F4B9A
:106E9000D8F86C1003EA0243228A6FF3DE11D201A4
:106EA00092B213430B43C8F86C3001F009F8064660
:106EB000DFF890B0D8F878305A0614D501F000F811
:106EC000831B5B45F6D96C4688B06A46204B24E0AC
:106ED0000122D9F83030AA401343C9F830300C37BA
:106EE000BD46BDE8F08F2379002BF8D0DAF81C30CE
:106EF000184E43F48033CAF81C3000F0E1FF04461A
:106F0000DAF80C30DB05E3D400F0DAFF031BB34200
:106F1000F6D96C4688B06A460F4B5361064B4FF466
:106F2000E25193614FF4007393830C4B42F8103F8E
:106F30004FE700BF5B02010CE708010C05000001F0
:106F40001CE4000CBFD401003800010C0000FF7FDE
:106F5000D002010CFF0D27079F02010C0300000166
:106F60002DE9F84306248C4609780569B1FBF4F64F
:106F70002B8F01F1060823FA08F3DB0704FB161434
:106F800000AF17D56D468AB06A46214B5361214B3D
:106F90001462C2E906364FF4007393841E4B4FF41B
:106FA00033511E4842F8103F05F055FEAD46BD4630
:106FB000BDE8F8834FF03F094368032C1A684FEA95
:106FC0008603D4BF4C325032134404F0030E1A68C7
:106FD0004FEACE0E09FA0EF922EA09099CF80520BB
:106FE00002FA0EF242EA09021A609CF8043023B950
:106FF0006D468AB06A460A4BC8E705F011FF0028C3
:10700000F6D101232A8F03FA08F313432B87CEE727
:10701000FA02010CD408010C050000011CE4000C6C
:107020002F03010C2DE9F041056900AF2B8FDA0623
:1070300016D56C4688B06A46344B4FF4E65105933A
:10704000334B06934FF40073ADF81C30314B42F8CC
:10705000103F314805F0FFFDA546BD46BDE8F08173
:1070600043680A7C5C68CB7B52009B0002F0020202
:1070700003F0040313438A7B606902F0010220F0ED
:107080000700134303436361E36924480A7B184004
:107090004B7A12029B0402F4706203F470131343E0
:1070A0000A7AD201D2B213434A78920002F0040263
:1070B00013430A78520002F0020213430343E361D0
:1070C0000B78002BC9D000F0FBFE0646DFF850809D
:1070D000E368DB0715D400F0F3FE831B4345F7D9C3
:1070E0006C4688B06A460F4B4FF4E2510593084B4B
:1070F00006934FF40073ADF81C30064B42F8103F76
:10710000A7E72B8F43F010032B87A6E76603010C3C
:10711000C108010C030000011CE4000C79F0C3FF5E
:10712000FF0D27079503010C2DE9F04706690D783F
:10713000736B0C46EB40DA0700AF17D56C468AB08C
:107140006A46514B4FF413510593504BCDE9063528
:107150004FF40073ADF820304D4B42F8103F4D48CE
:1071600005F079FDA546BD46BDE8F08791F807C05A
:10717000338F23FA0CF3DB0713D46C468AB06A46CC
:10718000454B4FF433510593404BCDE9063503236E
:1071900008934FF40073ADF82430404B42F8103F91
:1071A000DDE7D0F80480012DD8F80820638A02EBCF
:1071B0008502116A21F4745121F00F014FEA014157
:1071C0004FEA114101D0FF2B01D841EA0341637915
:1071D000003B18BF012341EA4331237C0BB141F44A
:1071E0008051637D207ADB02800200F4806003F42A
:1071F00000630343207D0CF00F0C400243EA0C03B4
:1072000000F4007003432079DFF894A0000200F43A
:10721000807003430B43136200F052FE8146D8F89E
:1072200008305B68BBB100F04BFEA0EB090353458F
:10723000F5D96C468AB06A461A4B4FF41151059342
:10724000124BCDE906354FF40073ADF82030104BEA
:1072500042F8103F83E7AB1E092B0FD8E26806EB1C
:1072600083035A600122736BAA401343012D736399
:1072700002BF338F43F00203338774E7002DF1D14F
:10728000E37986F83A30EDE7B403010CAE08010C5F
:10729000040000011CE4000CE603010C05000001E1
:1072A000BFD401000200010C2DE9F04F924B87B0D2
:1072B000DFF8489200AF0125C7E900934FF4606AF8
:1072C0003023394646680446C7E902A3D0F8108047
:1072D0003D6140F2011BFFF7ADFB4FF40043C7E9EE
:1072E00000B340F20713864A3946C7E90223002358
:1072F00020463B61FFF796FEB368DFF808921D70E9
:1073000000F0DEFD0546B368D3F804A0BAF1000F23
:107310001ED000F0D5FD431B4B45F4D96C4688B018
:107320006A46794B79480593794B4FF4E2510693BD
:107330004FF40073ADF81C30764B42F8103F05F067
:107340008AFC6FF07300A5461C37BD46BDE8F08F80
:107350000523032688F83A3001254FF006084FF040
:10736000020914220021381D06F072FC6A4B3946CE
:1073700020463B6087F807807D823D71FFF7D4FE91
:1073800014220021381D06F063FC644B3946204668
:107390003B6087F80780A7F812903D71FFF7C4FEA5
:1073A00014220021381D06F053FC5D4B39463B602A
:1073B00007232046FB717D823D71FFF7B5FE142245
:1073C0000021381D06F044FC564B39463B6008232B
:1073D0002046FB717D823D71FFF7A6FE142200213D
:1073E000381D06F035FC504B394620463B607D8207
:1073F0003D71FFF799FE4FF001334C4A3946C7E91A
:107400000023204603F17F43BB60BD81FFF780FB73
:107410004749484B4FF00308C7E900134FF09673F4
:1074200039462046C7E90238C7F810A0FFF7A6FC86
:1074300040F6012340483946C7E900032046FFF7DC
:107440008FFD41F60113DFF8F4C039462046C7E945
:1074500000C3FFF785FD40F601434FF4006BDFF8F2
:10746000E0E039462046C7E900E3FFF779FD354BF8
:1074700039462046C7E9003BFFF772FD324A3946DC
:107480002046C7E9002BFFF76BFD304A39462046FE
:10749000C7E9002BFFF764FD013E7FF45DAF636831
:1074A00032465B6820462A491D612B4605F0EBFCFD
:1074B0002B464A462046274905F0E5FC2B46424626
:1074C0002046254905F0DFFC2B46042220462349AF
:1074D00005F0D9FC2A462046214905F0E9FC2A4658
:1074E0002046204905F0E4FC20462A461E4905F0C6
:1074F000DFFC304628E700BF001BB7000100000199
:1075000000000101BFD401003904010C1CE4000C8F
:10751000E407010C0300000100FFFF1B01FFFF1B3C
:1075200002FFFF1B03FFFF1B04FFFF1B0101000104
:1075300000C0FF0B0100010C00FFFF0F01FFFF0F58
:1075400002FFFF0F03FFFF0F04FFFF0F05FFFF0FF9
:1075500030E7FF1F37EEFF1F35ECFF1F10D2FF1F74
:107560003E7F34240E3F05240B7F042408B50748D2
:1075700005F033FE38B10648FBF782F90448F9F705
:1075800043FD002008BD6FF01200FBE72CDE000C6D
:107590009575000C0A2838B50446074D04D1AB6830
:1075A0000D2128465B689847AB6803485B68E1B2E9
:1075B0009847204638BD00BF2CDE000C2DE9F04373
:1075C00005460E461446984685B00769D0F80490E3
:1075D00010220021684606F03BFB7D6099F80830D8
:1075E000B4F5001F8DF80230BB6818BF44EA0804E8
:1075F000F34003F001038DF80330D9F80430B4F1FF
:10760000107F0293194B8DF801600393019722D0EC
:107610000AD8B4F5001F18D015480121154A03F007
:1076200076FA6FF0150013E0B4F1A86F1AD007D8FE
:10763000B4F1507F18D0B4F1886FEDD104230BE082
:10764000B4F1E86FE8D1032306E06846FDF7ACFA31
:1076500005B0BDE8F083052368468DF80030FDF7DE
:1076600047FBF5E70123F7E70223F5E773CF000CAB
:107670002CE4000C9104010C10291FB528BF102127
:107680000C460C4BD3F8E02112BA0092D3F8E42157
:1076900012BA0192D3F8E82112BA0292D3F8EC316F
:1076A0000A461BBA6946039306F0C5FA204604B0A1
:1076B00010BD00BF0070000A0346F0B553F8186D06
:1076C0000546726885B0D16892685C1A154BE41063
:1076D0005C430C236343D718D058397905F0D0FCAC
:1076E000031E08DA012100930F4A23460F4803F0D6
:1076F00021FA05B0F0BD15F9082C9A42F9D04FF0E7
:10770000FF304FF0FF3105F8083C3A89CDE902011E
:107710000121003B18BF012330460091FDF760F9BD
:10772000E7E700BF398EE338F104010C24E4000CD4
:107730002DE9F04F85B045684FF00009EB6802AFC6
:1077400018331E4638607B606B684B4505DC2B7D2B
:10775000002B40F0A380002422E00C2303FB09F857
:10776000AC6854F8080004EB080B05F036FD54F83B
:1077700008400346C8B921686C4688B002AA4B4845
:10778000C2E905014FF400719183494942F8101F85
:107790004FF4E2514748F9F7E3FEA5466FF01204B3
:1077A00020460C37BD46BDE8F08FBBF806E09BF8DD
:1077B00004104EF480324FF0010C20690CFA01FCE9
:1077C00003681EF0010FD4F808B014BF43EA0C039D
:1077D00023EA0C030360DBF8003020469847044698
:1077E00038B14B46344A00900121324803F0A2F9E7
:1077F000D6E73B68304646F8183C296905F052FF49
:107800002B7D002B46D10123D5F808A0A6F1140149
:107810000AEB080B9BF8042003FA02F2274B46E917
:1078200004325AF808008268D46964B10122A04782
:10783000041E0BDA0121224A1E4803F068F9214A8E
:107840004B460094D0E76FF05704F3E79BF8041021
:107850005AF8080005F014FC06F8080CBBF80630CE
:107860005AF808009BF8041003F0400382689469FA
:107870006CB14FF0A07243F0C063A047041E09DA58
:1078800001212346104A0B4803F04AF9D7E76FF06D
:107890005704F5E709F10109483655E70A232A6834
:1078A0007868A2FB032301F013F954E70D05010CDE
:1078B0000300000124E4000C1D05010CA9D0000CFC
:1078C0003D05010C5905010C6005010C2DE9F04343
:1078D00000250127DFF8E0E000F1020CEBB299424D
:1078E00002D80020BDE8F08330F825403CF8256040
:1078F000C4F3422804F00F03B8F1010F5EF82330FF
:10790000C4F304122AD15BB303EB52084FEA1439D3
:1079100098F8304012F0010F15BF04F00F0404F086
:10792000F00444EA091449EA040488F8304003EBFF
:10793000020898F8404044F0010488F8404016F0EE
:10794000010F07FA02F803EB02040BD116F0020F45
:107950000ED194F8409009F0FB090DE0002BEED118
:107960000135BBE7D3F8109048EA0909C3F8109035
:1079700094F8409049F0040984F8409094F84090BD
:1079800016F0080F14BF49F0020909F0FD0984F848
:1079900040901C6816F0100F14BF48EA040424EA53
:1079A00008041C60DC6E07FA02F236064CBF224364
:1079B00024EA0202DA66D3E748E7000C0121024A12
:1079C000024803F0A4B800BF9505010C9CE4000C2C
:1079D00070B5054600F074FA0446094EEB69DB0603
:1079E0000CD000F06DFA031BB34203D9BDE8704020
:1079F000FFF7E4BF022005F0CAFBEFE770BD00BF50
:107A0000BFD40100F7B50D4647680669BC68236816
:107A1000204623F002032360FFF7DAFFEB79002B07
:107A200064D1F3712979022960D8204605F091FBD1
:107A30002B7933716B79012B52D1636823F04003AA
:107A400063602046FFF7C4FF6B797371AB79042B39
:107A50004CD82B4A2046D35C626822F00702626051
:107A6000626813436360FFF7B3FFAB79B371002320
:107A7000B86901938368DB6813B1396A01AA984732
:107A8000019A2868002A34D05308010B0005C01859
:107A900041F100010023F8F7B3FA4FF6FF72431EDD
:107AA00061F10001934271F1000125D22368404247
:107AB00080B223F460432360A0812B6820463360AA
:107AC0007B7B012B02BF236843F080032360236884
:107AD00043F002032360FFF77BFF002003B0F0BDFB
:107AE000032B03D1636843F04003A9E76FF08500DF
:107AF000F4E76FF01500F1E76FF02100EEE700BF4B
:107B00002609010C2DE9F34146680769B069B4689C
:107B1000836896F80C801B68316A2BB96FF05705A3
:107B2000284602B0BDE8F0819847054610B110F133
:107B3000780FF5D1D6E9060183681B68002BEDD0DC
:107B40009847054610B110F1780FE9D1BF2323758E
:107B50000023FB713379042B02D96FF08505DFE731
:107B6000504A2046D35C626822F007026260626875
:107B700013436360FFF72CFF33792046BB717179A3
:107B800005F0E7FA73793B71B379012B79D163681A
:107B900023F0400363602046FFF71AFFB3797B713F
:107BA000B16832690B68120523F44C1302F44012D9
:107BB0001A4373691B0403F4403313430B602368B7
:107BC00043F000532360236823F01C03B8F1000F37
:107BD0005ED023602368002143F080432360706AF5
:107BE00001AA05F06CFA051E9ADB019B00221979A7
:107BF0001868FFF76BFE0546002891D163682046A0
:107C000043F400336360FFF7E3FE6368204643F408
:107C100080336360FFF7DCFEB069316A8368DB683C
:107C20000BB101AA9847019A3068002A33D0530853
:107C3000010B0005C01841F100010023F8F7E0F93D
:107C40004FF6FF72431E61F10001934271F1000192
:107C500024D22368404280B223F460432360A08191
:107C6000336820463B60737B012B02BF236843F0DF
:107C700080032360236843F002032360FFF7A8FE1C
:107C80004EE7032B7FF469AF636843F0400381E75D
:107C900043F004039DE76FF0150541E76FF0210500
:107CA0003EE700BF2609010C4FF0E0230D4A996919
:107CB000126818699B69002908BF1146002B08BF8C
:107CC000134610F4803F084801D1994205D201685B
:107CD000114401604FF0E021096900681044C01AA6
:107CE000704700BF8C180020881800202022094B04
:107CF000002083F8232042F6E062074B1A60074B0E
:107D000042F6DF6218604FF0E0235A610722986163
:107D10001A61704700ED00E08C18002088180020E0
:107D2000684620F007018D4619B5FFF7BDFF1449DD
:107D3000144B0868D3E90042001942F10002C3E97C
:107D4000000200230B6042F6E0630F4AD2E90041D3
:107D5000001BB0FBF3F043431B1941F10001C2E9E2
:107D60000031EFF31181202383F31288BFF36F8F6B
:107D700001F08EFBFAF7BEFABDE819408546704760
:107D800088180020100F0020080F00202DE9F04176
:107D9000374E89B1421C0AD14FF0E022136923F01B
:107DA000010313614FF07F433360BDE8F081356814
:107DB000012806DC00240AE0431C3568F8D140F2B3
:107DC000755040F276539842A8BF1846441EEFF310
:107DD0001187202383F31288BFF36F8FFFF764FFAF
:107DE0004FF0E0232349D3F818C0D1E900238018CD
:107DF0004FF0000243F10003C1E900031E4B1A607B
:107E00001E4B1A68831A2DD442F6E06E42F6DF68E4
:107E100014FB0E841C44B4FBFEF4131A0EFB043353
:107E2000B3F5806F38BF4FF48063154A934228BF83
:107E300013464FF0E0223360013B94695361002305
:107E4000A4459361ACEB0400D1E900320DD20544A6
:107E5000EB1842F10002C1E9003287F31188BFF349
:107E60006F8FA2E74FF48063E3E7C318F1E700BF29
:107E70008C180020100F002088180020080F002008
:107E800060CCFF0038B5EFF31185202383F312880F
:107E9000BFF36F8F084B1C68084B1B68E41AFFF791
:107EA00003FF85F31188BFF36F8F42F6E063204430
:107EB000B0FBF3F038BD00BF100F0020080F00200A
:107EC00038B5EFF31185202383F31288BFF36F8F4A
:107ED000044B1C68FFF7E8FE85F31188BFF36F8F32
:107EE000204438BD100F002010B50446F9F76AFA97
:107EF00003480121034A02F00AFE204605F078F902
:107F00007CE4000CE105010C2DE9F84304460D4624
:107F100000AFEFF31188202383F31288BFF36F8F34
:107F200004282A4A98BF2A4BE9468AB09668117CF1
:107F300098BF53F820306A4688BF264BCDE90731F9
:107F400040F201332448ADF82430244BCDE9050438
:107F500042F8103F00234FF431512148F9F700FB5C
:107F6000CD4645B1EB69C3F3080323B101211D4A96
:107F70001B4802F0CCFD2EB1304605F0D3FB08B112
:107F8000037803B91848E9468AB06A46174B079048
:107F9000CDE9053640F20133ADF82030144B42F8FC
:107FA000103F00234FF411510D48F9F7D9FA294633
:107FB000CD462046FFF798FF88F31188BFF36F8FF7
:107FC0003046FAF7A7F9BD46BDE8F88390180020BF
:107FD00090E7000CF005010C0606010C05000001FD
:107FE0007CE4000C2E06010CFE05010C4F06010C72
:107FF0000400000138B50A4B53F82040013053F813
:108000002050A54200D838BD606830B1037EDB0740
:1080100001D405F0CAF80834F3E723689847FAE773
:10802000A4E7000C012270B5294B86B003201A701A
:10803000FFF7E0FF01F0E2FB0420FFF7DBFF254C38
:10804000254D2646AE4204F130040FD301F0A6F8C8
:10805000204CAC4226D301F0B5F8F8F78FFA1F4A4E
:10806000938923F00103938106B070BD54F80C3C52
:10807000059354F8103C049354F8143C039354F8BB
:10808000183C029354F81C3C019354F8203C009394
:1080900054E90A2354E90C0100F020FD54F8303C67
:1080A0005E65CEE7D4E90A23B3F1FF3F08BFB2F122
:1080B000FF3F05D052EA0301206803D100F058FDCC
:1080C0003034C6E70649183001F052F9F8E700BF2E
:1080D000F318002090E3000CC0E3000CA00F002078
:1080E0004BD8000C882370B5134E012203FB0066A9
:1080F000002386B0CDE904230F220193CDE902329B
:1081000014234FF4A0720D4D0D4903FB0055044696
:1081100002FB00110B4B3046009500F0DFFC337C76
:108120002C7423F004033374074B013403EBC42392
:10813000EE606B6006B070BD180F00209018002034
:10814000F82F002081D3000CF82700207FB50020F5
:10815000FFF750FF2C4B83F308880025E0232B4CBE
:1081600084F82230E57725766576A57684F8205068
:10817000E576636A43F4E0236362636A43F40023B1
:108180006362A563E3689BB243F0BF6343F40833C3
:10819000E360F9F7CDFFFAF7A7F84FF0FF33A362DA
:1081A000E362FAF797FAFAF719F9F9F76FF818484E
:1081B00000F0D2FC0120FFF71DFF0220154CFFF755
:1081C00019FF00F0E3FF144B4FF480625C61134B26
:1081D0001349059301232046CDE90353CDE9015509
:1081E000104B009500F07AFC0646237C204623F0D5
:1081F0000403237405F0F1FA2846FFF773FF3146B4
:108200002046084AFAF754F8F82F002000ED00E065
:10821000D0100020A00F002090180020B106010C03
:10822000383100202580000C38B5064C064DAC4294
:1082300001D3002038BD2046D4E9011205F022F810
:108240001434F4E7540500206805002030B5054BD0
:1082500085B0DDE908450293CDE9004504F0D0FF83
:1082600005B030BD1BA0000C38B5074C074DAC4223
:1082700001D3002038BD204605F028F808B91C3489
:10828000F5E76FF01500F5E73805002054050020EC
:1082900073B50C46EFF31181202585F31288BFF3E7
:1082A0006F8FC5685DB125602B68C360836901333A
:1082B0008361002081F31188BFF36F8F11E052EAD0
:1082C000030603D16FF00B002560F3E7CDE900232F
:1082D0000246083000F064FE18B9034B9B685B69E6
:1082E000236002B070BD00BF90180020F7B50D46A6
:1082F00004469DF82010EFF31187202080F31288A8
:10830000BFF36F8F266AE068864240D22668B44287
:108310001AD0CEB1304605F03EF806F1180005F04F
:1083200084FB2946002554F8082F706905F083FC6A
:108330003046C6F8805005F050FA2046394605F020
:10834000AAFA284603B0F0BDA268A9B12946E0699F
:1083500005F071FCE369A26813446269E36193422A
:1083600001D12369E3610020236A0133236287F38B
:108370001188BFF36F8FE5E7A0692369294698420A
:1083800008BF6069801AA06105F055FCEBE752EA6E
:1083900003010BD0074904F1080089684D61CDE95C
:1083A00000233946224600F0FBFDCBE76FF02200A8
:1083B000DDE700BF90180020F7B504460846EFF34C
:1083C0001186202181F31288BFF36F8F216A002963
:1083D0003BD0A268A16905F02EFCA369A2682568BC
:1083E00013446269A361934204BF2369A361236AB2
:1083F000AC4203F1FF33236236D02846002D34D03F
:10840000002704F0C8FF05F1180005F00EFB6969AC
:10841000A268E06905F00FFCE369A26828461344EE
:108420006269E361934204BF2369E361236A013314
:108430002362C5F8807005F0D0F904F108003146D8
:1084400005F029FA384603B0F0BD52EA030111D015
:108450000A4989684861CDE900233146224604F182
:10846000080000F09DFDEEE7002086F31188BFF3C1
:108470006F8FE8E76FF02200F7E700BF9018002049
:108480002DE9F341044617461E46EFF311882023D9
:1084900083F31288BFF36F8F304BC2689B6872B151
:1084A0008068984217D057EA060216D188F31188DF
:1084B000BFF36F8F6FF00F0002B0BDE8F08193F94A
:1084C0000E1001322161C4E9023288F31188BFF332
:1084D0006F8F0020F0E72169F3E793F90E1090F910
:1084E0000E30994230DA9942A8BF194604F067FF6E
:1084F000054622464146CDE90076194800F050FD78
:108500000028E6D0EFF31186202383F31288BFF30F
:108510006F8FA068D0B1236821699C420AD04BB10B
:1085200093F90E309942A8BF19466FF07F03994224
:10853000B8BF194604F043FF40B13146084805F082
:10854000AAF96FF00A00B7E70025D2E7002DF4D1B1
:1085500086F31188BFF36F8FF3E700BF90180020F8
:10856000F4180020F8B583680546002B40D0234A54
:10857000926893423FD1C368012B03D9013BC3608A
:108580000020F8BDEFF31187202383F31288BFF397
:108590006F8F0169806804F012FF2C68A54207D133
:1085A0000023C5E9023387F31188BFF36F8FE7E734
:1085B000002CF5D0D4E90032002613605A60237CE9
:1085C000C4E9006623F002032374A66004F11800D6
:1085D00005F02BFAAC6094F90E3020462B61C4F8FC
:1085E000806005F0FAF83946054805F054F9C7E708
:1085F0006FF01500C5E74FF0FF30C2E7901800207C
:10860000F418002037B51146EFF31185202282F3CC
:108610001288BFF36F8F04689CB12368426823F00F
:1086200003039442036008BF43600121204604F025
:108630004AFF044685F31188BFF36F8F204603B0CD
:1086400030BD51EA0302F5D000F10802CDE9001374
:108650001046294600F0A4FC0028EFD1014B9B688E
:108660005C69EBE79018002070B5EFF311862023CA
:1086700083F31288BFF36F8F0468A0421BD0D4B17C
:10868000D4E90032002513605A60237CC4E9005508
:1086900023F002032374A56004F1180005F0C5F966
:1086A0002046C4F8805005F098F83146BDE8704087
:1086B000064805F0F0B8D0E902329A4218BF0133FB
:1086C000836086F31188BFF36F8F70BDF4180020AC
:1086D00013B5EFF31181202484F31288BFF36F8F59
:1086E000846844B1013C846081F31188BFF36F8FCB
:1086F000002002B010BD52EA030406D181F31188B4
:10870000BFF36F8F6FF00F00F3E7CDE90023024650
:10871000014800F045FCECE7F418002007B5074BD2
:108720004FF48062009306494FF0FF33054800F094
:1087300031F9002003B05DF804FB00BFBCE7000C7A
:1087400038350020281000202DE9FF41044620275D
:10875000534EEFF3118887F31288BFF36F8FD4F86D
:108760008C50F5B9022104F1A40004F0E5FE0028C4
:1087700070D004F19C0500220121284605F012F971
:108780000028F8D100234FF0FF3202934FF0FF335F
:108790004146CDE90023434804F1940200F028FD4E
:1087A000D7E7D4F890202B689542C4F88C3008BFE6
:1087B000C4F89030D4F8A43043F00203C4F8A430D5
:1087C000EB6823F0040343F00103EB606B6888F36C
:1087D0001188BFF36F8F28469847EFF3118887F30E
:1087E0001288BFF36F8FEB68D80623F001023ED4E6
:1087F000EA60EB689A0717D5306823F00203EB6054
:1088000090B10021036878B1426895423DD1036878
:10881000002934D172683360904200D17360002324
:1088200040F8083BFFF720FFD4F8A43023F0020300
:10883000C4F8A430DB0530D4D4F88C30003B18BF2A
:10884000012388F31188BFF36F8F002B81D004F0D0
:108850008AFF7EE7D4F8A430D90693D5C4F8A400E3
:1088600088F31188BFF36F8F04B0BDE8F08123F067
:108870001103EB6005F11000FFF7F6FEB9E70B609E
:108880007368984208BF7160C9E701461BB11A6856
:1088900018461346B7E71A46FAE70023D1E700BFA8
:1088A000B0180020F418002070B5C3680546C3F363
:1088B00040069B070C460DD50122002104F108005B
:1088C00004F02EFE00232360054B65605A681AB938
:1088D000C3E90044304670BD14605C60FAE700BF35
:1088E000B0180020F8B5C36804469A070E46C3F3D3
:1088F000400542D45F0742D40B680BB983680B6014
:10890000E368D80742BFA36802253360376858BFC1
:10891000012557B31B4B9A68D7F888309A421ED16D
:1089200004F0F7FE80F00100C0B2D7F8A430D907F8
:10893000C3F380021CD5F2B1F8B100232360D7F84D
:10894000903073B9C7E92344384604F00FFEE3685A
:1089500043F00403E3603368A3602846F8BD0020B9
:10896000E3E71C60C7F89040EEE76FF0150506E0FE
:108970006FF0120503E01B07DFD56FF00F05002332
:108980003360EAE7901800200146014804F06BBE0E
:1089900028100020F0B50446002089B00E9DC4E9DF
:1089A000230004F19400C4E9250004F19C00C4E90B
:1089B000270055B32879002840F2011008BF012094
:1089C000C4F8A40000204FF0FF364FF0FF37CDE988
:1089D0000330CDE90100CDE9066720460C4B009439
:1089E00000F0EAF855B1296811B1204604F097FE6D
:1089F0006B791BB1A38943F00103A381204600F0EA
:108A0000B7F8C4F8884009B0F0BD0120D8E700BF2E
:108A10004987000C37B501900846EFF311842021F7
:108A200081F31288BFF36F8FC16811F01E0F16D14A
:108A300053EA020508D101A9FFF754FF84F3118816
:108A4000BFF36F8F03B030BD41F00801C1600199E1
:108A500010308161034900F08BFC0120EEE700201B
:108A6000ECE700BFE1D5000C01460148FFF7D2BF9B
:108A700028100020F7B50C4616461D460190EFF36E
:108A80001187202383F31288BFF36F8F084604F009
:108A90005EFD55EA060309D1204601A9FFF722FF32
:108AA00087F31188BFF36F8F03B0F0BDE3683246E0
:108AB00043F00803E360019B0449A36204F1100042
:108AC0002B4600F055FC0120EAE700BFE1D5000C81
:108AD00001460148FFF7CEBF281000202DE9F043E2
:108AE000984685B000F15803C0E91633109B002664
:108AF00083810423073222F0070503740F9B01EBE7
:108B000005090F4683734946C0E906668660C67349
:108B10000446F9F73BF80E9B073020F0070020676A
:108B2000C4E91A7502930D9BA9EB000901930C9BF4
:108B30004A460093394643462046F9F79DFB054BCC
:108B400066659B6803B15B6F4846636705B0BDE827
:108B5000F08300BF90180020012303748381002359
:108B6000C0E91A334367014B9860704790180020A2
:108B700038B50446EFF31185202383F31288BFF341
:108B80006F8F037C5B070FD5183004F04EFF237CFA
:108B9000204623F00403237404F02EFE2946BDE88A
:108BA0003840044804F077BE85F31188BFF36F8F17
:108BB00038BD00BFF4180020F0B5002587B005953A
:108BC000109DDDE9127604950F9D044603950E9DD8
:108BD00002950D9D01950C9D0095FFF77FFFB6F165
:108BE000FF3F08BFB7F1FF3F05D056EA070305D1A5
:108BF0002046FFF7BDFF204607B0F0BD3A4633469A
:108C000004F11800014900F0B3FBF4E74BD8000C65
:108C10006FF00A01094A9368C3F880100849D867C1
:108C20004B6843F080534B60002383F31188BFF3FC
:108C30006F8F9368D3F88000704700BF90180020B2
:108C400000ED00E038B590F910200146002A037CC1
:108C500004DA03F07F03037404F087FD0D4D2A4608
:108C600052F8184FAB68944200D004B9EC688B42BC
:108C700007D01A7CD20604D1DA897F2A01D9A269E9
:108C80002AB1A34202D0204600F0F4FA23466B61D9
:108C900038BD00BF9018002070B590F91020037CFB
:108CA000002A2FDBD9062DD11A4C63F07F03224610
:108CB000037452F8183FE169934207D1C0E90021DB
:108CC0000860E0610FE09942F8D01B68002BF5D0F6
:108CD00093F90E6090F90E50AE42F4DD5968C0E988
:108CE000003108605860A569954200D005B9E56873
:108CF000A3681A7CD20606D1DA897F2A03D9AA6929
:108D00000AB9636170BDAB4202D0284600F0B2FAE6
:108D10006561F7E790180020034648B9EFF3058234
:108D200032B9064A51699268914201D0FFF770BF8B
:108D300083F31188BFF36F8F704700BF9018002036
:108D400038B5184CA168E0690B68814214BF1A4617
:108D5000002249680B605960A368E1692AB9124A88
:108D6000C3E900210B60E3610AE092F90E5093F928
:108D70000E00854212DD5168C3E900210B6053608B
:108D8000A569094B9D4200D005B9E568A3689D42DD
:108D900002D0284600F06EFA656138BD8A42DED006
:108DA0001268DBE790180020A8180020002A2DE99F
:108DB000F0470CBF4FF010094FF00809027C044641
:108DC00019EA020F0E460F4628D149EA0203D209DA
:108DD00046D10374B9F1080F48D04FF00008DFF80E
:108DE000F0A0534653F8185F9D4200D00DB9DAF851
:108DF0000C50DAF80830AB4202D0284600F03AFABC
:108E0000B9F1100FCAF8145008D0204601F064FFE1
:108E1000B8F1000F02D02F48FFF79EFE2C4B9B6845
:108E2000A3424FD1EFF30583002B4BD1A289D20788
:108E300011D586F31188BFF36F8F83F31188BFF3C9
:108E40006F8F0423184602DFEFF31187202383F38B
:108E50001288BFF36F8F3846BDE8F047FFF7D8BEE2
:108E600003F07F03037404F080FCB3E7A36813B13D
:108E7000204604F082FC04F1180004F0D6FDA56D34
:108E800004F15808A84511D04FF0000A75B12846E2
:108E900004F073FC05F1180004F0C7FD2846C5F87E
:108EA00080A0FFF7F9FEA56DA845EFD1084B9B68A0
:108EB0009C4292D1EFF30588B8F1000818BF4FF03B
:108EC00001088CE786F31188BFF36F8FBDE8F08748
:108ED00090180020D010002070B50F4D06462B468C
:108EE00053F8184F9C4200D004B9EC68AB681A7C68
:108EF000D20604D1DA897F2A01D9A2692AB1A34214
:108F000002D0204600F0B6F923466B613046BDE83A
:108F10007040FFF701BF00BF9018002070B5EFF35D
:108F20001186202383F31288BFF36F8F1A4CA16838
:108F3000E0690B68814214BF1A46002249680B6041
:108F40005960A368E1692AB9144AC3E900210B609A
:108F5000E3610AE092F90E5093F90E00854216DDA6
:108F60005168C3E900210B605360A5690B4B9D421A
:108F700000D005B9E568A3689D4202D0284600F0FC
:108F800079F965613046BDE87040FFF741BE8A421D
:108F9000DAD01268D7E700BF90180020A818002088
:108FA000F8B5124B0C46DDE9067611469868104A72
:108FB0001060EFF31182202282F31288BFF36F8FCB
:108FC0009D68284604F0E3FBB6F1FF3F08BFB7F108
:108FD000FF3F06D03A463346064905F1180000F037
:108FE000C7F92046BDE8F840FFF712BE90180020F0
:108FF000B81800204BD8000CF8B50446EFF31187E1
:10900000202383F31288BFF36F8F037C49B203F0F0
:109010001F02002A0CBF0126002635D103F07F0372
:109020002A4D037404F0A1FB2A46037C817363F08C
:109030007F03037452F8183FE869934207D1C4E9EB
:1090400000200460EC610DE09842F8D01B68002B12
:10905000F5D093F90EC08C45F6DD5968C4E90031AE
:109060000C605C60AC69944200D004B9EC68AB68F9
:109070009C4202D0204600F0FDF86C6187F3118815
:10908000BFF36F8F3046F8BD9B071CD5856804F091
:109090006CFB81732B689D4209D16B68C4E9005356
:1090A0001C606C60EAE76A689A42F6D01B68002B85
:1090B000F3D093F90E208A42F5DD5A68C4E90032F4
:1090C00014605C60DAE78173D8E700BF9018002075
:1090D000034648B9EFF3058232B9064A51699268EE
:1090E000914201D0FFF794BD83F31188BFF36F8FD6
:1090F000704700BF90180020F8B550EA01030646FB
:109100000C4603D104F02FFB0020F8BDEFF31187CC
:10911000202383F31288BFF36F8F184D184BA86874
:10912000186004F06BFBA8683246234615491830D6
:1091300000F01EF9AB6804461A7CDF6742F00402B7
:109140001A746FF00A02C3F880200F4A536843F084
:1091500080535360002383F31188BFF36F8FAA6895
:10916000D2E90A12B2F1004F08BF9942CCD104F003
:1091700091FC201A20EAE070C7E700BF9018002099
:10918000B81800204BD8000C00ED00E0024B03F1B2
:109190001802C3E90622704790180020EFF31181EE
:1091A000202383F31288BFF36F8F054B9A68D37B1C
:1091B000013BD37381F31188BFF36F8F704700BFFA
:1091C00090180020EFF31180202383F31288BFF35F
:1091D0006F8F034B9A68D37B0133D373FFF77CBE49
:1091E00090180020014B9868704700BF901800202D
:1091F000D3B5DDE90667089CCDE90067FFF7D0FE2F
:109200001CB1034B9B685B69236002B0D0BD00BFFB
:1092100090180020027C034612F01F0210D10A4968
:1092200088420DD00949086868B1D9897F2909D8D1
:1092300093F90E20064B1B689A42B8BF0020704776
:109240000020704710467047180F002010030020C0
:10925000BC1800200122044BC01A044BC010584314
:10926000034B1A54704700BF58110020ABAAAAAA9A
:10927000F418002070B50C4B0C4D1E7CFFF7CAFF94
:10928000182303FB06550446284604F0CEFB0022B3
:10929000074B9A553CB1621E2846BDE8704005490F
:1092A000D31700F065B870BD901800205811002049
:1092B000F41800205592000C38B5EFF311852023E7
:1092C00083F31288BFF36F8F0F4B104A9C681068AE
:1092D000A04206D1FFF7CEFF85F31188BFF36F8F51
:1092E00038BD00211B7C1160094AD35C002BF3D0F0
:1092F0002046FFF78FFF0028EED0237CDB0601D14C
:10930000FFF71EFD2046E5E790180020B818002062
:10931000F4180020024B1868984208BF00207047DC
:1093200014030020034B1B680BB9FEF7ABBD0020F4
:10933000704700BFC018002030B570B10B4B5B68A0
:1093400098420AD0036843B1D3E90421D0E9044527
:10935000121941EB0501C3E90421D0E90032136081
:109360005A600023C0E9003330BD00BF1403002061
:10937000B3F1FF3F08BFB2F1FF3F2DE9F84F0446BC
:10938000994615461F467AD08160EFF31188202355
:1093900083F31288BFF36F8FB9F1000FDFF8E4A0F9
:1093A00020DBFFF7BFFFDAE90027013549F10009AB
:1093B0002D1849EBE07306464FF00109C4E9045348
:1093C000AD1843EB0707FFF7A5FF0346DFF8B8E04A
:1093D000DEF804A0EBB9C4E900EACAF80040CEF810
:1093E000044028E06FF00103DAE900125B1A4FF045
:1093F000FF3161EB02025B1B62EB0902012B72F190
:109400000001BCBF012300224FF00009C0E9043273
:10941000D9E7D3E9041CD4E904208A4270EB0C0B91
:1094200024DA891A5A686CEB0000C3E90410C4E915
:10943000003214605C60FFF76DFF84420ED1134B65
:109440001B685BB9B9F1000F02D1FFF76BFF06464D
:10945000304604F0D3FA0021FEF798FC88F3118817
:10946000BFF36F8F28463946BDE8F88F521A60EB7C
:109470000C005345C4E90420ADD01B68AAE70025C1
:109480002F46EFE77011002014030020C0180020C1
:109490002DE9F047DFF8A8900246C9F800000D4614
:1094A000FFF738FF00260027DFF898804FEAE27EBA
:1094B000D8E9001350B1D0E9044CA2427EEB0C0A6B
:1094C0001ADAA41A6CEB0E06C0E9044600245218FE
:1094D00043EB0E032046C8E90023C9F8004004F01E
:1094E0008DFA2146FEF752FC85F31188BFF36F8F8A
:1094F000BDE8F047FFF7E0BE611843EBE473C0E955
:109500000467C8E90013FFF717FF01224FF000437B
:10951000C0E9042385F31188BFF36F8F83689847F0
:10952000EFF31185202383F31288BFF36F8FD9F8EF
:109530000020121BC9F80020FFF7ECFEB6E700BFC1
:10954000C01800207011002010B5EFF31184202303
:1095500083F31288BFF36F8FFFF7E4FE0346054ADB
:10956000D2E90001181841EBE37184F31188BFF3CD
:109570006F8F10BD70110020F8B50446EFF311870E
:10958000202383F31288BFF36F8FD0E90423B3F154
:10959000004F08BF012A04D087F31188BFF36F8FF3
:1095A000F8BDD0E90A566A1C46F10003022A73F19D
:1095B000000334D3013D46F1FF36002EBCBF002529
:1095C0002E4604F06BFA013041F10001401946EBE0
:1095D0000101012871F1000148DB04F05FFA6FF02E
:1095E0000203013041F10001401946EB01018342C1
:1095F0006FF000438B413EDB04F050FA013041F143
:1096000000016FF00102401946EB01034FF0FF31FA
:10961000121A61EB030320461949FFF7A9FE236BD9
:1096200001332363236A63B187F31188BFF36F8F1C
:1096300020469847EFF31187202383F31288BFF366
:109640006F8F54F8185FA542A6D0002DA4D02846ED
:1096500004F0D6F80023C5F8803087F31188BFF3F3
:109660006F8F2846BDE8F84004F0B7B86FF00102EC
:109670004FF0FF33CFE700224FF00043CBE700BFAE
:109680007995000C2DE9F04105461C4690461F4691
:10969000EFF31186202383F31288BFF36F8FB4F1A9
:1096A000FF3F08BFB2F1FF3F05D186F31188BFF33A
:1096B0006F8FBDE8F081002C09DB012A74F10003F3
:1096C000BCBF0122002412F1FF3844F1FF372846C5
:1096D00004F0ABF9DDE906010023C5E90A012B63BB
:1096E00042463B4628460249FFF742FEDDE700BFFF
:1096F0007995000C70B50546EFF31184202686F3AA
:109700001288BFF36F8F04F090F920B184F31188B1
:10971000BFF36F8F70BD6B6A63B184F31188BFF3C1
:109720006F8F28466B6A9847EFF3118486F312888F
:10973000BFF36F8F05F1180004F097F80028E5D00B
:1097400004F04BF82146BDE87040014804F0A3B88E
:10975000F518002073B50446EFF31186202383F338
:109760001288BFF36F8F8368594003EA02050A40ED
:1097700053400022009309496B46019204F0DEF841
:10978000DDE9003223EA020304F10C003146A36054
:1097900004F081F8284602B070BD00BFCBDB000C9E
:1097A000F8B507460C46164603F0B3FF08B1002093
:1097B000F8BD0D4B9B685D6F002DF8D0221DF6D2D1
:1097C000EFF31184202383F31288BFF36F8F2846B1
:1097D00047F00401B04784F31188BFF36F8F00286E
:1097E000E5D040F8045BE3E7901800200146024A08
:1097F0000020FFF7D5BF00BF15A0000C014800F006
:10980000D5BD00BFC206010C0CB430B58BB0044608
:109810000D462022002102A804F01AFA0223002D8E
:1098200006948DF80A300C4B039312DB01D06B1EAB
:109830001C440FAA0E9902A80794019200F00EF89A
:1098400015B1069B00221A700BB0BDE8304002B083
:1098500070470024EDE700BF25DD000C2DE9F04F37
:1098600043688BB080469246009383789C0740F112
:10987000F98000250878002800F0F68025280AD015
:109880004B1C019301354146009B98470028C0F2CC
:10989000E3800199EEE74E788B1C252E0193F1D0E1
:1098A00000270A22B9463C461F2C22D8A6F12003E5
:1098B000102B20D8DFE803F0141F1F1A1F1F1F0BE7
:1098C0001F1F1F121F171F1F090044F00104019BD7
:1098D00013F8016B0193002EE6D13AE044F0020444
:1098E00044F00404F3E744F00804F0E744F0100403
:1098F000EDE77F2C24D8A6F13003092B08D86006A9
:109900004EBF02FB073744F0200402FB0939DEE7B3
:109910002A2E0DD161065AF8043B53D4002BA7BF61
:1099200044F020049946C3F1000944F02804CEE72E
:109930002E2E05D1630600F1978044F04004C6E75F
:109940006C2E2ED028D8682E32D06A2E37D04C2ECE
:1099500035D0002F46F02003B8BF24F04004A3F117
:109960006502BCBF0027A4B2022A01D9612B2BD10A
:109970000AF1070A07279D4E2AF0070A0AF1080A8A
:10998000210760D506EB070B34465C455DD1AE1B65
:10999000A9EB0709A21959E1742E98D07A2E96D016
:1099A000D7E7260648BF44F4007444F080048EE7ED
:1099B000E00548BF44F4007444F4807487E744F43D
:1099C000207484E71F4682E7A6F16302122A00F2A0
:1099D000D880DFE812F013004D00D600D600D60084
:1099E000D6004D00D600D600D600D600D600E8003E
:1099F000D100D600D6001A00D600A0005AF8043BC9
:109A0000012704AE8DF81030BAE75AF8046B784B92
:109A1000002E08BF1E4614F0400F304614BF3946D2
:109A20004FF0FF3104F01CF90746A9E7414620201A
:109A3000009B984700280FDB013CA742F6D34D441A
:109A4000A1462D1B9EE74C46F7E7414614F8010B53
:109A5000009B9847002898DA98F8023043F00403F6
:109A600088F802304FF0FF3528460BB0BDE8F08F84
:109A7000220630D5A3052AD50AF1070A2AF00703E2
:109A80009A4659685AF8080B24F0100B00291FFA5F
:109A90008BFB2FDA40424BF4806B61EB410104AC4D
:109AA0000A23224604F0E8F81BF0400FA0EB040262
:109AB00000F08E802BF001049742A4B240F38F8017
:109AC000002E40F08E802BF01104A4B21DE05AF855
:109AD000040BC117D8E7E0055AF8041B01D4084667
:109AE000F7E7A20547BF48B241F3C01108B241F3FE
:109AF000C031C9E750EA0103D1D16306CFD5002FA9
:109B0000CDD124F011043A46A4B23B4640F20641BE
:109B10000C4262D124E024F010040A23A4B214F011
:109B2000800243D014F4007117BF0AF1070A5AF8F3
:109B3000040B2AF0070292461CBF51685AF8080B22
:109B400050EA01023ED124F0160B62061FFA8BFB8D
:109B50003CD5002F3AD124F017043A463B46A4B234
:109B600021075AD4E10705D5994572DDA9EB030316
:109B70009F184B469B464AE044F010041023782679
:109B8000CDE7782B04D1C6F1780343F01003C6E784
:109B900041462520009B98470028FFF65DAF02351F
:109BA0004146304670E608230026B8E714F4807179
:109BB0005AF8040BC4D014F400711ABFC0B2114695
:109BC00080B2BDE724F006041FFA84FB04AC68E70A
:109BD00013465C46E10699D52EB90133C0E713461A
:109BE000F8E73B46F6E70233BAE700BFF706010C99
:109BF000F006010CCDE9023241462020009B984737
:109C00000028FFF629AF0BF1010BDDE90232D9453F
:109C1000F0DCEB1A03EB0B055B46E10627D541466A
:109C20003020CDE90232009B98470028FFF614AFA0
:109C3000DDE902327EB901352F44791B8A4229DBE6
:109C4000144604AE94BB2A44A9EB0309154691447B
:109C500040E017468EE7023541463046CDE90232F4
:109C6000009B98470028DDE90232E5DAF4E640F28D
:109C700006410C42E0D014F0020F05F10105414607
:109C800014BF2B20202014F4806FCDE9023218BFBE
:109C90002D20E5E7CDE902324146009B3020013519
:109CA00098470028DDE90232C7DAD5E6013C414693
:109CB000CDE90232305D009B98470028DDE9023291
:109CC000C0DAC9E641462020009B013598470028AC
:109CD000FFF6C2AEA9EB0503002BF3DCD9E500BF0C
:109CE0007047836800EBC101B3F5004F2CBF51F8FA
:109CF000220031F81200704700EBC1018068B0F516
:109D0000004F2CBF41F8223021F812307047012259
:109D100008B5FFF7E6FFD04008BD836800EBC1013E
:109D2000B3F5004F08D34B681AB143F001034B6001
:109D3000704723F00103FAE74B881AB143F001039F
:109D40004B80704723F00103FAE753000122FFF72D
:109D5000D3BF08B58368B3F5004F06D3FFF7D7FF2D
:109D600001288CBF0020012008BD0020FCE783688B
:109D7000B3F5004F34BF04230823C91A081AC008DA
:109D800070478368B3F5004F28BF0139B1FA81F0FD
:109D9000C0F11F0070472DE9F041174603220E461F
:109DA0000446FFF79EFF8642054607F104080AD1E4
:109DB0000122E368BA4023EA0203E360002344F887
:109DC0002830BDE8F081314602222046FFF789FFA6
:109DD00006462B4601460322204644F82850FFF74A
:109DE0008BFF334629462046BDE8F0410222FFF7AB
:109DF00083BF38B504460D46FFF7ABFF70B929465F
:109E00002046FFF784FF01462046FFF7BAFF2946A8
:109E100002462046BDE83840FFF7BDBF38BD2DE9FA
:109E2000F04705468946FFF7ACFF05EB800ADAF8F4
:109E30001070064677B94FF0FF34EB680136B44036
:109E40001C4015D094FAA4F2B2FA82F2131D55F810
:109E5000234009E03C464FF0030821462846FFF71F
:109E600056FF814507D8324621462846FFF793FF23
:109E70002046BDE8F087214603222846FFF731FF40
:109E8000B8F101080446CAF81000D4D08742E4D1E2
:109E9000D1E72DE9F04114460E460546FFF737FF9E
:109EA000A4EB0608371B0744424631462846FFF715
:109EB0004CFF3A4621462846FFF747FF434600221B
:109EC00021462846FFF718FF21462846FFF71FFFC7
:109ED0003B46211800222846BDE8F041FFF70CBFA1
:109EE0002DE9F041164604460F46FFF710FF3146B4
:109EF00005462046FFF70BFF05442A463946204613
:109F0000FFF723FF31462046FFF701FF2B463118AC
:109F100000222046BDE8F041FFF7EEBE2DE9F041FA
:109F200004460D46FFF715FFB8BB29462046FFF74C
:109F3000EEFE01462046FFF724FF04EB80010E6988
:109F400096B90122E36882401343E36002220D6167
:109F50002B4629462046FFF7CFFE032229462046FE
:109F6000BDE8F041FFF7C8BE022231462046FFF7A8
:109F7000B8FE0746034629462046FFF7BDFE0322EA
:109F8000334629462046FFF7B7FE39462B46204682
:109F9000FFF7B2FE02223146E1E7BDE8F08170B57D
:109FA000056809B9002070BDAB6801F00704B3F57E
:109FB000004F34BF0422082207341444E40804EBA1
:109FC000D1049C4228BF1C4628462146FFF727FFA4
:109FD00006460028E6D001462846FFF798FEA04234
:109FE00009D93444314628462246FFF752FF21461C
:109FF0002846FFF793FF284601223146FFF78DFEE2
:10A00000AB68B3F5004F34BF0423082303EBC6034A
:10A010001844C8E71146FFF7C2BF2DE9F8434B4289
:10A02000066803EA010731EA03031446B2680ED05A
:10A03000B2F5004F2CBF08230423BB4228BF3B4688
:10A04000B946CF1B94B900252846BDE8F883B2F580
:10A05000004F34BF04230823994204D82146BDE8A9
:10A06000F843FFF79CBF4FF00009EBE7B2F5004F54
:10A0700034BF04250825FB1AE10804F0070001EBB2
:10A08000D301073003F0070303442B4401EBD30152
:10A09000914228BF11463046FFF7C1FE8046002896
:10A0A000D1D0B36809EBC005B3F5004F34BF04232A
:10A0B00008231D4435447B1E1D44B5FBF7F57D4345
:10A0C000A5EB090529463046FFF751FE2C4407341D
:10A0D00024F00704A41B804507464FEAE40408D295
:10A0E000024641463046FFF7D4FE41463046FFF770
:10A0F00015FF39463046FFF70AFE3844844208D23D
:10A10000394630462246FFF7C4FE21463046FFF767
:10A1100005FF012239463046FFF7FFFD94E7B2F50F
:10A12000802F34BF042308232DE9F0410026D21AE2
:10A130008C18CD1D25F0070524F00704641BE408E6
:10A14000056021462846AC60EE60FFF71AFE8200EB
:10A1500002F11B07FF083146043205F1100003F03D
:10A1600077FD3A4631462846FFF7EFFD3346324643
:10A1700031462846FFF7C0FDA4EB070828463146C4
:10A180000122FFF7CAFD42463946FFF7DEFD3B4696
:10A19000324639462846FFF7AFFD21462846FFF7ED
:10A1A000D4FD4346324621462846FFF7A5FD214609
:10A1B00028460122FFF7B1FD3946BDE8F041FFF71F
:10A1C000ADBE2DE9F04F1D4689B0814608460F46C9
:10A1D0000392F5F739FF0026C5F1100B584594BFDF
:10A1E0000023012380463446B2460293444503D3FC
:10A1F000304609B0BDE8F08FCDE905AACDF81CA026
:10A20000A8EB0402ECB193452CBF0323022303996E
:10A21000381941EA836343F0704304932B462A4480
:10A22000934203D0102B03F1010E0CD1641B1C448C
:10A23000079B0136009304AB0ECBD9E9000CE04735
:10A24000D4E7029BE3E723F00301DB4310F801CBE3
:10A25000203103F003036944DB000CFA03FC51F8DE
:10A26000103C4CEA030341F8103C7346D8E72DE953
:10A27000F04312F0010406460D469046876887B009
:10A280002ED0D0E900090C2303FB0172517C002978
:10A290003AD1147C03FB05735A7B93F80CE012044B
:10A2A00042EA0E626FEA52226FEA4222D97B93F8A9
:10A2B0000EC0A30043EA052343EA0C0343EA41131B
:10A2C00043EA0C1343EA410343F0704343F48C1315
:10A2D000CDE90232059B0124009302AB0ECBC847A7
:10A2E00018F0020F0CD00C2303FB0577B96839B1C5
:10A2F0002A020323304642F49012FFF762FF04441F
:10A30000204607B0BDE8F0830224C3E72DE9F047FB
:10A3100006460D46174698462BB34FF0000A98F8AC
:10A32000004093F80190DB78A40004EB430498F814
:10A3300002301C444444CA4509D339463046AC4631
:10A34000D8F8042008F10803BDE8F047604714F886
:10A35000013B0AF1010A204648F82340F5F774FE54
:10A3600001300444E7E76FF01500BDE8F08730B531
:10A3700002460024002012F8013B43B178B18C4220
:10A3800007D1702B04D0A3F140053A2D07D8002047
:10A3900030BDA3F140053A2D01D80134EAE7252B61
:10A3A00008BF80F00100E6E7002070470FB407B552
:10A3B00004A951F8040B019100F026FB03B05DF8ED
:10A3C00004EB04B0704710B50369024613F00800AF
:10A3D00009D11368D4689C429BBF0120126AE31A1A
:10A3E000D31A0B6010BD00231846FAE713B501A974
:10A3F0000446FFF7E8FF20B1019BE268013B1344EC
:10A400000193206A019BC01A013802B010BD10B53B
:10A41000044650182269236AD20702D5013B18402E
:10A4200010BD984228BFC01AFAE710B504460A4684
:10A43000C168FFF7ECFF2369E06023F008032361A4
:10A4400010BD38B50D46C2698B00016843F00203A8
:10A45000044642F8213001682A46FFF7D8FFE36836
:10A460006168984208BF2369206008BF43F0080371
:10A470002A46204608BF2361FFF7C9FF606038BD48
:10A480002DE9F74F0F460021D0F80CB0C6690092B5
:10A4900016F82B209A4602F00302022A14BF8946BE
:10A4A00056F82B2006EB8B030193009B08BFC2F3E9
:10A4B0009D0919600446CAF80010B9F1000F07D0D1
:10A4C0004946FFF7B2FFE368A3604FF0010804E0DC
:10A4D00001698A0705D44FF00008404603B0BDE883
:10A4E000F08F816906EB8B00884716F82B10054624
:10A4F00011F00108EFD08B071DD51FB1394620465A
:10A50000FFF79FFF61682A462046FFF780FFD4E9E6
:10A5100002138B42606007D12A462046FFF777FF7F
:10A520004FF000080146A0602369216043F0080352
:10A53000E1602361D1E701462046FFF776FFE1683D
:10A54000A1601FB12068E16941F82090EA19CAF8BA
:10A55000002021682046FFF75AFF2269206042F060
:10A560000802226116F82B2022F0010206F82B20A7
:10A57000DDE900321A60A8E770B504461546FFF71A
:10A5800046FF2368834205D12369216023F0080335
:10A59000236170BDE269AB0043F0020342F8213051
:10A5A00061682A462046FFF732FF6060F1E738B560
:10A5B000036904465B0706D5456AFFF717FF854226
:10A5C0002CBF6562606238BD38B50D4604461C225A
:10A5D000002103F03DFB0022EB68A361AB686361DF
:10A5E0002B68E3616B68626223622A6923B1591E9A
:10A5F000194208BF42F001022261012204F1280041
:10A600000021BDE8384002F08BBF2DE9F04F002556
:10A610009846036A87B08B4204460E469346AA4684
:10A620000395059538D3EFF31189202383F312881E
:10A63000BFF36F8F059A2AB129462046FFF79CFF8A
:10A640000023059304A92046FFF7BDFE04990746A1
:10A65000B1422AD32268E369204613F8221003EBA3
:10A66000820A21F0030103F8221021683246FFF725
:10A67000CEFEE3682060984212D0002789F311884B
:10A68000BFF36F8F039929B162690AB120469047E1
:10A6900000230393002FC6D1504607B0BDE8F08FCA
:10A6A000236943F008032361E7E718B12046FFF769
:10A6B000C8FEE3E75BEA08031CD0019103F029F828
:10A6C0000199B8B9B9F1000F14D189F31188BFF31A
:10A6D0006F8F5A46434604F12800FDF7F9FFEFF368
:10A6E0001189202383F31288BFF36F8FB0FA80F7AC
:10A6F0007F09C3E7204605AB03AA2568FFF7C0FE24
:10A700000746BBE770B50446836908460D4698477F
:10A710000246EFF31186202383F31288BFF36F8F75
:10A720002B78204643F001032B706168FFF76FFE22
:10A7300060602046FFF73BFF86F31188BFF36F8F01
:10A7400070BD2DE9F843044600272026EFF311855C
:10A7500086F31288BFF36F8F2369A268190702D4AA
:10A760006368934200D2236A9B1A002B42D0E069AF
:10A7700010F8221000EB820911F003033AD0022BEB
:10A7800004D150F822305FEA930805D1CB0720D4DA
:10A790004846A36998478046A16842462046FFF78D
:10A7A00036FE0127A06041462046FFF73EFE3B46AD
:10A7B00085F31188BFF36F8F002BC7D137B1B9F183
:10A7C000000F03D104F12800FDF74EFF4846BDE815
:10A7D000F88341F0020100F82210A3694846D4F83A
:10A7E00008809847414602462046FFF710FE0023A6
:10A7F000A060DDE79946DBE7F8B5044683690846C3
:10A800000D4698470646EFF31187202383F31288FD
:10A81000BFF36F8F2B7823F001032B7023699B0705
:10A8200005D5E268E36903EB82039D421AD12B78D8
:10A8300023F002032B70D4E90231994204D132464D
:10A840002046FFF7E4FDA06031462046FFF7EDFD0E
:10A8500087F31188BFF36F8F04F12800BDE8F8403B
:10A86000FDF702BF2B6860F39F032B60F0E7EFF367
:10A870001181202383F31288BFF36F8F02698368ED
:10A88000120702D442689A4200D2026AD31A81F3B4
:10A890001188BFF36F8F181E18BF0120704770B565
:10A8A00006460C888888241A3069A4B2844285B28E
:10A8B00024BF641BA4B22D1BA8B2984228BF18461F
:10A8C0003368234413600B8803440B8070BD70B45D
:10A8D000838985880669ED1AADB2731B934228BF40
:10A8E000134670BC0A46011DFFF7D9BF70B40E466F
:10A8F0000146C58831F80A3FEC1AA3B2934228BF3B
:10A900001346324670BCFFF7CABF10B54B880C889F
:10A91000E41AA4B294420ED31A4492B28B884A80AD
:10A920000A800069D21A92B2824201D2002010BD80
:10A9300003448B80FAE76FF01500F8E72DE9F34147
:10A9400006460F4615464FF000082A46304601A934
:10A95000FFF7BDFF044640B102463946019803F0B7
:10A960006AF92D1BA0442744EFD142463046311DE1
:10A97000FFF7CBFF404602B0BDE8F0812DE9F3417F
:10A9800007460E4615464FF000082A46384601A9EC
:10A99000FFF7ACFF044648B12EB10246019930469C
:10A9A00003F049F926442D1BA044EED14246384617
:10A9B00007F10A01FFF7A9FF404602B0BDE8F081A8
:10A9C000704703785B075FBF03684288C3F34A237D
:10A9D00003EB12105DBF173020F007008008002045
:10A9E0007047002070470346D3E8EF0F421CC3E8CE
:10A9F000E12F0029F8D1704708B503F04FF80A227B
:10AA00000023F5F7FDFA08BD1FB50023CDE90201CB
:10AA10001A4619461846CDE90033F6F721FE05B06F
:10AA20005DF804FB0120F6F7DFBB002070474368A8
:10AA3000DA7101224368196043685A71F6F7C6BBA0
:10AA400070B515460C4669B1D2E901369B1B994297
:10AA50000AD813680A460146981903F0ECF8AB6867
:10AA60002344AB60204670BD6FF01B00FBE770B560
:10AA70000E4615461946044618B9BDE87040F6F76B
:10AA8000B3BB33B1C2F34A231030120D184403F0A4
:10AA9000D2F8C4E900562046BDE87040F6F740BD44
:10AAA0002DE9F3415F1C4FEA8708064608F11700BD
:10AAB00020F0070080080C461546F6F70FFC00232F
:10AAC0008DF80470ADF805308DF8073068B1034695
:10AAD000019AA8F1040143F8102F2A46294452F89C
:10AAE000045B8A4243F8045FF9D100233146A20196
:10AAF00002F4E07242EA482222F07F4222F470021D
:10AB000022F03F0202B0BDE8F041FFF7B0BF07B549
:10AB10000123019201AAFFF7C3FF03B05DF804FB14
:10AB200007B5CDE9002302236A46FFF7B9FF03B05A
:10AB30005DF804FB1FB5CDE90123069B01AA039331
:10AB40000323FFF7ADFF05B05DF804FBF8B506463B
:10AB50000D4614461F4604B9F8BD214628463A461C
:10AB6000B047241A0544F6E710B542680446D2E916
:10AB7000002381680068FFF7E9FF002263681A601C
:10AB800010BD38B54B6805461A68CB680C469A422A
:10AB900002D10846FFF7E8FF6368D3E8EF2F511CA6
:10ABA000C3E8E01F0028F8D1A36800209D5438BDF9
:10ABB0000A2838B504460D4602D10D20FFF7E1FF03
:10ABC00029462046FFF7DDFF002038BD2DE9F04380
:10ABD000054689B008460E8891F800900C46D1F8D9
:10ABE00008801746F6F78EFD011EC6F38216C9F3DC
:10ABF000C2091FDB4846F6F7A5FC0346214651F87B
:10AC0000102B6088C2F34A22002A01EB020408BF1D
:10AC100000210022C0F30B10CDE90507CDE9031494
:10AC200028464146CDE900220296F6F797FD09B085
:10AC3000BDE8F0830023E1E7436800201B685B6800
:10AC40001961704743681B681A68526853607047FF
:10AC500001212DE9F04143681B685A6811751D6890
:10AC60002F68D5E90136D3E900481CB96B681C6030
:10AC7000BDE8F081214630464246B847241A0644D2
:10AC8000F3E743681B681868F6F79EBE70B5436823
:10AC90000C461D686B681869F6F782FA2146034670
:10ACA0000F222868BDE87040184702F0D1BF02F0BB
:10ACB000C2BF01460068F6F709BF08B5F6F762FFA4
:10ACC000BDE80840F7F716BB0A460121FFF71FBF92
:10ACD00000210120F6F7FABE6FF08500704761B6DB
:10ACE00062B680F31188BFF36F8F704772B600238E
:10ACF00083F31188BFF36F8FBFF34F8F30BF62B6FE
:10AD0000BFF36F8F704740E800F313F4803FD8B271
:10AD100008BF6FF01500704730B50C684B6885B000
:10AD20000A894D890094013B24F01F04234402F05A
:10AD30001F0242EA451223F01F0369468DF80820DE
:10AD40000393F7F781FB05B030BD08B5D1E90431B5
:10AD50009847002008BD08B5F7F78AFD002008BD18
:10AD60007047002303824369C3607047C1698968E3
:10AD7000F7F7EABD027A01320272704710B508B1E6
:10AD80004B68436000234C6808464B60F7F75AFE57
:10AD9000204610BD8388026819448180D01870470E
:10ADA00030B484880568A3188380281930BC02F069
:10ADB00042BF10B5838802685C1C8480D154D018CF
:10ADC00010BD30B5838802689D1C8580D418D1548D
:10ADD000090A617030BD83885B1A9BB2838000686A
:10ADE0001844704703468288521A828000680844DB
:10ADF0001860704710B5036804211C68FFF7F2FF64
:10AE0000204610BDFFF783BE4FF0FF324FF0FF33F7
:10AE10000430FDF735BBFDF7A5BB90F86C00C0F31F
:10AE20004110704783691B6993F8800000F00100AE
:10AE30007047F8B504461E460D461746FFF7E4FF77
:10AE400094F86C309B0715D425B1012D10D06FF00C
:10AE5000150508E0216F0029F9D000259DF818306C
:10AE60000F714E718B71201DFFF7D5FF2846F8BD7D
:10AE7000616FF0E76FF07705F5E738B504460D46EA
:10AE8000FFF7C2FF94F86C30201D65F3041384F8BB
:10AE90006C30BDE83840FFF7BEBF90F86C00C0F3DF
:10AEA000800070470246034652F8640F90420BD16F
:10AEB00000207047027A8A42FBD09A6E8242F7D015
:10AEC00000680028F6D170470028F3D1704738B5E4
:10AED00004460D46FFF798FF94F86C30DB0718D452
:10AEE0002B690BB9EB68BBB1636E1BB904F164034A
:10AEF000C4E919332B6893B9A26E04F16401C5E962
:10AF000000121560A5661D46201DFFF784FF284628
:10AF100038BD4FF0FF35F7E76FF01505F4E76FF038
:10AF20007705F1E710B50446034654F84C0FA042EC
:10AF30000DD100200DE0447D8C4204D1032909D1BC
:10AF4000047A944205D01C6D8442F2D00068002837
:10AF5000F1D110BD0F29F5E72DE9F84305460C4660
:10AF6000071D4FF0FF324FF0FF333846FDF788FAE8
:10AF7000D5F87490B9F1000F75D0D5F87080B8F19C
:10AF8000000F70D095F86C30DB076CD4EB6C1BB9FC
:10AF900005F14C03C5E913332368002B66D1637DAB
:10AFA0000F2B09D1237A012B10D02B6D05F14C0208
:10AFB000C4E900231C602C65637D032B29D1EA6C56
:10AFC00005F14C0090422BD1002336E02846E16881
:10AFD000FFF77DFF06460028E7D03846FDF7C2FAA6
:10AFE0003046BDE8F8834E7D032E14D00133237222
:10AFF0004B68C4E900131C604C60637A022B26D0B6
:10B00000032B2AD0012B02BF237A89F80E3088F84F
:10B010000E300026E1E70E7A013EB342E6D1126817
:10B02000002AD1D0517D2B6D03290DD19A42137A7C
:10B0300002D011680029D6D1013323722B6DC4E9E7
:10B0400000031C602C65D8E79342E8D1BCE7237A63
:10B0500089F80F3088F80F30DBE7237A89F8103051
:10B0600088F81030D5E74FF0FF36B6E76FF0770677
:10B07000B3E70346006800B1187A70478388C28836
:10B080008168D21A03685B1AD01A70470346C088D9
:10B0900008B11878C009704770B50C461546F9F725
:10B0A00005F840B1406883681B6823B12A462146F1
:10B0B000BDE87040184770BDF8B504460D46174608
:10B0C00086680369A033D3E8AF3F9B070ED5B36A08
:10B0D0007BB1F36B98472946B36A3A4620469847B6
:10B0E000336C0546204698472846F8BD4FF0FF359B
:10B0F000FAE76FF08505F7E770B504460D468668F8
:10B100000369A033D3E8AF3F9B070BD5F36B984798
:10B110002946736A20469847336C0546204698476F
:10B12000284670BD4FF0FF35FAE710B5044619B94F
:10B13000002084F8300010BDF7F764FD0028F7D038
:10B14000F9E70A460121FFF7E2BC4FF0FF324FF06A
:10B15000FF330430FDF794B9FDF704BA21B101299A
:10B160000DD000231B68FFDE5430006848B14368EF
:10B170005B79934205D000680028F8D170475C30B5
:10B18000F3E7704710B590F830300446022B09D130
:10B19000FFF743FE94F8382001462046BDE81040F2
:10B1A000FFF7DCBF002010BD08B5FFF7D7FF003860
:10B1B00018BF012008BD38B505460C1F54F8041F00
:10B1C00009B9084638BD6B681868F4F733FF0028E2
:10B1D000F4D10120F6E74FF0FF324FF0FF33043097
:10B1E000FDF74EB908B583681B6B0BB19847034652
:10B1F000002023B153F8042B0AB1127802B908BD1C
:10B200001044F6E710B51C46FFF7A8FF48B101222D
:10B21000C06802FA04F320B10269134201D1006848
:10B22000F9E710BD10B50C46FFF7ACFF48B101239C
:10B23000C06803FA04F120B10369194201D1006822
:10B24000F9E710BDD1F81A0083681B6903B11847EC
:10B250006FF08500704738B50C46FFF793FF80B15B
:10B26000C06870B14368DA681AB100231179994255
:10B2700001DC0068F5E71568ED5CA54201D00133FB
:10B28000F5E738BDF8B50646CC680CB9204622E093
:10B29000012504F10C07E268AAB165F07F03D9B279
:10B2A00003F07F031033DA40D2070ED4E368EB409B
:10B2B000DB0705D53A46B069E9B200F09BF850B912
:10B2C0000135102DE7D12468DFE73A46B06900F078
:10B2D00091F80028EAD0F8BD2DE9F347002405468F
:10B2E0000E46A146576897F805803B79A34203DCD8
:10B2F000002002B0BDE8F0875FFA84FA3146534679
:10B3000042462846FFF77EFF014650B153460122D0
:10B310002846CDF80090F8F7C3FF0028E9D10134A2
:10B32000E3E76FF03C00E4E72DE9F74380460D4684
:10B330001746FFF777FF064628B96FF0010420464D
:10B3400003B0BDE8F0830F2DF7D808EB05090146DF
:10B3500099F83A402B46002240460097F8F7A0FFA4
:10B360000028EAD100942B46022231464046F8F7E5
:10B3700097FF04460028E2D12B4601223146404681
:10B380000097F8F78DFF04460028D8D170688368CD
:10B390005B6813B13A462946984789F83A70CEE778
:10B3A000012311F0800F18BF21F08001026818BF3F
:10B3B00010318B4022EA03030360704737B58B7965
:10B3C0000C46009315468B88CA78897800F01DFCDE
:10B3D00070B994F90230A178002B4FF00103B8BF87
:10B3E00021F080012A68B8BF10318B4013432B60D5
:10B3F00003B030BDF8B506460D46174600F02EFCEA
:10B40000044658B929463846FFF7CAFF2946304650
:10B4100000F0F7FC044608B902F0A5F92046F8BD93
:10B420000A468069802100F01CBD70B591F9183082
:10B430000546002B0C46466807DBC4F81A50214627
:10B44000B069BDE8704000F07FBC3046FFF725FDD5
:10B450000028F2D04FF0FF3070BD806900F026BDAB
:10B460000B0648BF21F08001406B48BF1031C84037
:10B4700000F001007047F8B505460E46071D4FF075
:10B48000FF324FF0FF333846FCF7FAFFEC692CB976
:10B49000EE613846FDF766F82046F8BD6FF0770498
:10B4A000F7E7C36982B08DF8001001922BB102ABAF
:10B4B00013E9060002B0F9F72DB802B0704700207A
:10B4C000704703695B68D3E90120012918BF104662
:10B4D000704710B50069046994F87810012903D108
:10B4E000D4F8803003B19847201DBDE81040FDF727
:10B4F0004BBAFFF7EEBF10B500690469D4F880308D
:10B500000BB100219847201DBDE8104002F0BBB8E8
:10B51000FFF7F1BF026902F17C0011B9D167416008
:10B5200070470B68D3674B684360704730B40125A0
:10B53000416802690968137E4D6154685B0954B122
:10B54000107E023300F01F0052F8231005FA00F0BD
:10B55000234630BC184730BC704710B402694168BC
:10B5600002200968537E486154685B095CB103445A
:10B5700052F823100123507E00F01F0003FA00F060
:10B58000234610BC184710BC704710B402694168CC
:10B5900004200968937E486154685B095CB10233FA
:10B5A00052F823100123907E00F01F0003FA00F0F0
:10B5B000234610BC184710BC704710B4026941689C
:10B5C00008200968D37E486154685B095CB1023386
:10B5D00052F823100123D07E00F01F0003FA00F080
:10B5E000234610BC184710BC704710B4026941686C
:10B5F00010200968137F486154685B095CB102330D
:10B6000052F823100123107F00F01F0003FA00F00E
:10B61000234610BC184710BC704710B4026941683B
:10B6200020200968537F486154685B095CB102338C
:10B6300052F823100123507F00F01F0003FA00F09E
:10B64000234610BC184710BC704710B4026941680B
:10B6500040200968937F486154685B095CB10233FC
:10B6600052F823100123907F00F01F0003FA00F02E
:10B67000234610BC184710BC704710B402694168DB
:10B6800080200968D37F486154685B095CB102334C
:10B6900052F823100123D07F00F01F0003FA00F0BE
:10B6A000234610BC184710BC704710B402694168AB
:10B6B0004FF48070096892F82030486154685B0943
:10B6C00064B1023352F82310012392F8200000F0F5
:10B6D0001F0003FA00F0234610BC184710BC704747
:10B6E00010B4026941684FF40070096892F8213083
:10B6F000486154685B0964B1023352F82310012396
:10B7000092F8210000F01F0003FA00F0234610BC5D
:10B71000184710BC704710B4026941684FF480604C
:10B72000096892F82230486154685B0964B10233B9
:10B7300052F82310012392F8220000F01F0003FAB0
:10B7400000F0234610BC184710BC704710B40269C3
:10B7500041684FF40060096892F8233048615468EA
:10B760005B0964B1023352F82310012392F82300DD
:10B7700000F01F0003FA00F0234610BC184710BC6D
:10B78000704710B4026941684FF48050096892F81C
:10B790002430486154685B0964B1023352F82310C5
:10B7A000012392F8240000F01F0003FA00F0234662
:10B7B00010BC184710BC704710B4026941684FF4C0
:10B7C0000050096892F82530486154685B0964B1FB
:10B7D000023352F82310012392F8250000F01F00D5
:10B7E00003FA00F0234610BC184710BC704710B491
:10B7F000026941684FF48040096892F82630486138
:10B8000054685B0964B1023352F82310012392F8A3
:10B81000260000F01F0003FA00F0234610BC184772
:10B8200010BC704710B4026941684FF400400968C9
:10B8300092F82730486154685B0964B1023352F8CA
:10B840002310012392F8270000F01F0003FA00F0F4
:10B85000234610BC184710BC7047002208B511469B
:10B860000D20F6F7C9FC0D20F6F7A4FC00220E20EF
:10B870001146F6F7C1FC0E20F6F79CFC00220F20C3
:10B880001146F6F7B9FC0F20F6F794FC00221020C1
:10B890001146F6F7B1FC1020F6F78CFC00221120BF
:10B8A0001146F6F7A9FC1120F6F784FC00221220BD
:10B8B0001146F6F7A1FC1220F6F77CFC00221320BB
:10B8C0001146F6F799FC1320F6F774FC00221420B9
:10B8D0001146F6F791FC1420F6F76CFC00221520B7
:10B8E0001146F6F789FC1520F6F764FC00221620B5
:10B8F0001146F6F781FC1620F6F75CFC00221720B3
:10B900001146F6F779FC1720F6F754FC00221820B0
:10B910001146F6F771FC1820F6F74CFC00221920AE
:10B920001146F6F769FC1920F6F744FC00221A20AC
:10B930001146F6F761FC1A20F6F73CFC00221B20AA
:10B940001146F6F759FC1B20F6F734FC00221C20A8
:10B950001146F6F751FCBDE808401C20F6F72ABC5A
:10B9600038B50446807AF6F7C5FF6169054649B1E6
:10B97000637ADB0704D4C36920461B689B68984739
:10B980000023636121462846BDE8384001F0BABD76
:10B9900030B509060546847C14D414F0400016D056
:10B9A000298AC3F30A00C1F30A01884222D802F0AF
:10B9B0000300022809D003280AD0012811D004F07E
:10B9C000010004E014F02000E9E7C4F3800030BD7A
:10B9D00014F00200FBD013F4C05F09D0C4F30010D0
:10B9E000F5E714F0080205D013F4C05FEFD0F5E7D7
:10B9F0000120ECE70020EAE7A030D0E8AF0F00F02C
:10BA000001007047A030D0E8AF0FC0F3400070478E
:10BA100001F00F030269090648BF103352F82300F2
:10BA20007047007DC0F30010704708B502691046EA
:10BA3000FFF7E2FF60B9087E00F00F03000648BF81
:10BA4000103342F82310084601F049FD002008BDDC
:10BA50006FF00C00FBE700220023FCF7D3BD01F0E0
:10BA60005BBD01F044BD1FB504698DF80410CDE93C
:10BA70000220D4F8983001A9984704B010BD1FB532
:10BA80000346046906208DF804002046CDE9021320
:10BA9000FFF7B2FF40B1C1F81E201846D4F8982035
:10BAA00001A9904704B010BD4FF0FF30FAE738B558
:10BAB00005460C462046FFF7CEFF014600B938BDCB
:10BAC0006FF070022846FFF7DAFFF3E72DE9F8433D
:10BAD000066907460D46D6F80090D6F840804FF02C
:10BAE000FF324FF0FF3306F18400FCF7C9FC4046FB
:10BAF000FFF7B1FF014618BB4846FFF7ACFF04460D
:10BB000020BB99F8143023F0100389F8143098F80A
:10BB1000143023F0100388F8143024BB012286F877
:10BB2000B020EDB12B68C6F8A8306B6886F8B1205C
:10BB3000C6F8AC3038698430BDE8F843FCF712BD74
:10BB40006FF067023846FFF79AFFD0E7637EDB07A6
:10BB5000D7D46FF0670221463846FFF790FFCBE756
:10BB600086F8B150E6E72DB10822294604F10C0011
:10BB7000FFF716F9002221463846FFF780FFD9E784
:10BB80002DE9F8430546884614461F46D0F808902C
:10BB9000FFF73EFF0646002834D02846D9F83C304F
:10BBA00098474146224630463B88FFF7F1FE8046E3
:10BBB00088B183B92B6904F0030493F88030DB0764
:10BBC00053BF40224FF480624FF400711146022CA3
:10BBD0000DD0032C11D02846D9F840309847B8F141
:10BBE000000F14BF00206FF08500BDE8F883338A92
:10BBF0008B4228BF0B463B80EDE7338A934228BF38
:10BC00001346F8E76FF01200EFE72DE9F3411F4606
:10BC10004B0604460D461646D0F808801BD0D8F8CF
:10BC20003C3098472069FFF7EDFE88B19DF8203041
:10BC30002946009332463B462046F9F75BF9054614
:10BC40002046D8F840309847284602B0BDE8F08139
:10BC50004FF0FF35F4E76FF01505F5E770B54B06CB
:10BC600004460D46866812D0F36B98472069FFF7AB
:10BC7000C3FE48B129462046F9F780F9054620461B
:10BC8000336C9847284670BD4FF0FF35F7E76FF0EB
:10BC90001505F7E770B5054686680C46F36B9847BF
:10BCA0002869FFF7AFFEB0B121462846FFF7B0FE86
:10BCB000014698B1037DDB0710D5437E03F00303F3
:10BCC000012B0ED02846F368984704462846336C6B
:10BCD0009847204670BD4FF0FF34F7E76FF012042D
:10BCE000F4E76FF08504F1E7F8B5064687680C467F
:10BCF000FB6B98473069FFF785FEE0B1214630467F
:10BD0000FFF786FE0546C8B1037DDB0716D5437EE7
:10BD100003F00303012B14D001463B6930469847DA
:10BD2000044618B92B7D60F341032B7530463B6CFC
:10BD300098472046F8BD4FF0FF34F7E76FF0120444
:10BD4000F4E76FF08504F1E72DE9F04105468668D8
:10BD50000769F36B0C4698472869FFF753FE98B3C1
:10BD600094F8188028464146FFF752FE014670B30A
:10BD7000037DDA072BD518F07F0F20D197F8B0306C
:10BD8000EBB1637EDB0717D597F8B13033B10822EA
:10BD900007F1A80104F10C00FFF702F8002287F870
:10BDA000B02021462846FFF76AFE04462846336C39
:10BDB00098472046BDE8F0816FF06702F1E7224620
:10BDC000284673689847F0E74FF0FF34EEE76FF0CE
:10BDD0001204EBE770B505460C468668F36B98478E
:10BDE00021462846FFF714FE48B101F095FBB0FA52
:10BDF00080F464092846336C9847204670BD0124BE
:10BE0000F8E770B5054686680C46F36B98472869D5
:10BE1000FFF7F2FD80B121462846FFF7F9FD014604
:10BE200068B104681CB12846B368984704462846A0
:10BE3000336C9847204670BD4FF0FF34F7E76FF042
:10BE40001204F4E708B5036900211B685A8BF9F75F
:10BE5000BFF828B1437E23F0070343F00103437684
:10BE600008BD08B539B90369013A1B685B8B1A44F0
:10BE7000B2FBF3F25A43F9F7ABF828B1437E23F053
:10BE8000070343F00203437608BD08B561B90369AF
:10BE90001B685A8BF9F79CF828B1437E23F00703FF
:10BEA00043F00403437608BD0022F3E770B50D4666
:10BEB00004468668F36B98472846F6F7C3FD20468C
:10BEC000336C9847002070BD70B505468668F36BEB
:10BED00098472869FFF796FD044620B133683BB1C7
:10BEE0002846984704462846336C9847204670BD3C
:10BEF0000124F8E7F8B5044687680669FB6B9847A4
:10BF00002069FFF779FDB8B12069FFF77BFDB0B973
:10BF10002046FB6A9847054648B906F1A003D3E8D6
:10BF2000EF1F41F00201C3E8E21F002AF7D12046CB
:10BF30003B6C98472846F8BD4FF0FF35F7E76FF0A8
:10BF40007705F4E7F8B5044687680669FB6B984700
:10BF50002069FFF757FD90B13B6B20469847054697
:10BF600006F1A003D3E8EF1F21F00201C3E8E21FAE
:10BF7000002AF7D120463B6C98472846F8BD6FF061
:10BF80007705F7E72DE9F041054614460F46D0F84E
:10BF90000880066911B30AB3D8F83C30984728697D
:10BFA000FFF72AFDB8B9C6E926742846D8F8343018
:10BFB0009847044640B9A036D6E8EF3F43F0010366
:10BFC000C6E8E23F002AF7D12846D8F84030984723
:10BFD0002046BDE8F0816FF07704F5E76FF01504B7
:10BFE000F6E7F8B5044687680669FB6B9847206951
:10BFF000FFF708FDB0B92069FFF7FEFCA8B1BB6BE5
:10C0000020469847054606F1A003D3E8EF1F21F02C
:10C010000101C3E8E21F002AF7D120463B6C984794
:10C020002846F8BD6FF00F05F7E76FF07705F4E7E6
:10C030008388C2888168D21A03685B1AD01A704755
:10C0400000230822824204D3D8B27047520092B231
:10C05000F8E701330A2BF9D1FF20704730B502F021
:10C06000030422F003020A4491420AD144B100239E
:10C070000068D90020FA01F1D15401339C42F8D173
:10C0800030BD036804311D0A01F8035C1D0C01F882
:10C09000043C01F8025C1B0E01F8013CE4E730B5FA
:10C0A00043680A7E1B6832F080054FF0200403F5D8
:10C0B000805314D10269D2F8A400EFF3118184F304
:10C0C0001288BFF36F8F9D739A7C22439A7480F815
:10C0D0009C5081F31188BFF36F8F002030BDEFF3C8
:10C0E000118084F31288BFF36F8F02F00F029A73EE
:10C0F00091F91820002AB5BF9A7C9A7D42F010026F
:10C1000042F02002B4BF9A749A7500229A7380F3A9
:10C110001188BFF36F8F0B7D43F002030B75DCE7D3
:10C12000436801F07F011B68002003F580531970FC
:10C13000704743681B6803F580535B7813F0100F5A
:10C140000CBF01200220704701234A0901F01F01A2
:10C150008B40DB4300EB8200D0E8EF2F1A40C0E8B1
:10C16000E12F0029F8D1704703460022D3E8EF0FF2
:10C17000C3E8E12F0029F9D1704770B5044650F8A3
:10C18000080C94F8306045682B6803F5805393F8E9
:10C19000603003F01803A3F11802514251418E425E
:10C1A00008D00022182B84F830100CBF1146012152
:10C1B000FFF759FC0A23EA6A2046BDE87040A2FB5B
:10C1C0000323FCF785BCFEF7A2BC2DE9F047036909
:10C1D0000A7ED3F8A4604368074688461C6802F0CC
:10C1E0007F05EFF31189202383F31288BFF36F8F4C
:10C1F00004F58054DDB9A573E37C06F5C07043F007
:10C200000103E374FFF7B0FF06F5C870FFF7ACFF5A
:10C21000C6F88C5186F89C5041463846FFF747FCDB
:10C2200089F31188BFF36F8F0020BDE8F0874FF0CE
:10C23000010A0AFA05FA1FFA8AFA6FEA0A0391F963
:10C2400018109BB2002902F00F0224DAE18806F5EB
:10C25000BA700B40E380A273A37C294643F0080325
:10C26000A374A37C9A0742BFA37C43F00803A37482
:10C27000A37C03F0FE03A374FFF766FF294606F5CF
:10C28000BC70FFF761FF0023A373E3889BB243EA0E
:10C290000A03E380C0E7218906F5BE700B402381C5
:10C2A000A273A37D294643F01003A375A37DDB078A
:10C2B00042BFA37D43F01003A375A37D03F0FE03EB
:10C2C000A375FFF741FF294606F5C270FFF73CFF53
:10C2D000294606F5C470FFF737FF0023A3732389AF
:10C2E0009BB243EA0A03238196E79A20F5F770BFD1
:10C2F000002208B59A201146F5F77EFFBDE80840F8
:10C300009A20F5F757BF0023F0B51A461C46C90816
:10C310006509283550F8255004F01F06F540ED0753
:10C3200009D4002A08BF23460132914204D11A469B
:10C330000127194416E000220134B4F5906FE7D1CB
:10C340009142F4D94FF6FF7010E05C0900EB8404D1
:10C35000D4F8A05003F01F0607FA06F63543C4F8D8
:10C36000A05001338B42F0D3D00080B2F0BDFFF774
:10C37000CABF2DE9F74F0369426891F81880D3F8D6
:10C38000A440136818F0700F0F46009308F07F095F
:10C390004FFA88FA40F09480488BC0F30A000828CE
:10C3A00038BF0820FFF74CFEFF28054600F08880C4
:10C3B0000821814089B2EFF311832022019382F397
:10C3C0001288BFF36F8FB9F1000F30D14FF6FF76AF
:10C3D000B4F83001B04208D12046FFF7C8FFB042A0
:10C3E00003D0A4F83001A4F85001019B83F3118815
:10C3F000BFF36F8F4FF6FF73984264D0009B08F035
:10C400000F0803F58054C0F3CF0084F80E80B9F113
:10C41000000F2CD184F8625084F86350A4F86400B3
:10C42000A4F866000020A07303B0BDE8F08F4FEAC7
:10C430004906BAF1000F4FF6FF7B26440BDAB6F837
:10C4400030015845D1D12046FFF791FF5845CCD057
:10C45000A6F83001C9E7B6F850015845C5D12046C5
:10C46000FFF785FF584518BFA6F85001BDE7012327
:10C47000BAF1000F03FA09F39BB210DA84F86250A4
:10C48000A4F864007A8BC2F30A022282A27C42F0F2
:10C490004002A274E28892B21343E380C2E784F8B8
:10C4A0006350A4F866007A8BC2F30A02A282A27DCE
:10C4B00042F08002A275228992B213432381B1E730
:10C4C0006FF01500B0E76FF00B00ADE770B5012617
:10C4D000D208CB0802EBD102590900EB8101D1F857
:10C4E000A04003F01F0506FA05F5013324EA050410
:10C4F0009342C1F8A040EFD370BD2DE9F843036922
:10C5000091F81890D3F8A460436819F070071D687B
:10C5100009F07F044FFA89F86DD1488BC0F30A0007
:10C52000082838BF0820FFF78BFDFF2863D00822BA
:10C5300009F00F09824005F5805392B283F80E90FE
:10C540002CBB83F8624083F86340A3F86440A3F8EF
:10C55000664000219973EFF31185202383F312883D
:10C56000BFF36F8F64BB4FF6FF74B6F83011A14272
:10C5700006D03046FFF7AAFFA6F83041A6F8504192
:10C5800085F31188BFF36F8F0020BDE8F883012188
:10C59000A140C943B8F1000F89B208DAD888014038
:10C5A000D98083F86270A3F864701F82D1E718897C
:10C5B0000140198183F86370A3F866709F82C8E711
:10C5C0006400B8F1000F4FF6FF77344409DAB4F88D
:10C5D0003011B942D4D03046FFF778FFA4F830715B
:10C5E000CEE7B4F85011B942CAD03046FFF76EFF1B
:10C5F000A4F85071C4E76FF01500C6E700698430F5
:10C600004FF0FF324FF0FF33FBF73ABF0069843041
:10C61000FBF7A8BF01F001BB01F0FCBA01F07DB946
:10C6200001234A0901F01F018B4000EB8200D0E892
:10C63000EF2F1A43C0E8E12F0029F8D170470123FA
:10C6400001F01F02934030B5DC43490900EB810043
:10C65000D0E8EF2F02EA0401C0E8E51F002DF7D172
:10C6600003EA0200003818BF012030BDF8B5D0F849
:10C67000A450107E8C4600F07F06EFF31187202136
:10C6800081F31288BFF36F8F518B0CF5805400F04B
:10C690000F02A27305F5BC75720905EB8202D2E8A0
:10C6A000AF2F00F01F00024112F0010206D000235C
:10C6B000A37387F31188BFF36F8FF8BD06F5816010
:10C6C0000CEB800C188AC1F30A01814228BF014695
:10C6D00091420CD803F10C00FEF784FBA37C314699
:10C6E00043F001032846A374FFF79AFFDFE7D868F9
:10C6F000805C01328CF80000EAE7F8B50B7E0C464E
:10C7000013F07F0105464ED0426817680269D2F8DF
:10C71000A400EFF31186202282F31288BFF36F8FFB
:10C7200003F00F0207F580539A7394F91820002A3A
:10C730003BDA9A7C02F0CF029A749A7C42F0400273
:10C740009A749A7C42F008029A749A7C920742BFCB
:10C750009A7C42F008029A749A7C02F0FE029A7463
:10C7600000229A7386F31188BFF36F8F237D62F3E3
:10C770004103237594F91830934214DA00F5BC7024
:10C78000FFF7E2FC2046FFF76AF906462046FFF76E
:10C7900048F940B93EB1338A2BB133462246394677
:10C7A0002869FFF763FF0020F8BD9A7D02F09F0221
:10C7B0009A759A7D42F080029A75D1E72DE9F04F83
:10C7C0000446036987B0D3F8A430039343681B6819
:10C7D0000593039B03F188074FF0FF324FF0FF33BF
:10C7E00040F29F11CDE900233846002201F019FAEA
:10C7F0004207064608D504213846FFF70BFF002202
:10C8000004212046FFF72FF933070CD508213846BD
:10C81000FFF700FF01212046F8F72AFB0022032141
:10C820002046FFF720F9F5060CD510213846FFF712
:10C83000F1FE00212046F8F71BFB002202212046D2
:10C84000FFF711F9300600F1B080F10511D54FF472
:10C8500080713846FFF7DEFE039B03F5BE70FFF7DD
:10C8600083FC8046039B03F5C27AB8F1000F40F0C9
:10C870003E81B50740F18B8002213846FFF7CAFEA2
:10C8800080212046FFF7C4F8039B814603F5C07062
:10C89000FFF76AFC00283AD0236900212046D3F82C
:10C8A000A480FFF7B5F8802105462046FFF7B0F8D1
:10C8B000049015B32846FFF7D2F8F0B1437E13F089
:10C8C000010300F060812846FFF7C5F8824628463C
:10C8D000FFF7C5F818B1427ED10740F15581BAF192
:10C8E000000F0AD00022DAF80C1028460A604A60CD
:10C8F0005146AAF81020FFF7B4F8204608F5CC718D
:10C90000FFF7E4F8002D40F03381A8F89651B9F113
:10C91000000F3CD04846FFF7A2F88046B8B3038A20
:10C9200023B9457E15F0080500F06981236980214F
:10C93000D3F8A45063682046D3F80090FFF768F856
:10C94000418BB8F81030C1F30A01994228BF19464B
:10C95000002209F58059914200F2488108F10C004B
:10C96000FEF740FAB8F81020002A40F0468198F807
:10C97000193062F3C3030A2288F819304FF001031B
:10C9800085F89C3099F81230134389F81230F30778
:10C990007FF51FAF38460121FFF73CFE039B204681
:10C9A00003F19401FFF792F813E780213846FFF76F
:10C9B00031FE63681B6804932369D3F8A40000F573
:10C9C000BA70FFF7D1FB8146049B03F58058B9F19B
:10C9D000000F3FF43AAF99FAA9FA0123BAFA8AFA9A
:10C9E000204603FA0AF24AF0800129EA0209FFF719
:10C9F0000FF805460028EAD0FFF731F80028E6D006
:10CA0000028AA2B32A7D12F00202E0D1EFF3118B69
:10CA1000202181F31288BFF36F8F049BB5F81AC0F1
:10CA20000AF5816503EB85050AF00F0388F80E30DF
:10CA3000018ACCF30A0C614528BF6146134699422E
:10CA400010D80C30FEF7CEF998F8123043F00103FD
:10CA500088F81230002388F80E308BF31188BFF36A
:10CA60006F8FB4E7C268D25C01332A70E7E790F8B1
:10CA700019B01BF0080B1DD02A7D12F00202A6D1BE
:10CA8000EFF31181202585F31288BFF36F8F0AF031
:10CA90000F0388F80E3098F8123043F0010388F83D
:10CAA0001230437E62F3C303437688F80E2081F38D
:10CAB0001188D4E72846FEF7CEFF5A4601462046A5
:10CAC000FEF7DDFF2846FEF7CAFF034600283FF4C5
:10CAD0007EAF028A002A3FF47AAF2A7D92073FF5A3
:10CAE00076AF2A4604992069FFF7C0FD6FE798FAF0
:10CAF000A8F50123B5FA85F52046AB40294628EA7A
:10CB00000308FEF785FF834600283FF4AEAEFEF72C
:10CB1000A2FF814600283FF4A8AEDAE8AF3F2B41E0
:10CB2000D8071FD55846FEF79AFFD8B12946504678
:10CB3000FFF785FDB0B1EFF31181202383F3128855
:10CB4000BFF36F8F059B05F00F0503F580539D73B1
:10CB50009A7D02F0FE029A7500229A7381F3118881
:10CB6000BFF36F8F002249462046FEF788FF7CE620
:10CB70002846FEF774FF10B9A8F89601C7E6437E71
:10CB800013F001032ED19A464FF0000B2846C8F847
:10CB90008CB1FEF760FF5A4601462046FEF76FFF54
:10CBA0000498FEF75CFF10B1427E520711D40022B8
:10CBB000A8F89621BAF1000F3FF4A9AEDAF80C10EC
:10CBC00028460A604A605146AAF81020FEF749FF3D
:10CBD0009DE60498FEF73FFF5A4601462046FEF7C1
:10CBE0004EFFE4E70023A8F8963190E6D8F80C3021
:10CBF0009B5C013289F82030ADE60222BEE6484651
:10CC0000FEF729FF2A4601462046FEF738FFBEE61A
:10CC100010B5807A0C46F5F76DFEC3692146BDE874
:10CC20001040586800F036BBF7B50D46807A1746BD
:10CC30001E46F5F75FFE2C68C369033424F0030237
:10CC4000586804212A60CDE90076FBF7FFFA00B9A5
:10CC5000286003B0F0BD0023F4F782BC2DE9F04159
:10CC600045680846D5E900680C46AF68F9F7C4F88E
:10CC7000002878D1A30E092B75D8DFE803F0080F40
:10CC80001A2C054C535F056A0220BDE8F0817369D8
:10CC90009C076CD5306900F001001AE0F36A980730
:10CCA00065D5B36F002B60D13069C00900F0020078
:10CCB000EBE7E4B206F1400353F82430012013F00F
:10CCC000020FE2D033691834A04098430CBF012012
:10CCD00000204000D9E70620E4B2B4FBF0F331694C
:10CCE00003F11805E940C907DAB240D500FB134447
:10CCF000E4B2032C4FEA820294BF06F14C0306F122
:10CD00005003134404F00304E4001A6807340123B9
:10CD1000A340134219E0D8F81C309A0727D5D8F859
:10CD20000C00B8E7E4B204F1080357F82330DB0540
:10CD30001DD578680234E040C043ACE7C4F3052455
:10CD4000203457F8243013F0400F14BF0220012084
:10CD50009BE7C4F30552EB680E3203EB82035A687B
:10CD6000C4F38534D3E703208FE700208DE701204B
:10CD70008BE72DE9F3474FF000090C4601EB012149
:10CD8000456841F03F6141F47C21804617462E689A
:10CD9000D0F810A0CDF80490FFF760FF022803D070
:10CDA000C7F8009000201CE006F1400353F824303F
:10CDB000C3F30223012B17D0022B2CD0BBB9AA68D6
:10CDC000631C04F1210152F8211003EB43035A00C4
:10CDD000404601AB02F0FE0201F00F01F9F7CEF878
:10CDE00028B102B0BDE8F087DAF80030019306F10F
:10CDF000480353F82430443613F03F031EBF019A12
:10CE0000B2FBF3F2019256F82420019BC2F309020F
:10CE100053433B60C6E7404601A9F9F755F9DFE700
:10CE2000F0B406240A4691FBF4F104FB1124436894
:10CE3000664206F003061F6804F0030358BF7342FE
:10CE4000032C4FF00104D4BF4C3750378E003E44C2
:10CE5000DB003768073304FA03F305693B433360AB
:10CE60002B8F063294401C43EB6A2C87CB40DA07A9
:10CE700006D42B6BCB40DB0702D5F0BCF9F76CBCBA
:10CE80000020F0BC704710B54468C1F30520A168CC
:10CE90009B0101EB8001D1F8800003F0400302F018
:10CEA0000F0220F04F0013430343C1F8803010BD40
:10CEB00010B543680120C1F38534DB68C1F3055127
:10CEC00089000B44012ADA6B00FA04F00CBF02431C
:10CED0008243DA6310BD436800205B681B6A0B6005
:10CEE000704743685B68186942400A4042401A61D3
:10CEF00000207047436800205B6899617047436871
:10CF000000205B6859617047436800205B68D96105
:10CF1000704730B50369D86800B30024884219D13E
:10CF200008688CB91C69D860A14200D11861002042
:10CF300008602AB1DA680A601A69D96002B9196111
:10CF400000200FE02846E9E720601869814208BF09
:10CF50001C61ECE705680446002DF3D1002AE9D1F5
:10CF60006FF0150030BD002070474368187AF7F75E
:10CF700087BE70B50B46C968054611B15E680C687E
:10CF800001B970BD8A682A4002D030464B68984784
:10CF90001CB1236821461C46F2E72346FAE710B588
:10CFA00043685C68631893F8400000F0FE0083F863
:10CFB000400012F4403010D193F8402002F0FB0200
:10CFC00083F8402093F8402002F0FD0283F84020CF
:10CFD00001238B406360002010BD12F0020F49D185
:10CFE000B0F5403F10D193F8400040F0020083F8C4
:10CFF000400001238B405103A36001D56361EAE740
:10D00000120348BFA361E6E7D00318D593F84000A8
:10D0100012F0300F40F0020083F840004FF00100A2
:10D0200000FA01F16160D6D093F8400040F00400AE
:10D0300083F84000D3064CBFA1616161CBE7900348
:10D0400018D5012012F0300F00FA01F10FD1500372
:10D0500009D56161002093F8402002F0FD0283F8B9
:10D060004020A160B8E71203F4D5A161F2E76FF0A8
:10D070008500F0E76FF08500AEE76FF0570070476E
:10D0800037B50C460569836801A95B68984748B9BC
:10D090002B6801985840012303FA04F10840003836
:10D0A00018BF012003B030BD0A2251F8043C01F141
:10D0B00014005B681B68A3FB0223FBF709BD30B5B6
:10D0C000036813600579046804EBC504A34202D326
:10D0D0006FF0010030BD5C7908338C42F1D1002043
:10D0E000F8E743689B681A7E520743BF9B6A00209B
:10D0F0000B706FF00F00704743689B681A7ED20771
:10D10000FCD5996270470269002013680B60536870
:10D110004B60704743689B68588B5A8BC0F3800004
:10D1200092075A8B48BF40F0040002F0010240EA27
:10D1300042005A8BD1065A8B48BF40F00800920635
:10D140005A8B48BF40F0100092B242F037025A8327
:10D1500070470268012922F070620346026004D021
:10D1600002290CD0026802607047026842F08072A7
:10D170000260426842F400525A60FAF729BC026821
:10D1800042F080720260426822F40052F4E738B53F
:10D19000044648B1FAF794FE782305465C43FAF753
:10D1A0008FFE431BA342FAD338BD10B54369044632
:10D1B0003BB90020E2684042537843F001035370CA
:10D1C00010BD98470028F4D00028B8BF4042FF287F
:10D1D000A8BFFF20E3681870ECE740B1C368587837
:10D1E00010F001001EBF1878B0FA80F040097047B7
:10D1F000EFF31183202383F31288BFF36F8FFEE7D1
:10D200002DE9F04F89B0DDE91268059243460546E5
:10D21000324606A80F4600F043FCDDE90634CDE9AE
:10D220000234EFF311844FF0200989F31288BFF321
:10D230006F8F05F10C0A05F1140B39462846059A43
:10D24000149B984730B184F31188BFF36F8F09B0F6
:10D25000BDE8F08F56EA0806F5D0DDE9022306A8FE
:10D2600000F043FCDDE90668524621465846CDE908
:10D270000068FBF795FEEFF3118489F31288BFF382
:10D280006F8FDAE710B400F10C04C0E9034410BC5E
:10D29000FCF745BF38B50446EFF31185202383F32F
:10D2A0001288BFF36F8FF3F7BFF904F10C0000F0A1
:10D2B0000CFB30B1294604F11400BDE8384000F001
:10D2C000EABA85F31188BFF36F8F38BD10B5426994
:10D2D0006AB1836842EA0301890708D10169A2FBA8
:10D2E000011424B95B182CBF0121002102D36FF077
:10D2F000150005E0C1609B1A02698A4201D800202E
:10D3000010BDC26801311A604269C3609B1AF3E71D
:10D310002DE9F04105460F46EFF31188202383F3F2
:10D320001288BFF36F8FC668FEB90468A0421CD094
:10D33000DCB1D4E9003213605A60237CC4E9006692
:10D3400023F002032374A66004F1180000F06DFBC3
:10D350002046C4F88060676100F03FFA414605F15D
:10D360000800BDE8F04100F096BA3E60AB69EF609E
:10D37000013BAB6188F31188BFF36F8FBDE8F0818B
:10D38000202408B5EFF3118384F31288BFF36F8F65
:10D39000FDF7ACFCF6E7D0E9003213605A600023D9
:10D3A000027CC0E9003322F00202027483607047FD
:10D3B00013B501240094FAF799FF02B010BD90F95B
:10D3C0000E308B4201D0FBF717BE0020704703469A
:10D3D0000020C3E90033C3E902007047D0E90032FE
:10D3E00013605A600023027CC0E9003322F002027D
:10D3F0000274836070472DE9F843904604460D4659
:10D400009DF82020EFF31187202181F31288BFF3CC
:10D410006F8F02B14568A66804F10809B14516D0BE
:10D42000AEB100243046FFF7D9FF06F1180000F036
:10D43000FCFA3046C6F88040C6F8148000F0CDF9FA
:10D440004846394600F027FA2046BDE8F883A3B1E4
:10D450000820FCF7CBF9002832D00122C0F8048064
:10D460000260016801F003015DB922680A430260AD
:10D47000626820606AB960600BE04046C8F800301E
:10D48000EFE72A68032A10D80160616839B9C4E956
:10D490000000002087F31188BFF36F8FD5E70A687B
:10D4A00002F0030202430A60E5E722F003020A43A6
:10D4B00002602A6802F0030240EA02032B60E8E7F8
:10D4C0006FF00B00E6E710B5044630B10268930731
:10D4D00003D0446809B100F0A7FB204610BD00232B
:10D4E000C0E9003300F10803C0E9023370470123AB
:10D4F00007B5009300230A461946FFF77CFF03B0E7
:10D500005DF804FB002307B50A4600931946FFF7B0
:10D5100072FF03B05DF804FB00210068FFF7D3BF82
:10D520003AB18A4205D3C0E90212C0E900000020E6
:10D5300070476FF015007047012302688B4022EAA4
:10D540000303036022FA01F000F00100704710B5F8
:10D55000032104460C30FFF7EFFF30B104F1100057
:10D5600000F063FAB0FA80F0400910BD20B100224B
:10D570009430114600F016BA704770B5C36804467F
:10D58000C3F340069B0716D4856802210C30FFF7D1
:10D59000D3FF80B1D5F88C206AB194421DD12268A6
:10D5A0009EB9D5F89030C5F88C209C4201D1C5F8C1
:10D5B000902000232360E36813F01F001EBF43F098
:10D5C0000203E36040F0020070BD3260D5F89020A5
:10D5D000944208BFC5F89060EBE716461268DBE797
:10D5E00073B50446EFF31185202383F31288BFF34C
:10D5F0006F8F00230193D0E90423B3F1004F08BFDC
:10D60000012A05D085F31188BFF36F8F02B070BD7A
:10D61000A0F1100603210438FFF78EFF0028F1D097
:10D62000A369304601A90193FBF75CF9EAE738B535
:10D6300004460D461022002100F00AFB656038BD4B
:10D6400013B501900846EFF31184202383F3128869
:10D65000BFF36F8F01A9FBF745F984F31188BFF37E
:10D660006F8F02B010BD10B5FFF7EAFF041E08DD92
:10D67000EFF31180202383F31288BFF36F8FFBF742
:10D6800027FD204610BD10B5EFF31184202383F34E
:10D690001288BFF36F8FFFF770FF84F31188BFF319
:10D6A0006F8F10BD38B530220D460021044600F0C2
:10D6B000CFFA4FF480736560E36038BDF8B5044677
:10D6C0000D46EFF31187202383F31288BFF36F8F8A
:10D6D000C36803F01F03002B14BF0126002609D0E6
:10D6E000FFF735FF2046FFF748FF29462046FBF7A6
:10D6F000DBF8034687F31188BFF36F8F3BB14FF020
:10D70000FF324FF0FF3305F10800FAF7E1FF304632
:10D71000F8BDEFF30580003818BF012070476FF0A7
:10D72000570070470020704738B58589EFF31181A5
:10D73000202282F31288BFF36F8F037C13F008045A
:10D7400004D081F31188BFF36F8F38BD0122FBF73E
:10D750002DFBEB07F9D584F31188BFF36F8F0423FA
:10D76000184602DFF1E7FBF7D9BBD0E900321360BE
:10D770005A600023C0E90033704708B5FFF7F5FF92
:10D78000037C23F0020303740023836008BD38B5D3
:10D7900004460D46FBF756FA237C43F0020323743C
:10D7A000D5B1A5602B689D4209D16B68C4E90053CF
:10D7B0001C606C6010E06A689A42F6D01B68002B0F
:10D7C000F3D093F90E1094F90E209142F3DD5A68CC
:10D7D000C4E9003214605C6038BD10B5EFF3118409
:10D7E000202383F31288BFF36F8FFBF755FA84F37E
:10D7F0001188BFF36F8F10BDFBF74EBAFBF722BA4B
:10D8000008B5EFF31181202282F31288BFF36F8FE6
:10D8100083680BB1FFF7B1FF81F31188BFF36F8FFE
:10D8200008BD08B5037C014613F0280F0CD18368AE
:10D830000BB1FFF7A2FF0B7C084623F004030B7427
:10D84000BDE80840FBF728BA08BD10B5EFF3118416
:10D85000202383F31288BFF36F8F1838FFF7E1FF9F
:10D8600084F31188BFF36F8F10BD08B50346EFF343
:10D870001181202282F31288BFF36F8F00688342E8
:10D8800007D008B1FFF779FF81F31188BFF36F8FDD
:10D8900008BD0020F8E70846FBF73EBA38B5054654
:10D8A00004680020AC4200D138BD002CFCD02046DA
:10D8B000FFF763FF04F1180000F0B7F82046FBF70C
:10D8C000EBF92C680120A542EDE710B5EFF31184C8
:10D8D000202383F31288BFF36F8FFFF7DFFF84F3FA
:10D8E0001188BFF36F8F10BD38B505460C46FBF7A6
:10D8F00003FCB4F1FF3F08BFB5F1FF3F0AD0C117E9
:10D9000009304FF00A024FF0000341F10001F2F735
:10D9100077FB38BD4FF0FF30FBE7C117633008B528
:10D920004FF064024FF0000341F10001F2F768FB91
:10D93000C117FBF7E1FB6423584308BD2DE9F0470D
:10D9400006460F4691469A46EFF31188202383F34B
:10D950001288BFF36F8F0068864206D028B17368C3
:10D9600098420CBF0025056868B90024B9F1000F82
:10D9700002D051462046C84788F31188BFF36F8F05
:10D980002046BDE8F0875146B84704460028EDD14F
:10D9900035B17368AB4200D02C6828462546E3E7D2
:10D9A0002C46FAE738B5EFF31185202383F312886C
:10D9B000BFF36F8F0468A0421CD0ECB1C4F8801094
:10D9C0006261D4E9003213605A600023227CC4E90A
:10D9D000003322F002022274A36004F1180000F068
:10D9E00024F82046FFF708FF012085F31188BFF3D4
:10D9F0006F8F38BD0020F8E72046F6E708B50246ED
:10DA0000FBF788FC70B1D0E904319B1A61EBE2723C
:10DA1000B3F1004F72F1000104DA002AACBF1846DE
:10DA2000002008BD6FF00040FBE7024638B5EFF379
:10DA30001185202383F31288BFF36F8F0368D3B15E
:10DA4000FBF768FC04461046FBF776FC00224FF01B
:10DA500000438442C0E9042305D0002085F31188E7
:10DA6000BFF36F8F38BDFBF75DFCFFF7C7FF0021E9
:10DA7000FAF78CF9F1E7D0E90413B3F1004F08BFCE
:10DA8000012904D100204FF00041C2E904016FF0E8
:10DA90001500E3E708B5FBF757FD08BDFBF754BDDC
:10DAA000B3F1FF3F08BFB2F1FF3F70B506461D4618
:10DAB000144614D01A4316D0002B08DBFBF744FDA4
:10DAC000041941EB0501C6E90041304670BD6FF015
:10DAD00001031C1B4FF0FF3363EB0501F3E74FF02D
:10DAE000FF342146EFE70024FBE7B3F1FF3F08BF17
:10DAF000B2F1FF3FF8B5074616461C4610D054EA6F
:10DB0000020311D0FBF720FDB0420A46A1410346B3
:10DB10000AD2F31A64EB0204C7E900343846F8BDB0
:10DB20004FF0FF331C46F7E70023FBE70023C0E973
:10DB3000081200F11802C0E90622C0E900330363AD
:10DB4000436370472DE9F3470446DDE90A9815461B
:10DB50000E4659B302F0010AFBF744FB0746EFF308
:10DB60001181202383F31288BFF36F8FA80744BF6E
:10DB70000023A360A36803EA0600BAF1000F0CD0EB
:10DB800086420CD16A0744BF8343A36081F31188A6
:10DB9000BFF36F8F02B0BDE8F0870028F2D159EAD9
:10DBA000080305D181F31188BFF36F8F0020F1E7DF
:10DBB000C7E918652246CDE9009804F10C00FBF78F
:10DBC000EFF90028F2D1386EE4E710B50B6804468F
:10DBD000D0E9180212F0010F03EA000301D09842C5
:10DBE00011D183B12366520748BF4A6804F1180077
:10DBF00044BF1A434A60FFF718FF00232046C4F8C9
:10DC00008030FFF70EFE002010BD0023C0E90000A9
:10DC1000836070470A46FBF79DBD0A460021FBF76B
:10DC200099BD5200FFF78EBF20B1011F50F8040CC0
:10DC3000FFF730BB70470A44431E914200D1704742
:10DC400010B511F8014B914203F8014FF9D110BD05
:10DC500002440346934200D1704703F8011BF9E7E1
:10DC60000246014410B58A42134603D01C780132A3
:10DC7000002CF8D1181A10BDF0B5C3F137070446CF
:10DC800003F01F031046FFB2082BE6B232D0102B70
:10DC90003DD06508A40845EAC17544EA81748A0844
:10DCA0002D1942EB5102290941EA02716D1842EB2C
:10DCB0001212290A41EA02616D1842EB1222290C64
:10DCC00041EA02416D1842EB1242AD1842F10002E6
:10DCD000EC0844EA4274D10804EB8402A6EB420546
:10DCE000EDB2092D0CD90134A5F10A0541F100016D
:10DCF000EDB212E0E40806F0070544EA4174C908F1
:10DD0000303554EA010200F8015BBDD1F0BD2409B1
:10DD100006F00F0544EA01740909092D84BFED19C5
:10DD2000EDB2EDE7D1E9043293421EBF5A1C0A61FD
:04DD300018707047B0
:08DD34002423FF7F0100000021
:10DD3C0000000000BCDD000C2982000C000000007B
:10DD4C006982000C000000000000000010DE000CD6
:10DD5C0000000000F4DD000C00000000D8DD000C19
:10DD6C00000000002CDE000C6D75000C00000000A3
:10DD7C00ED7C000C00000000A910000C000000005D
:10DD8C009928000C000000001D87000C000000000A
:10DD9C000000000064DE000C0000000048DE000CF7
:10DDAC000000000080DE000CFD37000C00000000BD
:10DDBC006904010CE8E6000CE4E3000CF20400201A
:10DDCC001C180020A972000C00000000C2FB000C03
:10DDDC0040E6000C00000000EE040020E8150020D6
:10DDEC001D4B000C00000000B404010C00E7000CFB
:10DDFC00C0E3000CF40400205818002067CF000C7E
:10DE0C0000000000C204010C0CE7000CC0E3000C85
:10DE1C00F60400206C18002067CF000C00000000F6
:10DE2C00BD05010C58E7000C00E4000CFA040020BE
:10DE3C0080180020057B000C000000003AEA000C62
:10DE4C0020E6000C00000000EC0400201001002073
:10DE5C008145000C0000000028FE000C68E6000C58
:10DE6C0098E6000CF00400205C0200200554000C25
:10DE7C00000000008305010C18E7000C00000000F6
:10DE8C00F8040020F31800203177000C000000008B
:10DE9C0000000000D1AC000C00000000D1AC000C64
:10DEAC0000000000D1AC000C00000000D1AC000C54
:10DEBC0000000000D1AC000C00000000D1AC000C44
:10DECC0000000000D1AC000C00000000D1AC000C34
:10DEDC0000000000D1AC000C00000000D1AC000C24
:10DEEC0000000000D1AC000C00000000D1AC000C14
:10DEFC0000000000D1AC000CD8DD000C2DB5000CDE
:10DF0C00D8DD000C5BB5000CD8DD000C8BB5000C1B
:10DF1C00D8DD000CBBB5000CD8DD000CEBB5000C4B
:10DF2C00D8DD000C1BB6000CD8DD000C4BB6000C79
:10DF3C00D8DD000C7BB6000CD8DD000CABB6000CA9
:10DF4C00D8DD000CE1B6000CD8DD000C17B7000CC6
:10DF5C00D8DD000C4DB7000CD8DD000C83B7000CDD
:10DF6C00D8DD000CB9B7000CD8DD000CEFB7000CF5
:10DF7C00D8DD000C25B8000C00000000D1AC000C62
:10DF8C0000000000D1AC000C00000000D1AC000C73
:10DF9C0000000000D1AC000C00000000D1AC000C63
:10DFAC0000000000D1AC000C00000000D1AC000C53
:10DFBC0000000000D1AC000C00000000D1AC000C43
:10DFCC0000000000D1AC000C00000000D1AC000C33
:10DFDC0000000000D1AC000C00000000D1AC000C23
:10DFEC0000000000D1AC000C00000000D1AC000C13
:10DFFC0000000000D1AC000C00000000D1AC000C03
:10E00C0000000000D1AC000C00000000D1AC000CF2
:10E01C0000000000D1AC000C00000000D1AC000CE2
:10E02C0000000000D1AC000C00000000D1AC000CD2
:10E03C0000000000D1AC000C00000000D1AC000CC2
:10E04C0000000000D1AC000C00000000D1AC000CB2
:10E05C0000000000D1AC000C00000000D1AC000CA2
:10E06C0000000000D1AC000C00000000D1AC000C92
:10E07C0000000000D1AC000C00000000D1AC000C82
:10E08C0000000000D1AC000C00000000D1AC000C72
:10E09C0000000000D1AC000C00000000D1AC000C62
:10E0AC0000000000D1AC000C00000000D1AC000C52
:10E0BC0000000000D1AC000C00000000D1AC000C42
:10E0CC0000000000D1AC000C00000000D1AC000C32
:10E0DC0000000000D1AC000C00000000D1AC000C22
:10E0EC0000000000D1AC000C00000000D1AC000C12
:10E0FC0000000000D1AC000C00000000D1AC000C02
:10E10C0000000000D1AC000C00000000D1AC000CF1
:10E11C0000000000D1AC000C00000000D1AC000CE1
:10E12C0000000000D1AC000C00000000D1AC000CD1
:10E13C0000000000D1AC000C00000000D1AC000CC1
:10E14C0000000000D1AC000C00000000D1AC000CB1
:10E15C0000000000D1AC000C00000000D1AC000CA1
:10E16C0000000000D1AC000C00000000D1AC000C91
:10E17C0000000000D1AC000C00000000D1AC000C81
:10E18C0000000000D1AC000C00000000D1AC000C71
:10E19C0000000000D1AC000C00000000D1AC000C61
:10E1AC0000000000D1AC000C00000000D1AC000C51
:10E1BC0000000000D1AC000C00000000D1AC000C41
:10E1CC0000000000D1AC000C00000000D1AC000C31
:10E1DC0000000000D1AC000C00000000D1AC000C21
:10E1EC0000000000D1AC000C00000000D1AC000C11
:10E1FC0000000000D1AC000C00000000D1AC000C01
:10E20C0000000000D1AC000C00000000D1AC000CF0
:10E21C0000000000D1AC000C00000000D1AC000CE0
:10E22C0000000000D1AC000C00000000D1AC000CD0
:10E23C0000000000D1AC000C00000000D1AC000CC0
:10E24C0000000000D1AC000C00000000D1AC000CB0
:10E25C0000000000D1AC000C00000000D1AC000CA0
:10E26C0000000000D1AC000C00000000D1AC000C90
:10E27C0000000000D1AC000C00000000D1AC000C80
:10E28C0000000000D1AC000C00000000D1AC000C70
:10E29C0000000000D1AC000C00000000D1AC000C60
:10E2AC0000000000D1AC000C00000000D1AC000C50
:10E2BC0000000000D1AC000C00000000D1AC000C40
:10E2CC0000000000D1AC000C00000000D1AC000C30
:10E2DC0000000000D1AC000C00000000D1AC000C20
:10E2EC0000000000D1AC000C00000000D1AC000C10
:10E2FC0000000000D1AC000C00000000D1AC000C00
:10E30C0000000000D1AC000C00000000D1AC000CEF
:10E31C0000000000D1AC000C00000000D1AC000CDF
:10E32C0000000000D1AC000C00000000D1AC000CCF
:10E33C0000000000D1AC000C00000000D1AC000CBF
:10E34C0000000000D1AC000C00000000D1AC000CAF
:10E35C0000000000D1AC000C00000000D1AC000C9F
:10E36C0064DE000C2156000C00000000D1AC000C47
:10E37C0000000000D1AC000C00000000D1AC000C7F
:10E39000100C0020F81F0020000400008949000C28
:10E3A0000000000000000000000000000E0000005F
:10E3B0000000000082FA000C0000000000000000D5
:10E3C0009FCF000CD7CE000CE3CE000CF5CE000C96
:10E3D000FFCE000C09CF000CBD75000C13CF000C54
:04E3E0006BCF000CF3
:10E3E400F967000CF165000C00000000AD64000C3E
:0CE3F4005DCC000C000000001161000C6A
:10E40000E3D0000CF9D0000C15D1000C057A000CFB
:04E4100007D1000C24
:10E414008AEB000C030000007804010C03000000E8
:10E424008B05010C03000000D004010C0300000064
:10E43400E204010C0100000082FA000C0300000059
:10E44400E0FB000C03000000AEEB000C0300000036
:10E45400B2EB000C03000000B5EC000C030000005C
:10E464009FF1000C03000000CAF9000C0300000037
:10E4740021F2000C03000000B606010C03000000AA
:10E48400DFEA000C030000005DEA000C030000005A
:10E494009BEB000C03000000CD05010C0300000001
:10E4A40093FC000C0200000035FE000C020000008A
:10E4B4004EF7000C020000007FF4000C0200000084
:10E4C4004BF8000C0200000068F5000C020000008C
:10E4D4000AF3000C0200000001F3000C020000002B
:10E4E400D6F8000C0200000087F8000C02000000BF
:10E4F4001DF6000C0200000030FA000C03000000BE
:10E50400DEF8000C0200000050E9000C03000000DB
:10E51400C4E5000CF8000020A4EC000C010000008D
:0CE52400000000006D04000C000000006E
:10E5300048E9000C00000000B104000C4D05000C7F
:10E5400048DE000CE548000C4CE5000C3AEA000CF3
:10E550000100000051EA000C00010101010000006F
:10E56000480700200001000025AA000CC3A9000CE8
:10E5700002000000CDAB000C000000000000000015
:10E58000000000000000000084EC000C8CEC000C8B
:10E5900000000000000000000000000094EC000CEF
:10E5A00098EC000C9CEC000CA0EC000CB4E5000C0A
:10E5B000941100204D1A000CAC110020F11800201D
:10E5C000010000008DAC000C83AC000C51AC000CC1
:10E5D00045AC000C0000000039AC000C000000004D
:10E5E0000000002000000000060001000200000002
:10E5F000F4E5000C0000000812F2000C0600000018
:10E60000E0FF1F0C000000201AF2000C21000000A7
:10E61000E0FF07202529000C0000000061AD000C80
:10E6200052030020E8010020A801002014E6000C9D
:10E630003CE6000C0002000000000000E811002091
:10E6400000A00144BCDD000C1A7F132403C5FF1F8A
:10E650005BB8000C01000000DCE6000C5405002053
:10E66000000000000000000000000046080000005C
:10E670001C1600201C170020F823002000040000B6
:10E68000020000000000000000000000F1C2000CC9
:10E69000EBC2000C6400000033C1000C255B000CD1
:10E6A000CBC1000C9FC0000CFBC6000C000000009A
:10E6B00073C3000CFBC4000CBD55000C21C1000C41
:10E6C0002550000C5953000C8950000CE150000CEF
:10E6D0009152000CFDC5000C0DC6000C29CC000C9D
:10E6E0000000000011CC000C00C0004400E0004419
:10E6F00000000144002001440080004405000000A7
:10E70000FFFFFFFF8011804423000000FFFFFFFF99
:10E7100080108044210000001E0000000200000064
:10E7200030E7000C780E0020B976000C00000000E5
:10E7300010DE000C1A0011000B000000F4DD000CCC
:10E74000020011000200000000108044801080448C
:10E75000001180448011804400C2010003000100C8
:10E760000020004500010000010000000000000042
:10E77000BCDD000C2E7F302423DAFF1F80E7000C65
:10E7800088E7000C01000000CAE7000C020000004E
:10E790006706010C7506010C8906010C9806010C30
:10E7A000A406010C3CDD000C3CDD000C7CDD000C03
:10E7B00084DD000CBCDD000CBCDD000CB906010CD6
:10E7C00000010000000000000904902300008023E5
:10E7D00000004661696C656420746F20696E69741D
:10E7E00069616C697A65206C616E67756167652027
:10E7F00064657363726970746F72202825642900E0
:10E800004661696C656420746F20696E6974696122
:10E810006C697A65206D616E756661637475726589
:10E82000722064657363726970746F722028256446
:10E8300029004661696C656420746F20696E697493
:10E8400069616C697A652070726F647563742064A5
:10E85000657363726970746F72202825642900469D
:10E8600061696C656420746F20696E697469616C9C
:10E87000697A6520534E2064657363726970746FA2
:10E88000722028256429004661696C656420746FD4
:10E890002061646420486967682D53706565642051
:10E8A000636F6E66696775726174696F6E00466149
:10E8B000696C656420746F206164642072656769A7
:10E8C0007374657220636C6173736573004661696C
:10E8D0006C656420746F206164642046756C6C2DD7
:10E8E000537065656420636F6E66696775726174E5
:10E8F000696F6E004661696C656420746F20726593
:10E90000676973746572206D6573736167652063F1
:10E91000616C6C6261636B004661696C6564207454
:10E920006F20696E697469616C697A6520646576C7
:10E9300069636520737570706F72740073616D70B8
:10E940006C655F75736264006466755F646675000C
:10E95000757362645F73616D706C655F636F6E6623
:10E960006967005265636569766564204D4944496D
:10E97000207061636B657420284D543D2558290033
:10E9800053656E64206261636B204D4944493120B8
:10E990006D657373616765202530325820253032EC
:10E9A000582025303258004D494449206465766925
:10E9B0006365206E6F7420726561647900556E61C5
:10E9C000626C6520746F207365747570204C4544CB
:10E9D0002C206E6F74207573696E67206974004611
:10E9E00061696C656420746F20696E697469616C1B
:10E9F000697A6520555342206465766963650046EF
:10EA000061696C656420746F20656E61626C65205D
:10EA100064657669636520737570706F72740055F4
:10EA200053422064657669636520737570706F72F8
:10EA30007420656E61626C6564005A6570687972F5
:10EA4000205553422D4D4944492053616D706C65EA
:10EA5000004D4944492D494E2D4F55540073616D69
:10EA6000706C655F7573625F6D696469006865618C
:10EA70007020636F7272757074696F6E20286E6F8C
:10EA80007420696E207573653F292061742025709C
:10EA9000006865617020636F7272757074696F6E63
:10EAA0002028627566666572206F766572666C6F87
:10EAB000773F2920617420257000686561702063AC
:10EAC0006F7272757074696F6E2028646F75626CF6
:10EAD0006520667265653F29206174202570006F8E
:10EAE000735F686561700028756E7369676E656431
:10EAF000292063686172202A207573656420666F1F
:10EB0000722025257020617267756D656E742E20E8
:10EB100049742773207265636F6D6D656E646564FB
:10EB200020746F206361737420697420746F207681
:10EB30006F6964202A20626563617573652069745A
:10EB4000206D6179206361757365206D69736265FD
:10EB5000686176696F7220696E206365727461699D
:10EB60006E20636F6E66696775726174696F6E732C
:10EB70002E20537472696E673A22257322206172C7
:10EB800067756D656E743A25640063627072696EB4
:10EB900074665F7061636B616765007379735F674B
:10EBA00065746F7074006C6F6767696E67006C6F77
:10EBB00067006C6F675F6D676D74004D657373619F
:10EBC0006765202822257322292064726F70706582
:10EBD000642062656361757365206974206578637C
:10EBE000656564732073697A65206C696D69746109
:10EBF00074696F6E2028257529004D6573736167F0
:10EC0000652064726F7070656420626563617573FE
:10EC10006520697420657863656564732073697A1B
:10EC200065206C696D69746174696F6E2028257543
:10EC300029000D0A001B5B306D00257320005B2549
:10EC400030386C755D20005B253032753A253032E6
:10EC5000753A253032752E253033752C25303375B5
:10EC60005D20002573003C25733E200025732F0096
:10EC700025733A2000253032782000202020007CA7
:10EC8000002563001B5B313B33316D001B5B313B67
:10EC900033336D006572720077726E00696E6600C4
:10ECA000646267006C6F675F6261636B656E645F6F
:10ECB00075617274006C6F675F7561727400723099
:10ECC0002F61313A20203078253038782020723179
:10ECD0002F61323A20203078253038782020723267
:10ECE0002F61333A20203078253038780072332F66
:10ECF00061343A2020307825303878207231322F34
:10ED000069703A2020307825303878207231342FDD
:10ED10006C723A2020307825303878002078707373
:10ED2000723A2020307825303878004661756C744E
:10ED3000696E6720696E737472756374696F6E2093
:10ED40006164647265737320287231352F70632992
:10ED50003A2030782530387800556E68616E646CE2
:10ED60006564204952516E3A202564002A2A2A2AD5
:10ED70002A205553414745204641554C54202A2AC4
:10ED80002A2A2A0020204469766973696F6E2062FE
:10ED900079207A65726F002020556E616C69676E0C
:10EDA0006564206D656D6F7279206163636573734F
:10EDB000002020537461636B206F766572666C6F00
:10EDC000772028636F6E74657874206172656120A6
:10EDD0006E6F742076616C6964290020204E6F206C
:10EDE000636F70726F636573736F7220696E737493
:10EDF00072756374696F6E73002020496C6C65676F
:10EE0000616C206C6F6164206F66204558435F52CF
:10EE1000455455524E20696E746F20504300202097
:10EE2000496C6C6567616C20757365206F66207432
:10EE300068652045505352002020417474656D7000
:10EE40007420746F206578656375746520756E64D1
:10EE50006566696E656420696E7374727563746942
:10EE60006F6E002A2A2A2A2A204D505520464155E5
:10EE70004C54202A2A2A2A2A002020537461636BCA
:10EE8000696E67206572726F722028636F6E746599
:10EE900078742061726561206D69676874206265AD
:10EEA000206E6F742076616C696429002020556E95
:10EEB000737461636B696E67206572726F72002094
:10EEC0002044617461204163636573732056696FE8
:10EED0006C6174696F6E0020204D4D464152204197
:10EEE0006464726573733A20307825780020204975
:10EEF0006E737472756374696F6E204163636573BA
:10EF0000732056696F6C6174696F6E002020466CC7
:10EF10006F6174696E672D706F696E74206C617AB1
:10EF2000792073746174652070726573657276619F
:10EF300074696F6E206572726F72002A2A2A2A2AFB
:10EF400020425553204641554C54202A2A2A2A2A29
:10EF5000002020537461636B696E67206572726F65
:10EF6000720020205072656369736520646174616A
:10EF700020627573206572726F72002020424641D4
:10EF80005220416464726573733A203078257800AA
:10EF90002020496D707265636973652064617461D6
:10EFA00020627573206572726F72002020496E7343
:10EFB0007472756374696F6E206275732065727206
:10EFC0006F72002A2A2A2A2A205345435552452087
:10EFD0004641554C54202A2A2A2A2A0020204164DE
:10EFE00064726573733A2030782578002020496E6A
:10EFF00076616C696420656E74727920706F696ED9
:10F0000074002020496E76616C696420696E7465B5
:10F010006772697479207369676E617475726500CF
:10F020002020496E76616C69642065786365707430
:10F03000696F6E2072657475726E00202041747461
:10F040007269627574696F6E20756E697420766975
:10F050006F6C6174696F6E002020496E76616C6917
:10F0600064207472616E736974696F6E0020204C45
:10F07000617A79207374617465207072657365724A
:10F08000766174696F6E0020204C617A7920737408
:10F09000617465206572726F720052657365727675
:10F0A000656420457863657074696F6E202800532D
:10F0B000707572696F757320696E746572727570A0
:10F0C000742028495251200020205320696E737407
:10F0D00072756374696F6E20616464726573733AEC
:10F0E000202030782578002A2A2A2A2A20484152CE
:10F0F00044204641554C54202A2A2A2A2A002020FE
:10F10000427573206661756C74206F6E207665633E
:10F11000746F72207461626C652072656164002096
:10F12000204465627567206576656E740020204610
:10F1300061756C7420657363616C6174696F6E20B6
:10F14000287365652062656C6F77290041524348DA
:10F150005F45584345505420776974682072656153
:10F16000736F6E2025780A002A2A2A2A2A204465ED
:10F17000627567206D6F6E69746F72206578636564
:10F180007074696F6E202A2A2A2A2A002A2A2A2ABB
:10F190002A20257320256429202A2A2A2A2A006D5C
:10F1A0007075004661696C656420746F20616C6CD9
:10F1B0006F63617465206E6577204D5055207265D0
:10F1C00067696F6E2025750A0050617274697469F1
:10F1D0006F6E2025753A20636F686572656E636592
:10F1E00020636865636B206661696C65642E004905
:10F1F0006E76616C696420756E6465726C79696E97
:10F200006720726567696F6E20696E646578202576
:10F210007500464C4153485F30005352414D5F30BA
:10F22000006E65745F6275665F73696D706C650012
:10F230005553422064657669636520737570706FFD
:10F24000727420697320616C726561647920696EE3
:10F25000697469616C697A6564005553422064651C
:10F260007669636520636F6E74726F6C6C65722073
:10F270006973206E6F742072656164790055534222
:10F280002064657669636520737570706F72742091
:10F290006973206E6F7420696E697469616C697A34
:10F2A0006564005553422064657669636520737513
:10F2B00070706F727420697320616C72656164791B
:10F2C00020656E61626C6564004661696C656420EE
:10F2D000746F20656E61626C6520636F6E74726F0F
:10F2E0006C6C65720042756666657220707265614D
:10F2F0006C6C6F636174696F6E206661696C6564C4
:10F3000000757362645F64657600757362645F6440
:10F31000657363004661696C656420746F20656E77
:10F3200071756575652053746174757320494E203D
:10F33000627566666572004661696C656420746F0B
:10F3400020656E7175657565205345545550206272
:10F35000756666657200436F6E6669677572617483
:10F36000696F6E2064657363726970746F722025B3
:10F3700075206E6F7420666F756E640043616E2039
:10F380006F6E6C792068616E646C6520636F6E745B
:10F39000726F6C207265717565737473004D616C6A
:10F3A000666F726D6564207365747570207061633B
:10F3B0006B657400556E6578706563746564206272
:10F3C0007566666572206C696E6B656420746F206B
:10F3D0007365747570004661696C656420746F2094
:10F3E0007365742064657669636520616464726521
:10F3F00073732030782578004661696C65642074E9
:10F400006F2073657420636F6E66696775726174CF
:10F41000696F6E2025752C202564004857494E469B
:10F420004F206E6F7420696D706C656D656E7465CC
:10F4300064206F7220656E61626C6564004661696C
:10F440006C656420746F20656E71756575652053F9
:10F450007461747573204F555420627566666572C9
:10F46000004661696C656420746F20656E61626C32
:10F470006520544553545F4D4F4445202575007514
:10F480007362645F636839004661696C6564207407
:10F490006F20676574206366675F6E642C20646507
:10F4A000737069746520636F6E66696775726564F1
:10F4B00020737461746500556E7265636F76657252
:10F4C00061626C65206572726F722025642C206504
:10F4D00070203078253032782C20627566202570B7
:10F4E000004661696C656420746F207365742064E4
:10F4F000656661756C742061646472657373206104
:10F500006674657220627573207265736574004657
:10F5100061696C656420746F20736574206465662E
:10F5200061756C74207374617465206166746572B2
:10F5300020627573207265736574005544432065BD
:10F5400072726F72206576656E74004661696C65D3
:10F550006420746F20696E697420646576696365E0
:10F560002064726976657200757362645F636F729E
:10F570006500456E64706F696E67203078253032A3
:10F5800078206E6F742061737369676E65640046DE
:10F5900061696C656420746F2061737369676E20A4
:10F5A000656E64706F696E742061646472657373F4
:10F5B0006573004661696C656420746F20696E69CB
:10F5C0007469616C697A6520636C61737320696E1C
:10F5D0007374616E6365004661696C656420746F65
:10F5E00020696E697420485320636F6E6669677581
:10F5F000726174696F6E202575004661696C65647F
:10F6000020746F20696E697420465320636F6E66A4
:10F61000696775726174696F6E2025750075736214
:10F62000645F696E6974004661696C656420746F1B
:10F6300020726573657420636F6E666967757261A9
:10F6400074696F6E0046656174757265206E6F74C3
:10F6500020737570706F7274656420627920636FB7
:10F660006E74726F6C6C65720055534220646576DF
:10F6700069636520737570706F7274206973206997
:10F680006E697469616C697A656400436F6E747247
:10F690006F6C6C657220646F65736E277420737570
:10F6A00070706F727420485300556E737570706F70
:10F6B0007274656420636F6E6669677572617469E0
:10F6C0006F6E20737065656400485320636F6E66CB
:10F6D000696720616C7265616479206F6E204653A2
:10F6E000206C69737400465320636F6E66696720EF
:10F6F000616C7265616479206F6E204853206C697B
:10F70000737400436F6E66696775726174696F6EBA
:10F710002025752072652D696E73657274656400AD
:10F720004661696C656420746F2061646420636F56
:10F730006E66696775726174696F6E207374726941
:10F740006E672064657363726970746F720075739D
:10F7500062645F636667005553422064657669633F
:10F760006520636C617373202573206E6F7420664F
:10F770006F756E64004E6F20636F6E666967757299
:10F780006174696F6E2073657420284164647265CA
:10F7900073732073746174652900436C6173732003
:10F7A000696E7374616E636520616C726561647902
:10F7B000207265676973746572656400436C617378
:10F7C00073207265676973746572656420746F2055
:10F7D0006F7468657220636F6E74657874206174ED
:10F7E00020646966666572656E7420737065656411
:10F7F000004661696C656420746F20726567697387
:10F8000074657220257320746F20485320636F6ED7
:10F8100066696775726174696F6E2025750046614F
:10F82000696C656420746F207265676973746572B2
:10F8300020257320746F20465320636F6E666967BE
:10F8400075726174696F6E20257500757362645FEF
:10F85000636C617373004661696C656420746F202A
:10F8600068616E646C65206F702025642C20657063
:10F87000203078253032782C20626D203078253089
:10F8800038782C20256400757362645F6966616353
:10F8900065006465766963652069732073757370AC
:10F8A000656E646564005365742068616C74203013
:10F8B0007825303278206661696C656400436C6538
:10F8C00061722068616C742030782530327820664F
:10F8D00061696C656400757362645F65700075735F
:10F8E00062645F6D7367005472616E736665722047
:10F8F0006572726F7220256400496E636F6D706C63
:10F9000065746520554D5000547261696C696E676D
:10F91000206461746120696E205278206275666689
:10F92000657200257320736574205553422D4D492F
:10F930004449312E3020616C7473657474696E674C
:10F9400020286E6F7420696D706C656D656E7465CE
:10F950006420212900257320736574205553422D9E
:10F960004D494449322E3020616C7473657474695A
:10F970006E6700556E61626C6520746F20616C6CFF
:10F980006F63617465205478206E65745F6275667C
:10F99000004661696C656420746F20656E717565E1
:10F9A0007565205478206E65745F627566202D3E03
:10F9B00020256400556E61626C6520746F20616C57
:10F9C0006C6F63617465205278206E65745F627538
:10F9D00066004661696C656420746F20656E7175A0
:10F9E000657565205278206E65745F627566202D9E
:10F9F0003E202564004D494449322E302069732051
:10FA00006E6F7420656E61626C6564004E6F742069
:10FA1000656E6F75676820737061636520696E201D
:10FA20007478207175657565006D6964695F300073
:10FA3000757362645F6D69646932006B5F6D7367D3
:10FA4000715F676574206572726F723A2025640079
:10FA50004576656E742064726F707065642C2071D9
:10FA6000756575652066756C6C2C206E6F742062F0
:10FA70006C6F636B696E6720696E20737973777141
:10FA80002E00696E70757400556E737570706F72AC
:10FA900074656420706F72742069642070726F7670
:10FAA000696465640054696D656F75742077616978
:10FAB00074696E6720666F72204549435F53594EE3
:10FAC0004342555359206269747320746F20636CEC
:10FAD00065617200436C6F636B20636F6E74726F4D
:10FAE0006C206F6E206661696C656420666F7220A1
:10FAF0006D636C6B20256400436C6F636B20636FD8
:10FB00006E74726F6C206F6E206661696C65642024
:10FB1000666F722067636C6B202564004E6F204512
:10FB20004943206C696E65206173736F636961740A
:10FB30006564207769746820706F72742025642072
:10FB400070696E20256400496E76616C696420706E
:10FB50006F727420696420706173736564006E6FE6
:10FB6000206173736F6369617465642065696320E4
:10FB70006C696E6520666F756E6400454943204C64
:10FB8000696E6520256420616C7265616479206FFF
:10FB9000776E656420627920706F7274202564200E
:10FBA00070696E20256420287265717565737465AF
:10FBB0006420706F72742025642070696E20256443
:10FBC0002900696E746572727570742D636F6E743E
:10FBD000726F6C6C6572403434303161303030009B
:10FBE000696E74635F6D6368705F6569635F6731D9
:10FBF0000073757370656E6400726573756D650072
:10FC000053707572696F7573202573206576656E04
:10FC1000740065702030782530327820616C726510
:10FC200061647920656E61626C656400456E647024
:10FC30006F696E74203078253032782076616C6977
:10FC4000646174696F6E206661696C6564006570DB
:10FC50002030782530327820616C726561647920BB
:10FC600064697361626C6564004661696C656420F7
:10FC7000746F20616C6C6F63617465206E65745F76
:10FC800062756620257A642C2065702030782530D6
:10FC9000327800756463004661696C656420746F36
:10FCA0002064697361626C6520636F6E74726F6C3F
:10FCB00020656E64706F696E74204F555400466104
:10FCC000696C656420746F2064697361626C65207F
:10FCD000636F6E74726F6C20656E64706F696E74A2
:10FCE00020494E004661696C656420746F2072651E
:10FCF000736572766520455030204649464F005561
:10FD0000534220636F6E74726F6C6C657220726503
:10FD10007365742074696D656F7574005553422066
:10FD2000636F6E74726F6C6C657220656E61626C6D
:10FD3000652073796E632074696D656F7574005505
:10FD40005342205048592072656164792074696D6E
:10FD5000656F7574004661696C656420656E6162EB
:10FD60006C696E67206570203078253032780046E7
:10FD700061696C656420746F20726567697374656E
:10FD800072204F555420656E64706F696E74202523
:10FD900064004661696C656420746F2072656769F0
:10FDA0007374657220494E20656E64706F696E745D
:10FDB0002025640052656D6F74652077616B6575F1
:10FDC0007020726571756573746564206275742046
:10FDD000646576696365206973206E6F742073753E
:10FDE0007370656E6465640065705F656E717565DE
:10FDF0007565204550305F494E3A205478506B74F9
:10FE000052647920616C7265616479207365742035
:10FE100028435352304C3D30782530327829202009
:10FE2000736B69707065640075736240343630308E
:10FE300030303030007564635F6D6368705F6732C7
:10FE40000025733A20434C4F434B5F434F4E54526F
:10FE50004F4C5F5355425359535F414C4C2069738B
:10FE6000206E6F7420737570706F727465640025F6
:10FE7000733A20496E76616C696420737562737998
:10FE80007374656D20747970653D25640025733A3F
:10FE900020496E76616C696420696E7374616E636B
:10FEA0006520256420666F72207479706520256452
:10FEB00020286D6178202564290025733A20526539
:10FEC0006375727369766520646570656E64656ECE
:10FED00063792064657465637465640025733A20F2
:10FEE000496E76616C696420504C4C20736F75725A
:10FEF000636520646570656E64656E637900257363
:10FF00003A20496E76616C69642047434C4B5049F6
:10FF10004E20736F757263652049440025733A2043
:10FF20004E554C4C20636F6E6669677572617469DB
:10FF30006F6E20706F696E7465720025733A204988
:10FF40006E76616C69642073756273797374656D24
:10FF500020747970653D256420696E7374616E63E9
:10FF6000653D25640025733A2044464C4C34384D99
:10FF700053594E432074696D656F7574206F6E2000
:10FF800077726974696E67204F53434354524C5FD4
:10FF900044464C4C4354524C420025733A2044464C
:10FFA0004C4C34384D53594E432074696D656F7510
:10FFB00074206F6E2077726974696E67204F5343A7
:10FFC0004354524C5F44464C4C4D554C0025733ABB
:10FFD0002044464C4C34384D53594E432074696D7F
:10FFE000656F7574206F6E2077726974696E672013
:10FFF0004F53434354524C5F44464C4C4354524C31
:020000040C01ED
:10000000410025733A2047434C4B5F53594E4342BE
:100010005553592074696D656F7574206F6E207724
:10002000726974696E672047434C4B5F47454E4386
:1000300054524C5B25645D0025733A2074696D65EC
:100040006F7574206F6E2077726974696E672047D0
:10005000434C4B5F5043484354524C5F4348454EDA
:100060005F4D736B0025733A20496E76616C69644D
:100070002073756273797374656D0025733A20552A
:100080006E737570706F72746564207375627379C6
:100090007374656D20747970650025733A20474349
:1000A0004C4B47454E302063616E6E6F7420626525
:1000B0002064697361626C65642028616C77617982
:1000C00073204F4E290025733A20504C4C5B256419
:1000D0005D206C6F636B2074696D6564206F75744F
:1000E0000025733A20556E737570706F7274656475
:1000F00020636C6F636B2073756273797374656DC5
:1001000020747970652025640025733A20436C6F54
:10011000636B204F4E206F7065726174696F6E2043
:100120006661696C65640025733A20436C6F636B8C
:10013000204F4E2074696D656F75740025733A20E9
:10014000584F53432072656164792074696D65640A
:10015000206F75740025733A20736B697070696E37
:10016000672064666C6C34386D5F696E69742C202E
:1001700061732044464C4C20697320616C72656148
:100180006479206F6E0025733A20736B6970706913
:100190006E672064666C6C34386D5F696E69742CB0
:1001A00020617320736F757263652067636C6B2DBC
:1001B0002564206973206F66662E20284D6178695A
:1001C0006D756D20696E6974207265747279203D59
:1001D000202564290025733A20736B697070696E5D
:1001E000672064666C6C34386D5F696E69742C20AE
:1001F00061732044464C4C206973206472697669AF
:100200006E672067636C6B302028435055290025AA
:10021000733A2044464C4C34384D20726561647901
:100220002074696D6564206F75740025733A2044ED
:10023000464C4C34384D53594E432074696D656FAC
:100240007574206F6E2077726974696E67204743FA
:100250004C4B5F5043484354524C0025733A207333
:100260006F7572636520636C6F636B2028647269BD
:1002700076696E6720504C4C5F2564292069732095
:100280006F66662E20284D6178696D756D20696EE8
:100290006974207265747279203D202564290025D7
:1002A000733A20535550435F53544154555320746F
:1002B000696D656F7574206F6E2077726974696EF1
:1002C0006720535550435F565245474354524C00A4
:1002D00025733A2074696D656F7574206F6E207791
:1002E000726974696E67206672616374696F6E61AA
:1002F0006C20646976696465720025733A20736BBB
:10030000697070696E6720706C6C5F25645F6F75D3
:10031000745F25645F696E69742C20617320697451
:1003200020697320616C7265616479206F6E0025AD
:10033000733A20736B697070696E6720706C6C5FC4
:1003400025645F6F75745F25645F696E69742C2026
:1003500061732064726976696E6720504C4C206925
:1003600073206F66660025733A20736B697070693D
:100370006E6720786F736333326B5F696E69742CBC
:1003800020617320697420697320616C72656164F7
:1003900079206F6E0025733A204F534333324B431D
:1003A00054524C2072656164792074696D656420D3
:1003B0006F75740025733A20736B697070696E678E
:1003C0002067636C6B67656E2D25645F696E697469
:1003D0002C20617320697420697320616C726561DF
:1003E0006479206F6E0025733A20736B69707069B1
:1003F0006E672067636C6B67656E5F696E69742CEE
:1004000020617320736F75726365206F6620676368
:100410006C6B2D25642C206973206F66662E202856
:100420004D6178696D756D20696E697420726574AF
:100430007279203D202564290025733A2047434CDA
:100440004B5F53594E43425553592074696D656F44
:100450007574206F6E2077726974696E67204743E8
:100460004C4B5F4354524C4100636C6F636B4034A0
:100470003430313230303000636C6F636B5F6D63EA
:1004800068705F7069633332636B5F73675F676364
:1004900000496E76616C6964207472696767657281
:1004A000206D6F646520666F7220696E746572726C
:1004B000757074006770696F40343438303131388A
:1004C00030006770696F4034343830313038300074
:1004D0006770696F5F6D6368705F706F72745F677C
:1004E00031006877696E666F5F6D6368705F673152
:1004F000006B65795F696E646578202564206765A7
:1005000074206661696C65643A2025640025732057
:100510006973206E6F742072656164790050696E32
:1005200020256420636F6E66696775726174696FF8
:100530006E206661696C65643A20256400436F75BE
:100540006C64206E6F7420736574206770696F200F
:1005500063616C6C6261636B0050696E202564207E
:10056000696E7465727275707420636F6E66696708
:1005700075726174696F6E206661696C65643A209A
:10058000256400627574746F6E73006770696F5FC5
:100590006B6579730054696D656F75742077616957
:1005A00074696E6720666F7220554152542053590A
:1005B0004E434255535920636C65617200736572F6
:1005C000636F6D40343530303230303000756172D9
:1005D000745F6D6368705F736572636F6D5F6731C1
:1005E0000048616C74696E672073797374656D007F
:1005F000556E6B6E6F776E206572726F7200756EDE
:100600006B6E6F776E003E3E3E205A455048595201
:1006100020464154414C204552524F522025643AC5
:10062000202573206F6E20435055202564004661BD
:10063000756C7420647572696E6720696E7465727A
:10064000727570742068616E646C696E670A00432D
:10065000757272656E74207468726561643A2025E3
:1006600070202825732900435055206578636570F4
:1006700074696F6E00556E68616E646C65642069A4
:100680006E7465727275707400537461636B206F61
:10069000766572666C6F77004B65726E656C206F65
:1006A0006F7073004B65726E656C2070616E69636C
:1006B000006D61696E006F7300737973776F726B91
:1006C00071002A2A2A20426F6F74696E67205A656A
:1006D00070687972204F53206275696C64203530E0
:1006E00035313935343565313961202A2A2A0A00F5
:1006F000286E756C6C29002A666C6F61742A00483C
:100700005320436F6E66696775726174696F6E001E
:10071000465320436F6E66696775726174696F6EC8
:100720000055534244204D4944492053616D706C3B
:1007300065005A65706879722050726F6A656374DB
:10074000003031323334353637383941424344454D
:100750004600206D657373616765732064726F7006
:10076000706564202D2D2D0D0A1B5B306D001B5B09
:10077000313B33316D2D2D2D200030313233343566
:1007800036373839414243444546000000000000F6
:1007900000000000AAAAAAAAAAAAAAAAEEEEEEEE51
:1007A000EEEEEEEEFEFFFFFFFFFFFFFFFFFFFFFF9E
:1007B0007FBFDFEFF7FBFDFC7EBFDFEFF7FBFD7ECA
:1007C0003F3F3F3F3F3F3F3F1F3F3F3F3F3F3F3F59
:1007D0003F0300003F3F3F3F2F3F3F000005000029
:1007E0000B380040636C6F636B5F6D6368705F69AB
:1007F0006E697400636C6F636B5F6F6E00636C6F28
:10080000636B5F6D6368705F6F6E00636C6F636BCB
:100810005F6D6368705F6F666600636C6F636B5FCC
:100820006765745F726174655F67636C6B67656E43
:1008300000636C6F636B5F6D6368705F6765745FA7
:100840007261746500636C6F636B5F636F6E666982
:10085000677572655F67636C6B67656E00636C6F6D
:10086000636B5F636F6E6669677572655F706C6CF2
:1008700000636C6F636B5F636F6E6669677572654B
:100880005F64666C6C00636C6F636B5F6368656369
:100890006B5F73756273797300636C6F636B5F6D0D
:1008A0006368705F636F6E66696775726500636C1D
:1008B0006F636B5F67636C6B67656E5F696E6974AE
:1008C00000636C6F636B5F786F736333326B5F6968
:1008D0006E697400636C6F636B5F706C6C5F6F75D7
:1008E000745F696E697400636C6F636B5F706C6CCE
:1008F0005F696E697400636C6F636B5F64666C6CD8
:1009000034386D5F696E697400636C6F636B5F7818
:100910006F73635F696E697400636C6F636B5F6FA5
:0C0920006E5F706C6C00050607000100A3
:10092C00000000008D44000C0000000000010000DD
:10093C0000000000000000000000000000000000AB
:10094C00000000000000000000000000000000009B
:10095C00000000001C0300205800002000000000D4
:10096C0000000000000000002503002070000020A3
:10097C00000000000000000000000000000000006B
:10098C000004010000000000FF06010C220300001F
:10099C000000000000000000000401000000000046
:1009AC001007010C220300000000000000000000F2
:1009BC000003030000000000000000000003000022
:1009CC000000000000000000000201000000000018
:1009DC002107010C220300000000000000000000B1
:1009EC0000010100000000003207010C1E03000092
:1009FC0000000000000000000000000000000000EB
:100A0C00C8E7000C04030000F4DD000C1400010026
:100A1C00A9A3000CE3A9000CACE5000C000000003D
:100A2C000000000057AD000C0000000000000000AA
:100A3C0094010020000000000000000000000000F5
:100A4C00000000000000000000000000000000009A
:100A5C00000000000000000000000000000000008A
:100A6C00000000000000000000000000000000007A
:100A7C00000000000000000000000000000000006A
:100A8C00000000000000000000000000000000005A
:100A9C00000000000000000000000000000000004A
:100AAC00000000000000000000000000000000003A
:100ABC000000000029FA000C0000000028020020B1
:100ACC000000000048DE000C520300205A030020F6
:100ADC00630300206C0300207503002083030020B7
:100AEC008A030020A5030020AC030020C0030020D3
:100AFC00C9030020D7030020DE030020F9030020E7
:100B0C000004002000000000520300205A030020C3
:100B1C00630300206C030020750300207C0300207D
:100B2C008A0300209E030020AC030020C003002099
:100B3C00C9030020D0030020DE030020F2030020B4
:100B4C000004002000000000000000006547000CBD
:100B5C0000000000CD45000C4D46000C11B5000CFA
:100B6C00F3B4000C00000000D3B4000CF7B4000C7C
:100B7C00BFB4000C00000000C3B4000C0000000067
:100B8C000000000000000000000000000000000059
:100B9C000000000000000000000000000000000049
:100BAC000000000000000000000000000000000039
:100BBC000000000000000000000000000000000029
:100BCC000000000000000000000000000000000019
:100BDC000000000000000000000000000000000009
:100BEC0000000000000000000000000000000000F9
:100BFC0000000000000000000000000000000000E9
:100C0C00E0020020E00200200000000000000000D4
:100C1C000E000000000000000000000000000000BA
:100C2C00980C0020000000000000000000000000F4
:100C3C00C800000014030020140300200902000067
:100C4C00000100C07D09020000000100C07D1201FE
:100C5C000002EF020140E32F10000404000000002A
:100C6C0012010002EF020140E32F10000404000007
:100C7C000000080B00020103000009040000000141
:100C8C00010000092401000109000101090401000F
:100C9C00020103000007240100011D0007050102E9
:100CAC0040000007050102000200042501000000BD
:100CBC00000000000000000000000000000007051C
:100CCC008102400000070581020002000525010099
:100CDC000000000000000000000000000000000008
:100CEC0009040101020103000007240100020700AE
:100CFC00070501024000000705010200020005255E
:100D0C0002010100000000000000000000000000D3
:100D1C000000070581024000000705810200020067
:100D2C000525020101000000000000000000000089
:100D3C000000000005260112000D26020100000132
:100D4C000003000000000000000000000000000094
:100D5C000000000000000000000000000000000087
:100D6C000000000000000000000000000000000077
:100D7C000000000000000000000000000000000067
:100D8C000000000000000000000000000000000057
:100D9C000000000000000000000000000000000047
:100DAC000000000000000000000000000000000037
:100DBC000000000000000000000000000000000027
:100DCC000000000000000000000000000000000017
:100DDC000000000000000000000000000000000007
:100DEC0000000000000000000000000000000000F7
:100DFC0000000000000000000000000000000000E7
:090E0C00000000000000000000DD
:100E150000000000000000000000000000000000CD
:030E2500000000CA
:100E280000000000000000000000000000000000BA
:100E380000000000000000000000000000000000AA
:100E4800000000000000000000000000000000009A
:080E5800000000000000000092
:040E6000000000008E
:100E64003805002038050020B039002000000000BB
:0C0E74000800000010000000000000005A
:100E800000000000383B00200004000000000000CB
:040E9000000000005E
:100E940068050020680500200C0000001000000018
:100EA400783A0020383B0020783A0020783A002035
:100EB40000000000000000009005002090050020C4
:100EC4000C0000000A00000038390020B03900206E
:100ED40038390020383900200000000000000000EC
:100EE400B8050020B8050020000000000100000043
:100EF4000000000000000000D0050020D005002004
:100F0400100010000A00000061B9000C58E6000C43
:100F1400383F00200000000000000000F40500201D
:100F2400F4050020020002000A0000000000000096
:080F34002CE6000C303A00200D
:100F3C003CE9000C00000000000000000000000074
:100F4C00000000000000000064DE000C0000000047
:100F5C000000000000000000000000000000000085
:100F6C000000000000000000000000000000000075
:100F7C000000000000000000000000000000000065
:100F8C000000000000000000000000000000000055
:100F9C000000000000000000000000000000000045
:0C0FAC00400300202E0300200000000085
:100FB8000000000094010020000000000000000074
:080FC800000000000000000021
:100FD000000000009401002000000000000000005C
:080FE000000000000000000009
:040FE80015E015E01B
:040000050C00215D6D
:00000001FF
