:020000040800F2
:10000000102C00202521000C4F9A000C1121000C0F
:100010001121000C1121000C1121000C1121000CE8
:100020000000000000000000000000005921000C4A
:100030001121000C000000000923000CBD6B000C16
:100040007523000C7523000C7523000C7523000C20
:100050007523000C7523000C7523000C7523000C10
:100060007523000C7523000C7523000C7523000C00
:100070007523000C7523000C7523000C7523000CF0
:100080007523000C7523000C7523000C7523000CE0
:100090007523000C7523000C7523000C7523000CD0
:1000A0007523000C7523000C7523000C7523000CC0
:1000B0007523000C7523000C7523000C7523000CB0
:1000C0007523000C7523000C7523000C7523000CA0
:1000D0007523000C7523000C7523000C7523000C90
:1000E0007523000C7523000C7523000C7523000C80
:1000F0007523000C7523000C7523000C7523000C70
:100100007523000C7523000C7523000C7523000C5F
:100110007523000C7523000C7523000C7523000C4F
:100120007523000C7523000C7523000C7523000C3F
:100130007523000C7523000C7523000C7523000C2F
:100140007523000C7523000C7523000C7523000C1F
:100150007523000C7523000C7523000C7523000C0F
:100160007523000C7523000C7523000C7523000CFF
:100170007523000C7523000C7523000C7523000CEF
:100180007523000C7523000C7523000C7523000CDF
:100190007523000C7523000C7523000C7523000CCF
:1001A0007523000C7523000C7523000C7523000CBF
:1001B0007523000C7523000C7523000C7523000CAF
:1001C0007523000C7523000C7523000C7523000C9F
:1001D0007523000C7523000C7523000C7523000C8F
:1001E0007523000C7523000C7523000C7523000C7F
:1001F0007523000C7523000C7523000C7523000C6F
:100200007523000C7523000C7523000C7523000C5E
:100210007523000C7523000C7523000C7523000C4E
:100220007523000C7523000C7523000C7523000C3E
:100230007523000C7523000C7523000C7523000C2E
:100240007523000C7523000C7523000C7523000C1E
:100250007523000C7523000C7523000C7523000C0E
:100260007523000C7523000C7523000C7523000CFE
:100270007523000C7523000C7523000C7523000CEE
:100280007523000C7523000C7523000C7523000CDE
:100290007523000C7523000C7523000C7523000CCE
:1002A0007523000C7523000C7523000C7523000CBE
:0802B0007523000C7523000CFE
:020000040C00EE
:1000000053B94AB9002908BF00281CBF4FF0FF317F
:100010004FF0FF3000F00CB8ADF1080C6DE904CEE4
:1000200000F01AF8DDF804E0DDE9022304B07047BF
:10003000704700BF10F8012B11F8013B012A28BFBF
:100040009A42F7D0D01A7047034613F8012B002AC2
:10005000FBD1181A013870472DE9F0478C468E46BF
:10006000089E154604461946002B40F0D080724584
:1000700047D9B2FA82F74FB1C7F120030EFA07FC55
:10008000BD40BC4020FA03F343EA0C0C4FEA154E86
:10009000A8B2230CBCFBFEF80EFB18CC08FB00F941
:1000A00043EA0C43994528D9EB1808F1FF3204D2F2
:1000B000994502D9A8F102022B44A3EB0903A4B28B
:1000C000B3FBFEFC0EFB1C330CFB00F044EA0344C4
:1000D000A04214D92C190CF1FF3304D2A04202D94A
:1000E000ACF102032C44241A43EA02401EB1FC4046
:1000F000002334607360BDE8F0874246DDE7634665
:10010000F1E7002A79D0B2FA82F3002B3FD01946EA
:10011000C1F1200302FA01F500FA01F42EFA03F20C
:100120000EFA01FE20FA03F3AFB243EA0E034FEAE0
:10013000154EB2FBFEFC0EFB1C201A0C0CFB07F844
:1001400042EA004290455AD9AA180CF1FF3004D275
:10015000904502D9ACF102002A44A2EB08029BB2FE
:10016000B2FBFEFC0EFB1C220CFB07F743EA02432A
:100170009F4246D9EB180CF1FF3204D29F4202D9BC
:10018000ACF102022B44DB1B42EA004202E0AEEB80
:10019000020301224FEA154EAFB2200CB3FBFEFC66
:1001A0000EFB1C330CFB07F840EA034398452AD9A1
:1001B000EB180CF1FF3004D2984502D9ACF10200E3
:1001C0002B44A3EB0803A4B2B3FBFEFC0EFB1C33D1
:1001D0000CFB07F744EA0344A74216D92C190CF18B
:1001E000FF3304D2A74202D9ACF102032C44E41B32
:1001F00043EA00400F46114678E71F2188E7604632
:10020000ABE76246BFE76046DBE76346EFE773456F
:1002100006D916B9002108466DE7C6E9000EF9E7D0
:10022000B3FA83F787B9734501D3824207D8841A9A
:100230006EEB030301209C461EB900215BE73846A4
:10024000FAE7C6E9004CF8E7C7F1200CBB4000FA1A
:1002500007F422FA0CF520FA0CF1BA401D432EFAED
:100260000CF30EFA07FE4FEA154941EA0E011FFA98
:1002700085FEB3FBF9F809FB18300B0C08FB0EFAEE
:1002800043EA00439A4540D9EB1808F1FF3004D205
:100290009A4502D9A8F102002B44A3EB0A0389B2C4
:1002A000B3FBF9F809FB183308FB0EFE41EA0341E2
:1002B0008E452CD9691808F1FF3304D28E4502D936
:1002C000A8F10203294443EA0040A1EB0E01A0FB80
:1002D00002984145CE46434602D306D14C4504D24E
:1002E0000138B9EB020E68EB0503002EA5D0B4EB84
:1002F0000E0261EB030101FA0CFC22FA07F3F9404C
:100300004CEA0303C6E9003197E74046C5E7434698
:10031000D9E7000037B504462849294809F0D7FC39
:10032000034638B1274A0121274809F0C3FA0020C3
:1003300003B030BD2549224809F0C9FC034608B185
:10034000234AF0E723491E4809F0C1FC034608B1DF
:10035000214AE8E721491A4809F0B9FC034608B1E7
:100360001F4AE0E701461F4A154803F003FD014616
:1003700028B11D4A0121144809F093FAD7E7012258
:100380001A4B0F4803F03AFE014608B1184AF1E74C
:1003900001250223EF220A48009509F0FEFB2946B9
:1003A000074809F01EFC0CB90548C1E7214604487E
:1003B00009F025FF0028F7D00E4ADBE744010020B2
:1003C000340400204AD2000CBCCF000C2C010020C9
:1003D00078D2000C14010020AAD2000CFC000020EE
:1003E000D7D2000CD0000020FFD2000CD4CF000CDC
:1003F00026D3000C45D3000C08B5FFF78BFF40B1A6
:10040000064802F0FFFA30B10121054A054809F01B
:1004100048FA002008BD0148FCE700BF3404002072
:1004200069D3000CBCCF000CF0B583B00B7800AFE3
:100430000B2B98BF304A6E4688B094BF52F82330D9
:100440002E4B05460C466A462D49CDE905134FF45F
:100450000073ADF81C302B4B42F8103F2A480023A4
:100460004FF4E65101F060F82846B54609F0CEFB9E
:10047000B0B1237843B9284602F0FCFA20B101213B
:10048000224A214808F09AFB2678012E08D12846F6
:1004900002F044FB20B11E4A31461B4808F08EFB97
:1004A0002378092B0DD1002360687B6083681B6D66
:1004B00013B104213A1D98477B6813B1154807F022
:1004C00021F82378082B0DD1606883681B6D63B118
:1004D00001213A1D9847034650B102210E4A0A48AD
:1004E00009F0E8F90C37BD46F0BD6FF05703F4E7AB
:1004F0007B680321094AF2E7DCCF000CB4D3000C7F
:10050000B6D3000C03000001ECCE000CC7D3000CE6
:10051000E7D3000CF003002008D4000C2CD4000C0E
:100520002DE9F0410446454F454E90B0A3685B6C01
:10053000002B77D1A3681B6C002B7AD13B78002B62
:1005400030D1A3685B6B4BBBB289B3889B1A32690D
:100550009BB2D21A3F2A36D94022A3689B69002B4E
:100560003BD10121374A384808F028FB00252A46AC
:100570006946304609F0ACF8A842804605DA012108
:100580002B1A324A304809F095F9B8F1000F09D01A
:10059000A368DB6933B12046984703E020469847BB
:1005A0000028D1D1A3685B6AEBB940226946304686
:1005B00009F0AEF80546D8B9A3681B6A002BB5D080
:1005C00020469847B2E7002AC7D1A368DB6A0BB17F
:1005D0002046984701233B70A8E769462046984784
:1005E000051EC4DABDE72046984700289ED0DCE708
:1005F0003B7823B1204608F0DCFA00233B70A36867
:100600005B6963B12A4669462046984785428DDD7D
:1006100001212B1A0E4A0C4809F04CF986E76FF0BD
:100620005700F3E720469847002883D110B0BDE873
:10063000F08120469847002880D1F7E7C4110020B8
:100640007C0D002038D4000CECCE000C51D4000CF2
:100650005FD4000C10B53A480BF0BCFB30B9394AF6
:100660000121394808F0AAFA002010BD3748FFF7E9
:10067000C3FE374C206030B9364A0121324808F0B9
:100680009DFA354AECE709F0C1FA28B9206802F072
:10069000F1F908B1314AF0E70321314A2A4808F05C
:1006A0008DFA304B304A1A600022C3E90122DA6029
:1006B0004FF480621A6103212C4A234808F07EFA25
:1006C0004FF0FF324FF0FF33294806F04FFF032170
:1006D000284A1D4808F072FA194CA368DB6C13B95C
:1006E0006FF0570305E00122082120469847034692
:1006F00020B10221204A144809F0DCF8A368DB6C21
:10070000DBB1012210210E489847034620B1022197
:100710001A4A0D4809F0CEF84FF47A7000210BF018
:1007200073FEA3682BB19B6C1BB1002214490448D3
:100730009847034808F03DFA96E76FF05703E6E75D
:10074000DCC8000C6DD4000CECCE000C2904000CAD
:10075000780D002086D4000CD6D4000CC7D3000C32
:10076000A6D4000C7C0D0020C5110020C1D4000CC3
:10077000F0030020CED4000CFAD4000C19D5000CE4
:100780002105000C2DE9F843884600AF00297DD0F3
:1007900005680122284608F059FA01460446284611
:1007A00008F00EFA10EA020616D1E94688B06A4649
:1007B000384BCDE90538032342F8103F4FF4C251BE
:1007C0003346354800F0B0FECD4686F31188BFF3BE
:1007D0006F8F0423184602DF2146284608F006FAE8
:1007E000261831460022284608F0EAF9361AB442A3
:1007F00018D06E4688B06946284BCDE905380323EA
:1008000041F8103F244813460A464FF4C25100F005
:100810008BFE0023B54683F31188BFF36F8F04234B
:10082000184602DF00222146284608F0E5F9214655
:1008300008F0DCF9261801223146284608F0C0F9F4
:10084000C20708D43146284608F042FA324621460B
:10085000284608F0B4FA00222146284608F0B0F9EC
:10086000261A01223146284608F0AAF9C30709D4FE
:100870003146284608F02CFA22463146284608F030
:100880009EFA34462146284608F0B7FABD46BDE830
:10089000F88300BF63D6000C44CF000C3AD6000C9E
:1008A0002DE9F04F91B0009302F004030293C2F3DC
:1008B000C2030133840705460E46DDF868A00392A3
:1008C000059340F09C81041D002849D101F00706E2
:1008D000341DC6F10806009B00274FF004085A1E7D
:1008E0004FF0FF33B9460193BB46434604970DB121
:1008F000009921600598002800F3D6808F48009960
:10090000814203D38E488142C0F0CE800399601BA0
:1009100011F0020C40F0D680B9F10F0F00F2CF8039
:10092000002D00F0D68009F140010DEB010E019978
:10093000C0F387000EF8200C0EF8101CBCF1000F5D
:1009400000F0C38060F07F000EF8200C013709F141
:100950000109C5F108014FF6DA7E043406918CE0F6
:100960000729B8D86FF01B0011B0BDE8F08F7A28C6
:100970005BD84B280FD8472857D829282ED82528A8
:1009800050D052D8202818BF23280CBF4FF0010B9D
:100990004FF0000B71E04C382E2846D8DFE800F00D
:1009A0006D454545454545454545454548454545CC
:1009B0004545454545564548485656566D486A454D
:1009C0006D4518481845457F7C48454548457C009D
:1009D00000204FF0000B4FF0040835E001212A38C9
:1009E000C0B201FA00F010EA0E0F46D110F0625CBE
:1009F0002CD110EA010B40D06046013C4444B4FBCA
:100A0000F8F408FB04F425B1A3EB050CA444B445A9
:100A1000A8D8002870D00599013905915AF8041B0F
:100A2000009164E70199013901914FF0000B24E036
:100A300012F8010C6C2834D1002012F8023C8346D5
:100A40006C2BC8D14FF008084346D6E70AF1070AD5
:100A50002AF0070A073424F00704FAE802BC35B18B
:100A600006982044B0423FF67DAFC4E900BC4FF089
:100A7000000B08344FF00808434612F8010F002815
:100A800053D0BBF1000F7FF472AF2528F5D14FF0A2
:100A9000010B019B013301934FF00408ECE758462A
:100AA00097E700208346A8E7039988077FF551AFB1
:100AB0004FF0010C601BB0F5007FFFF42DAF6FF01D
:100AC000150051E74FF0000CF5E704980130049051
:100AD0003DE7BCF1000F01D0013638E7029802363D
:100AE00000287FF434AF0098CDE90632FFF7ACFA66
:100AF000DDE9063206442AE7042B08D10AF1040096
:100B000015B1DAF80010216082460434B5E70AF125
:100B1000070323F0070303F1080A1DB1D3E900011D
:100B2000C4E9000108230834A7E7631BB3F5806F0D
:100B3000C5D23DB9A6F10804E01815E73CC8000C81
:100B400018F0000C029A9B0828602B709DF810305A
:100B5000AAB1EB70AF702FB1002208A8C5F1010C4B
:100B600091450ED14FF0000AC5F101030DF12008A7
:100B700001930DF1300BD14512D1601BF4E66B707F
:100B8000E8E710F8013B190608D50CEB040EB64552
:100B900003F07F033FF6E6AE04F8013B0132DFE7E6
:100BA0001FB198F90020002A17DB029BD3B11AF875
:100BB0000B2004F8012B0022019B18191044B042AD
:100BC0003FF6D0AE98F80000009904F8010B2046DB
:100BD00003920BF0AFFD039A14440AF1010A08F1E5
:100BE0000108C8E798F8002055F822300093029BCE
:100BF000009845F82230FFF727FA421CDCE76FF037
:100C00000D00B1E62DE9F04F97B000AF05468A46DA
:100C1000C7E90A3249B903784678807800EB830047
:100C20002844564524D8A0EB050AD7F8803095F81B
:100C3000028003F00103D7F88040FB61EB78B8F144
:100C4000000F0CBF002404F001047B621BB1D7F835
:100C500080309A0715D4A4B9FB6A1BB151462846C7
:100C6000BA6A9847564630465C37BD46BDE8F08FB5
:100C7000441C2046FFF7E8F9013020440AF1010A3C
:100C8000CFE7D7F88030C3F3C0033B622B78BB615A
:100C90009B003B616B687B61BB6905EB830BFB6A67
:100CA000002B77D15646D844BCB11C461BF8013BFB
:100CB00055F82300FFF7C8F9D7F88430013043B165
:100CC000D7F88830A34282BFD7F8843023F81400C5
:100CD0000134C3450644E9D1D846D7F880304FF0F7
:100CE000000913F0050F0CBF4FF0020B4FF0010B82
:100CF0007B6A9945B7D298F8013008F1020855F897
:100D000023A0AE4B9A45C0F04C81AD4B3A6A9A4550
:100D10002CBF002301230AB318F8021C7869FB6278
:100D200008F0EFF9FB6AC8B1EA468AB06A46A54BFB
:100D300005937B69CDE906314FF40073ADF820309F
:100D4000A14B42F8103F00234FF412519F4800F08E
:100D5000EBFBD546023E09F10109C9E723B1FB6966
:100D600033B9A6EB0B06F6E7D7F880309B07F2D530
:100D70005046FFF769F9D7F884304BB1D7F888307F
:100D80009C423FBFD7F88420431C22F81430013422
:100D90000644E0E7002C6AD1B8F1000F6DD0D7F817
:100DA000803058076CD5C14607F148004246594685
:100DB0000BF0C0FC00220BEB0803FB600233796AE6
:100DC0008A425FD3D7F8802095F801B0F96992077D
:100DD00004EB0B0348BF0022DBB258BF4FEA5902B5
:100DE000002940F0A680D7F8801011F0040F14BF3E
:100DF000494600216B70A970EA702846BA6A3969C1
:100E0000FB6A9847061EFFF62EAFBB6949462B705A
:100E10007B6ABA6AEB7085F801B0FB6A85F80280DC
:100E200007F148009847B0F10009C0F2B6803B696D
:100E30007A6A786A03EB4201FB68414403EB4000A5
:100E4000BA6AFB6AAAEB010198470028C0F2A780A2
:100E50004FF0000BB14409EB000607F1380AA34537
:100E600069D30021BA6A0846FB6A9847FBE6444604
:100E70004FF0000907F1380098E74446C14699E76A
:100E8000A14697E713F8016CDFF830C155F826004A
:100E900013F8021C6045C0F08A80DFF824C1604569
:100EA000386A2CBF4FF0000B4FF0010B38B1786956
:100EB000C7E9013208F025F9D7E90132F0B9BBF1F1
:100EC000000F1ED0F96949B1611C04F1280007F137
:100ED0003004041904F8206CCCB20FE0D7F880106D
:100EE00049070BD509F1280007F1300C09F1010180
:100EF00000EB0C0909F8106C5FFA81F9013202333A
:100F00005DE7D7F880008007DED409F1280C07F1EF
:100F1000300EF44409F101000CF8101C07F15801DF
:100F200009F1020951FA80F05FFA89F900F8106CB2
:100F3000E4E700215EE71BF80A3055F8239087F8B4
:100F40003730D7F884302BB3D7F888309B4521D27F
:100F5000D7F8843033F81B800121BA6AFB6A07F1A5
:100F60003700984700281ADB0644B8F1000F06D175
:100F70004846FFF769F800F101081FFA88F8414672
:100F80004846BA6AFB6A9847002808DB06440BF11A
:100F9000010B64E74FF00008DEE74E4663E60646C5
:100FA00061E63B6A002B3FF4DFAE0023B4E6386A0B
:100FB0000028A6D04FF0000B79E700BF3CC8000C1A
:100FC00018F0000C90D6000C04000001E4CE000CD8
:100FD000014B1860704700BF5C01002080B50546DA
:100FE0000E461746984607F04FF8034601F0D4F92D
:100FF0000446DFF81890424649F80030394630463A
:10100000A84754F8090001F069F900BF0800000082
:101010002DE9F047044607464FF00109DFF84C8000
:1010200094FAA4F5B5FA85F509FA05F32E0108EB53
:1010300005156FEA030A24EA03042B7B63B158F811
:1010400006301B696BB94644736804222846196848
:1010500007EA0A0708F0B5FB002CE1D13846BDE8E5
:10106000F087284698470028F6D1ECE7C4CF000C5B
:1010700010B5002288B00E490E480BF0D6FA0022B7
:1010800000230024CDE906230E234FF44072CDE95E
:101090000334CDE90144084B08490094084806F0A0
:1010A000DDFC084906480BF0CAF8204608B010BD20
:1010B000C910000C58090020D113000CD0150020D5
:1010C000C80400204FD7000C014806F01BBA00BF2F
:1010D000000400202DE9F047804620480F4608F024
:1010E0004CFB0646002832D000252846BDE8F08794
:1010F000237B83B12368DB680BB120469847636884
:1011000083F8069023681B69CBB9636804222046E4
:10111000196808F056FB013610345445E8D3B8F18D
:10112000000FE2D0002DDFD02846FFF771FF054603
:10113000002FF7D0002164200BF066F9F2E720467B
:1011400098470028E1D009FA06F31D43E3E7054676
:101150004FF00109024CDFF80CA0DEE7A00D0020E3
:10116000C4CF000CD4CF000C014B53F820007047C3
:1011700020D0000C08B5034608462BB1044A136082
:1011800000F032FC002008BD6FF01500FBE700BF47
:101190006001002010B5044C237813B9034806F011
:1011A000B1F90123237010BDC515002000040020F3
:1011B00010B50446094808F0E0FA3CB1084BD3E802
:1011C000EF1F0139C3E8E21F002AF8D1054807F0F4
:1011D000E3F9BDE81040044806F094B9980D0020EA
:1011E0009C0D002058090020000400200022044B20
:1011F000D3E8EF0FC3E8E12F0029F9D1704700BF12
:10120000980D002070B5FFF7F1FF0546074C084E1A
:10121000B44200D370BD63685B792BB123685B680F
:1012200013B12946204698471034F1E7C4CF000C8B
:10123000D4CF000C10B5044C0449204608F08EF8B9
:10124000034B1C6010BD00BF5C0300200CD0000CE1
:10125000900D002000230D4A10B513700C4A4FF476
:101260007A7113600B4A0C481360FFF783FFFFF796
:10127000E1FF0A4B0A4918468B4200D310BD1A1AE7
:101280005C681211013222711033F5E7C615002097
:10129000980D00209C0D00208D97000CC4CF000CF1
:1012A000D4CF000C014600220023014808F077B893
:1012B0005C030020014808F00EB900BF5C03002069
:1012C000024B0146186808F061B900BF900D00207C
:1012D000014808F096B900BF5C03002070B5254BAB
:1012E0001B78002B43D0FFF7E5FF044600283BD1D5
:1012F000214B224D1B68002B12DD0BF04EF90A2208
:101300000023FEF77DFED5E90032C01A40F2E93332
:1013100061EB0201984271F1000101D3FFF772FF06
:10132000D5E9003213F57A7342F10002C5E90032C3
:10133000ECB1BDE87040FFF7CBBF6B685B7923B1C0
:101340002B68214628461B6898471035B542F4D3D0
:101350002046FFF7B5FF0A4BD3E8EF1F0139C3E87A
:10136000E21F002AC4D0F7E7064D074EEEE7002043
:1013700070BD00BFC5150020980D00205009002049
:101380009C0D0020C4CF000CD4CF000C70B50D4DC7
:10139000297861B90120FFF79DFE0B4C0B4EB4423A
:1013A00006D3FFF79BFF0028FBD101232B7070BDF4
:1013B00063685B791BB1236820469B6898471034AB
:1013C000EDE700BFC6150020C4CF000CD4CF000C41
:1013D00000212DE9F8430846FFF77CFE044648B398
:1013E0004FF4FA784FF0000900F0D6FF1A4B1B4A71
:1013F0001B58136033B11A4B1B68092B02DD1948C7
:1014000006F080F80025184F44B12046FFF700FE93
:10141000044618B94FF0FF384FF0FF39FFF75EFF71
:10142000064628B9B5B90F4842464B4606F09EF825
:101430003546E9E74FF0FF384FF0FF39D4E72B6826
:101440009B691BB100222846114698471035BD42C2
:10145000F5D3E8E7054DFAE708000000940D0020F9
:101460009C0D002000040020D4CF000CC4CF000C41
:1014700013B5184808F081F9174B1B7873B1EFF3D7
:101480001184202383F31288BFF36F8FFFF726FFA9
:1014900084F31188BFF36F8F02B010BD0F4B1B6830
:1014A000002BF9D050B9002200230D48CDE90023CC
:1014B00042F21072002307F037F8EDE70928EBD16C
:1014C000074807F069F8074802B0BDE8104006F089
:1014D00019B800BF9C0D0020C6150020940D0020F7
:1014E000580900200004002010B5064B04461B6874
:1014F00098472146A060044807F0CEFFBDE81040A1
:10150000FFF7B6BF600100205C030020044A054BD2
:101510009B1AB1EBD30F34BF52F831000020704753
:10152000E4CE000CC4CF000C2DE9F04F8FB0C1F316
:101530004A2604AF0D469046B8607B600C0D002E25
:1015400061D04FF000090A234FF0040B07F1140A91
:10155000FE60C7E90799C7F824900093CDF808B05A
:10156000CDF804A007F11C034A464046F968FFF78E
:1015700049FBB0F5006F03461CD36C468AB0D8F81F
:10158000041004AB24481A46C3E9050140F2FF7178
:10159000D9614FF400711984204B42F8103F4FF489
:1015A00012514B461E48FFF7BFFFA5462C37BD46DC
:1015B000BDE8F08FC0F30A0604F11700184420F0CC
:1015C000070080083B60FFF76DFE66F35325044675
:1015D00080B13B6800F11001C7E908390A23F961BD
:1015E000CDE901AB009340460E4AF96807F11C03B0
:1015F000FFF708FB66F353252A4620467B68B96847
:1016000008F0FFF8D2E704F1170020F00700800887
:10161000FFF748FE0446EDE764D7000C0400000124
:101620000CCF000CD597000C2DE9F04F87B0054684
:10163000DDE9106BDDE9127A884614469946BFB1A0
:1016400010213B465A460020CDF800A0CDF814A04A
:10165000FFF726F9B0F5006F01460BD340F2FF7398
:101660000221184A184807B0BDE8F04F08F022B927
:101670003946384604F0070305F00704E40044EA5D
:10168000831444EA402444EA065406F1170008444F
:1016900020F0070080080391FFF704FE054640B1E3
:1016A0003FB13B465A460399CDF800A01030FFF7F2
:1016B000F7F84B4622464146284607B0BDE8F04FB2
:1016C00008F09FB8A3D7000C0CCF000C406820B1E5
:1016D000034BC01A40F3CF0070474FF0FF30704704
:1016E000E4CE000C0EB403B503AB53F8042B014653
:1016F0000448019301F084F802B05DF804EB03B0F4
:10170000704700BF1799000CCA0605D48B064CBF62
:1017100002490349FFF7E6BF704700BFDCD7000C62
:10172000DBD7000C2DE9F04F89B098469DF850901A
:10173000159B044606930D46DDE916A3189F0592F6
:101740000493B9F1000F00F0B08007F480730793A1
:1017500008F035F807F0020B0246002874D0204646
:101760007749FFF7BFFF0646BBF1000F08D017F01F
:10177000440F6BD12A4620467249FFF7B3FF064457
:1017800007F0010353B1704B204653F829206F4BEB
:101790006F49002A08BF1A46FFF7A4FF07F48073B9
:1017A000002B07F0080318BF4FF00008002B79D07A
:1017B000684B204653F829206749FFF793FF0546F9
:1017C000059B2BB11A4620466449FFF78BFF054461
:1017D000B8F1000F05D0424620466149FFF782FF6D
:1017E000054460483544069B1BB122465E4907F01C
:1017F00057FC049B002B00F08E80DDF810803946EA
:10180000B8F1100F204628BF4FF010080026FFF750
:101810007BFFB54250DC0026334620461AF80320F1
:101820005249FFF75FFF0136102E4BD0710703D1ED
:1018300020464F49FFF756FF46453346EDD3204635
:101840004C49FFF74FFFEEE706468DE74A4B186815
:10185000002894D0494B4FF47A7B1B684FF03C0C26
:10186000B5FBF3F5B5FBF0F14FF4616300FB1155E7
:101870000BFB05F5B1FBF3F2B5FBF0FE03FB121118
:1018800000FB1E55B1FBFCF30BFB05F5B5FBF0F5BA
:101890000CFB131120460091CDE901E53849FFF713
:1018A00021FF6CE707F008058AE7B8F1010F4D4604
:1018B0000CBF2C48334896E720462D49FFF712FF0E
:1018C0000136A6E7002620462F49FFF70BFF3346D7
:1018D0001AF803202046A2F120035F2B28BF2E22F6
:1018E0002A49FFF7FFFE0136102E0DD0720703D1F3
:1018F00020461F49FFF7F6FEB0453346E8D820469C
:101900001B49FFF7EFFEEEE7049BC244B3EB08036D
:1019100004937FF472AFB9F1000F0AD0FB0704D52E
:1019200020460A4A0A49FFF7DDFE39462046FFF7FE
:10193000EBFE204609B0BDE8F04F07F0DFBF00BF67
:10194000E3D7000CE7D7000C30D0000CDED7000C3A
:10195000C4D3000C44D0000C0CD8000C12D8000CDE
:1019600016D8000C1799000C0128000C1BD8000C8D
:1019700023D8000C21D8000CA80D0020A40D0020B5
:10198000F0D7000C4599000C25D8000C27D8000C86
:1019900042F20F7373B58B4228BF0B4605680446AD
:1019A000052168460D4A06F097FE064663682846FC
:1019B0000B225B680A4907F093FF63683246694669
:1019C00028465B6807F08CFF63681B2228465B682B
:1019D000044907F085FF02B070BD00BF65DF000C51
:1019E0006FEE000C53EE000C00210123064A9042DA
:1019F00006D8064A01B901231360054B18607047E9
:101A0000012140085B00F2E740420F00A40D0020D6
:101A1000A80D0020F8B50D460446064F4618B442FE
:101A200001D12846F8BD14F8011BBB6801485B686A
:101A30009847F4E7F8C8000C014B0360002070479A
:101A40008CD0000C08B50348034A0021121A07F095
:101A5000F6FF08BDC8040020CC150020074808B5D3
:101A6000074A0849121A07F0ECFFBDE8084006488B
:101A7000064A0749121A07F0E4BF00BF0000002021
:101A8000C804002018F0000C000000200000002016
:101A900018F0000C2DE9F04706460C4600AF00296F
:101AA00036D0D1E90012E9468AB06D46A3684FF0FE
:101AB000050AE8461F48CDE90723CDE9050148F8A6
:101AC00010AF002342464FF421511B48FFF72CFD75
:101AD000D4E90312CD466369AD461848C5E907232A
:101AE000C5E90501C5F810A0002342464FF4215175
:101AF0001148FFF719FDCD46E3690121104A0E4850
:101B000007F0D8FEA36901210E4A0B4807F0D2FE68
:101B1000012E07D1EFF305830B4A31460648103BEF
:101B200007F0C8FE2146304605F03CF9BD46BDE849
:101B3000F08700BF64D8000C3CCF000C93D8000C99
:101B4000C2D8000CD1D8000CFFD8000C30BFFFF772
:101B5000FDBF00BF2DE9F04105460B4EDFF82C809C
:101B6000324606EB0807CC1B204609490AF0E2FD85
:101B7000A01942460021083C0AF0E9FDAC6707F1D4
:101B80000800BDE8F08100BF000000000800000070
:101B9000D4CF000C10B5244C2449254807F05EFF33
:101BA000A36A99013ED52248224907F057FF1E201B
:101BB000A36ADA0104D51E481F4907F04FFF1F2012
:101BC000194CA36ADB0204D519481C4907F046FFEB
:101BD0002020A36A1C0304D51548194907F03EFFCD
:101BE0002120114CA36A590304D51148154907F067
:101BF00035FF2220A36A9A0304D50D48124907F045
:101C00002DFF2320084CA36ADB0304D508480F49A5
:101C100007F024FF2420A36A6FEA03436FEA13430B
:101C2000A36210BD1D20C3E700ED00E012D9000C37
:101C30003CCF000C2AD9000C3DD9000C57D9000C20
:101C400081D9000C9FD9000CC4D9000CDED9000C3E
:101C500070B506460D46294C29492A4807F0FEFE74
:101C6000A36ADB0647D52748274907F0F7FE11206E
:101C7000A36A1C0704D52348244907F0EFFE12206D
:101C80001E4CA36A990712D521491E4807F0E6FEAB
:101C9000636BA26A120609D501211E4A194807F092
:101CA00009FE1EB1A36A23F08003A3621320134C24
:101CB000A36ADE0704D51348174907F0CFFE1420A6
:101CC000A36A9C0604D50F48144907F0C7FE1520E7
:101CD0000A4B9A6AD10658BF9A6A9A6A920642BF1C
:101CE0005A6A22F400525A629A6A42F0FF029A62D9
:101CF00000232B7070BD1020BAE700BF00ED00E09C
:101D000009DA000C3CCF000C1FDA000C52DA000C90
:101D100065DA000C7DDA000C93DA000CB2DA000C04
:101D200070B506460D46284C2849294807F096FE0E
:101D3000A36AD9043CD52648264907F08FFE172010
:101D4000A36A1A0504D52248234907F087FE182004
:101D50001D4CA36A9B0512D51D48204907F07EFE45
:101D6000A36BA26A100409D501211D4A184807F087
:101D7000A1FD1EB1A36A23F40043A3621920124CF3
:101D8000A36A590504D51248164907F067FE1A20C0
:101D9000A36ADA050ED50E48134907F05FFE1B2033
:101DA000094A936A43F47F43936200232B7070BD0A
:101DB0001620C5E7A36A9B04F2D505480B4907F036
:101DC0004DFE1C20ECE700BF00ED00E0E1DA000C66
:101DD0003CCF000CF7DA000C52DA000C08DB000CE8
:101DE00021DB000C36DB000C51DB000CB2DA000CFE
:101DF00010B52F4C2F48304907F030FED4F8E830AA
:101E0000D4F8E420500604D501212C4A294807F0D3
:101E100051FDD4F8E430D9070CD52648284907F0FD
:101E20001DFE2620224AD2F8E43043F0FF03C2F818
:101E3000E43010BDD4F8E4309A0705D51D48214997
:101E400007F00CFE2720EDE7D4F8E4305B0705D55A
:101E500018481D4907F002FE2820E3E7D4F8E430D3
:101E6000180705D51348194907F0F8FD2920D9E7C7
:101E7000D4F8E430D90605D50E48154907F0EEFD33
:101E80002A20CFE7D4F8E4309A0605D5094811494D
:101E900007F0E4FD2B20C5E7D4F8E4301B0605D598
:101EA00004480D4907F0DAFD2C20BBE72520B9E7EF
:101EB00000ED00E03CCF000C69DB000C82DB000C85
:101EC00092DB000CA8DB000CC6DB000CE1DB000C95
:101ED000FEDB000C13DC000C2DDC000C2DE9F041C6
:101EE0008AB0774B00AFD3F804800023C8F308060C
:101EF00083F31188BFF36F8F02F07F44B4F17F4FFB
:101F000031D112F001052FD012F0400502F0080483
:101F100003D02CBB0446012512E0530758BF0146ED
:101F2000684A0B6858BF01251A44012A98BF0B6CF8
:101F30000121654A654807F0BDFC74B1EFF389845F
:101F40000023FB71F31E092B00F29980DFE803F0F8
:101F50000E8F92848B9797979795EFF38884EFE78E
:101F60000C461D46ECE71D462C46E9E75849574804
:101F700007F074FD0023524EFB71F36A9A0705D5F2
:101F80005449524807F06AFD00232DE0F36A002B04
:101F900001DA5149F5E7F36A5B00F5D54F494B4843
:101FA00007F05CFD7369A26943F480737361BFF34A
:101FB0004F8FBFF36F8F32F8023C726922F4807248
:101FC0007261BFF34F8FBFF36F8F03F47F42B2F59F
:101FD0005F4F2BD1DBB2022B28D123680121404A6D
:101FE0003A4807F067FC2368FA79DAB907F108067E
:101FF00004F1200C324620686168083403C264454D
:102000001646F7D17A6A002D56D0C2F3080121B9DD
:102010006FEA52226FEA42227A62184607F10801FB
:10202000FFF738FD2837BD46BDE8F081244B9A6A9A
:10203000D2B222B10120F91DFFF70AFE15E09A6A1B
:1020400012F47F4F04D00120F91DFFF769FE0CE068
:102050009A6AB2F5803F02D3FFF79CFD05E0D3F802
:10206000E430002B90D0FFF7C3FE0346BCE700200E
:10207000F91DE1E70020F91DE7E71A4981E71A4A4F
:1020800018F4F87FE8468AB0184B08BF13466A4632
:102090001749103ECDE905134FF40073ADF8203019
:1020A000144B079642F8103F00234FF41151074894
:1020B000FFF73AFAC54667E76FF30802ACE700BFDF
:1020C00000ED00E0A6ED05016EDC000C3CCF000C3D
:1020D0008DDC000CA4DC000CC5DC000CD3DC000C97
:1020E000F2DC000C0EDD000C40DC000C55DC000CBA
:1020F00032DD000C04000001044B5A6942F010026A
:102100005A615A6922F008025A61704700ED00E0F6
:10211000EFF30880EFF3098101B57246FFF7DEFEA9
:1021200001BD00BF0A4880F30888202080F3118891
:1021300008484FF40061401880F30988EFF31480D9
:102140000221084380F31488BFF36F8F00F05CF81E
:10215000102C0020D01E00201EF0040F0CBFEFF347
:102160000880EFF30980816911F8021C0229FFD071
:1021700001B5724607F067FC01BD00BF00B2002840
:1021800007DB01234109034A00F01F00834042F8A6
:102190002130704700E100E000B200280CDB012292
:1021A0000649430900F01F008240203341F82320F4
:1021B000BFF34F8FBFF36F8F704700BF00E100E0A8
:1021C00000B2002801F10101ACBF00F16040064BF4
:1021D0004FEA4111C9B2ABBF00F5614000F00F00FA
:1021E00080F800131954704714ED00E0044B054AC1
:1021F00023F07F039360BFF34F8FBFF36F8F704760
:102200000000000800ED00E008B5FFF7EFFF0B4A03
:10221000D2F8883023F47003C2F88830EFF31483C7
:1022200023F0040383F31488BFF36F8FFFF70AFCD6
:10223000FFF714FC00F092F804F0D6FE00ED00E089
:1022400042F8203C009B0B4942F81C3C019B21F0CA
:10225000010142F8183C029B42F8081C42F8143C69
:102260004FF0807342F8043C0023203A0265C367B4
:10227000704700BFDD0F000C00B50B4B1546986092
:10228000826F0A4B0E461A602C4686F3098800209E
:10229000034B98472046002100220023014C204791
:1022A000739A000CDD0F000C90110020D00D00205F
:1022B0001022014B1A61704700ED00E0054B5A698E
:1022C0009B689A421FBF044A536843F0805353608F
:1022D000704700BF9011002000ED00E0084B9B68A4
:1022E00083420BD1EFF3058343B1064B5A6842F0AA
:1022F00080525A605A6A22F400425A6209F0A4BF1E
:102300009011002000ED00E011498A684FF0300084
:102310001044EFF3098C80E8F01F202080F312882E
:10232000BFF36F8F0B4F4FF000664A698A603E60C3
:10233000906F094C2060D06F0023D36780F3118821
:1023400002F1300090E8F01F8CF30988704700001C
:102350009011002004ED00E0D00D0020002320218A
:102360000348C21801339E2B82F80013F9D170473D
:1023700000E100E008B5EFF30583064A103B02EBED
:10238000C30152F8330049688847BDE80840FFF7A9
:1023900095BF00BF30C9000C0148006870470000BD
:1023A000D00D00201FB50121094B0A4A0A4800F050
:1023B0000FF90023064A0393084B0121019301A85A
:1023C000D31A029300F00EF905B05DF804FB00BFCC
:1023D00000000820000000208CD0000CC804002061
:1023E0000A7A0B6810B562F304031C46CB685209E5
:1023F00023F01F0343EA4203044A43F00103C2F8F7
:102400009800C2F89C40C2F8A03010BD00ED00E07A
:1024100010B50A4BD3F89030C3F30723013B984221
:1024200008D901210346064A064807F043FA6FF02F
:10243000150010BDFFF7D4FFFBE700BF00ED00E083
:1024400049DD000C24CF000C2DE9F04F89461446DD
:1024500006464FF000084F4D85B0C84527DAD6F83C
:1024600004A0BAF1000F44D0BAF11F0F17D91AF027
:102470001F0F14D1D6F800B01BF01F0F0FD1584614
:1024800007F00BFB07460AEB0B00013807F005FBD2
:10249000874210D06FF015073F4A3B4601E04346A4
:1024A0003E4A01213E4807F005FA6FF01504204628
:1024B00005B0BDE8F08F17F1160FEDD0BC42EBDD93
:1024C000C5F89870D5F89C10C5F89870D5F8A0306C
:1024D00021F01F0143F01F0BD6E900321A44994244
:1024E00002F1FF3A1AD1D34507D13146F8B207F0CD
:1024F000DDFA08F101080C36AFE73146C5F89870EF
:10250000D5F89C30E0B263F30402C5F89C2007F0D4
:10251000CDFA10F1160FC8D0441CEAE7C5F8987040
:10252000D5F8A020013B23F01F0302F01F02134344
:10253000D3453146E0B2C5F8A030E8D007F0B6FA8E
:1025400010F1160FB1D0C5F89870D5F89C209DF801
:1025500008300BF1FF3B62F304038DF80830D5F827
:10256000A0309DF808205B0863F347128DF808201F
:10257000D6E900321344009323F01F035B44A3EB1E
:102580000A03013023F01F036946C0B20393FFF72B
:102590003FFFBEE700ED00E095DD000C6FDD000CB5
:1025A00024CF000C0522044BC3F89420BFF34F8FB7
:1025B000BFF36F8F704700BF00ED00E0BFF35F8F88
:1025C0000022024BC3F89420704700BF00ED00E0EA
:1025D00010B5034C2278FFF737FF207010BD00BF05
:1025E000C81500202DE9F74F294D8A4606464FF0C1
:1025F0000008AB46274FD0451BDAD6F80490B9F156
:10260000000F3FD031680846019107F046FA019962
:10261000044609EB0100013807F03FFA84424FF00D
:1026200014021D4B08D002FB08F36FF015024BF8A3
:10263000032003B0BDE8F08F14F1160F2C60F8D022
:102640001978A142F5DD02FB08B0C7F89840C7F839
:102650009840D7F89C4000F10801007B64F3040027
:102660000871D7F8A0000C79400860F347140C718A
:10267000D7F89C1021F01F016960D7F8A01021F055
:102680001F01296108F1010814350C36B3E700BFBA
:10269000D40D002000ED00E0C8150020F0B553492E
:1026A000534DD1F890302C68C3F307239C4287B078
:1026B00000F299800020FFF781FF4E4BC1F8C03037
:1026C000844216D14C4D01A82C70FFF7B5F90026B5
:1026D00007464A4CB74213D100202B784349D1F822
:1026E0009020C2F30722934277DBFFF75BFF0020C5
:1026F00046E0696801EB0011FFF772FE0130DFE789
:102700000199300101EB0613DA682240B2F1807FB3
:1027100052D00AD8B2F5001F34D0B2F5800F3ED0A7
:10272000B2F5801F12D00136D4E7B2F1006F43D06A
:10273000B2F1805FF7D15A689B680958013B22F0DB
:102740001F00034423F01F03012032E05A689B68F6
:102750000958013B22F01F0003440120844623F066
:102760001F0340EA4C10CDE902218DF8100002A9A8
:1027700028780593FFF74CFE00282ADA6FF0150041
:1027800007B0F0BD5A689B680958013B22F01F0052
:1027900003444FF0020C012023F01F03E1E75A68C5
:1027A0009B680958013B22F01F000344062023F0D8
:1027B0001F034FF0000CD4E75A689B680958013B8F
:1027C00022F01F0003444FF0030C012023F01F03ED
:1027D000C7E72B7801332B70A5E7C1F89830C1F813
:1027E000A00001337BE74FF0FF30C9E700ED00E0C8
:1027F00098D0000CAAFF4400C81500200000F0FF8C
:10280000F0B587B007460E461446002110226846F0
:102810001D4609F09CFF02238DF80230054B2A4625
:1028200021466846CDE90476019305F07FFF07B0A5
:10283000F0BD00BFDF9A000C08B5024B1B6898473B
:10284000002008BDE80D0020034B044A186093786F
:1028500043F0020393707047E80D00206C010020E4
:1028600008B50649064821F00701C1F1005202F5FA
:10287000002206F0C3FB002008BD00BF4F3F002030
:10288000EC0D002070B541690446867A0A4D59B1B5
:10289000437ADB0706D4242303FB0653DB691B685A
:1028A0009B689847002363612420214600FB065063
:1028B000BDE8704009F023BC100400202422024B24
:1028C00002FB0030704700BF100400202DE9F043E8
:1028D00085B00546684690461C46039109F05FFEA8
:1028E000DDE90067EFF31189202383F31288BFF33A
:1028F0006F8F6B8A002B41D02A8A9A4225D90022F9
:102900000023284604F0CCFD0446F0B189F3118879
:10291000BFF36F8F039B002B41D032463B46684686
:1029200009F062FE2421A27A254B204601FB0233E6
:10293000DB6903A91B681D68DDE90023A847606106
:1029400070BB2046FFF79EFF24E0698A4B1E6B8216
:1029500089F31188BFF36F8F2B7D2A8A2C6A1B3372
:1029600023F00303521A02FB0344154B154AEB1ADA
:102970009B105343A3722B7DE372CBE789F311883D
:10298000BFF36F8F23464246284604F089FD044674
:102990000028BFD10024204605B0BDE8F083636164
:1029A000012300252381039B29466382E27A656027
:1029B00004F1180009F0CBFE63692582E360EAE7C1
:1029C00010040020398EE33870B524250C4C00B972
:1029D00070BD037A4668002BFAD0013BDBB203726C
:1029E000002BF5D1C3604360837A05FB03439B69E9
:1029F00013B198473046EAE7FFF744FFFAE700BF14
:102A00001004002038B5044605F01AFB204607F0F4
:102A1000B6F8A06958B194F86C30DB0723D409F0FC
:102A2000D9F968B90121114A114806F03AFF6FF04F
:102A30001205201D07F0AAF805F016FB284638BD40
:102A4000204600F0BDFF05460028F2D101462422B1
:102A500004F1280009F07BFE94F86C3043F0010388
:102A600084F86C30E5E76FF07705E2E7DEDD000C17
:102A700094CF000C70B5044605F0E2FA204607F04A
:102A80007EF894F86C30DA073CD5C3F340019B071D
:102A90003BD4A06908F0BCFB0646A06908F048FCDE
:102AA000054658B101211A4A1A4806F0FAFE201DBF
:102AB00007F06CF805F0D8FA284670BDA36F4BB14B
:102AC0003146204607F0E2F90546A0B1A06908F0BA
:102AD00057FCECE7A06908F0D3FBA0670028EFD112
:102AE00001210D4A0B4806F0DCFEA06908F048FC05
:102AF0006FF00B05DBE794F86C3043F0020384F8C9
:102B00006C30D4E74FF0FF35D1E76FF07705CEE7B3
:102B100001DE000C94CF000C1DDE000C38B590F8DF
:102B20006C3004469B0720D507F029F80021204689
:102B300001F0C8F820B101210D4A0E4806F0B1FE9F
:102B4000A06908F01DFC054620B101210A4A094888
:102B500006F0A7FE94F86C30201D23F0020384F8E1
:102B60006C3007F013F8284638BD6FF07705FAE7A8
:102B700039DE000C94CF000C57DE000C38B58021F4
:102B80000446806908F09FFB054678B1014620465F
:102B900001F0F8FA044638B106480121064A06F069
:102BA00080FE2846FFF710FF204638BD6FF00B046B
:102BB000FAE700BF74CF000C87DE000C38B504467E
:102BC000806F06F09CFF054606F094FF20462946DC
:102BD00001F0D8FA044638B104480121044A06F04D
:102BE00060FE2846FFF7F0FE204638BD74CF000C8B
:102BF000AADE000C2DE9F04190F82830044603F0DD
:102C00001F03012B0F4600F128062FD0022B18D0EE
:102C10008BB3204694F8291006F0FFFF024678B3E4
:102C2000304607F0E4F81D4D002834D113693BB35A
:102C30003A463146204698470346FFF7ADFB2B50F6
:102C400024E0818DC9B201F055F905460028E0D095
:102C5000304607F0CCF8024668688368CAB99B68BA
:102C600073B13A463146BDE8F0411847818DC9B28B
:102C700007F075F9E9E790F8291007F089F9E4E71A
:102C8000FFF78AFB6FF08502044B1A500020BDE865
:102C9000F081DB68E4E7D368C9E700BF0C000000FF
:102CA0002DE9F04F0B7E044633F080080D461646A2
:102CB00095B00AD00121A74AA74806F0F2FD6FF0AF
:102CC0000408404615B0BDE8F08F82B10846FFF712
:102CD0007BFE6B7EDF0704D49E07F2D52B7E002B94
:102CE000EFD1204615B0BDE8F04FFFF767BF4A7E31
:102CF00000F12809900705D5802B09D12846FFF758
:102D000063FEDEE7910700F06A84002B40F06784E1
:102D1000D20734D52B8A082B0DD1EA6829461368CF
:102D20000020A3625368C9F8043006F0ECFE0546A3
:102D300040B18A4A00E08A4A0121874806F0B1FD85
:102D400000F031BC484607F052F8E28D70B9B2B1DC
:102D50002946A06908F0A3FA0146002800F07A8409
:102D6000204615B0BDE8F04F01F00CBA3AB111465B
:102D7000204607F0F2F90546002800F06B84FFF7C3
:102D80000BFB002394F82880764F18F0600FC35196
:102D9000C8F3411307D0032B40F0D681FFF7FCFAAC
:102DA0006FF0850338E0484607F021F894F82930A1
:102DB000002840F06781013B0A2BEFD801A252F8AE
:102DC00023F000BF712F000C9D2D000CF92F000C7B
:102DD0009D2D000CF12D000C9D2D000C9D2D000C47
:102DE0009D2D000C6D2E000C9D2D000CDD2E000C79
:102DF000618D7F29D2D8A38D002BCFD1E38D002BFD
:102E0000CCD118F01F0FC9D194F83030022B05D166
:102E1000FFF7C2FA4FF0FF333B5083E0A06903692C
:102E200093F880301B070DD5C9B207F016F880461D
:102E300058B1638D01214C4A474806F03BFD002DF7
:102E400073D13EE7012384F8393094F83030012BF8
:102E50000AD1638D43B984F83030FFF79DFA3B58AF
:102E6000002B00F09A805DE00123F4E7204606F095
:102E70008FFE628D0146FF2A90D8E38D002B8DD105
:102E800094F82830D80689D194F83030002BBFD080
:102E90002AB12046D2B207F034F80028B8D0618DAC
:102EA00094F838308B42D8D02046C9B200F00AFFDF
:102EB000638D804630B1012100902C4A264806F0EF
:102EC00003FDBCE7002B14BF02220122052184F878
:102ED000302020461A4607F0A8F9BEE708F01F0880
:102EE000B8F1010F7FF45AAFE38D002B7FF456AF9A
:102EF000628DFF2A3FF652AFA18DFF293FF64EAFFC
:102F000094F83030022B83D12046D2B2C9B207F0F8
:102F1000A8F810F1020F804640F01B81FFF73CFA41
:102F200047F8008065B14FF000082846FFF74CFDD8
:102F3000B8F1000F7FF4C5AEFFF72EFA3B5863B32C
:102F4000484606F054FF0346A069002B00F0858335
:102F500080218BE3C9DE000C74CF000C01DF000C74
:102F6000EADE000C0C00000023DF000C45DF000C43
:102F7000E38D002B7FF412AF94F83030002B3FF438
:102F800047AF012BA18D02D100297FF441AF18F08A
:102F90001F080CD0B8F1020F16D0E38D002B40F0C3
:102FA000F5822046FFF7EAFD0028C9D199E60029FD
:102FB0007FF42EAF638D012BEFD194F86C3061F369
:102FC000C30384F86C30E8E7B4F82AA0BAF1000F24
:102FD000E3D15FFA81F84146204607F0F6F8034650
:102FE000FFF7DAF93B50013300F044835246414683
:102FF000204606F002FF30E7E38D002B7FF4CEAED3
:10300000628DA38D022A5FFA83FA11D108F01F089E
:103010005AEA08087FF4C2AE0122A069190A06F034
:10302000FCFE00287FF4BAAE012384F8393014E79F
:1030300094F8301000293FF4EBAE012902D1002BA7
:103040007FF4E6AE18F01F0812D0B8F1020FA4D139
:10305000002AA2D15146204607F0A3F80346FFF705
:103060009BF93B50013300F0058301225146BFE735
:10307000002B7FF4CDAE012A8FD194F86C3043F051
:1030800008039EE70A2B3FF689AE01A252F823F00F
:10309000BD30000C9D2D000C9D2D000C9D2D000CB5
:1030A0009D2D000C9D2D000C3731000C9D2D000C2A
:1030B0000935000C9D2D000C3335000CE38D022BDF
:1030C0007FF46CAE94F83030002B3FF4A1AE012BAE
:1030D000A18D02D100297FF49BAE18F01F0811D0FA
:1030E000B8F1020F1CD04FF0000805F10C0A504651
:1030F00006F075FEE38D984218D2FFF74DF96FF098
:103100000B0389E600297FF483AE94F86C304FEA14
:10311000930808F00208C3F3001348EA0308E4E741
:103120002046C9B207F060F88046DEE741465046C7
:1031300006F00CFD91E6B4F82AA018F01F0F4FEA34
:103140001A215FFA8AFA09D029462046FFF752FD74
:103150008046B8F1000F7FF472AE7EE601390E2989
:103160003FF61CAE01A353F821F000BFA931000CBB
:10317000E931000C9F32000C9D2D000C9D2D000CA0
:103180009732000C9732000C9D2D000C9D2D000CE9
:103190009D2D000C9D2D000C9D2D000C9D2D000CD7
:1031A0009D2D000CFB33000C05F10C08404606F089
:1031B00016FE83462046B4F82EA006F0E9FC20B1A6
:1031C00001287FF4EBAD616F00E0216F002900F072
:1031D0005582DA4528BFDA460A784046524528BF6C
:1031E000524606F0A2FC38E6204606F0D1FC0AF171
:1031F000010A014603905FFA8AF2204606F05BFE60
:10320000834630B901215346B84AB94806F052FB0B
:10321000C4E505F10C0AD0F80480504606F0DFFD45
:1032200098F800204146824228BF0246504606F0E8
:103230007CFCDBF80CB0BBF1000F09D1298AE38DCF
:1032400099427FF60AAE5046C91A06F089FC04E698
:10325000DBF8040083681B6B13B9DBF800B0EAE706
:10326000039998470028F8D0A0F1040858F8041FE3
:103270000029F2D00A78002AEFD05046CDE9042187
:1032800006F0ADFD049A0599904238BF82B25046CF
:1032900006F04BFCEAE7204606F07AFC7EE5524653
:1032A0000321204606F0F9FC824600283FF476AD63
:1032B00006F090FDB4F82EB09AF81510C8B99AF837
:1032C00014808DF831108DF83080DAF8103005F167
:1032D0000C0A1B885046ADF8323006F080FDC3451D
:1032E0005A4628BF4246824228BF02460CA9504691
:1032F00077E700237F4A8DF81D10DAF808108DF863
:103300001C300A407C498A4266D1102108A803F08B
:1033100001FAB0F1000845DB0CA9B8F1100F4FF02D
:103320000003084628BF4FF01008DFF8D0E10DF188
:10333000200C984501F102013ED803464FEA880867
:1033400008F102085FFA88F88DF81C8005F10C0A74
:103350005046049306F043FDD84528BFD846804523
:1033600028BF8046B8F1020FC34628BF4FF0020BBA
:1033700050465A46A8EB0B0807A906F0D6FB4FEAC1
:1033800058030393049B9B4603EB58025A452AD1EA
:1033900018F0010F3FF461AD5046039A995C06F0B6
:1033A000CDFB5AE518F1580F7FF4F8AC0121544ACF
:1033B0004F4806F076FAF1E41CF8012B01334FEA8E
:1033C000121A02F00F021EF80AA01EF8022001F8DD
:1033D00002AC01F8012CACE79AF81480DAF810304E
:1033E0008DF81C80B2E750461BF8011BCDE9042381
:1033F00006F0ACFBDDE90423C8E7204606F0C8FB75
:1034000038B101282CD0FEF7C7FF6FF085033B5081
:1034100023E5236F002B00F031815B88B3F5007F3B
:10342000F1D9384B04F14C0B0C9300238DF8343058
:10343000E36C9B4508BF0023BDF83210A3B15A7D51
:103440000F2A08D11A7D0A44ADF832209DF83420A5
:1034500001328DF83420226D934203D01B68EBE7D4
:10346000636FD7E7BDF8321005F10C0A504603919F
:1034700006F0B5FCB4F82E800399884528BF88462D
:10348000804528BF80464246052A28BF052250466F
:103490000CA9039206F049FB039AB8EB02083FF42B
:1034A000DCACE36C5B453FF4D8AC002B3FF4D5AC0F
:1034B0005A7D0F2A14D11A7D1969424528BF424608
:1034C0005046039306F031FB039B1A7D424594BF9F
:1034D000A8EB0208A8EB0808B8F1000F3FF4BDAC58
:1034E000226D93423FF4B9AC1B68DEE768DF000C45
:1034F00074CF000C00FF0200000302007BEE000C02
:103500008EDF000C050F050094F83030002B3FF4DF
:103510007FACE38D012B7FF441AC05F10C084046F4
:1035200006F05DFC00283FF4E8AD94F83810404602
:1035300035E708F01F08B8F1010F7FF469AC2046A9
:1035400006F0CDFC00283FF463ACB4F82CA0BAF12F
:10355000FF0F3FF623AC43681B795345FFF41EACC5
:103560005FFA8AF30F2B3FF619ACE38D012B7FF442
:1035700015AC05F10C08404606F031FC00283FF47C
:10358000BCAD04EB0A0393F83A10D0E7484606F0C6
:103590002EFC18B92846FFF717FA02E529462046FF
:1035A00000F0F0FD18B12846FFF70EFAC8E4A06954
:1035B000036993F8801011F004017FF492AB07F0D7
:1035C00082FE054600283FF4BBAC0146204600F0D1
:1035D000D9FD00283FF485AB2A4AFFF7ADBB52075F
:1035E0007FF5AEAC002B3FF489AB2846FFF7ECF932
:1035F00094F83930002B3FF464AB94F82930052B54
:103600000CD1618DA069C9B206F027FC064628B12D
:10361000638D01211C4A1D4806F04CF994F82930AD
:10362000032B11D1638D022B0ED1A18D00220D0A27
:103630002946A06906F0F1FB064628B101212B4678
:10364000134A124806F036F90023B04684F83930A0
:10365000FFF737BB6FF00B0672E4E38D002B3FF4EE
:1036600077AC16F10C0118BF0121C90107F030FD3C
:10367000FFF737BB4FF0FF38FFF7E1BB6FF01508DE
:10368000FFF7DDBBB0DF000C23DF000C74CF000CB4
:10369000D4DF000C0B7810B4062B14D10369D3F8D7
:1036A0009C20EFF31184202383F31288BFF36F8FE4
:1036B00000204B681860506A58B9C2E9083384F397
:1036C0001188BFF36F8F00220023034810BC08F05D
:1036D0006CBC03605362F2E7C803002030B589B0C8
:1036E000002200230024CDE906236FF007034FF4E6
:1036F0008062CDE90334CDE90144154B15490094AE
:10370000154804F0ABF91549134808F098FD144B1F
:1037100014498B4207D30020134B14498B420CD31E
:10372000002009B030BD03F11402D2E8EF0FC2E867
:10373000E54F002DF9D11833EBE703F11402D2E87D
:10374000EF4FC2E8E50F002DF9D11833E6E700BFCF
:10375000C937000CD01800209009002094D3000C29
:10376000B0040020C8040020C8040020C8040020C1
:1037700038B50D4606F0B3FB30B90121BDE838403D
:103780000F4A104806F08DB8C46804B938BD2B78CC
:10379000032B05D0052B0ED0022B08D02468F4E7AC
:1037A000606883685B69002BF8D09847F6E760682B
:1037B00083689B69F7E760688368DB69F3E700BFAC
:1037C000FBDF000C84CF000C2DE9F0434FF0200804
:1037D00085B000AF4FF0FF334FF0FF327248391D14
:1037E00003F038FDFB681B69D3F89C40236A93B152
:1037F000EFF3118288F31288BFF36F8F256A2DB122
:10380000616A2B688D42236208BF636282F311886C
:10381000BFF36F8FC5B93B79062BDBD0072BD9D807
:1038200001A252F823F000BFA538000C9938000C13
:10383000CD38000CAB38000C0339000CEF38000C0D
:10384000D537000C9739000C2B7E29465E062046A2
:10385000D5F81E201DD1FFF723FA06460028C5D053
:10386000E9468AB06A462B7ECDE9073505234F49E4
:10387000CDE9051042F8103F00234FF421514C4888
:10388000FDF752FE3246CD460721204606F0CDFC1C
:10389000ACE706F074FBE0E700220121204606F0C9
:1038A000C4FC97E700221146F8E794F86C3043F027
:1038B000040384F86C3094F83030022B03D1204696
:1038C000391DFFF755FF00220321E7E794F86C301C
:1038D00023F0040384F86C3094F83030022B03D1C9
:1038E0002046391DFFF744FF00220221D6E794F855
:1038F0003030022B7FF46EAF2046391DFFF738FFC2
:1039000068E794F86C30A66923F0040384F86C30FF
:10391000D6F808903369A033D3E8AF3F9A071ED595
:103920003046D9F83C309847D9F824300021304649
:1039300098470546D9F840303046984795B11D4A1A
:1039400001211B4805F0ADFF00220421204606F0AE
:103950006CFC002D3FF43EAF2A4607219EE74FF056
:10396000FF35ECE72946204600F0ACF9054608B1E2
:10397000114AE5E7A06907F0C5FC831E584258418B
:1039800094F86C3084F8305023F0680343EA401315
:1039900084F86C30D8E70121084A054805F081FF1A
:1039A0000621BA687AE700BFC80300202AE0000CAD
:1039B00084CF000C54E0000C82E0000CAEE0000C60
:1039C00038B5024605460C49806907F0F9FC044603
:1039D00030B10121094A0A4805F063FF204638BD8D
:1039E00085F83800284600F04FF804460028F5D046
:1039F000A86907F014FDF1E79536000CBEE0000C55
:103A000084CF000CF8B501231D460C68002C35D07E
:103A100063F07F02D6B202F07F02103224FA02F77E
:103A2000FF0716D5046824FA02F7FF0708D43346C7
:103A300013480121134A05F03DFF6FF01500F8BD52
:103A400005FA02F224EA020404600C6824EA020483
:103A50000C60DC40E6070ED5026822FA03F4E407A6
:103A600000D4E5E705FA03F422EA040202600A68DA
:103A700022EA04020A600133102BC6D10020DEE7DF
:103A8000ACCF000CE5E0000C2DE9F04F83698346D4
:103A90001B69026F93F880308FB0C3F34113022B80
:103AA0000ED0032B0ED0012B0CBF10230823D37193
:103AB000DBF854800027B8F1000F05D14446D6E06A
:103AC0002023F4E74023F2E7D8F80430D8F80C506C
:103AD00003930C9704977DB9049B039A09339BB217
:103AE00093701B0AD3701771D8F80C40002C40F06B
:103AF000D480D8F80080DDE7002468680D948368DE
:103B00001B6B002B00F0BA8021469847002800F07C
:103B1000B5803E46C5E90344031F0293029A52F85A
:103B2000043F02920BB11A789AB9BE4240F2A380C8
:103B3000EB680D9A1343EB60686883689B6A002BFF
:103B400000F09E8098470446002800F09C80594A67
:103B500081E05A780B2A08BF9E70029B1B685A7836
:103B6000042A10D1EA680D990A43EA60DA78002A3B
:103B700061D101229E702B69B240134301362B6143
:103B8000F6B200230D93029BD3F8009099F8013010
:103B9000052BC3D16FF012044FF0010ADBF8183087
:103BA000089399F8052099F804305FFA8AF143EAFE
:103BB0000223ADF82E300C9B069399F90230069A39
:103BC000002BA3BF4FFA8AF30793534641F08001BD
:103BD000BFBF4BB2079321F080031033DA40D20706
:103BE00030D40D9A22FA03F3DB0705922AD499F810
:103BF000063099F80320089800930DF12E030991DF
:103C000007F0DCF909990446E0B9079B89F802102E
:103C1000002B4FF00103BCBF21F0800110318B401D
:103C200006980599BDF82E2019431843CDE90C01DB
:103C3000A9F8042072E7721E9A700DA90CA8FFF76C
:103C4000E1FE9EE70AF1010ABAF1100FA9D1002C9A
:103C50003FF464AF184A0121184805F022FED8F855
:103C600004305B790121164A144805F023FE2046F2
:103C70000FB0BDE8F08F6FF01504EBE73E465BE751
:103C80006FF0850463E70146686806F048F9049B15
:103C9000374603442D6804931DE7E36804F10C01E3
:103CA000A3600CA8FFF7AEFE08B924681EE76FF00A
:103CB0001504D4E726E1000C02E1000CACCF000CA7
:103CC0004AE1000C2DE9F04105460E4605F060FF83
:103CD00095F8383080463BB3284606F000F9074691
:103CE000F8B10146284606F06AF910220446002180
:103CF00005F13A0008F02BFD002385F83830FF6805
:103D000047B98CB10121194A194805F0CAFD20466E
:103D1000BDE8F081786883685B6A03B198473F68C3
:103D2000EEE76FF03C04EDE71EB985F8386000243B
:103D3000EDE732464146284606F0BDF8074690B109
:103D40000246284606F065F904460028DFD185F8CA
:103D50003860FC68002CEAD0606883681B6A03B195
:103D600098472468F6E76FF03C04D0E739DE000C92
:103D70006CCF000CF8B504460E461546576806F0A1
:103D800091F894F86C30D9070BD50121354A3648A3
:103D900005F087FD6FF00F06201D06F08AF830460B
:103DA000F8BD012E07D1314A01212F4805F079FDD8
:103DB0006FF08506F0E7FB799A0607D5A3691B69C2
:103DC00093F880309B0701D4294AEDE7C6B9E36D2B
:103DD00053B9626DB2B9236F6A685B7C0133DBB2A1
:103DE0005371226F537418E09D4207D10121214A7B
:103DF0001D4805F056FD6FF01506CDE71B68E7E797
:103E00001D4AD1E795421BD12A689BB9A36D626513
:103E10009D4200D1A26500232B60A968B9B120465C
:103E200005F055FF064670B10121144A0E4805F011
:103E300038FDB1E71A60A26D954208BFA365EAE7B5
:103E400013461268C6E7A86805F0C4FFB8710023DE
:103E50002B60A36D1BB9C4E9155500269CE71D60B6
:103E6000A565FAE79BE1000C6CCF000CBDE1000CEE
:103E700077E1000CEBE1000C08E2000C28E2000CFA
:103E800080B500AF88B06A46094BCDE905304FF4E4
:103E90000073ADF81C30074B42F8103F00234FF47D
:103EA000E2510548FDF740FB0020BD4680BD00BF44
:103EB0005FE2000C030000017CCF000C70B50546EA
:103EC00081B12846FFF7DCFF0024204670BD6368FF
:103ED00028461968FCF7AEF80028F6D01834B4422A
:103EE000F5D3EEE7014C024EF9E700BFB004002025
:103EF000C804002070B5012501F07F0311F0800F88
:103F000018BF10339D4090F830300446022B06D085
:103F100001210C4A0C4805F0C4FC002070BD90F84B
:103F2000386005F035FE32460146204605F0C3FFF5
:103F30000028F2D0C0680028EFD083681D42EDD180
:103F40000068F8E77DE2000C7CCF000C2DE9F84317
:103F500005460846114616469846FFF7AFFF044649
:103F6000002841D0284605F0D3FF95F86C30DA07D9
:103F700005D51F4A01211F4805F093FC07E0D4F83E
:103F8000049004F11407D7E8AF3FDB0707D56FF0C3
:103F90000F04281D03F034FA2046BDE8F883D9F851
:103FA00004301BB19D4201D0134AE3E7424631463B
:103FB000284605F080FFA0B10023236003696BB998
:103FC000C0E90344D7E8EF3F43F00103C7E8E23F0D
:103FD000002AF7D10024C9F80450DAE71C60046114
:103FE000F0E76FF03C04D4E76FF01204D4E700BFB1
:103FF0009BE1000C7CCF000CA2E2000C2DE9F84FF5
:1040000081461646984600AF002938D06FF08504E7
:104010002046BD46BDE8F88F6C68B8F1000F04D0AB
:10402000A8F1040B5BF8041FF9B92168334600229C
:104030004846FFF78BFF0446E0B16B686D468AB0D7
:104040006A461B6810490796CDE905134FF40073C3
:10405000ADF820300D4B42F8103F00234FF41151C2
:104060000B48FDF761FAAD46D2E72068FBF7E2FFA7
:104070000028D7D118355545CED30024C8E7054DC3
:10408000DFF814A0F7E700BFD7E2000C040000013E
:104090007CCF000CB0040020C80400202DE9F04FB4
:1040A00083B000AF7B6097F830304C680E463B60C1
:1040B0008146904605F06CFDA36801461B6B33B941
:1040C0006FF0150420460C37BD46BDE8F08F204642
:1040D00098470028F4D00024051F06F10C0A55F873
:1040E000041F09B10B782BB9002C14BF00246FF00A
:1040F0003C04E7E74B78042B0ED1002C3CD18B78A5
:104100007A689342EBD1CB783A689342E7D10B7946
:10411000002BD7D00124E2E7052BE0D1002CDED024
:10412000B8F1010F91F802B009D0B8F1020FF1D146
:1041300052465946D9F8180005F0F9FF04E05246F6
:10414000D9F8180005F0D7FF04460028E2D06D46E4
:104150008AB06A46F368CDE907B306230749099098
:10416000CDE9051842F8103F00234FF441510448AF
:10417000FDF7DAF9AD46A5E70024A3E70FE3000C4D
:10418000A4CF000C2DE9F0410B7E0C4659060546E4
:1041900037D16BB305F035FD40B11B4801211B4AF7
:1041A00005F07FFB4FF0FF30BDE8F0812846D5F8E1
:1041B0007080268AEF8D05F0EBFCF8B1421E534269
:1041C00053419B01228A9AB1BE42324628BF3A46E9
:1041D000E98D91420CD9B2FBF3F103FB11223AB9FC
:1041E00094F91830002BBEBF637E43F0080363765A
:1041F0002146A869BDE8F04106F0C4BF98F8073031
:10420000E0E76FF01500CFE79CCF000C4BE3000C0C
:1042100070B50646EFF31181202383F31288BFF3B4
:104220006F8F1B4D2A6881F31188BFF36F8F52681F
:1042300092F86C20D20705D4BDE870400A22002312
:1042400003F098BBEFF3118283F31288BFF36F8FF3
:104250002C682CB1696823688C422B6008BF6B60A6
:1042600082F31188BFF36F8F44B1606804F10801D5
:10427000C36998472146074807F047FE2B6833B1CA
:104280003046BDE870400022002303F03FBB70BD04
:10429000F80D00209803002030B585B0CDE900125C
:1042A000054600220023144803A902F03FFF0246FE
:1042B000E8B9DDE90001039B5D60083383E8030092
:1042C000EFF31180202383F31288BFF36F8F039BDA
:1042D0001A600A4A516861B9C2E9003380F3118853
:1042E000BFF36F8F00220023054803F00FFB05B0DA
:1042F00030BD0B605360F1E798030020F80D0020FB
:104300000000002038B54B780469202B45682069EF
:1043100008D0222B19D0FEF73FF86FF08502104B22
:104320001A5010E0CB88072BF5D1D3681A68426089
:104330009A8802819B79837205F098FF22460821B2
:10434000284605F080FF002038BD4B880921C3F3C3
:104350004002838103F00103027643762246EFE7B1
:104360000C00000008B513464A78212A14D133B94D
:10437000FEF712F86FF00B020A4B1A500AE0CA88D7
:104380000169072A096928BF0722043103F10C00DB
:1043900005F0CBFB002008BDFDF7FEFF6FF08502A6
:1043A000004BEAE70C00000073B5202504698DF886
:1043B0000710EFF3118685F31288BFF36F8F012288
:1043C000E06B0DF1070105F083F986F31188BFF367
:1043D0006F8F01280CD007F02CFF88B101220C4B05
:1043E000D3E8EF1F002903D1C3E8E02F0028F7D15D
:1043F0000A22002304F1480003F088FA02B070BDDD
:10440000A37E002BEAD000210A2007F0FDFFD0E7B1
:10441000000E002038B5002405690E49EB6B05F14C
:104420004800C3E90144DC606B6BC3E90144DC6014
:1044300007F0F3FE05F17800074907F0C2FE0749CF
:1044400005F1240007F0BDFE284605F00FFF2046C9
:1044500038BD00BF49A4000C8BA7000CDDA6000CE2
:104460000121024A024805F01CBA00BF8DE3000C8E
:1044700004CF000C70B5054602F070FC0446084EEF
:104480006B6863B102F06AFC031BB34203D9BDE859
:104490007040FFF7E5BF022007F076FCF0E770BD43
:1044A000BFD4010038B54568D5E9010183681B68B0
:1044B0006BB19847041E0DDA14F1780F0AD0234629
:1044C000184A0121184805F0F5F9204638BD6FF06B
:1044D0005704F4E76868E96883681B6843B1984744
:1044E000041E08DA14F1780F05D0104A2346E8E7D5
:1044F0006FF05704F9E72B69984701222B681A706F
:104500002868FFF7B7FF2B7D13B100222B681A70C4
:104510002A680024137843F0020313702868FFF719
:10452000A9FFD2E7BCE3000C04CF000CE0E3000CD1
:104530002DE9F0470546894690461F46D0F808A069
:1045400006F076FC0446C0B1067DF30709D5037E6C
:1045500016480121164A05F0ADF96FF07700BDE865
:10456000F0873B464246494606F00BFC40B9237EA5
:104570000121104A0D4805F09DF96FF01200EEE799
:104580009DF8203026F0060684F81980678323778B
:104590002675DAF81830214628469847B0FA80F395
:1045A000227D5B0963F300022275D8E75CCF000C23
:1045B00033E4000C4DE4000C70B50546866806F047
:1045C00037FC0446D0B1037DDB0708D4037E0D48D9
:1045D00001210D4A05F06EF96FF0770070BD0146BC
:1045E000F3692846984738B1237D03F00103227D03
:1045F00063F300022275F1E70346F8E76FF012005B
:10460000ECE700BF5CCF000C6FE4000C2DE9F34138
:104610001746D0F808800546D8F83C300E46984733
:104620000022002339460B48FEF750F9044670B9C2
:1046300001213B46084A0948009605F045F92846FD
:10464000D8F840309847204602B0BDE8F0810676A1
:10465000F5E700BF100400208AE4000C5CCF000CDA
:104660002DE9F84F8146884692469B460C46002627
:104670001B4F564501D1002522E0A37CBBF1800FE2
:104680000CBF43F0200343F04003A374DEB9D8F815
:1046900010306FF3100343F4803343F04003C8F845
:1046A00010304BEA060321462376484606F0D2FB3B
:1046B0002034054688B101210A4A0B4805F0F1F87B
:1046C0002846BDE8F88F23693B4043F4602343F458
:1046D0007F7343F003032361E3E70136C9E700BFBB
:1046E0000000F1FFB8E4000C64CF000C70B5066860
:1046F00002F034FB0446064DB37803F0FF0033B1FB
:1047000002F02CFB031BAB42F6D96FF0730070BDB7
:10471000BFD4010030B5036989B0D3F8A450044672
:10472000083500220023CDE906236FF0070301229C
:10473000CDE9033200230090CDE901334FF400723C
:104740002846054B054903F089F92168284609B038
:10475000BDE8304007F073BD6549000CD01C002057
:10476000F8B5137E446823F080034FEA431C04EB42
:10477000431443F6FF730D8A06689D4228BF1D4609
:10478000EFF31187202383F31288BFF36F8F664402
:1047900096F806311B060BD587F31188BFF36F8F90
:1047A000127E1348134906F081FF6FF00A00F8BD2E
:1047B000CB682361508BC0F30A0006F0B2FEE37DA4
:1047C000257560F30613002003F0F00360F3C713B0
:1047D000C5F30525A0756575E37596F8053143F0B9
:1047E000800386F8053187F31188BFF36F8FDEE70A
:1047F00064CF000CD4E4000C38B5436805461C684F
:104800009B6B03B1984723899BB243F0010323813B
:10481000237803F0FD032370237843F00103237012
:104820006868FFF763FF054630B10121034A044879
:1048300005F037F8284638BD6062FBE7FFE4000C5E
:1048400064CF000C38B5044643681D689B6B9847DD
:104850002B899BB243F001032B812B7803F0FD03DE
:104860002B706068FFF742FF014690B92046FFF7C2
:10487000A3FE38B108480121084A05F012F86FF08C
:10488000040005E080212046FFF796FE0028F1D1C4
:1048900038BD6FF07300FBE764CF000C1EE5000C21
:1048A0002DE9F843147E4B8ACF68D1F81480B1F813
:1048B0001090D0E9005EEFF31186202080F312887B
:1048C000BFF36F8F24F0800005EB40154FEA401CCA
:1048D00095F8060140060CD486F31188BFF36F8F5C
:1048E000127E1E481E4906F0E1FE6FF00F00BDE883
:1048F000F883107E28B3C9680EEB0C044EF80C1038
:104900000021A3EB09032171A7EB08015B1A43F611
:10491000FF718B4228BF0B4699016171C3F3870178
:10492000A171E179C3F3832321F00F010B43E371FC
:10493000508BC0F30A0006F0F4FDE37960F3061330
:10494000E37195F8043143F0400385F8043186F3B0
:104950001188BFF36F8F0020C9E700BF64CF000C40
:10496000D4E4000C2DE99F4804462369D3F8A4A0A1
:104970000AF190094FF0FF334FF0FF324FF0FF3153
:10498000CDE900234846002207F0CAFE8046206990
:1049900084304FF0FF324FF0FF3302F0BFFC18F0CD
:1049A000040F21D118F0020F0DD00221484607F064
:1049B000B3FE23690126D3F8A4009C3006F07BFEE9
:1049C0000546002D5FD118F0010F08D0012148469F
:1049D00007F0A2FE20460AF1E40106F095FA2069EC
:1049E000843002F00DFDC0E70421484607F094FE34
:1049F00023694FF0010BD3F8A400A03006F05BFE52
:104A00000646002ECED096FAA6F3B3FA83F3DDB2B3
:104A10000F2BC2BF103D65F07F05EDB20BFA03F21C
:104A20002946204626EA020606F002FA074606F064
:104A300027FA58B93A7E2649264806F037FE6FF025
:104A400068020721204606F02CFA0DE000210390B1
:104A5000384606F0FAF9039B00221946204606F074
:104A60002CFA02460028ECD1384606F0EAF928B1C3
:104A700019492A46174806F019FEC2E7394620466A
:104A800006F0DDFEBDE795FAA5F3B3FA83F35FFA0E
:104A900083FB0F2BC2BFABF1100B6BF07F0B5FFAE8
:104AA0008BFB06FA03F25946204625EA020506F07A
:104AB000BFF9074606F0C5F928B107495A46054827
:104AC00006F0F4FD7DE73946204606F0B8FE78E7AB
:104AD00041E5000C64CF000C59E5000C2DE9F04FC6
:104AE00004460025436885B0D3F80090B9F82060EB
:104AF000B6B2002E47D1B9F81C50ADB26B07A9F879
:104B00001C5004D532460521204606F0CAF92F076D
:104B100009D51322636804211B68204683F8092104
:104B2000002206F0BEF9EE0710D52369A033D3E8C2
:104B3000AF3F5807C3F3800608D40121204606F092
:104B400060F932460321204606F0ABF9A9060ED5DE
:104B50002369A033D3E8AF3F5A0708D50021204688
:104B600006F04FF900220221204606F09AF92B06A2
:104B700040F1F4806FF015020721204605B0BDE832
:104B8000F04F06F08EB9F70762D56B0101936368A9
:104B90005FFA85FA1B6803EB451393F80771FFB2C0
:104BA000B80783F8077122D562680AF07F0352685C
:104BB0004AF0800102EB43122369204603920291DE
:104BC000D3F8A4B006F034F9019006F05DF9DDE900
:104BD0000212804600283ED162480A46624906F029
:104BE00065FD6FF068020721204606F05AF9F907C3
:104BF0001ED5636851465A681B6820460193236995
:104C00004FEA4518D3F8A4B0904406F011F9029089
:104C100006F03AF98246002848D153492A465148BD
:104C200006F044FD6FF068020721204606F039F9CE
:104C3000FA060DD563685B681A795B7903F03F0368
:104C400042EA0322082A7CD04849464806F02EFD55
:104C5000760801354DE7117D527D0C3002F03F02A0
:104C600041EA022104F083FFB8F810202AB141463E
:104C7000019A6068FFF774FDB9E7404606F008F94D
:104C800040B14146019A6068FFF76AFD404606F070
:104C900003F9ACE705F110010BF1A00006F049FDA6
:104CA00004210BF1900006F042FDA0E7018A428A40
:104CB000521AC1684069091A98F80500521A98F802
:104CC000041000F03F0041EA00218A4228BF0A4652
:104CD0000AF10C009046FDB90BF1A40104F025FF88
:104CE000DAF80C10DAF81400BAF81220091A521A7D
:104CF000BAF810108A4219D0029B5A8BC2F30A02EA
:104D0000904513D165B9019B019A93F8043143F0A2
:104D1000400382F804318BE7114604F000FFDFE71F
:104D20005146029A6068FFF7BBFD81E729460BF107
:104D3000A00006F0FEFC04210BF1900006F0F7FC49
:104D400076E723690121D3F8A400D0F8A43090308D
:104D500043658369836506F0EAFC79E705B0BDE841
:104D6000F08F00BF64CF000C41E5000C6EE5000C35
:104D70002DE9F04F456889B095F82430D5F81490A6
:104D80002C688DF81C300646A869296A83689B69DF
:104D900053B107AA9847B0F1000808DA42466649BD
:104DA000664806F083FC31E06FF05708F6E7A86923
:104DB000296A83681B684BB19847B0F1000808DA8C
:104DC00018F1780F05D05E494246E9E76FF05708C1
:104DD000F9E7D5E9060183681B684BB19847B0F144
:104DE000000808DA18F1780F05D056494246D7E78F
:104DF0006FF05708F9E7237843F0010323707068D8
:104E0000FFF774FC074628B16FF07308404609B0FD
:104E1000BDE8F08FE378014643F00203E370E378E6
:104E2000484643F00803E37007AA06F096FEB0F187
:104E3000000807DB079B3A461979186801F08AFCDD
:104E4000804610B140494246AAE702464FF0FF3C77
:104E5000864677683B68039397F82C300593059B4B
:104E60009A4226D30022039B80B2188523781146EC
:104E700043F0040323702378304603F07F0323704C
:104E8000238923F00C031B041B0C238123899BB271
:104E900023816B68636200924023FFF749FB02465F
:104EA00058B30121294A254804F0FBFC6FF004089F
:104EB000ACE7B96AD7F830A08B5C114404934B7807
:104EC00091F802904FEA531B0AEB8B08E04518BF9C
:104ED0005AF82BE003F01F032EFA03F303EA090C40
:104EE00039EA030308BF91F803C0049B04320CFAAB
:104EF00003FC40EA0C00C446B1E700904023802147
:104F00003046FFF715FB0028CBD1292323832378D4
:104F100043F0020323707068FFF7E8FB8046002827
:104F20007FF472AF2389304623F001031B041B0C6E
:104F300023816B6B984769E793E5000C64CF000C05
:104F4000B4E5000CD2E5000CF0E5000C1BE6000C0B
:104F5000F8B500AFB8B96C4688B06A46344B4FF428
:104F6000E2510593334B344806934FF40073ADF888
:104F70001C30324B42F8103F06F0AFFCA5466FF0F4
:104F80001500BD46F8BDB0F1205F4FEA906415D31F
:104F90006D468AB06A462A4B4FF411510593254B52
:104FA0002548CDE906344FF40073ADF82030254B89
:104FB00042F8103F06F091FCAD46E0E7631EDBB21D
:104FC000082B2ED8204A214DD15C214AD65C214A9B
:104FD000D25CEB5CC5B28D420BD8C0F3052CB44556
:104FE00007D8C0F30556964203D8C0F385309842DF
:104FF0001CD96E468CB06A46174BCDE90841059323
:105000000C4B4FF45151CDE906354FF40073ADF818
:105010002830124B084842F8103F06F05EFCB546B7
:10502000ADE73F2300211A461E46D3E70020A8E73C
:1050300056E6000C71EF000CF4CE000C03000001EA
:1050400084E6000C04000001C6EE000CABEE000C80
:10505000BDEE000CB4EE000CA2E6000C0600000150
:105060002DE9F3470C460025194943682143804642
:1050700016461F68019506F033FC022804D03560FF
:10508000002002B0BDE8F0874FF0060AB4FBFAF941
:105090005FFA89F52946404601AA06F0ACFC0028D3
:1050A000EFD10AFB1944E4B2032C94BF4C375037BC
:1050B000AD003D442B6804F00304E400E34013F02A
:1050C0003F03DDD0019AB2FBF3F23260D8E700BFB4
:1050D00000FFFF0F2DE9F04F83B01C4643680D46DB
:1050E00092469A68002302EB8108464900AF2943A3
:1050F0007B608146D0F810B0D8F8206006F0F0FB55
:1051000002284FF000034AD1D8F8201001F00F0117
:10511000514518D16C4688B06A463B4B53613B4BB6
:105120003B4893614FF4007393833A4B4FF4E25141
:1051300042F8103F06F0D1FB6FF08500A5460C3712
:10514000BD46BDE8F08FBAF1060F07D18B1F052BC6
:1051500004D86C4688B06A462F4BDFE70B290AD883
:10516000DFE801F006202E39393C414141414141FF
:10517000DBF800307B60D8F82020012D4FEA124286
:1051800018BFD2B2F30435D51D2A28BF1D22012332
:10519000013292B293409AB27B68B3FBF2F30020E3
:1051A0002360CCE7AB1EDAB2092A04D80BEB830BE1
:1051B000DBF80430DEE76C4688B06A46174BADE793
:1051C000012D1BD00C22012148463B1DFFF782FF19
:1051D0000028D0D0B3E74FF40043CBE74846391D51
:1051E00000F01EF8F4E7063948463A1DC9B2FFF749
:1051F00037FFEDE7012A38BF0122CDE76FF05B00F2
:105200009DE700BF00FFFF1BCFE6000C05EF000C81
:10521000F4CE000C03000001F1E6000C13E7000CD3
:1052200037B50C4641680A68136913F4807303D1DB
:105230000020236003B030BD136BDB0701D4094BA2
:10524000F6E78B68D56BD3F88010052201AB01F02F
:105250000F01FFF73FFF0028ECD1019BADB26B437C
:105260002360E7E7006CDC022DE9F04F83B0436870
:105270008146D3E900BA0E46144600AFCDB2D2B98A
:105280006C4688B06A46984B4FF4E2510593974BB1
:10529000974806934FF40073ADF81C30954B6FF0B0
:1052A000150842F8103F06F018FBA54640460C379B
:1052B000BD46BDE8F08F08467B60FFF749FE7B687E
:1052C0008046B10EC0B16C468AB06A468A4B0895DA
:1052D0000593864B8648CDE906314FF40073ADF84F
:1052E0002430864B4FF4315142F8103F06F0F5FA66
:1052F000A5466FF08508D9E7082900F27081DFE83C
:1053000011F0090013007600C500E200E8000D016D
:1053100059016601DBF81430227823F0800343EA58
:10532000C213CBF81430C1E7D9F80430A1789A68D9
:105330001D68D2F8803061F30303C2F880306378CF
:10534000002B3AD02B6BDFF8B89143F00102DBB2AF
:1053500043F001032A632B6301F000FD0646AB6FA7
:10536000A3B101F0FBFC831B4B45F8D96C4688B018
:105370006A46644B5361644B93614FF400739383AB
:105380005C4B4FF4E25142F8103F07E1EA6BA3880F
:105390006FF30F021343EB6301F0E0FC0646DFF806
:1053A0006091AB6F4BB101F0D9FC831B4B45F8D931
:1053B0006C4688B06A46554BDCE7EB6A227803F00E
:1053C0007F0343EAC213DBB2EB6201F0C7FC044681
:1053D0004B4EAB6F002B3FF469AF01F0BFFC031BDA
:1053E000B342F6D96C4688B06A46494BC2E7267983
:1053F000D9F804300B2ED3F800901EDC9B6803EB29
:10540000850ADAF88430334343F04003CAF8843025
:1054100001F0A4FC8346DAF884305B060DD401F079
:105420009DFC374AA0EB0B039342F4D96C4688B03D
:105430006A46384B0593384B9EE70B2ED8BF0026A3
:1054400009F1440252F825302188C8BF0B3E61F3B0
:10545000090342F8253009F1480252F82530A178B5
:1054600009F1400961F3050342F8253059F8253068
:10547000E278C8BF360223F4F063C8BF06F4E066E2
:1054800043EAC2131E4349F825600FE7D9F80430F8
:1054900019680623B5FBF3F203FB1253D8B20328B5
:1054A00094BF4C31503192000A443F2103F0030372
:1054B0001068DB00994020EA0100217801FA03F32B
:1054C00003431360F2E6237803F00303CAF81030B5
:1054D000ECE6DAF81C30227823F0800343EAC213AA
:1054E000CAF81C30E2E600BF31E7000C84EF000C84
:1054F000F4CE000C0300000150E7000C0500000191
:10550000BFD401007AE7000C5CEF000CAFE7000CA1
:10551000E2E7000C4DE8000C48EF000CD9F804A0BD
:10552000012DDAF80810D9F8106001EB85010A6A3C
:10553000238822F4005222F00F024FEA02424FEA7F
:10554000124201D0FF2B01D842EA0342E378A0784F
:1055500003F00F0343EA403313430B6201F0FEFBF9
:105560008146DFF888B0DAF808305B68DBB101F01B
:10557000F5FBA0EB09035B45F5D96C468AB06A469A
:105580001B4B4FF4115105931A4BCDE906354FF4DF
:105590000073ADF82030184B42F8103F174806F062
:1055A0009CF9A54682E6002D7FF480AEE37886F86C
:1055B0003A307BE69B68C6F3052603EB8603D3F8F7
:1055C0008020217861F30302C3F880206EE6D96859
:1055D0002378CA6822F0FF021343CB6066E60121FC
:1055E000074A064804F05DF983E600BFBFD4010016
:1055F00017E8000C30EF000C04000001F4CE000CA2
:1056000094E8000C2DE9F04782B00023D0F8048024
:10561000D0F810A000AF06460846894615467B60C4
:10562000FFF796FC0446A8B16C4688B06A46414B29
:105630005361414B414893614FF400739383404B56
:105640004FF4E25142F8103F06F047F96FF0850041
:10565000A54616E04946304606F042F902280ED12A
:105660004FEA99635FFA89F1092B5DD8DFE803F00F
:105670000513181D2210373D4A4ADAF80040002071
:105680002C600837BD46BDE8F0874FF48064F6E72C
:105690004FF40044F3E729463046FFF7C1FDF0E739
:1056A0002A46304606F0A7F9EBE72A463046FFF7D0
:1056B000D7FCE6E773685A68136903F00303012B0C
:1056C000E3D0991E0129E3D8D46914F00204D6D09E
:1056D000032B14BF4FF400444FF48064CFE72B46F4
:1056E0000C223046FFF7F6FCCBE7D8F80830C9F3B8
:1056F000052909F1200953F829100C222B4601F045
:105700000F01EEE70C22002130463B1DFFF7E2FCC3
:105710000028B6D1D8F80C307C68DB6813F0FF03A2
:10572000ADD0B4FBF3F4AAE76C4688B06A46054BEB
:105730007EE700BF7AE8000C1CEF000CF4CE000CF2
:105740000300000190E8000C2DE9F84FD0F804A008
:10575000D0F8108000AF0846DAE9004B0E46DAF8C0
:105760000890CDB2FFF7F4FBA8B16C4688B06A464A
:10577000494B5361494B4FF4E25193614FF400732D
:105780009383474B474842F8103F06F0A6F8A546DA
:105790006FF085000DE0B30E092B77D8DFE803F03A
:1057A000050C112776484F5C7667636923F0020386
:1057B0006361BD46BDE8F88FE36A23F00203E3624C
:1057C000F7E7403454F8253023F0020344F825303D
:1057D0000123D8F83020AB4022EA0302C8F8302079
:1057E000D8F82C2022EA0302C8F82C20E1E706238F
:1057F000B5FBF3F203FB1253D9B203294FEA82023D
:1058000094BF4C3450341444012203F00303DB00F2
:105810002168073302FA03F321EA03032360B8F88F
:1058200038300635AA4023EA0203A8F83830C0E72A
:10583000DBF81C3023F00203CBF81C30B9E725B9A4
:105840006C4688B06A46184B93E709EB85052B6ACE
:1058500023F480732B62ACE7C6F3052609EB8609B7
:10586000D9F8803023F04003C9F88030A1E7012146
:10587000DAF80C30C6F3055203EB8203DA6BC6F399
:105880008536B14022EA0102DA6392E70121074A34
:10589000044804F006F87BE77AE8000CF6EE000C0A
:1058A00003000001F4CE000CAFE8000C94E8000CFB
:1058B0002DE9F0474FF0010843680669D3F80090DE
:1058C00000AF09F1400252F821300C4643F00203C8
:1058D00042F8213001F1180308FA03F801F03EFA0A
:1058E0000546DFF858A0D9F8103038EA03031CD079
:1058F00001F034FA431B5345F5D96D468AB06A4628
:105900000F4B10480593104B4FF41151CDE906345D
:105910004FF40073ADF820300C4B42F8103F05F007
:10592000DCFF6FF07300AD4605E001220020F36A52
:10593000A2401343F362BD46BDE8F087FF0D270781
:10594000DBE8000CF4CE000C04F0000C04000001B5
:105950002DE9F04F83B00546D0F804B000AF0846FB
:105960000C46FFF7F5FA0646C8B16C4688B06A46A1
:10597000794B5361794B4FF4E25193614FF40073CB
:105980009383774B774842F8103F05F0A6FF6FF0FE
:105990008506A54630460C37BD46BDE8F08F21464A
:1059A000284605F09DFF022800F0D3806A68A00E0B
:1059B00011689368092800F28180DFE800F005345F
:1059C00039527F575D677F724B6943F002034B6129
:1059D000230E032B03F0FC0A40F28A80BAF1140F65
:1059E00005D8614B23FA0AF3DA0700F18180DBF86E
:1059F00014804FF00009BAF1140F7CD1DBF80430A9
:105A0000DB68DB07C6D4594B1B78002B7AD101F039
:105A1000A5F902467A6001F0A1F97A685449831A1F
:105A20008B42F7D979E0CB6A43F00203CB62CFE730
:105A30000F20E1B24B1C2A6903EB43035B0000FA21
:105A400003F3108F034205D02846FFF731FF0028EB
:105A5000BED048E0012303FA01F1136B0B4313633B
:105A6000B6E72846E1B206F01DF8F0E75268D369C0
:105A700043F00203D361ABE714F0FF02A8D003EBBD
:105A800082031A6A42F480721A62A1E7C4F3052203
:105A900003EB8203D3F8802042F04002C3F8802059
:105AA00096E7D268C4F3055302EB83020123D16B5E
:105AB000C4F3853083400B43D36389E76C468AB0D7
:105AC0006A462C4B4FF4115105932B4BCDE9063010
:105AD0004FF40073ADF82030284B224842F8103FB5
:105AE00005F0FBFEA5466C4688B06A46244B40E7AD
:105AF0004FF4FA687DE72146284605F0F1FE0228BA
:105B000081D147E7FCF748FC1E4B1B58002B3FF4A4
:105B10007EAF0A20002106F077FC09F10109C1459A
:105B2000FFF469AF6C4688B06A46174B4FF4E251F8
:105B300005930A4B0B4806934FF40073ADF81C30E5
:105B4000074B6FF0730642F8103F05F0C6FEA546FE
:105B500020E76FF077061DE77AE8000CE8EE000C0E
:105B600003000001F4CE000C10111000C915002034
:105B7000BFD40100F6E8000CDFEE000C04000001C9
:105B80001EE9000C080000003CE9000C2DE9F04182
:105B900043682F4A1D6804696B69487A1A400B7C78
:105BA00000021B0600F4706003F040730343087AA0
:105BB00000AFC001C0B203438878400100F020006C
:105BC0000343887A000100F010000343C878C00046
:105BD00000F0080003434878800000F0040003430D
:105BE0000878400000F00200034313436B614B68E8
:105BF00023600B7803B301F0B1F80646DFF8548058
:105C00002B69DB071BD401F0A9F8831B4345F7D9A7
:105C10006C4688B06A46104B4FF4E25105930F4B27
:105C20000F4806934FF40073ADF81C300D4B42F84B
:105C3000103F05F052FEA546BD46BDE8F081636BFE
:105C400043F480536363238F43F001032387F3E717
:105C500041F0FFFCFF0D270751E9000CF4EF000CA9
:105C6000F4CE000C030000012DE9F04706690C4654
:105C7000338F00AF9D0614D56C4688B06A46864BBC
:105C80004FF4E6510593854B06934FF40073ADF83E
:105C90001C30834B42F8103F824805F01EFEA5469B
:105CA000CDE096F83A30052B00F0AB8043681D68D4
:105CB0009A68EB6A23F00203EB628B78012B67D1C1
:105CC0000978736BCB40D80713D46C468AB06A4608
:105CD000754B0593714BCDE90631032308934FF4BF
:105CE0000073ADF82430714B4FF4335142F8103F3C
:105CF000D2E7D2F88030DFF8B8A161F3030343F0B4
:105D00004003C2F8803001F029F88046DFF8A49102
:105D1000DAF880305A0600F1958001F01FF8A0EB08
:105D200008034B45F4D96C4688B06A46624BA7E03D
:105D30002B6B627903F0490343EAC213A279DBB209
:105D4000520102F020021343E279DFF86891120158
:105D500002F010021343227A920002F0040213436D
:105D6000627A520002F00202134343F001032B63F4
:105D700000F0F4FF8046AB6F53B100F0EFFFA0EBF3
:105D800008034B45F7D96C4688B06A464B4B77E021
:105D9000EB6AE27803F07F0343EAC213DBB2EB6203
:105DA0006278EB6A520002F0020203F0FD03134333
:105DB000EB6200F0D3FF8046DFF8F890AB6F53B191
:105DC00000F0CCFFA0EB08034B45F7D96C4688B038
:105DD0006A463B4B54E06378002B30D000F0BEFFA6
:105DE0008046DFF8E0902B69DB051ED400F0B6FF9B
:105DF000A0EB08034B45F6D96C4688B06A46324B97
:105E00003EE06D4688B06A46304B4FF4E65105934C
:105E1000224B244806934FF40073ADF81C30204BFE
:105E200042F8103F05F059FDAD4663783BB1736B06
:105E300043F400537363338F43F020033387BD462D
:105E4000BDE8F087A37AEA6BA1891B0403F4FE0383
:105E50006FF316020B431343EB6300F07FFF8046A2
:105E6000DFF85090AB6F002B3FF462AF00F076FF8D
:105E7000A0EB08004845F5D96C4688B06A46144B3B
:105E80005361064B4FF4E25193614FF400739383D7
:105E9000034B42F8103FFFE66AE9000CE1EF000C0B
:105EA00003000001F4CE000C9BE9000C050000018A
:105EB00000000144BFD4010040EA000C7AE7000C66
:105EC000E2E7000CFF0D270724EA000CEAE9000CCA
:105ED000AFE7000C2DE9F04F83B0D0F810900D78AB
:105EE000D9F8306000AFEE4016F001030C467B603D
:105EF00040F0A18091F807B0D9F8343023FA0BF3C1
:105F0000DE0717D46C468AB06A46604B4FF43351B3
:105F100005935F4BCDE90635032308934FF40073D7
:105F2000ADF824305B4B42F8103F5B4805F0D5FCE0
:105F3000A54680E04368BBF10B0FD3F80080D3F88F
:105F400010A01EDC9E6806EB8506D6F884204BEA7E
:105F5000020242F04002C6F8842000F0FFFE024632
:105F6000D6F884003A6041060BD400F0F7FE3A6898
:105F70004A49801A8842F3D96C4688B06A46484B31
:105F800077E008F1440252F825306189BBF10B0F2C
:105F900061F3090342F825304346217B53F8482F2B
:105FA000C8BFABF10B0B61F30502C8BF4FEA0B2B67
:105FB00043F82520C8BF0BF4E063A079C8BF7B601D
:105FC000637908F1400252F82510C002DB0100F4A9
:105FD0006050DBB27E6821F47E5103430B431E43C5
:105FE00042F82560E2892F4BD8F86C1003EA02438F
:105FF000228A6FF3DE11D20192B213430B43C8F829
:106000006C3000F0ABFE0646DFF890B0D8F8783080
:106010005A0614D500F0A2FE831B5B45F6D96C46E8
:1060200088B06A46204B24E00122D9F83030AA40DB
:106030001343C9F830300C37BD46BDE8F08F2379E3
:10604000002BF8D0DAF81C30184E43F48033CAF82D
:106050001C3000F083FE0446DAF80C30DB05E3D494
:1060600000F07CFE031BB342F6D96C4688B06A464A
:106070000F4B5361064B4FF4E25193614FF40073A1
:1060800093830C4B42F8103F4FE700BF70EA000CBF
:10609000D2EF000C05000001F4CE000CBFD40100CB
:1060A0004DE8000C0000FF7FE5EA000CFF0D27071C
:1060B000B4EA000C030000012DE9F84306248C46E5
:1060C00009780569B1FBF4F62B8F01F1060823FA74
:1060D00008F3DB0704FB161400AF17D56D468AB032
:1060E0006A46214B5361214B1462C2E906364FF4D4
:1060F000007393841E4B4FF433511E4842F8103FF7
:1061000005F0EBFBAD46BD46BDE8F8834FF03F0917
:106110004368032C1A684FEA8603D4BF4C325032CE
:10612000134404F0030E1A684FEACE0E09FA0EF972
:1061300022EA09099CF8052002FA0EF242EA090255
:106140001A609CF8043023B96D468AB06A460A4B3F
:10615000C8E705F0A7FC0028F6D101232A8F03FA2F
:1061600008F313432B87CEE70FEB000CBFEF000CB7
:1061700005000001F4CE000C44EB000C2DE9F041C9
:10618000056900AF2B8FDA0616D56C4688B06A46D3
:10619000344B4FF4E6510593334B06934FF40073A1
:1061A000ADF81C30314B42F8103F314805F095FBFB
:1061B000A546BD46BDE8F08143680A7C5C68CB7BA0
:1061C00052009B0002F0020203F0040313438A7B97
:1061D000606902F0010220F007001343034363618A
:1061E000E36924480A7B18404B7A12029B0402F4AC
:1061F000706203F4701313430A7AD201D2B21343CC
:106200004A78920002F0040213430A78520002F026
:10621000020213430343E3610B78002BC9D000F063
:106220009DFD0646DFF85080E368DB0715D400F0DB
:1062300095FD831B4345F7D96C4688B06A460F4BE2
:106240004FF4E2510593084B06934FF40073ADF8F9
:106250001C30064B42F8103FA7E72B8F43F010038A
:106260002B87A6E77BEB000CACEF000C03000001D2
:10627000F4CE000C79F0C3FFFF0D2707AAEB000C4A
:106280002DE9F04706690D78736B0C46EB40DA0791
:1062900000AF17D56C468AB06A46514B4FF4135184
:1062A0000593504BCDE906354FF40073ADF820301F
:1062B0004D4B42F8103F4D4805F00FFBA546BD463B
:1062C000BDE8F08791F807C0338F23FA0CF3DB07A2
:1062D00013D46C468AB06A46454B4FF4335105934C
:1062E000404BCDE90635032308934FF40073ADF816
:1062F0002430404B42F8103FDDE7D0F80480012DF8
:10630000D8F80820638A02EB8502116A21F47451DF
:1063100021F00F014FEA01414FEA114101D0FF2B5B
:1063200001D841EA03416379003B18BF012341EAE8
:106330004331237C0BB141F48051637D207ADB0231
:10634000800200F4806003F400630343207D0CF0BE
:106350000F0C400243EA0C0300F400700343207961
:10636000DFF894A0000200F4807003430B43136233
:1063700000F0F4FC8146D8F808305B68BBB100F04F
:10638000EDFCA0EB09035345F5D96C468AB06A468B
:106390001A4B4FF411510593124BCDE906354FF4CA
:1063A0000073ADF82030104B42F8103F83E7AB1E6E
:1063B000092B0FD8E26806EB83035A600122736B46
:1063C000AA401343012D736302BF338F43F00203CE
:1063D000338774E7002DF1D1E37986F83A30EDE7A1
:1063E000C9EB000C99EF000C04000001F4CE000C86
:1063F000FBEB000C05000001BFD4010017E8000C06
:106400002DE9F04F924B87B0DFF8489200AF01259D
:10641000C7E900934FF4606A302339464668044662
:10642000C7E902A3D0F810803D6140F2011BFFF7DD
:10643000ADFB4FF40043C7E900B340F20713864AAF
:106440003946C7E90223002320463B61FFF796FE49
:10645000B368DFF808921D7000F080FC0546B36851
:10646000D3F804A0BAF1000F1ED000F077FC431B54
:106470004B45F4D96C4688B06A46794B7948059308
:10648000794B4FF4E25106934FF40073ADF81C3092
:10649000764B42F8103F05F020FA6FF07300A546E6
:1064A0001C37BD46BDE8F08F0523032688F83A3037
:1064B00001254FF006084FF0020914220021381D73
:1064C00006F045F96A4B394620463B6087F807805D
:1064D0007D823D71FFF7D4FE14220021381D06F0A5
:1064E00036F9644B394620463B6087F80780A7F8A9
:1064F00012903D71FFF7C4FE14220021381D06F0F2
:1065000026F95D4B39463B6007232046FB717D82AF
:106510003D71FFF7B5FE14220021381D06F017F972
:10652000564B39463B6008232046FB717D823D7106
:10653000FFF7A6FE14220021381D06F008F9504B83
:10654000394620463B607D823D71FFF799FE4FF052
:1065500001334C4A3946C7E90023204603F17F4303
:10656000BB60BD81FFF780FB4749484B4FF00308F4
:10657000C7E900134FF0967339462046C7E9023841
:10658000C7F810A0FFF7A6FC40F6012340483946A3
:10659000C7E900032046FFF78FFD41F60113DFF83E
:1065A000F4C039462046C7E900C3FFF785FD40F631
:1065B00001434FF4006BDFF8E0E039462046C7E9BD
:1065C00000E3FFF779FD354B39462046C7E9003B2C
:1065D000FFF772FD324A39462046C7E9002BFFF724
:1065E0006BFD304A39462046C7E9002BFFF764FDB2
:1065F000013E7FF45DAF636832465B6820462A49FE
:106600001D612B4605F081FA2B464A462046274954
:1066100005F07BFA2B4642462046254905F075FADF
:106620002B4604222046234905F06FFA2A462046CD
:10663000214905F07FFA2A462046204905F07AFADA
:1066400020462A461E4905F075FA304628E700BF65
:10665000001BB7000100000100000101BFD40100D0
:106660004EEC000CF4CE000CCFEE000C0300000149
:1066700000FFFF1B01FFFF1B02FFFF1B03FFFF1BB0
:1066800004FFFF1B0101000100C0FF0B0100010C12
:1066900000FFFF0F01FFFF0F02FFFF0F03FFFF0FC0
:1066A00004FFFF0F05FFFF0F30E7FF1F37EEFF1F4F
:1066B00035ECFF1F10D2FF1F3E7F34240E3F052410
:1066C0000B7F042408B5074805F084FB38B1064861
:1066D000FCF7BAF80448FAF77BFC002008BD6FF01D
:1066E0001200FBE7F8C8000CED66000C0A2838B56C
:1066F0000446074D04D1AB680D2128465B689847D6
:10670000AB6803485B68E1B29847204638BD00BFDC
:10671000F8C8000C10291FB528BF10210C460C4BDF
:10672000D3F8E02112BA0092D3F8E42112BA019210
:10673000D3F8E82112BA0292D3F8EC310A461BBA18
:106740006946039305F0F6FF204604B010BD00BF74
:106750000070000A2DE9F04300250127DFF8E0E092
:1067600000F1020CEBB2994202D80020BDE8F083A0
:1067700030F825403CF82560C4F3422804F00F03AC
:10678000B8F1010F5EF82330C4F304122AD15BB3D1
:1067900003EB52084FEA143998F8304012F0010F19
:1067A00015BF04F00F0404F0F00444EA091449EAA8
:1067B000040488F8304003EB020898F8404044F0A5
:1067C000010488F8404016F0010F07FA02F803EBC5
:1067D00002040BD116F0020F0ED194F8409009F08C
:1067E000FB090DE0002BEED10135BBE7D3F810908B
:1067F00048EA0909C3F8109094F8409049F0040958
:1068000084F8409094F8409016F0080F14BF49F0B7
:10681000020909F0FD0984F840901C6816F0100F79
:1068200014BF48EA040424EA08041C60DC6E07FA7A
:1068300002F236064CBF224324EA0202DA66D3E7AC
:10684000B4D1000C0121024A024803F02AB800BF6B
:10685000B5EC000C54CF000C70B5054600F07EFA84
:106860000446094EEB69DB060CD000F077FA031BF7
:10687000B34203D9BDE87040FFF7E4BF022005F042
:1068800083FAEFE770BD00BFBFD40100F7B50D4636
:1068900047680669BC682368204623F0020323602A
:1068A000FFF7DAFFEB79002B64D1F3712979022924
:1068B00060D8204605F04AFA2B7933716B79012BA9
:1068C00052D1636823F0400363602046FFF7C4FFA2
:1068D0006B797371AB79042B4CD82B4A2046D35C6F
:1068E000626822F007026260626813436360FFF728
:1068F000B3FFAB79B3710023F86901938368DB6858
:1069000013B1796A01AA9847019A2868002A34D0FD
:106910005308010B0005C01841F100010023F9F7ED
:106920006FFB4FF6FF72431E61F10001934271F15C
:10693000000125D22368404280B223F460432360E3
:10694000A0812B68204633607B7B012B02BF23682C
:1069500043F080032360236843F002032360FFF7C2
:106960007BFF002003B0F0BD032B03D1636843F02D
:106970004003A9E76FF08500F4E76FF01500F1E739
:106980006FF02100EEE700BF11F0000C2DE9F74396
:1069900046680746D0F81080F069B468836896F8B6
:1069A0000C901B68716A2BB96FF05705284603B02D
:1069B000BDE8F0839847054610B110F1780FF5D186
:1069C000D6E9070183681B68002BEDD09847054680
:1069D00010B110F1780FE9D1BF232375002388F897
:1069E00007303379042B02D96FF08505DEE7544A6E
:1069F0002046D35C626822F007026260626813433B
:106A00006360FFF729FF3379204688F806307179F3
:106A100005F09CF9737988F80430B379012B7ED1A5
:106A2000636823F0400363602046FFF715FFB379E6
:106A300088F80530B16832690B68120523F44C13ED
:106A400002F440121A4373691B0403F440331343E6
:106A50000B60236843F000532360236823F01C037A
:106A6000B9F1000F62D023602368002143F0804316
:106A70002360B06A01AA05F070F8051E96DB019B41
:106A8000002219791868FFF765FE054600288DD1A8
:106A90006368204643F400336360FFF7DDFE6368FC
:106AA000204643F480336360FFF7D6FEF069716AD5
:106AB0008368DB680BB101AA9847019A3068002A05
:106AC00037D05308010B0005C01841F10001002325
:106AD000F9F796FA4FF6FF72431E61F100019342F7
:106AE00071F1000128D22268404283B222F4604250
:106AF0002260A38133683846C8F80030B3699847EC
:106B0000737B2046012B02BF236843F08003236080
:106B1000236843F002032360FFF79EFE46E7032B42
:106B20007FF462AF636843F040037CE743F0040303
:106B300099E76FF0150539E76FF0210536E700BFDB
:106B400011F0000C4FF0E0230D4A996912681869A2
:106B50009B69002908BF1146002B08BF134610F49B
:106B6000803F084801D1994205D201681144016073
:106B70004FF0E021096900681044C01A704700BF57
:106B80008C110020881100202022094B002083F85E
:106B9000232042F6E062074B1A60074B42F6DF62A1
:106BA00018604FF0E0235A61072298611A6170471C
:106BB00000ED00E08C11002088110020684620F0D4
:106BC00007018D4619B5FFF7BDFF1449144B08683E
:106BD000D3E90042001942F10002C3E90002002398
:106BE0000B6042F6E0630F4AD2E90041001BB0FBA4
:106BF000F3F043431B1941F10001C2E90031EFF307
:106C00001181202383F31288BFF36F8F01F092FB71
:106C1000FBF754FBBDE819408546704788110020FA
:106C2000100B0020080B00202DE9F041374E89B1F0
:106C3000421C0AD14FF0E022136923F001031361D3
:106C40004FF07F433360BDE8F0813568012806DCF2
:106C500000240AE0431C3568F8D140F2755040F238
:106C600076539842A8BF1846441EEFF3118720239D
:106C700083F31288BFF36F8FFFF764FF4FF0E023B9
:106C80002349D3F818C0D1E9002380184FF000023F
:106C900043F10003C1E900031E4B1A601E4B1A6842
:106CA000831A2DD442F6E06E42F6DF6814FB0E84A0
:106CB0001C44B4FBFEF4131A0EFB0433B3F5806FCF
:106CC00038BF4FF48063154A934228BF13464FF0F4
:106CD000E0223360013B946953610023A445936132
:106CE000ACEB0400D1E900320DD20544EB1842F1BF
:106CF0000002C1E9003287F31188BFF36F8FA2E76A
:106D00004FF48063E3E7C318F1E700BF8C11002064
:106D1000100B002088110020080B002060CCFF0021
:106D200038B5EFF31185202383F31288BFF36F8FFB
:106D3000084B1C68084B1B68E41AFFF703FF85F338
:106D40001188BFF36F8F42F6E0632044B0FBF3F08D
:106D500038BD00BF100B0020080B002038B5EFF342
:106D60001185202383F31288BFF36F8F044B1C68B7
:106D7000FFF7E8FE85F31188BFF36F8F204438BD1D
:106D8000100B002010B50446FAF700FB0348012160
:106D9000034A02F086FD204605F027F83CCF000CA0
:106DA00001ED000C2DE9F84304460D4600AFEFF36A
:106DB0001188202383F31288BFF36F8F04282A4A97
:106DC00098BF2A4BE9468AB09668117C98BF53F861
:106DD00020306A4688BF264BCDE9073140F20133A7
:106DE0002448ADF82430244BCDE9050442F8103F87
:106DF00000234FF431512148FAF796FBCD4645B1B7
:106E0000EB69C3F3080323B101211D4A1B4802F0BB
:106E100048FD2EB1304605F015FA08B1037803B9E4
:106E20001848E9468AB06A46174B0790CDE90536FF
:106E300040F20133ADF82030144B42F8103F0023EC
:106E40004FF411510D48FAF76FFB2946CD46204605
:106E5000FFF798FF88F31188BFF36F8F3046FBF779
:106E60003DFABD46BDE8F8839011002000D2000C29
:106E700010ED000C26ED000C050000013CCF000CCD
:106E80004EED000C1EED000C6FED000C0400000137
:106E900038B50A4B53F82040013053F82050A54232
:106EA00000D838BD606830B1037EDB0701D404F040
:106EB00079FF0834F3E723689847FAE714D2000C07
:106EC000012270B5294B86B003201A70FFF7E0FF4E
:106ED00001F0E6FB0420FFF7DBFF254C254D26469D
:106EE000AE4204F130040FD301F0AAF8204CAC42BA
:106EF00026D301F0B9F8F9F7ADFB1F4A938923F0C7
:106F00000103938106B070BD54F80C3C059354F80E
:106F1000103C049354F8143C039354F8183C029327
:106F200054F81C3C019354F8203C009354E90A2384
:106F300054E90C0100F024FD54F8303C5E65CEE7C6
:106F4000D4E90A23B3F1FF3F08BFB2F1FF3F05D0F8
:106F500052EA0301206803D100F05CFD3034C6E73B
:106F60000649183001F056F9F8E700BFC9150020AE
:106F700020CE000C20CE000CA00B00206BC3000C18
:106F8000882370B5134E012203FB0066002386B0F0
:106F9000CDE904230F220193CDE9023214234FF4EB
:106FA000A0720D4D0D4903FB0055044602FB001174
:106FB0000B4B3046009500F0E3FC337C2C7423F03F
:106FC00004033374074B013403EBC423EE606B609E
:106FD00006B070BD180B002090110020D0260020B4
:106FE0007BBF000CD01E00207FB50020FFF750FFB4
:106FF0002C4B83F308880025E0232B4C84F82230A7
:10700000E57725766576A57684F82050E576636A7F
:1070100043F4E0236362636A43F400236362A5637D
:10702000E3689BB243F0BF6343F40833E360FBF7CC
:1070300063F8FBF73DF94FF0FF33A362E362FBF720
:107040002DFBFBF7AFF9FAF705F9184800F0D6FC6D
:107050000120FFF71DFF0220154CFFF719FF00F07C
:10706000E7FF144B4FF480625C61134B13490593A7
:1070700001232046CDE90353CDE90155104B00957E
:1070800000F07EFC0646237C204623F00403237494
:1070900005F033F92846FFF773FF31462046084ACA
:1070A000FBF7EAF8D026002000ED00E0280C0020D5
:1070B000A00B002090110020D1ED000C1028002022
:1070C000C16E000C38B5064C064DAC4201D3002011
:1070D00038BD2046D4E9011204F0D1FE1434F4E79F
:1070E000B4030020C803002030B5054B85B0DDE9AE
:1070F00008450293CDE9004504F07FFE05B030BDA0
:10710000F98E000C38B5074C074DAC4201D3002076
:1071100038BD204604F0D7FE08B91C34F5E76FF0FF
:107120001500F5E798030020B403002073B50C4662
:10713000EFF31181202585F31288BFF36F8FC568A7
:107140005DB125602B68C3608369013383610020D2
:1071500081F31188BFF36F8F11E052EA030603D168
:107160006FF00B002560F3E7CDE9002302460830FD
:1071700000F068FE18B9034B9B685B69236002B09E
:1071800070BD00BF90110020F7B50D4604469DF874
:107190002010EFF31187202080F31288BFF36F8F48
:1071A000266AE068864240D22668B4421AD0CEB140
:1071B000304604F0EDFE06F1180005F0B5F9294659
:1071C000002554F8082F706905F0B4FA3046C6F867
:1071D000805005F092F82046394605F0ECF8284634
:1071E00003B0F0BDA268A9B12946E06905F0A2FA92
:1071F000E369A26813446269E361934201D12369A0
:10720000E3610020236A0133236287F31188BFF30F
:107210006F8FE5E7A06923692946984208BF606936
:10722000801AA06105F086FAEBE752EA03010BD061
:10723000074904F1080089684D61CDE9002339460A
:10724000224600F0FFFDCBE76FF02200DDE700BF34
:1072500090110020F7B504460846EFF3118620216F
:1072600081F31288BFF36F8F216A00293BD0A26897
:10727000A16905F05FFAA369A268256813446269F1
:10728000A361934204BF2369A361236AAC4203F163
:10729000FF33236236D02846002D34D0002704F077
:1072A00077FE05F1180005F03FF96969A268E06909
:1072B00005F040FAE369A268284613446269E36175
:1072C000934204BF2369E361236A01332362C5F853
:1072D000807005F012F804F10800314605F06BF8F3
:1072E000384603B0F0BD52EA030111D00A4989685B
:1072F0004861CDE900233146224604F1080000F040
:10730000A1FDEEE7002086F31188BFF36F8FE8E759
:107310006FF02200F7E700BF901100202DE9F34144
:10732000044617461E46EFF31188202383F3128884
:10733000BFF36F8F304BC2689B6872B18068984210
:1073400017D057EA060216D188F31188BFF36F8F62
:107350006FF00F0002B0BDE8F08193F90E1001321A
:107360002161C4E9023288F31188BFF36F8F0020D6
:10737000F0E72169F3E793F90E1090F90E30994286
:1073800030DA9942A8BF194604F016FE0546224697
:107390004146CDE90076194800F054FD0028E6D0BA
:1073A000EFF31186202383F31288BFF36F8FA06859
:1073B000D0B1236821699C420AD04BB193F90E30B9
:1073C0009942A8BF19466FF07F039942B8BF19468A
:1073D00004F0F2FD40B13146084804F0ECFF6FF0D4
:1073E0000A00B7E70025D2E7002DF4D186F3118813
:1073F000BFF36F8FF3E700BF90110020CA15002084
:10740000F8B583680546002B40D0234A9268934222
:107410003FD1C368012B03D9013BC3600020F8BDF5
:10742000EFF31187202383F31288BFF36F8F016975
:10743000806804F0C1FD2C68A54207D10023C5E98E
:10744000023387F31188BFF36F8FE7E7002CF5D085
:10745000D4E90032002613605A60237CC4E9006638
:1074600023F002032374A66004F1180005F05CF811
:10747000AC6094F90E3020462B61C4F8806004F0B3
:107480003CFF3946054804F096FFC7E76FF015004A
:10749000C5E74FF0FF30C2E790110020CA15002069
:1074A00037B51146EFF31185202282F31288BFF31E
:1074B0006F8F04689CB12368426823F003039442F1
:1074C000036008BF43600121204604F0F9FD044633
:1074D00085F31188BFF36F8F204603B030BD51EAAA
:1074E0000302F5D000F10802CDE900131046294649
:1074F00000F0A8FC0028EFD1014B9B685C69EBE72A
:107500009011002070B5EFF31186202383F31288C9
:10751000BFF36F8F0468A0421BD0D4B1D4E900320E
:10752000002513605A60237CC4E9005523F0020350
:107530002374A56004F1180004F0F6FF2046C4F897
:10754000805004F0DAFE3146BDE87040064804F091
:1075500032BFD0E902329A4218BF0133836086F30A
:107560001188BFF36F8F70BDCA15002013B5EFF3FC
:107570001181202484F31288BFF36F8F846844B193
:10758000013C846081F31188BFF36F8F002002B04B
:1075900010BD52EA030406D181F31188BFF36F8F47
:1075A0006FF00F00F3E7CDE900230246014800F039
:1075B00049FCECE7CA15002070B50546EFF31186CB
:1075C000202383F31288BFF36F8F00232C68A5421A
:1075D00019D0C4B1D4E9003213605A600023227C70
:1075E000C4E9003322F002022274A36004F11800FF
:1075F00004F09AFF6FF00A032046C4F8803004F0CC
:107600007CFE0123E2E70022AA6023B986F31188F9
:10761000BFF36F8F70BD3146BDE87040014804F084
:10762000CABE00BFCA1500202DE9FF41044620272D
:10763000534EEFF3118887F31288BFF36F8FD4F89E
:107640008C50F5B9022104F1A40004F072FD002869
:1076500070D004F19C0500220121284604F021FF8E
:107660000028F8D100234FF0FF3202934FF0FF3390
:107670004146CDE90023434804F1940200F00AFD9D
:10768000D7E7D4F890202B689542C4F88C3008BF17
:10769000C4F89030D4F8A43043F00203C4F8A43006
:1076A000EB6823F0040343F00103EB606B6888F39D
:1076B0001188BFF36F8F28469847EFF3118887F33F
:1076C0001288BFF36F8FEB68D80623F001023ED417
:1076D000EA60EB689A0717D5306823F00203EB6085
:1076E00090B10021036878B1426895423DD10368AA
:1076F000002934D172683360904200D17360002356
:1077000040F8083BFFF7FEFED4F8A43023F0020354
:10771000C4F8A430DB0530D4D4F88C30003B18BF5B
:10772000012388F31188BFF36F8F002B81D004F001
:10773000AAFD7EE7D4F8A430D90693D5C4F8A400F6
:1077400088F31188BFF36F8F04B0BDE8F08123F098
:107750001103EB6005F11000FFF7D4FEB9E70B60F1
:107760007368984208BF7160C9E701461BB11A6887
:1077700018461346B7E71A46FAE70023D1E700BFD9
:10778000B0110020CA150020F8B5C36804469A0756
:107790000E46C3F3400542D45F0742D40B680BB9D1
:1077A00083680B60E368D80742BFA3680225336093
:1077B000376858BF012557B31B4B9A68D7F88830F4
:1077C0009A421ED104F035FD80F00100C0B2D7F816
:1077D000A430D907C3F380021CD5F2B1F8B100235D
:1077E0002360D7F8903073B9C7E92344384604F0D2
:1077F000BAFCE36843F00403E3603368A3602846FF
:10780000F8BD0020E3E71C60C7F89040EEE76FF09A
:10781000150506E06FF0120503E01B07DFD56FF0DA
:107820000F0500233360EAE790110020014601486C
:1078300004F0E3BCD00C0020F0B50446002089B071
:107840000E9DC4E9230004F19400C4E9250004F16D
:107850009C00C4E9270055B32879002840F20110A4
:1078600008BF0120C4F8A40000204FF0FF364FF0FD
:10787000FF37CDE90330CDE90100CDE906672046A9
:107880000C4B009400F0EAF855B1296811B120467C
:1078900004F0D5FC6B791BB1A38943F00103A381EC
:1078A000204600F0B7F8C4F8884009B0F0BD0120C8
:1078B000D8E700BF2976000C37B501900846EFF3F2
:1078C0001184202181F31288BFF36F8FC16811F0FA
:1078D0001E0F16D153EA020508D101A9FFF754FF84
:1078E00084F31188BFF36F8F03B030BD41F00801FE
:1078F000C160019910308161034900F08BFC0120C7
:10790000EEE70020ECE700BF75C1000C014601481E
:10791000FFF7D2BFD00C0020F7B50C4616461D4627
:107920000190EFF31187202383F31288BFF36F8F49
:10793000084604F009FC55EA060309D1204601A9CE
:10794000FFF722FF87F31188BFF36F8F03B0F0BDFD
:10795000E368324643F00803E360019B0449A362F5
:1079600004F110002B4600F055FC0120EAE700BFAF
:1079700075C1000C01460148FFF7CEBFD00C0020B6
:107980002DE9F043984685B000F15803C0E916335D
:10799000109B002683810423073222F0070503741D
:1079A0000F9B01EB05090F4683734946C0E9066644
:1079B0008660C6730446FAF7CDF80E9B073020F0B8
:1079C00007002067C4E91A7502930D9BA9EB000913
:1079D00001930C9B4A460093394643462046FAF7EA
:1079E0002FFC054B66659B6803B15B6F4846636778
:1079F00005B0BDE8F08300BF90110020012303749F
:107A000083810023C0E91A334367014B98607047B4
:107A10009011002038B50446EFF31185202383F33D
:107A20001288BFF36F8F037C5B070FD5183004F00B
:107A30007BFD237C204623F00403237404F06CFCBC
:107A40002946BDE83840044804F0B5BC85F31188E8
:107A5000BFF36F8F38BD00BFCA150020F0B50025F9
:107A600087B00595109DDDE9127604950F9D0446BB
:107A700003950E9D02950D9D01950C9D0095FFF7B8
:107A80007FFFB6F1FF3F08BFB7F1FF3F05D056EAD1
:107A9000070305D12046FFF7BDFF204607B0F0BD24
:107AA0003A46334604F11800014900F0B3FBF4E70D
:107AB0006BC3000C6FF00A01094A9368C3F8801089
:107AC0000849D8674B6843F080534B60002383F329
:107AD0001188BFF36F8F9368D3F88000704700BFA1
:107AE0009011002000ED00E038B590F9102001461B
:107AF000002A037C04DA03F07F03037404F0C5FB5F
:107B00000D4D2A4652F8184FAB68944200D004B984
:107B1000EC688B4207D01A7CD20604D1DA897F2A1E
:107B200001D9A2692AB1A34202D0204600F0F4FA9A
:107B300023466B6138BD00BF9011002070B590F9ED
:107B40001020037C002A2FDBD9062DD11A4C63F0BC
:107B50007F032246037452F8183FE169934207D12C
:107B6000C0E900210860E0610FE09942F8D01B688D
:107B7000002BF5D093F90E6090F90E50AE42F4DD73
:107B80005968C0E9003108605860A569954200D085
:107B900005B9E568A3681A7CD20606D1DA897F2A7E
:107BA00003D9AA690AB9636170BDAB4202D0284605
:107BB00000F0B2FA6561F7E790110020034648B97A
:107BC000EFF3058232B9064A51699268914201D0B9
:107BD000FFF770BF83F31188BFF36F8F704700BF4B
:107BE0009011002038B5184CA168E0690B688142FB
:107BF00014BF1A46002249680B605960A368E16906
:107C00002AB9124AC3E900210B60E3610AE092F944
:107C10000E5093F90E00854212DD5168C3E9002130
:107C20000B605360A569094B9D4200D005B9E5681A
:107C3000A3689D4202D0284600F06EFA656138BD07
:107C40008A42DED01268DBE790110020A8110020E4
:107C5000002A2DE9F0470CBF4FF010094FF008093A
:107C6000027C044619EA020F0E460F4628D149EA63
:107C70000203D20946D10374B9F1080F48D04FF07E
:107C80000008DFF8F0A0534653F8185F9D4200D07B
:107C90000DB9DAF80C50DAF80830AB4202D02846B9
:107CA00000F03AFAB9F1100FCAF8145008D0204683
:107CB00001F0DCFEB8F1000F02D02F48FFF79EFE66
:107CC0002C4B9B68A3424FD1EFF30583002B4BD184
:107CD000A289D20711D586F31188BFF36F8F83F382
:107CE0001188BFF36F8F0423184602DFEFF311876B
:107CF000202383F31288BFF36F8F3846BDE8F04727
:107D0000FFF7D8BE03F07F03037404F0BEFAB3E7B5
:107D1000A36813B1204604F0C0FA04F1180004F07F
:107D200003FCA56D04F15808A84511D04FF0000AD6
:107D300075B1284604F0B1FA05F1180004F0F4FB1F
:107D40002846C5F880A0FFF7F9FEA56DA845EFD13C
:107D5000084B9B689C4292D1EFF30588B8F100086C
:107D600018BF4FF001088CE786F31188BFF36F8FBF
:107D7000BDE8F08790110020280C002070B50F4D51
:107D800006462B4653F8184F9C4200D004B9EC68C5
:107D9000AB681A7CD20604D1DA897F2A01D9A2699C
:107DA0002AB1A34202D0204600F0B6F923466B6107
:107DB0003046BDE87040FFF701BF00BF90110020C2
:107DC00070B5EFF31186202383F31288BFF36F8F12
:107DD0001A4CA168E0690B68814214BF1A46002260
:107DE00049680B605960A368E1692AB9144AC3E97C
:107DF00000210B60E3610AE092F90E5093F90E0046
:107E0000854216DD5168C3E900210B605360A56906
:107E10000B4B9D4200D005B9E568A3689D4202D096
:107E2000284600F079F965613046BDE87040FFF7FB
:107E300041BE8A42DAD01268D7E700BF9011002015
:107E4000A8110020F8B5124B0C46DDE90676114664
:107E50009868104A1060EFF31182202282F3128892
:107E6000BFF36F8F9D68284604F021FAB6F1FF3FFB
:107E700008BFB7F1FF3F06D03A463346064905F141
:107E8000180000F0C7F92046BDE8F840FFF712BE21
:107E900090110020B81100206BC3000CF8B5044607
:107EA000EFF31187202383F31288BFF36F8F037CD6
:107EB00049B203F01F02002A0CBF0126002635D16B
:107EC00003F07F032A4D037404F0DFF92A46037C94
:107ED000817363F07F03037452F8183FE86993429B
:107EE00007D1C4E900200460EC610DE09842F8D0AD
:107EF0001B68002BF5D093F90EC08C45F6DD596850
:107F0000C4E900310C605C60AC69944200D004B9F3
:107F1000EC68AB689C4202D0204600F0FDF86C6132
:107F200087F31188BFF36F8F3046F8BD9B071CD5D0
:107F3000856804F0AAF981732B689D4209D16B68AA
:107F4000C4E900531C606C60EAE76A689A42F6D0A4
:107F50001B68002BF3D093F90E208A42F5DD5A6896
:107F6000C4E9003214605C60DAE78173D8E700BFCF
:107F700090110020034648B9EFF3058232B9064A52
:107F800051699268914201D0FFF794BD83F3118843
:107F9000BFF36F8F704700BF90110020F8B550EA13
:107FA000010306460C4603D104F06DF90020F8BD2C
:107FB000EFF31187202383F31288BFF36F8F184DDF
:107FC000184BA868186004F0A9F9A868324623463F
:107FD0001549183000F01EF9AB6804461A7CDF67BB
:107FE00042F004021A746FF00A02C3F880200F4AAC
:107FF000536843F080535360002383F31188BFF329
:108000006F8FAA68D2E90A12B2F1004F08BF9942F5
:10801000CCD104F0BEFA201A20EAE070C7E700BF16
:1080200090110020B81100206BC3000C00ED00E09F
:10803000024B03F11802C3E9062270479011002099
:10804000EFF31181202383F31288BFF36F8F054B69
:108050009A68D37B013BD37381F31188BFF36F8F91
:10806000704700BF90110020EFF31180202383F3AD
:108070001288BFF36F8F034B9A68D37B0133D3739E
:10808000FFF77CBE90110020014B9868704700BF3D
:1080900090110020D3B5DDE90667089CCDE90067A3
:1080A000FFF7D0FE1CB1034B9B685B69236002B0F5
:1080B000D0BD00BF90110020027C034612F01F02C9
:1080C00010D10A4988420DD00949086868B1D98998
:1080D0007F2909D893F90E20064B1B689A42B8BF36
:1080E000002070470020704710467047180B002092
:1080F000E4020020BC1100200122044BC01A044BF2
:10810000C0105843034B1A54704700BFB00C0020F6
:10811000ABAAAAAACA15002070B50C4B0C4D1E7C48
:10812000FFF7CAFF182303FB06550446284604F050
:10813000FBF90022074B9A553CB1621E2846BDE868
:1081400070400549D31700F065B870BD901100204C
:10815000B00C0020CA150020F980000C38B5EFF3F0
:108160001185202383F31288BFF36F8F0F4B104AC2
:108170009C681068A04206D1FFF7CEFF85F31188F6
:10818000BFF36F8F38BD00211B7C1160094AD35C9F
:10819000002BF3D02046FFF78FFF0028EED0237C82
:1081A000DB0601D1FFF71EFD2046E5E79011002018
:1081B000B8110020CA150020024B1868984208BF69
:1081C00000207047E8020020034B1B680BB9FEF744
:1081D000A7BD0020704700BFC011002030B570B1AE
:1081E0000B4B5B6898420AD0036843B1D3E9042182
:1081F000D0E90445121941EB0501C3E90421D0E996
:10820000003213605A600023C0E9003330BD00BF64
:10821000E8020020B3F1FF3F08BFB2F1FF3F2DE9B4
:10822000F84F0446994615461F467AD08160EFF311
:108230001188202383F31288BFF36F8FB9F1000FE9
:10824000DFF8E4A020DBFFF7BFFFDAE90027013504
:1082500049F100092D1849EBE07306464FF001097A
:10826000C4E90453AD1843EB0707FFF7A5FF034626
:10827000DFF8B8E0DEF804A0EBB9C4E900EACAF818
:108280000040CEF8044028E06FF00103DAE9001264
:108290005B1A4FF0FF3161EB02025B1B62EB0902DC
:1082A000012B72F10001BCBF012300224FF0000935
:1082B000C0E90432D9E7D3E9041CD4E904208A4296
:1082C00070EB0C0B24DA891A5A686CEB0000C3E9D6
:1082D0000410C4E9003214605C60FFF76DFF844253
:1082E0000ED1134B1B685BB9B9F1000F02D1FFF738
:1082F0006BFF0646304604F000F90021FEF794FCBF
:1083000088F31188BFF36F8F28463946BDE8F88F90
:10831000521A60EB0C005345C4E90420ADD01B6831
:10832000AAE700252F46EFE7C80C0020E80200204E
:10833000C01100202DE9F047DFF8A8900246C9F8E7
:1083400000000D46FFF738FF00260027DFF8988071
:108350004FEAE27ED8E9001350B1D0E9044CA242C2
:108360007EEB0C0A1ADAA41A6CEB0E06C0E904467E
:108370000024521843EB0E032046C8E90023C9F835
:10838000004004F0BAF82146FEF74EFC85F3118850
:10839000BFF36F8FBDE8F047FFF7E0BE611843EB16
:1083A000E473C0E90467C8E90013FFF717FF01226F
:1083B0004FF00043C0E9042385F31188BFF36F8FAA
:1083C00083689847EFF31185202383F31288BFF366
:1083D0006F8FD9F80020121BC9F80020FFF7ECFEC0
:1083E000B6E700BFC0110020C80C002010B5EFF3A5
:1083F0001184202383F31288BFF36F8FFFF7E4FE0D
:108400000346054AD2E90001181841EBE37184F3F1
:108410001188BFF36F8F10BDC80C0020F8B504465B
:10842000EFF31187202383F31288BFF36F8FD0E916
:108430000423B3F1004F08BF012A04D087F3118849
:10844000BFF36F8FF8BDD0E90A566A1C46F10003EE
:10845000022A73F1000334D3013D46F1FF36002EAA
:10846000BCBF00252E4604F098F8013041F1000110
:10847000401946EB0101012871F1000148DB04F0CD
:108480008CF86FF00203013041F10001401946EB16
:10849000010183426FF000438B413EDB04F07DF825
:1084A000013041F100016FF00102401946EB010378
:1084B0004FF0FF31121A61EB030320461949FFF711
:1084C000A9FE236B01332363236A63B187F3118809
:1084D000BFF36F8F20469847EFF31187202383F374
:1084E0001288BFF36F8F54F8185FA542A6D0002DF5
:1084F000A4D0284603F014FF0023C5F8803087F38A
:108500001188BFF36F8F2846BDE8F84003F0F5BE31
:108510006FF001024FF0FF33CFE700224FF000432E
:10852000CBE700BF1D84000C2DE9F04105461C4639
:1085300090461F46EFF31186202383F31288BFF382
:108540006F8FB4F1FF3F08BFB2F1FF3F05D186F353
:108550001188BFF36F8FBDE8F081002C09DB012A81
:1085600074F10003BCBF0122002412F1FF3844F172
:10857000FF37284603F0D8FFDDE906010023C5E9EF
:108580000A012B6342463B4628460249FFF742FE5A
:10859000DDE700BF1D84000C70B50546EFF31184C4
:1085A000202686F31288BFF36F8F03F0BDFF20B142
:1085B00084F31188BFF36F8F70BD6B6A63B184F36E
:1085C0001188BFF36F8F28466B6A9847EFF31184C9
:1085D00086F31288BFF36F8F05F1180003F0D5FE04
:1085E0000028E5D003F089FE2146BDE8704001482F
:1085F00003F0E1BECB15002073B50446EFF31186FE
:10860000202383F31288BFF36F8F8368594003EAF6
:1086100002050A4053400022009309496B4601922B
:1086200003F00BFFDDE9003223EA020304F10C0042
:108630003146A36003F0BFFE284602B070BD00BF04
:10864000C9C6000CF8B507460C46164603F0F1FD06
:1086500008B10020F8BD0D4B9B685D6F002DF8D070
:10866000221DF6D2EFF31184202383F31288BFF387
:108670006F8F284647F00401B04784F31188BFF399
:108680006F8F0028E5D040F8045BE3E790110020ED
:108690000146024A0020FFF7D5BF00BFF38E000C51
:1086A000014800F04DBD00BFD9ED000C07B5074BE8
:1086B0004FF48062009306494FF0FF330548FFF7FF
:1086C000BBF8002003B05DF804FB00BF2CD2000C07
:1086D000102C0020D00C00200CB430B58BB0044618
:1086E0000D462022002102A804F031F80223002DBB
:1086F00006948DF80A300C4B039312DB01D06B1EED
:108700001C440FAA0E9902A80794019200F00EF8DB
:1087100015B1069B00221A700BB0BDE8304002B0C4
:1087200070470024EDE700BF23C8000C2DE9F04F8F
:1087300043688BB080469246009383789C0740F153
:10874000F98000250878002800F0F68025280AD056
:108750004B1C019301354146009B98470028C0F20D
:10876000E3800199EEE74E788B1C252E0193F1D022
:1087700000270A22B9463C461F2C22D8A6F1200326
:10878000102B20D8DFE803F0141F1F1A1F1F1F0B28
:108790001F1F1F121F171F1F090044F00104019B18
:1087A00013F8016B0193002EE6D13AE044F0020485
:1087B00044F00404F3E744F00804F0E744F0100444
:1087C000EDE77F2C24D8A6F13003092B08D86006EA
:1087D0004EBF02FB073744F0200402FB0939DEE7F5
:1087E0002A2E0DD161065AF8043B53D4002BA7BFA3
:1087F00044F020049946C3F1000944F02804CEE770
:108800002E2E05D1630600F1978044F04004C6E7A0
:108810006C2E2ED028D8682E32D06A2E37D04C2E0F
:1088200035D0002F46F02003B8BF24F04004A3F158
:108830006502BCBF0027A4B2022A01D9612B2BD14B
:108840000AF1070A07279D4E2AF0070A0AF1080ACB
:10885000210760D506EB070B34465C455DD1AE1BA6
:10886000A9EB0709A21959E1742E98D07A2E96D057
:10887000D7E7260648BF44F4007444F080048EE72E
:10888000E00548BF44F4007444F4807487E744F47E
:10889000207484E71F4682E7A6F16302122A00F2E1
:1088A000D880DFE812F013004D00D600D600D600C5
:1088B000D6004D00D600D600D600D600D600E8007F
:1088C000D100D600D6001A00D600A0005AF8043B0A
:1088D000012704AE8DF81030BAE75AF8046B784BD4
:1088E000002E08BF1E4614F0400F304614BF394614
:1088F0004FF0FF3103F033FF0746A9E74146202040
:10890000009B984700280FDB013CA742F6D34D445B
:10891000A1462D1B9EE74C46F7E7414614F8010B94
:10892000009B9847002898DA98F8023043F0040337
:1089300088F802304FF0FF3528460BB0BDE8F08FC5
:10894000220630D5A3052AD50AF1070A2AF0070323
:108950009A4659685AF8080B24F0100B00291FFAA0
:108960008BFB2FDA40424BF4806B61EB410104AC8E
:108970000A23224603F0FFFE1BF0400FA0EB040287
:1089800000F08E802BF001049742A4B240F38F8058
:10899000002E40F08E802BF01104A4B21DE05AF896
:1089A000040BC117D8E7E0055AF8041B01D40846A8
:1089B000F7E7A20547BF48B241F3C01108B241F33F
:1089C000C031C9E750EA0103D1D16306CFD5002FEA
:1089D000CDD124F011043A46A4B23B4640F2064100
:1089E0000C4262D124E024F010040A23A4B214F053
:1089F000800243D014F4007117BF0AF1070A5AF835
:108A0000040B2AF0070292461CBF51685AF8080B63
:108A100050EA01023ED124F0160B62061FFA8BFBCE
:108A20003CD5002F3AD124F017043A463B46A4B275
:108A300021075AD4E10705D5994572DDA9EB030357
:108A40009F184B469B464AE044F0100410237826BA
:108A5000CDE7782B04D1C6F1780343F01003C6E7C5
:108A600041462520009B98470028FFF65DAF023560
:108A70004146304670E608230026B8E714F48071BA
:108A80005AF8040BC4D014F400711ABFC0B21146D6
:108A900080B2BDE724F006041FFA84FB04AC68E74B
:108AA00013465C46E10699D52EB90133C0E713465B
:108AB000F8E73B46F6E70233BAE700BF17EE000CD3
:108AC00010EE000CCDE9023241462020009B984771
:108AD0000028FFF629AF0BF1010BDDE90232D94581
:108AE000F0DCEB1A03EB0B055B46E10627D54146AC
:108AF0003020CDE90232009B98470028FFF614AFE2
:108B0000DDE902327EB901352F44791B8A4229DB27
:108B1000144604AE94BB2A44A9EB030915469144BC
:108B200040E017468EE7023541463046CDE9023235
:108B3000009B98470028DDE90232E5DAF4E640F2CE
:108B400006410C42E0D014F0020F05F10105414648
:108B500014BF2B20202014F4806FCDE9023218BFFF
:108B60002D20E5E7CDE902324146009B302001355A
:108B700098470028DDE90232C7DAD5E6013C4146D4
:108B8000CDE90232305D009B98470028DDE90232D2
:108B9000C0DAC9E641462020009B013598470028ED
:108BA000FFF6C2AEA9EB0503002BF3DCD9E500BF4D
:108BB000704783689B6A03B11847704700F071BE25
:108BC000836800EBC101B3F5004F2CBF51F82200C0
:108BD00031F81200704700EBC1018068B0F5004F1A
:108BE0002CBF41F8223021F812307047012208B51D
:108BF000FFF7E6FFD04008BD836800EBC101B3F585
:108C0000004F08D34B681AB143F001034B60704723
:108C100023F00103FAE74B881AB143F001034B80BC
:108C2000704723F00103FAE753000122FFF7D3BF97
:108C300008B58368B3F5004F06D3FFF7D7FF0128C7
:108C40008CBF0020012008BD0020FCE78368B3F53D
:108C5000004F34BF04230823C91A081AC0087047FC
:108C60008368B3F5004F28BF0139B1FA81F0C0F134
:108C70001F0070472DE9F041174603220E460446B7
:108C8000FFF79EFF8642054607F104080AD101223C
:108C9000E368BA4023EA0203E360002344F8283083
:108CA000BDE8F081314602222046FFF789FF0646E3
:108CB0002B4601460322204644F82850FFF78BFF3D
:108CC000334629462046BDE8F0410222FFF783BF24
:108CD00038B504460D46FFF7ABFF70B9294620466C
:108CE000FFF784FF01462046FFF7BAFF29460246F8
:108CF0002046BDE83840FFF7BDBF38BD2DE9F0473D
:108D000005468946FFF7ACFF05EB800ADAF81070DC
:108D1000064677B94FF0FF34EB680136B4401C408B
:108D200015D094FAA4F2B2FA82F2131D55F823403A
:108D300009E03C464FF0030821462846FFF756FF5E
:108D4000814507D8324621462846FFF793FF204643
:108D5000BDE8F087214603222846FFF731FFB8F12E
:108D600001080446CAF81000D4D08742E4D1D1E704
:108D70002DE9F04114460E460546FFF737FFA4EBF8
:108D80000608371B0744424631462846FFF74CFF8A
:108D90003A4621462846FFF747FF43460022214630
:108DA0002846FFF718FF21462846FFF71FFF3B46DE
:108DB000211800222846BDE8F041FFF70CBF2DE93D
:108DC000F041164604460F46FFF710FF31460546B0
:108DD0002046FFF70BFF05442A4639462046FFF799
:108DE00023FF31462046FFF701FF2B4631180022B2
:108DF0002046BDE8F041FFF7EEBE2DE9F041044604
:108E00000D46FFF715FFB8BB29462046FFF7EEFEDB
:108E100001462046FFF724FF04EB80010E6996B956
:108E20000122E36882401343E36002220D612B4676
:108E300029462046FFF7CFFE032229462046BDE8FB
:108E4000F041FFF7C8BE022231462046FFF7B8FEC8
:108E50000746034629462046FFF7BDFE0322334658
:108E600029462046FFF7B7FE39462B462046FFF736
:108E7000B2FE02223146E1E7BDE8F08170B5056837
:108E800009B9002070BDAB6801F00704B3F5004FCD
:108E900034BF0422082207341444E40804EBD1044C
:108EA0009C4228BF1C4628462146FFF727FF06465E
:108EB0000028E6D001462846FFF798FEA04209D9CF
:108EC0003444314628462246FFF752FF21462846C1
:108ED000FFF793FF284601223146FFF78DFEAB686E
:108EE000B3F5004F34BF0423082303EBC603184433
:108EF000C8E71146FFF7C2BF2DE9F8434B420668A9
:108F000003EA010731EA03031446B2680ED0B2F552
:108F1000004F2CBF08230423BB4228BF3B46B94661
:108F2000CF1B94B900252846BDE8F883B2F5004F61
:108F300034BF04230823994204D82146BDE8F843EE
:108F4000FFF79CBF4FF00009EBE7B2F5004F34BFCD
:108F500004250825FB1AE10804F0070001EBD30102
:108F6000073003F0070303442B4401EBD301914284
:108F700028BF11463046FFF7C1FE80460028D1D0F9
:108F8000B36809EBC005B3F5004F34BF04230823D1
:108F90001D4435447B1E1D44B5FBF7F57D43A5EB11
:108FA000090529463046FFF751FE2C44073424F0CA
:108FB0000704A41B804507464FEAE40408D2024692
:108FC00041463046FFF7D4FE41463046FFF715FFD5
:108FD00039463046FFF70AFE3844844208D2394603
:108FE00030462246FFF7C4FE21463046FFF705FF14
:108FF000012239463046FFF7FFFD94E7B2F5802F96
:1090000034BF042308232DE9F0410026D21A8C181E
:10901000CD1D25F0070524F00704641BE408056056
:1090200021462846AC60EE60FFF71AFE820002F18E
:109030001B07FF083146043205F1100003F087FBDF
:109040003A4631462846FFF7EFFD33463246314671
:109050002846FFF7C0FDA4EB070828463146012249
:10906000FFF7CAFD42463946FFF7DEFD3B46324672
:1090700039462846FFF7AFFD21462846FFF7D4FDC5
:109080004346324621462846FFF7A5FD214628469D
:109090000122FFF7B1FD3946BDE8F041FFF7ADBE53
:1090A0002DE9F04706460D46174698462BB34FF07C
:1090B000000A98F8004093F80190DB78A40004EBD4
:1090C000430498F802301C444444CA4509D3394645
:1090D0003046AC46D8F8042008F10803BDE8F04754
:1090E000604714F8013B0AF1010A204648F8234082
:1090F000F6F7AAFF01300444E7E76FF01500BDE87A
:10910000F08730B502460024002012F8013B43B13D
:1091100078B18C4207D1702B04D0A3F140053A2DD1
:1091200007D8002030BDA3F140053A2D01D8013405
:10913000EAE7252B08BF80F00100E6E70020704732
:109140000FB407B504A951F8040B019100F026FBF8
:1091500003B05DF804EB04B0704710B50369024634
:1091600013F0080009D11368D4689C429BBF01200A
:10917000126AE31AD31A0B6010BD00231846FAE7EF
:1091800013B501A90446FFF7E8FF20B1019BE2688F
:10919000013B13440193206A019BC01A013802B0BD
:1091A00010BD10B5044650182269236AD20702D5B3
:1091B000013B184010BD984228BFC01AFAE710B50D
:1091C00004460A46C168FFF7ECFF2369E06023F01C
:1091D0000803236110BD38B50D46C2698B000168D4
:1091E00043F00203044642F8213001682A46FFF7A3
:1091F000D8FFE3686168984208BF2369206008BF10
:1092000043F008032A46204608BF2361FFF7C9FF41
:10921000606038BD2DE9F74F0F460021D0F80CB043
:10922000C669009216F82B209A4602F00302022A21
:1092300014BF894656F82B2006EB8B030193009B45
:1092400008BFC2F39D0919600446CAF80010B9F1BD
:10925000000F07D04946FFF7B2FFE368A3604FF065
:10926000010804E001698A0705D44FF00008404670
:1092700003B0BDE8F08F816906EB8B00884716F8D4
:109280002B10054611F00108EFD08B071DD51FB13B
:1092900039462046FFF79FFF61682A462046FFF7C0
:1092A00080FFD4E902138B42606007D12A46204632
:1092B000FFF777FF4FF000080146A06023692160A7
:1092C00043F00803E1602361D1E701462046FFF740
:1092D00076FFE168A1601FB12068E16941F8209044
:1092E000EA19CAF8002021682046FFF75AFF2269D0
:1092F000206042F00802226116F82B2022F00102C1
:1093000006F82B20DDE900321A60A8E770B50446A4
:109310001546FFF746FF2368834205D12369216084
:1093200023F00803236170BDE269AB0043F0020340
:1093300042F8213061682A462046FFF732FF60601C
:10934000F1E738B5036904465B0706D5456AFFF7C0
:1093500017FF85422CBF6562606238BD38B50D4687
:1093600004461C22002103F0F2F90022EB68A361FD
:10937000AB6863612B68E3616B68626223622A6990
:1093800023B1591E194208BF42F001022261012295
:1093900004F128000021BDE8384002F0BEBE2DE9EE
:1093A000F04F00259846036A87B08B4204460E466C
:1093B0009346AA460395059538D3EFF311892023E8
:1093C00083F31288BFF36F8F059A2AB1294620468E
:1093D000FFF79CFF0023059304A92046FFF7BDFE7D
:1093E00004990746B1422AD32268E369204613F85C
:1093F000221003EB820A21F0030103F822102168F6
:109400003246FFF7CEFEE3682060984212D0002774
:1094100089F31188BFF36F8F039929B162690AB18B
:109420002046904700230393002FC6D1504607B033
:10943000BDE8F08F236943F008032361E7E718B123
:109440002046FFF7C8FEE3E75BEA08031CD0019162
:1094500002F0EFFE0199B8B9B9F1000F14D189F308
:109460001188BFF36F8F5A46434604F12800FEF778
:109470007DF8EFF31189202383F31288BFF36F8FF8
:10948000B0FA80F77F09C3E7204605AB03AA256839
:10949000FFF7C0FE0746BBE770B504468369084680
:1094A0000D4698470246EFF31186202383F3128876
:1094B000BFF36F8F2B78204643F001032B70616858
:1094C000FFF76FFE60602046FFF73BFF86F31188D1
:1094D000BFF36F8F70BD2DE9F843044600272026A7
:1094E000EFF3118586F31288BFF36F8F2369A268AB
:1094F000190702D46368934200D2236A9B1A002B97
:1095000042D0E06910F8221000EB820911F0030349
:109510003AD0022B04D150F822305FEA930805D1EB
:10952000CB0720D44846A36998478046A1684246A5
:109530002046FFF736FE0127A06041462046FFF790
:109540003EFE3B4685F31188BFF36F8F002BC7D1DA
:1095500037B1B9F1000F03D104F12800FDF7D2FFB4
:109560004846BDE8F88341F0020100F82210A369E3
:109570004846D4F808809847414602462046FFF7FF
:1095800010FE0023A060DDE79946DBE7F8B504464E
:10959000836908460D4698470646EFF31187202356
:1095A00083F31288BFF36F8F2B7823F001032B70A6
:1095B00023699B0705D5E268E36903EB82039D42BB
:1095C0001AD12B7823F002032B70D4E9023199428F
:1095D00004D132462046FFF7E4FDA0603146204624
:1095E000FFF7EDFD87F31188BFF36F8F04F12800BB
:1095F000BDE8F840FDF786BF2B6860F39F032B6042
:10960000F0E7EFF31181202383F31288BFF36F8F0C
:1096100002698368120702D442689A4200D2026A41
:10962000D31A81F31188BFF36F8F181E18BF012062
:10963000704770B506460C888888241A3069A4B231
:10964000844285B224BF641BA4B22D1BA8B29842E9
:1096500028BF18463368234413600B8803440B80EB
:1096600070BD70B4838985880669ED1AADB2731B2D
:10967000934228BF134670BC0A46011DFFF7D9BFAD
:1096800070B40E460146C58831F80A3FEC1AA3B201
:10969000934228BF1346324670BCFFF7CABF10B5CD
:1096A0004B880C88E41AA4B294420ED31A4492B2A6
:1096B0008B884A800A800069D21A92B2824201D213
:1096C000002010BD03448B80FAE76FF01500F8E727
:1096D0002DE9F34106460F4615464FF000082A468D
:1096E000304601A9FFF7BDFF044640B102463946A6
:1096F000019803F01FF82D1BA0442744EFD14246E8
:109700003046311DFFF7CBFF404602B0BDE8F08187
:109710002DE9F34107460E4615464FF000082A464C
:10972000384601A9FFF7ACFF044648B12EB1024606
:109730000199304602F0FEFF26442D1BA044EED1D5
:109740004246384607F10A01FFF7A9FF404602B03A
:10975000BDE8F081704703785B075FBF036842880C
:10976000C3F34A2303EB12105DBF173020F007004C
:10977000800800207047002070470346D3E8EF0FB1
:10978000421CC3E8E12F0029F8D1704708B502F068
:1097900004FF0A220023F6F733FC08BD1FB500239F
:1097A000CDE902011A4619461846CDE90033F7F70C
:1097B0003BFF05B05DF804FB0120F7F7F9BC002082
:1097C00070474368DA7101224368196043685A712F
:1097D000F7F7E0BC70B515460C4669B1D2E9013621
:1097E0009B1B99420AD813680A460146981902F051
:1097F000A1FFAB682344AB60204670BD6FF01B0037
:10980000FBE770B50E4615461946044618B9BDE883
:109810007040F7F7CDBC33B1C2F34A231030120DBC
:10982000184402F087FFC4E900562046BDE87040A6
:10983000F7F75ABE2DE9F3415F1C4FEA8708064649
:1098400008F1170020F0070080080C461546F7F7CE
:1098500029FD00238DF80470ADF805308DF8073030
:1098600068B10346019AA8F1040143F8102F2A4673
:10987000294452F8045B8A4243F8045FF9D100237B
:109880003146A20102F4E07242EA482222F07F420D
:1098900022F4700222F03F0202B0BDE8F041FFF76F
:1098A000B0BF07B50123019201AAFFF7C3FF03B0C0
:1098B0005DF804FB07B5CDE9002302236A46FFF7F4
:1098C000B9FF03B05DF804FB1FB5CDE90123069B8A
:1098D00001AA03930323FFF7ADFF05B05DF804FB76
:1098E000F8B506460D4614461F4604B9F8BD214694
:1098F00028463A46B047241A0544F6E710B54268B0
:109900000446D2E9002381680068FFF7E9FF0022DE
:1099100063681A6010BD38B54B6805461A68CB6895
:109920000C469A4202D10846FFF7E8FF6368D3E885
:10993000EF2F511CC3E8E01F0028F8D1A3680020D6
:109940009D5438BD0A2838B504460D4602D10D2075
:10995000FFF7E1FF29462046FFF7DDFF002038BD75
:109960002DE9F043054689B008460E8891F800902D
:109970000C46D1F808801746F7F7A8FE011EC6F37B
:109980008216C9F3C2091FDB4846F7F7BFFD03463D
:10999000214651F8102B6088C2F34A22002A01EBBD
:1099A000020408BF00210022C0F30B10CDE9050717
:1099B000CDE9031428464146CDE900220296F7F787
:1099C000B1FE09B0BDE8F0830023E1E74368002061
:1099D0001B685B681961704743681B681A685268A6
:1099E0005360704701212DE9F04143681B685A68B4
:1099F00011751D682F68D5E90136D3E900481CB9F7
:109A00006B681C60BDE8F081214630464246B8478D
:109A1000241A0644F3E743681B681868F7F7B8BFD1
:109A200070B543680C461D686B681869F7F79CFBB6
:109A3000214603460F222868BDE87040184702F00F
:109A400086BE02F077BE01460068F8F723B808B575
:109A5000F8F77CF8BDE80840F8F730BC0A46012169
:109A6000FFF71FBF00210120F8F714B86FF0850041
:109A7000704761B662B680F31188BFF36F8F70478D
:109A800072B6002383F31188BFF36F8FBFF34F8F3C
:109A900030BF62B6BFF36F8F704740E800F313F436
:109AA000803FD8B208BF6FF01500704730B50C6822
:109AB0004B6885B00A894D890094013B24F01F044E
:109AC000234402F01F0242EA451223F01F036946B5
:109AD0008DF808200393F8F79BFC05B030BD08B55E
:109AE000D1E904319847002008BD08B5F8F7A4FE75
:109AF000002008BD002303824369C3607047027AD7
:109B000001320272704710B508B14B684360002300
:109B10004C6808464B60F8F757FF204610BD838815
:109B2000026819448180D018704730B48488056871
:109B3000A3188380281930BC02F0FCBD10B58388BF
:109B400002685C1C8480D154D01810BD30B5838865
:109B500002689D1C8580D418D154090A617030BDFB
:109B600083885B1A9BB28380006818447047034661
:109B70008288521A828000680844186070474FF04B
:109B8000FF324FF0FF330430FDF7C8BBFDF738BCA0
:109B900090F86C00C0F341107047F8B504461E46BB
:109BA0000D461746FFF7EBFF94F86C309B0715D472
:109BB00025B1012D10D06FF0150508E0216F0029A7
:109BC000F9D000259DF818300F714E718B71201D52
:109BD000FFF7DCFF2846F8BD616FF0E76FF077050F
:109BE000F5E738B504460D46FFF7C9FF94F86C3029
:109BF000201D65F3041384F86C30BDE83840FFF78E
:109C0000C5BF90F86C00C0F38000704783691B6982
:109C100093F88000C0F3001070470246034652F8E4
:109C2000640F90420BD100207047027A8A42FBD029
:109C30009A6E8242F7D000680028F6D1704700285B
:109C4000F3D1704738B504460D46FFF798FF94F8F6
:109C50006C30DB0718D42B690BB9EB68BBB1636EB2
:109C60001BB904F16403C4E919332B6893B9A26EDC
:109C700004F16401C5E900121560A5661D46201DAA
:109C8000FFF784FF284638BD4FF0FF35F7E76FF048
:109C90001505F4E76FF07705F1E710B504460346C4
:109CA00054F84C0FA0420DD100200DE0447D8C42B1
:109CB00004D1032909D1047A944205D01C6D844251
:109CC000F2D000680028F1D110BD0F29F5E72DE989
:109CD000F04105460C46061D4FF0FF324FF0FF33B2
:109CE0003046FDF71BFB2F6F002F6DD095F86C30C1
:109CF000DB0769D4EB6C1BB905F14C03C5E91333E1
:109D00002368002B63D1637D0F2B09D1237A012BAC
:109D10000CD02B6D05F14C02C4E900231C602C65AE
:109D2000637D032B0FD04FF0000806E02846E16862
:109D3000FFF788FF80460028EBD03046FDF760FB38
:109D40004046BDE8F081EA6C05F14C0090421ED11E
:109D5000002329E091F815C0BCF1030F10D00133A6
:109D600023724B68C4E900131C604C60637A022BB9
:109D700024D0032B25D0012BD5D1237ABB73D2E776
:109D800091F808C00CF1FF3C6345E8D11268002A45
:109D9000DED0517D2B6D03290DD19A42137A02D06A
:109DA00011680029D6D1013323722B6DC4E9000359
:109DB0001C602C65DAE79342E8D1C9E7237AFB738C
:109DC000B1E7237A3B74AEE74FF0FF38B5E76FF0A9
:109DD0007708B2E70346006800B1187A70478388B5
:109DE000C2888168D21A03685B1AD01A704703468A
:109DF000C08808B11878C009704770B50C46154680
:109E0000FAF778F840B1406883681B6823B12A46A6
:109E10002146BDE87040184770BDF8B504460D46B0
:109E2000174686680369A033D3E8AF3F9B070ED57A
:109E3000B36A7BB1F36B98472946B36A3A4620462A
:109E40009847336C0546204698472846F8BD4FF0A2
:109E5000FF35FAE76FF08505F7E770B504460D4664
:109E600086680369A033D3E8AF3F9B070BD5F36B3C
:109E700098472946736A20469847336C0546204622
:109E80009847284670BD4FF0FF35FAE710B50446F5
:109E900019B9002084F8300010BDF8F78FFE0028B3
:109EA000F7D0F9E74FF0FF324FF0FF330430FDF702
:109EB00035BAFDF7A5BA21B101290DD000231B68E1
:109EC000FFDE5430006848B143685B79934205D0A7
:109ED00000680028F8D170475C30F3E7704710B590
:109EE00090F830300446022B09D1FFF751FE94F868
:109EF000382001462046BDE81040FFF7DCBF0020B7
:109F000010BD08B5FFF7D7FF003818BF012008BD06
:109F10004FF0FF324FF0FF330430FDF7FFB908B5C3
:109F200083681B6B0BB198470346002023B153F89D
:109F3000042B0AB1127802B908BD1044F6E710B537
:109F40001C46FFF7B8FF48B10122C06802FA04F3CB
:109F500020B10269134201D10068F9E710BD10B5C4
:109F60000C46FFF7BCFF48B10123C06803FA04F1B7
:109F700020B10369194201D10068F9E710BDD1F899
:109F80001A0083681B6903B118476FF0850070479A
:109F900038B50C46FFF7A3FF80B1C06870B14368C5
:109FA000DA681AB100231179994201DC0068F5E7FB
:109FB0001568ED5CA54201D00133F5E738BDF8B571
:109FC0000646CC680CB9204622E0012504F10C07B6
:109FD000E268AAB165F07F03D9B203F07F031033C2
:109FE000DA40D2070ED4E368EB40DB0705D53A46EA
:109FF000B069E9B200F09BF850B90135102DE7D1F6
:10A000002468DFE73A46B06900F091F80028EAD00A
:10A01000F8BD2DE9F347002405460E46A1465768D2
:10A0200097F805803B79A34203DC002002B0BDE82D
:10A03000F0875FFA84FA3146534642462846FFF7D6
:10A040007EFF014650B1534601222846CDF80090CC
:10A05000FAF724F80028E9D10134E3E76FF03C0077
:10A06000E4E72DE9F74380460D461746FFF777FFF3
:10A07000064628B96FF00104204603B0BDE8F0831E
:10A080000F2DF7D808EB0509014699F83A402B4601
:10A09000002240460097FAF701F80028EAD1009420
:10A0A0002B46022231464046F9F7F8FF04460028C5
:10A0B000E2D12B460122314640460097F9F7EEFFE8
:10A0C00004460028D8D1706883685B6813B13A46AB
:10A0D0002946984789F83A70CEE7012311F0800F9E
:10A0E00018BF21F08001026818BF10318B4022EAAE
:10A0F00003030360704737B58B790C460093154610
:10A100008B88CA78897800F09EFF70B994F9023084
:10A11000A178002B4FF00103B8BF21F080012A681D
:10A12000B8BF10318B4013432B6003B030BDF8B57E
:10A1300006460D46174600F0AFFF044658B92946BB
:10A140003846FFF7CAFF2946304601F078F8044642
:10A1500008B902F098F82046F8BD0A4680698021C7
:10A1600001F09DB843689869FAF750BA70B591F953
:10A1700018300546002B0C46466807DBC4F81A5019
:10A180002146B069BDE8704000F0FCBF3046FFF7E3
:10A1900038FD0028F2D04FF0FF3070BD806901F02B
:10A1A000A3B838B5054680690C4600F091FF58B950
:10A1B000012314F0800F18BF24F080046A6B18BFCD
:10A1C0001034A34013436B6338BD70B505468069F6
:10A1D0000E4600F0A7FF044620B9314605F13400D1
:10A1E000FFF77BFF204670BD0B0648BF21F08001C2
:10A1F000406B48BF1031C84000F001007047F8B50F
:10A2000005460E46071D4FF0FF324FF0FF3338462C
:10A21000FDF784F8EC692CB9EE613846FDF7F0F8EB
:10A220002046F8BD6FF07704F7E7C36982B08DF878
:10A23000001001922BB102AB13E9060002B0FAF74D
:10A240002BB802B07047C36982B08DF8001001923C
:10A250002BB102AB13E9060002B0FAF71DB802B049
:10A260007047704703695B68D8687047436803614B
:10A27000037A63B1012B0CBF022303234375437A96
:10A280005A1E032A05D8DFE802F00505050501235B
:10A29000F4E700230375837A062B09D0072B09D036
:10A2A000052B0CBF002303238375837EC375704782
:10A2B0000123F9E70223F7E7036993F8400030B17F
:10A2C000DA6B9388918910695B1A9BB2C01A704748
:10A2D000036993F838007047036993F8402012B976
:10A2E00093F838007047012070470369C3E90712EB
:10A2F00070470229036907D0042907D0012907D133
:10A300001B690020136070471B7EFAE75B7EF8E74D
:10A310006FF085007047CB79026923B1012B02D021
:10A320006FF085007047002093767047D0E8AF0F3C
:10A33000084100F00100704703691B698833D3E8C6
:10A34000EF1F41F00201C3E8E21F002AF7D1704776
:10A3500010B50469606BFFF7DBF910B1012384F8D5
:10A36000393010BD10B50469606B4289C3889A42C8
:10A3700002D14FF0FF3010BD0122FFF7C9F90028CC
:10A38000F7D004F17800FDF751FA0020F3E738B573
:10A390000469EFF31185202383F31288BFF36F8FD5
:10A3A000E06BFFF795F985F31188BFF36F8F10B15C
:10A3B000012384F8413038BD0269002013690B6025
:10A3C00053694B60704738B503461B6940685D6848
:10A3D000AC68A37A84F8223094F82D3084F82330C6
:10A3E000696841B1237C33B9FFF771FC18B968681B
:10A3F000FFF7F0FC2074002038BD01238B40DB43C5
:10A40000D0E8EF2F1A40C0E8E12F0029F8D17047BB
:10A41000006902218830FFF7F0BF0069032188300E
:10A42000FFF7EBBF08B50369002118698830FFF713
:10A43000E4FFBDE808400121FFF7DFBF0369012108
:10A4400018698830FFF7D9BF2DE9F04750F8483C2C
:10A4500000F140045B68064600212046D3F80090D6
:10A46000FFF764FF00284CD001212046FFF75EFF74
:10A470000746002845D1D4E8EF3F43F02002C4E866
:10A48000E12F0029F7D19B063BD4D9F810304022A8
:10A490005B6848469B6893F83610FFF763FE0546F5
:10A4A00050B920460521FFF7A8FF3046BDE8F04728
:10A4B0000A220023FDF72ABA8246428A5AF80C1F64
:10A4C00056F80C0CFFF724F9804601465046FFF77A
:10A4D00026FBB8F1000F04D008F03F08B8FA88F75F
:10A4E0007F092946484606F82D7CFFF73FFE40B11C
:10A4F0002846F8F769FA2046BDE8F0470521FFF73E
:10A500007CBFBDE8F08740297FB534D00DD8102935
:10A5100033D006D801296BD0082930D06FF015044C
:10A5200026E02029FAD1042308E0B1F5807F28D065
:10A53000B1F5007F27D08029F0D1102304699BB2A8
:10A54000E18912B30B4342F2A1014FF40032E381DF
:10A55000CDE901120669ADF80C30436800211C6892
:10A5600006F188031846FFF7E1FE88B96FF00C0486
:10A57000204604B070BD0823E0E70223DEE7012394
:10A58000DCE72023DAE74023D8E721EA0303DAE710
:10A5900001211846FFF7CAFE0028E7D123690A22E5
:10A5A0005B6820469B6893F82610FFF7DBFD0546A5
:10A5B000D8B10A2201A90C30FFF7B7FA2046294684
:10A5C000FFF7D4FD044618B12846F8F7FDF9CFE7A8
:10A5D0004FF0FF324FF0FF3306F18C00FCF7C6FF5F
:10A5E0000B3008BF6FF08B04C2E76FF00B04BFE7BE
:10A5F0000024BDE7F8B50D46016906460C694968B7
:10A60000476889682B7E91F83D102AB3994204D19E
:10A61000042104F18800FFF7F0FE33692A7E5B68AD
:10A620009B6893F836309A4204D1052104F18800E2
:10A63000FFF7E3FE33692A7E5B689B6893F8263058
:10A640009A4203D104F18C00FCF7B6FF2946384644
:10A65000BDE8F840FFF7A2BD994214D12A8AE96803
:10A66000606BFFF735F828B1E3691BB104F12400F2
:10A67000FDF7DCF804F188000421FFF7BEFE04F1C9
:10A680007800FDF7D3F833692A7E5B689B6893F8FE
:10A6900036309A4215D1E3691BB104F12400FDF76D
:10A6A000C5F8052104F18800FFF7A7FEE36B5A897E
:10A6B000DB889A4205D00022002304F14800FDF710
:10A6C00025F933692A7E5B689B6893F826309A42A5
:10A6D000BCD104F18C00FCF715FFB7E738B550F892
:10A6E000083C0446002B4FD050F8243C00F1640590
:10A6F0005B6802211A680023838283832846FFF760
:10A7000015FEB8B154E9023110699847637D1BB159
:10A7100004F15400FDF78AF805212846FFF706FEEC
:10A7200098B9637F6BB10022002304F12400FDF788
:10A73000EDF80AE003212846FFF7F8FD0028E1D1F3
:10A74000E4E714F8093C002BEDD102212846FFF77D
:10A75000EDFD38B123695A89DB889A4202D0204640
:10A76000FDF764F803212846FFF7E0FD60B1A26918
:10A770009388918912695B1A9BB29A4204D0204651
:10A78000BDE83840FDF752B838BD38B550F8783CD0
:10A7900002465B6800211D6800F110031846FFF7B0
:10A7A000C5FD90B301211846FFF7C0FD68BB52F804
:10A7B000441C8A8888890969121A92B28A1A3F2A27
:10A7C00023D9D3E8EF2F42F01001C3E8E01F00289F
:10A7D000F7D1D30619D42B6940225B6828469B68C1
:10A7E00093F83D10FFF7BEFC044670B1438A014662
:10A7F000402B28BF402343822846FFF7B7FC20B1F7
:10A800002046BDE83840F8F7DFB838BD08B5036921
:10A81000022103F188021046FFF788FD28B1596B29
:10A820004889C988401A18BF012083F838000321DD
:10A830001046FFF77BFD40B1DA6B90889189126971
:10A84000401A80B2801A18BF012083F8400001200E
:10A8500008BD006900F18803D3E8EF1F41F008014B
:10A86000C3E8E21F002AF7D1C26B9388918912696D
:10A870005B1A9BB29A4202D02430FCF7D7BF7047D4
:10A8800038B5046904F18805D5E8EF3F43F00403C7
:10A89000C5E8E23F002AF7D1636B5A89DB889A4208
:10A8A00003D004F12400FCF7C1FF04212846FFF780
:10A8B0003DFD28B904F17800BDE83840FCF7B6BF8B
:10A8C00038BD70B503691C6904F18805D5E8EF2F20
:10A8D00042F00102C5E8E12F0029F7D10221284604
:10A8E000FFF724FD10B11846FFF7CAFFE36BDA88C3
:10A8F0005B899A420AD103212846FFF717FD68B108
:10A9000004F12400BDE87040FCF790BF04F148005A
:10A910000022BDE870400023FCF7F8BF70BD30B4E2
:10A920000125416802690968137E4D6154685B091D
:10A9300054B1107E023300F01F0052F8231005FAC4
:10A9400000F0234630BC184730BC704710B4026991
:10A95000416802200968537E486154685B095CB114
:10A96000034452F823100123507E00F01F0003FA25
:10A9700000F0234610BC184710BC704710B40269A1
:10A98000416804200968937E486154685B095CB1A2
:10A99000023352F823100123907E00F01F0003FAC7
:10A9A00000F0234610BC184710BC704710B4026971
:10A9B000416808200968D37E486154685B095CB12E
:10A9C000023352F823100123D07E00F01F0003FA57
:10A9D00000F0234610BC184710BC704710B4026941
:10A9E000416810200968137F486154685B095CB1B5
:10A9F000023352F823100123107F00F01F0003FAE6
:10AA000000F0234610BC184710BC704710B4026910
:10AA1000416820200968537F486154685B095CB134
:10AA2000023352F823100123507F00F01F0003FA75
:10AA300000F0234610BC184710BC704710B40269E0
:10AA4000416840200968937F486154685B095CB1A4
:10AA5000023352F823100123907F00F01F0003FA05
:10AA600000F0234610BC184710BC704710B40269B0
:10AA7000416880200968D37F486154685B095CB1F4
:10AA8000023352F823100123D07F00F01F0003FA95
:10AA900000F0234610BC184710BC704710B4026980
:10AAA00041684FF48070096892F82030486154681A
:10AAB0005B0964B1023352F82310012392F820009D
:10AAC00000F01F0003FA00F0234610BC184710BC2A
:10AAD000704710B4026941684FF40070096892F839
:10AAE0002130486154685B0964B1023352F8231085
:10AAF000012392F8210000F01F0003FA00F0234622
:10AB000010BC184710BC704710B4026941684FF47C
:10AB10008060096892F82230486154685B0964B12A
:10AB2000023352F82310012392F8220000F01F0094
:10AB300003FA00F0234610BC184710BC704710B44D
:10AB4000026941684FF40060096892F82330486157
:10AB500054685B0964B1023352F82310012392F860
:10AB6000230000F01F0003FA00F0234610BC184732
:10AB700010BC704710B4026941684FF480500968F6
:10AB800092F82430486154685B0964B1023352F88A
:10AB90002310012392F8240000F01F0003FA00F0B4
:10ABA000234610BC184710BC704710B402694168B6
:10ABB0004FF40050096892F82530486154685B09E9
:10ABC00064B1023352F82310012392F8250000F0FB
:10ABD0001F0003FA00F0234610BC184710BC704752
:10ABE00010B4026941684FF48040096892F8263039
:10ABF000486154685B0964B1023352F823100123A1
:10AC000092F8260000F01F0003FA00F0234610BC63
:10AC1000184710BC704710B4026941684FF40040F7
:10AC2000096892F82730486154685B0964B10233BF
:10AC300052F82310012392F8270000F01F0003FAB6
:10AC400000F0234610BC184710BC7047002208B51E
:10AC500011460D20F7F7B4FA0D20F7F78FFA00220E
:10AC60000E201146F7F7ACFA0E20F7F787FA00220C
:10AC70000F201146F7F7A4FA0F20F7F77FFA00220A
:10AC800010201146F7F79CFA1020F7F777FA002208
:10AC900011201146F7F794FA1120F7F76FFA002206
:10ACA00012201146F7F78CFA1220F7F767FA002204
:10ACB00013201146F7F784FA1320F7F75FFA002202
:10ACC00014201146F7F77CFA1420F7F757FA002200
:10ACD00015201146F7F774FA1520F7F74FFA0022FE
:10ACE00016201146F7F76CFA1620F7F747FA0022FC
:10ACF00017201146F7F764FA1720F7F73FFA0022FA
:10AD000018201146F7F75CFA1820F7F737FA0022F7
:10AD100019201146F7F754FA1920F7F72FFA0022F5
:10AD20001A201146F7F74CFA1A20F7F727FA0022F3
:10AD30001B201146F7F744FA1B20F7F71FFA0022F1
:10AD40001C201146F7F73CFABDE808401C20F7F735
:10AD500015BA38B50446807AF7F7B0FD6169054643
:10AD600049B1637ADB0704D4C36920461B689B683A
:10AD700098470023636121462846BDE8384001F02A
:10AD8000BEB930B509060546847C14D414F04000E1
:10AD900016D0298AC3F30A00C1F30A01884222D8D7
:10ADA00002F00300022809D003280AD0012811D09C
:10ADB00004F0010004E014F02000E9E7C4F380008F
:10ADC00030BD14F00200FBD013F4C05F09D0C4F30F
:10ADD0000010F5E714F0080205D013F4C05FEFD0BF
:10ADE000F5E70120ECE70020EAE7A030D0E8AF0F5C
:10ADF00000F001007047A030D0E8AF0FC0F3400072
:10AE000070470369A033D3E8AF2F41B1D3E8EF1FF8
:10AE100041F00401C3E8E21F002AF7D17047D3E8EC
:10AE2000EF1F21F00401C3E8E21F002AF7D17047A9
:10AE300001F00F030269090648BF103352F82300DE
:10AE40007047007DC0F300107047037D61F3041369
:10AE50000375704708B502691046FFF7C6FF60B971
:10AE6000087E00F00F03000648BF103342F823109D
:10AE7000084601F031F9002008BD6FF00C00FBE737
:10AE800000220023FCF70CBB01F043B901F02CB900
:10AE9000407EC0F3C0007047437E23F00803437632
:10AEA00070471FB504698DF80410CDE90220D4F86D
:10AEB000983001A9984704B010BD1FB50346046936
:10AEC00006208DF804002046CDE90213FFF78DFF20
:10AED00040B1C1F81E201846D4F8982001A9904727
:10AEE00004B010BD4FF0FF30FAE738B505460C4608
:10AEF0002046FFF7C5FF014600B938BD6FF070026C
:10AF00002846FFF7DAFFF3E72DE9F843066907461D
:10AF10000D46D6F80090D6F840804FF0FF324FF043
:10AF2000FF3306F18400FCF7F9F94046FFF7A8FF6C
:10AF3000014618BB4846FFF7A3FF044620BB99F81B
:10AF4000143023F0100389F8143098F8143023F0EB
:10AF5000100388F8143024BB012286F8B020EDB12C
:10AF60002B68C6F8A8306B6886F8B120C6F8AC30FC
:10AF700038698430BDE8F843FCF742BA6FF06702E5
:10AF80003846FFF79AFFD0E7637EDB07D7D46FF030
:10AF9000670221463846FFF790FFCBE786F8B150AD
:10AFA000E6E72DB10822294604F10C00FEF7BDFDAD
:10AFB000002221463846FFF780FFD9E72DE9F84304
:10AFC0000546884614461F46D0F80890FFF730FF24
:10AFD0000646002834D02846D9F83C3098474146E8
:10AFE000224630463B88FFF7CCFE804688B183B9C5
:10AFF0002B6904F0030493F88030DB0753BF402231
:10B000004FF480624FF400711146022C0DD0032CD6
:10B0100011D02846D9F840309847B8F1000F14BF36
:10B0200000206FF08500BDE8F883338A8B4228BF8B
:10B030000B463B80EDE7338A934228BF1346F8E77F
:10B040006FF01200EFE72DE9F3411F464B0604466F
:10B050000D461646D0F808801BD0D8F83C309847EB
:10B060002069FFF7C8FE88B19DF82030294600937B
:10B0700032463B462046F9F75BFA05462046D8F8AB
:10B0800040309847284602B0BDE8F0814FF0FF35C8
:10B09000F4E76FF01505F5E770B54B0604460D466D
:10B0A000866812D0F36B98472069FFF79EFE48B17F
:10B0B00029462046F9F780FA05462046336C984722
:10B0C000284670BD4FF0FF35F7E76FF01505F7E73D
:10B0D00070B5054686680C46F36B98472869FFF7FC
:10B0E0008AFEB0B121462846FFF7A2FE014698B17C
:10B0F000037DDB0710D5437E03F00303012B0ED045
:10B100002846F368984704462846336C98472046FB
:10B1100070BD4FF0FF34F7E76FF01204F4E76FF003
:10B120008504F1E7F8B5064687680C46FB6B98473F
:10B130003069FFF760FEE0B121463046FFF778FE48
:10B140000546C8B1037DDB0716D5437E03F0030334
:10B15000012B14D001463B6930469847044618B984
:10B160002B7D60F341032B7530463B6C984720469E
:10B17000F8BD4FF0FF34F7E76FF01204F4E76FF01B
:10B180008504F1E72DE9F041054686680769F36B10
:10B190000C4698472869FFF72EFE98B394F818805C
:10B1A00028464146FFF744FE014670B3037DDA07A7
:10B1B0002BD518F07F0F20D197F8B030EBB1637E1C
:10B1C000DB0717D597F8B13033B1082207F1A80192
:10B1D00004F10C00FEF7A9FC002287F8B0202146FC
:10B1E0002846FFF76AFE04462846336C98472046F7
:10B1F000BDE8F0816FF06702F1E7224628467368E8
:10B200009847F0E74FF0FF34EEE76FF01204EBE7FA
:10B2100070B505460C468668F36B9847214628466C
:10B22000FFF706FE48B100F074FFB0FA80F464093D
:10B230002846336C9847204670BD0124F8E770B566
:10B24000054686680C46F36B98472869FFF7CDFDE5
:10B2500080B121462846FFF7EBFD014668B104683E
:10B260001CB12846B368984704462846336C984773
:10B27000204670BD4FF0FF34F7E76FF01204F4E79B
:10B2800008B5036900211B685A8BF9F7BFF928B18B
:10B29000437E23F0070343F00103437608BD08B55E
:10B2A00039B90369013A1B685B8B1A44B2FBF3F2AC
:10B2B0005A43F9F7ABF928B1437E23F0070343F073
:10B2C0000203437608BD08B561B903691B685A8B50
:10B2D000F9F79CF928B1437E23F0070343F00403F8
:10B2E000437608BD0022F3E770B50D460446866834
:10B2F000F36B98472846F7F767FB2046336C98476F
:10B30000002070BD70B505468668F36B98472869C4
:10B31000FFF771FD044620B133683BB128469847DA
:10B3200004462846336C9847204670BD0124F8E750
:10B33000F8B5044687680669FB6B98472069FFF7F4
:10B3400054FDB8B12069FFF756FDB0B92046FB6A3D
:10B350009847054648B906F1A003D3E8EF1F41F02E
:10B360000201C3E8E21F002AF7D120463B6C984750
:10B370002846F8BD4FF0FF35F7E76FF07705F4E7A3
:10B38000F8B5044687680669FB6B98472069FFF7A4
:10B3900032FD90B13B6B20469847054606F1A0036D
:10B3A000D3E8EF1F21F00201C3E8E21F002AF7D122
:10B3B00020463B6C98472846F8BD6FF07705F7E7C5
:10B3C0002DE9F041054614460F46D0F8088006697D
:10B3D00011B30AB3D8F83C3098472869FFF705FD48
:10B3E000B8B9C6E926742846D8F8343098470446D8
:10B3F00040B9A036D6E8EF3F43F00103C6E8E23F8C
:10B40000002AF7D12846D8F8403098472046BDE8B2
:10B41000F0816FF07704F5E76FF01504F6E7F8B503
:10B42000044687680669FB6B98472069FFF7E3FCD1
:10B43000B0B92069FFF7D9FCA8B1BB6B204698478B
:10B44000054606F1A003D3E8EF1F21F00101C3E890
:10B45000E21F002AF7D120463B6C98472846F8BDEA
:10B460006FF00F05F7E76FF07705F4E710B50C7E86
:10B47000436824F080021B682CB993F8080140F05F
:10B48000100083F808015201134491F9181093F841
:10B4900008210029B5BF42F0020242F0010283F800
:10B4A000082183F80821B5BF93F8002193F8002103
:10B4B00002F08F0202F0F80283F80021002010BD94
:10B4C00010B50C7E436824F080021B6852011344BF
:10B4D00093F8052114F0800F14BF42F0200242F0CF
:10B4E000100283F805210B7E00205B061EBF0B7D3A
:10B4F00043F002030B7510BD43681B6809B141F0AE
:10B500008001002099727047436800201A681389EF
:10B510009BB243F002031381704701207047002063
:10B52000704740F2FF33984207D018B1B0FA80F06C
:10B53000C0F120000438C0B2704707207047F8B54A
:10B540004D7E0F7E05F003056E1E4368022E88BFF8
:10B5500001251A6827F0800498BF0135EFB95E68AD
:10B5600003694020D3F8A430B771A43333607379F2
:10B5700003F03F037371F37923F00F03F371FFF7C7
:10B58000D0FFF37960F3061367F3C713F37192F8F2
:10B59000093143F0100382F8093191F91830002B7A
:10B5A0004FEA4413134493F8002111DA42EA0512DA
:10B5B00083F8002193F8042142F0800283F80421EB
:10B5C00093F8092142F0020283F809210020F8BD16
:10B5D0002A4383F8002193F8052142F0400283F8C2
:10B5E000052193F8092142F00102EDE738B54368DF
:10B5F0000A7E0C461B6822F08002EFF311852021A1
:10B6000081F31288BFF36F8F94F91810520100294B
:10B610001344B5BF93F8042193F8052142F080024A
:10B6200042F04002B4BF83F8042183F8052121468B
:10B63000FFF75BFC00212046FFF707FC85F311882C
:10B64000BFF36F8F002038BD08B59620F6F7A4FD34
:10B650009720F6F7A1FD9820F6F79EFDBDE808407B
:10B660009920F6F799BD002208B511469620F6F705
:10B67000A7FD9620F6F782FD002297201146F6F7E7
:10B680009FFD9720F6F77AFD002298201146F6F7E5
:10B6900097FD9820F6F772FD002299201146F6F7E3
:10B6A0008FFDBDE808409920F6F768BD13460A46AD
:10B6B0000121FEF7FFB803460022D3E8EF0FC3E8ED
:10B6C000E12F0029F9D17047F8B5046905464668AD
:10B6D000D4F8A47004F1840000F076FC07F1900027
:10B6E00001F012F807F19C00FFF7E5FF07F1A00059
:10B6F000FFF7E1FF94F88030284623F0720343F00F
:10B70000620384F88030B26800233169F8F7A8FF3B
:10B71000044650B9D6E9022180232846F8F7A0FF55
:10B72000044610B92846F36B98472046F8BD00F050
:10B73000F0BF01234A0901F01F018B4000EB82009A
:10B74000D0E8EF2F1A43C0E8E12F0029F8D1704765
:10B7500038B50C46097E31F080023AD04368520178
:10B760001B6811F0800F134493F80421006914BF83
:10B7700042F0200242F01002D0F8A45015BF83F826
:10B78000042183F8042193F8042193F8042114BFC1
:10B7900042F0020242F00102204683F80421FFF742
:10B7A00050FB90B92046FFF76FFB70B1237E05F187
:10B7B0009C0003F07F011B0648BF1031FFF7B9FF63
:10B7C000022105F19000FFF7B2FF237D23F0020371
:10B7D0002375002038BD08B500698430FBF710FEE2
:10B7E000BDE80840FCF740BC10B50446FCF728FC57
:10B7F000206984304FF0FF32BDE810404FF0FF3336
:10B80000FBF78CBD38B50C46036911462046D3F8CA
:10B81000A450FFF73BFB237D9A070ED4237E05F14E
:10B820009C0003F07F011B0648BF1031FFF781FF2A
:10B83000022105F19000FFF77AFF002038BD38B5EE
:10B84000054608460C46FFF71FFB014620B1237E44
:10B850001BB9437EDA0702D538BD1B060FD422463A
:10B860006868F9F71DF878B12046FFF709FB6FF01B
:10B870006E0201462846BDE83840FFF71EBB22464F
:10B880006868F8F76DFFEEE72046BDE83840012113
:10B89000FFF7DBBA10B5807A0C46F7F70FF8C369EB
:10B8A0002146BDE81040586800F0F1BAF7B50D46E2
:10B8B000807A17461E46F7F701F82C68C3690334EF
:10B8C00024F00302586804212A60CDE90076FBF7D2
:10B8D0000BFC00B9286003B0F0BD0023F5F724BECF
:10B8E0002DE9F04145680846D5E900680C46AF6887
:10B8F000F9F72EFB002878D1A30E092B75D8DFE8C5
:10B9000003F0080F1A2C054C535F056A0220BDE8AE
:10B91000F08173699C076CD5306900F001001AE072
:10B92000F36A980765D5B36F002B60D13069C00901
:10B9300000F00200EBE7E4B206F1400353F82430D4
:10B94000012013F0020FE2D033691834A04098436D
:10B950000CBF012000204000D9E70620E4B2B4FB70
:10B96000F0F3316903F11805E940C907DAB240D5AF
:10B9700000FB1344E4B2032C4FEA820294BF06F1A9
:10B980004C0306F15003134404F00304E4001A6866
:10B9900007340123A340134219E0D8F81C309A075A
:10B9A00027D5D8F80C00B8E7E4B204F1080357F83B
:10B9B0002330DB051DD578680234E040C043ACE796
:10B9C000C4F30524203457F8243013F0400F14BF7B
:10B9D000022001209BE7C4F30552EB680E3203EB13
:10B9E00082035A68C4F38534D3E703208FE700202D
:10B9F0008DE701208BE72DE9F3474FF000090C4656
:10BA000001EB0121456841F03F6141F47C21804612
:10BA100017462E68D0F810A0CDF80490FFF760FF0D
:10BA2000022803D0C7F8009000201CE006F1400374
:10BA300053F82430C3F30223012B17D0022B2CD050
:10BA4000BBB9AA68631C04F1210152F8211003EB71
:10BA500043035A00404601AB02F0FE0201F00F0121
:10BA6000F9F738FB28B102B0BDE8F087DAF800300A
:10BA7000019306F1480353F82430443613F03F0392
:10BA80001EBF019AB2FBF3F2019256F82420019BEB
:10BA9000C2F3090253433B60C6E7404601A9F9F7E8
:10BAA000BFFBDFE7F0B406240A4691FBF4F104FB88
:10BAB00011244368664206F003061F6804F003037E
:10BAC00058BF7342032C4FF00104D4BF4C3750379A
:10BAD0008E003E44DB003768073304FA03F3056940
:10BAE0003B4333602B8F063294401C43EB6A2C8718
:10BAF000CB40DA0706D42B6BCB40DB0702D5F0BC7A
:10BB0000F9F7D6BE0020F0BC704710B54468C1F309
:10BB10000520A1689B0101EB8001D1F8800003F0B2
:10BB2000400302F00F0220F04F0013430343C1F81B
:10BB3000803010BD10B543680120C1F38534DB6847
:10BB4000C1F3055189000B44012ADA6B00FA04F0B5
:10BB50000CBF02438243DA6310BD30B50368136043
:10BB60000579046804EBC504A34202D36FF0010019
:10BB700030BD5C7908338C42F1D10020F8E70269CE
:10BB800093680BB1D1681847704743689B681A7E69
:10BB9000520743BF9B6A00200B706FF00F00704785
:10BBA00043689B681A7ED207FCD599627047436848
:10BBB0009B68EFF31182202181F31288BFF36F8F0E
:10BBC000012199750221997582F31188BFF36F8F56
:10BBD000704743689B68187E10F0010006D0002A69
:10BBE00003DD0A7801209A62704700207047012225
:10BBF00043689B681A7502221A75704743689B68F0
:10BC0000187E10F001001CBF987D00F00100704705
:10BC10000369187C7047042243689B689A757047D3
:10BC2000042243689B681A75704743689B68187EB6
:10BC3000C0F38000704743689B68187E10F00400D2
:10BC400008D09B6A002ADBB202DD01200B7070472E
:10BC50006FF01500704743689B68987D1B7E184005
:10BC6000003818BF01207047802243689B689A758E
:10BC70007047802243689B681A7570474368016962
:10BC80009A680120137EC3F340030B74BA23137622
:10BC900070470369C3E90212704702690020136804
:10BCA0000B6053684B607047002208B51146662050
:10BCB000F6F786FA6620F6F761FA00226720114649
:10BCC000F6F77EFA6720F6F759FA00226820114647
:10BCD000F6F776FA6820F6F751FA00226920114645
:10BCE000F6F76EFA6920F6F749FA00226A20114643
:10BCF000F6F766FA6A20F6F741FA00226B20114641
:10BD0000F6F75EFABDE808406B20F6F737BA4368ED
:10BD10009B68588B5A8BC0F3800092075A8B48BFA0
:10BD200040F0040002F0010240EA42005A8BD106C2
:10BD30005A8B48BF40F0080092065A8B48BF40F02B
:10BD4000100092B242F037025A837047026801290C
:10BD500022F070620346026004D002290CD002680F
:10BD600002607047026842F080720260426842F4EA
:10BD700000525A60FAF770BD026842F080720260A9
:10BD8000426822F40052F4E738B5044648B1FAF7A5
:10BD9000E5FF782305465C43FAF7E0FF431BA34227
:10BDA000FAD338BD10B5436904463BB90020E268B8
:10BDB0004042537843F00103537010BD9847002868
:10BDC000F4D00028B8BF4042FF28A8BFFF20E36896
:10BDD0001870ECE740B1C368587810F001001EBF3E
:10BDE0001878B0FA80F040097047EFF311832023F0
:10BDF00083F31288BFF36F8FFEE72DE9F04F89B010
:10BE0000DDE91268059243460546324606A80F460C
:10BE100000F0C5FBDDE90634CDE90234EFF311840F
:10BE20004FF0200989F31288BFF36F8F05F10C0AD8
:10BE300005F1140B39462846059A149B984730B1F2
:10BE400084F31188BFF36F8F09B0BDE8F08F56EA15
:10BE50000806F5D0DDE9022306A800F0C5FBDDE900
:10BE60000668524621465846CDE90068FBF7EAFFCE
:10BE7000EFF3118489F31288BFF36F8FDAE710B400
:10BE800000F10C04C0E9034410BCFDF7B7B838B5A5
:10BE90000446EFF31185202383F31288BFF36F8FDD
:10BEA000F4F770FC04F10C0000F09FFA30B1294661
:10BEB00004F11400BDE8384000F07DBA85F3118824
:10BEC000BFF36F8F38BD10B542696AB1836842EA2B
:10BED0000301890708D10169A2FB011424B95B1889
:10BEE0002CBF0121002102D36FF0150005E0C160D5
:10BEF0009B1A02698A4201D8002010BDC268013134
:10BF00001A604269C3609B1AF3E72DE9F0410546C8
:10BF10000F46EFF31188202383F31288BFF36F8F4E
:10BF2000C668FEB90468A0421CD0DCB1D4E9003276
:10BF300013605A60237CC4E9006623F00203237473
:10BF4000A66004F1180000F0EFFA2046C4F8806003
:10BF5000676100F0D2F9414605F10800BDE8F04103
:10BF600000F029BA3E60AB69EF60013BAB6188F33A
:10BF70001188BFF36F8FBDE8F081202408B5EFF37F
:10BF8000118384F31288BFF36F8FFDF779FDF6E715
:10BF9000D0E9003213605A600023027CC0E900330C
:10BFA00022F0020202748360704713B501240094EA
:10BFB000FBF7EAF802B010BD90F90E308B4201D0C9
:10BFC000FBF76CBF0020704703460020C3E9003335
:10BFD000C3E902007047D0E9003213605A600023C1
:10BFE000027CC0E9003322F00202027483607047D1
:10BFF0002DE9F843904604460D469DF82020EFF3C6
:10C000001187202181F31288BFF36F8F02B1456839
:10C01000A66804F10809B14516D0AEB10024304637
:10C02000FFF7D9FF06F1180000F07EFA3046C6F897
:10C030008040C6F8148000F060F94846394600F0A8
:10C04000BAF92046BDE8F883A3B10820FCF720FB2D
:10C05000002832D00122C0F804800260016801F09B
:10C0600003015DB922680A430260626820606AB910
:10C0700060600BE04046C8F80030EFE72A68032A0A
:10C0800010D80160616839B9C4E90000002087F365
:10C090001188BFF36F8FD5E70A6802F003020243ED
:10C0A0000A60E5E722F003020A4302602A6802F010
:10C0B000030240EA02032B60E8E76FF00B00E6E7BB
:10C0C00010B5044630B10268930703D0446809B143
:10C0D00000F029FB204610BD0023C0E9003300F129
:10C0E0000803C0E902337047012307B5009300231A
:10C0F0000A461946FFF77CFF03B05DF804FB0023F6
:10C1000007B50A4600931946FFF772FF03B05DF8C2
:10C1100004FB00210068FFF7D3BF3AB18A4205D380
:10C12000C0E90212C0E90000002070476FF015005E
:10C130007047012302688B4022EA0303036022FA5E
:10C1400001F000F00100704710B5032104460C30E7
:10C15000FFF7EFFF30B104F1100000F0E5F9B0FA9D
:10C1600080F0400910BD20B100229430114600F04B
:10C1700098B9704773B50446EFF31185202383F314
:10C180001288BFF36F8F00230193D0E90423B3F12A
:10C19000004F08BF012A05D085F31188BFF36F8FC8
:10C1A00002B070BDA0F1100603210438FFF7C1FFF3
:10C1B0000028F1D0A369304601A90193FBF7E4FA06
:10C1C000EAE738B504460D461022002100F0BFFA18
:10C1D000656038BD13B501900846EFF31184202344
:10C1E00083F31288BFF36F8F01A9FBF7CDFA84F3B5
:10C1F0001188BFF36F8F02B010BD10B5FFF7EAFFD3
:10C20000041E08DDEFF31180202383F31288BFF3AF
:10C210006F8FFBF7AFFE204610BD38B530220D46BC
:10C220000021044600F093FA4FF480736560E360E8
:10C2300038BDEFF30580003818BF012070476FF05C
:10C24000570070470020704738B58589EFF311819A
:10C25000202282F31288BFF36F8F037C13F008044F
:10C2600004D081F31188BFF36F8F38BD0122FBF733
:10C27000EFFCEB07F9D584F31188BFF36F8F04232C
:10C28000184602DFF1E7FBF79BBDD0E900321360EF
:10C290005A600023C0E90033704708B5FFF7F5FF87
:10C2A000037C23F0020303740023836008BD38B5C8
:10C2B00004460D46FBF718FC237C43F0020323746D
:10C2C000D5B1A5602B689D4209D16B68C4E90053C4
:10C2D0001C606C6010E06A689A42F6D01B68002B04
:10C2E000F3D093F90E1094F90E209142F3DD5A68C1
:10C2F000C4E9003214605C6038BD10B5EFF31184FE
:10C30000202383F31288BFF36F8FFBF717FC84F3AE
:10C310001188BFF36F8F10BDFBF710BCFBF7E4BBB8
:10C3200008B5EFF31181202282F31288BFF36F8FDB
:10C3300083680BB1FFF7B1FF81F31188BFF36F8FF3
:10C3400008BD08B5037C014613F0280F0CD18368A3
:10C350000BB1FFF7A2FF0B7C084623F004030B741C
:10C36000BDE80840FBF7EABB08BD10B5EFF3118448
:10C37000202383F31288BFF36F8F1838FFF7E1FF94
:10C3800084F31188BFF36F8F10BD08B50346EFF338
:10C390001181202282F31288BFF36F8F00688342DD
:10C3A00007D008B1FFF779FF81F31188BFF36F8FD2
:10C3B00008BD0020F8E70846FBF700BC38B5054685
:10C3C00004680020AC4200D138BD002CFCD02046CF
:10C3D000FFF763FF04F1180000F0A6F82046FBF712
:10C3E000ADFB2C680120A542EDE710B5EFF31184F9
:10C3F000202383F31288BFF36F8FFFF7DFFF84F3EF
:10C400001188BFF36F8F10BD38B505460C46FBF79A
:10C41000C5FDB4F1FF3F08BFB5F1FF3F0AD0C1171A
:10C4200009304FF00A024FF0000341F10001F3F729
:10C43000E7FD38BD4FF0FF30FBE72DE9F04706463A
:10C440000F4691469A46EFF31188202383F3128812
:10C45000BFF36F8F0068864206D028B17368984298
:10C460000CBF0025056868B90024B9F1000F02D09F
:10C4700051462046C84788F31188BFF36F8F204686
:10C48000BDE8F0875146B84704460028EDD135B1E4
:10C490007368AB4200D02C6828462546E3E72C465B
:10C4A000FAE738B5EFF31185202383F31288BFF341
:10C4B0006F8F0468A0421CD0ECB1C4F88010626198
:10C4C000D4E9003213605A600023227CC4E90033AF
:10C4D00022F002022274A36004F1180000F024F894
:10C4E0002046FFF719FF012085F31188BFF36F8FF6
:10C4F00038BD0020F8E72046F6E708B50246FBF70E
:10C500005BFE70B1D0E904319B1A61EBE272B3F1CA
:10C51000004F72F1000104DA002AACBF1846002077
:10C5200008BD6FF00040FBE7024638B5EFF3118518
:10C53000202383F31288BFF36F8F0368D3B1FBF717
:10C540003BFE04461046FBF749FE00224FF0004335
:10C550008442C0E9042305D0002085F31188BFF38D
:10C560006F8F38BDFBF730FEFFF7C7FF0021FAF7EA
:10C570005BFBF1E7D0E90413B3F1004F08BF0129D9
:10C5800004D100204FF00041C2E904016FF0150012
:10C59000E3E708B5FBF72AFF08BDFBF727BFB3F1B8
:10C5A000FF3F08BFB2F1FF3F70B506461D46144677
:10C5B00014D01A4316D0002B08DBFBF717FF041921
:10C5C00041EB0501C6E90041304670BD6FF0010343
:10C5D0001C1B4FF0FF3363EB0501F3E74FF0FF3413
:10C5E0002146EFE70024FBE7B3F1FF3F08BFB2F1BC
:10C5F000FF3FF8B5074616461C4610D054EA020322
:10C6000011D0FBF7F3FEB0420A46A14103460AD21D
:10C61000F31A64EB0204C7E900343846F8BD4FF062
:10C62000FF331C46F7E70023FBE70023C0E90812AD
:10C6300000F11802C0E90622C0E900330363436336
:10C6400070472DE9F3470446DDE90A9815460E4682
:10C6500059B302F0010AFBF717FD0746EFF311810A
:10C66000202383F31288BFF36F8FA80744BF0023F2
:10C67000A360A36803EA0600BAF1000F0CD086425B
:10C680000CD16A0744BF8343A36081F31188BFF3D1
:10C690006F8F02B0BDE8F0870028F2D159EA080395
:10C6A00005D181F31188BFF36F8F0020F1E7C7E94F
:10C6B00018652246CDE9009804F10C00FBF7C2FB97
:10C6C0000028F2D1386EE4E710B50B680446D0E9D3
:10C6D000180212F0010F03EA000301D0984211D1B1
:10C6E00083B12366520748BF4A6804F1180044BF6B
:10C6F0001A434A60FFF718FF00232046C4F8803031
:10C70000FFF71FFE002010BD0023C0E9000083607A
:10C7100070470A46FBF770BF0A460021FBF76CBF63
:10C720005200FFF78EBF20B1011F50F8040CFFF735
:10C73000AEBB70470A44431E914200D1704710B50A
:10C7400011F8014B914203F8014FF9D110BD024499
:10C750000346934200D1704703F8011BF9E70246F4
:10C76000014410B58A42134603D01C780132002CD4
:10C77000F8D1181A10BDF0B5C3F13707044603F01D
:10C780001F031046FFB2082BE6B232D0102B3DD06B
:10C790006508A40845EAC17544EA81748A082D1920
:10C7A00042EB5102290941EA02716D1842EB121263
:10C7B000290A41EA02616D1842EB1222290C41EA72
:10C7C00002416D1842EB1242AD1842F10002EC0832
:10C7D00044EA4274D10804EB8402A6EB4205EDB2B0
:10C7E000092D0CD90134A5F10A0541F10001EDB282
:10C7F00012E0E40806F0070544EA4174C908303540
:10C8000054EA010200F8015BBDD1F0BD240906F035
:10C810000F0544EA01740909092D84BFED19EDB231
:10C82000EDE7D1E9043293421EBF5A1C0A61187029
:04C83000704700004D
:08C834002438FF7F0100000021
:10C83C0000000000A4C8000CC570000C0000000033
:10C84C000571000C0000000000000000C0C8000CC6
:10C85C0000000000F8C8000C00000000DCC8000C50
:10C86C00C566000C00000000896B000C0000000085
:10C87C007110000C000000006128000C000000008A
:10C88C00AD86000C000000000000000014C9000C74
:08C89C00DD36000C0000000075
:10C8A4007EEC000C9CD1000C20CE000C5603002022
:10C8B400381100200164000C0000000004E4000CA6
:10C8C400D4D0000C0000000052030020040E00200D
:10C8D400A544000C0000000070E3000CC0D0000C64
:10C8E4003CCE000C50030020300000201544000C06
:10C8F40000000000DDEC000CC4D1000C90CE000C54
:10C9040058030020741100208D69000C0000000001
:10C914003DE6000CFCD0000C4CD1000C540300206C
:0CC9240030020020C9B6000C000000002A
:10C9300000000000659A000C00000000659A000CE1
:10C9400000000000659A000C00000000659A000CD1
:10C9500000000000659A000C00000000659A000CC1
:10C9600000000000659A000C00000000659A000CB1
:10C9700000000000659A000C00000000659A000CA1
:10C9800000000000659A000C00000000659A000C91
:10C9900000000000659A000CC0C8000C1FA9000C24
:10C9A000C0C8000C4DA9000CC0C8000C7DA9000C2B
:10C9B000C0C8000CADA9000CC0C8000CDDA9000C5B
:10C9C000C0C8000C0DAA000CC0C8000C3DAA000C89
:10C9D000C0C8000C6DAA000CC0C8000C9DAA000CB9
:10C9E000C0C8000CD3AA000CC0C8000C09AB000CD6
:10C9F000C0C8000C3FAB000CC0C8000C75AB000CED
:10CA0000C0C8000CABAB000CC0C8000CE1AB000C04
:10CA1000C0C8000C17AC000C00000000659A000CA8
:10CA200000000000659A000C00000000659A000CF0
:10CA300000000000659A000C00000000659A000CE0
:10CA400000000000659A000C00000000659A000CD0
:10CA500000000000659A000C00000000659A000CC0
:10CA600000000000659A000C00000000659A000CB0
:10CA700000000000659A000C00000000659A000CA0
:10CA800000000000659A000C00000000659A000C90
:10CA900000000000659A000C00000000659A000C80
:10CAA00000000000659A000C00000000659A000C70
:10CAB00000000000659A000C00000000659A000C60
:10CAC00000000000659A000C00000000659A000C50
:10CAD00000000000659A000C00000000659A000C40
:10CAE00000000000659A000C00000000659A000C30
:10CAF00000000000659A000C00000000659A000C20
:10CB000000000000659A000C00000000659A000C0F
:10CB100000000000659A000C00000000659A000CFF
:10CB200000000000659A000C00000000659A000CEF
:10CB300000000000659A000C00000000659A000CDF
:10CB400000000000659A000C00000000659A000CCF
:10CB500000000000659A000C00000000659A000CBF
:10CB600000000000659A000C00000000659A000CAF
:10CB700000000000659A000C00000000659A000C9F
:10CB800000000000659A000C00000000659A000C8F
:10CB900000000000659A000C00000000659A000C7F
:10CBA00000000000659A000C00000000659A000C6F
:10CBB00000000000659A000C00000000659A000C5F
:10CBC00000000000659A000C00000000659A000C4F
:10CBD00000000000659A000C00000000659A000C3F
:10CBE00000000000659A000C00000000659A000C2F
:10CBF00000000000659A000C00000000659A000C1F
:10CC000000000000659A000C00000000659A000C0E
:10CC100000000000659A000C00000000659A000CFE
:10CC200000000000659A000C00000000659A000CEE
:10CC300000000000659A000C00000000659A000CDE
:10CC400000000000659A000C00000000659A000CCE
:10CC500000000000659A000C00000000659A000CBE
:10CC6000F8C8000C7FBB000CF8C8000C7FBB000CA0
:10CC7000F8C8000C7FBB000CF8C8000C7FBB000C90
:10CC8000F8C8000C7FBB000CF8C8000C7FBB000C80
:10CC900000000000659A000C00000000659A000C7E
:10CCA00000000000659A000C00000000659A000C6E
:10CCB00000000000659A000C00000000659A000C5E
:10CCC00000000000659A000C00000000659A000C4E
:10CCD00000000000659A000C00000000659A000C3E
:10CCE00000000000659A000C00000000659A000C2E
:10CCF00000000000659A000C00000000659A000C1E
:10CD000000000000659A000C00000000659A000C0D
:10CD100000000000659A000C00000000659A000CFD
:10CD200000000000659A000C00000000659A000CED
:10CD300000000000659A000C00000000659A000CDD
:10CD400000000000659A000C00000000659A000CCD
:10CD500000000000659A000C00000000659A000CBD
:10CD600000000000659A000C00000000659A000CAD
:10CD700000000000659A000C00000000659A000C9D
:10CD800000000000659A000C00000000659A000C8D
:10CD900000000000659A000C00000000659A000C7D
:10CDA00000000000659A000C00000000659A000C6D
:10CDB00000000000659A000C00000000659A000C5D
:10CDC00000000000659A000C00000000659A000C4D
:10CDD00000000000659A000C00000000659A000C3D
:10CDE00014C9000CDD4A000C14C9000CDD4A000C0B
:10CDF00014C9000CDD4A000C14C9000CDD4A000CFB
:10CE000000000000659A000C00000000659A000C0C
:10CE100000000000659A000C00000000659A000CFC
:10CE20005159000C4957000C000000000556000C39
:0CCE3000E1B8000C000000006952000C8A
:10CE3C0065A3000CA943000C0000000017A3000C14
:10CE4C00B9A3000C8FA3000C51A3000C53A8000C29
:10CE5C001BA4000CB9A2000C81A8000C11A4000C9E
:10CE6C0000000000D1A2000C000000000000000037
:10CE7C00D9A2000C0DA8000CEBA2000C07A5000C0D
:10CE8C00F3A2000C8BBB000CA1BB000C0FBD000C63
:10CE9C008D68000C9BBC000CD3BB000C37BC000C89
:10CEAC00AFBB000CEFBB000CFDBB000C17BC000CA7
:10CEBC0021BC000C11BC000C2BBC000C69BC000C80
:10CECC0073BC000C57BC000C7DBC000C93BC000C5C
:08CEDC0000000000000000004E
:10CEE40033D7000C0300000038D5000C0300000009
:10CEF4008DEC000C03000000A6EC000C0100000007
:10CF040022E4000C0300000057D7000C03000000CB
:10CF14005BD7000C030000005BD8000C030000008A
:10CF240045DD000C03000000C7DD000C0300000019
:10CF3400CFDD000C03000000D6ED000C0300000060
:10CF440088D6000C0300000044D7000C0300000046
:10CF5400EDEC000C03000000B4E4000C0100000040
:10CF64004AE6000C0100000056E2000C010000003B
:10CF7400F2DF000C0100000004E3000C01000000DB
:10CF8400DBE0000C010000007DDE000C010000006D
:10CF940074DE000C010000005FE3000C01000000DF
:10CFA40040E3000C010000006DE1000C01000000F2
:10CFB40067E3000C01000000A1D3000C0300000093
:10CFC40070D0000C640100204AD8000C010000005D
:10CFD40099D3000C0000000045D5000C50D5000C7E
:10CFE4005DD5000C6CD5000C7DD5000C87D5000CEC
:10CFF400A0D5000CB1D5000CBDD5000CD1D5000CCA
:10D00400ECD5000CFFD5000C5005002000010000F9
:10D01400B997000C5797000C020000006199000CAE
:10D0240000000000000000000000000000000000FC
:10D034002AD8000C32D8000C0000000000000000C8
:10D04400000000003AD8000C3ED8000C42D8000C76
:10D0540046D8000C60D0000CAC0D0020151A000C52
:10D06400C40D0020C715002001000000219A000C07
:10D07400179A000CE599000CD999000C00000000E7
:10D08400CD99000C0000000000000020000000000A
:10D094000600010002000000A0D0000C00000008FF
:10D0A400B8DD000C06000000E0FF1F0C00000020AB
:10D0B400C0DD000C21000000E0FF0720BC010020BF
:10D0C400A40100200B030020D00100200000000078
:10D0D40000A00144A4C8000C1A7F132403C5FF1F39
:10D0E4004DAC000C0100000090D1000CB4030020F2
:10D0F400000000000000000000A0024538100020DD
:10D1040008000000380E0020380F00203CD1000C2D
:10D11400A4C8000C3E7F342437EEFF1F0200000039
:10D124009FEE000C0C0000009071000A67B6000C22
:10D1340049B6000C1547000C44D1000C0100000056
:10D144003AD2000C020000001BB5000C05B8000C1C
:10D15400EDB5000CC1B4000C51B7000C0000000088
:10D164003FB5000C6DB4000C09B5000CF9B4000C0B
:10D1740000000000714D000C4548000C1FB5000C68
:10D18400F947000CE9B7000CD7B7000CADB8000C98
:10D194000000000095B8000C00C0004400E000440A
:10D1A4000000014400200144008000440500000008
:10D1B4000010804480108044001180448011804419
:10D1C40000C201000300010000200045000100002E
:10D1D4000100000000000000A9BC000CA4C8000C61
:10D1E4002E7F302423DAFF1FF0D1000CF8D1000C7D
:10D1F4000100000042D2000C0200000087ED000C88
:10D2040095ED000CA9ED000CB8ED000CC4ED000C7C
:10D214003CC8000C3CC8000C74C8000C7CC8000C52
:10D22400A4C8000CA4C8000C07EE000C0001000008
:10D2340000000000090443720000337200009023D0
:10D244000000802300004661696C656420746F20CF
:10D25400696E697469616C697A65206C616E677561
:10D264006167652064657363726970746F722028E6
:10D27400256429004661696C656420746F20696EB9
:10D28400697469616C697A65206D616E7566616344
:10D2940074757265722064657363726970746F72F9
:10D2A4002028256429004661696C656420746F2018
:10D2B400696E697469616C697A652070726F6475EE
:10D2C40063742064657363726970746F72202825B7
:10D2D4006429004661696C656420746F20696E6915
:10D2E4007469616C697A6520534E20646573637256
:10D2F4006970746F722028256429004661696C6521
:10D304006420746F206164642046756C6C2D5370C6
:10D3140065656420636F6E66696775726174696FB1
:10D324006E004661696C656420746F2061646420DA
:10D33400726567697374657220636C617373657376
:10D34400004661696C656420746F20726567697357
:10D35400746572206D6573736167652063616C6CBD
:10D364006261636B004661696C656420746F206957
:10D374006E697469616C697A652064657669636550
:10D3840020737570706F72740073616D706C655F7B
:10D3940075736264006466755F64667500757362B4
:10D3A400645F73616D706C655F636F6E666967005F
:10D3B4003F0055534244206D6573736167653A209D
:10D3C4002573004661696C656420746F20656E6125
:10D3D400626C652064657669636520737570706F2F
:10D3E4007274004661696C656420746F20646973AB
:10D3F40061626C652064657669636520737570701D
:10D404006F7274004661696C656420746F2067658F
:10D41400742062617564726174652C207265742075
:10D42400636F64652025640042617564726174658C
:10D43400202575004661696C656420746F207265EF
:10D4440061642055415254204649464F0044726F4E
:10D45400702025752062797465730044726F7020A2
:10D464002564206279746573004344432041434D2D
:10D4740020646576696365206E6F742072656164EB
:10D4840079004661696C656420746F20696E697403
:10D4940069616C697A6520555342206465766963D5
:10D4A4006500555342206465766963652073757021
:10D4B400706F727420656E61626C65640057616997
:10D4C4007420666F72204454520044545220736591
:10D4D40074004661696C656420746F20656E6162D6
:10D4E4006C652055534220646576696365207375C5
:10D4F40070706F7274004661696C656420746F208B
:10D50400736574204443442C2072657420636F64F3
:10D5140065202564004661696C656420746F20731E
:10D524006574204453522C2072657420636F6465C3
:10D53400202564006364635F61636D5F6563686F86
:10D544000056425553207265616479005642555322
:10D554002072656D6F766564004465766963652045
:10D56400726573756D6564004465766963652073DF
:10D57400757370656E6465640042757320726573BB
:10D584006574004E65772064657669636520636F12
:10D594006E66696775726174696F6E00436F6E744D
:10D5A400726F6C6C6572206572726F720053746175
:10D5B400636B206572726F72004344432041434D94
:10D5C400206C696E6520636F64696E670043444331
:10D5D4002041434D20636F6E74726F6C206C696ED2
:10D5E40065207374617465004446552064657461F4
:10D5F40063682072657175657374004446552064D0
:10D604006F776E6C6F616420636F6D706C657465A9
:10D6140064006865617020636F7272757074696FFD
:10D624006E20286E6F7420696E207573653F292003
:10D634006174202570006865617020636F72727573
:10D644007074696F6E2028627566666572206F76E5
:10D654006572666C6F773F292061742025700068BD
:10D6640065617020636F7272757074696F6E2028C3
:10D67400646F75626C6520667265653F292061740C
:10D68400202570006F735F686561700028756E7384
:10D6940069676E6564292063686172202A20757346
:10D6A400656420666F722025257020617267756D30
:10D6B400656E742E2049742773207265636F6D6DD7
:10D6C400656E64656420746F20636173742069748B
:10D6D40020746F20766F6964202A20626563617507
:10D6E4007365206974206D617920636175736520A9
:10D6F4006D69736265686176696F7220696E206313
:10D7040065727461696E20636F6E666967757261B4
:10D7140074696F6E732E20537472696E673A222592
:10D72400732220617267756D656E743A25640063B7
:10D73400627072696E74665F7061636B61676500C5
:10D744007379735F6765746F7074006C6F67676972
:10D754006E67006C6F67006C6F675F6D676D740058
:10D764004D6573736167652028222573222920641F
:10D77400726F70706564206265636175736520699A
:10D784007420657863656564732073697A65206CB9
:10D79400696D69746174696F6E2028257529004D5F
:10D7A4006573736167652064726F7070656420626D
:10D7B4006563617573652069742065786365656464
:10D7C400732073697A65206C696D69746174696F1B
:10D7D4006E2028257529000D0A001B5B306D00257D
:10D7E4007320005B2530386C755D20005B2530327A
:10D7F400753A253032753A253032752E2530337519
:10D804002C253033755D20003C25733E20002573A4
:10D814002F0025733A200025303278200020202064
:10D82400007C002563001B5B313B33316D001B5BC7
:10D83400313B33336D006572720077726E00696E2E
:10D844006600646267006C6F675F6261636B656E3C
:10D85400645F75617274006C6F675F7561727400E8
:10D8640072302F61313A20203078253038782020EA
:10D8740072312F61323A20203078253038782020D8
:10D8840072322F61333A2020307825303878007294
:10D89400332F61343A2020307825303878207231A3
:10D8A400322F69703A202030782530387820723150
:10D8B400342F6C723A202030782530387800207864
:10D8C4007073723A202030782530387800466175BC
:10D8D4006C74696E6720696E737472756374696FB2
:10D8E4006E206164647265737320287231352F7001
:10D8F40063293A2030782530387800556E68616E97
:10D90400646C6564204952516E3A202564002A2AC9
:10D914002A2A2A205553414745204641554C542034
:10D924002A2A2A2A2A0020204469766973696F6E9C
:10D93400206279207A65726F002020556E616C69CF
:10D94400676E6564206D656D6F72792061636365D0
:10D954007373002020537461636B206F7665726665
:10D964006C6F772028636F6E7465787420617265BC
:10D9740061206E6F742076616C6964290020204EEA
:10D984006F20636F70726F636573736F7220696E5B
:10D99400737472756374696F6E73002020496C6CC4
:10D9A4006567616C206C6F6164206F662045584325
:10D9B4005F52455455524E20696E746F2050430097
:10D9C4002020496C6C6567616C20757365206F66F7
:10D9D40020746865204550535200202041747465BA
:10D9E4006D707420746F2065786563757465207537
:10D9F4006E646566696E656420696E7374727563BE
:10DA040074696F6E002A2A2A2A2A204D505520460E
:10DA140041554C54202A2A2A2A2A00202053746172
:10DA2400636B696E67206572726F722028636F6E14
:10DA3400746578742061726561206D69676874200B
:10DA44006265206E6F742076616C69642900202001
:10DA5400556E737461636B696E67206572726F7261
:10DA64000020204461746120416363657373205610
:10DA7400696F6C6174696F6E0020204D4D46415290
:10DA840020416464726573733A20307825780020ED
:10DA940020496E737472756374696F6E2041636399
:10DAA4006573732056696F6C6174696F6E00202012
:10DAB400466C6F6174696E672D706F696E74206C4B
:10DAC400617A79207374617465207072657365720C
:10DAD400766174696F6E206572726F72002A2A2AE9
:10DAE4002A2A20425553204641554C54202A2A2A9A
:10DAF4002A2A002020537461636B696E6720657263
:10DB0400726F7200202050726563697365206461CE
:10DB1400746120627573206572726F7200202042F6
:10DB240046415220416464726573733A203078250B
:10DB340078002020496D70726563697365206461A3
:10DB4400746120627573206572726F7200202049BF
:10DB54006E737472756374696F6E20627573206579
:10DB640072726F72002A2A2A2A2A20534543555278
:10DB740045204641554C54202A2A2A2A2A0020208E
:10DB8400416464726573733A2030782578002020EC
:10DB9400496E76616C696420656E74727920706F69
:10DBA400696E74002020496E76616C696420696E28
:10DBB40074656772697479207369676E61747572CC
:10DBC40065002020496E76616C6964206578636520
:10DBD4007074696F6E2072657475726E00202041D6
:10DBE40074747269627574696F6E20756E697420DD
:10DBF40076696F6C6174696F6E002020496E76617E
:10DC04006C6964207472616E736974696F6E00204C
:10DC1400204C617A79207374617465207072657325
:10DC24006572766174696F6E0020204C617A792088
:10DC34007374617465206572726F720052657365E6
:10DC44007276656420457863657074696F6E202808
:10DC54000053707572696F757320696E74657272A2
:10DC64007570742028495251200020205320696E79
:10DC7400737472756374696F6E2061646472657322
:10DC8400733A202030782578002A2A2A2A2A204824
:10DC9400415244204641554C54202A2A2A2A2A001B
:10DCA4002020427573206661756C74206F6E207637
:10DCB4006563746F72207461626C6520726561645F
:10DCC4000020204465627567206576656E740020C7
:10DCD400204661756C7420657363616C6174696F4F
:10DCE4006E20287365652062656C6F772900415248
:10DCF40043485F45584345505420776974682072FF
:10DD04006561736F6E2025780A002A2A2A2A2A2040
:10DD14004465627567206D6F6E69746F72206578F3
:10DD240063657074696F6E202A2A2A2A2A002A2AB7
:10DD34002A2A2A20257320256429202A2A2A2A2AE5
:10DD4400006D7075004661696C656420746F2061B4
:10DD54006C6C6F63617465206E6577204D5055203F
:10DD6400726567696F6E2025750A00506172746967
:10DD740074696F6E2025753A20636F686572656EED
:10DD8400636520636865636B206661696C65642EF6
:10DD940000496E76616C696420756E6465726C7995
:10DDA400696E6720726567696F6E20696E64657855
:10DDB40020257500464C4153485F30005352414D75
:10DDC4005F30006E65745F627566006E65745F62D5
:10DDD40075665F73696D706C6500555342206465A8
:10DDE4007669636520636F6E74726F6C6C65722004
:10DDF4006973206E6F74207265616479004661698D
:10DE04006C656420746F20656E61626C6520636F5D
:10DE14006E74726F6C6C6572004275666665722012
:10DE2400707265616C6C6F636174696F6E2066619A
:10DE3400696C6564004661696C656420746F207266
:10DE44006573657420636F6E666967757261746962
:10DE54006F6E004661696C656420746F2064697339
:10DE640061626C6520555342206465766963650080
:10DE7400757362645F64657600757362645F64657C
:10DE84007363004661696C656420746F20656E710C
:10DE9400756575652053746174757320494E2062ED
:10DEA4007566666572004661696C656420746F20EE
:10DEB400656E7175657565205345545550206275BE
:10DEC400666665720043616E206F6E6C79206861CE
:10DED4006E646C6520636F6E74726F6C2072657112
:10DEE4007565737473004D616C666F726D65642043
:10DEF4007365747570207061636B657400556E652D
:10DF04007870656374656420627566666572206CFA
:10DF1400696E6B656420746F207365747570004658
:10DF240061696C656420746F207365742064657620
:10DF34006963652061646472657373203078257841
:10DF4400004661696C656420746F20736574206396
:10DF54006F6E66696775726174696F6E2025752CC2
:10DF640020256400436F6E66696775726174696F1A
:10DF74006E2064657363726970746F7220257520F6
:10DF84006E6F7420666F756E64004857494E464F35
:10DF9400206E6F7420696D706C656D656E74656458
:10DFA400206F7220656E61626C6564004661696C05
:10DFB400656420746F20656E717565756520537492
:10DFC40061747573204F55542062756666657200DE
:10DFD4004661696C656420746F20656E61626C656E
:10DFE40020544553545F4D4F4445202575007573A7
:10DFF40062645F636839004661696C656420746FAC
:10E0040020676574206366675F6E642C20646573A3
:10E014007069746520636F6E6669677572656420E4
:10E02400737461746500556E7265636F76657261B1
:10E03400626C65206572726F722025642C20657095
:10E04400203078253032782C2062756620257000C7
:10E054004661696C656420746F207365742064651F
:10E064006661756C742061646472657373206166A3
:10E0740074657220627573207265736574004661FD
:10E08400696C656420746F207365742064656661CF
:10E09400756C742073746174652061667465722094
:10E0A400627573207265736574005544432065720C
:10E0B400726F72206576656E74004661696C656482
:10E0C40020746F20696E69742064657669636520C5
:10E0D40064726976657200757362645F636F7265FA
:10E0E40000456E64706F696E672030782530327831
:10E0F400206E6F742061737369676E656400466196
:10E10400696C656420746F2061737369676E206540
:10E114006E64706F696E7420616464726573736594
:10E1240073004661696C656420746F20696E69745C
:10E1340069616C697A6520636C61737320696E73BD
:10E1440074616E6365004661696C656420746F2058
:10E15400696E697420465320636F6E6669677572D1
:10E164006174696F6E20257500757362645F696EF2
:10E1740069740046656174757265206E6F742073EE
:10E184007570706F7274656420627920636F6E7449
:10E19400726F6C6C657200555342206465766963D6
:10E1A4006520737570706F727420697320696E696D
:10E1B4007469616C697A656400537461636B207778
:10E1C400617320636F6D70696C656420776974682E
:10E1D4006F757420486967682D5370656564207392
:10E1E4007570706F727400465320636F6E66696752
:10E1F40020616C7265616479206F6E204853206CD5
:10E2040069737400556E737570706F7274656420F1
:10E21400636F6E66696775726174696F6E2073707F
:10E22400656564004661696C656420746F2061648F
:10E234006420636F6E66696775726174696F6E20BE
:10E24400737472696E672064657363726970746F46
:10E254007200757362645F6366670055534220649D
:10E26400657669636520636C617373202573206E22
:10E274006F7420666F756E64004E6F20636F6E66F8
:10E28400696775726174696F6E20736574202841C3
:10E294006464726573732073746174652900436CDC
:10E2A4006173732072656769737465726564207441
:10E2B4006F206F7468657220636F6E746578742064
:10E2C400617420646966666572656E742073706536
:10E2D4006564004661696C656420746F20726567CB
:10E2E400697374657220257320746F20465320630C
:10E2F4006F6E66696775726174696F6E202575004B
:10E30400757362645F636C617373004661696C6505
:10E314006420746F2068616E646C65206F702025C2
:10E32400642C206570203078253032782C20626D82
:10E33400203078253038782C202564007573626489
:10E344005F69666163650064657669636520697306
:10E354002073757370656E64656400757362645FC1
:10E36400657000757362645F6D7367005A657068E9
:10E37400797220555342204344432D41434D006359
:10E3840064635F61636D5F300054696D656F7574BC
:10E394002077616974696E6720666F72204549430E
:10E3A4005F53594E43425553592062697473207424
:10E3B4006F20636C65617200436C6F636B20636FE5
:10E3C4006E74726F6C206F6E206661696C65642078
:10E3D400666F72206D636C6B20256400436C6F6301
:10E3E4006B20636F6E74726F6C206F6E2066616950
:10E3F4006C656420666F722067636C6B2025640013
:10E40400696E746572727570742D636F6E74726F59
:10E414006C6C657240343430316130303000696E78
:10E4240074635F6D6368705F6569635F673100651E
:10E43400702030782530327820616C72656164799F
:10E4440020656E61626C656400456E64706F696E10
:10E4540074203078253032782076616C6964617478
:10E46400696F6E206661696C656400657020307840
:10E474002530327820616C72656164792064697337
:10E4840061626C6564004661696C656420746F2028
:10E49400616C6C6F63617465206E65745F62756630
:10E4A40020257A642C20657020307825303278005D
:10E4B400756463004661696C656420746F207265DD
:10E4C40067697374657220656E64706F696E740039
:10E4D4006570203078253032782062756666657202
:10E4E40020697320757365642062792074686520DF
:10E4F400636F6E74726F6C6C65720054696D656FD6
:10E5040075742077616974696E6720666F72205331
:10E51400575253542073796E63004661696C656485
:10E5240020746F2064697361626C6520636F6E741C
:10E53400726F6C20656E64706F696E74004E6F202C
:10E5440062756666657220666F7220657020307829
:10E554002530327800456E64706F696E74203078AF
:10E564002530327820627573790057726F6E672098
:10E574006279746520636F756E7420257520666FEB
:10E5840072207365747570207061636B65740046E6
:10E5940061696C656420746F20636F6E666967756A
:10E5A4007265205553422047434C4B3A2025640062
:10E5B4004661696C656420746F20656E61626C6588
:10E5C400205553422047434C4B3A20256400466172
:10E5D400696C656420746F20656E61626C6520559A
:10E5E4005342204D434C4B3A202564004661696CEC
:10E5F400656420746F206170706C79206465666155
:10E60400756C742070696E6374726C2073746174B9
:10E61400652028256429004661696C656420746F4F
:10E6240020656E61626C6520636F6E74726F6C201E
:10E63400656E64706F696E74007573624034353052
:10E644003261303030007564635F6D6368705F679A
:10E65400310025733A20434C4F434B5F434F4E5494
:10E66400524F4C5F5355425359535F414C4C2069B0
:10E6740073206E6F7420737570706F7274656400AC
:10E6840025733A20496E76616C69642073756273F0
:10E69400797374656D20747970653D256400257304
:10E6A4003A20496E76616C696420696E7374616E98
:10E6B400636520256420666F722074797065202557
:10E6C4006420286D6178202564290025733A20523E
:10E6D400656375727369766520646570656E6465DB
:10E6E4006E63792064657465637465640025733AA8
:10E6F40020496E76616C696420504C4C20736F75B0
:10E7040072636520646570656E64656E6379002567
:10E71400733A20496E76616C69642047434C4B50D0
:10E72400494E20736F757263652049440025733A1E
:10E73400204E554C4C20636F6E6669677572617428
:10E74400696F6E20706F696E7465720025733A206C
:10E75400496E76616C69642073756273797374654C
:10E764006D20747970653D256420696E7374616EE3
:10E7740063653D25640025733A2044464C4C343887
:10E784004D53594E432074696D656F7574206F6ED7
:10E794002077726974696E67204F53434354524C17
:10E7A4005F44464C4C4354524C420025733A204437
:10E7B400464C4C34384D53594E432074696D656F43
:10E7C4007574206F6E2077726974696E67204F5379
:10E7D400434354524C5F44464C4C4D554C002573B6
:10E7E4003A2044464C4C34384D53594E43207469B6
:10E7F4006D656F7574206F6E2077726974696E67CA
:10E80400204F53434354524C5F44464C4C43545260
:10E814004C410025733A2047434C4B5F53594E43B8
:10E82400425553592074696D656F7574206F6E205D
:10E8340077726974696E672047434C4B5F47454E56
:10E844004354524C5B25645D0025733A2074696D12
:10E85400656F7574206F6E2077726974696E6720B6
:10E8640047434C4B5F5043484354524C5F434845E5
:10E874004E5F4D736B0025733A20496E76616C6967
:10E88400642073756273797374656D0025733A201F
:10E89400556E737570706F727465642073756273EE
:10E8A400797374656D20747970650025733A204717
:10E8B400434C4B47454E302063616E6E6F7420624B
:10E8C400652064697361626C65642028616C77619A
:10E8D4007973204F4E290025733A20504C4C5B2508
:10E8E400645D206C6F636B2074696D6564206F7563
:10E8F400740025733A20556E737570706F72746569
:10E904006420636C6F636B207375627379737465D1
:10E914006D20747970652025640025733A20436C5A
:10E924006F636B204F4E206F7065726174696F6EF8
:10E93400206661696C65640025733A20436C6F63DB
:10E944006B204F4E2074696D656F75740025733AA2
:10E9540020584F53432072656164792074696D6552
:10E9640064206F75740025733A20736B6970706945
:10E974006E672064666C6C34386D5F696E69742CE4
:10E984002061732044464C4C20697320616C72658D
:10E99400616479206F6E0025733A20736B6970701F
:10E9A400696E672064666C6C34386D5F696E697477
:10E9B4002C20617320736F757263652067636C6BC1
:10E9C4002D2564206973206F66662E20284D61789A
:10E9D400696D756D20696E69742072657472792031
:10E9E4003D202564290025733A20736B6970706992
:10E9F4006E672064666C6C34386D5F696E69742C64
:10EA04002061732044464C4C2069732064726976FB
:10EA1400696E672067636C6B30202843505529006A
:10EA240025733A2044464C4C34384D207265616459
:10EA3400792074696D6564206F75740025733A20BC
:10EA440044464C4C34384D53594E432074696D65DB
:10EA54006F7574206F6E2077726974696E672047D2
:10EA6400434C4B5F5043484354524C0025733A2067
:10EA7400736F7572636520636C6F636B20286472B7
:10EA84006976696E6720504C4C5F25642920697350
:10EA9400206F66662E20284D6178696D756D20693A
:10EAA4006E6974207265747279203D202564290092
:10EAB40025733A20535550435F53544154555320C2
:10EAC40074696D656F7574206F6E207772697469EF
:10EAD4006E6720535550435F565245474354524C3A
:10EAE4000025733A2074696D656F7574206F6E200C
:10EAF40077726974696E67206672616374696F6E98
:10EB0400616C20646976696465720025733A2073C8
:10EB14006B697070696E6720706C6C5F25645F6FE1
:10EB240075745F25645F696E69742C206173206954
:10EB34007420697320616C7265616479206F6E0062
:10EB440025733A20736B697070696E6720706C6C02
:10EB54005F25645F6F75745F25645F696E69742CEB
:10EB64002061732064726976696E6720504C4C2072
:10EB74006973206F66660025733A20736B69707041
:10EB8400696E6720786F736333326B5F696E697483
:10EB94002C20617320697420697320616C72656133
:10EBA4006479206F6E0025733A204F534333324B00
:10EBB4004354524C2072656164792074696D6564B4
:10EBC400206F75740025733A20736B697070696ED9
:10EBD400672067636C6B67656E2D25645F696E697A
:10EBE400742C20617320697420697320616C7265D0
:10EBF400616479206F6E0025733A20736B697070BD
:10EC0400696E672067636C6B67656E5F696E6974B4
:10EC14002C20617320736F75726365206F662067A3
:10EC2400636C6B2D25642C206973206F66662E201F
:10EC3400284D6178696D756D20696E6974207265FF
:10EC4400747279203D202564290025733A204743B6
:10EC54004C4B5F53594E43425553592074696D656B
:10EC64006F7574206F6E2077726974696E672047C0
:10EC7400434C4B5F4354524C4100636C6F636B4095
:10EC8400343430313230303000636C6F636B5F6D1D
:10EC94006368705F7069633332636B5F73675F6768
:10ECA40063006877696E666F5F6D6368705F673174
:10ECB4000054696D656F75742077616974696E6756
:10ECC40020666F7220554152542053594E43425589
:10ECD400535920636C65617200736572636F6D4094
:10ECE400343530303230303000756172745F6D63AA
:10ECF40068705F736572636F6D5F67310048616C44
:10ED040074696E672073797374656D00556E6B6EEC
:10ED14006F776E206572726F7200756E6B6E6F77AF
:10ED24006E003E3E3E205A455048595220464154BA
:10ED3400414C204552524F522025643A20257320DD
:10ED44006F6E20435055202564004661756C742015
:10ED5400647572696E6720696E7465727275707419
:10ED64002068616E646C696E670A0043757272652F
:10ED74006E74207468726561643A202570202825B9
:10ED840073290043505520657863657074696F6E0C
:10ED940000556E68616E646C656420696E7465729A
:10EDA4007275707400537461636B206F766572665C
:10EDB4006C6F77004B65726E656C206F6F707300BB
:10EDC4004B65726E656C2070616E6963006D61697C
:10EDD4006E006F73002A2A2A20426F6F74696E676F
:10EDE400205A6570687972204F53206275696C648B
:10EDF40020353035313935343565313961202A2AA9
:10EE04002A0A00737973776F726B7100286E756CC0
:10EE14006C29002A666C6F61742A00465320436F84
:10EE24006E66696775726174696F6E00555342440A
:10EE3400204344432041434D2073616D706C650051
:10EE44005A65706879722050726F6A656374002025
:10EE54006D657373616765732064726F7070656448
:10EE6400202D2D2D0D0A1B5B306D001B5B313B33B8
:10EE7400316D2D2D2D200030313233343536373875
:10EE840039414243444546005A65706879722055B9
:10EE94005342204344432D41434D0006061F0500C1
:10EEA400001F290C0C07033F3F3F3F3F3F3F3F1FDD
:10EEB4003F3F3F3F3F3F3F3F0300003F3F3F3F2F28
:10EEC4003F3F00000500000B380040636C6F636B2C
:10EED4005F6D6368705F696E697400636C6F636B08
:10EEE4005F6F6E00636C6F636B5F6D6368705F6F01
:10EEF4006E00636C6F636B5F6D6368705F6F6666F3
:10EF040000636C6F636B5F6765745F726174655FE8
:10EF140067636C6B67656E00636C6F636B5F6D63D7
:10EF240068705F6765745F7261746500636C6F63BA
:10EF34006B5F636F6E6669677572655F67636C6B41
:10EF440067656E00636C6F636B5F636F6E666967A2
:10EF54007572655F706C6C00636C6F636B5F636F7D
:10EF64006E6669677572655F64666C6C00636C6F6E
:10EF7400636B5F636865636B5F737562737973005A
:10EF8400636C6F636B5F6D6368705F636F6E6669FC
:10EF94006775726500636C6F636B5F67636C6B6747
:10EFA400656E5F696E697400636C6F636B5F786F25
:10EFB400736333326B5F696E697400636C6F636B88
:10EFC4005F706C6C5F6F75745F696E697400636CFD
:10EFD4006F636B5F706C6C5F696E697400636C6FF8
:10EFE400636B5F64666C6C34386D5F696E69740062
:10EFF400636C6F636B5F786F73635F696E697400D2
:10F00400636C6F636B5F6F6E5F706C6C00050607FB
:04F0140000010000F7
:10F01800000000001142000C000000000001000088
:10F0280000000000000000000000000000000000D8
:10F0380000000000000000000000000000000000C8
:10F04800DCC8000C00C2010000000800000000003D
:10F0580000000000000000000000000000000000A8
:10F068000000000000000000000000000000000098
:10F078000000000090010020000000007C0100203A
:10F088000000000000000000000000000000000078
:10F098000000000000000000000000000000000068
:10F0A8000000000000000000000000000000000058
:10F0B8000000000000000000000000000000000048
:10F0C800000000000000000000000000BC0000205C
:10F0D800BC0000200000000001000000000000004B
:10F0E80000000000F0020020E40000200000000002
:10F0F8000000000000000000000000000004010003
:10F10800000000001FEE000C2203000000000000B9
:10F1180000000000000303000000000000000000E1
:10F1280000030000000000000000000000020100D1
:10F138000000000030EE000C280300000000000072
:10F1480000000000000101000000000044EE000C77
:10F158001E03000000000000000000000000000086
:10F168000000000038D2000C040300003D91000CA0
:10F178007797000C58D0000C000000000000000039
:10F18800EB9A000C00000000000000004837002047
:10F198000000000000000000000000000004000063
:10F1A800483B0020000000000000000000000000B4
:10F1B800000400000000000000000000000501003D
:10F1C800000000008CEE000C2603000083E3000C16
:10F1D80000000000FC01002000000000DCC8000C5A
:10F1E8000B030020130300201C0300202103002030
:10F1F800260300202A0300202F03002036030020C6
:10F208003F030020460300204D03002000000000BB
:10F2180063A2000C0543000C6543000CF5A5000C27
:10F2280039A3000C3DA4000C00000000C3A8000C8A
:10F2380025A4000CC7A3000C0000000065A2000C68
:10F2480000000000000000000000000000000000B6
:10F2580000000000000000000000000000000000A6
:10F268000000000000000000000000000000000096
:10F278000000000000000000000000000000000086
:10F288000000000000000000000000000000000076
:10F298000000000000000000000000000000000066
:10F2A8000000000000000000000000000000000056
:10F2B8000000000000000000000000000000000046
:10F2C80000000000B4020020B4020020000000008A
:10F2D800000000000E000000000000000000000018
:10F2E80000000000180A00200000000000000000D4
:10F2F80000000000C8000000E8020020E80200202A
:10F3080009020000000100C07D12010002EF0201A5
:10F3180040E32F0100040400000000080B00020273
:10F328000200000904000001020200000524001088
:10F338000105240100010424020205240600010736
:10F3480005810310000A09040100020A00000007F1
:0FF358000582024000000705010240000000008E
:0DF367000000000000000000000000000099
:10F374000000000000000000000000000000000089
:10F384000000000000000000000000000000000079
:10F394000000000000000000000000000000000069
:08F3A400000000000000000061
:04F3AC00000000005D
:10F3B00098030020980300208830002000000000FF
:0CF3C00008000000100000000000000029
:10F3CC0000000000083100200004000000000000D4
:04F3DC00000000002D
:10F3E000C8030020C80300200C0000000A00000031
:10F3F0001030002088300020103000201030002015
:08F40000000000000000000004
:10F40800F0030020F00300200000000001000000CD
:10F41800000400200004002000000000010000009B
:10F42800000000000000000018040020180400205C
:10F43800100010000A00000053AD000CECD0000CC6
:04F448000835002063
:10F44C008DD3000C00000000000000000000000044
:10F45C00000000000000000014C9000C00000000B7
:10F46C000000000000000000000000000000000090
:10F47C000000000000000000000000000000000080
:10F48C000000000000000000000000000000000070
:10F49C000000000000000000000000000000000060
:10F4AC000000000000000000000000000000000050
:0CF4BC00F9020020000000000000000029
:10F4C80000000000BC010020000000000000000057
:08F4D80000000000000000002C
:04F4E00015E015E03E
:040000050C002125A5
:00000001FF
