:020000040800F2
:10000000A8400020C94A000C15FD000CB54A000CA0
:10001000B54A000CB54A000CB54A000CB54A000CB4
:100020000000000000000000000000000D4B000C6C
:10003000B54A000C00000000C14C000CC9B3000C14
:10004000314D000C314D000C314D000C314D000C88
:10005000314D000C314D000C314D000C314D000C78
:10006000314D000C314D000C314D000C314D000C68
:10007000314D000C314D000C314D000C314D000C58
:10008000314D000C314D000C314D000C314D000C48
:10009000314D000C314D000C314D000C314D000C38
:1000A000314D000C314D000C314D000C314D000C28
:1000B000314D000C314D000C314D000C314D000C18
:1000C000314D000C314D000C314D000C314D000C08
:1000D000314D000C314D000C314D000C314D000CF8
:1000E000314D000C314D000C314D000C314D000CE8
:1000F000314D000C314D000C314D000C314D000CD8
:10010000314D000C314D000C314D000C314D000CC7
:10011000314D000C314D000C314D000C314D000CB7
:10012000314D000C314D000C314D000C314D000CA7
:10013000314D000C314D000C314D000C314D000C97
:10014000314D000C314D000C314D000C314D000C87
:10015000314D000C314D000C314D000C314D000C77
:10016000314D000C314D000C314D000C314D000C67
:10017000314D000C314D000C314D000C314D000C57
:10018000314D000C314D000C314D000C314D000C47
:10019000314D000C314D000C314D000C314D000C37
:1001A000314D000C314D000C314D000C314D000C27
:1001B000314D000C314D000C314D000C314D000C17
:1001C000314D000C314D000C314D000C314D000C07
:1001D000314D000C314D000C314D000C314D000CF7
:1001E000314D000C314D000C314D000C314D000CE7
:1001F000314D000C314D000C314D000C314D000CD7
:10020000314D000C314D000C314D000C314D000CC6
:10021000314D000C314D000C314D000C314D000CB6
:10022000314D000C314D000C314D000C314D000CA6
:10023000314D000C314D000C314D000C314D000C96
:10024000314D000C314D000C314D000C314D000C86
:10025000314D000C314D000C314D000C314D000C76
:10026000314D000C314D000C314D000C314D000C66
:10027000314D000C314D000C314D000C314D000C56
:10028000314D000C314D000C314D000C314D000C46
:10029000314D000C314D000C314D000C314D000C36
:1002A000314D000C314D000C314D000C314D000C26
:0802B000314D000C314D000C32
:020000040C00EE
:100000007BB972B90029BEBF00204FF0004106E065
:1000100008BF00281CBF6FF000414FF0FF3000F018
:1000200057B8ADF1080C6DE904CE002909DB002BAF
:100030001ADB00F069F8DDF804E0DDE9022304B022
:100040007047404261EB4101002B1BDB00F05CF884
:10005000DDF804E0DDE9022304B0404261EB410138
:10006000524263EB43037047524263EB430300F099
:100070004BF8DDF804E0DDE9022304B0404261EB17
:1000800041017047524263EB430300F03DF8DDF855
:1000900004E0DDE9022304B0524263EB43037047FE
:1000A00053B94AB9002908BF00281CBF4FF0FF31DF
:1000B0004FF0FF3000F00CB8ADF1080C6DE904CE44
:1000C00000F022F8DDF804E0DDE9022304B0704717
:1000D000704700BF10F8012B11F8013B012A28BF1F
:1000E0009A42F7D0D01A7047034611F8012B03F853
:1000F000012B002AF9D17047034613F8012B002A7F
:10010000FBD1181A013870472DE9F0478C468E460E
:10011000089E154604461946002B40F0D0807245D3
:1001200047D9B2FA82F74FB1C7F120030EFA07FCA4
:10013000BD40BC4020FA03F343EA0C0C4FEA154ED5
:10014000A8B2230CBCFBFEF80EFB18CC08FB00F990
:1001500043EA0C43994528D9EB1808F1FF3204D241
:10016000994502D9A8F102022B44A3EB0903A4B2DA
:10017000B3FBFEFC0EFB1C330CFB00F044EA034413
:10018000A04214D92C190CF1FF3304D2A04202D999
:10019000ACF102032C44241A43EA02401EB1FC4095
:1001A000002334607360BDE8F0874246DDE76346B4
:1001B000F1E7002A79D0B2FA82F3002B3FD019463A
:1001C000C1F1200302FA01F500FA01F42EFA03F25C
:1001D0000EFA01FE20FA03F3AFB243EA0E034FEA30
:1001E000154EB2FBFEFC0EFB1C201A0C0CFB07F894
:1001F00042EA004290455AD9AA180CF1FF3004D2C5
:10020000904502D9ACF102002A44A2EB08029BB24D
:10021000B2FBFEFC0EFB1C220CFB07F743EA024379
:100220009F4246D9EB180CF1FF3204D29F4202D90B
:10023000ACF102022B44DB1B42EA004202E0AEEBCF
:10024000020301224FEA154EAFB2200CB3FBFEFCB5
:100250000EFB1C330CFB07F840EA034398452AD9F0
:10026000EB180CF1FF3004D2984502D9ACF1020032
:100270002B44A3EB0803A4B2B3FBFEFC0EFB1C3320
:100280000CFB07F744EA0344A74216D92C190CF1DA
:10029000FF3304D2A74202D9ACF102032C44E41B81
:1002A00043EA00400F46114678E71F2188E7604681
:1002B000ABE76246BFE76046DBE76346EFE77345BF
:1002C00006D916B9002108466DE7C6E9000EF9E720
:1002D000B3FA83F787B9734501D3824207D8841AEA
:1002E0006EEB030301209C461EB900215BE73846F4
:1002F000FAE7C6E9004CF8E7C7F1200CBB4000FA6A
:1003000007F422FA0CF520FA0CF1BA401D432EFA3C
:100310000CF30EFA07FE4FEA154941EA0E011FFAE7
:1003200085FEB3FBF9F809FB18300B0C08FB0EFA3D
:1003300043EA00439A4540D9EB1808F1FF3004D254
:100340009A4502D9A8F102002B44A3EB0A0389B213
:10035000B3FBF9F809FB183308FB0EFE41EA034131
:100360008E452CD9691808F1FF3304D28E4502D985
:10037000A8F10203294443EA0040A1EB0E01A0FBCF
:1003800002984145CE46434602D306D14C4504D29D
:100390000138B9EB020E68EB0503002EA5D0B4EBD3
:1003A0000E0261EB030101FA0CFC22FA07F3F9409B
:1003B0004CEA0303C6E9003197E74046C5E74346E8
:1003C000D9E70000000000002DE9F0470446884608
:1003D000174688B012F0E8FB0A220023FFF760FE00
:1003E000B8F1010F06460D4607D102460B462046DE
:1003F00027490EF05BFC002011E07F682548394654
:10040000FFF768FE70B139462348FFF763FE48B135
:1004100020463A4621490EF065FC6FF0040008B012
:10042000BDE8F087304618A3D3E900232946FFF73B
:10043000E7FD06460D4610461946194A0023FFF708
:10044000DFFD80460F46104619464EF66022002317
:10045000FFF7D6FD82468946104619464FF47A7258
:100460000023FFF7CDFDCDE902A9CDE90623CDE9B3
:10047000040132462B462046CDE9008709490EF09B
:1004800015FCB8E7AFF30080005C26050000000013
:100490003746010C4846010C4B46010C5446010CF2
:1004A00080EE36006C46010C2DE9F041884600AF25
:1004B000002900F084800568012228460DF01BFB0E
:1004C0000146044628460DF0D0FA10EA020319D17D
:1004D0003C48026856070DD06E4688B06A463A49D5
:1004E000CDE90518032142F8101F4FF4C25101F065
:1004F000ADF9B546002383F31188BFF36F8F042352
:10050000184602DF214628460DF0C5FA2618314666
:10051000002228460DF0A9FA361AB4421BD0294809
:10052000036859070FD06E4688B06946274BCDE95E
:100530000538032341F8103F13460A464FF4C251D1
:1005400001F084F9B546002383F31188BFF36F8F60
:100550000423184602DF0022214628460DF0A1FAA6
:1005600021460DF098FA26180122314628460DF052
:100570007CFAC20708D4314628460DF0FEFA32460E
:10058000214628460DF070FB0022214628460DF03A
:100590006CFA261A0122314628460DF066FAC30786
:1005A00009D4314628460DF0E8FA2246314628465D
:1005B0000DF05AFB3446214628460DF073FBBD462C
:1005C000BDE8F081F0030020EB43010CC243010CB5
:1005D0002DE9F04F91B0009302F004030293C2F3AF
:1005E000C2030133840705460E46DDF868A0039276
:1005F000059340F09C81041D002849D101F00706B5
:10060000341DC6F10806009B00274FF004085A1E4F
:100610004FF0FF33B9460193BB46434604970DB1F3
:10062000009921600598002800F3D6808F48009932
:10063000814203D38E488142C0F0CE800399601B73
:1006400011F0020C40F0D680B9F10F0F00F2CF800C
:10065000002D00F0D68009F140010DEB010E01994B
:10066000C0F387000EF8200C0EF8101CBCF1000F30
:1006700000F0C38060F07F000EF8200C013709F114
:100680000109C5F108014FF6DA7E043406918CE0C9
:100690000729B8D86FF01B0011B0BDE8F08F7A2899
:1006A0005BD84B280FD8472857D829282ED825287B
:1006B00050D052D8202818BF23280CBF4FF0010B70
:1006C0004FF0000B71E04C382E2846D8DFE800F0E0
:1006D0006D4545454545454545454545484545459F
:1006E0004545454545564548485656566D486A4520
:1006F0006D4518481845457F7C48454548457C0070
:1007000000204FF0000B4FF0040835E001212A389B
:10071000C0B201FA00F010EA0E0F46D110F0625C90
:100720002CD110EA010B40D06046013C4444B4FB9C
:10073000F8F408FB04F425B1A3EB050CA444B4457C
:10074000A8D8002870D00599013905915AF8041BE2
:10075000009164E70199013901914FF0000B24E009
:1007600012F8010C6C2834D1002012F8023C8346A8
:100770006C2BC8D14FF008084346D6E70AF1070AA8
:100780002AF0070A073424F00704FAE802BC35B15E
:1007900006982044B0423FF67DAFC4E900BC4FF05C
:1007A000000B08344FF00808434612F8010F0028E8
:1007B00053D0BBF1000F7FF472AF2528F5D14FF075
:1007C000010B019B013301934FF00408ECE75846FD
:1007D00097E700208346A8E7039988077FF551AF84
:1007E0004FF0010C601BB0F5007FFFF42DAF6FF0F0
:1007F000150051E74FF0000CF5E704980130049024
:100800003DE7BCF1000F01D0013638E7029802360F
:1008100000287FF434AF0098CDE90632FFF76CFC76
:10082000DDE9063206442AE7042B08D10AF1040068
:1008300015B1DAF80010216082460434B5E70AF1F8
:10084000070323F0070303F1080A1DB1D3E90001F0
:10085000C4E9000108230834A7E7631BB3F5806FE0
:10086000C5D23DB9A6F10804E01815E72C2F010CFC
:10087000B07F010C029A9B0828602B709DF8103005
:10088000AAB1EB70AF702FB1002208A8C5F1010C1E
:1008900091450ED14FF0000AC5F101030DF120087A
:1008A00001930DF1300BD14512D1601BF4E66B7052
:1008B000E8E710F8013B190608D50CEB040EB64525
:1008C00003F07F033FF6E6AE04F8013B0132DFE7B9
:1008D0001FB198F90020002A17DB029BD3B11AF848
:1008E0000B2004F8012B0022019B18191044B04280
:1008F0003FF6D0AE98F80000009904F8010B2046AE
:10090000039212F01EFA039A14440AF1010A08F144
:100910000108C8E798F8002055F822300093029BA0
:10092000009845F82230FFF7E7FB421CDCE76FF048
:100930000D00B1E62DE9F04F97B000AF05468A46AD
:10094000C7E90A3249B903784678807800EB83001A
:100950002844564524D8A0EB050AD7F8803095F8EE
:10096000028003F00103D7F88040FB61EB78B8F117
:10097000000F0CBF002404F001047B621BB1D7F808
:1009800080309A0715D4A4B9FB6A1BB1514628469A
:10099000BA6A9847564630465C37BD46BDE8F08F88
:1009A000441C2046FFF7A8FB013020440AF1010A4D
:1009B000CFE7D7F88030C3F3C0033B622B78BB612D
:1009C0009B003B616B687B61BB6905EB830BFB6A3A
:1009D000002B7BD15646D844BCB11C461BF8013BCA
:1009E00055F82300FFF788FBD7F88430013043B176
:1009F000D7F88830A34282BFD7F8843023F8140098
:100A00000134C3450644E9D1D846D7F880304FF0C9
:100A1000000913F0050F0CBF4FF0020B4FF0010B54
:100A20007B6A9945B7D298F8013008F1020855F869
:100A300023A0B04B9A45C0F05081AF4B3A6A9A451B
:100A40002CBF002301232AB318F8021C7869FB622B
:100A50000DF0ACFAFB6AE8B1A848036813F0060F82
:100A600014D0EA468AB06A46A54B05937B69CDE966
:100A700006314FF40073ADF82030A24B42F8103F1E
:100A800000234FF4125100F0E1FED546023E09F179
:100A90000109C5E723B1FB6933B9A6EB0B06F6E7FD
:100AA000D7F880309B07F2D55046FFF725FBD7F8E3
:100AB00084304BB1D7F888309C423FBFD7F88420B0
:100AC000431C22F8143001340644E0E7002C6AD1BC
:100AD000B8F1000F6DD0D7F8803058076CD5C146FB
:100AE00007F148004246594612F02BF900220BEB61
:100AF0000803FB600233796A8A425FD3D7F880200B
:100B000095F801B0F969920704EB0B0348BF002286
:100B1000DBB258BF4FEA5902002940F0A680D7F84F
:100B2000801011F0040F14BF494600216B70A970AA
:100B3000EA702846BA6A3969FB6A9847061EFFF6CA
:100B40002AAFBB6949462B707B6ABA6AEB7085F89D
:100B500001B0FB6A85F8028007F148009847B0F1C0
:100B60000009C0F2B6803B697A6A786A03EB4201F9
:100B7000FB68414403EB4000BA6AFB6AAAEB01013F
:100B800098470028C0F2A7804FF0000BB14409EB52
:100B9000000607F1380AA34569D30021BA6A08465E
:100BA000FB6A9847F7E644464FF0000907F1380022
:100BB00098E74446C14699E7A14697E713F8016CC8
:100BC000DFF830C155F8260013F8021C6045C0F06C
:100BD0008A80DFF824C16045386A2CBF4FF0000BD3
:100BE0004FF0010B38B17869C7E901320DF0DEF939
:100BF000D7E90132F0B9BBF1000F1ED0F96949B154
:100C0000611C04F1280007F13004041904F8206C79
:100C1000CCB20FE0D7F8801049070BD509F12800B6
:100C200007F1300C09F1010100EB0C0909F8106C17
:100C30005FFA81F9013202335DE7D7F8800080075F
:100C4000DED409F1280C07F1300EF44409F101005B
:100C50000CF8101C07F1580109F1020951FA80F053
:100C60005FFA89F900F8106CE4E700215EE71BF8F1
:100C70000A3055F8239087F83730D7F884302BB3F3
:100C8000D7F888309B4521D2D7F8843033F81B80C1
:100C90000121BA6AFB6A07F13700984700281ADB7E
:100CA0000644B8F1000F06D14846FFF725FA00F1D7
:100CB00001081FFA88F841464846BA6AFB6A984715
:100CC000002808DB06440BF1010B64E74FF0000835
:100CD000DEE74E465FE606465DE63B6A002B3FF4E4
:100CE000DFAE0023B0E6386A0028A6D04FF0000B34
:100CF00079E700BF2C2F010CB07F010CC803002046
:100D00001844010C0400000130B50446EFF31185CE
:100D1000202383F31288BFF36F8F044B0FCB84E83B
:100D20000F0085F31188BFF36F8F30BD8805002059
:100D300001281FB50C4605D004281DD06FF0150002
:100D400004B010BD11F030FF42F210720023FFF723
:100D5000A7F9104BC4E900015A43A2606846FFF7A7
:100D6000D3FF694620460DF03EF918B90A4B0FCB68
:100D700084E80F000020E3E711F016FF42F2107242
:100D80000023FFF78DF9034BC4E900015A43A26029
:100D9000F0E700BFA0860100F837010C01287FB5FD
:100DA0000D462DD18A68184B9A4229D811F0FCFEC5
:100DB00042F210720023FFF773F9144B404202FB1A
:100DC00003F361EB4101CDE900016846029300F0B5
:100DD000C5F8294668460DF006F9EFF31186202381
:100DE00083F31288BFF36F8F9DE80F00084D85E8ED
:100DF0000F0086F31188BFF36F8F002004B070BD21
:100E00006FF01500FAE700BFFFC99A3B6079FEFF5B
:100E100088050020014B1860704700BF300000209B
:100E200080B505460E46174698460BF017FE03465A
:100E300003F090FF0446DFF81890424649F800306E
:100E400039463046A84754F8090003F023FF00BF95
:100E5000080000002DE9F84340F26C73446905690D
:100E6000E1170135E41841F10001022D8CBF002388
:100E70000123E41AC76861F100010029064607F161
:100E8000FF374EDA6FF4C7704FF4C8720023201892
:100E900061F10001FFF7B4F8244B4FF03C0E03FB67
:100EA0000044D6E900834FEAE37C99466346032D6C
:100EB000024634BF09206FF00200B6680544C6FB45
:100EC0000E93A9FB0EC60EFB036640F26D1E992021
:100ED000A3080EFB04333B44642745430520B4FBC1
:100EE000F7F40235B5FBF0F51B1B114C1CEB080C9D
:100EF000A2FB042004FB01012B4446EBE876981882
:100F00000C4A41F1000380180B4A63F10003A0FB77
:100F1000020102FB031110EB0C0041EB0601BDE8DE
:100F2000F8834FF4C87200232046B3E770FEFFFF3A
:100F3000B13A02009405F5FF8051010010B5FFF7AA
:100F400089FF0024024603F005FF0B460249445086
:100F50001046194610BD00BF0C00000070B51F4BB5
:100F600082689A4215DDD0E90016013392FBF3F353
:100F7000012976F100054FEAE3741CDAC91844EB45
:100F80000604C0E90014164901FB03238360012015
:100F900070BD002AFBDAD0E90041124E9B1A0029ED
:100FA000B3FBF6F310DA01F100459C4275F1000540
:100FB0000ADA0020ECE7CD439D426FF00045A5EB37
:100FC0000605A541DADAF4E706FB0322E41A61F12B
:100FD0000001C0E900418260D9E700BFFFC99A3B28
:100FE000003665C400CA9A3B08B500F0B7F8012284
:100FF00000230949C0E9002241610849C0E90233E0
:101000000A60074903610A60064A1360064A1360D2
:10101000064A136008BD00BF0849010C50000020BB
:101020004C000020081400200414002000140020AC
:101030002DE9F04781468846174600F08FF8C368CF
:1010400004461BB943691A78002A3ED10023E360A5
:1010500063684B4558F8232008DB314B6361204619
:1010600000F060F84FF0FF30BDE8F087511C61617F
:1010700092F800A0BAF12D0FEFD1951C656156785A
:101080002D2EA66004D1927872B901336360E4E733
:1010900056B9234D51463846656111F090FE00283F
:1010A000DDD05646C4F808A03146384611F087FE18
:1010B0003A2E00D070B92B7813B96368013363609E
:1010C000204600F02FF83F20CEE75D1C45611E78DA
:1010D0008660E9E743783A2B0BD0002323612B7815
:1010E00013B9636801336360204600F01BF8A06801
:1010F000BAE72B780A4A33B96368013399456360CC
:1011000004DD58F82350C4E90452EAE762613D78EF
:1011100020463A2DD5D100F005F82846A4E700BFB7
:101120000849010C0168084A084B11604168084AE7
:1011300011608168074A1160074AC168116002693D
:101140001A6004F0FDBA00BF500000200014002017
:101150004C000020081400200414002000487047B0
:10116000340000202DE9F047044607464FF00109FE
:10117000DFF84C8094FAA4F5B5FA85F509FA05F381
:101180002E0108EB05156FEA030A24EA03042B7B02
:1011900063B158F806301B696BB946447368032283
:1011A0002846196807EA0A070DF098FA002CE1D1E1
:1011B0003846BDE8F087284698470028F6D1ECE786
:1011C0004C36010C10B5002288B00E490E4811F0C3
:1011D00033FD002200230024CDE906230E234FF423
:1011E0004072CDE90334CDE90144084B084900942D
:1011F00008480BF007F9084906480AF0DBFF2046CB
:1012000008B010BD1D12000C580A00205515000C26
:10121000681E002098050020D744010C01480AF000
:10122000ABBD00BFA40400202DE9F0478046204854
:101230000F460DF027FA0646002832D00025284632
:10124000BDE8F087237B83B12368DB680BB12046C0
:101250009847636883F8069023681B69CBB9636875
:101260000322204619680DF039FA0136103454452E
:10127000E8D3B8F1000FE2D0002DDFD02846FFF709
:1012800071FF0546002FF7D00021642011F0B2FB5A
:10129000F2E7204698470028E1D009FA06F31D43FB
:1012A000E3E705464FF00109024CDFF80CA0DEE74A
:1012B0001C1400204C36010C5C36010C08B50346AA
:1012C00008462BB1044A136000F02CFD002008BD35
:1012D0006FF01500FBE700BF5400002010B5044C70
:1012E000237813B903480AF047FD0123237010BD8A
:1012F0003C1A0020A404002010B5044609480DF053
:10130000C1F93CB1084BD3E8EF1F0139C3E8E21F34
:10131000002AF8D105480BF085FEBDE810400448CE
:101320000AF02ABD1414002018140020580A0020C6
:10133000A40400200022044BD3E8EF0FC3E8E12F00
:101340000029F9D1704700BF1414002070B5FFF7D1
:10135000F1FF0546074C084EB44200D370BD6368E8
:101360005B792BB123685B6813B129462046984707
:101370001034F1E74C36010C5C36010C10B5044C0E
:10138000044920460CF06FFF034B1C6010BD00BFEA
:101390008C0300205438010C0C14002000230E4A4A
:1013A00010B513700D4A4FF47A7113600C4A0D4852
:1013B0001360FFF783FFFFF7E1FF00F077F90A4BB7
:1013C0000A4918468B4200D310BD1A1A5C681211E4
:1013D000013222711033F5E73D1A00201414002069
:1013E0001814002097E6000C4C36010C5C36010CFA
:1013F00001460022002301480CF056BF8C03002058
:1014000001480CF0EDBF00BF8C030020024B0146E9
:1014100018680DF040B800BF0C14002001480DF012
:1014200075B800BF8C0300202DE9F041324B1B78CA
:10143000002B5DD0FFF7E4FF0446002854D12F4B6A
:101440002F4D1B68002B12DD11F0AEFB0A2200238A
:10145000FEF726FED5E90032C01A40F2E93361EB0F
:101460000201984271F1000101D3FFF76FFFD5E946
:10147000003213F57A7342F10002C5E90032002C04
:1014800036D0BDE8F041FFF7C9BF6B685B793BB16F
:1014900021784B0713D52B68214628461B689847AF
:1014A00010354545F1D32046FFF7B0FF154BD3E883
:1014B000EF1F0139C3E8E21F002AC0D0F7E720463A
:1014C0002688C1F3C20700F09FFAC6F382160246CF
:1014D000002EE0D00028DEDB01233946284600F04C
:1014E0008FF9B042DCD3D6E7074DDFF82080D8E78C
:1014F0000020BDE8F08100BF3C1A00201414002039
:10150000500A0020181400204C36010C5C36010CE7
:1015100070B50D4D297861B90120FFF785FE0B4CA0
:101520000B4EB44206D3FFF77FFF0028FBD1012307
:101530002B7070BD63685B791BB1236820469B6884
:1015400098471034EDE700BF3D1A00204C36010CDF
:101550005C36010C00212DE9F8430846FFF764FED4
:10156000044648B34FF4FA784FF0000903F0F2FB59
:101570001A4B1B4A1B58136033B11A4B1B68092BBB
:1015800002DD19480AF0F8FB0025184F44B1204647
:10159000FFF7E8FD044618B94FF0FF384FF0FF3968
:1015A000FFF742FF064628B9B5B90F4842464B46F9
:1015B0000AF016FC3546E9E74FF0FF384FF0FF39E7
:1015C000D4E72B689B691BB1002228461146984737
:1015D0001035BD42F5D3E8E7054DFAE708000000F5
:1015E0001014002018140020A40400205C36010C04
:1015F0004C36010C13B518480DF044F8174B1B7806
:1016000073B1EFF31184202383F31288BFF36F8F3C
:10161000FFF70AFF84F31188BFF36F8F02B010BD8C
:101620000F4B1B68002BF9D050B9002200230D4846
:10163000CDE9002342F2107200230BF0BBFCEDE772
:101640000928EBD107480BF0EDFC074802B0BDE8D4
:1016500010400AF091BB00BF181400203D1A002072
:1016600010140020580A0020A404002010B5064BD6
:1016700004461B6898472146A06004480CF091FE80
:10168000BDE81040FFF7B6BF540000208C030020D7
:10169000044A054B9B1AB1EBD30F34BF52F831000B
:1016A000002070476C35010C4C36010C0021084BB2
:1016B000084A09489B1ADB08994200D17047026822
:1016C000013122F0070242F0030240F8042BF3E755
:1016D0004C36010C6C35010CC8030020F8B50646E9
:1016E00000240A4F0A4BDB1BDD08AC4203D14FF04C
:1016F000FF342046F8BD57F8340020B13146FEF7DC
:10170000E9FC0028F5D00134EFE700BF6C35010C8F
:101710004C36010C00282DE9F047884615461F4637
:101720001DDA4FF0000A5446DFF89090244EA6EBE5
:1017300009063609B24509F1100902D12046BDE873
:10174000F08759F80C0C3B462A4641460079FFF7D2
:10175000E1FF844238BF04460AF1010AEAE7194B67
:10176000194AD21AB5EBD20F26D203EBC5031C7966
:10177000BC4228BF3C460722144EC0B200EB4000DA
:1017800056F82530824023EA020304F00702824023
:1017900013430021032223FA02F000F007008142E4
:1017A00002F1030238BF01461E2AF4D123F00703D9
:1017B0000B4346F82530C1E70024DCE74C36010C2A
:1017C0005C36010C6C35010C4C36010CC803002052
:1017D000F8B506460F460024074D084BED1AED08F4
:1017E000AC4200D3F8BD002122B23B463046013462
:1017F0000CF06CFFA4B2F3E74C36010C6C35010C15
:1018000070B14168097973B1002A17DBCBB20C497A
:1018100003EB430351F82200D84000F00700704763
:101820004FF0FF31EFE707490748401AB2EBD00FFE
:101830003ABF01EBC201087918467047042070478F
:10184000C80300206C35010C4C36010C2DE9F04F1B
:101850008FB0C1F34A2604AF0D469046B8607B6056
:101860000C0D002E65D04FF000090A234FF0040B39
:1018700007F1140AFE60C7E90799C7F8249000939E
:10188000CDF808B0CDF804A007F11C034A46404645
:10189000F968FFF74FF8B0F5006F034620D32948E9
:1018A000036813F0060F17D06C468AB0D8F80410FE
:1018B00004AB254D1A46C3E9055140F2FF71D961C9
:1018C0004FF400711984214B42F8103F4FF412512C
:1018D0004B46FFF7BBFFA5462C37BD46BDE8F08F52
:1018E000C0F30A0604F11700184420F0070080082E
:1018F0003B60FFF77DFD66F35325044680B13B68EE
:1019000000F11001C7E908390A23F961CDE901ABFB
:10191000009340460E4AF96807F11C03FFF70AF8E6
:1019200066F353252A4620467B68B9680CF00AFF07
:10193000D2E704F1170020F007008008FFF758FDF8
:101940000446EDE7D8030020EC44010C040000013C
:1019500017E7000C2DE9F04F87B00546DDE9106B65
:10196000DDE9127A884614469946DFB110213B46DC
:101970005A460020CDF800A0CDF814A0FEF728FEAE
:10198000B0F5006F01460FD31D48036813F0060F32
:1019900032D040F2FF7302211A4A07B0BDE8F04F7F
:1019A0000CF029BF3946384604F0070305F0070458
:1019B000E40044EA831444EA402444EA065406F16D
:1019C0001700084420F0070080080391FFF710FD7E
:1019D000054640B13FB13B465A460399CDF800A0B9
:1019E0001030FEF7F5FD4B4622464146284607B02B
:1019F000BDE8F04F0CF0A6BE07B0BDE8F08F00BF09
:101A0000D80300202B45010C406820B1034BC01ABD
:101A100040F38F0070474FF0FF307047C80300203D
:101A20000EB403B503AB53F8042B014604480193ED
:101A300003F0D0FB02B05DF804EB03B0704700BFC9
:101A400059E8000CCA0605D48B064CBF024903496D
:101A5000FFF7E6BF704700BF0749010C6345010C63
:101A60002DE9F04F89B098469DF85090159B04469B
:101A700006930D46DDE916A3189F05920493B9F16C
:101A8000000F00F0B08007F4807307930CF01CFE89
:101A900007F0020B0246002874D020467749FFF772
:101AA000BFFF0646BBF1000F08D017F0440F6BD103
:101AB0002A4620467249FFF7B3FF064407F00103A8
:101AC00053B1704B204653F829206F4B6F49002AC1
:101AD00008BF1A46FFF7A4FF07F48073002B07F036
:101AE000080318BF4FF00008002B79D0684B204640
:101AF00053F829206749FFF793FF0546059B2BB153
:101B00001A4620466449FFF78BFF0544B8F1000FE1
:101B100005D0424620466149FFF782FF05446048F0
:101B20003544069B1BB122465E490CF00EFA049B1D
:101B3000002B00F08E80DDF810803946B8F1100FD0
:101B4000204628BF4FF010080026FFF77BFFB54264
:101B500050DC0026334620461AF803205249FFF78E
:101B60005FFF0136102E4BD0710703D120464F493D
:101B7000FFF756FF46453346EDD320464C49FFF765
:101B80004FFFEEE706468DE74A4B1868002894D0D1
:101B9000494B4FF47A7B1B684FF03C0CB5FBF3F5D7
:101BA000B5FBF0F14FF4616300FB11550BFB05F53C
:101BB000B1FBF3F2B5FBF0FE03FB121100FB1E5567
:101BC000B1FBFCF30BFB05F5B5FBF0F50CFB1311BA
:101BD00020460091CDE901E53849FFF721FF6CE788
:101BE00007F008058AE7B8F1010F4D460CBF2C48F5
:101BF000334896E720462D49FFF712FF0136A6E746
:101C0000002620462F49FFF70BFF33461AF8032022
:101C10002046A2F120035F2B28BF2E222A49FFF77E
:101C2000FFFE0136102E0DD0720703D120461F494A
:101C3000FFF7F6FEB0453346E8D820461B49FFF7CC
:101C4000EFFEEEE7049BC244B3EB080304937FF47A
:101C500072AFB9F1000F0AD0FB0704D520460A4A3B
:101C60000A49FFF7DDFE39462046FFF7EBFE204626
:101C700009B0BDE8F04F0CF0E2BD00BF1653010CF7
:101C80006B45010C6838010C6645010CB34B010C27
:101C90007C38010C9045010C9645010C9A45010CCD
:101CA00059E8000CD551000C9F45010CA745010CCB
:101CB000A545010C24140020201400207445010CBB
:101CC00087E8000CA945010CFA52010C42F20F738F
:101CD00073B58B4228BF0B4605680446052168464C
:101CE0000D4A0BF0EDFA0646636828460B225B6846
:101CF0000A490CF096FD63683246694628465B68DF
:101D00000CF08FFD63681B2228465B6804490CF0C9
:101D100088FD02B070BD00BFAE62010CCD7D010C2C
:101D2000B17D010C00210123064A904206D8064AE3
:101D300001B901231360054B186070470121400869
:101D40005B00F2E740420F00201400202414002022
:101D5000014B0360002070479038010C10B5044619
:101D600009F002FC0349024620460CF09FFF0020C8
:101D700010BD00BFE245010C37B5134600220546F1
:101D800001920A21586801AA01F0C8FD019C4CB9D2
:101D90000A2120EAE070A0FB010110F02BFE204692
:101DA00003B030BD2246284602490CF09BFF019C3F
:101DB000F5E700BF0E46010C08B5034A03490CF0D5
:101DC00075FF002008BD00BFFE46010C0447010C52
:101DD000F7B51746002305460A2101AAB868019302
:101DE00001F09CFD1749C6B228460CF06DFF019C1E
:101DF00044B12246284614490CF074FF019C204649
:101E000003B0F0BD042E09D9324628460F490CF024
:101E100069FF28460CF09BFF0124F0E77868FFF784
:101E20005DFC021E07DA28467A6809490CF05AFF61
:101E30006FF01504E3E733462146204612B20CF05A
:101E400045FCDCE72747010C8D47010CB447010C2A
:101E5000CB47010C002307B50090694604488DF874
:101E600004300AF0B1FE9DF8040003B05DF804FBF5
:101E70000FE9000C38B50446EFF31185202383F3F6
:101E80001288BFF36F8F09F051FB024685F311886A
:101E9000BFF36F8F064920460CF008FF2046054926
:101EA0000CF004FF214604480AF0A8FE002038BDCB
:101EB0002A48010C4948010CBD1E000C70B58EB0BB
:101EC00004460D46D0F8A06010F09EFC034602F0D8
:101ED00041FF214A1158214A2148002B18BF1A46B8
:101EE0000092204A23468C4218BF024628461E49CB
:101EF0000CF0DCFED4E90A23CDE90023284694F94E
:101F00000E30A28919490CF0D1FE06A920222046E4
:101F10000AF060F9A36E0246154928460CF0C6FE89
:101F2000204605A910F07EFC024628B1284611493A
:101F30000CF0BCFE0EB070BD6422059B2846F11A61
:101F40004A43B2FBF6F20091CDE901620A493246FA
:101F50000CF0ACFEEEE700BF080000005348010C97
:101F6000A745010CB95D010C5648010C6248010CF3
:101F70008E48010CA548010CD248010C30B504462E
:101F800091B008AD20220021284610F000FF1A224F
:101F90002021284610F0FBFE214610480AF02EFEB4
:101FA00007AA4FF400610E4810F030FC6423079A32
:101FB0002046C2F500614B43DB0A05934FF40063F2
:101FC0000095CDE90313CDE9013206490023044A07
:101FD0000CF06CFE002011B030BD00BFE91F000CFA
:101FE000683300201E49010C70B504460D46D0F838
:101FF000A06088B007A910F015FC024628B1284659
:102000000E490CF053FE08B070BD204610F0FCFBEA
:102010006422079B0096F11A4A43B2FBF6F2CDE91F
:102020000131074BCDE90362002818BF0346224661
:10203000284604490CF03AFEE5E700BFA548010C2C
:102040005348010C6749010C38B513460546102268
:10205000002158680BF0D2F90446FFF7FBFE38B9AF
:10206000224628460D490CF03DFE6FF0150038BDA4
:1020700002F070FE0A4B1B589C4204D128460949C5
:102080000CF030FEF1E720460AF05AF928462246C5
:1020900005490CF00BFE0020E9E700BFCB49010C1D
:1020A00008000000E649010C0E4A010C38B5134641
:1020B00005461022002158680BF0A0F90446FFF7EE
:1020C000C9FE38B9224628460D490CF00BFE6FF0C8
:1020D000150038BD02F03EFE0A4B1B589C4204D14D
:1020E000284609490CF0FEFDF1E720460AF048F9C0
:1020F0002846224605490CF0D9FD0020E9E700BF3B
:10210000CB49010C080000004D4A010C734A010C38
:1021100038B5134605461022002158680BF06EF9B9
:102120000446FFF797FE38B9224628460D490CF0C1
:10213000D9FD6FF0150038BD02F00CFE0A4B1B589C
:102140009C4204D1284609490CF0CCFDF1E7204619
:1021500002F0A0FD2846224605490CF0A7FD00200C
:10216000E9E700BFCB49010C08000000AE4A010CB2
:10217000D34A010C10B50C4600210DF04FF800B108
:1021800000680023024A2060C4E90123E36010BD17
:10219000D75F010C10B50C4600210DF043F800B1DB
:1021A00000680023024A2060C4E90123E36010BDF7
:1021B000D75F010C70B50546506814460DF036F82F
:1021C000064640B9626828460F490CF08BFD6FF057
:1021D0001204204670BD10F0B0F830B162680B49AF
:1021E00028460CF055FD0024F3E7304610F09CF82B
:1021F0006268044628B10346054928460CF072FD82
:10220000E7E70449ECE700BF0B4B010C204B010C46
:10221000424B010C6F4B010C2DE9F04F8FB004467F
:1022200001A88846914609F0B3F9019F08212D4A7B
:1022300007EB401720460CF01EFD019EBE4203D363
:1022400000200FB0BDE8F08F35680DB12B7833B9A1
:1022500033463021244A02A80BF032F802ADB8F11F
:10226000020F07D12846D9F8041010F0E6FD08B98E
:102270002036E3E72B46082120461C4A0CF0FBFCE5
:10228000304610F05AF81A4A1A4B0821002808BFA5
:1022900013462046184A0CF0EEFCF369002BE7D0F9
:1022A0001D68002DE4D02B68002BE1D008212046CA
:1022B000124A0CF0E0FCAB464FF0000A2B68534585
:1022C00005D8082120460E4A0CF0D5FCD0E708219D
:1022D00020465BF8043F0B4A0CF0CDFC0AF1010AE2
:1022E000ECE700BFA24B010CAC4B010CB14B010C55
:1022F000994B010C934B010C194B010CB64B010C83
:102300000749010CB24B010CF7B5137806463A2B7E
:102310000F46154614D1541C23783A2B28D101348A
:102320000A22204601A90AF0F5FF019A0346A242BB
:10233000386017D01078A8B93C2B15D915490EE094
:102340000A22284601A90AF0E5FF019CB860AC42C8
:1023500008D023783A2B05D1172807D90E493046E3
:102360000CF0C0FC6FF0150003B0F0BD0134D3E7F2
:102370000A22204601A90AF0CDFF019B7860A34202
:10238000F0D01A783A2AEDD13B2801D90349E6E783
:102390005C1CC5E7564C010C384C010C464C010C3A
:1023A0002DE9F0410D4694B006A9044601201746D8
:1023B000FEF7BEFC0BA906A80AF0D6FE032D55D1E8
:1023C0007D680A22284605A90AF0A4FF059E8046DA
:1023D000B54215D032782D2A12D101360A22304664
:1023E00005A90AF097FF059B9E4209D01A782D2A6D
:1023F00006D1451E0B2D0CD92E4920460CF072FC3F
:1024000020460CF0A4FC6FF01505284614B0BDE87A
:10241000F0815E1C0A22304605A90AF07BFF059B6D
:102420009E42EDD01B78002BEAD1431E1E2B01D912
:102430002149E2E7A8F26C73CDE90F53BA680E9018
:1024400020460BA9FFF760FF0028D9D10BA8FEF7A3
:1024500075FDB1F1FF3F08BFB0F1FF3FCDE90601C7
:1024600008D1204615490CF03DFCCCE7022DC7D120
:102470007A68E5E700230893012006A9FEF78EFCA1
:10248000054628B102460E4920460CF02BFCBAE75F
:102490000B9B109A03930C9B204602930D9B0949BA
:1024A00001930E9B02F26C7200930F9B01330CF0B0
:1024B000FDFBAAE7664C010C754C010C824C010C2B
:1024C000AB4C010CC24C010C10B5044692B004A9EF
:1024D0000120FEF72DFC09A904A80AF045FE099B7E
:1024E0000E9A03930A9B204602930B9B0649019385
:1024F0000C9B02F26C7200930D9B01330CF0D6FB27
:10250000002012B010BD00BFC24C010C2DE9F041FB
:102510001446884607461022002160680AF06EFFC4
:10252000B8F1020F06461CD90A220021A0680AF061
:1025300065FFC5B22A4638461E490CF0B7FBB8F114
:10254000030F1DD8102D0ED0202D0FD0082D0FD128
:102550003278D2B20023384617490CF0A7FB00208E
:102560000CE02025E6E7328892B2F3E73268F1E723
:10257000384612490CF09AFB6FF01500BDE8F08167
:102580001022E06800210AF09FFF0B460246044635
:102590000B4938460CF08AFB102D06D0202D07D0B1
:1025A000082DE5D1E4B23470D9E7A4B23480D6E77F
:1025B0003460D4E7114D010C3C4D010C264D010C4B
:1025C0004F4D010C00232DE9F04791464FF0FF35A8
:1025D000012286B00193514B074688461A60202697
:1025E000FEF702FD2C46494640464D4AFEF720FDC7
:1025F000431C06D1691C41D14A4938460CF072FB94
:1026000017E073281AD0772828D0612811D1DFF875
:1026100018A11021DAF8000001AA01F07FF9019B4E
:102620000546002BDFD0DAF80020404938460CF090
:1026300059FB6FF0150006B0BDE8F087DFF8E8A0A1
:102640000021DAF8000001AA01F068F9019B0446B4
:10265000002BC8D0DAF800203549E7E7DFF8C8A03A
:102660000021DAF8000001AA01F058F9019B0646A2
:10267000002BB8D0DAF800202E49D7E7621C01D130
:102680002D49BAE75FFA86F8A8F10803DBB2182BE8
:10269000C6F3C40604D8294A22FA03F3DB0723D47D
:1026A0004246384626490CF001FBC2E7B8F1100F4C
:1026B00021D0B8F1200F24D0B8F1080F01D10A7849
:1026C0001A70314433444218102AEFD9102CA14615
:1026D00028BF4FF0100929464B46384602AA01F0A0
:1026E00017F81035A4EB0904B4B1A642EED8294678
:1026F00002AB701BE7E70A8892B21A70120A5A708E
:10270000DFE70A68C2F3072C1A70120C9A70120ADB
:1027100083F801C0DA70D4E720468CE74C00002033
:102720009F4D010CA64D010C00140020654D010CBD
:10273000784D010C8B4D010CC34D010C01010001C2
:10274000DD4D010C70B50E4E04460D46337829B1AF
:1027500023B10C49BDE870400CF0C4BA83F001030A
:1027600033702BB1204608490CF0A0FA01233370D6
:1027700029462046BDE8704000220CF002BB00BF95
:102780003E1A0020F74D010C324E010C2DE9F041AC
:1027900005460C46DFF8EC803B4E8F18A74201D16E
:1027A000BDE8F08198F8002014F8013B182A22D1E6
:1027B000112B20D10026354C28462268344988F850
:1027C00000600CF073FA28463146FFF7BBFF314B2F
:1027D00018780028E4D1304A23681168042B2EDCD5
:1027E00008B12360116013F003012FD11268136840
:1027F0001BBA1360D4E7A3F13002092A88F800302D
:1028000004D923F02002413A052A04D83168234A2A
:102810005354013131603368022BBFD110220021A3
:102820001E480AF0EBFD1E4A136803F8010B136003
:10283000164A13680133136000233360AEE708685B
:10284000043B00BA41F8040B0120C7E75B4203F0E8
:10285000030358BF5942022904D1126813885BBA96
:102860009BB2C6E703299BD1106802681104C2F32A
:10287000074301F47F010B4302F47F4213430360DB
:102880008EE700BF3F1A0020281400202C140020DF
:102890005C4E010C401A002030140020411A002028
:1028A000341400202DE9F8430023804617460D46D6
:1028B0002549264E0B60264933700B60012DB94621
:1028C00057F8044F1DD902222046224910F084FAFD
:1028D00070B9A378003B18BF01231C440222204694
:1028E0001D4910F079FA28B901233370013DE5E75D
:1028F0000023F2E720461749FDF7ECFBC0B909F1C8
:1029000004090022D9F8040011460AF077FD0022DC
:10291000124B11461860D9F804000AF06FFD104BF5
:10292000104918604046FFF70DFF0020BDE8F8830E
:1029300023782D2BE5D16378002BE2D02246404648
:1029400009490CF0B3F9D1E728140020401A0020FF
:102950002C140020764E010C794E010C341400200A
:10296000301400208D27000C7C4E010C07B509485F
:102970000FF0E3FC58B104233A22009305490123E8
:10298000054800F019FF002003B05DF804FB6FF06C
:102990001200F9E7D42F010C5C36010C10B5446825
:1029A000C4E90012A36042684021134653F8404B2B
:1029B00051635362002302F13801C2E90413082174
:1029C000C2E90A33C2E9063313631162C2F8B830B0
:1029D000A36823B19B6C13B1204604499847A368B0
:1029E0009B6A0BB120469847002010BDF129000CCE
:1029F0002DE9F74F05460C4683685B6C03B1984799
:102A0000AB685B6B002B35D14FF00008DFF810A1ED
:102A100004F12409218E238D626B5B1A9BB2D31AB9
:102A2000934204F1280B28BF13465946484601AA91
:102A30000BF084FD0746002841D0AB6801999B69E3
:102A4000002B37D00246284698470646002818BF74
:102A500048F001083246594648460BF0A5FD0EB134
:102A6000BE42D7D0B8F1000F08D0D4E90131002020
:102A7000984703E0284698470028C5D1AB685B6AB1
:102A800093BB628BE38A04F110079B1A226A9BB204
:102A9000934204F11A0828BF13464146384601AA5A
:102AA0000BF04CFD064630BB28460BF046FFC4F841
:102AB000B8602CE06FF057064FF00108CAE7DAF86B
:102AC000003013F0060F04D002215046154A0BF0D7
:102AD00089FEAB689B69002BC4D0012228460DF10A
:102AE000030198470646BAE7284698470028C8D108
:102AF00003B0BDE8F08FAB6801995B6963B1024632
:102B0000284698470246414638460BF04DFDD4E929
:102B1000013101209847EBE76FF05702F3E700BF60
:102B2000F8030020E34F010C10B50446816818310A
:102B300001F080F9A1682046BDE81040014A183133
:102B400001F018B92550010C38B583680446D3F854
:102B50008032DB051DD4C0690CF0A1FE60680368FB
:102B60005B689847054620B9E0680DF071F8A368E6
:102B70001D75A3685B6C13B1294620469847002257
:102B800002F0E8F8A368C3F8A022034B185802F03B
:102B900081F86FF00F05ECE70800000001490BF029
:102BA00046BF00BF0749010C2DE9F04FA7B004460E
:102BB0005422002111A810F0EAF80023CDE90533D2
:102BC000A36820465C3302930CF04BFC20460CF0CB
:102BD0008EFB10B96069FFF7E1FF00264FF0FF3868
:102BE000B246B3463546B146A068142200211830DB
:102BF00010F0CDF820460CF0D6FAA168E068B1F8E4
:102C000054205C310CF0E9FF20460DF04AF811AF7A
:102C10000396DDE90532012A6BD0132B6CD8B8F18D
:102C2000000F2AD1BBF1000F0AD020460DF05AF850
:102C30001423A26811A95C320DEB03000CF053F9C8
:102C4000B9F1000F0CD099F81130FE2B08D1059B7B
:102C500026AA02EB830252F8542C0AB101330593E1
:102C6000A068436A002B40F0B580C6B1C369B34287
:102C70002BD00D9600F1180522E002233946029A66
:102C800006A80CF030F97A6806990346029231B131
:102C900001290AD148B16A4A20460CF08DFC6FF038
:102CA0000705284627B0BDE8F08F059B002B32D0E2
:102CB000386801F0EFF898B166B1A5680D9618353F
:102CC0000CAE0FCE0FC533682B602046FFF72CFFEC
:102CD0000125E6E75B4A012120460CF06DFCDEE7AA
:102CE000059BC3B1294620463A6801F06DFA0228D7
:102CF00009D1059B132B95D9069B022B92D101215B
:102D0000514B524AC8E7032805D0059B4FF0010BF1
:102D1000013305937DE7039B2BB94846396807AA21
:102D20000CF0B8F90546043708F1FF38A5B3EB6895
:102D3000BBF1000F08D0FBB120460CF092FB2046FF
:102D40000CF0ECFA424AC6E7B3B1AE46A368DDF830
:102D500014A003F1180CBEE80F00ACE80F00DEF879
:102D60000030CCF80030AB6833B96B7CFE2B04BF6D
:102D700095F8108008F1FF38D5F804C0BCF1000FB9
:102D800008D0AE460CAEBEE80F000FC6DEF800302D
:102D900033606646A94603E0059B63B101230393B4
:102DA000B8F1000F03D1069B022B7FF432AF059BD5
:102DB000013305932DE7A368DB6A13B1DB68002BB1
:102DC000ECD1244B012100932046119B224A0CF0A8
:102DD000F3FBE3E7059D90F82830A5EB0A05BBB1AE
:102DE0004FF6FF7290F82910FF2918BF0A469D423E
:102DF00002D313449D420BD9836901212046174A0F
:102E00000CF0DAFB2046FFF78FFE6FF0150548E760
:102E100001210BF02BFEA0680BF01CFEA36811AA89
:102E200029465B6A02EB8A02204698470546A0685D
:102E30000BF014FE0021A0680BF018FE31E700BF74
:102E40003350010C4750010CA850010CE647010C0F
:102E50006550010C9450010C8653010CCC50010CB0
:102E6000F7B5044680680D46817D002949D1D0F828
:102E700080325A0504D50BF004FEE0680CF07FFEAA
:102E8000E368DB6873B9002D3BD0A66806F15C07E8
:102E900038460BF0D9FD002835D0394606F5AE701E
:102EA000FDF722F9A2682946E0680DF106035C32BD
:102EB0000CF068FE58B9A06800F5AE715C30FDF703
:102EC00013F9A0685C300BF0BFFDADF8060020469A
:102ED0000CF0C0FAA368D3F87C329B0603D50B49EB
:102EE00060690BF0A4FD204600F07EFDA268BDF8ED
:102EF00006302046A2F85630A268A2F854300CF0F2
:102F00000DFA03B0F0BD86F85C01CBE71838010C70
:102F1000022210B5836804461A7583689B6CBBB99E
:102F20000BF064FD8368D3F88032DB040BD50321FA
:102F3000084B094A0CF040FBA0686FF4805100F583
:102F400020700BF069FD2046BDE8104000F0D0BEB7
:102F500010BD00BFE750010CB34B010C00232DE95D
:102F6000F04F0446B1B00993A36860689E6C026894
:102F700015691EB3DF6C102209AB1BA9A847099B7A
:102F8000CBB10121A0680BF071FDA0680BF062FDD0
:102F90003B46099A1BA92046B047A0680BF05EFD8E
:102FA0000021A0680BF062FDA3689B6C002BDBD1B5
:102FB0002046FFF7ADFF31B0BDE8F08F09AB01222D
:102FC0000DF12301A847099B002BF4D09DF9231094
:102FD0009DF823300029A268C6DB517D032900F249
:102FE0001C83DFE811F004008F02B3021A030D2BDB
:102FF00043D00A2B41D0B2F88012092B21F0FF01F7
:10300000A2F880126DD028D8002B00F00281082B86
:1030100000F0EB81A268D2F87C12890740F1F980B8
:10302000013B162B00F2F580DFE813F0E002FE0111
:103030000202FA01DA021B02F300F300F300F300CC
:103040001F022302F3003802F3003D02F300F300F5
:10305000F3003F024F02F30064021B2B3DD07F2B95
:1030600000F0D081A3F120025E2AD3D80121A0680C
:103070000BF007FD9DF82310BBE0D2F88012C9B217
:1030800021B1D2F88012C9B28B42C3D1B2F88012FA
:1030900063F30701A2F88012A568AB7D012B06D16E
:1030A0006069FFF77BFD0222A3689A7583E7B5F894
:1030B000541061B928460BF0E4FCE0680CF05FFDA9
:1030C0006069FFF76BFD2046FFF722FF4CE72046C3
:1030D000FFF76AFDC5F8A402F5E70122A3685A7557
:1030E00097E0A068D0F87C329B0740F192800121E4
:1030F0000BF0C7FCA068857D002D40F08A80B0F8F9
:103100005430FF2B00F08580B0F8562000F15C01B0
:1031100000F5AE700FF015FEA3681BA9B3F856209A
:103120000BA8134483F85C51A268142302F5AE7215
:103130000BF0D9FE0B9914296BD830AB03EB81034C
:1031400043F8545CA368B3F85620002A00F0678265
:10315000134493F85B30202B00F0658221B1093BCA
:10316000042B4BD9012948D100250A950A9B30AA86
:1031700002EB830353F854AC002650460BF064FC7A
:10318000B34681463746B0464146284616AA00F067
:103190008BFB0346002840D1012E67D10A9B30AA41
:1031A00002EB830353F8540C0BF04EFCA268064666
:1031B00039462846183200F077FB056828460BF0A0
:1031C00043FC864205D0821B92B22046A9190CF01E
:1031D0003AFAA068B0F85630034493F85C30202BDC
:1031E00033D0093B042B30D9D0F87C32DF0731D4FF
:1031F0002021204600F044FD0BE0013900200CABFB
:10320000009301900AAB1BAA0BF06FFF0546002844
:10321000ACD160690BF0C0FDA6E61B684A4651467A
:10322000184603930FF0D8FD60B9039B1846FCF7CE
:1032300063FF584538BF5846002E08BF47461FFA5F
:1032400080FB013608F101089EE7012120460CF0C1
:1032500099F8DEE700210BF01FFC2021204600F04A
:103260000FFD0121A0680BF017FCD2E70490D0D924
:103270000A9A30AB03EB820252F8543CB946184626
:1032800003930BF0E1FB049BA2680690A2F8403088
:103290000496A26849462846183200F005FB039BB5
:1032A000D0F800A0D4F8088009F10109002B38D02B
:1032B000BAF1000F38D019465046069A0FF08CFD2F
:1032C0000028E6D19B480BF0BFFBB8F83A2000EB92
:1032D0000B0189B2121A92FBF1F2504692B205919B
:1032E00007920BF0B1FB0599079A091A8BB2B8F84F
:1032F00040100593481CA8F84000B1FBF2F002FB17
:10330000101189B200295DD106212046894B8A4AD5
:10331000CDF800A00CF050F92046059900F04EFBC6
:1033200005E0BAF1000FCDD10023A8F84030049B8E
:10333000013B0493ADD16069FFF730FC204600F0FB
:10334000D7FC0A9B30AA02EB830353F8540C0BF012
:103350007BFB394611AA8046284600F0A5FA07F102
:1033600001090746A0683968FF2200F5AE700FF02A
:1033700045FD3B684FF6FF77BA460393494628461A
:1033800016AA09F1010B00F08FFA10B30022A16810
:10339000036801F25B1111F801EF985C704503D1ED
:1033A00010B101325245F6D1B8F1000F01D04245BB
:1033B00006DBBA42A8BF3A46013E012E97B208D0BA
:1033C000D946DBE75346062120465C4A0CF0F4F868
:1033D000A2E7002F3FF41DAF0399A7EB0802204698
:1033E00092B241440CF02FF913E7A068D0F87C3278
:1033F0009E077FF50EAF01210BF043FB20460CF03A
:1034000043F906E7A068D0F87C329D077FF501AF4D
:1034100001210BF036FBA368D3F87C321807EDD4FA
:1034200020460CF012F9F4E620460CF023F8F0E602
:1034300020460CF016F820460BF059FF10B96069D1
:10344000FFF7ACFB0121A0680BF01BFBA3689A7D82
:10345000012A02D103229A75DBE62046FFF758FDC8
:10346000D7E620460CF00FF8D3E620460CF016F80D
:10347000CFE6D2F87C329F0603D5314960690BF064
:10348000D6FAA368D3F87C329E0603D52D4960692D
:103490000BF0CDFA204600F02BFCBAE600212046C6
:1034A000FFF7DEFCB5E60121F9E7E06983681B79E7
:1034B000012B02D10CF0F3F9ABE6022B7FF4A9AE9D
:1034C0002146126D0CF0D4F9A3E620460BF0C2FFA2
:1034D00020460BF08BFA0121A0680BF0D2FAA3680A
:1034E000D3F87C329D067FF594AE174960690BF0E6
:1034F0009EFA8EE6204600F0F1FA0121A0680BF05A
:10350000C0FA86E65B2B02D10223537581E6D2F81E
:103510007C22900706D5622B07D14FF0FF31204661
:103520000BF059FF0022A368D9E5662BFAD10121DF
:10353000F5E700BFA645010C2B51010CB34B010C64
:103540001D38010C2238010C1838010C002151756E
:10355000A268D2F87C1289077FF506AD313B1B2BA0
:103560003FF657AE01A151F823F000BFE935000C3A
:10357000F535000C0936000CDD35000C1332000C5B
:103580001332000C1332000C1332000C1332000CF7
:103590001332000C1332000C1332000C1332000CE7
:1035A0001332000C1332000C1332000CA734000C41
:1035B0009D34000C6334000C2934000C1332000CD1
:1035C000E135000C1332000CED35000C1332000C09
:1035D0001332000C1332000CF935000C0323537521
:1035E00020460BF03EFF14E60323537520460BF0F4
:1035F00031FF0EE603235375A068D0F87C1201F06A
:10360000010181F001012EE603235375A368D3F86D
:103610007C329B077FF5FDAD02E7002375E70029AB
:103620007FF4A0ADA0E500297FF4E8AD9CE500BFE4
:10363000F7B504468068154600F52070002937D09C
:103640004FF480410BF0DDF9A36800211D6560682F
:1036500003689B68984780BB20460BF098FA60BBD4
:103660004FF0FF364FF0FF37A06800F521700022C1
:103670000721CDE900670FF05AFBA0680BF0EEF9C7
:10368000042120460E4A0BF066FA012120460D4A1D
:103690000BF061FA204602210B4A0BF05CFA6068DD
:1036A00003685B6903B19847A0680BF0D3F9DBE7C7
:1036B0006FF480410BF0B0F9C6E703B0F0BD00BF76
:1036C000492B000C25EB000CB7EA000C10B50446A2
:1036D0000A490BF0EBFA204609490BF0E7FA2046BD
:1036E00008490BF0E3FA204607490BF0DFFA2046C1
:1036F0000021064A00F03EFB002010BD3151010CB4
:103700006F51010CCE51010C2252010CBD52010C23
:10371000F8B516460A46214904461F4600250BF017
:10372000C5FAAF420ED92046725D1D490BF0BEFAB4
:103730000135102D0BD06A07F3D1204619490BF043
:10374000B5FAEEE7204618490BF0B0FAF0E720464C
:1037500016490BF0ABFA0025BD4213D2725D20462C
:10376000A2F120035F2B28BF2E2211490BF09EFAF5
:103770000135102D0BD06B07EED1204609490BF017
:1037800095FAE9E7204607490BF090FAF0E7204662
:10379000BDE8F84007490BF089BA00BFD352010CCD
:1037A0009F45010CA745010CA545010CA945010C3D
:1037B000FA52010CDA52010C2DE9F04104468068FE
:1037C0008846D0F8A06215461F4688B0002E50D11A
:1037D0004FF42A7231460FF0DAFAA06800F5217032
:1037E0000FF099FAA06800F52470012211460EF03E
:1037F00047FFA3694FF400711E60A06866F382055D
:1038000000F520700BF0FDF85022A36820465A877F
:103810001822A3681A8721680BF072FAA368414640
:10382000C3F87C526068144A03681D682346A847A1
:103830000546D0B90122A3681A75D4E90A0100220D
:103840000023CDE906230E2303930E9B4FF4006261
:10385000CDE901730495094B009408F0D3FDA368EA
:10386000C3F8A002616A08F0A5FC284608B0BDE8CC
:10387000F0816FF07705F8E711EB000C3136000CA2
:1038800010B5044613460A460146064801F0A2FC5C
:1038900023691B7923B12046BDE810400BF07CBAA8
:1038A00010BD00BFB1ED000C38B50B46154648B948
:1038B0001449154A521AB3EB920F05D251F823500E
:1038C000284638BD84680CB90025F9E70F4A9442B0
:1038D0000AD30F4A944207D21846294622689047D5
:1038E0002B68002BECD1EFE70A4A944202D30A4A34
:1038F000944205D3246814225343E518E358F0E7B3
:103900000133F8E78C36010CC036010CD837010CB6
:10391000F437010CC036010CD837010CF7B5037829
:1039200004462D2B154605D16FF0150300202B60A2
:1039300003B0F0BD01F00EFA002306460A4F0A4616
:10394000C35101A9204609F059FDF359222B02D198
:103950006FF02103EAE7002BE6D1019BA342E3D0FD
:103960001B78002BE4D0DFE70C0000008368D3F85D
:103970007C329B0603D5024940690BF099BC704725
:103980002838010C01490BF093BC00BF0749010C1A
:103990000A1E0DDC0ED042238168D1F87C12890604
:1039A00008D5002A04494069B8BF52420BF080BCD8
:1039B0004123F1E7704700BFF652010C0A1E0DDCEF
:1039C0000ED044238168D1F87C12890608D5002ADC
:1039D00004494069B8BF52420BF06ABC4323F1E787
:1039E000704700BFF652010C2DE9F0478468054688
:1039F00004F15C00FCF780FB0022914694F83C80C7
:103A000087B2668FA6EB0806BE4209DB002F21DDD8
:103A10005C32686922441049BDE8F0470BF048BCAD
:103A20001644344494F85CA084F85C90AB685C3233
:103A30001A440A4968690BF03BFCAB6832463344D0
:103A400083F85CA0AC68638FA3EB0803FF1A4FF008
:103A50000008D6E7BDE8F087B34B010CE647010C40
:103A600008290A4617D8836893F83E10914212D06D
:103A700083F83E208368082AD3F87C3205D0990663
:103A800009D5054940690BF013BC9B0603D50349D2
:103A900040690BF00DBC7047FD52010C2D38010C34
:103AA00038B50D4609780446FFF7DAFF6A78072A29
:103AB00011D8A36893F83F1091420CD083F83F20AF
:103AC000A368D3F87C329B0605D560690249BDE83E
:103AD00038400BF0EDBB38BD0653010CF8B58368D8
:103AE0000446B3F85420002A55D0B3F856100029E4
:103AF00051D05B3103F15C050B441846A84206D354
:103B0000014611F80169202E3CD0A8423CD286B271
:103B10009DB2AB1B9BB2591C471CD21A01443846BC
:103B20000FF01CF9A268711BB2F85430204613FA4A
:103B300081F3A2F85430A36809B2B3F854201344B7
:103B4000002283F85C200BF01DFCA368D3F87C32C4
:103B50009A0603D5104960690BF0AAFB3B46082181
:103B600020460E4A0BF028FD2046FFF7FFFEA36813
:103B7000D3F87C329B060ED560690949BDE8F84050
:103B80000BF096BB0846B9E7014611F80169202EF3
:103B9000BDD00846B9E7F8BD3238010CB34B010C73
:103BA0003638010C2DE9F04704460F4690460AB11D
:103BB000FFF7DCFEA668D6F87C32B6F856505B07F5
:103BC00023D505F15C003044FCF796FA0546B5B9FB
:103BD000A368B3F85420A3F85620A0680BF075FB37
:103BE00030B1B8F1000F00D017B16069FFF7CAFE1D
:103BF00079422046BDE8F04709B20BF0C3BB1D492E
:103C000060690BF055FB013DE1E73046FCF774FAC3
:103C1000B6F85490738F19FA80F915FA80F0B0FB5A
:103C2000F3F2B9FBF3F39A42AA461AD04845A368C7
:103C3000CEDA5A8F451CB0FBF2F302FB130313B923
:103C40006069FFF79FFEA36820465344082193F85C
:103C50005C30094A0AF101060BF0AEFCB246284678
:103C6000E4E75C3508212046044A73190BF0A4FCF4
:103C7000AEE700BFB95D010CFA52010CB34B010C69
:103C800013B583688DF80710D3F87C220446D0075B
:103C900025D5B3F85610B3F854208A421FD0481CDB
:103CA0009DF80720A3F856000B4483F85C20A36816
:103CB000D3F87C12890710D5D3F87C32606913F0F1
:103CC000040F18BF2A2209490BF0F2FA20460BF024
:103CD0000EFB10B16069FFF755FE02B010BD012266
:103CE00020460DF107010BF074FCF6E7FA52010CC7
:103CF00010B5836804469A7D1AB90221084A0BF070
:103D00005BFCA368D3F87C329B0707D52046FFF7FE
:103D10006BFE2046BDE810400BF00FBB10BD00BF8E
:103D2000B34B010C01490BF036BE00BF0749010C33
:103D3000F8B50F465168054616461C4611B11A469D
:103D40000BF036FEB3688BB121462846FFF736FEEE
:103D50000821074A3B4628460BF02EFCB168E21DBD
:103D600021B12846BDE8F8400BF022BEF8BD00BFE7
:103D70000F53010C2DE9F0430E460021044617466F
:103D80000D4689B0304603AA01F10108FFF78CFD0A
:103D900088B96DB127B13A46082120460BF00CFCDA
:103DA0000021304603AA01F10108FFF77DFD60B94B
:103DB00009B0BDE8F083006810B1FCF79DF980B24E
:103DC000854238BF05464146DCE7D0F80090B9F19E
:103DD000000F0FD099F8003063B1476808212046E2
:103DE000CDE90059104B114A0BF0E6FB27B9606989
:103DF000FFF798FF4146D4E70B4B204608210C4AB9
:103E00000BF0DAFB38460BF0B4FDAB1D9BB228B1CA
:103E10003A4649462046FFF78BFFEBE71A463946FC
:103E200020460BF0C5FDE5E7DD7D010C1A53010CC2
:103E30009A45010CF7B50F6805460E46D7B13846CE
:103E4000FCF75AF984B2114B082128460093104A16
:103E50003B460BF0B1FB716808460BF08AFDE31C92
:103E60009BB248B10A462846316803B0BDE8F0402D
:103E7000FFF75EBF3C46E6E731B11A46284603B07D
:103E8000BDE8F0400BF094BD03B0F0BDD97D010C4E
:103E90002C51010C10B507490446FCF71BF938B149
:103EA00020460549FCF716F9B0FA80F0400910BD2C
:103EB0000120FCE72153010C2453010C10B5836849
:103EC0000446D3F87C329B0603D5064940690BF0C3
:103ED000DBFD5022A36800205A871822A3681A87A6
:103EE00010BD00BF3A38010C08B5836902491A6851
:103EF0000AF0DCFE002008BD2B53010CF7B50C497D
:103F000005460AF0D3FE00220A4C0B4EB44202F1E1
:103F1000010702D3002003B0F0BD636A92B20093A0
:103F2000A368284605490AF0C1FE30343A46EDE759
:103F30003B53010C5C36010C8C36010C5353010CC5
:103F400008B502490AF0DCFE002008BD0849010C52
:103F500037B504460025A2680DF106030121E0688B
:103F600002F5AE720BF00EFEBDF80600A36840B17C
:103F70002A462046054903F5AE730AF097FE01353F
:103F8000E9E783F85C0103B030BD00BF6453010C66
:103F900010B504460AF0EDFE0349024620460AF039
:103FA00085FE002010BD00BF0F6A010C022907B575
:103FB0000BD153680C49009312680C4B0AF092FE27
:103FC0006FF0150003B05DF804FB8368084AD3F86E
:103FD0007C32084913F0020F074B18BF1A460AF04B
:103FE00065FE0020EEE700BF8353010C6E53010C09
:103FF000C57A010C8C53010C6B72010C10B58368EF
:104000000446D3F87C329A0603D5074940690BF081
:104010003BFDA368D3F87C329B0603D50349606956
:104020000BF032FD002010BD4138010C4638010C68
:10403000F0B50129044685B00BD053685C49009364
:1040400012685C4B0AF04EFE6FF01505284605B06D
:10405000F0BD8368D3F87C329A0603D5564940698F
:104060000BF012FD00256FF0F9012046FFF790FCE0
:10407000FA212046FFF7A2FCA0684FF4807229467F
:1040800000F5AE708DF80B500EF081FE4B49606963
:104090000BF0FAFC60690AF07FFE4FF47A766068F4
:1040A000012203680DF10B011F6903ABB847039BA5
:1040B00053B9013E4FF47A70B6B20EF00FF9002EEC
:1040C000EDD16FF0850535E09DF80B20A3681B2A24
:1040D00061D093F85C111B29E1D1522A5BD15A19A6
:1040E000002382F85C31A66896F85D215B2A39D1FD
:1040F000022006F25D1515F8011F02463B2900F16A
:10410000010080B231D1FF2ADBD002F5AE7216FA7F
:1041100082F1002211F8015F002D30D1FA2A28BF68
:10412000FA22FA2B28BFFA2386F85C51A1684A8745
:10413000A2681387A368D3F87C329B0603D5204975
:1041400060690BF0A1FC002D80D05022A3682046AE
:104150005A871822A3681B491A870AF0B5FD6FF029
:10416000070573E786F85C31ABE703EB830330396F
:1041700001EB4301B0F5807F8BB2BCD1A1E70130E8
:1041800002EB820280B2303D05EB4205B0F5807F44
:10419000AAB2BFD195E72B440135ADB2092D83F802
:1041A0005C217FF67CAF0022A36883F85C2188E75E
:1041B0008353010C6E53010C4C38010CE07D010C53
:1041C0005038010C9D53010C2DE9F04F0746154660
:1041D000894689B021B110460BF04FFD00285BD114
:1041E000032455E05C463CE029460AF5AE700EF02B
:1041F00024FE0646002854D0FBF77EFF82B2601CE6
:104200003146013230440EF0A9FD2246594630466F
:104210000EF097FD4FF020033355BAF8583008F1EF
:10422000010801331C44AAF85840002401994B1C92
:10423000484603AA0193FFF737FB0646E8B1002280
:10424000284631680BF0C1FD0028EFD1D6F800B048
:10425000D7F808A0BBF1000FC4D05846FBF74CFFBD
:1042600084B2BAF858302344FF2BBDDD2B4603211E
:1042700038460D4A0BF0A0F90124B8F1000F07D021
:10428000B8682A4600F1580100F5AE700AF0DBFE6E
:10429000204609B0BDE8F08F4FF0000802244146E7
:1042A000C5E70224E9E700BF8858010C08B50348B8
:1042B000034A0021121A0BF025FD08BD88050020D5
:1042C000681E0020074808B5074A0849121A0BF073
:1042D0001BFDBDE808400648064A0749121A0BF0C4
:1042E00013BD00BF0000002084050020B07F010C3A
:1042F0000000002000000020B07F010C2DE9F843F1
:1043000005460C4600AF002948D0DFF8B890D9F830
:1043100000305A0742D0D1E900016E468AB06A46A1
:10432000A3684FF00508DFF8A0C0CDE90713CDE979
:1043300005C042F8108F00234FF421514846FDF785
:1043400085FAD9F80030B5465B0727D0D4E90301D8
:104350008AB06A466369DFF874C0CDE90713CDE916
:1043600005C042F8108F002348464FF42151FDF755
:104370006DFAD9F80030B54658070FD0E36901212E
:104380004846134A0AF037FAD9F80030590705D0E1
:10439000A369012148460F4A0AF02DFA012D0AD1DE
:1043A000EFF3058307480268520704D00A4A2946FA
:1043B000103B0AF020FA2146284607F007F9BD46CF
:1043C000BDE8F883EC030020DA58010C0959010C10
:1043D0003859010C4759010C7559010C30BFFFF7D2
:1043E000FDBF00BF2DE9F04105460B4EDFF82C80E4
:1043F000324606EB0807CC1B204609490EF0A1FC0B
:10440000A01942460021083C0EF0C1FCC5F8AC40A2
:1044100007F10800BDE8F08100000000080000007E
:10442000F437010C10B5334C2368580703D03249D8
:1044300020460BF076FC314B9B6A990157D52368D7
:104440005A0703D02E492B480BF06BFC1E202B4B38
:104450009B6ADB0107D52368580703D02949254803
:104460000BF05FFC1F20254B9B6AD90207D5236800
:104470005A0703D024491F480BF053FC20201F4B40
:104480009B6A1B0307D52368580703D01F491948A7
:104490000BF047FC2120194B9B6A590307D5236871
:1044A0005A0703D01A4913480BF03BFC2220134B48
:1044B0009B6A9B0307D52368590703D015490D480C
:1044C0000BF02FFC23200D4B9B6ADA0307D52368E2
:1044D0005B0703D0104907480BF023FC2420074A50
:1044E000936A6FEA03436FEA1343936210BD1D2082
:1044F000ADE700BFEC0300208859010C00ED00E09F
:10450000A059010CB359010CCD59010CF759010CFC
:10451000155A010C3A5A010C545A010CF8B5364C94
:10452000064623680D465B0703D0344920460BF04E
:10453000F8FB334B9B6ADF065CD52368580703D032
:1045400030492D480BF0EDFB11202D4B9B6A1907CC
:1045500007D523685A0703D02B4927480BF0E1FB06
:104560001220274FBB6A9B0719D52368580703D031
:10457000264921480BF0D5FB7B6BBA6A11060DD595
:104580002268520704D00121214A1B480AF033F95E
:1045900026B11B4A936A23F0800393621320184BC1
:1045A0009B6ADB0707D523685F0703D019491248C8
:1045B0000BF0B7FB1420124B9B6A9E0607D52368AD
:1045C000580703D014490C480BF0ABFB15200C4BDB
:1045D0009A6AD10658BF9A6A9A6A920642BF5A6A84
:1045E00022F400525A629A6A42F0FF029A62002351
:1045F0002B70F8BD1020A8E7EC0300207F5A010CB7
:1046000000ED00E0955A010CC85A010CDB5A010C70
:10461000F35A010C095B010C285B010CF8B5374C0F
:10462000064623680D465B0703D0354920460BF04C
:1046300078FB344B9B6ADF0451D52368580703D0BD
:1046400031492E480BF06DFB17202E4B9B6A190544
:1046500007D523685A0703D02C4928480BF061FB83
:104660001820284FBB6A9B0519D52368580703D02B
:10467000274922480BF055FBBB6BBA6A11040DD5D4
:104680002268520704D00121224A1C480AF0B3F8DC
:1046900026B11C4A936A23F4004393621920194BF4
:1046A0009B6A5B0507D523685F0703D01A49134847
:1046B0000BF037FB1A20134B9A6AD60511D52368E5
:1046C000590703D015490D480BF02BFB1B200D4A51
:1046D000936A43F47F43936200232B70F8BD162046
:1046E000B3E79B6A9A04F2D523685B0703D00C49B1
:1046F00002480BF016FB1C20E9E700BFEC0300208A
:10470000575B010C00ED00E06D5B010CC85A010C19
:104710007E5B010C975B010CAC5B010CC75B010C71
:10472000285B010C38B53D4C2368580703D03C4941
:1047300020460BF0F6FA3B4DD5F8E830D5F8E420EA
:10474000510607D52268520704D00121364A334862
:104750000AF051F8D5F8E430DB070FD52368580785
:1047600003D032492D480BF0DCFA26202D4AD2F82E
:10477000E43043F0FF03C2F8E43038BDD5F8E4304C
:10478000990708D523685A0703D0294923480BF015
:10479000C8FA2720EAE7D5F8E4305B0708D5236894
:1047A000580703D023491D480BF0BBFA2820DDE74A
:1047B000D5F8E430190708D523685A0703D01E49F5
:1047C00016480BF0AEFA2920D0E7D5F8E430DB0626
:1047D00008D523685C0703D0184910480BF0A1FAEC
:1047E0002A20C3E7D5F8E430980608D5236859078E
:1047F00003D0134909480BF094FA2B20B6E7D5F8FB
:10480000E4301A0608D523685B0703D00D49034836
:104810000BF087FA2C20A9E72520A7E7EC0300205E
:10482000DF5B010C00ED00E0F85B010C085C010CA3
:104830001E5C010C3C5C010C575C010C745C010CAF
:10484000895C010CA35C010C2DE9F0418AB0854B19
:1048500000AFD3F804800023C8F3080683F311885F
:10486000BFF36F8F02F07F44B4F17F4F34D112F069
:10487000010532D012F0400502F0080403D044BB19
:104880000446012515E0530758BF0146764A0B68D8
:1048900076481A4458BF0125012A026898BF0B6C5C
:1048A000520703D00121724A09F0A5FF74B1EFF35A
:1048B00089840023FB71F31E092B00F2AE80DFE830
:1048C00003F00E9FA2949BACACACACA5EFF3888434
:1048D000EFE70C461D46ECE71D462C46E9E7634E24
:1048E00033685B0703D0634930460BF01AFA0023A4
:1048F000FB715C4BDA6A900708D53368590703D01F
:104900005D495A480BF00DFA002337E0DA6A002AB5
:1049100004DA33685A07F7D05849F2E7DB6A5B00DC
:10492000F2D53368580703D0554950480BF0F9F9D0
:104930004C4BA1695A6942F480725A61BFF34F8FA0
:10494000BFF36F8F31F8022C596921F480715961DE
:10495000BFF34F8FBFF36F8F02F47F41B1F55F4F0D
:104960002ED1D2B2022A2BD13368590705D0236841
:104970000121444A3D4809F03EFF2368FA79DAB93B
:1049800007F1080604F1200C3246206861680834FB
:1049900003C264451646F7D17A6A002D5ED0C2F391
:1049A000080121B96FEA52226FEA42227A62184660
:1049B00007F10801FFF7A2FC2837BD46BDE8F081EA
:1049C0009A6AD2B222B10120F91DFFF7A7FD15E0C6
:1049D0009A6A12F47F4F04D00120F91DFFF71EFEE2
:1049E0000CE09A6AB2F5803F02D3FFF71BFD05E0A9
:1049F000D3F8E430002B87D0FFF794FE0346BDE7E1
:104A00000020F91DE1E70020F91DE7E717480368DA
:104A10005A073FF479AF1C4974E7144803685B07F1
:104A20003FF472AF194A18F4F87FE8468AB0184B81
:104A300008BF13466A461749103ECDE905134FF4E7
:104A40000073ADF82030144B079642F8103F002356
:104A50004FF41151FCF7FAFEC54655E76FF3080213
:104A6000A4E700BF00ED00E0A6ED0501EC03002087
:104A7000E45C010C035D010C1A5D010C3B5D010C53
:104A8000495D010C685D010C845D010CB65C010C94
:104A9000CB5C010CA85D010C04000001044B5A69B9
:104AA00042F010025A615A6922F008025A617047B6
:104AB00000ED00E0EFF30880EFF3098101B57246E5
:104AC000FFF7C2FE01BD00BF0E4880F3088820201A
:104AD00080F311880C484FF0AA014FF400620BF0EC
:104AE00011F909484FF40061401880F30988EFF389
:104AF00014800221084380F31488BFF36F8F00F005
:104B00005DF80000A8400020683300201EF0040F6C
:104B10000CBFEFF30880EFF30980816911F8021CE4
:104B20000229FFD001B572460BF0F0F801BD00BFBD
:104B300000B2002807DB01234109034A00F01F00EF
:104B4000834042F82130704700E100E000B20028C5
:104B50000CDB01220649430900F01F00824020338C
:104B600041F82320BFF34F8FBFF36F8F704700BF13
:104B700000E100E000B2002801F10101ACBF00F14A
:104B80006040064B4FEA4111C9B2ABBF00F561402E
:104B900000F00F0080F800131954704714ED00E086
:104BA000044B054A23F07F039360BFF34F8FBFF39D
:104BB0006F8F70470000000800ED00E008B5FFF7B8
:104BC000EFFF0B4AD2F8883023F47003C2F8883024
:104BD000EFF3148323F0040383F31488BFF36F8F80
:104BE000FFF764FBFFF76EFB00F096F806F028FE77
:104BF00000ED00E042F8203C009B0B4942F81C3CD1
:104C0000019B21F0010142F8183C029B42F8081C6C
:104C100042F8143C4FF0807342F8043C0023203AE1
:104C20000265C0F8B0307047210E000C00B50C4B87
:104C300015469860D0F8AC200A4B0E461A602C46F8
:104C400086F309880020044B984720460021002263
:104C50000023024C2047000039FD000C210E000CFF
:104C6000041A0020381700201022014B1A617047E7
:104C700000ED00E0054B5A699B689A421FBF044A49
:104C8000536843F080535360704700BF041A0020FC
:104C900000ED00E0084B9B6883420BD1EFF30583E6
:104CA00043B1064B5A6842F080525A605A6A22F465
:104CB00000425A620DF0BEBD041A002000ED00E073
:104CC00012498A684FF030001044EFF3098C80E8F5
:104CD000F01F202080F31288BFF36F8F0C4F4FF02E
:104CE00000664A698A603E60D2F8AC00094C2060D8
:104CF000D2F8B0000023C2F8B03080F3118802F17E
:104D0000300090E8F01F8CF309887047041A0020E7
:104D100004ED00E038170020002320210348C218CA
:104D200001339E2B82F80013F9D1704700E100E0B7
:104D300008B5EFF30583064A103B02EBC30152F8B6
:104D4000330049688847BDE80840FFF793BF00BFBC
:104D50001430010C0148006870470000381700202B
:104D60001FB50121094B0A4A0A4800F01BF900232C
:104D7000064A0393084B0121019301A8D31A029319
:104D800000F01AF905B05DF804FB00BF0000082030
:104D9000000000200C3D010C880500200A7A0B68F9
:104DA00010B562F304031C46CB68520923F01F03BD
:104DB00043EA4203044A43F00103C2F89800C2F8F0
:104DC0009C40C2F8A03010BD00ED00E010B50C4BC7
:104DD0000446D3F89030C3F30723013B98420BD924
:104DE000084803685B0704D001212346064A09F0FE
:104DF00002FD6FF0150010BDFFF7D0FFFBE700BF0D
:104E000000ED00E0E0030020BF5D010C2DE9F04F54
:104E10008946144606464FF00008534D85B0C845F4
:104E20002EDAD6F804A0BAF1000F4BD0BAF11F0F5A
:104E30001BD91AF01F0F18D1D6F800B01BF01F0FA6
:104E400013D158460AF08CFF07460AEB0B000138D5
:104E50000AF086FF874217D06FF0150743480368B2
:104E60005B070BD0424A3B4605E0404803685A07BF
:104E700004D043463F4A012109F0BDFC6FF0150400
:104E8000204605B0BDE8F08F17F1160FE6D0BC4202
:104E9000E4DDC5F89870D5F89C10C5F89870D5F881
:104EA000A03021F01F0143F01F0BD6E900321A4455
:104EB000994202F1FF3A1AD1D34507D13146F8B2EF
:104EC0000AF057FF08F101080C36A8E73146C5F88B
:104ED0009870D5F89C30E0B263F30402C5F89C20CA
:104EE0000AF047FF10F1160FC8D0441CEAE7C5F8D6
:104EF0009870D5F8A020013B23F01F0302F01F0299
:104F00001343D3453146E0B2C5F8A030E8D00AF0EB
:104F100030FF10F1160FB1D0C5F89870D5F89C206D
:104F20009DF808300BF1FF3B62F304038DF8083065
:104F3000D5F8A0309DF808205B0863F347128DF880
:104F40000820D6E900321344009323F01F035B448A
:104F5000A3EB0A03013023F01F036946C0B2039399
:104F6000FFF734FFBEE700BF00ED00E0E0030020E4
:104F70000B5E010CE55D010C0522044BC3F8942087
:104F8000BFF34F8FBFF36F8F704700BF00ED00E09E
:104F9000BFF35F8F0022024BC3F89420704700BF1D
:104FA00000ED00E010B5034C2278FFF72FFF2070D2
:104FB00010BD00BF611A00202DE9F74F294D8A4628
:104FC00006464FF00008AB46274FD0451BDAD6F80F
:104FD0000490B9F1000F3FD03168084601910AF002
:104FE000BFFE0199044609EB010001380AF0B8FE42
:104FF00084424FF014021D4B08D002FB08F36FF0FF
:1050000015024BF8032003B0BDE8F08F14F1160F22
:105010002C60F8D01978A142F5DD02FB08B0C7F882
:105020009840C7F89840D7F89C4000F10801007BF1
:1050300064F304000871D7F8A0000C79400860F30D
:1050400047140C71D7F89C1021F01F016960D7F844
:10505000A01021F01F01296108F1010814350C3658
:10506000B3E700BF3C17002000ED00E0611A00200C
:10507000F0B55349534DD1F890302C68C3F3072352
:105080009C4287B000F299800020FFF781FF4E4BD1
:10509000C1F8C030844216D14C4D01A82C70FCF7E9
:1050A00057FE002607464A4CB74213D100202B7802
:1050B0004349D1F89020C2F30722934277DBFFF7F0
:1050C0005BFF002046E0696801EB0011FFF766FE18
:1050D0000130DFE70199300101EB0613DA68224065
:1050E000B2F1807F52D00AD8B2F5001F34D0B2F5A9
:1050F000800F3ED0B2F5801F12D00136D4E7B2F156
:10510000006F43D0B2F1805FF7D15A689B680958AD
:10511000013B22F01F00034423F01F03012032E073
:105120005A689B680958013B22F01F000344012084
:10513000844623F01F0340EA4C10CDE902218DF88C
:10514000100002A928780593FFF740FE00282ADA0C
:105150006FF0150007B0F0BD5A689B680958013B15
:1051600022F01F0003444FF0020C012023F01F0324
:10517000E1E75A689B680958013B22F01F0003448D
:10518000062023F01F034FF0000CD4E75A689B68F9
:105190000958013B22F01F0003444FF0030C01208B
:1051A00023F01F03C7E72B7801332B70A5E7C1F865
:1051B0009830C1F8A00001337BE74FF0FF30C9E71A
:1051C00000ED00E0183D010CAAFF4400611A002028
:1051D0000000F0FFF0B587B007460E4614460021E8
:1051E000102268461D460DF0D2FD02238DF80230D4
:1051F000054B2A4621466846CDE90476019308F01E
:10520000EFF907B0F0BD00BFA5FD000C08B5024BDB
:105210001B689847002008BD50170020034B044A24
:105220001860937843F00203937070475017002082
:105230007800002008B50649064821F00701C1F1B1
:10524000005202F5002208F02EFE002008BD00BF2B
:10525000E7570020541700202DE9F04F91B01D466C
:105260001A9B06460C469346002B00F04B82B14633
:10527000294619F8010B0AF0A0FD024620780AF031
:105280009CFD3F2A07465FFA80F821D006DC92B1E8
:105290002A2A32D0D2B242452DD01EE05B2A7DD0E0
:1052A0005C2AF7D1EB07F6D470780AF086FD06F198
:1052B0000209C2B2EFE7E80602D5B8F12F0F03D01A
:1052C000B8F1000218BF0122104611B0BDE8F08FFE
:1052D00018B12F2803D1A9070DD50122F4E72E28F4
:1052E00009D16A0707D55C45F7D0AB0703D514F899
:1052F000013C2F2BF1D001342CE070780AF05DFDD9
:10530000C1B22A2918D02E2F09D16F0707D55C45C5
:10531000E3D0AE0703D514F8013C2F2BDDD079B9CB
:1053200015F00202D0D0ED0600F1EE812F212046CB
:105330000DF045FD021EC5E7294619F8010FDDE70E
:105340002F2909D1A80707D520460DF038FD0446BE
:105350000028C2D04E468AE71A9B05F0020A5F1E5B
:105360002646B8F1000FB8D05A462B46214648468B
:105370000097FFF771FF02460028A5D02946307834
:105380000AF01BFD2F2804F1010404D1BAF1000F2B
:10539000A3D12646E8E75FFA80F8E1E700289CD031
:1053A0002F2848D1AA0798D47378212B01D05E2BDF
:1053B0004FD1B31C059301232946384606930AF0C2
:1053C000FCFCC3B20493A0F14103192B099394BFD1
:1053D000002301230F93A0F120035E2B94BF002331
:1053E00001230E93A0F16103192B089394BF0023AE
:1053F00001230D93A0F121035D2B0B9394BF002398
:1054000001230C93A0F13003092B079394BF0023D1
:105410000123064600220A93059B0393039B1B78F6
:105420005D2B1ED1059B03998B4222D2069B01F175
:10543000010993425EE72E28B6D16B07B4D55C45CF
:105440003FF44BAFA807AFD514F8013C2F2BABD1DD
:1054500043E70023CDF81490AEE70122CDF80CA06D
:10546000DCE7002B00F04C812F2B38D1A9073FF54A
:1054700034AFDDF80CA029461AF8010B0AF09DFCA8
:105480000399C3B249782D2940F034810399897872
:10549000002900F02F815D2900F02C8103985C2900
:1054A00000F1020A04D1E9075CBF014601F1030AD9
:1054B00029461AF8010B03930AF07FFC002800F03C
:1054C0001F8115F0080F039B40F00E810499C0B2B4
:1054D0009942C3D3814298BF42F00102BEE70399CB
:1054E0005C2B497805D1EB07C3D4039B01330393AD
:1054F000BFE75B2BBDD13A29BBD10020039B991C90
:1055000003468A4611F801CBBCF1000F46D17F4912
:105510007F4FBB4208BF884200F0DB80814277EBBF
:1055200003015AD36FF4817C7A49A7F510276744A9
:10553000BB4208BF884200F0BA80814277EB03018A
:1055400037D37549A7F50037A7F50177BB4208BFE8
:10555000884200F09A8001F1C16107F57F4701F5AB
:105560000031F137BB4208BF884200F09880DFF875
:10557000ACC101F1E06101F50031634508BF88422B
:105580007FF477AF26F02003413B192B7FF665AF00
:10559000079B092B98BF42F001025FE711F802EC6C
:1055A000BEF15D0FB3D01B0243EA10634CEA00204A
:1055B000A7E75B495B4FBB4208BF884200F08E8083
:1055C00007F1E047584907F57437F6378B4208BFB3
:1055D000B8427FF44EAF0C9B7CE05449544FBB4221
:1055E00008BF88426BD0814277EB030129D3514930
:1055F000A7F53F37A7F5FC77BB4208BF88426FD0BD
:1056000007F1C6474C4907F5713707F57D778B429F
:1056100008BFB8427FF42DAF0B9B0E2B7FF61DAF5A
:10562000A6F13A03062B7FF618AFA6F15B03052B14
:105630007FF613AFA6F17B03032B98BF42F0010264
:105640000CE732493D4FBB4208BF88424AD06FF455
:10565000E16C07F1F04701F18061A7F5881701F5CA
:1056600000316744BB4208BF88427FF402AF079B0A
:10567000092B7FF6F2AE099B052B7FF6EEAE089B59
:10568000052B98BF42F00102E8E6099B192B7FF633
:10569000E4AE089B192B98BF42F00102DEE6202EF3
:1056A0003FF4DBAE092E08BF42F00102D6E61F2E02
:1056B0007FF7D3AE7F2E08BF42F00102CEE6202E48
:1056C0003FF4CBAEA6F10903042B98BF42F00102D0
:1056D000C4E60D9B83F001031A43BFE60A9BF9E77A
:1056E0000E9BF7E70F9BF5E7A0F14101192998BF41
:1056F0002030EBE60499994208BF42F00102ADE682
:105700005B22C8E50322DFE50A46DDE55D3A726506
:10571000776F6C005D3A6C725D3A61686E6C610027
:105720005D3A746967696400617267005D3A656338
:10573000617073005D3A746E6E7570007070750004
:105740000268064B1A604268054B1A608268054B76
:105750001A600269044B1A60704700BF6817002086
:1057600064170020601700206C17002070B5416995
:105770000446867A0A4D59B1437ADB0706D42423BE
:1057800003FB0653DB691B689B6898470023636132
:105790002420214600FB0650BDE870400CF062BF9B
:1057A000B40400202422024B02FB0030704700BFEB
:1057B000B40400202DE9F04385B0054668469046C4
:1057C0001C4603910DF0F2F9DDE90067EFF3118952
:1057D000202383F31288BFF36F8F6B8A002B41D095
:1057E0002A8A9A4225D900220023284606F092FAF6
:1057F0000446F0B189F31188BFF36F8F039B002B30
:1058000041D032463B4668460DF0F5F92421A27A94
:10581000254B204601FB0233DB6903A91B681D6889
:10582000DDE90023A847606170BB2046FFF79EFFBB
:1058300024E0698A4B1E6B8289F31188BFF36F8F56
:105840002B7D2A8A2C6A1B3323F00303521A02FB96
:105850000344154B154AEB1A9B105343A3722B7D3F
:10586000E372CBE789F31188BFF36F8F234642467B
:10587000284606F04FFA04460028BFD100242046EF
:1058800005B0BDE8F0836361012300252381039BFC
:1058900029466382E27A656004F118000DF077FA18
:1058A00063692582E360EAE7B4040020398EE338B7
:1058B00070B524250C4C00B970BD037A4668002BE6
:1058C000FAD0013BDBB20372002BF5D1C360436019
:1058D000837A05FB03439B6913B198473046EAE797
:1058E000FFF744FFFAE700BFB4040020F8B583696E
:1058F00005461B6993F880400AF0B8FAA6070ED453
:105900001B4803685C0703D001211A4A0AF0ACFA6D
:105910006FF08504281D0AF0B0FA2046F8BD95F80E
:105920006C30190701D55A070BD41148036813F0DE
:10593000060F03D00221104A0AF096FA6FF00C0409
:10594000E8E7AE69B7683369A033D3E8AF3F9B0798
:105950000AD53046FB6B98473B6A304698473B6C0C
:10596000044630469847D5E74FF0FF34D2E700BFF2
:1059700024040020545E010C785E010C38B5044606
:1059800007F048F820460AF071FAA06900B394F8CD
:105990006C30DA0711D51948036813F0060F03D0ED
:1059A0000221174A0AF060FA6FF07705201D0AF00D
:1059B00064FA07F043F8284638BD0CF0BEFC50B935
:1059C0000E4803685B0703D001210E4A0AF04CFA27
:1059D0006FF01205EAE7204601F096F80546002828
:1059E000E4D10146242204F128000DF0D0F994F806
:1059F0006C3043F0010384F86C30D7E724040020B6
:105A0000AB5E010CD55E010C70B5044607F002F8E0
:105A100020460AF02BFA94F86C30DD0711D42D489B
:105A2000036813F0060F03D002212B4A0AF01CFA78
:105A30004FF0FF35201D0AF020FA06F0FFFF284640
:105A400070BD9807C3F340010BD52248036813F0DB
:105A5000060F03D00221214A0AF006FA6FF07705FB
:105A6000E8E7A0690BF0B0FA0646A0690BF02EFB40
:105A7000054640B1174803685A07DBD00121184A90
:105A80000AF0F2F9D6E7A36F4BB1314620460AF08F
:105A9000DCFB0546B8B1A0690BF040FBCAE7A06982
:105AA0000BF0CAFAA0670028EFD10A4803685B0729
:105AB00003D001210B4A0AF0D7F9A0690BF02EFBA5
:105AC0006FF00B05B6E794F86C3043F0020384F8EE
:105AD0006C30AFE724040020F85E010C1E5F010C5F
:105AE000445F010C605F010C38B590F86C300446DF
:105AF00099070CD41948036813F0060F03D002214C
:105B0000174A0AF0B1F96FF07705284638BD0AF058
:105B1000ADF90021204601F0F3F938B10F480368D0
:105B20005A0703D001210F4A0AF09EF9A0690BF031
:105B3000F5FA054638B1094803685B0703D001212F
:105B4000094A0AF091F994F86C30201D23F0020301
:105B500084F86C300AF091F9D7E700BF24040020E4
:105B60007C5F010CA35F010CC15F010C10B5044602
:105B70000AF07CF9204600F0EDFF38B112480368C6
:105B80005A0703D00121114A0AF06EF9A0690BF0FF
:105B9000F3F938B10C4803685B0703D001210C4AC4
:105BA0000AF062F9A06F18B1FFF782FE0023A36725
:105BB00094F86C30201D23F0010384F86C300AF057
:105BC0005CF9002010BD00BF24040020DE5F010C42
:105BD000FC5F010C38B58021044680690BF04FFA58
:105BE000054690B10146204601F0E2FC044650B162
:105BF000074803685B0703D00121064A08F0F2FD5D
:105C00002846FFF755FE204638BD6FF00B04FAE733
:105C1000140400202F60010C38B50446806F0AF090
:105C2000E3F805460AF0DBF82046294601F0C0FCFF
:105C3000044650B1064803685B0703D00121054ABA
:105C400008F0D0FD2846FFF733FE204638BD00BFE0
:105C5000140400205260010C2DE9F04F85B0074676
:105C60008846154699460AF00AF90446B9F1000F2C
:105C700010D038460AF008F9012808D0FFF76AF872
:105C80006FF08502324B1A5005B0BDE8F08FB4FAC0
:105C900084F46409013521463846EAB20AF0EEFA86
:105CA000064648B92B4803685B07E7D001212B461D
:105CB000294A08F0A0FDE1E74568B9F1000F09D0D5
:105CC0002868696801AB03C32A7A01AD1A700723FB
:105CD0008DF8053008F10C0948460AF05FFA2A7879
:105CE0002946824228BF024648460AF093F8D6F871
:105CF0000CA0BAF1000F09D1B8F81010FB8D994231
:105D0000C2D94846C91A0AF0A0F8BDE7DAF804007B
:105D100083681B6B13B9DAF800A0EAE721469847BD
:105D20000028F8D0051F55F804BFBBF1000FF2D0D2
:105D30009BF80060002EEED048460AF02FFAB042E1
:105D400034BF82B23246594648460AF063F8EAE761
:105D50000C000000140400207160010C2DE9F041DA
:105D600090F82830044603F01F03012B0F4600F182
:105D700028062FD0022B18D08BB3204694F8291078
:105D80000AF0FFF8024678B330460AF00FFA1D4DCC
:105D9000002834D113693BB33A4631462046984730
:105DA0000346FEF7D7FF2B5024E0818DC9B201F0E6
:105DB00053FA05460028E0D030460AF0F7F90246CB
:105DC00068688368CAB99B6873B13A463146BDE8D2
:105DD000F0411847818DC9B20AF0F1FAE9E790F86D
:105DE00029100AF005FBE4E7FEF7B4FF6FF0850227
:105DF000044B1A500020BDE8F081DB68E4E7D3686B
:105E0000C9E700BF0C0000002DE9F04F0B7E95B0F4
:105E100033F0800704460D4603920DD09248036884
:105E2000590703D00121914A08F0DCFC6FF0040708
:105E3000384615B0BDE8F08F039A82B10846FFF7E7
:105E400037FD6B7EDA0704D49E07F1D52B7E002B3D
:105E5000EED1204615B0BDE8F04FFFF7DDBE4A7E1B
:105E600000F12809900705D5802B09D12846FFF7B6
:105E70001FFDDDE7910700F04384002B40F04084D4
:105E8000D3073CD52B8A082B1FD1EA682946136813
:105E90000020A3625368C9F8043009F0A9FF054641
:105EA000E8B948460AF082F9E28DF8B93AB32946D2
:105EB000A0690BF0D0F80146002800F06484204669
:105EC00015B0BDE8F04F01F073BB674803685F078A
:105ED00000F0EA83664A012108F084FCE4E36248AA
:105EE00003685E0700F0E083624AF4E73AB11146C6
:105EF00020460AF085FB0546002800F04484FEF7A2
:105F000029FF002394F828705B4E17F0600F83512F
:105F1000C7F3411307D0032B40F0CF81FEF71AFFE0
:105F20006FF0850337E048460AF040F994F82930CD
:105F3000002840F06781013B0A2BEFD801A252F8FC
:105F400023F000BFF560000C1D5F000C7D61000CAC
:105F50001D5F000C715F000C1D5F000C1D5F000CCD
:105F60001D5F000CF35F000C1D5F000C8560000CD2
:105F7000618D7F29D2D8A38D002BCFD1E38D002B4B
:105F8000CCD1F806CAD194F83030022B05D1FEF7F7
:105F9000E1FE4FF0FF33335096E0A069036993F8B8
:105FA00080301A0711D5C9B20AF036F9074678B120
:105FB0002D4803685B0704D0638D01212F4A08F048
:105FC0001AFC002D40F0828032E7012384F839303A
:105FD00094F83030012B0AD1638D43B984F8303006
:105FE000FEF7B8FE3358002B00F098806CE00123D8
:105FF000F4E7204609F043FF628D0146FF2A8DD861
:10600000E38D002B8AD194F82830D80686D194F8F5
:106010003030002BBBD02AB12046D2B20AF054F95E
:106020000028B4D0618D94F838308B42D8D0204607
:10603000C9B200F065FF074650B10B4803685B0723
:10604000BFD0638D01210E4A009708F0DEFBB8E750
:10605000628D0521002A14BF02230123204684F803
:1060600030300AF0F9FABBE7140400209760010C05
:10607000B860010CCF60010C0C000000F160010C55
:106080001361010C07F01F07012F7FF447AFE38D69
:10609000002B7FF443AF628DFF2A3FF63FAFA18D07
:1060A000FF293FF63BAF94F83030022B7FF46FAFFF
:1060B0002046D2B2C9B20AF027FA0746B81C40F00F
:1060C0000181FEF747FE375055B100272846FFF7FC
:1060D000EFFB002F7FF4ACAEFEF73CFE3358EBB184
:1060E00048460AF063F80346A069002B00F04F838E
:1060F000802156E3E38D002B7FF410AF94F830300D
:10610000002B3FF444AF012BA18D02D100297FF475
:106110003EAF17F01F070BD0022F16D0E38D002BD8
:1061200040F0B5822046FFF755FD0028D8D190E613
:1061300000297FF42CAF638D012BEFD194F86C30E4
:1061400061F3C30384F86C30E8E7B4F82A80B8F14F
:10615000000FE3D1CFB23946204601F099FA034649
:10616000FEF7F8FD3350013302D14FF0FF3728E737
:106170004246394620460AF01FF831E7E38D002BEE
:106180007FF4CCAE628DA38D022A5FFA83F811D121
:1061900007F01F0758EA07077FF4C0AE0122A06985
:1061A000190A0AF019F800287FF4B8AE012384F820
:1061B000393015E794F8301000293FF4E8AE012992
:1061C00002D1002B7FF4E3AE17F01F0710D0022F8F
:1061D000A4D1002AA2D14146204601F033FA034659
:1061E000FEF7B8FD33500133BFD001224146C1E76D
:1061F000002B7FF4CCAE012A90D194F86C3043F0A0
:1062000008039FE70A2B3FF689AE01A252F823F05C
:106210003D62000C1D5F000C1D5F000C1D5F000C3B
:106220001D5F000C1D5F000CAF62000C1D5F000CB9
:106230001366000C1D5F000C3D66000CE38D022B05
:106240007FF46CAE94F83030002B3FF4A0AE012BFD
:10625000A18D02D100297FF49AAE17F01F070FD04D
:10626000022F19D0002705F10C08404609F096FFCF
:10627000E38D984216D2FEF76DFD6FF00B038AE6B0
:1062800000297FF484AE94F86C309F0807F0020771
:10629000C3F300131F43E6E72046C9B20AF0D1F961
:1062A0000746E0E73946404609F0C5FD98E6628DAD
:1062B000F9064FEA1223D2B208D029462046FFF74A
:1062C0004DFD0746002F7FF47CAE89E6013B0E2B87
:1062D0003FF624AE01A151F823F000BF1963000C72
:1062E0005563000C6563000C1D5F000C1D5F000C06
:1062F000A964000C6163000C1D5F000C1D5F000CA5
:106300001D5F000C1D5F000C1D5F000C1D5F000C6D
:106310001D5F000C2F65000C05F10C07384609F0D5
:106320003DFF82462046B4F82E8009F0A8FD20B13A
:1063300001287FF4F3AD616F00E0216F002900F0C8
:106340003482D04528BFD0460A78424528BF42460D
:1063500038462FE0002329462046FFF77DFC3FE624
:106360000123F8E70321204609F05CFE804600285F
:106370003FF4D4AD09F00DFFB4F82EB098F8153005
:10638000D8B998F814708DF831308DF83070D8F88D
:10639000103005F10C081B884046ADF8323009F08A
:1063A000FDFE5F4528BF5F4687423A4628BF02464A
:1063B00040460CA909F02EFD12E64FF0000AD8F86D
:1063C00008208DF81D30BA4B8DF81CA01340B94A37
:1063D000934258D1102108A804F09CFD071E35DB1C
:1063E0000CAB102F984628BF1027B34808AA574572
:1063F00003F1020337D8BF000237FFB28DF81C70DB
:1064000005F10C0A504609F0C9FE5F4528BF5F46FA
:10641000874228BF0746022FBB4628BF4FF0020B1A
:106420005A46A7EB0B07C346504607A909F0F2FCF2
:106430007B0808EB57025A452CD1FF077FF5D0ADFA
:10644000504618F8031009F0EEFCC9E558377FF400
:1064500065AD9A4803685B073FF460AD0121984A37
:1064600008F0C0F95AE512F8011B0AF1010A4FEAD7
:10647000111C01F00F0110F80CC0415C03F802CCB4
:1064800003F8011CB3E798F81470D8F810808DF861
:106490001C70B5E750461BF8011BCDE9042309F039
:1064A000CAFCDDE90423C6E7204609F0E8FCD4E98C
:1064B0001C73002808BF1F460023CDF83230CDF8EA
:1064C00036300A238DF83030062320468DF83130DF
:1064D00009F0DAFC012805D0FEF73CFC6FF08503DB
:1064E00033507DE5002F00F060817B88ADF83230BD
:1064F0003B798DF834307B798DF83530BB798DF868
:106500003630FB798DF837307B7C05F10C07384647
:106510008DF8383009F042FEE28D9DF830300CA93C
:106520009A4228BF1A46824228BF024610E72046F8
:1065300009F0A5FC18B10128CED1636F00E0236FEC
:10654000002B00F032815B88B3F5007FC4D95D4B2E
:1065500004F14C0A0C9300238DF83430E36C9A4517
:1065600008BF0023BDF832B093B15A7D0F2A08D17D
:106570001A7D5A44ADF832209DF8342001328DF84E
:106580003420226D9A4201D01B68EBE7BDF832B08F
:1065900005F10C08404609F001FEE78D0CA95F45A6
:1065A00028BF5F46874228BF0746052FBB4628BF46
:1065B0004FF0050B40465A4609F02CFCB7EB0B0791
:1065C0003FF40EADD4F84CB0D3453FF409ADBBF168
:1065D000000F3FF405AD9BF815300F2B12D19BF83F
:1065E00014204046BA4228BF3A46DBF8101009F0A2
:1065F00011FC9BF81430BB4294BFFF1AFF1B002F05
:106600003FF4EEAC236D5B453FF4EAACDBF800B041
:10661000DDE794F83030002B3FF4B9ACE38D012B6B
:106620007FF47CAC05F10C07384609F0B7FD002873
:106630003FF421AE384694F8381004E707F01F07FE
:10664000012F7FF4A4AC204609F02CFE00283FF473
:106650009EACA78DFF2F3FF661AC43681B79BB4210
:10666000FFF45CACFBB20F2B3FF658ACE38D012B73
:106670007FF454AC05F10C08404609F08FFD00286A
:106680003FF4F9ADE319404693F83A10DBE648468B
:1066900009F08CFD18B92846FFF70AF942E52946AA
:1066A000204600F085FF78B12846FFF701F917E58D
:1066B00000FF020000030200E57D010C140400202D
:1066C0003661010C050F0500A069036993F880107D
:1066D00011F004017FF4BDAB0AF0D1FC054600289F
:1066E0003FF4FEAC0146204600F062FF00283FF474
:1066F000B0AB2F4803685E07D6D02E4AFFF7EBBB3E
:1067000051077FF5EDAC002B3FF4B0AB2846FFF707
:10671000CFF894F83930002B3FF48AAB94F8293045
:10672000052B1ED0002794F82930032B14D1638D3C
:10673000022B11D1A18D00220D0A2946A06909F072
:106740004BFD074640B11A4803685B0704D001219E
:106750002B46194A08F04FF8002384F83930FFF728
:1067600067BB618DA069C9B209F056FD07460028D4
:10677000D8D00F4803685A07D5D0638D01210F4A3E
:1067800008F039F8CFE76FF00B030393A8E4E38D2B
:10679000002B3FF4ADAC039B13F10C0118BF01219A
:1067A000C9010AF049FBFFF754BB6FF0150708E475
:1067B000140400205861010C7C61010CF160010C93
:1067C0000B7810B4062B14D10369D3F89C20EFF397
:1067D0001184202383F31288BFF36F8F00204B684E
:1067E0001860506A58B9C2E9083384F31188BFF3BE
:1067F0006F8F00220023034810BC0BF089BE03609A
:106800005362F2E77C04002030B589B000220023F7
:106810000024CDE906236FF007034FF48062CDE931
:106820000334CDE90144154B15490094154805F092
:10683000E9FD1549134805F0BDFC144B14498B4282
:1068400007D30020134B14498B420CD3002009B00E
:1068500030BD03F11402D2E8EF0FC2E8E54F002D7E
:10686000F9D11833EBE703F11402D2E8EF4FC2E895
:10687000E50F002DF9D11833E6E700BFF968000CE9
:10688000682B0020080E0020A361010C5405002095
:106890006C0500206C0500208405002038B50D46ED
:1068A00009F000FD48B9124803685B0707D0BDE84E
:1068B000384001210F4A07F095BFC46804B938BDBC
:1068C0002B78032B05D0052B0ED0022B08D0246883
:1068D000F4E7606883685B69002BF8D09847F6E7B7
:1068E000606883689B69F7E760688368DB69F3E742
:1068F0001C040020A861010C2DE9F0434FF0200892
:1069000085B000AF4FF0FF334FF0FF327848391DAC
:1069100005F0DAF8FB681B69D3F89C40236A93B151
:10692000EFF3118288F31288BFF36F8F256A2DB1C0
:10693000616A2B688D42236208BF636282F311880B
:10694000BFF36F8FC5B93B79062BDBD0072BD9D8A6
:1069500001A252F823F000BFDB69000CCF69000CE4
:10696000036A000CE169000C396A000C256A000C0E
:106970000569000CD96A000C2B7E29465E0620466C
:10698000D5F81E2020D1FFF73FFA06460028C5D0D3
:10699000584803685A0711D0E9468AB02B7E6A46E8
:1069A000CDE9073505235449CDE9051642F8103FD6
:1069B00000234FF42151FAF749FFCD463246072113
:1069C000204609F049FEA9E709F009FDDDE70022AC
:1069D0000121204609F040FE94E700221146F8E725
:1069E00094F86C3043F0040384F86C3094F8303041
:1069F000022B03D12046391DFFF750FF002203214F
:106A0000E7E794F86C3023F0040384F86C3094F8D2
:106A10003030022B03D12046391DFFF73FFF002203
:106A20000221D6E794F83030022B7FF46BAF20467A
:106A3000391DFFF733FF65E794F86C30A66923F042
:106A4000040384F86C30D6F808903369A033D3E897
:106A5000AF3F9B071AD53046D9F83C309847D9F854
:106A600024300021304698470546D9F8403030465A
:106A700098476DB92946204600F042FA0546D0B144
:106A80001C48036859070BD01C4A06E04FF0FF353D
:106A9000184803685E0703D0194A012107F0A2FED7
:106AA00000220421204609F0D7FD002D3FF42AAF33
:106AB0002A4607218DE7A0690AF0F2FA94F86C30B3
:106AC000821E5042504123F0680343EA401384F889
:106AD000305084F86C30E3E7064803685B0703D066
:106AE0000121084A07F07EFE0621BA6871E700BF5F
:106AF0007C0400201C040020D761010C2F62010CD3
:106B00000162010C5B62010C38B5024605460E4974
:106B100080690AF023FB044648B10C4803685B0710
:106B200003D001210A4A07F05DFE204638BD85F8F2
:106B30003800284600F09CF904460028F5D0A869E2
:106B40000AF03BFBF1E700BFC167000C1C0400200A
:106B50006B62010C70B50446C56D1F4EBDB9656D05
:106B60001D4E35BB204609F077FA034638B11A4866
:106B70000268520703D00121184A07F03CFE204664
:106B800009F03FFAA069BDE870400AF016BB6B68D7
:106B900001215A79204609F042FC034638B1326897
:106BA000500704D0012130460D4A07F024FE2D681D
:106BB000D4E76B6800215A79204609F030FC03467F
:106BC00038B13268510704D001213046044A07F039
:106BD00012FE2D68C5E700BF1C040020B162010C45
:106BE0008862010CF8B501231D460C68002C3CD0CE
:106BF00063F07F02D6B202F07F02103224FA02F76D
:106C0000FF0719D5046824FA02F7FF070BD41848C8
:106C100003685F0704D033460121164A07F0EBFDF5
:106C20006FF0150022E005FA02F224EA0204046083
:106C30000C6824EA02040C60DC40E60712D5026806
:106C400022FA03F4E40704D4094802685207E7D0A3
:106C5000E2E705FA03F422EA040202600A6822EA83
:106C600004020A600133102BBFD10020F8BD00BF21
:106C700030040020DD62010C2DE9F04F002653683E
:106C800091B0D4680A900891069202930E960396EA
:106C900074B9039B029A09339BB293701B0AD37099
:106CA000069B1671DC68002C40F0CF80A346B6E04E
:106CB0004FF0000A6068CDF83CA083681B6B002B86
:106CC00000F0B48008999847002800F0AF8035465E
:106CD000C4E903AAA0F1040959F8043F0BB11A78DA
:106CE000C2B9B54240F29F80E3680F9A1343E36054
:106CF000606883689B6A002B00F09A8098478346FF
:106D0000002800F0988057480268530700F08780F9
:106D1000554A81E05A780B2A08BF9D70D9F8003097
:106D20005A78042A10D1E2680F990A43E260DA78AF
:106D3000002A5CD101229D702369AA4013430135CA
:106D40002361EDB2CDF83CA0D9F800707B78052B1B
:106D5000C2D16FF0120B4FF001080A9B9B69099397
:106D600079793A790E9B42EA0122ADF8362097F9FB
:106D700002205FFA88F1002AACBF424641F0800150
:106D80000493B7BF4BB24FFA88F321F08002079308
:106D9000A8BF0793049BB8BF103223FA02F0C307C1
:106DA0002CD40F9B23FA02F2D007059326D4BB798B
:106DB000FA78099800930DF136030B9109F0B2FFB0
:106DC0000B998346D0B9079BB970002B4FF0010394
:106DD000BCBF21F0800110318B4004980599BDF8AB
:106DE000362019431843CDE90E01BA8074E76A1EB4
:106DF0009A700FA90EA8FFF7F5FEA3E708F10108A6
:106E0000B8F1100FACD1BBF1000F3FF465AF1548DE
:106E10000268520703D0154A012107F0E3FC5846E7
:106E200011B0BDE8F08F6FF0150BF0E735465FE766
:106E30006FF0850B67E76068089909F0A0FA039B7B
:106E40002E4603442468039322E7E36804F10C010F
:106E5000A3600EA8FFF7C6FE08B9246823E76FF009
:106E6000150BDCE7300400201E63010CFA62010CF4
:106E700070B5836905461B69026F93F88030C3F3D0
:106E80004113022B0CD0032B0CD0012B0CBF102371
:106E90000823D371EE6D3EB96E6DD6B9344614E059
:106EA0002023F6E74023F4E7324601212846FFF786
:106EB000E3FE044658B10F4803685A0705D07368CB
:106EC0005B790D4A012107F096FC204670BD3668BB
:106ED000E1E7324600212846FFF7CEFE044638B1EE
:106EE000044803685B07F0D073685B79034AE9E7FD
:106EF0003668D2E7300400204263010C6563010C60
:106F00002DE9F04105460E4608F0B9FF95F83830F6
:106F100080464BB3284609F0C5F9074608B3014639
:106F2000284609F09FFA10220446002105F13A0094
:106F30000BF02DFF002385F83830FF6857B99CB15E
:106F40001A4803685B0702D0194909F08AF92046FC
:106F5000BDE8F081786883685B6A03B198473F6851
:106F6000ECE76FF03C04EBE71EB985F838600024CD
:106F7000EDE732464146284609F080F9074690B1D0
:106F80000246284609F098FA04460028DFD185F821
:106F90003860FC68002CEAD0606883681B6A03B123
:106FA00098472468F6E76FF03C04D0E7100400200F
:106FB000A35F010CF8B504460E461D46174609F0BE
:106FC00054F994F86C30990724D4A3691B6993F899
:106FD00080309A070DD4124803685B0702D011492C
:106FE00009F03FF96FF08505201D09F045F92846A5
:106FF000F8BD3A463146204609F040F968B142688A
:10700000D37925B143F020030025D371ECE703F0D9
:10701000DF03F9E76FF07705E6E76FF03C05E3E79C
:10702000100400209263010C2DE9F04105460F4643
:107030001446D2F8048009F018F995F86C30DE0790
:107040000ED5574803685C0702D0564909F009F984
:107050006FF00F07281D09F00FF93846BDE8F081E1
:10706000012F0DD1284608F00FFF48B94C4803689E
:10707000590702D04C4909F0F4F86FF08507E9E7A9
:1070800098F807309A060BD5AB691B6993F88030E6
:107090009B0705D4424803685E07EED04349EAE700
:1070A0003FB1012F2FD03E4803685C07E5D040492F
:1070B000E1E7EB6D002B39D105F15406002233686E
:1070C000002B3DD1002FD5E91C2308BF13465B7C64
:1070D000626803F10103DBB25371D5E91C1208BFEA
:1070E0000A465374A16800294FD0284608F0C4FF0F
:1070F0000746002844D02A4803685B07AAD02D49D8
:1071000009F0AFF8A6E76B6D13B905F15C06D5E79A
:107110009C4209D122480368590702D0264909F048
:10712000A0F86FF0150795E71B68EDE79C4205D1C5
:107130001B4803685A07F4D02049F0E71B68B9E7F9
:107140009C421AD1236892B972683360944200D18C
:107150007360002312482360036813F0060FC1D048
:1071600063685B790221164A07F045FBBAE71360B2
:1071700073689C4208BF7260EBE71A461B689FE782
:10718000A06809F006F888F80600002323607368F9
:107190001BB9C6E9004400275CE71C607460FAE78D
:1071A00010040020B663010CD863010C9263010C3B
:1071B0003064010C6D64010CF663010C1364010C66
:1071C0005064010CF8B5054600AFA9B101290BD1F7
:1071D0001A4C1B4E1BE0636828461968F8F77AFFC3
:1071E00038B11834B442F6D3164803685B0711D19E
:1071F00000242046BD46F8BD134C144EF2E76368E8
:1072000028461968F8F766FF0028F2D01834B4420F
:10721000F5D3E9E76C4688B06A460D4BCDE90535F4
:107220004FF40073ADF81C300A4B42F8103F0023B6
:107230004FF4E251FAF70AFBA546D9E76C050020A6
:107240008405002018040020540500206C0500204F
:10725000A464010C0300000170B5012501F07F0357
:1072600011F0800F18BF10339D4090F83030044665
:10727000022B09D00E4803685B0703D001210D4A99
:1072800007F0B0FA002070BD90F8386008F0F7FD04
:1072900032460146204608F0F1FF0028F2D0C068CF
:1072A0000028EFD083681D42EDD10068F8E700BFE9
:1072B00018040020C264010C2DE9F8430546084675
:1072C000114616469846FFF77DFF044600284FD02A
:1072D000284609F04DF895F86C30D80706D52648B1
:1072E0000368590713D0254A01210EE0D4F8049011
:1072F00004F11407D7E8AF3FDA0710D51E4803683A
:1073000013F0060F03D002211D4A07F06BFA6FF04D
:107310000F04281D04F0AEFC2046BDE8F883D9F820
:1073200004303BB1AB4205D0134803685B07EED095
:10733000144AD9E742463146284608F09FFFA0B1DB
:107340000023236003696BB9C0E90344D7E8EF3F2A
:1073500043F00103C7E8E23F002AF7D10024C9F84F
:107360000450D6E71C600461F0E76FF03C04D0E7FE
:107370006FF01204D0E700BF18040020B663010CC0
:10738000E764010C0965010C2DE9F0470546084644
:10739000114617469A46FFF715FF044600287DD090
:1073A000284608F0E5FF95F86C30D8070FD53D4822
:1073B0000368590703D001213B4A07F013FA6FF025
:1073C0000F04281D04F056FC2046BDE8F087D4F8D1
:1073D000048004F11409D9E8AF6F16F0010607D153
:1073E0003048036813F0060FE9D002212F4AE4E782
:1073F000012F24D02E492F48814214D24A68636855
:107400009A421FD01831F7E74A6863689A4203D05E
:1074100018318142F8D306E001F11403D3E8AF3FFD
:10742000DA07F5D5002652463946284608F026FFE9
:1074300010B10022C36863B96FF03C04C1E71E4974
:107440001E48E6E701F11403D3E8AF3FDB07D9D5C7
:10745000E8E79C421CD12368A2B90269C360944248
:1074600000D1036100272760D9E8EF3F23F0010333
:10747000C9E8E23F002AF7D1606808F074FF56B906
:1074800000249EE7136003699C4208BF0261E9E79C
:107490001A461B68CFE7C8F80470F1E76FF01204D2
:1074A00092E700BF18040020B663010C3E65010C92
:1074B000540500206C0500206C0500208405002088
:1074C0002DE9F04F83B000AF7B6097F830304C6807
:1074D0000E463B608146904608F0D1FCA368014609
:1074E0001B6B33B96FF0150420460C37BD46BDE861
:1074F000F08F204698470028F4D00024051F06F19D
:107500000C0A55F8041F09B10B782BB9002C14BFD5
:1075100000246FF03C04E7E74B78042B0ED1002CDD
:107520003FD18B787A689342EBD1CB783A6893421B
:10753000E7D10B79002BD7D00124E2E7052BE0D16E
:10754000002CDED0B8F1010F91F802B009D0B8F1EB
:10755000020FF1D152465946D9F8180009F03AF80D
:1075600004E05246D9F8180009F018F8044600283B
:10757000E2D00D4803685B07B6D06D468AB06A4614
:10758000F368CDE907B3062308490994CDE9051846
:1075900042F8103F00234FF44151FAF757F9AD4636
:1075A000A2E70024A0E700BF2C0400206765010CBF
:1075B0002DE9F0410B7E05465E060C463AD183B3B9
:1075C00008F0DAFC58B11D480368590703D00121BF
:1075D0001B4A07F007F94FF0FF30BDE8F08128465D
:1075E000D5F87080268AEF8D08F049FCF8B1421E6C
:1075F000534253419B01228A9AB1BE42324628BF70
:107600003A46E98D91420CD9B2FBF3F103FB11220A
:107610003AB994F91830002BBEBF637E43F00803DB
:1076200063762146A869BDE8F04109F05FBC98F88F
:107630000730E0E76FF01500CFE700BF2804002017
:10764000A365010C70B5064680690C4609F0F4FB91
:10765000054658B10C48036813F0060F04D0022108
:1076600023460A4A07F0C7F8284670BD012214F0E5
:10767000800F18BF24F08004736B18BF1034A24031
:107680001A437263F0E700BF28040020B765010CBD
:1076900070B5054680690E4609F0F8FB044658B1FE
:1076A0000848036813F0060F04D002213346064A47
:1076B00007F0A1F8204670BD314605F1340008F00E
:1076C0005FFFF7E728040020CE65010C70B5064681
:1076D000EFF31181202383F31288BFF36F8F1B4DCB
:1076E0002A6881F31188BFF36F8F526892F86C207B
:1076F000D20705D4BDE870400A22002304F054BD2F
:10770000EFF3118283F31288BFF36F8F2C682CB1D3
:10771000696823688C422B6008BF6B6082F3118814
:10772000BFF36F8F44B1606804F10801C3699847E3
:10773000214607480AF09CFE2B6833B13046BDE86D
:1077400070400022002304F0FBBC70BD70170020C5
:107750003804002030B585B0CDE90012054600227E
:107760000023144803A904F01BF90246E8B9DDE937
:107770000001039B5D60083383E80300EFF3118091
:10778000202383F31288BFF36F8F039B1A600A4A8A
:10779000516861B9C2E9003380F31188BFF36F8F7C
:1077A00000220023054804F0CBFC05B030BD0B607F
:1077B0005360F1E73804002070170020000000201B
:1077C0000023C1E901330B60CB6008B1012808D167
:1077D000044B03EBC00252680A6013F83020024BDE
:1077E0001A7070479440010C621A00200023C1E90E
:1077F00001330B60CB6028B1012803D0022801D0EF
:10780000032805D10C22034B02FB00339B680B605D
:10781000704700BFA440010C00230B4A70B58A607A
:107820000A4D0B4A0B60CB604B60AA4207D25468EA
:10783000246834B1267826B1834201D10C6070BD32
:1078400001331832F1E700BFDC37010C6C05002072
:1078500054050020002370B5C1E90133084A094DE1
:107860000B60CB60AA4206D2146834B1267826B1E8
:10787000834201D10C6070BD01337C32F2E700BF5E
:10788000D80400205405002038B5094B0546186877
:10789000FEF72CF8044630B102460649284607F0A8
:1078A00021FA204638BD2846034907F0FFF9F8E7DA
:1078B00088000020F865010C1966010C73B51446A8
:1078C00000210A220646E06805F024FD0C4AC5B2F4
:1078D0000C482B46127861680068FFF755FDD4E923
:1078E00001230446009530B13046074907F0FAF904
:1078F000204602B070BD3046044907F0D7F9F7E7DB
:10790000621A0020880000203766010C7466010CA2
:1079100073B5144600210A220646E06805F0FAFC19
:107920000C4AC5B20C482B46127861680068FFF714
:10793000C3FCD4E901230446009530B13046074921
:1079400007F0D0F9204602B070BD3046044907F078
:10795000ADF9F7E7621A002088000020A866010C44
:10796000E566010CF8B5144600210A220546A06818
:1079700005F0D0FC0A220021C6B2E06805F0CAFC7E
:1079800084B2FF2C05D9FF2228460D4907F08EF955
:10799000FF240C490C483246E3B20978006808F02D
:1079A000C0FC23460746324628B12846074907F05F
:1079B00099F93846F8BD2846054907F077F9F8E700
:1079C0001867010C621A0020880000203A67010C39
:1079D0007567010C2DE9F843144E0746154600243F
:1079E000B046D2F804904846B168F8F773FBA0B9E6
:1079F0000C235C4308EB040319790D4B58F8042061
:107A00001868FFF711FB044620B138466A68094937
:107A100007F068F92046BDE8F8830134042C06F12C
:107A20000C06E0D16FF01504EFE700BFA440010C95
:107A300088000020A667010C2DE9F34116460021BD
:107A400010220746B06805F065FC102204460021AC
:107A5000F06805F05FFC102205460021306905F052
:107A600059FC0D49C6B20D480096EDB2E4B22B4662
:107A700022460978006808F05BFA2B4680462246C9
:107A8000009638B10649384607F02CF9404602B056
:107A9000BDE8F0810349F6E7621A00208800002063
:107AA000CB67010CFE67010C38B51346002110228C
:107AB0000546986805F02EFC094B04461978094BD9
:107AC00082B2186808F0E7F9A2B2044628B1064964
:107AD000284607F007F9204638BD0449F8E700BFFB
:107AE000621A0020880000202768010C4F68010CF2
:107AF000134670B5102200210646586805F00AFCAE
:107B0000074B81B20546186808F0E4F9044620B135
:107B100030460449AAB207F0E5F8204670BD00BF20
:107B2000880000206D68010C134670B510220021FA
:107B30000646586805F0EEFB074B81B2054618680B
:107B400008F0DFF9044620B130460449AAB207F034
:107B5000C9F8204670BD00BF880000209768010C5E
:107B600038B5094B05461868FEF700F8044628B1F9
:107B70002846064907F0B6F8204638BD284604498D
:107B800007F094F8F8E700BF88000020C268010CF5
:107B9000DF68010C38B5094B05461868FDF7A4FFEE
:107BA000044628B12846064907F09CF8204638BD0F
:107BB0002846044907F07AF8F8E700BF880000205B
:107BC000FD68010C1969010C38B50D4B05461868A4
:107BD000FDF71AFF10F1780F044605D12846094930
:107BE00007F080F8204638BD28B1024606492846ED
:107BF00007F078F8F6E72846044907F057F8F1E768
:107C0000880000202C69010C4669010C6B69010C8D
:107C100038B50D4B05461868FDF7B0FE10F1780F2A
:107C2000044605D12846094907F05CF8204638BDCE
:107C300028B102460649284607F054F8F6E72846D8
:107C4000044907F033F8F1E7880000207D69010C52
:107C50009B69010CCA69010C70B5114E11490546AA
:107C6000306808F009FA10490446306808F004FA50
:107C70000E490443306808F0FFF90D4904433068A9
:107C800008F0FAF9044306D022462846094907F0CD
:107C900029F8204670BD2846074907F007F8F8E79D
:107CA00088000020D4000020BC000020A400002098
:107CB0008C000020E069010C136A010C2DE9F041F1
:107CC000064657680F4DDFF84080454507D33A46D2
:107CD00030460E4907F006F86FF012040CE0384603
:107CE0002968F8F7F7F9044648B9094B3A4630468F
:107CF00008491D6006F0DAFF2046BDE8F0817C35BA
:107D0000E3E700BFD804002054050020636A010C9B
:107D1000880000203A6A010C00222DE9F04111464A
:107D20000546FFF799FF044680B92F4F386808F0E1
:107D3000ABF8012801460CD12C4A3868FFF774F9DA
:107D4000044630B12A49284606F0CCFF2046BDE85B
:107D5000F0810021274A3868FFF766F9044620B30E
:107D60002549F0E77168012300220968FFF7A4FAAA
:107D7000736804461A6828B103462049284606F06D
:107D8000B1FFE3E728461E4906F090FF1836464546
:107D90003868E7D308F078F8012820D00022284678
:107DA000BDE8F0411146FFF733BF164EDFF85880AB
:107DB000EDE72846154906F079FF18364645EDD21D
:107DC000012371681A4609683868FFF775FA736805
:107DD00004461A680028ECD003460D49CEE70D4E44
:107DE000DFF83480EAE700BF88000020140100209B
:107DF0007D6A010C28010020A26A010CC76A010CEF
:107E0000EB6A010C540500206C050020246B010C6A
:107E1000006B010C6C05002084050020F8B51346AA
:107E20000D460A2200210746986805F073FA0C49AE
:107E3000C4B20C482B46224609780068FFF7BAF80E
:107E40002B460646224628B13846074906F04AFF27
:107E50003046F8BD3846054906F028FFF8E700BF70
:107E6000621A002088000020396B010C6F6B010C36
:107E7000F8B513460F460A2200210646986805F019
:107E800049FA0C49C4B20C483B46224609780068BE
:107E900008F021FA054630B122463046074906F07F
:107EA00021FF2846F8BD3B4622463046044906F0ED
:107EB000FDFEF6E7621A0020880000209E6B010C90
:107EC000CF6B010C002370B5C1E90133084A094D9D
:107ED0000B60CB60AA4207D25468246834B126787C
:107EE00026B1834201D10C6070BD01331832F1E735
:107EF000540500206C050020F8B506460D460A4CD6
:107F00000A4FBC4207D32A463046094906F0EAFE2A
:107F100000242046F8BD636829461868F8F7DAF8A7
:107F20000028F6D01834ECE7540500206C0500203A
:107F3000FE6F010C80B500AF88B06A46084BCDE9F2
:107F400005304FF40073ADF81C30064B42F8103F7B
:107F500000234FF4E6510448F9F778FCBD4680BD94
:107F60001E70010C030000010C04002003690C3397
:107F7000D3E8EF1F21F00101C3E8E21F002AF7D187
:107F8000044B1B6803F00703022B02D90068FFF7BC
:107F9000D1BF70470C04002070B5516806461546E5
:107FA000FFF7AAFF044688B130466A68084906F020
:107FB0007DFE63681B690C33D3E8EF1F41F00201BB
:107FC000C3E8E21F002AF7D1002070BD1320FCE7B0
:107FD0002970010C38B5036904460C33D3E8AF2F80
:107FE000D50732D5D3E8EF2F42F00801C3E8E51FEB
:107FF000002DF7D111072BD408F052FB4FF480620B
:108000000146204608F001FB054658B912480368AE
:108010005A0703D00121114A06F0E4FB6FF00B046C
:10802000204638BD0146204608F0F3FA04460028F1
:10803000F6D0094803685B0703D00121084A06F01F
:10804000D1FB2846FDF734FCEAE74FF0FF34E7E7C1
:108050006FF00F04E4E700BF0C0400205C70010C1B
:108060007670010C70B5516805461646FFF744FF5F
:1080700000B34068FFF7AEFF431C044672680FD0A0
:10808000002807DA10F1100F10D010F10C0F0FD0EC
:10809000094906E0FCD12846084906F007FE03E03E
:1080A0000749284606F01EFE204670BD0549F8E740
:1080B0000549F6E71324F7E7E070010CFF70010CA7
:1080C0008F70010CA270010CC070010C13B54378C5
:1080D000024617485B2B0C4601681BD111F0060FB6
:1080E0000BD0218AD388B1F5806F28BF4FF480610F
:1080F000104A0091022106F088FB228AE168B2F55D
:10810000806F28BF4FF480620B4802B0BDE810407A
:108110000AF017BE4A0703D00121084A06F06BFB9C
:10812000FCF718FE6FF08502054B1A5002B010BD27
:108130000C0400201A71010C631A00203B71010C21
:108140000C000000084608B503781146DB0607D08E
:10815000FCF700FE6FF08502034B1A50002008BDAB
:10816000FFF7B4FFFAE700BF0C00000037B5044684
:10817000637808465C2B174D1CD1E2881649B2F58E
:10818000806F28BF4FF480620C3007F043FE2B68ED
:1081900013F0060F0CD0E388B3F5806F1A4628BFA2
:1081A0004FF480620221009228460C4A06F02DFB13
:1081B00003B030BD2A68520704D001212846084A7E
:1081C00006F019FBFCF7C6FD6FF08502054B1A504F
:1081D000EEE700BF0C040020631A00205C71010C64
:1081E0003B71010C0C000000084608B503781146ED
:1081F000DB0607D0FCF7AEFD6FF08502034B1A508B
:10820000002008BDFFF7B2FFFAE700BF0C00000036
:1082100070B5516806461546FFF76EFE044688B1F4
:1082200030466A68084906F041FD63681B690C33F3
:10823000D3E8EF1F21F00201C3E8E21F002AF7D1C3
:10824000002070BD1320FCE77D71010C38B5036977
:1082500005460C33D3E8AF2FD40742D5D3E8EF2F30
:1082600042F00401C3E8E41F002CF7D151073BD4CE
:1082700008F022FA4FF480620146284608F0C5F95A
:10828000044658B91A4803685A0703D00121194A0D
:1082900006F0A8FA6FF00B05284638BD038A428A1B
:1082A0004169D21AC3680C305B1AD21AB2F5806FDA
:1082B00028BF4FF48062104907F0ACFD28462146E4
:1082C00008F0A7F905460028E6D0094803685B07CF
:1082D00003D00121094A06F085FA2046FDF7E8FAA5
:1082E000DAE74FF0FF35D7E76FF00F05D4E700BFAF
:1082F0000C0400205C70010C631A00207670010CE5
:10830000F8B504460569194800AF036803F0070390
:10831000022B13D96E4688B023686A461449CDE90A
:1083200005134FF40073ADF81C30124B42F8103FA8
:1083300000234FF4E651F9F789FAB54605F10C032D
:10834000D3E8EF2F42F00101C3E8E01F0028F7D186
:10835000D20709D4D3E8AF3F9B0705D42046FFF7E7
:1083600039FE2046FFF772FFBD46F8BD0C04002021
:10837000AA71010C030000012DE9F34704460769C7
:1083800091F818800D461646B1F8109008F088F95B
:10839000404507F10C0712D1D7E8EF3F23F008035F
:1083A000C7E8E23F002AF7D14EB92A8AE968B2F558
:1083B000806F28BF4FF4806226480AF0C2FC204636
:1083C00095F818A008F078F9824507D1D7E8EF3F73
:1083D00023F00403C7E8E23F002AF7D12846FDF75F
:1083E00067FA16F1710F26D11B48036803F00703E3
:1083F000022B18D80026D7E8AF3F9B070FD42046A2
:1084000008F04EF9804502D12046FFF7E3FD2046F3
:1084100008F052F9804502D12046FFF717FF304699
:1084200002B0BDE8F087032143460C4ACDF8009026
:1084300006F0EBF9DEE7002EDCD0074803685A07A8
:10844000D9D001214346064ACDF8009006F0DDF967
:10845000D1E700BF631A00200C040020B471010CA6
:10846000DA71010C70B5516805461646FFF744FDF8
:1084700000B34068FFF7EAFE431C044672680FD061
:10848000002807DA10F1100F10D010F10C0F0FD0E8
:10849000094906E0FCD12846084906F007FC03E03C
:1084A0000749284606F01EFC204670BD0549F8E73E
:1084B0000549F6E71324F7E7E070010CFF70010CA3
:1084C0008F70010CFD71010CC070010C0121024A7A
:1084D000024806F087B900BFA672010CD403002041
:1084E00070B5054603F040F804460A4E6B6883B148
:1084F00003F03AF8031BB34207D9074B1B685B072D
:1085000007D0BDE87040FFF7E1BF022009F0E6FEAA
:10851000ECE770BDBFD40100D403002038B5456836
:10852000D5E9010183681B6883B19847041E10DAFE
:1085300014F1780F0DD01D4803685A0704D0234664
:108540001B4A012106F057F9204638BD6FF0570449
:10855000F1E76868E96883681B6863B19847041E9F
:108560000CDA14F1780F09D0104803685B07EBD0E0
:10857000104A2346E5E76FF05704F5E72B69984763
:1085800001222B681A702868FFF7AAFF2B7D13B110
:1085900000222B681A702A680024137843F0020323
:1085A00013702868FFF79CFFCEE700BFD4030020BC
:1085B000D572010CF972010CF8B504690D4600AFD3
:1085C000A034D4E8AF3FC3F3800399421CD11848CC
:1085D000036813F0060F17D0164A174B6E4688B083
:1085E000002918BF13466A461449CDE905134FF414
:1085F0000073ADF81C30124B42F8103F00234FF4CB
:10860000E451F9F723F9B5464DB1D4E8EF3F43F013
:108610000403C4E8E23F002AF7D1BD46F8BDD4E820
:10862000EF3F23F00403C4E8E23F002AF5D0F6E769
:1086300004040020234A010C864A010C5073010CEB
:10864000030000012DE9F0470546894690461F4684
:10865000D0F808A008F0AEFA0446F0B1067DF107A4
:108660000CD51A4803685A0704D0237E0121184A02
:1086700006F0C1F86FF07700BDE8F0873B46424650
:10868000494608F057FA58B9104803685B0704D008
:10869000237E01210F4A06F0AEF86FF01200EBE7DF
:1086A0009DF8203026F0060684F81980678323772A
:1086B0002675DAF81830214628469847B0FA80F334
:1086C000227D5B0963F300022275D5E704040020D4
:1086D0006273010C7C73010C70B50546866808F066
:1086E00069FA0446E8B1037DDA070BD40E48036843
:1086F0005B0704D0237E01210C4A06F07CF86FF062
:10870000770070BD0146F3692846984738B1237D4C
:1087100003F00103227D63F300022275F1E70346B3
:10872000F8E76FF01200ECE7040400209E73010CE0
:108730002DE9F3411746D0F808800546D8F83C30BB
:108740000E4698470022002339460C48FDF732F8C0
:10875000044688B90A4803685B0705D001213B46F7
:10876000084A009606F051F82846D8F84030984755
:10877000204602B0BDE8F0810676F5E7B40400209B
:1087800004040020B973010C042903D849B96FF01F
:1087900015007047052914BF6FF015006FF08500B4
:1087A000704762B9436803291B6803F5805308D0FA
:1087B000042908D0022914BF02220422DA730020FF
:1087C00070470122FAE708499A7311F8010B013248
:1087D000352A83F82000F8D10822DA739A7C42F017
:1087E00002029A74EBE700BF107E010C70B543687B
:1087F000002106461D68FFF76FFF044660B110F1C7
:10880000780F09D0104803685A0703D00F4A012196
:1088100008F0C5FD204670BD80213046FFF75CFFA3
:10882000044640B110F1780F05D0074803685B0794
:10883000F0D0074AEBE705F580535A78002402F0A0
:10884000BF025A70E6E700BF08040020E773010C7E
:108850000E74010C70B503699022D3F8A4504368DC
:10886000002105F1D0001C680AF091FA4022FF2196
:1088700005F5B0700AF08BFA4021284608F02FFE6B
:108880004FF6FF7398420AD15E4803685C0703D035
:1088900001215D4A08F083FD6FF00B0021E05B4A87
:1088A000A5F86001A5F88001D369372043F480332F
:1088B000D36108F09FFF012342F210762360236802
:1088C000D80702D4E369D90710D5013E0AD24D4832
:1088D00003685A0703D04E4A012108F060FD6FF08B
:1088E000730070BD012008F085FFE8E7002EEED090
:1088F00042F21076236843F400732360236843F444
:1089000080732360236843F002032360E3699B07BD
:108910000BD5013E05D23B4803685C07DFD03D4ADA
:10892000DAE7012008F066FFF0E7002EF3D02023FD
:108930002361A369D90763D504F58053D3F80425CF
:10894000002422F0E00242F04002C3F80425D3F8EC
:10895000082505F5EC7022F00102C3F80825D3F8CC
:108960000C2522F47E6242F42E62C3F80C25D3F863
:10897000102522F01F0242F00A02C3F81025D3F896
:10898000142542F08002C3F81425D3F8182522F0EC
:10899000030242F00102C3F81825D3F8202522F083
:1089A000C00242F08002C3F82025D3F8242522F02B
:1089B0000102C3F82425D3F8282522F0FE0242F054
:1089C0007A02C3F82825D3F8242542F00202C3F81E
:1089D00024250022002385F8084203F0E5FB204609
:1089E0007FE7012008F006FFA369DB07A4D4013E5E
:1089F000F7D1044803685A073FF471AF064A6BE7A2
:108A0000064EF1E7080400203474010C0080004495
:108A10004F74010C6C74010C8F74010CA086010062
:108A2000F0B5036989B0D3F8A47043680646694677
:108A300007F5EC701D6809F0B6FE002105F58053BE
:108A4000D9801981D97224233046EB60FFF744FEA8
:108A5000044668B110F1780F0AD0234803685E0716
:108A600003D0224A012108F09AFC204609B0F0BD4B
:108A700080213046FFF730FE044640B110F1780FF8
:108A800005D0194803685D07EFD0194AEAE742F2BA
:108A900011742B6823F002032B60EB69990717D43C
:108AA000012342F211742B602B68DA0716D4EB69AC
:108AB000DB0713D49022002107F1D0000AF067F9F8
:108AC0004022FF2107F5B0700AF061F90024CCE7DD
:108AD000013CE5D0012008F08DFEDEE7013CE9D045
:108AE000012008F087FEDFE708040020E773010C8F
:108AF0000E74010C2DE9F3410026456840232F68D0
:108B00003246314600968046FFF79CFD044678B118
:108B100010F1780F0CD0234803685A0704D033466D
:108B20000121214A05F067FE204602B0BDE8F08130
:108B300040230022802140460096FFF783FD044633
:108B400040B110F1780F05D0164803685B07EBD0F1
:108B50008023E5E707F58054E37A0A2043F0070312
:108B6000E372E37A03F0EF03E372E37A03F0F703CF
:108B7000E372E3889BB243F00103E38004233B618B
:108B80006378AA69DBB2022A0CBF43F0200303F02A
:108B9000DF03637008F02EFE637843F040036370D8
:108BA0000024C1E708040020A574010C2DE9F04F52
:108BB000056989B007464468D5F8A48005F18400AA
:108BC00009F0B5FC08F1B8000AF0A5F86349C8F847
:108BD000D07108F5EC7009F0DAFD95F880304FF0AF
:108BE000400923F0760343F0760385F88030A369CB
:108BF000022B01BF95F880304FF4806A43F00103E7
:108C000085F8803018BF40F2FF3A00256368AB4218
:108C100028D800254FF0400B63689D4262D30026A0
:108C200088F8CC60C8F8BC61A8F8C661D4E9041221
:108C30004FF0000A4FF0000B6FF007030120CDE961
:108C400006ABCDE90330CDE901664046444B0097C1
:108C500003F0D8FB3968404603F0ACFA3846636A43
:108C6000984723E0E2686B0102EB4512917C41F0EA
:108C700040019174E268EDB9917C41F00101917479
:108C8000E268A2F81090E26838461A441576E16866
:108C9000194407F09CFF064610B3324803685F078B
:108CA00004D02B46304A012105F0A5FD304609B01D
:108CB000BDE8F08F1A44917C41F004019174E268A0
:108CC0001A44917C41F002019174E2681A44917C4B
:108CD00041F008019174E2681A44A2F810A0D2E7AA
:108CE000013593E7A2686B0102EB4512917C41F0DC
:108CF00020019174A268CDB9917C41F00101917479
:108D0000A268A2F810B0A26865F07F011A4411763B
:108D1000A1683846194407F05AFF0646E0B11148E9
:108D200003685C07C2D0114A2B46BCE71A44917C09
:108D300041F004019174A2681A44917C41F002014F
:108D40009174A2681A44917C41F008019174A26860
:108D50001A44A2F810A0D6E701355DE75313010CC1
:108D60009519010C08040020BF74010CE274010C79
:108D700038B5436804461D680369A033D3E8AF3FA4
:108D80005B070BD41348036813F0060F03D00221CE
:108D9000114A08F004FB6FF00C0038BD05F5805552
:108DA0006B7803F0FD0343F004036B700021142083
:108DB00009F020FE6B78002103F0FB0320466B7066
:108DC000FFF7FAFB00220221204607F01EFF0020D9
:108DD000E3E700BF080400200475010C2DE9F04F03
:108DE000036989B0D3F8A440436801901D6805F574
:108DF00080566B6996F80A807788B2885FFA88F89F
:108E000092B206929A0642BF20226A61EA6058072F
:108E1000BFB256D54FF0040918F0040FC5F81490EE
:108E20003FD0002504F5E07084F8CC50C4F8BC5164
:108E3000C4F8C45108F084FA04F5D27008F080FA3E
:108E400004F5D47008F07CFA04F5D67008F078FACE
:108E500004F5DA7008F074FA04F5DC7008F070FAC2
:108E6000F38840209BB243F00103F380B57308F010
:108E7000D3F9494600F00F0086F8620086F86300D7
:108E8000B4F86031DB08A6F86430B4F88031DB0850
:108E9000A6F8663004F1B80009B0BDE8F04F08F05C
:108EA000A7BC18F0010F04D0082104F1B80008F0A5
:108EB0009FFC18F0020F04D0102104F1B80008F054
:108EC00097FC0022B273B17CCBB2490707D5B37CC3
:108ED00003F0FB03B37484F8CC20B37CDBB2DA0676
:108EE0001FD5B37C43F08003B374002384F8CC30E7
:108EF000B37CDBB2DB0752D5326AC4F8C420336AD4
:108F0000C4F8C8301B0C1BD1B37C43F04803B374C6
:108F1000032384F8CC30012104F1B80008F068FC88
:108F20003DE094F8CC20032A39D801A151F822F071
:108F3000F58E000C958F000CEB8F000C878F000CCA
:108F4000100605D5B37C43F04003B3740123E0E77A
:108F5000B27C04F5E07042F04002B2740222A4F840
:108F6000C431002384F8CC20D4F8C420A4F8C6313E
:108F7000C4F8C821D4F8C820C4F8BC31C4F8CC2146
:108F800008F0DEF9C7E7F90709D5002384F8CC30EB
:108F90000221C1E7FA0702D513F00203F6D04FF021
:108FA00001087B08009305F581530433CDE90233B2
:108FB00004F5D473049305F580530593009B002BAF
:108FC00060D10126069BDDF800A04FEA530805F5A5
:108FD0008055B8F1000F40F01A81069B13F0FE0F88
:108FE00000F07B814FF4807154E7DB07D7D596F80A
:108FF00018805FFA88F918F07F0810D1B37C01223D
:1090000043F04803B374032384F8CC3004F5D873D9
:10901000D3E8EF1FC3E8E02F0028B9D0F8E7D4F871
:10902000BC314BB9012204F5E073D3E8EF1FC3E86C
:10903000E02F0028B3D0F8E703F10C0A504608F0FF
:10904000E3F8404528BF404601468346504606F0B7
:10905000DBFE5A46014605F5815008F0EBF8B4F8FE
:10906000C63119F0400F98441FFA88F8A4F8C68159
:10907000C4D0B4F8C4314345C0D9B37C43F04003F5
:10908000B37485E7009BDF0752D55FFA88F1EFF3F1
:1090900011830793202383F31288BFF36F8F01F0AE
:1090A0000F03B373019841F0800196F8129007F016
:1090B00081FD5FFA89F90746F8B107F0A2FD824603
:1090C0004146049808F02CF919F0200F17D0B37C12
:1090D000059A03F0DF03B374B37C43F00803B37461
:1090E000B37C980742BFB37C43F00803B374059B7D
:1090F0009B7C03F0FE03937409E08246E0E7BAF13B
:10910000000F04D097F8149019F0020919D04FF00D
:1091100000090022059B9A73079B83F31188BFF314
:109120006F8FB9F1000F03D04946019807F079FD20
:10913000009B08F101085B080093039B0433039331
:109140003CE7BAF810B0BBF1000F20D041460498BC
:1091500008F052FB798BBAF81030C1F30A0199423A
:1091600028BF1946494509D80AF10C0006F074FEDB
:1091700005F58052937C43F00103BCE7DAF80C302C
:10918000039A13F8093009F101091370EAE79AF814
:10919000193019070AD54146049808F02DFB9AF8B2
:1091A00019306BF3C3038AF81930E1E7384607F04A
:1091B00024FD8146384607F024FD83460028A8D0C8
:1091C00097F814A01AF0020AA3D14146049808F0B7
:1091D00013FB798BBBF81030C1F30A01994228BF09
:1091E000194651450AD80BF10C0006F035FE05F57D
:1091F0008052937C43F0010393748AE7DBF80C30D0
:10920000039A13F80A300AF1010A1370E9E718F01B
:10921000010F17D0F1B2EFF3118B202383F31288E3
:10922000BFF36F8F01F00F03AB73AA7DD3B2520669
:109230000FD503F0BF03AB7585F80EA08BF3118833
:10924000BFF36F8F029B4FEA580804330136029335
:10925000BFE601982F8B07F0ADFCBFB20090C0B302
:1092600007F0CFFCA8B3C7F30D09B9F1000F18D070
:1092700000F10C07384607F0C7FF4845024628BFF3
:109280004A4638461146039206F0BEFD0146DDE926
:10929000020207F0CFFF009B5A8BC2F30A029145EE
:1092A00004D2AB7D03F0FE03AB7508E0384607F04F
:1092B000ABFF50B9314604F5DA7008F09DFA31463B
:1092C00004F5D67008F098FAB6E7AB7D03F0FE031C
:1092D000B1E7314604F5DC70F4E709B0BDE8F08F82
:1092E0002DE9F04F8846436881461146404685B0D7
:1092F00016461C6807F087FC98F814A01AF0020ABA
:1093000040F0A68098F8185035F0800200F0A48054
:109310002A0600F19680D9F810302946D3F8A470B7
:1093200007F5DA731846019308F075FAA8B1EFF360
:109330001181202383F31288BFF36F8F04F58053CC
:1093400005F00F029A739A7D02F0FE029A7583F877
:109350000EA081F31188BFF36F8F294607F5DC70EB
:1093600008F059FA8046002872D0EFF31183019378
:10937000202383F31288BFF36F8F05F00F0204F5EB
:10938000805B294648468BF80E2007F013FC824686
:1093900000284DD007F035FC002849D005F5816242
:1093A00000F10C0604EB82033046029307F02CFF19
:1093B000BBF818900246C9F30D09484528BF4A4634
:1093C00030461146039206F01FFD0146DDE9020218
:1093D00007F030FFBAF81A20C2F30A0291451DD2F5
:1093E0009BF8162002F0FE028BF81620294607F59E
:1093F000D67008F001FA002304F58054A373019B92
:1094000083F31188BFF36F8FB8F1000F20D04FF4B2
:10941000807107F1B80008F0EBF919E0304607F069
:10942000F3FE28B9294607F5DA7008F0E5F9DDE71B
:109430009BF816204FF0000802F0FE028BF8162071
:10944000D9E7334642462146D9F8100008F0FAF928
:10945000002005B0BDE8F08FD9F81030D3F8A47023
:10946000002D47D004F58054B8F81A50A273717ECD
:109470004B0701D50221CCE7A37C98075FFA83F85C
:109480000AD54C48036813F0060FE1D00221434689
:10949000494A05F0B0F9DBE7338A4BB9090707D42D
:1094A000012387F8CC30A37C43F00A03A374CFE7F1
:1094B000C5F30A05AB4228BF2B469946914513D800
:1094C000494606F10C0006F0C7FCA94548F0020326
:1094D00004D3328A22B9727E120701D448F00A03FB
:1094E000012287F8CC20E1E7F3689B5C013284F825
:1094F0002030E3E7737E13F00105A9D1EFF3118962
:10950000202383F31288BFF36F8FC7F8BC6107F580
:10951000E07007F015FF08B304F5805888F80E5086
:1095200098F818505FFA85FA15F07F051BD198F866
:109530001230012243F0480388F81230032387F8E1
:10954000CC3007F5D873D3E8EF1FC3E8E02F00282D
:10955000F9D1022107F1B80008F04AF989F311881E
:10956000BFF36F8F74E70C36304607F04DFEA8420C
:1095700028BF284601468346304606F045FC5A4639
:10958000014604F5815007F055FEB7F8C6311AF0D0
:10959000400F1D44ADB2A7F8C651C8D0B7F8C431CA
:1095A000AB42C4D998F8123043F0400388F8123027
:1095B000D4E700BF080400203875010CF8B500AFEF
:1095C000D0B93B480368590712D06C4688B06A4648
:1095D000384B4FF4E2510593374B06934FF4007329
:1095E000ADF81C30354B42F8103F08F020FCA54682
:1095F0006FF01500BD46F8BDB0F1205F4FEA9064F2
:1096000018D32B4803685A07F2D06D468AB06A46D1
:109610002B4B4FF411510593274BCDE906344FF4F2
:109620000073ADF82030274B42F8103F08F0FFFBE5
:10963000AD46DDE7631EDBB2082B31D8224A234D4D
:10964000D15C234AD65C234AD25CEB5CC5B28D4226
:109650000BD8C0F3052CB44507D8C0F30556964285
:1096600003D8C0F3853098421FD9114803685B07BF
:10967000BED06E468CB06A46174BCDE908410593C3
:109680000D4B4FF45151CDE906354FF40073ADF851
:109690002830124B42F8103F08F0C9FBB546A7E747
:1096A0003F2300211A461E46D0E70020A2E700BF54
:1096B000CC030020A475010C0B7F010C03000001FA
:1096C000D275010C04000001607E010C457E010C86
:1096D000577E010C4E7E010CF075010C0600000156
:1096E0002DE9F3470C46002519494368214380467C
:1096F00016461F68019508F09DFB022804D03560CE
:10970000002002B0BDE8F0874FF0060AB4FBFAF97A
:109710005FFA89F52946404601AA08F016FC0028A0
:10972000EFD10AFB1944E4B2032C94BF4C375037F5
:10973000AD003D442B6804F00304E400E34013F063
:109740003F03DDD0019AB2FBF3F23260D8E700BFED
:1097500000FFFF0F2DE9F04F83B01C4643680D4614
:1097600092469A68002302EB81084B4900AF2943D7
:109770007B608146D0F810B0D8F8206008F05AFB22
:1097800002284FF0000351D1D8F8201001F00F014A
:1097900051451BD1414803685C0711D06C4688B025
:1097A0006A463F4B53613F4B4FF4E25193614FF494
:1097B000007393833C4B42F8103F08F038FBA546FA
:1097C0006FF085000C37BD46BDE8F08FBAF1060F8B
:1097D0000BD18B1F052B08D8304803685907EFD0F1
:1097E0006C4688B06A46314BDCE70B290AD8DFE8C3
:1097F00001F00620323D3D40454545454545DBF8F5
:1098000000307B60D8F82020012D4FEA124218BFAB
:10981000D2B2F30439D51D2A28BF1D2201230132FB
:1098200092B293409AB27B68B3FBF2F300202360BC
:10983000C8E7AB1EDAB2092A04D80BEB830BDBF8BE
:109840000430DEE7154803685A07B9D06C4688B083
:109850006A46174BA6E7012D1BD00C220121484672
:109860003B1DFFF777FF0028CCD0ABE74FF4004358
:10987000C7E74846391D00F01DF8F4E706394846A9
:109880003A1DC9B2FFF72CFFEDE7012A38BF0122CC
:10989000C9E76FF05B0095E700FFFF1BCC030020DA
:1098A0001D76010C9F7E010C030000013F76010C28
:1098B0006176010C37B50C4641680A68136913F4E8
:1098C000807303D10020236003B030BD136BDB072E
:1098D00001D4094BF6E78B68D56BD3F880100522CD
:1098E00001AB01F00F01FFF735FF0028ECD1019B20
:1098F000ADB26B432360E7E7006CDC022DE9F04F6B
:1099000083B043688146D3E900BA0E46144600AFDF
:10991000CDB2EAB9A74803685A0712D06C4688B09E
:109920006A46A54B4FF4E2510593A44B06934FF4BE
:109930000073ADF81C30A24B42F8103F08F077FAE4
:10994000A5466FF0150840460C37BD46BDE8F08FC0
:1099500008467B60FFF732FE7B688046E0B19548A1
:1099600003685B0715D06C468AB0B60E6A46954B05
:1099700008950593914B4FF43151CDE906364FF4DC
:109980000073ADF82430904B42F8103F08F04FFAC6
:10999000A5466FF08508D6E7B20E082A00F2868148
:1099A000DFE812F0090013008700DB00F800FE007A
:1099B00022016F017C01DBF81430227823F0800350
:1099C00043EAC213CBF81430BDE7D9F80430A178CC
:1099D0009A681D68D2F8803061F30303C2F88030C2
:1099E0006378002B46D02B6BDFF8E09143F0010247
:1099F000DBB243F001032A632B6301F0B5FD064699
:109A0000AB6FDBB101F0B0FD831B4B45F8D9694862
:109A100003685E0797D06C4688B06A466C4B53610A
:109A20006C4B93614FF400734FF4E2519383644B9A
:109A300042F8103F08F0FBF9A54684E7EA6BA388DB
:109A40006FF30F021343EB6301F08EFD0646DFF860
:109A50007C91AB6F73B101F087FD831B4B45F8D947
:109A6000544803685D073FF46EAF6C4688B06A46A1
:109A7000594BD4E7EB6A227803F07F0343EAC21321
:109A8000DBB2EB6201F070FD0446504EAB6F002B71
:109A90003FF459AF01F068FD031BB342F6D94548C6
:109AA00003685C073FF44FAF6C4688B06A464B4B87
:109AB000B5E72679D9F804300B2ED3F8009023DCD3
:109AC0009B6803EB850ADAF88430334343F04003A4
:109AD000CAF8843001F048FD8346DAF8843058062D
:109AE00012D401F041FD394AA0EB0B039342F4D9A3
:109AF000304803685B073FF426AF6C4688B06A467F
:109B0000374B0593374B8CE70B2ED8BF002609F156
:109B1000440252F825302188C8BF0B3E61F3090387
:109B200042F8253009F1480252F82530A17809F1B0
:109B3000400961F3050342F8253059F82530E278F1
:109B4000C8BF360223F4F063C8BF06F4E06643EAF8
:109B5000C2131E4349F82560F5E60622D9F8043001
:109B60001968B5FBF2F302FB1352D0B2032894BF7D
:109B70004C3150319B000B443F2102F00302186826
:109B8000D200914020EA0100217801FA02F202435A
:109B90001A60D8E6237803F00303CAF81030D2E63F
:109BA000DAF81C30227823F0800343EAC213CAF8A3
:109BB0001C30C8E6CC0300207F76010C1E7F010C10
:109BC000030000019E76010C05000001BFD40100D6
:109BD000C876010CF67E010CFD76010C3077010C85
:109BE0006577010CE27E010CD9F804A0012DDAF8AA
:109BF0000810D9F8106001EB85010A6A238822F465
:109C0000005222F00F024FEA02424FEA124201D004
:109C1000FF2B01D842EA0342E378A07803F00F0358
:109C200043EA403313430B6201F09EFC8146DFF8A8
:109C300090B0DAF808305B68E3B101F095FCA0EB76
:109C400009035B45F5D91F48036859073FF47BAE0C
:109C50006C468AB06A461C4B4FF4115105931B4B5E
:109C6000CDE906354FF40073ADF82030184B42F8BB
:109C7000103FDFE6002D7FF466AEE37886F83A30D9
:109C800061E69B68C6F3052603EB8603D3F88020C4
:109C9000217861F30302C3F8802054E6D968237861
:109CA000CA6822F0FF021343CB604CE60548036804
:109CB0005A073FF46EAE0121064A04F093FD68E6B0
:109CC000BFD40100CC0300209277010CCA7E010CA6
:109CD00004000001E277010C2DE9F04782B0002377
:109CE000D0F80480D0F810A000AF06460846894698
:109CF00015467B60FFF762FC0446C0B14548036827
:109D00005A0711D06C4688B06A46434B5361434BA7
:109D10004FF4E25193614FF400739383404B42F848
:109D2000103F08F084F8A5466FF0850016E049461C
:109D3000304608F07FF802280ED14FEA99635FFAA7
:109D400089F1092B5DD8DFE803F00513181D2210F7
:109D5000373D4A4ADAF8004000202C600837BD46FB
:109D6000BDE8F0874FF48064F6E74FF40044F3E772
:109D700029463046FFF79EFDF0E72A46304608F0B8
:109D8000E4F8EBE72A463046FFF7AAFCE6E77368FB
:109D90005A68136903F00303012BE3D0991E0129CC
:109DA000E3D8D46914F00204D6D0032B14BF4FF4C7
:109DB00000444FF48064CFE72B460C223046FFF777
:109DC000C9FCCBE7D8F80830C9F3052909F1200907
:109DD00053F829100C222B4601F00F01EEE70C225C
:109DE000002130463B1DFFF7B5FC0028B6D1D8F85E
:109DF0000C307C68DB6813F0FF03ADD0B4FBF3F4E8
:109E0000AAE7044803685B078ED06C4688B06A46B0
:109E1000044B7BE7CC030020C877010CB67E010C15
:109E200003000001DE77010C2DE9F84FD0F804A003
:109E3000D0F8108000AF0846DAE9004B0E46DAF899
:109E40000890CDB2FFF7BAFBC0B15148036859077B
:109E500011D06C4688B06A464E4B53614E4B4FF45E
:109E6000E25193614FF4007393834C4B42F8103FDF
:109E700007F0DDFFA5466FF085000DE0B30E092B5E
:109E80007BD8DFE803F0050C11277A484F607A6B26
:109E9000636923F002036361BD46BDE8F88FE36A9E
:109EA00023F00203E362F7E7403454F8253023F04F
:109EB000020344F825300123D8F83020AB4022EAD1
:109EC0000302C8F83020D8F82C2022EA0302C8F890
:109ED0002C20E1E70623B5FBF3F203FB1253D9B2C2
:109EE00003294FEA820294BF4C34503414440122B7
:109EF00003F00303DB002168073302FA03F321EACE
:109F000003032360B8F838300635AA4023EA020379
:109F1000A8F83830C0E7DBF81C3023F00203CBF898
:109F20001C30B9E745B91A4803685A07A3D06C46F4
:109F300088B06A461A4B90E709EB85052B6A23F433
:109F400080732B62A8E7C6F3052609EB8609D9F8CA
:109F5000803023F04003C9F880309DE70121DAF812
:109F60000C30C6F3055203EB8203DA6BC6F3853679
:109F7000B14022EA0102DA638EE7054803685B0715
:109F80003FF479AF0121074A04F02CFC73E700BFCE
:109F9000CC030020C877010C907E010C0300000167
:109FA000FD77010CE277010C2DE9F0474FF0010835
:109FB00043680669D3F8009000AF09F1400252F8F7
:109FC00021300C4643F0020342F8213001F118031E
:109FD00008FA03F801F0C8FA0546DFF860A0D9F8DE
:109FE000103038EA030321D001F0BEFA431B534579
:109FF000F5D9134803685B0713D06D468AB06A46EB
:10A00000104B4FF4115105930F4BCDE906344FF42B
:10A010000073ADF820300D4B42F8103F07F007FFFA
:10A02000AD466FF07300BD46BDE8F0870122F36ACC
:10A03000A24013430020F362F5E700BFFF0D27079E
:10A04000CC0300202978010C9E7F010C0400000144
:10A050002DE9F04F83B00546D0F804B000AF0846B4
:10A060000C46FFF7ABFA0646E0B1864803685E0788
:10A0700011D06C4688B06A46834B5361834B4FF4D2
:10A08000E25193614FF400739383814B42F8103F88
:10A0900007F0CDFEA5466FF0850630460C37BD466D
:10A0A000BDE8F08F2146284607F0C4FE022800F0E4
:10A0B000E5806A684FEA946C11689368BCF1090FF7
:10A0C00000F28380DFE80CF005363B5481595F696C
:10A0D00081744B6943F002034B61230E032B03F0A1
:10A0E000FC0A40F29580BAF1140F05D8694B23FAA7
:10A0F0000AF3D90700F18C80DBF814804FF00009D7
:10A10000BAF1140F40F08780DBF80430DB68DA071F
:10A11000C3D4614B1B78002B40F0858001F024FAFA
:10A1200002467A6001F020FA7A685C49831A8B4211
:10A13000F7D983E0CB6A43F00203CB62CDE70F206F
:10A14000E1B24B1C2A6903EB43035B0000FA03F303
:10A15000108F034205D02846FFF726FF0028BCD009
:10A160004CE0012303FA01F1136B0B431363B4E7D3
:10A170002846E1B207F040FFF0E75268D36943F0A8
:10A180000203D361A9E714F0FF02A6D003EB820318
:10A190001A6A42F480721A629FE7C4F3052203EB45
:10A1A0008203D3F8802042F04002C3F8802094E775
:10A1B000D268C4F3055302EB83020123D16BC4F3CD
:10A1C000853083400B43D36387E72E4803685D07E0
:10A1D0003FF461AF6C468AB06A46314B4FF411517F
:10A1E0000593304BCDE9063C4FF40073ADF82030B9
:10A1F0002D4B42F8103F07F01AFEA5462148036890
:10A200005C073FF448AF6C4688B06A46274B34E79A
:10A210004FF4FA6872E72146284607F00BFE022841
:10A220007FF477AF39E7FAF795FD214B1B58002BE8
:10A230003FF474AF0A20002108F0DCFB09F10109AA
:10A24000C145FFF45DAF0F4803685B0702D16FF0B3
:10A25000730622E76C4688B06A46164B4FF4E2510B
:10A2600005930A4B06934FF40073ADF81C30084B6E
:10A2700042F8103F07F0DBFDA546E8E76FF07706F0
:10A280000BE700BFCC030020C877010C827E010CD5
:10A290000300000110111000631E0020BFD4010054
:10A2A0004478010C797E010C040000016C78010CEB
:10A2B000080000008A78010C2DE9F0414368314A1A
:10A2C0001D6804696B69487A1A400B7C00021B0602
:10A2D00000F4706003F040730343087A00AFC001DC
:10A2E000C0B203438878400100F020000343887A1D
:10A2F000000100F010000343C878C00000F008001F
:10A3000003434878800000F00400034308784000CD
:10A3100000F00200034313436B614B6823600B782A
:10A320001BB301F021F90646DFF85C802B69DA07E0
:10A330001ED401F019F9831B4345F7D9134803686C
:10A340005B0712D06C4688B06A46114B4FF4E2515D
:10A350000593104B06934FF40073ADF81C300E4B71
:10A3600042F8103F07F063FDA546BD46BDE8F08109
:10A37000636B43F480536363238F43F001032387AC
:10A38000F3E700BF41F0FFFCFF0D2707CC030020DF
:10A390009F78010C8E7F010C030000012DE9F0472E
:10A3A00006690C46338F00AF9D061BD59D48036898
:10A3B00003F00703022B12D96C4688B06A469A4B09
:10A3C0004FF4E6510593994B06934FF40073ADF8A3
:10A3D0001C30974B42F8103F07F029FDA546BD46BB
:10A3E000BDE8F08796F83A30052B00F0D18043683D
:10A3F0001D689A68EB6A23F00203EB628B78012BED
:10A4000040F082800978736BCB40D80719D4854817
:10A41000036803F00703022BE1D96C468AB06A4651
:10A42000844B0593814BCDE90631032308934FF408
:10A430000073ADF82430804B4FF4335142F8103F95
:10A44000CAE7D2F88030DFF8F4A161F3030343F0E8
:10A450004003C2F8803001F087F88046DFF8E091D1
:10A46000DAF880305B0600F1B98001F07DF8A0EBEE
:10A4700008034B45F4D96B4803685B07AFD06C46C3
:10A4800088B06A466F4B5361684B4FF4E251936159
:10A490004FF400739383664B42F8103F9CE72B6B9D
:10A4A000627903F0490343EAC213A279DBB2520195
:10A4B00002F020021343E279DFF88491120102F0E6
:10A4C00010021343227A920002F004021343627ACC
:10A4D000520002F00202134343F001032B6301F028
:10A4E00043F88046AB6F7BB101F03EF8A0EB080368
:10A4F0004B45F7D94B4803685D073FF470AF6C4696
:10A5000088B06A46504BBEE7EB6AE27803F07F03FF
:10A5100043EAC213DBB2EB626278EB6A520002F0EC
:10A52000020203F0FD031343EB6201F01DF88046C5
:10A53000DFF80C91AB6F7BB101F016F8A0EB0803CC
:10A540004B45F7D9374803685C073FF448AF6C4682
:10A5500088B06A463D4B96E76378002B3FF43FAFE7
:10A5600001F002F88046DFF8E8902B69D90528D47D
:10A5700000F0FAFFA0EB08034B45F6D92948036821
:10A580005A073FF42CAF6C4688B06A46314B7AE7E5
:10A590002448036803F00703022B12D96D4688B0E4
:10A5A0006A462D4B4FF4E6510593204B06934FF42A
:10A5B0000073ADF81C301E4B42F8103F07F037FC1B
:10A5C000AD466378002B3FF40AAF736B43F400533E
:10A5D0007363338F43F02003338700E7A37AEA6B7A
:10A5E000A1891B0403F4FE036FF316020B4313430C
:10A5F000EB6300F0B9FF8046DFF84490AB6F002BAF
:10A600003FF44DAF00F0B0FFA0EB08004845F5D98E
:10A61000044803685E073FF4E2AE6C4688B06A46C1
:10A620000E4B30E7CC030020B878010C7B7F010C87
:10A6300003000001E978010C05000001000001445D
:10A64000BFD401003879010CC876010C3077010CB9
:10A65000FF0D27076879010C8479010CFD76010C48
:10A660002DE9F04F83B0D0F810900D78D9F8306014
:10A6700000AFEE4016F001030C467B6023D191F849
:10A6800007B0D9F8343023FA0BF3D9071FD46B483D
:10A69000036803F00703022B15D96C468AB06A469B
:10A6A000674B4FF433510593664BCDE906350323D1
:10A6B00008934FF40073ADF82430634B42F8103F19
:10A6C00007F0B5FBA5460C37BD46BDE8F08F4368E3
:10A6D000BBF10B0FD3F80080D3F810A02DDC9E68DF
:10A6E00006EB8506D6F884204BEA020242F04002CF
:10A6F000C6F8842000F038FF0246D6F884003A609D
:10A7000042061AD400F030FF3A685049801A884255
:10A71000F3D94A4803685B07D5D06C4688B06A46CF
:10A720004B4B5361474B4FF4E25193614FF400732D
:10A730009383484B42F8103FC2E708F1440252F8B5
:10A7400025306189BBF10B0F61F3090342F8253015
:10A750004346217B53F8482FC8BFABF10B0B61F385
:10A760000502C8BF4FEA0B2B43F82520C8BF0BF4E6
:10A77000E063A079C8BF7B60637908F1400252F8BA
:10A780002510C002DB0100F46050DBB27E6821F4CA
:10A790007E5103430B431E4342F82560E2892E4B52
:10A7A000D8F86C1003EA0243228A6FF3DE11D2015B
:10A7B00092B213430B43C8F86C3000F0D5FE064646
:10A7C000DFF888B0D8F878305B0616D500F0CCFEFC
:10A7D000831B5B45F6D9194803685A073FF473AFEA
:10A7E0006C4688B06A461D4B9BE70122D9F8303091
:10A7F000AA401343C9F8303065E72379002B3FF4B2
:10A8000062AFDAF81C30164E43F48033CAF81C30BD
:10A8100000F0AAFE0446DAF80C30D805E5D400F0C2
:10A82000A3FE031BB342F6D90448036859073FF45B
:10A830004AAF6C4688B06A460A4B72E7CC030020E8
:10A84000BE79010C6C7F010C05000001BFD4010032
:10A850006577010C030000010000FF7F027A010C04
:10A86000FF0D27072C7A010C2DE9F84306248C46AE
:10A8700009780569B1FBF4F62B8F01F1060823FA7C
:10A8800008F3DB0704FB161400AF1CD52848036847
:10A8900003F00703022B13D96D468AB06A46254B95
:10A8A0005361254B1462C2E906364FF4007393845A
:10A8B000224B4FF4335142F8103F07F0B8FAAD463F
:10A8C000BD46BDE8F8834FF03F094368032C1A6882
:10A8D0004FEA8603D4BF4C325032134404F0030EC7
:10A8E0001A684FEACE0E09FA0EF922EA09099CF815
:10A8F000052002FA0EF242EA09021A609CF80430BE
:10A9000053B90B48036803F00703022BD8D96D46EF
:10A910008AB06A460A4BC3E707F06EFB0028F0D105
:10A9200001232A8F03FA08F313432B87C8E700BFDC
:10A93000CC0300205D7A010C597F010C0500000159
:10A94000927A010C2DE9F041056900AF2B8FDC06EE
:10A950001BD53B48036803F00703022B12D96C4652
:10A9600088B06A46374B4FF4E6510593364B069351
:10A970004FF40073ADF81C30344B42F8103F07F031
:10A9800056FAA546BD46BDE8F08143680A7C5C687E
:10A99000CB7B52009B0002F0020203F0040313433E
:10A9A0008A7B606902F0010220F007001343034331
:10A9B0006361E36926480A7B18404B7A12029B04C4
:10A9C00002F4706203F4701313430A7AD201D2B214
:10A9D00013434A78920002F0040213430A785200AB
:10A9E00002F0020213430343E3610B78002BC9D04A
:10A9F00000F0BAFD0646DFF85C80E368DA0719D498
:10AA000000F0B2FD831B4345F7D90D4803685B078F
:10AA1000B8D06C4688B06A460F4B4FF4E2510593AC
:10AA2000094B06934FF40073ADF81C30074B42F806
:10AA3000103FA4E72B8F43F010032B87A2E700BF42
:10AA4000CC030020C97A010C467F010C03000001F1
:10AA500079F0C3FFFF0D2707F87A010C2DE9F047C5
:10AA600006690D78736B0C46EB40D90700AF1CD517
:10AA70005A48036803F00703022B13D96C468AB0C7
:10AA80006A46574B4FF413510593564BCDE90635A3
:10AA90004FF40073ADF82030534B42F8103F07F0ED
:10AAA000C6F9A546BD46BDE8F08794F807C0338FC8
:10AAB00023FA0CF3DA0719D44848036803F00703B4
:10AAC000022BEFD96C468AB06A46484B4FF433519B
:10AAD0000593444BCDE90635032308934FF40073E7
:10AAE000ADF82430424B42F8103FD8E7D0F804804C
:10AAF000012DD8F80820638A02EB8502116A21F43F
:10AB0000745121F00F014FEA01414FEA114101D088
:10AB1000FF2B01D841EA03416379003B18BF0123B1
:10AB200041EA4331237C0BB141F48051637D207AAB
:10AB3000DB02800200F4806003F400630343207DA5
:10AB40000CF00F0C400243EA0C0300F400700343C6
:10AB50002079DFF8A0A0000200F4807003430B43CB
:10AB6000136200F001FD8146D8F808305B68DBB164
:10AB700000F0FAFCA0EB09035345F5D91748036828
:10AB80005B078FD06C468AB06A461B4B4FF411515D
:10AB90000593144BCDE906354FF40073ADF8203022
:10ABA000114B42F8103F7AE7AB1E092B0FD8E26831
:10ABB00006EB83035A600122736BAA401343012DF5
:10ABC000736302BF338F43F0020333876AE7002DBC
:10ABD000F1D1E37986F83A30EDE700BFCC030020ED
:10ABE000177B010C337F010C04000001497B010C31
:10ABF00005000001BFD401009277010C2DE9F04F50
:10AC0000934A87B0934B00AFC7E900234FF46061CC
:10AC100030230125C7E90213394604464668D0F8B7
:10AC200010803D61FFF748FB40F201104FF40043F4
:10AC3000C7E9000340F20713DFF81CC23946C7E931
:10AC400002C3002320463B61FFF77CFEB368DFF8B8
:10AC50000C921D7000F088FC0546B368D3F804A080
:10AC6000BAF1000F21D000F07FFC431B4B45F4D913
:10AC70007B4803685B0712D06C4688B06A46794B04
:10AC80004FF4E2510593784B06934FF40073ADF8FF
:10AC90001C30764B42F8103F07F0C9F8A5466FF01C
:10ACA00073001C37BD46BDE8F08F0523032688F8E6
:10ACB0003A3001254FF006084FF002091422002116
:10ACC000381D08F064F86A4B394620463B6087F827
:10ACD00007807D823D71FFF7C1FE14220021381DDF
:10ACE00008F055F8634B394620463B6087F80780EB
:10ACF000A7F812903D71FFF7B1FE14220021381D14
:10AD000008F045F85C4B39463B6007232046FB7151
:10AD10007D823D71FFF7A2FE14220021381D08F04C
:10AD200036F8564B39463B6008232046FB717D823E
:10AD30003D71FFF793FE14220021381D08F027F81B
:10AD40004F4B394620463B607D823D71FFF786FEC2
:10AD50004FF001334B4A3946C7E90023204603F13F
:10AD60007F43BB60BD81FFF719FB4749474B4FF05D
:10AD70000308C7E900134FF0967339462046C7E928
:10AD80000238C7F810A0FFF76BFC40F601234048DB
:10AD90003946C7E900032046FFF766FD41F6011377
:10ADA000DFF8F0C039462046C7E900C3FFF75CFD75
:10ADB00040F601434FF4006BDFF8DCE039462046F3
:10ADC000C7E900E3FFF750FD344B39462046C7E999
:10ADD000003BFFF749FD324A39462046C7E9002BC0
:10ADE000FFF742FD2F4A39462046C7E9002BFFF7FF
:10ADF0003BFD013E7FF45DAF636832465B682046F1
:10AE000029491D612B4607F02AF92B464A46204660
:10AE1000264907F024F92B4642462046244907F0EC
:10AE20001EF92B4604222046224907F018F92A462B
:10AE30002046214907F028F92A4620461F4907F0F5
:10AE400023F920462A461E4907F01EF9304628E716
:10AE500001000001001BB70000000101BFD4010088
:10AE6000CC0300209C7B010C697E010C03000001D7
:10AE700000FFFF1B01FFFF1B02FFFF1B03FFFF1B68
:10AE800004FFFF1B0101000100C0FF0B0100010CCA
:10AE900000FFFF0F01FFFF0F02FFFF0F03FFFF0F78
:10AEA00004FFFF0F05FFFF0F30E7FF1F37EEFF1F07
:10AEB00035ECFF1F10D2FF1F3E7F34240E3F0524C8
:10AEC0000B7F042408B5074807F037FA38B1064865
:10AED000FAF7A4F90448F5F79DFF002008BD6FF0CC
:10AEE0001200FBE7D42F010CEDAE000C0A2838B598
:10AEF0000446074D04D1AB680D2128465B6898478E
:10AF0000AB6803485B68E1B29847204638BD00BF94
:10AF1000D42F010C10291FB528BF10210C460C4B53
:10AF2000D3F8E02112BA0092D3F8E42112BA0192C8
:10AF3000D3F8E82112BA0292D3F8EC310A461BBAD0
:10AF40006946039307F0FDFE204604B010BD00BF24
:10AF50000070000A2DE9F04300250127DFF8E0E04A
:10AF600000F1020CEBB2994202D80020BDE8F08358
:10AF700030F825403CF82560C4F3422804F00F0364
:10AF8000B8F1010F5EF82330C4F304122AD15BB389
:10AF900003EB52084FEA143998F8304012F0010FD1
:10AFA00015BF04F00F0404F0F00444EA091449EA60
:10AFB000040488F8304003EB020898F8404044F05D
:10AFC000010488F8404016F0010F07FA02F803EB7D
:10AFD00002040BD116F0020F0ED194F8409009F044
:10AFE000FB090DE0002BEED10135BBE7D3F8109043
:10AFF00048EA0909C3F8109094F8409049F0040910
:10B0000084F8409094F8409016F0080F14BF49F06F
:10B01000020909F0FD0984F840901C6816F0100F31
:10B0200014BF48EA040424EA08041C60DC6E07FA32
:10B0300002F236064CBF224324EA0202DA66D3E764
:10B04000C442010C0121024A024803F0CBBB00BFFD
:10B05000097C010C0004002070B5054600F084FA5C
:10B0600004460B4EEB69DA0610D000F07DFA031BA4
:10B07000B34207D9074B1B685B0707D0BDE8704098
:10B08000FFF7E0BF022007F029F9EBE770BD00BF32
:10B09000BFD4010000040020F7B50D4647680669DB
:10B0A000BC682368204623F002032360FFF7D4FF27
:10B0B000EB79002B64D1F3712979022960D82046FD
:10B0C00007F0EEF82B7933716B79012B52D163685D
:10B0D00023F0400363602046FFF7BEFF6B79737176
:10B0E000AB79042B4CD82B4A2046D35C626822F003
:10B0F00007026260626813436360FFF7ADFFAB79DC
:10B10000B3710023F86901938368DB6813B1796A2E
:10B1100001AA9847019A2868002A34D05308010BE5
:10B120000005C01841F100010023F4F7B9FF4FF604
:10B13000FF72431E61F10001934271F1000125D2BB
:10B140002368404280B223F460432360A0812B68CF
:10B15000204633607B7B012B02BF236843F08003D2
:10B160002360236843F002032360FFF775FF00208C
:10B1700003B0F0BD032B03D1636843F04003A9E79C
:10B180006FF08500F4E76FF01500F1E76FF0210034
:10B19000EEE700BFAB7F010C2DE9F7434668074699
:10B1A000D0F81080F069B468836896F80C901B683A
:10B1B000716A2BB96FF05705284603B0BDE8F083DC
:10B1C0009847054610B110F1780FF5D1D6E907017F
:10B1D00083681B68002BEDD09847054610B110F12D
:10B1E000780FE9D1BF232375002388F8073033791E
:10B1F000042B02D96FF08505DEE7544A2046D35C64
:10B20000626822F007026260626813436360FFF7BE
:10B2100023FF3379204688F80630717907F040F82B
:10B22000737988F80430B379012B7ED1636823F0F9
:10B23000400363602046FFF70FFFB37988F80530BD
:10B24000B16832690B68120523F44C1302F4401202
:10B250001A4373691B0403F4403313430B602368E0
:10B2600043F000532360236823F01C03B9F1000F5F
:10B2700062D023602368002143F080432360B06ADA
:10B2800001AA06F014FF051E96DB019B0022197926
:10B290001868FFF75FFE054600288DD163682046D9
:10B2A00043F400336360FFF7D7FE6368204643F43E
:10B2B00080336360FFF7D0FEF069716A8368DB68F2
:10B2C0000BB101AA9847019A3068002A37D0530879
:10B2D000010B0005C01841F100010023F4F7E0FE66
:10B2E0004FF6FF72431E61F10001934271F10001BC
:10B2F00028D22268404283B222F460422260A381B5
:10B3000033683846C8F80030B3699847737B2046E5
:10B31000012B02BF236843F080032360236843F0BE
:10B3200002032360FFF798FE46E7032B7FF462AF2A
:10B33000636843F040037CE743F0040399E76FF050
:10B34000150539E76FF0210536E700BFAB7F010C2B
:10B350004FF0E0230D4A9969126818699B6900292A
:10B3600008BF1146002B08BF134610F4803F084861
:10B3700001D1994205D20168114401604FF0E021EA
:10B38000096900681044C01A704700BF001A002005
:10B39000FC1900202022094B002083F8232042F6CC
:10B3A000E062074B1A60074B42F6DF6218604FF00D
:10B3B000E0235A61072298611A61704700ED00E0AE
:10B3C000001A0020FC190020684620F007018D4675
:10B3D00019B5FFF7BDFF1449144B0868D3E90042C3
:10B3E000001942F10002C3E9000200230B6042F69B
:10B3F000E0630F4AD2E90041001BB0FBF3F0434386
:10B400001B1941F10001C2E90031EFF31181202342
:10B4100083F31288BFF36F8F01F0D2FCF9F72AFC97
:10B42000BDE8194085467047FC190020D81000205F
:10B43000D01000202DE9F041374E89B1421C0AD1CD
:10B440004FF0E022136923F0010313614FF07F43B3
:10B450003360BDE8F0813568012806DC00240AE08D
:10B46000431C3568F8D140F2755040F2765398424B
:10B47000A8BF1846441EEFF31187202383F31288D8
:10B48000BFF36F8FFFF764FF4FF0E0232349D3F83A
:10B4900018C0D1E9002380184FF0000243F10003E7
:10B4A000C1E900031E4B1A601E4B1A68831A2DD483
:10B4B00042F6E06E42F6DF6814FB0E841C44B4FBD7
:10B4C000FEF4131A0EFB0433B3F5806F38BF4FF44C
:10B4D0008063154A934228BF13464FF0E022336041
:10B4E000013B946953610023A4459361ACEB0400D4
:10B4F000D1E900320DD20544EB1842F10002C1E956
:10B50000003287F31188BFF36F8FA2E74FF4806397
:10B51000E3E7C318F1E700BF001A0020D8100020AD
:10B52000FC190020D010002060CCFF0038B5EFF3EC
:10B530001185202383F31288BFF36F8F084B1C689B
:10B54000084B1B68E41AFFF703FF85F31188BFF36C
:10B550006F8F42F6E0632044B0FBF3F038BD00BFCC
:10B56000D8100020D010002038B5EFF3118520232B
:10B5700083F31288BFF36F8F044B1C68FFF7E8FE5C
:10B5800085F31188BFF36F8F204438BDD810002099
:10B59000024B03600248C01A40097047942F010C07
:10B5A0001430010C10B50446F5F7B2FF05480368E6
:10B5B0005B0703D00121044A03F014F9204606F08A
:10B5C000C7FE00BFEC0300205D7C010C2DE9F047B5
:10B5D00004460D4600AFEFF31189202383F3128850
:10B5E000BFF36F8FDFF8D080344AD8F80030966808
:10B5F00059075ED0042898BF314BEA468AB0117CC7
:10B6000098BF53F820306A4688BF2E4BCDE90731EA
:10B6100040F201332C48ADF824302C4BCDE9050421
:10B6200042F8103F00234FF431512348F6F70EF94A
:10B63000D54665B1EB69C3F3080343B1D8F80030D0
:10B640005A071FD00121224A1B4803F0CBF8D8F833
:10B6500000305B0716D01EBB1E48E8468AB06A461B
:10B660001D4B0790CDE9053640F20133ADF820308F
:10B670001A4B42F8103F00234FF411510E48F6F7D1
:10B68000E5F8C54629462046FFF78CFF89F3118867
:10B69000BFF36F8F3046F9F7FDFABD46BDE8F0877E
:10B6A000304607F0B1F80028D6D00378002BD3D06D
:10B6B000D3E7002DBED1E5E7EC030020041A0020FB
:10B6C0001C43010C6C7C010C827C010C0500000108
:10B6D000AA7C010C7A7C010CCB7C010C04000001DB
:10B6E00038B50A4B53F82040013053F82050A5429A
:10B6F00000D838BD606830B1037EDB0701D406F0A6
:10B70000FBFD0834F3E723689847FAE73043010C60
:10B71000012270B5294B86B003201A70FFF7E0FFB5
:10B7200001F006FD0420FFF7DBFF254C254D2646E2
:10B73000AE4204F130040FD301F06CF9204CAC425E
:10B7400026D301F07BF902F08EF91F4A938923F08A
:10B750000103938106B070BD54F80C3C059354F876
:10B76000103C049354F8143C039354F8183C02938F
:10B7700054F81C3C019354F8203C009354E90A23EC
:10B7800054E90C0100F064FD54F8303C5E65CEE7EE
:10B79000D4E90A23B3F1FF3F08BFB2F1FF3F05D060
:10B7A00052EA0301206803D100F008FE3034C6E7F6
:10B7B0000649183001F074FAF8E700BF631E002054
:10B7C0000435010C0435010C981100205729010C97
:10B7D000B82370B5144E86B003FB0066134B0122EC
:10B7E00005930F23CDE903320023CDE90133142360
:10B7F0004FF4A0720E4D0F4903FB0055044602FBA7
:10B8000000110D4B3046009500F022FD337C2C7466
:10B8100023F004033374094B013403EBC423EE60BB
:10B820006B6006B070BD00BFE01000202D7D010CE4
:10B83000041A0020683B0020E124010C683300203A
:10B840007FB50020FFF74CFF2C4B83F308880025C1
:10B85000E0232B4C84F82230E57725766576A576B3
:10B8600084F82050E576636A43F4E0236362636AF8
:10B8700043F400236362A563E3689BB243F0BF63B4
:10B8800043F40833E360F9F709F9F9F7EDF94FF0FC
:10B89000FF33A362E362F9F7EBFBF9F761FAF5F71F
:10B8A0007DFD184800F03EFD0120FFF719FF022042
:10B8B000154CFFF715FF01F0A5F8144B4FF480620B
:10B8C0005C61134B1349059301232046CDE90353D3
:10B8D000CDE90155104B009500F0BAFC0646237CDB
:10B8E000204623F00403237406F0FDFF2846FFF7EB
:10B8F0006FFF31462046084AF9F798F9683B002067
:10B9000000ED00E05012002098110020041A0020E1
:10B91000327D010CA83C002011B7000C38B5064C54
:10B92000064DAC4201D3002038BD2046D4E90112B7
:10B9300006F058FD1434F4E7540400207C04002081
:10B940001FB5054CCDE9002302940A46002106F0FC
:10B9500007FD04B010BD00BF9DDD000C30B5054BE8
:10B9600085B0DDE908450293CDE9004506F0F8FC15
:10B9700005B030BDA3DD000C38B5074C074DAC4217
:10B9800001D3002038BD204606F050FD08B91C3414
:10B99000F5E76FF01500F5E73804002054040020A7
:10B9A00073B50C46EFF31181202585F31288BFF3A0
:10B9B0006F8FC5685DB125602B68C36083690133F3
:10B9C0008361002081F31188BFF36F8F11E052EA89
:10B9D000030603D16FF00B002560F3E7CDE90023E8
:10B9E0000246083000F006FF18B9034B9B685B69FC
:10B9F000236002B070BD00BF041A0020F7B50D46E9
:10BA000004469DF82010EFF31187202080F3128860
:10BA1000BFF36F8F266AE068864240D22668B44240
:10BA20001AD0CEB1304606F066FD06F1180007F0D8
:10BA300082F82946002554F8082F706907F081F92B
:10BA40003046C6F8B45006F04EFF2046394606F0A0
:10BA5000A8FF284603B0F0BDA268A9B12946E06955
:10BA600007F06FF9E369A26813446269E3619342E6
:10BA700001D12369E3610020236A0133236287F344
:10BA80001188BFF36F8FE5E7A069236929469842C3
:10BA900008BF6069801AA06107F053F9EBE752EA2A
:10BAA00003010BD0074904F1080089684D61CDE915
:10BAB00000233946224600F09DFECBE76FF02200BE
:10BAC000DDE700BF041A0020F7B504460846EFF38F
:10BAD0001186202181F31288BFF36F8F216A00291C
:10BAE0003BD0A268A16907F02CF9A369A268256878
:10BAF00013446269A361934204BF2369A361236A6B
:10BB0000AC4203F1FF33236236D02846002D34D0F7
:10BB1000002706F0F0FC05F1180007F00CF8696941
:10BB2000A268E06907F00DF9E369A26828461344AA
:10BB30006269E361934204BF2369E361236A0133CD
:10BB40002362C5F8B47006F0CEFE04F10800314659
:10BB500006F027FF384603B0F0BD52EA030111D0CA
:10BB60000A4989684861CDE900233146224604F13B
:10BB7000080000F03FFEEEE7002086F31188BFF3D7
:10BB80006F8FE8E76FF02200F7E700BF041A00208C
:10BB90002DE9F341044617461E46EFF31188202392
:10BBA00083F31288BFF36F8F304BC2689B6872B10A
:10BBB0008068984217D057EA060216D188F3118898
:10BBC000BFF36F8F6FF00F0002B0BDE8F08193F903
:10BBD0000E1001322161C4E9023288F31188BFF3EB
:10BBE0006F8F0020F0E72169F3E793F90E1090F9C9
:10BBF0000E30994230DA9942A8BF194606F08FFC00
:10BC0000054622464146CDE90076194800F0F2FD8E
:10BC10000028E6D0EFF31186202383F31288BFF3C8
:10BC20006F8FA068D0B1236821699C420AD04BB1C4
:10BC300093F90E309942A8BF19466FF07F039942DD
:10BC4000B8BF194606F06BFC40B13146084806F013
:10BC5000A8FE6FF00A00B7E70025D2E7002DF4D167
:10BC600086F31188BFF36F8FF3E700BF041A00203B
:10BC7000641E0020F8B583680546002B40D0234A97
:10BC8000926893423FD1C368012B03D9013BC36043
:10BC90000020F8BDEFF31187202383F31288BFF350
:10BCA0006F8F0169806806F03AFC2C68A54207D1C5
:10BCB0000023C5E9023387F31188BFF36F8FE7E7ED
:10BCC000002CF5D0D4E90032002613605A60237CA2
:10BCD000C4E9006623F002032374A66004F118008F
:10BCE00006F029FFAC6094F90E3020462B61C4F8B1
:10BCF000B46006F0F8FD3946054806F052FEC7E785
:10BD00006FF01500C5E74FF0FF30C2E7041A0020BE
:10BD1000641E002037B51146EFF31185202282F30F
:10BD20001288BFF36F8F04689CB12368426823F0C8
:10BD300003039442036008BF43600121204606F0DC
:10BD400072FC044685F31188BFF36F8F204603B061
:10BD500030BD51EA0302F5D000F10802CDE900132D
:10BD60001046294600F046FD0028EFD1014B9B68A4
:10BD70005C69EBE7041A002070B5EFF3118620230D
:10BD800083F31288BFF36F8F0468A0421BD0D4B135
:10BD9000D4E90032002513605A60237CC4E90055C1
:10BDA00023F002032374A56004F1180006F0C3FE1B
:10BDB0002046C4F8B45006F096FD3146BDE8704008
:10BDC000064806F0EEBDD0E902329A4218BF0133B0
:10BDD000836086F31188BFF36F8F70BD641E0020EF
:10BDE00013B5EFF31181202484F31288BFF36F8F12
:10BDF000846844B1013C846081F31188BFF36F8F84
:10BE0000002002B010BD52EA030406D181F311886C
:10BE1000BFF36F8F6FF00F00F3E7CDE90023024609
:10BE2000014800F0E7FCECE7641E00202DE9FF412B
:10BE300004462027534EEFF3118887F31288BFF38F
:10BE40006F8FD4F8BC50F5B9022104F1D40006F08C
:10BE500023FC002870D004F1CC05002201212846E3
:10BE600006F026FE0028F8D100234FF0FF3202939F
:10BE70004FF0FF334146CDE90023434804F1C402AB
:10BE800000F0F2FDD7E7D4F8C0202B689542C4F843
:10BE9000BC3008BFC4F8C030D4F8D43043F002033B
:10BEA000C4F8D430EB6823F0040343F00103EB60E3
:10BEB0006B6888F31188BFF36F8F28469847EFF3BC
:10BEC000118887F31288BFF36F8FEB68D80623F0D1
:10BED00001023ED4EA60EB689A0717D5306823F078
:10BEE0000203EB6090B10021036878B1426895428B
:10BEF0003DD10368002934D172683360904200D18B
:10BF00007360002340F8083BFFF736FFD4F8D430C5
:10BF100023F00203C4F8D430DB0530D4D4F8BC30AD
:10BF2000003B18BF012388F31188BFF36F8F002BEC
:10BF300081D006F09EFC7EE7D4F8D430D90693D5A4
:10BF4000C4F8D40088F31188BFF36F8F04B0BDE844
:10BF5000F08123F01103EB6005F11000FFF70CFFF7
:10BF6000B9E70B607368984208BF7160C9E7014682
:10BF70001BB11A6818461346B7E71A46FAE70023BA
:10BF8000D1E700BF281A0020641E002070B5C368E6
:10BF90000546C3F340069B070C460DD50122002140
:10BFA00004F1080006F06CFB00232360054B65607C
:10BFB0005A681AB9C3E90044304670BD14605C6029
:10BFC000FAE700BF281A0020F8B5C36804469A07AC
:10BFD0000E46C3F3400542D45F0742D40B680BB949
:10BFE00083680B60E368D80742BFA368022533600B
:10BFF000376858BF012557B31B4B9A68D7F8B8303C
:10C000009A421ED106F0FAFB80F00100C0B2D7F8C8
:10C01000D430D907C3F380021CD5F2B1F8B10023A4
:10C020002360D7F8C03073B9C7E92F44384606F00B
:10C030004DFBE36843F00403E3603368A3602846E4
:10C04000F8BD0020E3E71C60C7F8C040EEE76FF0E2
:10C05000150506E06FF0120503E01B07DFD56FF052
:10C060000F0500233360EAE7041A0020F0B5044608
:10C07000002089B00E9DC4E92F0004F1C400C4E97A
:10C08000310004F1CC00C4E9330055B3287900280D
:10C0900040F2011008BF0120C4F8D40000204FF086
:10C0A000FF364FF0FF37CDE90330CDE90100CDE990
:10C0B000066720460C4B009400F0A4F955B129689E
:10C0C00011B1204600F076F86B791BB1A38943F0DB
:10C0D0000103A381204600F071F9C4F8B84009B00B
:10C0E000F0BD0120D8E700BF2DBE000C37B5019090
:10C0F0000846EFF31184202181F31288BFF36F8F7C
:10C10000C16811F01E0F16D153EA020508D101A92A
:10C11000FFF75AFF84F31188BFF36F8F03B030BD70
:10C1200041F00801C160019910308161034900F0BC
:10C13000B7FD0120EEE70020ECE700BF4127010C2E
:10C1400001460148FFF7D2BF28130020F7B50C467F
:10C1500016461D460190EFF31187202383F31288C2
:10C16000BFF36F8F084606F0A2FA55EA060309D11D
:10C17000204601A9FFF728FF87F31188BFF36F8FCF
:10C1800003B0F0BDE368324643F00803E360019B6F
:10C190000449A36204F110002B4600F081FD012048
:10C1A000EAE700BF4127010C01460148FFF7CEBF77
:10C1B0002813002010B5044608B9054B9C681F22BF
:10C1C00004F17C0006F01AFE002084F89B0010BDEC
:10C1D000041A00202DE9F0470C4681B37AB30025FC
:10C1E00090F81090174F561E6019B9F1000F04D146
:10C1F00004F805902046BDE8F087B7F804A019EAD6
:10C200000A0F1AD0FB88A6EB0508984528BF984668
:10C210003968424606F095FD39EA0A0945440CD0D2
:10C22000A6EB0508B8F1010F28BF4FF0010860190F
:10C230004246054906F085FD45440837D4E7034CDE
:10C24000D8E700BF4843010C3A7D010C0849010CB6
:10C250002DE9F04F984685B000F15803C0E9163338
:10C26000129B0F4683810423002604460374073281
:10C27000119B22F0070A5246837301EB0A05C0E9BD
:10C2800006668660C673AA213846DDF838B0DDF848
:10C290004C9006F07CFD29462046F8F7A3F8109B49
:10C2A000073020F00700C4F8A400C4E9277A0293FD
:10C2B0000F9B2D1ACDE900B32A4643463946204646
:10C2C000F8F798FC0F9BC4E91A8B2367109B6665EF
:10C2D0006367EFF31183202282F31288BFF36F8F1D
:10C2E0000F4F3A6A3C62A26783F31188BFF36F8FE6
:10C2F000B9F1000F11D01F22494604F17C0006F06D
:10C300007DFD84F89B60BB680BB1D3F8A83028464C
:10C31000C4F8A83005B0BDE8F08F84F87C90F2E74F
:10C32000041A00200123037483810023C0E927330A
:10C33000C0F8A830014B9860704700BF041A002075
:10C340000E4A03469268824204D1EFF305820AB98D
:10C3500000F0E8BAEFF31181202282F31288BFF3D4
:10C360006F8F1A7C12F0100204D081F31188BFF392
:10C370006F8F7047184600F03FB900BF041A0020C5
:10C3800010B5EFF31184202282F31288BFF36F8F70
:10C39000027CD10604D484F31188BFF36F8F10BDE3
:10C3A00022F01002027406F0ADFA2146BDE81040FA
:10C3B000014806F0F6BA00BF641E002038B50446F6
:10C3C000EFF31185202383F31288BFF36F8F037C73
:10C3D0005B070FD5183006F0AEFB237C204623F018
:10C3E0000403237406F08EFA2946BDE83840044859
:10C3F00006F0D7BA85F31188BFF36F8F38BD00BF41
:10C40000641E0020F0B5002587B00595109DDDE97C
:10C41000127604950F9D044603950E9D02950D9D81
:10C4200001950C9D0095FFF713FFB6F1FF3F08BF84
:10C43000B7F1FF3F05D056EA070305D12046FFF7C5
:10C44000BDFF204607B0F0BD3A46334604F1180060
:10C45000014900F025FCF4E75729010C6FF00A01AF
:10C46000094A9368C3F8B4100849C3F8B0004B6890
:10C4700043F080534B60002383F31188BFF36F8F29
:10C480009368D3F8B4007047041A002000ED00E070
:10C4900038B590F910200146002A037C04DA03F035
:10C4A0007F03037406F0E7F90D4D2A4652F8184F42
:10C4B000AB68944200D004B9EC688B4207D01A7C78
:10C4C000D20604D1DA897F2A01D9A2692AB1A3420E
:10C4D00002D0204600F00AFB23466B6138BD00BF46
:10C4E000041A002070B590F91020037C002A2FDB7D
:10C4F000D9062DD11A4C63F07F032246037452F8FB
:10C50000183FE169934207D1C0E900210860E0616A
:10C510000FE09942F8D01B68002BF5D093F90E601C
:10C5200090F90E50AE42F4DD5968C0E90031086060
:10C530005860A569954200D005B9E568A3681A7CE2
:10C54000D20606D1DA897F2A03D9AA690AB96361BA
:10C5500070BDAB4202D0284600F0C8FA6561F7E72B
:10C56000041A0020034648B9EFF3058232B9064A9F
:10C5700051699268914201D0FFF770BF83F311882F
:10C58000BFF36F8F704700BF041A002038B5184CF6
:10C59000A168E0690B68814214BF1A46002249680D
:10C5A0000B605960A368E1692AB9124AC3E9002106
:10C5B0000B60E3610AE092F90E5093F90E00854298
:10C5C00012DD5168C3E900210B605360A569094B76
:10C5D0009D4200D005B9E568A3689D4202D0284677
:10C5E00000F084FA656138BD8A42DED01268DBE76C
:10C5F000041A00201C1A0020002A2DE9F0470CBF65
:10C600004FF010094FF00809027C044619EA020FA6
:10C610000E460F462BD149EA0203D20949D10374D1
:10C62000B9F1080F4BD04FF00008DFF8F8A05346DF
:10C6300053F8185F9D4200D00DB9DAF80C50DAF8C3
:10C640000830AB4202D0284600F050FAB9F1100F82
:10C65000CAF814500BD0204603F06BFB204600F0C4
:10C6600095FAB8F1000F02D02F48FFF75BFE2D4B73
:10C670009B68A3424FD1EFF30583002B4BD1A289D6
:10C68000D20711D586F31188BFF36F8F83F311881A
:10C69000BFF36F8F0423184602DFEFF311872023C7
:10C6A00083F31288BFF36F8F3846BDE8F047FFF77A
:10C6B000D5BE03F07F03037406F0DDF8B0E7A3688E
:10C6C00013B1204606F0DFF804F1180006F033FA43
:10C6D000A56D04F15808A84511D04FF0000A75B1B6
:10C6E000284606F0D0F805F1180006F024FA28468E
:10C6F000C5F8B4A0FFF7F6FEA56DA845EFD1094B2C
:10C700009B689C428FD1EFF30588B8F1000818BFF1
:10C710004FF0010889E786F31188BFF36F8FBDE8FA
:10C72000F08700BF041A00205012002070B50F4D92
:10C7300006462B4653F8184F9C4200D004B9EC68CB
:10C74000AB681A7CD20604D1DA897F2A01D9A269A2
:10C750002AB1A34202D0204600F0C8F923466B61FB
:10C760003046BDE87040FFF7FDBE00BF041A002050
:10C7700070B5EFF31186202383F31288BFF36F8F18
:10C780001A4CA168E0690B68814214BF1A46002266
:10C7900049680B605960A368E1692AB9144AC3E982
:10C7A00000210B60E3610AE092F90E5093F90E004C
:10C7B000854216DD5168C3E900210B605360A5690D
:10C7C0000B4B9D4200D005B9E568A3689D4202D09D
:10C7D000284600F08BF965613046BDE87040FFF7F0
:10C7E0003DBE8A42DAD01268D7E700BF041A0020A3
:10C7F0001C1A0020F8B5124B0C46DDE906761146EE
:10C800009868104A1060EFF31182202282F3128898
:10C81000BFF36F8F9D68284606F03FF8B6F1FF3FE3
:10C8200008BFB7F1FF3F06D03A463346064905F147
:10C83000180000F035FA2046BDE8F840FFF70EBEBC
:10C84000041A0020301A00205729010CF8B50446BC
:10C85000EFF31187202383F31288BFF36F8F037CDC
:10C8600049B203F01F02002A0CBF0126002635D171
:10C8700003F07F032A4D037405F0FDFF2A46037C75
:10C88000817363F07F03037452F8183FE8699342A1
:10C8900007D1C4E900200460EC610DE09842F8D0B3
:10C8A0001B68002BF5D093F90EC08C45F6DD596856
:10C8B000C4E900310C605C60AC69944200D004B9FA
:10C8C000EC68AB689C4202D0204600F00FF96C6126
:10C8D00087F31188BFF36F8F3046F8BD9B071CD5D7
:10C8E000856805F0C8FF81732B689D4209D16B688C
:10C8F000C4E900531C606C60EAE76A689A42F6D0AB
:10C900001B68002BF3D093F90E208A42F5DD5A689C
:10C91000C4E9003214605C60DAE78173D8E700BFD5
:10C92000041A002070B5EFF31186202383F31288D8
:10C93000BFF36F8F037C0D4D03F07F0343F01003B3
:10C94000037405F098FF2B4653F8184F9C4200D013
:10C9500004B9EC68AB689C4202D0204600F0C6F8EF
:10C960006C613046BDE87040FFF778BD041A0020C6
:10C97000F8B550EA010306460C4603D105F079FFED
:10C980000020F8BDEFF31187202383F31288BFF353
:10C990006F8F184D184BA868186005F0B5FFA86890
:10C9A000324623461549183000F07AF9AB68044640
:10C9B0001A7CC3F8B07042F004021A746FF00A02D5
:10C9C000C3F8B4200E4A536843F0805353600023E9
:10C9D00083F31188BFF36F8FAA68D2E90A12B2F10C
:10C9E000004F08BF9942CBD106F0DAF8201A20EAAE
:10C9F000E070C6E7041A0020301A00205729010C05
:10CA000000ED00E0024B03F11802C3E90622704773
:10CA1000041A0020EFF31181202383F31288BFF35F
:10CA20006F8F054B9A68D37B013BD37381F31188D9
:10CA3000BFF36F8F704700BF041A0020EFF311801F
:10CA4000202383F31288BFF36F8F034B9A68D37B45
:10CA50000133D373FFF76ABE041A0020014B9868B4
:10CA6000704700BF041A0020D3B5DDE90667089CB3
:10CA7000CDE90067FFF7BEFE1CB1034B9B685B6905
:10CA8000236002B0D0BD00BF041A0020027C034620
:10CA900012F01F0210D10A4988420DD009490868D6
:10CAA00068B1D9897F2909D893F90E20064B1B68F4
:10CAB0009A42B8BF00207047002070471046704768
:10CAC000E0100020B8020020341A00200122044B9C
:10CAD000C01A044BC0105843034B1A54704700BF90
:10CAE00008130020ABAAAAAA641E002070B50C4B44
:10CAF0000C4D1E7CFFF7CAFF182303FB06550446A6
:10CB0000284606F018F80022074B9A553CB1621EE1
:10CB10002846BDE870400549D31700F0C1B870BD84
:10CB2000041A002008130020641E0020CDCA000C47
:10CB300038B5EFF31185202383F31288BFF36F8F8D
:10CB40000F4B104A9C681068A04206D1FFF7CEFF39
:10CB500085F31188BFF36F8F38BD00211B7C1160F6
:10CB6000094AD35C002BF3D02046FFF78FFF002843
:10CB7000EED0237CDB0601D1FFF708FD2046E5E778
:10CB8000041A0020301A0020641E0020EFF31181E7
:10CB9000202383F31288BFF36F8F0A4A136A8342FC
:10CBA00007D19B6F136281F31188BFF36F8F7047BA
:10CBB0001346002BF7D09A6F8242F9D1826F9A67A1
:10CBC000F1E700BF041A0020F8B505460E46EFF362
:10CBD0001187202383F31288BFF36F8F064B1C6AE3
:10CBE00024B987F31188BFF36F8FF8BD2046314613
:10CBF000A847A46FF4E700BF041A0020F8B5064662
:10CC00000F46EFF31183202282F31288BFF36F8F58
:10CC100015460B490C6A24B983F31188BFF36F8F53
:10CC2000F8BD83F31188BFF36F8F39462046B047B4
:10CC3000EFF3118385F31288BFF36F8FA46FEAE7D8
:10CC4000041A0020024B1868984208BF0020704761
:10CC5000BC020020034B1B680BB9FEF767BC002029
:10CC6000704700BF381A002030B570B10B4B5B68BD
:10CC700098420AD0036843B1D3E90421D0E90445BE
:10CC8000121941EB0501C3E90421D0E90032136018
:10CC90005A600023C0E9003330BD00BFBC02002051
:10CCA000B3F1FF3F08BFB2F1FF3F2DE9F84F044653
:10CCB000994615461F467AD08160EFF311882023EC
:10CCC00083F31288BFF36F8FB9F1000FDFF8E4A090
:10CCD00020DBFFF7BFFFDAE90027013549F1000942
:10CCE0002D1849EBE07306464FF00109C4E90453DF
:10CCF000AD1843EB0707FFF7A5FF0346DFF8B8E0E1
:10CD0000DEF804A0EBB9C4E900EACAF80040CEF8A6
:10CD1000044028E06FF00103DAE900125B1A4FF0DB
:10CD2000FF3161EB02025B1B62EB0902012B72F126
:10CD30000001BCBF012300224FF00009C0E904320A
:10CD4000D9E7D3E9041CD4E904208A4270EB0C0B28
:10CD500024DA891A5A686CEB0000C3E90410C4E9AC
:10CD6000003214605C60FFF76DFF84420ED1134BFC
:10CD70001B685BB9B9F1000F02D1FFF76BFF0646E4
:10CD8000304605F0C1FE0021FEF754FB88F3118800
:10CD9000BFF36F8F28463946BDE8F88F521A60EB13
:10CDA0000C005345C4E90420ADD01B68AAE7002558
:10CDB0002F46EFE720130020BC020020381A002085
:10CDC0002DE9F047DFF8A8900246C9F800000D46AB
:10CDD000FFF738FF00260027DFF898804FEAE27E51
:10CDE000D8E9001350B1D0E9044CA2427EEB0C0A02
:10CDF0001ADAA41A6CEB0E06C0E904460024521895
:10CE000043EB0E032046C8E90023C9F8004005F0B3
:10CE10007BFE2146FEF70EFB85F31188BFF36F8F73
:10CE2000BDE8F047FFF784BE611843EBE473C0E947
:10CE30000467C8E90013FFF717FF01224FF0004312
:10CE4000C0E9042385F31188BFF36F8F8368984787
:10CE5000EFF31185202383F31288BFF36F8FD9F886
:10CE60000020121BC9F80020FFF7ECFEB6E700BF58
:10CE7000381A00202013002010B5EFF3118420236E
:10CE800083F31288BFF36F8FFFF7E4FE0346054A72
:10CE9000D2E90001181841EBE37184F31188BFF364
:10CEA0006F8F10BD20130020F8B50446EFF31187F3
:10CEB000202383F31288BFF36F8FD0E90423B3F1EB
:10CEC000004F08BF012A04D087F31188BFF36F8F8A
:10CED000F8BDD0E90A566A1C46F10003022A73F134
:10CEE000000334D3013D46F1FF36002EBCBF0025C0
:10CEF0002E4605F059FE013041F10001401946EB84
:10CF00000101012871F1000148DB05F04DFE6FF0D1
:10CF10000203013041F10001401946EB0101834257
:10CF20006FF000438B413EDB05F03EFE013041F1E6
:10CF300000016FF00102401946EB01034FF0FF3191
:10CF4000121A61EB030320461949FFF7A9FE236B70
:10CF500001332363236A63B187F31188BFF36F8FB3
:10CF600020469847EFF31187202383F31288BFF3FD
:10CF70006F8F54F8185FA542A6D0002DA4D0284684
:10CF800005F0C4FC0023C5F8B43087F31188BFF363
:10CF90006F8F2846BDE8F84005F0A5BC6FF0010290
:10CFA0004FF0FF33CFE700224FF00043CBE700BF45
:10CFB000A9CE000C2DE9F04105461C4690461F46BF
:10CFC000EFF31186202383F31288BFF36F8FB4F140
:10CFD000FF3F08BFB2F1FF3F05D186F31188BFF3D1
:10CFE0006F8FBDE8F081002C09DB012A74F100038A
:10CFF000BCBF0122002412F1FF3844F1FF3728465C
:10D0000005F099FDDDE906010023C5E90A012B635E
:10D0100042463B4628460249FFF742FEDDE700BF95
:10D02000A9CE000C70B50546EFF31184202686F3D7
:10D030001288BFF36F8F05F07EFD20B184F3118855
:10D04000BFF36F8F70BD6B6A63B184F31188BFF358
:10D050006F8F28466B6A9847EFF3118486F3128826
:10D06000BFF36F8F05F1180005F085FC0028E5D0AF
:10D0700005F039FC2146BDE87040014805F091BC3F
:10D08000651E002073B50446EFF31186202383F359
:10D090001288BFF36F8F8368594003EA02050A4084
:10D0A00053400022009309496B46019205F0CCFCE5
:10D0B000DDE9003223EA020304F10C003146A360EB
:10D0C00005F06FFC284602B070BD00BFD72C010CE4
:10D0D000F8B507460C46164605F090FB08B100204F
:10D0E000F8BD0E4B9B68D3F8A850002DF7D0221D39
:10D0F000F5D2EFF31184202383F31288BFF36F8FEF
:10D10000284647F00401B04784F31188BFF36F8FBE
:10D110000028E4D040F8045BE2E700BF041A0020D6
:10D120000146024A0020FFF7D3BF00BF9DDD000C7F
:10D13000014800F08ABF00BF6B7D010C07B5074BAB
:10D140004FF48062009306494FF0FF330548FEF725
:10D150008DFF002003B05DF804FB00BF8843010C85
:10D16000A840002028130020F8B54F4A0D460023A0
:10D17000D0E90001F2F744FF002A0446B7BF02F5E8
:10D18000A8324A4B4A4B02F5C072E41841F100063E
:10D190004FF46161E01CB2FBF1F301FB13224FF08D
:10D1A0003C01AB60B2FBF1F301FB132246F100013D
:10D1B0006B6000232A600722F2F722FF002A54DA6C
:10D1C0000732AA613B4800233B4A201866F1000160
:10D1D000F2F716FF384B48F6AC6140F2B45703FB48
:10D1E000104440F26D164FF0050CB4FBF1F1B4FBA6
:10D1F000F7F32144C91A314BB4FBF3F3C91A48F6CB
:10D200009463B1FBF3F3B1FBF6F2B1FBF7F1234406
:10D210005B1A992106FB123303EB83045E1C023474
:10D22000B4FBF1F779430231B1FBFCF1761A40F21D
:10D23000F9518C424FF4C8748CBF6FF00901022180
:10D2400004FB00203944012998BF0130B3F5997FD0
:10D2500013D3A3F59973A0F26C70EB610023EE6019
:10D26000C5E904102B622846F8BD002EAA61A9DB8F
:10D27000114A002320463146AAE7970710D14FF004
:10D28000640C92FBFCF70CFB17275FB992FBF4F7D9
:10D2900004FB1722B2FA82F252093B331344DAE755
:10D2A0000022FAE70122F8E7805101006CFA0A0037
:10D2B0006BFA0A0050C5FDFFB13A0200B03A020015
:10D2C0000CB430B58BB004460D462022002102A8D4
:10D2D00005F05DFD0223002D06948DF80A300C4BFD
:10D2E000039312DB01D06B1E1C440FAA0E9902A8F7
:10D2F0000794019200F074F915B1069B00221A7090
:10D300000BB0BDE8304002B070470024EDE700BF2D
:10D31000132F010C242A2DE9F041054601D8012ADA
:10D320000AD1354B1622F7F715FD1A5001B10D60E1
:10D330000020BDE8F0813046064616F8014B202C4F
:10D34000F9D0A4F109072346042FF4D92B2C32D0AD
:10D350002D2C33D14FF0010C3378861C302B34D177
:10D36000307840F0200078282BD132F0100028D1FE
:10D3700073783546102202360CF100470020013F39
:10D38000B7FBF2FE02FB1E78392B82BF03F1FF339D
:10D3900043F02003263B303B9A421DD9704502D80A
:10D3A00017D1984515D24CF0020C3446354614F886
:10D3B000013B2646E8E74FF0000CCDE74FF0000CAC
:10D3C000CCE7002A08BF0822D6E7002A08BF0A22B5
:10D3D000D2E700FB0230E8E701B10D601CF0010F5D
:10D3E00018BF40421CF0020FA3D0034B2222F7F7D4
:10D3F000B1FC1A5038469CE70C000000242AF0B516
:10D40000044601D8012A40D12E4B1622F7F7A2FC80
:10D410001A5001B10C600020F0BD2F463D4615F8B2
:10D42000010B2028F9D0A0F109060346042EF4D9F7
:10D430002B282CD02D282CD101262B78BD1C302B4D
:10D440002DD1287840F02000782824D132F0100027
:10D4500021D16B782C46102202350020392B82BF57
:10D4600003F1FF3343F02003263B303B9A421AD9A5
:10D47000A0FB02040CB9C01801D346F002062F46E7
:10D480002C4617F8013B3D46E8E70746C6E700266D
:10D49000D3E70026D3E7002A08BF0822DDE7002AE9
:10D4A00008BF0A22D9E701B10C60F20748BF404229
:10D4B000B307B1D5034B2222F7F74CFC1A504FF0BB
:10D4C000FF30A9E70C000000242AF0B507460D46FE
:10D4D00001D8012A0AD1414B1622F7F73BFC1A501A
:10D4E00005B12F6000200146F0BD3046064616F813
:10D4F000011B2029F9D0A1F109040B46042CF4D911
:10D500002B293DD02D293ED14FF0010C3378861CBC
:10D51000302B3FD1317841F02001782936D132F0DB
:10D52000100133D1737837461022023600200146AD
:10D53000392B82BF03F1FF3343F02003263BA3F1D5
:10D540003004A24236D94FF0000E39BBA0FB027363
:10D5500038461946BEF1000F0AD13F1953F10003B6
:10D56000384628BF4FF0010E1946BEF1000F01D01A
:10D570004CF0020C3446374614F8013B2646D7E7F8
:10D580004FF0000CC2E74FF0000CC1E7002A08BFC3
:10D590000822CBE7002A08BF0A22C7E7A2FB013115
:10D5A000A0FB02701B1841F100010029D0D04FF000
:10D5B000010ECDE705B12F601CF0010F02D04042F3
:10D5C00061EB41011CF0020F8ED0044B2222F7F7D1
:10D5D000C1FB1A504FF0FF3085E700BF0C00000080
:10D5E0002DE9F04F43688BB08046924600938378D4
:10D5F0009C0740F1F98000250878002800F0F680AB
:10D6000025280AD04B1C019301354146009B9847C1
:10D610000028C0F2E3800199EEE74E788B1C252E9E
:10D620000193F1D000270A22B9463C461F2C22D88C
:10D63000A6F12003102B20D8DFE803F0141F1F1AD7
:10D640001F1F1F0B1F1F1F121F171F1F090044F052
:10D650000104019B13F8016B0193002EE6D13AE01F
:10D6600044F0020444F00404F3E744F00804F0E753
:10D6700044F01004EDE77F2C24D8A6F13003092BE9
:10D6800008D860064EBF02FB073744F0200402FBB7
:10D690000939DEE72A2E0DD161065AF8043B53D42E
:10D6A000002BA7BF44F020049946C3F1000944F0C1
:10D6B0002804CEE72E2E05D1630600F1978044F0B2
:10D6C0004004C6E76C2E2ED028D8682E32D06A2EA1
:10D6D00037D04C2E35D0002F46F02003B8BF24F0B1
:10D6E0004004A3F16502BCBF0027A4B2022A01D9FD
:10D6F000612B2BD10AF1070A07279D4E2AF0070A52
:10D700000AF1080A210760D506EB070B34465C4591
:10D710005DD1AE1BA9EB0709A21959E1742E98D06F
:10D720007A2E96D0D7E7260648BF44F4007444F01A
:10D7300080048EE7E00548BF44F4007444F480742C
:10D7400087E744F4207484E71F4682E7A6F163026A
:10D75000122A00F2D880DFE812F013004D00D60044
:10D76000D600D600D6004D00D600D600D600D60092
:10D77000D600E800D100D600D6001A00D600A000DE
:10D780005AF8043B012704AE8DF81030BAE75AF876
:10D79000046B784B002E08BF1E4614F0400F304635
:10D7A00014BF39464FF0FF3105F03BFB0746A9E7B0
:10D7B00041462020009B984700280FDB013CA742F0
:10D7C000F6D34D44A1462D1B9EE74C46F7E7414654
:10D7D00014F8010B009B9847002898DA98F802305B
:10D7E00043F0040388F802304FF0FF3528460BB0B1
:10D7F000BDE8F08F220630D5A3052AD50AF1070A25
:10D800002AF007039A4659685AF8080B24F0100BBF
:10D8100000291FFA8BFB2FDA40424BF4806B61EB3F
:10D82000410104AC0A23224605F01DFB1BF0400F0A
:10D83000A0EB040200F08E802BF001049742A4B20A
:10D8400040F38F80002E40F08E802BF01104A4B2A4
:10D850001DE05AF8040BC117D8E7E0055AF8041B7D
:10D8600001D40846F7E7A20547BF48B241F3C0110B
:10D8700008B241F3C031C9E750EA0103D1D16306D0
:10D88000CFD5002FCDD124F011043A46A4B23B46A7
:10D8900040F206410C4262D124E024F010040A2335
:10D8A000A4B214F0800243D014F4007117BF0AF13F
:10D8B000070A5AF8040B2AF0070292461CBF516867
:10D8C0005AF8080B50EA01023ED124F0160B62060A
:10D8D0001FFA8BFB3CD5002F3AD124F017043A46AF
:10D8E0003B46A4B221075AD4E10705D5994572DD1C
:10D8F000A9EB03039F184B469B464AE044F01004F3
:10D9000010237826CDE7782B04D1C6F1780343F0B5
:10D910001003C6E741462520009B98470028FFF6E4
:10D920005DAF02354146304670E608230026B8E771
:10D9300014F480715AF8040BC4D014F400711ABFA7
:10D94000C0B2114680B2BDE724F006041FFA84FB82
:10D9500004AC68E713465C46E10699D52EB901335D
:10D96000C0E71346F8E73B46F6E70233BAE700BFE5
:10D97000A97D010CA27D010CCDE902324146202097
:10D98000009B98470028FFF629AF0BF1010BDDE95A
:10D990000232D945F0DCEB1A03EB0B055B46E106DE
:10D9A00027D541463020CDE90232009B9847002818
:10D9B000FFF614AFDDE902327EB901352F44791B41
:10D9C0008A4229DB144604AE94BB2A44A9EB03091E
:10D9D0001546914440E017468EE7023541463046F1
:10D9E000CDE90232009B98470028DDE90232E5DAF2
:10D9F000F4E640F206410C42E0D014F0020F05F1CB
:10DA00000105414614BF2B20202014F4806FCDE97E
:10DA1000023218BF2D20E5E7CDE902324146009BD6
:10DA20003020013598470028DDE90232C7DAD5E613
:10DA3000013C4146CDE90232305D009B9847002809
:10DA4000DDE90232C0DAC9E641462020009B0135FB
:10DA500098470028FFF6C2AEA9EB0503002BF3DCC4
:10DA6000D9E500BF704700207047836800EBC10113
:10DA7000B3F5004F2CBF51F8220031F81200704767
:10DA800000EBC1018068B0F5004F2CBF41F8223097
:10DA900021F812307047012208B5FFF7E6FFD040A9
:10DAA00008BD836800EBC101B3F5004F08D34B6894
:10DAB0001AB143F001034B60704723F00103FAE70A
:10DAC0004B881AB143F001034B80704723F00103E8
:10DAD000FAE753000122FFF7D3BF08B58368B3F517
:10DAE000004F06D3FFF7D7FF01288CBF002001208D
:10DAF00008BD0020FCE78368B3F5004F34BF042362
:10DB00000823C91A081AC00870478368B3F5004F84
:10DB100028BF0139B1FA81F0C0F11F0070472DE92B
:10DB2000F041174603220E460446FFF79EFF864249
:10DB3000054607F104080AD10122E368BA4023EA46
:10DB40000203E360002344F82830BDE8F081314649
:10DB500002222046FFF789FF06462B460146032294
:10DB6000204644F82850FFF78BFF334629462046CD
:10DB7000BDE8F0410222FFF783BF38B504460D46E9
:10DB8000FFF7ABFF70B929462046FFF784FF014637
:10DB90002046FFF7BAFF294602462046BDE8384036
:10DBA000FFF7BDBF38BD2DE9F04705468946FFF7B1
:10DBB000ACFF05EB800ADAF81070064677B94FF033
:10DBC000FF34EB680136B4401C4015D094FAA4F23F
:10DBD000B2FA82F2131D55F8234009E03C464FF09B
:10DBE000030821462846FFF756FF814507D83246ED
:10DBF00021462846FFF793FF2046BDE8F0872146DF
:10DC000003222846FFF731FFB8F101080446CAF89D
:10DC10001000D4D08742E4D1D1E72DE9F041144679
:10DC20000E460546FFF737FFA4EB0608371B0744EF
:10DC3000424631462846FFF74CFF3A4621462846E1
:10DC4000FFF747FF4346002221462846FFF718FF0B
:10DC500021462846FFF71FFF3B4621180022284691
:10DC6000BDE8F041FFF70CBF2DE9F0411646044630
:10DC70000F46FFF710FF314605462046FFF70BFF22
:10DC800005442A4639462046FFF723FF3146204601
:10DC9000FFF701FF2B46311800222046BDE8F04176
:10DCA000FFF7EEBE2DE9F04104460D46FFF715FFE4
:10DCB000B8BB29462046FFF7EEFE01462046FFF797
:10DCC00024FF04EB80010E6996B90122E3688240CB
:10DCD0001343E36002220D612B4629462046FFF7DD
:10DCE000CFFE032229462046BDE8F041FFF7C8BE1B
:10DCF000022231462046FFF7B8FE07460346294672
:10DD00002046FFF7BDFE0322334629462046FFF793
:10DD1000B7FE39462B462046FFF7B2FE02223146B7
:10DD2000E1E7BDE8F08170B5056809B9002070BD74
:10DD3000AB6801F00704B3F5004F34BF042208229A
:10DD400007341444E40804EBD1049C4228BF1C4669
:10DD500028462146FFF727FF06460028E6D0014661
:10DD60002846FFF798FEA04209D934443146284698
:10DD70002246FFF752FF21462846FFF793FF284629
:10DD800001223146FFF78DFEAB68B3F5004F34BF7B
:10DD90000423082303EBC6031844C8E71146FFF722
:10DDA000C2BF2DE9F8434B42066803EA010731EA96
:10DDB00003031446B2680ED0B2F5004F2CBF0823FF
:10DDC0000423BB4228BF3B46B946CF1B94B900256C
:10DDD0002846BDE8F883B2F5004F34BF042308237A
:10DDE000994204D82146BDE8F843FFF79CBF4FF0A5
:10DDF0000009EBE7B2F5004F34BF04250825FB1AF4
:10DE0000E10804F0070001EBD301073003F007033A
:10DE100003442B4401EBD301914228BF1146304605
:10DE2000FFF7C1FE80460028D1D0B36809EBC005DA
:10DE3000B3F5004F34BF042308231D4435447B1E33
:10DE40001D44B5FBF7F57D43A5EB09052946304692
:10DE5000FFF751FE2C44073424F00704A41B80452F
:10DE600007464FEAE40408D2024641463046FFF72F
:10DE7000D4FE41463046FFF715FF39463046FFF7DE
:10DE80000AFE3844844208D2394630462246FFF71B
:10DE9000C4FE21463046FFF705FF012239463046D1
:10DEA000FFF7FFFD94E7B2F5802F34BF042308236A
:10DEB0002DE9F0410026D21A8C18CD1D25F007055A
:10DEC00024F00704641BE408056021462846AC6082
:10DED000EE60FFF71AFE820002F11B07FF083146D1
:10DEE000043205F1100004F052FF3A46314628464C
:10DEF000FFF7EFFD3346324631462846FFF7C0FDB7
:10DF0000A4EB0708284631460122FFF7CAFD424626
:10DF10003946FFF7DEFD3B46324639462846FFF7D5
:10DF2000AFFD21462846FFF7D4FD43463246214641
:10DF30002846FFF7A5FD214628460122FFF7B1FD3F
:10DF40003946BDE8F041FFF7ADBE2DE9F047064682
:10DF50000D46174698462BB34FF0000A98F800403C
:10DF600093F80190DB78A40004EB430498F80230A6
:10DF70001C444444CA4509D339463046AC46D8F817
:10DF8000042008F10803BDE8F047604714F8013B9E
:10DF90000AF1010A204648F82340F2F7ADF80130B3
:10DFA0000444E7E76FF01500BDE8F08730B502469E
:10DFB0000024002012F8013B43B178B18C4207D114
:10DFC000702B04D0A3F140053A2D07D8002030BDB6
:10DFD000A3F140053A2D01D80134EAE7252B08BF0B
:10DFE00080F00100E6E7F0B4D1E90054D0E9003256
:10DFF000002A16DA002C08DA4FF000465F4266EB82
:10E000000206BD4274EB06061ADB5B1942EB040202
:10E01000C0E9003283688A6813448360F0BCF2F779
:10E020009DBF53EA0206F0D0012D74F10006ECDB2F
:10E03000DE43AE426FF00046A6EB0206A641E3E7E0
:10E040000020F0BC7047002070470FB407B504A94A
:10E0500051F8040B019100F026FB03B05DF804EBCE
:10E0600004B0704710B50369024613F0080009D1E7
:10E070001368D4689C429BBF0120126AE31AD31A2A
:10E080000B6010BD00231846FAE713B501A904463A
:10E09000FFF7E8FF20B1019BE268013B13440193C5
:10E0A000206A019BC01A013802B010BD10B50446A9
:10E0B00050182269236AD20702D5013B184010BDCF
:10E0C000984228BFC01AFAE710B504460A46C1684C
:10E0D000FFF7ECFF2369E06023F00803236110BD24
:10E0E00038B50D46C2698B00016843F0020304464F
:10E0F00042F8213001682A46FFF7D8FFE3686168DB
:10E10000984208BF2369206008BF43F008032A46ED
:10E11000204608BF2361FFF7C9FF606038BD2DE9C5
:10E12000F74F0F460021D0F80CB0C669009216F8E0
:10E130002B209A4602F00302022A14BF894656F8A1
:10E140002B2006EB8B030193009B08BFC2F39D09B4
:10E1500019600446CAF80010B9F1000F07D049460B
:10E16000FFF7B2FFE368A3604FF0010804E0016924
:10E170008A0705D44FF00008404603B0BDE8F08F91
:10E18000816906EB8B00884716F82B10054611F0C5
:10E190000108EFD08B071DD51FB139462046FFF788
:10E1A0009FFF61682A462046FFF780FFD4E90213EB
:10E1B0008B42606007D12A462046FFF777FF4FF079
:10E1C00000080146A0602369216043F00803E16074
:10E1D0002361D1E701462046FFF776FFE168A160A1
:10E1E0001FB12068E16941F82090EA19CAF80020BF
:10E1F00021682046FFF75AFF2269206042F008029A
:10E20000226116F82B2022F0010206F82B20DDE90E
:10E2100000321A60A8E770B504461546FFF746FFBE
:10E220002368834205D12369216023F00803236119
:10E2300070BDE269AB0043F0020342F8213061682F
:10E240002A462046FFF732FF6060F1E738B50369E0
:10E2500004465B0706D5456AFFF717FF85422CBFCA
:10E260006562606238BD38B50D4604461C22002147
:10E2700004F08DFD0022EB68A361AB6863612B683D
:10E28000E3616B68626223622A6923B1591E1942F5
:10E2900008BF42F001022261012204F1280000219E
:10E2A000BDE8384004F0ECB92DE9F04F0025984660
:10E2B000036A87B08B4204460E469346AA460395EE
:10E2C000059538D3EFF31189202383F31288BFF328
:10E2D0006F8F059A2AB129462046FFF79CFF00233D
:10E2E000059304A92046FFF7BDFE04990746B142F5
:10E2F0002AD32268E369204613F8221003EB820A2E
:10E3000021F0030103F8221021683246FFF7CEFE08
:10E31000E3682060984212D0002789F31188BFF388
:10E320006F8F039929B162690AB120469047002393
:10E330000393002FC6D1504607B0BDE8F08F236984
:10E3400043F008032361E7E718B12046FFF7C8FE52
:10E35000E3E75BEA08031CD0019104F04FFA01994E
:10E36000B8B9B9F1000F14D189F31188BFF36F8FD9
:10E370005A46434604F12800FDF732FDEFF31189B8
:10E38000202383F31288BFF36F8FB0FA80F77F09E1
:10E39000C3E7204605AB03AA2568FFF7C0FE074682
:10E3A000BBE770B50446836908460D4698470246A8
:10E3B000EFF31186202383F31288BFF36F8F2B783E
:10E3C000204643F001032B706168FFF76FFE606029
:10E3D0002046FFF73BFF86F31188BFF36F8F70BDB8
:10E3E0002DE9F843044600272026EFF3118586F334
:10E3F0001288BFF36F8F2369A268190702D463687C
:10E40000934200D2236A9B1A002B42D0E06910F895
:10E41000221000EB820911F003033AD0022B04D141
:10E4200050F822305FEA930805D1CB0720D4484644
:10E43000A36998478046A16842462046FFF736FE0A
:10E440000127A06041462046FFF73EFE3B4685F38C
:10E450001188BFF36F8F002BC7D137B1B9F1000F0F
:10E4600003D104F12800FDF787FC4846BDE8F88396
:10E4700041F0020100F82210A3694846D4F8088050
:10E480009847414602462046FFF710FE0023A06051
:10E49000DDE79946DBE7F8B50446836908460D4693
:10E4A00098470646EFF31187202383F31288BFF3C2
:10E4B0006F8F2B7823F001032B7023699B0705D501
:10E4C000E268E36903EB82039D421AD12B7823F0C3
:10E4D00002032B70D4E90231994204D1324620461E
:10E4E000FFF7E4FDA06031462046FFF7EDFD87F31E
:10E4F0001188BFF36F8F04F12800BDE8F840FDF7E5
:10E500003BBC2B6860F39F032B60F0E7EFF31181B6
:10E51000202383F31288BFF36F8F02698368120789
:10E5200002D442689A4200D2026AD31A81F3118857
:10E53000BFF36F8F181E18BF0120704770B50646D5
:10E540000C888888241A3069A4B2844285B224BF1A
:10E55000641BA4B22D1BA8B2984228BF184633688A
:10E56000234413600B8803440B8070BD70B483890F
:10E5700085880669ED1AADB2731B934228BF134616
:10E5800070BC0A46011DFFF7D9BF70B40E460146A4
:10E59000C58831F80A3FEC1AA3B2934228BF13464C
:10E5A000324670BCFFF7CABF10B54B880C88E41A1E
:10E5B000A4B294420ED31A4492B28B884A800A8045
:10E5C0000069D21A92B2824201D2002010BD0344E7
:10E5D0008B80FAE76FF01500F8E72DE9F341064666
:10E5E0000F4615464FF000082A46304601A9FFF7AE
:10E5F000BDFF044640B102463946019804F0A1FB34
:10E600002D1BA0442744EFD142463046311DFFF771
:10E61000CBFF404602B0BDE8F0812DE9F34107464B
:10E620000E4615464FF000082A46384601A9FFF766
:10E63000ACFF044648B12EB102460199304604F0C1
:10E6400080FB26442D1BA044EED14246384607F1FC
:10E650000A01FFF7A9FF404602B0BDE8F08170470C
:10E6600003785B075FBF03684288C3F34A2303EB69
:10E6700012105DBF173020F007008008002070479F
:10E68000002070470346D3E8EF0F421CC3E8E12F98
:10E690000029F8D1704708B504F086FA0A22002351
:10E6A000F1F7FEFC08BD1FB50023CDE902011A46B3
:10E6B00019461846CDE90033F3F74CF905B05DF87B
:10E6C00004FB0120F2F718BE0020704718B1406823
:10E6D0000079F3F71FB84FF0FF30FAE738B504467A
:10E6E0000D4643681146DA71F3F772F80122636848
:10E6F0001D6063685A71BDE83840F2F7EFBD10B590
:10E70000436804465B7913B10021F3F761F80022F6
:10E7100063685A7110BD70B515460C4669B1D2E9EF
:10E7200001369B1B99420AD813680A46014698197C
:10E7300004F007FBAB682344AB60204670BD6FF06C
:10E740001B00FBE770B50E4615461946044618B97E
:10E75000BDE87040F2F7D0BD33B1C2F34A231030A8
:10E76000120D184404F0EDFAC4E900562046BDE845
:10E770007040F2F77BBF2DE9F3415F1C4FEA870839
:10E78000064608F1170020F0070080080C461546E1
:10E79000F2F72EFE00238DF80470ADF805308DF8E9
:10E7A000073068B10346019AA8F1040143F8102F1D
:10E7B0002A46294452F8045B8A4243F8045FF9D19F
:10E7C00000233146A20102F4E07242EA482222F01C
:10E7D0007F4222F4700222F03F0202B0BDE8F04115
:10E7E000FFF7B0BF07B50123019201AAFFF7C3FFEE
:10E7F00003B05DF804FB07B5CDE9002302236A46A8
:10E80000FFF7B9FF03B05DF804FB1FB5CDE90123A5
:10E81000069B01AA03930323FFF7ADFF05B05DF844
:10E8200004FBF8B506460D4614461F4604B9F8BD6C
:10E83000214628463A46B047241A0544F6E710B563
:10E8400042680446D2E9002381680068FFF7E9FFC7
:10E85000002263681A6010BD38B54B6805461A6817
:10E86000CB680C469A4202D10846FFF7E8FF63687E
:10E87000D3E8EF2F511CC3E8E01F0028F8D1A368AC
:10E8800000209D5438BD0A2838B504460D4602D1F3
:10E890000D20FFF7E1FF29462046FFF7DDFF0020AE
:10E8A00038BD2DE9F043054689B008460E8891F839
:10E8B00000900C46D1F808801746F3F7A5F8011E22
:10E8C000C6F38216C9F3C2091FDB4846F2F7E0FE21
:10E8D0000346214651F8102B6088C2F34A22002AD1
:10E8E00001EB020408BF00210022C0F30B10CDE9A8
:10E8F0000507CDE9031428464146CDE900220296DA
:10E90000F3F7AEF809B0BDE8F0830023E1E70B6848
:10E91000834204BF01230B71704703785B075FBF1D
:10E9200003684288C3F34A2303EB12105DBF17301C
:10E9300020F0070080080020704783681B6A03B13D
:10E940001847704708B54368197311B11868FFF785
:10E95000F4FF002008BD10B540681C462430FFF7C6
:10E960005CFE2060002010BD10B5406850F8804B60
:10E97000FEF758FB2046FFF7E0FFA368DB6A0BB108
:10E9800020469847002010BD2DE9F04145681E46FD
:10E990002B7B0C46174693B101EB0208A04507D12B
:10E9A00037600120D5E9013198470020BDE8F081AA
:10E9B000286814F8011B83685B689847EEE705F147
:10E9C0001000FFF70AFE0121306005F1B803D3E81B
:10E9D000EF2FC3E8E01F0028F9D1002AE5D128680D
:10E9E0008368DB69002BE0D09847DEE7002382686C
:10E9F00082F85C308268A2F856308268A2F85430FF
:10EA00007047034610B5D3E8EF0F40EA0102C3E8B0
:10EA1000E42F002CF7D110BD034610B5D3E8EF0F5B
:10EA200000EA0102C3E8E42F002CF7D110BD0EB4B8
:10EA300003B503AA52F8041B0192F4F721FF02B0B8
:10EA40005DF804EB03B0704708B510B1F1F754FB63
:10EA500080B208BD00F52470FDF78EB94FF0FF328B
:10EA60004FF0FF3300F52470FDF7BAB900F52070C0
:10EA700019B14FF40061FFF7C4BF6FF40061FFF7F5
:10EA8000CBBF00F5207019B14FF48061FFF7B9BF1B
:10EA90006FF48061FFF7C0BF08B500F51F7029B1A2
:10EAA0000121FFF7AEFF00F0010008BD6FF001018A
:10EAB000FFF7B2FFF7E7F7B5044600260027204628
:10EAC00000F0FAFCE06900F029FF05462046F5F762
:10EAD0000FF9A368B3F854301BB19620002103F05E
:10EAE00089FF55B1A06800F5217000220121CDE910
:10EAF000006704F01CF90028E1D003B0F0BD08B5B0
:10EB000000F52470FDF76CF9B0FA80F0400908BDFB
:10EB10000028886814BF0823012300F521701946D6
:10EB200004F0FEB810B5044680684FF4807100F51B
:10EB30002070FFF766FFA3681B7D022B02D12046E1
:10EB4000F4F70CFAA0686FF48071BDE8104000F58E
:10EB50002070FFF761BF73B5044680680E46154606
:10EB600000F5217000220023CDE9002304F0DFF836
:10EB700058B1A06800F52170314604F0D4F8204661
:10EB80002B4602B0BDE87040184702B070BD10B50A
:10EB9000836804461A7D012A28D1D3F880225104C3
:10EBA00008D5D3F87C22520704D401461A6DC069F7
:10EBB00000F05EFE41F288320023A068FFF79FFF5D
:10EBC00010B96FF00F0010BD08212046F4F748FF80
:10EBD000204600F06CFD6069F3F7E0FF2046F4F793
:10EBE00097F9A068FFF736FF0020ECE76FF085008B
:10EBF000E9E7F8B5044680681F46037D0D46022B01
:10EC0000164607D0BDE8F8404FF4805100F520705B
:10EC1000FFF7F7BE41F288320023FFF770FF48B3D9
:10EC2000A368D3F88022100508D49A6C32B9D3F8BF
:10EC30007C32990602D5204600F03EFC3B46324627
:10EC40002946204600F093FCA368D3F880221205E1
:10EC500008D49A6C32B9D3F87C329B0602D5204690
:10EC6000F5F746F8606900F097F8A068BDE8F8404D
:10EC7000FFF7F0BEF8BD0CB407B504AB53F8042B96
:10EC80000193FFF7B6FF03B05DF804EB02B07047E5
:10EC90000EB403B503AB53F8042B02210193FFF725
:10ECA000A8FF02B05DF804EB03B070470EB403B5E3
:10ECB00003AB53F8042B08210193FFF79AFF02B02E
:10ECC0005DF804EB03B070470EB403B503AB53F823
:10ECD000042B03210193FFF78CFF02B05DF804EBD6
:10ECE00003B070470EB403B503AB53F8042B0121F6
:10ECF0000193FFF77EFF02B05DF804EB03B07047AD
:10ED000070B504460D4699B10846FFF79DFE41F2E5
:10ED1000883206460023A068FFF7F1FE10B96FF0B5
:10ED20000F0070BD731C142B05D9A068FFF792FE6D
:10ED30006FF01500F5E72946A068F1F7D5F9A3684B
:10ED400083F83C60A068FFF785FE0020E9E710B576
:10ED500041F28832044600238068FFF7D0FE38B1C4
:10ED60002046F3F7E1FEA068BDE81040FFF772BE51
:10ED700010BD18B18368D3F8A40270476FF0150076
:10ED8000704710B48468A1648368DA6411B910BC58
:10ED9000FFF72CBE10BC704710B5026904468368AB
:10EDA00012680168C0689847002223691A6010BD84
:10EDB00038B5CB6805461B7C0C46022B04D10A28CB
:10EDC00002D10D20FFF7F4FF236922681B68D55498
:10EDD000226913680133136023691A6863689A42D1
:10EDE00002D12046FFF7D8FF002038BD08B510B18A
:10EDF000F1F782F980B208BD2DE9F74F824601A8EC
:10EE00000D4616461F46FCF7C3FB80464FF000092F
:10EE1000019800EB4818804501D8002028E04FB940
:10EE2000DDF804B0DBF8004084B9019C04F1200057
:10EE30000190F0E7012F04D003F07FFA0028EFD013
:10EE4000F3E703F07AFA0028EAD1EEE72378002B03
:10EE5000EBD04DB12846F1F74FF92146024628463E
:10EE600003F0BAFF0028E0D12EB9D14508D10198AE
:10EE700003B0BDE8F08F5846B0470028F5D1D4E77D
:10EE800009F10109D1E710B5047B43892244B2FBA3
:10EE9000F3F0214403FB1022B1FBF3F003FB10104D
:10EEA000101A10BD10B5047B438921441019B0FB22
:10EEB000F3F0B1FBF3F1401A10BD30B5057B438987
:10EEC0002944B1FBF3F403FB14112A4401310180FE
:10EED000B2FBF3F103FB11220134848001324C1C9C
:10EEE000C480428030BD2DE9F74F00260746884692
:10EEF00014469946B24606602378002B00F09F80A6
:10EF0000202B23D0093B042B20D93B685A1C3A60A4
:10EF100048F823403B684B4500F091800026257857
:10EF2000002DE9D0002E7BD1272D03D05C2D10D0F1
:10EF3000222D6BD12046FFF759FF611C0246204667
:10EF400003F00CFF2E46A3465C46E8E704F801AB4D
:10EF5000D2E704F1010B2046FFF748FF594602466D
:10EF6000204603F0FBFEEFE75C2D56D16278964217
:10EF7000F1D0302A21D102230025E25CA2F1300138
:10EF8000C9B2072916D8ED000133EDB2052B45EAC9
:10EF90000105F2D1591E2144204601930091FFF74B
:10EFA00025FF019B0099023BC21A204603F0D6FEC2
:10EFB0002570C9E7DBB2022BECD1782A2DD10221D2
:10EFC0000025635CA3F13002D2B2092A08D82D01D2
:10EFD000EDB215434B1C042B4FF00301DAD0F0E7E0
:10EFE000A3F16102052A05D82D01EDB2573B1D435F
:10EFF000EDB2EFE7A3F14102052A03D82D01EDB2EE
:10F00000373BF4E7022908D00323C3E7202D3FF460
:10F0100073AF093D042D7FF66FAF04F1010B93E749
:10F02000B54204F1010B9FD12046FFF7DFFE5946A0
:10F030000246204603F092FEA346002684E73046AF
:10F0400003B0BDE8F08FF8B50E46114607461546E9
:10F0500003F0F3FE0446E0B12846FFF7C7FEA742DF
:10F06000054607D214F8013C202B02BF0135ADB292
:10F0700004F1FF342046FFF7B9FE3388421C5B1BC6
:10F08000521B33802046611992B2BDE8F84003F06C
:10F0900065BEF8BD2DE9F0410F461646044686B020
:10F0A00070B1034601AC00F110052246186859689A
:10F0B000083303C2AB421446F7D1186801AC1060A4
:10F0C0004FF00008414632462046F4F7EDFB08F1C8
:10F0D0000108054628B138462968F0F7FBFF0028EB
:10F0E000F0D1284606B0BDE8F0812DE9F0471C4676
:10F0F00000230F461646DDF820809DF824902360FB
:10F1000023680546BB421BD256F8230000F0B5FD2C
:10F110002368824618B1013328462360F0E742464F
:10F12000284656F82310FFF7B5FF48B123685A1C4C
:10F130002260B9F1000FE3D08045E1D1554623604C
:10F140002846BDE8F08770B50546FFF74FFE044638
:10F1500028B12B460026621E591B8A4200DC70BD76
:10F1600013F8012B202A02D0093A042AF3D8591B9C
:10F1700089B28AB29442EED96A5C202A02D0093A56
:10F18000042A03D80136B6B20131F2E7002EE2D0EC
:10F190008AB2A21A18460132294403F0DFFDA41BEB
:10F1A0000346A4B2D6E7F8B58468064694F85C3006
:10F1B0002BB9B368B3F85420A3F85620F8BD04F176
:10F1C0005C00B4F85430C21812F8012C202A1CD06C
:10F1D000093A042A19D90022C25413461D46425D39
:10F1E0000133202A9BB200EB0501F7D0093A042A2B
:10F1F000F4D9002DDDD0B4F854707A1C521B7F1B5B
:10F2000003F0ACFDA4F85470D3E7013B9BB2A4F823
:10F210005430002BD5D184F85C30CAE700231A465D
:10F22000FFF7EABD02230022FFF7E6BD2DE9F74F05
:10F23000054601A8FCF7ACF9019C04EB40180DBB96
:10F240000024204603B0BDE8F08F266876B1304632
:10F25000F0F752FF07462846F0F74EFF874205D1E8
:10F2600031462846F0F736FF0028EAD0E3693BB183
:10F270001B682BB19A460026D3F800904E4504D166
:10F2800020340194A045E0D8DAE75AF804BF584684
:10F29000F0F732FF07462846F0F72EFF874205D1E8
:10F2A00059462846F0F716FF0028CAD00136E5E790
:10F2B0000EB403B503AA52F8041B0192F4F7E0FA66
:10F2C00002B05DF804EB03B0704710B50446F0F7E8
:10F2D00013FFB4F8543013FA80F038B1638FB0FBE9
:10F2E000F3F203FB1200B0FA80F0400910BD38B50C
:10F2F00084682046F0F700FFD4F87C52B4F856300A
:10F30000C5F3400580B205FB0300638FB0FBF3F249
:10F3100003FB1200B0FA80F0400938BD10B5044676
:10F32000FFF7E5FF18B9A068FFF7CFFF20B16069CC
:10F33000BDE81040F4F726BB10BDF8B5054684685B
:10F3400004F13000B4F85420B4F85610FFF7B5FDBE
:10F35000A868A78EE68EFFF7B8FF10B16869F4F7CA
:10F3600011FBB74207D1218E638E2846C91ABDE82A
:10F37000F840F4F723BBE18EA38E2846C91AF4F7B0
:10F3800007FBF0E7F8B504460D468068B0F8561064
:10F39000B0F8542030300D44FFF78FFDA068ADB2B7
:10F3A000B0F856102A463030FFF77CFD0746A068BB
:10F3B0002A46B0F856103030FFF765FD0646794210
:10F3C0002046F4F7E5FA31462046F4F7F7FAA36849
:10F3D000A3F85650F8BD2DE9F0410C1E064633DA6D
:10F3E0004FF0FF35644224B2A4B2AFB213E0B36869
:10F3F0000022B3F856C0B3F85480614603F15C0EA6
:10F4000069B96B1C22D1A1EB0C01304609B2FFF7A0
:10F41000B9FF013CA4B2002CE9D1BDE8F0818845D8
:10F4200001D1012DEFD01EF8013023F0200041382A
:10F43000192807D9303B092B04D9002AE3D13944D4
:10F4400089B2DDE70122FAE70125CDE7B8F1000F27
:10F45000E9D1D8E78368B3F85610494209B2FFF7FB
:10F4600091BF8368B3F85410B3F85630C91A09B283
:10F47000FFF788BF8368B3F856301BB14FF0FF31F8
:10F48000FFF780BF70478368B3F85620B3F8543055
:10F490009A4202D20121FFF775BF70478268B2F825
:10F4A0005610A2F854108368B3F856201344002273
:10F4B00083F85C20F4F75ABA10B504468068B0F8B7
:10F4C0005420B0F856103030FFF7F7FCA368204600
:10F4D000198EC1F10101F4F771FAA3682046998EE3
:10F4E0000139F4F755FA2046BDE81040F4F73EBA6A
:10F4F0002DE9FF4105460F461446002684B904B0A5
:10F50000BDE8F081D3F880229205FBD503F5207386
:10F51000D3E8EF1F21F40071C3E8E21F002AF7D1FE
:10F52000686822460368B919D3F80C8003ABC0475A
:10F53000039A1644A41A002AE0D1AB68197D032966
:10F54000EED00229DED84FF0FF304FF0FF31CDE989
:10F550000001082103F5217003F0E9FBA86800F51C
:10F560002170082103F0DFFBDAE7FFF7C1BFF7B531
:10F570001E4683681546D3F87C220446D20613D56E
:10F5800093F83E208A420FD0DB8FADF80430F4F7B9
:10F5900067FA324629466069F4F772F9204601A9F4
:10F5A000F4F77EFA03B0F0BD32462946606903B035
:10F5B000BDE8F040F4F764B90CB407B504AB53F8F8
:10F5C000042B0193FFF7D3FF03B05DF804EB02B007
:10F5D00070472DE9F04187680546B7F854608846C2
:10F5E000B318FF2B144626DCB7F85630F61A5C33F6
:10F5F0001F44B6B232463946381903F0AFFB2246F3
:10F600004146384603F09DFBAA68B2F854302344C3
:10F61000A2F85430AB68B3F854201344002283F8A6
:10F620005C20AB68D3F87C12890706D4B3F8562067
:10F630001444A3F85640BDE8F08131462846BDE8A1
:10F64000F041F4F7AFBAFFF7C4BF38B5054680689C
:10F65000B0F85620B0F85440A41AA4B29CB15C3261
:10F660001044411C224603F079FBAA68611EB2F8DF
:10F6700054302846013BA2F8543089B20122BDE83B
:10F680003840F4F78FBA38BD10B583680446B3F834
:10F6900054205AB1B3F8563043B14FF0FF31FFF761
:10F6A00071FE2046BDE81040FFF7CFBF10BD00231C
:10F6B00070B505464FF47A7492B0019368684022A1
:10F6C000036802A91E6901ABB047019B13B108B9D9
:10F6D000013CF3D112B070BDF8B5C3695E695F68D3
:10F6E00083683046D3F87C52FEF77AFEC5F30015E6
:10F6F000044650B1014605F18E023846FFF7D1F8B5
:10F7000030462146FEF7C7FE0120F8BD43681B685E
:10F71000D3E90632D3E8EFCF8C44C3E8E0CF00282A
:10F72000F8D19368D3E8EF0F0844C3E8E20F002A4A
:10F73000F8D170472DE9F843436807461E680D4627
:10F74000B268F369D2F87C429A68C4F30014127963
:10F75000012A03D0032A40D0BDE8F883D3F81480EF
:10F76000DA680B78404659075FBF2C686B88C4F392
:10F770004A2404EB131448BF00244FF00A035EBF71
:10F78000173424F00704A4082146A2FB0323FEF744
:10F790008BFD814628B93846BDE8F8430121FFF7C3
:10F7A000B5BF012CF7D9294651F8043B0268C3F3D1
:10F7B0009D0363F39F0240F8042B621E920003F046
:10F7C000C0FA40464946FEF7ECFDB06800F52170EE
:10F7D0000221BDE8F84303F0A3BA3046D3F8048011
:10F7E000FFF76AFE03F00AF804F18E07044600B33F
:10F7F000EFF31184202383F31288BFF36F8FB36874
:10F80000D3F880321A051ED53A4629464046FFF7FE
:10F8100048F8B368D3F880321B0502D43046F4F7B9
:10F8200067FA02F0EBFF90B184F31188BFF36F8F9A
:10F8300092E7B06800F524704FF0FF324FF0FF33CD
:10F84000FCF7CEFADBE73046FFF736FEDCE7B068C0
:10F8500000F52470BDE8F843FCF78EBA134610B5E6
:10F860000C460A4601461846FFF77FFE204610BDAB
:10F8700070B504460D46D0E904101646FEF7F3FCB9
:10F88000324629462068FEF729FF002263685B683C
:10F890005D60A3681A600122A3681A7170BD10B57B
:10F8A00004460068FEF72BFF0222A3681A7110BD00
:10F8B00010B5436801211C68606803689B6898471D
:10F8C000E36930BB03229B681A71A36803F52073B8
:10F8D000D3E8EF1F41F40051C3E8E21F002AF7D13B
:10F8E000A068B0F85420B0F856103030FFF7E5FAB1
:10F8F0004FF0FF312046F4F74BF8A3682046198EED
:10F900004942F4F75BF82046FFF7E6FE0028FAD1FB
:10F9100010BD1846BDE81040FFF7C1BFF7B505465A
:10F92000002203685B681C68A368D3F87C62836864
:10F93000C6F30016D3E8EF7FC3E8E12F0029F9D121
:10F940008FB13EB1A3680121DB8F2046ADF80430B2
:10F95000F4F786F839466868F2F7B8F91EB1204620
:10F9600001A9F4F79DF8204603B0BDE8F040FFF789
:10F97000B3BE78B10378C42B0BD143780B2B08D1DD
:10F980008378D22B05D1C078A0F186035842584124
:10F990007047002070470EB403B503AA52F8041B49
:10F9A0000192F3F76DFF02B05DF804EB03B070470E
:10F9B0002DE9F843054688461746002418F8043018
:10F9C000202B21D0093B042B1ED94046F0F794FB95
:10F9D000AB6880B2598F001BCB1B984208EB04091F
:10F9E00014D94846002610F8012B202A06D0A2F18F
:10F9F000090CBCF1040F02D80A2A2DD03346BA19DB
:10FA0000914228D90136EEE70134D7E74B4600266C
:10FA1000B04208D168694946FFF7BDFF6869BDE893
:10FA2000F843F4F77FB913F8012B0A2A11D168695A
:10FA3000FFF7B2F9324649462846FFF759FD01342F
:10FA400034446869F4F76EF939462846F3F7B6FF8F
:10FA5000BBE70136DCE71E466869FFF79DF93246D1
:10FA600049462846FFF744FD344418F80430202B5B
:10FA700002D0093B042BE4D80134F6E7002070479C
:10FA800083690020186070470EB403B503AA52F8CA
:10FA9000041B0192F3F7F4FE02B05DF804EB03B02F
:10FAA000704708B50168FFF72BF9002008BD83688F
:10FAB00003F51F73D3E8EF1F41F00201C3E8E21F13
:10FAC000002AF7D100207047836803F51F73D3E83D
:10FAD000EF1F21F00801C3E8E21F002AF7D1002040
:10FAE0007047836803F51F73D3E8EF1F21F01001FF
:10FAF000C3E8E21F002AF7D100207047836803F5AE
:10FB00001F73D3E8EF1F21F02001C3E8E21F002A92
:10FB1000F7D100207047836803F51F73D3E8EF1F08
:10FB200021F00201C3E8E21F002AF7D1002070474C
:10FB3000836803F51F73D3E8EF1F41F00801C3E8A2
:10FB4000E21F002AF7D100207047836803F51F7376
:10FB5000D3E8EF1F41F01001C3E8E21F002AF7D1FC
:10FB600000207047836803F51F73D3E8EF1F41F04F
:10FB70002001C3E8E21F002AF7D1002070470023CC
:10FB8000C360704770B515461E46C468F1B13CB9F4
:10FB9000034653F8044F9C4209D10020308070BDC9
:10FBA0008368A34202D10023C360F6E72468C460DF
:10FBB000002CF2D02289284604F10A0103F0C1F892
:10FBC0000022238901203380EA54E8E7002CE4D0A6
:10FBD00043689C42E7D06468E9E72DE9F8430023D5
:10FBE000044688461646C36022B3071D4068874214
:10FBF00000D0B8B906F10A0900220023494620685E
:10FC0000FBF79EFE0546B8B963689F4212D0A16813
:10FC1000D1E9003213605A60C1E90000206802F0A7
:10FC2000E9FBE9E703899342E4D10A3003F0B7F82E
:10FC30000028DFD1BDE8F8830681324641460A300C
:10FC400003F07FF86368C5E900375D606560F1E740
:10FC500070B504460025061D6368B34202D1002337
:10FC6000E36070BDA168D1E9003213605A60C1E958
:10FC70000055206802F0BEFBEEE710B5044628B13F
:10FC8000F0F73AFA002380B2984201D8002010BD64
:10FC9000E25C3F2A03D02A2A01D00133F4E7012095
:10FCA000F5E710B5044680684FF48072002100F536
:10FCB000AE7003F06CF8A068B0F8542000F15C015D
:10FCC00000F5AE7003F03DF8A06800F5AE70FFF7E8
:10FCD0003AFAA46804F5AE70F0F70EFA0130A4F811
:10FCE000580010BD10B504468068B0F8582000F5E3
:10FCF000AE715C3003F025F8A368B3F85820A3F880
:10FD0000542010BD03F043B803F01BB8014600684F
:10FD1000F4F7F4BA08B5F4F761FBBDE80840F4F76E
:10FD2000A9BF0A460121FEF75DBD00210120F4F7BD
:10FD3000E5BA6FF08500704761B662B680F311884E
:10FD4000BFF36F8F704772B6002383F31188BFF340
:10FD50006F8FBFF34F8F30BF62B6BFF36F8F7047A7
:10FD600040E800F313F4803FD8B208BF6FF01500ED
:10FD7000704730B50C684B6885B00A894D8900948E
:10FD8000013B24F01F04234402F01F0242EA451203
:10FD900023F01F0369468DF808200393F5F716F842
:10FDA00005B030BD08B5D1E904319847002008BD41
:10FDB00008B5F5F72BFA002008BD0B0704D5A0F114
:10FDC0004103192B98BF2030704707B513464022D6
:10FDD00000920A46F5F740FA03B05DF804FB0023F1
:10FDE00003824369C3607047027A0132027270472E
:10FDF00010B508B14B68436000234C6808464B605F
:10FE0000F5F756FD204610BD8388026819448180AD
:10FE1000D018704730B484880568A31883802819E7
:10FE200030BC02F08EBF10B5838802685C1C8480F1
:10FE3000D154D01810BD30B5838802689D1C8580D0
:10FE4000D418D154090A617030BD83885B1A9BB203
:10FE5000838000681844704703468288521A828063
:10FE60000068084418607047FEF7BCBC4FF0FF32D2
:10FE70004FF0FF330430FBF78BBEFBF7FBBE90F86F
:10FE80006C00C0F34110704783691B6993F88000D0
:10FE900000F00100704770B504460D461646FFF7A6
:10FEA000E5FF94F86C309B0711D425B1012D0CD0DF
:10FEB0006FF0150504E0236F002BF9D000255E805C
:10FEC000201DFFF7DAFF284670BD636FF4E76FF07F
:10FED0007705F5E770B504460E46FFF7C7FF94F8BF
:10FEE0006C30201DC3F340059B074FBF6FF07705B3
:10FEF000236F1E81636F58BF1E81FFF7BEFF284628
:10FF000070BD70B504460E46FFF7B0FF94F86C3034
:10FF1000201DC3F340059B074FBF6FF07705236F8C
:10FF20005E81636F58BF5E81FFF7A7FF284670BDF3
:10FF3000F8B504461E460D461746FFF797FF94F89E
:10FF40006C309B0715D425B1012D10D06FF015052D
:10FF500008E0216F0029F9D000259DF818300F71B5
:10FF60004E718B71201DFFF788FF2846F8BD616F29
:10FF7000F0E76FF07705F5E790F86C00C0F38000CC
:10FF800070470246034652F8640F90420BD100209E
:10FF90007047027A8A42FBD09A6E8242F7D000689C
:10FFA0000028F6D170470028F3D1704738B50446D1
:10FFB0000D46FFF75BFF94F86C30DB0718D42B6914
:10FFC0000BB9EB68BBB1636E1BB904F16403C4E900
:10FFD00019332B6893B9A26E04F16401C5E90012CC
:10FFE0001560A5661D46201DFFF747FF284638BD52
:10FFF0004FF0FF35F7E76FF01505F4E76FF0770581
:020000040C01ED
:10000000F1E7436E30B563B1002200F16405436E41
:10001000AB4206D0D3E9001421604C60C3E9002252
:10002000F5E730BD10B50446034654F84C0FA04226
:100030000DD100200DE0447D8C4204D1032909D16B
:10004000047A944205D01C6D8442F2D000680028E6
:10005000F1D110BD0F29F5E7002230B500F14C05B4
:10006000C36CAB4206D0D3E9001421604C60C3E9F5
:100070000022F5E7002030BD2DE9F84305460C4687
:10008000071D4FF0FF324FF0FF333846FBF780FD7E
:10009000D5F87490B9F1000F75D0D5F87080B8F12B
:1000A000000F70D095F86C30DB076CD4EB6C1BB98B
:1000B00005F14C03C5E913332368002B66D1637D3A
:1000C0000F2B09D1237A012B10D02B6D05F14C0297
:1000D000C4E900231C602C65637D032B29D1EA6CE5
:1000E00005F14C0090422BD1002336E02846E16810
:1000F000FFF75CFF06460028E7D03846FBF7BAFD5D
:100100003046BDE8F8834E7D032E14D001332372B0
:100110004B68C4E900131C604C60637A022B26D044
:10012000032B2AD0012B02BF237A89F80E3088F8DE
:100130000E300026E1E70E7A013EB342E6D11268A6
:10014000002AD1D0517D2B6D03290DD19A42137A0B
:1001500002D011680029D6D1013323722B6DC4E976
:1001600000031C602C65D8E79342E8D1BCE7237AF2
:1001700089F80F3088F80F30DBE7237A89F81030E0
:1001800088F81030D5E74FF0FF36B6E76FF0770606
:10019000B3E70346006800B1187A70478388C288C5
:1001A0008168D21A03685B1AD01A70470346C08868
:1001B00008B11878C009704770B50C461546F7F7B6
:1001C0004BF840B1406883681B6823B12A4621463A
:1001D000BDE87040184770BDF8B504460D46174697
:1001E00086680369A033D3E8AF3F9B070ED5B36A97
:1001F0007BB1F36B98472946B36A3A462046984745
:10020000336C0546204698472846F8BD4FF0FF3529
:10021000FAE76FF08505F7E770B504460D46866886
:100220000369A033D3E8AF3F9B070BD5F36B984727
:100230002946736A20469847336C054620469847FE
:10024000284670BD4FF0FF35FAE710B5044619B9DE
:10025000002084F8300010BDF5F7DEFC0028F7D050
:10026000F9E70A460121FEF7BDBA4FF0FF324FF021
:10027000FF330430FBF78CBCFBF7FCBC21B1012938
:100280000DD000231B68FFDE5430006848B143687E
:100290005B79934205D000680028F8D170475C3044
:1002A000F3E7704710B590F830300446022B09D1BF
:1002B000FFF7E5FD94F8382001462046BDE81040E0
:1002C000FFF7DCBF002010BD08B5FFF7D7FF0038EF
:1002D00018BF012008BDF8B504461D460E46174656
:1002E000FFF7C3FF94F86C309B0714D43A463146AD
:1002F0002046FFF7C3FF88B14168CA7945B142F093
:1003000040020025CA71201DFFF7B6FF2846F8BD40
:1003100022F04002F5E76FF07705F4E76FF03C0557
:10032000F1E72DE9F04105461E460F469046FFF7DE
:100330009CFF95F86C30C3F340049B070DD44246F4
:1003400039462846FFF79AFF50B143681E72281DB0
:10035000FFF792FF2046BDE8F0816FF07704F6E7E3
:100360006FF03C04F3E78368DB6A03B1184770471A
:100370004FF0FF324FF0FF330430FBF709BC08B5F4
:1003800083681B6B0BB198470346002023B153F8D9
:10039000042B0AB1127802B908BD1044F6E710B573
:1003A0001C46FFF76BFF48B10122C06802FA04F354
:1003B00020B10269134201D10068F9E710BD10B500
:1003C0000C46FFF76FFF48B10123C06803FA04F140
:1003D00020B10369194201D10068F9E710BDD1F8D5
:1003E0001A0083681B6903B118476FF085007047D6
:1003F00038B50C46FFF756FF80B1C06870B143684E
:10040000DA681AB100231179994201DC0068F5E736
:100410001568ED5CA54201D00133F5E738BD70B534
:10042000FFF72CFF0546C0B10026EC68C4B12A696D
:1004300023689442EB6000D12B6104F11403D3E8EC
:10044000EF1F21F00101C3E8E21F002AF7D1606825
:10045000FFF789FF63685E60E7E76FF03C0070BDFF
:100460002046FCE7F8B50646CC680CB9204622E0E9
:10047000012504F10C07E268AAB165F07F03D9B247
:1004800003F07F031033DA40D2070ED4E368EB4069
:10049000DB0705D53A46B069E9B200F09BF850B9E0
:1004A0000135102DE7D12468DFE73A46B06900F046
:1004B00091F80028EAD0F8BD2DE9F347002405465D
:1004C0000E46A146576897F805803B79A34203DCA6
:1004D000002002B0BDE8F0875FFA84FA3146534647
:1004E00042462846FFF75BFF014650B153460122C2
:1004F0002846CDF80090F6F7E3FF0028E9D1013453
:10050000E3E76FF03C00E4E72DE9F74380460D4652
:100510001746FFF754FF064628B96FF0010420463E
:1005200003B0BDE8F0830F2DF7D808EB05090146AD
:1005300099F83A402B46002240460097F6F7C0FF54
:100540000028EAD100942B46022231464046F6F7B5
:10055000B7FF04460028E2D12B460122314640462F
:100560000097F6F7ADFF04460028D8D1706883687D
:100570005B6813B13A462946984789F83A70CEE746
:10058000012311F0800F18BF21F08001026818BF0D
:1005900010318B4022EA03030360704737B58B7933
:1005A0000C46009315468B88CA78897800F0FFFBCB
:1005B00070B994F90230A178002B4FF00103B8BF55
:1005C00021F080012A68B8BF10318B4013432B60A3
:1005D00003B030BDF8B506460D46174600F010FCD6
:1005E000044658B929463846FFF7CAFF294630461F
:1005F00000F001FD044608B902F03BF92046F8BDC1
:100600000A468069802100F026BD43689869F8F7A2
:100610008FB870B591F918300546002B0C46466826
:1006200007DBC4F81A502146B069BDE8704000F0FD
:100630005DBC3046FFF7A0FC0028F2D04FF0FF3041
:1006400070BD0B0648BF21F08001406B48BF1031E0
:10065000C84000F001007047C36982B08DF80010F7
:1006600001922BB102AB13E9060002B0F7F772B8A2
:1006700002B070470121F7F7D1BB0021F7F7CEBBDD
:100680000121F7F7F5BB0021F7F7F2BB70470369CB
:10069000D3E90120012918BF104670470020704798
:1006A00010B5036940681C68FFF7E9FB01280CBF1F
:1006B00094F82100E07C10BD10B5036940681C6807
:1006C000FFF7DDFB01280CBF94F82800A07E10BDC9
:1006D00030B40125416802690968137E4D61546890
:1006E0005B0954B1107E023300F01F0052F8231052
:1006F00005FA00F0234630BC184730BC704710B4F0
:100700000269416802200968537E486154685B09A8
:100710005CB1034452F823100123507E00F01F0007
:1007200003FA00F0234610BC184710BC704710B401
:100730000269416804200968937E486154685B0936
:100740005CB1023352F823100123907E00F01F00A9
:1007500003FA00F0234610BC184710BC704710B4D1
:100760000269416808200968D37E486154685B09C2
:100770005CB1023352F823100123D07E00F01F0039
:1007800003FA00F0234610BC184710BC704710B4A1
:100790000269416810200968137F486154685B0949
:1007A0005CB1023352F823100123107F00F01F00C8
:1007B00003FA00F0234610BC184710BC704710B471
:1007C0000269416820200968537F486154685B09C9
:1007D0005CB1023352F823100123507F00F01F0058
:1007E00003FA00F0234610BC184710BC704710B441
:1007F0000269416840200968937F486154685B0939
:100800005CB1023352F823100123907F00F01F00E7
:1008100003FA00F0234610BC184710BC704710B410
:100820000269416880200968D37F486154685B0988
:100830005CB1023352F823100123D07F00F01F0077
:1008400003FA00F0234610BC184710BC704710B4E0
:10085000026941684FF48070096892F8203048615D
:1008600054685B0964B1023352F82310012392F8F3
:10087000200000F01F0003FA00F0234610BC1847C8
:1008800010BC704710B4026941684FF400700968E9
:1008900092F82130486154685B0964B1023352F820
:1008A0002310012392F8210000F01F0003FA00F04A
:1008B000234610BC184710BC704710B40269416849
:1008C0004FF48060096892F82230486154685B09EF
:1008D00064B1023352F82310012392F8220000F091
:1008E0001F0003FA00F0234610BC184710BC7047E5
:1008F00010B4026941684FF40060096892F823302F
:10090000486154685B0964B1023352F82310012333
:1009100092F8230000F01F0003FA00F0234610BCF9
:10092000184710BC704710B4026941684FF48050FA
:10093000096892F82430486154685B0964B1023355
:1009400052F82310012392F8240000F01F0003FA4C
:1009500000F0234610BC184710BC704710B4026961
:1009600041684FF40050096892F825304861546896
:100970005B0964B1023352F82310012392F8250079
:1009800000F01F0003FA00F0234610BC184710BC0B
:10099000704710B4026941684FF48040096892F8CA
:1009A0002630486154685B0964B1023352F8231061
:1009B000012392F8260000F01F0003FA00F02346FE
:1009C00010BC184710BC704710B4026941684FF45E
:1009D0000040096892F82730486154685B0964B1A7
:1009E000023352F82310012392F8270000F01F0071
:1009F00003FA00F0234610BC184710BC70470022D1
:100A000008B511460D20F4F7B5F80D20F4F790F86D
:100A100000220E201146F4F7ADF80E20F4F788F806
:100A200000220F201146F4F7A5F80F20F4F780F804
:100A3000002210201146F4F79DF81020F4F778F802
:100A4000002211201146F4F795F81120F4F770F800
:100A5000002212201146F4F78DF81220F4F768F8FE
:100A6000002213201146F4F785F81320F4F760F8FC
:100A7000002214201146F4F77DF81420F4F758F8FA
:100A8000002215201146F4F775F81520F4F750F8F8
:100A9000002216201146F4F76DF81620F4F748F8F6
:100AA000002217201146F4F765F81720F4F740F8F4
:100AB000002218201146F4F75DF81820F4F738F8F2
:100AC000002219201146F4F755F81920F4F730F8F0
:100AD00000221A201146F4F74DF81A20F4F728F8EE
:100AE00000221B201146F4F745F81B20F4F720F8EC
:100AF00000221C201146F4F73DF8BDE808401C20F8
:100B0000F4F716B838B50446807AF4F74BFE6169FD
:100B1000054649B1637ADB0704D4C36920461B68E4
:100B20009B6898470023636121462846BDE838400A
:100B300001F098BD30B509060546847C14D414F044
:100B4000400016D0298AC3F30A00C1F30A01884283
:100B500022D802F00300022809D003280AD0012875
:100B600011D004F0010004E014F02000E9E7C4F320
:100B7000800030BD14F00200FBD013F4C05F09D038
:100B8000C4F30010F5E714F0080205D013F4C05FB9
:100B9000EFD0F5E70120ECE70020EAE7A030D0E84D
:100BA000AF0F00F001007047A030D0E8AF0FC0F3E6
:100BB0004000704701F00F030269090648BF103377
:100BC00052F823007047007DC0F30010704708B54D
:100BD00002691046FFF7E2FF60B9087E00F00F03DC
:100BE000000648BF103342F82310084601F027FDE5
:100BF000002008BD6FF00C00FBE700220023FBF78C
:100C000089B801F039BD01F022BD1FB504698DF826
:100C10000410CDE90220D4F8983001A9984704B017
:100C200010BD1FB50346046906208DF80400204658
:100C3000CDE90213FFF7B2FF40B1C1F81E201846FC
:100C4000D4F8982001A9904704B010BD4FF0FF30B0
:100C5000FAE738B505460C462046FFF7CEFF0146B9
:100C600000B938BD6FF070022846FFF7DAFFF3E7EE
:100C70002DE9F843066907460D46D6F80090D6F8E8
:100C800040804FF0FF324FF0FF3306F18400FAF757
:100C90007FFF4046FFF7B1FF014618BB4846FFF70C
:100CA000ACFF044620BB99F8143023F0100389F8F8
:100CB000143098F8143023F0100388F8143024BB53
:100CC000012286F8B020EDB12B68C6F8A8306B6819
:100CD00086F8B120C6F8AC3038698430BDE8F843F6
:100CE000FAF7C8BF6FF067023846FFF79AFFD0E700
:100CF000637EDB07D7D46FF0670221463846FFF7E3
:100D000090FFCBE786F8B150E6E72DB108222946DF
:100D100004F10C00FFF77EF8002221463846FFF769
:100D200080FFD9E72DE9F8430546884614461F465B
:100D3000D0F80890FFF73EFF0646002834D028463A
:100D4000D9F83C3098474146224630463B88FFF769
:100D5000F1FE804688B183B92B6904F0030493F84F
:100D60008030DB0753BF40224FF480624FF40071A4
:100D70001146022C0DD0032C11D02846D9F8403052
:100D80009847B8F1000F14BF00206FF08500BDE850
:100D9000F883338A8B4228BF0B463B80EDE7338ACA
:100DA000934228BF1346F8E76FF01200EFE72DE9F2
:100DB000F3411F464B0604460D461646D0F8088000
:100DC0001BD0D8F83C3098472069FFF7EDFE88B17A
:100DD0009DF820302946009332463B462046F7F7DF
:100DE00031FC05462046D8F840309847284602B0E6
:100DF000BDE8F0814FF0FF35F4E76FF01505F5E73A
:100E000070B54B0604460D46866812D0F36B9847C2
:100E10002069FFF7C3FE48B129462046F7F75CFC7E
:100E200005462046336C9847284670BD4FF0FF3585
:100E3000F7E76FF01505F7E770B5054686680C46CD
:100E4000F36B98472869FFF7AFFEB0B121462846FB
:100E5000FFF7B0FE014698B1037DDB0710D5437E56
:100E600003F00303012B0ED02846F368984704468D
:100E70002846336C9847204670BD4FF0FF34F7E7A3
:100E80006FF01204F4E76FF08504F1E7F8B5064659
:100E900087680C46FB6B98473069FFF785FEE0B129
:100EA00021463046FFF786FE0546C8B1037DDB07C5
:100EB00016D5437E03F00303012B14D001463B6992
:100EC00030469847044618B92B7D60F341032B75D3
:100ED00030463B6C98472046F8BD4FF0FF34F7E7AB
:100EE0006FF01204F4E76FF08504F1E72DE9F041AB
:100EF000054686680769F36B0C4698472869FFF733
:100F000053FE98B394F8188028464146FFF752FEE6
:100F1000014670B3037DDA072BD518F07F0F20D17F
:100F200097F8B030EBB1637EDB0717D597F8B13097
:100F300033B1082207F1A80104F10C00FEF76AFFA3
:100F4000002287F8B02021462846FFF76AFE0446B3
:100F50002846336C98472046BDE8F0816FF0670261
:100F6000F1E72246284673689847F0E74FF0FF34D0
:100F7000EEE76FF01204EBE770B504468568EB6BA3
:100F800098472069FFF70AFED8B923691E6C56B945
:100F900023691E687EB9002620462B6C9847304690
:100FA00070BDF4F785FC3046FFF727FE0028F8D126
:100FB000EEE7F4F77DFC3046FFF71FFE0028F8D17E
:100FC000E9E76FF00F06E7E770B505460C4686685F
:100FD000F36B984721462846FFF7ECFD48B101F036
:100FE0004BFBB0FA80F464092846336C98472046DE
:100FF00070BD0124F8E770B5054686680C46F36BB2
:1010000098472869FFF7CAFD80B121462846FFF7B7
:10101000D1FD014668B104681CB12846B368984701
:1010200004462846336C9847204670BD4FF0FF3485
:10103000F7E76FF01204F4E708B5036900211B68B5
:101040005A8BF7F775FB28B1437E23F0070343F073
:101050000103437608BD08B539B90369013A1B6835
:101060005B8B1A44B2FBF3F25A43F7F761FB28B1EA
:10107000437E23F0070343F00203437608BD08B51F
:1010800061B903691B685A8BF7F752FB28B1437E9D
:1010900023F0070343F00403437608BD0022F3E77F
:1010A00070B505468668F36B98472869FFF77CFDA5
:1010B000044620B133683BB1284698470446284689
:1010C000336C9847204670BD0124F8E7F8B5044614
:1010D00087680669FB6B98472069FFF75FFDB8B129
:1010E0002069FFF761FDB0B92046FB6A98470546C5
:1010F00048B906F1A003D3E8EF1F41F00201C3E8AD
:10110000E21F002AF7D120463B6C98472846F8BDDD
:101110004FF0FF35F7E76FF07705F4E7F8B50446D1
:1011200087680669FB6B98472069FFF73DFD90B122
:101130003B6B20469847054606F1A003D3E8EF1F16
:1011400021F00201C3E8E21F002AF7D120463B6CE0
:1011500098472846F8BD6FF07705F7E72DE9F0418D
:10116000054614460F46D0F80880066911B30AB345
:10117000D8F83C3098472869FFF710FDB8B9C6E9A0
:1011800026742846D8F834309847044640B9A0362B
:10119000D6E8EF3F43F00103C6E8E23F002AF7D16B
:1011A0002846D8F8403098472046BDE8F0816FF0D7
:1011B0007704F5E76FF01504F6E7F8B5044687689D
:1011C0000669FB6B98472069FFF7EEFCB0B9206910
:1011D000FFF7E4FCA8B1BB6B20469847054606F133
:1011E000A003D3E8EF1F21F00101C3E8E21F002AAA
:1011F000F7D120463B6C98472846F8BD6FF00F05A5
:10120000F7E76FF07705F4E78388C2888168D21A20
:1012100003685B1AD01A704700230822824204D365
:10122000D8B27047520092B2F8E701330A2BF9D1D5
:10123000FF20704730B502F0030422F003020A4495
:1012400091420AD144B100230068D90020FA01F18B
:10125000D15401339C42F8D130BD036804311D0ADA
:1012600001F8035C1D0C01F8043C01F8025C1B0E44
:1012700001F8013CE4E730B543680A7E1B6832F0B0
:1012800080054FF0200403F5805314D10269D2F891
:10129000A400EFF3118184F31288BFF36F8F9D7365
:1012A0009A7C22439A7480F8CC5081F31188BFF362
:1012B0006F8F002030BDEFF3118084F31288BFF3ED
:1012C0006F8F02F00F029A7391F91820002AB5BFB0
:1012D0009A7C9A7D42F0100242F02002B4BF9A74C8
:1012E0009A7500229A7380F31188BFF36F8F0B7D7C
:1012F00043F002030B75DCE7436801F07F011B68D4
:10130000002003F580531970704743681B6803F58C
:1013100080535B7813F0100F0CBF01200220704740
:1013200001234A0901F01F018B40DB4300EB8200DF
:10133000D0E8EF2F1A40C0E8E12F0029F8D170471C
:1013400003460022D3E8EF0FC3E8E12F0029F9D1CB
:10135000704770B5044650F8080C94F83060456842
:101360002B6803F5805393F8603003F01803A3F162
:101370001802514251418E4208D00022182B84F8A5
:1013800030100CBF11460121FFF73FFC0A23EA6A27
:101390002046BDE87040A2FB0323FAF705BFFDF726
:1013A00021BA2DE9F04703690A7ED3F8A4604368A7
:1013B000074688461C6802F07F05EFF31189202359
:1013C00083F31288BFF36F8F04F58054DDB9A573E2
:1013D000E37C06F5D87043F00103E374FFF7B0FF38
:1013E00006F5E070FFF7ACFFC6F8BC5186F8CC50AC
:1013F00041463846FFF72DFC89F31188BFF36F8F04
:101400000020BDE8F0874FF0010A0AFA05FA1FFA3A
:101410008AFA6FEA0A0391F918109BB2002902F0C8
:101420000F0224DAE18806F5D2700B40E380A27344
:10143000A37C294643F00803A374A37C9A0742BF08
:10144000A37C43F00803A374A37C03F0FE03A374FE
:10145000FFF766FF294606F5D470FFF761FF00230A
:10146000A373E3889BB243EA0A03E380C0E72189C0
:1014700006F5D6700B402381A273A37D294643F065
:101480001003A375A37DDB0742BFA37D43F01003C8
:10149000A375A37D03F0FE03A375FFF741FF294663
:1014A00006F5DA70FFF73CFF294606F5DC70FFF71A
:1014B00037FF0023A37323899BB243EA0A032381E6
:1014C00096E79A20F3F742BB002208B59A2011460E
:1014D000F3F750FBBDE808409A20F3F729BB00233F
:1014E000F0B51A461C46C9086509343550F8255030
:1014F00004F01F06F540ED0709D4002A08BF234673
:101500000132914204D11A460127194416E0002203
:101510000134B4F5906FE7D19142F4D94FF6FF70E2
:1015200010E05C0900EB8404D4F8D05003F01F06EF
:1015300007FA06F63543C4F8D05001338B42F0D396
:10154000D00080B2F0BDFFF7CABF2DE9F74F0369A5
:10155000426891F81880D3F8A440136818F0700F0F
:101560000F46009308F07F094FFA88FA40F0948004
:10157000488BC0F30A00082838BF0820FFF74CFE4C
:10158000FF28054600F088800821814089B2EFF3EA
:1015900011832022019382F31288BFF36F8FB9F178
:1015A000000F30D14FF6FF76B4F86001B04208D199
:1015B0002046FFF7C8FFB04203D0A4F86001A4F8AA
:1015C0008001019B83F31188BFF36F8F4FF6FF7388
:1015D000984264D0009B08F00F0803F58054C0F3D4
:1015E000CF0084F80E80B9F1000F2CD184F862503E
:1015F00084F86350A4F86400A4F866000020A07387
:1016000003B0BDE8F08F4FEA4906BAF1000F4FF67C
:10161000FF7B26440BDAB6F860015845D1D120464D
:10162000FFF791FF5845CCD0A6F86001C9E7B6F89E
:1016300080015845C5D12046FFF785FF584518BFA2
:10164000A6F88001BDE70123BAF1000F03FA09F300
:101650009BB210DA84F86250A4F864007A8BC2F36B
:101660000A022282A27C42F04002A274E28892B274
:101670001343E380C2E784F86350A4F866007A8BD2
:10168000C2F30A02A282A27D42F08002A2752289E0
:1016900092B213432381B1E76FF01500B0E76FF00A
:1016A0000B00ADE770B50126D208CB0802EBD102E2
:1016B000590900EB8101D1F8D04003F01F0506FA6B
:1016C00005F5013324EA05049342C1F8D040EFD375
:1016D00070BD2DE9F843036991F81890D3F8A46020
:1016E000436819F070071D6809F07F044FFA89F804
:1016F0006DD1488BC0F30A00082838BF0820FFF7D7
:101700008BFDFF2863D0082209F00F09824005F500
:10171000805392B283F80E902CBB83F8624083F81A
:101720006340A3F86440A3F8664000219973EFF387
:101730001185202383F31288BFF36F8F64BB4FF6AC
:10174000FF74B6F86011A14206D03046FFF7AAFF39
:10175000A6F86041A6F8804185F31188BFF36F8F2A
:101760000020BDE8F8830121A140C943B8F1000F72
:1017700089B208DAD8880140D98083F86270A3F86A
:1017800064701F82D1E718890140198183F8637062
:10179000A3F866709F82C8E76400B8F1000F4FF6A7
:1017A000FF77344409DAB4F86011B942D4D0304636
:1017B000FFF778FFA4F86071CEE7B4F88011B94262
:1017C000CAD03046FFF76EFFA4F88071C4E76FF00F
:1017D0001500C6E7006984304FF0FF324FF0FF3349
:1017E000FAF7D6B900698430FAF744BA01F09BBA27
:1017F00001F096BA01F017B901234A0901F01F015F
:101800008B4000EB8200D0E8EF2F1A43C0E8E12FB5
:101810000029F8D17047012301F01F02934030B531
:10182000DC43490900EB8100D0E8EF2F02EA040114
:10183000C0E8E51F002DF7D103EA0200003818BF09
:10184000012030BDF8B5D0F8A450107E8C4600F0D1
:101850007F06EFF31187202181F31288BFF36F8F8A
:10186000518B0CF5805400F00F02A27305F5D4756E
:10187000720905EB8202D2E8AF2F00F01F0002418F
:1018800012F0010206D00023A37387F31188BFF37F
:101890006F8FF8BD06F581600CEB800C188AC1F3E0
:1018A0000A01814228BF014691420CD803F10C0085
:1018B000FEF7D2FAA37C314643F001032846A37415
:1018C000FFF79AFFDFE7D868805C01328CF80000F0
:1018D000EAE7F8B50B7E0C4613F07F0105464ED0C3
:1018E000426817680269D2F8A400EFF3118620223B
:1018F00082F31288BFF36F8F03F00F0207F5805356
:101900009A7394F91820002A3BDA9A7C02F0CF02ED
:101910009A749A7C42F040029A749A7C42F00802CF
:101920009A749A7C920742BF9A7C42F008029A7499
:101930009A7C02F0FE029A7400229A7386F3118850
:10194000BFF36F8F237D62F34103237594F9183041
:10195000934214DA00F5D470FFF7E2FC2046FFF75B
:1019600050F906462046FFF72EF940B93EB1338ABA
:101970002BB13346224639462869FFF763FF002022
:10198000F8BD9A7D02F09F029A759A7D42F080021E
:101990009A75D1E72DE9F04F0446036987B0D3F873
:1019A000A430039343681B680593039B03F1B807B6
:1019B0004FF0FF324FF0FF3340F29F11CDE900238B
:1019C0003846002201F0B3F94207064608D5042143
:1019D0003846FFF70BFF002204212046FFF715F9D8
:1019E00033070CD508213846FFF700FF01212046B8
:1019F000F6F7E2FD002203212046FFF706F9F5067F
:101A00000CD510213846FFF7F1FE00212046F6F7ED
:101A1000D3FD002202212046FFF7F7F8300600F13F
:101A2000B080F10511D54FF480713846FFF7DEFE26
:101A3000039B03F5D670FFF783FC8046039B03F5F9
:101A4000DA7AB8F1000F40F03E81B50740F18B80A3
:101A500002213846FFF7CAFE80212046FFF7AAF888
:101A6000039B814603F5D870FFF76AFC00283AD043
:101A7000236900212046D3F8A480FFF79BF880213A
:101A800005462046FFF796F8049015B32846FFF761
:101A9000B8F8F0B1437E13F0010300F060812846EE
:101AA000FFF7ABF882462846FFF7ABF818B1427E45
:101AB000D10740F15581BAF1000F0AD00022DAF8BF
:101AC0000C1028460A604A605146AAF81020FFF719
:101AD0009AF8204608F5E471FFF7CAF8002D40F0A7
:101AE0003381A8F8C651B9F1000F3CD04846FFF742
:101AF00088F88046B8B3038A23B9457E15F00805F7
:101B000000F0698123698021D3F8A45063682046DE
:101B1000D3F80090FFF74EF8418BB8F81030C1F3BE
:101B20000A01994228BF1946002209F580599142BD
:101B300000F2488108F10C00FEF78EF9B8F8102089
:101B4000002A40F0468198F8193062F3C3030A2254
:101B500088F819304FF0010385F8CC3099F812302D
:101B6000134389F81230F3077FF51FAF3846012180
:101B7000FFF73CFE039B204603F1C401FFF778F812
:101B800013E780213846FFF731FE63681B68049332
:101B90002369D3F8A40000F5D270FFF7D1FB81468A
:101BA000049B03F58058B9F1000F3FF43AAF99FA5E
:101BB000A9FA0123BAFA8AFA204603FA0AF24AF08D
:101BC000800129EA0209FEF7F5FF05460028EAD060
:101BD000FFF717F80028E6D0028AA2B32A7D12F098
:101BE0000202E0D1EFF3118B202181F31288BFF3C1
:101BF0006F8F049BB5F81AC00AF5816503EB850564
:101C00000AF00F0388F80E30018ACCF30A0C614504
:101C100028BF61461346994210D80C30FEF71CF9D4
:101C200098F8123043F0010388F81230002388F846
:101C30000E308BF31188BFF36F8FB4E7C268D25CAC
:101C400001332A70E7E790F819B01BF0080B1DD09C
:101C50002A7D12F00202A6D1EFF31181202585F32F
:101C60001288BFF36F8F0AF00F0388F80E3098F8D0
:101C7000123043F0010388F81230437E62F3C3034D
:101C8000437688F80E2081F31188D4E72846FEF7C2
:101C9000B4FF5A4601462046FEF7C3FF2846FEF72A
:101CA000B0FF034600283FF47EAF028A002A3FF4CB
:101CB0007AAF2A7D92073FF576AF2A4604992069CC
:101CC000FFF7C0FD6FE798FAA8F50123B5FA85F58F
:101CD0002046AB40294628EA0308FEF76BFF8346FF
:101CE00000283FF4AEAEFEF788FF814600283FF49F
:101CF000A8AEDAE8AF3F2B41D8071FD55846FEF70C
:101D000080FFD8B129465046FFF785FDB0B1EFF30B
:101D10001181202383F31288BFF36F8F059B05F099
:101D20000F0503F580539D739A7D02F0FE029A75AC
:101D300000229A7381F31188BFF36F8F0022494606
:101D40002046FEF76EFF7CE62846FEF75AFF10B9E4
:101D5000A8F8C601C7E6437E13F001032ED19A46C8
:101D60004FF0000B2846C8F8BCB1FEF746FF5A46B4
:101D700001462046FEF755FF0498FEF742FF10B1DA
:101D8000427E520711D40022A8F8C621BAF1000FF2
:101D90003FF4A9AEDAF80C1028460A604A605146B2
:101DA000AAF81020FEF72FFF9DE60498FEF725FF06
:101DB0005A4601462046FEF734FFE4E70023A8F820
:101DC000C63190E6D8F80C309B5C013289F820309F
:101DD000ADE60222BEE64846FEF70FFF2A46014660
:101DE0002046FEF71EFFBEE610B5807A0C46F3F7DC
:101DF000D9FCC3692146BDE81040586800F0FABA22
:101E0000F7B50D46807A17461E46F3F7CBFC2C68D3
:101E1000C369033424F00302586804212A60CDE921
:101E20000076F9F79BFD00B9286003B0F0BD0023F0
:101E3000EFF70CBD2DE9F04145680846D5E900688B
:101E40000C46AF68F7F7BAFB002878D1A30E092B30
:101E500075D8DFE803F0080F1A2C054C535F056AAC
:101E60000220BDE8F08173699C076CD5306900F0F1
:101E700001001AE0F36A980765D5B36F002B60D1B3
:101E80003069C00900F00200EBE7E4B206F140035C
:101E900053F82430012013F0020FE2D033691834D4
:101EA000A04098430CBF012000204000D9E7062045
:101EB000E4B2B4FBF0F3316903F11805E940C90756
:101EC000DAB240D500FB1344E4B2032C4FEA82029D
:101ED00094BF06F14C0306F15003134404F00304CD
:101EE000E4001A6807340123A340134219E0D8F82C
:101EF0001C309A0727D5D8F80C00B8E7E4B204F1F3
:101F0000080357F82330DB051DD578680234E0401C
:101F1000C043ACE7C4F30524203457F8243013F051
:101F2000400F14BF022001209BE7C4F30552EB6869
:101F30000E3203EB82035A68C4F38534D3E70320DF
:101F40008FE700208DE701208BE72DE9F3474FF065
:101F500000090C4601EB0121456841F03F6141F465
:101F60007C21804617462E68D0F810A0CDF804904A
:101F7000FFF760FF022803D0C7F8009000201CE0A4
:101F800006F1400353F82430C3F30223012B17D08A
:101F9000022B2CD0BBB9AA68631C04F1210152F8B2
:101FA000211003EB43035A00404601AB02F0FE024E
:101FB00001F00F01F7F7CEFB28B102B0BDE8F087C2
:101FC000DAF80030019306F1480353F82430443620
:101FD00013F03F031EBF019AB2FBF3F2019256F8D1
:101FE0002420019BC2F3090253433B60C6E74046ED
:101FF00001A9F7F75FFCDFE7F0B406240A4691FB7E
:10200000F4F104FB11244368664206F003061F68DE
:1020100004F0030358BF7342032C4FF00104D4BFF4
:102020004C3750378E003E44DB003768073304FAE4
:1020300003F305693B4333602B8F063294401C4306
:10204000EB6A2C87CB40DA0706D42B6BCB40DB073F
:1020500002D5F0BCF7F7A8BF0020F0BC704710B560
:102060004468C1F30520A1689B0101EB8001D1F810
:10207000800003F0400302F00F0220F04F001343F2
:102080000343C1F8803010BD10B543680120C1F38F
:102090008534DB68C1F3055189000B44012ADA6BF2
:1020A00000FA04F00CBF02438243DA6310BD30B57E
:1020B000036813600579046804EBC504A34202D3E6
:1020C0006FF0010030BD5C7908338C42F1D1002003
:1020D000F8E7026993680BB1D16818477047436805
:1020E0009B681A7E520743BF9B6A00200B706FF0FB
:1020F0000F00704743689B681A7ED207FCD599622F
:10210000704743689B68EFF31182202181F31288A6
:10211000BFF36F8F012199750221997582F31188A0
:10212000BFF36F8F704743689B68187E10F0010003
:1021300006D0002A03DD0A7801209A627047002049
:102140007047012243689B681A7502221A7570470E
:1021500043689B68187E10F001001CBF987D00F05A
:10216000010070470369187C7047042243689B682C
:102170009A757047042243689B681A7570474368D4
:102180009B68187EC0F38000704743689B68187E88
:1021900010F0040008D09B6A002ADBB202DD0120A7
:1021A0000B7070476FF01500704743689B68987D0F
:1021B0001B7E1840003818BF0120704780224368FA
:1021C0009B689A757047802243689B681A757047B0
:1021D000436801699A680120137EC3F340030B74BE
:1021E000BA23137670470369C3E902127047026984
:1021F000002013680B6053684B607047002208B5DD
:1022000011466620F2F7B6FC6620F2F791FC002238
:1022100067201146F2F7AEFC6720F2F789FC002236
:1022200068201146F2F7A6FC6820F2F781FC002234
:1022300069201146F2F79EFC6920F2F779FC002232
:102240006A201146F2F796FC6A20F2F771FC002230
:102250006B201146F2F78EFCBDE808406B20F2F7C8
:1022600067BC43689B68588B5A8BC0F38000920709
:102270005A8B48BF40F0040002F0010240EA4200DD
:102280005A8BD1065A8B48BF40F0080092065A8BF1
:1022900048BF40F0100092B242F037025A837047B4
:1022A0000268012922F070620346026004D002290C
:1022B0000CD0026802607047026842F080720260CF
:1022C000426842F400525A60F8F7C6BE026842F013
:1022D00080720260426822F40052F4E738B5044686
:1022E00048B1F9F741F9782305465C43F9F73CF921
:1022F000431BA342FAD338BD10B5436904463BB92A
:102300000020E2684042537843F00103537010BD4F
:1023100098470028F4D00028B8BF4042FF28A8BF43
:10232000FF20E3681870ECE7C3685B78DB0701D433
:10233000FFF7E2BF6FF07700704740B1C36858788D
:1023400010F001001EBF1878B0FA80F04009704705
:10235000EFF31183202383F31288BFF36F8FFEE71F
:102360002DE9F04F89B0DDE9126805924346054634
:10237000324606A80F4600F019FCDDE90634CDE927
:102380000234EFF311844FF0200989F31288BFF370
:102390006F8F05F10C0A05F1140B39462846059A92
:1023A000149B984730B184F31188BFF36F8F09B045
:1023B000BDE8F08F56EA0806F5D0DDE9022306A84D
:1023C00000F019FCDDE90668524621465846CDE981
:1023D0000068FAF70FFAEFF3118489F31288BFF35C
:1023E0006F8FDAE710B400F10C04C0E9034410BCAD
:1023F000FBF759BD38B50446EFF31185202383F36D
:102400001288BFF36F8FEEF74FF804F10C0000F065
:10241000E2FA30B1294604F11400BDE8384000F07A
:10242000C0BA85F31188BFF36F8F38BD10B542690C
:102430006AB1836842EA0301890708D10169A2FBF6
:10244000011424B95B182CBF0121002102D36FF0C5
:10245000150005E0C1609B1A02698A4201D800207C
:1024600010BDC26801311A604269C3609B1AF3E76C
:102470002DE9F04105460F46EFF31188202383F341
:102480001288BFF36F8FC668FEB90468A0421CD0E3
:10249000DCB1D4E9003213605A60237CC4E90066E1
:1024A00023F002032374A66004F1180000F043FB3C
:1024B0002046C4F8B460676100F015FA414605F1A2
:1024C0000800BDE8F04100F06CBA3E60AB69EF6017
:1024D000013BAB6188F31188BFF36F8FBDE8F081DA
:1024E000202408B5EFF3118384F31288BFF36F8FB4
:1024F000FDF729FCF6E7D0E9003213605A600023AB
:10250000027CC0E9003322F002020274836070474B
:1025100013B501240094F9F771FA02B010BD90F9D7
:102520000E308B4201D0FAF791B900207047034674
:102530000020C3E90033C3E902007047D0E900324C
:1025400013605A600023027CC0E9003322F00202CB
:102550000274836070472DE9F843904604460D46A7
:102560009DF82020EFF31187202181F31288BFF31B
:102570006F8F02B14568A66804F10809B14516D00D
:10258000AEB100243046FFF7D9FF06F1180000F085
:10259000D2FA3046C6F8B440C6F8148000F0A3F969
:1025A0004846394600F0FDF92046BDE8F883A3B15E
:1025B0000820FAF7B5FD002832D00122C0F80480C7
:1025C0000260016801F003015DB922680A430260FC
:1025D000626820606AB960600BE04046C8F800306D
:1025E000EFE72A68032A10D80160616839B9C4E9A5
:1025F0000000002087F31188BFF36F8FD5E70A68CA
:1026000002F0030202430A60E5E722F003020A43F4
:1026100002602A6802F0030240EA02032B60E8E746
:102620006FF00B00E6E710B5044630B1026893077F
:1026300003D0446809B100F07DFB204610BD0023A3
:10264000C0E9003300F10803C0E9023370470123F9
:1026500007B5009300230A461946FFF77CFF03B035
:102660005DF804FB002307B50A4600931946FFF7FF
:1026700072FF03B05DF804FB00210068FFF7D3BFD1
:102680003AB18A4205D3C0E90212C0E90000002035
:1026900070476FF015007047012302688B4022EAF3
:1026A0000303036022FA01F000F00100704710B547
:1026B000032104460C30FFF7EFFF30B104F11000A6
:1026C00000F039FAB0FA80F0400910BD20B10022C4
:1026D000C430114600F0ECB9704770B5C3680446C9
:1026E000C3F340069B0716D4856802210C30FFF720
:1026F000D3FF80B1D5F8BC206AB194421DD12268C5
:102700009EB9D5F8C030C5F8BC209C4201D1C5F8AF
:10271000C02000232360E36813F01F001EBF43F0B6
:102720000203E36040F0020070BD3260D5F8C020C3
:10273000944208BFC5F8C060EBE716461268DBE7B5
:1027400073B50446EFF31185202383F31288BFF39A
:102750006F8F00230193D0E90423B3F1004F08BF2A
:10276000012A05D085F31188BFF36F8F02B070BDC9
:10277000A0F1100603210438FFF78EFF0028F1D0E6
:10278000A369304601A90193F9F71EFCEAE738B5C1
:1027900030220D460021044600F0F9FA4FF4807310
:1027A0006560E36038BDF8B504460D46EFF3118768
:1027B000202383F31288BFF36F8FC36803F01F03D6
:1027C000002B14BF0126002609D0FFF770FF20461A
:1027D000FFF783FF29462046F9F7D8FB034687F326
:1027E0001188BFF36F8F3BB14FF0FF324FF0FF33D3
:1027F00005F10800F9F7F4FA3046F8BDEFF305806B
:10280000003818BF012070477C307047002310B596
:102810008B4202D10020136010BDC45CAA2CF9D1F8
:102820000133F5E708B50A46D0E92701FFF7EEFFC7
:10283000002008BD38B58589EFF31181202282F38D
:102840001288BFF36F8F037C13F0080404D081F368
:102850001188BFF36F8F38BD0122F9F7CDFEEB076A
:10286000F9D584F31188BFF36F8F0423184602DF74
:10287000F1E7F9F77DBFD0E9003213605A60002319
:10288000C0E90033704708B5FFF7F5FF037C23F07C
:10289000020303740023836008BD38B504460D4667
:1028A000F9F7F6FD237C43F002032374D5B1A5604C
:1028B0002B689D4209D16B68C4E900531C606C60B1
:1028C00010E06A689A42F6D01B68002BF3D093F9A7
:1028D0000E1094F90E209142F3DD5A68C4E90032DB
:1028E00014605C6038BD10B5EFF31184202383F3CE
:1028F0001288BFF36F8FF9F7F5FD84F31188BFF3EA
:102900006F8F10BDF9F7EEBDF9F7C2BD08B5EFF353
:102910001181202282F31288BFF36F8F83680BB17D
:10292000FFF7B1FF81F31188BFF36F8F08BD08B5C2
:10293000037C014613F0280F0CD183680BB1FFF71D
:10294000A2FF0B7C084623F004030B74BDE808408B
:10295000F9F7C8BD08BD10B5EFF31184202383F348
:102960001288BFF36F8F1838FFF7E1FF84F31188E7
:10297000BFF36F8F10BD08B50346EFF3118120221E
:1029800082F31288BFF36F8F0068834207D008B1CB
:10299000FFF779FF81F31188BFF36F8F08BD002027
:1029A000F8E70846F9F7DEBD38B5054604680020AB
:1029B000AC4200D138BD002CFCD02046FFF763FFAD
:1029C00004F1180000F0B7F82046F9F78BFD2C68E9
:1029D0000120A542EDE710B5EFF31184202383F326
:1029E0001288BFF36F8FFFF7DFFF84F31188BFF307
:1029F0006F8F10BD38B505460C46F9F7B9FFB4F135
:102A0000FF3F08BFB5F1FF3F0AD0C11709304FF0B3
:102A10000A024FF0000341F10001EDF741FB38BD20
:102A20004FF0FF30FBE7C117633008B54FF0640289
:102A30004FF0000341F10001EDF732FBC117F9F748
:102A400097FF6423584308BD2DE9F04706460F461B
:102A500091469A46EFF31188202383F31288BFF33F
:102A60006F8F0068864206D028B1736898420CBF09
:102A70000025056868B90024B9F1000F02D051465D
:102A80002046C84788F31188BFF36F8F2046BDE802
:102A9000F0875146B84704460028EDD135B1736838
:102AA000AB4200D02C6828462546E3E72C46FAE7DF
:102AB00038B5EFF31185202383F31288BFF36F8FAE
:102AC0000468A0421CD0ECB1C4F8B4106261D4E92F
:102AD000003213605A600023227CC4E9003322F0E4
:102AE00002022274A36004F1180000F024F82046CA
:102AF000FFF708FF012085F31188BFF36F8F38BD02
:102B00000020F8E72046F6E708B50246FAF79AF8FB
:102B100070B1D0E904319B1A61EBE272B3F1004F5E
:102B200072F1000104DA002AACBF1846002008BD8B
:102B30006FF00040FBE7024638B5EFF31185202324
:102B400083F31288BFF36F8F0368D3B1FAF77AF873
:102B500004461046FAF788F800224FF000438442FA
:102B6000C0E9042305D0002085F31188BFF36F8FDF
:102B700038BDFAF76FF8FFF7C7FF0021F8F75AFCE6
:102B8000F1E7D0E90413B3F1004F08BF012904D1E4
:102B900000204FF00041C2E904016FF01500E3E7A7
:102BA00008B5FAF769F908BDFAF766B9B3F1FF3F5E
:102BB00008BFB2F1FF3F70B506461D46144614D05B
:102BC0001A4316D0002B08DBFAF756F9041941EB2B
:102BD0000501C6E90041304670BD6FF001031C1BC2
:102BE0004FF0FF3363EB0501F3E74FF0FF3421466D
:102BF000EFE70024FBE7B3F1FF3F08BFB2F1FF3F6F
:102C0000F8B5074616461C4610D054EA020311D008
:102C1000FAF732F9B0420A46A14103460AD2F31A42
:102C200064EB0204C7E900343846F8BD4FF0FF33C7
:102C30001C46F7E70023FBE70023C0E9081200F178
:102C40001802C0E90622C0E90033036343637047FA
:102C50002DE9F3470446DDE90A9815460E4659B3B7
:102C600002F0010AF9F7FAFE0746EFF3118120237B
:102C700083F31288BFF36F8FA80744BF0023A360BC
:102C8000A36803EA0600BAF1000F0CD086420CD10B
:102C90006A0744BF8343A36081F31188BFF36F8F3A
:102CA00002B0BDE8F0870028F2D159EA080305D147
:102CB00081F31188BFF36F8F0020F1E7C7E9186532
:102CC0002246CDE9009804F10C00F9F793FD0028A5
:102CD000F2D1386EE4E710B50B680446D0E918026B
:102CE00012F0010F03EA000301D0984211D183B121
:102CF0002366520748BF4A6804F1180044BF1A43CC
:102D00004A60FFF718FF00232046C4F8B430FFF7ED
:102D10000EFE002010BD0023C0E900008360704754
:102D20000A46FAF7AFB90A460021FAF7ABB95200E2
:102D3000FFF78EBF20B1011F50F8040CFFF75ABBFC
:102D400070470A44431E914200D1704710B511F8F4
:102D5000014B914203F8014FF9D110BD884210B5E3
:102D600001EB020402D98442234607D8431EA14244
:102D700007D011F8012B03F8012FF8E70244824233
:102D800000D110BD13F8011D02F8011DF7E7024440
:102D90000346934200D1704703F8011BF9E701395C
:102DA000024410B5904201D1002005E0037811F8EB
:102DB000014FA34201D0181B10BD0130F2E7C9B288
:102DC0000346184613F8012B12B18A42F9D1704715
:102DD000002918BF0020704710B56AB10139841866
:102DE00010F8012B11F8013F9A4203D1A04201D003
:102DF000002AF5D1D01A10BD1046FCE70139034670
:102E000010B532B111F8014F013A03F8014B002C13
:102E1000F7D11A440021934200D110BD03F8011BE1
:102E2000F9E70246014410B58A42134603D01C78E4
:102E30000132002CF8D1181A10BD0A7870B56AB9A1
:102E400070BD9A4209D10C46054614F8013F002B8B
:102E5000F6D015F8016F9E42F7D001300378002BB1
:102E6000EFD11846ECE7F0B5C3F13707044603F09D
:102E70001F031046FFB2082BE6B232D0102B3DD014
:102E80006508A40845EAC17544EA81748A082D19C9
:102E900042EB5102290941EA02716D1842EB12120C
:102EA000290A41EA02616D1842EB1222290C41EA1B
:102EB00002416D1842EB1242AD1842F10002EC08DB
:102EC00044EA4274D10804EB8402A6EB4205EDB259
:102ED000092D0CD90134A5F10A0541F10001EDB22B
:102EE00012E0E40806F0070544EA4174C9083035E9
:102EF00054EA010200F8015BBDD1F0BD240906F0DF
:102F00000F0544EA01740909092D84BFED19EDB2DA
:102F1000EDE7D1E9043293421EBF5A1C0A611870D2
:042F200070470000F6
:082F2400E4D1FE7F0100000072
:102F2C0000000000942F010C1DB9000C00000000E3
:102F3C0079B9000C0000000000000000B42F010C57
:102F4C0000000000D42F010CC5AE000C00000000E6
:102F5C0095B3000C00000000C511000C000000002F
:102F6C003552000C000000003DD1000C00000000A8
:102F7C0000000000F42F010C6D29000C0000000073
:082F8C000968000C00000000C0
:102F9400CC7B010CAC42010C0435010C88030020ED
:102FA400AC190020FDAB000C00000000A042010C95
:102FB4001D73010CE841010C000000008403002093
:102FC400781700201D85000C00000000DC41010C76
:102FD400317C010CE042010C2035010C8A030020F5
:102FE400E819002099B1000C00000000D442010C43
:102FF4007875010C2042010C5042010C860300201C
:1030040004020020AD8B000C000000001042010CF3
:10301400000000002BFD000C000000002BFD000C44
:10302400000000002BFD000C000000002BFD000C34
:10303400000000002BFD000C000000002BFD000C24
:10304400000000002BFD000C000000002BFD000C14
:10305400000000002BFD000C000000002BFD000C04
:10306400000000002BFD000C000000002BFD000CF4
:10307400000000002BFD000CB42F010CD106010C44
:10308400B42F010CFF06010CB42F010C2F07010C07
:10309400B42F010C5F07010CB42F010C8F07010C36
:1030A400B42F010CBF07010CB42F010CEF07010C66
:1030B400B42F010C1F08010CB42F010C4F08010C94
:1030C400B42F010C8508010CB42F010CBB08010CB2
:1030D400B42F010CF108010CB42F010C2709010CC9
:1030E400B42F010C5D09010CB42F010C9309010CE0
:1030F400B42F010CC909010C000000002BFD000CC9
:10310400000000002BFD000C000000002BFD000C53
:10311400000000002BFD000C000000002BFD000C43
:10312400000000002BFD000C000000002BFD000C33
:10313400000000002BFD000C000000002BFD000C23
:10314400000000002BFD000C000000002BFD000C13
:10315400000000002BFD000C000000002BFD000C03
:10316400000000002BFD000C000000002BFD000CF3
:10317400000000002BFD000C000000002BFD000CE3
:10318400000000002BFD000C000000002BFD000CD3
:10319400000000002BFD000C000000002BFD000CC3
:1031A400000000002BFD000C000000002BFD000CB3
:1031B400000000002BFD000C000000002BFD000CA3
:1031C400000000002BFD000C000000002BFD000C93
:1031D400000000002BFD000C000000002BFD000C83
:1031E400000000002BFD000C000000002BFD000C73
:1031F400000000002BFD000C000000002BFD000C63
:10320400000000002BFD000C000000002BFD000C52
:10321400000000002BFD000C000000002BFD000C42
:10322400000000002BFD000C000000002BFD000C32
:10323400000000002BFD000C000000002BFD000C22
:10324400000000002BFD000C000000002BFD000C12
:10325400000000002BFD000C000000002BFD000C02
:10326400000000002BFD000C000000002BFD000CF2
:10327400000000002BFD000C000000002BFD000CE2
:10328400000000002BFD000C000000002BFD000CD2
:10329400000000002BFD000C000000002BFD000CC2
:1032A400000000002BFD000C000000002BFD000CB2
:1032B400000000002BFD000C000000002BFD000CA2
:1032C400000000002BFD000C000000002BFD000C92
:1032D400000000002BFD000C000000002BFD000C82
:1032E400000000002BFD000C000000002BFD000C72
:1032F400000000002BFD000C000000002BFD000C62
:10330400000000002BFD000C000000002BFD000C51
:10331400000000002BFD000C000000002BFD000C41
:10332400000000002BFD000C000000002BFD000C31
:10333400000000002BFD000C000000002BFD000C21
:10334400D42F010CD320010CD42F010CD320010C59
:10335400D42F010CD320010CD42F010CD320010C49
:10336400D42F010CD320010CD42F010CD320010C39
:10337400000000002BFD000C000000002BFD000CE1
:10338400000000002BFD000C000000002BFD000CD1
:10339400000000002BFD000C000000002BFD000CC1
:1033A400000000002BFD000C000000002BFD000CB1
:1033B400000000002BFD000C000000002BFD000CA1
:1033C400000000002BFD000C000000002BFD000C91
:1033D400000000002BFD000C000000002BFD000C81
:1033E400000000002BFD000C000000002BFD000C71
:1033F400000000002BFD000C000000002BFD000C61
:10340400000000002BFD000C000000002BFD000C50
:10341400000000002BFD000C000000002BFD000C40
:10342400000000002BFD000C000000002BFD000C30
:10343400000000002BFD000C000000002BFD000C20
:10344400000000002BFD000C000000002BFD000C10
:10345400000000002BFD000C000000002BFD000C00
:10346400000000002BFD000C000000002BFD000CF0
:10347400000000002BFD000C000000002BFD000CE0
:10348400000000002BFD000C000000002BFD000CD0
:10349400000000002BFD000C000000002BFD000CC0
:1034A400000000002BFD000C000000002BFD000CB0
:1034B400000000002BFD000C000000002BFD000CA0
:1034C400000000002BFD000C000000002BFD000C90
:1034D400000000002BFD000C000000002BFD000C80
:1034E400F42F010CDD8D000C000000002BFD000CFE
:1034F400000000002BFD000C000000002BFD000C60
:1035040051A0000C299E000C00000000D99C000C66
:0C351400351E010C00000000FD98000CAA
:10352000DF20010CF520010C6322010C99B0000C86
:10353000EF21010C2721010C8B21010C0321010C2F
:103540004321010C5121010C6B21010C7521010C4F
:103550006521010C7F21010CBD21010CC721010C4B
:0C356000AB21010CD121010CE721010C72
:10356C00BB44010C03000000E17B010C03000000D4
:10357C00FA7B010C010000003F73010C03000000FA
:10358C00DF44010C03000000E344010C03000000C5
:10359C00BB5D010C030000003D5E010C030000004C
:1035AC00455E010C03000000377D010C0300000098
:1035BC001044010C03000000F84F010C0300000044
:1035CC00FE4F010C03000000CC44010C0300000072
:1035DC00497C010C03000000E373010C02000000A5
:1035EC009875010C020000009972010C0300000098
:1035FC009B64010C020000009A61010C02000000A7
:10360C005C65010C02000000D362010C020000009A
:10361C002560010C020000001C60010C020000007F
:10362C00E765010C020000009865010C0200000027
:10363C008863010C02000000EF65010C0200000021
:10364C00283A010C301700201250010C0000000029
:10365C000950010C700000203C1400206000002078
:10366C0002000000AC39010C38140020C039010CE8
:10367C00F4030020FE4F010C900A0020682100206A
:10368C00943A010C0439010CA438010C5839010C82
:10369C00143A010C6C3A010C9038010CD440010C1A
:1036AC00A83A010C583A010C443A010C803A010C2E
:0436BC00403D010C80
:1036C00000000000000000000000000000000000FA
:1036D00000000000F845010CFF45010C000000004F
:1036E0005D1D000C00000000EA47010CF447010CCE
:1036F00000000000D11D000C030000002E46010C4C
:103700003446010C00000000791D000C020000008E
:103710001348010C1A48010C4C37010C0000000042
:1037200000000000BA46010CC146010C0000000078
:10373000C903000C01010000806F010C1747010C48
:1037400000000000B91D000C000000000000000097
:103750000000000000000000000000000000000069
:10376000E74A010CEC4A010C000000001121000C9A
:10377000020000000E64010C0949010C0000000069
:10378000751E000C00000000864A010C8D4A010CD9
:1037900000000000AD20000C02000000AA49010C4E
:1037A000B149010C000000007D1F000C000000006A
:1037B000234A010C2B4A010C000000004920000C98
:1037C00002000000000000000000000000000000F7
:0837D0000000000000000000F1
:1037D800ED77000CC177000C5578000C7521000CB2
:0C37E8009521000C1978000CC57E000C27
:1037F800FFFFFFFFFFFFFF7FFFC99A3B00000000AC
:103808006588635DDC46030060C79C2200000000F9
:103818001B5B4A00001B5B4800001B5B324A000030
:103828001B5B4A00001B5B6D00001B3700001B3848
:1038380000001B5B3F336C00001B5B4800001B5BF8
:10384800324A00001B3700001B38000050060020D9
:1038580000010000C3E6000C61E6000C0200000055
:1038680000000000AB45010CB345010C000000004E
:103878000000000000000000BB45010CBF45010C22
:10388800C345010CC745010CCB45010CD245010CC1
:10389800C036010C0000000000000000D75F010CDA
:1038A800C84B010CB838010C0000000000000000F3
:1038B800BC38010C0E64010CF838010CE437010C1B
:1038C8001922000C010100008D63010CD84B010C7A
:1038D800E837010CB521000C0200000000000000D0
:1038E80000000000000000000000000000000000D0
:1038F800C40BD286F54B010C264C010CE34C010C91
:10390800E84C010C1839010C000000000000000010
:103918001C39010C5762010CF64C010C0000000028
:10392800A123000C00000000064D010C0A4D010CFB
:1039380000000000C924000C000000000000000086
:10394800000000000000000000000000000000006F
:10395800914E010C984E010C6C39010C0D25000C90
:10396800020200007039010C5A4F010C5F4F010C24
:1039780000000000C525000C05020000974F010C4F
:103988009C4F010C00000000A528000C020100005B
:10399800000000000000000000000000000000001F
:1039A80000000000431A00201E0000006BF5000C08
:1039B8005C36010C580000204C36010CEC39010C27
:1039C8001C17002064000000D839010CE416002000
:1039D800480B002080000000000000001BE9000CDC
:1039E800020000005DF8000C24170020431A002094
:1039F8001E0000009D29000C69E9000C45E9000C37
:103A080089E9000C57E9000C000000002653010C5E
:103A1800DD52010C00000000CD36000C0100000052
:103A280035F7000C0DF7000CB1F8000C0000000091
:103A3800000000000000000000000000D753010C47
:103A4800DE53010C00000000913F000C0100000053
:103A58000854010C0F54010CBC3A010C3140000C05
:103A680001010000B454010CBC54010C000000001A
:103A7800513F000C01000000AF6C010CCD54010C4B
:103A8800E83A010C00000000000000002B7C010C4B
:103A9800F354010C00000000FD3F000C0100000081
:103AA8000155010C0555010C000000007DFA000CC1
:103AB80000000000C03A010C2855010C3055010CDB
:103AC80000000000BD3E000C0100000000000000E6
:103AD80000000000000000000000000000000000DE
:103AE800EC3A010C7455010C7D55010C00000000E6
:103AF800FD3E000C010000009A55010CA955010C6F
:103B08008C3B010C00000000000000005956010C1D
:103B18006056010CCC3C010C0000000000000000C5
:103B28007756010C7D56010C8C3C010C00000000FE
:103B3800000000009456010C9B56010C4C3C010CF3
:103B48000000000000000000AA56010CAF56010C4E
:103B58000C3C010CAD3F000C01010000C256010CE9
:103B6800C856010CCC3B010C00000000000000000E
:103B7800000000000000000000000000000000003D
:103B880000000000903B010CDA56010CE456010CD1
:103B980000000000C9FA000C010000001C57010CCD
:103BA8002357010C0000000031FB000C010000004D
:103BB80000000000000000000000000000000000FD
:103BC80000000000D03B010C5562010C5A57010C53
:103BD8000000000081FA000C010000008857010C69
:103BE8008D57010C00000000E93E000C01000000A8
:103BF80000000000000000000000000000000000BD
:103C080000000000103C010CC57A010CB957010CEA
:103C18000000000017FB000C010000006B72010C93
:103C2800F857010C00000000AFFA000C010000007A
:103C3800000000000000000000000000000000007C
:103C480000000000503C010CC57A010C0B58010C17
:103C580000000000413F000C010000006B72010CE5
:103C68001B58010C00000000A3FA000C0100000022
:103C7800000000000000000000000000000000003C
:103C880000000000903C010CC57A010C2A58010C78
:103C980000000000FDFA000C010000006B72010C2E
:103CA8004258010C0000000065FB000C01000000F8
:103CB80000000000000000000000000000000000FC
:103CC80000000000D03C010CC57A010C5958010CC9
:103CD80000000000E3FA000C010000006B72010C08
:103CE8007158010C000000004BFB000C01000000A3
:103CF80000000000000000000000000000000000BC
:103D08000000000000000020000000000600010084
:103D180002000000203D010C000000082E5E010C8E
:103D280006000000E0FF1F0C00000020365E010CBA
:103D380021000000E0FF0720A361010C076C010CC3
:103D4800543D010C0000000000000000583D010C2B
:103D5800236C010CC03E010C00000000597C000CD3
:103D6800010000002A6C010CB43E010C00000000A8
:103D7800197D000C010000008D63010CA83E010CA8
:103D880000000000117C000C01000000316C010CE7
:103D98009C3E010C00000000C97B000C01000000E3
:103DA800386C010C903E010C00000000957B000C63
:103DB80001000000406C010C843E010C0000000072
:103DC800617B000C01000000496C010C783E010C7D
:103DD800E037010CBD7C000C02000000D75F010C2D
:103DE8006C3E010CFC3F010C0000000001000000CB
:103DF800506C010C603E010C243F010C00000000D7
:103E0800010000006165010C543E010CCC3E010C20
:103E18000000000001000000666C010C483E010C27
:103E2800000000008978000C01000000000000007C
:103E3800000000000000000000000000000000007A
:103E4800C40BD286576C010C00000000C40BD2864C
:103E58006D6C010C00000000C40BD2867C6C010C58
:103E680000000000C40BD286C84B010C0000000003
:103E7800C40BD286936C010CB56C010CC40BD286B2
:103E8800CF6C010C00000000C40BD286EB6C010C57
:103E980000000000C40BD286076D010C0000000072
:103EA800C40BD286226D010C00000000C40BD28620
:103EB800416D010C00000000C40BD2867E6D010C20
:103EC80000000000D03E010CA06D010C183F010C51
:103ED800EC37010C1179000C040000009E6D010CF8
:103EE8000C3F010CEC37010CBD78000C04000000FD
:103EF80000000000000000000000000000000000BA
:103F080000000000C40BD286A96D010CC46D010C21
:103F1800C40BD286E96D010CC46D010C283F010C5D
:103F2800026E010CF03F010CD837010CD579000C5A
:103F380002000000066E010CE43F010CDC37010CA6
:103F48006579000C040000000C6E010CD83F010CD0
:103F5800DC37010C7506010C03000000156E010C1E
:103F6800CC3F010CDC37010C7B06010C0300000080
:103F7800206E010CC03F010CDC37010C8106010CDE
:103F8800030000002C6E010CB43F010CDC37010C5F
:103F98008706010C0300000000000000000000007C
:103FA800000000000000000000000000C40BD286E2
:103FB800376E010CCB6D010CC40BD2864D6E010C13
:103FC800CB6D010CC40BD286616E010CCB6D010C5C
:103FD800C40BD2867A6E010CCB6D010CC40BD28651
:103FE800916E010CA46E010CC40BD286CE6E010C2E
:103FF800F96E010C0040010C0E6F010C8840010C99
:1040080000000000297B000C02000000126F010C68
:104018007C40010C00000000F17A000C0200000056
:10402800166F010C7040010CDC37010CA97A000CEA
:10403800030000002F6F010C6440010CDC37010CF9
:10404800397A000C050000000000000000000000A4
:10405800000000000000000000000000C40BD28631
:104068001E6F010C366F010CC40BD286626F010CF7
:10407800886F010CC40BD286996F010CAF6F010CCD
:10408800C40BD286BA6F010CD16F010C000000007E
:10409800E86F010C01000000EB6F010C2801002003
:1040A80000000000EE6F010C140100200100000068
:1040B800F26F010C0001002000000000F66F010CF7
:1040C800EC00002001000000FA6F010C1A72010CCC
:1040D8001D72010CE840010C000000000000000007
:1040E800EC40010C4372010C4872010C1441010CA4
:1040F80000000000020000000000000000000000B6
:104108000000000000000000000000001841010C41
:104118005F72010C6672010C9441010C00000000F2
:10412800020000006E72010C7672010C5441010C01
:104138000000000002000000000000000000000075
:104148000000000000000000000000005841010CC1
:104158004078010C7E72010CF037010C6580000C70
:10416800020000007B72010C7E72010CF037010C1A
:104178006584000C02000000000000000000000040
:104188000000000000000000000000009841010C41
:10419800C57A010C7E72010CF037010C1182000CFB
:1041A800020000006B72010C7E72010CF037010CEA
:1041B800997F000C020000000000000000000000D1
:1041C8000000000000000000000000008003002044
:1041D80002000000E041010C010000003B73010CEB
:1041E80000A00144942F010C1A7F132403C5FF1F5C
:1041F800FF09010C010000009442010C5404002046
:1042080000000000000000001442010C0200000041
:104218008575010C8C75010C000000460800000033
:10422800AC170020AC180020682F00200004000004
:10423800020000000000000000000000C914010C8A
:10424800C314010C640000000B13010CE192000C74
:10425800A313010C7712010CD318010C0000000005
:104268004B15010CD316010C718D000CF912010CC1
:104278008987000CF58A000CED87000C5588000C26
:10428800218A000CD517010CE517010C011E010C41
:1042980000000000E91D010CA442010C010000000F
:1042A800DB7B010C00C0004400E000440000014436
:1042B80000200144008000440500000000108044F4
:1042C800801080440011804480118044D842010C41
:1042D80001000000417C010C00C201000300010044
:1042E800002000450001000001000000000000005F
:1042F800FD21010C942F010C2E7F302423DAFF1F9F
:104308000C43010C1443010C010000009643010CFE
:1043180002000000E37C010CF17C010C057D010C1E
:10432800147D010C207D010C2C2F010C2C2F010C6D
:104338005C2F010C642F010C942F010C942F010C9D
:104348003C7D010C010005005C7D010C02000700AA
:10435800427D010C040008004B7D010C080004009C
:10436800AD65010C10000900507D010C200008000B
:10437800597D010C40000A00647D010C8000060094
:10438800997D010C00010000000000000904902341
:104398000000802300006865617020636F72727589
:1043A8007074696F6E20286E6F7420696E20757343
:1043B800653F29206174202570006865617020635D
:1043C8006F7272757074696F6E20286275666665A3
:1043D80072206F766572666C6F773F292061742052
:1043E8002570006865617020636F727275707469FA
:1043F8006F6E2028646F75626C6520667265653F14
:1044080029206174202570006F735F6865617000F2
:1044180028756E7369676E65642920636861722008
:104428002A207573656420666F72202525702061C7
:104438007267756D656E742E2049742773207265D6
:10444800636F6D6D656E64656420746F206361735E
:104458007420697420746F20766F6964202A206242
:10446800656361757365206974206D617920636186
:10447800757365206D69736265686176696F72200E
:10448800696E206365727461696E20636F6E666918
:104498006775726174696F6E732E20537472696EDA
:1044A800673A2225732220617267756D656E743ACA
:1044B80025640063627072696E74665F7061636B15
:1044C800616765007379735F6765746F7074006CFA
:1044D8006F6767696E67006C6F67006C6F675F6D09
:1044E800676D74004D6573736167652028222573B5
:1044F80022292064726F707065642062656361753B
:1045080073652069742065786365656473207369D1
:104518007A65206C696D69746174696F6E202825ED
:104528007529004D6573736167652064726F7070DB
:1045380065642062656361757365206974206578B8
:1045480063656564732073697A65206C696D697445
:104558006174696F6E2028257529000D0A001B5BA0
:10456800306D005B2530386C755D20005B2530327E
:10457800753A253032753A253032752E2530337527
:104588002C253033755D20003C25733E20002573B3
:104598002F0025733A200025303278200020202073
:1045A800007C001B5B313B33316D001B5B313B33BF
:1045B800336D006572720077726E00696E66006412
:1045C8006267006B65726E656C004B65726E656C38
:1045D80020636F6D6D616E6473006379636C6573DE
:1045E8003A202575206877206379636C65730A0023
:1045F8006379636C6573004B65726E656C206379D3
:10460800636C65732E00556E61626C6520746F2053
:10461800706172736520696E707574202865727296
:10462800202564290A00736C656570006D73005558
:104638007074696D653A20256C6C75206D730A007D
:104648002D70002D2D70726574747900556E737518
:1046580070706F72746564206F7074696F6E3A2041
:1046680025730A00757074696D653A20256C6C7540
:1046780020646179732C20256C6C7520686F7572C5
:10468800732C20256C6C75206D696E757465732CA0
:1046980020256C6C75207365636F6E64732C202500
:1046A8006C6C75206D696C6C697365636F6E64738F
:1046B8000A00757074696D65004B65726E656C20D3
:1046C800757074696D652E2043616E206265206384
:1046D800616C6C6564207769746820746865202D46
:1046E80070206F72202D2D707265747479206F7030
:1046F80074696F6E7300342E342E30005A657068FA
:1047080079722076657273696F6E2025730A004B83
:1047180065726E656C2076657273696F6E2E0054D3
:1047280068697320636F6D6D616E642069732064BE
:1047380065707265636174656420617320697420B3
:1047480069732061206475706C69636174652E20DB
:1047580055736520276C6F6720656E61626C6527ED
:1047680020636F6D6D616E642066726F6D206C6F73
:104778006767696E6720636F6D6D616E6473207320
:1047880065742E0A00556E61626C6520746F207026
:1047980061727365206C6F672073657665726974E2
:1047A800792028657272202564290A00496E76618D
:1047B8006C6964206C6F67206C6576656C3A20259F
:1047C800640A00556E61626C6520746F2066696EBC
:1047D80064206C6F6720736F757263653A20257368
:1047E8000A006C6F675F6C6576656C003C6D6F6482
:1047F800756C65206E616D653E203C7365766572EB
:104808006974792028302D34293E007468726561F6
:1048180064004B65726E656C2074687265616473C0
:104828002E005363686564756C65723A202575209F
:1048380073696E6365206C6173742063616C6C0AC4
:1048480000546872656164733A0A004E410025732A
:10485800257020252D3130730A00096F7074696F37
:104868006E733A20307825782C207072696F7269DF
:1048780074793A2025642074696D656F75743A20DF
:10488800256C6C640A000973746174653A20257399
:104898002C20656E7472793A2025700A00556E6175
:1048A800626C6520746F2064657465726D696E65ED
:1048B80020756E7573656420737461636B2073690A
:1048C8007A6520282564290A0A0009737461636BD4
:1048D8002073697A6520257A752C20756E75736545
:1048E8006420257A752C20757361676520257A7593
:1048F800202F20257A7520282575202525290A0AA4
:10490800004C697374206B65726E656C20746872F4
:10491800656164732E00257020495251202530327C
:1049280064202573287265616C2073697A65202577
:10493800347A75293A09756E757365642025347A59
:10494800750975736167652025347A75202F2025D0
:10495800347A75202825327A75202525290A0025DC
:104968007020252D33327320287265616C2073699D
:104978007A652025347A75293A09756E75736564E8
:104988002025347A750975736167652025347A7531
:10499800202F2025347A75202825327520252529B1
:1049A8000A00737461636B73004C697374207468D4
:1049B800726561647320737461636B2075736167DA
:1049C800652E005468726561642049442025702072
:1049D8006973206E6F742076616C69640A00457291
:1049E800726F723A5368656C6C20746872656164A2
:1049F8002063616E6E6F74206265207375737065D5
:104A08006E6465640A0054687265616420257020CC
:104A180073757370656E6465640A00737573706589
:104A28006E64006B65726E656C2074687265616493
:104A38002073757370656E64203C74687265616478
:104A48005F69643E004572726F723A5368656C6CB8
:104A5800207468726561642063616E6E6F74206291
:104A68006520726573756D65640A005468726561C6
:104A78006420257020726573756D65640A0072651F
:104A880073756D65006B65726E656C207468726510
:104A9800616420726573756D65203C746872656128
:104AA800645F69643E004572726F723A5368656C60
:104AB8006C207468726561642063616E6E6F742027
:104AC8006265206B696C6C65640A000A2054687220
:104AD800656164202570206B696C6C65640A006BE5
:104AE800696C6C006B65726E656C207468726561C8
:104AF80064206B696C6C203C7468726561645F69E2
:104B0800643E0044657669636520756E6B6E6F77E9
:104B18006E20282573290A00446576696365202577
:104B28007320697320616C726561647920696E69AC
:104B38007469616C697A65640A00446576696365BD
:104B480020257320696E697469616C697A6174697A
:104B58006F6E206661696C6564207769746820658A
:104B680072723D25640A0044657669636520257381
:104B780020696E697469616C697A6564207375630C
:104B88006365737366756C6C790A005245414459C4
:104B98000044495341424C45440064657669636565
:104BA800733A0A005B25705D002D202573002020D4
:104BB8004454206E6F6465206C6162656C733A00C2
:104BC80044657669636520636F6D6D616E6473001B
:104BD8004D616E75616C6C7920696E697469616C80
:104BE800697A65206120646576696365004C69733C
:104BF8007420636F6E666967757265642064657694
:104C0800696365732C207769746820616E206F7002
:104C180074696F6E616C2066696C746572005B3CC8
:104C28006465766963652066696C7465723E5D00CB
:104C3800496E76616C696420686F75720A00496E06
:104C480076616C6964206D696E7574650A00496ED9
:104C580076616C6964207365636F6E640A00496EDF
:104C680076616C6964206D6F6E74680A00496E76AF
:104C7800616C6964206461790A004661696C6564E5
:104C880020746F2063616C63756C61746520736553
:104C9800636F6E64732073696E63652045706F631C
:104CA800680A00436F756C64206E6F7420736574B6
:104CB80020646174652025640A0025642D2530323E
:104CC800752D2530327520253032753A25303275EC
:104CD8003A25303275205554430A006461746500E2
:104CE8004461746520636F6D6D616E6473005B5918
:104CF8002D6D2D645D203C483A4D3A533E00676562
:104D080074005B6E6F6E655D005573696E67206435
:104D18006174612077696474682025640A00496EAB
:104D2800636F72726563742064617461207769646B
:104D380074680A00526561642076616C756520307C
:104D480078256C6C780A0057726974696E672076EA
:104D5800616C7565203078256C6C780A00696E7610
:104D6800616C6964206164647220272573270A00D6
:104D7800696E76616C69642073697A65202725738A
:104D8800270A00696E76616C6964207769647468C3
:104D980020272573270A00613A733A773A00272DAE
:104DA80061203C616464726573733E2720697320D7
:104DB8006D616E6461746F72790A00272D73203CEF
:104DC80073697A653E27206973206D616E6461742A
:104DD8006F72790A00496E636F727265637420643A
:104DE8006174612077696474683A2025750A0064E3
:104DF80065766D656D206C6F616420737570706F7A
:104E08007274732073657474696E67206279706157
:104E18007373206F6E20612073696E676C652069FB
:104E28006E7374616E63652E0A004C6F6164696EFF
:104E3800672E2E2E0A7072657373206374726C2D40
:104E480078206374726C2D7120746F2065736361B0
:104E580070650A004E756D626572206F6620627912
:104E680074657320726561643A2025640A002D2DEB
:104E7800002D6500556E6B6E6F776E206F707469CC
:104E88006F6E20222573220A006465766D656D00B9
:104E9800526561642F7772697465207068797369E7
:104EA80063616C206D656D6F72790A557361676512
:104EB8003A0A52656164206D656D6F72792061747C
:104EC80020616464726573732077697468206F70F9
:104ED80074696F6E616C2077696474683A0A6465F6
:104EE800766D656D203C616464726573733E205B0A
:104EF8003C77696474683E5D0A5772697465206D11
:104F0800656D6F7279206174206164647265737372
:104F18002077697468206D616E6461746F7279209E
:104F2800776964746820616E642076616C75653A8F
:104F38000A6465766D656D203C616464726573739F
:104F48003E203C77696474683E203C76616C7565E8
:104F58003E0064756D700055736167653A0A646553
:104F6800766D656D2064756D70202D61203C6164DF
:104F780064726573733E202D73203C73697A653EB5
:104F8800205B2D77203C77696474683E5D0A006C6D
:104F98006F61640055736167653A0A6465766D658B
:104FA8006D206C6F6164205B6F7074696F6E735DE8
:104FB800205B616464726573735D0A4F7074696F16
:104FC8006E733A0A2D65096C6974746C652D656E8B
:104FD8006469616E2070617273650052582072694D
:104FE8006E67206275666665722066756C6C2E0049
:104FF8007368656C6C2E7368656C6C5F7561727430
:1050080000756172743A7E2420007368656C6C5F69
:10501800756172745F6261636B656E64005375627B
:10502800636F6D6D616E64733A0A006E6F742074FD
:1050380065726D696E617465643A2025630A005073
:105048006C6561736520737065636966792061209A
:10505800737562636F6D6D616E642E0A00457272BE
:105068006F723A20726571756573746564206D7529
:105078006C7469706C652066756E6374696F6E20F8
:10508800657865637574696F6E730A003A20636F9B
:105098006D6D616E64206E6F7420666F756E64004E
:1050A800546F6F206D616E7920617267756D656EE2
:1050B800747320696E2074686520636F6D6D616E0E
:1050C800642E0A0025733A2077726F6E672070612C
:1050D80072616D6574657220636F756E740A00572E
:1050E80041524E494E473A2041207072696E7420F1
:1050F8007265717565737420776173206465746572
:1051080063746564206F6E206E6F742061637469C8
:105118007665207368656C6C206261636B656E648C
:105128002E0A000A2573257300506C65617365208B
:10513800707265737320746865203C5461623E2008
:10514800627574746F6E20746F2073656520616C6E
:105158006C20617661696C61626C6520636F6D6D4E
:10516800616E64732E0A00596F752063616E206149
:105178006C736F2075736520746865203C54616298
:105188003E20627574746F6E20746F2070726F6D3C
:105198007074206F72206175746F2D636F6D706C01
:1051A80065746520616C6C20636F6D6D616E6473EE
:1051B800206F722069747320737562636F6D6D61FF
:1051C8006E64732E0A00596F752063616E207472C5
:1051D8007920746F2063616C6C20636F6D6D616EF4
:1051E80064732077697468203C2D683E206F7220B4
:1051F8003C2D2D68656C703E20706172616D657420
:10520800657220666F72206D6F726520696E666FB9
:10521800726D6174696F6E2E0A000A5368656C6C52
:1052280020737570706F72747320666F6C6C6F7713
:10523800696E67206D6574612D6B6579733A0A2014
:10524800204374726C202B202861206B65792066BE
:10525800726F6D3A206162636465666B6C6E707420
:105268007577290A2020416C7420202B2028612082
:105278006B65792066726F6D3A206266290A506CF8
:105288006561736520726566657220746F20736846
:10529800656C6C20646F63756D656E746174696F9D
:1052A8006E20666F72206D6F726520646574616927
:1052B8006C732E0A000A417661696C61626C652024
:1052C800636F6D6D616E64733A0A00253038583A21
:1052D80020007C0A005072696E747320746865201F
:1052E80068656C70206D6573736167652E001B5B64
:1052F80025642563001B5B313B3325646D001B5B14
:1053080034303325646D0055736167653A20257321
:1053180020002573252D2A73002D68002D2D686522
:105328006C70004C6F7374206C6F67733A20256C37
:10533800750A00416374697665207368656C6C2032
:105348006261636B656E64733A0A002020253264DB
:105358002E203A257320282573290A005B253364FB
:105368005D2025730A0020756E6B6E6F776E207056
:105378006172616D657465723A200025733A257310
:1053880025730A004563686F207374617475733AF6
:105398002025730A004E6F20726573706F6E7365F7
:1053A8002066726F6D20746865207465726D696E11
:1053B800616C2C20617373756D65642038307832A8
:1053C800342073637265656E2073697A650A0072AA
:1053D800657476616C005072696E742072657475BC
:1053E800726E2076616C7565206F66206D6F7374C0
:1053F80020726563656E7420636F6D6D616E640005
:10540800726573697A6500436F6E736F6C652067A8
:10541800657473207465726D696E616C2073637254
:1054280065656E2073697A65206F72206173737584
:105438006D65732064656661756C7420696E2063A0
:105448006173652074686520726561646F75742086
:105458006661696C732E204974206D7573742062BF
:105468006520657865637574656420616674657226
:105478002065616368207465726D696E616C207760
:1054880069647468206368616E676520746F20655D
:105498006E7375726520636F7272656374207465CC
:1054A800787420646973706C61792E00686973740C
:1054B8006F727900436F6D6D616E642068697374F3
:1054C8006F72792E0055736566756C2C206E6F743B
:1054D80020556E69782D6C696B65207368656C6CF6
:1054E80020636F6D6D616E64732E00436C6561722D
:1054F8002073637265656E2E0072656D0049676E74
:105508006F7265206C696E657320626567696E6E7F
:10551800696E672077697468202772656D20270097
:1055280064656661756C7400417373756D652038C8
:10553800302063686172732073637265656E2077CB
:105548006964746820616E642073656E6420746891
:1055580069732073657474696E6720746F2074684A
:1055680065207465726D696E616C2E006261636B93
:10557800656E6473004C6973742061637469766541
:10558800207368656C6C206261636B656E64732E52
:105598000A006261636B73706163655F6D6F646558
:1055A80000546F67676C65206261636B7370616339
:1055B80065206B6579206D6F64652E0A536F6D6584
:1055C800207465726D696E616C7320617265206EFE
:1055D8006F742073656E64696E672073657061729D
:1055E8006174652065736361706520636F6465200D
:1055F800666F72206261636B737061636520616EB0
:10560800642064656C65746520627574746F6E2EB1
:10561800205468697320636F6D6D616E6420666FD6
:1056280072636573207368656C6C20746F20696E93
:10563800746572707265742064656C657465206B3E
:105648006579206173206261636B73706163652E95
:1056580000636F6C6F727300546F67676C652063CB
:105668006F6C6F7265642073796E7461782E007642
:105678007431303000546F67676C65207674313050
:105688003020636F6D6D616E64732E0070726F6D84
:10569800707400546F67676C652070726F6D7074FA
:1056A8002E006563686F00546F67676C65207368C8
:1056B800656C6C206563686F2E0073746174730089
:1056C8005368656C6C20737461746973746963736F
:1056D8002E006261636B73706163650053657420AB
:1056E800646966666572656E74206573636170656A
:1056F80020636F646520666F72206261636B7370EC
:1057080061636520616E642064656C657465206BF7
:1057180065792E0064656C65746500536574207442
:1057280068652073616D65206573636170652063CA
:105738006F646520666F72206261636B737061636A
:105748006520616E642064656C657465206B65799D
:105758002E005265736574207368656C6C207374D1
:10576800617469737469637320666F722074686505
:10577800204C6F67676572206D6F64756C652E00CD
:1057880073686F7700476574207368656C6C207365
:1057980074617469737469637320666F72207468C6
:1057A80065204C6F67676572206D6F64756C652E38
:1057B8000044697361626C65207368656C6C206570
:1057C80063686F2E2045646974696E67206B65791C
:1057D8007320616E64206D6574612D6B657973202B
:1057E800617265206E6F742068616E646C65640018
:1057F800456E61626C65207368656C6C20656368D2
:105808006F2E0044697361626C652070726F6D70F1
:10581800742E00456E61626C652070726F6D7074D5
:105828002E0044697361626C6520767431303020D3
:10583800636F6D6D616E64732E00456E61626C6599
:1058480020767431303020636F6D6D616E64732E15
:105858000044697361626C6520636F6C6F72656484
:105868002073796E7461782E00456E61626C6520D4
:10587800636F6C6F7265642073796E7461782E0043
:10588800436F6D6D616E642062756666657220692E
:105898007320746F6F2073686F727420746F206543
:1058A8007870616E6420616C6C20636F6D6D616EE1
:1058B8006473206D61746368696E672077696C64CE
:1058C80063617264207061747465726E3A20257326
:1058D8000A0072302F61313A20203078253038782C
:1058E800202072312F61323A2020307825303878E4
:1058F800202072322F61333A2020307825303878D2
:105908000072332F61343A202030782530387820DF
:105918007231322F69703A2020307825303878205B
:105928007231342F6C723A20203078253038780064
:1059380020787073723A2020307825303878004605
:1059480061756C74696E6720696E737472756374BF
:10595800696F6E20616464726573732028723135D3
:105968002F7063293A2030782530387800556E68D2
:10597800616E646C6564204952516E3A202564005A
:105988002A2A2A2A2A205553414745204641554C60
:1059980054202A2A2A2A2A00202044697669736911
:1059A8006F6E206279207A65726F002020556E61D3
:1059B8006C69676E6564206D656D6F7279206163CF
:1059C80063657373002020537461636B206F766581
:1059D80072666C6F772028636F6E746578742061C7
:1059E800726561206E6F742076616C69642900208D
:1059F800204E6F20636F70726F636573736F7220D0
:105A0800696E737472756374696F6E7300202049D0
:105A18006C6C6567616C206C6F6164206F662045F3
:105A280058435F52455455524E20696E746F20504A
:105A380043002020496C6C6567616C207573652094
:105A48006F662074686520455053520020204174C9
:105A580074656D707420746F2065786563757465FE
:105A680020756E646566696E656420696E7374720C
:105A7800756374696F6E002A2A2A2A2A204D5055A8
:105A8800204641554C54202A2A2A2A2A00202053ED
:105A98007461636B696E67206572726F7220286328
:105AA8006F6E746578742061726561206D696768CE
:105AB80074206265206E6F742076616C69642900B9
:105AC8002020556E737461636B696E67206572720E
:105AD8006F720020204461746120416363657373B1
:105AE8002056696F6C6174696F6E0020204D4D46B9
:105AF800415220416464726573733A203078257886
:105B0800002020496E737472756374696F6E20414A
:105B180063636573732056696F6C6174696F6E0097
:105B28002020466C6F6174696E672D706F696E74A2
:105B3800206C617A79207374617465207072657362
:105B48006572766174696F6E206572726F72002A71
:105B58002A2A2A2A20425553204641554C54202AA5
:105B68002A2A2A2A002020537461636B696E6720F1
:105B78006572726F720020205072656369736520C8
:105B88006461746120627573206572726F7200209F
:105B9800204246415220416464726573733A203052
:105BA800782578002020496D7072656369736520D7
:105BB8006461746120627573206572726F7200206F
:105BC80020496E737472756374696F6E20627573A1
:105BD800206572726F72002A2A2A2A2A20534543A6
:105BE800555245204641554C54202A2A2A2A2A0033
:105BF8002020416464726573733A203078257800F8
:105C08002020496E76616C696420656E7472792013
:105C1800706F696E74002020496E76616C6964202B
:105C2800696E74656772697479207369676E6174E7
:105C3800757265002020496E76616C69642065780C
:105C480063657074696F6E2072657475726E00207A
:105C5800204174747269627574696F6E20756E691B
:105C6800742076696F6C6174696F6E002020496ECC
:105C780076616C6964207472616E736974696F6EA1
:105C88000020204C617A79207374617465207072E9
:105C980065736572766174696F6E0020204C617A55
:105CA80079207374617465206572726F7200526531
:105CB80073657276656420457863657074696F6E84
:105CC80020280053707572696F757320696E74654A
:105CD8007272757074202849525120002020532078
:105CE800696E737472756374696F6E20616464722F
:105CF8006573733A202030782578002A2A2A2A2AC0
:105D08002048415244204641554C54202A2A2A2AE8
:105D18002A002020427573206661756C74206F6EAE
:105D280020766563746F72207461626C6520726599
:105D380061640020204465627567206576656E742D
:105D48000020204661756C7420657363616C617412
:105D5800696F6E20287365652062656C6F7729000E
:105D6800415243485F455843455054207769746809
:105D780020726561736F6E2025780A002A2A2A2A04
:105D88002A204465627567206D6F6E69746F722092
:105D9800657863657074696F6E202A2A2A2A2A003A
:105DA8002A2A2A2A2A20257320256429202A2A2AF1
:105DB8002A2A006D7075004661696C656420746FED
:105DC80020616C6C6F63617465206E6577204D503F
:105DD8005520726567696F6E2025750A00506172DB
:105DE800746974696F6E2025753A20636F686572EF
:105DF800656E636520636865636B206661696C65C1
:105E0800642E00496E76616C696420756E646572F3
:105E18006C79696E6720726567696F6E20696E6458
:105E2800657820257500464C4153485F3000535231
:105E3800414D5F30006E65745F627566006E657413
:105E48005F6275665F73696D706C650052656D6F32
:105E580074652077616B657570206665617475720D
:105E680065206E6F7420737570706F72746564004E
:105E780052656D6F74652077616B65757020666516
:105E88006174757265206E6F7420656E61626C65F1
:105E980064206F72206E6F742073757370656E6402
:105EA800656400555342206465766963652073759F
:105EB80070706F727420697320616C7265616479A7
:105EC80020696E697469616C697A6564005553422A
:105ED8002064657669636520636F6E74726F6C6C9D
:105EE8006572206973206E6F742072656164790031
:105EF8005553422064657669636520737570706FC9
:105F08007274206973206E6F7420696E6974696198
:105F18006C697A65640055534220646576696365E7
:105F280020737570706F727420697320616C72656C
:105F380061647920656E61626C6564004661696CB4
:105F4800656420746F20656E61626C6520636F6E96
:105F580074726F6C6C65720042756666657220704B
:105F68007265616C6C6F636174696F6E20666169DC
:105F78006C656400555342206465766963652073D7
:105F88007570706F727420697320616C72656164DA
:105F9800792064697361626C6564004661696C6547
:105FA8006420746F20726573657420636F6E666910
:105FB8006775726174696F6E004661696C6564200B
:105FC800746F2064697361626C6520555342206464
:105FD8006576696365004661696C656420746F2045
:105FE80073687574646F776E2055534220646576C4
:105FF800696365004661696C656420746F2070751B
:1060080072676520656E64706F696E74207175655E
:1060180075657300757362645F6465760075736295
:10602800645F64657363004661696C656420746FBE
:1060380020656E717565756520537461747573207C
:10604800494E20627566666572004661696C6564D2
:1060580020746F20656E71756575652053455455BC
:10606800502062756666657200436F6E6669677573
:10607800726174696F6E2064657363726970746F9E
:1060880072202575206E6F7420666F756E640043EC
:10609800616E206F6E6C792068616E646C65206338
:1060A8006F6E74726F6C20726571756573747300AE
:1060B8004D616C666F726D656420736574757020D0
:1060C8007061636B657400556E657870656374659F
:1060D8006420627566666572206C696E6B65642003
:1060E800746F207365747570004661696C6564200F
:1060F800746F2073657420646576696365206164D4
:1061080064726573732030782578004661696C6520
:106118006420746F2073657420636F6E6669677599
:10612800726174696F6E2025752C202564004857AC
:10613800494E464F206E6F7420696D706C656D65B1
:106148006E746564206F7220656E61626C656400B0
:106158004661696C656420746F20656E717565753C
:106168006520537461747573204F555420627566A9
:10617800666572004661696C656420746F20656E9F
:1061880061626C6520544553545F4D4F444520254A
:106198007500757362645F636839007573626400C3
:1061A8004661696C656420746F2067657420636656
:1061B800675F6E642C206465737069746520636F13
:1061C8006E666967757265642073746174650055DD
:1061D8006E7265636F76657261626C652065727256
:1061E8006F722025642C2065702030782530327835
:1061F8002C20627566202570004661696C656420F4
:10620800746F207365742064656661756C742061B1
:106218006464726573732061667465722062757355
:10622800207265736574004661696C656420746FDB
:10623800207365742064656661756C74207374617D
:106248007465206166746572206275732072657367
:10625800657400554443206572726F7220657665D7
:106268006E74004661696C656420746F20696E699C
:106278007420646576696365206472697665720066
:106288004661696C656420746F20636C65616E7526
:1062980070207265676973746572656420636C61E8
:1062A800737365732C202564004661696C656420EE
:1062B800746F20636C65616E7570206465736372BA
:1062C8006970746F72732C20256400757362645F43
:1062D800636F726500456E64706F696E6720307811
:1062E80025303278206E6F742061737369676E652C
:1062F80064004661696C656420746F20617373691A
:10630800676E20656E64706F696E74206164647274
:106318006573736573004661696C656420746F20EA
:10632800696E697469616C697A6520636C617373FD
:1063380020696E7374616E6365004661696C65649B
:1063480020746F20696E697420485320636F6E66ED
:10635800696775726174696F6E2025750046616999
:106368006C656420746F20696E69742046532063DD
:106378006F6E66696775726174696F6E2025750046
:10638800757362645F696E697400466561747572DD
:1063980065206E6F7420737570706F7274656420F9
:1063A800627920636F6E74726F6C6C6572005553FE
:1063B800422064657669636520737570706F7274C6
:1063C80020697320696E697469616C697A65640013
:1063D800436F6E74726F6C6C657220646F65736E58
:1063E800277420737570706F727420485300485377
:1063F80020636F6E66696720616C726561647920DD
:106408006F6E204653206C69737400465320636F87
:106418006E66696720616C7265616479206F6E20B1
:106428004853206C69737400556E737570706F7281
:1064380074656420636F6E66696775726174696FED
:106448006E20737065656400436F6E666967757268
:106458006174696F6E2025752072652D696E73658C
:1064680072746564004661696C656420746F2061AC
:10647800646420636F6E66696775726174696F6EB4
:1064880020737472696E67206465736372697074CF
:106498006F7200757362645F6366670055534220CC
:1064A80064657669636520636C6173732025732066
:1064B8006E6F7420666F756E64004E6F20636F6E2A
:1064C80066696775726174696F6E207365742028D8
:1064D8004164647265737320737461746529004341
:1064E8006C61737320696E7374616E636520616C8F
:1064F8007265616479207265676973746572656431
:1065080000436C61737320726567697374657265A3
:106518006420746F206F7468657220636F6E746591
:10652800787420617420646966666572656E74208B
:10653800737065656400436C61737320696E73746E
:10654800616E6365206E6F74207265676973746528
:1065580072656400757362645F636C61737300468F
:1065680061696C656420746F2068616E646C652075
:106578006F702025642C20657020307825303278A3
:106588002C20626D203078253038782C2025640046
:10659800757362645F6966616365006465766963E3
:1065A800652069732073757370656E646564005344
:1065B80065742068616C74203078253032782066E4
:1065C80061696C656400436C6561722068616C7414
:1065D80020307825303278206661696C65640075F2
:1065E8007362645F657000757362645F6D736700E2
:1065F8006465763A204661696C656420746F20771B
:10660800616B6575702072656D6F74652025640A0D
:10661800006465763A205265717565737465642007
:1066280072656D6F74652077616B6575700A0064BB
:1066380065763A206661696C656420746F207265BE
:106648006D6F76652055534220636C617373202506
:10665800732066726F6D20636F6E6669677572610D
:1066680074696F6E2025732025750A006465763A73
:106678002072656D6F7665642055534220636C61A6
:1066880073732025732066726F6D20636F6E666961
:106698006775726174696F6E2025732025750A000D
:1066A8006465763A206661696C656420746F20724F
:1066B800656769737465722055534220636C617312
:1066C8007320257320746F20636F6E666967757217
:1066D8006174696F6E2025732025750A00646576DC
:1066E8003A20726567697374657220555342206356
:1066F8006C61737320257320746F20636F6E6669F5
:106708006775726174696F6E2025732025750A009C
:106718006465763A206C696D697420624D617850C1
:106728006F7765722076616C756520746F202575AA
:106738000A006465763A206661696C656420746F46
:106748002073657420636F6E66696775726174691A
:106758006F6E20257520624D6178506F77657220C5
:1067680076616C756520746F2025750A00646576FE
:106778003A2073657420636F6E6669677572617419
:10678800696F6E20257520624D6178506F7765724C
:106798002076616C756520746F2025750A00646524
:1067A800763A206661696C656420746F2061646460
:1067B80020636F6E66696775726174696F6E2025F4
:1067C800730A006465763A206661696C65642074B2
:1067D8006F207365742064657669636520636F64F0
:1067E8006520747269706C6520746F202578202587
:1067F800782025780A006465763A207365742064E9
:10680800657669636520636F646520747269706C6E
:106818006520746F2025782025782025780A006463
:1068280065763A206661696C656420746F207365CB
:1068380074206465766963652062636455534220F9
:10684800746F2025780A006465763A207365742091
:106858006465766963652062636455534220746F8A
:106868002025780A006465763A206661696C65645B
:1068780020746F2073657420646576696365206988
:106888006456656E646F7220746F2025780A006400
:1068980065763A206661696C656420746F2073655B
:1068A800742064657669636520696450726F6475E5
:1068B800637420746F2025780A006465763A204650
:1068C80061696C656420746F2073687574646F7790
:1068D8006E205553420A006465763A20555342208B
:1068E800636F6D706C6574656C792064697361623F
:1068F8006C65640A006465763A204661696C656473
:1069080020746F2064697361626C65205553420A74
:10691800006465763A205553422064697361626C5D
:1069280065640A006465763A2055534220616C72AA
:106938006561647920656E61626C65640A006465EE
:10694800763A204661696C656420746F20656E61D3
:10695800626C65205553422C206572726F72202537
:10696800640A006465763A2055534220656E616278
:106978006C65640A006465763A2055534220616C60
:10698800726561647920696E697469616C697A6598
:10699800640A006465763A204661696C656420740F
:1069A8006F20696E697469616C697A6520646576BF
:1069B80069636520737570706F7274202825642967
:1069C8000A006465763A2055534220696E697469F5
:1069D800616C697A65640A006465763A2046616983
:1069E8006C656420746F20616464206465666175F9
:1069F8006C7420737472696E67206465736372695E
:106A080070746F72732C2025640A006465763A20CE
:106A180061646465642064656661756C7420737470
:106A280072696E672064657363726970746F7273DC
:106A38000A006465763A2073656C65637420257373
:106A4800206173206D79205553422064657669630F
:106A58006520636F6E746578740A006465763A2001
:106A68006661696C656420746F2073656C65637416
:106A78002025730A006465763A204661696C65646E
:106A880020746F2061646420485320636F6E6669C8
:106A98006775726174696F6E0A006465763A20469C
:106AA80061696C656420746F2061646420465320BA
:106AB800636F6E66696775726174696F6E0A0064E8
:106AC80065763A206661696C656420746F2072652A
:106AD80067697374657220465320257320282564DE
:106AE800290A006465763A2072656769737465726D
:106AF8002046532025730A006465763A206661694A
:106B08006C656420746F20726567697374657220A0
:106B1800485320257320282564290A006465763A9D
:106B28002072656769737465722048532025730A5B
:106B3800006465763A206661696C656420736574E3
:106B480020636F6E66696775726174696F6E202560
:106B5800752052656D6F74652057616B657570207F
:106B6800746F2025750A006465763A207365742071
:106B7800636F6E66696775726174696F6E202575DB
:106B88002052656D6F74652057616B657570207450
:106B98006F2025750A006465763A206661696C6520
:106BA8006420746F207365742061747472696275EF
:106BB80074652053656C662D706F77657265642007
:106BC800746F2025750A006465763A207365742011
:106BD800636F6E66696775726174696F6E2025757B
:106BE800206174747269627574652053656C662DD2
:106BF800706F776572656420746F2025750A00557B
:106C080053422064657669636520737570706F728E
:106C18007420636F6D6D616E647300646566737470
:106C2800720064656663666700656E61626C650024
:106C380064697361626C650073687574646F776EFC
:106C48000073656C65637400636F6E6669670053F3
:106C580069676E616C732072656D6F74652077610A
:106C68006B65757000436C61737320636F6D6D6144
:106C78006E647300436F6E66696775726174696FDD
:106C88006E20636F6D6D616E64730053656C656330
:106C9800747320636F6E74657874207573656420EF
:106CA800627920746865207368656C6C003C555384
:106CB800422064657669636520636F6E74657874D5
:106CC800206E616D653E0053687574646F776E2041
:106CD8005553422064657669636520737570706FDB
:106CE80072740044697361626C6573205553422065
:106CF80064657669636520737570706F727400459A
:106D08006E61626C657320555342206465766963D1
:106D18006520737570706F727400496E697469616B
:106D28006C697A657320555342206465766963659A
:106D380020737570706F727400496E697469616C44
:106D4800697A65732064656661756C7420636F6E1B
:106D580066696775726174696F6E207769746820F7
:106D6800616C6C20617661696C61626C6520636C32
:106D7800617373657300416464732064656661754B
:106D88006C7420737472696E6720646573637269CA
:106D980070746F727300756E72656769737465726B
:106DA80000556E72656769737465727320636C61F0
:106DB800737320696E7374616E6365003C6E616DF8
:106DC800653E203C73706565643E203C636F6E666B
:106DD800696775726174696F6E2076616C75653E5E
:106DE8000052656769737465727320636C617373AD
:106DF80020696E7374616E63650061646400706F0E
:106E0800776572007365742D7277757000636C65B1
:106E180061722D727775700073656C66706F776537
:106E280072656400627573706F776572656400439C
:106E38006C656172732053656C662D706F7765722F
:106E48002062697400536574732053656C662D70F5
:106E58006F7765722062697400436C656172732094
:106E680052656D6F74652057616B65757020626936
:106E78007400536574732052656D6F746520576193
:106E88006B6575702062697400536574732074684B
:106E98006520624D6178506F776572003C7370654C
:106EA80065643E203C636F6E6669677572617469DC
:106EB8006F6E2076616C75653E203C624D6178503E
:106EC8006F7765723E0041646473206F6E65206F52
:106ED8006620746865207072652D646566696E65E4
:106EE8006420636F6E66696775726174696F6E732B
:106EF800003C636F6E66696775726174696F6E20B6
:106F08006E616D653E007069640076696400626355
:106F1800645F757362005365747320646576696392
:106F28006520636F646520747269706C65003C73DA
:106F3800706565643E203C4261736520436C6173F3
:106F4800733E203C537562436C6173733E203C5022
:106F5800726F746F636F6C3E29005365747320649D
:106F68006576696365205553422073706563696669
:106F780069636174696F6E2076657273696F6E00FC
:106F88003C73706565643E203C6263645553423EC1
:106F98000053657473206465766963652056656E71
:106FA800646F72204944003C696456656E646F7270
:106FB8003E0053657473206465766963652050727A
:106FC8006F64756374204944003C696450726F644F
:106FD8007563743E0073685F7564735F63747800EB
:106FE80066730068730046533100485331004653B6
:106FF80032004853320046756E6374696F6E2025FF
:107008007320636F756C64206E6F742062652066F0
:107018006F756E640A0044697361626C652025733C
:107028000025732062756C6B207472616E736665DF
:1070380072732063616E206265207375626D697476
:107048007465642066726F6D207468652073686566
:107058006C6C0A004661696C656420746F20616C11
:107068006C6F63617465206275666665720046615F
:10707800696C656420746F20656E7175657565202F
:10708800627566666572002573206973206E6F7479
:1070980020656E61626C65640A0025732062756CF8
:1070A8006B204F555420656E64706F696E7420694B
:1070B8007320627573790A002573206661696C65AF
:1070C8006420746F20616C6C6F63617465207472E6
:1070D800616E736665720A002573206661696C6566
:1070E8006420746F20656E717565756520747261B2
:1070F8006E736665720A0025732C206E657720749E
:1071080072616E7366657220656E7175657565640A
:107118000A00486F73742D746F2D44657669636532
:107128002C20774C656E677468202575207C202597
:107138007A7500436C617373207265717565737439
:107148002030782578206E6F7420737570706F7298
:10715800746564004465766963652D746F2D486FA6
:1071680073742C20774C656E677468202575207CB5
:1071780020257A750025732062756C6B20656E6416
:10718800706F696E747320617265206175746F6DBC
:1071980061746963616C6C7920656E6761676564A9
:1071A8000A00456E61626C65202573005472616E39
:1071B80073666572206570203078253032782C200F
:1071C8006C656E20257A752063616E63656C6C65ED
:1071D80064005472616E7366657220657020307841
:1071E800253032782C206C656E20257A75206661F2
:1071F800696C65640025732062756C6B20494E20AC
:10720800656E64706F696E74206973206275737936
:107218000A006C62005553422064657669636520F4
:107228006C6F6F706261636B2066756E6374696FF3
:107238006E20636F6D6D616E64730062756C6B00B8
:1072480062756C6B20656E64706F696E7420636F15
:107258006D6D616E6473006D616E75616C006F6653
:107268006620206F6E00656E7175657565006F75B7
:10727800742020696E003C66756E6374696F6E20B9
:107288006E616D653E006C6F6F706261636B5F303D
:10729800007573625F6C6F6F706261636B00546935
:1072A8006D656F75742077616974696E6720666FA4
:1072B80072204549435F53594E4342555359206202
:1072C80069747320746F20636C65617200436C6F1E
:1072D800636B20636F6E74726F6C206F6E206661D3
:1072E800696C656420666F72206D636C6B20256421
:1072F80000436C6F636B20636F6E74726F6C206FEA
:107308006E206661696C656420666F722067636CC5
:107318006B20256400696E746572727570742D63D4
:107328006F6E74726F6C6C657240343430316130DA
:1073380030300065696300696E74635F6D636870FF
:107348005F6569635F67310053707572696F757344
:10735800202573206576656E740065702030782569
:1073680030327820616C726561647920656E616283
:107378006C656400456E64706F696E7420307825A2
:107388003032782076616C69646174696F6E20664A
:1073980061696C656400657020307825303278202A
:1073A800616C72656164792064697361626C65649B
:1073B800004661696C656420746F20616C6C6F6352
:1073C800617465206E65745F62756620257A642C29
:1073D8002065702030782530327800756463004667
:1073E80061696C656420746F2064697361626C659F
:1073F80020636F6E74726F6C20656E64706F696E57
:1074080074204F5554004661696C656420746F2080
:1074180064697361626C6520636F6E74726F6C204F
:10742800656E64706F696E7420494E004661696CC0
:10743800656420746F2072657365727665204550A7
:1074480030204649464F0055534220636F6E747290
:107458006F6C6C65722072657365742074696D65F4
:107468006F75740055534220636F6E74726F6C6C45
:10747800657220656E61626C652073796E63207435
:10748800696D656F757400555342205048592072D4
:10749800656164792074696D656F7574004661690A
:1074A8006C656420656E61626C696E67206570202A
:1074B800307825303278004661696C656420746FD5
:1074C800207265676973746572204F555420656E24
:1074D80064706F696E74202564004661696C656428
:1074E80020746F20726567697374657220494E2035
:1074F800656E64706F696E742025640052656D6FE7
:1075080074652077616B6575702072657175657338
:1075180074656420627574206465766963652069A2
:1075280073206E6F742073757370656E6465640084
:1075380065705F656E7175657565204550305F498A
:107548004E3A205478506B7452647920616C72659D
:10755800616479207365742028435352304C3D3060
:107568007825303278292020736B69707065640043
:10757800757362403436303030303030006873759F
:10758800736230007A65706879725F756463300081
:107598007564635F6D6368705F67320025733A20B6
:1075A800434C4F434B5F434F4E54524F4C5F5355E0
:1075B800425359535F414C4C206973206E6F7420BD
:1075C800737570706F727465640025733A20496E24
:1075D80076616C69642073756273797374656D2064
:1075E800747970653D25640025733A20496E76618B
:1075F8006C696420696E7374616E6365202564200C
:10760800666F72207479706520256420286D617812
:10761800202564290025733A2052656375727369C1
:10762800766520646570656E64656E63792064654F
:107638007465637465640025733A20496E76616CDD
:10764800696420504C4C20736F75726365206465C3
:1076580070656E64656E63790025733A20496E76AD
:10766800616C69642047434C4B50494E20736F75D9
:107678007263652049440025733A204E554C4C20CE
:10768800636F6E66696775726174696F6E20706F7B
:10769800696E7465720025733A20496E76616C696B
:1076A800642073756273797374656D20747970657D
:1076B8003D256420696E7374616E63653D256400C1
:1076C80025733A2044464C4C34384D53594E432088
:1076D80074696D656F7574206F6E2077726974694F
:1076E8006E67204F53434354524C5F44464C4C43BF
:1076F80054524C420025733A2044464C4C34384D81
:1077080053594E432074696D656F7574206F6E20F0
:1077180077726974696E67204F53434354524C5FC4
:1077280044464C4C4D554C0025733A2044464C4C2D
:1077380034384D53594E432074696D656F75742004
:107748006F6E2077726974696E67204F5343435494
:10775800524C5F44464C4C4354524C410025733ABA
:107768002074696D656F7574206F6E207772697407
:10777800696E672047434C4B5F5043484354524C13
:107788005F4348454E5F4D736B0025733A2047436E
:107798004C4B5F53594E43425553592074696D659C
:1077A8006F7574206F6E2077726974696E672047F1
:1077B800434C4B5F47454E4354524C5B25645D0038
:1077C80025733A20496E76616C696420737562731B
:1077D800797374656D0025733A20556E73757070F2
:1077E8006F727465642073756273797374656D2044
:1077F800747970650025733A2047434C4B47454ED2
:10780800302063616E6E6F742062652064697361F5
:10781800626C65642028616C77617973204F4E290A
:107828000025733A20504C4C5B25645D206C6F63D7
:107838006B2074696D6564206F75740025733A2038
:10784800556E737570706F7274656420636C6F63C6
:107858006B2073756273797374656D2074797065C4
:107868002025640025733A20436C6F636B204F4ECC
:10787800206F7065726174696F6E206661696C65EE
:10788800640025733A20436C6F636B204F4E20745D
:10789800696D656F75740025733A20584F534320FE
:1078A80072656164792074696D6564206F75740010
:1078B80025733A20736B697070696E672064666C13
:1078C8006C34386D5F696E69742C2061732044468E
:1078D8004C4C20697320616C7265616479206F6E0D
:1078E8000025733A20736B697070696E672064664F
:1078F8006C6C34386D5F696E69742C206173207309
:107908006F757263652067636C6B2D2564206973DE
:10791800206F66662E20284D6178696D756D206927
:107928006E6974207265747279203D20256429007F
:1079380025733A2044464C4C34384D53594E432015
:1079480074696D656F7574206F6E207772697469DC
:107958006E672047434C4B5F5043484354524C009A
:1079680025733A2044464C4C34384D207265616486
:10797800792074696D6564206F75740025733A20E9
:10798800736B697070696E672064666C6C34386DEF
:107998005F696E69742C2061732044464C4C2069E1
:1079A800732064726976696E672067636C6B302038
:1079B80028435055290025733A20736F7572636503
:1079C80020636C6F636B202864726976696E672028
:1079D800504C4C5F256429206973206F66662E2001
:1079E800284D6178696D756D20696E6974207265BE
:1079F800747279203D202564290025733A20746922
:107A08006D656F7574206F6E2077726974696E6723
:107A1800206672616374696F6E616C20646976694F
:107A28006465720025733A20535550435F5354419F
:107A38005455532074696D656F7574206F6E207787
:107A4800726974696E6720535550435F56524547B3
:107A58004354524C0025733A20736B697070696EF9
:107A68006720706C6C5F25645F6F75745F25645F59
:107A7800696E69742C2061732069742069732061B0
:107A88006C7265616479206F6E0025733A20736BA0
:107A9800697070696E6720706C6C5F25645F6F75C4
:107AA800745F25645F696E69742C20617320647249
:107AB8006976696E6720504C4C206973206F666642
:107AC8000025733A20736B697070696E6720786F50
:107AD800736333326B5F696E69742C20617320693C
:107AE8007420697320616C7265616479206F6E001F
:107AF80025733A204F534333324B4354524C207230
:107B0800656164792074696D6564206F75740025FA
:107B1800733A20736B697070696E672067636C6B6A
:107B280067656E2D25645F696E69742C206173200A
:107B3800697420697320616C7265616479206F6E65
:107B48000025733A20736B697070696E67206763EC
:107B58006C6B67656E5F696E69742C206173207346
:107B68006F75726365206F662067636C6B2D256483
:107B78002C206973206F66662E20284D6178696D08
:107B8800756D20696E6974207265747279203D2064
:107B98002564290025733A2047434C4B5F53594EBF
:107BA80043425553592074696D656F7574206F6E23
:107BB8002077726974696E672047434C4B5F435462
:107BC800524C4100636C6F636B4034343031323057
:107BD800303000636C6F636B00636C6F636B5F6D59
:107BE8006368705F7069633332636B5F73675F6785
:107BF80063006877696E666F5F6D6368705F673191
:107C08000054696D656F75742077616974696E6772
:107C180020666F7220554152542053594E434255A5
:107C2800535920636C65617200736572636F6D40B0
:107C3800343530303230303000736572636F6D35F3
:107C480000756172745F6D6368705F736572636FEE
:107C58006D5F67310048616C74696E672073797372
:107C680074656D00556E6B6E6F776E206572726FFE
:107C78007200756E6B6E6F776E003E3E3E205A4501
:107C88005048595220464154414C204552524F5277
:107C98002025643A202573206F6E204350552025F7
:107CA80064004661756C7420647572696E6720693A
:107CB8006E746572727570742068616E646C696E3A
:107CC800670A0043757272656E7420746872656124
:107CD800643A2025702028257329004350552065D3
:107CE8007863657074696F6E00556E68616E646C58
:107CF800656420696E74657272757074005374617E
:107D0800636B206F766572666C6F77004B65726E79
:107D1800656C206F6F7073004B65726E656C2070B8
:107D2800616E69630069646C65006D61696E006FFE
:107D380073002B0064756D6D7900736C65657069EF
:107D48006E6700646561640061626F7274696E6772
:107D58000073757370656E64696E6700717565751B
:107D68006564002A2A2A20426F6F74696E67205A58
:107D78006570687972204F53206275696C6420358C
:107D88003035313935343565313961202A2A2A0AA6
:107D980000737973776F726B7100286E756C6C293C
:107DA800002A666C6F61742A00206D6573736167C1
:107DB80065732064726F70706564202D2D2D0D0A17
:107DC8001B5B306D001B5B313B33316D2D2D2D203E
:107DD80000202D20002020001B5B366E0030313241
:107DE80033343536373839414243444546005A65BD
:107DF80070687972205553424420666F6F62617AC9
:107E0800005A455048595200000000000000000088
:107E180000AAAAAAAAAAAAAAAAEEEEEEEEEEEEEE88
:107E2800EEFEFFFFFFFFFFFFFFFFFFFFFF7FBFDF4C
:107E3800EFF7FBFDFC7EBFDFEFF7FBFD7E3F3F3F2B
:107E48003F3F3F3F3F1F3F3F3F3F3F3F3F3F0300D5
:107E5800003F3F3F3F2F3F3F00000500000B380029
:107E680040636C6F636B5F6D6368705F696E6974A4
:107E780000636C6F636B5F6F6E00636C6F636B5F47
:107E88006D6368705F6F6E00636C6F636B5F6D63CB
:107E980068705F6F666600636C6F636B5F676574BD
:107EA8005F726174655F67636C6B67656E00636CB6
:107EB8006F636B5F6D6368705F6765745F72617431
:107EC8006500636C6F636B5F636F6E66696775727D
:107ED800655F67636C6B67656E00636C6F636B5F90
:107EE800636F6E6669677572655F706C6C00636C52
:107EF8006F636B5F636F6E6669677572655F6466F3
:107F08006C6C00636C6F636B5F636865636B5F7356
:107F1800756273797300636C6F636B5F6D63687010
:107F28005F636F6E66696775726500636C6F636B1C
:107F38005F67636C6B67656E5F696E697400636C1D
:107F48006F636B5F786F736333326B5F696E6974ED
:107F580000636C6F636B5F706C6C5F6F75745F69E7
:107F68006E697400636C6F636B5F706C6C5F696ED5
:107F7800697400636C6F636B5F64666C6C34386D36
:107F88005F696E697400636C6F636B5F786F7363AE
:107F98005F696E697400636C6F636B5F6F6E5F70AF
:087FA8006C6C000506070001E6
:107FB00000000000CD76000C000000000001000071
:107FC00000000000000000000000000000000000B1
:107FD00000000000000000000000000000000000A1
:107FE00047E0000C0100000001000000000000005C
:107FF00000000000000000000849010C0100000022
:108000000100000081E6000C0000000001000000FB
:1080100068040020640000206400002000000000CC
:10802000FC39010C480D002000000000B1FD000CDF
:108030000000000000000000D80400200000000044
:10804000000000000003030000000000000000002A
:10805000000300000000000000000000000201001A
:1080600000000000F67D010C260300000000000067
:10807000000000000001010000000000097E010C6A
:108080000E030000000000000000000000000000DF
:10809000000000009443010C0403000000000000F5
:1080A000E8020020000000000000000000000000C6
:1080B00000000000F10200200000000000000000AD
:1080C0000000000000000000FA0200200000000094
:1080D000000000000000000000000000030300207A
:1080E0000000000000000000000000008E72010C83
:1080F00000000000D0010020D441010C50010020FC
:108100000C03002098010020600100200000000006
:108110000C03002014030020320300202B03002056
:1081200039030020490300204203002050030020AF
:108130005903002060030020670300207003002023
:10814000770300207E0300200C030020140300208E
:10815000240300201D0300203903002049030020D0
:108160004203002050030020590300206003002038
:108170006703002070030020770300207E030020A7
:10818000000000008D06010C4581000CE981000C07
:108190007983000C000000000000000000000000D7
:1081A0000183000C6D7F000C9D06010C0000000097
:1081B0008F06010C0000000000000000000000001D
:1081C00000000000000000000000000000000000AF
:1081D000000000000000000000000000000000009F
:1081E000000000000000000000000000000000008F
:1081F000000000000000000000000000000000007F
:10820000000000000000000000000000000000006E
:10821000000000000000000000000000000000005E
:10822000000000000000000000000000000000004E
:1082300000000000000000008802002088020020EA
:1082400000000000000000000E0000000000000020
:108250000000000000000000C00E00200000000030
:108260000000000000000000C8000000BC02002068
:10827000BC02002012010002EF020140E32FFFFFC9
:1082800004040000000012010002EF020140E32F8D
:10829000FFFF04040000000009020000000100C00C
:1082A000C809020000000100C0C809020000000166
:1082B00000A0C809020000000100A0C8080B0003CC
:1082C000FF0000000904000002FF00000007050194
:1082D000024000000705810240000007050102007E
:1082E0000200070581020002000904010002FF00EC
:1082F000000007050203400001070582034000015A
:108300000904020002FF00000007058301000001CC
:10831000070503010000010904020102FF0000003B
:1083200007058301000101070503010001010000A9
:028330005B5C94
:0A8332000000000000000000000041
:10833C000000000000000000000000000000000031
:10834C000000000000000000000000000000000021
:10835C000000000000000000000000000000000011
:08836C00000000000000000009
:048374000000000005
:1083780000000000000000000000000000000000F5
:1083880000000000000000000000000000000000E5
:1083980000000000000000000000000000000000D5
:1083A80000000000000000000000000000000000C5
:1083B80000000000000000000000000000000000B5
:1083C80000000000000000000000000000000000A5
:1083D8000000000000000000000000000000000095
:1083E8003804002038040020204500200000000048
:0C83F80008000000100000000000000061
:1084040000000000A0450020001000000000000053
:1084140000000000000000006829002000020000A5
:08842400000000000000000050
:10842C007C0400207C0400200C0000000A000000EA
:10843C00A844002020450020A8440020A844002087
:08844C00000000000000000028
:10845400A4040020A4040020000000000100000087
:108464000000000000000000BC040020BC04002048
:10847400100010000A000000050B010C0042010C62
:04848400A0550020DF
:10848800DD6F010C0000000000000000000000008B
:108498000000000000000000F42F010C00000000A4
:1084A80000000000000000000000000000000000C4
:1084B80000000000000000000000000000000000B4
:1084C80000000000000000000000000000000000A4
:1084D8000000000000000000000000000000000094
:1084E8000000000000000000000000000000000084
:0C84F800D6020020C4020020000000009A
:10850400000000003C01002000000000000000000A
:0885140000000000000000005F
:10851C00000000003C0100200000000000000000F2
:08852C00000000000000000047
:0485340015E015E059
:040000050C004AC9D8
:00000001FF
