:020000040800F2
:10000000F06C00202523000CBDBD000C1123000C5A
:100010001123000C1123000C1123000C1123000CE0
:100020000000000000000000000000005923000C48
:100030001123000C000000000925000CE18F000CCA
:100040007525000C7525000C7525000C7525000C18
:100050007525000C7525000C7525000C7525000C08
:100060007525000C7525000C7525000C7525000CF8
:100070007525000C7525000C7525000C7525000CE8
:100080007525000C7525000C7525000C7525000CD8
:100090007525000C7525000C7525000C7525000CC8
:1000A0007525000C7525000C7525000C7525000CB8
:1000B0007525000C7525000C7525000C7525000CA8
:1000C0007525000C7525000C7525000C7525000C98
:1000D0007525000C7525000C7525000C7525000C88
:1000E0007525000C7525000C7525000C7525000C78
:1000F0007525000C7525000C7525000C7525000C68
:100100007525000C7525000C7525000C7525000C57
:100110007525000C7525000C7525000C7525000C47
:100120007525000C7525000C7525000C7525000C37
:100130007525000C7525000C7525000C7525000C27
:100140007525000C7525000C7525000C7525000C17
:100150007525000C7525000C7525000C7525000C07
:100160007525000C7525000C7525000C7525000CF7
:100170007525000C7525000C7525000C7525000CE7
:100180007525000C7525000C7525000C7525000CD7
:100190007525000C7525000C7525000C7525000CC7
:1001A0007525000C7525000C7525000C7525000CB7
:1001B0007525000C7525000C7525000C7525000CA7
:1001C0007525000C7525000C7525000C7525000C97
:1001D0007525000C7525000C7525000C7525000C87
:1001E0007525000C7525000C7525000C7525000C77
:1001F0007525000C7525000C7525000C7525000C67
:100200007525000C7525000C7525000C7525000C56
:100210007525000C7525000C7525000C7525000C46
:100220007525000C7525000C7525000C7525000C36
:100230007525000C7525000C7525000C7525000C26
:100240007525000C7525000C7525000C7525000C16
:100250007525000C7525000C7525000C7525000C06
:100260007525000C7525000C7525000C7525000CF6
:100270007525000C7525000C7525000C7525000CE6
:100280007525000C7525000C7525000C7525000CD6
:100290007525000C7525000C7525000C7525000CC6
:1002A0007525000C7525000C7525000C7525000CB6
:0802B0007525000C7525000CFA
:020000040C00EE
:1000000053B94AB9002908BF00281CBF4FF0FF317F
:100010004FF0FF3000F00CB8ADF1080C6DE904CEE4
:1000200000F01AF8DDF804E0DDE9022304B07047BF
:10003000704700BF10F8012B11F8013B012A28BFBF
:100040009A42F7D0D01A7047034613F8012B002AC2
:10005000FBD1181A013870472DE9F0478C468E46BF
:10006000089E154604461946002B40F0D080724584
:1000700047D9B2FA82F74FB1C7F120030EFA07FC55
:10008000BD40BC4020FA03F343EA0C0C4FEA154E86
:10009000A8B2230CBCFBFEF80EFB18CC08FB00F941
:1000A00043EA0C43994528D9EB1808F1FF3204D2F2
:1000B000994502D9A8F102022B44A3EB0903A4B28B
:1000C000B3FBFEFC0EFB1C330CFB00F044EA0344C4
:1000D000A04214D92C190CF1FF3304D2A04202D94A
:1000E000ACF102032C44241A43EA02401EB1FC4046
:1000F000002334607360BDE8F0874246DDE7634665
:10010000F1E7002A79D0B2FA82F3002B3FD01946EA
:10011000C1F1200302FA01F500FA01F42EFA03F20C
:100120000EFA01FE20FA03F3AFB243EA0E034FEAE0
:10013000154EB2FBFEFC0EFB1C201A0C0CFB07F844
:1001400042EA004290455AD9AA180CF1FF3004D275
:10015000904502D9ACF102002A44A2EB08029BB2FE
:10016000B2FBFEFC0EFB1C220CFB07F743EA02432A
:100170009F4246D9EB180CF1FF3204D29F4202D9BC
:10018000ACF102022B44DB1B42EA004202E0AEEB80
:10019000020301224FEA154EAFB2200CB3FBFEFC66
:1001A0000EFB1C330CFB07F840EA034398452AD9A1
:1001B000EB180CF1FF3004D2984502D9ACF10200E3
:1001C0002B44A3EB0803A4B2B3FBFEFC0EFB1C33D1
:1001D0000CFB07F744EA0344A74216D92C190CF18B
:1001E000FF3304D2A74202D9ACF102032C44E41B32
:1001F00043EA00400F46114678E71F2188E7604632
:10020000ABE76246BFE76046DBE76346EFE773456F
:1002100006D916B9002108466DE7C6E9000EF9E7D0
:10022000B3FA83F787B9734501D3824207D8841A9A
:100230006EEB030301209C461EB900215BE73846A4
:10024000FAE7C6E9004CF8E7C7F1200CBB4000FA1A
:1002500007F422FA0CF520FA0CF1BA401D432EFAED
:100260000CF30EFA07FE4FEA154941EA0E011FFA98
:1002700085FEB3FBF9F809FB18300B0C08FB0EFAEE
:1002800043EA00439A4540D9EB1808F1FF3004D205
:100290009A4502D9A8F102002B44A3EB0A0389B2C4
:1002A000B3FBF9F809FB183308FB0EFE41EA0341E2
:1002B0008E452CD9691808F1FF3304D28E4502D936
:1002C000A8F10203294443EA0040A1EB0E01A0FB80
:1002D00002984145CE46434602D306D14C4504D24E
:1002E0000138B9EB020E68EB0503002EA5D0B4EB84
:1002F0000E0261EB030101FA0CFC22FA07F3F9404C
:100300004CEA0303C6E9003197E74046C5E7434698
:10031000D9E7000037B50546364937480BF0FBFFF3
:10032000034638B1354A012135480BF022FC002044
:1003300003B030BD334930480BF0EDFF034608B140
:10034000314AF0E731492C480BF0E5FF034608B18C
:100350002F4AE8E72F4928480BF0DDFF034608B194
:100360002D4AE0E724480BF014FF012804461BD176
:1003700001462A4A204804F01FFD28B1284A0121DD
:100380001F480BF0EDFBD2E7264B224621461A48C8
:1003900004F08EFE034608B1234AF0E702460090BF
:1003A000214615480BF0FCFE0021204A124804F0BB
:1003B00003FD014608B11E4AE1E71A4B01220E482F
:1003C00004F076FE03460028E6D10146024600907E
:1003D00009480BF0E5FE012107480BF005FF0DB9B8
:1003E0000548A5E7294604480CF031FA0028F7D063
:1003F000104AC4E720010020A8050020D0FC000C12
:10040000C0F9000C08010020FEFC000CF0000020E8
:1004100030FD000CD80000205DFD000C80000020A5
:1004200085FD000CD8F9000CACFD000C94000020F8
:10043000CBFD000CF2FD000C08B5FFF76BFF40B1DF
:10044000064803F0F5F930B10121054A05480BF0E3
:1004500087FB002008BD0148FCE700BFA80500207D
:1004600016FE000CC0F9000CF0B583B00B786E4698
:100470000B2B98BF534A02AF88B098BF52F8233075
:1004800005460C4688BF504B02AA5049C2E90513E5
:100490004FF4007393834E4B42F8103F00234FF408
:1004A000E6514C4801F08CF82378B546052B05D170
:1004B00063680321484A47480BF05BFB28460BF072
:1004C000A8FEB0B1237843B9284603F0F1F920B172
:1004D0000121424A3F480AF04AFD2678012E08D100
:1004E000284603F047FA20B13D4A314639480AF020
:1004F0003EFD23780A2B15D103213A4A35480AF0EC
:1005000036FD284603F036FA284603F06BFA3649E2
:1005100036480BF000FF034638B10121344A2D481C
:100520000BF027FB0437BD46F0BD30480BF031FE21
:10053000012804461BD101462E4A2C4804F03CFCFD
:1005400028B12D4A012123480AF011FDEAE723468C
:1005500022462A49254804F04FFD034608B1284A9F
:10056000F0E702460090214620480BF019FE254A8C
:1005700000211E4804F020FC024608B1224AE1E7AF
:1005800001231E49194804F037FD03460028E6D12F
:1005900002460146009015480BF002FE134803F096
:1005A00047F908B1194ACDE7194910480CF04FF93D
:1005B00008B1184AC6E70D4803F07AF90028B1D00F
:1005C000154ABFE7E0F9000C61FE000C63FE000C69
:1005D0000300000100F9000C74FE000C8CFE000CFE
:1005E000ACFE000CCDFE000CBC0100202C05002050
:1005F000D0FC000C6401002085FD000C46FE000CC0
:10060000ACFD000C78010020CBFD000CDFFE000CDF
:100610006904000CF2FD000C07FF000CF8B500F1B6
:10062000080204460221006800AF01F089FA05467D
:10063000C0B9D4E9023120686C468AB06A46CDE977
:1006400007134FF40073094EADF82430084BCDE981
:10065000056042F8103F4FF433512B46054800F037
:10066000AFFFA5462846BD46F8BD00BF2BFF000CD6
:100670000500000100F9000C2DE9F84304469046FE
:100680001E460D4600AF01BB0AF073FC50B10121BC
:100690001C4A1D480AF06BFC6FF015063046BD463B
:1006A000BDE8F88365602561B8F1000F28D03146B8
:1006B00001232A4620680BF062FB064650B1012157
:1006C000124A11480AF053FCE8E7436801338B42B1
:1006D000EAD0E1E72369E9464344656023618AB0D3
:1006E0000B4ACDE90783CDE9052505236A4642F883
:1006F000103F4FF423510346034800F061FFCD46FD
:100700000026CBE752FF000C00F9000C6EFF000C36
:1007100089FF000C2DE9F04104460D461E46904627
:1007200000AF22B900263046BD46BDE8F081E9B9E8
:100730000AF01FFC38B101211D4A1E480AF017FCBF
:100740006FF01506EFE765602561E368AB42E9D914
:10075000314601232A4620680BF0FAFA064650B1CA
:100760000121154A13480AF002FCDCE74368013313
:100770008B42EAD0E4E7A26823696560904594BFA4
:1007800043449B1823616C468AB046466A46CDE9CD
:10079000078305230949CDE9051542F8103F4FF4B9
:1007A00023510346034800F00BFFA546BBE700BFFB
:1007B00052FF000C00F9000CA8FF000CC4FF000C55
:1007C00010B51148FFF738FE044640B901210F4A21
:1007D0000F480AF0CCFB6FF01204204610BD0BF05E
:1007E00018FD50B9204603F063F8044628B10121F2
:1007F000084A07480AF0BBFBEFE70321064A044812
:100800000AF0B5FB0024E8E76904000CE1FF000CE6
:1008100000F9000C8CFE000C0100010C2DE9F843DE
:10082000884600AF00297DD00568012228460AF0DD
:10083000FDFB0146044628460AF0B2FB10EA020618
:1008400016D1E94688B06A46384BCDE9053803230E
:1008500042F8103F4FF4C2513346354800F0B0FE25
:10086000CD4686F31188BFF36F8F0423184602DF4D
:10087000214628460AF0AAFB2618314600222846BF
:100880000AF08EFB361AB44218D06E4688B069461C
:10089000284BCDE90538032341F8103F244813467F
:1008A0000A464FF4C25100F08BFE0023B54683F395
:1008B0001188BFF36F8F0423184602DF0022214600
:1008C00028460AF089FB21460AF080FB26180122FF
:1008D000314628460AF064FBC20708D43146284650
:1008E0000AF0E6FB3246214628460AF058FC002270
:1008F000214628460AF054FB261A01223146284692
:100900000AF04EFBC30709D4314628460AF0D0FB53
:100910002246314628460AF042FC34462146284603
:100920000AF05BFCBD46BDE8F88300BF5B01010C2B
:1009300028F9000C3201010C2DE9F04F91B0009321
:1009400002F004030293C2F3C20301338407054695
:100950000E46DDF868A00392059340F09C81041DCB
:10096000002849D101F00706341DC6F10806009B96
:1009700000274FF004085A1E4FF0FF33B946019389
:10098000BB46434604970DB10099216005980028A5
:1009900000F3D6808F480099814203D38E4881426C
:1009A000C0F0CE800399601B11F0020C40F0D6809D
:1009B000B9F10F0F00F2CF80002D00F0D68009F1C1
:1009C00040010DEB010E0199C0F387000EF8200CD9
:1009D0000EF8101CBCF1000F00F0C38060F07F0027
:1009E0000EF8200C013709F10109C5F108014FF695
:1009F000DA7E043406918CE00729B8D86FF01B002A
:100A000011B0BDE8F08F7A285BD84B280FD8472863
:100A100057D829282ED8252850D052D8202818BF9A
:100A200023280CBF4FF0010B4FF0000B71E04C3846
:100A30002E2846D8DFE800F06D454545454545453B
:100A4000454545454845454545454545455645483F
:100A5000485656566D486A456D4518481845457FB5
:100A60007C48454548457C0000204FF0000B4FF086
:100A7000040835E001212A38C0B201FA00F010EA7A
:100A80000E0F46D110F0625C2CD110EA010B40D061
:100A90006046013C4444B4FBF8F408FB04F425B17F
:100AA000A3EB050CA444B445A8D8002870D0059940
:100AB000013905915AF8041B009164E70199013945
:100AC00001914FF0000B24E012F8010C6C2834D196
:100AD000002012F8023C83466C2BC8D14FF0080866
:100AE0004346D6E70AF1070A2AF0070A073424F03A
:100AF0000704FAE802BC35B106982044B0423FF63C
:100B00007DAFC4E900BC4FF0000B08344FF008087B
:100B1000434612F8010F002853D0BBF1000F7FF4B9
:100B200072AF2528F5D14FF0010B019B01330193E2
:100B30004FF00408ECE7584697E700208346A8E703
:100B4000039988077FF551AF4FF0010C601BB0F59A
:100B5000007FFFF42DAF6FF0150051E74FF0000C50
:100B6000F5E70498013004903DE7BCF1000F01D097
:100B7000013638E70298023600287FF434AF009837
:100B8000CDE90632FFF760FADDE9063206442AE7CE
:100B9000042B08D10AF1040015B1DAF80010216025
:100BA00082460434B5E70AF1070323F0070303F193
:100BB000080A1DB1D3E90001C4E900010823083483
:100BC000A7E7631BB3F5806FC5D23DB9A6F1080452
:100BD000E01815E738F2000C6825010C029A9B0812
:100BE00028602B709DF81030AAB1EB70AF702FB158
:100BF000002208A8C5F1010C91450ED14FF0000A62
:100C0000C5F101030DF1200801930DF1300BD14521
:100C100012D1601BF4E66B70E8E710F8013B19068F
:100C200008D50CEB040EB64503F07F033FF6E6AEA5
:100C300004F8013B0132DFE71FB198F90020002AD8
:100C400017DB029BD3B11AF80B2004F8012B00220A
:100C5000019B18191044B0423FF6D0AE98F800003E
:100C6000009904F8010B204603920EF04FFA039A04
:100C700014440AF1010A08F10108C8E798F80020B5
:100C800055F822300093029B009845F82230FFF778
:100C9000DBF9421CDCE76FF00D00B1E62DE9F04F07
:100CA00097B000AF05468A46C7E90A3249B90378CA
:100CB0004678807800EB83002844564524D8A0EB82
:100CC000050AD7F8803095F8028003F00103D7F8C1
:100CD0008040FB61EB78B8F1000F0CBF002404F0FA
:100CE00001047B621BB1D7F880309A0715D4A4B9F0
:100CF000FB6A1BB151462846BA6A984756463046A9
:100D00005C37BD46BDE8F08F441C2046FFF79CF9D8
:100D1000013020440AF1010ACFE7D7F88030C3F34D
:100D2000C0033B622B78BB619B003B616B687B61BE
:100D3000BB6905EB830BFB6A002B77D15646D84481
:100D4000BCB11C461BF8013B55F82300FFF77CF9AA
:100D5000D7F88430013043B1D7F88830A34282BF3E
:100D6000D7F8843023F814000134C3450644E9D190
:100D7000D846D7F880304FF0000913F0050F0CBFAC
:100D80004FF0020B4FF0010B7B6A9945B7D298F8F0
:100D9000013008F1020855F823A0AE4B9A45C0F087
:100DA0004C81AD4B3A6A9A452CBF002301230AB30C
:100DB00018F8021C7869FB620AF093FBFB6AC8B161
:100DC000EA468AB06A46A54B05937B69CDE90631B0
:100DD0004FF40073ADF82030A14B42F8103F0023D0
:100DE0004FF412519F4800F0EBFBD546023E09F14B
:100DF0000109C9E723B1FB6933B9A6EB0B06F6E796
:100E0000D7F880309B07F2D55046FFF71DF9D7F889
:100E100084304BB1D7F888309C423FBFD7F884204C
:100E2000431C22F8143001340644E0E7002C6AD158
:100E3000B8F1000F6DD0D7F8803058076CD5C14697
:100E400007F14800424659460EF060F900220BEBCC
:100E50000803FB600233796A8A425FD3D7F88020A7
:100E600095F801B0F969920704EB0B0348BF002223
:100E7000DBB258BF4FEA5902002940F0A680D7F8EC
:100E8000801011F0040F14BF494600216B70A97047
:100E9000EA702846BA6A3969FB6A9847061EFFF667
:100EA0002EAFBB6949462B707B6ABA6AEB7085F836
:100EB00001B0FB6A85F8028007F148009847B0F15D
:100EC0000009C0F2B6803B697A6A786A03EB420196
:100ED000FB68414403EB4000BA6AFB6AAAEB0101DC
:100EE00098470028C0F2A7804FF0000BB14409EBEF
:100EF000000607F1380AA34569D30021BA6A0846FB
:100F0000FB6A9847FBE644464FF0000907F13800BA
:100F100098E74446C14699E7A14697E713F8016C64
:100F2000DFF830C155F8260013F8021C6045C0F008
:100F30008A80DFF824C16045386A2CBF4FF0000B6F
:100F40004FF0010B38B17869C7E901320AF0C9FAEC
:100F5000D7E90132F0B9BBF1000F1ED0F96949B1F0
:100F6000611C04F1280007F13004041904F8206C16
:100F7000CCB20FE0D7F8801049070BD509F1280053
:100F800007F1300C09F1010100EB0C0909F8106CB4
:100F90005FFA81F9013202335DE7D7F880008007FC
:100FA000DED409F1280C07F1300EF44409F10100F8
:100FB0000CF8101C07F1580109F1020951FA80F0F0
:100FC0005FFA89F900F8106CE4E700215EE71BF88E
:100FD0000A3055F8239087F83730D7F884302BB390
:100FE000D7F888309B4521D2D7F8843033F81B805E
:100FF0000121BA6AFB6A07F13700984700281ADB1B
:101000000644B8F1000F06D14846FFF71DF800F17D
:1010100001081FFA88F841464846BA6AFB6A9847B1
:10102000002808DB06440BF1010B64E74FF00008D1
:10103000DEE74E4663E6064661E63B6A002B3FF478
:10104000DFAE0023B4E6386A0028A6D04FF0000BCC
:1010500079E700BF38F2000C6825010C8801010C0B
:1010600004000001C0F8000C014B1860704700BF7D
:10107000D401002080B505460E461746984609F073
:10108000E1F9034601F088FA0446DFF81890424679
:1010900049F8003039463046A84754F8090001F0B5
:1010A0001DFA00BF080000002DE9F047044607467E
:1010B0004FF00109DFF84C8094FAA4F5B5FA85F5F4
:1010C00009FA05F32E0108EB05156FEA030A24EA75
:1010D00003042B7B63B158F806301B696BB9464497
:1010E000736804222846196807EA0A070AF0C8FC50
:1010F000002CE1D13846BDE8F08728469847002803
:10110000F6D1ECE7C8F9000C10B5002288B00E4902
:101110000E480DF076FF002200230024CDE90623BF
:101120000E234FF44072CDE90334CDE90144084B5E
:1011300008490094084808F083FE084906480DF065
:1011400059FD204608B010BD6111000C700B002045
:101150006914000CB0540020E00600204702010C86
:10116000014808F0E1BB00BFF80400202DE9F0477A
:10117000804620480F460AF05FFC0646002832D021
:1011800000252846BDE8F087237B83B12368DB6810
:101190000BB120469847636883F8069023681B6963
:1011A000CBB963680422204619680AF069FC01364D
:1011B00010345445E8D3B8F1000FE2D0002DDFD051
:1011C0002846FFF771FF0546002FF7D00021642065
:1011D0000DF0F5FDF2E7204698470028E1D009FA26
:1011E00006F31D43E3E705464FF00109024CDFF823
:1011F0000CA0DEE790100020C8F9000CD8F9000C14
:10120000014B53F82000704724FA000C08B5034640
:1012100008462BB1044A136000F032FC002008BDE0
:101220006FF01500FBE700BFD801002010B5044C9B
:10123000237813B9034808F077FB0123237010BD0E
:10124000A4140020F804002010B5044609480AF050
:10125000F3FB3CB1084BD3E8EF1F0139C3E8E21FB1
:10126000002AF8D1054809F075FBBDE81040044894
:1012700008F05ABB881000208C100020700B002052
:10128000F80400200022044BD3E8EF0FC3E8E12F5D
:101290000029F9D1704700BF8810002070B5FFF712
:1012A000F1FF0546074C084EB44200D370BD636899
:1012B0005B792BB123685B6813B1294620469847B8
:1012C0001034F1E7C8F9000CD8F9000C10B5044C43
:1012D000044920460AF032FA034B1C6010BD00BFDF
:1012E0006404002010FA000C8010002000230D4A36
:1012F00010B513700C4A4FF47A7113600B4A0C4806
:101300001360FFF783FFFFF7E1FF0A4B0A49184616
:101310008B4200D310BD1A1A5C681211013222717F
:101320001033F5E7A5140020881000208C10002051
:101330004BBA000CC8F9000CD8F9000C0146002289
:10134000002301480AF01BBA6404002001480AF097
:10135000B2BA00BF64040020024B014618680AF0CC
:1013600005BB00BF8010002001480AF03ABB00BF57
:101370006404002070B5254B1B78002B43D0FFF789
:10138000E5FF044600283BD1214B224D1B68002B72
:1013900012DD0DF0EEFD0A220023FEF731FED5E945
:1013A0000032C01A40F2E93361EB0201984271F158
:1013B000000101D3FFF772FFD5E9003213F57A730C
:1013C00042F10002C5E90032ECB1BDE87040FFF720
:1013D000CBBF6B685B7923B12B68214628461B681D
:1013E00098471035B542F4D32046FFF7B5FF0A4BB6
:1013F000D3E8EF1F0139C3E8E21F002AC4D0F7E7A2
:10140000064D074EEEE7002070BD00BFA41400207B
:1014100088100020680B00208C100020C8F9000CF8
:10142000D8F9000C70B50D4D297861B90120FFF78E
:101430009DFE0B4C0B4EB44206D3FFF79BFF0028DA
:10144000FBD101232B7070BD63685B791BB12368EE
:1014500020469B6898471034EDE700BFA514002094
:10146000C8F9000CD8F9000C00212DE9F843084612
:10147000FFF77CFE044648B34FF4FA784FF00009BA
:1014800001F08AF81A4B1B4A1B58136033B11A4BF0
:101490001B68092B02DD194808F046FA0025184F91
:1014A00044B12046FFF700FE044618B94FF0FF385C
:1014B0004FF0FF39FFF75EFF064628B9B5B90F4870
:1014C00042464B4608F064FA3546E9E74FF0FF38EC
:1014D0004FF0FF39D4E72B689B691BB100222846E7
:1014E000114698471035BD42F5D3E8E7054DFAE7B8
:1014F00008000000841000208C100020F804002058
:10150000D8F9000CC8F9000C13B518480AF094FA81
:10151000174B1B7873B1EFF31184202383F31288E8
:10152000BFF36F8FFFF726FF84F31188BFF36F8F30
:1015300002B010BD0F4B1B68002BF9D050B9002230
:1015400000230D48CDE9002342F21072002309F078
:10155000C9F9EDE70928EBD1074809F0FBF907487D
:1015600002B0BDE8104008F0DFB900BF8C100020C9
:10157000A514002084100020700B0020F804002027
:1015800010B5064B04461B6898472146A0600448E6
:101590000AF072F9BDE81040FFF7B6BFD80100208D
:1015A00064040020044A054B9B1AB1EBD30F34BFEF
:1015B00052F8310000207047C0F8000CC8F9000C48
:1015C0002DE9F04F8FB0C1F34A2604AF0D46904687
:1015D000B8607B600C0D002E61D04FF000090A232B
:1015E0004FF0040B07F1140AFE60C7E90799C7F82A
:1015F00024900093CDF808B0CDF804A007F11C03A7
:101600004A464046F968FFF749FBB0F5006F0346CC
:101610001CD36C468AB0D8F8041004AB24481A4690
:10162000C3E9050140F2FF71D9614FF400711984DB
:10163000204B42F8103F4FF412514B461E48FFF723
:10164000BFFFA5462C37BD46BDE8F08FC0F30A06A4
:1016500004F11700184420F0070080083B60FFF7F2
:101660006DFE66F35325044680B13B6800F110011E
:10167000C7E908390A23F961CDE901AB0093404677
:101680000E4AF96807F11C03FFF708FB66F35325C0
:101690002A4620467B68B9680AF012FAD2E704F1BC
:1016A000170020F007008008FFF748FE0446EDE72A
:1016B0005C02010C04000001E8F8000C93BA000C75
:1016C0002DE9F04F87B00546DDE9106BDDE9127AB0
:1016D000884614469946BFB110213B465A46002021
:1016E000CDF800A0CDF814A0FFF726F9B0F5006FF3
:1016F00001460BD340F2FF730221184A184807B085
:10170000BDE8F04F0AF035BA3946384604F0070311
:1017100005F00704E40044EA831444EA402444EA60
:10172000065406F11700084420F0070080080391D2
:10173000FFF704FE054640B13FB13B465A460399C8
:10174000CDF800A01030FFF7F7F84B46224641468F
:10175000284607B0BDE8F04F0AF0B2B99B02010C71
:10176000E8F8000C406820B1034BC01A40F3CF00EA
:1017700070474FF0FF307047C0F8000C0EB403B54F
:1017800003AB53F8042B01460448019301F038F9E8
:1017900002B05DF804EB03B0704700BFD5BB000C8E
:1017A000CA0605D48B064CBF02490349FFF7E6BFC2
:1017B000704700BFD402010CD302010C2DE9F04F99
:1017C00089B098469DF85090159B044606930D46A7
:1017D000DDE916A3189F05920493B9F1000F00F0FC
:1017E000B08007F4807307930AF048F907F0020B02
:1017F0000246002874D020467749FFF7BFFF06460F
:10180000BBF1000F08D017F0440F6BD12A462046D9
:101810007249FFF7B3FF064407F0010353B1704B61
:10182000204653F829206F4B6F49002A08BF1A46FB
:10183000FFF7A4FF07F48073002B07F0080318BF1D
:101840004FF00008002B79D0684B204653F8292030
:101850006749FFF793FF0546059B2BB11A462046C3
:101860006449FFF78BFF0544B8F1000F05D04246ED
:1018700020466149FFF782FF054460483544069BD6
:101880001BB122465E4909F0FBFD049B002B00F0D2
:101890008E80DDF810803946B8F1100F204628BF41
:1018A0004FF010080026FFF77BFFB54250DC002602
:1018B000334620461AF803205249FFF75FFF0136EE
:1018C000102E4BD0710703D120464F49FFF756FF2A
:1018D00046453346EDD320464C49FFF74FFFEEE730
:1018E00006468DE74A4B1868002894D0494B4FF4C0
:1018F0007A7B1B684FF03C0CB5FBF3F5B5FBF0F1C0
:101900004FF4616300FB11550BFB05F5B1FBF3F2DE
:10191000B5FBF0FE03FB121100FB1E55B1FBFCF3FF
:101920000BFB05F5B5FBF0F50CFB13112046009100
:10193000CDE901E53849FFF721FF6CE707F008051D
:101940008AE7B8F1010F4D460CBF2C48334896E7A3
:1019500020462D49FFF712FF0136A6E70026204654
:101960002F49FFF70BFF33461AF803202046A2F158
:1019700020035F2B28BF2E222A49FFF7FFFE0136E6
:10198000102E0DD0720703D120461F49FFF7F6FE37
:10199000B0453346E8D820461B49FFF7EFFEEEE797
:1019A000049BC244B3EB080304937FF472AFB9F114
:1019B000000F0AD0FB0704D520460A4A0A49FFF760
:1019C000DDFE39462046FFF7EBFE204609B0BDE8B4
:1019D000F04F0AF0F2B800BFDB02010CDF02010C8D
:1019E00034FA000CD602010C71FE000C48FA000C0F
:1019F0000403010C0A03010C0E03010CD5BB000CFF
:101A0000012A000C1303010C1B03010C1903010C28
:101A10009810002094100020E802010C03BC000C78
:101A20001D03010C1F03010C42F20F7373B58B42AF
:101A300028BF0B4605680446052168460D4A09F093
:101A400029F80646636828460B225B680A490AF0B3
:101A5000A6F863683246694628465B680AF09FF834
:101A600063681B2228465B6804490AF098F802B0B4
:101A700070BD00BF3511010C9023010C7423010CC3
:101A800000210123064A904206D8064A01B90123E3
:101A90001360054B18607047012140085B00F2E7B6
:101AA00040420F009410002098100020F8B50D4619
:101AB0000446064F4618B44201D12846F8BD14F832
:101AC000011BBB6801485B689847F4E7F0F2000C23
:101AD000014B03600020704790FA000C2DE9F84399
:101AE0000646FEF7B1FA0546EFF31188202383F38B
:101AF0001288BFF36F8F114B1C68D3F804909C427F
:101B000008BF002434B988F31188BFF36F8F2046D3
:101B1000BDE8F883A7683846FEF796FAA84206D1D2
:101B20002A46394630460DF006FB0028EBD04C45DE
:101B300001D02468E6E70024E5E700BFE4010020C7
:101B40002DE9F0410E461546FFF7C8FF044628B3BD
:101B5000C3681BB35F690FB3062E07D0072E20D0D2
:101B60002A4631463B46BDE8F0411847838A3BB9D7
:101B70002A463146B84750B9A38A0133A38206E00A
:101B80004FF6FF72934204D00133A3820020BDE8D8
:101B9000F0810121114A124809F0E2FF6FF01500AF
:101BA000F5E745B12A7832B10022828231462A46D1
:101BB0005B699847EAE7A38A012B08D12A460721E7
:101BC0002046B8470028E2D1A38A013BD6E70BB1F3
:101BD000013BDAE70221034ADDE700BF5C03010CA9
:101BE000D0F8000C7E03010C10B5044608B18068E3
:101BF00038B9104A1048012109F0B2FF6FF0150002
:101C000010BDFFF76BFF08B10C4AF3E7A082EFF3BA
:101C10001181202383F31288BFF36F8F084B5A681A
:101C2000C4E9003214605C6081F31188BFF36F8FE8
:101C3000E6E700BF9C03010CD0F8000CB503010CD3
:101C4000E401002008B50348034A0021121A0AF0F3
:101C5000ADF808BDA0060020AC540020074808B528
:101C6000074A0849121A0AF0A3F8BDE808400648D6
:101C7000064A0749121A0AF09BB800BF000000206C
:101C8000840600206825010C0000002000000020D0
:101C90006825010C2DE9F04706460C4600AF0029E7
:101CA00036D0D1E90012E9468AB06D46A3684FF0FC
:101CB000050AE8461F48CDE90723CDE9050148F8A4
:101CC00010AF002342464FF421511B48FFF778FC28
:101CD000D4E90312CD466369AD461848C5E9072328
:101CE000C5E90501C5F810A0002342464FF4215173
:101CF0001148FFF765FCCD46E3690121104A0E4803
:101D000009F037FFA36901210E4A0B4809F031FFA2
:101D1000012E07D1EFF305830B4A31460648103BED
:101D200009F027FF2146304607F04EFABD46BDE8D0
:101D3000F08700BFD903010C20F9000C0804010C46
:101D40003704010C4604010C7404010C30BFFFF78A
:101D5000FDBF00BF2DE9F04105460B4EDFF82C809A
:101D6000324606EB0807CC1B204609490DF0CEF998
:101D7000A01942460021083C0DF0D5F9AC6707F1E7
:101D80000800BDE8F08100BF00000000080000006E
:101D9000D8F9000C10B5244C244925480AF015F850
:101DA000A36A99013ED5224822490AF00EF81E2066
:101DB000A36ADA0104D51E481F490AF006F81F205D
:101DC000194CA36ADB0204D519481C4909F0FDFF30
:101DD0002020A36A1C0304D51548194909F0F5FF12
:101DE0002120114CA36A590304D51148154909F063
:101DF000ECFF2220A36A9A0304D50D48124909F08A
:101E0000E4FF2320084CA36ADB0304D508480F49EC
:101E100009F0DBFF2420A36A6FEA03436FEA134350
:101E2000A36210BD1D20C3E700ED00E08704010C94
:101E300020F9000C9F04010CB204010CCC04010C2D
:101E4000F604010C1405010C3905010C5305010CB5
:101E500070B506460D46294C29492A4809F0B5FFB8
:101E6000A36ADB0647D52748274909F0AEFF1120B2
:101E7000A36A1C0704D52348244909F0A6FF1220B1
:101E80001E4CA36A990712D521491E4809F09DFFEF
:101E9000636BA26A120609D501211E4A194809F08E
:101EA00068FE1EB1A36A23F08003A3621320134CC3
:101EB000A36ADE0704D51348174909F086FF1420EA
:101EC000A36A9C0604D50F48144909F07EFF15202B
:101ED0000A4B9A6AD10658BF9A6A9A6A920642BF1A
:101EE0005A6A22F400525A629A6A42F0FF029A62D7
:101EF00000232B7070BD1020BAE700BF00ED00E09A
:101F00007E05010C20F9000C9405010CC705010C9D
:101F1000DA05010CF205010C0806010C2706010C7C
:101F200070B506460D46284C2849294809F04DFF52
:101F3000A36AD9043CD52648264909F046FF172054
:101F4000A36A1A0504D52248234909F03EFF182048
:101F50001D4CA36A9B0512D51D48204909F035FF89
:101F6000A36BA26A100409D501211D4A184809F083
:101F700000FE1EB1A36A23F40043A3621920124C91
:101F8000A36A590504D51248164909F01EFF1A2004
:101F9000A36ADA050ED50E48134909F016FF1B2077
:101FA000094A936A43F47F43936200232B7070BD08
:101FB0001620C5E7A36A9B04F2D505480B4909F032
:101FC00004FF1C20ECE700BF00ED00E05606010C0A
:101FD00020F9000C6C06010CC705010C7D06010CF4
:101FE0009606010CAB06010CC606010C2706010C77
:101FF00010B52F4C2F48304909F0E7FED4F8E830EF
:10200000D4F8E420500604D501212C4A294809F0CF
:10201000B0FDD4F8E430D9070CD52648284909F09A
:10202000D4FE2620224AD2F8E43043F0FF03C2F85F
:10203000E43010BDD4F8E4309A0705D51D48214995
:1020400009F0C3FE2720EDE7D4F8E4305B0705D59F
:1020500018481D4909F0B9FE2820E3E7D4F8E43018
:10206000180705D51348194909F0AFFE2920D9E70B
:10207000D4F8E430D90605D50E48154909F0A5FE77
:102080002A20CFE7D4F8E4309A0605D5094811494B
:1020900009F09BFE2B20C5E7D4F8E4301B0605D5DC
:1020A00004480D4909F091FE2C20BBE72520B9E733
:1020B00000ED00E020F9000CDE06010CF706010C33
:1020C0000707010C1D07010C3B07010C5607010C0B
:1020D0007307010C8807010CA207010C2DE9F041E0
:1020E0008AB0774B00AFD3F804800023C8F308060A
:1020F00083F31188BFF36F8F02F07F44B4F17F4FF9
:1021000031D112F001052FD012F0400502F0080481
:1021100003D02CBB0446012512E0530758BF0146EB
:10212000684A0B6858BF01251A44012A98BF0B6CF6
:102130000121654A654809F01CFD74B1EFF38984FB
:102140000023FB71F31E092B00F29980DFE803F0F6
:102150000E8F92848B9797979795EFF38884EFE78C
:102160000C461D46ECE71D462C46E9E75849574802
:1021700009F02BFE0023524EFB71F36A9A0705D536
:102180005449524809F021FE00232DE0F36A002B48
:1021900001DA5149F5E7F36A5B00F5D54F494B4841
:1021A00009F013FE7369A26943F480737361BFF38E
:1021B0004F8FBFF36F8F32F8023C726922F4807246
:1021C0007261BFF34F8FBFF36F8F03F47F42B2F59D
:1021D0005F4F2BD1DBB2022B28D123680121404A6B
:1021E0003A4809F0C6FC2368FA79DAB907F108061B
:1021F00004F1200C324620686168083403C264454B
:102200001646F7D17A6A002D56D0C2F3080121B9DB
:102210006FEA52226FEA42227A62184607F10801F9
:10222000FFF738FD2837BD46BDE8F081244B9A6A98
:10223000D2B222B10120F91DFFF70AFE15E09A6A19
:1022400012F47F4F04D00120F91DFFF769FE0CE066
:102250009A6AB2F5803F02D3FFF79CFD05E0D3F800
:10226000E430002B90D0FFF7C3FE0346BCE700200C
:10227000F91DE1E70020F91DE7E71A4981E71A4A4D
:1022800018F4F87FE8468AB0184B08BF13466A4630
:102290001749103ECDE905134FF40073ADF8203017
:1022A000144B079642F8103F00234FF41151074892
:1022B000FFF786F9C54667E76FF30802ACE700BF92
:1022C00000ED00E0A6ED0501E307010C20F9000C8C
:1022D0000208010C1908010C3A08010C4808010C0D
:1022E0006708010C8308010CB507010CCA07010C33
:1022F000A708010C04000001044B5A6942F01002C7
:102300005A615A6922F008025A61704700ED00E0F4
:10231000EFF30880EFF3098101B57246FFF7DEFEA7
:1023200001BD00BF0A4880F30888202080F311888F
:1023300008484FF40061401880F30988EFF31480D7
:102340000221084380F31488BFF36F8F00F05CF81C
:10235000F06C0020B05F00201EF0040F0CBFEFF304
:102360000880EFF30980816911F8021C0229FFD06F
:1023700001B5724609F01EFD01BD00BF00B2002884
:1023800007DB01234109034A00F01F00834042F8A4
:102390002130704700E100E000B200280CDB012290
:1023A0000649430900F01F008240203341F82320F2
:1023B000BFF34F8FBFF36F8F704700BF00E100E0A6
:1023C00000B2002801F10101ACBF00F16040064BF2
:1023D0004FEA4111C9B2ABBF00F5614000F00F00F8
:1023E00080F800131954704714ED00E0044B054ABF
:1023F00023F07F039360BFF34F8FBFF36F8F70475E
:102400000000000800ED00E008B5FFF7EFFF0B4A01
:10241000D2F8883023F47003C2F88830EFF31483C5
:1024200023F0040383F31488BFF36F8FFFF70AFCD4
:10243000FFF714FC00F092F806F0E8FF00ED00E072
:1024400042F8203C009B0B4942F81C3C019B21F0C8
:10245000010142F8183C029B42F8081C42F8143C67
:102460004FF0807342F8043C0023203A0265C367B2
:10247000704700BF7510000C00B50B4B15469860F7
:10248000826F0A4B0E461A602C4686F3098800209C
:10249000034B98472046002100220023014C20478F
:1024A000E1BD000C7510000C70140020C01000205D
:1024B0001022014B1A61704700ED00E0054B5A698C
:1024C0009B689A421FBF044A536843F0805353608D
:1024D000704700BF7014002000ED00E0084B9B68BF
:1024E00083420BD1EFF3058343B1064B5A6842F0A8
:1024F00080525A605A6A22F400425A620CF07FBB42
:102500007014002000ED00E011498A684FF030009F
:102510001044EFF3098C80E8F01F202080F312882C
:10252000BFF36F8F0B4F4FF000664A698A603E60C1
:10253000906F094C2060D06F0023D36780F311881F
:1025400002F1300090E8F01F8CF30988704700001A
:102550007014002004ED00E0C010002000232021B2
:102560000348C21801339E2B82F80013F9D170473B
:1025700000E100E008B5EFF30583064A103B02EBEB
:10258000C30152F8330049688847BDE80840FFF7A7
:1025900095BF00BF7CF3000C014800687047000045
:1025A000C01000201FB50121094B0A4A0A4800F05B
:1025B0000FF90023064A0393084B0121019301A858
:1025C000D31A029300F00EF905B05DF804FB00BFCA
:1025D000000008200000002090FA000CA006002057
:1025E0000A7A0B6810B562F304031C46CB685209E3
:1025F00023F01F0343EA4203044A43F00103C2F8F5
:102600009800C2F89C40C2F8A03010BD00ED00E078
:1026100010B50A4BD3F89030C3F30723013B98421F
:1026200008D901210346064A064809F0A2FA6FF0CC
:10263000150010BDFFF7D4FFFBE700BF00ED00E081
:10264000BE08010C08F9000C2DE9F04F894614462C
:1026500006464FF000084F4D85B0C84527DAD6F83A
:1026600004A0BAF1000F44D0BAF11F0F17D91AF025
:102670001F0F14D1D6F800B01BF01F0F0FD1584612
:1026800009F0C2FB07460AEB0B00013809F0BCFB5E
:10269000874210D06FF015073F4A3B4601E04346A2
:1026A0003E4A01213E4809F064FA6FF015042046C5
:1026B00005B0BDE8F08F17F1160FEDD0BC42EBDD91
:1026C000C5F89870D5F89C10C5F89870D5F8A0306A
:1026D00021F01F0143F01F0BD6E900321A44994242
:1026E00002F1FF3A1AD1D34507D13146F8B209F0C9
:1026F00094FB08F101080C36AFE73146C5F8987035
:10270000D5F89C30E0B263F30402C5F89C2009F0D0
:1027100084FB10F1160FC8D0441CEAE7C5F8987086
:10272000D5F8A020013B23F01F0302F01F02134342
:10273000D3453146E0B2C5F8A030E8D009F06DFBD2
:1027400010F1160FB1D0C5F89870D5F89C209DF8FF
:1027500008300BF1FF3B62F304038DF80830D5F825
:10276000A0309DF808205B0863F347128DF808201D
:10277000D6E900321344009323F01F035B44A3EB1C
:102780000A03013023F01F036946C0B20393FFF729
:102790003FFFBEE700ED00E00A09010CE408010C70
:1027A00008F9000C0522044BC3F89420BFF34F8FA7
:1027B000BFF36F8F704700BF00ED00E0BFF35F8F86
:1027C0000022024BC3F89420704700BF00ED00E0E8
:1027D00010B5034C2278FFF737FF207010BD00BF03
:1027E000A71400202DE9F74F294D8A4606464FF0E1
:1027F0000008AB46274FD0451BDAD6F80490B9F154
:10280000000F3FD031680846019109F0FDFA0199A7
:10281000044609EB0100013809F0F6FA84424FF052
:1028200014021D4B08D002FB08F36FF015024BF8A1
:10283000032003B0BDE8F08F14F1160F2C60F8D020
:102840001978A142F5DD02FB08B0C7F89840C7F837
:102850009840D7F89C4000F10801007B64F3040025
:102860000871D7F8A0000C79400860F347140C7188
:10287000D7F89C1021F01F016960D7F8A01021F053
:102880001F01296108F1010814350C36B3E700BFB8
:10289000C410002000ED00E0A7140020F0B553495B
:1028A000534DD1F890302C68C3F307239C4287B076
:1028B00000F299800020FFF781FF4E4BC1F8C03035
:1028C000844216D14C4D01A82C70FFF701F9002667
:1028D00007464A4CB74213D100202B784349D1F820
:1028E0009020C2F30722934277DBFFF75BFF0020C3
:1028F00046E0696801EB0011FFF772FE0130DFE787
:102900000199300101EB0613DA682240B2F1807FB1
:1029100052D00AD8B2F5001F34D0B2F5800F3ED0A5
:10292000B2F5801F12D00136D4E7B2F1006F43D068
:10293000B2F1805FF7D15A689B680958013B22F0D9
:102940001F00034423F01F03012032E05A689B68F4
:102950000958013B22F01F0003440120844623F064
:102960001F0340EA4C10CDE902218DF8100002A9A6
:1029700028780593FFF74CFE00282ADA6FF015003F
:1029800007B0F0BD5A689B680958013B22F01F0050
:1029900003444FF0020C012023F01F03E1E75A68C3
:1029A0009B680958013B22F01F000344062023F0D6
:1029B0001F034FF0000CD4E75A689B680958013B8D
:1029C00022F01F0003444FF0030C012023F01F03EB
:1029D000C7E72B7801332B70A5E7C1F89830C1F811
:1029E000A00001337BE74FF0FF30C9E700ED00E0C6
:1029F0009CFA000CAAFF4400A71400200000F0FF7E
:102A0000F0B587B007460E461446002110226846EE
:102A10001D460CF088FB02238DF80230054B2A4638
:102A200021466846CDE90476019308F05DF807B0C9
:102A3000F0BD00BF4DBE000C08B5024B1B689847A7
:102A4000002008BDD8100020034B044A186093787A
:102A500043F0020393707047D8100020EC0100206F
:102A600008B50649064821F00701C1F1005202F5F8
:102A7000002208F0B3FC002008BD00BF4178002010
:102A8000DC10002070B541690446867A0A4D59B1C0
:102A9000437ADB0706D4242303FB0653DB691B6858
:102AA0009B689847002363612420214600FB065061
:102AB000BDE870400BF0CCBF080500202422024B7B
:102AC00002FB0030704700BF080500202DE9F043ED
:102AD00085B00546684690461C4603910CF04BFABB
:102AE000DDE90067EFF31189202383F31288BFF338
:102AF0006F8F6B8A002B41D02A8A9A4225D90022F7
:102B00000023284606F0DEFE0446F0B189F3118862
:102B1000BFF36F8F039B002B41D032463B46684684
:102B20000CF04EFA2421A27A254B204601FB0233F9
:102B3000DB6903A91B681D68DDE90023A847606104
:102B400070BB2046FFF79EFF24E0698A4B1E6B8214
:102B500089F31188BFF36F8F2B7D2A8A2C6A1B3370
:102B600023F00303521A02FB0344154B154AEB1AD8
:102B70009B105343A3722B7DE372CBE789F311883B
:102B8000BFF36F8F23464246284606F09BFE04465D
:102B90000028BFD10024204605B0BDE8F083636162
:102BA000012300252381039B29466382E27A656025
:102BB00004F118000CF0B7FA63692582E360EAE7D4
:102BC00008050020398EE33870B524250C4C00B977
:102BD00070BD037A4668002BFAD0013BDBB203726A
:102BE000002BF5D1C3604360837A05FB03439B69E7
:102BF00013B198473046EAE7FFF744FFFAE700BF12
:102C0000080500202DE9F8430023436002230372E6
:102C100040F20113438190F837300446DA0700AFE1
:102C200000F1040828D413F0020F0CBF032602267B
:102C30004FF00109F6B241462068667384F80990A6
:102C400009F054F90546C8B16C4688B06A461F4B76
:102C500005931F4B93614FF4007393831D4B42F810
:102C6000103F00234FF4E2511B48FEF7A9FCA54694
:102C70002846BD46BDE8F8830126D9E7206B09F058
:102C80006EF9022341462068637209F02FF9054668
:102C900030B16C4688B06A460C4B05930F4BD9E7B0
:102CA000A4F86A002674206B09F059F90C4B4146D0
:102CB0002068636009F01AF905460028D8D0094A4F
:102CC0004946054808F04CFFD2E700BF5309010C04
:102CD0007409010C0300000138F9000C7C09010C97
:102CE000801A06008309010C70B50546012009F021
:102CF00036F90B26286809F039F90446D0B10121CC
:102D0000154A164808F02CFF012C18D1013EF1D1CC
:102D10000321134A114808F023FF286809F026F917
:102D20000446B0B9284600F085FB041E18BF6FF0BA
:102D300085040EE0284609F0E2F80446E4E714F1C1
:102D4000740FE5D0002CEDD00121064A034808F0AD
:102D500007FF204670BD00BF9D09010C38F9000C2B
:102D6000B009010CE109010CF8B50D46002857D057
:102D700041F8280B83689B694BB19847044648B1DA
:102D8000294A0121294808F0EBFE2046F8BD6FF0E2
:102D90005704F5E705F1140630460BF0BEFD044676
:102DA0000028F2D143F698220023304606F0C8FCF2
:102DB000044608B11E4AE4E72846FFF723FF04460D
:102DC00018B1304609F099F8DFE72846FFF78CFF85
:102DD0000328044614D10127284685F86870FFF7B8
:102DE00011FF044628B1134A3946104808F0B8FECE
:102DF000E7E72846FFF778FF044648B10E4AF3E7B5
:102E000030B1304609F079F8012385F86830BCE725
:102E1000022385F868303046BDE8F84009F06DB807
:102E20006FF01204B1E700BFF409010C38F9000C8F
:102E3000230A010C4E0A010C670A010C70B5054605
:102E40000E4C286809F0C2F858B90B26284609F03C
:102E5000E8F801280ED1013EF8D1A4F5F414A4F548
:102E600090647D207D3C0BF038FC002CE9DC6FF099
:102E70000F0001E00028F4D170BD00BF80969800DB
:102E8000072300B58BB00193B0F85E3000221B041D
:102E900002930123CDE90732C823006801A90993F1
:102EA00009F086F828B9079B012B02BF0248039B53
:102EB00018400BB05DF804FB0880F9FD372310B50E
:102EC0008AB0002201931123CDE90732C8230904F7
:102ED00004460291006801A9099309F069F8D0B984
:102EE000079B012B0CD1039B0C4A1A4042B10C48A2
:102EF00002210C4A08F03DFE6FF004000AB010BD3C
:102F000094F84B30002BF9D1039B13F0200F08BF2E
:102F10006FF08500F2E70120F0E700BF0880F9FDBF
:102F200038F9000C910A010C2DE9F04114461E46B7
:102F30001A44036E05469A42884690B062D890F8CB
:102F40006930012B0AD10221304A314809F045F895
:102F50006FF08504204610B0BDE8F08100F1140741
:102F6000002338462B4A06F0EBFB38B102212A4AEF
:102F7000274809F032F86FF00F04EBE7012E14BF79
:102F800012231123B5F86A200490900748BF224607
:102F90000793B5F864304FF0110158BF03FB04F2FA
:102FA00008920322CDE90D12C822CDE9014342F275
:102FB00010730F92286801AA07A90396CDF8148010
:102FC000069308F0F5FF044670B101210346134A49
:102FD0000F4808F0CEFD0121114A0D4808F0FDFF11
:102FE000384609F01CF8B5E72846FFF727FF0446E6
:102FF0000028F5D001210B4A054808F0EEFF6FF0DC
:103000007304E8E76FF01504A4E700BFC00A010CE1
:1030100038F9000CA0860100E30A010CFF0A010C3C
:103020003F0B010C1C0B010C2DE9F04714461E460A
:103030009A18036E05469A428A46A0B000F29D8017
:1030400090F86930012B0AD102214D4A4D4808F011
:10305000C4FF6FF08504204620B0BDE8F08700F182
:10306000140700233846484A06F06AFB38B10221AB
:10307000464A444808F0B1FF6FF00F04EBE7012E19
:1030800014BF19231823B5F86A200E93910748BF7F
:103090002246B5F864304FF0110958BF03FB04F223
:1030A0000F9203224FF0C808CDF818A042F2107A10
:1030B000CDE91492059002AA28680EA9CDE9024331
:1030C000CDF858800496CDF81CA008F071FF0028B8
:1030D00042D02846FFF7B2FE014600284AD1182206
:1030E00008A80CF020F82846B5F85E10FFF7E6FEB9
:1030F000044640BB16230422CDE917300123CDE955
:103100001D90CDE90923089005F18C03286808AAD1
:1031100017A9CDE90C3ACDF87C8008F049FF0446A8
:1031200088B91D9B012B03D1194C199B1C4054B924
:10313000D5F88C301BBA0121164A1248009608F0C7
:1031400022FD6FF004040121134A0E4808F045FFE8
:10315000384608F064FF7EE72846FFF76FFE044616
:103160000028F5D001210D4A064808F036FF6FF01F
:103170007304E8E76FF00F04E5E76FF015046AE702
:10318000C00A010C38F9000CA0860100E30A010C0A
:103190000880F9FD500B010C720B010C1C0B010C8B
:1031A0002DE9F041036E054693420E4690468AB0E3
:1031B00077D39B1A8B4274D390F86930012B0AD1D4
:1031C0000221394A394808F008FF6FF0850420468B
:1031D0000AB0BDE8F08100F1140700233846344AF4
:1031E00006F0AEFA38B10221324A304808F0F5FE56
:1031F0006FF00F04EBE70324C823CDE90843202335
:10320000019311230793B5F86A3000229B0758BF3A
:10321000B5F86430286858BF734301A9029658BFB7
:10322000029308F0C5FE044680BB212301931123BD
:103230000793B5F86A30013E980758BFB5F8643077
:10324000464458BF73434FF00002286801A9029614
:1032500058BF029308F0ACFE0446B8B92623019388
:1032600022230246029001A92868079308F0A0FED5
:10327000044658B92846FFF7E1FD044630B1012164
:103280000D4A0A4808F0A9FE6FF07304384608F0AA
:10329000C6FE002C9BD00121084A044808F09DFE80
:1032A00095E76FF0150492E7C00A010C38F9000C9D
:1032B000A0860100E30A010C1C0B010C7F0B010C22
:1032C0002DE9F04105460F46904600F11406002313
:1032D00030461F4A06F034FA044638B102211D4A2E
:1032E0001D4808F07AFE2046BDE8F0817B1E072BC2
:1032F0002BD8DFE803F0040B2A0E102A15252B6EBD
:10330000C8F80030304608F08AFEECE7B5F86430C3
:10331000F6E70123F4E72846FFF790FD0446F1E7BE
:103320002846FFF78BFD20B102210C4A0A4808F01D
:1033300054FE012328686B72291D08F040FEEDE75A
:103340004146284608F0DDFEE8E76FF08504D9E73E
:10335000A0860100E30A010C38F9000C8C0B010C6B
:103360002DE9E04191B00546884617460021182214
:1033700009A81E460BF0D7FE1022002101A80BF071
:10338000D2FE0623079311230D93C82340200F93E9
:103390000123CDE9020342F210730749284641EAAE
:1033A000C8713943089101AA07A90596069308F048
:1033B000C8FE11B0BDE8E081F0FFFF00292370B521
:1033C0008AB0CDE90131142300250793C8230446B0
:1033D0000E46CDE9085300212046FFF76FFD012876
:1033E00015D060B9024601A9206808F0AAFE30B9DC
:1033F0002EB194F84B20039B1AB1DB0703D40AB01B
:1034000070BD002B0FDB642000210BF0D8FC0135D0
:10341000B5F57A7FDFD105480121054A08F09FFE06
:103420006FF07300EBE7E364E9E700BF38F9000CE5
:10343000A80B010C2DE9F047044694B0102200219E
:1034400001A80BF070FE00212046FFF7B7FF0546EC
:10345000002849D1B4F86A5094F8373015F00805BF
:103460001EBFC3F380052D0645F080459B0784F8F9
:10347000690048BF45F4003564200BF02EF945F48F
:1034800040112046FFF79AFF054628B18E4A0121D8
:103490008E4808F064FE27E0E36C20465F0048BFDA
:1034A000B4F86A2001A944BF42F00202A4F86A20DD
:1034B000DE0142BFB4F86A2042F02002A4F86A207C
:1034C0009D0342BFB4F86A3043F04003A4F86A3069
:1034D00008F017FE054638B994F84B3043B1204642
:1034E00008F0D9FD054650B1284614B0BDE8F08774
:1034F000204608F00CFE05460028F0D0F4E794F8CA
:103500004B307BB1A36A724A934212D9714B274662
:1035100047F8043F3946206808F01AFE054678B19E
:103520006D4AB4E72046FFF7ABFC05460028E9D01A
:10353000DAE70321694A654808F01BFBA36AE6E75E
:10354000014624220BA80BF0EEFD2946182205A8FF
:103550000BF0E9FD2046B4F85E10FFF7AFFC05461E
:103560000028C1D13323CDE90B3011231193C82397
:103570004FF00108CDE912030823CDE9063842F2E5
:103580001073206804F18C0605AA0BA909960A930A
:1035900008F0D7FD05460028A6D1D4F88C2002F00B
:1035A0000F03434552D0022B48D0002B50D0510579
:1035B00048BFB4F86A304FEA126144BF43F00403D5
:1035C000A4F86A30D20148BFB4F86A3094F84B20AE
:1035D00044BF43F48073A4F86A308B0742BFB4F849
:1035E0006A3043F08003A4F86A3042B994F8663038
:1035F000012B2FD803213A4A344808F0B0FDB4F823
:103600006A8018F0020879D1414618220DA8D4F832
:1036100000A04FF400790BF086FD1023CDE90B39A3
:1036200011231193C823424650460BA9139308F067
:1036300088FD804600285FD02A4A3FE012F4000F40
:1036400014BF0823042384F86630B0E70223FAE7A6
:103650004346F8E7334611462068FFF781FE80466F
:1036600058BB94F89920204B12F002000CBF0021A7
:10367000194612F0080F1CD112F0100F08D112F0E9
:10368000040F18D120B912F0010F124B08BF00230C
:10369000C4E9141394F86630072BB0D994F8953028
:1036A00084F8582084F8593094F8933084F85A30CC
:1036B000A5E70E4BECE70E4BEAE70E4A0121034863
:1036C00008F04DFD45460FE7C30B010C38F9000C1F
:1036D0003F787D0140787D01110C010CDC0B010C61
:1036E000380C010C790C010C80F0FA0200D4650C46
:1036F00000E1F5055B0C010CA4F8649094F83630F9
:103700009B067FF5F1AE94F86630012B7FF6ECAEA8
:10371000D4F85080B8F1000F3FF4E6AE94F858208A
:103720000121C2F3400312F0020F84F867302068D1
:103730003346C2F340020CBF4FF0010A4FF0020AB9
:10374000D4F82890FFF70CFE0646002859D194F8CB
:103750009C3094F8672003F00F039A423DD0022179
:103760002C4A2D4808F0FBFC94F84830002B3FF41D
:10377000BBAEB4F86A3058077FF5B6AE24220021FC
:103780000BA80BF0D0FC2046B4F85E10FFF796FBB8
:10379000064600BB06230B9301231193C823CDE9F2
:1037A0001203022302460BA920680C9308F0C9FCFF
:1037B000064680B9119B012B03D1184E0D9B1E406C
:1037C0004EB9042339462068A37208F0C1FC0646AE
:1037D00000283FF489AE124A14E03946206884F884
:1037E0000BA0C84594BFC4F80480C4F8049008F046
:1037F000AFFC06460028B7D001210A4A064808F067
:10380000AEFC094A0121044808F0A9FC3546074AE4
:103810003DE600BF9A0C010C38F9000C0880F9FD58
:10382000F90C010CB80C010CD80C010C230D010C87
:1038300038B5044606F0E2FD204608F09CFCA0697D
:10384000C8B194F86C30DB070DD50221154A164833
:1038500008F08FFC6FF07705201D08F093FC06F050
:10386000E1FD284638BD0AF05EFF38B901210F4A54
:103870000D4808F07EFC6FF01205EDE7204601F0E0
:103880006DF805460028E7D10146242204F12800FE
:103890000BF049FC94F86C3043F0010384F86C3071
:1038A000DAE700BF370D010C90F9000C610D010C37
:1038B00070B5044606F0A2FD204608F05CFC94F8C2
:1038C0006C30DA070DD40221254A264808F051FC55
:1038D0004FF0FF35201D08F055FC06F0A3FD2846EB
:1038E00070BDC3F340019B0707D502211E4A1D4846
:1038F00008F03FFC6FF07705ECE7A06909F0D1FD17
:103900000646A06909F04FFE054628B10121174A75
:10391000144808F02EFCDDE7A36F4BB1314620467A
:1039200008F0E2FD0546A0B1A06909F064FED1E708
:10393000A06909F0EEFDA0670028EFD101210C4A33
:10394000084808F016FCA06909F055FE6FF00B0559
:10395000C0E794F86C3043F0020384F86C30B9E7A8
:10396000840D010C90F9000CAA0D010CD00D010C76
:10397000EC0D010C38B590F86C3004469B0708D468
:103980000221144A144808F0F4FB6FF0770528462A
:1039900038BD08F0F0FB0021204601F0B5F920B158
:1039A00001210E4A0C4808F0E4FBA06909F023FE4F
:1039B000054620B101210A4A074808F0DAFB94F8CD
:1039C0006C30201D23F0020384F86C3008F0DAFB21
:1039D000DDE700BF080E010C90F9000C2F0E010C62
:1039E0004D0E010C10B5044608F0C5FB204600F052
:1039F000D7FF20B101210F4A0F4808F0BAFBA06998
:103A000009F027FD20B101210C4A0B4808F0B1FB59
:103A1000A06F18B1FFF7D8F80023A36794F86C30B3
:103A2000201D23F0010384F86C3008F0ABFB00206C
:103A300010BD00BF6A0E010C90F9000C880E010C3D
:103A400038B580210446806909F086FD054678B1C5
:103A50000146204601F012FC044638B10648012117
:103A6000064A08F07DF82846FFF7AEF8204638BD34
:103A70006FF00B04FAE700BF70F9000CBB0E010CED
:103A800038B50446806F08F0F1F9054608F0E9F909
:103A90002046294601F0F2FB044638B104480121D2
:103AA000044A08F05DF82846FFF78EF8204638BD36
:103AB00070F9000CDE0E010C2DE9F04F85B00746C1
:103AC00088461546994608F05FFB0446B9F1000F99
:103AD00010D0384608F05DFB012808D0FEF75CFDE9
:103AE0006FF08502314B1A5005B0BDE8F08FB4FA83
:103AF00084F46409013521463846EAB208F00DFD28
:103B0000064630B901212B46294A2A4808F031F8E7
:103B1000E4E74568B9F1000F09D02868696801AB8E
:103B200003C32A7A01AD1A7007238DF8053008F116
:103B30000C09484608F081FC2A782946824228BFB1
:103B40000246484608F0A8F9D6F80CA0BAF1000FD2
:103B500009D1B8F81010FB8D9942C5D94846C91A49
:103B600008F0B5F9C0E7DAF8040083681B6B13B9F5
:103B7000DAF800A0EAE7214698470028F8D0051FA8
:103B800055F804BFBBF1000FF2D09BF80060002E87
:103B9000EED0484608F051FCB04234BF82B2324603
:103BA0005946484608F078F9EAE700BF0C000000E3
:103BB000FD0E010C70F9000C2DE9F04190F8283051
:103BC000044603F01F03012B0F4600F128062FD0F7
:103BD000022B18D08BB3204694F8291008F020FB54
:103BE000024678B3304608F030FC1D4D002834D131
:103BF00013693BB33A463146204698470346FEF7E1
:103C0000CBFC2B5024E0818DC9B201F0C9F90546E7
:103C10000028E0D0304608F018FC02466868836847
:103C2000CAB99B6873B13A463146BDE8F0411847BE
:103C3000818DC9B208F0DAFCE9E790F8291008F0A4
:103C4000EEFCE4E7FEF7A8FC6FF08502044B1A5087
:103C50000020BDE8F081DB68E4E7D368C9E700BF76
:103C60000C0000002DE9F04F0B7E044633F0800875
:103C70000D46164695B00AD00121A74AA74807F07D
:103C80006FFF6FF00408404615B0BDE8F08F82B1B9
:103C90000846FEF799FF6B7EDF0704D49E07F2D536
:103CA0002B7E002BEFD1204615B0BDE8F04FFFF77B
:103CB000E7BE4A7E00F12809900705D5802B09D17F
:103CC0002846FEF781FFDEE7910700F05584002BC0
:103CD00040F05284D20734D52B8A082B0DD1EA68E4
:103CE000294613680020A3625368C9F8043008F01D
:103CF000C1F8054640B18A4A00E08A4A0121874856
:103D000007F02EFF00F010BC484608F09EFBE28D45
:103D100070B9B2B12946A06909F00AFC0146002831
:103D200000F06584204615B0BDE8F04F01F0A6BA5A
:103D30003AB11146204608F07AFD0546002800F009
:103D40005684FEF729FC002394F82880764F18F05B
:103D5000600FC351C8F3411307D0032B40F0D48147
:103D6000FEF71AFC6FF0850338E0484608F06DFB5B
:103D700094F82930002840F06781013B0A2BEFD8E6
:103D800001A252F823F000BF353F000C613D000C4A
:103D9000BD3F000C613D000CB53D000C613D000CC9
:103DA000613D000C613D000C313E000C613D000C9A
:103DB000A13E000C618D7F29D2D8A38D002BCFD1DD
:103DC000E38D002BCCD118F01F0FC9D194F83030FF
:103DD000022B05D1FEF7E0FB4FF0FF333B5083E0B1
:103DE000A069036993F880301B070DD5C9B208F0AC
:103DF00062FB804658B1638D01214C4A474807F069
:103E0000B8FE002D73D13EE7012384F8393094F8D1
:103E10003030012B0AD1638D43B984F83030FEF77E
:103E2000BBFB3B58002B00F09A805DE00123F4E7D8
:103E3000204608F0A9F9628D0146FF2A90D8E38D4B
:103E4000002B8DD194F82830D80689D194F83030E1
:103E5000002BBFD02AB12046D2B208F084FB002844
:103E6000B8D0618D94F838308B42D8D02046C9B292
:103E700000F04AFF638D804630B1012100902C4A4A
:103E8000264807F080FEBCE7002B14BF0222012267
:103E9000052184F8302020461A4608F0EEFCBEE7E3
:103EA00008F01F08B8F1010F7FF45AAFE38D002B23
:103EB0007FF456AF628DFF2A3FF652AFA18DFF29E6
:103EC0003FF64EAF94F83030022B83D12046D2B269
:103ED000C9B208F030FC10F1020F804640F01981A1
:103EE000FEF75AFB47F8008065B14FF000082846FE
:103EF000FEF76AFEB8F1000F7FF4C5AEFEF74CFB8B
:103F00003B5863B3484608F0A0FA0346A069002B6B
:103F100000F07083802176E3230F010C70F9000C10
:103F20005B0F010C440F010C0C0000007D0F010C15
:103F30009F0F010CE38D002B7FF412AF94F830300B
:103F4000002B3FF447AF012BA18D02D100297FF454
:103F500041AF18F01F080CD0B8F1020F16D0E38D56
:103F6000002B40F0D4822046FFF76AFD0028C9D11B
:103F700099E600297FF42EAF638D012BEFD194F8E1
:103F80006C3061F3C30384F86C30E8E7B4F82AA01E
:103F9000BAF1000FE3D15FFA81F84146204601F003
:103FA000D5F90346FEF7F8FA3B50013300F03383AE
:103FB00052464146204608F04EFA30E7E38D002B8A
:103FC0007FF4CEAE628DA38D022A5FFA83FA11D1FF
:103FD00008F01F085AEA08087FF4C2AE0122A0695F
:103FE000190A08F048FA00287FF4BAAE012384F8D1
:103FF000393014E794F8301000293FF4EBAE012972
:1040000002D1002B7FF4E6AE18F01F0812D0B8F1F1
:10401000020FA4D1002AA2D15146204601F074F922
:104020000346FEF7B9FA3B50013300F0F482012257
:104030005146BFE7002B7FF4CDAE012A8FD194F813
:104040006C3043F008039EE70A2B3FF689AE01A2CD
:1040500052F823F08140000C613D000C613D000CE2
:10406000613D000C613D000C613D000CFB40000C0B
:10407000613D000C8744000C613D000CB544000C10
:10408000E38D022B7FF46CAE94F83030002B3FF4BC
:10409000A1AE012BA18D02D100297FF49BAE18F0B7
:1040A0001F0811D0B8F1020F1CD04FF0000805F125
:1040B0000C0A504608F0C1F9E38D984218D2FEF779
:1040C0006BFA6FF00B0389E600297FF483AE94F856
:1040D0006C304FEA930808F00208C3F3001348EA73
:1040E0000308E4E72046C9B208F0A6FB8046DEE7F5
:1040F0004146504607F0E1FE91E6628D18F01F0F31
:104100004FEA1223D2B209D029462046FFF754FDC8
:104110008046B8F1000F7FF474AE80E6013B0E2BB1
:104120003FF61EAE01A151F823F000BF6941000C1B
:10413000A541000CB541000C613D000C613D000C37
:104140000D43000CB141000C613D000C613D000CC1
:10415000613D000C613D000C613D000C613D000CB7
:10416000613D000CA143000C05F10C08404608F02D
:1041700064F983462046B4F82EA008F005F820B173
:1041800001287FF4EDAD616F00E0216F002900F0A0
:104190003E82DA4528BFDA460A78524528BF5246A1
:1041A00040462FE0002329462046FFF785FC36E6EF
:1041B0000123F8E70321204608F083F8824600280F
:1041C0003FF4CEAD08F034F9B4F82EB09AF81520CB
:1041D000D8B99AF814808DF831208DF83080DAF84B
:1041E000103005F10C0A1B885046ADF8323008F04B
:1041F00024F9D84528BFD8468045424628BF024604
:1042000050460CA907F048FE09E60023DAF808102A
:104210008DF81D20C64A8DF81C300A40C5498A42D7
:1042200063D1102108A803F08BFFB0F1000842DB36
:104230000CAAB8F1100F4FF00003104628BF4FF042
:104240001008DFF8F4E208A9984502F102023CD810
:1042500003464FEA880808F102085FFA88F88DF8EB
:104260001C8005F10C0A5046049308F0E6F8D84586
:1042700028BFD846804528BF8046B8F1020FC34604
:1042800028BF4FF0020B50465A46A8EB0B0807A96F
:1042900007F002FE4FEA58030393049B9B4603EB8F
:1042A00058025A4528D118F0010F3FF4B8AD039ACF
:1042B000995C5046FBE018F1580F7FF451AD012195
:1042C0009E4A9F4807F04CFC4AE511F801CB0133A8
:1042D0004FEA1C1A0CF00F0C1EF80AA01EF80CC0B6
:1042E00002F802AC02F801CCAEE79AF81480DAF8D2
:1042F00010308DF81C80B4E750461BF8011BCDE947
:10430000042307F0DAFDDDE90423CAE7204607F0BD
:104310003BFFD4E91C83002808BF98460023CDF852
:104320003230CDF836300A238DF83030062320465F
:104330008DF8313007F02DFF012805D0FEF72CF95C
:104340006FF085033B506AE5B8F1000F00F05F8124
:10435000B8F80230ADF8323098F804308DF83430C7
:1043600098F805308DF8353098F806308DF83630ED
:1043700098F807308DF8373098F8113005F10C08AF
:1043800040468DF8383008F058F8E28D9DF830300E
:104390000CA99A4228BF1A46824228BF0246FFE66D
:1043A000204607F0F1FE18B10128C7D1636F00E085
:1043B000236F002B00F02B815B88B3F5007FBDD904
:1043C000604B04F14C0B0C9300238DF83430E36CFC
:1043D0009B4508BF0023BDF8322093B1597D0F29BA
:1043E00008D1197D0A44ADF832209DF834200132FD
:1043F0008DF83420226D934201D01B68EBE7BDF8A5
:10440000322005F10C0A5046039208F016F8B4F871
:104410002E80039A0CA9904528BF9046804528BF5E
:1044200080464246052A28BF05225046039207F0DF
:1044300033FD039AB8EB02083FF4F1ACE36C5B4543
:104440003FF4EDAC002B3FF4EAAC5A7D0F2A14D1B7
:104450001A7D1969424528BF42465046039307F02A
:104460001BFD039B1A7D424594BFA8EB0208A8EBF5
:104470000808B8F1000F3FF4D2AC226D9A423FF425
:10448000CEAC1B68DEE794F83030002B3FF4A2ACD2
:10449000E38D012B7FF464AC05F10C08404607F076
:1044A000CCFF00283FF40BAE404694F8381007F0DC
:1044B000FCFCB4E408F01F08B8F1010F7FF48AACEB
:1044C000204608F03EF800283FF484ACB4F82C8075
:1044D000B8F1FF0F3FF644AC43681B794345FFF446
:1044E0003FAC5FFA88F30F2B3FF63AACE38D012B1C
:1044F0007FF436AC05F10C0A504607F09EFF002809
:104500003FF4DDAD04EB080393F83A10D1E64846DA
:1045100007F09BFF18B92846FEF756FB23E529460E
:10452000204600F0ABFE78B12846FEF74DFBE9E4EB
:1045300000FF0200000302009C23010CC20F010CCB
:1045400070F9000C050F0500A069036993F880104D
:1045500011F004017FF4A7AB08F0FEFF0546002828
:104560003FF4D0AC0146204600F088FE00283FF41E
:104570009AAB2B4AFFF7C2BB52077FF5C3AC002BA7
:104580003FF49EAB2846FEF71FFB94F83930002B12
:104590003FF479AB94F82930052B0CD1618DA069DB
:1045A000C9B207F088FF064628B1638D01211D4A74
:1045B0001D4807F0DEFA94F82930032B11D1638DE2
:1045C000022B0ED1A18D00220D0A2946A06907F009
:1045D00052FF064628B101212B46144A124807F023
:1045E000C8FA0023B04684F83930FFF74CBB6FF0AF
:1045F0000B0687E4E38D002B3FF48CAC16F10C0125
:1046000018BF0121C90108F084FEFFF74CBB6FF011
:104610001508FFF7F6BB4FF0FF38FFF7F2BB00BFFE
:10462000E40F010C7D0F010C70F9000C0810010C57
:104630000B7810B4062B14D10369D3F89C20EFF348
:104640001184202383F31288BFF36F8F00204B68FF
:104650001860506A58B9C2E9083384F31188BFF36F
:104660006F8F00220023034810BC0AF047B9036093
:104670005362F2E7D004002030B589B00022002355
:104680000024CDE906236FF007034FF48062CDE9E3
:104690000334CDE90144154B15490094154805F044
:1046A000CFFB154913480AF0A5FA144B14498B4265
:1046B00007D30020134B14498B420CD3002009B0C0
:1046C00030BD03F11402D2E8EF0FC2E8E54F002D30
:1046D000F9D11833EBE703F11402D2E8EF4FC2E847
:1046E000E50F002DF9D11833E6E700BF6547000C50
:1046F000B0570020A80B002041FE000C240600202B
:1047000054060020540600208406002038B50D46CB
:1047100007F017FF30B90121BDE838400F4A1048B3
:1047200007F01EBAC46804B938BD2B78032B05D036
:10473000052B0ED0022B08D02468F4E7606883684C
:104740005B69002BF8D09847F6E7606883689B693F
:10475000F7E760688368DB69F3E700BF2F10010C9F
:1047600080F9000C2DE9F0434FF0200885B000AF30
:104770004FF0FF334FF0FF327248391D04F07CFFD9
:10478000FB681B69D3F89C40236A93B1EFF3118255
:1047900088F31288BFF36F8F256A2DB1616A2B6889
:1047A0008D42236208BF636282F31188BFF36F8F6B
:1047B000C5B93B79062BDBD0072BD9D801A252F81B
:1047C00023F000BF4148000C3548000C6948000C3C
:1047D0004748000C9F48000C8B48000C7147000CA8
:1047E0003349000C2B7E29465E062046D5F81E2054
:1047F0001DD1FFF737FA06460028C5D0E9468AB032
:104800006A462B7ECDE9073505234F49CDE90510D2
:1048100042F8103F00234FF421514C48FCF7D0FEE2
:104820003246CD460721204608F027F8ACE707F0CE
:10483000EDFEE0E700220121204608F01EF897E790
:1048400000221146F8E794F86C3043F0040384F832
:104850006C3094F83030022B03D12046391DFFF71D
:1048600055FF00220321E7E794F86C3023F004039E
:1048700084F86C3094F83030022B03D12046391D77
:10488000FFF744FF00220221D6E794F83030022BD4
:104890007FF46EAF2046391DFFF738FF68E794F8C4
:1048A0006C30A66923F0040384F86C30D6F80890C5
:1048B0003369A033D3E8AF3F9A071ED53046D9F805
:1048C0003C309847D9F824300021304698470546B7
:1048D000D9F840303046984795B11D4A01211B4810
:1048E00007F03EF900220421204607F0C6FF002D04
:1048F0003FF43EAF2A4607219EE74FF0FF35ECE735
:104900002946204600F000FA054608B1114AE5E7BD
:10491000A06908F032FE831E5842584194F86C306A
:1049200084F8305023F0680343EA401384F86C3075
:10493000D8E70121084A054807F012F90621BA68AC
:104940007AE700BFD00400205E10010C80F9000C53
:104950008810010CB610010CE210010C38B50246AB
:1049600005460C49806908F066FE044630B1012115
:10497000094A0A4807F0F4F8204638BD85F838009F
:10498000284600F07FF904460028F5D0A86908F011
:1049900081FEF1E73146000CF210010C80F9000CA9
:1049A00038B50446C56D9DB9656D05BB204607F059
:1049B000A2FC034620B10121144A154807F0D9F89A
:1049C000204607F06DFCA069BDE8384008F062BEE3
:1049D0006B6801215A79204607F038FE034620B162
:1049E00001210C4A0A4807F0C4F82D68DBE76B6820
:1049F00000215A79204607F029FE034620B1012103
:104A0000044A034807F0B5F82D68CEE73811010CC9
:104A100080F9000C0F11010CF8B501231D460C683C
:104A2000002C35D063F07F02D6B202F07F02103244
:104A300024FA02F7FF0716D5046824FA02F7FF07E5
:104A400008D4334613480121134A07F092F86FF057
:104A50001500F8BD05FA02F224EA020404600C68AD
:104A600024EA02040C60DC40E6070ED5026822FA54
:104A700003F4E40700D4E5E705FA03F422EA0402AC
:104A800002600A6822EA04020A600133102BC6D1D0
:104A90000020DEE7B0F9000C6411010C2DE9F04FA5
:104AA0000026536891B0D4680A9008910692029348
:104AB0000E96039674B9039B029A09339BB29370C6
:104AC0001B0AD370069B1671DC68002C40F0C7806F
:104AD000A346AEE04FF0000A6068CDF83CA08368C2
:104AE0001B6B002B00F0AC8008999847002800F061
:104AF000A7803546C4E903AAA0F1040959F8043F88
:104B00000BB11A789AB9B54240F29780E3680F9AD0
:104B10001343E360606883689B6A002B00F0928017
:104B200098478346002800F09080534A7DE05A78E9
:104B30000B2A08BF9D70D9F800305A78042A10D18A
:104B4000E2680F990A43E260DA78002A5CD1012218
:104B50009D702369AA40134301352361EDB2CDF85E
:104B60003CA0D9F800707B78052BC7D16FF0120BF1
:104B70004FF001080A9B9B69099379793A790E9B5A
:104B800042EA0122ADF8362097F902205FFA88F157
:104B9000002AACBF424641F080010493B7BF4BB23C
:104BA0004FFA88F321F080020793A8BF0793049B74
:104BB000B8BF103223FA02F0C0072CD40F9B23FA9F
:104BC00002F20593D30726D4BB79FA7809980093AB
:104BD0000DF136030B9108F012FB0B998346D0B907
:104BE000079BB970002B4FF00103BCBF21F080017F
:104BF00010318B4004980599BDF8362019431843AD
:104C0000CDE90E01BA8079E76A1E9A700FA90EA845
:104C1000FFF702FFA3E708F10108B8F1100FACD1CC
:104C2000BBF1000F3FF46AAF144A0121144806F0AB
:104C300097FF584611B0BDE8F08F6FF0150BF3E702
:104C4000354667E76FF0850B6FE76068089907F0F6
:104C5000ADFC039B2E460344246803932AE7E368D4
:104C600004F10C01A3600EA8FFF7D6FE08B9246872
:104C70002BE76FF0150BDCE7A511010C8111010C7E
:104C8000B0F9000C70B5836905461B69026F93F893
:104C90008030C3F34113022B0CD0032B0CD0012B1B
:104CA0000CBF10230823D371EE6D3EB96E6DBEB9F3
:104CB000344611E02023F6E74023F4E73246012191
:104CC0002846FFF7EBFE044640B173685B790B4A58
:104CD00001210B4806F04DFF204670BD3668E4E721
:104CE000324600212846FFF7D9FE044618B1736802
:104CF0005B79044AECE73668D9E700BFC911010CBB
:104D0000B0F9000CEC11010C2DE9F04105460E46FE
:104D100007F03AFA95F83830804633B3284607F062
:104D200010FC0746F0B10146284607F0B2FC1022FD
:104D30000446002105F13A000AF0F5F9002385F850
:104D40003830FF683FB984B119491A4807F0D8FBD9
:104D50002046BDE8F081786883685B6A03B19847B4
:104D60003F68EFE76FF03C04EEE71EB985F8386066
:104D70000024EDE732464146284607F0CEFB0746C1
:104D800090B10246284607F0AEFC04460028DFD169
:104D900085F83860FC68002CEAD0606883681B6A7C
:104DA00003B198472468F6E76FF03C04D0E700BFF2
:104DB0002F0E010C68F9000C2DE9F04105460F4655
:104DC0001446D2F8048007F09FFB95F86C30D907A1
:104DD0000BD54749474807F093FB6FF00F07281D95
:104DE00007F099FB3846BDE8F081012F0AD128462B
:104DF00007F0CFF930B940493E4807F081FB6FF02A
:104E00008507ECE798F807309A0607D5AB691B6968
:104E100093F880309B0701D43849EDE71FB1012F8B
:104E200006D03749E8E7EB6D2BBB05F1540603E0EC
:104E30006B6DABB905F15C06002233680BBB002F2C
:104E4000D5E91C2308BF13465B7C626803F10103AC
:104E5000DBB25371D5E91C1208BF0A46537422E035
:104E60009C4206D12749234807F04AFB6FF01507FB
:104E7000B5E71B68DDE79C4201D12349F3E71B68D6
:104E8000D2E79C4221D12368CAB972683360944248
:104E900000D173600023236063685B7902211B4AA1
:104EA000144806F066FEA168B9B1284607F033FA47
:104EB000074668B116490F4807F022FB8FE71360D9
:104EC00073689C4208BF7260E4E71A461B68B5E746
:104ED000A06807F0ADFA88F8060000232360736825
:104EE0001BB9C6E90044002779E71C607460FAE743
:104EF0003D12010C68F9000C5F12010C1912010C33
:104F00007D12010C9D12010CBA12010CD712010C7A
:104F1000F412010CF8B5054600AF29B301290BD1F5
:104F2000184C194E2BE0636828461968FBF782F885
:104F3000B8B11834B442F6D36C4688B06A46134B05
:104F4000CDE905354FF40073ADF81C30104B42F835
:104F5000103F00234FF4E2510E48FCF731FBA54609
:104F600000242046BD46F8BD0B4C0C4EE2E76368BA
:104F700028461968FBF75EF80028F2D01834B442CE
:104F8000F5D3D9E754060020840600202B13010C2A
:104F90000300000178F9000C2406002054060020CC
:104FA00070B5012501F07F0311F0800F18BF103399
:104FB0009D4090F830300446022B06D001210C4A67
:104FC0000C4806F0CDFD002070BD90F8386007F069
:104FD000DBF832460146204607F09FFA0028F2D05F
:104FE000C0680028EFD083681D42EDD10068F8E763
:104FF0004913010C78F9000C2DE9F84305460846E1
:10500000114616469846FFF785FF0446002843D010
:10501000284607F0C4FA95F86C30DA0702D5204A22
:10502000012109E0D4F8049004F11407D7E8AF3F58
:10503000DB070CD502211B4A1B4806F091FD6FF0DF
:105040000F04281D04F0EEFB2046BDE8F883D9F8D4
:1050500004301BB1AB4201D0144AE1E7424631466D
:10506000284607F05AFAA0B10023236003696BB900
:10507000C0E90344D7E8EF3F43F00103C7E8E23F4C
:10508000002AF7D10024C9F80450DAE71C60046153
:10509000F0E76FF03C04D4E76FF01204D4E700BFF0
:1050A0003D12010C6E13010C78F9000C9013010CE9
:1050B0002DE9F047012981461646984600AF33D1C5
:1050C0002C4DDFF8B4A028E0B8F1000F04D0414621
:1050D000284607F054FAF8B9696833460122484671
:1050E0000968FFF789FF0446B0B16B686D468AB066
:1050F0001B686A462149C2E905134FF40073138403
:105100001F4BD66142F8103F00234FF411511D4848
:10511000FCF756FAAD4603E018355545D4D30024C4
:105120002046BD46BDE8F087F9B16FF08504F7E78A
:1051300018355545F3D2B8F1000F05D04146284641
:1051400007F01DFA0028F3D169683346002248466B
:105150000968FFF751FF04460028E9D06B686D46E7
:105160008AB06A461B680849C5E7084DDFF820A0E9
:10517000DFE700BF5406002084060020C513010CA1
:105180000400000178F9000CF213010C2406002041
:10519000540600202DE9F04F83B000AF7B6097F8F4
:1051A00030304C680E463B608146904606F0ECFF7E
:1051B000A36801461B6B33B96FF0150420460C370A
:1051C000BD46BDE8F08F204698470028F4D0002463
:1051D000051F06F10C0A55F8041F09B10B782BB90D
:1051E000002C14BF00246FF03C04E7E74B78042B3D
:1051F0000ED1002C3CD18B787A689342EBD1CB78DE
:105200003A689342E7D10B79002BD7D00124E2E72B
:10521000052BE0D1002CDED0B8F1010F91F802B0DF
:1052200009D0B8F1020FF1D152465946D9F8180009
:1052300007F0E7FA04E05246D9F8180007F0C5FA7B
:1052400004460028E2D06D468AB06A46F368CDE98C
:1052500007B3062307490990CDE9051842F8103F26
:1052600000234FF441510448FCF7AAF9AD46A5E7E5
:105270000024A3E72A14010CA8F9000C2DE9F04141
:105280000B7E0C465906054637D16BB306F0BCFFC2
:1052900040B11B4801211B4A06F062FC4FF0FF3071
:1052A000BDE8F0812846D5F87080268AEF8D06F09B
:1052B0006BFFF8B1421E534253419B01228A9AB1BF
:1052C000BE42324628BF3A46E98D91420CD9B2FB24
:1052D000F3F103FB11223AB994F91830002BBEBF49
:1052E000637E43F0080363762146A869BDE8F04178
:1052F00008F069B898F80730E0E76FF01500CFE7DD
:10530000A0F9000C6614010C70B5064680690C46C5
:1053100007F0FFFF054638B102212346094A0A4833
:1053200006F027FC284670BD012214F0800F18BF3C
:1053300024F08004736B18BF1034A2401A437263C8
:10534000F0E700BF7A14010CA0F9000C70B5054617
:1053500080690E4608F007F8044638B1022133464A
:10536000054A064806F005FC204670BD314605F1A9
:10537000340007F01CFAF7E79114010CA0F9000CB7
:1053800070B50646EFF31181202383F31288BFF333
:105390006F8F1B4D2A6881F31188BFF36F8F52689E
:1053A00092F86C20D20705D4BDE870400A22002391
:1053B00004F0D2BCEFF3118283F31288BFF36F8F36
:1053C0002C682CB1696823688C422B6008BF6B6025
:1053D00082F31188BFF36F8F44B1606804F1080154
:1053E000C36998472146074809F038FA2B6833B15A
:1053F0003046BDE870400022002304F079BC70BD47
:10540000E8100020A004002030B585B0CDE90012DE
:10541000054600220023144803A904F099F8024627
:10542000E8B9DDE90001039B5D60083383E8030010
:10543000EFF31180202383F31288BFF36F8F039B58
:105440001A600A4A516861B9C2E9003380F31188D1
:10545000BFF36F8F00220023054804F049FC05B01C
:1054600030BD0B605360F1E7A0040020E81000207D
:105470000000002010B40A78046902F06002202ABB
:1054800009D14B780A2B06D8237A054A637210BCDF
:1054900052F8233018476FF0850010BC704700BFEA
:1054A000C4FA000C002310B5016907488B64074B50
:1054B00081F84C20834204D25C68E478944201D1A4
:1054C0008B6410BD1C33F5E7082C010CEC2B010C90
:1054D00038B50D460469FFF7CDFF0346FDF75CF8CC
:1054E000074A135043B96B7833B94FF47A720023EB
:1054F00004F1100004F030FC637A0020237238BD00
:105500000C00000001232DE9F0410469476884F88C
:105510004430002384F84C30A36440F202232381FA
:105520004368144D144E2364B54207D3A36C002B7B
:105530000CBF6FF015000020BDE8F0816B683846A5
:10554000DA7894F84C309A4208BFA564E96806F00E
:10555000E2FE30B10121094A094806F001FB1C3581
:10556000E2E7E868D5F8048006F062FF88F80800F2
:10557000F5E700BFEC2B010C082C010CBB14010C4F
:1055800098F9000C2DE9F04704460D461746D0F86F
:105590001080FFF76FFF0346FCF7FEFFDFF84C902B
:1055A000064640F80930D3B96B78012B17D123692F
:1055B000398AEA88986C8A4228BF0A46D0F818A02F
:1055C000FB6869888068D047002808DA6FF0850397
:1055D0000A2246F8093023695A720E229A7298F804
:1055E0000930002088F80830BDE8F0870C00000082
:1055F00000232B482DE9F0474FF0040C0124092625
:105600004FF0FE0E80461D464FF0020A254A2649FD
:10561000DFF8989000AF167082F801C09370D370D5
:10562000137182F805E09471D4711372494508D35F
:105630001F4A2048204948F8232009F09EFA0020FC
:1056400018E0042B19D16C4688B00B686A461B49D8
:10565000CDE905134FF40073ADF81C30184B42F838
:10566000103F184800234FF4E251FBF7A9FF6FF0F9
:105670000B00A546BD46BDE8F0874A681C31D370D3
:10568000167082F801C09570157182F805E094716A
:1056900082F807A01572013340F8042BC6E700BF5B
:1056A000F010002031780020EC2B010C082C010CAC
:1056B000AD23010C400000206BC9000CDB14010C71
:1056C0000300000198F9000C2DE9F04781460E46D1
:1056D00014460769FFF7CEFE0546FCF75DFFDFF8CD
:1056E0006880824640F8085025B97378032B06D0AD
:1056F000052B0DD07B7A00203B72BDE8F087224657
:105700003146D9F8100007F0C5F948F80A00F1E76A
:10571000228A638A61699B1AE268D9F81000521ADA
:105720009B1AF288934228BF1346012B09D1017AB4
:1057300004F10C0006F0B9FBFCF72EFF48F800500E
:10574000D8E76FF08505F7E70C0000002DE9F84F6A
:1057500006460F461446D0F81090FFF78BFE05461C
:10576000FCF71AFFDFF8B880824640F8085035B9D8
:105770007B78032B0AD0052B10D0022B26D099F86A
:105780000930002089F80830BDE8F88F22463946F4
:10579000306907F07FF948F80A00F0E7228A638A47
:1057A00060699B1AE2683169121A9B1AFA8893425F
:1057B00028BF1346012B30D1097A04F10C0006F002
:1057C00074FBFCF7E9FE48F80050D8E7208A618AAC
:1057D000E368091A6069D6F810A0FA88181A091A3D
:1057E000DAF848008A4228BF8AB2D0F814B0798823
:1057F0008068D847071E0BDB394604F10C0006F021
:1058000045FBB7F5007FDCDA02238AF80830D8E7D9
:105810000A2233695A720E229A726FF08505D0E718
:105820000C00000000210369426883F8CC10526824
:10583000C3F8D820034AC3E9372003F1D000FCF7AE
:10584000D3B900BFF8FA000C73B5054614461A46E2
:105850002B6908465E68A3182CBF012500257168D6
:1058600001D28B4209D909480091094A012106F069
:105870008AF96FF0040002B070BD3368F1685A43D2
:1058800003FB041109F042FC2846F4E730F9000C50
:105890001415010C37B50C4603695968A3182CBFC1
:1058A00001250025486801D2834209D901210090D1
:1058B000084A094806F067F96FF0150003B030BDDB
:1058C0000B68C8685A43294603FB040009F02BFC07
:1058D0002846F3E71415010C30F9000C73B5144693
:1058E0001A4603695E68A3182CBF0125002570685D
:1058F00001D2834209D901210090084A084806F0E4
:1059000042F96FF0040002B070BD3368F0685A438A
:1059100003FB040009F0FAFB2846F4E71415010C18
:1059200030F9000C0121024A024806F019B900BF03
:105930003F15010CE0F8000C70B5054603F020FCA3
:105940000446084E6B6863B103F01AFC031BB342B4
:1059500003D9BDE87040FFF7E5BF022008F0BDFEA7
:10596000F0E770BDBFD4010038B54568D5E9010145
:1059700083681B686BB19847041E0DDA14F1780F29
:105980000AD02346184A0121184806F0F2F82046AA
:1059900038BD6FF05704F4E76868E96883681B68EE
:1059A00043B19847041E08DA14F1780F05D0104A65
:1059B0002346E8E76FF05704F9E72B69984701227F
:1059C0002B681A702868FFF7B7FF2B7D13B10022F0
:1059D0002B681A702A680024137843F002031370AE
:1059E0002868FFF7A9FFD2E76E15010CE0F8000C5C
:1059F0009215010CF8B504690D4600AFA034D4E847
:105A0000AF3FC3F38003994218D1164A164B6E4636
:105A100088B0002918BF13466A461449CDE905131A
:105A20004FF40073ADF81C30114B42F8103F0023C7
:105A30004FF4E4510F48FBF7C3FDB5464DB1D4E830
:105A4000EF3F43F00403C4E8E23F002AF7D1BD462C
:105A5000F8BDD4E8EF3F23F00403C4E8E23F002A96
:105A6000F5D0F6E7E515010CED15010CF415010C68
:105A70000300000158F9000C2DE9F047054689465E
:105A800090461F46D0F808A007F001FB0446C0B1BD
:105A9000067DF30709D5037E16480121164A06F054
:105AA00068F86FF07700BDE8F0873B46424649460C
:105AB00007F0ADFA40B9237E0121104A0D4806F0E7
:105AC00058F86FF01200EEE79DF8203026F0060639
:105AD00084F81980678323772675DAF81830214611
:105AE00028469847B0FA80F3227D5B0963F30002F1
:105AF0002275D8E758F9000C0616010C2016010C87
:105B000070B50546866807F0C2FA0446D0B1037D39
:105B1000DB0708D4037E0D4801210D4A06F029F861
:105B20006FF0770070BD0146F3692846984738B199
:105B3000237D03F00103227D63F300022275F1E768
:105B40000346F8E76FF01200ECE700BF58F9000CCD
:105B50004216010C2DE9F3411746D0F8088005469E
:105B6000D8F83C300E4698470022002339460B48AF
:105B7000FCF7ACFF044670B901213B46084A0948CE
:105B8000009606F000F82846D8F84030984720469E
:105B900002B0BDE8F0810676F5E700BF08050020F9
:105BA0005D16010C58F9000C042903D849B96FF0AF
:105BB00015007047052914BF6FF015006FF08500C0
:105BC000704762B9436803291B6803F5805308D006
:105BD000042908D0022914BF02220422DA7300200B
:105BE00070470122FAE708499A7311F8010B013254
:105BF000352A83F82000F8D10822DA739A7C42F023
:105C000002029A74EBE700BFB623010C70B543683B
:105C1000002106461D68FFF773FF044648B110F1E6
:105C2000780F06D00C4A01210C4807F025FE2046CB
:105C300070BD80213046FFF763FF044620B110F1AC
:105C4000780F01D0064AEEE705F580535A78002414
:105C500002F0BF025A70EAE78B16010C60F9000CE3
:105C6000B216010C70B503699022D3F8A4504368B2
:105C7000002105F1A0001C6809F055FA4022FF211F
:105C800005F5987009F04FFA4021284607F094FE78
:105C90004FF6FF73984207D157480121574A07F042
:105CA000EBFD6FF00B0070BD554AA5F83001A5F86B
:105CB0005001D369372043F48033D36108F007F8EB
:105CC000012342F2107623602368DB0702D4E369E4
:105CD000D8070DD5013E07D24A4A4748012107F0AF
:105CE000CBFD6FF07300DEE7012007F0F0FFEBE77C
:105CF000002EF1D042F21076236843F40073236043
:105D0000236843F480732360236843F00203236015
:105D1000E369990707D5013E01D23B4ADDE701203F
:105D200007F0D5FFF4E7002EF7D020232361A36905
:105D3000DA075ED504F58053D3F80425002422F059
:105D4000E00242F04002C3F80425D3F8082505F527
:105D5000D47022F00102C3F80825D3F80C2522F4F0
:105D60007E6242F42E62C3F80C25D3F8102522F08F
:105D70001F0242F00A02C3F81025D3F8142542F09E
:105D80008002C3F81425D3F8182522F0030242F04C
:105D90000102C3F81825D3F8202522F0C00242F0F2
:105DA0008002C3F82025D3F8242522F00102C3F88D
:105DB0002425D3F8282522F0FE0242F07A02C3F807
:105DC0002825D3F8242542F00202C3F82425002216
:105DD000002385F8D84103F0BFFF204663E7012088
:105DE00007F075FFA369DB07A4D4013EF7D1074A8A
:105DF00073E7074EF6E700BF60F9000CD816010CF8
:105E000000800044F316010C1017010C3317010C2D
:105E1000A0860100F0B5036989B0D3F8A470436887
:105E20000646694607F5D4701D6808F0B2FE0021E9
:105E300005F58053D9801981D97224233046EB604F
:105E4000FFF75EFE044650B110F1780F07D0204AEC
:105E50000121204807F010FD204609B0F0BD802147
:105E60003046FFF74DFE044620B110F1780F01D007
:105E7000194AEDE742F211742B6823F002032B60FC
:105E8000EB69990717D4012342F211742B602B6838
:105E9000DA0716D4EB69DB0713D49022002107F14F
:105EA000A00009F040F94022FF2107F5987009F0A1
:105EB0003AF90024D0E7013CE5D0012007F007FFC4
:105EC000DEE7013CE9D0012007F001FFDFE700BF7A
:105ED0008B16010C60F9000CB216010C2DE9F34190
:105EE0000027456840232E683A4639460097804689
:105EF000FFF7C2FD044660B110F1780F09D03B46B0
:105F000001211F4A1F4805F034FE204602B0BDE8BB
:105F1000F08140230022802140460097FFF7ACFD2E
:105F2000044620B110F1780F01D08023E8E706F590
:105F30008054E37A0A2043F00703E372E37A03F024
:105F4000EF03E372E37A03F0F703E372E3889BB2B3
:105F500043F00103E380042333616378AA69DBB271
:105F6000022A0CBF43F0200303F0DF03637007F045
:105F7000AEFE637843F0400363700024C5E700BFC2
:105F80004917010C60F9000C2DE9F04F056989B043
:105F900007464468D5F8A48005F1840008F0BDFCEC
:105FA00008F1880009F09CF86049C8F8A07108F56C
:105FB000D47008F0E2FD95F880304FF0400923F0EE
:105FC000760343F0760385F88030A369022B01BF86
:105FD00095F880304FF4806A43F0010385F88030F3
:105FE00018BF40F2FF3A00256368AB4228D800256D
:105FF0004FF0400B6368AB425FD8002688F89C6086
:10600000C8F88C61A8F89661D4E904124FF0000A30
:106010004FF0000B6FF007030120CDE906ABCDE98F
:106020000330CDE901664046414B009703F008FF7D
:106030003968404608F0DEFD3846636A984720E03C
:10604000E2686B0102EB4512917C41F040019174D2
:10605000E268D5B9917C41F001019174E268A2F83F
:106060001090E26838461A441576E168194407F042
:106070001BF80646F8B12B462E4A01212E4805F0A2
:1060800078FD304609B0BDE8F08F1A44917C41F0AC
:1060900004019174E2681A44917C41F00201917408
:1060A000E2681A44917C41F008019174E2681A4454
:1060B000A2F810A0D5E7013596E7A2686B0102EBC4
:1060C0004512917C41F020019174A268ADB9917C98
:1060D00041F001019174A268A2F810B0A26865F0C5
:1060E0007F011A441176A1683846194406F0DCFF96
:1060F0000646C0B1114A2B46BFE71A44917C41F0D5
:1061000004019174A2681A44917C41F002019174D7
:10611000A2681A44917C41F008019174A2681A4463
:10612000A2F810A0DAE7013564E700BF2DD8000C13
:106130006FDE000C6317010C60F9000C8617010C70
:1061400038B5436804461D680369A033D3E8AF3F00
:106150005B0707D411480221114A07F08DFB6FF04D
:106160000C0038BD05F580556B7803F0FD0343F056
:1061700004036B700021142008F021FE6B780021CD
:1061800003F0FB0320466B70FFF734FC0022022172
:10619000204606F0A7FF0020E3E700BF60F9000CEF
:1061A000A817010C2DE9F04F036989B0D3F8A4407A
:1061B000436801901D6805F580566B6996F80A8062
:1061C0007788B2885FFA88F892B206929A0642BF40
:1061D00020226A61EA605807BFB256D54FF0040921
:1061E00018F0040FC5F814903FD0002504F5C870CE
:1061F00084F89C50C4F88C51C4F8945107F00DFBFE
:1062000004F5BA7007F009FB04F5BC7007F005FB54
:1062100004F5BE7007F001FB04F5C27007F0FDFA4B
:1062200004F5C47007F0F9FAF38840209BB243F0FC
:106230000103F380B57307F05CFA494600F00F00E4
:1062400086F8620086F86300B4F83031DB08A6F8FF
:106250006430B4F85031DB08A6F8663004F18800E9
:1062600009B0BDE8F04F07F030BD18F0010F04D0C1
:10627000082104F1880007F028FD18F0020F04D06F
:10628000102104F1880007F020FD0022B273B17CD8
:10629000CBB2490707D5B37C03F0FB03B37484F892
:1062A0009C20B37CDBB2DA061FD5B37C43F08003BD
:1062B000B374002384F89C30B37CDBB2DB0752D587
:1062C000326AC4F89420336AC4F898301B0C1BD18E
:1062D000B37C43F04803B374032384F89C3001215A
:1062E00004F1880007F0F1FC3DE094F89C20032ABB
:1062F00039D801A151F822F0BD62000C5D63000C99
:10630000B363000C4F63000C100605D5B37C43F05B
:106310004003B3740123E0E7B27C04F5C87042F097
:106320004002B2740222A4F89431002384F89C2025
:10633000D4F89420A4F89631C4F89821D4F8982081
:10634000C4F88C31C4F89C2107F067FAC7E7F90755
:1063500009D5002384F89C300221C1E7FA0702D551
:1063600013F00203F6D04FF001087B08009305F507
:1063700081530433CDE9023304F5BC73049305F56E
:1063800080530593009B002B60D10126069BDDF80E
:1063900000A04FEA530805F58055B8F1000F40F012
:1063A0001A81069B13F0FE0F00F07B814FF4807181
:1063B00054E7DB07D7D596F818805FFA88F918F00C
:1063C0007F0810D1B37C012243F04803B374032348
:1063D00084F89C3004F5C073D3E8EF1FC3E8E02FC6
:1063E0000028B9D0F8E7D4F88C314BB9012204F574
:1063F000C873D3E8EF1FC3E8E02F0028B3D0F8E755
:1064000003F10C0A504607F06CF9404528BF40469E
:1064100001468346504605F039FD5A46014605F5CA
:10642000815007F074F9B4F8963119F0400F984490
:106430001FFA88F8A4F89681C4D0B4F89431434583
:10644000C0D9B37C43F04003B37485E7009BDF07FA
:1064500052D55FFA88F1EFF311830793202383F37A
:106460001288BFF36F8F01F00F03B373019841F0EF
:10647000800196F8129006F00AFE5FFA89F9074645
:10648000F8B106F02BFE82464146049807F0B5F9B4
:1064900019F0200F17D0B37C059A03F0DF03B37413
:1064A000B37C43F00803B374B37C980742BFB37C5A
:1064B00043F00803B374059B9B7C03F0FE039374C5
:1064C00009E08246E0E7BAF1000F04D097F8149093
:1064D00019F0020919D04FF000090022059B9A73A8
:1064E000079B83F31188BFF36F8FB9F1000F03D0BF
:1064F0004946019806F002FE009B08F101085B087E
:106500000093039B043303933CE7BAF810B0BBF14C
:10651000000F20D04146049807F0DBFB798BBAF8D6
:106520001030C1F30A01994228BF1946494509D8DC
:106530000AF10C0005F0D2FC05F58052937C43F083
:106540000103BCE7DAF80C30039A13F8093009F1BB
:1065500001091370EAE79AF8193019070AD541467C
:10656000049807F0B6FB9AF819306BF3C3038AF866
:106570001930E1E7384606F0ADFD8146384606F0B1
:10658000ADFD83460028A8D097F814A01AF0020A9F
:10659000A3D14146049807F09CFB798BBBF81030DF
:1065A000C1F30A01994228BF194651450AD80BF197
:1065B0000C0005F093FC05F58052937C43F0010339
:1065C00093748AE7DBF80C30039A13F80A300AF167
:1065D000010A1370E9E718F0010F17D0F1B2EFF3D9
:1065E000118B202383F31288BFF36F8F01F00F0309
:1065F000AB73AA7DD3B252060FD503F0BF03AB75C0
:1066000085F80EA08BF31188BFF36F8F029B4FEAC2
:106610005808043301360293BFE601982F8B06F029
:1066200036FDBFB20090C0B306F058FDA8B3C7F363
:106630000D09B9F1000F18D000F10C07384607F02A
:1066400050F84845024628BF4A463846114603924C
:1066500005F01CFC0146DDE9020207F058F8009B3A
:106660005A8BC2F30A02914504D2AB7D03F0FE03BC
:10667000AB7508E0384607F034F850B9314604F5F8
:10668000C27007F026FB314604F5BE7007F021FB0F
:10669000B6E7AB7D03F0FE03B1E7314604F5C47005
:1066A000F4E709B0BDE8F08F2DE9F04F8846436864
:1066B00081461146404685B016461C6806F010FD1E
:1066C00098F814A01AF0020A40F0A68098F8185022
:1066D00035F0800200F0A4802A0600F19680D9F8F7
:1066E00010302946D3F8A47007F5C27318460193F9
:1066F00007F0FEFAA8B1EFF31181202383F312888B
:10670000BFF36F8F04F5805305F00F029A739A7DE3
:1067100002F0FE029A7583F80EA081F31188BFF390
:106720006F8F294607F5C47007F0E2FA804600280B
:1067300072D0EFF311830193202383F31288BFF308
:106740006F8F05F00F0204F5805B294648468BF8F1
:106750000E2006F09CFC824600284DD006F0BEFCC0
:10676000002849D005F5816200F10C0604EB820394
:106770003046029306F0B5FFBBF818900246C9F305
:106780000D09484528BF4A4630461146039205F098
:106790007DFB0146DDE9020206F0B9FFBAF81A20D6
:1067A000C2F30A0291451DD29BF8162002F0FE02A8
:1067B0008BF81620294607F5BE7007F08AFA0023E9
:1067C00004F58054A373019B83F31188BFF36F8F8B
:1067D000B8F1000F20D04FF4807107F1880007F066
:1067E00074FA19E0304606F07CFF28B9294607F50F
:1067F000C27007F06EFADDE79BF816204FF0000834
:1068000002F0FE028BF81620D9E7334642462146B5
:10681000D9F8100007F083FA002005B0BDE8F08F2A
:10682000D9F81030D3F8A470002D43D004F580546B
:10683000B8F81A50A273717E4B0701D50221CCE73C
:10684000A37C98075FFA83F806D502214346494A9C
:10685000494805F08EF9DFE7338A4BB9090707D4B9
:10686000012387F89C30A37C43F00A03A374D3E789
:10687000C5F30A05AB4228BF2B469946914513D86C
:10688000494606F10C0005F029FBA94548F0020332
:1068900004D3328A22B9727E120701D448F00A0367
:1068A000012287F89C20E1E7F3689B5C013284F8C1
:1068B0002030E3E7737E13F00105ADD1EFF31189CA
:1068C000202383F31288BFF36F8FC7F88C6107F51D
:1068D000C87006F0A2FF08B304F5805888F80E507F
:1068E00098F818505FFA85FA15F07F051BD198F8D3
:1068F0001230012243F0480388F81230032387F84E
:106900009C3007F5C073D3E8EF1FC3E8E02F0028E1
:10691000F9D1022107F1880007F0D7F989F311882E
:10692000BFF36F8F78E70C36304606F0DAFEA842E8
:1069300028BF284601468346304605F0A7FA5A4646
:10694000014604F5815006F0E2FEB7F896311AF0E0
:10695000400F1D44ADB2A7F89651C8D0B7F8943196
:10696000AB42C4D998F8123043F0400388F8123093
:10697000D4E700BFDC17010C60F9000CF8B500AFDC
:10698000B8B96C4688B06A46344B4FF4E25105936F
:10699000334B344806934FF40073ADF81C30324B40
:1069A00042F8103F07F0B0FCA5466FF01500BD4659
:1069B000F8BDB0F1205F4FEA906415D36D468AB000
:1069C0006A462A4B4FF411510593254B2548CDE9D2
:1069D00006344FF40073ADF82030254B42F8103FD9
:1069E00007F092FCAD46E0E7631EDBB2082B2ED821
:1069F000204A214DD15C214AD65C214AD25CEB5C15
:106A0000C5B28D420BD8C0F3052CB44507D8C0F3EE
:106A10000556964203D8C0F3853098421CD96E467D
:106A20008CB06A46174BCDE9084105930C4B4FF4E7
:106A30005151CDE906354FF40073ADF82830124BB3
:106A4000084842F8103F07F05FFCB546ADE73F232A
:106A500000211A461E46D3E70020A8E73518010C8E
:106A6000B124010CC8F8000C030000016318010CEC
:106A7000040000010624010CEB23010CFD23010C92
:106A8000F423010C8118010C060000012DE9F347E5
:106A90000C460025194943682143804616461F6865
:106AA000019507F034FC022804D03560002002B0C4
:106AB000BDE8F0874FF0060AB4FBFAF95FFA89F5F2
:106AC0002946404601AA07F0ADFC0028EFD10AFB99
:106AD0001944E4B2032C94BF4C375037AD003D4409
:106AE0002B6804F00304E400E34013F03F03DDD01F
:106AF000019AB2FBF3F23260D8E700BF00FFFF0F4C
:106B00002DE9F04F83B01C4643680D4692469A68C3
:106B1000002302EB8108464900AF29437B60814690
:106B2000D0F810B0D8F8206007F0F1FB02284FF041
:106B300000034AD1D8F8201001F00F01514518D1B7
:106B40006C4688B06A463B4B53613B4B3B48936174
:106B50004FF4007393833A4B4FF4E25142F8103FE5
:106B600007F0D2FB6FF08500A5460C37BD46BDE8A7
:106B7000F08FBAF1060F07D18B1F052B04D86C4696
:106B800088B06A462F4BDFE70B290AD8DFE801F00F
:106B900006202E39393C414141414141DBF800306A
:106BA0007B60D8F82020012D4FEA124218BFD2B2E4
:106BB000F30435D51D2A28BF1D220123013292B2CC
:106BC00093409AB27B68B3FBF2F300202360CCE7DA
:106BD000AB1EDAB2092A04D80BEB830BDBF80430C6
:106BE000DEE76C4688B06A46174BADE7012D1BD037
:106BF0000C22012148463B1DFFF782FF0028D0D020
:106C0000B3E74FF40043CBE74846391D00F01EF8C8
:106C1000F4E7063948463A1DC9B2FFF737FFEDE7FA
:106C2000012A38BF0122CDE76FF05B009DE700BF6E
:106C300000FFFF1BAE18010C4524010CC8F8000C26
:106C400003000001D018010CF218010C37B50C46F6
:106C500041680A68136913F4807303D1002023602C
:106C600003B030BD136BDB0701D4094BF6E78B682B
:106C7000D56BD3F88010052201AB01F00F01FFF7AF
:106C80003FFF0028ECD1019BADB26B432360E7E7E7
:106C9000006CDC022DE9F04F83B043688146D3E9F4
:106CA00000BA0E46144600AFCDB2D2B96C4688B0D9
:106CB0006A46984B4FF4E2510593974B97480693D9
:106CC0004FF40073ADF81C30954B6FF0150842F887
:106CD000103F07F019FBA54640460C37BD46BDE8FE
:106CE000F08F08467B60FFF749FE7B688046B10E57
:106CF000C0B16C468AB06A468A4B08950593864BAC
:106D00008648CDE906314FF40073ADF82430864B48
:106D10004FF4315142F8103F07F0F6FAA5466FF0F4
:106D20008508D9E7082900F27081DFE811F0090031
:106D300013007600C500E200E8000D01590166016C
:106D4000DBF81430227823F0800343EAC213CBF837
:106D50001430C1E7D9F80430A1789A681D68D2F8D8
:106D6000803061F30303C2F880306378002B3AD09F
:106D70002B6BDFF8B89143F00102DBB243F0010363
:106D80002A632B6302F0FCF90646AB6FA3B102F055
:106D9000F7F9831B4B45F8D96C4688B06A46644BBB
:106DA0005361644B93614FF4007393835C4B4FF4D6
:106DB000E25142F8103F07E1EA6BA3886FF30F023C
:106DC0001343EB6302F0DCF90646DFF86091AB6F2A
:106DD0004BB102F0D5F9831B4B45F8D96C4688B00E
:106DE0006A46554BDCE7EB6A227803F07F0343EAFF
:106DF000C213DBB2EB6202F0C3F904464B4EAB6F39
:106E0000002B3FF469AF02F0BBF9031BB342F6D984
:106E10006C4688B06A46494BC2E72679D9F80430F7
:106E20000B2ED3F800901EDC9B6803EB850ADAF882
:106E30008430334343F04003CAF8843002F0A0F9B1
:106E40008346DAF884305B060DD402F099F9374AAC
:106E5000A0EB0B039342F4D96C4688B06A46384BDA
:106E60000593384B9EE70B2ED8BF002609F144024C
:106E700052F825302188C8BF0B3E61F3090342F860
:106E8000253009F1480252F82530A17809F140096E
:106E900061F3050342F8253059F82530E278C8BF80
:106EA000360223F4F063C8BF06F4E06643EAC21377
:106EB0001E4349F825600FE7D9F804301968062306
:106EC000B5FBF3F203FB1253D8B2032894BF4C3145
:106ED000503192000A443F2103F003031068DB00A5
:106EE000994020EA0100217801FA03F3034313607B
:106EF000F2E6237803F00303CAF81030ECE6DAF880
:106F00001C30227823F0800343EAC213CAF81C30F5
:106F1000E2E600BF1019010CC424010CC8F8000CF3
:106F2000030000012F19010C05000001BFD401006E
:106F30005919010C9C24010C8E19010CC119010C6A
:106F40002C1A010C8824010CD9F804A0012DDAF8C0
:106F50000810D9F8106001EB85010A6A238822F431
:106F6000005222F00F024FEA02424FEA124201D0D1
:106F7000FF2B01D842EA0342E378A07803F00F0325
:106F800043EA403313430B6202F0FAF88146DFF81C
:106F900088B0DAF808305B68DBB102F0F1F8A0EBFA
:106FA00009035B45F5D96C468AB06A461B4B4FF422
:106FB000115105931A4BCDE906354FF40073ADF826
:106FC0002030184B42F8103F174807F09DF9A546AE
:106FD00082E6002D7FF480AEE37886F83A307BE6D7
:106FE0009B68C6F3052603EB8603D3F8802021783F
:106FF00061F30302C3F880206EE6D9682378CA687B
:1070000022F0FF021343CB6066E60121074A0648DF
:1070100004F0A6FD83E600BFBFD40100F619010C01
:107020007024010C04000001C8F8000C731A010C54
:107030002DE9F04782B00023D0F80480D0F810A0EA
:1070400000AF06460846894615467B60FFF796FC6A
:107050000446A8B16C4688B06A46414B5361414B27
:10706000414893614FF400739383404B4FF4E251D6
:1070700042F8103F07F048F96FF08500A54616E08A
:107080004946304607F043F902280ED14FEA99638A
:107090005FFA89F1092B5DD8DFE803F00513181DAD
:1070A0002210373D4A4ADAF8004000202C600837A9
:1070B000BD46BDE8F0874FF48064F6E74FF4004426
:1070C000F3E729463046FFF7C1FDF0E72A46304690
:1070D00007F0A8F9EBE72A463046FFF7D7FCE6E7CA
:1070E00073685A68136903F00303012BE3D0991EF8
:1070F0000129E3D8D46914F00204D6D0032B14BFBD
:107100004FF400444FF48064CFE72B460C22304606
:10711000FFF7F6FCCBE7D8F80830C9F3052909F1E9
:10712000200953F829100C222B4601F00F01EEE73D
:107130000C22002130463B1DFFF7E2FC0028B6D1AF
:10714000D8F80C307C68DB6813F0FF03ADD0B4FBDB
:10715000F3F4AAE76C4688B06A46054B7EE700BFA9
:10716000591A010C5C24010CC8F8000C0300000142
:107170006F1A010C2DE9F84FD0F804A0D0F8108058
:1071800000AF0846DAE9004B0E46DAF80890CDB2B7
:10719000FFF7F4FBA8B16C4688B06A46494B5361CF
:1071A000494B4FF4E25193614FF400739383474B83
:1071B000474842F8103F07F0A7F8A5466FF0850052
:1071C0000DE0B30E092B77D8DFE803F0050C11278B
:1071D00076484F5C7667636923F002036361BD46BE
:1071E000BDE8F88FE36A23F00203E362F7E7403477
:1071F00054F8253023F0020344F825300123D8F851
:107200003020AB4022EA0302C8F83020D8F82C2006
:1072100022EA0302C8F82C20E1E70623B5FBF3F2CB
:1072200003FB1253D9B203294FEA820294BF4C34B4
:1072300050341444012203F00303DB0021680733B8
:1072400002FA03F321EA03032360B8F83830063565
:10725000AA4023EA0203A8F83830C0E7DBF81C3064
:1072600023F00203CBF81C30B9E725B96C4688B08F
:107270006A46184B93E709EB85052B6A23F4807364
:107280002B62ACE7C6F3052609EB8609D9F88030F6
:1072900023F04003C9F88030A1E70121DAF80C306F
:1072A000C6F3055203EB8203DA6BC6F38536B140B1
:1072B00022EA0102DA6392E70121074A044804F056
:1072C0004FFC7BE7591A010C3624010C0300000126
:1072D000C8F8000C8E1A010C731A010C2DE9F04746
:1072E0004FF0010843680669D3F8009000AF09F138
:1072F000400252F821300C4643F0020342F821309C
:1073000001F1180308FA03F801F03AFF0546DFF827
:1073100058A0D9F8103038EA03031CD001F030FF30
:10732000431B5345F5D96D468AB06A460F4B10484A
:107330000593104B4FF41151CDE906344FF400730F
:10734000ADF820300C4B42F8103F06F0DDFF6FF037
:107350007300AD4605E001220020F36AA24013430A
:10736000F362BD46BDE8F087FF0D2707BA1A010C8E
:10737000C8F8000C4425010C040000012DE9F04F71
:1073800083B00546D0F804B000AF08460C46FFF7BE
:10739000F5FA0646C8B16C4688B06A46794B536127
:1073A000794B4FF4E25193614FF400739383774B21
:1073B000774842F8103F06F0A7FF6FF08506A54614
:1073C00030460C37BD46BDE8F08F2146284606F012
:1073D0009EFF022800F0D3806A68A00E11689368AF
:1073E000092800F28180DFE800F0053439527F5728
:1073F0005D677F724B6943F002034B61230E032BE1
:1074000003F0FC0A40F28A80BAF1140F05D8614BF0
:1074100023FA0AF3DA0700F18180DBF814804FF0D9
:107420000009BAF1140F7CD1DBF80430DB68DB070C
:10743000C6D4594B1B78002B7AD101F0A1FE02462D
:107440007A6001F09DFE7A685449831A8B42F7D91D
:1074500079E0CB6A43F00203CB62CFE70F20E1B2C1
:107460004B1C2A6903EB43035B0000FA03F3108F04
:10747000034205D02846FFF731FF0028BED048E080
:10748000012303FA01F1136B0B431363B6E728469C
:10749000E1B207F01EF8F0E75268D36943F0020347
:1074A000D361ABE714F0FF02A8D003EB82031A6AA2
:1074B00042F480721A62A1E7C4F3052203EB82034F
:1074C000D3F8802042F04002C3F8802096E7D268CB
:1074D000C4F3055302EB83020123D16BC4F385305F
:1074E00083400B43D36389E76C468AB06A462C4BD2
:1074F0004FF4115105932B4BCDE906304FF4007337
:10750000ADF82030284B224842F8103F06F0FCFE30
:10751000A5466C4688B06A46244B40E74FF4FA68AB
:107520007DE72146284606F0F2FE022881D147E792
:10753000FBF732F81E4B1B58002B3FF47EAF0A209E
:10754000002107F03CFC09F10109C145FFF469AFD6
:107550006C4688B06A46174B4FF4E25105930A4BCC
:107560000B4806934FF40073ADF81C30074B6FF0D7
:10757000730642F8103F06F0C7FEA54620E76FF0FD
:1075800077061DE7591A010C2824010C030000019D
:10759000C8F8000C10111000A8540020BFD401003E
:1075A000D51A010C1F24010C04000001FD1A010C66
:1075B000080000001B1B010C2DE9F04143682F4A15
:1075C0001D6804696B69487A1A400B7C00021B062F
:1075D00000F4706003F040730343087A00AFC00109
:1075E000C0B203438878400100F020000343887A4A
:1075F000000100F010000343C878C00000F008004C
:1076000003434878800000F00400034308784000FA
:1076100000F00200034313436B614B6823600B7857
:1076200003B301F0ADFD0646DFF854802B69DB079C
:107630001BD401F0A5FD831B4345F7D96C4688B0E8
:107640006A46104B4FF4E25105930F4B0F480693D7
:107650004FF40073ADF81C300D4B42F8103F06F0AC
:1076600053FEA546BD46BDE8F081636B43F48053ED
:107670006363238F43F001032387F3E741F0FFFCAB
:10768000FF0D2707301B010C3425010CC8F8000C36
:10769000030000012DE9F04706690C46338F00AF67
:1076A0009D0614D56C4688B06A46864B4FF4E65169
:1076B0000593854B06934FF40073ADF81C30834B54
:1076C00042F8103F824806F01FFEA546CDE096F82E
:1076D0003A30052B00F0AB8043681D689A68EB6A6E
:1076E00023F00203EB628B78012B67D10978736B6F
:1076F000CB40D80713D46C468AB06A46754B0593C5
:10770000714BCDE90631032308934FF40073ADF8B4
:107710002430714B4FF4335142F8103FD2E7D2F886
:107720008030DFF8B8A161F3030343F04003C2F8EF
:10773000803001F025FD8046DFF8A491DAF8803032
:107740005A0600F1958001F01BFDA0EB08034B45A4
:10775000F4D96C4688B06A46624BA7E02B6B62791D
:1077600003F0490343EAC213A279DBB2520102F0EB
:1077700020021343E279DFF86891120102F010024F
:107780001343227A920002F004021343627A5200F9
:1077900002F00202134343F001032B6301F0F0FCFB
:1077A0008046AB6F53B101F0EBFCA0EB08034B45F7
:1077B000F7D96C4688B06A464B4B77E0EB6AE278C3
:1077C00003F07F0343EAC213DBB2EB626278EB6A39
:1077D000520002F0020203F0FD031343EB6201F0DA
:1077E000CFFC8046DFF8F890AB6F53B101F0C8FCD6
:1077F000A0EB08034B45F7D96C4688B06A463B4B73
:1078000054E06378002B30D001F0BAFC8046DFF8FA
:10781000E0902B69DB051ED401F0B2FCA0EB08035D
:107820004B45F6D96C4688B06A46324B3EE06D4611
:1078300088B06A46304B4FF4E6510593224B2448FA
:1078400006934FF40073ADF81C30204B42F8103F04
:1078500006F05AFDAD4663783BB1736B43F40053B9
:107860007363338F43F020033387BD46BDE8F08751
:10787000A37AEA6BA1891B0403F4FE036FF31602DB
:107880000B431343EB6301F07BFC8046DFF8509021
:10789000AB6F002B3FF462AF01F072FCA0EB08006D
:1078A0004845F5D96C4688B06A46144B5361064B7F
:1078B0004FF4E25193614FF400739383034B42F80A
:1078C000103FFFE6491B010C2125010C03000001BC
:1078D000C8F8000C7A1B010C0500000100000144EF
:1078E000BFD401001F1C010C5919010CC119010C56
:1078F000FF0D2707031C010CC91B010C8E19010C7D
:107900002DE9F04F83B0D0F810900D78D9F83060A1
:1079100000AFEE4016F001030C467B6040F0A18002
:1079200091F807B0D9F8343023FA0BF3DE0717D4F7
:107930006C468AB06A46604B4FF4335105935F4BF7
:10794000CDE90635032308934FF40073ADF82430D6
:107950005B4B42F8103F5B4806F0D6FCA54680E042
:107960004368BBF10B0FD3F80080D3F810A01EDCE6
:107970009E6806EB8506D6F884204BEA020242F0A8
:107980004002C6F8842001F0FBFB0246D6F88400D2
:107990003A6041060BD401F0F3FB3A684A49801A79
:1079A0008842F3D96C4688B06A46484B77E008F1C4
:1079B000440252F825306189BBF10B0F61F30903D2
:1079C00042F825304346217B53F8482FC8BFABF11E
:1079D0000B0B61F30502C8BF4FEA0B2B43F82520C0
:1079E000C8BF0BF4E063A079C8BF7B60637908F17E
:1079F000400252F82510C002DB0100F46050DBB2F7
:107A00007E6821F47E5103430B431E4342F82560F8
:107A1000E2892F4BD8F86C1003EA0243228A6FF3F5
:107A2000DE11D20192B213430B43C8F86C3001F05F
:107A3000A7FB0646DFF890B0D8F878305A0614D580
:107A400001F09EFB831B5B45F6D96C4688B06A4605
:107A5000204B24E00122D9F83030AA401343C9F862
:107A600030300C37BD46BDE8F08F2379002BF8D0BD
:107A7000DAF81C30184E43F48033CAF81C3001F099
:107A80007FFB0446DAF80C30DB05E3D401F078FB29
:107A9000031BB342F6D96C4688B06A460F4B53615C
:107AA000064B4FF4E25193614FF4007393830C4BF8
:107AB00042F8103F4FE700BF4F1C010C1225010C8C
:107AC00005000001C8F8000CBFD401002C1A010CFD
:107AD0000000FF7FC41C010CFF0D2707931C010C45
:107AE000030000012DE9F84306248C460978056956
:107AF000B1FBF4F62B8F01F1060823FA08F3DB073C
:107B000004FB161400AF17D56D468AB06A46214BA8
:107B10005361214B1462C2E906364FF4007393841B
:107B20001E4B4FF433511E4842F8103F06F0ECFB59
:107B3000AD46BD46BDE8F8834FF03F094368032CCE
:107B40001A684FEA8603D4BF4C325032134404F013
:107B5000030E1A684FEACE0E09FA0EF922EA090955
:107B60009CF8052002FA0EF242EA09021A609CF81B
:107B7000043023B96D468AB06A460A4BC8E706F05E
:107B8000A8FC0028F6D101232A8F03FA08F3134337
:107B90002B87CEE7EE1C010CFF24010C0500000131
:107BA000C8F8000C231D010C2DE9F041056900AF58
:107BB0002B8FDA0616D56C4688B06A46344B4FF4E4
:107BC000E6510593334B06934FF40073ADF81C3028
:107BD000314B42F8103F314806F096FBA546BD46B2
:107BE000BDE8F08143680A7C5C68CB7B52009B0057
:107BF00002F0020203F0040313438A7B606902F07F
:107C0000010220F00700134303436361E369244842
:107C10000A7B18404B7A12029B0402F4706203F450
:107C2000701313430A7AD201D2B213434A789200F6
:107C300002F0040213430A78520002F002021343D6
:107C40000343E3610B78002BC9D001F099FA064693
:107C5000DFF85080E368DB0715D401F091FA831B4D
:107C60004345F7D96C4688B06A460F4B4FF4E25152
:107C70000593084B06934FF40073ADF81C30064B88
:107C800042F8103FA7E72B8F43F010032B87A6E79E
:107C90005A1D010CEC24010C03000001C8F8000C73
:107CA00079F0C3FFFF0D2707891D010C2DE9F0476F
:107CB00006690D78736B0C46EB40DA0700AF17D5F9
:107CC0006C468AB06A46514B4FF413510593504BA2
:107CD000CDE906354FF40073ADF820304D4B42F836
:107CE000103F4D4806F010FBA546BD46BDE8F087A5
:107CF00091F807C0338F23FA0CF3DB0713D46C46DB
:107D00008AB06A46454B4FF433510593404BCDE959
:107D10000635032308934FF40073ADF82430404B2D
:107D200042F8103FDDE7D0F80480012DD8F8082094
:107D3000638A02EB8502116A21F4745121F00F016C
:107D40004FEA01414FEA114101D0FF2B01D841EA2E
:107D500003416379003B18BF012341EA4331237C8F
:107D60000BB141F48051637D207ADB02800200F484
:107D7000806003F400630343207D0CF00F0C40028D
:107D800043EA0C0300F4007003432079DFF894A069
:107D9000000200F4807003430B43136201F0F0F91A
:107DA0008146D8F808305B68BBB101F0E9F9A0EB77
:107DB00009035345F5D96C468AB06A461A4B4FF40D
:107DC00011510593124BCDE906354FF40073ADF810
:107DD0002030104B42F8103F83E7AB1E092B0FD821
:107DE000E26806EB83035A600122736BAA401343D7
:107DF000012D736302BF338F43F00203338774E7AF
:107E0000002DF1D1E37986F83A30EDE7A81D010C99
:107E1000D924010C04000001C8F8000CDA1D010C83
:107E200005000001BFD40100F619010C2DE9F04F47
:107E3000924B87B0DFF8489200AF0125C7E9009365
:107E40004FF4606A3023394646680446C7E902A306
:107E5000D0F810803D6140F2011BFFF7ADFB4FF4FD
:107E60000043C7E900B340F20713864A3946C7E921
:107E70000223002320463B61FFF796FEB368DFF83C
:107E800008921D7001F07CF90546B368D3F804A090
:107E9000BAF1000F1ED001F073F9431B4B45F4D922
:107EA0006C4688B06A46794B79480593794B4FF414
:107EB000E25106934FF40073ADF81C30764B42F854
:107EC000103F06F021FA6FF07300A5461C37BD463F
:107ED000BDE8F08F0523032688F83A3001254FF0DE
:107EE00006084FF0020914220021381D07F01BF983
:107EF0006A4B394620463B6087F807807D823D719A
:107F0000FFF7D4FE14220021381D07F00CF9644B52
:107F1000394620463B6087F80780A7F812903D71EC
:107F2000FFF7C4FE14220021381D07F0FCF85D4B5A
:107F300039463B6007232046FB717D823D71FFF788
:107F4000B5FE14220021381D07F0EDF8564B3946D6
:107F50003B6008232046FB717D823D71FFF7A6FE42
:107F600014220021381D07F0DEF8504B3946204618
:107F70003B607D823D71FFF799FE4FF001334C4A23
:107F80003946C7E90023204603F17F43BB60BD812A
:107F9000FFF780FB4749484B4FF00308C7E9001340
:107FA0004FF0967339462046C7E90238C7F810A04B
:107FB000FFF7A6FC40F6012340483946C7E9000315
:107FC0002046FFF78FFD41F60113DFF8F4C0394674
:107FD0002046C7E900C3FFF785FD40F601434FF493
:107FE000006BDFF8E0E039462046C7E900E3FFF721
:107FF00079FD354B39462046C7E9003BFFF772FD56
:10800000324A39462046C7E9002BFFF76BFD304A5C
:1080100039462046C7E9002BFFF764FD013E7FF497
:108020005DAF636832465B6820462A491D612B4676
:1080300006F082FA2B464A462046274906F07CFA8B
:108040002B4642462046254906F076FA2B46042266
:108050002046234906F070FA2A462046214906F0B8
:1080600080FA2A462046204906F07BFA20462A4616
:108070001E4906F076FA304628E700BF001BB7001D
:108080000100000100000101BFD401002D1E010C00
:10809000C8F8000C0F24010C0300000100FFFF1BB7
:1080A00001FFFF1B02FFFF1B03FFFF1B04FFFF1B62
:1080B0000101000100C0FF0B0100010C00FFFF0FD8
:1080C00001FFFF0F02FFFF0F03FFFF0F04FFFF0F72
:1080D00005FFFF0F30E7FF1F37EEFF1F35ECFF1FD7
:1080E00010D2FF1F3E7F34240E3F05240B7F042453
:1080F00008B5074806F017FB38B10648FAF7A4FCA4
:108100000448F8F7B1FF002008BD6FF01200FBE74C
:10811000F0F2000C1981000C0A2838B50446074D0E
:1081200004D1AB680D2128465B689847AB680348CB
:108130005B68E1B29847204638BD00BFF0F2000C02
:1081400010291FB528BF10210C460C4BD3F8E02195
:1081500012BA0092D3F8E42112BA0192D3F8E821BE
:1081600012BA0292D3F8EC310A461BBA694603935D
:1081700006F0CCFF204604B010BD00BF0070000A1E
:108180002DE9F04300250127DFF8E0E000F1020CC3
:10819000EBB2994202D80020BDE8F08330F82540C8
:1081A0003CF82560C4F3422804F00F03B8F1010F36
:1081B0005EF82330C4F304122AD15BB303EB5208F8
:1081C0004FEA143998F8304012F0010F15BF04F04F
:1081D0000F0404F0F00444EA091449EA040488F89E
:1081E000304003EB020898F8404044F0010488F85E
:1081F000404016F0010F07FA02F803EB02040BD11E
:1082000016F0020F0ED194F8409009F0FB090DE032
:10821000002BEED10135BBE7D3F8109048EA0909ED
:10822000C3F8109094F8409049F0040984F8409005
:1082300094F8409016F0080F14BF49F0020909F0B5
:10824000FD0984F840901C6816F0100F14BF48EA2E
:10825000040424EA08041C60DC6E07FA02F2360605
:108260004CBF224324EA0202DA66D3E7E8FB000CA3
:1082700048F2FF1208B5074B94201A8640F2FF32ED
:108280005A8600221146FAF79BF8BDE80840942070
:10829000FAF774B8006002450221024A024806F06B
:1082A0009EB900BF941E010C40F9000CF8B5466859
:1082B0000C4686F82F1000F063FF0546094F96F82C
:1082C0002F301C420CD000F05BFF431BBB4203D994
:1082D000BDE8F840FFF7E0BF012006F0FEF9EEE749
:1082E000F8BD00BFBFD401002DE9F0474368046921
:1082F000D3F804908246B9F83020B9F83280B4F847
:1083000060301FFA88F89BB243EA0803A4F8603093
:10831000C2F38015130694F85C304FEA850597B2D6
:1083200048BF45F0080543B3FE0744BF012384F866
:108330005E30B80744BF012384F85F3094F86230A0
:10834000022B94F85E3003F0FF0604D12BB194F8B1
:108350005F60F6B201E0002BF9D0390407D518F0C0
:108360000F0F04D00221DAF80400FFF79FFF26B1B7
:10837000002345F0010584F85C3094F85D30DBB1F2
:10838000174B1F4218D03A0407D518F0700F04D0CD
:108390000421DAF80400FFF789FFBB0707D5B4F81A
:1083A000603023F010031B041B0CA4F86030002382
:1083B00045F0020584F85D30A9F83070A9F83280E4
:1083C0005DB194F85D3043B994F85C302BB904F199
:1083D0001400BDE8F04701F0A7BABDE8F08700BF80
:1083E0000A80FFFF2DE9F04F0569D1F8008085B0C4
:1083F000A9640F6A0E46791C824614465DD0002F90
:108400005DD04FF00A0927EAE777A7FB0997002C10
:1084100000F0208163695A1C54D0002B00F0878142
:108420000A2223EAE373A3FB0223B7F1FF3F08BF4D
:10843000B9F1FF3F04D019EB0202914647EB030765
:10844000DAF80430A1885A68DAF8103093F832303C
:1084500013F0030339D0012B3AD0A3F1020CDCF165
:10846000000343EB0C03DB02A9B38B4228BF0B468E
:10847000C3F309039380DAF80410A3684A6898B23A
:10848000D08091F8271001B11060DAF80400226959
:10849000D4E90113D0F804C04B43DAF810100AB144
:1084A000002B1ADC0121A34AA34806F098F86FF0CC
:1084B0001507384605B0BDE8F08FB946A7E74FF479
:1084C000FA69A4E799461F46BAE74FF40073CBE771
:1084D0004FF48063C8E70123CAE791F83200000730
:1084E00007D40121954A944806F079F86FF0850782
:1084F000DFE7B3F5002F0AD94FF4002201210092E3
:108500008D488F4A03F03FFB6FF00B07D1E7002443
:10851000B3F5803F9E4628BF4FF4803E486EA3EBE4
:108520000E0320444260486E002B2044A0F802E075
:1085300072440CBF4FF0270E4FF0210E486E20F80A
:1085400004E004F10804E3D14FF0010B4B6ECCF8CA
:1085500058303468A4F135035C425C41A4004A46BB
:108560003B46284601F0ECF8002840F0DD8006216B
:10857000DAF80400FFF79AFE05F114030393EA69A1
:10858000002A69D1B369DAF8101003F00F0C736890
:108590005FFA88F80393DAF80430586881F85C20B1
:1085A00081F85D20A1F8602081F85E2081F85F20CD
:1085B00081F862C00CF1FF3C5FFA8CFCBCF1080F43
:1085C0009BBF604B604AC02313F80C3098BF12F871
:1085D0000C20BBF1000F6BD0012381F85D30DAF87D
:1085E000043093F827E0D3F804C0BEF1000F39D16E
:1085F00093F826309B00B8F1190F42D8B8F1100F4C
:1086000032D8B8F1060F14BF00231123ACF80C3098
:10861000CB23038740F2FF3301244FEA082808F4F4
:108620007C58438748EA4B18039B42EA0802836060
:1086300081F85C40C2813B464A4605F1140001F0D6
:10864000A7F90746002838D195F85C30002B3FD0B9
:108650003E4A33E0A34682E700220023039801F05C
:1086600097F98CE70823C6E7A8F11104082C0ED867
:10867000DFE804F01C0F0D0D0D0D0D051200012398
:10868000C4E7B8F1330F11D0B8F1350F07D000238C
:10869000BCE743F03303B9E743F02303B6E7042C08
:1086A0000CBF2223002343F00103AFE71123ADE702
:1086B00043F00103A0F80CB0ABE7254A01211E48A6
:1086C00005F08DFF284601F0ADF86FF07307F0E676
:1086D00095F85D30002BBBD1DAF804305A68136985
:1086E000EB645169296590696865D469AC65B269C4
:1086F000032A11D1020E42EA042272610A0E42EAF2
:10870000002232611A0E42EA01221B02F260B360BB
:10871000284601F087F8CCE6B3602B6DF3606B6DF3
:108720003361AB6D7361F3E76FF00F07C1E6094A80
:108730007BE600BFA91E010C40F9000CD11E010C04
:10874000001F010C5A25010C5125010C641F010C5E
:10875000331F010CA08601002DE9F843436805464C
:108760005E680769B38D0C46580718D500F008FD00
:108770008046DFF80091736A99070AD000F000FD87
:10878000A0EB08034B455DD902213B4A3B4805F06D
:1087900026FFB38D23F004031B041B0CB385384A5A
:1087A00097F83130534397F83620002A4ED16100B4
:1087B0004A1E1344B3FBF1F3B28D9BB222F02002A8
:1087C0001204120CB2856A682E4952688C4292F8E3
:1087D0002810CCBF41F0040101F0FB0182F8281001
:1087E00096F82820520702D5012B38BF0123B28DFD
:1087F000990802F03F02B285B28D01F0C00192B239
:1088000041EA032313439BB2B385B38D194D9BB249
:1088100043F00103B38500F0B3FC0446B38D9B071E
:1088200009D400F0ADFC031BAB421ED90221164A4D
:10883000124805F0D4FEB38D9BB243F00403B38518
:10884000BDE8F883012005F048FF94E702FB0333FD
:10885000621E1344B3FBF4F39BB20BB1013B9BB21A
:10886000B28D92B242F02002ACE7012005F035FF54
:10887000D4E700BFBFD40100981F010C40F9000CE1
:1088800040420F0040787D01C91F010CF8B54368D4
:1088900005465C681F4F94F82F3043F0010384F8BD
:1088A0002F3000F06DFC064694F82F30DB0709D519
:1088B00000F066FC831BBB4227D90221164A1748E9
:1088C00005F08DFE40F2FF3348F2FF1263862286E8
:1088D00040F2FF12A286E3860E2384F82E3094F82D
:1088E0002830284643F0100384F828300F230C4921
:1088F00084F82930FFF730FF94F8283003F0F903AB
:1089000084F82830C0232387F8BD012005F0E5FE58
:10891000CAE700BFBFD40100FD1F010C40F9000CE5
:10892000801A06002DE9F8430E460968044600AF98
:10893000F9B10369D3E90935A94201D3994216D99E
:108940006C468AB06A46CDE9075305233948CDE91C
:10895000050142F8103F384800234FF42151F8F741
:108960002FFE6FF01500A546BD46BDE8F883FFF762
:10897000F3FE63685D687379012BAB8D17D123F02B
:1089800005031B041B0CAB85B3794BB1042B2ED113
:1089900063685A6892F8283043F0020382F828305E
:1089A000F379012B34D0022B3CD0244A29E09BB22E
:1089B00043F00103AB8500F0E3FB8046DFF88090D5
:1089C000AB8D9B070AD400F0DBFBA0EB08034B4503
:1089D00009D902211B4A184805F001FEAB8D9BB254
:1089E00043F00403CFE7012005F077FEE8E7012B11
:1089F00006D163685A6892F8283003F0FD03CDE78A
:108A0000114A0D48012103F0B4F86FF08500ABE77F
:108A100063685A6892F8283003F0FB03002082F85C
:108A20002830A1E763685A6892F8283043F00403BD
:108A3000F4E700BF1B20010C40F9000C6220010C80
:108A4000BFD401008220010C4420010C2DE9F74F16
:108A500046680746D0F81090B06805F064FE50B93B
:108A600001217D4A7D4805F0BAFD6FF012042046D1
:108A700003B0BDE8F08FD6E9020105F09EFD0228A3
:108A80000FD0D6E9020105F091FD044648B110F17E
:108A9000780F06D00346724A0121704803F069F846
:108AA000E5E73169B06805F088FD02280BD031692F
:108AB000B06805F07BFD044628B110F1780F02D0B4
:108AC000684A0346E8E77169B06805F076FD022858
:108AD0000BD07169B06805F069FD044628B110F14A
:108AE000780F02D0604A0346D6E7306880B1002193
:108AF00001AA05F049FD041E07DB019B002219793C
:108B00001868FFF73DFB041E02DA584A2346C3E704
:108B100024220021D7F804A03D69DAF80430A8180F
:108B20000191D3F840B0D3F8448006F0FCFADAF8AB
:108B30001C3095F83020AB62DAF8203002F04002A9
:108B40006B62DAF818301BF47F4FEB622BF04003B6
:108B500043EA020385F83030CBF307232AD1DAF851
:108B60000800DAF810108368DB68E3B101AA9847BF
:108B70000446D8B1019B01213D4A384802F0F9FF73
:108B8000002C66DB3846FFF781FE484605F0C5FE3F
:108B90000122002109F1140005F068FF3846B36A8C
:108BA0009847002463E76FF05704E3E7019B314ADD
:108BB000B3FBF2F385F8313095F83230CBF3C04295
:108BC00023F0030385F83230BAF824304FEA18480E
:108BD000A3F108014B424B419B0043EAC203CBF394
:108BE000405243EA4213CBF3805243EA8213CBF361
:108BF000C05243EAC213CBF3006243EA0223CBF331
:108C0000406243EA4223CBF3407243EA42336A8E26
:108C10004FEA9B7B43EA8B3302F0130213436B86CC
:108C2000AB8E85F8368003F48453AB8695F83730E5
:108C300023F0180385F83730BAF82430181F434260
:108C4000434185F84430002385F84530A5F8463087
:108C500098E7094A23461FE7A920010C40F9000CB8
:108C6000C020010CDA20010CF420010C1321010CAE
:108C70002C21010C80841E004D21010C0121024A8F
:108C8000024802F06DBF00BF9F21010C50F9000C9B
:108C900070B5054600F074FA0446094EEB69DB0630
:108CA0000CD000F06DFA031BB34203D9BDE870404D
:108CB000FFF7E4BF022005F010FDEFE770BD00BF35
:108CC000BFD40100F7B50D4647680669BC68236844
:108CD000204623F002032360FFF7DAFFEB79002B35
:108CE00064D1F3712979022960D8204605F0D7FCB8
:108CF0002B7933716B79012B52D1636823F04003D8
:108D000063602046FFF7C4FF6B797371AB79042B66
:108D10004CD82B4A2046D35C626822F0070262607E
:108D2000626813436360FFF7B3FFAB79B37100234D
:108D3000B86901938368DB6813B1396A01AA98475F
:108D4000019A2868002A34D05308010B0005C01886
:108D500041F100010023F7F753F94FF6FF72431E6C
:108D600061F10001934271F1000125D22368404274
:108D700080B223F460432360A0812B6820463360D7
:108D80007B7B012B02BF236843F0800323602368B1
:108D900043F002032360FFF77BFF002003B0F0BD28
:108DA000032B03D1636843F04003A9E76FF085000C
:108DB000F4E76FF01500F1E76FF02100EEE700BF78
:108DC0006325010C2DE9F34146680769B069B46871
:108DD000836896F80C801B68316A2BB96FF05705D1
:108DE000284602B0BDE8F0819847054610B110F161
:108DF000780FF5D1D6E9060183681B68002BEDD00A
:108E00009847054610B110F1780FE9D1BF232375BB
:108E10000023FB713379042B02D96FF08505DFE75E
:108E2000504A2046D35C626822F0070262606268A2
:108E300013436360FFF72CFF33792046BB717179D0
:108E400005F02DFC73793B71B379012B79D16368FF
:108E500023F0400363602046FFF71AFFB3797B716C
:108E6000B16832690B68120523F44C1302F4401206
:108E70001A4373691B0403F4403313430B602368E4
:108E800043F000532360236823F01C03B8F1000F64
:108E90005ED023602368002143F080432360706A22
:108EA00001AA05F071FB051E9ADB019B00221979CE
:108EB0001868FFF765F90546002891D163682046D8
:108EC00043F400336360FFF7E3FE6368204643F436
:108ED00080336360FFF7DCFEB069316A8368DB686A
:108EE0000BB101AA9847019A3068002A33D0530881
:108EF000010B0005C01841F100010023F7F780F8CD
:108F00004FF6FF72431E61F10001934271F10001BF
:108F100024D22368404280B223F460432360A081BE
:108F2000336820463B60737B012B02BF236843F00C
:108F300080032360236843F002032360FFF7A8FE49
:108F40004EE7032B7FF469AF636843F0400381E78A
:108F500043F004039DE76FF0150541E76FF021052D
:108F60003EE700BF6325010C4FF0E0230D4A9969ED
:108F7000126818699B69002908BF1146002B08BFB9
:108F8000134610F4803F084801D1994205D2016888
:108F9000114401604FF0E021096900681044C01AD3
:108FA000704700BF6C140020681400202022094B79
:108FB000002083F8232042F6E062074B1A60074B3B
:108FC00042F6DF6218604FF0E0235A610722986191
:108FD0001A61704700ED00E06C1400206814002056
:108FE000684620F007018D4619B5FFF7BDFF14490B
:108FF000144B0868D3E90042001942F10002C3E9AA
:10900000000200230B6042F6E0630F4AD2E9004100
:10901000001BB0FBF3F043431B1941F10001C2E90F
:109020000031EFF31181202383F31288BFF36F8F98
:1090300001F05EFBF9F742FABDE81940854670473A
:1090400068140020180E0020100E00202DE9F041B9
:10905000374E89B1421C0AD14FF0E022136923F048
:10906000010313614FF07F433360BDE8F081356841
:10907000012806DC00240AE0431C3568F8D140F2E0
:10908000755040F276539842A8BF1846441EEFF33D
:109090001187202383F31288BFF36F8FFFF764FFDC
:1090A0004FF0E0232349D3F818C0D1E900238018FA
:1090B0004FF0000243F10003C1E900031E4B1A60A8
:1090C0001E4B1A68831A2DD442F6E06E42F6DF6812
:1090D00014FB0E841C44B4FBFEF4131A0EFB043381
:1090E000B3F5806F38BF4FF48063154A934228BFB1
:1090F00013464FF0E0223360013B94695361002333
:10910000A4459361ACEB0400D1E900320DD20544D3
:10911000EB1842F10002C1E9003287F31188BFF376
:109120006F8FA2E74FF48063E3E7C318F1E700BF56
:109130006C140020180E002068140020100E00206F
:1091400060CCFF0038B5EFF31185202383F312883C
:10915000BFF36F8F084B1C68084B1B68E41AFFF7BE
:1091600003FF85F31188BFF36F8F42F6E06320445D
:10917000B0FBF3F038BD00BF180E0020100E002029
:1091800038B5EFF31185202383F31288BFF36F8F77
:10919000044B1C68FFF7E8FE85F31188BFF36F8F5F
:1091A000204438BD180E002010B50446F8F73AF9EF
:1091B00003480121034A02F0D3FC204605F0BEFA21
:1091C00020F9000CEB21010C2DE9F84304460D4673
:1091D00000AFEFF31188202383F31288BFF36F8F62
:1091E00004282A4A98BF2A4BE9468AB09668117C1F
:1091F00098BF53F820306A4688BF264BCDE9073127
:1092000040F201332448ADF82430244BCDE9050465
:1092100042F8103F00234FF431512148F8F7D0F9BC
:10922000CD4645B1EB69C3F3080323B101211D4AC3
:109230001B4802F095FC2EB1304605F0DEFC08B16B
:10924000037803B91848E9468AB06A46174B079075
:10925000CDE9053640F20133ADF82030144B42F829
:10926000103F00234FF411510D48F8F7A9F9294692
:10927000CD462046FFF798FF88F31188BFF36F8F24
:109280003046F9F72BF9BD46BDE8F883701400208D
:109290006CFC000CFA21010C1022010C05000001ED
:1092A00020F9000C3822010C0822010C5922010C73
:1092B0000400000138B50A4B53F82040013053F840
:1092C0002050A54200D838BD606830B1037EDB076E
:1092D00001D405F010FA0834F3E723689847FAE759
:1092E00080FC000C012270B5294B86B003201A7057
:1092F000FFF7E0FF01F0B2FB0420FFF7DBFF254C96
:10930000254D2646AE4204F130040FD301F076F825
:10931000204CAC4226D301F085F8F7F751FA1F4AEA
:10932000938923F00103938106B070BD54F80C3C7F
:10933000059354F8103C049354F8143C039354F8E8
:10934000183C029354F81C3C019354F8203C0093C1
:1093500054E90A2354E90C0100F004FD54F8303CB0
:109360005E65CEE7D4E90A23B3F1FF3F08BFB2F14F
:10937000FF3F05D052EA0301206803D100F03CFD15
:109380003034C6E70649183001F022F9F8E700BF8B
:10939000A85400206CF8000C6CF8000CA80E0020FB
:1093A00021ED000C882370B5134E012203FB0066EB
:1093B000002386B0CDE904230F220193CDE90232C8
:1093C00014234FF4A0720D4D0D4903FB00550446C4
:1093D00002FB00110B4B3046009500F0C3FC337CC0
:1093E0002C7423F004033374074B013403EBC423C0
:1093F000EE606B6006B070BD200E0020701400207F
:10940000B0670020CDE8000CB05F00207FB50020E1
:10941000FFF750FF2C4B83F308880025E0232B4CEB
:1094200084F82230E57725766576A57684F8205095
:10943000E576636A43F4E0236362636A43F40023DE
:109440006362A563E3689BB243F0BF6343F40833F0
:10945000E360F8F751FFF9F72BF84FF0FF33A36201
:10946000E362F9F71BFAF9F79DF8F7F73FFF1848A1
:1094700000F0B6FC0120FFF71DFF0220154CFFF79E
:1094800019FF00F0B3FF144B4FF480625C61134B83
:109490001349059301232046CDE90353CDE9015536
:1094A000104B009500F05EFC0646237C204623F01E
:1094B0000403237405F0FCFB2846FFF773FF3146D5
:1094C0002046084AF8F7D8FFB067002000ED00E01A
:1094D000300F0020A80E0020701400203800010C6E
:1094E000F0680020E592000C38B5064C064DAC4201
:1094F00001D3002038BD2046D4E9011205F068F9F7
:109500001434F4E7BC040020D004002030B5054B2F
:1095100085B0DDE908450293CDE9004505F016F96F
:1095200005B030BDD9B2000C38B5074C074DAC4280
:1095300001D3002038BD204605F06EF908B91C346F
:10954000F5E76FF01500F5E7A0040020BC0400204B
:1095500073B50C46EFF31181202585F31288BFF314
:109560006F8FC5685DB125602B68C3608369013367
:109570008361002081F31188BFF36F8F11E052EAFD
:10958000030603D16FF00B002560F3E7CDE900235C
:109590000246083000F048FE18B9034B9B685B692F
:1095A000236002B070BD00BF70140020F7B50D46F7
:1095B00004469DF82010EFF31187202080F31288D5
:1095C000BFF36F8F266AE068864240D22668B442B5
:1095D0001AD0CEB1304605F084F906F1180005F036
:1095E0008FFC2946002554F8082F706905F08EFD80
:1095F0003046C6F8805005F05BFB2046394605F042
:10960000B5FB284603B0F0BDA268A9B12946E069C0
:1096100005F07CFDE369A26813446269E36193424B
:1096200001D12369E3610020236A0133236287F3B8
:109630001188BFF36F8FE5E7A06923692946984237
:1096400008BF6069801AA06105F060FDEBE752EA8F
:1096500003010BD0074904F1080089684D61CDE989
:1096600000233946224600F0DFFDCBE76FF02200F1
:10967000DDE700BF70140020F7B504460846EFF39D
:109680001186202181F31288BFF36F8F216A002990
:109690003BD0A268A16905F039FDA369A2682568DD
:1096A00013446269A361934204BF2369A361236ADF
:1096B000AC4203F1FF33236236D02846002D34D06C
:1096C000002705F00EF905F1180005F019FC69698D
:1096D000A268E06905F01AFDE369A2682846134410
:1096E0006269E361934204BF2369E361236A013342
:1096F0002362C5F8807005F0DBFA04F108003146FA
:1097000005F034FB384603B0F0BD52EA030111D036
:109710000A4989684861CDE900233146224604F1AF
:10972000080000F081FDEEE7002086F31188BFF30A
:109730006F8FE8E76FF02200F7E700BF701400209A
:109740002DE9F341044617461E46EFF31188202306
:1097500083F31288BFF36F8F304BC2689B6872B17E
:109760008068984217D057EA060216D188F311880C
:10977000BFF36F8F6FF00F0002B0BDE8F08193F977
:109780000E1001322161C4E9023288F31188BFF35F
:109790006F8F0020F0E72169F3E793F90E1090F93D
:1097A0000E30994230DA9942A8BF194605F0ADF85B
:1097B000054622464146CDE90076194800F034FDC1
:1097C0000028E6D0EFF31186202383F31288BFF33D
:1097D0006F8FA068D0B1236821699C420AD04BB139
:1097E00093F90E309942A8BF19466FF07F03994252
:1097F000B8BF194605F089F840B13146084805F070
:10980000B5FA6FF00A00B7E70025D2E7002DF4D1D2
:1098100086F31188BFF36F8FF3E700BF7014002049
:10982000A9540020F8B583680546002B40D0234A90
:10983000926893423FD1C368012B03D9013BC360B7
:109840000020F8BDEFF31187202383F31288BFF3C4
:109850006F8F0169806805F058F82C68A54207D120
:109860000023C5E9023387F31188BFF36F8FE7E761
:10987000002CF5D0D4E90032002613605A60237C16
:10988000C4E9006623F002032374A66004F1180003
:1098900005F036FBAC6094F90E3020462B61C4F81D
:1098A000806005F005FA3946054805F05FFAC7E71C
:1098B0006FF01500C5E74FF0FF30C2E770140020CD
:1098C000A954002037B51146EFF31185202282F309
:1098D0001288BFF36F8F04689CB12368426823F03D
:1098E00003039442036008BF43600121204605F052
:1098F00090F8044685F31188BFF36F8F204603B0BC
:1099000030BD51EA0302F5D000F10802CDE90013A1
:109910001046294600F088FC0028EFD1014B9B68D7
:109920005C69EBE77014002070B5EFF3118620231B
:1099300083F31288BFF36F8F0468A0421BD0D4B1A9
:10994000D4E90032002513605A60237CC4E9005535
:1099500023F002032374A56004F1180005F0D0FA87
:109960002046C4F8805005F0A3F93146BDE87040A8
:10997000064805F0FBB9D0E902329A4218BF01331C
:10998000836086F31188BFF36F8F70BDA9540020E8
:1099900013B5EFF31181202484F31288BFF36F8F86
:1099A000846844B1013C846081F31188BFF36F8FF8
:1099B000002002B010BD52EA030406D181F31188E1
:1099C000BFF36F8F6FF00F00F3E7CDE9002302467E
:1099D000014800F029FCECE7A95400202DE9FF41E3
:1099E00004462027534EEFF3118887F31288BFF304
:1099F0006F8FD4F88C50F5B9022104F1A40005F062
:109A000041F8002870D004F19C050022012128466D
:109A100005F033FA0028F8D100234FF0FF3202930B
:109A20004FF0FF334146CDE90023434804F194024F
:109A300000F00EFDD7E7D4F890202B689542C4F8CB
:109A40008C3008BFC4F89030D4F8A43043F002033F
:109A5000C4F8A430EB6823F0040343F00103EB6087
:109A60006B6888F31188BFF36F8F28469847EFF330
:109A7000118887F31288BFF36F8FEB68D80623F045
:109A800001023ED4EA60EB689A0717D5306823F0EC
:109A90000203EB6090B10021036878B142689542FF
:109AA0003DD10368002934D172683360904200D1FF
:109AB0007360002340F8083BFFF736FFD4F8A4306A
:109AC00023F00203C4F8A430DB0530D4D4F88C3082
:109AD000003B18BF012388F31188BFF36F8F002B61
:109AE00081D005F0ABF87EE7D4F8A430D90693D541
:109AF000C4F8A40088F31188BFF36F8F04B0BDE8E9
:109B0000F08123F01103EB6005F11000FFF70CFF6B
:109B1000B9E70B607368984208BF7160C9E70146F6
:109B20001BB11A6818461346B7E71A46FAE700232E
:109B3000D1E700BF90140020A954002070B5C3687D
:109B40000546C3F340069B070C460DD501220021B4
:109B500004F1080004F08AFF00232360054B6560D0
:109B60005A681AB9C3E90044304670BD14605C609D
:109B7000FAE700BF90140020F8B5C36804469A07BE
:109B80000E46C3F3400542D45F0742D40B680BB9BD
:109B900083680B60E368D80742BFA368022533607F
:109BA000376858BF012557B31B4B9A68D7F88830E0
:109BB0009A421ED105F018F880F00100C0B2D7F823
:109BC000A430D907C3F380021CD5F2B1F8B1002349
:109BD0002360D7F8903073B9C7E92344384604F0BE
:109BE0006BFFE36843F00403E3603368A360284637
:109BF000F8BD0020E3E71C60C7F89040EEE76FF087
:109C0000150506E06FF0120503E01B07DFD56FF0C6
:109C10000F0500233360EAE770140020F0B5044616
:109C2000002089B00E9DC4E9230004F19400C4E92A
:109C3000250004F19C00C4E9270055B328790028C9
:109C400040F2011008BF0120C4F8A40000204FF02A
:109C5000FF364FF0FF37CDE90330CDE90100CDE904
:109C6000066720460C4B009400F0EAF855B12968CD
:109C700011B1204604F0BEFF6B791BB1A38943F0FC
:109C80000103A381204600F0B7F8C4F8884009B06A
:109C9000F0BD0120D8E700BFDD99000C37B5019079
:109CA0000846EFF31184202181F31288BFF36F8FF0
:109CB000C16811F01E0F16D153EA020508D101A99F
:109CC000FFF75AFF84F31188BFF36F8F03B030BDE5
:109CD00041F00801C160019910308161034900F031
:109CE00077FC0120EEE70020ECE700BF2DEB000C35
:109CF00001460148FFF7D2BFD80F0020F7B50C4648
:109D000016461D460190EFF31187202383F3128836
:109D1000BFF36F8F084604F0C0FE55EA060309D171
:109D2000204601A9FFF728FF87F31188BFF36F8F43
:109D300003B0F0BDE368324643F00803E360019BE3
:109D40000449A36204F110002B4600F041FC0120FD
:109D5000EAE700BF2DEB000C01460148FFF7CEBF3C
:109D6000D80F00202DE9F043984685B000F1580344
:109D7000C0E91633109B002683810423073222F0AA
:109D8000070503740F9B01EB05090F4683734946D2
:109D9000C0E906668660C6730446F7F7DBFF0E9BD4
:109DA000073020F007002067C4E91A7502930D9B65
:109DB000A9EB000901930C9B4A46009339464346A0
:109DC0002046F8F73DFB054B66659B6803B15B6F6A
:109DD0004846636705B0BDE8F08300BF70140020FB
:109DE0000123037483810023C0E91A334367014BC5
:109DF000986070477014002038B50446EFF3118561
:109E0000202383F31288BFF36F8F037C5B070FD58A
:109E1000183005F075F8237C204623F004032374E2
:109E200004F055FF2946BDE83840044804F09EBFC1
:109E300085F31188BFF36F8F38BD00BFA954002090
:109E4000F0B5002587B00595109DDDE912760495E3
:109E50000F9D044603950E9D02950D9D01950C9D49
:109E60000095FFF77FFFB6F1FF3F08BFB7F1FF3F57
:109E700005D056EA070305D12046FFF7BDFF20466F
:109E800007B0F0BD3A46334604F11800014900F02E
:109E90009FFBF4E721ED000C6FF00A01094A93687B
:109EA000C3F880100849D8674B6843F080534B6073
:109EB000002383F31188BFF36F8F9368D3F880007A
:109EC000704700BF7014002000ED00E038B590F935
:109ED00010200146002A037C04DA03F07F03037498
:109EE00004F0AEFE0D4D2A4652F8184FAB6894426E
:109EF00000D004B9EC688B4207D01A7CD20604D19A
:109F0000DA897F2A01D9A2692AB1A34202D0204668
:109F100000F0E0FA23466B6138BD00BF70140020EA
:109F200070B590F91020037C002A2FDBD9062DD1C3
:109F30001A4C63F07F032246037452F8183FE1691C
:109F4000934207D1C0E900210860E0610FE0994227
:109F5000F8D01B68002BF5D093F90E6090F90E50E5
:109F6000AE42F4DD5968C0E9003108605860A56967
:109F7000954200D005B9E568A3681A7CD20606D1DF
:109F8000DA897F2A03D9AA690AB9636170BDAB4235
:109F900002D0284600F09EFA6561F7E770140020B1
:109FA000034648B9EFF3058232B9064A516992680F
:109FB000914201D0FFF770BF83F31188BFF36F8F19
:109FC000704700BF7014002038B5184CA168E069D4
:109FD0000B68814214BF1A46002249680B60596021
:109FE000A368E1692AB9124AC3E900210B60E36161
:109FF0000AE092F90E5093F90E00854212DD516885
:10A00000C3E900210B605360A569094B9D4200D054
:10A0100005B9E568A3689D4202D0284600F05AFAC7
:10A02000656138BD8A42DED01268DBE7701400201B
:10A0300088140020002A2DE9F0470CBF4FF01009CA
:10A040004FF00809027C044619EA020F0E460F463B
:10A0500028D149EA0203D20946D10374B9F1080FA5
:10A0600048D04FF00008DFF8F0A0534653F8185FCF
:10A070009D4200D00DB9DAF80C50DAF80830AB4246
:10A0800002D0284600F026FAB9F1100FCAF8145091
:10A0900008D0204601F0A1FEB8F1000F02D02F48F1
:10A0A000FFF79EFE2C4B9B68A3424FD1EFF3058335
:10A0B000002B4BD1A289D20711D586F31188BFF3AB
:10A0C0006F8F83F31188BFF36F8F0423184602DF6D
:10A0D000EFF31187202383F31288BFF36F8F384685
:10A0E000BDE8F047FFF7D8BE03F07F03037404F028
:10A0F000A7FDB3E7A36813B1204604F0A9FD04F15E
:10A10000180004F0FDFEA56D04F15808A84511D013
:10A110004FF0000A75B1284604F09AFD05F11800C9
:10A1200004F0EEFE2846C5F880A0FFF7F9FEA56D05
:10A13000A845EFD1084B9B689C4292D1EFF305886C
:10A14000B8F1000818BF4FF001088CE786F31188BA
:10A15000BFF36F8FBDE8F08770140020300F002030
:10A1600070B50F4D06462B4653F8184F9C4200D051
:10A1700004B9EC68AB681A7CD20604D1DA897F2A6C
:10A1800001D9A2692AB1A34202D0204600F0A2F967
:10A1900023466B613046BDE87040FFF701BF00BF4A
:10A1A0007014002070B5EFF31186202383F312881A
:10A1B000BFF36F8F1A4CA168E0690B68814214BF2E
:10A1C0001A46002249680B605960A368E1692AB900
:10A1D000144AC3E900210B60E3610AE092F90E50D2
:10A1E00093F90E00854216DD5168C3E900210B602A
:10A1F0005360A5690B4B9D4200D005B9E568A36883
:10A200009D4202D0284600F065F965613046BDE800
:10A210007040FFF741BE8A42DAD01268D7E700BF2C
:10A220007014002088140020F8B5124B0C46DDE9AC
:10A23000067611469868104A1060EFF311822022CA
:10A2400082F31288BFF36F8F9D68284604F00AFDE1
:10A25000B6F1FF3F08BFB7F1FF3F06D03A4633469D
:10A26000064905F1180000F0B3F92046BDE8F840B2
:10A27000FFF712BE701400209814002021ED000C8E
:10A28000F8B50446EFF31187202383F31288BFF358
:10A290006F8F037C49B203F01F02002A0CBF012616
:10A2A000002635D103F07F032A4D037404F0C8FC67
:10A2B0002A46037C817363F07F03037452F8183FCE
:10A2C000E869934207D1C4E900200460EC610DE025
:10A2D0009842F8D01B68002BF5D093F90EC08C453E
:10A2E000F6DD5968C4E900310C605C60AC699442E9
:10A2F00000D004B9EC68AB689C4202D0204600F064
:10A30000E9F86C6187F31188BFF36F8F3046F8BDB1
:10A310009B071CD5856804F093FC81732B689D42D4
:10A3200009D16B68C4E900531C606C60EAE76A6895
:10A330009A42F6D01B68002BF3D093F90E208A4284
:10A34000F5DD5A68C4E9003214605C60DAE78173B5
:10A35000D8E700BF70140020F8B550EA01030646A4
:10A360000C4603D104F06AFC0020F8BDEFF311871E
:10A37000202383F31288BFF36F8F184D184BA86802
:10A38000186004F0A6FCA868324623461549183028
:10A3900000F01EF9AB6804461A7CDF6742F0040245
:10A3A0001A746FF00A02C3F880200F4A536843F012
:10A3B00080535360002383F31188BFF36F8FAA6823
:10A3C000D2E90A12B2F1004F08BF9942CCD104F091
:10A3D000CCFD201A20EAE070C7E700BF701400200F
:10A3E0009814002021ED000C00ED00E0024B03F179
:10A3F0001802C3E90622704770140020EFF31181A0
:10A40000202383F31288BFF36F8F054B9A68D37BA9
:10A41000013BD37381F31188BFF36F8F704700BF87
:10A4200070140020EFF31180202383F31288BFF310
:10A430006F8F034B9A68D37B0133D373FFF790BEC2
:10A4400070140020014B9868704700BF7014002002
:10A45000D3B5DDE90667089CCDE90067FFF7E4FEA8
:10A460001CB1034B9B685B69236002B0D0BD00BF89
:10A4700070140020027C034612F01F0210D10A491A
:10A4800088420DD00949086868B1D9897F2909D85F
:10A4900093F90E20064B1B689A42B8BF0020704704
:10A4A0000020704710467047200E0020DC0300207B
:10A4B0009C1400200122044BC01A044BC0105843C6
:10A4C000034B1A54704700BFB80F0020ABAAAAAACA
:10A4D000A954002070B50C4B0C4D1E7CFFF7CAFF31
:10A4E000182303FB06550446284604F009FD002204
:10A4F000074B9A553CB1621E2846BDE8704005499D
:10A50000D31700F065B870BD70140020B80F00209C
:10A51000A9540020B5A4000C38B5EFF31185202311
:10A5200083F31288BFF36F8F0F4B104A9C6810683B
:10A53000A04206D1FFF7CEFF85F31188BFF36F8FDE
:10A5400038BD00211B7C1160094AD35C002BF3D07D
:10A550002046FFF78FFF0028EED0237CDB0601D1D9
:10A56000FFF732FD2046E5E7701400209814002024
:10A57000A9540020024B1868984208BF0020704779
:10A58000E0030020034B1B680BB9FEF7DBBD002086
:10A59000704700BFA014002030B570B10B4B5B6852
:10A5A00098420AD0036843B1D3E90421D0E90445B5
:10A5B000121941EB0501C3E90421D0E9003213600F
:10A5C0005A600023C0E9003330BD00BFE003002023
:10A5D000B3F1FF3F08BFB2F1FF3F2DE9F84F04464A
:10A5E000994615461F467AD08160EFF311882023E3
:10A5F00083F31288BFF36F8FB9F1000FDFF8E4A087
:10A6000020DBFFF7BFFFDAE90027013549F1000938
:10A610002D1849EBE07306464FF00109C4E90453D5
:10A62000AD1843EB0707FFF7A5FF0346DFF8B8E0D7
:10A63000DEF804A0EBB9C4E900EACAF80040CEF89D
:10A64000044028E06FF00103DAE900125B1A4FF0D2
:10A65000FF3161EB02025B1B62EB0902012B72F11D
:10A660000001BCBF012300224FF00009C0E9043201
:10A67000D9E7D3E9041CD4E904208A4270EB0C0B1F
:10A6800024DA891A5A686CEB0000C3E90410C4E9A3
:10A69000003214605C60FFF76DFF84420ED1134BF3
:10A6A0001B685BB9B9F1000F02D1FFF76BFF0646DB
:10A6B000304604F00EFC0021FEF7C8FC88F3118838
:10A6C000BFF36F8F28463946BDE8F88F521A60EB0A
:10A6D0000C005345C4E90420ADD01B68AAE700254F
:10A6E0002F46EFE7D00F0020E0030020A014002049
:10A6F0002DE9F047DFF8A8900246C9F800000D46A2
:10A70000FFF738FF00260027DFF898804FEAE27E47
:10A71000D8E9001350B1D0E9044CA2427EEB0C0AF8
:10A720001ADAA41A6CEB0E06C0E90446002452188B
:10A7300043EB0E032046C8E90023C9F8004004F0AB
:10A74000C8FB2146FEF782FC85F31188BFF36F8FAB
:10A75000BDE8F047FFF7E0BE611843EBE473C0E9E2
:10A760000467C8E90013FFF717FF01224FF0004309
:10A77000C0E9042385F31188BFF36F8F836898477E
:10A78000EFF31185202383F31288BFF36F8FD9F87D
:10A790000020121BC9F80020FFF7ECFEB6E700BF4F
:10A7A000A0140020D00F002010B5EFF31184202357
:10A7B00083F31288BFF36F8FFFF7E4FE0346054A69
:10A7C000D2E90001181841EBE37184F31188BFF35B
:10A7D0006F8F10BDD00F0020F8B50446EFF311873E
:10A7E000202383F31288BFF36F8FD0E90423B3F1E2
:10A7F000004F08BF012A04D087F31188BFF36F8F81
:10A80000F8BDD0E90A566A1C46F10003022A73F12A
:10A81000000334D3013D46F1FF36002EBCBF0025B6
:10A820002E4604F0A6FB013041F10001401946EB31
:10A830000101012871F1000148DB04F09AFB6FF07F
:10A840000203013041F10001401946EB010183424E
:10A850006FF000438B413EDB04F08BFB013041F194
:10A8600000016FF00102401946EB01034FF0FF3188
:10A87000121A61EB030320461949FFF7A9FE236B67
:10A8800001332363236A63B187F31188BFF36F8FAA
:10A8900020469847EFF31187202383F31288BFF3F4
:10A8A0006F8F54F8185FA542A6D0002DA4D028467B
:10A8B00004F011FA0023C5F8803087F31188BFF344
:10A8C0006F8F2846BDE8F84004F0F2B96FF001023E
:10A8D0004FF0FF33CFE700224FF00043CBE700BF3C
:10A8E000D9A7000C2DE9F04105461C4690461F46AD
:10A8F000EFF31186202383F31288BFF36F8FB4F137
:10A90000FF3F08BFB2F1FF3F05D186F31188BFF3C7
:10A910006F8FBDE8F081002C09DB012A74F1000380
:10A92000BCBF0122002412F1FF3844F1FF37284652
:10A9300004F0E6FADDE906010023C5E90A012B630C
:10A9400042463B4628460249FFF742FEDDE700BF8C
:10A95000D9A7000C70B50546EFF31184202686F3C5
:10A960001288BFF36F8F04F0CBFA20B184F3118803
:10A97000BFF36F8F70BD6B6A63B184F31188BFF34F
:10A980006F8F28466B6A9847EFF3118486F312881D
:10A99000BFF36F8F05F1180004F0D2F90028E5D05D
:10A9A00004F086F92146BDE87040014804F0DEB9A4
:10A9B000AA54002073B50446EFF31186202383F3D5
:10A9C0001288BFF36F8F8368594003EA02050A407B
:10A9D00053400022009309496B46019204F019FA92
:10A9E000DDE9003223EA020304F10C003146A360E2
:10A9F00004F0BCF9284602B070BD00BFA1F0000C05
:10AA0000F8B507460C46164604F0EEF808B10020EB
:10AA1000F8BD0D4B9B685D6F002DF8D0221DF6D25E
:10AA2000EFF31184202383F31288BFF36F8F28463E
:10AA300047F00401B04784F31188BFF36F8F0028FB
:10AA4000E5D040F8045BE3E7701400200146024AB9
:10AA50000020FFF7D5BF00BFD3B2000C014800F0C3
:10AA60005FBD00BFBE22010C07B5074B4FF48062EB
:10AA7000009306494FF0FF330548FFF7CFF8002059
:10AA800003B05DF804FB00BF98FC000CF06C0020E4
:10AA9000D80F00200CB430B58BB004460D462022F0
:10AAA000002102A804F03FFB0223002D06948DF83C
:10AAB0000A300C4B039312DB01D06B1E1C440FAA0F
:10AAC0000E9902A80794019200F00EF815B1069BAA
:10AAD00000221A700BB0BDE8304002B0704700246D
:10AAE000EDE700BF1FF2000C2DE9F04F43688BB07B
:10AAF00080469246009383789C0740F1F9800025B8
:10AB00000878002800F0F68025280AD04B1C019315
:10AB100001354146009B98470028C0F2E380019927
:10AB2000EEE74E788B1C252E0193F1D000270A22E8
:10AB3000B9463C461F2C22D8A6F12003102B20D862
:10AB4000DFE803F0141F1F1A1F1F1F0B1F1F1F1208
:10AB50001F171F1F090044F00104019B13F8016B2C
:10AB60000193002EE6D13AE044F0020444F00404DC
:10AB7000F3E744F00804F0E744F01004EDE77F2C1D
:10AB800024D8A6F13003092B08D860064EBF02FB7B
:10AB9000073744F0200402FB0939DEE72A2E0DD1E5
:10ABA00061065AF8043B53D4002BA7BF44F020049D
:10ABB0009946C3F1000944F02804CEE72E2E05D1B2
:10ABC000630600F1978044F04004C6E76C2E2ED057
:10ABD00028D8682E32D06A2E37D04C2E35D0002F90
:10ABE00046F02003B8BF24F04004A3F16502BCBFC7
:10ABF0000027A4B2022A01D9612B2BD10AF1070A3E
:10AC000007279D4E2AF0070A0AF1080A210760D596
:10AC100006EB070B34465C455DD1AE1BA9EB07097B
:10AC2000A21959E1742E98D07A2E96D0D7E726062D
:10AC300048BF44F4007444F080048EE7E00548BF48
:10AC400044F4007444F4807487E744F4207484E787
:10AC50001F4682E7A6F16302122A00F2D880DFE8DD
:10AC600012F013004D00D600D600D600D6004D00DD
:10AC7000D600D600D600D600D600E800D100D60017
:10AC8000D6001A00D600A0005AF8043B012704AEF3
:10AC90008DF81030BAE75AF8046B784B002E08BFD5
:10ACA0001E4614F0400F304614BF39464FF0FF31B6
:10ACB00004F053FA0746A9E741462020009B984735
:10ACC00000280FDB013CA742F6D34D44A1462D1BC3
:10ACD0009EE74C46F7E7414614F8010B009B984766
:10ACE000002898DA98F8023043F0040388F802301C
:10ACF0004FF0FF3528460BB0BDE8F08F220630D567
:10AD0000A3052AD50AF1070A2AF007039A465968CB
:10AD10005AF8080B24F0100B00291FFA8BFB2FDACE
:10AD200040424BF4806B61EB410104AC0A232246A4
:10AD300004F01FFA1BF0400FA0EB040200F08E801D
:10AD40002BF001049742A4B240F38F80002E40F014
:10AD50008E802BF01104A4B21DE05AF8040BC11729
:10AD6000D8E7E0055AF8041B01D40846F7E7A20526
:10AD700047BF48B241F3C01108B241F3C031C9E73F
:10AD800050EA0103D1D16306CFD5002FCDD124F0F5
:10AD900011043A46A4B23B4640F206410C4262D14D
:10ADA00024E024F010040A23A4B214F0800243D05B
:10ADB00014F4007117BF0AF1070A5AF8040B2AF0BD
:10ADC000070292461CBF51685AF8080B50EA01026C
:10ADD0003ED124F0160B62061FFA8BFB3CD5002FE8
:10ADE0003AD124F017043A463B46A4B221075AD47C
:10ADF000E10705D5994572DDA9EB03039F184B4682
:10AE00009B464AE044F0100410237826CDE7782BC7
:10AE100004D1C6F1780343F01003C6E7414625206C
:10AE2000009B98470028FFF65DAF0235414630464B
:10AE300070E608230026B8E714F480715AF8040B72
:10AE4000C4D014F400711ABFC0B2114680B2BDE77D
:10AE500024F006041FFA84FB04AC68E713465C4642
:10AE6000E10699D52EB90133C0E71346F8E73B4612
:10AE7000F6E70233BAE700BFFC22010CF522010C11
:10AE8000CDE9023241462020009B98470028FFF67A
:10AE900029AF0BF1010BDDE90232D945F0DCEB1AE9
:10AEA00003EB0B055B46E10627D541463020CDE993
:10AEB0000232009B98470028FFF614AFDDE902320A
:10AEC0007EB901352F44791B8A4229DB144604AE32
:10AED00094BB2A44A9EB03091546914440E0174668
:10AEE0008EE7023541463046CDE90232009B984755
:10AEF0000028DDE90232E5DAF4E640F206410C42D0
:10AF0000E0D014F0020F05F10105414614BF2B20DB
:10AF1000202014F4806FCDE9023218BF2D20E5E720
:10AF2000CDE902324146009B302001359847002888
:10AF3000DDE90232C7DAD5E6013C4146CDE902320D
:10AF4000305D009B98470028DDE90232C0DAC9E68F
:10AF500041462020009B013598470028FFF6C2AEED
:10AF6000A9EB0503002BF3DCD9E500BF704700F027
:10AF7000F7BD10B50446006800F0C0FE78B920683F
:10AF800000F0D8FE58B90121206804F10C02F6F750
:10AF9000D7FD20B92046BDE81040F5F73FBB10BDF6
:10AFA000836800EBC101B3F5004F2CBF51F82200BC
:10AFB00031F81200704700EBC1018068B0F5004F16
:10AFC0002CBF41F8223021F812307047012208B519
:10AFD000FFF7E6FFD04008BD836800EBC101B3F581
:10AFE000004F08D34B681AB143F001034B60704720
:10AFF00023F00103FAE74B881AB143F001034B80B9
:10B00000704723F00103FAE753000122FFF7D3BF93
:10B0100008B58368B3F5004F06D3FFF7D7FF0128C3
:10B020008CBF0020012008BD0020FCE78368B3F539
:10B03000004F34BF04230823C91A081AC0087047F8
:10B040008368B3F5004F28BF0139B1FA81F0C0F130
:10B050001F0070472DE9F041174603220E460446B3
:10B06000FFF79EFF8642054607F104080AD1012238
:10B07000E368BA4023EA0203E360002344F828307F
:10B08000BDE8F081314602222046FFF789FF0646DF
:10B090002B4601460322204644F82850FFF78BFF39
:10B0A000334629462046BDE8F0410222FFF783BF20
:10B0B00038B504460D46FFF7ABFF70B92946204668
:10B0C000FFF784FF01462046FFF7BAFF29460246F4
:10B0D0002046BDE83840FFF7BDBF38BD2DE9F04739
:10B0E00005468946FFF7ACFF05EB800ADAF81070D9
:10B0F000064677B94FF0FF34EB680136B4401C4088
:10B1000015D094FAA4F2B2FA82F2131D55F8234036
:10B1100009E03C464FF0030821462846FFF756FF5A
:10B12000814507D8324621462846FFF793FF20463F
:10B13000BDE8F087214603222846FFF731FFB8F12A
:10B1400001080446CAF81000D4D08742E4D1D1E700
:10B150002DE9F04114460E460546FFF737FFA4EBF4
:10B160000608371B0744424631462846FFF74CFF86
:10B170003A4621462846FFF747FF4346002221462C
:10B180002846FFF718FF21462846FFF71FFF3B46DA
:10B19000211800222846BDE8F041FFF70CBF2DE939
:10B1A000F041164604460F46FFF710FF31460546AC
:10B1B0002046FFF70BFF05442A4639462046FFF795
:10B1C00023FF31462046FFF701FF2B4631180022AE
:10B1D0002046BDE8F041FFF7EEBE2DE9F041044600
:10B1E0000D46FFF715FFB8BB29462046FFF7EEFED8
:10B1F00001462046FFF724FF04EB80010E6996B953
:10B200000122E36882401343E36002220D612B4672
:10B2100029462046FFF7CFFE032229462046BDE8F7
:10B22000F041FFF7C8BE022231462046FFF7B8FEC4
:10B230000746034629462046FFF7BDFE0322334654
:10B2400029462046FFF7B7FE39462B462046FFF732
:10B25000B2FE02223146E1E7BDE8F08170B5056833
:10B2600009B9002070BDAB6801F00704B3F5004FC9
:10B2700034BF0422082207341444E40804EBD10448
:10B280009C4228BF1C4628462146FFF727FF06465A
:10B290000028E6D001462846FFF798FEA04209D9CB
:10B2A0003444314628462246FFF752FF21462846BD
:10B2B000FFF793FF284601223146FFF78DFEAB686A
:10B2C000B3F5004F34BF0423082303EBC60318442F
:10B2D000C8E71146FFF7C2BF2DE9F8434B420668A5
:10B2E00003EA010731EA03031446B2680ED0B2F54F
:10B2F000004F2CBF08230423BB4228BF3B46B9465E
:10B30000CF1B94B900252846BDE8F883B2F5004F5D
:10B3100034BF04230823994204D82146BDE8F843EA
:10B32000FFF79CBF4FF00009EBE7B2F5004F34BFC9
:10B3300004250825FB1AE10804F0070001EBD301FE
:10B34000073003F0070303442B4401EBD301914280
:10B3500028BF11463046FFF7C1FE80460028D1D0F5
:10B36000B36809EBC005B3F5004F34BF04230823CD
:10B370001D4435447B1E1D44B5FBF7F57D43A5EB0D
:10B38000090529463046FFF751FE2C44073424F0C6
:10B390000704A41B804507464FEAE40408D202468E
:10B3A00041463046FFF7D4FE41463046FFF715FFD1
:10B3B00039463046FFF70AFE3844844208D23946FF
:10B3C00030462246FFF7C4FE21463046FFF705FF10
:10B3D000012239463046FFF7FFFD94E7B2F5802F92
:10B3E00034BF042308232DE9F0410026D21A8C181B
:10B3F000CD1D25F0070524F00704641BE408056053
:10B4000021462846AC60EE60FFF71AFE820002F18A
:10B410001B07FF083146043205F1100003F083FEDC
:10B420003A4631462846FFF7EFFD3346324631466D
:10B430002846FFF7C0FDA4EB070828463146012245
:10B44000FFF7CAFD42463946FFF7DEFD3B4632466E
:10B4500039462846FFF7AFFD21462846FFF7D4FDC1
:10B460004346324621462846FFF7A5FD2146284699
:10B470000122FFF7B1FD3946BDE8F041FFF7ADBE4F
:10B480002DE9F04706460D46174698462BB34FF078
:10B49000000A98F8004093F80190DB78A40004EBD0
:10B4A000430498F802301C444444CA4509D3394641
:10B4B0003046AC46D8F8042008F10803BDE8F04750
:10B4C000604714F8013B0AF1010A204648F823407E
:10B4D000F4F7BAFD01300444E7E76FF01500BDE86A
:10B4E000F08730B502460024002012F8013B43B13A
:10B4F00078B18C4207D1702B04D0A3F140053A2DCE
:10B5000007D8002030BDA3F140053A2D01D8013401
:10B51000EAE7252B08BF80F00100E6E7002070472E
:10B520000FB407B504A951F8040B019100F095FA86
:10B5300003B05DF804EB04B0704710B50369024630
:10B5400013F0080009D11368D4689C429BBF012006
:10B55000126AE31AD31A0B6010BD00231846FAE7EB
:10B5600013B501A90446FFF7E8FF20B1019BE2688B
:10B57000013B13440193206A019BC01A013802B0B9
:10B5800010BD10B5044650182269236AD20702D5AF
:10B59000013B184010BD984228BFC01AFAE710B509
:10B5A00004460A46C168FFF7ECFF2369E06023F018
:10B5B0000803236110BD38B50D46C2698B000168D0
:10B5C00043F00203044642F8213001682A46FFF79F
:10B5D000D8FFE3686168984208BF2369206008BF0C
:10B5E00043F008032A46204608BF2361FFF7C9FF3E
:10B5F000606038BD2DE9F74F0F460021D0F80CB040
:10B60000C669009216F82B209A4602F00302022A1D
:10B6100014BF894656F82B2006EB8B030193009B41
:10B6200008BFC2F39D0919600446CAF80010B9F1B9
:10B63000000F07D04946FFF7B2FFE368A3604FF061
:10B64000010804E001698A0705D44FF0000840466C
:10B6500003B0BDE8F08F816906EB8B00884716F8D0
:10B660002B10054611F00108EFD08B071DD51FB137
:10B6700039462046FFF79FFF61682A462046FFF7BC
:10B6800080FFD4E902138B42606007D12A4620462E
:10B69000FFF777FF4FF000080146A06023692160A3
:10B6A00043F00803E1602361D1E701462046FFF73C
:10B6B00076FFE168A1601FB12068E16941F8209040
:10B6C000EA19CAF8002021682046FFF75AFF2269CC
:10B6D000206042F00802226116F82B2022F00102BD
:10B6E00006F82B20DDE900321A60A8E770B50446A1
:10B6F0001546FFF746FF2368834205D12369216081
:10B7000023F00803236170BDE269AB0043F002033C
:10B7100042F8213061682A462046FFF732FF606018
:10B72000F1E738B5036904465B0706D5456AFFF7BC
:10B7300017FF85422CBF6562606238BD38B50D4683
:10B7400004461C22002103F0EEFC0022EB68A361FA
:10B75000AB6863612B68E3616B68626223622A698C
:10B7600023B1591E194208BF42F001022261012291
:10B7700004F128000021BDE8384003F077B92DE935
:10B78000F04F00259846036A87B08B4204460E4668
:10B790009346AA460395059538D3EFF311892023E4
:10B7A00083F31288BFF36F8F059A2AB1294620468A
:10B7B000FFF79CFF0023059304A92046FFF7BDFE79
:10B7C00004990746B1422AD32268E369204613F858
:10B7D000221003EB820A21F0030103F822102168F2
:10B7E0003246FFF7CEFEE3682060984212D0002771
:10B7F00089F31188BFF36F8F039929B162690AB188
:10B800002046904700230393002FC6D1504607B02F
:10B81000BDE8F08F236943F008032361E7E718B11F
:10B820002046FFF7C8FEE3E75BEA08031CD001915E
:10B8300003F0DAF90199B8B9B9F1000F14D189F31D
:10B840001188BFF36F8F5A46434604F12800FEF774
:10B850009FF8EFF31189202383F31288BFF36F8FD2
:10B86000B0FA80F77F09C3E7204605AB03AA256835
:10B87000FFF7C0FE0746BBE770B50446836908467C
:10B880000D4698470246EFF31186202383F3128872
:10B89000BFF36F8F2B78204643F001032B70616854
:10B8A000FFF76FFE60602046FFF73BFF86F31188CD
:10B8B000BFF36F8F70BD2DE9F843044600272026A3
:10B8C000EFF3118586F31288BFF36F8F2369A268A7
:10B8D000190702D46368934200D2236A9B1A002B93
:10B8E00042D0E06910F8221000EB820911F0030346
:10B8F0003AD0022B04D150F822305FEA930805D1E8
:10B90000CB0720D44846A36998478046A1684246A1
:10B910002046FFF736FE0127A06041462046FFF78C
:10B920003EFE3B4685F31188BFF36F8F002BC7D1D6
:10B9300037B1B9F1000F03D104F12800FDF7F4FF8E
:10B940004846BDE8F88341F0020100F82210A369DF
:10B950004846D4F808809847414602462046FFF7FB
:10B9600010FE0023A060DDE79946DBE7F8B504464A
:10B97000836908460D4698470646EFF31187202352
:10B9800083F31288BFF36F8F2B7823F001032B70A2
:10B9900023699B0705D5E268E36903EB82039D42B7
:10B9A0001AD12B7823F002032B70D4E9023199428B
:10B9B00004D132462046FFF7E4FDA0603146204620
:10B9C000FFF7EDFD87F31188BFF36F8F04F12800B7
:10B9D000BDE8F840FDF7A8BF2B6860F39F032B601C
:10B9E000F0E7EFF31181202383F31288BFF36F8F09
:10B9F00002698368120702D442689A4200D2026A3E
:10BA0000D31A81F31188BFF36F8F181E18BF01205E
:10BA10007047704703785B075FBF03684288C3F3D2
:10BA20004A2303EB12105DBF173020F00700800897
:10BA300000207047002070470346D3E8EF0F421CF8
:10BA4000C3E8E12F0029F8D1704708B503F091FA57
:10BA50000A220023F4F7D4FA08BD1FB50023CDE96C
:10BA600002011A4619461846CDE90033F5F728FEBB
:10BA700005B05DF804FB0120F5F7E6BB0020704738
:10BA80004368DA7101224368196043685A71F5F717
:10BA9000CDBB70B515460C4669B1D2E901369B1B8A
:10BAA00099420AD813680A460146981903F02EFBFA
:10BAB000AB682344AB60204670BD6FF01B00FBE712
:10BAC00070B50E4615461946044618B9BDE87040D3
:10BAD000F5F7BABB33B1C2F34A231030120D184444
:10BAE00003F014FBC4E900562046BDE87040F5F7AA
:10BAF00047BD2DE9F3415F1C4FEA8708064608F170
:10BB0000170020F0070080080C461546F5F716FCD4
:10BB100000238DF80470ADF805308DF8073068B15A
:10BB20000346019AA8F1040143F8102F2A4629443C
:10BB300052F8045B8A4243F8045FF9D1002331468E
:10BB4000A20102F4E07242EA482222F07F4222F48B
:10BB5000700222F03F0202B0BDE8F041FFF7B0BF33
:10BB600007B50123019201AAFFF7C3FF03B05DF8F7
:10BB700004FB07B5CDE9002302236A46FFF7B9FFAE
:10BB800003B05DF804FB1FB5CDE90123069B01AAB4
:10BB900003930323FFF7ADFF05B05DF804FBF8B591
:10BBA00006460D4614461F4604B9F8BD21462846F0
:10BBB0003A46B047241A0544F6E710B542680446F1
:10BBC000D2E9002381680068FFF7E9FF002263687B
:10BBD0001A6010BD38B54B6805461A68CB680C462C
:10BBE0009A4202D10846FFF7E8FF6368D3E8EF2FD7
:10BBF000511CC3E8E01F0028F8D1A36800209D5421
:10BC000038BD0A2838B504460D4602D10D20FFF78D
:10BC1000E1FF29462046FFF7DDFF002038BD2DE972
:10BC2000F043054689B008460E8891F800900C460E
:10BC3000D1F808801746F5F795FD011EC6F3821668
:10BC4000C9F3C2091FDB4846F5F7ACFC03462146A1
:10BC500051F8102B6088C2F34A22002A01EB02043B
:10BC600008BF00210022C0F30B10CDE90507CDE984
:10BC7000031428464146CDE900220296F5F79EFDC1
:10BC800009B0BDE8F0830023E1E7436800201B68AA
:10BC90005B681961704743681B681A685268536093
:10BCA000704701212DE9F04143681B685A681175FE
:10BCB0001D682F68D5E90136D3E900481CB96B68C7
:10BCC0001C60BDE8F081214630464246B847241A40
:10BCD0000644F3E743681B681868F5F7A5BE70B51E
:10BCE00043680C461D686B681869F5F789FA2146A8
:10BCF00003460F222868BDE87040184710B5F5F7D5
:10BD0000EDFE044698B1838A4BB9C3687BB11B68CA
:10BD10006BB1984710B9A38A0133A38210BD4FF6C7
:10BD2000FF72934203D0013383820020F6E76FF065
:10BD30001500F3E710B5F5F7D1FE30B1C36823B1B4
:10BD40005B6813B1BDE8104018476FF0150010BDD7
:10BD50002DE9F0410D4616461F46F5F7BFFE50B1DE
:10BD6000C36843B19C6834B13B4632462946A44679
:10BD7000BDE8F04160476FF01500BDE8F0812DE9A6
:10BD8000F0410D4616461F46F5F7A8FE50B1C368B0
:10BD900043B1DC6834B13B4632462946A446BDE88F
:10BDA000F04160476FF01500BDE8F08103F0BBB9CA
:10BDB00003F0ACB901460068F5F76CBF08B5F5F7BC
:10BDC000C5FFBDE80840F6F779BB0A460121FFF739
:10BDD000C7BE00210120F5F75DBF6FF085007047F9
:10BDE00061B662B680F31188BFF36F8F704772B689
:10BDF000002383F31188BFF36F8FBFF34F8F30BFE2
:10BE000062B6BFF36F8F704740E800F313F4803FD2
:10BE1000D8B208BF6FF01500704730B50C684B689A
:10BE200085B00A894D890094013B24F01F04234406
:10BE300002F01F0242EA451223F01F0369468DF803
:10BE400008200393F6F7E4FB05B030BD08B5D1E94F
:10BE500004319847002008BD08B5F6F7EDFD002035
:10BE600008BD002303824369C3607047027A013230
:10BE70000272704710B508B14B68436000234C68EC
:10BE800008464B60F6F7A0FE204610BD8388026886
:10BE900019448180D018704730B484880568A3188D
:10BEA0008380281930BC03F031B910B5838802684B
:10BEB0005C1C8480D154D01810BD30B583880268D2
:10BEC0009D1C8580D418D154090A617030BD8388C7
:10BED0005B1A9BB2838000681844704703468288CF
:10BEE000521A8280006808441860704783689B6813
:10BEF00003B118476FF057007047FDF793BC082255
:10BF00004FF4D57310B58AB0CDE90123792300220F
:10BF1000CDE90732C82304460993006883685B684B
:10BF200013B901200AB010BD01A998470028F8D123
:10BF300094F84B308BB1049BDAB2AA2AF1D103F406
:10BF40007063B3F5807F09BFB4F86A306FF0850085
:10BF500043F00803A4F86A30E4E7039BECE70A2106
:10BF600020EAE070A0FB010102F029BF00221021AD
:10BF700000B58BB0CDE90712C821CDE901220991A6
:10BF800083685B6823B101A998470BB05DF804FB97
:10BF90006FF05700F9E708B530B18368DB6823B16B
:10BFA0009847431E5842584108BD6FF05700F8E7C4
:10BFB00083685B6803B118476FF057007047836868
:10BFC0009B6803B118476FF05700704783685B693F
:10BFD00003B118476FF057007047FFF7C1BD70B548
:10BFE00012048AB002921C4600220323CDE90732D4
:10BFF000C823019101A90993FFF7DAFF054658B953
:10C00000234603AE07AC324603CAA2421860596009
:10C01000164603F10803F6D128460AB070BDFDF7B5
:10C0200001BC00230D2210B58AB0CDE9012390F8A0
:10C030004B3004461BB9B0F85E301B040293312329
:10C040000022CDE90732C823206801A90993FFF730
:10C05000AFFFC0B994F84B20039B62B113F4407F4B
:10C0600013D113F4604F13D113F4E05F18BF6FF0D6
:10C0700004000AB010BD03F4F853B3F5106F18BFF5
:10C080006FF00F00F5E70120F3E76FF00C00F0E729
:10C090006FF01500EDE7002330B585B00446B0F829
:10C0A0005E20019309216B460068FFF798FF30B9C5
:10C0B000DDE90232920F019903D0012A19D005B0AF
:10C0C00030BD40F6FC72C3F3034502EA830343EA42
:10C0D0009173C1F3C23101330231092D03FA01F327
:10C0E00001D0AB405B0A23664FF40073A4F86430C0
:10C0F000E5E71B0403F47C1343EA114301339B027D
:10C10000F1E70B46002202210068FFF768BF002319
:10C11000032210B58AB0CDE901230822CDE9072317
:10C12000C823044609930022206801A9FFF740FFB5
:10C1300028B9BDF80E30A4F85E30002BF3D00AB059
:10C1400010BD83685B6803B118476FF057007047F4
:10C1500083689B6803B118476FF057007047FFF77B
:10C16000FFBCF7F7ADB8F6F7DFBEF6F75DBFF7F740
:10C1700017B8FFF7F5BC4FF0FF324FF0FF33043034
:10C18000FDF7DEBAFDF74EBB90F86C00C0F341102E
:10C19000704783691B6993F8800000F001007047C5
:10C1A000F8B504461E460D461746FFF7E4FF94F81F
:10C1B0006C309B0715D425B1012D10D06FF01505FB
:10C1C00008E0216F0029F9D000259DF818300F7183
:10C1D0004E718B71201DFFF7D5FF2846F8BD616FAA
:10C1E000F0E76FF07705F5E738B504460D46FFF741
:10C1F000C2FF94F86C30201D65F3041384F86C3092
:10C20000BDE83840FFF7BEBF90F86C00C0F3800077
:10C21000704783691B6993F88000C0F30010704772
:10C220000246034652F8640F90420BD1002070473B
:10C23000027A8A42FBD09A6E8242F7D000680028C8
:10C24000F6D170470028F3D1704738B504460D4643
:10C25000FFF791FF94F86C30DB0718D42B690BB90A
:10C26000EB68BBB1636E1BB904F16403C4E9193315
:10C270002B6893B9A26E04F16401C5E90012156040
:10C28000A5661D46201DFFF77DFF284638BD4FF0EF
:10C29000FF35F7E76FF01505F4E76FF07705F1E785
:10C2A000436E30B563B1002200F16405436EAB42CA
:10C2B00006D0D3E9001421604C60C3E90022F5E701
:10C2C00030BD10B50446034654F84C0FA0420DD1C2
:10C2D00000200DE0447D8C4204D1032909D1047A69
:10C2E000944205D01C6D8442F2D000680028F1D140
:10C2F00010BD0F29F5E7002230B500F14C05C36CE5
:10C30000AB4206D0D3E9001421604C60C3E900229F
:10C31000F5E7002030BD2DE9F84305460C46071D22
:10C320004FF0FF324FF0FF333846FDF709FAD5F8EA
:10C330007490B9F1000F75D0D5F87080B8F1000F86
:10C3400070D095F86C30DB076CD4EB6C1BB905F141
:10C350004C03C5E913332368002B66D1637D0F2B93
:10C3600009D1237A012B10D02B6D05F14C02C4E9C1
:10C3700000231C602C65637D032B29D1EA6C05F139
:10C380004C0090422BD1002336E02846E168FFF7AD
:10C390005CFF06460028E7D03846FDF743FA3046F2
:10C3A000BDE8F8834E7D032E14D0013323724B6811
:10C3B000C4E900131C604C60637A022B26D0032B67
:10C3C0002AD0012B02BF237A89F80E3088F80E306C
:10C3D0000026E1E70E7A013EB342E6D11268002A58
:10C3E000D1D0517D2B6D03290DD19A42137A02D001
:10C3F00011680029D6D1013323722B6DC4E90003E3
:10C400001C602C65D8E79342E8D1BCE7237A89F811
:10C410000F3088F80F30DBE7237A89F8103088F87E
:10C420001030D5E74FF0FF36B6E76FF07706B3E789
:10C430000346006800B1187A70478388C288816813
:10C44000D21A03685B1AD01A70470346C08808B135
:10C450001878C009704770B50C461546F8F7A0FD6E
:10C4600040B1406883681B6823B12A462146BDE875
:10C470007040184770BDF8B504460D4617468668EB
:10C480000369A033D3E8AF3F9B070ED5B36A7BB1F6
:10C49000F36B98472946B36A3A4620469847336C6F
:10C4A0000546204698472846F8BD4FF0FF35FAE785
:10C4B0006FF08505F7E770B504460D468668036999
:10C4C000A033D3E8AF3F9B070BD5F36B98472946C2
:10C4D000736A20469847336C05462046984728469D
:10C4E00070BD4FF0FF35FAE710B5044619B90020CA
:10C4F00084F8300010BDF7F7C3FA0028F7D0F9E749
:10C500000A460121FFF72CBB4FF0FF324FF0FF33FB
:10C510000430FDF715B9FDF785B921B101290DD01A
:10C5200000231B68FFDE5430006848B143685B7924
:10C53000934205D000680028F8D170475C30F3E7DB
:10C54000704710B590F830300446022B09D1FFF740
:10C550001BFE94F8382001462046BDE81040FFF746
:10C56000DCBF002010BD08B5FFF7D7FF003818BFAB
:10C57000012008BD8368DB6A03B11847704738B5EE
:10C5800005460C1F54F8041F09B9084638BD6B68EE
:10C590001868F3F74FFD0028F4D10120F6E74FF0BB
:10C5A000FF324FF0FF330430FDF7CAB808B5836897
:10C5B0001B6B0BB198470346002023B153F8042BA3
:10C5C0000AB1127802B908BD1044F6E710B51C464E
:10C5D000FFF7A3FF48B10122C06802FA04F320B1BB
:10C5E0000269134201D10068F9E710BD10B50C468D
:10C5F000FFF7A7FF48B10123C06803FA04F120B197
:10C600000369194201D10068F9E710BDD1F81A0099
:10C6100083681B6903B118476FF08500704738B510
:10C620000C46FFF78EFF80B1C06870B14368DA68CE
:10C630001AB100231179994201DC0068F5E7156809
:10C64000ED5CA54201D00133F5E738BD70B5FFF7C9
:10C6500064FF0546C0B10026EC68C4B12A692368AE
:10C660009442EB6000D12B6104F11403D3E8EF1F77
:10C6700021F00101C3E8E21F002AF7D16068FFF74B
:10C6800079FF63685E60E7E76FF03C0070BD2046AD
:10C69000FCE7F8B50646CC680CB9204622E0012537
:10C6A00004F10C07E268AAB165F07F03D9B203F088
:10C6B0007F031033DA40D2070ED4E368EB40DB0788
:10C6C00005D53A46B069E9B200F09BF850B901359A
:10C6D000102DE7D12468DFE73A46B06900F091F801
:10C6E0000028EAD0F8BD2DE9F347002405460E46A0
:10C6F000A146576897F805803B79A34203DC0020E8
:10C7000002B0BDE8F0875FFA84FA314653464246EC
:10C710002846FFF75BFF014650B1534601222846E9
:10C72000CDF80090F8F736FD0028E9D10134E3E7B1
:10C730006FF03C00E4E72DE9F74380460D461746CD
:10C74000FFF754FF064628B96FF00104204603B0F6
:10C75000BDE8F0830F2DF7D808EB0509014699F8DD
:10C760003A402B46002240460097F8F713FD002878
:10C77000EAD100942B46022231464046F8F70AFDE2
:10C7800004460028E2D12B4601223146404600975C
:10C79000F8F700FD04460028D8D1706883685B680C
:10C7A00013B13A462946984789F83A70CEE70123F3
:10C7B00011F0800F18BF21F08001026818BF1031FE
:10C7C0008B4022EA03030360704737B58B790C4630
:10C7D000009315468B88CA78897800F055FD70B9AA
:10C7E00094F90230A178002B4FF00103B8BF21F07B
:10C7F00080012A68B8BF10318B4013432B6003B00F
:10C8000030BDF8B506460D46174600F066FD0446F5
:10C8100058B929463846FFF7CAFF2946304600F086
:10C8200057FE044608B902F009FA2046F8BD0A4648
:10C830008069802100F07CBE0B0648BF21F080019A
:10C84000406B48BF1031C84000F001007047F8B598
:10C8500005460E46071D4FF0FF324FF0FF333846B6
:10C86000FCF76EFFEC692CB9EE613846FCF7DAFF95
:10C870002046F8BD6FF07704F7E7C36982B08DF802
:10C88000001001922BB102AB13E9060002B0F8F7D9
:10C89000BBBD02B070474B78032B01D0052B01D1F3
:10C8A000002070471BB9012203695A72F8E76FF044
:10C8B000850070474B78032B05D0052B14BF6FF014
:10C8C000850000207047002070474A780369013ACC
:10C8D000052A11D8DFE802F00318161016169A6C14
:10C8E0000AB1926932B90A225A720B226FF085009E
:10C8F0009A727047CA881AB90A225A720F22F5E74B
:10C9000003225A72002070479A6C002AEBD05269B9
:10C91000002AE8D0CA88B2F5007FEDD80922F0E7F6
:10C92000002070474B78042B06D0052B09D0032B31
:10C9300007D06FF085007047022203695A72002207
:10C940009A720020704703691868704703690246AD
:10C95000002083F8440083F84C00188198645268E2
:10C960001A64704703695868704700220A21006BF7
:10C97000FFF783BF10B4846C0A4623691BB1017AA8
:10C98000A06810BC1847012010BC704710B54B7848
:10C990000469032B03D0052B11D1002010BD022107
:10C9A0002046FFF7E7FF38B1022300220B21206C5D
:10C9B0006372FFF762FFF0E707236372EDE70A2374
:10C9C00063720F236FF08500A372E7E70622036905
:10C9D0001A72FFF7DBBF10B54A780369023A042ADE
:10C9E00008D8DFE802F0031007101200CA88B2F579
:10C9F000007F06D90A225A720F226FF085009A72C0
:10CA000002E009225A72002010BD02215972006909
:10CA1000FFF7B0FFF7E710B54A780369013A052A36
:10CA200012D8DFE802F003110711070BCA881AB900
:10CA300006225A72002010BD0322FAE70221597221
:10CA40000069FFF797FFF5E70A225A720F226FF08D
:10CA500085009A72EFE710B54B780469032B03D079
:10CA6000052B0BD1002010BD05212046FFF782FFCA
:10CA700010B105236372F5E70423FBE70A23637211
:10CA80000F236FF08500A372EDE7032203691A728A
:10CA9000FFF7E1BF38B50546538A108A02F10C044E
:10CAA0001B1AD0685269821A9B1ACA88934228BFFF
:10CAB0001346062B15D1A97A2046FFF7F6F90A216D
:10CAC0002046FFF7FAF900212046FFF7EEF9297A10
:10CAD0002046FFF7EAF900212046FFF7E6F900209B
:10CAE00038BD6FF08500FBE703691869FFF73FBBAE
:10CAF00000690069FFF739BB00690069FFF733BBC4
:10CB000010B503691C695B681868FFF744FA28B11F
:10CB100094F8CC00023818BF012010BD0220FCE7B9
:10CB200038B503695D681C692868FFF734FA50B1AD
:10CB300021462868F6F718F918B1012384F8CC309B
:10CB400038BD0223FAE70220FAE7062910B406D01E
:10CB500000690729006905D010BCFFF702BB10BCB3
:10CB6000FFF7DEBF002280F8CC20F5E700207047F9
:10CB7000036901395B6806290DD8DFE801F0040874
:10CB80000C0A060606005B681360002070471B68ED
:10CB9000FAE70123F8E76FF01500704703460069D4
:10CBA0000361F5F721B80020704730B401254168D2
:10CBB00002690968137E4D6154685B0954B1107EA7
:10CBC000023300F01F0052F8231005FA00F023464C
:10CBD00030BC184730BC704710B40269416802206D
:10CBE0000968537E486154685B095CB1034452F89C
:10CBF00023100123507E00F01F0003FA00F02346AB
:10CC000010BC184710BC704710B40269416804207A
:10CC10000968937E486154685B095CB1023352F83D
:10CC200023100123907E00F01F0003FA00F023463A
:10CC300010BC184710BC704710B402694168082046
:10CC40000968D37E486154685B095CB1023352F8CD
:10CC500023100123D07E00F01F0003FA00F02346CA
:10CC600010BC184710BC704710B40269416810200E
:10CC70000968137F486154685B095CB1023352F85C
:10CC800023100123107F00F01F0003FA00F0234659
:10CC900010BC184710BC704710B4026941682020CE
:10CCA0000968537F486154685B095CB1023352F8EC
:10CCB00023100123507F00F01F0003FA00F02346E9
:10CCC00010BC184710BC704710B40269416840207E
:10CCD0000968937F486154685B095CB1023352F87C
:10CCE00023100123907F00F01F0003FA00F0234679
:10CCF00010BC184710BC704710B40269416880200E
:10CD00000968D37F486154685B095CB1023352F80B
:10CD100023100123D07F00F01F0003FA00F0234608
:10CD200010BC184710BC704710B4026941684FF43A
:10CD30008070096892F82030486154685B0964B1DA
:10CD4000023352F82310012392F8200000F01F0054
:10CD500003FA00F0234610BC184710BC704710B40B
:10CD6000026941684FF40070096892F82130486107
:10CD700054685B0964B1023352F82310012392F81E
:10CD8000210000F01F0003FA00F0234610BC1847F2
:10CD900010BC704710B4026941684FF480600968A4
:10CDA00092F82230486154685B0964B1023352F84A
:10CDB0002310012392F8220000F01F0003FA00F074
:10CDC000234610BC184710BC704710B40269416874
:10CDD0004FF40060096892F82330486154685B0999
:10CDE00064B1023352F82310012392F8230000F0BB
:10CDF0001F0003FA00F0234610BC184710BC704710
:10CE000010B4026941684FF48050096892F82430E8
:10CE1000486154685B0964B1023352F8231001235E
:10CE200092F8240000F01F0003FA00F0234610BC23
:10CE3000184710BC704710B4026941684FF40050A5
:10CE4000096892F82530486154685B0964B102337F
:10CE500052F82310012392F8250000F01F0003FA76
:10CE600000F0234610BC184710BC704710B402698C
:10CE700041684FF48040096892F826304861546850
:10CE80005B0964B1023352F82310012392F82600A3
:10CE900000F01F0003FA00F0234610BC184710BC36
:10CEA000704710B4026941684FF40040096892F875
:10CEB0002730486154685B0964B1023352F823108B
:10CEC000012392F8270000F01F0003FA00F0234628
:10CED00010BC184710BC7047002208B511460D2041
:10CEE000F5F76EFA0D20F5F749FA00220E201146EB
:10CEF000F5F766FA0E20F5F741FA00220F201146E9
:10CF0000F5F75EFA0F20F5F739FA002210201146E6
:10CF1000F5F756FA1020F5F731FA002211201146E4
:10CF2000F5F74EFA1120F5F729FA002212201146E2
:10CF3000F5F746FA1220F5F721FA002213201146E0
:10CF4000F5F73EFA1320F5F719FA002214201146DE
:10CF5000F5F736FA1420F5F711FA002215201146DC
:10CF6000F5F72EFA1520F5F709FA002216201146DA
:10CF7000F5F726FA1620F5F701FA002217201146D8
:10CF8000F5F71EFA1720F5F7F9F9002218201146D7
:10CF9000F5F716FA1820F5F7F1F9002219201146D5
:10CFA000F5F70EFA1920F5F7E9F900221A201146D3
:10CFB000F5F706FA1A20F5F7E1F900221B201146D1
:10CFC000F5F7FEF91B20F5F7D9F900221C201146D0
:10CFD000F5F7F6F9BDE808401C20F5F7CFB938B5EC
:10CFE0000446807AF5F76AFD6169054649B1637ABE
:10CFF000DB0704D4C36920461B689B68984700235D
:10D00000636121462846BDE8384001F021BD30B5B6
:10D0100009060546847C14D414F0400016D0298AF1
:10D02000C3F30A00C1F30A01884222D802F00300C8
:10D03000022809D003280AD0012811D004F00100E9
:10D0400004E014F02000E9E7C4F3800030BD14F0E0
:10D050000200FBD013F4C05F09D0C4F30010F5E761
:10D0600014F0080205D013F4C05FEFD0F5E70120FB
:10D07000ECE70020EAE7A030D0E8AF0F00F00100B5
:10D080007047A030D0E8AF0FC0F34000704701F008
:10D090000F030269090648BF103352F82300704796
:10D0A000007DC0F30010704708B502691046FFF715
:10D0B000E2FF60B9087E00F00F03000648BF10339E
:10D0C00042F82310084601F0B0FC002008BD6FF0C4
:10D0D0000C00FBE700220023FCF7F4BB01F0C2BC0C
:10D0E00001F0ABBC1FB504698DF80410CDE9022036
:10D0F000D4F8983001A9984704B010BD1FB5034675
:10D10000046906208DF804002046CDE90213FFF7DC
:10D11000B2FF40B1C1F81E201846D4F8982001A9EA
:10D12000904704B010BD4FF0FF30FAE738B5054620
:10D130000C462046FFF7CEFF014600B938BD6FF020
:10D1400070022846FFF7DAFFF3E72DE9F843066996
:10D1500007460D46D6F80090D6F840804FF0FF32D3
:10D160004FF0FF3306F18400FCF7EAFA4046FFF780
:10D17000B1FF014618BB4846FFF7ACFF044620BB91
:10D1800099F8143023F0100389F8143098F814300B
:10D1900023F0100388F8143024BB012286F8B02055
:10D1A000EDB12B68C6F8A8306B6886F8B120C6F8D8
:10D1B000AC3038698430BDE8F843FCF733BB6FF01E
:10D1C00067023846FFF79AFFD0E7637EDB07D7D4C4
:10D1D0006FF0670221463846FFF790FFCBE786F8ED
:10D1E000B150E6E72DB10822294604F10C00FEF704
:10D1F00053FE002221463846FFF780FFD9E72DE98C
:10D20000F8430546884614461F46D0F80890FFF7B5
:10D210003EFF0646002834D02846D9F83C309847CF
:10D220004146224630463B88FFF7F1FE804688B1F2
:10D2300083B92B6904F0030493F88030DB0753BFF4
:10D2400040224FF480624FF400711146022C0DD041
:10D25000032C11D02846D9F840309847B8F1000F78
:10D2600014BF00206FF08500BDE8F883338A8B423D
:10D2700028BF0B463B80EDE7338A934228BF134615
:10D28000F8E76FF01200EFE72DE9F3411F464B0678
:10D2900004460D461646D0F808801BD0D8F83C301E
:10D2A00098472069FFF7EDFE88B19DF820302946A8
:10D2B000009332463B462046F8F7DEFB0546204603
:10D2C000D8F840309847284602B0BDE8F0814FF0CA
:10D2D000FF35F4E76FF01505F5E770B54B0604462A
:10D2E0000D46866812D0F36B98472069FFF7C3FE9E
:10D2F00048B129462046F8F703FC05462046336C22
:10D300009847284670BD4FF0FF35F7E76FF01505D9
:10D31000F7E770B5054686680C46F36B98472869B1
:10D32000FFF7AFFEB0B121462846FFF7B0FE014639
:10D3300098B1037DDB0710D5437E03F00303012B77
:10D340000ED02846F368984704462846336C984721
:10D35000204670BD4FF0FF34F7E76FF01204F4E79A
:10D360006FF08504F1E7F8B5064687680C46FB6B5D
:10D3700098473069FFF785FEE0B121463046FFF758
:10D3800086FE0546C8B1037DDB0716D5437E03F054
:10D390000303012B14D001463B69304698470446ED
:10D3A00018B92B7D60F341032B7530463B6C9847D1
:10D3B0002046F8BD4FF0FF34F7E76FF01204F4E7B2
:10D3C0006FF08504F1E72DE9F041054686680769AD
:10D3D000F36B0C4698472869FFF753FE98B394F80F
:10D3E000188028464146FFF752FE014670B3037D80
:10D3F000DA072BD518F07F0F20D197F8B030EBB1BA
:10D40000637EDB0717D597F8B13033B1082207F1F7
:10D41000A80104F10C00FEF73FFD002287F8B020C0
:10D4200021462846FFF76AFE04462846336C984793
:10D430002046BDE8F0816FF06702F1E722462846FA
:10D4400073689847F0E74FF0FF34EEE76FF012048F
:10D45000EBE770B504468568EB6B98472069FFF7EA
:10D460000AFED8B923691E6C56B923691E687EB9B5
:10D47000002620462B6C9847304670BDF5F7A4FB7C
:10D480003046FFF727FE0028F8D1EEE7F5F79CFBC2
:10D490003046FFF71FFE0028F8D1E9E76FF00F06CE
:10D4A000E7E770B505460C468668F36B984721465A
:10D4B0002846FFF7ECFD48B101F0D4FAB0FA80F449
:10D4C00064092846336C9847204670BD0124F8E76C
:10D4D00070B5054686680C46F36B98472869FFF7D8
:10D4E000CAFD80B121462846FFF7D1FD014668B14B
:10D4F00004681CB12846B368984704462846336C34
:10D500009847204670BD4FF0FF34F7E76FF01204E4
:10D51000F4E708B5036900211B685A8BF8F71AFB7A
:10D5200028B1437E23F0070343F00103437608BD8F
:10D5300008B539B90369013A1B685B8B1A44B2FB21
:10D54000F3F25A43F8F706FB28B1437E23F00703B2
:10D5500043F00203437608BD08B561B903691B684F
:10D560005A8BF8F7F7FA28B1437E23F0070343F00C
:10D570000403437608BD0022F3E770B505468668CC
:10D58000F36B98472869FFF77CFD044620B13368A8
:10D590003BB12846984704462846336C98472046B6
:10D5A00070BD0124F8E7F8B5044687680669FB6B8F
:10D5B00098472069FFF75FFDB8B12069FFF761FD6B
:10D5C000B0B92046FB6A9847054648B906F1A00362
:10D5D000D3E8EF1F41F00201C3E8E21F002AF7D1B0
:10D5E00020463B6C98472846F8BD4FF0FF35F7E7DB
:10D5F0006FF07705F4E7F8B5044687680669FB6BBA
:10D6000098472069FFF73DFD90B13B6B2046984756
:10D61000054606F1A003D3E8EF1F21F00201C3E89D
:10D62000E21F002AF7D120463B6C98472846F8BDF8
:10D630006FF07705F7E72DE9F041054614460F46F0
:10D64000D0F80880066911B30AB3D8F83C3098477F
:10D650002869FFF710FDB8B9C6E926742846D8F83E
:10D6600034309847044640B9A036D6E8EF3F43F03F
:10D670000103C6E8E23F002AF7D12846D8F8403037
:10D6800098472046BDE8F0816FF07704F5E76FF02A
:10D690001504F6E7F8B5044687680669FB6B9847FA
:10D6A0002069FFF7EEFCB0B92069FFF7E4FCA8B1F0
:10D6B000BB6B20469847054606F1A003D3E8EF1F51
:10D6C00021F00101C3E8E21F002AF7D120463B6C9C
:10D6D00098472846F8BD6FF00F05F7E76FF077051C
:10D6E000F4E78388C2888168D21A03685B1AD01A6B
:10D6F000704700230822824204D3D8B270475200F8
:10D7000092B2F8E701330A2BF9D1FF20704730B508
:10D7100002F0030422F003020A4491420AD144B108
:10D7200000230068D90020FA01F1D15401339C4252
:10D73000F8D130BD036804311D0A01F8035C1D0CEB
:10D7400001F8043C01F8025C1B0E01F8013CE4E71F
:10D7500030B543680A7E1B6832F080054FF0200424
:10D7600003F5805314D10269D2F8A400EFF31181BC
:10D7700084F31288BFF36F8F9D739A7C22439A744F
:10D7800080F89C5081F31188BFF36F8F002030BD6B
:10D79000EFF3118084F31288BFF36F8F02F00F0252
:10D7A0009A7391F91820002AB5BF9A7C9A7D42F0AD
:10D7B000100242F02002B4BF9A749A7500229A7344
:10D7C00080F31188BFF36F8F0B7D43F002030B755D
:10D7D000DCE7436801F07F011B68002003F58053FC
:10D7E0001970704743681B6803F580535B7813F02A
:10D7F000100F0CBF01200220704701234A0901F0DD
:10D800001F018B40DB4300EB8200D0E8EF2F1A4072
:10D81000C0E8E12F0029F8D1704703460022D3E881
:10D82000EF0FC3E8E12F0029F9D1704770B5044626
:10D8300050F8080C94F8306045682B6803F5805365
:10D8400093F8603003F01803A3F1180251425141DC
:10D850008E4208D00022182B84F830100CBF1146DD
:10D860000121FFF73FFC0A23EA6A2046BDE8704029
:10D87000A2FB0323FCF770BAFEF772B92DE9F0475B
:10D8800003690A7ED3F8A4604368074688461C688B
:10D8900002F07F05EFF31189202383F31288BFF391
:10D8A0006F8F04F58054DDB9A573E37C06F5C07075
:10D8B00043F00103E374FFF7B0FF06F5C870FFF70C
:10D8C000ACFFC6F88C5186F89C5041463846FFF7AD
:10D8D0002DFC89F31188BFF36F8F0020BDE8F0871E
:10D8E0004FF0010A0AFA05FA1FFA8AFA6FEA0A03E8
:10D8F00091F918109BB2002902F00F0224DAE18896
:10D9000006F5BA700B40E380A273A37C294643F06E
:10D910000803A374A37C9A0742BFA37C43F00803C7
:10D92000A374A37C03F0FE03A374FFF766FF2946EC
:10D9300006F5BC70FFF761FF0023A373E3889BB279
:10D9400043EA0A03E380C0E7218906F5BE700B4075
:10D950002381A273A37D294643F01003A375A37D01
:10D96000DB0742BFA37D43F01003A375A37D03F043
:10D97000FE03A375FFF741FF294606F5C270FFF7C6
:10D980003CFF294606F5C470FFF737FF0023A37359
:10D9900023899BB243EA0A03238196E79A20F4F78E
:10D9A000FBBC002208B59A201146F4F709FDBDE83A
:10D9B00008409A20F4F7E2BC0023F0B51A461C4652
:10D9C000C9086509283550F8255004F01F06F540B0
:10D9D000ED0709D4002A08BF23460132914204D141
:10D9E0001A460127194416E000220134B4F5906F5D
:10D9F000E7D19142F4D94FF6FF7010E05C0900EBDB
:10DA00008404D4F8A05003F01F0607FA06F6354345
:10DA1000C4F8A05001338B42F0D3D00080B2F0BDE7
:10DA2000FFF7CABF2DE9F74F0369426891F81880E4
:10DA3000D3F8A440136818F0700F0F46009308F055
:10DA40007F094FFA88FA40F09480488BC0F30A00AF
:10DA5000082838BF0820FFF74CFEFF28054600F0D5
:10DA600088800821814089B2EFF31183202201933D
:10DA700082F31288BFF36F8FB9F1000F30D14FF6E8
:10DA8000FF76B4F83001B04208D12046FFF7C8FF56
:10DA9000B04203D0A4F83001A4F85001019B83F3F5
:10DAA0001188BFF36F8F4FF6FF73984264D0009BCD
:10DAB00008F00F0803F58054C0F3CF0084F80E80FF
:10DAC000B9F1000F2CD184F8625084F86350A4F8A7
:10DAD0006400A4F866000020A07303B0BDE8F08FD6
:10DAE0004FEA4906BAF1000F4FF6FF7B26440BDAE6
:10DAF000B6F830015845D1D12046FFF791FF58457F
:10DB0000CCD0A6F83001C9E7B6F850015845C5D1C8
:10DB10002046FFF785FF584518BFA6F85001BDE71E
:10DB20000123BAF1000F03FA09F39BB210DA84F86B
:10DB30006250A4F864007A8BC2F30A022282A27CAB
:10DB400042F04002A274E28892B21343E380C2E73B
:10DB500084F86350A4F866007A8BC2F30A02A282AA
:10DB6000A27D42F08002A275228992B213432381E2
:10DB7000B1E76FF01500B0E76FF00B00ADE770B5DF
:10DB80000126D208CB0802EBD102590900EB810132
:10DB9000D1F8A04003F01F0506FA05F5013324EA89
:10DBA00005049342C1F8A040EFD370BD2DE9F843BE
:10DBB000036991F81890D3F8A460436819F07007CE
:10DBC0001D6809F07F044FFA89F86DD1488BC0F3C6
:10DBD0000A00082838BF0820FFF78BFDFF2863D014
:10DBE000082209F00F09824005F5805392B283F8AC
:10DBF0000E902CBB83F8624083F86340A3F8644026
:10DC0000A3F8664000219973EFF31185202383F375
:10DC10001288BFF36F8F64BB4FF6FF74B6F83011F4
:10DC2000A14206D03046FFF7AAFFA6F83041A6F879
:10DC3000504185F31188BFF36F8F0020BDE8F88352
:10DC40000121A140C943B8F1000F89B208DAD88890
:10DC50000140D98083F86270A3F864701F82D1E715
:10DC600018890140198183F86370A3F866709F8258
:10DC7000C8E76400B8F1000F4FF6FF77344409DAC3
:10DC8000B4F83011B942D4D03046FFF778FFA4F889
:10DC90003071CEE7B4F85011B942CAD03046FFF720
:10DCA0006EFFA4F85071C4E76FF01500C6E7006975
:10DCB00084304FF0FF324FF0FF33FBF741BD006976
:10DCC0008430FBF7AFBD01F013BA01F00EBA01F0DA
:10DCD0008FB801234A0901F01F018B4000EB82003D
:10DCE000D0E8EF2F1A43C0E8E12F0029F8D17047A0
:10DCF000012301F01F02934030B5DC43490900EBDA
:10DD00008100D0E8EF2F02EA0401C0E8E51F002DF2
:10DD1000F7D103EA0200003818BF012030BDF8B582
:10DD2000D0F8A450107E8C4600F07F06EFF31187E8
:10DD3000202181F31288BFF36F8F518B0CF5805433
:10DD400000F00F02A27305F5BC75720905EB8202A3
:10DD5000D2E8AF2F00F01F00024112F0010206D0FE
:10DD60000023A37387F31188BFF36F8FF8BD06F507
:10DD700081600CEB800C188AC1F30A01814228BF34
:10DD8000014691420CD803F10C00FEF7A7F8A37CE2
:10DD9000314643F001032846A374FFF79AFFDFE7FB
:10DDA000D868805C01328CF80000EAE7F8B50B7E99
:10DDB0000C4613F07F0105464ED042681768026991
:10DDC000D2F8A400EFF31186202282F31288BFF369
:10DDD0006F8F03F00F0207F580539A7394F91820A0
:10DDE000002A3BDA9A7C02F0CF029A749A7C42F0C5
:10DDF00040029A749A7C42F008029A749A7C9207C4
:10DE000042BF9A7C42F008029A749A7C02F0FE02A9
:10DE10009A7400229A7386F31188BFF36F8F237D63
:10DE200062F34103237594F91830934214DA00F534
:10DE3000BC70FFF7E2FC2046FFF750F9064620468B
:10DE4000FFF72EF940B93EB1338A2BB13346224653
:10DE500039462869FFF763FF0020F8BD9A7D02F07C
:10DE60009F029A759A7D42F080029A75D1E72DE95A
:10DE7000F04F0446036987B0D3F8A4300393436896
:10DE80001B680593039B03F188074FF0FF324FF0A7
:10DE9000FF3340F29F11CDE900233846002201F004
:10DEA0002BF94207064608D504213846FFF70BFF39
:10DEB000002204212046FFF715F933070CD508216D
:10DEC0003846FFF700FF01212046F7F793FD0022B7
:10DED00003212046FFF706F9F5060CD51021384638
:10DEE000FFF7F1FE00212046F7F784FD0022022112
:10DEF0002046FFF7F7F8300600F1B080F10511D5A4
:10DF00004FF480713846FFF7DEFE039B03F5BE70C9
:10DF1000FFF783FC8046039B03F5C27AB8F1000F3C
:10DF200040F03E81B50740F18B8002213846FFF773
:10DF3000CAFE80212046FFF7AAF8039B814603F51D
:10DF4000C070FFF76AFC00283AD023690021204600
:10DF5000D3F8A480FFF79BF8802105462046FFF701
:10DF600096F8049015B32846FFF7B8F8F0B1437E51
:10DF700013F0010300F060812846FFF7ABF88246FA
:10DF80002846FFF7ABF818B1427ED10740F1558122
:10DF9000BAF1000F0AD00022DAF80C1028460A6005
:10DFA0004A605146AAF81020FFF79AF8204608F573
:10DFB000CC71FFF7CAF8002D40F03381A8F89651D4
:10DFC000B9F1000F3CD04846FFF788F88046B8B357
:10DFD000038A23B9457E15F0080500F0698123699D
:10DFE0008021D3F8A45063682046D3F80090FFF74F
:10DFF0004EF8418BB8F81030C1F30A01994228BF9E
:10E000001946002209F58059914200F2488108F131
:10E010000C00FDF763FFB8F81020002A40F046819D
:10E0200098F8193062F3C3030A2288F819304FF0C8
:10E03000010385F89C3099F81230134389F81230A7
:10E04000F3077FF51FAF38460121FFF73CFE039B26
:10E05000204603F19401FFF778F813E78021384652
:10E06000FFF731FE63681B6804932369D3F8A400AB
:10E0700000F5BA70FFF7D1FB8146049B03F5805889
:10E08000B9F1000F3FF43AAF99FAA9FA0123BAFAAD
:10E090008AFA204603FA0AF24AF0800129EA0209C4
:10E0A000FEF7F5FF05460028EAD0FFF717F800282D
:10E0B000E6D0028AA2B32A7D12F00202E0D1EFF389
:10E0C000118B202181F31288BFF36F8F049BB5F869
:10E0D0001AC00AF5816503EB85050AF00F0388F87D
:10E0E0000E30018ACCF30A0C614528BF6146134605
:10E0F000994210D80C30FDF7F1FE98F8123043F039
:10E10000010388F81230002388F80E308BF3118851
:10E11000BFF36F8FB4E7C268D25C01332A70E7E7C0
:10E1200090F819B01BF0080B1DD02A7D12F00202E6
:10E13000A6D1EFF31181202585F31288BFF36F8FED
:10E140000AF00F0388F80E3098F8123043F00103FC
:10E1500088F81230437E62F3C303437688F80E20BA
:10E1600081F31188D4E72846FEF7B4FF5A460146EA
:10E170002046FEF7C3FF2846FEF7B0FF03460028FF
:10E180003FF47EAF028A002A3FF47AAF2A7D9207DD
:10E190003FF576AF2A4604992069FFF7C0FD6FE787
:10E1A00098FAA8F50123B5FA85F52046AB40294633
:10E1B00028EA0308FEF76BFF834600283FF4AEAE63
:10E1C000FEF788FF814600283FF4A8AEDAE8AF3FAB
:10E1D0002B41D8071FD55846FEF780FFD8B12946F6
:10E1E0005046FFF785FDB0B1EFF31181202383F393
:10E1F0001288BFF36F8F059B05F00F0503F5805361
:10E200009D739A7D02F0FE029A7500229A7381F343
:10E210001188BFF36F8F002249462046FEF76EFF3C
:10E220007CE62846FEF75AFF10B9A8F89601C7E623
:10E23000437E13F001032ED19A464FF0000B28467F
:10E24000C8F88CB1FEF746FF5A4601462046FEF755
:10E2500055FF0498FEF742FF10B1427E520711D4D9
:10E260000022A8F89621BAF1000F3FF4A9AEDAF81F
:10E270000C1028460A604A605146AAF81020FEF7A2
:10E280002FFF9DE60498FEF725FF5A4601462046DB
:10E29000FEF734FFE4E70023A8F8963190E6D8F8BB
:10E2A0000C309B5C013289F82030ADE60222BEE6DC
:10E2B0004846FEF70FFF2A4601462046FEF71EFF9E
:10E2C000BEE610B5807A0C46F4F7F8FBC369214628
:10E2D000BDE81040586800F083BAF7B50D46807A63
:10E2E00017461E46F4F7EAFB2C68C369033424F092
:10E2F0000302586804212A60CDE90076FBF706F98D
:10E3000000B9286003B0F0BD0023F3F759B92DE937
:10E31000F04145680846D5E900680C46AF68F8F753
:10E320002DFB002878D1A30E092B75D8DFE803F068
:10E33000080F1A2C054C535F056A0220BDE8F081D6
:10E3400073699C076CD5306900F001001AE0F36A2C
:10E35000980765D5B36F002B60D13069C00900F014
:10E360000200EBE7E4B206F1400353F82430012049
:10E3700013F0020FE2D033691834A04098430CBF69
:10E38000012000204000D9E70620E4B2B4FBF0F3FE
:10E39000316903F11805E940C907DAB240D500FB3D
:10E3A0001344E4B2032C4FEA820294BF06F14C03FB
:10E3B00006F15003134404F00304E4001A68073420
:10E3C0000123A340134219E0D8F81C309A0727D53F
:10E3D000D8F80C00B8E7E4B204F1080357F823308A
:10E3E000DB051DD578680234E040C043ACE7C4F3D8
:10E3F0000524203457F8243013F0400F14BF0220B6
:10E4000001209BE7C4F30552EB680E3203EB820355
:10E410005A68C4F38534D3E703208FE700208DE7E3
:10E4200001208BE72DE9F3474FF000090C4601EB83
:10E430000121456841F03F6141F47C218046174647
:10E440002E68D0F810A0CDF80490FFF760FF0228E6
:10E4500003D0C7F8009000201CE006F1400353F8F9
:10E460002430C3F30223012B17D0022B2CD0BBB9CD
:10E47000AA68631C04F1210152F8211003EB430345
:10E480005A00404601AB02F0FE0201F00F01F8F71E
:10E4900037FB28B102B0BDE8F087DAF8003001930D
:10E4A00006F1480353F82430443613F03F031EBFEF
:10E4B000019AB2FBF3F2019256F82420019BC2F3B9
:10E4C000090253433B60C6E7404601A9F8F7BEFB8B
:10E4D000DFE7F0B406240A4691FBF4F104FB1124B3
:10E4E0004368664206F003061F6804F0030358BF42
:10E4F0007342032C4FF00104D4BF4C3750378E00C9
:10E500003E44DB003768073304FA03F305693B43F5
:10E5100033602B8F063294401C43EB6A2C87CB4030
:10E52000DA0706D42B6BCB40DB0702D5F0BCF8F73B
:10E53000D5BE0020F0BC704710B54468C1F305207B
:10E54000A1689B0101EB8001D1F8800003F040033A
:10E5500002F00F0220F04F0013430343C1F8803054
:10E5600010BD10B543680120C1F38534DB68C1F3E9
:10E57000055189000B44012ADA6B00FA04F00CBF44
:10E5800002438243DA6310BD30B503681360057936
:10E59000046804EBC504A34202D36FF0010030BD50
:10E5A0005C7908338C42F1D10020F8E783681B685E
:10E5B00003B118476FF05700704783681B6903B1B8
:10E5C000184703207047036903F12402483352F8C7
:10E5D000040B9A4241F8040BF9D100207047FDF773
:10E5E000BFBA43685B68586AC0F30040704743682D
:10E5F0005B685A6AD2075ABF586AC0F340000120CC
:10E60000704738B5002403694568A3F8604083F873
:10E610005C4083F85D40FAF739F90A21A86920EADD
:10E62000E070A0FB010100F0CAFB204638BD436842
:10E630009B681A7E520743BF9B6A00200B706FF0E5
:10E640000F00704743689B681A7ED207FCD5996219
:10E6500070470269002013680B6053684B60704775
:10E6600043689B68588B5A8BC0F3800092075A8B83
:10E6700048BF40F0040002F0010240EA42005A8B19
:10E68000D1065A8B48BF40F0080092065A8B48BF0B
:10E6900040F0100092B242F037025A83704702688D
:10E6A000012922F070620346026004D002290CD0D6
:10E6B000026802607047026842F08072026042683D
:10E6C00042F400525A60FAF7E3BA026842F08072EC
:10E6D0000260426822F40052F4E738B5044648B1BB
:10E6E000FAF74EFD782305465C43FAF749FD431BD4
:10E6F000A342FAD338BD10B5436904463BB90020A4
:10E70000E2684042537843F00103537010BD9847CC
:10E710000028F4D00028B8BF4042FF28A8BFFF203F
:10E72000E3681870ECE740B1C368587810F0010056
:10E730001EBF1878B0FA80F040097047EFF31183DC
:10E74000202383F31288BFF36F8FFEE72DE9F04F8C
:10E7500089B0DDE91268059243460546324606A8AF
:10E760000F4600F008FCDDE90634CDE90234EFF392
:10E7700011844FF0200989F31288BFF36F8F05F1E0
:10E780000C0A05F1140B39462846059A149B984744
:10E7900030B184F31188BFF36F8F09B0BDE8F08FFB
:10E7A00056EA0806F5D0DDE9022306A800F008FCC9
:10E7B000DDE90668524621465846CDE90068FBF778
:10E7C00033FDEFF3118489F31288BFF36F8FDAE71B
:10E7D00010B400F10C04C0E9034410BCFCF7FEBD0A
:10E7E00038B50446EFF31185202383F31288BFF375
:10E7F0006F8FF2F713F804F10C0000F0D1FA30B18A
:10E80000294604F11400BDE8384000F0AFBA85F3A2
:10E810001188BFF36F8F38BD10B542696AB1836844
:10E8200042EA0301890708D10169A2FB011424B956
:10E830005B182CBF0121002102D36FF0150005E009
:10E84000C1609B1A02698A4201D8002010BDC268CB
:10E8500001311A604269C3609B1AF3E72DE9F04168
:10E8600005460F46EFF31188202383F31288BFF388
:10E870006F8FC668FEB90468A0421CD0DCB1D4E931
:10E88000003213605A60237CC4E9006623F002035F
:10E890002374A66004F1180000F032FB2046C4F88F
:10E8A0008060676100F004FA414605F10800BDE8A8
:10E8B000F04100F05BBA3E60AB69EF60013BAB61D9
:10E8C00088F31188BFF36F8FBDE8F081202408B56D
:10E8D000EFF3118384F31288BFF36F8FFDF787FA8C
:10E8E000F6E7D0E9003213605A600023027CC0E9E9
:10E8F000003322F0020202748360704713B50124D2
:10E900000094FAF753FE02B010BD90F90E308B421E
:10E9100001D0FBF7B5BC0020704703460020C3E9D7
:10E920000033C3E902007047D0E9003213605A6037
:10E930000023027CC0E9003322F0020202748360EB
:10E9400070472DE9F843904604460D469DF8202077
:10E95000EFF31187202181F31288BFF36F8F02B18B
:10E960004568A66804F10809B14516D0AEB1002487
:10E970003046FFF7D9FF06F1180000F0C1FA304623
:10E98000C6F88040C6F8148000F092F9484639462F
:10E9900000F0ECF92046BDE8F883A3B10820FCF7AD
:10E9A00055F8002832D00122C0F8048002600168C6
:10E9B00001F003015DB922680A43026062682060C9
:10E9C0006AB960600BE04046C8F80030EFE72A689B
:10E9D000032A10D80160616839B9C4E90000002039
:10E9E00087F31188BFF36F8FD5E70A6802F003023F
:10E9F00002430A60E5E722F003020A4302602A6844
:10EA000002F0030240EA02032B60E8E76FF00B001C
:10EA1000E6E710B5044630B10268930703D04468B6
:10EA200009B100F06CFB204610BD0023C0E90033A3
:10EA300000F10803C0E902337047012307B50093D2
:10EA400000230A461946FFF77CFF03B05DF804FB7C
:10EA5000002307B50A4600931946FFF772FF03B07B
:10EA60005DF804FB00210068FFF7D3BF3AB18A428A
:10EA700005D3C0E90212C0E90000002070476FF022
:10EA800015007047012302688B4022EA03030360EC
:10EA900022FA01F000F00100704710B5032104468E
:10EAA0000C30FFF7EFFF30B104F1100000F028FA4E
:10EAB000B0FA80F0400910BD20B100229430114618
:10EAC00000F0DBB9704770B5C3680446C3F3400675
:10EAD0009B0716D4856802210C30FFF7D3FF80B165
:10EAE000D5F88C206AB194421DD122689EB9D5F820
:10EAF0009030C5F88C209C4201D1C5F890200023AD
:10EB00002360E36813F01F001EBF43F00203E360BD
:10EB100040F0020070BD3260D5F89020944208BFEA
:10EB2000C5F89060EBE716461268DBE773B504465C
:10EB3000EFF31185202383F31288BFF36F8F002337
:10EB40000193D0E90423B3F1004F08BF012A05D097
:10EB500085F31188BFF36F8F02B070BDA0F110066E
:10EB600003210438FFF78EFF0028F1D0A369304657
:10EB700001A90193FBF700F8EAE738B530220D460A
:10EB80000021044600F0CFFA4FF480736560E36023
:10EB900038BDF8B504460D46EFF31187202383F303
:10EBA0001288BFF36F8FC36803F01F03002B14BFDD
:10EBB0000126002609D0FFF770FF2046FFF783FFEC
:10EBC00029462046FAF7BAFF034687F31188BFF3B8
:10EBD0006F8F3BB14FF0FF324FF0FF3305F108006C
:10EBE000FAF7D6FE3046F8BDEFF30580003818BFBF
:10EBF000012070476FF0570070470020704738B50C
:10EC00008589EFF31181202282F31288BFF36F8F81
:10EC1000037C13F0080404D081F31188BFF36F8FD5
:10EC200038BD0122FBF706FAEB07F9D584F311880A
:10EC3000BFF36F8F0423184602DFF1E7FBF7B2BA88
:10EC4000D0E9003213605A600023C0E900337047F6
:10EC500008B5FFF7F5FF037C23F0020303740023DC
:10EC6000836008BD38B504460D46FBF72FF9237CB9
:10EC700043F002032374D5B1A5602B689D4209D1EE
:10EC80006B68C4E900531C606C6010E06A689A42CB
:10EC9000F6D01B68002BF3D093F90E1094F90E20D8
:10ECA0009142F3DD5A68C4E9003214605C6038BDFB
:10ECB00010B5EFF31184202383F31288BFF36F8F15
:10ECC000FBF72EF984F31188BFF36F8F10BDFBF7AC
:10ECD00027B9FBF7FBB808B5EFF31181202282F3C7
:10ECE0001288BFF36F8F83680BB1FFF7B1FF81F319
:10ECF0001188BFF36F8F08BD08B5037C014613F080
:10ED0000280F0CD183680BB1FFF7A2FF0B7C0846DC
:10ED100023F004030B74BDE80840FBF701B908BDFC
:10ED200010B5EFF31184202383F31288BFF36F8FA4
:10ED30001838FFF7E1FF84F31188BFF36F8F10BD20
:10ED400008B50346EFF31181202282F31288BFF346
:10ED50006F8F0068834207D008B1FFF779FF81F316
:10ED60001188BFF36F8F08BD0020F8E70846FBF756
:10ED700017B938B5054604680020AC4200D138BD4B
:10ED8000002CFCD02046FFF763FF04F1180000F0D0
:10ED9000B7F82046FBF7C4F82C680120A542EDE740
:10EDA00010B5EFF31184202383F31288BFF36F8F24
:10EDB000FFF7DFFF84F31188BFF36F8F10BD38B505
:10EDC00005460C46FBF7C8FAB4F1FF3F08BFB5F1A2
:10EDD000FF3F0AD0C11709304FF00A024FF000037D
:10EDE00041F10001F1F70CF938BD4FF0FF30FBE7BE
:10EDF000C117633008B54FF064024FF0000341F1D2
:10EE00000001F1F7FDF8C117FBF7A6FA6423584398
:10EE100008BD2DE9F04706460F4691469A46EFF3A6
:10EE20001188202383F31288BFF36F8F0068864216
:10EE300006D028B1736898420CBF0025056868B9F0
:10EE40000024B9F1000F02D051462046C84788F38C
:10EE50001188BFF36F8F2046BDE8F0875146B84751
:10EE600004460028EDD135B17368AB4200D02C6860
:10EE700028462546E3E72C46FAE738B5EFF3118537
:10EE8000202383F31288BFF36F8F0468A0421CD045
:10EE9000ECB1C4F880106261D4E9003213605A60AA
:10EEA0000023227CC4E9003322F002022274A36012
:10EEB00004F1180000F024F82046FFF708FF0120B5
:10EEC00085F31188BFF36F8F38BD0020F8E7204627
:10EED000F6E708B50246FBF74DFB70B1D0E9043107
:10EEE0009B1A61EBE272B3F1004F72F1000104DA98
:10EEF000002AACBF1846002008BD6FF00040FBE7B9
:10EF0000024638B5EFF31185202383F31288BFF34F
:10EF10006F8F0368D3B1FBF72DFB04461046FBF758
:10EF20003BFB00224FF000438442C0E9042305D09C
:10EF3000002085F31188BFF36F8F38BDFBF722FBEC
:10EF4000FFF7C7FF0021FAF781F8F1E7D0E90413D2
:10EF5000B3F1004F08BF012904D100204FF0004158
:10EF6000C2E904016FF01500E3E708B5FBF71CFCEC
:10EF700008BDFBF719BCB3F1FF3F08BFB2F1FF3F7B
:10EF800070B506461D46144614D01A4316D0002B01
:10EF900008DBFBF709FC041941EB0501C6E9004158
:10EFA000304670BD6FF001031C1B4FF0FF3363EB65
:10EFB0000501F3E74FF0FF342146EFE70024FBE7BC
:10EFC000B3F1FF3F08BFB2F1FF3FF8B50746164661
:10EFD0001C4610D054EA020311D0FBF7E5FBB04207
:10EFE0000A46A14103460AD2F31A64EB0204C7E9B8
:10EFF00000343846F8BD4FF0FF331C46F7E70023D6
:10F00000FBE70023C0E9081200F11802C0E906225C
:10F01000C0E900330363436370472DE9F3470446B7
:10F02000DDE90A9815460E4659B302F0010AFBF7CE
:10F0300009FA0746EFF31181202383F31288BFF307
:10F040006F8FA80744BF0023A360A36803EA0600EC
:10F05000BAF1000F0CD086420CD16A0744BF83433B
:10F06000A36081F31188BFF36F8F02B0BDE8F08712
:10F070000028F2D159EA080305D181F31188BFF3C2
:10F080006F8F0020F1E7C7E918652246CDE90098A7
:10F0900004F10C00FBF7C8F80028F2D1386EE4E761
:10F0A00010B50B680446D0E9180212F0010F03EA0C
:10F0B000000301D0984211D183B12366520748BFA3
:10F0C0004A6804F1180044BF1A434A60FFF718FF6A
:10F0D00000232046C4F88030FFF70EFE002010BD4C
:10F0E0000023C0E90000836070470A46FBF762BC5A
:10F0F0000A460021FBF75EBC5200FFF78EBF20B12D
:10F10000011F50F8040CFFF76BBB70470A44431E05
:10F11000914200D1704710B511F8014B914203F8AC
:10F12000014FF9D110BD02440346934200D170470C
:10F1300003F8011BF9E710B56AB10139841810F81A
:10F14000012B11F8013F9A4203D1A04201D0002ABD
:10F15000F5D1D01A10BD1046FCE70246014410B5A7
:10F160008A42134603D01C780132002CF8D1181AB9
:10F1700010BDF0B5C3F13707044603F01F03104676
:10F18000FFB2082BE6B232D0102B3DD06508A408A0
:10F1900045EAC17544EA81748A082D1942EB51028F
:10F1A000290941EA02716D1842EB1212290A41EA5B
:10F1B00002616D1842EB1222290C41EA02416D18DE
:10F1C00042EB1242AD1842F10002EC0844EA4274EC
:10F1D000D10804EB8402A6EB4205EDB2092D0CD94F
:10F1E0000134A5F10A0541F10001EDB212E0E40895
:10F1F00006F0070544EA4174C908303554EA0102B3
:10F2000000F8015BBDD1F0BD240906F00F0544EA0A
:10F2100001740909092D84BFED19EDB2EDE7D1E9BB
:10F22000043293421EBF5A1C0A61187070470000D6
:08F23000280EFF7F0100000021
:10F2380000000000B8F2000CE994000C0000000087
:10F248002995000C0000000000000000D4F2000C1A
:10F2580000000000F0F2000CF180000C000000003B
:10F26800AD8F000C000000000911000C0000000028
:10F27800612A000C0000000069AA000C00000000D0
:10F28800000000000CF3000C0000000028F3000C44
:10F29800F155000C000000000000000044F3000CD1
:10F2A8000000000060F3000C7946000C000000002C
:10F2B8005D1E010CD0FB000C6CF8000C5C040020F7
:10F2C800241400202D7E000C00000000B615010C4F
:10F2D80028FB000C0000000058040020F01100205A
:10F2E8006959000C00000000C721010C34FC000C17
:10F2F800ACF8000C6004002060140020C58D000CE0
:10F30800000000001F00010C9802002010FB000CF8
:10F3180056040020A80200209DCB000C000000002D
:10F328001C18010C50FB000C80FB000C5A04002038
:10F33800C0020020895F000C000000008421010C3D
:10F34800F8FB000C88F8000C5E0400207403002011
:10F358004D8A000C00000000BFFF000CF0FA000C02
:10F368000000000054040020081100202558000C5B
:04F378000000000091
:10F37C0000000000D3BD000C00000000D3BD000C49
:10F38C0000000000D3BD000C00000000D3BD000C39
:10F39C0000000000D3BD000C00000000D3BD000C29
:10F3AC0000000000D3BD000C00000000D3BD000C19
:10F3BC0000000000D3BD000C00000000D3BD000C09
:10F3CC0000000000D3BD000C00000000D3BD000CF9
:10F3DC0000000000D3BD000CD4F2000CABCB000C31
:10F3EC00D4F2000CD9CB000CD4F2000C09CC000CDC
:10F3FC00D4F2000C39CC000CD4F2000C69CC000C0B
:10F40C00D4F2000C99CC000CD4F2000CC9CC000C3A
:10F41C00D4F2000CF9CC000CD4F2000C29CD000C69
:10F42C00D4F2000C5FCD000CD4F2000C95CD000C86
:10F43C00D4F2000CCBCD000CD4F2000C01CE000C9D
:10F44C00D4F2000C37CE000CD4F2000C6DCE000CB4
:10F45C00D4F2000CA3CE000C00000000D3BD000CB5
:10F46C0000000000D3BD000C00000000D3BD000C58
:10F47C0000000000D3BD000C00000000D3BD000C48
:10F48C0000000000D3BD000C00000000D3BD000C38
:10F49C0000000000D3BD000C00000000D3BD000C28
:10F4AC0000000000D3BD000C00000000D3BD000C18
:10F4BC0000000000D3BD000C00000000D3BD000C08
:10F4CC0000000000D3BD000C00000000D3BD000CF8
:10F4DC0000000000D3BD000C00000000D3BD000CE8
:10F4EC0000000000D3BD000C00000000D3BD000CD8
:10F4FC0000000000D3BD000C00000000D3BD000CC8
:10F50C0000000000D3BD000C00000000D3BD000CB7
:10F51C0000000000D3BD000C00000000D3BD000CA7
:10F52C0000000000D3BD000C00000000D3BD000C97
:10F53C0000000000D3BD000C00000000D3BD000C87
:10F54C0000000000D3BD000C00000000D3BD000C77
:10F55C0000000000D3BD000C00000000D3BD000C67
:10F56C0000000000D3BD000C00000000D3BD000C57
:10F57C0000000000D3BD000C00000000D3BD000C47
:10F58C0000000000D3BD000C00000000D3BD000C37
:10F59C0000000000D3BD000C00000000D3BD000C27
:10F5AC0000000000D3BD000C00000000D3BD000C17
:10F5BC0000000000D3BD000C00000000D3BD000C07
:10F5CC0000000000D3BD000C00000000D3BD000CF7
:10F5DC0000000000D3BD000C00000000D3BD000CE7
:10F5EC0000000000D3BD000C00000000D3BD000CD7
:10F5FC0000000000D3BD000C00000000D3BD000CC7
:10F60C0000000000D3BD000C00000000D3BD000CB6
:10F61C0000000000D3BD000C00000000D3BD000CA6
:10F62C0000000000D3BD000C00000000D3BD000C96
:10F63C0000000000D3BD000C00000000D3BD000C86
:10F64C0000000000D3BD000C00000000D3BD000C76
:10F65C0000000000D3BD000C00000000D3BD000C66
:10F66C0000000000D3BD000C00000000D3BD000C56
:10F67C0000000000D3BD000C00000000D3BD000C46
:10F68C0000000000D3BD000C00000000D3BD000C36
:10F69C0000000000D3BD000C00000000D3BD000C26
:10F6AC0000000000D3BD000C00000000D3BD000C16
:10F6BC0000000000D3BD000C00000000D3BD000C06
:10F6CC0000000000D3BD000C00000000D3BD000CF6
:10F6DC0000000000D3BD000C00000000D3BD000CE6
:10F6EC0000000000D3BD000C00000000D3BD000CD6
:10F6FC0000000000D3BD000C00000000D3BD000CC6
:10F70C0000000000D3BD000C00000000D3BD000CB5
:10F71C0000000000D3BD000C00000000D3BD000CA5
:10F72C0000000000D3BD000C00000000D3BD000C95
:10F73C0000000000D3BD000C00000000D3BD000C85
:10F74C0000000000D3BD000C00000000D3BD000C75
:10F75C0000000000D3BD000C00000000D3BD000C65
:10F76C0000000000D3BD000C00000000D3BD000C55
:10F77C0000000000D3BD000C00000000D3BD000C45
:10F78C0000000000D3BD000C00000000D3BD000C35
:10F79C0000000000D3BD000C00000000D3BD000C25
:10F7AC0000000000D3BD000C00000000D3BD000C15
:10F7BC0000000000D3BD000C00000000D3BD000C05
:10F7CC0000000000D3BD000C00000000D3BD000CF5
:10F7DC0000000000D3BD000C00000000D3BD000CE5
:10F7EC0000000000D3BD000C00000000D3BD000CD5
:10F7FC0000000000D3BD000C00000000D3BD000CC5
:10F80C0000000000D3BD000C00000000D3BD000CB4
:10F81C0044F3000CE982000C00000000D3BD000C86
:10F82C0000000000D3BD000C00000000D3BD000C94
:10F83C0000000000D3BD000C00000000D3BD000C84
:10F84C0028F3000CA561000C00000000D3BD000CD7
:10F85C0000000000D3BD000C00000000D3BD000C64
:10F86C007D73000C7571000C000000003170000CF1
:0CF87C000FE3000C00000000956C000C75
:10F8880003E6000CE583000C2589000CE3E5000C79
:10F8980000000000EFE5000CC7E5000C00000000C8
:04F8A800000000005C
:10F8AC002FE6000C45E6000C61E6000CC58C000C44
:04F8BC0053E6000C03
:10F8C0002B02010C030000006C1E010C0300000061
:10F8D000BFFF000C03000000851E010C01000000AA
:10F8E000D415010C030000004F02010C03000000BE
:10F8F0005302010C030000005303010C030000003D
:10F900003800010C03000000BA08010C03000000DD
:10F910003C09010C030000004409010C0300000035
:10F92000BB22010C030000008001010C0300000059
:10F930003715010C030000008E0A010C03000000C3
:10F940009221010C030000003C02010C03000000A6
:10F95000D721010C030000008716010C02000000F3
:10F960002918010C020000002213010C0200000003
:10F970002610010C020000001F14010C0200000000
:10F980005A11010C02000000B10E010C020000002F
:10F99000A80E010C020000000815010C0200000076
:10F9A000AA14010C020000005B14010C020000000C
:10F9B0000F12010C02000000B214010C0200000042
:08F9C0004EFE000C03000000E4
:10F9C80074FA000CDC0100204203010C0100000065
:10F9D80046FE000C000000003D00010C4800010C30
:10F9E8005500010C6400010C7500010C7F00010C2E
:10F9F8009800010CA900010CB500010CC900010C0C
:10FA0800E400010CF700010C680700200001000069
:10FA180077BA000C15BA000C020000001FBC000CDD
:10FA280000000000000000000000000000000000CE
:10FA38002203010C2A03010C000000000000000052
:10FA4800000000003203010C3603010C3A03010CDC
:10FA58003E03010C64FA000C9C100020AD1A000C47
:10FA6800B4100020A614002001000000DFBC000C28
:10FA7800D5BC000CA3BC000C97BC000C0000000017
:10FA88008BBC000C000000000000002000000000FB
:10FA98000600010002000000A4FA000C00000008A3
:10FAA8002D09010C06000000E0FF1F0C00000020DB
:10FAB8003509010C21000000E0FF072097C8000C61
:10FAC800B5C8000CCBC8000C57CA000C8BCA000C78
:10FAD80017CA000C8DC9000CCDC9000C21C9000C37
:10FAE800D7C9000C25C9000C44F3000C1115010CF2
:10FAF80021CB000C01CB000CF9CA000CF1CA000C98
:10FB0800E9CA000C4BCB000CA7CB000C6DCB000C4A
:10FB18004958000CDD58000C9558000C71CB000CAE
:10FB280000A00144B8F2000C1A7F132403C5FF1F7C
:10FB3800D9CE000C01000000C4FB000CBC0400205E
:10FB4800000000000000000000000046080000005F
:10FB58002412002024130020B05B002000040000C1
:10FB6800020000000000000000000000A3D9000C03
:10FB78009DD9000C64000000E5D7000CA966000CB4
:10FB88007DD8000C51D7000CADDD000C0000000042
:10FB980025DA000CADDB000C4161000CD3D7000C5A
:10FBA800A95B000CDD5E000C0D5C000C655C000CB4
:10FBB800155E000CAFDC000CBFDC000CDBE2000CB7
:10FBC80000000000C3E2000C00C0004400E0004454
:10FBD80000000144002001440080004405000000AA
:10FBE80000108044801080440011804480118044BB
:10FBF80024FC000C00600245B8F2000C0B7F0424C2
:10FC080035ECFF1F10D2FF1FF4010000801A060018
:10FC180080F0FA02040000017182000C2CFC000C38
:10FC280001000000A8FC000C0800000000C2010050
:10FC38000300010000200045000100000100000051
:10FC480000000000B8F2000C2E7F302423DAFF1FDA
:10FC58005CFC000C64FC000C01000000C8FC000CFB
:10FC6800020000007122010C7F22010C9322010C7A
:10FC7800A222010CAE22010C38F2000C38F2000C62
:10FC880068F2000C70F2000CB8F2000CB8F2000C2C
:10FC9800EC22010C00010000000000000904090426
:10FCA800A38200006382000073820000B382000018
:10FCB8008382000093820000C38200005382000008
:10FCC80090230000802300004661696C65642074FD
:10FCD8006F20696E697469616C697A65206C616E00
:10FCE80067756167652064657363726970746F72A4
:10FCF8002028256429004661696C656420746F209A
:10FD0800696E697469616C697A65206D616E756682
:10FD18006163747572657220646573637269707467
:10FD28006F722028256429004661696C6564207417
:10FD38006F20696E697469616C697A652070726F89
:10FD4800647563742064657363726970746F72207C
:10FD580028256429004661696C656420746F2069F0
:10FD68006E697469616C697A6520534E20646573A5
:10FD780063726970746F722028256429004661696E
:10FD88006C656420746F2061646420486967682D1D
:10FD9800537065656420636F6E6669677572617418
:10FDA800696F6E004661696C656420746F206164D8
:10FDB8006420726567697374657220636C6173731C
:10FDC8006573004661696C656420746F20616464C2
:10FDD8002046756C6C2D537065656420636F6E6684
:10FDE800696775726174696F6E004661696C6564F4
:10FDF80020746F207265676973746572206D65730E
:10FE0800736167652063616C6C6261636B00466156
:10FE1800696C656420746F20696E697469616C69C6
:10FE28007A652064657669636520737570706F7292
:10FE3800740073616D706C655F75736264006466ED
:10FE4800755F64667500757362645F73616D706C6D
:10FE5800655F636F6E666967003F005553424420D3
:10FE68006D6573736167653A2025730009436F6E8A
:10FE780066696775726174696F6E2076616C756505
:10FE8800202564004661696C656420746F20656E86
:10FE980061626C652064657669636520737570704E
:10FEA8006F7274004661696C656420746F206469C0
:10FEB8007361626C6520646576696365207375702B
:10FEC800706F7274004465746163682055534220F2
:10FED800646576696365004661696C656420746F62
:10FEE80020696E697469616C697A6520555342208E
:10FEF80064657669636520737570706F7274004607
:10FF080061696C656420746F20656E61626C652040
:10FF18005553422064657669636520737570706F08
:10FF28007274006469736B20257320736563746F42
:10FF38007220636F756E7420257520736563746F06
:10FF4800722073697A65202575004661696C65645D
:10FF580020746F20696E69742072616D6469736BB7
:10FF68002064617461004661696C656420746F2067
:10FF7800777269746520746F2052414D6469736BA0
:10FF880000626C6F636B2025752073697A65202584
:10FF98007520646F776E6C6F6164656420257500E9
:10FFA8004661696C656420746F20726561642066BF
:10FFB800726F6D2052414D6469736B00626C6F63A0
:10FFC8006B2025752073697A652025752075706CFE
:10FFD8006F61646564202575004661696C656420FD
:10FFE800746F20696E697469616C697A652055530C
:08FFF80042206465766963652F
:020000040C01ED
:1000000000555342204446552073616D706C652045
:10001000697320696E697469616C697A65640072DC
:10002000616D6469736B3000696D61676530006490
:1000300066755F75736264006D61696E0056425546
:100040005320726561647900564255532072656D84
:100050006F766564004465766963652072657375C3
:100060006D656400446576696365207375737065BA
:100070006E64656400427573207265736574004E2A
:1000800065772064657669636520636F6E6669676E
:1000900075726174696F6E00436F6E74726F6C6C11
:1000A0006572206572726F7200537461636B2065B4
:1000B00072726F72004344432041434D206C696E5D
:1000C0006520636F64696E67004344432041434D7C
:1000D00020636F6E74726F6C206C696E6520737430
:1000E00061746500444655206465746163682072DC
:1000F0006571756573740044465520646F776E6C46
:100100006F616420636F6D706C6574656400686511
:10011000617020636F7272757074696F6E20286EE3
:100120006F7420696E207573653F292061742025E6
:1001300070006865617020636F7272757074696FAA
:100140006E2028627566666572206F766572666CD1
:100150006F773F29206174202570006865617020E9
:10016000636F7272757074696F6E2028646F756248
:100170006C6520667265653F2920617420257000DA
:100180006F735F686561700028756E7369676E656F
:1001900064292063686172202A2075736564206673
:1001A0006F722025257020617267756D656E742EE3
:1001B0002049742773207265636F6D6D656E646589
:1001C0006420746F206361737420697420746F20DD
:1001D000766F6964202A20626563617573652069A2
:1001E00074206D6179206361757365206D69736238
:1001F00065686176696F7220696E206365727461EB
:10020000696E20636F6E66696775726174696F6E7F
:10021000732E20537472696E673A2225732220610F
:100220007267756D656E743A2564006362707269F9
:100230006E74665F7061636B616765007379735F8D
:100240006765746F7074006C6F6767696E67006CC8
:100250006F67006C6F675F6D676D74004D657373DA
:10026000616765202822257322292064726F7070CF
:1002700065642062656361757365206974206578C3
:1002800063656564732073697A65206C696D697450
:100290006174696F6E2028257529004D657373613F
:1002A00067652064726F7070656420626563617554
:1002B000736520697420657863656564732073696C
:1002C0007A65206C696D69746174696F6E20282588
:1002D0007529000D0A001B5B306D00257320005B43
:1002E0002530386C755D20005B253032753A25303D
:1002F00032753A253032752E253033752C25303342
:10030000755D20003C25733E200025732F0025736A
:100310003A2000253032782000202020007C002563
:1003200063001B5B313B33316D001B5B313B33336F
:100330006D006572720077726E00696E66006462AD
:1003400067006C6F675F6261636B656E645F7561A8
:100350007274006C6F675F75617274004469736BCF
:10036000207265666572656E636520636F756E7475
:10037000206174206D61782076616C756500446938
:10038000736B20697320616C7265616479206465A8
:10039000696E697469616C697A656400696E766119
:1003A0006C6964206469736B20696E746572666140
:1003B00063652121006469736B20696E74657266E0
:1003C00061636520616C726561647920726567693B
:1003D00073746572656421210072302F61313A2097
:1003E00020307825303878202072312F61323A2041
:1003F00020307825303878202072322F61333A202F
:10040000203078253038780072332F61343A20203C
:10041000307825303878207231322F69703A2020B8
:10042000307825303878207231342F6C723A2020A1
:100430003078253038780020787073723A20203078
:100440007825303878004661756C74696E6720696C
:100450006E737472756374696F6E20616464726523
:10046000737320287231352F7063293A2030782534
:1004700030387800556E68616E646C65642049524E
:10048000516E3A202564002A2A2A2A2A20555341EF
:100490004745204641554C54202A2A2A2A2A002022
:1004A000204469766973696F6E206279207A65727B
:1004B0006F002020556E616C69676E6564206D6504
:1004C0006D6F7279206163636573730020205374CC
:1004D00061636B206F766572666C6F772028636F3F
:1004E0006E746578742061726561206E6F74207619
:1004F000616C6964290020204E6F20636F70726FF9
:10050000636573736F7220696E7374727563746957
:100510006F6E73002020496C6C6567616C206C6F96
:100520006164206F66204558435F52455455524ED2
:1005300020696E746F205043002020496C6C656701
:10054000616C20757365206F662074686520455066
:100550005352002020417474656D707420746F20B4
:100560006578656375746520756E646566696E652A
:100570006420696E737472756374696F6E002A2AE1
:100580002A2A2A204D5055204641554C54202A2ACB
:100590002A2A2A002020537461636B696E672065E4
:1005A00072726F722028636F6E7465787420617246
:1005B0006561206D69676874206265206E6F7420C4
:1005C00076616C696429002020556E737461636BD9
:1005D000696E67206572726F7200202044617461D9
:1005E000204163636573732056696F6C6174696F32
:1005F0006E0020204D4D4641522041646472657367
:10060000733A2030782578002020496E7374727513
:100610006374696F6E204163636573732056696FFD
:100620006C6174696F6E002020466C6F6174696E36
:10063000672D706F696E74206C617A7920737461B4
:10064000746520707265736572766174696F6E206F
:100650006572726F72002A2A2A2A2A204255532074
:100660004641554C54202A2A2A2A2A002020537415
:1006700061636B696E67206572726F720020205033
:1006800072656369736520646174612062757320AB
:100690006572726F720020204246415220416464AC
:1006A000726573733A2030782578002020496D7088
:1006B000726563697365206461746120627573207B
:1006C0006572726F72002020496E73747275637464
:1006D000696F6E20627573206572726F72002A2ACC
:1006E0002A2A2A20534543555245204641554C5409
:1006F000202A2A2A2A2A0020204164647265737302
:100700003A2030782578002020496E76616C696443
:1007100020656E74727920706F696E7400202049B4
:100720006E76616C696420696E746567726974794C
:10073000207369676E6174757265002020496E765A
:10074000616C696420657863657074696F6E20728E
:10075000657475726E0020204174747269627574DC
:10076000696F6E20756E69742076696F6C6174694B
:100770006F6E002020496E76616C6964207472612E
:100780006E736974696F6E0020204C617A792073F2
:100790007461746520707265736572766174696FD7
:1007A0006E0020204C617A79207374617465206535
:1007B00072726F7200526573657276656420457857
:1007C00063657074696F6E20280053707572696F6D
:1007D000757320696E746572727570742028495241
:1007E00051200020205320696E7374727563746900
:1007F0006F6E20616464726573733A2020307825CF
:1008000078002A2A2A2A2A20484152442046415563
:100810004C54202A2A2A2A2A002020427573206656
:1008200061756C74206F6E20766563746F722074CE
:1008300061626C65207265616400202044656275A8
:1008400067206576656E740020204661756C7420A3
:10085000657363616C6174696F6E202873656520D0
:1008600062656C6F772900415243485F45584345A4
:100870005054207769746820726561736F6E20250B
:10088000780A002A2A2A2A2A204465627567206D80
:100890006F6E69746F7220657863657074696F6ECE
:1008A000202A2A2A2A2A002A2A2A2A2A20257320AC
:1008B000256429202A2A2A2A2A006D70750046619B
:1008C000696C656420746F20616C6C6F6361746522
:1008D000206E6577204D505520726567696F6E20D8
:1008E00025750A00506172746974696F6E202575F0
:1008F0003A20636F686572656E636520636865633F
:100900006B206661696C65642E00496E76616C6966
:100910006420756E6465726C79696E6720726567B4
:10092000696F6E20696E64657820257500464C41BC
:1009300053485F30005352414D5F30006E65745F25
:10094000627566006E65745F6275665F73696D706F
:100950006C6500436F756C64206E6F742025732086
:100960006361726420706F776572207669612053CD
:100970004448430064697361626C6500656E61623E
:100980006C6500436F756C64206E6F7420737461C6
:1009900072742062757320636C6F636B00436172C5
:1009A00064206572726F72206F6E20434D44300078
:1009B0004361726420646F6573206E6F7420737579
:1009C00070706F727420434D44382C2061737375BE
:1009D0006D696E67206C656761637920636172641D
:1009E0000043617264206572726F72206F6E2043E3
:1009F0004D443800534420686F737420636F6E74E5
:100A0000726F6C6C65722072657475726E656420AD
:100A1000696E76616C69642070726F70657274695A
:100A200065730054696D656F7574207768696C65CE
:100A300020747279696E6720746F206163717569C3
:100A400072652063617264206D757465780046611B
:100A5000696C656420746F207265736574205344FB
:100A6000484320492F4F004661696C656420746FCC
:100A700020696E697420534420636172642061664A
:100A800074657220492F4F2072657365740073641A
:100A90000053442061707020636F6D6D616E64203F
:100AA0006661696C656420776974682052312072D0
:100AB0006573706F6E7365206F66203078255800FF
:100AC0005344494F20646F6573206E6F74207375B3
:100AD00070706F7274204D4D4320636F6D6D616E49
:100AE000647300436F756C64206E6F742067657467
:100AF0002053442063617264206D757465780046EC
:100B000061696C656420746F20726561642066722F
:100B10006F6D2053444D4D43202564004361726442
:100B200020646964206E6F742072657475726E2023
:100B3000746F207265616479207374617465004319
:100B40006172642072656164206661696C6564002D
:100B50004F6E6C7920256420626C6F636B73206F1D
:100B600066202564207765726520777269747465E4
:100B70006E005772697465206661696C6564004532
:100B800072617365206661696C65640043617264BB
:100B90002062757379207768656E20706F77657253
:100BA000696E67206F66660043617264206E6576C9
:100BB0006572206C65667420627573792073746148
:100BC0007465004661696C656420746F2071756599
:100BD00072792063617264204F4352004D617869DD
:100BE0006D756D20534420636C6F636B20697320B7
:100BF000756E6465722032354D487A2C20757369A4
:100C00006E6720636C6F636B206F66202564487A83
:100C1000004661696C656420746F20726169736558
:100C200020627573206672657175656E63792074D4
:100C30006F2032354D487A0053442073706563202D
:100C4000312E303120646F6573206E6F74207375A0
:100C500070706F727420434D4436004661696C6554
:100C60006420746F20726561642063617264206621
:100C7000756E6374696F6E7300436F756C64206E7C
:100C80006F742073657420534420626C6F636B6CC7
:100C9000656E20746F2035313200436172642064C8
:100CA0006964206E6F7420616363657074206E6583
:100CB00077207370656564004661696C65642074B3
:100CC0006F206368616E676520686F73742062755A
:100CD00073207370656564004661696C6564207497
:100CE0006F20737769746368206361726420746F26
:100CF000204853206D6F6465004661696C6564200F
:100D0000746F206368616E6765206361726420623E
:100D1000757320776964746820746F203420626969
:100D20007473004853206361726420696E69742093
:100D30006661696C65640055534220646576696339
:100D40006520737570706F727420697320616C72A6
:100D50006561647920696E697469616C697A65643A
:100D6000005553422064657669636520636F6E7435
:100D7000726F6C6C6572206973206E6F742072657F
:100D80006164790055534220646576696365207318
:100D90007570706F7274206973206E6F7420696E45
:100DA000697469616C697A656400555342206465B1
:100DB0007669636520737570706F72742069732033
:100DC000616C726561647920656E61626C65640056
:100DD0004661696C656420746F20656E61626C6544
:100DE00020636F6E74726F6C6C657200427566661C
:100DF000657220707265616C6C6F636174696F6E8F
:100E0000206661696C6564005553422064657669AB
:100E1000636520737570706F727420697320616CE4
:100E200072656164792064697361626C656400460F
:100E300061696C656420746F2072657365742063EA
:100E40006F6E66696775726174696F6E004661697D
:100E50006C656420746F2064697361626C652055F1
:100E6000534220646576696365004661696C656418
:100E700020746F2073687574646F776E20555342C9
:100E800020646576696365004661696C65642074F9
:100E90006F20707572676520656E64706F696E741F
:100EA0002071756575657300757362645F6465763E
:100EB00000757362645F64657363004661696C65A5
:100EC0006420746F20656E7175657565205374615B
:100ED00074757320494E20627566666572004661BE
:100EE000696C656420746F20656E71756575652029
:100EF00053455455502062756666657200436F6EA7
:100F000066696775726174696F6E20646573637278
:100F10006970746F72202575206E6F7420666F750E
:100F20006E640043616E206F6E6C792068616E6440
:100F30006C6520636F6E74726F6C2072657175657D
:100F4000737473004D616C666F726D6564207365B8
:100F5000747570207061636B657400556E65787090
:100F6000656374656420627566666572206C696E7F
:100F70006B656420746F20736574757000466169D9
:100F80006C656420746F2073657420646576696392
:100F9000652061646472657373203078257800463B
:100FA00061696C656420746F2073657420636F6E73
:100FB00066696775726174696F6E2025752C2025CE
:100FC00064004857494E464F206E6F7420696D701B
:100FD0006C656D656E746564206F7220656E61620C
:100FE0006C6564004661696C656420746F20656E91
:100FF000717565756520537461747573204F555410
:1010000020627566666572004661696C656420746D
:101010006F20656E61626C6520544553545F4D4F7F
:10102000444520257500757362645F636839004626
:1010300061696C656420746F2067657420636667FE
:101040005F6E642C206465737069746520636F6ED5
:101050006669677572656420737461746500556EA6
:101060007265636F76657261626C65206572726F1E
:10107000722025642C206570203078253032782C41
:1010800020627566202570004661696C6564207475
:101090006F207365742064656661756C742061648B
:1010A0006472657373206166746572206275732063
:1010B0007265736574004661696C656420746F20A5
:1010C0007365742064656661756C742073746174F3
:1010D0006520616674657220627573207265736540
:1010E0007400554443206572726F72206576656E98
:1010F00074004661696C656420746F20696E697460
:10110000206465766963652064726976657200465D
:1011100061696C656420746F20636C65616E7570C5
:10112000207265676973746572656420636C6173AE
:101130007365732C202564004661696C65642074B6
:101140006F20636C65616E7570206465736372698E
:1011500070746F72732C20256400757362645F6312
:101160006F726500456E64706F696E672030782518
:10117000303278206E6F742061737369676E6564B6
:10118000004661696C656420746F206173736967E0
:101190006E20656E64706F696E7420616464726540
:1011A00073736573004661696C656420746F2069B0
:1011B0006E697469616C697A6520636C6173732010
:1011C000696E7374616E6365004661696C65642065
:1011D000746F20696E697420485320636F6E66696E
:1011E0006775726174696F6E202575004661696C60
:1011F000656420746F20696E697420465320636FA4
:101200006E66696775726174696F6E202575007509
:101210007362645F696E69740046656174757265B6
:10122000206E6F7420737570706F727465642062C5
:101230007920636F6E74726F6C6C657200555342E7
:101240002064657669636520737570706F727420B1
:10125000697320696E697469616C697A65640043B9
:101260006F6E74726F6C6C657220646F65736E273D
:101270007420737570706F727420485300556E73CC
:101280007570706F7274656420636F6E66696775E0
:10129000726174696F6E20737065656400485320D5
:1012A000636F6E66696720616C7265616479206F37
:1012B0006E204653206C69737400465320636F6E32
:1012C00066696720616C7265616479206F6E204881
:1012D00053206C69737400436F6E66696775726141
:1012E00074696F6E2025752072652D696E73657245
:1012F000746564004661696C656420746F20616484
:101300006420636F6E66696775726174696F6E20C1
:10131000737472696E672064657363726970746F49
:101320007200757362645F636667005553422064A0
:10133000657669636520636C617373202573206E25
:101340006F7420666F756E64004E6F20636F6E66FB
:10135000696775726174696F6E20736574202841C6
:101360006464726573732073746174652900436CDF
:1013700061737320696E7374616E636520616C7252
:10138000656164792072656769737465726564006C
:10139000436C617373207265676973746572656409
:1013A00020746F206F7468657220636F6E74657847
:1013B0007420617420646966666572656E7420735A
:1013C00070656564004661696C656420746F2072A5
:1013D0006567697374657220257320746F204853A4
:1013E00020636F6E66696775726174696F6E202520
:1013F00075004661696C656420746F207265676969
:101400007374657220257320746F20465320636FB8
:101410006E66696775726174696F6E2025750075F7
:101420007362645F636C617373004661696C6564C9
:1014300020746F2068616E646C65206F7020256475
:101440002C206570203078253032782C20626D2079
:101450003078253038782C20256400757362645FFD
:1014600069666163650064657669636520697320F8
:1014700073757370656E646564005365742068618C
:101480006C7420307825303278206661696C656430
:1014900000436C6561722068616C7420307825307F
:1014A0003278206661696C656400757362645F659B
:1014B0007000757362645F6D7367004661696C6587
:1014C0006420746F2061646420737472696E672095
:1014D00064657363726970746F720043616E6E6FDE
:1014E0007420726567697374657220555342204495
:1014F000465520696D616765202573006466755FD8
:1015000072756E74696D6500757362645F6466758B
:1015100000534400536563746F722025752069730E
:10152000206F757473696465207468652072616EDC
:10153000676520257A750072616D6469736B00546C
:10154000696D656F75742077616974696E6720666F
:101550006F72204549435F53594E434255535920BA
:101560006269747320746F20636C65617200436CF0
:101570006F636B20636F6E74726F6C206F6E20668A
:1015800061696C656420666F72206D636C6B2025E9
:101590006400436C6F636B20636F6E74726F6C20BA
:1015A0006F6E206661696C656420666F7220676388
:1015B0006C6B20256400696E746572727570742D91
:1015C000636F6E74726F6C6C65724034343031616D
:1015D00030303000696E74635F6D6368705F656999
:1015E000635F67310073757370656E640072657355
:1015F000756D650053707572696F75732025732062
:101600006576656E740065702030782530327820FC
:10161000616C726561647920656E61626C656400FD
:10162000456E64706F696E74203078253032782092
:1016300076616C69646174696F6E206661696C655E
:10164000640065702030782530327820616C7265D6
:101650006164792064697361626C656400466169E4
:101660006C656420746F20616C6C6F6361746520BD
:101670006E65745F62756620257A642C2065702023
:1016800030782530327800756463004661696C6596
:101690006420746F2064697361626C6520636F6E8F
:1016A00074726F6C20656E64706F696E74204F5534
:1016B00054004661696C656420746F2064697361CD
:1016C000626C6520636F6E74726F6C20656E6470FF
:1016D0006F696E7420494E004661696C65642074C0
:1016E0006F207265736572766520455030204649DB
:1016F000464F0055534220636F6E74726F6C6C6579
:10170000722072657365742074696D656F757400FD
:1017100055534220636F6E74726F6C6C65722065F6
:101720006E61626C652073796E632074696D656F9C
:101730007574005553422050485920726561647990
:101740002074696D656F7574004661696C6564200D
:10175000656E61626C696E67206570203078253037
:101760003278004661696C656420746F2072656729
:101770006973746572204F555420656E64706F698B
:101780006E74202564004661696C656420746F2066
:10179000726567697374657220494E20656E647066
:1017A0006F696E742025640052656D6F74652077D3
:1017B000616B657570207265717565737465642001
:1017C00062757420646576696365206973206E6F45
:1017D000742073757370656E6465640065705F6511
:1017E0006E7175657565204550305F494E3A2054DD
:1017F00078506B7452647920616C726561647920F1
:101800007365742028435352304C3D307825303274
:1018100078292020736B697070656400757362406D
:101820003436303030303030007564635F6D63685B
:10183000705F67320025733A20434C4F434B5F4340
:101840004F4E54524F4C5F5355425359535F414C86
:101850004C206973206E6F7420737570706F727492
:1018600065640025733A20496E76616C6964207363
:10187000756273797374656D20747970653D256444
:101880000025733A20496E76616C696420696E7335
:1018900074616E636520256420666F7220747970B0
:1018A0006520256420286D61782025642900257332
:1018B0003A20526563757273697665206465706558
:1018C0006E64656E63792064657465637465640035
:1018D00025733A20496E76616C696420504C4C2027
:1018E000736F7572636520646570656E64656E63A1
:1018F000790025733A20496E76616C69642047430C
:101900004C4B50494E20736F7572636520494400FB
:1019100025733A204E554C4C20636F6E666967758F
:10192000726174696F6E20706F696E7465720025E4
:10193000733A20496E76616C6964207375627379BD
:101940007374656D20747970653D256420696E73CC
:1019500074616E63653D25640025733A2044464CEE
:101960004C34384D53594E432074696D656F75740E
:10197000206F6E2077726974696E67204F534343FE
:1019800054524C5F44464C4C4354524C42002573D5
:101990003A2044464C4C34384D53594E43207469D8
:1019A0006D656F7574206F6E2077726974696E67EC
:1019B000204F53434354524C5F44464C4C4D554C7E
:1019C0000025733A2044464C4C34384D53594E430D
:1019D0002074696D656F7574206F6E2077726974FD
:1019E000696E67204F53434354524C5F44464C4CFE
:1019F0004354524C410025733A2047434C4B5F53AC
:101A0000594E43425553592074696D656F75742062
:101A10006F6E2077726974696E672047434C4B5F25
:101A200047454E4354524C5B25645D0025733A2074
:101A300074696D656F7574206F6E20777269746953
:101A40006E672047434C4B5F5043484354524C5FB2
:101A50004348454E5F4D736B0025733A20496E76BF
:101A6000616C69642073756273797374656D0025A8
:101A7000733A20556E737570706F7274656420735D
:101A8000756273797374656D207479706500257360
:101A90003A2047434C4B47454E302063616E6E6F92
:101AA000742062652064697361626C6564202861DA
:101AB0006C77617973204F4E290025733A20504C82
:101AC0004C5B25645D206C6F636B2074696D65648D
:101AD000206F75740025733A20556E737570706FA2
:101AE0007274656420636C6F636B207375627379C5
:101AF0007374656D20747970652025640025733AD0
:101B000020436C6F636B204F4E206F706572617461
:101B1000696F6E206661696C65640025733A2043C5
:101B20006C6F636B204F4E2074696D656F75740028
:101B300025733A20584F53432072656164792074AD
:101B4000696D6564206F75740025733A20736B6945
:101B50007070696E672064666C6C34386D5F696E96
:101B600069742C2061732044464C4C2069732061B9
:101B70006C7265616479206F6E0025733A20736B17
:101B8000697070696E672064666C6C34386D5F696B
:101B90006E69742C20617320736F757263652067A2
:101BA000636C6B2D2564206973206F66662E202878
:101BB0004D6178696D756D20696E69742072657408
:101BC0007279203D202564290025733A20736B69C2
:101BD0007070696E672064666C6C34386D5F696E16
:101BE00069742C2061732044464C4C206973206436
:101BF000726976696E672067636C6B30202843508A
:101C000055290025733A2044464C4C34384D2072F7
:101C1000656164792074696D6564206F7574002551
:101C2000733A2044464C4C34384D53594E4320743B
:101C3000696D656F7574206F6E2077726974696E57
:101C4000672047434C4B5F5043484354524C002558
:101C5000733A20736F7572636520636C6F636B20DA
:101C60002864726976696E6720504C4C5F25642940
:101C7000206973206F66662E20284D6178696D7526
:101C80006D20696E6974207265747279203D20251B
:101C900064290025733A20535550435F53544154EF
:101CA00055532074696D656F7574206F6E2077725F
:101CB0006974696E6720535550435F5652454743D8
:101CC00054524C0025733A2074696D656F75742009
:101CD0006F6E2077726974696E67206672616374D3
:101CE000696F6E616C206469766964657200257342
:101CF0003A20736B697070696E6720706C6C5F2539
:101D0000645F6F75745F25645F696E69742C206110
:101D10007320697420697320616C72656164792035
:101D20006F6E0025733A20736B697070696E67205F
:101D3000706C6C5F25645F6F75745F25645F696E9E
:101D400069742C2061732064726976696E67205013
:101D50004C4C206973206F66660025733A20736BC4
:101D6000697070696E6720786F736333326B5F6977
:101D70006E69742C20617320697420697320616C12
:101D80007265616479206F6E0025733A204F53436A
:101D900033324B4354524C2072656164792074692C
:101DA0006D6564206F75740025733A20736B6970DC
:101DB00070696E672067636C6B67656E2D25645F65
:101DC000696E69742C2061732069742069732061C5
:101DD0006C7265616479206F6E0025733A20736BB5
:101DE000697070696E672067636C6B67656E5F69A9
:101DF0006E69742C20617320736F75726365206F38
:101E0000662067636C6B2D25642C206973206F66D8
:101E1000662E20284D6178696D756D20696E697434
:101E2000207265747279203D202564290025733A5B
:101E30002047434C4B5F53594E43425553592074EE
:101E4000696D656F7574206F6E2077726974696E45
:101E5000672047434C4B5F4354524C4100636C6FC7
:101E6000636B40343430313230303000636C6F6338
:101E70006B5F6D6368705F7069633332636B5F7350
:101E8000675F6763006877696E666F5F6D63687030
:101E90005F67310053444843207265736574207452
:101EA000696D6564206F757400496E76616C696454
:101EB0002062756666657220706F696E7465722047
:101EC0006F72207472616E736665722073697A65D1
:101ED0000041444D4132206973206E6F7420737548
:101EE00070706F7274656420627920746869732001
:101EF0005344484320636F6E74726F6C6C6572005C
:101F00005472616E736665722073697A6520256408
:101F1000206578636565647320636861696E6564D4
:101F20002041444D413220636170616369747920BE
:101F300025750054696D656F75743A205472616E31
:101F40007366657220636F6D706C6574696F6E2067
:101F5000666C61677320646964206E6F7420636CC3
:101F60006561720054696D656F75743A20436F6DD9
:101F70006D616E642F4461746120636F6D706C6578
:101F800074696F6E20666C616720646964206E6F8F
:101F90007420636C6561720053444843206275731A
:101FA00020646964206E6F74206265636F6D6520C4
:101FB00069646C65206265666F726520636C6F632F
:101FC0006B206368616E676500496E7465726E614F
:101FD0006C20636C6F636B2073746162696C697AE7
:101FE0006174696F6E2074696D6564206F7574200B
:101FF000696E207365745F636C6F636B0053444854
:102000004320736F667477617265207265736574BF
:102010002074696D6564206F757400526571756513
:102020007374656420636C6F636B202575206F7516
:1020300074206F662072616E6765202825752E2ECC
:10204000257529004661696C656420746F2073658D
:10205000742062757320776964746820746F20251A
:1020600075004661696C656420746F207365742027
:1020700074696D696E67206D6F646520746F2025CB
:102080007500496E7465726E616C20636C6F636B72
:102090002073746162696C697A6174696F6E20740F
:1020A000696D6564206F757400436C6F636B2064A9
:1020B0006576696365206E6F74207265616479006E
:1020C0004661696C656420746F20656E61626C6541
:1020D000204D434C4B3A202564004661696C656491
:1020E00020746F20656E61626C652047434C4B3AEB
:1020F000202564004661696C656420746F20656EFC
:1021000061626C6520736C6F772047434C4B3A20BB
:1021100025640070696E6374726C206170706C79F4
:10212000206661696C65643A202564004661696CCB
:10213000656420746F207265616420676C636B2036
:10214000726174652F66726571202575004661693C
:102150006C656420746F207265616420616E642018
:10216000696E697469616C697A65205344484320DB
:10217000686F73742070726F706572746965733AFA
:102180002025640073646863403435303236303063
:102190003000736468635F6D6368705F673100541B
:1021A000696D656F75742077616974696E67206603
:1021B0006F7220554152542053594E434255535942
:1021C00020636C65617200736572636F6D403435B6
:1021D00030303230303000756172745F6D6368701A
:1021E0005F736572636F6D5F67310048616C74691E
:1021F0006E672073797374656D00556E6B6E6F77C3
:102200006E206572726F7200756E6B6E6F776E0006
:102210003E3E3E205A455048595220464154414C7A
:10222000204552524F522025643A202573206F6E6C
:1022300020435055202564004661756C74206475F8
:1022400072696E6720696E74657272757074206849
:10225000616E646C696E670A0043757272656E74B4
:10226000207468726561643A2025702028257329DE
:102270000043505520657863657074696F6E005532
:102280006E68616E646C656420696E7465727275E7
:10229000707400537461636B206F766572666C6F47
:1022A00077004B65726E656C206F6F7073004B65C5
:1022B000726E656C2070616E6963006F73002A2A0C
:1022C0002A20426F6F74696E67205A657068797250
:1022D000204F53206275696C6420353035313935B3
:1022E000343565313961202A2A2A0A0073797377D7
:1022F0006F726B7100286E756C6C29002A666C6FAA
:1023000061742A00485320436F6E66696775726175
:1023100074696F6E00465320436F6E66696775720D
:102320006174696F6E00555342442073616D706C27
:1023300065005A65706879722050726F6A656374BF
:102340000072616D6469736B3000444655204853D8
:1023500020436F6E66696775726174696F6E0044C1
:10236000465520465320436F6E66696775726174E7
:10237000696F6E00206D65737361676573206472A9
:102380006F70706564202D2D2D0D0A1B5B306D0064
:102390001B5B313B33316D2D2D2D2000303132331D
:1023A0003435363738394142434445460009210F18
:1023B000000000021001000000000000000000AA60
:1023C000AAAAAAAAAAAAAAEEEEEEEEEEEEEEEEFEF9
:1023D000FFFFFFFFFFFFFFFFFFFFFF7FBFDFEFF705
:1023E000FBFDFC7EBFDFEFF7FBFD7E3F3F3F3F3F46
:1023F0003F3F3F1F3F3F3F3F3F3F3F3F0300003FC7
:102400003F3F3F2F3F3F00000500000B3800406377
:102410006C6F636B5F6D6368705F696E6974006396
:102420006C6F636B5F6F6E00636C6F636B5F6D638C
:1024300068705F6F6E00636C6F636B5F6D63687075
:102440005F6F666600636C6F636B5F6765745F7276
:102450006174655F67636C6B67656E00636C6F6367
:102460006B5F6D6368705F6765745F726174650050
:10247000636C6F636B5F636F6E6669677572655FD0
:1024800067636C6B67656E00636C6F636B5F636F34
:102490006E6669677572655F706C6C00636C6F6304
:1024A0006B5F636F6E6669677572655F64666C6C9F
:1024B00000636C6F636B5F636865636B5F7375620A
:1024C00073797300636C6F636B5F6D6368705F63D8
:1024D0006F6E66696775726500636C6F636B5F67CB
:1024E000636C6B67656E5F696E697400636C6F63C4
:1024F0006B5F786F736333326B5F696E697400630F
:102500006C6F636B5F706C6C5F6F75745F696E6925
:102510007400636C6F636B5F706C6C5F696E697481
:1025200000636C6F636B5F64666C6C34386D5F69FD
:102530006E697400636C6F636B5F786F73635F6960
:102540006E697400636C6F636B5F6F6E5F706C6C51
:10255000001A1B0902021A001A1AC0C2C0C0C0C069
:08256000C0C0C0050607000120
:10256800000000008153000C000000000001000082
:102578000000000000000000000000000000000053
:102588000000000000000000000000000000000043
:102598008C020020F0100020000000000000000065
:1025A8000000000000000000000000000000000023
:1025B8000000000000000000000000000000000013
:1025C8000000000000000000000000000000000003
:1025D80000000000000000000000000000000000F3
:1025E80000000000E8030020A80000200000000010
:1025F8000000000000000000F1030020C0000020DF
:1026080000000000000000000000000000000000C2
:1026180000040100000000000423010C2203000054
:10262800000000000000000000040100000000009D
:102638001523010C22030000000000000000000028
:102648000003030000000000000000000003000079
:10265800000000000000000000020100000000006F
:102668002623010C180300000000000000000000F1
:1026780000010100000000003223010C1E030000CD
:102688000000000000000000000000000000000042
:10269800A4FC000C0403000000000000000000007F
:1026A80000050100000000004123010C1203000096
:1026B8002800010C000000000000000000000000DD
:1026C80000000000000000001E0400208C01002013
:1026D80000000000000000000000000027040020A7
:1026E800A40100200000000000000000000000001D
:1026F8000000000000040100000000004A23010C53
:102708002A0300000000000000000000000401008F
:10271800000000005F23010C2A03000000000000F5
:10272800000000000000000000000000A6FC000CF3
:10273800040300001DB5000C35BA000C5CFA000C4F
:1027480000000000E4010020E40100200000000077
:1027580059BE000C000000000000000046FE000CFE
:1027680000000000100200200000000030000020DF
:1027780000000000A554000C8555000C4D57000CB6
:102788000000000000000000000000000000000041
:1027980000000000000000000555000C00000000CB
:1027A80065C9000CFC14010C000000005802002050
:1027B80000000000300000200000000000000000C1
:1027C800D154000CC956000C0000000000000000A5
:1027D80000000000000000000000000000000000F1
:1027E8004DC9000C0000000047C9000C31780020DA
:1027F800AD23010C000000000002000020000000D2
:1028080000400000A81400200000000000000000A4
:102818002800010C10FB000C000000000000000064
:1028280000000000000000000000000000000000A0
:102838000000000000000000000000000000000090
:102848000000000000000000000000000000000080
:102858000000000000000000000000000000000070
:102868000000000000000000000000000000000060
:102878000000000000000000000000000000000050
:102888000000000000000000000000000000000040
:102898000000000000000000000000000000000030
:1028A8000000000044030020440300200000000052
:1028B800000000000E000000000000000000000002
:1028C80000000000300C00200000000000000000A4
:1028D80000000000000000000000000000000000F0
:1028E80000000000000000000000000000000000E0
:1028F80000000000000000000000000000000000D0
:1029080000000000000000000000000000000000BF
:1029180000000000000000000000000000000000AF
:10292800000000000000000000000000000000009F
:102938000000000000000000A0060020C800000001
:10294800E0030020E003002009020000000100C0AD
:102958007D09020000000100C07D12010002EF02A3
:102968000140E32F050004040000000012010002EA
:10297800EF020140E32F05000404000000000902F3
:102988000000000100C07D09020000000100C07DB8
:1029980012010002EF020140E32FFFFF04040000D0
:1029A800000012010002EF020140E32FFFFF0404C0
:0429B800000000001B
:1029BC00000000000000000000000000000000000B
:1029CC0000000000000000000000000000000000FB
:1029DC0000000000000000000000000000000000EB
:1029EC0000000000000000000000000000000000DB
:0829FC000000000000000000D3
:042A040000000000CE
:102A0800A0040020A004002068710020000000003D
:0C2A18000800000010000000000000009A
:102A240000000000E8710020000400000000000025
:042A3400000000009E
:102A3800D0040020D00400200C0000000A00000090
:102A4800F070002068710020F0700020F070002005
:082A5800000000000000000076
:102A6000F8040020F804002000000000010000002D
:102A700000000000000000001005002010050020EC
:102A8000100010000A000000DFCF000C40FB000C1B
:042A9000E8750020C5
:102A94002F00010C000000000000000000000000F6
:102AA400000000000000000028F3000C00000000FB
:102AB4000000000000000000000000000000000012
:102AC4000000000000000000000000000000000002
:102AD40000000000000000000000000000000000F2
:102AE40000000000000000000000000000000000E2
:102AF40000000000000000000000000000000000D2
:102B04004204002030040020000000003AFE000CC3
:102B140000000000000000000000000000000000B1
:102B24000000000028F3000C00000000000000007A
:102B34000000000000000000000000000000000091
:102B44000000000000000000000000000000000081
:102B54000000000000000000000000000000000071
:102B64000000000000000000000000000000000061
:102B74000000000000000000000000000C04002021
:082B8400FA030020000000002C
:102B8C0000000000FC01002000000000000000001C
:102B9C0000000000000000000000000044020020C3
:102BAC000000000000000000000000000000000019
:102BBC0000000000FC0100200000000000000000EC
:102BCC000000000000000000000000004402002093
:102BDC0000000000000000000000000000000000E9
:102BEC001F00010C28780020500100203801002023
:0C2BFC00000000001507000C7906000C1A
:042C080015E015E0DE
:040000050C002325A3
:00000001FF
