:020000040800F2
:10000000282D00203D20000C17A2000C2920000CF8
:100010002920000C2920000C2920000C2920000C8C
:100020000000000000000000000000007120000C33
:100030002920000C000000002122000C2575000C76
:100040008D22000C8D22000C8D22000C8D22000CC4
:100050008D22000C8D22000C8D22000C8D22000CB4
:100060008D22000C8D22000C8D22000C8D22000CA4
:100070008D22000C8D22000C8D22000C8D22000C94
:100080008D22000C8D22000C8D22000C8D22000C84
:100090008D22000C8D22000C8D22000C8D22000C74
:1000A0008D22000C8D22000C8D22000C8D22000C64
:1000B0008D22000C8D22000C8D22000C8D22000C54
:1000C0008D22000C8D22000C8D22000C8D22000C44
:1000D0008D22000C8D22000C8D22000C8D22000C34
:1000E0008D22000C8D22000C8D22000C8D22000C24
:1000F0008D22000C8D22000C8D22000C8D22000C14
:100100008D22000C8D22000C8D22000C8D22000C03
:100110008D22000C8D22000C8D22000C8D22000CF3
:100120008D22000C8D22000C8D22000C8D22000CE3
:100130008D22000C8D22000C8D22000C8D22000CD3
:100140008D22000C8D22000C8D22000C8D22000CC3
:100150008D22000C8D22000C8D22000C8D22000CB3
:100160008D22000C8D22000C8D22000C8D22000CA3
:100170008D22000C8D22000C8D22000C8D22000C93
:100180008D22000C8D22000C8D22000C8D22000C83
:100190008D22000C8D22000C8D22000C8D22000C73
:1001A0008D22000C8D22000C8D22000C8D22000C63
:1001B0008D22000C8D22000C8D22000C8D22000C53
:1001C0008D22000C8D22000C8D22000C8D22000C43
:1001D0008D22000C8D22000C8D22000C8D22000C33
:1001E0008D22000C8D22000C8D22000C8D22000C23
:1001F0008D22000C8D22000C8D22000C8D22000C13
:100200008D22000C8D22000C8D22000C8D22000C02
:100210008D22000C8D22000C8D22000C8D22000CF2
:100220008D22000C8D22000C8D22000C8D22000CE2
:100230008D22000C8D22000C8D22000C8D22000CD2
:100240008D22000C8D22000C8D22000C8D22000CC2
:100250008D22000C8D22000C8D22000C8D22000CB2
:100260008D22000C8D22000C8D22000C8D22000CA2
:100270008D22000C8D22000C8D22000C8D22000C92
:100280008D22000C8D22000C8D22000C8D22000C82
:100290008D22000C8D22000C8D22000C8D22000C72
:1002A0008D22000C8D22000C8D22000C8D22000C62
:0802B0008D22000C8D22000CD0
:020000040C00EE
:1000000053B94AB9002908BF00281CBF4FF0FF317F
:100010004FF0FF3000F00CB8ADF1080C6DE904CEE4
:1000200000F01AF8DDF804E0DDE9022304B07047BF
:10003000704700BF10F8012B11F8013B012A28BFBF
:100040009A42F7D0D01A7047034613F8012B002AC2
:10005000FBD1181A013870472DE9F0478C468E46BF
:10006000089E154604461946002B40F0D080724584
:1000700047D9B2FA82F74FB1C7F120030EFA07FC55
:10008000BD40BC4020FA03F343EA0C0C4FEA154E86
:10009000A8B2230CBCFBFEF80EFB18CC08FB00F941
:1000A00043EA0C43994528D9EB1808F1FF3204D2F2
:1000B000994502D9A8F102022B44A3EB0903A4B28B
:1000C000B3FBFEFC0EFB1C330CFB00F044EA0344C4
:1000D000A04214D92C190CF1FF3304D2A04202D94A
:1000E000ACF102032C44241A43EA02401EB1FC4046
:1000F000002334607360BDE8F0874246DDE7634665
:10010000F1E7002A79D0B2FA82F3002B3FD01946EA
:10011000C1F1200302FA01F500FA01F42EFA03F20C
:100120000EFA01FE20FA03F3AFB243EA0E034FEAE0
:10013000154EB2FBFEFC0EFB1C201A0C0CFB07F844
:1001400042EA004290455AD9AA180CF1FF3004D275
:10015000904502D9ACF102002A44A2EB08029BB2FE
:10016000B2FBFEFC0EFB1C220CFB07F743EA02432A
:100170009F4246D9EB180CF1FF3204D29F4202D9BC
:10018000ACF102022B44DB1B42EA004202E0AEEB80
:10019000020301224FEA154EAFB2200CB3FBFEFC66
:1001A0000EFB1C330CFB07F840EA034398452AD9A1
:1001B000EB180CF1FF3004D2984502D9ACF10200E3
:1001C0002B44A3EB0803A4B2B3FBFEFC0EFB1C33D1
:1001D0000CFB07F744EA0344A74216D92C190CF18B
:1001E000FF3304D2A74202D9ACF102032C44E41B32
:1001F00043EA00400F46114678E71F2188E7604632
:10020000ABE76246BFE76046DBE76346EFE773456F
:1002100006D916B9002108466DE7C6E9000EF9E7D0
:10022000B3FA83F787B9734501D3824207D8841A9A
:100230006EEB030301209C461EB900215BE73846A4
:10024000FAE7C6E9004CF8E7C7F1200CBB4000FA1A
:1002500007F422FA0CF520FA0CF1BA401D432EFAED
:100260000CF30EFA07FE4FEA154941EA0E011FFA98
:1002700085FEB3FBF9F809FB18300B0C08FB0EFAEE
:1002800043EA00439A4540D9EB1808F1FF3004D205
:100290009A4502D9A8F102002B44A3EB0A0389B2C4
:1002A000B3FBF9F809FB183308FB0EFE41EA0341E2
:1002B0008E452CD9691808F1FF3304D28E4502D936
:1002C000A8F10203294443EA0040A1EB0E01A0FB80
:1002D00002984145CE46434602D306D14C4504D24E
:1002E0000138B9EB020E68EB0503002EA5D0B4EB84
:1002F0000E0261EB030101FA0CFC22FA07F3F9404C
:100300004CEA0303C6E9003197E74046C5E7434698
:10031000D9E7000013B50446284929480AF0D4F863
:10032000034638B1274A0121274809F0A7FE0020DB
:1003300002B010BD254922480AF0C6F8034608B1AC
:10034000234AF0E723491E480AF0BEF8034608B1E5
:10035000214AE8E721491A480AF0B6F8034608B1ED
:100360001F4AE0E701461F4A154803F097FC014683
:1003700028B11D4A0121144809F077FED7E71B4B2D
:1003800001220F4803F0DCFD034608B1184AF1E7EB
:100390000146024600900A480AF003F80121084885
:1003A0000AF023F80CB90648C2E7214604480AF0CF
:1003B000FCFA0028F7D00F4ADCE700BFA4000020B9
:1003C000F403002036D5000C4CD2000C8C00002029
:1003D00064D5000C7400002096D5000C5C00002051
:1003E000C3D5000C30000020EBD5000C70D2000CFF
:1003F00012D6000C31D6000C08B5FFF78BFF40B1C8
:10040000064802F0ADFA30B10121054A054809F06D
:100410002CFE002008BD0148FCE700BFF4030020CB
:1004200055D6000C4CD2000C07B5C3888268991EC3
:10043000092937D8DFE801F01F282F36363636363F
:1004400036051D490B789AB143F001030B70002269
:100450000023194919480BF0C5FE20B10121184AA3
:10046000184809F002FE0022134B5A709A701FE0E0
:1004700023F00103EAE710490B7812B143F00203BD
:10048000E4E723F00203E1E7002AE0D00A4A5378C8
:100490000A335370DBE7002AD9D0074A93780A332E
:1004A0009370D4E7032100920648074A09F0F0FD53
:1004B00003B05DF804FB00BFD81200204C030020FD
:1004C000C4D6000CA4D1000CA0D6000C07B50B4676
:1004D000022100920348044A09F0DAFD002003B02B
:1004E0005DF804FBA4D1000CE2D6000C98B50E4ACE
:1004F00000AF0C1E8AB00D4B006818BF13466A4649
:1005000007930B4B0B4908930B4BCDE9051042F8B1
:10051000103F00234FF42351084800F091FF084B8F
:100520001C70BD4698BD00BF82D7000C7ED7000C62
:10053000000201030CD7000C04000002A4D1000C3F
:10054000DC120020B0B500AF424D28460BF05FFD35
:100550000346A8B96C4688B029686A463E48CDE98A
:1005600005014FF40071ADF81C103C4942F8101F12
:100570004FF4E2513A4800F063FFA54600241DE025
:100580002A69A9681368284643F4801313600B682E
:10059000344A14219847034628B10121324A304891
:1005A00009F06CFDEAE731480BF031FD48B9012153
:1005B0002F4A2B4809F059FD6FF004042046BD4630
:1005C000B0BD34222B4B2C4928480AF094FA04463B
:1005D00030B101210346294A214809F04FFDEDE7DA
:1005E000FFF70AFF38B90121254A1D4809F03DFDF2
:1005F0006FF01204E2E702F0F3F9044680B9214CEF
:100600004FF0FF334FF0FF321F49204807F0D6FA72
:1006100023785BB903211E4A114809F026FDEFE754
:1006200001211C4A0E4809F020FDC7E70421164AA3
:100630000E480AF05DFA034628B10121164A08481F
:1006400009F01CFDDCE7AB684FF480115B690148E1
:100650009847D5E72CCB000C2AD7000C03000001EB
:10066000A4D1000C0100020045D7000C80CB000C87
:1006700070D7000CBC0000202DF4000C88D7000CB3
:10068000AAD7000CDC120020500E00204C030020E2
:10069000EAD7000CCAD7000C06D8000C2DE9F843A5
:1006A000884600AF00297DD005680122284608F061
:1006B00042FF01460446284608F0F7FE10EA02060B
:1006C00016D1E94688B06A46384BCDE90538032390
:1006D00042F8103F4FF4C2513346354800F0B0FEA7
:1006E000CD4686F31188BFF36F8F0423184602DFCF
:1006F0002146284608F0EFFE2618314600222846FB
:1007000008F0D3FE361AB44218D06E4688B0694657
:10071000284BCDE90538032341F8103F2448134600
:100720000A464FF4C25100F08BFE0023B54683F316
:100730001188BFF36F8F0423184602DF0022214681
:10074000284608F0CEFE214608F0C5FE26180122F4
:100750003146284608F0A9FEC20708D4314628468B
:1007600008F02BFF32462146284608F09DFF002264
:100770002146284608F099FE261A012231462846CD
:1007800008F093FEC30709D43146284608F015FF48
:1007900022463146284608F087FF3446214628463F
:1007A00008F0A0FFBD46BDE8F88300BF74D8000C78
:1007B000CCD1000C4BD8000C2DE9F04F91B0009338
:1007C00002F004030293C2F3C20301338407054617
:1007D0000E46DDF868A00392059340F09C81041D4D
:1007E000002849D101F00706341DC6F10806009B18
:1007F00000274FF004085A1E4FF0FF33B94601930B
:10080000BB46434604970DB1009921600598002826
:1008100000F3D6808F480099814203D38E488142ED
:10082000C0F0CE800399601B11F0020C40F0D6801E
:10083000B9F10F0F00F2CF80002D00F0D68009F142
:1008400040010DEB010E0199C0F387000EF8200C5A
:100850000EF8101CBCF1000F00F0C38060F07F00A8
:100860000EF8200C013709F10109C5F108014FF616
:10087000DA7E043406918CE00729B8D86FF01B00AB
:1008800011B0BDE8F08F7A285BD84B280FD84728E5
:1008900057D829282ED8252850D052D8202818BF1C
:1008A00023280CBF4FF0010B4FF0000B71E04C38C8
:1008B0002E2846D8DFE800F06D45454545454545BD
:1008C00045454545484545454545454545564548C1
:1008D000485656566D486A456D4518481845457F37
:1008E0007C48454548457C0000204FF0000B4FF008
:1008F000040835E001212A38C0B201FA00F010EAFC
:100900000E0F46D110F0625C2CD110EA010B40D0E2
:100910006046013C4444B4FBF8F408FB04F425B100
:10092000A3EB050CA444B445A8D8002870D00599C1
:10093000013905915AF8041B009164E701990139C6
:1009400001914FF0000B24E012F8010C6C2834D117
:10095000002012F8023C83466C2BC8D14FF00808E7
:100960004346D6E70AF1070A2AF0070A073424F0BB
:100970000704FAE802BC35B106982044B0423FF6BD
:100980007DAFC4E900BC4FF0000B08344FF00808FD
:10099000434612F8010F002853D0BBF1000F7FF43B
:1009A00072AF2528F5D14FF0010B019B0133019364
:1009B0004FF00408ECE7584697E700208346A8E785
:1009C000039988077FF551AF4FF0010C601BB0F51C
:1009D000007FFFF42DAF6FF0150051E74FF0000CD2
:1009E000F5E70498013004903DE7BCF1000F01D019
:1009F000013638E70298023600287FF434AF0098B9
:100A0000CDE90632FFF720FBDDE9063206442AE78E
:100A1000042B08D10AF1040015B1DAF800102160A6
:100A200082460434B5E70AF1070323F0070303F114
:100A3000080A1DB1D3E90001C4E900010823083404
:100A4000A7E7631BB3F5806FC5D23DB9A6F10804D3
:100A5000E01815E774CA000C18F6000C029A9B08FF
:100A600028602B709DF81030AAB1EB70AF702FB1D9
:100A7000002208A8C5F1010C91450ED14FF0000AE3
:100A8000C5F101030DF1200801930DF1300BD145A3
:100A900012D1601BF4E66B70E8E710F8013B190611
:100AA00008D50CEB040EB64503F07F033FF6E6AE27
:100AB00004F8013B0132DFE71FB198F90020002A5A
:100AC00017DB029BD3B11AF80B2004F8012B00228C
:100AD000019B18191044B0423FF6D0AE98F80000C0
:100AE000009904F8010B204603920BF040FF039A93
:100AF00014440AF1010A08F10108C8E798F8002037
:100B000055F822300093029B009845F82230FFF7F9
:100B10009BFA421CDCE76FF00D00B1E62DE9F04FC7
:100B200097B000AF05468A46C7E90A3249B903784B
:100B30004678807800EB83002844564524D8A0EB03
:100B4000050AD7F8803095F8028003F00103D7F842
:100B50008040FB61EB78B8F1000F0CBF002404F07B
:100B600001047B621BB1D7F880309A0715D4A4B971
:100B7000FB6A1BB151462846BA6A9847564630462A
:100B80005C37BD46BDE8F08F441C2046FFF75CFA99
:100B9000013020440AF1010ACFE7D7F88030C3F3CF
:100BA000C0033B622B78BB619B003B616B687B6140
:100BB000BB6905EB830BFB6A002B77D15646D84403
:100BC000BCB11C461BF8013B55F82300FFF73CFA6B
:100BD000D7F88430013043B1D7F88830A34282BFC0
:100BE000D7F8843023F814000134C3450644E9D112
:100BF000D846D7F880304FF0000913F0050F0CBF2E
:100C00004FF0020B4FF0010B7B6A9945B7D298F871
:100C1000013008F1020855F823A0AE4B9A45C0F008
:100C20004C81AD4B3A6A9A452CBF002301230AB38D
:100C300018F8021C7869FB6208F0D8FEFB6AC8B19C
:100C4000EA468AB06A46A54B05937B69CDE9063131
:100C50004FF40073ADF82030A14B42F8103F002351
:100C60004FF412519F4800F0EBFBD546023E09F1CC
:100C70000109C9E723B1FB6933B9A6EB0B06F6E717
:100C8000D7F880309B07F2D55046FFF7DDF9D7F84B
:100C900084304BB1D7F888309C423FBFD7F88420CE
:100CA000431C22F8143001340644E0E7002C6AD1DA
:100CB000B8F1000F6DD0D7F8803058076CD5C14619
:100CC00007F14800424659460BF051FE00220BEB5B
:100CD0000803FB600233796A8A425FD3D7F8802029
:100CE00095F801B0F969920704EB0B0348BF0022A5
:100CF000DBB258BF4FEA5902002940F0A680D7F86E
:100D0000801011F0040F14BF494600216B70A970C8
:100D1000EA702846BA6A3969FB6A9847061EFFF6E8
:100D20002EAFBB6949462B707B6ABA6AEB7085F8B7
:100D300001B0FB6A85F8028007F148009847B0F1DE
:100D40000009C0F2B6803B697A6A786A03EB420117
:100D5000FB68414403EB4000BA6AFB6AAAEB01015D
:100D600098470028C0F2A7804FF0000BB14409EB70
:100D7000000607F1380AA34569D30021BA6A08467C
:100D8000FB6A9847FBE644464FF0000907F138003C
:100D900098E74446C14699E7A14697E713F8016CE6
:100DA000DFF830C155F8260013F8021C6045C0F08A
:100DB0008A80DFF824C16045386A2CBF4FF0000BF1
:100DC0004FF0010B38B17869C7E9013208F00EFE27
:100DD000D7E90132F0B9BBF1000F1ED0F96949B172
:100DE000611C04F1280007F13004041904F8206C98
:100DF000CCB20FE0D7F8801049070BD509F12800D5
:100E000007F1300C09F1010100EB0C0909F8106C35
:100E10005FFA81F9013202335DE7D7F8800080077D
:100E2000DED409F1280C07F1300EF44409F1010079
:100E30000CF8101C07F1580109F1020951FA80F071
:100E40005FFA89F900F8106CE4E700215EE71BF80F
:100E50000A3055F8239087F83730D7F884302BB311
:100E6000D7F888309B4521D2D7F8843033F81B80DF
:100E70000121BA6AFB6A07F13700984700281ADB9C
:100E80000644B8F1000F06D14846FFF7DDF800F13F
:100E900001081FFA88F841464846BA6AFB6A984733
:100EA000002808DB06440BF1010B64E74FF0000853
:100EB000DEE74E4663E6064661E63B6A002B3FF4FA
:100EC000DFAE0023B4E6386A0028A6D04FF0000B4E
:100ED00079E700BF74CA000C18F6000CA1D8000C0A
:100EE000040000014CD1000C014B1860704700BF9A
:100EF000E000002080B505460E461746984607F0EC
:100F000055FD034601F0D4F90446DFF81890424637
:100F100049F8003039463046A84754F8090001F036
:100F200069F900BF080000002DE9F04704460746B4
:100F30004FF00109DFF84C8094FAA4F5B5FA85F575
:100F400009FA05F32E0108EB05156FEA030A24EAF6
:100F500003042B7B63B158F806301B696BB9464418
:100F6000736804222846196807EA0A0709F00DF891
:100F7000002CE1D13846BDE8F08728469847002884
:100F8000F6D1ECE754D2000C10B5002288B00E491F
:100F90000E480BF067FC002200230024CDE9062355
:100FA0000E234FF44072CDE90334CDE90144084BE0
:100FB00008490094084807F0E3F9084906480BF08F
:100FC0005BFA204608B010BDE10F000C18090020A4
:100FD000E912000CE81200208804002060D9000CFF
:100FE000014806F043BF00BF9C0300202DE9F047F5
:100FF000804620480F4608F0A4FF0646002832D05D
:1010000000252846BDE8F087237B83B12368DB6891
:101010000BB120469847636883F8069023681B69E4
:10102000CBB9636804222046196808F0AEFF013688
:1010300010345445E8D3B8F1000FE2D0002DDFD0D2
:101040002846FFF771FF0546002FF7D000216420E6
:101050000BF0F7FAF2E7204698470028E1D009FAAA
:1010600006F31D43E3E705464FF00109024CDFF8A4
:101070000CA0DEE7640E002054D2000C64D2000CF9
:10108000014B53F8200070478CD2000C08B5034682
:1010900008462BB1044A136000F032FC002008BD62
:1010A0006FF01500FBE700BFE400002010B5044C12
:1010B000237813B9034806F0D9FE0123237010BD2D
:1010C000DD1200209C03002010B50446094808F0FA
:1010D00038FF3CB1084BD3E8EF1F0139C3E8E21FEA
:1010E000002AF8D1054807F0E9FEBDE810400448A1
:1010F00006F0BCBE5C0E0020600E00201809002027
:101100009C0300200022044BD3E8EF0FC3E8E12F3B
:101110000029F9D1704700BF5C0E002070B5FFF7C1
:10112000F1FF0546074C084EB44200D370BD63681A
:101130005B792BB123685B6813B129462046984739
:101140001034F1E754D2000C64D2000C10B5044CFA
:101150000449204608F077FD034B1C6010BD00BF1A
:10116000B802002078D2000C540E002000230D4A53
:1011700010B513700C4A4FF47A7113600B4A0C4887
:101180001360FFF783FFFFF7E1FF0A4B0A49184698
:101190008B4200D310BD1A1A5C6812110132227101
:1011A0001033F5E7DE1200205C0E0020600E0020F8
:1011B000559F000C54D2000C64D2000C0146002252
:1011C0000023014808F060BDB8020020014808F083
:1011D000F7BD00BFB8020020024B0146186808F0B6
:1011E0004ABE00BF540E0020014808F07FBE00BF79
:1011F000B802002070B5254B1B78002B43D0FFF7B9
:10120000E5FF044600283BD1214B224D1B68002BF3
:1012100012DD0BF0DFFA0A220023FEF7F1FED5E91A
:101220000032C01A40F2E93361EB0201984271F1D9
:10123000000101D3FFF772FFD5E9003213F57A738D
:1012400042F10002C5E90032ECB1BDE87040FFF7A1
:10125000CBBF6B685B7923B12B68214628461B689E
:1012600098471035B542F4D32046FFF7B5FF0A4B37
:10127000D3E8EF1F0139C3E8E21F002AC4D0F7E723
:10128000064D074EEEE7002070BD00BFDD120020C6
:101290005C0E002010090020600E002054D2000CCB
:1012A00064D2000C70B50D4D297861B90120FFF7AB
:1012B0009DFE0B4C0B4EB44206D3FFF79BFF00285C
:1012C000FBD101232B7070BD63685B791BB1236870
:1012D00020469B6898471034EDE700BFDE120020DF
:1012E00054D2000C64D2000C00212DE9F8430846CA
:1012F000FFF77CFE044648B34FF4FA784FF000093C
:1013000000F0D6FF1A4B1B4A1B58136033B11A4B1F
:101310001B68092B02DD194806F0A8FD0025184FAF
:1013200044B12046FFF700FE044618B94FF0FF38DD
:101330004FF0FF39FFF75EFF064628B9B5B90F48F1
:1013400042464B4606F0C6FD3546E9E74FF0FF380A
:101350004FF0FF39D4E72B689B691BB10022284668
:10136000114698471035BD42F5D3E8E7054DFAE739
:1013700008000000580E0020600E00209C03002092
:1013800064D2000C54D2000C13B5184808F0D9FDF3
:10139000174B1B7873B1EFF31184202383F312886A
:1013A000BFF36F8FFFF726FF84F31188BFF36F8FB2
:1013B00002B010BD0F4B1B68002BF9D050B90022B2
:1013C00000230D48CDE9002342F21072002307F0FC
:1013D0003DFDEDE70928EBD1074807F06FFD074811
:1013E00002B0BDE8104006F041BD00BF600E002015
:1013F000DE120020580E0020180900209C03002057
:1014000010B5064B04461B6898472146A060044867
:1014100008F0B7FCBDE81040FFF7B6BFE4000020BD
:10142000B8020020044A054B9B1AB1EBD30F34BF1E
:1014300052F83100002070474CD1000C54D2000CFF
:101440002DE9F04F8FB0C1F34A2604AF0D46904608
:10145000B8607B600C0D002E61D04FF000090A23AC
:101460004FF0040B07F1140AFE60C7E90799C7F8AB
:1014700024900093CDF808B0CDF804A007F11C0328
:101480004A464046F968FFF749FBB0F5006F03464E
:101490001CD36C468AB0D8F8041004AB24481A4612
:1014A000C3E9050140F2FF71D9614FF4007119845D
:1014B000204B42F8103F4FF412514B461E48FFF7A5
:1014C000BFFFA5462C37BD46BDE8F08FC0F30A0626
:1014D00004F11700184420F0070080083B60FFF774
:1014E0006DFE66F35325044680B13B6800F11001A0
:1014F000C7E908390A23F961CDE901AB00934046F9
:101500000E4AF96807F11C03FFF708FB66F3532541
:101510002A4620467B68B96808F057FDD2E704F1F7
:10152000170020F007008008FFF748FE0446EDE7AB
:1015300075D9000C040000018CD1000C9D9F000C9B
:101540002DE9F04F87B00546DDE9106BDDE9127A31
:10155000884614469946BFB110213B465A460020A2
:10156000CDF800A0CDF814A0FFF726F9B0F5006F74
:1015700001460BD340F2FF730221184A184807B006
:10158000BDE8F04F08F07ABD3946384604F007034D
:1015900005F00704E40044EA831444EA402444EAE2
:1015A000065406F11700084420F007008008039154
:1015B000FFF704FE054640B13FB13B465A4603994A
:1015C000CDF800A01030FFF7F7F84B462246414611
:1015D000284607B0BDE8F04F08F0F7BCB4D9000CBE
:1015E0008CD1000C406820B1034BC01A40F3CF00EF
:1015F00070474FF0FF3070474CD1000C0EB403B56C
:1016000003AB53F8042B01460448019301F084F81E
:1016100002B05DF804EB03B0704700BFDFA0000C20
:10162000CA0605D48B064CBF02490349FFF7E6BF43
:10163000704700BFEDD9000CECD9000C2DE9F04F3C
:1016400089B098469DF85090159B044606930D4628
:10165000DDE916A3189F05920493B9F1000F00F07D
:10166000B08007F48073079308F08DFC07F0020B3D
:101670000246002874D020467749FFF7BFFF064690
:10168000BBF1000F08D017F0440F6BD12A4620465B
:101690007249FFF7B3FF064407F0010353B1704BE3
:1016A000204653F829206F4B6F49002A08BF1A467D
:1016B000FFF7A4FF07F48073002B07F0080318BF9F
:1016C0004FF00008002B79D0684B204653F82920B2
:1016D0006749FFF793FF0546059B2BB11A46204645
:1016E0006449FFF78BFF0544B8F1000F05D042466F
:1016F00020466149FFF782FF054460483544069B58
:101700001BB122465E4908F040F9049B002B00F013
:101710008E80DDF810803946B8F1100F204628BFC2
:101720004FF010080026FFF77BFFB54250DC002683
:10173000334620461AF803205249FFF75FFF01366F
:10174000102E4BD0710703D120464F49FFF756FFAB
:1017500046453346EDD320464C49FFF74FFFEEE7B1
:1017600006468DE74A4B1868002894D0494B4FF441
:101770007A7B1B684FF03C0CB5FBF3F5B5FBF0F141
:101780004FF4616300FB11550BFB05F5B1FBF3F260
:10179000B5FBF0FE03FB121100FB1E55B1FBFCF381
:1017A0000BFB05F5B5FBF0F50CFB13112046009182
:1017B000CDE901E53849FFF721FF6CE707F008059F
:1017C0008AE7B8F1010F4D460CBF2C48334896E725
:1017D00020462D49FFF712FF0136A6E700262046D6
:1017E0002F49FFF70BFF33461AF803202046A2F1DA
:1017F00020035F2B28BF2E222A49FFF7FFFE013668
:10180000102E0DD0720703D120461F49FFF7F6FEB8
:10181000B0453346E8D820461B49FFF7EFFEEEE718
:10182000049BC244B3EB080304937FF472AFB9F195
:10183000000F0AD0FB0704D520460A4A0A49FFF7E1
:10184000DDFE39462046FFF7EBFE204609B0BDE835
:10185000F04F08F037BC00BFF4D9000CF8D9000CE9
:101860009CD2000CEFD9000C27D7000CB0D2000C92
:101870001DDA000C23DA000C27DA000CDFA0000CC4
:101880001927000C2CDA000C34DA000C32DA000CC8
:101890006C0E0020680E002001DA000C0DA1000C77
:1018A00036DA000C38DA000C42F20F7373B58B4253
:1018B00028BF0B4605680446052168460D4A07F017
:1018C00087FB0646636828460B225B680A4908F0D6
:1018D000EBFB63683246694628465B6808F0E4FB28
:1018E00063681B2228465B68044908F0DDFB02B0F0
:1018F00070BD00BFA7D7000C7DF4000C61F4000C94
:1019000000210123064A904206D8064A01B9012364
:101910001360054B18607047012140085B00F2E737
:1019200040420F00680E00206C0E0020F8B50D46F6
:101930000446064F4618B44201D12846F8BD14F8B3
:10194000011BBB6801485B689847F4E764CB000C57
:10195000014B036000207047F8D2000C08B5034823
:10196000034A0021121A08F04EFC08BD880400202A
:10197000E4120020074808B5074A0849121A08F07F
:1019800044FCBDE808400648064A0749121A08F018
:101990003CBC00BF000000208804002018F6000CAA
:1019A000000000200000002018F6000C2DE9F04790
:1019B00006460C4600AF002936D0D1E90012E946B0
:1019C0008AB06D46A3684FF0050AE8461F48CDE986
:1019D0000723CDE9050148F810AF002342464FF434
:1019E00021511B48FFF72CFDD4E90312CD46636952
:1019F000AD461848C5E90723C5E90501C5F810A09B
:101A0000002342464FF421511148FFF719FDCD46FE
:101A1000E3690121104A0E4808F030FBA369012157
:101A20000E4A0B4808F02AFB012E07D1EFF305837D
:101A30000B4A31460648103B08F020FB2146304651
:101A400005F064FEBD46BDE8F08700BF75DA000C06
:101A5000C4D1000CA4DA000CD3DA000CE2DA000CDA
:101A600010DB000C30BFFFF7FDBF00BF2DE9F041D8
:101A700005460B4EDFF82C80324606EB0807CC1BE0
:101A8000204609490AF073FFA01942460021083C8C
:101A90000AF07AFFAC6707F10800BDE8F08100BFEB
:101AA000000000000800000070D2000C10B5244CAB
:101AB0002449254808F0B6FBA36A99013ED522487F
:101AC000224908F0AFFB1E20A36ADA0104D51E48A4
:101AD0001F4908F0A7FB1F20194CA36ADB0204D59D
:101AE00019481C4908F09EFB2020A36A1C0304D55A
:101AF0001548194908F096FB2120114CA36A590397
:101B000004D51148154908F08DFB2220A36A9A03D9
:101B100004D50D48124908F085FB2320084CA36A20
:101B2000DB0304D508480F4908F07CFB2420A36A96
:101B30006FEA03436FEA1343A36210BD1D20C3E79E
:101B400000ED00E023DB000CC4D1000C3BDB000CFB
:101B50004EDB000C68DB000C92DB000CB0DB000CF1
:101B6000D5DB000CEFDB000C70B506460D46294CAA
:101B700029492A4808F056FBA36ADB0647D52748BF
:101B8000274908F04FFB1120A36A1C0704D52348FE
:101B9000244908F047FB12201E4CA36A990712D56E
:101BA00021491E4808F03EFB636BA26A120609D564
:101BB00001211E4A194808F061FA1EB1A36A23F0F8
:101BC0008003A3621320134CA36ADE0704D51348D5
:101BD000174908F027FB1420A36A9C0604D50F4878
:101BE000144908F01FFB15200A4B9A6AD10658BF0A
:101BF0009A6A9A6A920642BF5A6A22F400525A625C
:101C00009A6A42F0FF029A6200232B7070BD102086
:101C1000BAE700BF00ED00E01ADC000CC4D1000CF4
:101C200030DC000C63DC000C76DC000C8EDC000C7D
:101C3000A4DC000CC3DC000C70B506460D46284C35
:101C40002849294808F0EEFAA36AD9043CD5264869
:101C5000264908F0E7FA1720A36A1A0504D5224896
:101C6000234908F0DFFA18201D4CA36A9B0512D502
:101C70001D48204908F0D6FAA36BA26A100409D5C2
:101C800001211D4A184808F0F9F91EB1A36A23F48E
:101C90000043A3621920124CA36A590504D51248C7
:101CA000164908F0BFFA1A20A36ADA050ED50E48C5
:101CB000134908F0B7FA1B20094A936A43F47F439B
:101CC000936200232B7070BD1620C5E7A36A9B04A6
:101CD000F2D505480B4908F0A5FA1C20ECE700BF37
:101CE00000ED00E0F2DC000CC4D1000C08DD000CBB
:101CF00063DC000C19DD000C32DD000C47DD000C4C
:101D000062DD000CC3DC000C10B52F4C2F483049AD
:101D100008F088FAD4F8E830D4F8E420500604D566
:101D200001212C4A294808F0A9F9D4F8E430D90750
:101D30000CD52648284908F075FA2620224AD2F800
:101D4000E43043F0FF03C2F8E43010BDD4F8E430CF
:101D50009A0705D51D48214908F064FA2720EDE7C8
:101D6000D4F8E4305B0705D518481D4908F05AFA45
:101D70002820E3E7D4F8E430180705D513481949BB
:101D800008F050FA2920D9E7D4F8E430D90605D56F
:101D90000E48154908F046FA2A20CFE7D4F8E43077
:101DA0009A0605D50948114908F03CFA2B20C5E7E9
:101DB000D4F8E4301B0605D504480D4908F032FA82
:101DC0002C20BBE72520B9E700ED00E0C4D1000CD2
:101DD0007ADD000C93DD000CA3DD000CB9DD000CF6
:101DE000D7DD000CF2DD000C0FDE000C24DE000C51
:101DF0003EDE000C2DE9F0418AB0774B00AFD3F8FE
:101E000004800023C8F3080683F31188BFF36F8FA3
:101E100002F07F44B4F17F4F31D112F001052FD091
:101E200012F0400502F0080403D02CBB0446012543
:101E300012E0530758BF0146684A0B6858BF012596
:101E40001A44012A98BF0B6C0121654A654808F0C5
:101E500015F974B1EFF389840023FB71F31E092B8C
:101E600000F29980DFE803F00E8F92848B979797AA
:101E70009795EFF38884EFE70C461D46ECE71D4687
:101E80002C46E9E75849574808F0CCF90023524E50
:101E9000FB71F36A9A0705D55449524808F0C2F914
:101EA00000232DE0F36A002B01DA5149F5E7F36ACC
:101EB0005B00F5D54F494B4808F0B4F97369A26946
:101EC00043F480737361BFF34F8FBFF36F8F32F8AA
:101ED000023C726922F480727261BFF34F8FBFF3CC
:101EE0006F8F03F47F42B2F55F4F2BD1DBB2022B31
:101EF00028D123680121404A3A4808F0BFF82368F6
:101F0000FA79DAB907F1080604F1200C32462068A4
:101F10006168083403C264451646F7D17A6A002D19
:101F200056D0C2F3080121B96FEA52226FEA422269
:101F30007A62184607F10801FFF738FD2837BD46D9
:101F4000BDE8F081244B9A6AD2B222B10120F91D7A
:101F5000FFF70AFE15E09A6A12F47F4F04D00120C1
:101F6000F91DFFF769FE0CE09A6AB2F5803F02D3D3
:101F7000FFF79CFD05E0D3F8E430002B90D0FFF78D
:101F8000C3FE0346BCE70020F91DE1E70020F91D70
:101F9000E7E71A4981E71A4A18F4F87FE8468AB059
:101FA000184B08BF13466A461749103ECDE9051382
:101FB0004FF40073ADF82030144B079642F8103FF1
:101FC00000234FF411510748FFF73AFAC54667E777
:101FD0006FF30802ACE700BF00ED00E0A6ED0501DD
:101FE0007FDE000CC4D1000C9EDE000CB5DE000CC0
:101FF000D6DE000CE4DE000C03DF000C1FDF000C5B
:1020000051DE000C66DE000C43DF000C0400000112
:10201000044B5A6942F010025A615A6922F00802D0
:102020005A61704700ED00E0EFF30880EFF309819B
:1020300001B57246FFF7DEFE01BD00BF0A4880F31E
:102040000888202080F3118808484FF40061401868
:1020500080F30988EFF314800221084380F3148889
:10206000BFF36F8F00F05CF8282D0020E81F0020E0
:102070001EF0040F0CBFEFF30880EFF309808169B5
:1020800011F8021C0229FFD001B5724608F0BFF812
:1020900001BD00BF00B2002807DB01234109034A4C
:1020A00000F01F00834042F82130704700E100E05B
:1020B00000B200280CDB01220649430900F01F0092
:1020C0008240203341F82320BFF34F8FBFF36F8F3F
:1020D000704700BF00E100E000B2002801F10101FB
:1020E000ACBF00F16040064B4FEA4111C9B2ABBF33
:1020F00000F5614000F00F0080F80013195470479C
:1021000014ED00E0044B054A23F07F039360BFF316
:102110004F8FBFF36F8F70470000000800ED00E0A5
:1021200008B5FFF7EFFF0B4AD2F8883023F47003AD
:10213000C2F88830EFF3148323F0040383F3148888
:10214000BFF36F8FFFF70AFCFFF714FC00F092F863
:1021500005F0FEFB00ED00E042F8203C009B0B493F
:1021600042F81C3C019B21F0010142F8183C029B03
:1021700042F8081C42F8143C4FF0807342F8043CCB
:102180000023203A0265C367704700BFF50E000CBC
:1021900000B50B4B15469860826F0A4B0E461A60CD
:1021A0002C4686F309880020034B984720460021DF
:1021B00000220023014C20473BA2000CF50E000C2E
:1021C000A4120020940E00201022014B1A617047C7
:1021D00000ED00E0054B5A699B689A421FBF044A14
:1021E000536843F080535360704700BFA41200202F
:1021F00000ED00E0084B9B6883420BD1EFF30583B1
:1022000043B1064B5A6842F080525A605A6A22F42F
:1022100000425A620AF035B9A412002000ED00E035
:1022200011498A684FF030001044EFF3098C80E8C0
:10223000F01F202080F31288BFF36F8F0B4F4FF0F9
:1022400000664A698A603E60906F094C2060D06FDA
:102250000023D36780F3118802F1300090E8F01F6B
:102260008CF3098870470000A412002004ED00E000
:10227000940E0020002320210348C21801339E2B16
:1022800082F80013F9D1704700E100E008B5EFF3E0
:102290000583064A103B02EBC30152F8330049683C
:1022A0008847BDE80840FFF795BF00BFD4CB000CBE
:1022B0000148006870470000940E00201FB50121FE
:1022C000094B0A4A0A4800F00FF90023064A039313
:1022D000084B0121019301A8D31A029300F00EF9D3
:1022E00005B05DF804FB00BF0000082000000020DE
:1022F000F8D2000C880400200A7A0B6810B562F34B
:1023000004031C46CB68520923F01F0343EA42032F
:10231000044A43F00103C2F89800C2F89C40C2F896
:10232000A03010BD00ED00E010B50A4BD3F890309E
:10233000C3F30723013B984208D901210346064A0B
:10234000064807F09BFE6FF0150010BDFFF7D4FFA5
:10235000FBE700BF00ED00E05ADF000CACD1000C41
:102360002DE9F04F8946144606464FF000084F4DC0
:1023700085B0C84527DAD6F804A0BAF1000F44D0DA
:10238000BAF11F0F17D91AF01F0F14D1D6F800B0E9
:102390001BF01F0F0FD1584607F063FF07460AEBEB
:1023A0000B00013807F05DFF874210D06FF0150772
:1023B0003F4A3B4601E043463E4A01213E4807F082
:1023C0005DFE6FF01504204605B0BDE8F08F17F1F3
:1023D000160FEDD0BC42EBDDC5F89870D5F89C1017
:1023E000C5F89870D5F8A03021F01F0143F01F0BFD
:1023F000D6E900321A44994202F1FF3A1AD1D34584
:1024000007D13146F8B207F035FF08F101080C3664
:10241000AFE73146C5F89870D5F89C30E0B263F369
:102420000402C5F89C2007F025FF10F1160FC8D054
:10243000441CEAE7C5F89870D5F8A020013B23F0CA
:102440001F0302F01F021343D3453146E0B2C5F823
:10245000A030E8D007F00EFF10F1160FB1D0C5F88C
:102460009870D5F89C209DF808300BF1FF3B62F383
:1024700004038DF80830D5F8A0309DF808205B08DB
:1024800063F347128DF80820D6E900321344009315
:1024900023F01F035B44A3EB0A03013023F01F0367
:1024A0006946C0B20393FFF73FFFBEE700ED00E0CF
:1024B000A6DF000C80DF000CACD1000C0522044B21
:1024C000C3F89420BFF34F8FBFF36F8F704700BFE7
:1024D00000ED00E0BFF35F8F0022024BC3F89420B1
:1024E000704700BF00ED00E010B5034C2278FFF705
:1024F00037FF207010BD00BFE01200202DE9F74F1C
:10250000294D8A4606464FF00008AB46274FD04576
:102510001BDAD6F80490B9F1000F3FD031680846B5
:10252000019107F09EFE0199044609EB0100013874
:1025300007F097FE84424FF014021D4B08D002FBB7
:1025400008F36FF015024BF8032003B0BDE8F08FDD
:1025500014F1160F2C60F8D01978A142F5DD02FBBA
:1025600008B0C7F89840C7F89840D7F89C4000F1E9
:102570000801007B64F304000871D7F8A0000C790F
:10258000400860F347140C71D7F89C1021F01F012C
:102590006960D7F8A01021F01F01296108F1010836
:1025A00014350C36B3E700BF980E002000ED00E0B4
:1025B000E0120020F0B55349534DD1F890302C680B
:1025C000C3F307239C4287B000F299800020FFF7F5
:1025D00081FF4E4BC1F8C030844216D14C4D01A84A
:1025E0002C70FFF7B5F9002607464A4CB74213D1C5
:1025F00000202B784349D1F89020C2F30722934260
:1026000077DBFFF75BFF002046E0696801EB001114
:10261000FFF772FE0130DFE70199300101EB06138D
:10262000DA682240B2F1807F52D00AD8B2F5001F9A
:1026300034D0B2F5800F3ED0B2F5801F12D00136F3
:10264000D4E7B2F1006F43D0B2F1805FF7D15A689E
:102650009B680958013B22F01F00034423F01F032D
:10266000012032E05A689B680958013B22F01F00A4
:1026700003440120844623F01F0340EA4C10CDE9B7
:1026800002218DF8100002A928780593FFF74CFE6F
:1026900000282ADA6FF0150007B0F0BD5A689B6871
:1026A0000958013B22F01F0003444FF0020C0120A7
:1026B00023F01F03E1E75A689B680958013B22F0A9
:1026C0001F000344062023F01F034FF0000CD4E743
:1026D0005A689B680958013B22F01F0003444FF0E1
:1026E000030C012023F01F03C7E72B7801332B7065
:1026F000A5E7C1F89830C1F8A00001337BE74FF09F
:10270000FF30C9E700ED00E004D3000CAAFF44004D
:10271000E01200200000F0FFF0B587B007460E463B
:1027200014460021102268461D460AF02DF90223A6
:102730008DF80230054B2A4621466846CDE90476DD
:10274000019306F06FFC07B0F0BD00BFA7A2000C1C
:1027500008B5024B1B689847002008BDAC0E00204E
:10276000034B044A1860937843F002039370704758
:10277000AC0E0020F000002008B50649064821F004
:102780000701C1F1005202F5002207F0ACF8002069
:1027900008BD00BF77390020B00E002070B5416938
:1027A0000446867A0A4D59B1437ADB0706D42423BE
:1027B00003FB0653DB691B689B6898470023636132
:1027C0002420214600FB0650BDE8704009F0B4BD4E
:1027D000AC0300202422024B02FB0030704700BFF4
:1027E000AC0300202421827A054B01FB02331A6AD4
:1027F0001B7D801A1B3323F00303B0FBF3F07047FB
:10280000AC03002038B52424827A064B04FB023343
:10281000DB69D3E901240C601568FFF7E3FF04FBD3
:10282000005038BDAC0300202DE9F04385B00546CB
:10283000684690461C46039109F0CEFFDDE900672B
:10284000EFF31189202383F31288BFF36F8F6B8A14
:10285000002B41D02A8A9A4225D9002200232846FB
:1028600005F0D2FA0446F0B189F31188BFF36F8FF7
:10287000039B002B41D032463B46684609F0D1FF0E
:102880002421A27A254B204601FB0233DB6903A9F0
:102890001B681D68DDE90023A847606170BB204606
:1028A000FFF77CFF24E0698A4B1E6B8289F3118855
:1028B000BFF36F8F2B7D2A8A2C6A1B3323F003030F
:1028C000521A02FB0344154B154AEB1A9B10534353
:1028D000A3722B7DE372CBE789F31188BFF36F8F6F
:1028E00023464246284605F08FFA04460028BFD109
:1028F0000024204605B0BDE8F08363610123002574
:102900002381039B29466382E27A656004F1180003
:102910000AF03AF863692582E360EAE7AC03002035
:10292000398EE33870B524250C4C00B970BD037A9C
:102930004668002BFAD0013BDBB20372002BF5D1C5
:10294000C3604360837A05FB03439B6913B19847D7
:102950003046EAE7FFF722FFFAE700BFAC030020AA
:1029600038B5044605F0FEFF204607F00CFDA069CF
:10297000C8B194F86C30DB070DD50221154A164812
:1029800007F0FFFC6FF07705201D07F003FD05F051
:10299000FDFF284638BD09F03AFB38B901210F4A3E
:1029A0000D4807F0EEFC6FF01205EDE7204600F051
:1029B0009BFF05460028E7D10146242204F12800A8
:1029C00009F0E2FF94F86C3043F0010384F86C30B6
:1029D000DAE700BFE7DF000C1CD2000C11E0000CAE
:1029E00070B5044605F0BEFF204607F0CCFC94F815
:1029F0006C30DA070DD40221254A264807F0C1FCC5
:102A00004FF0FF35201D07F0C5FC05F0BFFF28463D
:102A100070BDC3F340019B0707D502211E4A1D4824
:102A200007F0AFFC6FF07705ECE7A06908F0CBFC8E
:102A30000646A06908F057FD054628B10121174A4E
:102A4000144807F09EFCDDE7A36F4BB131462046EA
:102A500007F019FE0546A0B1A06908F06CFDD1E7AA
:102A6000A06908F0E8FCA0670028EFD101210C4A1A
:102A7000084807F086FCA06908F05DFD6FF00B05C3
:102A8000C0E794F86C3043F0020384F86C30B9E787
:102A900034E0000C1CD2000C5AE0000C80E0000C6A
:102AA0009CE0000C38B580210446806908F0E6FC03
:102AB000054678B10146204601F006FB044638B1D0
:102AC00006480121064A07F0D0FA2846FFF72AFFF8
:102AD000204638BD6FF00B04FAE700BFFCD1000CB4
:102AE000CBE0000C38B50446806F07F004FC0546C7
:102AF00007F0E5FB2046294601F0E6FA044638B126
:102B000004480121044A07F0B0FA2846FFF70AFFFB
:102B1000204638BDFCD1000CEEE0000C2DE9F04160
:102B200090F82830044603F01F03012B0F4600F1F4
:102B300028062FD0022B18D08BB3204694F82910EA
:102B400007F068FC024678B3304607F04DFD1D4D96
:102B5000002834D113693BB33A46314620469847A2
:102B60000346FFF7A5FB2B5024E0818DC9B201F08D
:102B70005FF905460028E0D0304607F035FD0246F3
:102B800068688368CAB99B6873B13A463146BDE844
:102B9000F0411847818DC9B207F0DEFDE9E790F8F2
:102BA000291007F0F2FDE4E7FFF782FB6FF08502E2
:102BB000044B1A500020BDE8F081DB68E4E7D368DD
:102BC000C9E700BF0C0000002DE9F04F0B7E044662
:102BD00033F080080D46164695B00AD00121A74A69
:102BE000A74807F042FA6FF00408404615B0BDE868
:102BF000F08F82B10846FFF795FE6B7EDF0704D4A5
:102C00009E07F2D52B7E002BEFD1204615B0BDE8F4
:102C1000F04FFFF767BF4A7E00F12809900705D5FE
:102C2000802B09D12846FFF77DFEDEE7910700F0F3
:102C30006A84002B40F06784D20734D52B8A082B96
:102C40000DD1EA68294613680020A3625368C9F8C9
:102C5000043007F054FB054640B18A4A00E08A4A36
:102C60000121874807F001FA00F031BC484607F01F
:102C7000BBFCE28D70B9B2B12946A06908F0EAFB4D
:102C80000146002800F07A84204615B0BDE8F04FD8
:102C900001F01ABA3AB11146204607F05BFE05462C
:102CA000002800F06B84FFF703FB002394F82880D2
:102CB000764F18F0600FC351C8F3411307D0032BB0
:102CC00040F0D681FFF7F4FA6FF0850338E048460C
:102CD00007F08AFC94F82930002840F06781013B16
:102CE0000A2BEFD801A252F823F000BF992E000C56
:102CF000C52C000C212F000CC52C000C192D000C2C
:102D0000C52C000CC52C000CC52C000C952D000CFE
:102D1000C52C000C052E000C618D7F29D2D8A38D07
:102D2000002BCFD1E38D002BCCD118F01F0FC9D1D0
:102D300094F83030022B05D1FFF7BAFA4FF0FF3389
:102D40003B5083E0A069036993F880301B070DD5E1
:102D5000C9B207F07FFC804658B1638D01214C4A0F
:102D6000474807F08BF9002D73D13EE7012384F823
:102D7000393094F83030012B0AD1638D43B984F88F
:102D80003030FFF795FA3B58002B00F09A805DE059
:102D90000123F4E7204607F0FFFA628D0146FF2A7F
:102DA00090D8E38D002B8DD194F82830D80689D1A6
:102DB00094F83030002BBFD02AB12046D2B207F0B1
:102DC0009DFC0028B8D0618D94F838308B42D8D063
:102DD0002046C9B200F00AFF638D804630B1012160
:102DE00000902C4A264807F053F9BCE7002B14BF8B
:102DF00002220122052184F8302020461A4607F0DD
:102E0000EAFDBEE708F01F08B8F1010F7FF45AAFE2
:102E1000E38D002B7FF456AF628DFF2A3FF652AF51
:102E2000A18DFF293FF64EAF94F83030022B83D1AD
:102E30002046D2B2C9B207F011FD10F1020F804650
:102E400040F01B81FFF734FA47F8008065B14FF07E
:102E500000082846FFF766FDB8F1000F7FF4C5AE05
:102E6000FFF726FA3B5863B3484607F0BDFB03461D
:102E7000A069002B00F0858380218BE30DE1000C1D
:102E8000FCD1000C45E1000C2EE1000C0C00000010
:102E900067E1000C89E1000CE38D002B7FF412AF99
:102EA00094F83030002B3FF447AF012BA18D02D1B5
:102EB00000297FF441AF18F01F080CD0B8F1020FC1
:102EC00016D0E38D002B40F0F5822046FFF7EAFD97
:102ED0000028C9D199E600297FF42EAF638D012B1C
:102EE000EFD194F86C3061F3C30384F86C30E8E7F9
:102EF000B4F82AA0BAF1000FE3D15FFA81F8414695
:102F0000204601F049F90346FFF7D2F93B5001335F
:102F100000F0448352464146204607F06BFB30E701
:102F2000E38D002B7FF4CEAE628DA38D022A5FFA73
:102F300083FA11D108F01F085AEA08087FF4C2AEDC
:102F40000122A069190A07F065FB00287FF4BAAED8
:102F5000012384F8393014E794F8301000293FF445
:102F6000EBAE012902D1002B7FF4E6AE18F01F086A
:102F700012D0B8F1020FA4D1002AA2D151462046A6
:102F800001F0E8F80346FFF793F93B50013300F0F6
:102F9000058301225146BFE7002B7FF4CDAE012A05
:102FA0008FD194F86C3043F008039EE70A2B3FF66C
:102FB00089AE01A252F823F0E52F000CC52C000CBD
:102FC000C52C000CC52C000CC52C000CC52C000C0D
:102FD0005F30000CC52C000C3134000CC52C000CEB
:102FE0005B34000CE38D022B7FF46CAE94F8303030
:102FF000002B3FF4A1AE012BA18D02D100297FF45B
:103000009BAE18F01F0811D0B8F1020F1CD04FF082
:10301000000805F10C0A504607F0DEFAE38D9842ED
:1030200018D2FFF745F96FF00B0389E600297FF40A
:1030300083AE94F86C304FEA930808F00208C3F3AB
:10304000001348EA0308E4E72046C9B207F0A2FCEF
:103050008046DEE74146504607F07AF991E6B4F83B
:103060002AA018F01F0F4FEA1A215FFA8AFA09D036
:1030700029462046FFF752FD8046B8F1000F7FF445
:1030800072AE7EE601390E293FF61CAE01A353F85D
:1030900021F000BFD130000C1131000CC731000C01
:1030A000C52C000CC52C000CBF31000CBF31000C2E
:1030B000C52C000CC52C000CC52C000CC52C000C1C
:1030C000C52C000CC52C000CC52C000C2333000CA7
:1030D00005F10C08404607F07FFA83462046B4F815
:1030E0002EA007F059F920B101287FF4EBAD616FF4
:1030F00000E0216F002900F05582DA4528BFDA464A
:103100000A784046524528BF524607F010F938E683
:10311000204607F041F90AF1010A014603905FFADF
:103120008AF2204607F0C4FA834630B9012153469B
:10313000B84AB94806F0A2FFC4E505F10C0AD0F878
:103140000480504607F048FA98F800204146824231
:1031500028BF0246504607F0EAF8DBF80CB0BBF196
:10316000000F09D1298AE38D99427FF60AAE5046B5
:10317000C91A07F0F7F804E6DBF8040083681B6B54
:1031800013B9DBF800B0EAE7039998470028F8D0B4
:10319000A0F1040858F8041F0029F2D00A78002A88
:1031A000EFD05046CDE9042107F016FA049A0599AC
:1031B000904238BF82B2504607F0B9F8EAE720469D
:1031C00007F0EAF87EE552460321204607F062F94F
:1031D000824600283FF476AD07F0F9F9B4F82EB036
:1031E0009AF81510C8B99AF814808DF831108DF836
:1031F0003080DAF8103005F10C0A1B885046ADF823
:10320000323007F0E9F9C3455A4628BF42468242A8
:1032100028BF02460CA9504677E700237F4A8DF865
:103220001D10DAF808108DF81C300A407C498A42DB
:1032300066D1102108A803F021FEB0F1000845DB9B
:103240000CA9B8F1100F4FF00003084628BF4FF04B
:103250001008DFF8D0E10DF1200C984501F10201D2
:103260003ED803464FEA880808F102085FFA88F85A
:103270008DF81C8005F10C0A5046049307F0ACF958
:10328000D84528BFD846804528BF8046B8F1020FF0
:10329000C34628BF4FF0020B50465A46A8EB0B0816
:1032A00007A907F044F84FEA58030393049B9B4691
:1032B00003EB58025A452AD118F0010F3FF461ADD3
:1032C0005046039A995C07F03BF85AE518F1580FFD
:1032D0007FF4F8AC0121544A4F4806F0C6FEF1E4F1
:1032E0001CF8012B01334FEA121A02F00F021EF8EC
:1032F0000AA01EF8022001F802AC01F8012CACE78C
:103300009AF81480DAF810308DF81C80B2E7504635
:103310001BF8011BCDE9042307F01AF8DDE90423AB
:10332000C8E7204607F038F838B101282CD0FEF75E
:10333000BFFF6FF085033B5023E5236F002B00F0A8
:1033400031815B88B3F5007FF1D9384B04F14C0B28
:103350000C9300238DF83430E36C9B4508BF0023A9
:10336000BDF83210A3B15A7D0F2A08D11A7D0A4444
:10337000ADF832209DF8342001328DF83420226DD2
:10338000934203D01B68EBE7636FD7E7BDF83210B9
:1033900005F10C0A5046039107F01EF9B4F82E808F
:1033A0000399884528BF8846804528BF8046424605
:1033B000052A28BF052250460CA9039206F0B7FF44
:1033C000039AB8EB02083FF4DCACE36C5B453FF4D6
:1033D000D8AC002B3FF4D5AC5A7D0F2A14D11A7DFE
:1033E0001969424528BF42465046039306F09FFFA5
:1033F000039B1A7D424594BFA8EB0208A8EB08087E
:10340000B8F1000F3FF4BDAC226D93423FF4B9AC6C
:103410001B68DEE7ACE1000CFCD1000C00FF0200F1
:103420000003020089F4000CD2E1000C050F050036
:1034300094F83030002B3FF47FACE38D012B7FF408
:1034400041AC05F10C08404607F0C6F800283FF4EF
:10345000E8AD94F83810404635E708F01F08B8F199
:10346000010F7FF469AC204607F036F900283FF4DD
:1034700063ACB4F82CA0BAF1FF0F3FF623AC43685D
:103480001B795345FFF41EAC5FFA8AF30F2B3FF60E
:1034900019ACE38D012B7FF415AC05F10C08404607
:1034A00007F09AF800283FF4BCAD04EB0A0393F848
:1034B0003A10D0E7484607F097F818B92846FFF7C2
:1034C00031FA02E52946204600F0FEFD18B12846F3
:1034D000FFF728FAC8E4A069036993F8801011F097
:1034E00004017FF492AB07F0C9FF054600283FF4C2
:1034F000BBAC0146204600F0E7FD00283FF485AB59
:103500002A4AFFF7ADBB52077FF5AEAC002B3FF464
:1035100089AB2846FFF706FA94F83930002B3FF4C0
:1035200064AB94F82930052B0CD1618DA069C9B228
:1035300007F090F8064628B1638D01211C4A1D480A
:1035400006F09CFD94F82930032B11D1638D022BDA
:103550000ED1A18D00220D0A2946A06907F05AF864
:10356000064628B101212B46134A124806F086FD73
:103570000023B04684F83930FFF737BB6FF00B06F5
:1035800072E4E38D002B3FF477AC16F10C0118BF09
:103590000121C90107F077FEFFF737BB4FF0FF3875
:1035A000FFF7E1BB6FF01508FFF7DDBBF4E1000C9E
:1035B00067E1000CFCD1000C18E2000C0B7810B491
:1035C000062B14D10369D3F89C20EFF31184202338
:1035D00083F31288BFF36F8F00204B681860506A26
:1035E00058B9C2E9083384F31188BFF36F8F002202
:1035F0000023034810BC08F0F5BD03605362F2E7F6
:103600007403002030B589B0002200230024CDE9E6
:1036100006236FF007034FF48062CDE90334CDE950
:103620000144154B15490094154804F0A9FE1549AD
:10363000134808F021FF144B14498B4207D3002094
:10364000134B14498B420CD3002009B030BD03F159
:103650001402D2E8EF0FC2E8E54F002DF9D118337C
:10366000EBE703F11402D2E8EF4FC2E8E50F002DBB
:10367000F9D11833E6E700BFF136000CE815002059
:103680005009002080D6000C70040020880400201F
:10369000880400208804002038B50D4607F01CF887
:1036A00030B90121BDE838400F4A104806F0DDBCB2
:1036B000C46804B938BD2B78032B05D0052B0ED078
:1036C000022B08D02468F4E7606883685B69002BEC
:1036D000F8D09847F6E7606883689B69F7E7606809
:1036E0008368DB69F3E700BF3FE2000C0CD2000CFB
:1036F0002DE9F0434FF0200885B000AF4FF0FF33C5
:103700004FF0FF327248391D04F058FAFB681B690C
:10371000D3F89C40236A93B1EFF3118288F31288A7
:10372000BFF36F8F256A2DB1616A2B688D422362CA
:1037300008BF636282F31188BFF36F8FC5B93B790D
:10374000062BDBD0072BD9D801A252F823F000BFFB
:10375000CD37000CC137000CF537000CD337000C07
:103760002B38000C1738000CFD36000CBF38000C4D
:103770002B7E29465E062046D5F81E201DD1FFF778
:1037800023FA06460028C5D0E9468AB06A462B7E51
:10379000CDE9073505234F49CDE9051042F8103F23
:1037A00000234FF421514C48FDF74AFE3246CD46E6
:1037B0000721204607F00FF9ACE706F0DDFFE0E750
:1037C00000220121204607F006F997E70022114662
:1037D000F8E794F86C3043F0040384F86C3094F804
:1037E0003030022B03D12046391DFFF755FF002250
:1037F0000321E7E794F86C3023F0040384F86C307D
:1038000094F83030022B03D12046391DFFF744FFD6
:1038100000220221D6E794F83030022B7FF46EAFFD
:103820002046391DFFF738FF68E794F86C30A66929
:1038300023F0040384F86C30D6F808903369A03381
:10384000D3E8AF3F9A071ED53046D9F83C309847A9
:10385000D9F824300021304698470546D9F8403041
:103860003046984795B11D4A01211B4806F0FDFBE3
:1038700000220421204607F0AEF8002D3FF43EAFB1
:103880002A4607219EE74FF0FF35ECE72946204600
:1038900000F0ACF9054608B1114AE5E7A06907F068
:1038A0000CFE831E5842584194F86C3084F8305016
:1038B00023F0680343EA401384F86C30D8E7012111
:1038C000084A054806F0D1FB0621BA687AE700BF2E
:1038D000740300206EE2000C0CD2000C98E2000C85
:1038E000C6E2000CF2E2000C38B5024605460C496F
:1038F000806907F040FE044630B10121094A0A48B8
:1039000006F0B3FB204638BD85F83800284600F0A5
:103910004FF804460028F5D0A86907F05BFEF1E7F0
:10392000BD35000C02E3000C0CD2000CF8B50123ED
:103930001D460C68002C35D063F07F02D6B202F031
:103940007F02103224FA02F7FF0716D5046824FA22
:1039500002F7FF0708D4334613480121134A06F043
:103960008DFB6FF01500F8BD05FA02F224EA02049F
:1039700004600C6824EA02040C60DC40E6070ED503
:10398000026822FA03F4E40700D4E5E705FA03F439
:1039900022EA040202600A6822EA04020A60013391
:1039A000102BC6D10020DEE73CD2000C29E3000C2E
:1039B0002DE9F04F836983461B69026F93F88030CD
:1039C0008FB0C3F34113022B0ED0032B0ED0012B6B
:1039D0000CBF10230823D371DBF854800027B8F103
:1039E000000F05D14446D6E02023F4E74023F2E758
:1039F000D8F80430D8F80C5003930C9704977DB98D
:103A0000049B039A09339BB293701B0AD3701771FE
:103A1000D8F80C40002C40F0D480D8F80080DDE7C6
:103A2000002468680D9483681B6B002B00F0BA803B
:103A300021469847002800F0B5803E46C5E903447A
:103A4000031F0293029A52F8043F02920BB11A78B4
:103A50009AB9BE4240F2A380EB680D9A1343EB6023
:103A6000686883689B6A002B00F09E809847044634
:103A7000002800F09C80594A81E05A780B2A08BF40
:103A80009E70029B1B685A78042A10D1EA680D992F
:103A90000A43EA60DA78002A61D101229E702B691C
:103AA000B240134301362B61F6B200230D93029B03
:103AB000D3F8009099F80130052BC3D16FF01204B0
:103AC0004FF0010ADBF81830089399F8052099F8AF
:103AD00004305FFA8AF143EA0223ADF82E300C9BE2
:103AE000069399F90230069A002BA3BF4FFA8AF386
:103AF0000793534641F08001BFBF4BB2079321F0BB
:103B000080031033DA40D20730D40D9A22FA03F33F
:103B1000DB0705922AD499F8063099F80320089813
:103B200000930DF12E03099107F023FB0999044638
:103B3000E0B9079B89F80210002B4FF00103BCBFCE
:103B400021F0800110318B4006980599BDF82E2098
:103B500019431843CDE90C01A9F8042072E7721E3D
:103B60009A700DA90CA8FFF7E1FE9EE70AF1010A81
:103B7000BAF1100FA9D1002C3FF464AF184A01210B
:103B8000184806F072FAD8F804305B790121164A19
:103B9000144806F073FA20460FB0BDE8F08F6FF0BE
:103BA0001504EBE73E465BE76FF0850463E70146EB
:103BB000686806F0B1FD049B374603442D68049302
:103BC0001DE7E36804F10C01A3600CA8FFF7AEFE4B
:103BD00008B924681EE76FF01504D4E76AE3000C07
:103BE00046E3000C3CD2000C8EE3000C2DE9F041C2
:103BF00005460E4606F0D0FB95F8383080463BB3BC
:103C0000284606F069FD0746F8B10146284606F049
:103C1000D3FD10220446002105F13A0008F0B4FE5D
:103C2000002385F83830FF6847B98CB10121194A63
:103C3000194806F01AFA2046BDE8F08178688368D2
:103C40005B6A03B198473F68EEE76FF03C04EDE72D
:103C50001EB985F838600024EDE732464146284613
:103C600006F026FD074690B10246284606F0CEFD36
:103C700004460028DFD185F83860FC68002CEAD0C3
:103C8000606883681B6A03B198472468F6E76FF0A1
:103C90003C04D0E7BBE3000CF4D1000CF8B50446BB
:103CA0000E461546576806F0FAFC94F86C30D907B2
:103CB0000BD50121394A3A4806F0D7F96FF00F06C3
:103CC000201D06F0F3FC3046F8BD012E07D1354A21
:103CD0000121334806F0C9F96FF08506F0E7FB795A
:103CE0009A0607D5A3691B6993F880309B0701D416
:103CF0002D4AEDE7C6B9E36D53B9626DB2B9236FD2
:103D00006A685B7C0133DBB25371226F53741FE02E
:103D10009D4207D10121254A214806F0A6F96FF0FE
:103D20001506CDE71B68E7E7214AD1E7954222D186
:103D30002A68D3B9A36D62659D4200D1A2650023B4
:103D40002B606B685B7902211A4A154806F096F9D8
:103D5000A968B9B1204606F0B7FB064670B101214B
:103D6000154A0F4806F081F9AAE71A60A26D95423C
:103D700008BFA365E3E713461268BFE7A86806F02B
:103D800026FCB87100232B60A36D1BB9C4E915553F
:103D9000002695E71D60A565FAE700BFFDE3000C6E
:103DA000F4D1000C1FE4000CD9E3000C4DE4000C2E
:103DB0006AE4000C8AE4000CA7E4000C80B500AFB4
:103DC00088B06A46094BCDE905304FF40073ADF871
:103DD0001C30074B42F8103F00234FF4E2510548D6
:103DE000FDF72EFB0020BD4680BD00BFDEE4000CC9
:103DF0000300000104D2000C70B5054681B12846CD
:103E0000FFF7DCFF0024204670BD63682846196870
:103E1000FCF710F90028F6D01834B442F5D3EEE7D9
:103E2000014C024EF9E700BF700400208804002016
:103E300070B5012501F07F0311F0800F18BF10331A
:103E40009D4090F830300446022B06D001210C4AE8
:103E50000C4806F00AF9002070BD90F8386006F0B2
:103E60009BFA32460146204606F022FC0028F2D09A
:103E7000C0680028EFD083681D42EDD10068F8E7E4
:103E8000FCE4000C04D2000C2DE9F843054608467A
:103E9000114616469846FFF7AFFF0446002843D068
:103EA000284606F032FC95F86C30DA0702D5204A35
:103EB000012109E0D4F8049004F11407D7E8AF3FDA
:103EC000DB070CD502211B4A1B4806F0CEF86FF029
:103ED0000F04281D03F048FF2046BDE8F883D9F8F9
:103EE00004301BB1AB4201D0144AE1E742463146EF
:103EF000284606F0DDFBA0B10023236003696BB9FF
:103F0000C0E90344D7E8EF3F43F00103C7E8E23FCD
:103F1000002AF7D10024C9F80450DAE71C600461D4
:103F2000F0E76FF03C04D4E76FF01204D4E700BF71
:103F3000FDE3000C21E5000C04D2000C43E5000C6D
:103F40002DE9F84F81461646984600AF002938D033
:103F50006FF085042046BD46BDE8F88F6C68B8F167
:103F6000000F04D0A8F1040B5BF8041FF9B9216815
:103F7000334600224846FFF787FF0446E0B16B68EE
:103F80006D468AB06A461B6810490796CDE905134D
:103F90004FF40073ADF820300D4B42F8103F002372
:103FA0004FF411510B48FDF74BFAAD46D2E72068AC
:103FB000FCF740F80028D7D118355545CED300245A
:103FC000C8E7054DDFF814A0F7E700BF78E5000C5F
:103FD0000400000104D2000C7004002088040020BA
:103FE0002DE9F04F83B000AF7B6097F830304C681C
:103FF0000E463B608146904606F0CEF9A368014626
:104000001B6B33B96FF0150420460C37BD46BDE875
:10401000F08F204698470028F4D00024051F06F1B1
:104020000C0A55F8041F09B10B782BB9002C14BFEA
:1040300000246FF03C04E7E74B78042B0ED1002CF2
:104040003CD18B787A689342EBD1CB783A68934233
:10405000E7D10B79002BD7D00124E2E7052BE0D183
:10406000002CDED0B8F1010F91F802B009D0B8F100
:10407000020FF1D152465946D9F8180006F054FC07
:1040800004E05246D9F8180006F032FC0446002835
:10409000E2D06D468AB06A46F368CDE907B30623DD
:1040A00007490990CDE9051842F8103F00234FF465
:1040B00041510448FDF7C4F9AD46A5E70024A3E744
:1040C000B0E5000C34D2000C2DE9F0410B7E0C461B
:1040D0005906054637D16BB306F097F940B11B4836
:1040E00001211B4A05F0C1FF4FF0FF30BDE8F08110
:1040F0002846D5F87080268AEF8D06F04DF9F8B184
:10410000421E534253419B01228A9AB1BE4232461B
:1041100028BF3A46E98D91420CD9B2FBF3F103FB7B
:1041200011223AB994F91830002BBEBF637E43F0D8
:10413000080363762146A869BDE8F04107F0FDB8A1
:1041400098F80730E0E76FF01500CFE724D2000CB5
:10415000ECE5000C70B5064680690C4607F093F854
:10416000054638B102212346094A0A4805F086FF70
:10417000284670BD012214F0800F18BF24F080047F
:10418000736B18BF1034A2401A437263F0E700BF8C
:1041900000E6000C24D2000C70B5054680690E467E
:1041A00007F09BF8044638B102213346054A064819
:1041B00005F064FF204670BD314605F1340006F07D
:1041C00089FBF7E717E6000C24D2000C70B5064611
:1041D000EFF31181202383F31288BFF36F8F1B4D00
:1041E0002A6881F31188BFF36F8F526892F86C20B0
:1041F000D20705D4BDE870400A22002304F04CB871
:10420000EFF3118283F31288BFF36F8F2C682CB108
:10421000696823688C422B6008BF6B6082F3118849
:10422000BFF36F8F44B1606804F10801C369984718
:104230002146074807F086FF2B6833B13046BDE8BA
:1042400070400022002303F0F3BF70BDBC0E0020BD
:10425000F402002030B585B0CDE9001205460022F9
:104260000023144803A903F015FC0246E8B9DDE970
:104270000001039B5D60083383E80300EFF31180C6
:10428000202383F31288BFF36F8F039B1A600A4ABF
:10429000516861B9C2E9003380F31188BFF36F8FB1
:1042A00000220023054803F0C3FF05B030BD0B60BA
:1042B0005360F1E7F4020020BC0E00200000002053
:1042C00010B504690346204640F8143B0122002142
:1042D00008F040F804F12400024908F08FF80020AB
:1042E00010BD00BF1146000C73B513464A78006933
:1042F0000A2A09D00B2A35D0092A254C1BD0FDF7F4
:10430000D7FF6FF085032BE0498803690A0A5C68D0
:1043100011F0FF0108BF83F83420E36823B1920055
:104320009847002002B070BDFDF7C2FF6FF0850214
:10433000174B1A50F5E705694A886D68110AAD6890
:10434000D2B2002DF0D0022903D0032901D00129D7
:10435000D5D1DE6800961B8AA8470346FDF7A8FF63
:104360002350DEE749880129DED843681B689B7922
:10437000002BD9D0036993F835208A42D1D05A68EE
:10438000C9B283F835105369002BCAD09847C8E7E3
:104390000C00000073B514464A780B46013A0069D8
:1043A000052A07D8DFE802F020034D06065CDA880C
:1043B000012A06D0FDF77CFF6FF08502364B1A50BC
:1043C0003AE059880369C9B231B15B681B69002BB7
:1043D000F0D09847810801E093F83410C9B204F195
:1043E0000C0005F0ADFF27E05A880569110A022983
:1043F0006D68DB88D2B20AD0032908D0012906D023
:104400006FF08503FDF754FF234A135014E0E6686C
:1044100000966D68A8470028034610DD228A618A4D
:104420006069891AE268121A891A994228BF1946E6
:1044300004F10C0005F075FF002002B070BDE1D161
:10444000DEE75A88002AB5D1DB88012BB2D1436858
:104450001B689B79002BADD0036993F83510BEE73C
:104460005A88120A212A0DD0222AA3D10169DA889A
:10447000CB6889689A4228BF1A4604F10C0005F0FF
:1044800056FFD9E74268DB8811684A7A09319A42B7
:1044900028BF1A46F1E700BF0C00000038B50346FC
:1044A0001B6940685C681B6925685A681AB19A687C
:1044B0000AB1DA683AB913480121134A05F0D5FD6B
:1044C0006FF0150038BD1033D3E8EF1F41F0010144
:1044D000C3E8E21F002AF7D1216909B90020F1E7FA
:1044E0002B7A002BFAD105F0EFFF28B10121074A02
:1044F000044805F0BAFDF1E7206906F068F8287273
:10450000ECE700BF2CD2000C41E6000C6BE6000C7F
:1045100038B504694068006804F11005D5E8AF5F5C
:10452000ED071FD40BB15D683DB9104A1048012159
:1045300005F09BFD6FF0150038BD90F820501DB1BF
:104540009D680DB90B4AF1E785791DB15D690DB91B
:10455000094AEBE7C4E9021263600274120A42746A
:104560000020E9E76FF07700E6E700BF95E6000C72
:104570002CD2000CB4E6000CD3E6000C2DE9F34D70
:104580000B460669114642687768546806F11000C8
:10459000D0E8AF0F800733D54FF0000A4FF0000B83
:1045A00020694068006890F81480D0681A46CDE908
:1045B00000AB05F08DFE054650B90121124A1348A3
:1045C00005F053FD6FF00B04204602B0BDE8F08DFE
:1045D000014680F81880204606F0C1F9044618B15B
:1045E0002846FEF79FF9EFE7BB69002BECD14FF0AF
:1045F000FF324FF0FF3306F1140003F06BFCE3E7EA
:104600006FF00C04E0E700BFF4E6000C2CD2000CC5
:1046100070B550F8243C59684D681438D0E8AF3F65
:104620009B071DD52B6900225B6888681B6893F87F
:104630002260002305F048FE044630B9094A0121F2
:10464000BDE87040084805F010BD014606762846D2
:1046500006F085F920B12046FEF764F9034AEEE73B
:1046600070BD00BF0FE7000C2CD2000C29E7000C36
:1046700030B5104D85B04FF0FF334FF0FF320E488C
:1046800001A903F09BFA034690B101210B4A0C48A3
:1046900005F0F4FCEFE7236813B1019A934203D1CC
:1046A000D4E9013101A898470C34AC42F3D3E2E7D6
:1046B000044CFAE770D2000C240300205EE7000CE3
:1046C0007CD1000C64D2000CF0B517461E4685B0B4
:1046D00001909DF82800DDE90C5423462C432A461E
:1046E0008DF808008DF80910ADF80A70039608D00F
:1046F000FDF7DEFD0C49D1F888400C4909588C4281
:1047000001D1002213460A4801A907F06BFD041EDF
:1047100007DA0221074A084805F0A7FC204605B041
:10472000F0BD0024FAE700BF000D002008000000E3
:104730002403002073E7000C7CD1000C0F2300F051
:10474000070292009340DB43C008084801F00F01C4
:1047500001FA02F10BBFC269026A134013400BBF9A
:104760000B430B43C3610362704700BF00A00144C9
:10477000012310B58B400C46032813D8DFE800F066
:10478000020F080C0A4A134204D141B90E2008E076
:10479000082904D1FF2004E0064A1342FAD004F0AD
:1047A0000F0010BD0121044A044805F05EFCF6E745
:1047B000000008E0FE7F3F00ABE7000C84D1000C56
:1047C0000121024A024805F050BC00BFC8E7000CB6
:1047D00084D1000C70B5054602F074FF0446084E03
:1047E0006B6863B102F06EFF031BB34203D9BDE8EF
:1047F0007040FFF7E5BF022007F0E3FBF0E770BD74
:10480000BFD4010038B54568D5E9010183681B684C
:104810006BB19847041E0DDA14F1780F0AD02346C5
:10482000184A0121184805F029FC204638BD6FF0D0
:104830005704F4E76868E96883681B6843B19847E0
:10484000041E08DA14F1780F05D0104A2346E8E771
:104850006FF05704F9E72B69984701222B681A700B
:104860002868FFF7B7FF2B7D13B100222B681A7061
:104870002A680024137843F0020313702868FFF7B6
:10488000A9FFD2E7F7E7000C84D1000C1BE8000C6D
:104890002DE9F743054641788078FFF769FFFF2847
:1048A00006460CD1AB786A782B48009201212B4A3E
:1048B00005F0EEFB6FF0850003B0BDE8F083284FF4
:1048C0003B88C340DB0744D54FF00109254C09FA6A
:1048D00006F92378204603F0FD032370FFF77AFFE3
:1048E00000213046C4F80C90C4F81490FFF726FF5E
:1048F000236B204623EA090323636A78AB686FEAD7
:104900000908134493F8402002F0FE0283F8402087
:10491000237843F002032370FFF75CFFEFF311816C
:10492000202383F31288BFF36F8F3A881FFA88F32E
:104930001A403A80FF223E4439633276AA78143214
:1049400037F81200034027F8123081F31188BFF3C3
:104950006F8F0020B0E700BF84D1000C3FE8000C4F
:10496000FC0E002000A00144032870B506D91648AB
:104970000121164A05F079FB002070BDEFF3118488
:10498000202383F31288BFF36F8F1149143031F85D
:104990001030012500200F4A0C635269134023B9DF
:1049A00084F31188BFF36F8FE7E793FAA3F2B2FAAB
:1049B00082F20A44127E5E1E02F01F0205FA02F223
:1049C00033401043EBE700BF84D1000C6AE8000CD1
:1049D000FC0E002000A001442DE9F04783784268D6
:1049E000584D023390F8019045F82320C3680446DF
:1049F0006B604946807800AFFFF7BAFEFF28064695
:104A00004FEA590809D150480121504A05F02DFBC1
:104A10006FF08500BD46BDE8F087EFF311822023DB
:104A200083F31288BFF36F8F2B882A63C340DB07A1
:104A30002AD52B181B7E03F01F01894503D1A178CD
:104A4000B1EB531F20D082F31188BFF36F8F354431
:104A50002B7EA1786C468CB058096A4603F01F0380
:104A6000CDE9070307233A4DCDE90919CDE90556EC
:104A700042F8103F344800234FF46151FCF7E0FC4A
:104A80006FF00F00A546C5E7DFF8C8A09AF8003020
:104A9000504603F0FD038AF80030FFF79BFEA36841
:104AA00030464B4493F8402042F0030283F8402004
:104AB000A26809F0010342444FF0010892F8301057
:104AC000013B83F00F030B4082F830302178FFF771
:104AD00035FEE37808FA06F82BB1DAF8303043EA0D
:104AE0000803CAF83030CAF81480DAF810301948D0
:104AF00043EA0803CAF810309AF800301FFA88F821
:104B000043F002038AF80030FFF764FE2B882E443E
:104B100048EA03032B80337E69F304033376A278DB
:104B200062F347133376A378143335F8132048EA39
:104B3000020825F813802B6B83F31188BFF36F8F66
:104B4000002067E7FC0E002084D1000C81E8000CF7
:104B50009EE8000C00A00144F8B504690D4600AFC2
:104B6000A034D4E8AF3FC3F38003994218D1164A6A
:104B7000164B6E4688B0002918BF13466A46144982
:104B8000CDE905134FF40073ADF81C30114B42F81A
:104B9000103F00234FF4E4510F48FCF751FCB54699
:104BA0004DB1D4E8EF3F43F00403C4E8E23F002AEC
:104BB000F7D1BD46F8BDD4E8EF3F23F00403C4E8C5
:104BC000E23F002AF5D0F6E714E9000C1CE9000CDE
:104BD00023E9000C03000001E4D1000C2DE9F047AB
:104BE0000546894690461F46D0F808A006F0FBF916
:104BF0000446C0B1067DF30709D5037E164801219E
:104C0000164A05F03BFA6FF07700BDE8F0873B46A7
:104C10004246494606F0A7F940B9237E0121104AD1
:104C20000D4805F02BFA6FF01200EEE79DF82030EA
:104C300026F0060684F81980678323772675DAF84C
:104C40001830214628469847B0FA80F3227D5B0948
:104C500063F300022275D8E7E4D1000C35E9000CBB
:104C60004FE9000C70B50546866806F0BCF90446AD
:104C7000D0B1037DDB0708D4037E0D4801210D4A26
:104C800005F0FCF96FF0770070BD0146F369284626
:104C9000984738B1237D03F00103227D63F30002BE
:104CA0002275F1E70346F8E76FF01200ECE700BF6A
:104CB000E4D1000C71E9000C2DE9F3411746D0F85E
:104CC00008800546D8F83C300E469847002200235D
:104CD00039460B48FDF7A8FD044670B901213B4653
:104CE000084A0948009605F0D3F92846D8F840301C
:104CF0009847204602B0BDE8F0810676F5E700BF90
:104D0000D00300208CE9000CE4D1000C2DE9F84F11
:104D10008146884692469B460C4600261B4F5645C8
:104D200001D1002522E0A37CBBF1800F0CBF43F032
:104D3000200343F04003A374DEB9D8F810306FF3BA
:104D4000100343F4803343F04003C8F810304BEABB
:104D5000060321462376484606F057F920340546D7
:104D600088B101210A4A0B4805F07FF92846BDE8C1
:104D7000F88F23693B4043F4602343F47F7343F08F
:104D800003032361E3E70136C9E700BF0000F1FF39
:104D9000BAE9000CECD1000C70B5066802F092FC88
:104DA0000446064DB37803F0FF0033B102F08AFCED
:104DB000031BAB42F6D96FF0730070BDBFD4010086
:104DC00030B5036989B0D3F8A450044608350022F1
:104DD0000023CDE906236FF007030122CDE903325A
:104DE00000230090CDE901334FF400722846054BB3
:104DF000054903F0C5FA2168284609B0BDE83040EE
:104E000007F03ABB1150000CE81D0020F8B5137EE6
:104E1000446823F080034FEA431C04EB431443F639
:104E2000FF730D8A06689D4228BF1D46EFF3118768
:104E3000202383F31288BFF36F8F664496F8063100
:104E40001B060BD587F31188BFF36F8F127E1348B3
:104E5000134906F006FD6FF00A00F8BDCB68236128
:104E6000508BC0F30A0006F037FCE37D257560F334
:104E70000613002003F0F00360F3C713C5F3052504
:104E8000A0756575E37596F8053143F0800386F8E3
:104E9000053187F31188BFF36F8FDEE7ECD1000C8B
:104EA000D6E9000C38B5436805461C689B6B03B116
:104EB000984723899BB243F001032381237803F0B1
:104EC000FD032370237843F0010323706868FFF724
:104ED00063FF054630B10121034A044805F0C5F8D7
:104EE000284638BD6062FBE701EA000CECD1000CFB
:104EF00038B5044643681D689B6B98472B899BB265
:104F000043F001032B812B7803F0FD032B706068C5
:104F1000FFF742FF014690B92046FFF7A3FE38B1E4
:104F200008480121084A05F0A0F86FF0040005E0E8
:104F300080212046FFF796FE0028F1D138BD6FF0A2
:104F40007300FBE7ECD1000C20EA000C2DE9F843DC
:104F5000147E4B8ACF68D1F81480B1F81090D0E954
:104F6000005EEFF31186202080F31288BFF36F8F6D
:104F700024F0800005EB40154FEA401C95F806012F
:104F800040060CD486F31188BFF36F8F127E1E4843
:104F90001E4906F066FC6FF00F00BDE8F883107E36
:104FA00028B3C9680EEB0C044EF80C100021A3EBDB
:104FB00009032171A7EB08015B1A43F6FF718B42CD
:104FC00028BF0B4699016171C3F38701A171E17993
:104FD000C3F3832321F00F010B43E371508BC0F324
:104FE0000A0006F079FBE37960F30613E37195F8A4
:104FF000043143F0400385F8043186F31188BFF390
:105000006F8F0020C9E700BFECD1000CD6E9000C7F
:105010002DE99F4804462369D3F8A4A00AF190091A
:105020004FF0FF334FF0FF324FF0FF31CDE9002357
:105030004846002207F091FC8046206984304FF0FA
:10504000FF324FF0FF3302F01DFE18F0040F21D1A4
:1050500018F0020F0DD00221484607F07AFC2369B0
:105060000126D3F8A4009C3006F000FC0546002D74
:105070005FD118F0010F08D00121484607F069FC04
:1050800020460AF1E40106F01AF82069843002F0A3
:105090006BFEC0E70421484607F05BFC23694FF034
:1050A000010BD3F8A400A03006F0E0FB0646002E6A
:1050B000CED096FAA6F3B3FA83F3DDB20F2BC2BFBC
:1050C000103D65F07F05EDB20BFA03F2294620464C
:1050D00026EA020605F087FF074605F0ACFF58B93F
:1050E0003A7E2649264806F0BCFB6FF0680207218D
:1050F000204605F0B1FF0DE000210390384605F091
:105100007FFF039B00221946204605F0B1FF0246AF
:105110000028ECD1384605F06FFF28B119492A461E
:10512000174806F09EFBC2E73946204606F062FCAF
:10513000BDE795FAA5F3B3FA83F35FFA83FB0F2B70
:10514000C2BFABF1100B6BF07F0B5FFA8BFB06FA63
:1051500003F25946204625EA020505F044FF0746BA
:1051600005F04AFF28B107495A46054806F079FB81
:105170007DE73946204606F03DFC78E743EA000C1F
:10518000ECD1000C5BEA000C2DE9F04F0446002541
:10519000436885B0D3F80090B9F82060B6B2002E0D
:1051A00047D1B9F81C50ADB26B07A9F81C5004D513
:1051B00032460521204605F04FFF2F0709D513225F
:1051C000636804211B68204683F80921002205F04A
:1051D00043FFEE0710D52369A033D3E8AF3F58074C
:1051E000C3F3800608D401212046FFF7B5FC324600
:1051F0000321204605F030FFA9060ED52369A03310
:10520000D3E8AF3F5A0708D500212046FFF7A4FC9A
:1052100000220221204605F01FFF2B0640F1F480FA
:105220006FF015020721204605B0BDE8F04F05F0EC
:1052300013BFF70762D56B01019363685FFA85FAC4
:105240001B6803EB451393F80771FFB2B80783F8A7
:10525000077122D562680AF07F0352684AF0800124
:1052600002EB43122369204603920291D3F8A4B0C3
:1052700005F0B9FE019005F0E2FEDDE9021280467C
:1052800000283ED162480A46624906F0EAFA6FF009
:1052900068020721204605F0DFFEF9071ED5636886
:1052A00051465A681B682046019323694FEA451806
:1052B000D3F8A4B0904405F096FE029005F0BFFE2E
:1052C0008246002848D153492A46514806F0C9FA77
:1052D0006FF068020721204605F0BEFEFA060DD5E4
:1052E00063685B681A795B7903F03F0342EA032243
:1052F000082A7CD04849464806F0B3FA76080135BA
:105300004DE7117D527D0C3002F03F0241EA02214F
:1053100005F02FF8B8F810202AB14146019A6068CC
:10532000FFF774FDB9E7404605F08DFE40B14146F8
:10533000019A6068FFF76AFD404605F088FEACE719
:1053400005F110010BF1A00006F0CEFA04210BF1DB
:10535000900006F0C7FAA0E7018A428A521AC16893
:105360004069091A98F80500521A98F8041000F0DC
:105370003F0041EA00218A4228BF0A460AF10C0098
:105380009046FDB90BF1A40104F0D1FFDAF80C103E
:10539000DAF81400BAF81220091A521ABAF81010E2
:1053A0008A4219D0029B5A8BC2F30A02904513D14C
:1053B00065B9019B019A93F8043143F0400382F8E8
:1053C00004318BE7114604F0ACFFDFE75146029A47
:1053D0006068FFF7BBFD81E729460BF1A00006F0EE
:1053E00083FA04210BF1900006F07CFA76E723693A
:1053F0000121D3F8A400D0F8A4309030436583692C
:10540000836506F06FFA79E705B0BDE8F08F00BF5D
:10541000ECD1000C43EA000C70EA000C2DE9F04FCF
:10542000456889B095F82430D5F814902C688DF82B
:105430001C300646A869296A83689B6953B107AA8C
:105440009847B0F1000808DA42466649664806F017
:1054500008FA31E06FF05708F6E7A869296A83680F
:105460001B684BB19847B0F1000808DA18F1780FC3
:1054700005D05E494246E9E76FF05708F9E7D5E9FC
:10548000060183681B684BB19847B0F1000808DA41
:1054900018F1780F05D056494246D7E76FF0570804
:1054A000F9E7237843F0010323707068FFF774FC79
:1054B000074628B16FF07308404609B0BDE8F08F89
:1054C000E378014643F00203E370E378484643F093
:1054D0000803E37007AA06F00CFDB0F1000807DB33
:1054E000079B3A461979186801F0F2FD804610B121
:1054F00040494246AAE702464FF0FF3C864677689D
:105500003B68039397F82C300593059B9A4226D36A
:105510000022039B80B218852378114643F00403D0
:1055200023702378304603F07F032370238923F010
:105530000C031B041B0C238123899BB223816B6802
:10554000636200924023FFF749FB024658B30121F2
:10555000294A254804F089FD6FF00408ACE7B96AD0
:10556000D7F830A08B5C114404934B7891F80290EB
:105570004FEA531B0AEB8B08E04518BF5AF82BE0A3
:1055800003F01F032EFA03F303EA090C39EA0303BD
:1055900008BF91F803C0049B04320CFA03FC40EAF4
:1055A0000C00C446B1E70090402380213046FFF74D
:1055B00015FB0028CBD129232383237843F0020352
:1055C00023707068FFF7E8FB804600287FF472AF15
:1055D0002389304623F001031B041B0C23816B6BD2
:1055E000984769E795EA000CECD1000CB6EA000C8C
:1055F000D4EA000CF2EA000C1DEB000CF8B500AF89
:10560000B8B96C4688B06A46344B4FF4E251059302
:10561000334B344806934FF40073ADF81C30324BD3
:1056200042F8103F06F034FAA5466FF01500BD466B
:10563000F8BDB0F1205F4FEA906415D36D468AB093
:105640006A462A4B4FF411510593254B2548CDE965
:1056500006344FF40073ADF82030254B42F8103F6C
:1056600006F016FAAD46E0E7631EDBB2082B2ED833
:10567000204A214DD15C214AD65C214AD25CEB5CA8
:10568000C5B28D420BD8C0F3052CB44507D8C0F382
:105690000556964203D8C0F3853098421CD96E4611
:1056A0008CB06A46174BCDE9084105930C4B4FF47B
:1056B0005151CDE906354FF40073ADF82830124B47
:1056C000084842F8103F06F0E3F9B546ADE73F233E
:1056D00000211A461E46D3E70020A8E758EB000C2D
:1056E00071F5000C54D1000C0300000186EB000C96
:1056F00004000001C6F4000CABF4000CBDF4000C77
:10570000B4F4000CA4EB000C060000012DE9F347F3
:105710000C460025194943682143804616461F68F8
:10572000019506F0B8F9022804D03560002002B0D7
:10573000BDE8F0874FF0060AB4FBFAF95FFA89F585
:105740002946404601AA06F031FA0028EFD10AFBAB
:105750001944E4B2032C94BF4C375037AD003D449C
:105760002B6804F00304E400E34013F03F03DDD0B2
:10577000019AB2FBF3F23260D8E700BF00FFFF0FDF
:105780002DE9F04F83B01C4643680D4692469A6857
:10579000002302EB8108464900AF29437B60814624
:1057A000D0F810B0D8F8206006F075F902284FF054
:1057B00000034AD1D8F8201001F00F01514518D14B
:1057C0006C4688B06A463B4B53613B4B3B48936108
:1057D0004FF4007393833A4B4FF4E25142F8103F79
:1057E00006F056F96FF08500A5460C37BD46BDE8BA
:1057F000F08FBAF1060F07D18B1F052B04D86C462A
:1058000088B06A462F4BDFE70B290AD8DFE801F0A2
:1058100006202E39393C414141414141DBF80030FD
:105820007B60D8F82020012D4FEA124218BFD2B277
:10583000F30435D51D2A28BF1D220123013292B25F
:1058400093409AB27B68B3FBF2F300202360CCE76D
:10585000AB1EDAB2092A04D80BEB830BDBF8043059
:10586000DEE76C4688B06A46174BADE7012D1BD0CA
:105870000C22012148463B1DFFF782FF0028D0D0B3
:10588000B3E74FF40043CBE74846391D00F01EF85C
:10589000F4E7063948463A1DC9B2FFF737FFEDE78E
:1058A000012A38BF0122CDE76FF05B009DE700BF02
:1058B00000FFFF1BD1EB000C05F5000C54D1000CD0
:1058C00003000001F3EB000C15EC000C37B50C469F
:1058D00041680A68136913F4807303D100202360C0
:1058E00003B030BD136BDB0701D4094BF6E78B68BF
:1058F000D56BD3F88010052201AB01F00F01FFF743
:105900003FFF0028ECD1019BADB26B432360E7E77A
:10591000006CDC022DE9F04F83B043688146D3E987
:1059200000BA0E46144600AFCDB2D2B96C4688B06C
:105930006A46984B4FF4E2510593974B974806936C
:105940004FF40073ADF81C30954B6FF0150842F81A
:10595000103F06F09DF8A54640460C37BD46BDE811
:10596000F08F08467B60FFF749FE7B688046B10EEA
:10597000C0B16C468AB06A468A4B08950593864B3F
:105980008648CDE906314FF40073ADF82430864BDC
:105990004FF4315142F8103F06F07AF8A5466FF007
:1059A0008508D9E7082900F27081DFE811F00900C5
:1059B00013007600C500E200E8000D015901660100
:1059C000DBF81430227823F0800343EAC213CBF8CB
:1059D0001430C1E7D9F80430A1789A681D68D2F86C
:1059E000803061F30303C2F880306378002B3AD033
:1059F0002B6BDFF8B89143F00102DBB243F00103F7
:105A00002A632B6301F05EFE0646AB6FA3B101F083
:105A100059FE831B4B45F8D96C4688B06A46644BE7
:105A20005361644B93614FF4007393835C4B4FF469
:105A3000E25142F8103F07E1EA6BA3886FF30F02CF
:105A40001343EB6301F03EFE0646DFF86091AB6F57
:105A50004BB101F037FE831B4B45F8D96C4688B03B
:105A60006A46554BDCE7EB6A227803F07F0343EA92
:105A7000C213DBB2EB6201F025FE04464B4EAB6F66
:105A8000002B3FF469AF01F01DFE031BB342F6D9B2
:105A90006C4688B06A46494BC2E72679D9F804308B
:105AA0000B2ED3F800901EDC9B6803EB850ADAF816
:105AB0008430334343F04003CAF8843001F002FEDF
:105AC0008346DAF884305B060DD401F0FBFD374ADB
:105AD000A0EB0B039342F4D96C4688B06A46384B6E
:105AE0000593384B9EE70B2ED8BF002609F14402E0
:105AF00052F825302188C8BF0B3E61F3090342F8F4
:105B0000253009F1480252F82530A17809F1400901
:105B100061F3050342F8253059F82530E278C8BF13
:105B2000360223F4F063C8BF06F4E06643EAC2130A
:105B30001E4349F825600FE7D9F804301968062399
:105B4000B5FBF3F203FB1253D8B2032894BF4C31D8
:105B5000503192000A443F2103F003031068DB0038
:105B6000994020EA0100217801FA03F3034313600E
:105B7000F2E6237803F00303CAF81030ECE6DAF813
:105B80001C30227823F0800343EAC213CAF81C3089
:105B9000E2E600BF33EC000C84F5000C54D1000C9D
:105BA0000300000152EC000C05000001BFD401000D
:105BB0007CEC000C5CF5000CB1EC000CE4EC000C8F
:105BC0004FED000C48F5000CD9F804A0012DDAF8CF
:105BD0000810D9F8106001EB85010A6A238822F4C5
:105BE000005222F00F024FEA02424FEA124201D065
:105BF000FF2B01D842EA0342E378A07803F00F03B9
:105C000043EA403313430B6201F05CFD8146DFF849
:105C100088B0DAF808305B68DBB101F053FDA0EB27
:105C200009035B45F5D96C468AB06A461B4B4FF4B5
:105C3000115105931A4BCDE906354FF40073ADF8B9
:105C40002030184B42F8103F174805F021FFA546B9
:105C500082E6002D7FF480AEE37886F83A307BE66A
:105C60009B68C6F3052603EB8603D3F880202178D2
:105C700061F30302C3F880206EE6D9682378CA680E
:105C800022F0FF021343CB6066E60121074A064873
:105C900004F0EBF983E600BFBFD4010019ED000C5E
:105CA00030F5000C0400000154D1000C96ED000CFE
:105CB0002DE9F04782B00023D0F80480D0F810A07E
:105CC00000AF06460846894615467B60FFF796FCFE
:105CD0000446A8B16C4688B06A46414B5361414BBB
:105CE000414893614FF400739383404B4FF4E2516A
:105CF00042F8103F05F0CCFE6FF08500A54616E097
:105D00004946304605F0C7FE02280ED14FEA996396
:105D10005FFA89F1092B5DD8DFE803F00513181D40
:105D20002210373D4A4ADAF8004000202C6008373C
:105D3000BD46BDE8F0874FF48064F6E74FF40044B9
:105D4000F3E729463046FFF7C1FDF0E72A46304623
:105D500005F02CFFEBE72A463046FFF7D7FCE6E7D5
:105D600073685A68136903F00303012BE3D0991E8B
:105D70000129E3D8D46914F00204D6D0032B14BF50
:105D80004FF400444FF48064CFE72B460C2230469A
:105D9000FFF7F6FCCBE7D8F80830C9F3052909F17D
:105DA000200953F829100C222B4601F00F01EEE7D1
:105DB0000C22002130463B1DFFF7E2FC0028B6D143
:105DC000D8F80C307C68DB6813F0FF03ADD0B4FB6F
:105DD000F3F4AAE76C4688B06A46054B7EE700BF3D
:105DE0007CED000C1CF5000C54D1000C03000001EC
:105DF00092ED000C2DE9F84FD0F804A0D0F81080F7
:105E000000AF0846DAE9004B0E46DAF80890CDB24A
:105E1000FFF7F4FBA8B16C4688B06A46494B536162
:105E2000494B4FF4E25193614FF400739383474B16
:105E3000474842F8103F05F02BFEA5466FF085005D
:105E40000DE0B30E092B77D8DFE803F0050C11271E
:105E500076484F5C7667636923F002036361BD4651
:105E6000BDE8F88FE36A23F00203E362F7E740340A
:105E700054F8253023F0020344F825300123D8F8E4
:105E80003020AB4022EA0302C8F83020D8F82C209A
:105E900022EA0302C8F82C20E1E70623B5FBF3F25F
:105EA00003FB1253D9B203294FEA820294BF4C3448
:105EB00050341444012203F00303DB00216807334C
:105EC00002FA03F321EA03032360B8F838300635F9
:105ED000AA4023EA0203A8F83830C0E7DBF81C30F8
:105EE00023F00203CBF81C30B9E725B96C4688B023
:105EF0006A46184B93E709EB85052B6A23F48073F8
:105F00002B62ACE7C6F3052609EB8609D9F8803089
:105F100023F04003C9F88030A1E70121DAF80C3002
:105F2000C6F3055203EB8203DA6BC6F38536B14044
:105F300022EA0102DA6392E70121074A044804F0E9
:105F400094F87BE77CED000CF6F4000C03000001F4
:105F500054D1000CB1ED000C96ED000C2DE9F0478A
:105F60004FF0010843680669D3F8009000AF09F1CB
:105F7000400252F821300C4643F0020342F821302F
:105F800001F1180308FA03F801F09CFB0546DFF85D
:105F900058A0D9F8103038EA03031CD001F092FB66
:105FA000431B5345F5D96D468AB06A460F4B1048DE
:105FB0000593104B4FF41151CDE906344FF40073A3
:105FC000ADF820300C4B42F8103F05F061FD6FF04A
:105FD0007300AD4605E001220020F36AA24013439E
:105FE000F362BD46BDE8F087FF0D2707DDED000C2D
:105FF00054D1000C04F6000C040000012DE9F04F10
:1060000083B00546D0F804B000AF08460C46FFF751
:10601000F5FA0646C8B16C4688B06A46794B5361BA
:10602000794B4FF4E25193614FF400739383774BB4
:10603000774842F8103F05F02BFD6FF08506A54626
:1060400030460C37BD46BDE8F08F2146284605F0A6
:1060500022FD022800F0D3806A68A00E11689368C0
:10606000092800F28180DFE800F0053439527F57BB
:106070005D677F724B6943F002034B61230E032B74
:1060800003F0FC0A40F28A80BAF1140F05D8614B84
:1060900023FA0AF3DA0700F18180DBF814804FF06D
:1060A0000009BAF1140F7CD1DBF80430DB68DB07A0
:1060B000C6D4594B1B78002B7AD101F003FB024662
:1060C0007A6001F0FFFA7A685449831A8B42F7D953
:1060D00079E0CB6A43F00203CB62CFE70F20E1B255
:1060E0004B1C2A6903EB43035B0000FA03F3108F98
:1060F000034205D02846FFF731FF0028BED048E014
:10610000012303FA01F1136B0B431363B6E728462F
:10611000E1B205F0A2FDF0E75268D36943F0020353
:10612000D361ABE714F0FF02A8D003EB82031A6A35
:1061300042F480721A62A1E7C4F3052203EB8203E2
:10614000D3F8802042F04002C3F8802096E7D2685E
:10615000C4F3055302EB83020123D16BC4F38530F2
:1061600083400B43D36389E76C468AB06A462C4B65
:106170004FF4115105932B4BCDE906304FF40073CA
:10618000ADF82030284B224842F8103F05F080FC43
:10619000A5466C4688B06A46244B40E74FF4FA683F
:1061A0007DE72146284605F076FC022881D147E7A5
:1061B000FCF77EF81E4B1B58002B3FF47EAF0A20E5
:1061C000002106F03EFA09F10109C145FFF469AF6B
:1061D0006C4688B06A46174B4FF4E25105930A4B60
:1061E0000B4806934FF40073ADF81C30074B6FF06B
:1061F000730642F8103F05F04BFCA54620E76FF010
:1062000077061DE77CED000CE8F4000C03000001AC
:1062100054D1000C10111000E1120020BFD4010075
:10622000F8ED000CDFF4000C0400000120EE000C7F
:10623000080000003EEE000C2DE9F04143682F4AB3
:106240001D6804696B69487A1A400B7C00021B06C2
:1062500000F4706003F040730343087A00AFC0019C
:10626000C0B203438878400100F020000343887ADD
:10627000000100F010000343C878C00000F00800DF
:1062800003434878800000F004000343087840008E
:1062900000F00200034313436B614B6823600B78EB
:1062A00003B301F00FFA0646DFF854802B69DB07D1
:1062B0001BD401F007FA831B4345F7D96C4688B01D
:1062C0006A46104B4FF4E25105930F4B0F4806936B
:1062D0004FF40073ADF81C300D4B42F8103F05F041
:1062E000D7FBA546BD46BDE8F081636B43F4805300
:1062F0006363238F43F001032387F3E741F0FFFC3F
:10630000FF0D270753EE000CF4F5000C54D1000CE0
:10631000030000012DE9F04706690C46338F00AFFA
:106320009D0614D56C4688B06A46864B4FF4E651FC
:106330000593854B06934FF40073ADF81C30834BE7
:1063400042F8103F824805F0A3FBA546CDE096F841
:106350003A30052B00F0AB8043681D689A68EB6A01
:1063600023F00203EB628B78012B67D10978736B02
:10637000CB40D80713D46C468AB06A46754B059358
:10638000714BCDE90631032308934FF40073ADF848
:106390002430714B4FF4335142F8103FD2E7D2F81A
:1063A0008030DFF8B8A161F3030343F04003C2F883
:1063B000803001F087F98046DFF8A491DAF8803068
:1063C0005A0600F1958001F07DF9A0EB08034B45DA
:1063D000F4D96C4688B06A46624BA7E02B6B6279B1
:1063E00003F0490343EAC213A279DBB2520102F07F
:1063F00020021343E279DFF86891120102F01002E3
:106400001343227A920002F004021343627A52008C
:1064100002F00202134343F001032B6301F052F92F
:106420008046AB6F53B101F04DF9A0EB08034B452B
:10643000F7D96C4688B06A464B4B77E0EB6AE27856
:1064400003F07F0343EAC213DBB2EB626278EB6ACC
:10645000520002F0020203F0FD031343EB6201F06D
:1064600031F98046DFF8F890AB6F53B101F02AF9AB
:10647000A0EB08034B45F7D96C4688B06A463B4B06
:1064800054E06378002B30D001F01CF98046DFF82F
:10649000E0902B69DB051ED401F014F9A0EB080392
:1064A0004B45F6D96C4688B06A46324B3EE06D46A5
:1064B00088B06A46304B4FF4E6510593224B24488E
:1064C00006934FF40073ADF81C30204B42F8103F98
:1064D00005F0DEFAAD4663783BB1736B43F40053CD
:1064E0007363338F43F020033387BD46BDE8F087E5
:1064F000A37AEA6BA1891B0403F4FE036FF316026F
:106500000B431343EB6301F0DDF88046DFF8509056
:10651000AB6F002B3FF462AF01F0D4F8A0EB0800A2
:106520004845F5D96C4688B06A46144B5361064B12
:106530004FF4E25193614FF400739383034B42F89D
:10654000103FFFE66CEE000CE1F5000C03000001CB
:1065500054D1000C9DEE000C050000010000014428
:10656000BFD4010042EF000C7CEC000CE4EC000C0A
:10657000FF0D270726EF000CECEE000CB1EC000C31
:106580002DE9F04F83B0D0F810900D78D9F8306035
:1065900000AFEE4016F001030C467B6040F0A18096
:1065A00091F807B0D9F8343023FA0BF3DE0717D48B
:1065B0006C468AB06A46604B4FF4335105935F4B8B
:1065C000CDE90635032308934FF40073ADF824306A
:1065D0005B4B42F8103F5B4805F05AFAA54680E055
:1065E0004368BBF10B0FD3F80080D3F810A01EDC7A
:1065F0009E6806EB8506D6F884204BEA020242F03C
:106600004002C6F8842001F05DF80246D6F8840006
:106610003A6041060BD401F055F83A684A49801AAD
:106620008842F3D96C4688B06A46484B77E008F157
:10663000440252F825306189BBF10B0F61F3090365
:1066400042F825304346217B53F8482FC8BFABF1B1
:106650000B0B61F30502C8BF4FEA0B2B43F8252053
:10666000C8BF0BF4E063A079C8BF7B60637908F111
:10667000400252F82510C002DB0100F46050DBB28A
:106680007E6821F47E5103430B431E4342F825608C
:10669000E2892F4BD8F86C1003EA0243228A6FF389
:1066A000DE11D20192B213430B43C8F86C3001F0F3
:1066B00009F80646DFF890B0D8F878305A0614D5B5
:1066C00001F000F8831B5B45F6D96C4688B06A463A
:1066D000204B24E00122D9F83030AA401343C9F8F6
:1066E00030300C37BD46BDE8F08F2379002BF8D051
:1066F000DAF81C30184E43F48033CAF81C3000F02E
:10670000E1FF0446DAF80C30DB05E3D400F0DAFFF1
:10671000031BB342F6D96C4688B06A460F4B5361EF
:10672000064B4FF4E25193614FF4007393830C4B8B
:1067300042F8103F4FE700BF72EF000CD2F5000C9B
:106740000500000154D1000CBFD401004FED000C36
:106750000000FF7FE7EF000CFF0D2707B6EF000CEE
:10676000030000012DE9F84306248C4609780569E9
:10677000B1FBF4F62B8F01F1060823FA08F3DB07CF
:1067800004FB161400AF17D56D468AB06A46214B3C
:106790005361214B1462C2E906364FF400739384AF
:1067A0001E4B4FF433511E4842F8103F05F070F96C
:1067B000AD46BD46BDE8F8834FF03F094368032C62
:1067C0001A684FEA8603D4BF4C325032134404F0A7
:1067D000030E1A684FEACE0E09FA0EF922EA0909E9
:1067E0009CF8052002FA0EF242EA09021A609CF8AF
:1067F000043023B96D468AB06A460A4BC8E705F0F3
:106800002CFA0028F6D101232A8F03FA08F3134348
:106810002B87CEE711F0000CBFF5000C050000013E
:1068200054D1000C46F0000C2DE9F041056900AF91
:106830002B8FDA0616D56C4688B06A46344B4FF477
:10684000E6510593334B06934FF40073ADF81C30BB
:10685000314B42F8103F314805F01AF9A546BD46C4
:10686000BDE8F08143680A7C5C68CB7B52009B00EA
:1068700002F0020203F0040313438A7B606902F012
:10688000010220F00700134303436361E3692448D6
:106890000A7B18404B7A12029B0402F4706203F4E4
:1068A000701313430A7AD201D2B213434A7892008A
:1068B00002F0040213430A78520002F0020213436A
:1068C0000343E3610B78002BC9D000F0FBFE0646C2
:1068D000DFF85080E368DB0715D400F0F3FE831B7C
:1068E0004345F7D96C4688B06A460F4B4FF4E251E6
:1068F0000593084B06934FF40073ADF81C30064B1C
:1069000042F8103FA7E72B8F43F010032B87A6E731
:106910007DF0000CACF5000C0300000154D1000C1C
:1069200079F0C3FFFF0D2707ACF0000C2DE9F0470D
:1069300006690D78736B0C46EB40DA0700AF17D58C
:106940006C468AB06A46514B4FF413510593504B35
:10695000CDE906354FF40073ADF820304D4B42F8C9
:10696000103F4D4805F094F8A546BD46BDE8F087B8
:1069700091F807C0338F23FA0CF3DB0713D46C466E
:106980008AB06A46454B4FF433510593404BCDE9ED
:106990000635032308934FF40073ADF82430404BC1
:1069A00042F8103FDDE7D0F80480012DD8F8082028
:1069B000638A02EB8502116A21F4745121F00F0100
:1069C0004FEA01414FEA114101D0FF2B01D841EAC2
:1069D00003416379003B18BF012341EA4331237C23
:1069E0000BB141F48051637D207ADB02800200F418
:1069F000806003F400630343207D0CF00F0C400221
:106A000043EA0C0300F4007003432079DFF894A0FC
:106A1000000200F4807003430B43136200F052FE47
:106A20008146D8F808305B68BBB100F04BFEA0EBA4
:106A300009035345F5D96C468AB06A461A4B4FF4A0
:106A400011510593124BCDE906354FF40073ADF8A3
:106A50002030104B42F8103F83E7AB1E092B0FD8B4
:106A6000E26806EB83035A600122736BAA4013436A
:106A7000012D736302BF338F43F00203338774E742
:106A8000002DF1D1E37986F83A30EDE7CBF0000C38
:106A900099F5000C0400000154D1000CFDF0000C2D
:106AA00005000001BFD4010019ED000C2DE9F04FE5
:106AB000924B87B0DFF8489200AF0125C7E90093F9
:106AC0004FF4606A3023394646680446C7E902A39A
:106AD000D0F810803D6140F2011BFFF7ADFB4FF491
:106AE0000043C7E900B340F20713864A3946C7E9B5
:106AF0000223002320463B61FFF796FEB368DFF8D0
:106B000008921D7000F0DEFD0546B368D3F804A0BE
:106B1000BAF1000F1ED000F0D5FD431B4B45F4D950
:106B20006C4688B06A46794B79480593794B4FF4A7
:106B3000E25106934FF40073ADF81C30764B42F8E7
:106B4000103F04F0A5FF6FF07300A5461C37BD464B
:106B5000BDE8F08F0523032688F83A3001254FF071
:106B600006084FF0020914220021381D05F00CFF21
:106B70006A4B394620463B6087F807807D823D712D
:106B8000FFF7D4FE14220021381D05F0FDFE644BF2
:106B9000394620463B6087F80780A7F812903D7180
:106BA000FFF7C4FE14220021381D05F0EDFE5D4BF9
:106BB00039463B6007232046FB717D823D71FFF71C
:106BC000B5FE14220021381D05F0DEFE564B394675
:106BD0003B6008232046FB717D823D71FFF7A6FED6
:106BE00014220021381D05F0CFFE504B39462046B7
:106BF0003B607D823D71FFF799FE4FF001334C4AB7
:106C00003946C7E90023204603F17F43BB60BD81BD
:106C1000FFF780FB4749484B4FF00308C7E90013D3
:106C20004FF0967339462046C7E90238C7F810A0DE
:106C3000FFF7A6FC40F6012340483946C7E90003A8
:106C40002046FFF78FFD41F60113DFF8F4C0394607
:106C50002046C7E900C3FFF785FD40F601434FF426
:106C6000006BDFF8E0E039462046C7E900E3FFF7B4
:106C700079FD354B39462046C7E9003BFFF772FDE9
:106C8000324A39462046C7E9002BFFF76BFD304AF0
:106C900039462046C7E9002BFFF764FD013E7FF42B
:106CA0005DAF636832465B6820462A491D612B460A
:106CB00005F006F82B464A462046274905F000F81D
:106CC0002B4642462046254904F0FAFF2B46042273
:106CD0002046234904F0F4FF2A462046214905F0C6
:106CE00004F82A462046204904F0FFFF20462A46A1
:106CF0001E4904F0FAFF304628E700BF001BB7002A
:106D00000100000100000101BFD4010050F1000C9E
:106D100054D1000CCFF4000C0300000100FFFF1B56
:106D200001FFFF1B02FFFF1B03FFFF1B04FFFF1BF5
:106D30000101000100C0FF0B0100010C00FFFF0F6B
:106D400001FFFF0F02FFFF0F03FFFF0F04FFFF0F05
:106D500005FFFF0F30E7FF1F37EEFF1F35ECFF1F6A
:106D600010D2FF1F3E7F34240E3F05240B7F0424E6
:106D700008B5074805F04BF938B10648FBF7F0FCB9
:106D80000448FAF7B1F8002008BD6FF01200FBE7E5
:106D900064CB000C996D000C0A2838B50446074DE9
:106DA00004D1AB680D2128465B689847AB6803485F
:106DB0005B68E1B29847204638BD00BF64CB000C49
:106DC0002DE9F04305460E461446984685B00769FE
:106DD000D0F8049010220021684605F0D5FD7D60B2
:106DE00099F80830B4F5001F8DF80230BB6818BF61
:106DF00044EA0804F34003F001038DF80330D9F8A6
:106E00000430B4F1107F0293194B8DF801600393A5
:106E1000019722D00AD8B4F5001F18D015480121D7
:106E2000154A03F022F96FF0150013E0B4F1A86FD2
:106E30001AD007D8B4F1507F18D0B4F1886FEDD1D3
:106E400004230BE0B4F1E86FE8D1032306E06846C1
:106E5000FDF71EFD05B0BDE8F083052368468DF8FB
:106E60000030FDF7B9FDF5E70123F7E70223F5E769
:106E7000ADBD000C64D1000CA8F1000C10291FB5A9
:106E800028BF10210C460C4BD3F8E02112BA009217
:106E9000D3F8E42112BA0192D3F8E82112BA02928F
:106EA000D3F8EC310A461BBA6946039305F05FFD3F
:106EB000204604B010BD00BF0070000A0346F0B5C4
:106EC00053F8186D0546726885B0D16892685C1AEF
:106ED000154BE4105C430C236343D718D058397921
:106EE00004F0E8FF031E08DA012100930F4A23464D
:106EF0000F4803F0CDF805B0F0BD15F9082C9A4203
:106F0000F9D04FF0FF304FF0FF3105F8083C3A89D7
:106F1000CDE902010121003B18BF01233046009159
:106F2000FDF7D2FBE7E700BF398EE33808F2000C2B
:106F30005CD1000C2DE9F04F85B045684FF0000999
:106F4000EB6802AF18331E4638607B606B684B45B8
:106F500005DC2B7D002B40F0A380002422E00C23D5
:106F600003FB09F8AC6854F8080004EB080B05F0C3
:106F70004EF854F808400346C8B921686C4688B0FA
:106F800002AA4B48C2E905014FF4007191834949B7
:106F900042F8101F4FF4E2514748FAF751FAA5465C
:106FA0006FF0120420460C37BD46BDE8F08FBBF8E9
:106FB00006E09BF804104EF480324FF0010C20697B
:106FC0000CFA01FC03681EF0010FD4F808B014BFDE
:106FD00043EA0C0323EA0C030360DBF8003020468D
:106FE0009847044638B14B46344A00900121324854
:106FF00003F04EF8D6E73B68304646F8183C29695E
:1070000005F028FA2B7D002B46D10123D5F808A0E6
:10701000A6F114010AEB080B9BF8042003FA02F214
:10702000274B46E904325AF808008268D46964B1F3
:107030000122A047041E0BDA0121224A1E4803F058
:1070400014F8214A4B460094D0E76FF05704F3E759
:107050009BF804105AF8080004F02CFF06F8080CFE
:10706000BBF806305AF808009BF8041003F0400300
:10707000826894696CB14FF0A07243F0C063A0477E
:10708000041E09DA01212346104A0B4802F0F6FFDC
:10709000D7E76FF05704F5E709F10109483655E7DE
:1070A0000A232A687868A2FB032301F0F5F854E765
:1070B00035D7000C030000015CD1000C24F2000C59
:1070C000DDBE000C44F2000C60F2000C67F2000C14
:1070D0002DE9F04300250127DFF8E0E000F1020C84
:1070E000EBB2994202D80020BDE8F08330F8254089
:1070F0003CF82560C4F3422804F00F03B8F1010FF7
:107100005EF82330C4F304122AD15BB303EB5208B8
:107110004FEA143998F8304012F0010F15BF04F00F
:107120000F0404F0F00444EA091449EA040488F85E
:10713000304003EB020898F8404044F0010488F81E
:10714000404016F0010F07FA02F803EB02040BD1DE
:1071500016F0020F0ED194F8409009F0FB090DE0F3
:10716000002BEED10135BBE7D3F8109048EA0909AE
:10717000C3F8109094F8409049F0040984F84090C6
:1071800094F8409016F0080F14BF49F0020909F076
:10719000FD0984F840901C6816F0100F14BF48EAEF
:1071A000040424EA08041C60DC6E07FA02F23606C6
:1071B0004CBF224324EA0202DA66D3E7A4D4000CCF
:1071C0000121024A024802F050BF00BF9CF2000CAD
:1071D000DCD1000C70B5054600F074FA0446094E87
:1071E000EB69DB060CD000F06DFA031BB34203D948
:1071F000BDE87040FFF7E4BF022004F0E2FEEFE7D5
:1072000070BD00BFBFD40100F7B50D4647680669E1
:10721000BC682368204623F002032360FFF7DAFFEF
:10722000EB79002B64D1F3712979022960D82046CB
:1072300004F0A9FE2B7933716B79012B52D163686D
:1072400023F0400363602046FFF7C4FF6B7973713E
:10725000AB79042B4CD82B4A2046D35C626822F0D1
:1072600007026260626813436360FFF7B3FFAB79A4
:10727000B3710023B86901938368DB6813B1396A7D
:1072800001AA9847019A2868002A34D05308010BB4
:107290000005C01841F100010023F8F7B1FE4FF6D8
:1072A000FF72431E61F10001934271F1000125D28A
:1072B0002368404280B223F460432360A0812B689E
:1072C000204633607B7B012B02BF236843F08003A1
:1072D0002360236843F002032360FFF77BFF002055
:1072E00003B0F0BD032B03D1636843F04003A9E76B
:1072F0006FF08500F4E76FF01500F1E76FF0210003
:10730000EEE700BF11F6000C2DE9F341466807696E
:10731000B069B468836896F80C801B68316A2BB931
:107320006FF05705284602B0BDE8F0819847054642
:1073300010B110F1780FF5D1D6E9060183681B680A
:10734000002BEDD09847054610B110F1780FE9D128
:10735000BF2323750023FB713379042B02D96FF00F
:107360008505DFE7504A2046D35C626822F00702B9
:107370006260626813436360FFF72CFF3379204635
:10738000BB71717904F0FFFD73793B71B379012B07
:1073900079D1636823F0400363602046FFF71AFF4A
:1073A000B3797B71B16832690B68120523F44C1311
:1073B00002F440121A4373691B0403F4403313436D
:1073C0000B60236843F000532360236823F01C0301
:1073D000B8F1000F5ED023602368002143F08043A2
:1073E0002360706A01AA04F084FD051E9ADB019BEC
:1073F000002219791868FFF76BFE0546002891D125
:107400006368204643F400336360FFF7E3FE63687C
:10741000204643F480336360FFF7DCFEB069316AD5
:107420008368DB680BB101AA9847019A3068002A8B
:1074300033D05308010B0005C01841F100010023AF
:10744000F8F7DEFD4FF6FF72431E61F10001934233
:1074500071F1000124D22368404280B223F46043DA
:107460002360A081336820463B60737B012B02BF01
:10747000236843F080032360236843F00203236002
:10748000FFF7A8FE4EE7032B7FF469AF636843F074
:10749000400381E743F004039DE76FF0150541E7E2
:1074A0006FF021053EE700BF11F6000C4FF0E0231E
:1074B0000D4A9969126818699B69002908BF11462D
:1074C000002B08BF134610F4803F084801D19942B1
:1074D00005D20168114401604FF0E021096900689C
:1074E0001044C01A704700BFA01200209C12002058
:1074F0002022094B002083F8232042F6E062074B4C
:107500001A60074B42F6DF6218604FF0E0235A61C1
:10751000072298611A61704700ED00E0A012002078
:107520009C120020684620F007018D4619B5FFF730
:10753000BDFF1449144B0868D3E90042001942F119
:107540000002C3E9000200230B6042F6E0630F4A29
:10755000D2E90041001BB0FBF3F043431B1941F19A
:107560000001C2E90031EFF31181202383F3128877
:10757000BFF36F8F01F070FBFAF72CFEBDE81940E6
:10758000854670479C120020E80B0020E00B00208D
:107590002DE9F041374E89B1421C0AD14FF0E0226B
:1075A000136923F0010313614FF07F433360BDE89B
:1075B000F0813568012806DC00240AE0431C3568A8
:1075C000F8D140F2755040F276539842A8BF184661
:1075D000441EEFF31187202383F31288BFF36F8FCC
:1075E000FFF764FF4FF0E0232349D3F818C0D1E937
:1075F000002380184FF0000243F10003C1E90003AB
:107600001E4B1A601E4B1A68831A2DD442F6E06E88
:1076100042F6DF6814FB0E841C44B4FBFEF4131A1C
:107620000EFB0433B3F5806F38BF4FF48063154A07
:10763000934228BF13464FF0E0223360013B946928
:1076400053610023A4459361ACEB0400D1E90032FF
:107650000DD20544EB1842F10002C1E9003287F374
:107660001188BFF36F8FA2E74FF48063E3E7C3187D
:10767000F1E700BFA0120020E80B00209C120020C0
:10768000E00B002060CCFF0038B5EFF3118520231C
:1076900083F31288BFF36F8F084B1C68084B1B687D
:1076A000E41AFFF703FF85F31188BFF36F8F42F6EB
:1076B000E0632044B0FBF3F038BD00BFE80B0020CE
:1076C000E00B002038B5EFF31185202383F31288F7
:1076D000BFF36F8F044B1C68FFF7E8FE85F311883A
:1076E000BFF36F8F204438BDE80B002010B504466F
:1076F000F9F7D8FD03480121034A02F0B6FC204601
:1077000004F090FCC4D1000CE8F2000C2DE9F84321
:1077100004460D4600AFEFF31188202383F312884F
:10772000BFF36F8F04282A4A98BF2A4BE9468AB0D4
:107730009668117C98BF53F820306A4688BF264B64
:10774000CDE9073140F201332448ADF82430244B11
:10775000CDE9050442F8103F00234FF43151214890
:10776000F9F76EFECD4645B1EB69C3F3080323B1CB
:1077700001211D4A1B4802F078FC2EB1304604F06E
:107780007EFE08B1037803B91848E9468AB06A4614
:10779000174B0790CDE9053640F20133ADF82030A4
:1077A000144B42F8103F00234FF411510D48F9F7E4
:1077B00047FE2946CD462046FFF798FF88F31188FB
:1077C000BFF36F8F3046FAF715FDBD46BDE8F8836D
:1077D000A4120020ECD4000CF7F2000C0DF3000C06
:1077E00005000001C4D1000C35F3000C05F3000CBA
:1077F00056F3000C0400000138B50A4B53F8204042
:10780000013053F82050A54200D838BD606830B12F
:10781000037EDB0701D404F0E2FB0834F3E72368BE
:107820009847FAE700D5000C012270B5294B86B0C5
:1078300003201A70FFF7E0FF01F0C4FB0420FFF7FC
:10784000DBFF254C254D2646AE4204F130040FD314
:1078500001F088F8204CAC4226D301F097F8F8F7F5
:1078600071FE1F4A938923F00103938106B070BD16
:1078700054F80C3C059354F8103C049354F8143C11
:10788000039354F8183C029354F81C3C019354F8A9
:10789000203C009354E90A2354E90C0100F002FD56
:1078A00054F8303C5E65CEE7D4E90A23B3F1FF3FDC
:1078B00008BFB2F1FF3F05D052EA0301206803D1AF
:1078C00000F03AFD3034C6E70649183001F034F9CB
:1078D000F8E700BFE1120020C8D0000CF8D0000C7F
:1078E000780C0020A5C5000C882370B5134E01222A
:1078F00003FB0066002386B0CDE904230F22019329
:10790000CDE9023214234FF4A0720D4D0D4903FB53
:107910000055044602FB00110B4B3046009500F069
:10792000C1FC337C2C7423F004033374074B013403
:1079300003EBC423EE606B6006B070BDF00B00205B
:10794000A4120020E8270020B5C1000CE81F002089
:107950007FB50020FFF750FF2C4B83F308880025EC
:10796000E0232B4C84F82230E57725766576A576E2
:1079700084F82050E576636A43F4E0236362636A27
:1079800043F400236362A563E3689BB243F0BF63E3
:1079900043F40833E360FAF73BFBFAF715FC4FF0CA
:1079A000FF33A362E362FAF705FEFAF787FCF9F703
:1079B000DDFB184800F0B4FC0120FFF71DFF02209A
:1079C000154CFFF719FF00F0C5FF144B4FF4806210
:1079D0005C61134B1349059301232046CDE9035302
:1079E000CDE90155104B009500F05CFC0646237C68
:1079F000204623F00403237404F09CFD2846FFF77F
:107A000073FF31462046084AFAF7C2FBE8270020F8
:107A100000ED00E0A80D0020780C0020A41200204A
:107A200022D8000C282900202978000C38B5064CF3
:107A3000064DAC4201D3002038BD2046D4E90112E6
:107A400004F03AFB1434F4E7100300202403002070
:107A500030B5054B85B0DDE908450293CDE9004519
:107A600004F0E8FA05B030BDE397000C38B5074CD8
:107A7000074DAC4201D3002038BD204604F040FB46
:107A800008B91C34F5E76FF01500F5E7F4020020A3
:107A90001003002073B50C46EFF31181202585F308
:107AA0001288BFF36F8FC5685DB125602B68C36016
:107AB000836901338361002081F31188BFF36F8FE5
:107AC00011E052EA030603D16FF00B002560F3E7E3
:107AD000CDE900230246083000F046FE18B9034BFA
:107AE0009B685B69236002B070BD00BFA4120020D8
:107AF000F7B50D4604469DF82010EFF311872020BE
:107B000080F31288BFF36F8F266AE068864240D206
:107B10002668B4421AD0CEB1304604F056FB06F1C6
:107B2000180004F01EFE2946002554F8082F70693D
:107B300004F01DFF3046C6F8805004F0FBFC2046E0
:107B4000394604F055FD284603B0F0BDA268A9B13E
:107B50002946E06904F00BFFE369A26813446269F7
:107B6000E361934201D12369E3610020236A013379
:107B7000236287F31188BFF36F8FE5E7A06923695C
:107B80002946984208BF6069801AA06104F0EFFEA0
:107B9000EBE752EA03010BD0074904F108008968BA
:107BA0004D61CDE900233946224600F0DDFDCBE7EB
:107BB0006FF02200DDE700BFA4120020F7B50446F5
:107BC0000846EFF31186202181F31288BFF36F8FEF
:107BD000216A00293BD0A268A16904F0C8FEA3690C
:107BE000A268256813446269A361934204BF2369B4
:107BF000A361236AAC4203F1FF33236236D02846E7
:107C0000002D34D0002704F0E0FA05F1180004F04C
:107C1000A8FD6969A268E06904F0A9FEE369A268A9
:107C2000284613446269E361934204BF2369E36118
:107C3000236A01332362C5F8807004F07BFC04F1F1
:107C40000800314604F0D4FC384603B0F0BD52EAD7
:107C5000030111D00A4989684861CDE90023314602
:107C6000224604F1080000F07FFDEEE7002086F3D5
:107C70001188BFF36F8FE8E76FF02200F7E700BFCE
:107C8000A41200202DE9F341044617461E46EFF3E7
:107C90001188202383F31288BFF36F8F304BC268A3
:107CA0009B6872B18068984217D057EA060216D1D5
:107CB00088F31188BFF36F8F6FF00F0002B0BDE83B
:107CC000F08193F90E1001322161C4E9023288F388
:107CD0001188BFF36F8F0020F0E72169F3E793F974
:107CE0000E1090F90E30994230DA9942A8BF194629
:107CF00004F07FFA054622464146CDE90076194850
:107D000000F032FD0028E6D0EFF31186202383F344
:107D10001288BFF36F8FA068D0B1236821699C429D
:107D20000AD04BB193F90E309942A8BF19466FF0B3
:107D30007F039942B8BF194604F05BFA40B131465F
:107D4000084804F055FC6FF00A00B7E70025D2E7B9
:107D5000002DF4D186F31188BFF36F8FF3E700BFD6
:107D6000A4120020E2120020F8B583680546002B1B
:107D700040D0234A926893423FD1C368012B03D974
:107D8000013BC3600020F8BDEFF31187202383F38C
:107D90001288BFF36F8F0169806804F02AFA2C689B
:107DA000A54207D10023C5E9023387F31188BFF349
:107DB0006F8FE7E7002CF5D0D4E90032002613607E
:107DC0005A60237CC4E9006623F002032374A66092
:107DD00004F1180004F0C5FCAC6094F90E302046A4
:107DE0002B61C4F8806004F0A5FB3946054804F017
:107DF000FFFBC7E76FF01500C5E74FF0FF30C2E7A4
:107E0000A4120020E212002037B51146EFF31185CD
:107E1000202282F31288BFF36F8F04689CB123681D
:107E2000426823F003039442036008BF43600121CA
:107E3000204604F062FA044685F31188BFF36F8F81
:107E4000204603B030BD51EA0302F5D000F108022C
:107E5000CDE900131046294600F086FC0028EFD13A
:107E6000014B9B685C69EBE7A412002070B5EFF34F
:107E70001186202383F31288BFF36F8F0468A0421A
:107E80001BD0D4B1D4E90032002513605A60237CA2
:107E9000C4E9005523F002032374A56004F118001F
:107EA00004F05FFC2046C4F8805004F043FB3146E8
:107EB000BDE87040064804F09BBBD0E902329A420C
:107EC00018BF0133836086F31188BFF36F8F70BDD5
:107ED000E212002013B5EFF31181202484F31288FD
:107EE000BFF36F8F846844B1013C846081F31188D3
:107EF000BFF36F8F002002B010BD52EA030406D119
:107F000081F31188BFF36F8F6FF00F00F3E7CDE9B6
:107F100000230246014800F027FCECE7E2120020B3
:107F200007B5074B4FF48062009306494FF0FF33CB
:107F3000054800F013F9002003B05DF804FB00BF12
:107F400018D5000C282D0020000D00202DE9FF4140
:107F500004462027534EEFF3118887F31288BFF3AE
:107F60006F8FD4F88C50F5B9022104F1A40004F00D
:107F7000FDF9002870D004F19C050022012128465B
:107F800004F0ACFB0028F8D100234FF0FF3202933D
:107F90004FF0FF334146CDE90023434804F19402FA
:107FA00000F00AFDD7E7D4F890202B689542C4F87A
:107FB0008C3008BFC4F89030D4F8A43043F00203EA
:107FC000C4F8A430EB6823F0040343F00103EB6032
:107FD0006B6888F31188BFF36F8F28469847EFF3DB
:107FE000118887F31288BFF36F8FEB68D80623F0F0
:107FF00001023ED4EA60EB689A0717D5306823F097
:108000000203EB6090B10021036878B142689542A9
:108010003DD10368002934D172683360904200D1A9
:108020007360002340F8083BFFF720FFD4F8A4302A
:1080300023F00203C4F8A430DB0530D4D4F88C302C
:10804000003B18BF012388F31188BFF36F8F002B0B
:1080500081D004F035FA7EE7D4F8A430D90693D560
:10806000C4F8A40088F31188BFF36F8F04B0BDE893
:10807000F08123F01103EB6005F11000FFF7F6FE2D
:10808000B9E70B607368984208BF7160C9E70146A1
:108090001BB11A6818461346B7E71A46FAE70023D9
:1080A000D1E700BFC4120020E2120020F8B5C36877
:1080B00004469A070E46C3F3400542D45F0742D4F4
:1080C0000B680BB983680B60E368D80742BFA368ED
:1080D00002253360376858BF012557B31B4B9A6898
:1080E000D7F888309A421ED104F0C0F980F0010020
:1080F000C0B2D7F8A430D907C3F380021CD5F2B1BF
:10810000F8B100232360D7F8903073B9C7E923444E
:10811000384604F045F9E36843F00403E36033684C
:10812000A3602846F8BD0020E3E71C60C7F8904034
:10813000EEE76FF0150506E06FF0120503E01B0790
:10814000DFD56FF00F0500233360EAE7A4120020AB
:108150000146014804F06EB9000D0020F0B5044658
:10816000002089B00E9DC4E9230004F19400C4E905
:10817000250004F19C00C4E9270055B328790028A4
:1081800040F2011008BF0120C4F8A40000204FF005
:10819000FF364FF0FF37CDE90330CDE90100CDE9DF
:1081A000066720460C4B009400F0EAF855B12968A8
:1081B00011B1204604F060F96B791BB1A38943F03B
:1081C0000103A381204600F0B7F8C4F8884009B045
:1081D000F0BD0120D8E700BF4D7F000C37B50190FE
:1081E0000846EFF31184202181F31288BFF36F8FCB
:1081F000C16811F01E0F16D153EA020508D101A97A
:10820000FFF754FF84F31188BFF36F8F03B030BDC5
:1082100041F00801C160019910308161034900F00B
:108220008BFC0120EEE70020ECE700BFAFC3000CA1
:1082300001460148FFF7D2BF000D0020F7B50C46FC
:1082400016461D460190EFF31187202383F3128811
:10825000BFF36F8F084604F094F855EA060309D17E
:10826000204601A9FFF722FF87F31188BFF36F8F24
:1082700003B0F0BDE368324643F00803E360019BBE
:108280000449A36204F110002B4600F055FC0120C4
:10829000EAE700BFAFC3000C01460148FFF7CEBFBD
:1082A000000D00202DE9F043984685B000F15803F9
:1082B000C0E91633109B002683810423073222F085
:1082C000070503740F9B01EB05090F4683734946AD
:1082D000C0E906668660C6730446F9F7C7FB0E9BC5
:1082E000073020F007002067C4E91A7502930D9B40
:1082F000A9EB000901930C9B4A460093394643467B
:108300002046F9F729FF054B66659B6803B15B6F53
:108310004846636705B0BDE8F08300BFA4120020A3
:108320000123037483810023C0E91A334367014B9F
:1083300098607047A412002038B50446EFF3118509
:10834000202383F31288BFF36F8F037C5B070FD565
:10835000183004F006FA237C204623F0040323742B
:1083600004F0F7F82946BDE83840044804F040B965
:1083700085F31188BFF36F8F38BD00BFE212002074
:10838000F0B5002587B00595109DDDE912760495BE
:108390000F9D044603950E9D02950D9D01950C9D24
:1083A0000095FFF77FFFB6F1FF3F08BFB7F1FF3F32
:1083B00005D056EA070305D12046FFF7BDFF20464A
:1083C00007B0F0BD3A46334604F11800014900F009
:1083D000B3FBF4E7A5C5000C6FF00A01094A9368E6
:1083E000C3F880100849D8674B6843F080534B604E
:1083F000002383F31188BFF36F8F9368D3F8800055
:10840000704700BFA412002000ED00E038B590F9DD
:1084100010200146002A037C04DA03F07F03037472
:1084200004F050F80D4D2A4652F8184FAB689442AC
:1084300000D004B9EC688B4207D01A7CD20604D174
:10844000DA897F2A01D9A2692AB1A34202D0204643
:1084500000F0F4FA23466B6138BD00BFA41200207F
:1084600070B590F91020037C002A2FDBD9062DD19E
:108470001A4C63F07F032246037452F8183FE169F7
:10848000934207D1C0E900210860E0610FE0994202
:10849000F8D01B68002BF5D093F90E6090F90E50C0
:1084A000AE42F4DD5968C0E9003108605860A56942
:1084B000954200D005B9E568A3681A7CD20606D1BA
:1084C000DA897F2A03D9AA690AB9636170BDAB4210
:1084D00002D0284600F0B2FA6561F7E7A412002046
:1084E000034648B9EFF3058232B9064A51699268EA
:1084F000914201D0FFF770BF83F31188BFF36F8FF4
:10850000704700BFA412002038B5184CA168E0697C
:108510000B68814214BF1A46002249680B605960FB
:10852000A368E1692AB9124AC3E900210B60E3613B
:108530000AE092F90E5093F90E00854212DD51685F
:10854000C3E900210B605360A569094B9D4200D02F
:1085500005B9E568A3689D4202D0284600F06EFA8E
:10856000656138BD8A42DED01268DBE7A4120020C4
:10857000BC120020002A2DE9F0470CBF4FF0100973
:108580004FF00809027C044619EA020F0E460F4616
:1085900028D149EA0203D20946D10374B9F1080F80
:1085A00048D04FF00008DFF8F0A0534653F8185FAA
:1085B0009D4200D00DB9DAF80C50DAF80830AB4221
:1085C00002D0284600F03AFAB9F1100FCAF8145058
:1085D00008D0204601F02EFEB8F1000F02D02F483F
:1085E000FFF79EFE2C4B9B68A3424FD1EFF3058310
:1085F000002B4BD1A289D20711D586F31188BFF386
:108600006F8F83F31188BFF36F8F0423184602DF47
:10861000EFF31187202383F31288BFF36F8F38465F
:10862000BDE8F047FFF7D8BE03F07F03037403F003
:1086300049FFB3E7A36813B1204603F04BFF04F1F1
:10864000180004F08EF8A56D04F15808A84511D063
:108650004FF0000A75B1284603F03CFF05F1180001
:1086600004F07FF82846C5F880A0FFF7F9FEA56D55
:10867000A845EFD1084B9B689C4292D1EFF3058847
:10868000B8F1000818BF4FF001088CE786F3118895
:10869000BFF36F8FBDE8F087A4120020A80D002063
:1086A00070B50F4D06462B4653F8184F9C4200D02C
:1086B00004B9EC68AB681A7CD20604D1DA897F2A47
:1086C00001D9A2692AB1A34202D0204600F0B6F92E
:1086D00023466B613046BDE87040FFF701BF00BF25
:1086E000A412002070B5EFF31186202383F31288C3
:1086F000BFF36F8F1A4CA168E0690B68814214BF09
:108700001A46002249680B605960A368E1692AB9DA
:10871000144AC3E900210B60E3610AE092F90E50AC
:1087200093F90E00854216DD5168C3E900210B6004
:108730005360A5690B4B9D4200D005B9E568A3685D
:108740009D4202D0284600F079F965613046BDE8C7
:108750007040FFF741BE8A42DAD01268D7E700BF07
:10876000A4120020BC120020F8B5124B0C46DDE923
:10877000067611469868104A1060EFF311822022A5
:1087800082F31288BFF36F8F9D68284603F0ACFE1A
:10879000B6F1FF3F08BFB7F1FF3F06D03A46334678
:1087A000064905F1180000F0C7F92046BDE8F84079
:1087B000FFF712BEA4120020CC120020A5C5000CA9
:1087C000F8B50446EFF31187202383F31288BFF333
:1087D0006F8F037C49B203F01F02002A0CBF0126F1
:1087E000002635D103F07F032A4D037403F06AFE9F
:1087F0002A46037C817363F07F03037452F8183FA9
:10880000E869934207D1C4E900200460EC610DE0FF
:108810009842F8D01B68002BF5D093F90EC08C4518
:10882000F6DD5968C4E900310C605C60AC699442C3
:1088300000D004B9EC68AB689C4202D0204600F03E
:10884000FDF86C6187F31188BFF36F8F3046F8BD78
:108850009B071CD5856803F035FE81732B689D420C
:1088600009D16B68C4E900531C606C60EAE76A6870
:108870009A42F6D01B68002BF3D093F90E208A425F
:10888000F5DD5A68C4E9003214605C60DAE7817390
:10889000D8E700BFA4120020034648B9EFF30582D1
:1088A00032B9064A51699268914201D0FFF794BDEE
:1088B00083F31188BFF36F8F704700BFA4120020AD
:1088C000F8B550EA010306460C4603D103F0F8FD63
:1088D0000020F8BDEFF31187202383F31288BFF344
:1088E0006F8F184D184BA868186003F034FEA86805
:1088F000324623461549183000F01EF9AB6804468D
:108900001A7CDF6742F004021A746FF00A02C3F89F
:1089100080200F4A536843F080535360002383F351
:108920001188BFF36F8FAA68D2E90A12B2F1004F23
:1089300008BF9942CCD103F049FF201A20EAE07029
:10894000C7E700BFA4120020CC120020A5C5000C70
:1089500000ED00E0024B03F11802C3E90622704764
:10896000A4120020EFF31181202383F31288BFF3B8
:108970006F8F054B9A68D37B013BD37381F31188CA
:10898000BFF36F8F704700BFA4120020EFF3118078
:10899000202383F31288BFF36F8F034B9A68D37B36
:1089A0000133D373FFF77CBEA4120020014B9868FB
:1089B000704700BFA4120020D3B5DDE90667089C0C
:1089C000CDE90067FFF7D0FE1CB1034B9B685B69E4
:1089D000236002B0D0BD00BFA4120020027C034679
:1089E00012F01F0210D10A4988420DD009490868C7
:1089F00068B1D9897F2909D893F90E20064B1B68E5
:108A00009A42B8BF00207047002070471046704758
:108A1000F00B00203C020020D01200200122044B69
:108A2000C01A044BC0105843034B1A54704700BF80
:108A3000300E0020ABAAAAAAE212002070B50C4B9F
:108A40000C4D1E7CFFF7CAFF182303FB0655044696
:108A5000284603F086FE0022074B9A553CB1621E61
:108A60002846BDE870400549D31700F065B870BDD1
:108A7000A4120020300E0020E21200201D8A000CFB
:108A800038B5EFF31185202383F31288BFF36F8F7E
:108A90000F4B104A9C681068A04206D1FFF7CEFF2A
:108AA00085F31188BFF36F8F38BD00211B7C1160E7
:108AB000094AD35C002BF3D02046FFF78FFF002834
:108AC000EED0237CDB0601D1FFF71EFD2046E5E753
:108AD000A4120020CC120020E2120020024B1868E1
:108AE000984208BF0020704740020020034B1B68DB
:108AF0000BB9FEF7C9BD0020704700BFD41200209B
:108B000030B570B10B4B5B6898420AD0036843B133
:108B1000D3E90421D0E90445121941EB0501C3E969
:108B20000421D0E9003213605A600023C0E9003309
:108B300030BD00BF40020020B3F1FF3F08BFB2F1DB
:108B4000FF3F2DE9F84F0446994615461F467AD057
:108B50008160EFF31188202383F31288BFF36F8FB6
:108B6000B9F1000FDFF8E4A020DBFFF7BFFFDAE97F
:108B70000027013549F100092D1849EBE07306463D
:108B80004FF00109C4E90453AD1843EB0707FFF7A1
:108B9000A5FF0346DFF8B8E0DEF804A0EBB9C4E9AE
:108BA00000EACAF80040CEF8044028E06FF0010364
:108BB000DAE900125B1A4FF0FF3161EB02025B1B36
:108BC00062EB0902012B72F10001BCBF01230022FC
:108BD0004FF00009C0E90432D9E7D3E9041CD4E915
:108BE00004208A4270EB0C0B24DA891A5A686CEB69
:108BF0000000C3E90410C4E9003214605C60FFF7B0
:108C00006DFF84420ED1134B1B685BB9B9F1000FA5
:108C100002D1FFF76BFF0646304603F08BFD0021C3
:108C2000FEF7B6FC88F31188BFF36F8F28463946EC
:108C3000BDE8F88F521A60EB0C005345C4E90420DC
:108C4000ADD01B68AAE700252F46EFE7480E0020AD
:108C500040020020D41200202DE9F047DFF8A89050
:108C60000246C9F800000D46FFF738FF002600272E
:108C7000DFF898804FEAE27ED8E9001350B1D0E9DE
:108C8000044CA2427EEB0C0A1ADAA41A6CEB0E0614
:108C9000C0E904460024521843EB0E032046C8E9FD
:108CA0000023C9F8004003F045FD2146FEF770FCA3
:108CB00085F31188BFF36F8FBDE8F047FFF7E0BE83
:108CC000611843EBE473C0E90467C8E90013FFF7D8
:108CD00017FF01224FF00043C0E9042385F31188F8
:108CE000BFF36F8F83689847EFF31185202383F3D9
:108CF0001288BFF36F8FD9F80020121BC9F800202B
:108D0000FFF7ECFEB6E700BFD4120020480E0020AB
:108D100010B5EFF31184202383F31288BFF36F8F14
:108D2000FFF7E4FE0346054AD2E90001181841EBBB
:108D3000E37184F31188BFF36F8F10BD480E0020DC
:108D4000F8B50446EFF31187202383F31288BFF3AD
:108D50006F8FD0E90423B3F1004F08BF012A04D07C
:108D600087F31188BFF36F8FF8BDD0E90A566A1CEC
:108D700046F10003022A73F1000334D3013D46F1AA
:108D8000FF36002EBCBF00252E4603F023FD013028
:108D900041F10001401946EB0101012871F1000188
:108DA00048DB03F017FD6FF00203013041F10001D1
:108DB000401946EB010183426FF000438B413EDBDB
:108DC00003F008FD013041F100016FF0010240198C
:108DD00046EB01034FF0FF31121A61EB030320460B
:108DE0001949FFF7A9FE236B01332363236A63B19B
:108DF00087F31188BFF36F8F20469847EFF31187F1
:108E0000202383F31288BFF36F8F54F8185FA542B5
:108E1000A6D0002DA4D0284603F09FFB0023C5F860
:108E2000803087F31188BFF36F8F2846BDE8F84084
:108E300003F080BB6FF001024FF0FF33CFE7002259
:108E40004FF00043CBE700BF418D000C2DE9F0410E
:108E500005461C4690461F46EFF31186202383F3F8
:108E60001288BFF36F8FB4F1FF3F08BFB2F1FF3F2D
:108E700005D186F31188BFF36F8FBDE8F081002C18
:108E800009DB012A74F10003BCBF0122002412F1A6
:108E9000FF3844F1FF37284603F063FCDDE90601A3
:108EA0000023C5E90A012B6342463B462846024996
:108EB000FFF742FEDDE700BF418D000C70B50546AF
:108EC000EFF31184202686F31288BFF36F8F03F02F
:108ED00048FC20B184F31188BFF36F8F70BD6B6ABB
:108EE00063B184F31188BFF36F8F28466B6A98478C
:108EF000EFF3118486F31288BFF36F8F05F118002A
:108F000003F060FB0028E5D003F014FB2146BDE828
:108F10007040014803F06CBBE312002073B50446B7
:108F2000EFF31186202383F31288BFF36F8F8368DA
:108F3000594003EA02050A405340002200930949C0
:108F40006B46019203F096FBDDE9003223EA02034F
:108F500004F10C003146A36003F04AFB284602B03E
:108F600070BD00BF03C9000CF8B507460C46164695
:108F700003F07CFA08B10020F8BD0D4B9B685D6FD3
:108F8000002DF8D0221DF6D2EFF31184202383F3B5
:108F90001288BFF36F8F284647F00401B04784F36F
:108FA0001188BFF36F8F0028E5D040F8045BE3E73A
:108FB000A41200200146024A0020FFF7D5BF00BFDF
:108FC000DD97000C014800F030BD00BFC4F3000C79
:108FD0000CB430B58BB004460D462022002102A807
:108FE00003F0D2FC0223002D06948DF80A300C4BBE
:108FF000039312DB01D06B1E1C440FAA0E9902A82A
:109000000794019200F00EF815B1069B00221A7029
:109010000BB0BDE8304002B070470024EDE700BF60
:109020005DCA000C2DE9F04F43688BB08046924634
:10903000009383789C0740F1F98000250878002888
:1090400000F0F68025280AD04B1C019301354146DB
:10905000009B98470028C0F2E3800199EEE74E7824
:109060008B1C252E0193F1D000270A22B9463C46DD
:109070001F2C22D8A6F12003102B20D8DFE803F004
:10908000141F1F1A1F1F1F0B1F1F1F121F171F1F29
:10909000090044F00104019B13F8016B0193002EB9
:1090A000E6D13AE044F0020444F00404F3E744F06B
:1090B0000804F0E744F01004EDE77F2C24D8A6F173
:1090C0003003092B08D860064EBF02FB073744F077
:1090D000200402FB0939DEE72A2E0DD161065AF879
:1090E000043B53D4002BA7BF44F020049946C3F19E
:1090F000000944F02804CEE72E2E05D1630600F1C6
:10910000978044F04004C6E76C2E2ED028D8682EF5
:1091100032D06A2E37D04C2E35D0002F46F02003A7
:10912000B8BF24F04004A3F16502BCBF0027A4B27D
:10913000022A01D9612B2BD10AF1070A07279D4E7C
:109140002AF0070A0AF1080A210760D506EB070B87
:1091500034465C455DD1AE1BA9EB0709A21959E164
:10916000742E98D07A2E96D0D7E7260648BF44F4BE
:10917000007444F080048EE7E00548BF44F40074B6
:1091800044F4807487E744F4207484E71F4682E740
:10919000A6F16302122A00F2D880DFE812F0130071
:1091A0004D00D600D600D600D6004D00D600D60021
:1091B000D600D600D600E800D100D600D6001A00AE
:1091C000D600A0005AF8043B012704AE8DF81030F9
:1091D000BAE75AF8046B784B002E08BF1E4614F00D
:1091E000400F304614BF39464FF0FF3103F0D4FB37
:1091F0000746A9E741462020009B984700280FDB3F
:10920000013CA742F6D34D44A1462D1B9EE74C4698
:10921000F7E7414614F8010B009B9847002898DABD
:1092200098F8023043F0040388F802304FF0FF351D
:1092300028460BB0BDE8F08F220630D5A3052AD50D
:109240000AF1070A2AF007039A4659685AF8080BE8
:1092500024F0100B00291FFA8BFB2FDA40424BF44D
:10926000806B61EB410104AC0A23224603F0A0FBB2
:109270001BF0400FA0EB040200F08E802BF00104E5
:109280009742A4B240F38F80002E40F08E802BF0E6
:109290001104A4B21DE05AF8040BC117D8E7E00589
:1092A0005AF8041B01D40846F7E7A20547BF48B2A5
:1092B00041F3C01108B241F3C031C9E750EA0103DC
:1092C000D1D16306CFD5002FCDD124F011043A4679
:1092D000A4B23B4640F206410C4262D124E024F0A5
:1092E00010040A23A4B214F0800243D014F40071D5
:1092F00017BF0AF1070A5AF8040B2AF00702924630
:109300001CBF51685AF8080B50EA01023ED124F004
:10931000160B62061FFA8BFB3CD5002F3AD124F0C6
:1093200017043A463B46A4B221075AD4E10705D5B3
:10933000994572DDA9EB03039F184B469B464AE013
:1093400044F0100410237826CDE7782B04D1C6F121
:10935000780343F01003C6E741462520009B984759
:109360000028FFF65DAF02354146304670E608231F
:109370000026B8E714F480715AF8040BC4D014F432
:1093800000711ABFC0B2114680B2BDE724F00604D6
:109390001FFA84FB04AC68E713465C46E10699D5E6
:1093A0002EB90133C0E71346F8E73B46F6E7023330
:1093B000BAE700BFF9F3000CF2F3000CCDE902327A
:1093C00041462020009B98470028FFF629AF0BF16B
:1093D000010BDDE90232D945F0DCEB1A03EB0B059A
:1093E0005B46E10627D541463020CDE90232009B9D
:1093F00098470028FFF614AFDDE902327EB9013547
:109400002F44791B8A4229DB144604AE94BB2A44BC
:10941000A9EB03091546914440E017468EE7023553
:1094200041463046CDE90232009B98470028DDE9ED
:109430000232E5DAF4E640F206410C42E0D014F0E4
:10944000020F05F10105414614BF2B20202014F422
:10945000806FCDE9023218BF2D20E5E7CDE9023259
:109460004146009B3020013598470028DDE9023253
:10947000C7DAD5E6013C4146CDE90232305D009BBA
:1094800098470028DDE90232C0DAC9E641462020CB
:10949000009B013598470028FFF6C2AEA9EB0503F3
:1094A000002BF3DCD9E500BF7047836800EBC101F6
:1094B000B3F5004F2CBF51F8220031F8120070476D
:1094C00000EBC1018068B0F5004F2CBF41F822309D
:1094D00021F812307047012208B5FFF7E6FFD040AF
:1094E00008BD836800EBC101B3F5004F08D34B689A
:1094F0001AB143F001034B60704723F00103FAE710
:109500004B881AB143F001034B80704723F00103ED
:10951000FAE753000122FFF7D3BF08B58368B3F51C
:10952000004F06D3FFF7D7FF01288CBF0020012092
:1095300008BD0020FCE78368B3F5004F34BF042367
:109540000823C91A081AC00870478368B3F5004F8A
:1095500028BF0139B1FA81F0C0F11F0070472DE931
:10956000F041174603220E460446FFF79EFF86424F
:10957000054607F104080AD10122E368BA4023EA4C
:109580000203E360002344F82830BDE8F08131464F
:1095900002222046FFF789FF06462B46014603229A
:1095A000204644F82850FFF78BFF334629462046D3
:1095B000BDE8F0410222FFF783BF38B504460D46EF
:1095C000FFF7ABFF70B929462046FFF784FF01463D
:1095D0002046FFF7BAFF294602462046BDE838403C
:1095E000FFF7BDBF38BD2DE9F04705468946FFF7B7
:1095F000ACFF05EB800ADAF81070064677B94FF039
:10960000FF34EB680136B4401C4015D094FAA4F244
:10961000B2FA82F2131D55F8234009E03C464FF0A0
:10962000030821462846FFF756FF814507D83246F2
:1096300021462846FFF793FF2046BDE8F0872146E4
:1096400003222846FFF731FFB8F101080446CAF8A3
:109650001000D4D08742E4D1D1E72DE9F04114467F
:109660000E460546FFF737FFA4EB0608371B0744F5
:10967000424631462846FFF74CFF3A4621462846E7
:10968000FFF747FF4346002221462846FFF718FF11
:1096900021462846FFF71FFF3B4621180022284697
:1096A000BDE8F041FFF70CBF2DE9F0411646044636
:1096B0000F46FFF710FF314605462046FFF70BFF28
:1096C00005442A4639462046FFF723FF3146204607
:1096D000FFF701FF2B46311800222046BDE8F0417C
:1096E000FFF7EEBE2DE9F04104460D46FFF715FFEA
:1096F000B8BB29462046FFF7EEFE01462046FFF79D
:1097000024FF04EB80010E6996B90122E3688240D0
:109710001343E36002220D612B4629462046FFF7E2
:10972000CFFE032229462046BDE8F041FFF7C8BE20
:10973000022231462046FFF7B8FE07460346294677
:109740002046FFF7BDFE0322334629462046FFF799
:10975000B7FE39462B462046FFF7B2FE02223146BD
:10976000E1E7BDE8F08170B5056809B9002070BD7A
:10977000AB6801F00704B3F5004F34BF04220822A0
:1097800007341444E40804EBD1049C4228BF1C466F
:1097900028462146FFF727FF06460028E6D0014667
:1097A0002846FFF798FEA04209D93444314628469E
:1097B0002246FFF752FF21462846FFF793FF28462F
:1097C00001223146FFF78DFEAB68B3F5004F34BF81
:1097D0000423082303EBC6031844C8E71146FFF728
:1097E000C2BF2DE9F8434B42066803EA010731EA9C
:1097F00003031446B2680ED0B2F5004F2CBF082305
:109800000423BB4228BF3B46B946CF1B94B9002571
:109810002846BDE8F883B2F5004F34BF042308237F
:10982000994204D82146BDE8F843FFF79CBF4FF0AA
:109830000009EBE7B2F5004F34BF04250825FB1AF9
:10984000E10804F0070001EBD301073003F0070340
:1098500003442B4401EBD301914228BF114630460B
:10986000FFF7C1FE80460028D1D0B36809EBC005E0
:10987000B3F5004F34BF042308231D4435447B1E39
:109880001D44B5FBF7F57D43A5EB09052946304698
:10989000FFF751FE2C44073424F00704A41B804535
:1098A00007464FEAE40408D2024641463046FFF735
:1098B000D4FE41463046FFF715FF39463046FFF7E4
:1098C0000AFE3844844208D2394630462246FFF721
:1098D000C4FE21463046FFF705FF012239463046D7
:1098E000FFF7FFFD94E7B2F5802F34BF0423082370
:1098F0002DE9F0410026D21A8C18CD1D25F0070560
:1099000024F00704641BE408056021462846AC6087
:10991000EE60FFF71AFE820002F11B07FF083146D6
:10992000043205F1100003F02FF83A46314628467C
:10993000FFF7EFFD3346324631462846FFF7C0FDBC
:10994000A4EB0708284631460122FFF7CAFD42462C
:109950003946FFF7DEFD3B46324639462846FFF7DB
:10996000AFFD21462846FFF7D4FD43463246214647
:109970002846FFF7A5FD214628460122FFF7B1FD45
:109980003946BDE8F041FFF7ADBE2DE9F047064688
:109990000D46174698462BB34FF0000A98F8004042
:1099A00093F80190DB78A40004EB430498F80230AC
:1099B0001C444444CA4509D339463046AC46D8F81D
:1099C000042008F10803BDE8F047604714F8013BA4
:1099D0000AF1010A204648F82340F6F735FB01302A
:1099E0000444E7E76FF01500BDE8F08730B50246A4
:1099F0000024002012F8013B43B178B18C4207D11A
:109A0000702B04D0A3F140053A2D07D8002030BDBB
:109A1000A3F140053A2D01D80134EAE7252B08BF10
:109A200080F00100E6E7002070470FB407B504A9F5
:109A300051F8040B019100F095FA03B05DF804EBC6
:109A400004B0704710B50369024613F0080009D14D
:109A50001368D4689C429BBF0120126AE31AD31A90
:109A60000B6010BD00231846FAE713B501A90446A0
:109A7000FFF7E8FF20B1019BE268013B134401932B
:109A8000206A019BC01A013802B010BD10B504460F
:109A900050182269236AD20702D5013B184010BD35
:109AA000984228BFC01AFAE710B504460A46C168B2
:109AB000FFF7ECFF2369E06023F00803236110BD8A
:109AC00038B50D46C2698B00016843F002030446B5
:109AD00042F8213001682A46FFF7D8FFE368616841
:109AE000984208BF2369206008BF43F008032A4654
:109AF000204608BF2361FFF7C9FF606038BD2DE92C
:109B0000F74F0F460021D0F80CB0C669009216F846
:109B10002B209A4602F00302022A14BF894656F807
:109B20002B2006EB8B030193009B08BFC2F39D091A
:109B300019600446CAF80010B9F1000F07D0494671
:109B4000FFF7B2FFE368A3604FF0010804E001698A
:109B50008A0705D44FF00008404603B0BDE8F08FF7
:109B6000816906EB8B00884716F82B10054611F02B
:109B70000108EFD08B071DD51FB139462046FFF7EE
:109B80009FFF61682A462046FFF780FFD4E9021351
:109B90008B42606007D12A462046FFF777FF4FF0DF
:109BA00000080146A0602369216043F00803E160DA
:109BB0002361D1E701462046FFF776FFE168A16007
:109BC0001FB12068E16941F82090EA19CAF8002025
:109BD00021682046FFF75AFF2269206042F0080200
:109BE000226116F82B2022F0010206F82B20DDE975
:109BF00000321A60A8E770B504461546FFF746FF25
:109C00002368834205D12369216023F0080323617F
:109C100070BDE269AB0043F0020342F82130616895
:109C20002A462046FFF732FF6060F1E738B5036946
:109C300004465B0706D5456AFFF717FF85422CBF30
:109C40006562606238BD38B50D4604461C220021AD
:109C500002F09AFE0022EB68A361AB6863612B6897
:109C6000E3616B68626223622A6923B1591E19425B
:109C700008BF42F001022261012204F12800002104
:109C8000BDE8384002F066BB2DE9F04F002598464C
:109C9000036A87B08B4204460E469346AA46039554
:109CA000059538D3EFF31189202383F31288BFF38E
:109CB0006F8F059A2AB129462046FFF79CFF0023A3
:109CC000059304A92046FFF7BDFE04990746B1425B
:109CD0002AD32268E369204613F8221003EB820A94
:109CE00021F0030103F8221021683246FFF7CEFE6F
:109CF000E3682060984212D0002789F31188BFF3EF
:109D00006F8F039929B162690AB1204690470023F9
:109D10000393002FC6D1504607B0BDE8F08F2369EA
:109D200043F008032361E7E718B12046FFF7C8FEB8
:109D3000E3E75BEA08031CD0019102F097FB01996D
:109D4000B8B9B9F1000F14D189F31188BFF36F8F3F
:109D50005A46434604F12800FEF7BCF8EFF3118998
:109D6000202383F31288BFF36F8FB0FA80F77F0947
:109D7000C3E7204605AB03AA2568FFF7C0FE0746E8
:109D8000BBE770B50446836908460D46984702460E
:109D9000EFF31186202383F31288BFF36F8F2B78A4
:109DA000204643F001032B706168FFF76FFE60608F
:109DB0002046FFF73BFF86F31188BFF36F8F70BD1E
:109DC0002DE9F843044600272026EFF3118586F39A
:109DD0001288BFF36F8F2369A268190702D46368E2
:109DE000934200D2236A9B1A002B42D0E06910F8FC
:109DF000221000EB820911F003033AD0022B04D1A8
:109E000050F822305FEA930805D1CB0720D44846AA
:109E1000A36998478046A16842462046FFF736FE70
:109E20000127A06041462046FFF73EFE3B4685F3F2
:109E30001188BFF36F8F002BC7D137B1B9F1000F75
:109E400003D104F12800FEF711F84846BDE8F88375
:109E500041F0020100F82210A3694846D4F80880B6
:109E60009847414602462046FFF710FE0023A060B7
:109E7000DDE79946DBE7F8B50446836908460D46F9
:109E800098470646EFF31187202383F31288BFF328
:109E90006F8F2B7823F001032B7023699B0705D567
:109EA000E268E36903EB82039D421AD12B7823F029
:109EB00002032B70D4E90231994204D13246204684
:109EC000FFF7E4FDA06031462046FFF7EDFD87F384
:109ED0001188BFF36F8F04F12800BDE8F840FDF74B
:109EE000C5BF2B6860F39F032B60F0E7EFF3118190
:109EF000202383F31288BFF36F8F026983681207F0
:109F000002D442689A4200D2026AD31A81F31188BD
:109F1000BFF36F8F181E18BF01207047704703787A
:109F20005B075FBF03684288C3F34A2303EB121049
:109F30005DBF173020F00700800800207047002028
:109F400070470346D3E8EF0F421CC3E8E12F002916
:109F5000F8D1704708B502F03DFC0A220023F6F75D
:109F60004FF808BD1FB50023CDE902011A46194676
:109F70001846CDE90033F7F7E3FA05B05DF804FBC6
:109F80000120F7F7A1B8002070474368DA71012279
:109F90004368196043685A71F7F788B870B5154679
:109FA0000C4669B1D2E901369B1B99420AD8136865
:109FB0000A460146981902F0DAFCAB682344AB600C
:109FC000204670BD6FF01B00FBE770B50E461546CE
:109FD0001946044618B9BDE87040F7F775B833B1B3
:109FE000C2F34A231030120D184402F0C0FCC4E939
:109FF00000562046BDE87040F7F702BA2DE9F3415C
:10A000005F1C4FEA8708064608F1170020F007009A
:10A0100080080C461546F7F7D1F800238DF8047038
:10A02000ADF805308DF8073068B10346019AA8F104
:10A03000040143F8102F2A46294452F8045B8A424F
:10A0400043F8045FF9D100233146A20102F4E07223
:10A0500042EA482222F07F4222F4700222F03F02BC
:10A0600002B0BDE8F041FFF7B0BF07B50123019290
:10A0700001AAFFF7C3FF03B05DF804FB07B5CDE904
:10A08000002302236A46FFF7B9FF03B05DF804FB23
:10A090001FB5CDE90123069B01AA03930323FFF714
:10A0A000ADFF05B05DF804FBF8B506460D46144655
:10A0B0001F4604B9F8BD214628463A46B047241A3F
:10A0C0000544F6E710B542680446D2E900238168EA
:10A0D0000068FFF7E9FF002263681A6010BD38B519
:10A0E0004B6805461A68CB680C469A4202D108466E
:10A0F000FFF7E8FF6368D3E8EF2F511CC3E8E01FC8
:10A100000028F8D1A36800209D5438BD0A2838B52E
:10A1100004460D4602D10D20FFF7E1FF29462046F7
:10A12000FFF7DDFF002038BD2DE9F043054689B07B
:10A1300008460E8891F800900C46D1F80880174622
:10A14000F7F750FA011EC6F38216C9F3C2091FDBE6
:10A150004846F7F767F90346214651F8102B608807
:10A16000C2F34A22002A01EB020408BF00210022A8
:10A17000C0F30B10CDE90507CDE90314284641468D
:10A18000CDE900220296F7F759FA09B0BDE8F0834D
:10A190000023E1E7436800201B685B681961704792
:10A1A00043681B681A6852685360704701212DE9A3
:10A1B000F04143681B685A6811751D682F68D5E91E
:10A1C0000136D3E900481CB96B681C60BDE8F0811A
:10A1D000214630464246B847241A0644F3E743680E
:10A1E0001B681868F7F760BB70B543680C461D68BC
:10A1F0006B681869F6F744FF214603460F2228686A
:10A20000BDE87040184702F0BFBB02F0B0BB01468A
:10A210000068F7F7CBBB08B5F7F724FCBDE80840AA
:10A22000F7F7D8BF0A460121FFF71FBF0021012021
:10A23000F7F7BCBB6FF08500704761B662B680F37C
:10A240001188BFF36F8F704772B6002383F31188B4
:10A25000BFF36F8FBFF34F8F30BF62B6BFF36F8F07
:10A26000704740E800F313F4803FD8B208BF6FF0A6
:10A270001500704730B50C684B6885B00A894D8968
:10A280000094013B24F01F04234402F01F0242EA21
:10A29000451223F01F0369468DF808200393F8F751
:10A2A00043F805B030BD08B5D1E904319847002026
:10A2B00008BD08B5F8F74CFA002008BD7047002328
:10A2C00003824369C3607047C1698968F8F7ACBA13
:10A2D00070B50D461646DDE904230021F8F7A4FA0F
:10A2E000044630B1324629460C3000F014F8012300
:10A2F0006372204670BD027A01320272704710B557
:10A3000008B14B68436000234C6808464B60F8F77F
:10A3100009FB204610BD92B281600160C28082803C
:10A3200070478388026819448180D018704730B420
:10A3300084880568A3188380281930BC02F017BBF5
:10A3400010B5838802685C1C8480D154D01810BD7D
:10A3500030B5838802689D1C8580D418D154090AC1
:10A36000617030BD83885B1A9BB28380006818449B
:10A37000704703468288521A828000680844186039
:10A380007047FFF772BE4FF0FF324FF0FF330430DB
:10A39000FDF778BCFDF7E8BC90F86C00C0F3411005
:10A3A0007047F8B504461E460D461746FFF7EBFF0B
:10A3B00094F86C309B0715D425B1012D10D06FF0A7
:10A3C000150508E0216F0029F9D000259DF8183007
:10A3D0000F714E718B71201DFFF7DCFF2846F8BD11
:10A3E000616FF0E76FF07705F5E738B504460D4685
:10A3F000FFF7C9FF94F86C30201D65F3041384F84F
:10A400006C30BDE83840FFF7C5BF90F86C00C0F372
:10A41000800070470246034652F8640F90420BD109
:10A4200000207047027A8A42FBD09A6E8242F7D0AF
:10A4300000680028F6D170470028F3D1704738B57E
:10A4400004460D46FFF79FFF94F86C30DB0718D4E5
:10A450002B690BB9EB68BBB1636E1BB904F16403E4
:10A46000C4E919332B6893B9A26E04F16401C5E9FC
:10A4700000121560A5661D46201DFFF78BFF2846BC
:10A4800038BD4FF0FF35F7E76FF01505F4E76FF0D3
:10A490007705F1E710B50446034654F84C0FA04287
:10A4A0000DD100200DE0447D8C4204D1032909D157
:10A4B000047A944205D01C6D8442F2D000680028D2
:10A4C000F1D110BD0F29F5E72DE9F04105460C4605
:10A4D000061D4FF0FF324FF0FF333046FDF7D2FB41
:10A4E0002F6F002F6DD095F86C30DB0769D4EB6CC3
:10A4F0001BB905F14C03C5E913332368002B63D165
:10A50000637D0F2B09D1237A012B0CD02B6D05F124
:10A510004C02C4E900231C602C65637D032B0FD023
:10A520004FF0000806E02846E168FFF788FF804604
:10A530000028EBD03046FDF717FC4046BDE8F0811F
:10A54000EA6C05F14C0090421ED1002329E091F8FD
:10A5500015C0BCF1030F10D0013323724B68C4E95E
:10A5600000131C604C60637A022B24D0032B25D08F
:10A57000012BD5D1237ABB73D2E791F808C00CF137
:10A58000FF3C6345E8D11268002ADED0517D2B6D77
:10A5900003290DD19A42137A02D011680029D6D12D
:10A5A000013323722B6DC4E900031C602C65DAE7CC
:10A5B0009342E8D1C9E7237AFB73B1E7237A3B746E
:10A5C000AEE74FF0FF38B5E76FF07708B2E7034624
:10A5D000006800B1187A70478388C2888168D21AEF
:10A5E00003685B1AD01A70470346C08808B1187810
:10A5F000C009704770B50C461546F9F719FC40B113
:10A60000406883681B6823B12A462146BDE8704034
:10A61000184770BDF8B504460D46174686680369AD
:10A62000A033D3E8AF3F9B070ED5B36A7BB1F36B82
:10A6300098472946B36A3A4620469847336C054600
:10A64000204698472846F8BD4FF0FF35FAE76FF0EF
:10A650008505F7E770B504460D4686680369A033A3
:10A66000D3E8AF3F9B070BD5F36B98472946736A36
:10A6700020469847336C054620469847284670BDCB
:10A680004FF0FF35FAE710B5044619B9002084F8F9
:10A69000300010BDF8F726FA0028F7D0F9E74FF0A0
:10A6A000FF324FF0FF330430FDF7ECBAFDF75CBB2F
:10A6B00021B101290DD000231B68FFDE5430006852
:10A6C00048B143685B79934205D000680028F8D10F
:10A6D00070475C30F3E7704710B590F830300446AF
:10A6E000022B09D1FFF758FE94F838200146204686
:10A6F000BDE81040FFF7DCBF002010BD08B5FFF734
:10A70000D7FF003818BF012008BD4FF0FF324FF0CF
:10A71000FF330430FDF7B6BA08B583681B6B0BB185
:10A7200098470346002023B153F8042B0AB112784E
:10A7300002B908BD1044F6E710B51C46FFF7B8FF94
:10A7400048B10122C06802FA04F320B10269134241
:10A7500001D10068F9E710BD10B50C46FFF7BCFF4A
:10A7600048B10123C06803FA04F120B1036919421A
:10A7700001D10068F9E710BDD1F81A0083681B69A0
:10A7800003B118476FF08500704738B50C46FFF7E6
:10A79000A3FF80B1C06870B14368DA681AB10023C2
:10A7A0001179994201DC0068F5E71568ED5CA54276
:10A7B00001D00133F5E738BDF8B50646CC680CB9D1
:10A7C000204622E0012504F10C07E268AAB165F0F9
:10A7D0007F03D9B203F07F031033DA40D2070ED4DF
:10A7E000E368EB40DB0705D53A46B069E9B200F013
:10A7F0009BF850B90135102DE7D12468DFE73A46C0
:10A80000B06900F091F80028EAD0F8BD2DE9F347CF
:10A81000002405460E46A146576897F805803B7907
:10A82000A34203DC002002B0BDE8F0875FFA84FA9F
:10A830003146534642462846FFF77EFF014650B157
:10A84000534601222846CDF80090F9F7C9FB0028AD
:10A85000E9D10134E3E76FF03C00E4E72DE9F74389
:10A8600080460D461746FFF777FF064628B96FF07A
:10A870000104204603B0BDE8F0830F2DF7D808EBA4
:10A880000509014699F83A402B46002240460097B8
:10A89000F9F7A6FB0028EAD100942B4602223146A4
:10A8A0004046F9F79DFB04460028E2D12B460122E1
:10A8B000314640460097F9F793FB04460028D8D16B
:10A8C000706883685B6813B13A462946984789F8EF
:10A8D0003A70CEE7012311F0800F18BF21F08001FC
:10A8E000026818BF10318B4022EA030303607047EF
:10A8F00037B58B790C46009315468B88CA788978D2
:10A9000000F07CFC70B994F90230A178002B4FF074
:10A910000103B8BF21F080012A68B8BF10318B4015
:10A9200013432B6003B030BDF8B506460D461746FD
:10A9300000F08DFC044658B929463846FFF7CAFF97
:10A940002946304600F056FD044608B901F0B8FD2E
:10A950002046F8BD0A468069802100F07BBD70B5B5
:10A9600091F918300546002B0C46466807DBC4F801
:10A970001A502146B069BDE8704000F0DEBC304698
:10A98000FFF743FD0028F2D04FF0FF3070BD806923
:10A9900000F085BD0B0648BF21F08001406B48BF29
:10A9A0001031C84000F001007047F8B505460E466A
:10A9B000071D4FF0FF324FF0FF333846FDF762F9C5
:10A9C000EC692CB9EE613846FDF7CEF92046F8BDAA
:10A9D0006FF07704F7E7C36982B08DF80010019239
:10A9E0002BB102AB13E9060002B0F9F733BC02B099
:10A9F0007047006903695B681B6A03B118477047B9
:10AA0000704703695B6858697047006903695A6851
:10AA10001033D3E8EFCF2CF0020CC3E8E1CF0029CC
:10AA2000F7D113680BB1002118477047704738B54C
:10AA300000690469436862681D6804F11003D3E883
:10AA4000EFCF4CF0020CC3E8E1CF0029F7D1012190
:10AA500084F83510136803B1984795F820302BB16E
:10AA600004F12400BDE83840FDF772BB38BD03692E
:10AA70001B691033D3E8EF1F21F00101C3E8E21F87
:10AA8000002AF7D170472DE9F84306690C46736830
:10AA9000097E1B68376993F8223005469942D0F841
:10AAA0000490D7F804800BD1D8F81C3043B11AB900
:10AAB0003046E268218A984707F12400FDF748FBF9
:10AAC0002B69227E5B681B681B7D9A4205D1D8F8F2
:10AAD000183043B130466169984721464846BDE881
:10AAE000F843FFF754BF07F11400FDF7BFF9F4E78F
:10AAF00083685B68184710B48468A468A44610BCD7
:10AB0000604730B40125416802690968137E4D61D0
:10AB100054685B0954B1107E023300F01F0052F8F4
:10AB2000231005FA00F0234630BC184730BC7047AC
:10AB300010B40269416802200968537E4861546874
:10AB40005B095CB1034452F823100123507E00F0EE
:10AB50001F0003FA00F0234610BC184710BC7047D2
:10AB600010B40269416804200968937E4861546802
:10AB70005B095CB1023352F823100123907E00F090
:10AB80001F0003FA00F0234610BC184710BC7047A2
:10AB900010B40269416808200968D37E486154688E
:10ABA0005B095CB1023352F823100123D07E00F020
:10ABB0001F0003FA00F0234610BC184710BC704772
:10ABC00010B40269416810200968137F4861546815
:10ABD0005B095CB1023352F823100123107F00F0AF
:10ABE0001F0003FA00F0234610BC184710BC704742
:10ABF00010B40269416820200968537F4861546895
:10AC00005B095CB1023352F823100123507F00F03E
:10AC10001F0003FA00F0234610BC184710BC704711
:10AC200010B40269416840200968937F4861546804
:10AC30005B095CB1023352F823100123907F00F0CE
:10AC40001F0003FA00F0234610BC184710BC7047E1
:10AC500010B40269416880200968D37F4861546854
:10AC60005B095CB1023352F823100123D07F00F05E
:10AC70001F0003FA00F0234610BC184710BC7047B1
:10AC800010B4026941684FF48070096892F820306E
:10AC9000486154685B0964B1023352F82310012300
:10ACA00092F8200000F01F0003FA00F0234610BCC9
:10ACB000184710BC704710B4026941684FF4007027
:10ACC000096892F82130486154685B0964B1023325
:10ACD00052F82310012392F8210000F01F0003FA1C
:10ACE00000F0234610BC184710BC704710B402692E
:10ACF00041684FF48060096892F8223048615468D6
:10AD00005B0964B1023352F82310012392F8220048
:10AD100000F01F0003FA00F0234610BC184710BCD7
:10AD2000704710B4026941684FF40060096892F8F6
:10AD30002330486154685B0964B1023352F8231030
:10AD4000012392F8230000F01F0003FA00F02346CD
:10AD500010BC184710BC704710B4026941684FF42A
:10AD60008050096892F82430486154685B0964B1E6
:10AD7000023352F82310012392F8240000F01F0040
:10AD800003FA00F0234610BC184710BC704710B4FB
:10AD9000026941684FF40050096892F82530486113
:10ADA00054685B0964B1023352F82310012392F80E
:10ADB000250000F01F0003FA00F0234610BC1847DE
:10ADC00010BC704710B4026941684FF480400968B4
:10ADD00092F82630486154685B0964B1023352F836
:10ADE0002310012392F8260000F01F0003FA00F060
:10ADF000234610BC184710BC704710B40269416864
:10AE00004FF40040096892F82730486154685B09A4
:10AE100064B1023352F82310012392F8270000F0A6
:10AE20001F0003FA00F0234610BC184710BC7047FF
:10AE3000002208B511460D20F7F74EF90D20F7F75F
:10AE400029F900220E201146F7F746F90E20F7F7F0
:10AE500021F900220F201146F7F73EF90F20F7F7EE
:10AE600019F9002210201146F7F736F91020F7F7EC
:10AE700011F9002211201146F7F72EF91120F7F7EA
:10AE800009F9002212201146F7F726F91220F7F7E8
:10AE900001F9002213201146F7F71EF91320F7F7E6
:10AEA000F9F8002214201146F7F716F91420F7F7E5
:10AEB000F1F8002215201146F7F70EF91520F7F7E3
:10AEC000E9F8002216201146F7F706F91620F7F7E1
:10AED000E1F8002217201146F7F7FEF81720F7F7E0
:10AEE000D9F8002218201146F7F7F6F81820F7F7DE
:10AEF000D1F8002219201146F7F7EEF81920F7F7DC
:10AF0000C9F800221A201146F7F7E6F81A20F7F7D9
:10AF1000C1F800221B201146F7F7DEF81B20F7F7D7
:10AF2000B9F800221C201146F7F7D6F8BDE8084012
:10AF30001C20F7F7AFB838B50446807AF7F74AFC1B
:10AF40006169054649B1637ADB0704D4C3692046C9
:10AF50001B689B6898470023636121462846BDE82B
:10AF6000384001F0E9B930B509060546847C14D4AF
:10AF700014F0400016D0298AC3F30A00C1F30A0175
:10AF8000884222D802F00300022809D003280AD000
:10AF9000012811D004F0010004E014F02000E9E7DA
:10AFA000C4F3800030BD14F00200FBD013F4C05F86
:10AFB00009D0C4F30010F5E714F0080205D013F42B
:10AFC000C05FEFD0F5E70120ECE70020EAE7A03012
:10AFD000D0E8AF0F00F001007047A030D0E8AF0F0D
:10AFE000C0F34000704701F00F030269090648BF33
:10AFF000103352F823007047007DC0F300107047F3
:10B00000037D61F304130375704708B502691046A8
:10B01000FFF7DDFF60B9087E00F00F03000648BFB0
:10B02000103342F82310084601F073F9002008BDE0
:10B030006FF00C00FBE700220023FCF7E5BE01F0F7
:10B0400085B901F06EB9407EC0F3C0007047437E01
:10B0500023F00803437670471FB504698DF8041088
:10B06000CDE90220D4F8983001A9984704B010BD6A
:10B070001FB50346046906208DF804002046CDE97B
:10B080000213FFF7A4FF40B1C1F81E201846D4F800
:10B09000982001A9904704B010BD4FF0FF30FAE7A7
:10B0A00038B505460C462046FFF7C5FF014600B9F6
:10B0B00038BD6FF070022846FFF7DAFFF3E72DE99D
:10B0C000F843066907460D46D6F80090D6F840804A
:10B0D0004FF0FF324FF0FF3306F18400FCF7D2FD52
:10B0E0004046FFF7A8FF014618BB4846FFF7A3FFFD
:10B0F000044620BB99F8143023F0100389F814306B
:10B1000098F8143023F0100388F8143024BB01227F
:10B1100086F8B020EDB12B68C6F8A8306B6886F8C9
:10B12000B120C6F8AC3038698430BDE8F843FCF78C
:10B130001BBE6FF067023846FFF79AFFD0E7637EC9
:10B14000DB07D7D46FF0670221463846FFF790FF40
:10B15000CBE786F8B150E6E72DB10822294604F185
:10B160000C00FFF7E4F8002221463846FFF780FF85
:10B17000D9E72DE9F8430546884614461F46D0F81E
:10B180000890FFF730FF0646002834D02846D9F84B
:10B190003C3098474146224630463B88FFF7E3FE65
:10B1A000804688B183B92B6904F0030493F880309A
:10B1B000DB0753BF40224FF480624FF40071114609
:10B1C000022C0DD0032C11D02846D9F840309847D6
:10B1D000B8F1000F14BF00206FF08500BDE8F883C0
:10B1E000338A8B4228BF0B463B80EDE7338A93427C
:10B1F00028BF1346F8E76FF01200EFE72DE9F3419F
:10B200001F464B0604460D461646D0F808801BD054
:10B21000D8F83C3098472069FFF7DFFE88B19DF8E9
:10B2200020302946009332463B462046F9F7D6FCAB
:10B2300005462046D8F840309847284602B0BDE879
:10B24000F0814FF0FF35F4E76FF01505F5E770B5C5
:10B250004B0604460D46866812D0F36B984720696A
:10B26000FFF7B5FE48B129462046F9F7FBFC054635
:10B270002046336C9847284670BD4FF0FF35F7E7FE
:10B280006FF01505F7E770B5054686680C46F36B59
:10B2900098472869FFF7A1FEB0B121462846FFF77D
:10B2A000A2FE014698B1037DDB0710D5437E03F073
:10B2B0000303012B0ED02846F3689847044628461E
:10B2C000336C9847204670BD4FF0FF34F7E76FF0BE
:10B2D0001204F4E76FF08504F1E7F8B506468768D5
:10B2E0000C46FB6B98473069FFF777FEE0B12146CB
:10B2F0003046FFF778FE0546C8B1037DDB0716D55B
:10B30000437E03F00303012B14D001463B69304612
:10B310009847044618B92B7D60F341032B753046DE
:10B320003B6C98472046F8BD4FF0FF34F7E76FF0CD
:10B330001204F4E76FF08504F1E72DE9F0410546CA
:10B3400086680769F36B0C4698472869FFF745FE46
:10B3500098B394F8188028464146FFF744FE01460A
:10B3600070B3037DDA072BD518F07F0F20D197F843
:10B37000B030EBB1637EDB0717D597F8B13033B14E
:10B38000082207F1A80104F10C00FEF7D0FF00220B
:10B3900087F8B02021462846FFF76AFE0446284673
:10B3A000336C98472046BDE8F0816FF06702F1E703
:10B3B0002246284673689847F0E74FF0FF34EEE7DF
:10B3C0006FF01204EBE770B505460C468668F36B28
:10B3D000984721462846FFF706FE48B100F0B6FF21
:10B3E000B0FA80F464092846336C9847204670BD53
:10B3F0000124F8E770B5054686680C46F36B98475C
:10B400002869FFF7E4FD80B121462846FFF7EBFDF0
:10B41000014668B104681CB12846B36898470446E1
:10B420002846336C9847204670BD4FF0FF34F7E74D
:10B430006FF01204F4E708B5036900211B685A8B0A
:10B44000F9F73AFC28B1437E23F0070343F00103E8
:10B45000437608BD08B539B90369013A1B685B8BAF
:10B460001A44B2FBF3F25A43F9F726FC28B1437EA3
:10B4700023F0070343F00203437608BD08B561B922
:10B4800003691B685A8BF9F717FC28B1437E23F038
:10B49000070343F00403437608BD0022F3E770B5C9
:10B4A0000D4604468668F36B98472846F7F73AFA44
:10B4B0002046336C9847002070BD70B505468668FD
:10B4C000F36B98472869FFF788FD044620B133687D
:10B4D0003BB12846984704462846336C9847204697
:10B4E00070BD0124F8E7F8B5044687680669FB6B70
:10B4F00098472069FFF76BFDB8B12069FFF76DFD34
:10B50000B0B92046FB6A9847054648B906F1A00342
:10B51000D3E8EF1F41F00201C3E8E21F002AF7D190
:10B5200020463B6C98472846F8BD4FF0FF35F7E7BB
:10B530006FF07705F4E7F8B5044687680669FB6B9A
:10B5400098472069FFF749FD90B13B6B204698472B
:10B55000054606F1A003D3E8EF1F21F00201C3E87E
:10B56000E21F002AF7D120463B6C98472846F8BDD9
:10B570006FF07705F7E72DE9F041054614460F46D1
:10B58000D0F80880066911B30AB3D8F83C30984760
:10B590002869FFF71CFDB8B9C6E926742846D8F813
:10B5A00034309847044640B9A036D6E8EF3F43F020
:10B5B0000103C6E8E23F002AF7D12846D8F8403018
:10B5C00098472046BDE8F0816FF07704F5E76FF00B
:10B5D0001504F6E7F8B5044687680669FB6B9847DB
:10B5E0002069FFF7FAFCB0B92069FFF7F0FCA8B1B9
:10B5F000BB6B20469847054606F1A003D3E8EF1F32
:10B6000021F00101C3E8E21F002AF7D120463B6C7C
:10B6100098472846F8BD6FF00F05F7E76FF07705FC
:10B62000F4E710B50C7E436824F080021B682CB947
:10B6300093F8080140F0100083F808015201134408
:10B6400091F9181093F808210029B5BF42F00202C1
:10B6500042F0010283F8082183F80821B5BF93F86E
:10B66000002193F8002102F08F0202F0F80283F823
:10B670000021002010BD10B50C7E436824F080022C
:10B680001B685201134493F8052114F0800F14BF76
:10B6900042F0200242F0100283F805210B7E0020C8
:10B6A0005B061EBF0B7D43F002030B7510BD4368A4
:10B6B0001B6809B141F0800100209972704743680E
:10B6C00000201A6813899BB243F00203138170476C
:10B6D000012070470020704740F2FF33984207D0A6
:10B6E00018B1B0FA80F0C0F120000438C0B2704741
:10B6F00007207047F8B54D7E0F7E05F003056E1EDE
:10B700004368022E88BF01251A6827F0800498BF7D
:10B710000135EFB95E6803694020D3F8A430B771F2
:10B72000A4333360737903F03F037371F37923F02B
:10B730000F03F371FFF7D0FFF37960F3061367F39C
:10B74000C713F37192F8093143F0100382F80931FD
:10B7500091F91830002B4FEA4413134493F8002159
:10B7600011DA42EA051283F8002193F8042142F02D
:10B77000800283F8042193F8092142F0020283F841
:10B7800009210020F8BD2A4383F8002193F8052100
:10B7900042F0400283F8052193F8092142F00102AA
:10B7A000EDE738B543680A7E0C461B6822F080023C
:10B7B000EFF31185202181F31288BFF36F8F94F985
:10B7C0001810520100291344B5BF93F8042193F8CF
:10B7D000052142F0800242F04002B4BF83F8042108
:10B7E00083F805212146FFF75BFC00212046FFF787
:10B7F00007FC85F31188BFF36F8F002038BD08B5B3
:10B800009620F6F755FC9720F6F752FC9820F6F7AD
:10B810004FFCBDE808409920F6F74ABC002208B565
:10B8200011469620F6F758FC9620F6F733FC0022D6
:10B8300097201146F6F750FC9720F6F72BFC0022D4
:10B8400098201146F6F748FC9820F6F723FC0022D2
:10B8500099201146F6F740FCBDE808409920F6F71C
:10B8600019BC13460A460121FEF708BC0346002214
:10B87000D3E8EF0FC3E8E12F0029F9D17047F8B5FD
:10B88000046905464668D4F8A47004F1840000F009
:10B89000B8FC07F1900001F054F807F19C00FFF7A5
:10B8A000E5FF07F1A000FFF7E1FF94F8803028469C
:10B8B00023F0720343F0620384F88030B2680023FF
:10B8C0003169F9F723FA044650B9D6E902218023F9
:10B8D0002846F9F71BFA044610B92846F36B984737
:10B8E0002046F8BD01F032B801234A0901F01F01DA
:10B8F0008B4000EB8200D0E8EF2F1A43C0E8E12F25
:10B900000029F8D1704738B50C46097E31F0800225
:10B910003AD0436852011B6811F0800F134493F82A
:10B920000421006914BF42F0200242F01002D0F856
:10B93000A45015BF83F8042183F8042193F804214F
:10B9400093F8042114BF42F0020242F001022046A3
:10B9500083F80421FFF750FB90B92046FFF76FFBF7
:10B9600070B1237E05F19C0003F07F011B0648BFE8
:10B970001031FFF7B9FF022105F19000FFF7B2FF88
:10B98000237D23F002032375002038BD08B500692C
:10B990008430FCF7E9F9BDE80840FCF7F7BF10B5C3
:10B9A0000446FCF7DFFF206984304FF0FF32BDE82A
:10B9B00010404FF0FF33FCF765B938B50C4603690A
:10B9C00011462046D3F8A450FFF73BFB237D9A078E
:10B9D0000ED4237E05F19C0003F07F011B0648BFB7
:10B9E0001031FFF781FF022105F19000FFF77AFF88
:10B9F000002038BD38B5054608460C46FFF71FFB4A
:10BA0000014620B1237E1BB9437EDA0702D538BD3B
:10BA10001B060FD422466868F9F798FA78B12046D9
:10BA2000FFF709FB6FF06E0201462846BDE838407B
:10BA3000FFF71EBB22466868F9F7E8F9EEE72046F3
:10BA4000BDE838400121FFF7DBBA10B5807A0C461B
:10BA5000F6F7C0FEC3692146BDE81040586800F003
:10BA600033BBF7B50D46807A17461E46F6F7B2FE91
:10BA70002C68C369033424F00302586804212A6047
:10BA8000CDE90076FBF7E4FF00B9286003B0F0BD14
:10BA90000023F5F7D5BC2DE9F04145680846D5E906
:10BAA00000680C46AF68F9F7A9FD002878D1A30E0D
:10BAB000092B75D8DFE803F0080F1A2C054C535FEB
:10BAC000056A0220BDE8F08173699C076CD5306976
:10BAD00000F001001AE0F36A980765D5B36F002BF8
:10BAE00060D13069C00900F00200EBE7E4B206F172
:10BAF000400353F82430012013F0020FE2D03369E1
:10BB00001834A04098430CBF012000204000D9E722
:10BB10000620E4B2B4FBF0F3316903F11805E94003
:10BB2000C907DAB240D500FB1344E4B2032C4FEA54
:10BB3000820294BF06F14C0306F15003134404F053
:10BB40000304E4001A6807340123A340134219E0F8
:10BB5000D8F81C309A0727D5D8F80C00B8E7E4B21B
:10BB600004F1080357F82330DB051DD5786802344B
:10BB7000E040C043ACE7C4F30524203457F8243038
:10BB800013F0400F14BF022001209BE7C4F30552BD
:10BB9000EB680E3203EB82035A68C4F38534D3E7B3
:10BBA00003208FE700208DE701208BE72DE9F34785
:10BBB0004FF000090C4601EB0121456841F03F615F
:10BBC00041F47C21804617462E68D0F810A0CDF8AD
:10BBD0000490FFF760FF022803D0C7F80090002010
:10BBE0001CE006F1400353F82430C3F30223012B79
:10BBF00017D0022B2CD0BBB9AA68631C04F1210119
:10BC000052F8211003EB43035A00404601AB02F007
:10BC1000FE0201F00F01F9F7B3FD28B102B0BDE853
:10BC2000F087DAF80030019306F1480353F8243026
:10BC3000443613F03F031EBF019AB2FBF3F20192A8
:10BC400056F82420019BC2F3090253433B60C6E728
:10BC5000404601A9F9F73AFEDFE7F0B406240A46A8
:10BC600091FBF4F104FB11244368664206F00306DD
:10BC70001F6804F0030358BF7342032C4FF0010404
:10BC8000D4BF4C3750378E003E44DB003768073353
:10BC900004FA03F305693B4333602B8F063294406B
:10BCA0001C43EB6A2C87CB40DA0706D42B6BCB40C6
:10BCB000DB0702D5F0BCFAF751B90020F0BC7047A1
:10BCC00010B54468C1F30520A1689B0101EB800118
:10BCD000D1F8800003F0400302F00F0220F04F0083
:10BCE00013430343C1F8803010BD10B543680120F1
:10BCF000C1F38534DB68C1F3055189000B44012A87
:10BD0000DA6B00FA04F00CBF02438243DA6310BD21
:10BD1000436800205B681B6A0B60704743685B6880
:10BD2000186942400A4042401A6100207047436847
:10BD300000205B6899617047436800205B68596127
:10BD40007047436800205B68D961704730B503696C
:10BD5000D86800B30024884219D108688CB91C69DE
:10BD6000D860A14200D11861002008602AB1DA68C9
:10BD70000A601A69D96002B9196100200FE02846EB
:10BD8000E9E720601869814208BF1C61ECE705689B
:10BD90000446002DF3D1002AE9D16FF0150030BD23
:10BDA000002070474368187AF8F7DEBD70B50B467F
:10BDB000C968054611B15E680C6801B970BD8A6832
:10BDC0002A4002D030464B6898471CB12368214670
:10BDD0001C46F2E72346FAE710B543685C6863182F
:10BDE00093F8400000F0FE0083F8400012F4403069
:10BDF00010D193F8402002F0FB0283F8402093F822
:10BE0000402002F0FD0283F8402001238B40636054
:10BE1000002010BD12F0020F49D1B0F5403F10D103
:10BE200093F8400040F0020083F8400001238B406B
:10BE30005103A36001D56361EAE7120348BFA36120
:10BE4000E6E7D00318D593F8400012F0300F40F029
:10BE5000020083F840004FF0010000FA01F1616038
:10BE6000D6D093F8400040F0040083F84000D30699
:10BE70004CBFA1616161CBE7900318D5012012F09E
:10BE8000300F00FA01F10FD1500309D56161002094
:10BE900093F8402002F0FD0283F84020A160B8E74B
:10BEA0001203F4D5A161F2E76FF08500F0E76FF0BF
:10BEB0008500AEE737B50C460569836801A95B6864
:10BEC000984748B92B6801985840012303FA04F1B8
:10BED0000840003818BF012003B030BD0A2251F8D5
:10BEE000043C01F114005B681B68A3FB0223FCF710
:10BEF000D3B930B5036813600579046804EBC50451
:10BF0000A34202D36FF0010030BD5C7908338C424C
:10BF1000F1D10020F8E743689B681A7E520743BFBF
:10BF20009B6A00200B706FF00F00704743689B689E
:10BF30001A7ED207FCD59962704702690020136807
:10BF40000B6053684B60704743689B68588B5A8BF3
:10BF5000C0F3800092075A8B48BF40F0040002F003
:10BF6000010240EA42005A8BD1065A8B48BF40F08A
:10BF7000080092065A8B48BF40F0100092B242F07F
:10BF800037025A8370470268012922F07062034623
:10BF9000026004D002290CD0026802607047026877
:10BFA00042F080720260426842F400525A60FBF72D
:10BFB00011B9026842F080720260426822F40052B5
:10BFC000F4E738B5044648B1FBF77CFB7823054617
:10BFD0005C43FBF777FB431BA342FAD338BD10B594
:10BFE000436904463BB90020E2684042537843F07D
:10BFF0000103537010BD98470028F4D00028B8BF43
:10C000004042FF28A8BFFF20E3681870ECE740B16A
:10C01000C368587810F001001EBF1878B0FA80F09D
:10C0200040097047EFF31183202383F31288BFF395
:10C030006F8FFEE72DE9F04F89B0DDE912680592B8
:10C0400043460546324606A80F4600F0C5FBDDE92B
:10C050000634CDE90234EFF311844FF0200989F35F
:10C060001288BFF36F8F05F10C0A05F1140B3946E6
:10C070002846059A149B984730B184F31188BFF382
:10C080006F8F09B0BDE8F08F56EA0806F5D0DDE9FC
:10C09000022306A800F0C5FBDDE9066852462146EA
:10C0A0005846CDE90068FCF75FFBEFF3118489F394
:10C0B0001288BFF36F8FDAE710B400F10C04C0E907
:10C0C000034410BCFDF70FBC38B50446EFF31185EF
:10C0D000202383F31288BFF36F8FF4F7DFFA04F1A4
:10C0E0000C0000F09FFA30B1294604F11400BDE8BD
:10C0F000384000F07DBA85F31188BFF36F8F38BDEB
:10C1000010B542696AB1836842EA0301890708D120
:10C110000169A2FB011424B95B182CBF0121002185
:10C1200002D36FF0150005E0C1609B1A02698A42D4
:10C1300001D8002010BDC26801311A604269C36095
:10C140009B1AF3E72DE9F04105460F46EFF31188FE
:10C15000202383F31288BFF36F8FC668FEB904688B
:10C16000A0421CD0DCB1D4E9003213605A60237CB9
:10C17000C4E9006623F002032374A66004F11800EA
:10C1800000F0EFFA2046C4F88060676100F0D2F951
:10C19000414605F10800BDE8F04100F029BA3E60D3
:10C1A000AB69EF60013BAB6188F31188BFF36F8F20
:10C1B000BDE8F081202408B5EFF3118384F31288E1
:10C1C000BFF36F8FFEF740F8F6E7D0E90032136057
:10C1D0005A600023027CC0E9003322F0020202749C
:10C1E0008360704713B501240094FBF781FC02B013
:10C1F00010BD90F90E308B4201D0FCF7E1BA00205F
:10C20000704703460020C3E90033C3E902007047CA
:10C21000D0E9003213605A600023027CC0E9003389
:10C2200022F002020274836070472DE9F8439046C1
:10C2300004460D469DF82020EFF31187202181F35D
:10C240001288BFF36F8F02B14568A66804F1080930
:10C25000B14516D0AEB100243046FFF7D9FF06F144
:10C26000180000F07EFA3046C6F88040C6F8148008
:10C2700000F060F94846394600F0BAF92046BDE8BA
:10C28000F883A3B10820FCF795FE002832D00122E4
:10C29000C0F804800260016801F003015DB9226802
:10C2A0000A430260626820606AB960600BE0404641
:10C2B000C8F80030EFE72A68032A10D801606168E7
:10C2C00039B9C4E90000002087F31188BFF36F8FEC
:10C2D000D5E70A6802F0030202430A60E5E722F0AC
:10C2E00003020A4302602A6802F0030240EA0203E2
:10C2F0002B60E8E76FF00B00E6E710B5044630B1BD
:10C300000268930703D0446809B100F029FB204676
:10C3100010BD0023C0E9003300F10803C0E9023377
:10C320007047012307B5009300230A461946FFF71B
:10C330007CFF03B05DF804FB002307B50A460093B9
:10C340001946FFF772FF03B05DF804FB0021006897
:10C35000FFF7D3BF3AB18A4205D3C0E90212C0E960
:10C360000000002070476FF015007047012302683D
:10C370008B4022EA0303036022FA01F000F001007F
:10C38000704710B5032104460C30FFF7EFFF30B1C2
:10C3900004F1100000F0E5F9B0FA80F0400910BD9A
:10C3A00020B100229430114600F098B9704773B55F
:10C3B0000446EFF31185202383F31288BFF36F8FB8
:10C3C00000230193D0E90423B3F1004F08BF012AF1
:10C3D00005D085F31188BFF36F8F02B070BDA0F157
:10C3E000100603210438FFF7C1FF0028F1D0A3692C
:10C3F000304601A90193FBF759FEEAE738B5044638
:10C400000D461022002100F0BFFA656038BD13B55B
:10C4100001900846EFF31184202383F31288BFF3C1
:10C420006F8F01A9FBF742FE84F31188BFF36F8F72
:10C4300002B010BD10B5FFF7EAFF041E08DDEFF3F0
:10C440001180202383F31288BFF36F8FFCF724FA47
:10C45000204610BD38B530220D460021044600F0BC
:10C4600093FA4FF480736560E36038BDEFF30580A5
:10C47000003818BF012070476FF057007047002048
:10C48000704738B58589EFF31181202282F3128835
:10C49000BFF36F8F037C13F0080404D081F311887D
:10C4A000BFF36F8F38BD0122FCF764F8EB07F9D5B5
:10C4B00084F31188BFF36F8F0423184602DFF1E77E
:10C4C000FCF710B9D0E9003213605A600023C0E9CC
:10C4D0000033704708B5FFF7F5FF037C23F0020334
:10C4E00003740023836008BD38B504460D46FBF78E
:10C4F0008DFF237C43F002032374D5B1A5602B6824
:10C500009D4209D16B68C4E900531C606C6010E067
:10C510006A689A42F6D01B68002BF3D093F90E108C
:10C5200094F90E209142F3DD5A68C4E90032146098
:10C530005C6038BD10B5EFF31184202383F31288BB
:10C54000BFF36F8FFBF78CFF84F31188BFF36F8FFE
:10C5500010BDFBF785BFFBF759BF08B5EFF311819D
:10C56000202282F31288BFF36F8F83680BB1FFF72D
:10C57000B1FF81F31188BFF36F8F08BD08B5037C4D
:10C58000014613F0280F0CD183680BB1FFF7A2FF0F
:10C590000B7C084623F004030B74BDE80840FBF74E
:10C5A0005FBF08BD10B5EFF31184202383F3128819
:10C5B000BFF36F8F1838FFF7E1FF84F31188BFF3E3
:10C5C0006F8F10BD08B50346EFF31181202282F36F
:10C5D0001288BFF36F8F0068834207D008B1FFF75E
:10C5E00079FF81F31188BFF36F8F08BD0020F8E752
:10C5F0000846FBF775BF38B5054604680020AC4215
:10C6000000D138BD002CFCD02046FFF763FF04F1B9
:10C61000180000F0A6F82046FBF722FF2C68012046
:10C62000A542EDE710B5EFF31184202383F31288C0
:10C63000BFF36F8FFFF7DFFF84F31188BFF36F8FB6
:10C6400010BD38B505460C46FCF73AF9B4F1FF3F8A
:10C6500008BFB5F1FF3F0AD0C11709304FF00A02F9
:10C660004FF0000341F10001F3F7CAFC38BD4FF071
:10C67000FF30FBE72DE9F04706460F4691469A4604
:10C68000EFF31188202383F31288BFF36F8F0068C4
:10C69000864206D028B1736898420CBF0025056811
:10C6A00068B90024B9F1000F02D051462046C847AE
:10C6B00088F31188BFF36F8F2046BDE8F08751469D
:10C6C000B84704460028EDD135B17368AB4200D0BD
:10C6D0002C6828462546E3E72C46FAE738B5EFF301
:10C6E0001185202383F31288BFF36F8F0468A04263
:10C6F0001CD0ECB1C4F880106261D4E90032136040
:10C700005A600023227CC4E9003322F00202227422
:10C71000A36004F1180000F024F82046FFF719FF89
:10C72000012085F31188BFF36F8F38BD0020F8E733
:10C730002046F6E708B50246FCF7D0F970B1D0E91B
:10C7400004319B1A61EBE272B3F1004F72F1000108
:10C7500004DA002AACBF1846002008BD6FF0004084
:10C76000FBE7024638B5EFF31185202383F31288E7
:10C77000BFF36F8F0368D3B1FCF7B0F904461046DE
:10C78000FCF7BEF900224FF000438442C0E90423C5
:10C7900005D0002085F31188BFF36F8F38BDFCF7FB
:10C7A000A5F9FFF7C7FF0021FAF7F2FEF1E7D0E99C
:10C7B0000413B3F1004F08BF012904D100204FF04A
:10C7C0000041C2E904016FF01500E3E708B5FCF78A
:10C7D0009FFA08BDFCF79CBAB3F1FF3F08BFB2F166
:10C7E000FF3F70B506461D46144614D01A4316D0B6
:10C7F000002B08DBFCF78CFA041941EB0501C6E9B4
:10C800000041304670BD6FF001031C1B4FF0FF3339
:10C8100063EB0501F3E74FF0FF342146EFE7002417
:10C82000FBE7B3F1FF3F08BFB2F1FF3FF8B50746A2
:10C8300016461C4610D054EA020311D0FCF768FAE1
:10C84000B0420A46A14103460AD2F31A64EB02043D
:10C85000C7E900343846F8BD4FF0FF331C46F7E710
:10C860000023FBE70023C0E9081200F11802C0E929
:10C870000622C0E900330363436370472DE9F347A1
:10C880000446DDE90A9815460E4659B302F0010A3E
:10C89000FCF78CF80746EFF31181202383F312880D
:10C8A000BFF36F8FA80744BF0023A360A36803EA08
:10C8B0000600BAF1000F0CD086420CD16A0744BFC3
:10C8C0008343A36081F31188BFF36F8F02B0BDE88B
:10C8D000F0870028F2D159EA080305D181F31188C5
:10C8E000BFF36F8F0020F1E7C7E918652246CDE955
:10C8F000009804F10C00FBF737FF0028F2D1386EE6
:10C90000E4E710B50B680446D0E9180212F0010FF5
:10C9100003EA000301D0984211D183B12366520784
:10C9200048BF4A6804F1180044BF1A434A60FFF741
:10C9300018FF00232046C4F88030FFF71FFE0020B8
:10C9400010BD0023C0E90000836070470A46FCF771
:10C95000E5BA0A460021FCF7E1BA5200FFF78EBFA4
:10C9600020B1011F50F8040CFFF7AEBB70470A441A
:10C97000431E914200D1704710B511F8014B91420E
:10C9800003F8014FF9D110BD02440346934200D190
:10C99000704703F8011BF9E70246014410B58A42CB
:10C9A000134603D01C780132002CF8D1181A10BDA0
:10C9B000F0B5C3F13707044603F01F031046FFB27A
:10C9C000082BE6B232D0102B3DD06508A40845EA0A
:10C9D000C17544EA81748A082D1942EB5102290974
:10C9E00041EA02716D1842EB1212290A41EA026112
:10C9F0006D1842EB1222290C41EA02416D1842EBFC
:10CA00001242AD1842F10002EC0844EA4274D10827
:10CA100004EB8402A6EB4205EDB2092D0CD90134DA
:10CA2000A5F10A0541F10001EDB212E0E40806F0BB
:10CA3000070544EA4174C908303554EA010200F898
:10CA4000015BBDD1F0BD240906F00F0544EA017475
:10CA50000909092D84BFED19EDB2EDE7D1E90432E2
:0CCA600093421EBF5A1C0A6118707047F8
:08CA6C00EC35FF7F0100000022
:10CA740000000000F4CA000C2D7A000C0000000035
:10CA84006D7A000C000000000000000048CB000C90
:10CA9400000000002CCB000C0000000010CB000CA8
:10CAA4000000000064CB000C716D000C000000005D
:10CAB400F174000C00000000890F000C000000005D
:10CAC4007927000C00000000217F000C000000000A
:10CAD4000000000080CB000C000000009CCB000C88
:10CAE40000000000B8CB000C0536000C000000006C
:10CAF40080F1000C44D4000C1CD1000CAE020020C8
:10CB040030120020AD6A000C00000000E5E8000CC3
:10CB14007CD3000C00000000AA020020FC0E0020C0
:10CB24000548000C00000000CBF1000C5CD4000CA4
:10CB3400F8D0000CB00200206C120020A1BD000C43
:10CB440000000000D9F1000C68D4000CF8D0000CEF
:10CB5400B202002080120020A1BD000C00000000E1
:10CB6400C4F2000CB4D4000C38D1000CB60200207E
:10CB7400941200200973000C0000000042E7000C2E
:10CB840038D3000C68D3000CA8020020C40E002087
:10CB9400C142000C000000003FEB000CA4D3000CC9
:10CBA400F4D3000CAC020020880100207FB8000CF4
:10CBB400000000008AF2000C74D4000C0000000095
:10CBC400B4020020E1120020356F000C00000000C8
:10CBD400000000002DA2000C000000002DA2000C9B
:10CBE400000000002DA2000C000000002DA2000C8B
:10CBF400000000002DA2000C000000002DA2000C7B
:10CC0400000000002DA2000C000000002DA2000C6A
:10CC1400000000002DA2000C000000002DA2000C5A
:10CC2400000000002DA2000C000000002DA2000C4A
:10CC3400000000002DA2000C10CB000C03AB000C74
:10CC440010CB000C31AB000C10CB000C61AB000C12
:10CC540010CB000C91AB000C10CB000CC1AB000C42
:10CC640010CB000CF1AB000C10CB000C21AC000C71
:10CC740010CB000C51AC000C10CB000C81AC000CA0
:10CC840010CB000CB7AC000C10CB000CEDAC000CBE
:10CC940010CB000C23AD000C10CB000C59AD000CD4
:10CCA40010CB000C8FAD000C10CB000CC5AD000CEC
:10CCB40010CB000CFBAD000C000000002DA2000CFA
:10CCC400000000002DA2000C000000002DA2000CAA
:10CCD400000000002DA2000C000000002DA2000C9A
:10CCE400000000002DA2000C000000002DA2000C8A
:10CCF400000000002DA2000C000000002DA2000C7A
:10CD0400000000002DA2000C000000002DA2000C69
:10CD1400000000002DA2000C000000002DA2000C59
:10CD2400000000002DA2000C000000002DA2000C49
:10CD3400000000002DA2000C000000002DA2000C39
:10CD4400000000002DA2000C000000002DA2000C29
:10CD5400000000002DA2000C000000002DA2000C19
:10CD6400000000002DA2000C000000002DA2000C09
:10CD7400000000002DA2000C000000002DA2000CF9
:10CD8400000000002DA2000C000000002DA2000CE9
:10CD9400000000002DA2000C000000002DA2000CD9
:10CDA400000000002DA2000C000000002DA2000CC9
:10CDB400000000002DA2000C000000002DA2000CB9
:10CDC400000000002DA2000C000000002DA2000CA9
:10CDD400000000002DA2000C000000002DA2000C99
:10CDE400000000002DA2000C000000002DA2000C89
:10CDF400000000002DA2000C000000002DA2000C79
:10CE0400000000002DA2000C000000002DA2000C68
:10CE1400000000002DA2000C000000002DA2000C58
:10CE2400000000002DA2000C000000002DA2000C48
:10CE3400000000002DA2000C000000002DA2000C38
:10CE4400000000002DA2000C000000002DA2000C28
:10CE5400000000002DA2000C000000002DA2000C18
:10CE6400000000002DA2000C000000002DA2000C08
:10CE7400000000002DA2000C000000002DA2000CF8
:10CE8400000000002DA2000C000000002DA2000CE8
:10CE9400000000002DA2000C000000002DA2000CD8
:10CEA400000000002DA2000C000000002DA2000CC8
:10CEB400000000002DA2000C000000002DA2000CB8
:10CEC400000000002DA2000C000000002DA2000CA8
:10CED400000000002DA2000C000000002DA2000C98
:10CEE400000000002DA2000C000000002DA2000C88
:10CEF400000000002DA2000C000000002DA2000C78
:10CF0400000000002DA2000C000000002DA2000C67
:10CF1400000000002DA2000C000000002DA2000C57
:10CF2400000000002DA2000C000000002DA2000C47
:10CF3400000000002DA2000C000000002DA2000C37
:10CF4400000000002DA2000C000000002DA2000C27
:10CF5400000000002DA2000C000000002DA2000C17
:10CF6400000000002DA2000C000000002DA2000C07
:10CF7400000000002DA2000C000000002DA2000CF7
:10CF8400000000002DA2000C000000002DA2000CE7
:10CF9400000000002DA2000C000000002DA2000CD7
:10CFA400000000002DA2000C000000002DA2000CC7
:10CFB400000000002DA2000C000000002DA2000CB7
:10CFC400000000002DA2000C000000002DA2000CA7
:10CFD400000000002DA2000C000000002DA2000C97
:10CFE400000000002DA2000C000000002DA2000C87
:10CFF400000000002DA2000C000000002DA2000C77
:10D00400000000002DA2000C000000002DA2000C66
:10D01400000000002DA2000C000000002DA2000C56
:10D02400000000002DA2000C000000002DA2000C46
:10D03400000000002DA2000C000000002DA2000C36
:10D04400000000002DA2000C000000002DA2000C26
:10D05400000000002DA2000C000000002DA2000C16
:10D06400000000002DA2000C000000002DA2000C06
:10D07400000000002DA2000C000000002DA2000CF6
:10D084009CCB000C8951000C9CCB000C8951000CEA
:10D094009CCB000C8951000C9CCB000C8951000CDA
:10D0A400000000002DA2000C000000002DA2000CC6
:10D0B400000000002DA2000C000000002DA2000CB6
:10D0C800D8090020E8190020000400007146000C6F
:10D0D8000000000000000000000000000E0000003A
:10D0E80000000000A5E7000C0000000000000000A0
:10D0F800D9BD000C11BD000C1DBD000C2FBD000CCE
:10D1080039BD000C43BD000CC16D000C4DBD000CB9
:04D11800A5BD000CA5
:10D11C00FD5F000CF55D000C00000000B15C000C24
:0CD12C0097BA000C000000001559000C20
:10D1380017BF000C2DBF000C49BF000C0972000C72
:04D148003BBF000CDD
:10D14C0044D9000C030000008FF1000C0300000018
:10D15C0092F2000C03000000E7F1000C0300000049
:10D16C0056E7000C02000000F9F1000C0100000071
:10D17C00A5E7000C0300000003E9000C030000000D
:10D18C0068D9000C030000006CD9000C03000000EF
:10D19C006CDA000C0300000022D8000C0300000025
:10D1AC0056DF000C0300000007E7000C0300000032
:10D1BC00D8DF000C03000000B8F3000C03000000E3
:10D1CC0099D8000C0300000055D9000C0300000096
:10D1DC00D4F2000C03000000B6E9000C02000000C1
:10D1EC004CEB000C02000000D5E4000C0200000027
:10D1FC0036E2000C02000000A5E5000C0200000065
:10D20C001FE3000C02000000C1E0000C0200000053
:10D21C00B8E0000C0200000030E6000C0200000038
:10D22C004DE7000C02000000E1E5000C02000000DC
:10D23C00B1E3000C0200000038E6000C0200000014
:08D24C008DD6000C0300000068
:10D25400DCD2000CE80000205BDA000C01000000C6
:0CD26400000000002904000C0000000085
:10D2700085D6000C00000000100500200001000011
:10D28000819F000C1F9F000C0200000029A1000CD0
:10D29000000000000000000000000000000000008E
:10D2A0003BDA000C43DA000C000000000000000034
:10D2B000000000004BDA000C4FDA000C53DA000CCF
:10D2C00057DA000CCCD2000C700E00202D19000C87
:10D2D000880E0020DF12002001000000E9A1000CF0
:10D2E000DFA1000CADA1000CA1A1000C000000000A
:10D2F00095A1000C000000000000002000000000CC
:10D3000006000100020000000CD3000C0000000821
:10D31000C9DF000C06000000E0FF1F0C0000002029
:10D32000D1DF000C21000000E0FF07200528000CE1
:10D3300000000000BDA2000C6302002000010020DC
:10D3400000000000AC030020140100204001002078
:10D350002C0100202CD3000C64D3000C0000000032
:10D360000000000020320020000000007D45000C7D
:10D370001145000C000000000000000000A0014466
:10D38000F4CA000C1A7F132403C5FF1F31AE000C32
:10D390000100000038D4000C100300200000000041
:10D3A0000000000000A0024530110020080000002D
:10D3B000300F002030100020E4D3000CF4CA000C21
:10D3C0003E7F342437EEFF1F020000009FF4000C64
:10D3D0000C0000009071000A1DB8000CFFB7000C93
:10D3E000C14D000CECD3000C0100000026D5000C50
:10D3F00002000000D1B6000CBBB9000CA3B7000CB2
:10D4000077B6000C07B9000C00000000F5B6000C60
:10D4100023B6000CBFB6000CAFB6000C0000000035
:10D420001D54000CF14E000CD5B6000CA54E000C9E
:10D430009FB9000C8DB9000C63BA000C000000000D
:10D440004BBA000C00C0004400E00044000001445E
:10D45000002001440080004405000000FFFFFFFFA2
:10D460008011804423000000FFFFFFFF80108044F4
:10D47000210000001E000000020000008CD4000CFF
:10D48000500B0020BD6E000C0000000048CB000CCB
:10D490001A0011000B0000002CCB000C0200110040
:10D4A000020000000010804480108044001180447D
:10D4B0008011804400C201000300010000200045EB
:10D4C000000100000100000000000000F4CA000C90
:10D4D0002E7F302423DAFF1FDCD4000CE4D4000CB0
:10D4E000010000002ED5000C020000006EF3000CBD
:10D4F0007CF3000C90F3000C9FF3000CABF3000CDA
:10D5000074CA000C74CA000CB4CA000CBCCA000C6B
:10D51000F4CA000CF4CA000CBBF3000C00010000BC
:10D5200000000000090443720000337200009023E1
:10D530000000802300004661696C656420746F20E0
:10D54000696E697469616C697A65206C616E677572
:10D550006167652064657363726970746F722028F7
:10D56000256429004661696C656420746F20696ECA
:10D57000697469616C697A65206D616E7566616355
:10D5800074757265722064657363726970746F720A
:10D590002028256429004661696C656420746F2029
:10D5A000696E697469616C697A652070726F6475FF
:10D5B00063742064657363726970746F72202825C8
:10D5C0006429004661696C656420746F20696E6926
:10D5D0007469616C697A6520534E20646573637267
:10D5E0006970746F722028256429004661696C6532
:10D5F0006420746F206164642046756C6C2D5370D8
:10D6000065656420636F6E66696775726174696FC2
:10D610006E004661696C656420746F2061646420EB
:10D62000726567697374657220636C617373657387
:10D63000004661696C656420746F20726567697368
:10D64000746572206D6573736167652063616C6CCE
:10D650006261636B004661696C656420746F206968
:10D660006E697469616C697A652064657669636561
:10D6700020737570706F72740073616D706C655F8C
:10D6800075736264006466755F64667500757362C5
:10D69000645F73616D706C655F636F6E6669670070
:10D6A000556E7265636F676E697A656420696E7026
:10D6B000757420636F64652025752076616C7565CF
:10D6C000202564004661696C656420746F20707564
:10D6D00074206E657720696E707574206576656E4E
:10D6E0007400476574205265706F7274206E6F7499
:10D6F00020696D706C656D656E7465642C2054795D
:10D70000706520257520494420257500484944202E
:10D7100064657669636520257320696E7465726639
:10D72000616365206973202573004C45442064655E
:10D7300076696365202573206973206E6F7420728B
:10D7400065616479004661696C656420746F20636B
:10D750006F6E66696775726520746865204C454414
:10D760002070696E2C206572726F723A20256400F9
:10D7700048494420446576696365206973206E6F6B
:10D7800074207265616479004661696C6564207417
:10D790006F2072656769737465722048494420443C
:10D7A00065766963652C202564004661696C656453
:10D7B00020746F20696E697469616C697A6520559F
:10D7C000534220646576696365004661696C6564EF
:10D7D00020746F20656E61626C6520646576696394
:10D7E0006520737570706F727400555342204849FC
:10D7F0004420646576696365206973206E6F7420C8
:10D80000726561647900484944207375626D69747A
:10D81000207265706F7274206572726F722C202591
:10D8200064006D61696E006865617020636F72727B
:10D83000757074696F6E20286E6F7420696E207524
:10D8400073653F2920617420257000686561702030
:10D85000636F7272757074696F6E20286275666688
:10D860006572206F766572666C6F773F29206174F0
:10D87000202570006865617020636F727275707426
:10D88000696F6E2028646F75626C652066726565CD
:10D890003F29206174202570006F735F6865617097
:10D8A0000028756E7369676E65642920636861720C
:10D8B000202A207573656420666F722025257020EC
:10D8C000617267756D656E742E20497427732072BE
:10D8D00065636F6D6D656E64656420746F20636150
:10D8E000737420697420746F20766F6964202A2015
:10D8F00062656361757365206974206D6179206369
:10D9000061757365206D69736265686176696F72B0
:10D9100020696E206365727461696E20636F6E6644
:10D92000696775726174696F6E732E2053747269C2
:10D930006E673A2225732220617267756D656E7479
:10D940003A25640063627072696E74665F70616329
:10D950006B616765007379735F6765746F707400DE
:10D960006C6F6767696E67006C6F67006C6F675FED
:10D970006D676D74004D657373616765202822259E
:10D980007322292064726F70706564206265636120
:10D9900075736520697420657863656564732073A9
:10D9A000697A65206C696D69746174696F6E20288D
:10D9B000257529004D6573736167652064726F700A
:10D9C00070656420626563617573652069742065A4
:10D9D0007863656564732073697A65206C696D6925
:10D9E000746174696F6E2028257529000D0A001B6B
:10D9F0005B306D00257320005B2530386C755D2031
:10DA0000005B253032753A253032753A2530327553
:10DA10002E253033752C253033755D20003C257361
:10DA20003E200025732F0025733A200025303278E0
:10DA30002000202020007C002563001B5B313B334D
:10DA4000316D001B5B313B33336D006572720077C3
:10DA5000726E00696E6600646267006C6F675F6279
:10DA600061636B656E645F75617274006C6F675F94
:10DA7000756172740072302F61313A202030782540
:10DA8000303878202072312F61323A2020307825CA
:10DA9000303878202072322F61333A2020307825B8
:10DAA0003038780072332F61343A202030782530B6
:10DAB0003878207231322F69703A20203078253042
:10DAC0003878207231342F6C723A2020307825302B
:10DAD00038780020787073723A20203078253038FA
:10DAE00078004661756C74696E6720696E73747234
:10DAF000756374696F6E2061646472657373202846
:10DB00007231352F7063293A20307825303878000B
:10DB1000556E68616E646C6564204952516E3A209E
:10DB20002564002A2A2A2A2A20555341474520469F
:10DB300041554C54202A2A2A2A2A0020204469765A
:10DB40006973696F6E206279207A65726F00202098
:10DB5000556E616C69676E6564206D656D6F727975
:10DB600020616363657373002020537461636B20CD
:10DB70006F766572666C6F772028636F6E74657858
:10DB8000742061726561206E6F742076616C6964C7
:10DB9000290020204E6F20636F70726F636573736E
:10DBA0006F7220696E737472756374696F6E73003F
:10DBB0002020496C6C6567616C206C6F6164206F1C
:10DBC00066204558435F52455455524E20696E7445
:10DBD0006F205043002020496C6C6567616C207594
:10DBE0007365206F6620746865204550535200208D
:10DBF00020417474656D707420746F20657865635E
:10DC000075746520756E646566696E656420696EFD
:10DC1000737472756374696F6E002A2A2A2A2A2027
:10DC20004D5055204641554C54202A2A2A2A2A0074
:10DC30002020537461636B696E67206572726F7226
:10DC40002028636F6E746578742061726561206D41
:10DC500069676874206265206E6F742076616C69F4
:10DC60006429002020556E737461636B696E6720B0
:10DC70006572726F72002020446174612041636399
:10DC80006573732056696F6C6174696F6E00202034
:10DC90004D4D46415220416464726573733A2030A1
:10DCA000782578002020496E737472756374696FEB
:10DCB0006E204163636573732056696F6C6174698C
:10DCC0006F6E002020466C6F6174696E672D706FF7
:10DCD000696E74206C617A79207374617465207048
:10DCE0007265736572766174696F6E206572726FAA
:10DCF00072002A2A2A2A2A20425553204641554C8E
:10DD000054202A2A2A2A2A002020537461636B692E
:10DD10006E67206572726F720020205072656369B1
:10DD20007365206461746120627573206572726F1F
:10DD30007200202042464152204164647265737330
:10DD40003A2030782578002020496D70726563692B
:10DD50007365206461746120627573206572726FEF
:10DD600072002020496E737472756374696F6E203F
:10DD7000627573206572726F72002A2A2A2A2A201D
:10DD8000534543555245204641554C54202A2A2A92
:10DD90002A2A002020416464726573733A20307827
:10DDA0002578002020496E76616C696420656E7468
:10DDB000727920706F696E74002020496E76616CF4
:10DDC000696420696E746567726974792073696724
:10DDD0006E6174757265002020496E76616C6964AD
:10DDE00020657863657074696F6E207265747572F2
:10DDF0006E0020204174747269627574696F6E20C0
:10DE0000756E69742076696F6C6174696F6E00203D
:10DE100020496E76616C6964207472616E736974F6
:10DE2000696F6E0020204C617A792073746174658B
:10DE300020707265736572766174696F6E00202060
:10DE40004C617A79207374617465206572726F72A7
:10DE500000526573657276656420457863657074F9
:10DE6000696F6E20280053707572696F7573206931
:10DE70006E746572727570742028495251200020AA
:10DE8000205320696E737472756374696F6E2061BC
:10DE90006464726573733A202030782578002A2AEA
:10DEA0002A2A2A2048415244204641554C54202ACF
:10DEB0002A2A2A2A002020427573206661756C7414
:10DEC000206F6E20766563746F72207461626C657A
:10DED0002072656164002020446562756720657664
:10DEE000656E740020204661756C742065736361F3
:10DEF0006C6174696F6E20287365652062656C6F54
:10DF0000772900415243485F455843455054207794
:10DF100069746820726561736F6E2025780A002A23
:10DF20002A2A2A2A204465627567206D6F6E6974FB
:10DF30006F7220657863657074696F6E202A2A2A73
:10DF40002A2A002A2A2A2A2A202573202564292001
:10DF50002A2A2A2A2A006D7075004661696C656458
:10DF600020746F20616C6C6F63617465206E6577DF
:10DF7000204D505520726567696F6E2025750A0027
:10DF8000506172746974696F6E2025753A20636FF1
:10DF9000686572656E636520636865636B206661A2
:10DFA000696C65642E00496E76616C696420756EDB
:10DFB0006465726C79696E6720726567696F6E203F
:10DFC000696E64657820257500464C4153485F3082
:10DFD000005352414D5F30006E65745F6275665F3D
:10DFE00073696D706C650055534220646576696392
:10DFF0006520737570706F727420697320616C7224
:10E000006561647920696E697469616C697A6564B7
:10E01000005553422064657669636520636F6E74B2
:10E02000726F6C6C6572206973206E6F74207265FC
:10E030006164790055534220646576696365207395
:10E040007570706F7274206973206E6F7420696EC2
:10E05000697469616C697A6564005553422064652E
:10E060007669636520737570706F727420697320B0
:10E07000616C726561647920656E61626C656400D3
:10E080004661696C656420746F20656E61626C65C1
:10E0900020636F6E74726F6C6C6572004275666699
:10E0A000657220707265616C6C6F636174696F6E0C
:10E0B000206661696C656400757362645F6465768F
:10E0C00000757362645F64657363004661696C65C3
:10E0D0006420746F20656E71756575652053746179
:10E0E00074757320494E20627566666572004661DC
:10E0F000696C656420746F20656E71756575652047
:10E100005345545550206275666665720043616ED2
:10E11000206F6E6C792068616E646C6520636F6E31
:10E1200074726F6C207265717565737473004D61E4
:10E130006C666F726D6564207365747570207061B4
:10E14000636B657400556E657870656374656420F3
:10E15000627566666572206C696E6B656420746FAB
:10E16000207365747570004661696C656420746F16
:10E1700020736574206465766963652061646472E8
:10E180006573732030782578004661696C6564207A
:10E19000746F2073657420636F6E66696775726152
:10E1A00074696F6E2025752C20256400436F6E66A0
:10E1B000696775726174696F6E20646573637269F3
:10E1C00070746F72202575206E6F7420666F756E87
:10E1D00064004857494E464F206E6F7420696D7039
:10E1E0006C656D656E746564206F7220656E61622A
:10E1F0006C6564004661696C656420746F20656EAF
:10E20000717565756520537461747573204F55542D
:10E2100020627566666572004661696C656420748B
:10E220006F20656E61626C6520544553545F4D4F9D
:10E23000444520257500757362645F636839004644
:10E2400061696C656420746F20676574206366671C
:10E250005F6E642C206465737069746520636F6EF3
:10E260006669677572656420737461746500556EC4
:10E270007265636F76657261626C65206572726F3C
:10E28000722025642C206570203078253032782C5F
:10E2900020627566202570004661696C6564207493
:10E2A0006F207365742064656661756C74206164A9
:10E2B0006472657373206166746572206275732081
:10E2C0007265736574004661696C656420746F20C3
:10E2D0007365742064656661756C74207374617411
:10E2E000652061667465722062757320726573655E
:10E2F0007400554443206572726F72206576656EB6
:10E3000074004661696C656420746F20696E69747D
:10E31000206465766963652064726976657200754C
:10E320007362645F636F726500456E64706F696EDF
:10E330006720307825303278206E6F7420617373D7
:10E3400069676E6564004661696C656420746F205E
:10E3500061737369676E20656E64706F696E742097
:10E36000616464726573736573004661696C6564AA
:10E3700020746F20696E697469616C697A652063C5
:10E380006C61737320696E7374616E6365004661BE
:10E39000696C656420746F20696E6974204653202F
:10E3A000636F6E66696775726174696F6E2025753B
:10E3B00000757362645F696E6974004661696C65BB
:10E3C0006420746F20726573657420636F6E666974
:10E3D0006775726174696F6E004665617475726508
:10E3E000206E6F7420737570706F72746564206234
:10E3F0007920636F6E74726F6C6C65720055534256
:10E400002064657669636520737570706F7274201F
:10E41000697320696E697469616C697A6564005317
:10E420007461636B2077617320636F6D70696C65D5
:10E430006420776974686F757420486967682D5324
:10E440007065656420737570706F72740046532038
:10E45000636F6E66696720616C7265616479206FB5
:10E460006E204853206C69737400556E737570701C
:10E470006F7274656420636F6E666967757261742C
:10E48000696F6E20737065656400436F6E666967BF
:10E4900075726174696F6E2025752072652D696EC5
:10E4A000736572746564004661696C656420746F9D
:10E4B0002061646420636F6E666967757261746958
:10E4C0006F6E20737472696E67206465736372691E
:10E4D00070746F7200757362645F63666700555392
:10E4E000422064657669636520636C6173732025DF
:10E4F00073206E6F7420666F756E64004E6F2063BC
:10E500006F6E66696775726174696F6E207365748A
:10E510002028416464726573732073746174652983
:10E5200000436C61737320696E7374616E63652060
:10E53000616C726561647920726567697374657274
:10E54000656400436C6173732072656769737465F9
:10E5500072656420746F206F7468657220636F6EDB
:10E560007465787420617420646966666572656E8E
:10E5700074207370656564004661696C656420741D
:10E580006F20726567697374657220257320746FDC
:10E5900020465320636F6E66696775726174696F98
:10E5A0006E20257500757362645F636C6173730020
:10E5B0004661696C656420746F2068616E646C6587
:10E5C000206F702025642C20657020307825303233
:10E5D000782C20626D203078253038782C20256406
:10E5E00000757362645F696661636500646576697E
:10E5F00063652069732073757370656E646564006C
:10E600005365742068616C7420307825303278202E
:10E610006661696C656400436C6561722068616C59
:10E620007420307825303278206661696C6564002A
:10E63000757362645F657000757362645F6D7367A4
:10E64000004849442064657669636520646F65739A
:10E65000206E6F74207365656D20746F2062652075
:10E6600072656769737465726564004661696C659B
:10E670006420746F2061646420696E7465726661E1
:10E68000636520737472696E672064657363726971
:10E6900070746F72006765745F7265706F7274205A
:10E6A00063616C6C6261636B206973206D69737365
:10E6B000696E67007365745F7265706F7274206352
:10E6C000616C6C6261636B206973206D697373693F
:10E6D0006E67007365745F70726F746F636F6C2028
:10E6E00063616C6C6261636B206973206D69737325
:10E6F000696E67004661696C656420746F20616CA7
:10E700006C6F63617465206E65745F627566004648
:10E7100061696C656420746F20616C6C6F636174F7
:10E720006520627566666572004661696C65642085
:10E73000746F20656E7175657565206275666665B6
:10E74000720048494430006869645F300075736244
:10E75000645F686964006869645F617069006B5F29
:10E760006D7367715F676574206572726F723A20AE
:10E770002564004576656E742064726F7070656400
:10E780002C2071756575652066756C6C2C206E6F1C
:10E790007420626C6F636B696E6720696E20737999
:10E7A0007377712E00696E70757400556E73757095
:10E7B000706F7274656420706F7274206964207069
:10E7C000726F76696465640054696D656F75742055
:10E7D00077616974696E6720666F72204549435F8F
:10E7E00053594E4342555359206269747320746FD4
:10E7F00020636C65617200436C6F636B20636F6EA6
:10E8000074726F6C206F6E206661696C656420663F
:10E810006F72206D636C6B20256400436C6F636BBB
:10E8200020636F6E74726F6C206F6E206661696C0E
:10E83000656420666F722067636C6B202564004EF0
:10E840006F20454943206C696E65206173736F6367
:10E850006961746564207769746820706F727420D0
:10E8600025642070696E20256400496E76616C69AC
:10E870006420706F727420696420706173736564C2
:10E88000006E6F206173736F6369617465642065E6
:10E890006963206C696E6520666F756E640045491A
:10E8A00043204C696E6520256420616C726561644B
:10E8B00079206F776E656420627920706F727420A2
:10E8C00025642070696E2025642028726571756545
:10E8D0007374656420706F72742025642070696E93
:10E8E0002025642900696E746572727570742D63D9
:10E8F0006F6E74726F6C6C6572403434303161309D
:10E90000303000696E74635F6D6368705F65696362
:10E910005F67310073757370656E6400726573753F
:10E920006D650053707572696F757320257320656E
:10E9300076656E74006570203078253032782061FD
:10E940006C726561647920656E61626C6564004516
:10E950006E64706F696E742030782530327820765E
:10E96000616C69646174696F6E206661696C65646D
:10E970000065702030782530327820616C726561D6
:10E9800064792064697361626C6564004661696CD6
:10E99000656420746F20616C6C6F63617465206EB8
:10E9A00065745F62756620257A642C20657020305E
:10E9B000782530327800756463004661696C65645F
:10E9C00020746F20726567697374657220656E6468
:10E9D000706F696E74006570203078253032782051
:10E9E000627566666572206973207573656420625E
:10E9F000792074686520636F6E74726F6C6C6572D9
:10EA00000054696D656F75742077616974696E670C
:10EA100020666F722053575253542073796E6300EF
:10EA20004661696C656420746F2064697361626C0F
:10EA30006520636F6E74726F6C20656E64706F69B1
:10EA40006E74004E6F2062756666657220666F7226
:10EA50002065702030782530327800456E64706F04
:10EA6000696E7420307825303278206275737900B1
:10EA700057726F6E67206279746520636F756E746C
:10EA800020257520666F7220736574757020706123
:10EA9000636B6574004661696C656420746F206304
:10EAA0006F6E666967757265205553422047434C07
:10EAB0004B3A202564004661696C656420746F20C0
:10EAC000656E61626C65205553422047434C4B3A5A
:10EAD000202564004661696C656420746F20656E52
:10EAE00061626C6520555342204D434C4B3A2025C2
:10EAF00064004661696C656420746F206170706C9D
:10EB0000792064656661756C742070696E637472D7
:10EB10006C2073746174652028256429004661693E
:10EB20006C656420746F20656E61626C6520636F34
:10EB30006E74726F6C20656E64706F696E740075B0
:10EB40007362403435303261303030007564635F59
:10EB50006D6368705F67310025733A20434C4F4303
:10EB60004B5F434F4E54524F4C5F53554253595392
:10EB70005F414C4C206973206E6F74207375707008
:10EB80006F727465640025733A20496E76616C6912
:10EB9000642073756273797374656D207479706520
:10EBA0003D25640025733A20496E76616C696420C6
:10EBB000696E7374616E636520256420666F7220D0
:10EBC0007479706520256420286D6178202564297A
:10EBD0000025733A20526563757273697665206407
:10EBE0006570656E64656E637920646574656374D1
:10EBF00065640025733A20496E76616C6964205023
:10EC00004C4C20736F7572636520646570656E642B
:10EC1000656E63790025733A20496E76616C69648C
:10EC20002047434C4B50494E20736F7572636520EB
:10EC300049440025733A204E554C4C20636F6E6654
:10EC4000696775726174696F6E20706F696E746543
:10EC5000720025733A20496E76616C696420737581
:10EC60006273797374656D20747970653D256420D5
:10EC7000696E7374616E63653D25640025733A2087
:10EC800044464C4C34384D53594E432074696D659D
:10EC90006F7574206F6E2077726974696E67204F8C
:10ECA00053434354524C5F44464C4C4354524C42A1
:10ECB0000025733A2044464C4C34384D53594E434A
:10ECC0002074696D656F7574206F6E20777269743A
:10ECD000696E67204F53434354524C5F44464C4C3B
:10ECE0004D554C0025733A2044464C4C34384D5316
:10ECF000594E432074696D656F7574206F6E20776F
:10ED0000726974696E67204F53434354524C5F4499
:10ED1000464C4C4354524C410025733A2047434CD7
:10ED20004B5F53594E43425553592074696D656F7B
:10ED30007574206F6E2077726974696E672047431F
:10ED40004C4B5F47454E4354524C5B25645D002558
:10ED5000733A2074696D656F7574206F6E207772D9
:10ED60006974696E672047434C4B5F504348435476
:10ED7000524C5F4348454E5F4D736B0025733A20FC
:10ED8000496E76616C69642073756273797374651A
:10ED90006D0025733A20556E737570706F727465CF
:10EDA000642073756273797374656D20747970650E
:10EDB0000025733A2047434C4B47454E3020636152
:10EDC0006E6E6F742062652064697361626C656445
:10EDD0002028616C77617973204F4E290025733AA2
:10EDE00020504C4C5B25645D206C6F636B20746914
:10EDF0006D6564206F75740025733A20556E7375C8
:10EE000070706F7274656420636C6F636B207375D0
:10EE10006273797374656D20747970652025640060
:10EE200025733A20436C6F636B204F4E206F7065E3
:10EE3000726174696F6E206661696C656400257328
:10EE40003A20436C6F636B204F4E2074696D656F81
:10EE500075740025733A20584F53432072656164DE
:10EE6000792074696D6564206F75740025733A208C
:10EE7000736B697070696E672064666C6C34386D92
:10EE80005F696E69742C2061732044464C4C206984
:10EE90007320616C7265616479206F6E0025733A2E
:10EEA00020736B697070696E672064666C6C3438AF
:10EEB0006D5F696E69742C20617320736F75726366
:10EEC000652067636C6B2D2564206973206F66660F
:10EED0002E20284D6178696D756D20696E697420EA
:10EEE0007265747279203D202564290025733A20CB
:10EEF000736B697070696E672064666C6C34386D12
:10EF00005F696E69742C2061732044464C4C206903
:10EF1000732064726976696E672067636C6B30205A
:10EF200028435055290025733A2044464C4C343828
:10EF30004D2072656164792074696D6564206F7518
:10EF4000740025733A2044464C4C34384D53594E86
:10EF5000432074696D656F7574206F6E20777269D8
:10EF600074696E672047434C4B5F5043484354528B
:10EF70004C0025733A20736F7572636520636C6F64
:10EF8000636B202864726976696E6720504C4C5F11
:10EF9000256429206973206F66662E20284D6178CC
:10EFA000696D756D20696E6974207265747279205F
:10EFB0003D202564290025733A20535550435F5363
:10EFC00054415455532074696D656F7574206F6E8C
:10EFD0002077726974696E6720535550435F5652AB
:10EFE00045474354524C0025733A2074696D656F50
:10EFF0007574206F6E2077726974696E672066720F
:10F00000616374696F6E616C2064697669646572AE
:10F010000025733A20736B697070696E6720706C9D
:10F020006C5F25645F6F75745F25645F696E6974DA
:10F030002C20617320697420697320616C72656192
:10F040006479206F6E0025733A20736B6970706964
:10F050006E6720706C6C5F25645F6F75745F2564EC
:10F060005F696E69742C2061732064726976696EC1
:10F070006720504C4C206973206F66660025733AF8
:10F0800020736B697070696E6720786F73633332B9
:10F090006B5F696E69742C206173206974206973D9
:10F0A00020616C7265616479206F6E0025733A206F
:10F0B0004F534333324B4354524C20726561647951
:10F0C0002074696D6564206F75740025733A207330
:10F0D0006B697070696E672067636C6B67656E2D16
:10F0E00025645F696E69742C2061732069742069DE
:10F0F0007320616C7265616479206F6E0025733ACC
:10F1000020736B697070696E672067636C6B6765ED
:10F110006E5F696E69742C20617320736F75726302
:10F1200065206F662067636C6B2D25642C206973E6
:10F13000206F66662E20284D6178696D756D206997
:10F140006E6974207265747279203D2025642900EF
:10F1500025733A2047434C4B5F53594E4342555316
:10F16000592074696D656F7574206F6E20777269B0
:10F1700074696E672047434C4B5F4354524C4100C7
:10F18000636C6F636B403434303132303030006345
:10F190006C6F636B5F6D6368705F7069633332635C
:10F1A0006B5F73675F676300496E76616C696420AB
:10F1B00074726967676572206D6F646520666F722F
:10F1C00020696E74657272757074006770696F4043
:10F1D0003434383031313830006770696F4034343E
:10F1E000383031303830006770696F5F6D63687038
:10F1F0005F706F72745F6731006877696E666F5F0A
:10F200006D6368705F6731006B65795F696E646517
:10F210007820256420676574206661696C65643AAE
:10F220002025640050696E20256420636F6E666936
:10F230006775726174696F6E206661696C65643AA6
:10F2400020256400436F756C64206E6F74207365B5
:10F2500074206770696F2063616C6C6261636B001E
:10F2600050696E20256420696E74657272757074C1
:10F2700020636F6E66696775726174696F6E206670
:10F2800061696C65643A20256400627574746F6E00
:10F2900073006770696F5F6B6579730054696D65A2
:10F2A0006F75742077616974696E6720666F72206C
:10F2B000554152542053594E434255535920636C83
:10F2C00065617200736572636F6D40343530303242
:10F2D00030303000756172745F6D6368705F7365A4
:10F2E00072636F6D5F67310048616C74696E67208F
:10F2F00073797374656D00556E6B6E6F776E2065F4
:10F3000072726F7200756E6B6E6F776E003E3E3E6E
:10F31000205A455048595220464154414C204552AC
:10F32000524F522025643A202573206F6E2043509F
:10F3300055202564004661756C7420647572696E91
:10F340006720696E746572727570742068616E648E
:10F350006C696E670A0043757272656E742074681A
:10F36000726561643A202570202825732900435076
:10F370005520657863657074696F6E00556E6861BD
:10F380006E646C656420696E746572727570740069
:10F39000537461636B206F766572666C6F77004B98
:10F3A00065726E656C206F6F7073004B65726E6571
:10F3B0006C2070616E6963006F7300737973776F8F
:10F3C000726B71002A2A2A20426F6F74696E67205F
:10F3D0005A6570687972204F53206275696C642099
:10F3E000353035313935343565313961202A2A2AAD
:10F3F0000A00286E756C6C29002A666C6F61742A8D
:10F4000000465320436F6E66696775726174696F59
:10F410006E00555342442073616D706C65005A65EF
:10F42000706879722050726F6A6563740005010913
:10F4300002A1010901A100050919012902150025F0
:10F440000175019502810275069501810105010989
:10F4500030093109381581257F750895038106C06B
:10F46000C0206D657373616765732064726F70701F
:10F470006564202D2D2D0D0A1B5B306D001B5B314B
:10F480003B33316D2D2D2D20003031323334353664
:10F490003738394142434445460048494430000624
:10F4A000061F0500001F290C0C07033F3F3F3F3F8D
:10F4B0003F3F3F1F3F3F3F3F3F3F3F3F0300003F36
:10F4C0003F3F3F2F3F3F00000500000B38004063E7
:10F4D0006C6F636B5F6D6368705F696E6974006306
:10F4E0006C6F636B5F6F6E00636C6F636B5F6D63FC
:10F4F00068705F6F6E00636C6F636B5F6D636870E5
:10F500005F6F666600636C6F636B5F6765745F72E5
:10F510006174655F67636C6B67656E00636C6F63D6
:10F520006B5F6D6368705F6765745F7261746500BF
:10F53000636C6F636B5F636F6E6669677572655F3F
:10F5400067636C6B67656E00636C6F636B5F636FA3
:10F550006E6669677572655F706C6C00636C6F6373
:10F560006B5F636F6E6669677572655F64666C6C0E
:10F5700000636C6F636B5F636865636B5F73756279
:10F5800073797300636C6F636B5F6D6368705F6347
:10F590006F6E66696775726500636C6F636B5F673A
:10F5A000636C6B67656E5F696E697400636C6F6333
:10F5B0006B5F786F736333326B5F696E697400637E
:10F5C0006C6F636B5F706C6C5F6F75745F696E6995
:10F5D0007400636C6F636B5F706C6C5F696E6974F1
:10F5E00000636C6F636B5F64666C6C34386D5F696D
:10F5F0006E697400636C6F636B5F786F73635F69D0
:10F600006E697400636C6F636B5F6F6E5F706C6CC0
:08F610000005060700010000DF
:10F6180000000000CD41000C0000000000010000C7
:10F6280000000000000000000000000000000000D2
:10F6380000000000000000000000000000000000C2
:10F6480000000000480200204400002000000000E4
:10F65800000000000000000000000000000401009D
:10F668000000000001F4000C22030000000000006C
:10F67800000000000003030000000000000000007C
:10F68800000300000000000000000000000201006C
:10F698000000000012F4000C180300000000000035
:10F6A8000000000000010100000000001EF4000C32
:10F6B8001E03000000000000000000000000000021
:10F6C8000000000024D5000C04030000ED04000C29
:10F6D800CD04000C00000000000000000000000045
:10F6E8000000000000000000000000000000000012
:10F6F800279A000C3F9F000CC4D2000C00000000A9
:10F7080000000000B3A2000C000000000000000090
:10F7180047E7000C00000000540100200000000032
:10F7280080CB000C00000000000000000005010074
:10F73800000000009AF4000C0A0300006302002095
:10F748006C0200207C0200208A02002000000000D9
:10F75800630200206C020020750200208302002052
:10F76800000000000000000000000000E942000C5A
:10F778009543000C87AA000C01AA000C2DAA000CC6
:10F78800F3A9000C2FAA000C0BAA000C9D44000C36
:10F798006FAA000C03AA000C000000000000000083
:10F7A8000000000000000000000000000000000051
:10F7B8000000000000000000000000000000000041
:10F7C8000000000000000000000000000000000031
:10F7D8000000000000000000000000000000000021
:10F7E8000000000000000000000000000000000011
:10F7F8000000000000000000000000000000000001
:10F8080000000000000000000000000000000000F0
:10F818000000000000000000000000000C020020B2
:10F828000C02002000000000000000000E00000094
:10F83800000000000000000000000000600A002036
:10F84800000000000000000000000000C8000000E8
:10F85800400200204002002009020000000100C010
:10F868007D12010002EF020140E32F0700040400AB
:10F878000000000904000001030000000921110133
:10F8880000012200000705810340000107058103EC
:10F89800400004000000000000000000000000001C
:10F8A8000000000000000000000000000000000050
:08F8B800000000000000000048
:10F8C0000000000000000000000000000000000038
:10F8D0000000000000000000000000000000000028
:10F8E0000000000000000000000000000000000018
:10F8F0000000000000000000000000000000000008
:08F900000000000000000000FF
:04F9080000000000FB
:10F90C00F4020020F4020020A031002000000000CE
:0CF91C00080000001000000000000000C7
:10F928000000000028330020000400000000000050
:04F9380000000000CB
:10F93C0024030020240300200C0000001000000011
:10F94C006832002028330020683200206832002002
:10F95C0000000000000000004C0300204C030020BD
:10F96C0004000000020000006839002070390020FB
:10F97C0068390020683900200000000000000000F9
:10F98C0074030020740300200C0000000A00000027
:10F99C0028310020A03100202831002028310020FF
:08F9AC00000000000000000053
:10F9B4009C0300209C0300200000000001000000C4
:10F9C4000000000000000000B4030020B403002085
:10F9D400020002000A0000000000000054D3000CE2
:10F9E400203200200000000000000000D8030020A6
:10F9F400D8030020100010000A00000037AF000CEC
:08FA040094D3000C2837002008
:10FA0C0079D6000C0000000000000000000000008F
:10FA1C0000000000000000009CCB000C0000000067
:10FA2C0000000000000000000000000000000000CA
:10FA3C0000000000000000000000000000000000BA
:10FA4C0000000000000000000000000000000000AA
:10FA5C00000000000000000000000000000000009A
:10FA6C00000000000000000000000000000000008A
:0CFA7C005102002000000000000000000B
:10FA8800000000000001002000000000000000004D
:08FA9800000000000000000066
:04FAA00015E015E078
:040000050C00203D8E
:00000001FF
