:020000040800F2
:10000000B8380020C51F000C1FBF000CB11F000C2A
:10001000B11F000CB11F000CB11F000CB11F000C70
:10002000000000000000000000000000F91F000CAC
:10003000B11F000C00000000A921000CAD91000CC4
:100040001522000C1522000C1522000C1522000CA4
:100050001522000C1522000C1522000C1522000C94
:100060001522000C1522000C1522000C1522000C84
:100070001522000C1522000C1522000C1522000C74
:100080001522000C1522000C1522000C1522000C64
:100090001522000C1522000C1522000C1522000C54
:1000A0001522000C1522000C1522000C1522000C44
:1000B0001522000C1522000C1522000C1522000C34
:1000C0001522000C1522000C1522000C1522000C24
:1000D0001522000C1522000C1522000C1522000C14
:1000E0001522000C1522000C1522000C1522000C04
:1000F0001522000C1522000C1522000C1522000CF4
:100100001522000C1522000C1522000C1522000CE3
:100110001522000C1522000C1522000C1522000CD3
:100120001522000C1522000C1522000C1522000CC3
:100130001522000C1522000C1522000C1522000CB3
:100140001522000C1522000C1522000C1522000CA3
:100150001522000C1522000C1522000C1522000C93
:100160001522000C1522000C1522000C1522000C83
:100170001522000C1522000C1522000C1522000C73
:100180001522000C1522000C1522000C1522000C63
:100190001522000C1522000C1522000C1522000C53
:1001A0001522000C1522000C1522000C1522000C43
:1001B0001522000C1522000C1522000C1522000C33
:1001C0001522000C1522000C1522000C1522000C23
:1001D0001522000C1522000C1522000C1522000C13
:1001E0001522000C1522000C1522000C1522000C03
:1001F0001522000C1522000C1522000C1522000CF3
:100200001522000C1522000C1522000C1522000CE2
:100210001522000C1522000C1522000C1522000CD2
:100220001522000C1522000C1522000C1522000CC2
:100230001522000C1522000C1522000C1522000CB2
:100240001522000C1522000C1522000C1522000CA2
:100250001522000C1522000C1522000C1522000C92
:100260001522000C1522000C1522000C1522000C82
:100270001522000C1522000C1522000C1522000C72
:100280001522000C1522000C1522000C1522000C62
:100290001522000C1522000C1522000C1522000C52
:1002A0001522000C1522000C1522000C1522000C42
:0802B0001522000C1522000CC0
:020000040C00EE
:1000000053B94AB9002908BF00281CBF4FF0FF317F
:100010004FF0FF3000F00CB8ADF1080C6DE904CEE4
:1000200000F01AF8DDF804E0DDE9022304B07047BF
:10003000704700BF10F8012B11F8013B012A28BFBF
:100040009A42F7D0D01A7047034613F8012B002AC2
:10005000FBD1181A013870472DE9F0478C468E46BF
:10006000089E154604461946002B40F0D080724584
:1000700047D9B2FA82F74FB1C7F120030EFA07FC55
:10008000BD40BC4020FA03F343EA0C0C4FEA154E86
:10009000A8B2230CBCFBFEF80EFB18CC08FB00F941
:1000A00043EA0C43994528D9EB1808F1FF3204D2F2
:1000B000994502D9A8F102022B44A3EB0903A4B28B
:1000C000B3FBFEFC0EFB1C330CFB00F044EA0344C4
:1000D000A04214D92C190CF1FF3304D2A04202D94A
:1000E000ACF102032C44241A43EA02401EB1FC4046
:1000F000002334607360BDE8F0874246DDE7634665
:10010000F1E7002A79D0B2FA82F3002B3FD01946EA
:10011000C1F1200302FA01F500FA01F42EFA03F20C
:100120000EFA01FE20FA03F3AFB243EA0E034FEAE0
:10013000154EB2FBFEFC0EFB1C201A0C0CFB07F844
:1001400042EA004290455AD9AA180CF1FF3004D275
:10015000904502D9ACF102002A44A2EB08029BB2FE
:10016000B2FBFEFC0EFB1C220CFB07F743EA02432A
:100170009F4246D9EB180CF1FF3204D29F4202D9BC
:10018000ACF102022B44DB1B42EA004202E0AEEB80
:10019000020301224FEA154EAFB2200CB3FBFEFC66
:1001A0000EFB1C330CFB07F840EA034398452AD9A1
:1001B000EB180CF1FF3004D2984502D9ACF10200E3
:1001C0002B44A3EB0803A4B2B3FBFEFC0EFB1C33D1
:1001D0000CFB07F744EA0344A74216D92C190CF18B
:1001E000FF3304D2A74202D9ACF102032C44E41B32
:1001F00043EA00400F46114678E71F2188E7604632
:10020000ABE76246BFE76046DBE76346EFE773456F
:1002100006D916B9002108466DE7C6E9000EF9E7D0
:10022000B3FA83F787B9734501D3824207D8841A9A
:100230006EEB030301209C461EB900215BE73846A4
:10024000FAE7C6E9004CF8E7C7F1200CBB4000FA1A
:1002500007F422FA0CF520FA0CF1BA401D432EFAED
:100260000CF30EFA07FE4FEA154941EA0E011FFA98
:1002700085FEB3FBF9F809FB18300B0C08FB0EFAEE
:1002800043EA00439A4540D9EB1808F1FF3004D205
:100290009A4502D9A8F102002B44A3EB0A0389B2C4
:1002A000B3FBF9F809FB183308FB0EFE41EA0341E2
:1002B0008E452CD9691808F1FF3304D28E4502D936
:1002C000A8F10203294443EA0040A1EB0E01A0FB80
:1002D00002984145CE46434602D306D14C4504D24E
:1002E0000138B9EB020E68EB0503002EA5D0B4EB84
:1002F0000E0261EB030101FA0CFC22FA07F3F9404C
:100300004CEA0303C6E9003197E74046C5E7434698
:10031000D9E7000037B50546364937480CF09EF856
:10032000034638B1354A012135480BF0EFFC002077
:1003300003B030BD334930480CF090F8034608B1A3
:10034000314AF0E731492C480CF088F8034608B1EF
:100350002F4AE8E72F4928480CF080F8034608B1F7
:100360002D4AE0E724480BF0DFFF012804461BD1AB
:1003700001462A4A204804F0EFFA28B1284A012110
:100380001F480BF0BAFCD2E7264B224621461A48FA
:1003900004F05EFC034608B1234AF0E702460090F1
:1003A000214615480BF0C7FF0021204A124804F0EF
:1003B000D3FA014608B11E4AE1E71A4B01220E4862
:1003C00004F046FC03460028E6D1014602460090B0
:1003D00009480BF0B0FF012107480BF0D0FF0DB921
:1003E0000548A5E7294604480CF0C7FA0028F7D0CD
:1003F000104AC4E7D000002008050020DEFD000CF4
:100400001CFB000CB80000200CFE000CA00000201B
:100410003EFE000C880000206BFE000C3000002027
:1004200093FE000C34FB000CBAFE000C44000020CC
:10043000D9FE000C00FF000C08B5FFF76BFF40B1C0
:10044000064803F067F830B10121054A05480BF072
:1004500054FC002008BD0148FCE700BF080500204F
:1004600024FF000C1CFB000C10B50F4803210F4AA1
:100470000BF043FC0020FFF7DFFF40B901210C4ADD
:1004800009480BF03AFC6FF01204204610BD03F04F
:1004900081F8044628B10121064A03480BF02DFCDF
:1004A000F3E70321044AF8E764FA000C6FFF000C3D
:1004B00087FF000CA7FF000CC7FF000C2DE9F843D5
:1004C000884600AF00297DD00568012228460AF041
:1004D0007AFE0146044628460AF02FFE10EA02067C
:1004E00016D1E94688B06A46384BCDE90538032372
:1004F00042F8103F4FF4C2513346354800F0B0FE89
:10050000CD4686F31188BFF36F8F0423184602DFB0
:10051000214628460AF027FE2618314600222846A2
:100520000AF00BFE361AB44218D06E4688B06946FF
:10053000284BCDE90538032341F8103F24481346E2
:100540000A464FF4C25100F08BFE0023B54683F3F8
:100550001188BFF36F8F0423184602DF0022214663
:1005600028460AF006FE21460AF0FDFD2618012263
:10057000314628460AF0E1FDC20708D43146284634
:100580000AF063FE3246214628460AF0D5FE0022D4
:10059000214628460AF0D1FD261A01223146284676
:1005A0000AF0CBFDC30709D4314628460AF04DFEB8
:1005B0002246314628460AF0BFFE344621462846E8
:1005C0000AF0D8FEBD46BDE8F88300BF5300010C19
:1005D0008CFA000C2A00010C2DE9F04F91B0009329
:1005E00002F004030293C2F3C203013384070546F9
:1005F0000E46DDF868A00392059340F09C81041D2F
:10060000002849D101F00706341DC6F10806009BF9
:1006100000274FF004085A1E4FF0FF33B9460193EC
:10062000BB46434604970DB1009921600598002808
:1006300000F3D6808F480099814203D38E488142CF
:10064000C0F0CE800399601B11F0020C40F0D68000
:10065000B9F10F0F00F2CF80002D00F0D68009F124
:1006600040010DEB010E0199C0F387000EF8200C3C
:100670000EF8101CBCF1000F00F0C38060F07F008A
:100680000EF8200C013709F10109C5F108014FF6F8
:10069000DA7E043406918CE00729B8D86FF01B008D
:1006A00011B0BDE8F08F7A285BD84B280FD84728C7
:1006B00057D829282ED8252850D052D8202818BFFE
:1006C00023280CBF4FF0010B4FF0000B71E04C38AA
:1006D0002E2846D8DFE800F06D454545454545459F
:1006E00045454545484545454545454545564548A3
:1006F000485656566D486A456D4518481845457F19
:100700007C48454548457C0000204FF0000B4FF0E9
:10071000040835E001212A38C0B201FA00F010EADD
:100720000E0F46D110F0625C2CD110EA010B40D0C4
:100730006046013C4444B4FBF8F408FB04F425B1E2
:10074000A3EB050CA444B445A8D8002870D00599A3
:10075000013905915AF8041B009164E701990139A8
:1007600001914FF0000B24E012F8010C6C2834D1F9
:10077000002012F8023C83466C2BC8D14FF00808C9
:100780004346D6E70AF1070A2AF0070A073424F09D
:100790000704FAE802BC35B106982044B0423FF69F
:1007A0007DAFC4E900BC4FF0000B08344FF00808DF
:1007B000434612F8010F002853D0BBF1000F7FF41D
:1007C00072AF2528F5D14FF0010B019B0133019346
:1007D0004FF00408ECE7584697E700208346A8E767
:1007E000039988077FF551AF4FF0010C601BB0F5FE
:1007F000007FFFF42DAF6FF0150051E74FF0000CB4
:10080000F5E70498013004903DE7BCF1000F01D0FA
:10081000013638E70298023600287FF434AF00989A
:10082000CDE90632FFF710FCDDE9063206442AE77F
:10083000042B08D10AF1040015B1DAF80010216088
:1008400082460434B5E70AF1070323F0070303F1F6
:10085000080A1DB1D3E90001C4E9000108230834E6
:10086000A7E7631BB3F5806FC5D23DB9A6F10804B5
:10087000E01815E790F3000C8824010C029A9B08FD
:1008800028602B709DF81030AAB1EB70AF702FB1BB
:10089000002208A8C5F1010C91450ED14FF0000AC5
:1008A000C5F101030DF1200801930DF1300BD14585
:1008B00012D1601BF4E66B70E8E710F8013B1906F3
:1008C00008D50CEB040EB64503F07F033FF6E6AE09
:1008D00004F8013B0132DFE71FB198F90020002A3C
:1008E00017DB029BD3B11AF80B2004F8012B00226E
:1008F000019B18191044B0423FF6D0AE98F80000A2
:10090000009904F8010B204603920EF099FC039A1B
:1009100014440AF1010A08F10108C8E798F8002018
:1009200055F822300093029B009845F82230FFF7DB
:100930008BFB421CDCE76FF00D00B1E62DE9F04FB8
:1009400097B000AF05468A46C7E90A3249B903782D
:100950004678807800EB83002844564524D8A0EBE5
:10096000050AD7F8803095F8028003F00103D7F824
:100970008040FB61EB78B8F1000F0CBF002404F05D
:1009800001047B621BB1D7F880309A0715D4A4B953
:10099000FB6A1BB151462846BA6A9847564630460C
:1009A0005C37BD46BDE8F08F441C2046FFF74CFB8A
:1009B000013020440AF1010ACFE7D7F88030C3F3B1
:1009C000C0033B622B78BB619B003B616B687B6122
:1009D000BB6905EB830BFB6A002B77D15646D844E5
:1009E000BCB11C461BF8013B55F82300FFF72CFB5C
:1009F000D7F88430013043B1D7F88830A34282BFA2
:100A0000D7F8843023F814000134C3450644E9D1F3
:100A1000D846D7F880304FF0000913F0050F0CBF0F
:100A20004FF0020B4FF0010B7B6A9945B7D298F853
:100A3000013008F1020855F823A0AE4B9A45C0F0EA
:100A40004C81AD4B3A6A9A452CBF002301230AB36F
:100A500018F8021C7869FB620AF010FEFB6AC8B144
:100A6000EA468AB06A46A54B05937B69CDE9063113
:100A70004FF40073ADF82030A14B42F8103F002333
:100A80004FF412519F4800F0EBFBD546023E09F1AE
:100A90000109C9E723B1FB6933B9A6EB0B06F6E7F9
:100AA000D7F880309B07F2D55046FFF7CDFAD7F83C
:100AB00084304BB1D7F888309C423FBFD7F88420B0
:100AC000431C22F8143001340644E0E7002C6AD1BC
:100AD000B8F1000F6DD0D7F8803058076CD5C146FB
:100AE00007F14800424659460EF0AAFB00220BEBE4
:100AF0000803FB600233796A8A425FD3D7F880200B
:100B000095F801B0F969920704EB0B0348BF002286
:100B1000DBB258BF4FEA5902002940F0A680D7F84F
:100B2000801011F0040F14BF494600216B70A970AA
:100B3000EA702846BA6A3969FB6A9847061EFFF6CA
:100B40002EAFBB6949462B707B6ABA6AEB7085F899
:100B500001B0FB6A85F8028007F148009847B0F1C0
:100B60000009C0F2B6803B697A6A786A03EB4201F9
:100B7000FB68414403EB4000BA6AFB6AAAEB01013F
:100B800098470028C0F2A7804FF0000BB14409EB52
:100B9000000607F1380AA34569D30021BA6A08465E
:100BA000FB6A9847FBE644464FF0000907F138001E
:100BB00098E74446C14699E7A14697E713F8016CC8
:100BC000DFF830C155F8260013F8021C6045C0F06C
:100BD0008A80DFF824C16045386A2CBF4FF0000BD3
:100BE0004FF0010B38B17869C7E901320AF046FDD0
:100BF000D7E90132F0B9BBF1000F1ED0F96949B154
:100C0000611C04F1280007F13004041904F8206C79
:100C1000CCB20FE0D7F8801049070BD509F12800B6
:100C200007F1300C09F1010100EB0C0909F8106C17
:100C30005FFA81F9013202335DE7D7F8800080075F
:100C4000DED409F1280C07F1300EF44409F101005B
:100C50000CF8101C07F1580109F1020951FA80F053
:100C60005FFA89F900F8106CE4E700215EE71BF8F1
:100C70000A3055F8239087F83730D7F884302BB3F3
:100C8000D7F888309B4521D2D7F8843033F81B80C1
:100C90000121BA6AFB6A07F13700984700281ADB7E
:100CA0000644B8F1000F06D14846FFF7CDF900F130
:100CB00001081FFA88F841464846BA6AFB6A984715
:100CC000002808DB06440BF1010B64E74FF0000835
:100CD000DEE74E4663E6064661E63B6A002B3FF4DC
:100CE000DFAE0023B4E6386A0028A6D04FF0000B30
:100CF00079E700BF90F3000C8824010C8000010C00
:100D00000400000124FA000C014B1860704700BF7A
:100D1000E800002080B505460E461746984609F0C3
:100D200077FC034601F088FA0446DFF81890424643
:100D300049F8003039463046A84754F8090001F018
:100D40001DFA00BF080000002DE9F04704460746E1
:100D50004FF00109DFF84C8094FAA4F5B5FA85F557
:100D600009FA05F32E0108EB05156FEA030A24EAD8
:100D700003042B7B63B158F806301B696BB94644FA
:100D8000736804222846196807EA0A070AF045FF33
:100D9000002CE1D13846BDE8F08728469847002866
:100DA000F6D1ECE724FB000C10B5002288B00E4908
:100DB0000E480EF0C0F9002200230024CDE90623DE
:100DC0000E234FF44072CDE90334CDE90144084BC2
:100DD00008490094084809F019F9084906480DF037
:100DE000A3FF204608B010BD010E000C900A0020A1
:100DF0000911000C78180020000600203F01010CAA
:100E0000014808F077BE00BFB00400202DE9F0478C
:100E1000804620480F460AF0DCFE0646002832D005
:100E200000252846BDE8F087237B83B12368DB6873
:100E30000BB120469847636883F8069023681B69C6
:100E4000CBB963680422204619680AF0E6FE013631
:100E500010345445E8D3B8F1000FE2D0002DDFD0B4
:100E60002846FFF771FF0546002FF7D000216420C8
:100E70000EF03FF8F2E7204698470028E1D009FA43
:100E800006F31D43E3E705464FF00109024CDFF886
:100E90000CA0DEE77010002024FB000C34FB000CDB
:100EA000014B53F82000704750FB000C08B5034677
:100EB00008462BB1044A136000F032FC002008BD44
:100EC0006FF01500FBE700BFEC00002010B5044CEC
:100ED000237813B9034808F00DFE0123237010BDD9
:100EE0006C180020B004002010B5044609480AF030
:100EF00070FE3CB1084BD3E8EF1F0139C3E8E21F95
:100F0000002AF8D1054809F00BFEBDE8104004485E
:100F100008F0F0BD681000206C100020900A00203E
:100F2000B00400200022044BD3E8EF0FC3E8E12F08
:100F30000029F9D1704700BF6810002070B5FFF795
:100F4000F1FF0546074C084EB44200D370BD6368FC
:100F50005B792BB123685B6813B12946204698471B
:100F60001034F1E724FB000C34FB000C10B5044CEA
:100F7000044920460AF0AFFC034B1C6010BD00BFC3
:100F8000F40300203CFB000C6010002000230D4AFD
:100F900010B513700C4A4FF47A7113600B4A0C4869
:100FA0001360FFF783FFFFF7E1FF0A4B0A4918467A
:100FB0008B4200D310BD1A1A5C68121101322271E3
:100FC0001033F5E76D180020681000206C10002029
:100FD000E5BB000C24FB000C34FB000C0146002296
:100FE000002301480AF098BCF403002001480AF0ED
:100FF0002FBD00BFF4030020024B014618680AF021
:1010000082BD00BF6010002001480AF0B7BD00BFDC
:10101000F403002070B5254B1B78002B43D0FFF75D
:10102000E5FF044600283BD1214B224D1B68002BD5
:1010300012DD0EF038F80A220023FEF7E1FFD5E9B1
:101040000032C01A40F2E93361EB0201984271F1BB
:10105000000101D3FFF772FFD5E9003213F57A736F
:1010600042F10002C5E90032ECB1BDE87040FFF783
:10107000CBBF6B685B7923B12B68214628461B6880
:1010800098471035B542F4D32046FFF7B5FF0A4B19
:10109000D3E8EF1F0139C3E8E21F002AC4D0F7E705
:1010A000064D074EEEE7002070BD00BF6C18002013
:1010B00068100020880A00206C10002024FB000C1F
:1010C00034FB000C70B50D4D297861B90120FFF794
:1010D0009DFE0B4C0B4EB44206D3FFF79BFF00283E
:1010E000FBD101232B7070BD63685B791BB1236852
:1010F00020469B6898471034EDE700BF6D1800202C
:1011000024FB000C34FB000C00212DE9F8430846B9
:10111000FFF77CFE044648B34FF4FA784FF000091D
:1011200001F08AF81A4B1B4A1B58136033B11A4B53
:101130001B68092B02DD194808F0DCFC0025184F5C
:1011400044B12046FFF700FE044618B94FF0FF38BF
:101150004FF0FF39FFF75EFF064628B9B5B90F48D3
:1011600042464B4608F0FAFC3546E9E74FF0FF38B7
:101170004FF0FF39D4E72B689B691BB1002228464A
:10118000114698471035BD42F5D3E8E7054DFAE71B
:1011900008000000641000206C100020B004002043
:1011A00034FB000C24FB000C13B518480AF011FDA9
:1011B000174B1B7873B1EFF31184202383F312884C
:1011C000BFF36F8FFFF726FF84F31188BFF36F8F94
:1011D00002B010BD0F4B1B68002BF9D050B9002294
:1011E00000230D48CDE9002342F21072002309F0DC
:1011F0005FFCEDE70928EBD1074809F091FC0748AF
:1012000002B0BDE8104008F075BC00BF6C100020B3
:101210006D18002064100020900A0020B004002007
:1012200010B5064B04461B6898472146A060044849
:101230000AF0EFFBBDE81040FFF7B6BFEC0000205E
:10124000F4030020044A054B9B1AB1EBD30F34BFC3
:1012500052F831000020704724FA000C24FB000CE7
:101260002DE9F04F8FB0C1F34A2604AF0D469046EA
:10127000B8607B600C0D002E61D04FF000090A238E
:101280004FF0040B07F1140AFE60C7E90799C7F88D
:1012900024900093CDF808B0CDF804A007F11C030A
:1012A0004A464046F968FFF749FBB0F5006F034630
:1012B0001CD36C468AB0D8F8041004AB24481A46F4
:1012C000C3E9050140F2FF71D9614FF4007119843F
:1012D000204B42F8103F4FF412514B461E48FFF787
:1012E000BFFFA5462C37BD46BDE8F08FC0F30A0608
:1012F00004F11700184420F0070080083B60FFF756
:101300006DFE66F35325044680B13B6800F1100181
:10131000C7E908390A23F961CDE901AB00934046DA
:101320000E4AF96807F11C03FFF708FB66F3532523
:101330002A4620467B68B9680AF08FFCD2E704F1A0
:10134000170020F007008008FFF748FE0446EDE78D
:101350005401010C040000014CFA000C2DBC000CDF
:101360002DE9F04F87B00546DDE9106BDDE9127A13
:10137000884614469946BFB110213B465A46002084
:10138000CDF800A0CDF814A0FFF726F9B0F5006F56
:1013900001460BD340F2FF730221184A184807B0E8
:1013A000BDE8F04F0AF0B2BC3946384604F00703F6
:1013B00005F00704E40044EA831444EA402444EAC4
:1013C000065406F11700084420F007008008039136
:1013D000FFF704FE054640B13FB13B465A4603992C
:1013E000CDF800A01030FFF7F7F84B4622464146F3
:1013F000284607B0BDE8F04F0AF02FBC9301010C5E
:101400004CFA000C406820B1034BC01A40F3CF00E7
:1014100070474FF0FF30704724FA000C0EB403B54C
:1014200003AB53F8042B01460448019301F038F94B
:1014300002B05DF804EB03B0704700BF6FBD000C55
:10144000CA0605D48B064CBF02490349FFF7E6BF25
:10145000704700BFCC01010CCB01010C2DE9F04F0E
:1014600089B098469DF85090159B044606930D460A
:10147000DDE916A3189F05920493B9F1000F00F05F
:10148000B08007F4807307930AF0C5FB07F0020BE6
:101490000246002874D020467749FFF7BFFF064672
:1014A000BBF1000F08D017F0440F6BD12A4620463D
:1014B0007249FFF7B3FF064407F0010353B1704BC5
:1014C000204653F829206F4B6F49002A08BF1A465F
:1014D000FFF7A4FF07F48073002B07F0080318BF81
:1014E0004FF00008002B79D0684B204653F8292094
:1014F0006749FFF793FF0546059B2BB11A46204627
:101500006449FFF78BFF0544B8F1000F05D0424650
:1015100020466149FFF782FF054460483544069B39
:101520001BB122465E490AF078F8049B002B00F0BC
:101530008E80DDF810803946B8F1100F204628BFA4
:101540004FF010080026FFF77BFFB54250DC002665
:10155000334620461AF803205249FFF75FFF013651
:10156000102E4BD0710703D120464F49FFF756FF8D
:1015700046453346EDD320464C49FFF74FFFEEE793
:1015800006468DE74A4B1868002894D0494B4FF423
:101590007A7B1B684FF03C0CB5FBF3F5B5FBF0F123
:1015A0004FF4616300FB11550BFB05F5B1FBF3F242
:1015B000B5FBF0FE03FB121100FB1E55B1FBFCF363
:1015C0000BFB05F5B5FBF0F50CFB13112046009164
:1015D000CDE901E53849FFF721FF6CE707F0080581
:1015E0008AE7B8F1010F4D460CBF2C48334896E707
:1015F00020462D49FFF712FF0136A6E700262046B8
:101600002F49FFF70BFF33461AF803202046A2F1BB
:1016100020035F2B28BF2E222A49FFF7FFFE013649
:10162000102E0DD0720703D120461F49FFF7F6FE9A
:10163000B0453346E8D820461B49FFF7EFFEEEE7FA
:10164000049BC244B3EB080304937FF472AFB9F177
:10165000000F0AD0FB0704D520460A4A0A49FFF7C3
:10166000DDFE39462046FFF7EBFE204609B0BDE817
:10167000F04F0AF06FBB00BFD301010CD701010C82
:1016800060FB000CCE01010CFF12010C74FB000C7E
:10169000FC01010C0202010C0602010C6FBD000CE2
:1016A000A126000C0B02010C1302010C1102010C0B
:1016B0007810002074100020E001010C9DBD000C8A
:1016C0001502010C1702010C42F20F7373B58B4225
:1016D00028BF0B4605680446052168460D4A09F0F7
:1016E000BFFA0646636828460B225B680A490AF07F
:1016F00023FB63683246694628465B680AF01CFB98
:1017000063681B2228465B6804490AF015FB02B097
:1017100070BD00BF1C0E010C8D22010C7122010C4A
:1017200000210123064A904206D8064A01B9012346
:101730001360054B18607047012140085B00F2E719
:1017400040420F007410002078100020F8B50D46BC
:101750000446064F4618B44201D12846F8BD14F895
:10176000011BBB6801485B689847F4E738F4000C3C
:10177000014B036000207047BCFB000C2DE9F843CF
:101780000646FEF761FC0546EFF31188202383F33C
:101790001288BFF36F8F114B1C68D3F804909C42E2
:1017A00008BF002434B988F31188BFF36F8F204637
:1017B000BDE8F883A7683846FEF746FCA84206D184
:1017C0002A46394630460DF050FD0028EBD04C45F6
:1017D00001D02468E6E70024E5E700BFF800002018
:1017E0002DE9F0410E461546FFF7C8FF044628B321
:1017F000C3681BB35F690FB3062E07D0072E20D036
:101800002A4631463B46BDE8F0411847838A3BB93A
:101810002A463146B84750B9A38A0133A38206E06D
:101820004FF6FF72934204D00133A3820020BDE83B
:10183000F0810121114A12480AF05FFA6FF0150099
:10184000F5E745B12A7832B10022828231462A4634
:101850005B699847EAE7A38A012B08D12A4607214A
:101860002046B8470028E2D1A38A013BD6E70BB156
:10187000013BDAE70221034ADDE700BF5402010C15
:1018800034FA000C7602010C10B5044608B18068E9
:1018900038B9104A104801210AF02FFA6FF01500EC
:1018A00010BDFFF76BFF08B10C4AF3E7A082EFF31E
:1018B0001181202383F31288BFF36F8F084B5A687E
:1018C000C4E9003214605C6081F31188BFF36F8F4C
:1018D000E6E700BF9402010C34FA000CAD02010CE3
:1018E000F800002008B50348034A0021121A0AF044
:1018F0000EFB08BDC005002074180020074808B57D
:10190000074A0849121A0AF004FBBDE808400648D5
:10191000064A0749121A0AF0FCBA00BF000000206C
:10192000B40500208824010C0000002000000020E5
:101930008824010C2DE9F04706460C4600AF00292B
:1019400036D0D1E90012E9468AB06D46A3684FF05F
:10195000050AE8461F48CDE90723CDE9050148F807
:1019600010AF002342464FF421511B48FFF778FC8B
:10197000D4E90312CD466369AD461848C5E907238B
:10198000C5E90501C5F810A0002342464FF42151D6
:101990001148FFF765FCCD46E3690121104A0E4866
:1019A0000AF0B4F9A36901210E4A0B480AF0AEF916
:1019B000012E07D1EFF305830B4A31460648103B51
:1019C0000AF0A4F92146304607F0E4FCBD46BDE824
:1019D000F08700BFD602010C84FA000C0503010C4D
:1019E0003403010C4303010C7103010C30BFFFF7FA
:1019F000FDBF00BF2DE9F04105460B4EDFF82C80FE
:101A0000324606EB0807CC1B204609490DF018FCAE
:101A1000A01942460021083C0DF01FFCAC6707F1FD
:101A20000800BDE8F08100BF0000000008000000D1
:101A300034FB000C10B5244C244925480AF076FAF2
:101A4000A36A99013ED5224822490AF06FFA1E2066
:101A5000A36ADA0104D51E481F490AF067FA1F205D
:101A6000194CA36ADB0204D519481C490AF05EFA36
:101A70002020A36A1C0304D5154819490AF056FA18
:101A80002120114CA36A590304D5114815490AF0C5
:101A90004DFA2220A36A9A0304D50D4812490AF090
:101AA00045FA2320084CA36ADB0304D508480F49F4
:101AB0000AF03CFA2420A36A6FEA03436FEA134357
:101AC000A36210BD1D20C3E700ED00E08403010CFC
:101AD00084FA000C9C03010CAF03010CC903010C38
:101AE000F303010C1104010C3604010C5004010C29
:101AF00070B506460D46294C29492A480AF016FABF
:101B0000A36ADB0647D5274827490AF00FFA1120B8
:101B1000A36A1C0704D5234824490AF007FA1220B7
:101B20001E4CA36A990712D521491E480AF0FEF9F6
:101B3000636BA26A120609D501211E4A19480AF0F0
:101B4000E5F81EB1A36A23F08003A3621320134CAF
:101B5000A36ADE0704D5134817490AF0E7F91420F1
:101B6000A36A9C0604D50F4814490AF0DFF9152032
:101B70000A4B9A6AD10658BF9A6A9A6A920642BF7D
:101B80005A6A22F400525A629A6A42F0FF029A623A
:101B900000232B7070BD1020BAE700BF00ED00E0FD
:101BA0007B04010C84FA000C9104010CC404010CA8
:101BB000D704010CEF04010C0505010C2405010CF0
:101BC00070B506460D46284C284929480AF0AEF95A
:101BD000A36AD9043CD5264826490AF0A7F917205C
:101BE000A36A1A0504D5224823490AF09FF9182050
:101BF0001D4CA36A9B0512D51D4820490AF096F991
:101C0000A36BA26A100409D501211D4A18480AF0E5
:101C10007DF81EB1A36A23F40043A3621920124C7D
:101C2000A36A590504D5124816490AF07FF91A200B
:101C3000A36ADA050ED50E4813490AF077F91B207E
:101C4000094A936A43F47F43936200232B7070BD6B
:101C50001620C5E7A36A9B04F2D505480B490AF094
:101C600065F91C20ECE700BF00ED00E05305010C16
:101C700084FA000C6905010CC404010C7A05010CFE
:101C80009305010CA805010CC305010C2405010CEA
:101C900010B52F4C2F4830490AF048F9D4F8E830F5
:101CA000D4F8E420500604D501212C4A29480AF032
:101CB0002DF8D4F8E430D9070CD5264828490AF085
:101CC00035F92620224AD2F8E43043F0FF03C2F867
:101CD000E43010BDD4F8E4309A0705D51D482149F9
:101CE0000AF024F92720EDE7D4F8E4305B0705D5A6
:101CF00018481D490AF01AF92820E3E7D4F8E4301F
:101D0000180705D5134819490AF010F92920D9E711
:101D1000D4F8E430D90605D50E4815490AF006F97D
:101D20002A20CFE7D4F8E4309A0605D509481149AE
:101D30000AF0FCF82B20C5E7D4F8E4301B0605D5E3
:101D400004480D490AF0F2F82C20BBE72520B9E73A
:101D500000ED00E084FA000CDB05010CF405010C39
:101D60000406010C1A06010C3806010C5306010C7E
:101D70007006010C8506010C9F06010C2DE9F0414F
:101D80008AB0774B00AFD3F804800023C8F308066D
:101D900083F31188BFF36F8F02F07F44B4F17F4F5C
:101DA00031D112F001052FD012F0400502F00804E5
:101DB00003D02CBB0446012512E0530758BF01464F
:101DC000684A0B6858BF01251A44012A98BF0B6C5A
:101DD0000121654A654809F099FF74B1EFF38984E0
:101DE0000023FB71F31E092B00F29980DFE803F05A
:101DF0000E8F92848B9797979795EFF38884EFE7F0
:101E00000C461D46ECE71D462C46E9E75849574865
:101E10000AF08CF80023524EFB71F36A9A0705D53D
:101E2000544952480AF082F800232DE0F36A002B4F
:101E300001DA5149F5E7F36A5B00F5D54F494B48A4
:101E40000AF074F87369A26943F480737361BFF395
:101E50004F8FBFF36F8F32F8023C726922F48072A9
:101E60007261BFF34F8FBFF36F8F03F47F42B2F500
:101E70005F4F2BD1DBB2022B28D123680121404ACE
:101E80003A4809F043FF2368FA79DAB907F10806FE
:101E900004F1200C324620686168083403C26445AE
:101EA0001646F7D17A6A002D56D0C2F3080121B93F
:101EB0006FEA52226FEA42227A62184607F108015D
:101EC000FFF738FD2837BD46BDE8F081244B9A6AFC
:101ED000D2B222B10120F91DFFF70AFE15E09A6A7D
:101EE00012F47F4F04D00120F91DFFF769FE0CE0CA
:101EF0009A6AB2F5803F02D3FFF79CFD05E0D3F864
:101F0000E430002B90D0FFF7C3FE0346BCE700206F
:101F1000F91DE1E70020F91DE7E71A4981E71A4AB0
:101F200018F4F87FE8468AB0184B08BF13466A4693
:101F30001749103ECDE905134FF40073ADF820307A
:101F4000144B079642F8103F00234FF411510748F5
:101F5000FFF786F9C54667E76FF30802ACE700BFF5
:101F600000ED00E0A6ED0501E006010C84FA000C8E
:101F7000FF06010C1607010C3707010C4507010C81
:101F80006407010C8007010CB206010CC706010CA6
:101F9000A407010C04000001044B5A6942F010022E
:101FA0005A615A6922F008025A61704700ED00E058
:101FB000EFF30880EFF3098101B57246FFF7DEFE0B
:101FC00001BD00BF0A4880F30888202080F31188F3
:101FD00008484FF40061401880F30988EFF314803B
:101FE0000221084380F31488BFF36F8F00F05CF880
:101FF000B8380020782700201EF0040F0CBFEFF344
:102000000880EFF30980816911F8021C0229FFD0D2
:1020100001B5724609F07FFF01BD00BF00B2002884
:1020200007DB01234109034A00F01F00834042F807
:102030002130704700E100E000B200280CDB0122F3
:102040000649430900F01F008240203341F8232055
:10205000BFF34F8FBFF36F8F704700BF00E100E009
:1020600000B2002801F10101ACBF00F16040064B55
:102070004FEA4111C9B2ABBF00F5614000F00F005B
:1020800080F800131954704714ED00E0044B054A22
:1020900023F07F039360BFF34F8FBFF36F8F7047C1
:1020A0000000000800ED00E008B5FFF7EFFF0B4A65
:1020B000D2F8883023F47003C2F88830EFF3148329
:1020C00023F0040383F31488BFF36F8FFFF70AFC38
:1020D000FFF714FC00F092F807F07EFA00ED00E044
:1020E00042F8203C009B0B4942F81C3C019B21F02C
:1020F000010142F8183C029B42F8081C42F8143CCB
:102100004FF0807342F8043C0023203A0265C36715
:10211000704700BF150D000C00B50B4B15469860BD
:10212000826F0A4B0E461A602C4686F309880020FF
:10213000034B98472046002100220023014C2047F2
:1021400043BF000C150D000C38180020A010002013
:102150001022014B1A61704700ED00E0054B5A69EF
:102160009B689A421FBF044A536843F080535360F0
:10217000704700BF3818002000ED00E0084B9B6856
:1021800083420BD1EFF3058343B1064B5A6842F00B
:1021900080525A605A6A22F400425A620CF0C9BD59
:1021A0003818002000ED00E011498A684FF0300037
:1021B0001044EFF3098C80E8F01F202080F3128890
:1021C000BFF36F8F0B4F4FF000664A698A603E6025
:1021D000906F094C2060D06F0023D36780F3118883
:1021E00002F1300090E8F01F8CF30988704700007E
:1021F0003818002004ED00E0A0100020002320216A
:102200000348C21801339E2B82F80013F9D170479E
:1022100000E100E008B5EFF30583064A103B02EB4E
:10222000C30152F8330049688847BDE80840FFF70A
:1022300095BF00BFA8F4000C01480068704700007B
:10224000A01000201FB50121094B0A4A0A4800F0DE
:102250000FF90023064A0393084B0121019301A8BB
:10226000D31A029300F00EF905B05DF804FB00BF2D
:102270000000082000000020BCFB000CC00500206E
:102280000A7A0B6810B562F304031C46CB68520946
:1022900023F01F0343EA4203044A43F00103C2F858
:1022A0009800C2F89C40C2F8A03010BD00ED00E0DC
:1022B00010B50A4BD3F89030C3F30723013B984283
:1022C00008D901210346064A064809F01FFD6FF0B0
:1022D000150010BDFFF7D4FFFBE700BF00ED00E0E5
:1022E000BB07010C6CFA000C2DE9F04F894614462F
:1022F00006464FF000084F4D85B0C84527DAD6F89E
:1023000004A0BAF1000F44D0BAF11F0F17D91AF088
:102310001F0F14D1D6F800B01BF01F0F0FD1584675
:1023200009F023FE07460AEB0B00013809F01DFEF9
:10233000874210D06FF015073F4A3B4601E0434605
:102340003E4A01213E4809F0E1FC6FF015042046A9
:1023500005B0BDE8F08F17F1160FEDD0BC42EBDDF4
:10236000C5F89870D5F89C10C5F89870D5F8A030CD
:1023700021F01F0143F01F0BD6E900321A449942A5
:1023800002F1FF3A1AD1D34507D13146F8B209F02C
:10239000F5FD08F101080C36AFE73146C5F8987035
:1023A000D5F89C30E0B263F30402C5F89C2009F034
:1023B000E5FD10F1160FC8D0441CEAE7C5F8987087
:1023C000D5F8A020013B23F01F0302F01F021343A6
:1023D000D3453146E0B2C5F8A030E8D009F0CEFDD3
:1023E00010F1160FB1D0C5F89870D5F89C209DF863
:1023F00008300BF1FF3B62F304038DF80830D5F889
:10240000A0309DF808205B0863F347128DF8082080
:10241000D6E900321344009323F01F035B44A3EB7F
:102420000A03013023F01F036946C0B20393FFF78C
:102430003FFFBEE700ED00E00708010CE107010CDB
:102440006CFA000C0522044BC3F89420BFF34F8FA5
:10245000BFF36F8F704700BF00ED00E0BFF35F8FE9
:102460000022024BC3F89420704700BF00ED00E04B
:1024700010B5034C2278FFF737FF207010BD00BF66
:102480006F1800202DE9F74F294D8A4606464FF078
:102490000008AB46274FD0451BDAD6F80490B9F1B7
:1024A000000F3FD031680846019109F05EFD0199A7
:1024B000044609EB0100013809F057FD84424FF052
:1024C00014021D4B08D002FB08F36FF015024BF805
:1024D000032003B0BDE8F08F14F1160F2C60F8D084
:1024E0001978A142F5DD02FB08B0C7F89840C7F89B
:1024F0009840D7F89C4000F10801007B64F3040089
:102500000871D7F8A0000C79400860F347140C71EB
:10251000D7F89C1021F01F016960D7F8A01021F0B6
:102520001F01296108F1010814350C36B3E700BF1B
:10253000A410002000ED00E06F180020F0B5534912
:10254000534DD1F890302C68C3F307239C4287B0D9
:1025500000F299800020FFF781FF4E4BC1F8C03098
:10256000844216D14C4D01A82C70FFF701F90026CA
:1025700007464A4CB74213D100202B784349D1F883
:102580009020C2F30722934277DBFFF75BFF002026
:1025900046E0696801EB0011FFF772FE0130DFE7EA
:1025A0000199300101EB0613DA682240B2F1807F15
:1025B00052D00AD8B2F5001F34D0B2F5800F3ED009
:1025C000B2F5801F12D00136D4E7B2F1006F43D0CC
:1025D000B2F1805FF7D15A689B680958013B22F03D
:1025E0001F00034423F01F03012032E05A689B6858
:1025F0000958013B22F01F0003440120844623F0C8
:102600001F0340EA4C10CDE902218DF8100002A909
:1026100028780593FFF74CFE00282ADA6FF01500A2
:1026200007B0F0BD5A689B680958013B22F01F00B3
:1026300003444FF0020C012023F01F03E1E75A6826
:102640009B680958013B22F01F000344062023F039
:102650001F034FF0000CD4E75A689B680958013BF0
:1026600022F01F0003444FF0030C012023F01F034E
:10267000C7E72B7801332B70A5E7C1F89830C1F874
:10268000A00001337BE74FF0FF30C9E700ED00E029
:10269000C8FB000CAAFF44006F1800200000F0FFE8
:1026A000F0B587B007460E46144600211022684652
:1026B0001D460CF0D2FD02238DF80230054B2A4650
:1026C00021466846CDE90476019308F0F3FA07B095
:1026D000F0BD00BFAFBF000C08B5024B1B689847A8
:1026E000002008BDB8100020034B044A18609378FE
:1026F00043F0020393707047B810002000010020DF
:1027000008B50649064821F00701C1F1005202F55B
:10271000002208F030FF002008BD00BF87440020E1
:10272000BC10002070B541690446867A0A4D59B143
:10273000437ADB0706D4242303FB0653DB691B68BB
:102740009B689847002363612420214600FB0650C4
:10275000BDE870400CF016BAC00400202422024BE1
:1027600002FB0030704700BFC00400202421827AA1
:10277000054B01FB02331A6A1B7D801A1B3323F0C1
:102780000303B0FBF3F07047C004002038B52424E5
:10279000827A064B04FB0233DB69D3E901240C6027
:1027A0001568FFF7E3FF04FB005038BDC0040020AC
:1027B0002DE9F04385B00546684690461C460391D6
:1027C0000CF073FCDDE90067EFF31189202383F33C
:1027D0001288BFF36F8F6B8A002B41D02A8A9A42EE
:1027E00025D900220023284607F052F90446F0B10B
:1027F00089F31188BFF36F8F039B002B41D03246C2
:102800003B4668460CF076FC2421A27A254B2046F4
:1028100001FB0233DB6903A91B681D68DDE90023A6
:10282000A847606170BB2046FFF77CFF24E0698AFF
:102830004B1E6B8289F31188BFF36F8F2B7D2A8A21
:102840002C6A1B3323F00303521A02FB0344154B7B
:10285000154AEB1A9B105343A3722B7DE372CBE70F
:1028600089F31188BFF36F8F23464246284607F04D
:102870000FF904460028BFD10024204605B0BDE86A
:10288000F0836361012300252381039B2946638232
:10289000E27A656004F118000CF0DFFC63692582C0
:1028A000E360EAE7C0040020398EE33870B52425E0
:1028B0000C4C00B970BD037A4668002BFAD0013B7E
:1028C000DBB20372002BF5D1C3604360837A05FB52
:1028D00003439B6913B198473046EAE7FFF722FFAD
:1028E000FAE700BFC00400202DE9F843002343604D
:1028F0000223037240F20113438190F837300446FB
:10290000DA0700AF00F1040828D413F0020F0CBF5F
:10291000032602264FF00109F6B24146206866738D
:1029200084F8099009F0ADFB0546C8B16C4688B043
:102930006A461F4B05931F4B93614FF400739383BB
:102940001D4B42F8103F00234FF4E2511B48FEF7A5
:1029500087FCA5462846BD46BDE8F8830126D9E791
:10296000206B09F0C7FB022341462068637209F01F
:1029700088FB054630B16C4688B06A460C4B05931F
:102980000F4BD9E7A4F86A002674206B09F0B2FB5C
:102990000C4B41462068636009F073FB0546002834
:1029A000D8D0094A4946054809F0A7F9D2E700BF3F
:1029B0005008010C7108010C0300000194FA000C8E
:1029C0007908010C801A06008008010C70B50546D4
:1029D000012009F08FFB0B26286809F092FB0446C2
:1029E000D0B10121154A164809F087F9012C18D1F8
:1029F000013EF1D10321134A114809F07EF92868FC
:102A000009F07FFB0446B0B9284600F085FB041EA0
:102A100018BF6FF085040EE0284609F03BFB044622
:102A2000E4E714F1740FE5D0002CEDD00121064A43
:102A3000034809F062F9204670BD00BF9A08010CF6
:102A400094FA000CAD08010CDE08010CF8B50D4637
:102A5000002857D041F8280B83689B694BB19847F1
:102A6000044648B1294A0121294809F046F920467F
:102A7000F8BD6FF05704F5E705F1140630460BF08A
:102A8000E6FF04460028F2D143F6982200233046A0
:102A900006F03CFF044608B11E4AE4E72846FFF76B
:102AA00023FF044618B1304609F0F2FADFE7284662
:102AB000FFF78CFF0328044614D10127284685F828
:102AC0006870FFF711FF044628B1134A39461048D1
:102AD00009F013F9E7E72846FFF778FF044648B105
:102AE0000E4AF3E730B1304609F0D2FA012385F8F7
:102AF0006830BCE7022385F868303046BDE8F8400E
:102B000009F0C6BA6FF01204B1E700BFF108010C7A
:102B100094FA000C2009010C4B09010C6409010C0A
:102B200070B505460E4C286809F01BFB58B90B26FA
:102B3000284609F041FB01280ED1013EF8D1A4F549
:102B4000F414A4F590647D207D3C0BF060FE002C15
:102B5000E9DC6FF00F0001E00028F4D170BD00BF88
:102B600080969800072300B58BB00193B0F85E30D3
:102B700000221B0402930123CDE90732C823006819
:102B800001A9099309F0DFFA28B9079B012B02BFBD
:102B90000248039B18400BB05DF804FB0880F9FD68
:102BA000372310B58AB0002201931123CDE90732F3
:102BB000C823090404460291006801A9099309F099
:102BC000C2FAD0B9079B012B0CD1039B0C4A1A40C7
:102BD00042B10C4802210C4A09F098F86FF0040049
:102BE0000AB010BD94F84B30002BF9D1039B13F0C1
:102BF000200F08BF6FF08500F2E70120F0E700BF6B
:102C00000880F9FD94FA000C8E09010C2DE9F041C1
:102C100014461E461A44036E05469A42884690B0F2
:102C200062D890F86930012B0AD10221304A31482C
:102C300009F09EFA6FF08504204610B0BDE8F081DF
:102C400000F11407002338462B4A06F05FFE38B126
:102C500002212A4A274809F08BFA6FF00F04EBE7AC
:102C6000012E14BF12231123B5F86A200490900797
:102C700048BF22460793B5F864304FF0110158BFA2
:102C800003FB04F208920322CDE90D12C822CDE91C
:102C9000014342F210730F92286801AA07A9039614
:102CA000CDF81480069309F04EFA044670B1012164
:102CB0000346134A0F4809F029F80121114A0D482B
:102CC00009F056FA384609F075FAB5E72846FFF7D5
:102CD00027FF04460028F5D001210B4A054809F0DA
:102CE00047FA6FF07304E8E76FF01504A4E700BF3C
:102CF000BD09010C94FA000CA0860100E009010C4A
:102D0000FC09010C3C0A010C190A010C2DE9F047E1
:102D100014461E469A18036E05469A428A46A0B08B
:102D200000F29D8090F86930012B0AD102214D4AB2
:102D30004D4809F01DFA6FF08504204620B0BDE82B
:102D4000F08700F1140700233846484A06F0DEFDFC
:102D500038B10221464A444809F00AFA6FF00F04DC
:102D6000EBE7012E14BF19231823B5F86A200E9340
:102D7000910748BF2246B5F864304FF0110958BF9B
:102D800003FB04F20F9203224FF0C808CDF818A0FD
:102D900042F2107ACDE91492059002AA28680EA991
:102DA000CDE90243CDF858800496CDF81CA009F077
:102DB000CAF9002842D02846FFF7B2FE0146002893
:102DC0004AD1182208A80CF048FA2846B5F85E1037
:102DD000FFF7E6FE044640BB16230422CDE9173078
:102DE0000123CDE91D90CDE90923089005F18C035D
:102DF000286808AA17A9CDE90C3ACDF87C8009F01B
:102E0000A2F9044688B91D9B012B03D1194C199BCB
:102E10001C4054B9D5F88C301BBA0121164A12480F
:102E2000009608F07DFF6FF004040121134A0E485C
:102E300009F09EF9384609F0BDF97EE72846FFF70C
:102E40006FFE04460028F5D001210D4A064809F01E
:102E50008FF96FF07304E8E76FF00F04E5E76FF0A8
:102E600015046AE7BD09010C94FA000CA086010064
:102E7000E009010C0880F9FD4D0A010C6F0A010CF4
:102E8000190A010C2DE9F041036E054693420E46E6
:102E900090468AB077D39B1A8B4274D390F86930EE
:102EA000012B0AD10221394A394809F061F96FF042
:102EB000850420460AB0BDE8F08100F11407002324
:102EC0003846344A06F022FD38B10221324A3048F1
:102ED00009F04EF96FF00F04EBE70324C823CDE9A6
:102EE00008432023019311230793B5F86A30002289
:102EF0009B0758BFB5F86430286858BF734301A9D1
:102F0000029658BF029309F01EF9044680BB2123A4
:102F1000019311230793B5F86A30013E980758BF13
:102F2000B5F86430464458BF73434FF00002286838
:102F300001A9029658BF029309F005F90446B8B9F1
:102F40002623019322230246029001A928680793B1
:102F500009F0F9F8044658B92846FFF7E1FD0446A0
:102F600030B101210D4A0A4809F002F96FF07304EB
:102F7000384609F01FF9002C9BD00121084A04486B
:102F800009F0F6F895E76FF0150492E7BD09010C1A
:102F900094FA000CA0860100E009010C190A010C4A
:102FA0007C0A010C2DE9F04105460F46904600F1E0
:102FB0001406002330461F4A06F0A8FC044638B128
:102FC00002211D4A1D4809F0D3F82046BDE8F081D2
:102FD0007B1E072B2BD8DFE803F0040B2A0E102AE8
:102FE00015252B6EC8F80030304609F0E3F8ECE701
:102FF000B5F86430F6E70123F4E72846FFF790FDC3
:103000000446F1E72846FFF78BFD20B102210C4A68
:103010000A4809F0ADF8012328686B72291D09F0F0
:1030200099F8EDE74146284609F036F9E8E76FF0F0
:103030008504D9E7A0860100E009010C94FA000C90
:10304000890A010C2DE9E04191B0054688461746F2
:103050000021182209A81E460CF0FFF810220021BA
:1030600001A80CF0FAF80623079311230D93C82347
:1030700040200F930123CDE9020342F21073074968
:10308000284641EAC8713943089101AA07A9059663
:10309000069309F021F911B0BDE8E081F0FFFF00CF
:1030A000292370B58AB0CDE9013114230025079397
:1030B000C82304460E46CDE9085300212046FFF7F9
:1030C0006FFD012815D060B9024601A9206809F0FA
:1030D00003F930B92EB194F84B20039B1AB1DB07EA
:1030E00003D40AB070BD002B0FDB642000210BF06D
:1030F00000FF0135B5F57A7FDFD105480121054A8A
:1031000009F0F8F86FF07300EBE7E364E9E700BF5C
:1031100094FA000CA50A010C2DE9F047044694B07E
:103120001022002101A80CF098F800212046FFF79A
:10313000B7FF0546002849D1B4F86A5094F83730F3
:1031400015F008051EBFC3F380052D0645F0804528
:103150009B0784F8690048BF45F4003564200BF0F4
:1031600056FB45F440112046FFF79AFF054628B16B
:103170008E4A01218E4809F0BDF827E0E36C204615
:103180005F0048BFB4F86A2001A944BF42F00202C0
:10319000A4F86A20DE0142BFB4F86A2042F020029F
:1031A000A4F86A209D0342BFB4F86A3043F040039C
:1031B000A4F86A3009F070F8054638B994F84B3035
:1031C00043B1204609F032F8054650B1284614B004
:1031D000BDE8F087204609F065F805460028F0D0E4
:1031E000F4E794F84B307BB1A36A724A934212D948
:1031F000714B274647F8043F3946206809F073F8B9
:10320000054678B16D4AB4E72046FFF7ABFC0546AA
:103210000028E9D0DAE70321694A654808F076FD1D
:10322000A36AE6E7014624220BA80CF016F829460B
:10323000182205A80CF011F82046B4F85E10FFF72C
:10324000AFFC05460028C1D13323CDE90B30112353
:103250001193C8234FF00108CDE912030823CDE9EB
:10326000063842F21073206804F18C0605AA0BA9F7
:1032700009960A9309F030F805460028A6D1D4F83B
:103280008C2002F00F03434552D0022B48D0002B74
:1032900050D0510548BFB4F86A304FEA126144BFBC
:1032A00043F00403A4F86A30D20148BFB4F86A308E
:1032B00094F84B2044BF43F48073A4F86A308B0722
:1032C00042BFB4F86A3043F08003A4F86A3042B9D0
:1032D00094F86630012B2FD803213A4A344809F07C
:1032E00009F8B4F86A8018F0020879D1414618222A
:1032F0000DA8D4F800A04FF400790BF0AEFF102316
:10330000CDE90B3911231193C823424650460BA92E
:10331000139308F0E1FF804600285FD02A4A3FE07F
:1033200012F4000F14BF0823042384F86630B0E7BA
:103330000223FAE74346F8E7334611462068FFF7D1
:1033400081FE804658BB94F89920204B12F0020071
:103350000CBF0021194612F0080F1CD112F0100FFB
:1033600008D112F0040F18D120B912F0010F124B3E
:1033700008BF0023C4E9141394F86630072BB0D9B2
:1033800094F8953084F8582084F8593094F89330A4
:1033900084F85A30A5E70E4BECE70E4BEAE70E4AED
:1033A0000121034808F0A6FF45460FE7C00A010CBB
:1033B00094FA000C3F787D0140787D010E0B010CE2
:1033C000D90A010C350B010C760B010C80F0FA02C6
:1033D00000D4650C00E1F505580B010CA4F86490CD
:1033E00094F836309B067FF5F1AE94F86630012BE9
:1033F0007FF6ECAED4F85080B8F1000F3FF4E6AEA3
:1034000094F858200121C2F3400312F0020F84F80F
:10341000673020683346C2F340020CBF4FF0010A08
:103420004FF0020AD4F82890FFF70CFE0646002859
:1034300059D194F89C3094F8672003F00F039A4216
:103440003DD002212C4A2D4808F054FF94F8483012
:10345000002B3FF4BBAEB4F86A3058077FF5B6AE28
:10346000242200210BA80BF0F8FE2046B4F85E10D1
:10347000FFF796FB064600BB06230B93012311932F
:10348000C823CDE91203022302460BA920680C933E
:1034900008F022FF064680B9119B012B03D1184E7C
:1034A0000D9B1E404EB9042339462068A37208F0D4
:1034B0001AFF064600283FF489AE124A14E0394646
:1034C000206884F80BA0C84594BFC4F80480C4F8F1
:1034D000049008F008FF06460028B7D001210A4AE8
:1034E000064808F007FF094A0121044808F002FFD6
:1034F0003546074A3DE600BF970B010C94FA000CD5
:103500000880F9FDF60B010CB50B010CD50B010C75
:10351000200C010C38B5044607F056F8204608F098
:10352000F5FEA069C8B194F86C30DB070DD5022117
:10353000154A164808F0E8FE6FF07705201D08F0E0
:10354000ECFE07F055F8284638BD0BF086F938B97F
:1035500001210F4A0D4808F0D7FE6FF01205EDE784
:10356000204601F007F805460028E7D1014624224D
:1035700004F128000BF071FE94F86C3043F0010365
:1035800084F86C30DAE700BF340C010CECFA000C64
:103590005E0C010C70B5044607F016F8204608F0E2
:1035A000B5FE94F86C30DA070DD40221254A26487E
:1035B00008F0AAFE4FF0FF35201D08F0AEFE07F020
:1035C00017F8284670BDC3F340019B0707D50221B9
:1035D0001E4A1D4808F098FE6FF07705ECE7A069D9
:1035E0000AF03EF80646A0690AF0CAF8054628B176
:1035F0000121174A144808F087FEDDE7A36F4BB19D
:103600003146204609F013F80546A0B1A0690AF03A
:10361000DFF8D1E7A0690AF05BF8A0670028EFD1D6
:1036200001210C4A084808F06FFEA0690AF0D0F8A2
:103630006FF00B05C0E794F86C3043F0020384F898
:103640006C30B9E7810C010CECFA000CA70C010CF2
:10365000CD0C010CE90C010C38B5802104468069C1
:103660000AF059F8054678B10146204601F0D6FB2C
:10367000044638B106480121064A08F03EFB2846B8
:10368000FFF714F9204638BD6FF00B04FAE700BFCE
:10369000CCFA000C180D010C38B50446806F08F008
:1036A000AAFC054608F08FFC2046294601F0B6FB2F
:1036B000044638B104480121044A08F01EFB28469C
:1036C000FFF7F4F8204638BDCCFA000C3B0D010C96
:1036D0002DE9F04F85B0074688461546994608F013
:1036E0001EFE0446B9F1000F10D0384608F01CFE4B
:1036F000012808D0FEF7A0FD6FF08502314B1A506B
:1037000005B0BDE8F08FB4FA84F4640901352146B0
:103710003846EAB208F0A4FF064630B901212B462C
:10372000294A2A4808F0F2FAE4E74568B9F1000F9F
:1037300009D02868696801AB03C32A7A01AD1A7001
:1037400007238DF8053008F10C09484608F018FFEA
:103750002A782946824228BF0246484608F067FC7C
:10376000D6F80CA0BAF1000F09D1B8F81010FB8DF3
:103770009942C5D94846C91A08F074FCC0E7DAF87E
:10378000040083681B6B13B9DAF800A0EAE721464E
:1037900098470028F8D0051F55F804BFBBF1000F6B
:1037A000F2D09BF80060002EEED0484608F0E8FE0C
:1037B000B04234BF82B232465946484608F037FC20
:1037C000EAE700BF0C0000005A0D010CCCFA000C17
:1037D0002DE9F04190F82830044603F01F03012B37
:1037E0000F4600F128062FD0022B18D08BB32046AD
:1037F00094F8291008F0D8FD024678B3304608F056
:10380000C7FE1D4D002834D113693BB33A463146FB
:10381000204698470346FEF70FFD2B5024E0818D8C
:10382000C9B201F08DF905460028E0D0304608F015
:10383000AFFE024668688368CAB99B6873B13A46AE
:103840003146BDE8F0411847818DC9B208F06CFFE0
:10385000E9E790F8291008F080FFE4E7FEF7ECFCB8
:103860006FF08502044B1A500020BDE8F081DB6840
:10387000E4E7D368C9E700BF0C0000002DE9F04F72
:103880000B7E044633F080080D46164695B00AD0EC
:103890000121A74AA74808F030FA6FF00408404613
:1038A00015B0BDE8F08F82B10846FEF7FFFF6B7ED2
:1038B000DF0704D49E07F2D52B7E002BEFD12046E4
:1038C00015B0BDE8F04FFFF7E7BE4A7E00F12809CA
:1038D000900705D5802B09D12846FEF7E7FFDEE7E4
:1038E000910700F05584002B40F05284D20734D564
:1038F0002B8A082B0DD1EA68294613680020A362A1
:103900005368C9F8043008F07AFB054640B18A4A8A
:1039100000E08A4A0121874808F0EFF900F010BC66
:10392000484608F035FEE28D70B9B2B12946A0696B
:1039300009F0DDFE0146002800F06584204615B040
:10394000BDE8F04F01F06ABA3AB11146204608F0DE
:10395000E9FF0546002800F05684FEF76DFC0023C1
:1039600094F82880764F18F0600FC351C8F34113C4
:1039700007D0032B40F0D481FEF75EFC6FF0850387
:1039800038E0484608F004FE94F82930002840F05A
:103990006781013B0A2BEFD801A252F823F000BF48
:1039A0004D3B000C7939000CD53B000C7939000CEB
:1039B000CD39000C7939000C7939000C7939000CBB
:1039C000493A000C7939000CB93A000C618D7F2915
:1039D000D2D8A38D002BCFD1E38D002BCCD118F002
:1039E0001F0FC9D194F83030022B05D1FEF724FC0B
:1039F0004FF0FF333B5083E0A069036993F88030B8
:103A00001B070DD5C9B208F0F9FD804658B1638D8A
:103A100001214C4A474808F079F9002D73D13EE75F
:103A2000012384F8393094F83030012B0AD1638DAA
:103A300043B984F83030FEF7FFFB3B58002B00F011
:103A40009A805DE00123F4E7204608F068FC628D6F
:103A50000146FF2A90D8E38D002B8DD194F82830B1
:103A6000D80689D194F83030002BBFD02AB1204637
:103A7000D2B208F01BFE0028B8D0618D94F838301F
:103A80008B42D8D02046C9B200F00EFF638D80462D
:103A900030B1012100902C4A264808F041F9BCE7DA
:103AA000002B14BF02220122052184F83020204679
:103AB0001A4608F078FFBEE708F01F08B8F1010FBA
:103AC0007FF45AAFE38D002B7FF456AF628DFF2A4F
:103AD0003FF652AFA18DFF293FF64EAF94F830303C
:103AE000022B83D12046D2B2C9B208F09FFE10F15A
:103AF000020F804640F01981FEF79EFB47F80080D8
:103B000065B14FF000082846FEF7D0FEB8F1000F6F
:103B10007FF4C5AEFEF790FB3B5863B3484608F010
:103B200037FD0346A069002B00F07083802176E307
:103B3000800D010CCCFA000CB80D010CA10D010C8C
:103B40000C000000DA0D010CFC0D010CE38D002BC4
:103B50007FF412AF94F83030002B3FF447AF012BC5
:103B6000A18D02D100297FF441AF18F01F080CD0BD
:103B7000B8F1020F16D0E38D002B40F0D48220461E
:103B8000FFF76AFD0028C9D199E600297FF42EAF1E
:103B9000638D012BEFD194F86C3061F3C30384F88B
:103BA0006C30E8E7B4F82AA0BAF1000FE3D15FFA6D
:103BB00081F84146204601F099F90346FEF73CFBA7
:103BC0003B50013300F0338352464146204608F013
:103BD000E5FC30E7E38D002B7FF4CEAE628DA38D44
:103BE000022A5FFA83FA11D108F01F085AEA08087E
:103BF0007FF4C2AE0122A069190A08F0DFFC002898
:103C00007FF4BAAE012384F8393014E794F8301009
:103C100000293FF4EBAE012902D1002B7FF4E6AE80
:103C200018F01F0812D0B8F1020FA4D1002AA2D1B7
:103C30005146204601F038F90346FEF7FDFA3B50A5
:103C4000013300F0F48201225146BFE7002B7FF4DC
:103C5000CDAE012A8FD194F86C3043F008039EE773
:103C60000A2B3FF689AE01A252F823F0993C000CD2
:103C70007939000C7939000C7939000C7939000C4C
:103C80007939000C133D000C7939000C9F40000C71
:103C90007939000CCD40000CE38D022B7FF46CAE23
:103CA00094F83030002B3FF4A1AE012BA18D02D14E
:103CB00000297FF49BAE18F01F0811D0B8F1020F55
:103CC0001CD04FF0000805F10C0A504608F058FCD3
:103CD000E38D984218D2FEF7AFFA6FF00B0389E636
:103CE00000297FF483AE94F86C304FEA930808F013
:103CF0000208C3F3001348EA0308E4E72046C9B208
:103D000008F030FE8046DEE74146504608F0A0F954
:103D100091E6628D18F01F0F4FEA1223D2B209D03C
:103D200029462046FFF754FD8046B8F1000F7FF486
:103D300074AE80E6013B0E2B3FF61EAE01A151F89A
:103D400023F000BF813D000CBD3D000CCD3D000CBB
:103D50007939000C7939000C253F000CC93D000C65
:103D60007939000C7939000C7939000C7939000C5B
:103D70007939000C7939000C7939000CB93F000C05
:103D800005F10C08404608F0FBFB83462046B4F8DA
:103D90002EA008F0C4FA20B101287FF4EDAD616FC8
:103DA00000E0216F002900F03E82DA4528BFDA46A4
:103DB0000A78524528BF524640462FE00023294644
:103DC0002046FFF785FC36E60123F8E7032120466D
:103DD00008F02AFB824600283FF4CEAD08F0CBFB6A
:103DE000B4F82EB09AF81520D8B99AF814808DF846
:103DF00031208DF83080DAF8103005F10C0A1B887C
:103E00005046ADF8323008F0BBFBD84528BFD84645
:103E10008045424628BF024650460CA908F007F9E3
:103E200009E60023DAF808108DF81D20C64A8DF83F
:103E30001C300A40C5498A4263D1102108A804F009
:103E400071FAB0F1000842DB0CAAB8F1100F4FF084
:103E50000003104628BF4FF01008DFF8F4E208A96D
:103E6000984502F102023CD803464FEA880808F15F
:103E700002085FFA88F88DF81C8005F10C0A50469C
:103E8000049308F07DFBD84528BFD846804528BF5D
:103E90008046B8F1020FC34628BF4FF0020B5046D0
:103EA0005A46A8EB0B0807A908F0C1F84FEA5803D7
:103EB0000393049B9B4603EB58025A4528D118F004
:103EC000010F3FF4B8AD039A995C5046FBE018F13E
:103ED000580F7FF451AD01219E4A9F4807F00DFF16
:103EE0004AE511F801CB01334FEA1C1A0CF00F0C14
:103EF0001EF80AA01EF80CC002F802AC02F801CCB1
:103F0000AEE79AF81480DAF810308DF81C80B4E728
:103F100050461BF8011BCDE9042308F099F8DDE9B0
:103F20000423CAE7204608F0FAF9D4E91C830028E4
:103F300008BF98460023CDF83230CDF836300A233A
:103F40008DF83030062320468DF8313008F0ECF93A
:103F5000012805D0FEF770F96FF085033B506AE544
:103F6000B8F1000F00F05F81B8F80230ADF83230E0
:103F700098F804308DF8343098F805308DF83530E5
:103F800098F806308DF8363098F807308DF83730CD
:103F900098F8113005F10C0840468DF8383008F0DB
:103FA000EFFAE28D9DF830300CA99A4228BF1A46EC
:103FB000824228BF0246FFE6204608F0B0F918B159
:103FC0000128C7D1636F00E0236F002B00F02B8125
:103FD0005B88B3F5007FBDD9604B04F14C0B0C93AB
:103FE00000238DF83430E36C9B4508BF0023BDF8F7
:103FF000322093B1597D0F2908D1197D0A44ADF8BB
:1040000032209DF8342001328DF83420226D934205
:1040100001D01B68EBE7BDF8322005F10C0A5046D1
:10402000039208F0ADFAB4F82E80039A0CA99045DB
:1040300028BF9046804528BF80464246052A28BFB3
:1040400005225046039207F0F2FF039AB8EB0208EC
:104050003FF4F1ACE36C5B453FF4EDAC002B3FF477
:10406000EAAC5A7D0F2A14D11A7D1969424528BF3E
:1040700042465046039307F0DAFF039B1A7D424500
:1040800094BFA8EB0208A8EB0808B8F1000F3FF4B2
:10409000D2AC226D9A423FF4CEAC1B68DEE794F8B6
:1040A0003030002B3FF4A2ACE38D012B7FF464ACE5
:1040B00005F10C08404608F063FA00283FF40BAE07
:1040C000404694F8381007F0BBFFB4E408F01F082E
:1040D000B8F1010F7FF48AAC204608F0D5FA002829
:1040E0003FF484ACB4F82C80B8F1FF0F3FF644AC39
:1040F00043681B794345FFF43FAC5FFA88F30F2B0D
:104100003FF63AACE38D012B7FF436AC05F10C0A97
:10411000504608F035FA00283FF4DDAD04EB080303
:1041200093F83A10D1E6484608F032FA18B9284612
:10413000FEF7BCFB23E52946204600F06FFE78B170
:104140002846FEF7B3FBE9E400FF0200000302008B
:104150009922010C1F0E010CCCFA000C050F050072
:10416000A069036993F8801011F004017FF4A7ABF4
:1041700009F0D1FA054600283FF4D0AC01462046AC
:1041800000F04CFE00283FF49AAB2B4AFFF7C2BB6D
:1041900052077FF5C3AC002B3FF49EAB2846FEF7D9
:1041A00085FB94F83930002B3FF479AB94F8293033
:1041B000052B0CD1618DA069C9B208F01FFA064623
:1041C00028B1638D01211D4A1D4807F09FFD94F819
:1041D0002930032B11D1638D022B0ED1A18D00222A
:1041E0000D0A2946A06908F0E9F9064628B101211F
:1041F0002B46144A124807F089FD0023B04684F884
:104200003930FFF74CBB6FF00B0687E4E38D002BD2
:104210003FF48CAC16F10C0118BF0121C90109F063
:104220007FF9FFF74CBB6FF01508FFF7F6BB4FF0B7
:10423000FF38FFF7F2BB00BF410E010CDA0D010C95
:10424000CCFA000C650E010C0B7810B4062B14D1BF
:104250000369D3F89C20EFF31184202383F31288A1
:10426000BFF36F8F00204B681860506A58B9C2E9DD
:10427000083384F31188BFF36F8F002200230348B3
:1042800010BC0AF0D5BB03605362F2E7880400203B
:1042900030B589B0002200230024CDE906236FF059
:1042A00007034FF48062CDE90334CDE90144154B97
:1042B00015490094154805F0A9FE154913480AF060
:1042C00033FD144B14498B4207D30020134B144980
:1042D0008B420CD3002009B030BD03F11402D2E8A8
:1042E000EF0FC2E8E54F002DF9D11833EBE703F1EA
:1042F0001402D2E8EF4FC2E8E50F002DF9D11833D0
:10430000E6E700BF7D43000C781B0020C80A0020B0
:104310004FFF000C840500209C0500209C05002018
:10432000B405002038B50D4608F0AEF930B90121CA
:10433000BDE838400F4A104807F0DFBCC46804B934
:1043400038BD2B78032B05D0052B0ED0022B08D0BF
:104350002468F4E7606883685B69002BF8D09847AD
:10436000F6E7606883689B69F7E760688368DB69E4
:10437000F3E700BF8C0E010CDCFA000C2DE9F043D2
:104380004FF0200885B000AF4FF0FF334FF0FF3201
:104390007248391D05F056FAFB681B69D3F89C403A
:1043A000236A93B1EFF3118288F31288BFF36F8F02
:1043B000256A2DB1616A2B688D42236208BF636252
:1043C00082F31188BFF36F8FC5B93B79062BDBD021
:1043D000072BD9D801A252F823F000BF5944000C92
:1043E0004D44000C8144000C5F44000CB744000CA9
:1043F000A344000C8943000C4B45000C2B7E29463E
:104400005E062046D5F81E201DD1FFF737FA064676
:104410000028C5D0E9468AB06A462B7ECDE907352B
:1044200005234F49CDE9051042F8103F00234FF412
:1044300021514C48FCF714FF3246CD460721204657
:1044400008F0B1FAACE708F07FF9E0E700220121BB
:10445000204608F0A8FA97E700221146F8E794F8FA
:104460006C3043F0040384F86C3094F83030022B45
:1044700003D12046391DFFF755FF00220321E7E74E
:1044800094F86C3023F0040384F86C3094F83030E6
:10449000022B03D12046391DFFF744FF00220221E1
:1044A000D6E794F83030022B7FF46EAF2046391DEA
:1044B000FFF738FF68E794F86C30A66923F004032F
:1044C00084F86C30D6F808903369A033D3E8AF3F56
:1044D0009A071ED53046D9F83C309847D9F8243091
:1044E0000021304698470546D9F840303046984775
:1044F00095B11D4A01211B4807F0FFFB0022042152
:10450000204608F050FA002D3FF43EAF2A4607211E
:104510009EE74FF0FF35ECE72946204600F0C4F94E
:10452000054608B1114AE5E7A06909F013F9831EB1
:104530005842584194F86C3084F8305023F06803A6
:1045400043EA401384F86C30D8E70121084A054853
:1045500007F0D3FB0621BA687AE700BF8804002081
:10456000BB0E010CDCFA000CE50E010C130F010C64
:104570003F0F010C38B5024605460C49806909F029
:1045800047F9044630B10121094A0A4807F0B5FB52
:10459000204638BD85F83800284600F043F9044627
:1045A0000028F5D0A86909F062F9F1E74942000C4A
:1045B0004F0F010CDCFA000CF8B501231D460C6806
:1045C000002C35D063F07F02D6B202F07F021032A9
:1045D00024FA02F7FF0716D5046824FA02F7FF074A
:1045E00008D4334613480121134A07F08FFB6FF0BC
:1045F0001500F8BD05FA02F224EA020404600C6812
:1046000024EA02040C60DC40E6070ED5026822FAB8
:1046100003F4E40700D4E5E705FA03F422EA040210
:1046200002600A6822EA04020A600133102BC6D134
:104630000020DEE704FB000C760F010C2DE9F04FA3
:104640000026536891B0D4680A90089106920293AC
:104650000E96039674B9039B029A09339BB293702A
:104660001B0AD370069B1671DC68002C40F0C780D3
:10467000A346AEE04FF0000A6068CDF83CA0836826
:104680001B6B002B00F0AC8008999847002800F0C5
:10469000A7803546C4E903AAA0F1040959F8043FEC
:1046A0000BB11A789AB9B54240F29780E3680F9A35
:1046B0001343E360606883689B6A002B00F092807C
:1046C00098478346002800F09080534A7DE05A784E
:1046D0000B2A08BF9D70D9F800305A78042A10D1EF
:1046E000E2680F990A43E260DA78002A5CD101227D
:1046F0009D702369AA40134301352361EDB2CDF8C3
:104700003CA0D9F800707B78052BC7D16FF0120B55
:104710004FF001080A9B9B69099379793A790E9BBE
:1047200042EA0122ADF8362097F902205FFA88F1BB
:10473000002AACBF424641F080010493B7BF4BB2A0
:104740004FFA88F321F080020793A8BF0793049BD8
:10475000B8BF103223FA02F0C0072CD40F9B23FA03
:1047600002F20593D30726D4BB79FA78099800930F
:104770000DF136030B9108F049FE0B998346D0B931
:10478000079BB970002B4FF00103BCBF21F08001E3
:1047900010318B4004980599BDF836201943184311
:1047A000CDE90E01BA8079E76A1E9A700FA90EA8AA
:1047B000FFF702FFA3E708F10108B8F1100FACD131
:1047C000BBF1000F3FF46AAF144A0121144807F00F
:1047D00094FA584611B0BDE8F08F6FF0150BF3E76F
:1047E000354667E76FF0850B6FE76068089907F05B
:1047F0007BFF039B2E460344246803932AE7E36868
:1048000004F10C01A3600EA8FFF7D6FE08B92468D6
:104810002BE76FF0150BDCE7B70F010C930F010CC2
:1048200004FB000C70B5836905461B69026F93F8A1
:104830008030C3F34113022B0CD0032B0CD0012B7F
:104840000CBF10230823D371EE6D3EB96E6DBEB957
:10485000344611E02023F6E74023F4E732460121F5
:104860002846FFF7EBFE044640B173685B790B4ABC
:1048700001210B4807F04AFA204670BD3668E4E78C
:10488000324600212846FFF7D9FE044618B1736866
:104890005B79044AECE73668D9E700BFDB0F010C0F
:1048A00004FB000CFE0F010C2DE9F04105460E46FD
:1048B00007F035FD95F83830804633B3284607F0C9
:1048C000E3FE0746F0B10146284607F05DFF1022DF
:1048D0000446002105F13A000AF0BFFC002385F8E8
:1048E0003830FF683FB984B119491A4807F0ABFE68
:1048F0002046BDE8F081786883685B6A03B1984719
:104900003F68EFE76FF03C04EEE71EB985F83860CA
:104910000024EDE732464146284607F0A1FE07464F
:1049200090B10246284607F059FF04460028DFD11F
:1049300085F83860FC68002CEAD0606883681B6AE0
:1049400003B198472468F6E76FF03C04D0E700BF56
:104950002B10010CC4FA000C2DE9F04105460F465E
:104960001446D2F8048007F072FE95F86C30D9072F
:104970000BD54749474807F066FE6FF00F07281D23
:1049800007F06CFE3846BDE8F081012F0AD12846B9
:1049900007F0CAFC30B940493E4807F054FE6FF0BA
:1049A0008507ECE798F807309A0607D5AB691B69CD
:1049B00093F880309B0701D43849EDE71FB1012FF0
:1049C00006D03749E8E7EB6D2BBB05F1540603E051
:1049D0006B6DABB905F15C06002233680BBB002F91
:1049E000D5E91C2308BF13465B7C626803F1010311
:1049F000DBB25371D5E91C1208BF0A46537422E09A
:104A00009C4206D12749234807F01DFE6FF0150789
:104A1000B5E71B68DDE79C4201D12349F3E71B683A
:104A2000D2E79C4221D12368CAB9726833609442AC
:104A300000D173600023236063685B7902211B4A05
:104A4000144807F063F9A168B9B1284607F006FDDC
:104A5000074668B116490F4807F0F5FD8FE7136068
:104A600073689C4208BF7260E4E71A461B68B5E7AA
:104A7000A06807F080FD88F80600002323607368B3
:104A80001BB9C6E90044002779E71C607460FAE7A7
:104A90006D10010CC4FA000C8F10010C4910010CB0
:104AA000AD10010CCD10010CEA10010C0711010C26
:104AB0002411010CF8B5054600AF29B301290BD12B
:104AC000184C194E2BE0636828461968FBF7B2FAB8
:104AD000B8B11834B442F6D36C4688B06A46134B6A
:104AE000CDE905354FF40073ADF81C30104B42F89A
:104AF000103F00234FF4E2510E48FCF7B1FBA546EE
:104B000000242046BD46F8BD0B4C0C4EE2E763681E
:104B100028461968FBF78EFA0028F2D01834B44200
:104B2000F5D3D9E79C050020B40500205B11010CEA
:104B300003000001D4FA000C840500209C0500202D
:104B400070B5012501F07F0311F0800F18BF1033FD
:104B50009D4090F830300446022B06D001210C4ACB
:104B60000C4807F0CAF8002070BD90F8386007F0D4
:104B7000D6FB32460146204607F072FD0028F2D0EF
:104B8000C0680028EFD083681D42EDD10068F8E7C7
:104B90007911010CD4FA000C2DE9F84305460846BA
:104BA000114616469846FFF785FF0446002843D075
:104BB000284607F092FD95F86C30DA0702D5204AB6
:104BC000012109E0D4F8049004F11407D7E8AF3FBD
:104BD000DB070CD502211B4A1B4807F08EF86FF04B
:104BE0000F04281D04F004FF2046BDE8F883D9F81F
:104BF00004301BB1AB4201D0144AE1E742463146D2
:104C0000284607F02DFDA0B10023236003696BB98E
:104C1000C0E90344D7E8EF3F43F00103C7E8E23FB0
:104C2000002AF7D10024C9F80450DAE71C600461B7
:104C3000F0E76FF03C04D4E76FF01204D4E700BF54
:104C40006D10010C9E11010CD4FA000CC011010C66
:104C50002DE9F047012981461646984600AF33D129
:104C60002C4DDFF8B4A028E0B8F1000F04D0414685
:104C7000284607F022FDF8B9696833460122484604
:104C80000968FFF789FF0446B0B16B686D468AB0CA
:104C90001B686A462149C2E905134FF40073138467
:104CA0001F4BD66142F8103F00234FF411511D48AD
:104CB000FCF7D6FAAD4603E018355545D4D30024A9
:104CC0002046BD46BDE8F087F9B16FF08504F7E7EF
:104CD00018355545F3D2B8F1000F05D041462846A6
:104CE00007F0EBFC0028F3D1696833460022484600
:104CF0000968FFF751FF04460028E9D06B686D464C
:104D00008AB06A461B680849C5E7084DDFF820A04D
:104D1000DFE700BF9C050020B4050020F511010C61
:104D200004000001D4FA000C2212010C84050020BA
:104D30009C0500202DE9F04F83B000AF7B6097F811
:104D400030304C680E463B608146904607F0E7FAEB
:104D5000A36801461B6B33B96FF0150420460C376E
:104D6000BD46BDE8F08F204698470028F4D00024C7
:104D7000051F06F10C0A55F8041F09B10B782BB971
:104D8000002C14BF00246FF03C04E7E74B78042BA1
:104D90000ED1002C3CD18B787A689342EBD1CB7842
:104DA0003A689342E7D10B79002BD7D00124E2E790
:104DB000052BE0D1002CDED0B8F1010F91F802B044
:104DC00009D0B8F1020FF1D152465946D9F818006E
:104DD00007F092FD04E05246D9F8180007F070FD84
:104DE00004460028E2D06D468AB06A46F368CDE9F1
:104DF00007B3062307490990CDE9051842F8103F8B
:104E000000234FF441510448FCF72AFAAD46A5E7C8
:104E10000024A3E75A12010CFCFA000C2DE9F04122
:104E20000B7E0C465906054637D16BB307F0B7FA2F
:104E300040B11B4801211B4A06F05FFF4FF0FF30D5
:104E4000BDE8F0812846D5F87080268AEF8D07F0FE
:104E500066FAF8B1421E534253419B01228A9AB12D
:104E6000BE42324628BF3A46E98D91420CD9B2FB88
:104E7000F3F103FB11223AB994F91830002BBEBFAD
:104E8000637E43F0080363762146A869BDE8F041DC
:104E900008F0A0BB98F80730E0E76FF01500CFE707
:104EA000F4FA000C9612010C70B5064680690C46A7
:104EB00008F036FB054638B102212346094A0A4864
:104EC00006F024FF284670BD012214F0800F18BFA1
:104ED00024F08004736B18BF1034A2401A4372632D
:104EE000F0E700BFAA12010CF4FA000C70B50546F9
:104EF00080690E4608F03EFB044638B10221334675
:104F0000054A064806F002FF204670BD314605F10D
:104F1000340007F0C7FCF7E7C112010CF4FA000CEB
:104F200070B50646EFF31181202383F31288BFF397
:104F30006F8F1B4D2A6881F31188BFF36F8F526802
:104F400092F86C20D20705D4BDE870400A220023F5
:104F500004F0E8BFEFF3118283F31288BFF36F8F81
:104F60002C682CB1696823688C422B6008BF6B6089
:104F700082F31188BFF36F8F44B1606804F10801B8
:104F8000C36998472146074809F002FD2B6833B1F1
:104F90003046BDE870400022002304F08FBF70BD92
:104FA000C81000203004002030B585B0CDE90012D3
:104FB000054600220023144803A904F0AFFB024673
:104FC000E8B9DDE90001039B5D60083383E8030075
:104FD000EFF31180202383F31288BFF36F8F039BBD
:104FE0001A600A4A516861B9C2E9003380F3118836
:104FF000BFF36F8F00220023054804F05FFF05B068
:1050000030BD0B605360F1E730040020C810002071
:1050100000000020D3B5002600270446CDE9006734
:10502000054806F0D5FF28B1230658BF00230476B3
:1050300058BF038202B0D0BDC00400202DE9F0416A
:1050400082B000234FF0300805691D4C1D4E02AFA1
:1050500028602B7785F82030B442234601D3002006
:105060001AE095F820001034022818D96C4688B050
:105070001B6802AA1449C2E905134FF40073938315
:10508000124B42F8103F124800234FF4E251FCF754
:10509000E7F86FF00B00A546BD46BDE8F081431C64
:1050A00085F8203008FB005054F8043C243000936D
:1050B00054F8101C54E9032307F0ECFDCCE700BFC3
:1050C0003C2A010C4C2A010CEB12010C03000001DC
:1050D0000CFB000C1FB5CDE9010103924FF0FF322C
:1050E0004FF0FF3301A9034809F0A2FC002005B0EE
:1050F0005DF804FB6004002013B54B781446FE2BCA
:1051000015D14B889BB9CB888BB1036993F82030BC
:105110000BB1013BDBB201220DF1070104F10C00E0
:105120008DF8073006F083FF002002B010BDFDF7B8
:1051300083F86FF08502014B1A50F5E70C00000070
:105140001FB500230190CDE902334FF0FF324FF03D
:10515000FF3301A9024809F06BFC05B05DF804FBC0
:105160006004002008B54B78FF2B07D14B882BB982
:10517000CB881BB9FFF7E4FF002008BDFDF75CF802
:105180006FF08502014B1A50F6E700BF0C000000DB
:1051900010B504690321074A074806F0AEFD04F183
:1051A0001803D3E8EF1F21F00101C3E8E21F002A32
:1051B000F7D110BD0213010C0CFB000C38B50446EE
:1051C00005690321094A0A4806F097FD05F118030D
:1051D000D3E8EF1F41F00101C3E8E21F002AF7D135
:1051E0002046BDE83840FFF7ABBF00BF0A13010CF3
:1051F0000CFB000C2DE9F041044617460E460068F2
:1052000007F0F7FB31463A468046FFF703FFD4F834
:10521000DB300546DB1B0146C4F8DB30206807F0B5
:1052200086FB88B10B4A434601210B4806F06EFD10
:105230003146204607F061FC2846FDF737FB204643
:10524000BDE8F04107F03CBCA37F0133A377BDE884
:10525000F08100BF1113010C0CFB000C2DE9F84F7D
:105260000446006807F0DAFB4FF030090746E37F99
:10527000012B1ED82368D3F810B0D3F804A09BF8F4
:10528000C16009FB06B62436304607F029FD3146D9
:1052900002468046504607F0D7FB9BF81F30054674
:1052A00033B1A8EB00023146504607F0CDFB05466E
:1052B0000DB9BDE8F88F204607F083FB2A4601466A
:1052C00006463846FFF7A6FE05460146206807F069
:1052D0002EFB80B101213B46094A0A4806F016FD23
:1052E0002846FDF7E3FA3146204607F006FCBDE804
:1052F000F84F07F0E5BBE37F0133E377B7E700BF83
:105300001113010C0CFB000C2DE9F04FC34F89B0B9
:105310004FF0FF324FF0FF33C14805A904F092FA75
:10532000059E069D3469002D40F096800321BD4AFC
:10533000BD4806F0E2FC04F12406257794F82030FD
:105340009D42C0F2838004F11803D3E8EF2F22F0CE
:105350000202C3E8E12F0029F7D1D3E8EF1F21F0C3
:105360000401C3E8E21F002AF7D104F11803D3E8CF
:10537000AF3FDB07CCD5237F022B00F0A381032BAB
:1053800000F09C8153BBDDF814A0DAF81050EB7FDD
:1053900023BB504607F042FB8146284607F011FB2D
:1053A0004FF40072014606464846FFF733FE80463A
:1053B0000146504607F0BBFA002800F07B8101212E
:1053C0004B469A4A984806F0A1FC4046FDF76EFA13
:1053D0003146284607F091FB07F072FBA37F002BB4
:1053E00096D1237F012B40F09281302304F1C30634
:1053F00094F8C150304694F8C21003FB054500F004
:1054000075FA2435024631462369284600F08CFAA5
:105410000646C4F8E400284607F058FC81462846B2
:1054200007F059FC8046284607F05AFCD4F8BC2007
:105430003044002A40F04F81002840F04781284640
:1054400007F075FC003818BF012040E1304607F036
:1054500034FC0135303671E7DDF81C80D6F804A045
:1054600095F81890B8F1000F21D02B8A18F1710F20
:105470006D48009308BF02214B4616BF01216C4ABC
:105480006C4A06F04DFC304695F8188007F0C6FAD5
:10549000804540F00381E37F013BE3772046696963
:1054A00007F02BFB2946504607F059FA5DE73046D6
:1054B00007F0B4FA484540F0A380237FD5F80C806C
:1054C000B5F810B0002B55D1BBF11F0F49D1D8F85A
:1054D0000030BB4245D1414604F1B40308F11C023F
:1054E00051F8040B914243F8040BF9D10A881A8051
:1054F0008A7842219A70552384F8D330532384F854
:10550000D43084F8D630D4F8B830D4F8BC20C4F8FD
:10551000D7300023C4F8E03094F8C030C4F8DB2062
:105520009A0684F8D5100FD194F8C12094F8203051
:105530009A4209D294F8C230013B0F2B04D80123C0
:1055400084F8DF3023779EE703213B4A364806F094
:10555000D4FB206807F058FA022384F8DF300423D4
:10556000F0E70321354A304806F0C7FB204607F034
:10557000A7FA88E7032B86D1302394F8C19003FB68
:105580000949D4F8E03009F124095B44C4F8E0305B
:10559000BBF1000F16D0484607F0A2FB90B1414680
:1055A0005A46484607F0AEFB804628B902215B46C2
:1055B000234A1D4806F0AAFBD4F8DB30A3EB08030E
:1055C000C4F8DB30D4F8E020D4F8BC309A420ED2D4
:1055D000484607F085FB00287FF455AFD4F8E0205B
:1055E000D4F8BC309A4202D2206807F023FA484629
:1055F00007F09DFB003818BF012084F8DF00AEE7FC
:10560000304695F8189007F0F4F981457FF43BAFE8
:10561000237F052B16D184F81C8034E75553424371
:10562000600400203613010C0CFB000C1113010C5C
:105630005313010C7713010C9813010CAB13010CDD
:10564000B713010C022B7FF41EAF4FF030092A8AEA
:10565000D4F8E03094F8C1801344C4F8E0302368F3
:105660001969D3F804B091F8C13009FB0311243152
:105670000846039107F034FB03990246584607F0A9
:10568000E3F900287FF4FFAED4F8DB3013B12068D3
:1056900007F0BAF909FB08402430A9E7304695F82D
:1056A000188007F0A6F9804502BFA37F03F1FF33FE
:1056B000A377F3E6EB7F0133EB778FE62046FFF726
:1056C000CDFD8BE6204607F028FA87E6022084F815
:1056D000DF0004231AE094F9C01040B900292068C3
:1056E00002DA07F091F9AAE607F0A4F9A7E6002983
:1056F00014DA904202D8B9F1000F06D1206807F001
:1057000083F9022384F8DF30E3E702232377237F42
:10571000022B0ED1204607F000FAF9E5904202D89C
:10572000B8F1000F03D1206807F084F9E9E70323FB
:10573000ECE7032B03D12046FFF790FDE8E5042BAF
:105740007FF4E6ADA37F2BB101211D4A1D4806F071
:10575000D4FADDE5206807F04CF98046204607F0D2
:1057600030F90546024604F1D30304F1DF0153F892
:10577000040B8B4242F8040BF9D11B7829461370B5
:1057800040460D22FFF746FC06460146206807F01A
:10579000CEF878B10C4A434601210A4806F0B6FA21
:1057A0003046FDF783F82946204607F0A6F907F0B2
:1057B00087F9ADE5A37F0133A37705232377A7E519
:1057C000DD13010C0CFB000C1113010C802938B502
:1057D0000D46144621D083290DD019BB8023537167
:1057E00083230320117193710023E070237065708F
:1057F000A370043038BD02231371012353710023B9
:1058000093710A23D37108224168A01809F03FFD63
:10581000064B0E201B882382E6E7044B02201B88E0
:105820009380E1E76FF08500E4E700BF1202010C0E
:105830002DE9F0418769D0F82480BA4228BF3A4662
:10584000B2FBF8F40646C2692346006806F048FB3E
:105850000546C0B9B7FBF8F7A7420BD100220521D6
:105860003068FBF7BDFF28B101210A4A0A4806F05B
:1058700044FA0125F3692344F3613DB10020074B4D
:10588000B362BDE8F08100240125E7E7706A604358
:10589000F7E700BFFE13010C0CFB000C0203000C29
:1058A00081420B4607B509D302210D4A0D4806F087
:1058B0002DFA6FF0150003B05DF804FB6AB10139F1
:1058C0001144814201D28B4207D90221009305483D
:1058D0001346054A06F024FAEBE70020EBE700BF89
:1058E0001514010C0CFB000C2C14010C0C290346A4
:1058F000084616D11B78252B12D009D8122B10D8A8
:10590000084A42FA03F313F0010F08BF062070475C
:1059100003F0FD02282A03D05A2B08BF0A20704743
:105920000A207047F6FFFBFF2DE9F041984690F8FA
:105930002C3086B023F00C0380F82C300023C0E913
:1059400004338361062A04460F460B7840F0108129
:105950000BBB4B795B0724D490F82C309F070DD4F8
:1059600002234FF468521946002584F8283084F841
:1059700029106285284606B0BDE8F08107F00CF9D1
:105980000028EDD1002319461A46EDE70223052130
:1059900045F20232E8E7032B36D14E7916F00406C1
:1059A00004D0022305214FF41052DDE790F82C308B
:1059B0008DF8076043F0040380F82C307023ADF8B5
:1059C000043090F829300D7903F00F038DF806307C
:1059D0000A23122D28BF12258DF80B30438D2A463D
:1059E0005BBA404601A98DF808608DF809608DF812
:1059F0000A600396ADF81030ADF81260ADF814608F
:105A000009F01EFCA662B5E71B2B00F0898009D8BF
:105A1000122B1AD01A2B61D00121B54AB54806F0D5
:105A200075F9BEE71E2BF7D14B795E07B9D40B7918
:105A300013F0030300F09780012BA3D190F82C30D2
:105A400043F0010380F82C309CE74B795E07A8D423
:105A500090F82C3043F0040380F82C304A7812F090
:105A600002061FD1D5078B7822D5B1F803504246E4
:105A70001946FFF7ABFE6DBAADB285420BDAB7F847
:105A800003506DBAADB200231A4684F8283084F86A
:105A9000296062856EE742462046B978FFF796FE98
:105AA000051EF0DA022305264FF410520025ECE71C
:105AB0002BB10221904A8F4806F028F9F2E7B1F89D
:105AC000035041466DBAADB207F09CF8232DD6D9EC
:105AD0004146204607F096F82425D4E74D7915F085
:105AE00004057FF45EAF90F82C3043F0040380F897
:105AF0002C308B783F2B0ED1CE78002ED2D10D7961
:105B00000323042D28BF042540462A4601A90193FA
:105B100009F096FBB7E7022305264FF41052B4E7CD
:105B20004B7959073FF53DAF3B791A090CD19A07DC
:105B30000AD5DB0715D494F82C3003F00303032BAC
:105B40003FF424AF002305E094F82C209707C2F31C
:105B50004003F0D594F82C2063F3410284F82C2004
:105B600010E70123F6E790F82C2063F30002F5E735
:105B70000A2A7FF451AF2A2B1AD8222B7FF64CAF7A
:105B8000A3F12302072A3FF647AF01A151F822F003
:105B9000075C000C195A000C895C000C195A000CA7
:105BA000195A000CFD5C000C195A000C555D000CD4
:105BB0005A2B7FF431AF4D7A15F004057FF4F1AE26
:105BC00090F82C3043F0040380F82C308B783F2B76
:105BD00040F0E380CE78002E40F0DF804FF4C063C9
:105BE000CDE90136B1F8075040466DBAADB2082D87
:105BF00028BF082501A92A4609F022FB3246334670
:105C000084F8282053E07B7A13F004037FF4C9AEB4
:105C100001AEADF80430B370082390F82C208DF855
:105C2000073042F0040280F82C2006F0B5FF00286F
:105C3000B5BF4FF0FF3302220322236A8DF80C20F8
:105C4000A8BF1BBA0293636A31461BBA8DF80D30A8
:105C5000C3F30722C3F307438DF80F3094F82C30B9
:105C60008DF80E2043F0040384F82C30B7F8075069
:105C700040466DBAADB20C2D28BF0C252A4609F05E
:105C8000DFFA0023A36275E67E7A16F004067FF43D
:105C900088AE90F82C3043F004039D0780F82C3038
:105CA00009D402264FF46853002584F8286084F84C
:105CB000296063855EE606F06FFF0028F1D1236A54
:105CC000A3B1013B1ABA22F07F421B0694F82C00C4
:105CD000616A134309BA40F0040084F82C000825D7
:105CE000C8F80030C8F804100023DEE71A46EDE7D4
:105CF0007314010C0CFB000C5614010C7B7A580732
:105D00003FF54FAE94F82C30D7F8026043F004030F
:105D10009907B7F8075084F82C307FF521AE20465C
:105D200006F03AFF00287FF41BAE6DBA36BAADB26A
:105D30002A463146206AFFF7B3FD20B10223052130
:105D40004FF4045210E6174B2361636AE6616B431C
:105D5000A36117E67B7A5A073FF523AE90F82C3003
:105D6000D7F8026043F00803B7F8075080F82C30EA
:105D70009B077FF5F5AD06F00FFF00287FF4F0AD2F
:105D80006DBA36BAADB22A463146206AFFF788FDB1
:105D90000028D3D1044B6361D7E7022205264FF4D4
:105DA00010532DE767CC000C3158000C002103691B
:105DB000426883F8CC105268C3F8D820034AC3E97C
:105DC000372003F1D000FBF75FBD00BF20FC000CC3
:105DD0000121024A024805F090BF00BF8E14010C59
:105DE00044FA000C70B5054603F0B0FA0446084EBC
:105DF0006B6863B103F0AAFA031BB34203D9BDE891
:105E00007040FFF7E5BF022008F001FDF0E770BD2C
:105E1000BFD4010038B54568D5E9010183681B6826
:105E20006BB19847041E0DDA14F1780F0AD023469F
:105E3000184A0121184805F069FF204638BD6FF067
:105E40005704F4E76868E96883681B6843B19847BA
:105E5000041E08DA14F1780F05D0104A2346E8E74B
:105E60006FF05704F9E72B69984701222B681A70E5
:105E70002868FFF7B7FF2B7D13B100222B681A703B
:105E80002A680024137843F0020313702868FFF790
:105E9000A9FFD2E7BD14010C44FA000CE114010C77
:105EA000F8B504690D4600AFA034D4E8AF3FC3F3A2
:105EB0008003994218D1164A164B6E4688B00029C5
:105EC00018BF13466A461449CDE905134FF4007311
:105ED000ADF81C30114B42F8103F00234FF4E45151
:105EE0000F48FBF7BDF9B5464DB1D4E8EF3F43F09D
:105EF0000403C4E8E23F002AF7D1BD46F8BDD4E868
:105F0000EF3F23F00403C4E8E23F002AF5D0F6E7B0
:105F10003415010C3C15010C4315010C0300000164
:105F2000B4FA000C2DE9F0470546894690461F4615
:105F3000D0F808A007F0B2F90446C0B1067DF30717
:105F400009D5037E16480121164A05F0DFFE6FF0E1
:105F50007700BDE8F0873B464246494607F05EF9C8
:105F600040B9237E0121104A0D4805F0CFFE6FF0A5
:105F70001200EEE79DF8203026F0060684F819801E
:105F8000678323772675DAF8183021462846984724
:105F9000B0FA80F3227D5B0963F300022275D8E733
:105FA000B4FA000C5515010C6F15010C70B50546BF
:105FB000866807F073F90446D0B1037DDB0708D487
:105FC000037E0D4801210D4A05F0A0FE6FF0770019
:105FD00070BD0146F3692846984738B1237D03F028
:105FE0000103227D63F300022275F1E70346F8E71F
:105FF0006FF01200ECE700BFB4FA000C9115010C31
:106000002DE9F3411746D0F808800546D8F83C3012
:106010000E4698470022002339460B48FCF7C8FB80
:10602000044670B901213B46084A0948009605F02C
:1060300077FE2846D8F840309847204602B0BDE8A1
:10604000F0810676F5E700BFE4040020AC15010CF2
:10605000B4FA000C042903D849B96FF01500704751
:10606000052914BF6FF015006FF08500704762B905
:10607000436803291B6803F5805308D0042908D01E
:10608000022914BF02220422DA7300207047012281
:10609000FAE708499A7311F8010B0132352A83F89F
:1060A0002000F8D10822DA739A7C42F002029A7436
:1060B000EBE700BFAA22010C70B543680021064639
:1060C0001D68FFF773FF044648B110F1780F06D042
:1060D0000C4A01210C4807F0ABFC204670BD802122
:1060E0003046FFF763FF044620B110F1780F01D06E
:1060F000064AEEE705F580535A78002402F0BF0205
:106100005A70EAE7DA15010CBCFA000C0116010C12
:1061100070B503699022D3F8A4504368002105F1BB
:10612000A0001C6809F099F84022FF2105F598703D
:1061300009F093F84021284607F08AFC4FF6FF73D8
:10614000984207D136480121364A07F071FC6FF0BA
:106150000B0070BD344AA5F83001A5F85001D36991
:10616000372043F48033D36107F08AFE012342F2E3
:10617000107623602368DB0702D4E369D8070DD5C6
:10618000013E07D2294A2648012107F051FC6FF051
:106190007300DEE7012007F073FEEBE7002EF1D07D
:1061A00042F21076236843F400732360236843F4BB
:1061B00080732360236843F002032360E369990737
:1061C00007D5013E01D21A4ADDE7012007F058FE4B
:1061D000F4E7002EF7D020232361A369DA071CD54A
:1061E00004F58054D4F82435002243F00203C4F8A7
:1061F00024350024002385F8104205F5F07003F0E3
:1062000091FE2046A5E7012007F03AFEA369DB07CF
:10621000E6D4013EF7D1074AB5E7074EF6E700BFDF
:10622000BCFA000C2716010C008000444216010C39
:106230005F16010C8216010CA0860100F0B50369FF
:1062400089B0D3F8A47043680646694607F5F07034
:106250001D6808F038FD002105F58053D9801981AB
:10626000D97224233046EB60FFF7A0FE044650B1FC
:1062700010F1780F07D0204A0121204807F0D8FB01
:10628000204609B0F0BD80213046FFF78FFE04465E
:1062900020B110F1780F01D0194AEDE742F21174E4
:1062A0002B6823F002032B60EB69990717D40123B5
:1062B00042F211742B602B68DA0716D4EB69DB0706
:1062C00013D49022002107F1A00008F0C6FF40225D
:1062D000FF2107F5987008F0C0FF0024D0E7013CCB
:1062E000E5D0012007F0CCFDDEE7013CE9D001203C
:1062F00007F0C6FDDFE700BFDA15010CBCFA000CA1
:106300000116010C38B5436804461D680369A033C3
:10631000D3E8AF3F5B0707D411480221114A07F0C9
:1063200087FB6FF00C0038BD05F580556B7803F0E6
:10633000FD0343F004036B700021142008F0D9FD25
:106340006B78002103F0FB0320466B70FFF7A8FD7C
:1063500000220221204606F0CCFF0020E3E700BF28
:10636000BCFA000C9816010C2DE9F04F036987B0B8
:10637000D3F8A440436880461D6805F580566B69D4
:1063800096F80A907788B2885FFA89F992B20192FA
:106390009A0642BF20226A61EA605807BFB250D510
:1063A0004FF0040A19F0040FC5F814A039D00025E5
:1063B00004F5BA7084F89C50C4F8C851A4F8CC51C4
:1063C00007F06FFD04F5BC7007F06BFD04F5C070BD
:1063D00007F067FD04F5C27007F063FDF388402005
:1063E0009BB243F00103F380B57307F067FA51469F
:1063F00000F00F0086F8620086F86300B4F83031D0
:10640000C3F30C03A6F86430B4F85031C3F30C03A3
:10641000A6F8663004F1880007B0BDE8F04F07F039
:106420002DBD19F0010F04D0082104F1880007F0F8
:1064300025FD19F0020F04D0102104F1880007F0A7
:106440001DFD0022B273B17CCBB2490707D5B37CE6
:1064500003F0FB03B37484F89C20B37CDBB2DA0650
:106460001FD5B37C43F08003B374002384F89C30C1
:10647000B37CDBB2DB0749D5326AC4F89420336AB7
:10648000C4F898301B0C1BD1B37C43F04803B374A1
:10649000032384F89C30012104F1880007F0EEFC0E
:1064A00034E094F89C20032A30D801A151F822F05E
:1064B0007564000C0365000C5F65000CF564000C4E
:1064C000100605D5B37C43F04003B3740123E0E725
:1064D000B27C42F04002B274022284F89C20D4F8CC
:1064E0009420A4F8CA31C4F8CE21D4F89820C4F876
:1064F000D221D0E7F90709D5002384F89C30022186
:10650000CAE7FA0702D513F00203F6D000234FF0D2
:1065100001094FF0200A9B467F0804F5BA70002F4E
:1065200069D123B1802104F1880007F0A7FC01267E
:106530004FF0000B019B05F581594FEA530A09F111
:10654000040905F58055BAF1000F40F08780019BE2
:1065500013F0FE0F00F0F2804FF480715AE7D80775
:10656000D4D596F818900021404609F07F0906F02E
:1065700095FE60B3B0F81AB0CBF30A0BB9F1000F77
:1065800018D0B4F8C81105F58150C1F1400ACA45C8
:1065900028BFCA4601F5C4715246214407F09CF950
:1065A000B4F8C8319A44B4F8CC31A4F8C8A14B442B
:1065B000A4F8CC31CB450DD8B4F8CC21B4F8CA310D
:1065C0009A4207D2B37C43F04003B37497E74FF08D
:1065D000400BD3E7B37C012243F04803B374032399
:1065E00084F89C3004F5BE73D3E8EF1FC3E8E02FB6
:1065F000002884D0F8E7F9072CD5EFF311838AF34C
:106600001288BFF36F8F09F00F02B273B27C92064B
:1066100012D5B27C02F0DF02B274B27C42F0080202
:10662000B274B27C910742BFB27C42F00802B274ED
:10663000B27C02F0FE02B27449460393029007F066
:1066400021FC86F80EB0039B83F31188BFF36F8F94
:10665000012302987F0809F1010960E71AF0010F90
:1066600019D0F1B2EFF311830293202383F3128840
:10667000BFF36F8F01F00F03AB73AA7DD3B2520645
:106680000FD503F0BF03AB7585F80EB0029B83F303
:106690001188BFF36F8F4FEA5A0A013609F10409D6
:1066A00051E740462F8B06F0F9FDBFB2039000285A
:1066B00040D006F01AFE034600283BD0C7F30D0772
:1066C000E7B1018A428A0493521AC1684069091AE3
:1066D000521ABA4228BF3A4603F10C0011460592FD
:1066E00005F09FFC059A0146484607F0F5F8039B24
:1066F0005A8B049BC2F30A02974204D2AB7D03F08B
:10670000FE03AB750CE0D96858695A8A091A1B8ACE
:10671000521A9A420AD1314604F5C07007F0B2FB12
:10672000314604F5BC7007F0ADFBADE7AB7D03F07F
:10673000FE03A8E7314604F5C270F4E707B0BDE8F0
:10674000F08F00BF2DE9F04F0F4643688246114697
:10675000384685B016461C6806F0C9FD97F81490B7
:1067600019F0020940F0A4803D7E35F0800300F06E
:10677000A3802B0600F19780DAF810302946D3F871
:10678000A48008F5C07B584607F019FCA8B1EFF3C8
:106790001181202383F31288BFF36F8F04F5805398
:1067A00005F00F029A739A7D02F0FE029A7583F843
:1067B0000E9081F31188BFF36F8F294608F5C270E0
:1067C00007F0FDFB8146002872D0EFF311830093A0
:1067D000202383F31288BFF36F8F05F00F0304F5B6
:1067E000805750462946BB7306F058FD8246002864
:1067F00052D006F07AFD064600284DD005F581629C
:1068000004EB8202018A0192428A3B8B521AC168D0
:106810004069C3F30D03091A521A9A4228BF1A4657
:1068200006F10C0011460393029205F0FAFB0146B3
:10683000DDE9010207F050F8BAF81A20039BC2F311
:106840000A0293421BD2BB7D03F0FE03BB752946AF
:1068500008F5BC7007F016FB002304F58054A37301
:10686000009B83F31188BFF36F8FB9F1000F1FD026
:106870004FF4807108F1880007F000FB18E0F2681F
:106880007169738A521A9B1A328A934204D129463B
:10689000584607F0F7FADAE7BB7D4FF0000903F03E
:1068A000FE03BB75D8E732463946204607F053FA57
:1068B000002005B0BDE8F08F002DF9D0DAF81020E7
:1068C00004F580547F8BD2F8A480A373717E4807AF
:1068D00001D50221CEE7A27CD5B2920706D50221CE
:1068E0002B461D4A1D4805F011FAE1E7328A4AB9E4
:1068F000080707D4012388F89C30A37C43F00A03DF
:10690000A374D5E7C7F30A07BA4228BF3A469146AF
:1069100099450FD8494606F10C0005F0AAFBB94588
:1069200011D3328A62B145F00205012388F89C3008
:10693000A574BDE7F268D25C013384F82020E7E754
:10694000737E190702D445F00A05EEE762F3C3032C
:1069500045F00A057376E8E7CC16010CBCFA000C8A
:106960002DE9F3410027456840232E683A46394611
:1069700000978046FFF7D6FA044660B110F1780F11
:1069800009D03B4601211F4A1F4805F0BFF92046A8
:1069900002B0BDE8F08140230022802140460097EC
:1069A000FFF7C0FA044620B110F1780F01D0802320
:1069B000E8E706F58054E37A0A2043F00703E37220
:1069C000E37A03F0EF03E372E37A03F0F703E37291
:1069D000E3889BB243F00103E380042333616378CF
:1069E000AA69DBB2022A0CBF43F0200303F0DF03E5
:1069F000637007F045FA637843F040036370002446
:106A0000C5E700BF0C17010CBCFA000C2DE9F04FD4
:106A1000056989B007464468D5F8A48005F184006B
:106A200008F015F808F1880008F0F4FB6049C8F890
:106A3000D87108F5F07008F03AF995F880304FF009
:106A4000400923F0760343F0760385F88030A3698C
:106A5000022B01BF95F880304FF4806A43F00103A8
:106A600085F8803018BF40F2FF3A00256368AB42DA
:106A700028D800254FF0400B6368AB425FD8002652
:106A800088F89C60A8F8C861A8F8CC61D4E9041221
:106A90004FF0000A4FF0000B6FF007030120CDE923
:106AA00006ABCDE90330CDE901664046414B009786
:106AB00003F0ACFA3968404608F036F93846636AA4
:106AC000984720E0E2686B0102EB4512917C41F0AF
:106AD00040019174E268D5B9917C41F00101917453
:106AE000E268A2F81090E26838461A441576E16828
:106AF000194406F0E0FB0646F8B12B462E4A012168
:106B00002E4805F003F9304609B0BDE8F08F1A446D
:106B1000917C41F004019174E2681A44917C41F047
:106B200002019174E2681A44917C41F00801917469
:106B3000E2681A44A2F810A0D5E7013596E7A268EA
:106B40006B0102EB4512917C41F020019174A26827
:106B5000ADB9917C41F001019174A268A2F810B026
:106B6000A26865F07F011A441176A168384619447D
:106B700006F0A1FB0646C0B1114A2B46BFE71A44F6
:106B8000917C41F004019174A2681A44917C41F017
:106B900002019174A2681A44917C41F00801917439
:106BA000A2681A44A2F810A0DAE7013564E700BF32
:106BB000E5D9000CEDDF000C2617010CBCFA000C27
:106BC0004917010CF8B500AFB8B96C4688B06A46F1
:106BD000344B4FF4E2510593334B344806934FF452
:106BE0000073ADF81C30324B42F8103F07F031FC17
:106BF000A5466FF01500BD46F8BDB0F1205F4FEA25
:106C0000906415D36D468AB06A462A4B4FF41151F1
:106C10000593254B2548CDE906344FF40073ADF8B4
:106C20002030254B42F8103F07F013FCAD46E0E75B
:106C3000631EDBB2082B2ED8204A214DD15C214A9D
:106C4000D65C214AD25CEB5CC5B28D420BD8C0F356
:106C5000052CB44507D8C0F30556964203D8C0F3B7
:106C6000853098421CD96E468CB06A46174BCDE9E8
:106C7000084105930C4B4FF45151CDE906354FF4C3
:106C80000073ADF82830124B084842F8103F07F067
:106C9000E0FBB546ADE73F2300211A461E46D3E789
:106CA0000020A8E78417010CA523010C2CFA000C86
:106CB00003000001B217010C04000001FA22010CCC
:106CC000DF22010CF122010CE822010CD017010C8B
:106CD000060000012DE9F3470C464FF00008174964
:106CE00043682143064615461F68CDF8048007F027
:106CF000B3FB022805D0C5F80080002002B0BDE833
:106D0000F0874FF00609B4FBF9F85FFA88FA5146AC
:106D1000304601AA07F029FC0028EFD13F2309FBE8
:106D200018444C37E4B257F82A20E400A34013403B
:106D3000E3D0019AB2FBF3F22A60DEE700FFFF0F17
:106D40002DE9F04F83B01C4643680D4692469A6881
:106D5000002302EB8108464900AF29437B6081464E
:106D6000D0F810B0D8F8206007F076FB02284FF07A
:106D700000034AD1D8F8201001F00F01514518D175
:106D80006C4688B06A463B4B53613B4B3B48936132
:106D90004FF4007393833A4B4FF4E25142F8103FA3
:106DA00007F057FB6FF08500A5460C37BD46BDE8E0
:106DB000F08FBAF1060F07D18B1F052B04D86C4654
:106DC00088B06A462F4BDFE70B290AD8DFE801F0CD
:106DD00006202E39393C414141414141DBF8003028
:106DE0007B60D8F82020012D4FEA124218BFD2B2A2
:106DF000F30435D51D2A28BF1D220123013292B28A
:106E000093409AB27B68B3FBF2F300202360CCE797
:106E1000AB1EDAB2092A04D80BEB830BDBF8043083
:106E2000DEE76C4688B06A46174BADE7012D1BD0F4
:106E30000C22012148463B1DFFF782FF0028D0D0DD
:106E4000B3E74FF40043CBE74846391D00F01EF886
:106E5000F4E7063948463A1DC9B2FFF73BFFEDE7B4
:106E6000012A38BF0122CDE76FF05B009DE700BF2C
:106E700000FFFF1BFD17010C3923010C2CFA000C3D
:106E8000030000011F18010C4118010C37B50C4616
:106E900041680A68136913F4807303D100202360EA
:106EA00003B030BD136BDB0701D4094BF6E78B68E9
:106EB000D56BD3F88010052201AB01F00F01FFF76D
:106EC0003FFF0028ECD1019BADB26B432360E7E7A5
:106ED000006CDC022DE9F04F83B043688146D3E9B2
:106EE00000BA0E46144600AFCDB2D2B96C4688B097
:106EF0006A46B94B4FF4E2510593B84BB848069334
:106F00004FF40073ADF81C30B64B6FF0150842F823
:106F1000103F07F09EFAA54640460C37BD46BDE837
:106F2000F08F08467B60FFF74DFE7B688046B10E10
:106F3000C0B16C468AB06A46AB4B08950593A74B27
:106F4000A748CDE906314FF40073ADF82430A74BC4
:106F50004FF4315142F8103F07F07BFAA5466FF02D
:106F60008508D9E7082900F27381DFE811F00900EC
:106F700013007600C500DE00E400EE005C0169014C
:106F8000DBF81430227823F0800343EAC213CBF8F5
:106F90001430C1E7D9F80430A1789A681D68D2F896
:106FA000803061F30303C2F880306378002B3AD05D
:106FB0002B6BDFF83C9243F00102DBB243F001039C
:106FC0002A632B6302F0C2F90646AB6FA3B102F04D
:106FD000BDF9831B4B45F8D96C4688B06A46854B92
:106FE0005361854B93614FF4007393837D4B4FF452
:106FF000E25142F8103FE9E0EA6BA3886FF30F0219
:107000001343EB6302F0A2F90646DFF8E491AB6F9D
:107010004BB102F09BF9831B4B45F8D96C4688B005
:107020006A46764BDCE7EB6A227803F07F0343EA9B
:10703000C213DBB2EB6202F089F904466C4EAB6F0F
:10704000002B3FF469AF02F081F9031BB342F6D97C
:107050006C4688B06A466A4BC2E72679D9F8043094
:107060000B2ED3F800901EDC9B6803EB850ADAF840
:107070008430334343F04003CAF8843002F066F9A9
:107080008346DAF884305B060DD402F05FF9584A83
:10709000A0EB0B039342F4D96C4688B06A46594B77
:1070A0000593594B9EE70B2ED8BF002609F14402E9
:1070B00052F825302188C8BF0B3E61F3090342F81E
:1070C000253009F1480252F82530A17809F140092C
:1070D00061F3050342F8253059F82530E278C8BF3E
:1070E000360223F4F063C8BF06F4E06643EAC21335
:1070F0001E4349F825600FE70623B5FBF3F2D9F8E4
:10710000041003FB125308683F214C30D2B2DBB2AB
:1071100050F82250DB00994025EA0105217801FA58
:1071200003F32B4340F82230F6E6237803F0030301
:10713000CAF81030F0E6DAF81C30227823F0800329
:1071400043EAC213CAF81C30E6E6D9F804A0012DC0
:10715000DAF80810D9F8106001EB85010A6A238873
:1071600022F4005222F00F024FEA02424FEA12428A
:1071700001D0FF2B01D842EA0342E378A07803F064
:107180000F0343EA403313430B6202F0DFF88146FA
:10719000DFF85CB0DAF808305B68002B3CD002F016
:1071A000D5F8A0EB09035B45F4D96C468AB06A4672
:1071B000164B4FF411510593154BCDE906354FF49D
:1071C0000073ADF82030134B42F8103F044807F02D
:1071D00040F9A546A0E600BF5F18010CB823010CDA
:1071E0002CFA000C030000017E18010C05000001C0
:1071F000BFD40100A818010C9023010CDD18010C6C
:107200001019010C7B19010C7C23010C4519010C90
:107210006423010C04000001002D7FF47DAEE378AF
:1072200086F83A3078E69B68C6F3052603EB8603BA
:10723000D3F88020217861F30302C3F880206BE645
:10724000D9682378CA6822F0FF021343CB6063E653
:107250000121024A024804F050FD80E6C219010CE7
:107260002CFA000C2DE9F04782B00023D0F80480FE
:10727000D0F810A000AF06460846894615467B6048
:10728000FFF7A0FC0446A8B16C4688B06A46414BA3
:107290005361414B414893614FF400739383404BDA
:1072A0004FF4E25142F8103F07F0D3F86FF0850039
:1072B000A54616E04946304607F0CEF802280ED122
:1072C0004FEA99635FFA89F1092B5DD8DFE803F093
:1072D0000513181D2210373D4A4ADAF800400020F5
:1072E0002C600837BD46BDE8F0874FF48064F6E7B0
:1072F0004FF40044F3E729463046FFF7C7FDF0E7B7
:107300002A46304607F031F9EBE72A463046FFF7C8
:10731000E1FCE6E773685A68136903F00303012B85
:10732000E3D0991E0129E3D8D46914F00204D6D021
:10733000032B14BF4FF400444FF48064CFE72B4677
:107340000C223046FFF7FCFCCBE7D8F80830C9F335
:10735000052909F1200953F829100C222B4601F0C8
:107360000F01EEE70C22002130463B1DFFF7E8FC41
:107370000028B6D1D8F80C307C68DB6813F0FF0326
:10738000ADD0B4FBF3F4AAE76C4688B06A46054B6F
:107390007EE700BFA819010C5023010C2CFA000C49
:1073A00003000001BE19010C2DE9F84FD0F804A02C
:1073B000D0F8108000AF0846DAE9006B0D46DAF825
:1073C0000890CCB2FFF7FEFBA8B16C4688B06A46C5
:1073D000484B5361484B4FF4E25193614FF40073B3
:1073E0009383464B464842F8103F07F032F8A546D3
:1073F0006FF085000DE0AB0E092B75D8DFE803F0C8
:10740000050C112774464D5A7465736923F0020305
:107410007361BD46BDE8F88FF36A23F00203F3629F
:10742000F7E7403656F8243023F0020346F82430BC
:107430000123D8F83020A34022EA0302C8F8302004
:10744000D8F82C2022EA0302C8F82C20E1E7062213
:10745000B4FBF2F3DDB202FB13434FF0FF32013312
:10746000DBB202EBC30301224C3656F8251002FAB8
:1074700003F321EA030146F82510B8F83830063442
:10748000A24023EA0203A8F83830C2E7DBF81C3038
:1074900023F00203CBF81C30BBE724B96C4688B05C
:1074A0006A46184B95E709EB8404236A23F480733A
:1074B0002362AEE7C5F3052509EB8509D9F88030CD
:1074C00023F04003C9F88030A3E70121DAF80C303B
:1074D000C5F3055203EB8203DA6BC5F38535A9408A
:1074E00022EA0102DA6394E70121074A044804F022
:1074F00004FC7DE7A819010C2A23010C03000001FC
:107500002CFA000CDD19010CC219010C2DE9F04711
:107510004FF0010843680669D3F8009000AF09F105
:10752000400252F821300C4643F0020342F8213069
:1075300001F1180308FA03F801F008FF0546DFF827
:1075400058A0D9F8103038EA03031CD001F0FEFE31
:10755000431B5345F5D96D468AB06A460F4B104818
:107560000593104B4FF41151CDE906344FF40073DD
:10757000ADF820300C4B42F8103F06F06AFF6FF078
:107580007300AD4605E001220020F36AA2401343D8
:10759000F362BD46BDE8F087FF0D2707091A010C0D
:1075A0002CFA000C3824010C040000012DE9F84FDE
:1075B0000546D0F8048000AF08460C46FFF702FBF2
:1075C0000646A8B16C4688B06A467B4B53617B4B3C
:1075D0004FF4E25193614FF400739383784B7948F1
:1075E00042F8103F06F035FF6FF08506A5461BE018
:1075F0002146284606F030FF022819D16C4688B093
:107600006A46714B4FF4E65105936C4B6D480693F7
:107610004FF40073ADF81C30694B6FF0770642F8F9
:10762000103F06F016FFA5463046BD46BDE8F88F70
:107630006A68A00E11689368092800F28280DFE86A
:1076400000F005353A5380585E6880734B6943F00B
:1076500002034B614FF00009DFF870B1C4F3076318
:1076600003F0FC03142B40F08680D8F80430DB686C
:10767000DB07D9D4D8F814304B4500F284806C462F
:1076800088B06A46524B4FF4E25105934B4B4D483C
:1076900006934FF40073ADF81C30494B6FF073063E
:1076A00042F8103F06F0D5FEA546BDE7CB6A43F091
:1076B0000203CB62CEE70F20E1B24B1C2A6903EB39
:1076C00043035B0000FA03F3108F034205D0284602
:1076D000FFF71CFF0028BDD048E0012303FA01F1A9
:1076E000136B0B431363B5E72846E1B206F094FF32
:1076F000F0E75268D36943F00203D361AAE714F0BC
:10770000FF02A7D003EB82031A6A42F480721A6266
:10771000A0E7C4F3052203EB8203D3F8802042F0F4
:107720004002C3F8802095E7D268C4F3055302EB0A
:1077300083020123D16BC4F3853083400B43D363B1
:1077400088E76C468AB06A46224B4FF41151059384
:10775000214BCDE906304FF40073ADF820301F4BBC
:10776000184842F8103F06F074FEA5466C4688B0F3
:107770006A461B4B2AE72146284606F06DFE022882
:107780007FF478AF50E7174B1B785BB1FAF754FDE5
:10779000154B1B5833B10A20002107F0AAFB09F151
:1077A00001095BE701F0D2FD824601F0CFFDA0EBBD
:1077B0000A035B45F9D9F2E7A819010C1C23010C57
:1077C000030000012CFA000C241A010CBFD40100A4
:1077D000841A010C3E1A010C1323010C0400000151
:1077E000661A010C70180020080000002DE9F04115
:1077F00043682F4A1D6804696B69487A1A400B7CFC
:1078000000021B0600F4706003F040730343087A23
:1078100000AFC001C0B203438878400100F02000EF
:107820000343887A000100F010000343C878C000C9
:1078300000F0080003434878800000F00400034390
:107840000878400000F00200034313436B614B686B
:1078500023600B7803B301F079FD0646DFF854800E
:107860002B69DB071BD401F071FD831B4345F7D95E
:107870006C4688B06A46104B4FF4E25105930F4BAB
:107880000F4806934FF40073ADF81C300D4B42F8CF
:10789000103F06F0DEFDA546BD46BDE8F081636BF6
:1078A00043F480536363238F43F001032387F3E79B
:1078B00041F0FFFCFF0D2707991A010C2824010C49
:1078C0002CFA000C030000012DE9F04706690C4674
:1078D000338F00AF9D0614D56C4688B06A46864B40
:1078E0004FF4E6510593854B06934FF40073ADF8C2
:1078F0001C30834B42F8103F824806F0AAFDA54693
:10790000CDE096F83A30052B00F0AB8043681D6857
:107910009A68EB6A23F00203EB628B78012B67D144
:107920000978736BCB40D80713D46C468AB06A468B
:10793000754B0593714BCDE90631032308934FF442
:107940000073ADF82430714B4FF4335142F8103FBF
:10795000D2E7D2F88030DFF8B8A161F3030343F037
:107960004003C2F8803001F0F1FC8046DFF8A491BA
:10797000DAF880305A0600F1958001F0E7FCA0EBC0
:1079800008034B45F4D96C4688B06A46624BA7E0C1
:107990002B6B627903F0490343EAC213A279DBB28D
:1079A000520102F020021343E279DFF868911201DC
:1079B00002F010021343227A920002F004021343F1
:1079C000627A520002F00202134343F001032B6378
:1079D00001F0BCFC8046AB6F53B101F0B7FCA0EBEB
:1079E00008034B45F7D96C4688B06A464B4B77E0A5
:1079F000EB6AE27803F07F0343EAC213DBB2EB6287
:107A00006278EB6A520002F0020203F0FD031343B6
:107A1000EB6201F09BFC8046DFF8F890AB6F53B14E
:107A200001F094FCA0EB08034B45F7D96C4688B0F5
:107A30006A463B4B54E06378002B30D001F086FC63
:107A40008046DFF8E0902B69DB051ED401F07EFC58
:107A5000A0EB08034B45F6D96C4688B06A46324B1A
:107A60003EE06D4688B06A46304B4FF4E6510593D0
:107A7000224B244806934FF40073ADF81C30204B82
:107A800042F8103F06F0E5FCAD4663783BB1736BFE
:107A900043F400537363338F43F020033387BD46B1
:107AA000BDE8F087A37AEA6BA1891B0403F4FE0307
:107AB0006FF316020B431343EB6301F047FC804660
:107AC000DFF85090AB6F002B3FF462AF01F03EFC4B
:107AD000A0EB08004845F5D96C4688B06A46144BBF
:107AE0005361064B4FF4E25193614FF4007393835B
:107AF000034B42F8103FFFE6B21A010C1524010CAB
:107B0000030000012CFA000CE31A010C050000012F
:107B100000000144BFD40100881B010CA818010C0F
:107B20001019010CFF0D27076C1B010C321B010CF7
:107B3000DD18010C2DE9F04F83B0D0F810900D78CE
:107B4000D9F8306000AFEE4016F001030C467B60C0
:107B500040F0A18091F807B0D9F8343023FA0BF344
:107B6000DE0717D46C468AB06A46604B4FF4335137
:107B700005935F4BCDE90635032308934FF400735B
:107B8000ADF824305B4B42F8103F5B4806F061FCD7
:107B9000A54680E04368BBF10B0FD3F80080D3F813
:107BA00010A01EDC9E6806EB8506D6F884204BEA02
:107BB000020242F04002C6F8842001F0C7FB0246F0
:107BC000D6F884003A6041060BD401F0BFFB3A6856
:107BD0004A49801A8842F3D96C4688B06A46484BB5
:107BE00077E008F1440252F825306189BBF10B0FB0
:107BF00061F3090342F825304346217B53F8482FAF
:107C0000C8BFABF10B0B61F30502C8BF4FEA0B2BEA
:107C100043F82520C8BF0BF4E063A079C8BF7B60A0
:107C2000637908F1400252F82510C002DB0100F42C
:107C30006050DBB27E6821F47E5103430B431E4348
:107C400042F82560E2892F4BD8F86C1003EA024312
:107C5000228A6FF3DE11D20192B213430B43C8F8AC
:107C60006C3001F073FB0646DFF890B0D8F878303E
:107C70005A0614D501F06AFB831B5B45F6D96C46A6
:107C800088B06A46204B24E00122D9F83030AA405F
:107C90001343C9F830300C37BD46BDE8F08F237967
:107CA000002BF8D0DAF81C30184E43F48033CAF8B1
:107CB0001C3001F04BFB0446DAF80C30DB05E3D452
:107CC00001F044FB031BB342F6D96C4688B06A4608
:107CD0000F4B5361064B4FF4E25193614FF4007325
:107CE00093830C4B42F8103F4FE700BFB81B010CC9
:107CF0000624010C050000012CFA000CBFD4010081
:107D00007B19010C0000FF7F2D1C010CFF0D2707C4
:107D1000FC1B010C030000012DE9F04106240D7845
:107D20000669B5FBF4FC328F05F1060822FA08F269
:107D3000D20704FB1C5400AF18D56D468AB06A46C2
:107D4000274B08940593274B4FF43351CDE9063C5C
:107D50004FF40073ADF82430234B244842F8103F11
:107D600006F077FBAD46BD46BDE8F08143684FEABB
:107D7000C40ED3F800C03F23DCF84C2003FA0EF306
:107D800022EA03024B7903FA0EF31343CCF84C308A
:107D90000B79CBB96E468AB06A46154B4FF4335116
:107DA0000593104B114806930623B5FBF3F3CDE979
:107DB00007344FF40073ADF824300B4B42F8103FFA
:107DC00006F047FBB546CEE7294606F025FC00281D
:107DD000E0D10123328F03FA08F313433387C2E75C
:107DE000571C010CF323010C050000012CFA000CB8
:107DF0008C1C010C2DE9F041056900AF2B8FDA06D0
:107E000016D56C4688B06A46344B4FF4E65105935C
:107E1000334B06934FF40073ADF81C30314B42F8EE
:107E2000103F314806F015FBA546BD46BDE8F08180
:107E300043680A7C5C68CB7B52009B0002F0020224
:107E400003F0040313438A7B606902F0010220F00F
:107E50000700134303436361E36924480A7B184026
:107E60004B7A12029B0402F4706203F47013134302
:107E70000A7AD201D2B213434A78920002F0040285
:107E800013430A78520002F0020213430343E361F2
:107E90000B78002BC9D001F059FA0646DFF8508064
:107EA000E368DB0715D401F051FA831B4345F7D98A
:107EB0006C4688B06A460F4B4FF4E2510593084B6D
:107EC00006934FF40073ADF81C30064B42F8103F98
:107ED000A7E72B8F43F010032B87A6E7C31C010CE9
:107EE000E023010C030000012CFA000C79F0C3FF21
:107EF000FF0D2707F21C010C2DE9F04706690D78EC
:107F0000736B0C46EB40DA0700AF17D56C468AB0AE
:107F10006A46514B4FF413510593504BCDE906354A
:107F20004FF40073ADF820304D4B42F8103F4D48F0
:107F300006F08FFAA546BD46BDE8F08791F807C068
:107F4000338F23FA0CF3DB0713D46C468AB06A46EE
:107F5000454B4FF433510593404BCDE90635032390
:107F600008934FF40073ADF82430404B42F8103FB3
:107F7000DDE7D0F80480012DD8F80820638A02EBF1
:107F80008502116A21F4745121F00F014FEA014179
:107F90004FEA114101D0FF2B01D841EA0341637937
:107FA000003B18BF012341EA4331237C0BB141F46C
:107FB0008051637D207ADB02800200F4806003F44C
:107FC00000630343207D0CF00F0C400243EA0C03D6
:107FD00000F4007003432079DFF894A0000200F45D
:107FE000807003430B43136201F0B0F98146D8F867
:107FF00008305B68BBB101F0A9F9A0EB0903534558
:10800000F5D96C468AB06A461A4B4FF41151059364
:10801000124BCDE906354FF40073ADF82030104B0C
:1080200042F8103F83E7AB1E092B0FD8E26806EB3E
:1080300083035A600122736BAA401343012D7363BB
:1080400002BF338F43F00203338774E7002DF1D171
:10805000E37986F83A30EDE7111D010CCD23010CD0
:10806000040000012CFA000C431D010C0500000166
:10807000BFD401004519010C2DE9F04F7D4B87B0AD
:10808000DFF8F4E100AF0125C7E900E34FF46069D0
:10809000302339464668044640F2011AC7E9029384
:1080A000D0F810803D61FFF7A1FB4FF40043C7E912
:1080B00000A340F20713DFF8C4B139462046C7E9F0
:1080C00002B33D61FFF796FEB368DFF8B4A11D70FF
:1080D00001F03CF90546B368D3F80490B9F1000FFC
:1080E0001ED001F033F9431B5345F4D96C4688B0D8
:1080F0006A46644B64480593644B4FF4E25106931F
:108100004FF40073ADF81C30614B42F8103F06F09D
:10811000A0F96FF07300A5461C37BD46BDE8F08F8F
:1081200005230326DFF86CB188F83A3001254FF0BB
:1081300006084FF0020A14220021381D07F08DF8BE
:108140003946204687F80780C7F800B07D823D7128
:10815000FFF7D2FE14220021381D07F07EF84E4BA7
:10816000394620463B6087F80780A7F812A03D718A
:10817000FFF7C2FE14220021381D07F06EF8474BAE
:1081800039463B6007232046FB717D823D71FFF736
:10819000B3FE40F20113C7E900394FF4803339468A
:1081A0002046BB60BD81FFF78FFB3D4A3D4B4FF43E
:1081B0007001C7E9002303232046C7E902133946AB
:1081C000C7F81090FFF7B6FC40F601033648394671
:1081D000C7E900032046FFF79FFD41F201434FF43A
:1081E0000068DFF8C8C039462046C7E900C3FFF77A
:1081F00093FD2F4B39462046C7E90038FFF78CFD29
:108200002C4B39462046C7E90038FFF785FD2A4B3D
:1082100039462046C7E90038FFF77EFD274B39462F
:108220002046C7E90038FFF777FD013E7FF47EAFB7
:10823000636832465B68204621491D612B4606F083
:1082400013FA2B46524620461E4906F00DFA2B46DD
:10825000324620461C4906F007FA2A4620461B49AA
:1082600006F017FA20462A46194906F012FA304657
:1082700052E700BF001BB700010000010000010130
:10828000BFD40100961D010C2CFA000C0323010C35
:108290000300000100FFFF1B01FFFF1B02FFFF1B8C
:1082A00000C0FF0B0100010C00FFFF0F01FFFF0FDB
:1082B00002FFFF0F03FFFF0F04FFFF0F05FFFF0F7C
:1082C00030E7FF1F37EEFF1F35ECFF1F3E7F3424E2
:1082D0000E3F052408B5074806F0BFFA38B1064836
:1082E000FAF702FA0448F8F70FFD002008BD6FF016
:1082F0001200FBE738F4000CFD82000C0A2838B5A8
:108300000446074D04D1AB680D2128465B689847A9
:10831000AB6803485B68E1B29847204638BD00BFB0
:1083200038F4000C10291FB528BF10210C460C4B47
:10833000D3F8E02112BA0092D3F8E42112BA0192E4
:10834000D3F8E82112BA0292D3F8EC310A461BBAEC
:108350006946039306F074FF204604B010BD00BFC9
:108360000070000A2DE9F04300250127DFF8E0E066
:1083700000F1020CEBB2994202D80020BDE8F08374
:1083800030F825403CF82560C4F3422804F00F0380
:10839000B8F1010F5EF82330C4F304122AD15BB3A5
:1083A00003EB52084FEA143998F8304012F0010FED
:1083B00015BF04F00F0404F0F00444EA091449EA7C
:1083C000040488F8304003EB020898F8404044F079
:1083D000010488F8404016F0010F07FA02F803EB99
:1083E00002040BD116F0020F0ED194F8409009F060
:1083F000FB090DE0002BEED10135BBE7D3F810905F
:1084000048EA0909C3F8109094F8409049F004092B
:1084100084F8409094F8409016F0080F14BF49F08B
:10842000020909F0FD0984F840901C6816F0100F4D
:1084300014BF48EA040424EA08041C60DC6E07FA4E
:1084400002F236064CBF224324EA0202DA66D3E780
:10845000F8FC000C48F2FF1208B5074B94201A866E
:1084600040F2FF325A8600221146F9F7F9FDBDE8C5
:1084700008409420F9F7D2BD006002450221024A6B
:10848000024806F044B900BFFD1D010C9CFA000C27
:10849000F8B546680C4686F82F1000F057FF0546E1
:1084A000094F96F82F301C420CD000F04FFF431BB1
:1084B000BB4203D9BDE8F840FFF7E0BF012006F05A
:1084C000A6F9EEE7F8BD00BFBFD401002DE9F047E3
:1084D00043680469D3F804908246B9F83020B9F8AB
:1084E0003280B4F860301FFA88F89BB243EA080380
:1084F000A4F86030C2F38015130694F85C304FEA9C
:10850000850597B248BF45F0080583B3FE0744BF11
:10851000012384F85E30B80744BF012384F85F303C
:10852000A36C1B68292B0CD8274AD35C022B08D1DB
:1085300094F85E3003F0FF064BB194F85F60F6B23A
:1085400005E094F85E3003F0FF06002BF5D0390407
:1085500007D518F00F0F04D00221DAF80400FFF756
:1085600097FF26B1002345F0010584F85C3094F8AC
:108570005D30DBB1154B1F4218D03A0407D518F017
:10858000700F04D00421DAF80400FFF781FFBB0765
:1085900007D5B4F8603023F010031B041B0CA4F8BB
:1085A0006030002345F0020584F85D30A9F8307092
:1085B000A9F832802DB104F11400BDE8F04701F0B4
:1085C00099BABDE8F08700BF4524010C0A80FFFF7F
:1085D0002DE9F04F0469D1F8008085B0A1640F6ADD
:1085E0005FFA88F303937B1C06460D46934651D0F1
:1085F000002F51D04FF00A0927EAE777A7FB099728
:108600004A463B46204601F081F9002840F0588157
:10861000BBF1000F00F013817368BBF804105A68B7
:10862000336993F8323013F0030338D0012B39D07B
:10863000A3F1020CDCF1000343EB0C03DB02A1B35A
:108640008B4228BF0B46C3F3090393807168DBF8A4
:1086500008304A6898B2D08091F8271001B11060B4
:108660007068DBF81020DBE90113D0F804E04B431D
:1086700031690AB1002B1ADC0121A14AA14806F098
:1086800046F86FF01507204606F053F8384605B057
:10869000BDE8F08FB946B3E74FF4FA69B0E74FF49D
:1086A0000073CCE74FF48063C9E70123CBE791F86F
:1086B0003200000707D40121934A924806F027F8B8
:1086C0006FF08507DFE7B3F5002F0AD94FF40022DA
:1086D000012100928B488D4A03F022FB6FF00B07BB
:1086E000D1E74FF0000CB3F5803F9A4628BF4FF416
:1086F000803A486EA3EB0A0360444260486E002B48
:108700006044A0F802A052440CBF4FF0270A4FF07B
:10871000210A486E20F80CA00CF1080CE3D14FF0B0
:10872000010A4B6ECEF858302B68A3F13502534244
:1087300053414FEA830B06217068FFF7A9FE04F14D
:1087400014030293E369002B7BD16B6802932B68BF
:10875000292B96BF6E4A0120D05C73680138596896
:1087600000233269C0B2082882F85C3082F85D309C
:10877000A2F8603082F85E3082F85F3097BF654BB8
:108780004FF0C00C13F800C0634B98BF1B5CBAF1EC
:10879000000F00F08480012082F85D0070685FFAAD
:1087A00088F890F827E0D0F804C0BEF1000F4ED151
:1087B00090F826008000B8F1190F58D8B8F1100FC2
:1087C00047D8B8F1060F14BF00201120ACF80C00F8
:1087D000CB20088740F2FF3048870298886001204C
:1087E00082F85C00039A120202F47C5242EA4A12B6
:1087F0001343CB813B464A4604F1140001F0AEF925
:108800000746B0B900F0A2FD8046DFF8109194F859
:108810005C301BB994F85D30002B54D000F096FD0D
:10882000A0EB08034B453FD301213D4A354805F0F5
:108830006EFF204605F07DFF6FF0730726E7DA46EE
:1088400079E700220023029801F088F97AE70820EE
:10885000B1E7A8F11108B8F1080F0ED8DFE808F069
:108860001D0F0D0D0D0D0D0512000120AEE7B8F125
:10887000330F12D0B8F1350F07D00020A6E740F033
:108880003300A3E740F02300A0E7BBF1040F0CBFC7
:108890002220002040F0010098E7112096E74CF0DC
:1088A0000100A1F80CA094E7012005F0B0FFAEE7AD
:1088B000AA60236DEB60636D2B61A36D6B61E2E6D3
:1088C0006FF00F07E2E673685B681A69E264596942
:1088D000216598696065DE69A665AB69032BE7D100
:1088E000030E43EA06236B610B0E43EA00232B6160
:1088F000130E43EA01231202EB60AA60C3E600BF35
:10890000121E010C9CFA000C3A1E010C691E010C8F
:108910004524010C7824010C6F24010C001BB700C6
:108920009C1E010C2DE9F843436805465E68076903
:10893000B38D0C46580718D500F008FD8046DFF8C7
:108940000091736A99070AD000F000FDA0EB0803BC
:108950004B455DD902213B4A3B4805F0D8FEB38D1B
:1089600023F004031B041B0CB385384A97F83130FD
:10897000534397F83620002A4ED161004A1E134413
:10898000B3FBF1F3B28D9BB222F020021204120C61
:10899000B2856A682E4952688C4292F82810CCBF82
:1089A00041F0040101F0FB0182F8281096F828201C
:1089B000520702D5012B38BF0123B28D990802F06E
:1089C0003F02B285B28D01F0C00192B241EA0323A9
:1089D00013439BB2B385B38D194D9BB243F0010392
:1089E000B38500F0B3FC0446B38D9B0709D400F0B7
:1089F000ADFC031BAB421ED90221164A124805F0FA
:108A000086FEB38D9BB243F00403B385BDE8F883C3
:108A1000012005F0FCFE94E702FB0333621E1344C1
:108A2000B3FBF4F39BB20BB1013B9BB2B28D92B29C
:108A300042F02002ACE7012005F0E9FED4E700BFD8
:108A4000BFD40100C41E010C9CFA000C40420F0070
:108A500040787D01F51E010CF8B5436805465C6859
:108A60001F4F94F82F3043F0010384F82F3000F0AB
:108A70006DFC064694F82F30DB0709D500F066FC44
:108A8000831BBB4227D90221164A174805F03FFE37
:108A900040F2FF3348F2FF126386228640F2FF1253
:108AA000A286E3860E2384F82E3094F828302846D8
:108AB00043F0100384F828300F230C4984F8293040
:108AC000FFF730FF94F8283003F0F90384F82830DA
:108AD000C0232387F8BD012005F099FECAE700BF37
:108AE000BFD40100291F010C9CFA000C801A06005B
:108AF0002DE9F8430E460968044600AFF9B1036951
:108B0000D3E90935A94201D3994216D96C468AB0F6
:108B10006A46CDE9075305233948CDE9050142F8F6
:108B2000103F384800234FF42151F8F799FB6FF0BC
:108B30001500A546BD46BDE8F883FFF7F3FE636860
:108B40005D687379012BAB8D17D123F005031B04EE
:108B50001B0CAB85B3794BB1042B2ED163685A68DB
:108B600092F8283043F0020382F82830F379012B81
:108B700034D0022B3CD0244A29E09BB243F00103BD
:108B8000AB8500F0E3FB8046DFF88090AB8D9B0760
:108B90000AD400F0DBFBA0EB08034B4509D9022106
:108BA0001B4A184805F0B3FDAB8D9BB243F004039C
:108BB000CFE7012005F02BFEE8E7012B06D1636823
:108BC0005A6892F8283003F0FD03CDE7114A0D48AA
:108BD000012103F09BF86FF08500ABE763685A68EA
:108BE00092F8283003F0FB03002082F82830A1E738
:108BF00063685A6892F8283043F00403F4E700BF32
:108C0000471F010C9CFA000C8E1F010CBFD4010001
:108C1000AE1F010C701F010C2DE9F74F4668074687
:108C2000D0F81090B06805F018FE50B901217D4AC7
:108C30007D4805F06CFD6FF01204204603B0BDE8DE
:108C4000F08FD6E9020105F050FD02280FD0D6E9D9
:108C5000020105F043FD044648B110F1780F06D03B
:108C60000346724A0121704803F050F8E5E7316984
:108C7000B06805F03AFD02280BD03169B06805F004
:108C80002DFD044628B110F1780F02D0684A034642
:108C9000E8E77169B06805F028FD02280BD071691A
:108CA000B06805F01BFD044628B110F1780F02D022
:108CB000604A0346D6E7306880B1002101AA05F07A
:108CC000FBFC041E07DB019B002219791868FFF7E3
:108CD00049FB041E02DA584A2346C3E72422002136
:108CE000D7F804A03D69DAF80430A8180191D3F848
:108CF00040B0D3F8448006F0B0FADAF81C3095F8AA
:108D00003020AB62DAF8203002F040026B62DAF811
:108D100018301BF47F4FEB622BF0400343EA020351
:108D200085F83030CBF307232AD1DAF80800DAF8D7
:108D300010108368DB68E3B101AA98470446D8B1F4
:108D4000019B01213D4A384802F0E0FF002C66DB20
:108D50003846FFF781FE484605F079FE01220021E2
:108D600009F1140005F01CFF3846B36A9847002447
:108D700063E76FF05704E3E7019B314AB3FBF2F37B
:108D800085F8313095F83230CBF3C04223F003033D
:108D900085F83230BAF824304FEA1848A3F10801B8
:108DA0004B424B419B0043EAC203CBF3405243EAA0
:108DB0004213CBF3805243EA8213CBF3C05243EA0F
:108DC000C213CBF3006243EA0223CBF3406243EACF
:108DD0004223CBF3407243EA42336A8E4FEA9B7BD5
:108DE00043EA8B3302F0130213436B86AB8E85F894
:108DF000368003F48453AB8695F8373023F018039C
:108E000085F83730BAF82430181F4342434185F8BB
:108E10004430002385F84530A5F8463098E7094AE4
:108E200023461FE7D51F010C9CFA000CEC1F010C18
:108E30000620010C2020010C3F20010C5820010CC1
:108E400080841E007920010C0121024A024802F0B0
:108E500054BF00BFCB20010CACFA000C70B5054626
:108E600000F074FA0446094EEB69DB060CD000F002
:108E70006DFA031BB34203D9BDE87040FFF7E4BFAE
:108E8000022005F0C4FCEFE770BD00BFBFD40100B5
:108E9000F7B50D4647680669BC682368204623F08D
:108EA00002032360FFF7DAFFEB79002B64D1F37143
:108EB0002979022960D8204605F08BFC2B79337183
:108EC0006B79012B52D1636823F040036360204625
:108ED000FFF7C4FF6B797371AB79042B4CD82B4A25
:108EE0002046D35C626822F0070262606268134326
:108EF0006360FFF7B3FFAB79B3710023B8690193E7
:108F00008368DB6813B1396A01AA9847019A286817
:108F1000002A34D05308010B0005C01841F10001AC
:108F20000023F7F76DF84FF6FF72431E61F1000161
:108F3000934271F1000125D22368404280B223F4AC
:108F400060432360A0812B68204633607B7B012B2C
:108F500002BF236843F080032360236843F00203C9
:108F60002360FFF77BFF002003B0F0BD032B03D18C
:108F7000636843F04003A9E76FF08500F4E76FF002
:108F80001500F1E76FF02100EEE700BF8124010C2E
:108F90002DE9F34146680769B069B468836896F8BB
:108FA0000C801B68316A2BB96FF05705284602B058
:108FB000BDE8F0819847054610B110F1780FF5D162
:108FC000D6E9060183681B68002BEDD0984705465B
:108FD00010B110F1780FE9D1BF2323750023FB7185
:108FE0003379042B02D96FF08505DFE7504A20461C
:108FF000D35C626822F007026260626813436360B8
:10900000FFF72CFF33792046BB71717905F0E1FB46
:1090100073793B71B379012B79D1636823F04003F5
:1090200063602046FFF71AFFB3797B71B16832693C
:109030000B68120523F44C1302F440121A437369AF
:109040001B0403F4403313430B60236843F00053C5
:109050002360236823F01C03B8F1000F5ED0236067
:109060002368002143F080432360706A01AA05F061
:1090700023FB051E9ADB019B002219791868FFF774
:1090800071F90546002891D16368204643F4003306
:109090006360FFF7E3FE6368204643F48033636058
:1090A000FFF7DCFEB069316A8368DB680BB101AAA7
:1090B0009847019A3068002A33D05308010B000505
:1090C000C01841F100010023F6F79AFF4FF6FF7236
:1090D000431E61F10001934271F1000124D2236823
:1090E000404280B223F460432360A081336820466D
:1090F0003B60737B012B02BF236843F08003236036
:10910000236843F002032360FFF7A8FE4EE7032B1A
:109110007FF469AF636843F0400381E743F00403E1
:109120009DE76FF0150541E76FF021053EE700BFB1
:109130008124010C4FF0E0230D4A996912681869E7
:109140009B69002908BF1146002B08BF134610F485
:10915000803F084801D1994205D20168114401605D
:109160004FF0E021096900681044C01A704700BF41
:1091700034180020301800202022094B002083F8EA
:10918000232042F6E062074B1A60074B42F6DF628B
:1091900018604FF0E0235A61072298611A61704706
:1091A00000ED00E03418002030180020684620F060
:1091B00007018D4619B5FFF7BDFF1449144B086828
:1091C000D3E90042001942F10002C3E90002002382
:1091D0000B6042F6E0630F4AD2E90041001BB0FB8E
:1091E000F3F043431B1941F10001C2E90031EFF3F1
:1091F0001181202383F31288BFF36F8F01F05EFB90
:10920000F8F7ACFFBDE819408546704730180020DC
:10921000F80D0020F00D00202DE9F041374E89B106
:10922000421C0AD14FF0E022136923F001031361BD
:109230004FF07F433360BDE8F0813568012806DCDC
:1092400000240AE0431C3568F8D140F2755040F222
:1092500076539842A8BF1846441EEFF31187202387
:1092600083F31288BFF36F8FFFF764FF4FF0E023A3
:109270002349D3F818C0D1E9002380184FF0000229
:1092800043F10003C1E900031E4B1A601E4B1A682C
:10929000831A2DD442F6E06E42F6DF6814FB0E848A
:1092A0001C44B4FBFEF4131A0EFB0433B3F5806FB9
:1092B00038BF4FF48063154A934228BF13464FF0DE
:1092C000E0223360013B946953610023A44593611C
:1092D000ACEB0400D1E900320DD20544EB1842F1A9
:1092E0000002C1E9003287F31188BFF36F8FA2E754
:1092F0004FF48063E3E7C318F1E700BF34180020A0
:10930000F80D002030180020F00D002060CCFF0088
:1093100038B5EFF31185202383F31288BFF36F8FE5
:10932000084B1C68084B1B68E41AFFF703FF85F322
:109330001188BFF36F8F42F6E0632044B0FBF3F077
:1093400038BD00BFF80D0020F00D002038B5EFF358
:109350001185202383F31288BFF36F8F044B1C68A1
:10936000FFF7E8FE85F31188BFF36F8F204438BD07
:10937000F80D002010B50446F7F7A4FE03480121BC
:10938000034A02F0BAFC204605F072FA84FA000C97
:109390001721010C2DE9F84304460D4600AFEFF309
:1093A0001188202383F31288BFF36F8F04282A4A81
:1093B00098BF2A4BE9468AB09668117C98BF53F84B
:1093C00020306A4688BF264BCDE9073140F2013391
:1093D0002448ADF82430244BCDE9050442F8103F71
:1093E00000234FF431512148F7F73AFFCD4645B1FC
:1093F000EB69C3F3080323B101211D4A1B4802F0A6
:109400007CFC2EB1304605F092FC08B1037803B91C
:109410001848E9468AB06A46174B0790CDE90536E9
:1094200040F20133ADF82030144B42F8103F0023D6
:109430004FF411510D48F7F713FF2946CD4620464A
:10944000FFF798FF88F31188BFF36F8F3046F8F766
:1094500095FEBD46BDE8F883381800207CFD000C61
:109460002621010C3C21010C0500000184FA000CAE
:109470006421010C3421010C8521010C0400000140
:1094800038B50A4B53F82040013053F82050A5421C
:1094900000D838BD606830B1037EDB0701D405F029
:1094A000C4F90834F3E723689847FAE790FD000C05
:1094B000012270B5294B86B003201A70FFF7E0FF38
:1094C00001F0B2FB0420FFF7DBFF254C254D2646BB
:1094D000AE4204F130040FD301F076F8204CAC42D8
:1094E00026D301F085F8F6F7BFFF1F4A938923F0D2
:1094F0000103938106B070BD54F80C3C059354F8F9
:10950000103C049354F8143C039354F8183C029311
:1095100054F81C3C019354F8203C009354E90A236E
:1095200054E90C0100F004FD54F8303C5E65CEE7D0
:10953000D4E90A23B3F1FF3F08BFB2F1FF3F05D0E2
:1095400052EA0301206803D100F03CFD3034C6E745
:109550000649183001F022F9F8E700BF7018002022
:1095600098F9000CC8F9000C880E002055EE000C8C
:10957000882370B5134E012203FB0066002386B0DA
:10958000CDE904230F220193CDE9023214234FF4D5
:10959000A0720D4D0D4903FB0055044602FB00115E
:1095A0000B4B3046009500F0C3FC337C2C7423F049
:1095B00004033374074B013403EBC423EE606B6088
:1095C00006B070BD000E002038180020782F002053
:1095D00001EA000C782700207FB50020FFF750FF3C
:1095E0002C4B83F308880025E0232B4C84F8223091
:1095F000E57725766576A57684F82050E576636A6A
:1096000043F4E0236362636A43F400236362A56367
:10961000E3689BB243F0BF6343F40833E360F8F7B9
:10962000BBFCF8F795FD4FF0FF33A362E362F8F758
:1096300085FFF8F707FEF7F7A9FC184800F0B6FC1D
:109640000120FFF71DFF0220154CFFF719FF00F066
:10965000B3FF144B4FF400625C61134B1349059345
:1096600001232046CDE90353CDE90155104B009568
:1096700000F05EFC0646237C204623F0040323749E
:1096800005F0B0FB2846FFF773FF31462046084A35
:10969000F8F742FD782F002000ED00E0100F0020C9
:1096A000880E0020381800200100010CB83000207E
:1096B000B194000C38B5064C064DAC4201D30020E5
:1096C00038BD2046D4E9011205F01CF91434F4E742
:1096D0004C0400206004002030B5054B85B0DDE966
:1096E00008450293CDE9004505F0CAF805B030BD44
:1096F00073B4000C38B5074C074DAC4201D30020C1
:1097000038BD204605F022F908B91C34F5E76FF0A2
:109710001500F5E7300400204C04002073B50C461A
:10972000EFF31181202585F31288BFF36F8FC56891
:109730005DB125602B68C3608369013383610020BC
:1097400081F31188BFF36F8F11E052EA030603D152
:109750006FF00B002560F3E7CDE9002302460830E7
:1097600000F048FE18B9034B9B685B69236002B0A8
:1097700070BD00BF38180020F7B50D4604469DF8AF
:109780002010EFF31187202080F31288BFF36F8F32
:10979000266AE068864240D22668B4421AD0CEB12A
:1097A000304605F038F906F1180005F043FC29466B
:1097B000002554F8082F706905F042FD3046C6F8C0
:1097C000805005F00FFB2046394605F069FB28461E
:1097D00003B0F0BDA268A9B12946E06905F030FDEB
:1097E000E369A26813446269E361934201D123698A
:1097F000E3610020236A0133236287F31188BFF3FA
:109800006F8FE5E7A06923692946984208BF606920
:10981000801AA06105F014FDEBE752EA03010BD0BA
:10982000074904F1080089684D61CDE900233946F4
:10983000224600F0DFFDCBE76FF02200DDE700BF3E
:1098400038180020F7B504460846EFF311862021AA
:1098500081F31288BFF36F8F216A00293BD0A26881
:10986000A16905F0EDFCA369A2682568134462694B
:10987000A361934204BF2369A361236AAC4203F14D
:10988000FF33236236D02846002D34D0002705F060
:10989000C2F805F1180005F0CDFB6969A268E0691E
:1098A00005F0CEFCE369A268284613446269E361CF
:1098B000934204BF2369E361236A01332362C5F83D
:1098C000807005F08FFA04F10800314605F0E8FADF
:1098D000384603B0F0BD52EA030111D00A49896845
:1098E0004861CDE900233146224604F1080000F02A
:1098F00081FDEEE7002086F31188BFF36F8FE8E764
:109900006FF02200F7E700BF381800202DE9F3417F
:10991000044617461E46EFF31188202383F312886E
:10992000BFF36F8F304BC2689B6872B180689842FA
:1099300017D057EA060216D188F31188BFF36F8F4C
:109940006FF00F0002B0BDE8F08193F90E10013204
:109950002161C4E9023288F31188BFF36F8F0020C0
:10996000F0E72169F3E793F90E1090F90E30994270
:1099700030DA9942A8BF194605F061F8054622463B
:109980004146CDE90076194800F034FD0028E6D0C4
:10999000EFF31186202383F31288BFF36F8FA06843
:1099A000D0B1236821699C420AD04BB193F90E30A3
:1099B0009942A8BF19466FF07F039942B8BF194674
:1099C00005F03DF840B13146084805F069FA6FF0FE
:1099D0000A00B7E70025D2E7002DF4D186F31188FD
:1099E000BFF36F8FF3E700BF381800207118002015
:1099F000F8B583680546002B40D0234A926893420D
:109A00003FD1C368012B03D9013BC3600020F8BDDF
:109A1000EFF31187202383F31288BFF36F8F01695F
:109A2000806805F00CF82C68A54207D10023C5E931
:109A3000023387F31188BFF36F8FE7E7002CF5D06F
:109A4000D4E90032002613605A60237CC4E9006622
:109A500023F002032374A66004F1180005F0EAFA6B
:109A6000AC6094F90E3020462B61C4F8806005F09C
:109A7000B9F93946054805F013FAC7E76FF0150044
:109A8000C5E74FF0FF30C2E73818002071180020FA
:109A900037B51146EFF31185202282F31288BFF308
:109AA0006F8F04689CB12368426823F003039442DB
:109AB000036008BF43600121204605F044F80446D6
:109AC00085F31188BFF36F8F204603B030BD51EA94
:109AD0000302F5D000F10802CDE900131046294633
:109AE00000F088FC0028EFD1014B9B685C69EBE734
:109AF0003818002070B5EFF31186202383F3128805
:109B0000BFF36F8F0468A0421BD0D4B1D4E90032F8
:109B1000002513605A60237CC4E9005523F002033A
:109B20002374A56004F1180005F084FA2046C4F8F7
:109B3000805005F057F93146BDE87040064805F001
:109B4000AFB9D0E902329A4218BF0133836086F37D
:109B50001188BFF36F8F70BD7118002013B5EFF33C
:109B60001181202484F31288BFF36F8F846844B17D
:109B7000013C846081F31188BFF36F8F002002B035
:109B800010BD52EA030406D181F31188BFF36F8F31
:109B90006FF00F00F3E7CDE900230246014800F023
:109BA00029FCECE7711800202DE9FF41044620272D
:109BB000534EEFF3118887F31288BFF36F8FD4F8F9
:109BC0008C50F5B9022104F1A40004F0F5FF00283F
:109BD00070D004F19C0500220121284605F0E7F928
:109BE0000028F8D100234FF0FF3202934FF0FF33EB
:109BF0004146CDE90023434804F1940200F00EFDF4
:109C0000D7E7D4F890202B689542C4F88C3008BF71
:109C1000C4F89030D4F8A43043F00203C4F8A43060
:109C2000EB6823F0040343F00103EB606B6888F3F7
:109C30001188BFF36F8F28469847EFF3118887F399
:109C40001288BFF36F8FEB68D80623F001023ED471
:109C5000EA60EB689A0717D5306823F00203EB60DF
:109C600090B10021036878B1426895423DD1036804
:109C7000002934D172683360904200D173600023B0
:109C800040F8083BFFF736FFD4F8A43023F0020376
:109C9000C4F8A430DB0530D4D4F88C30003B18BFB6
:109CA000012388F31188BFF36F8F002B81D005F05B
:109CB0005FF87EE7D4F8A430D90693D5C4F8A400A1
:109CC00088F31188BFF36F8F04B0BDE8F08123F0F3
:109CD0001103EB6005F11000FFF70CFFB9E70B6013
:109CE0007368984208BF7160C9E701461BB11A68E2
:109CF00018461346B7E71A46FAE70023D1E700BF34
:109D0000581800207118002070B5C3680546C3F3C9
:109D100040069B070C460DD50122002104F10800E6
:109D200004F03EFF00232360054B65605A681AB9B2
:109D3000C3E90044304670BD14605C60FAE700BFC0
:109D400058180020F8B5C36804469A070E46C3F3B6
:109D5000400542D45F0742D40B680BB983680B609F
:109D6000E368D80742BFA36802253360376858BF4D
:109D7000012557B31B4B9A68D7F888309A421ED1F9
:109D800004F0CCFF80F00100C0B2D7F8A430D907AE
:109D9000C3F380021CD5F2B1F8B100232360D7F8D9
:109DA000903073B9C7E92344384604F01FFFE368D5
:109DB00043F00403E3603368A3602846F8BD002045
:109DC000E3E71C60C7F89040EEE76FF0150506E08A
:109DD0006FF0120503E01B07DFD56FF00F050023BE
:109DE0003360EAE738180020F0B50446002089B057
:109DF0000E9DC4E9230004F19400C4E9250004F198
:109E00009C00C4E9270055B32879002840F20110CE
:109E100008BF0120C4F8A40000204FF0FF364FF027
:109E2000FF37CDE90330CDE90100CDE906672046D3
:109E30000C4B009400F0EAF855B1296811B12046A6
:109E400004F072FF6B791BB1A38943F00103A38176
:109E5000204600F0B7F8C4F8884009B0F0BD0120F2
:109E6000D8E700BFA99B000C37B501900846EFF377
:109E70001184202181F31288BFF36F8FC16811F024
:109E80001E0F16D153EA020508D101A9FFF75AFFA8
:109E900084F31188BFF36F8F03B030BD41F0080128
:109EA000C160019910308161034900F077FC012005
:109EB000EEE70020ECE700BF61EC000C0146014832
:109EC000FFF7D2BFB80F0020F7B50C4616461D4667
:109ED0000190EFF31187202383F31288BFF36F8F74
:109EE000084604F074FE55EA060309D1204601A98C
:109EF000FFF728FF87F31188BFF36F8F03B0F0BD22
:109F0000E368324643F00803E360019B0449A3621F
:109F100004F110002B4600F041FC0120EAE700BFED
:109F200061EC000C01460148FFF7CEBFB80F0020DE
:109F30002DE9F043984685B000F15803C0E9163387
:109F4000109B002683810423073222F00705037447
:109F50000F9B01EB05090F4683734946C0E906666E
:109F60008660C6730446F7F745FD0E9B073020F068
:109F700007002067C4E91A7502930D9BA9EB00093D
:109F800001930C9B4A460093394643462046F8F716
:109F9000A7F8054B66659B6803B15B6F484663672E
:109FA00005B0BDE8F08300BF38180020012303741A
:109FB00083810023C0E91A334367014B98607047DF
:109FC0003818002038B50446EFF31185202383F3B9
:109FD0001288BFF36F8F037C5B070FD5183005F035
:109FE00029F8237C204623F00403237404F009FF9E
:109FF0002946BDE83840044804F052BF85F3118873
:10A00000BFF36F8F38BD00BF71180020F0B5002579
:10A0100087B00595109DDDE9127604950F9D0446E5
:10A0200003950E9D02950D9D01950C9D0095FFF7E2
:10A030007FFFB6F1FF3F08BFB7F1FF3F05D056EAFB
:10A04000070305D12046FFF7BDFF204607B0F0BD4E
:10A050003A46334604F11800014900F09FFBF4E74B
:10A0600055EE000C6FF00A01094A9368C3F880109E
:10A070000849D8674B6843F080534B60002383F353
:10A080001188BFF36F8F9368D3F88000704700BFCB
:10A090003818002000ED00E038B590F91020014696
:10A0A000002A037C04DA03F07F03037404F062FEE9
:10A0B0000D4D2A4652F8184FAB68944200D004B9AF
:10A0C000EC688B4207D01A7CD20604D1DA897F2A49
:10A0D00001D9A2692AB1A34202D0204600F0E0FAD9
:10A0E00023466B6138BD00BF3818002070B590F969
:10A0F0001020037C002A2FDBD9062DD11A4C63F0E7
:10A100007F032246037452F8183FE169934207D156
:10A11000C0E900210860E0610FE09942F8D01B68B7
:10A12000002BF5D093F90E6090F90E50AE42F4DD9D
:10A130005968C0E9003108605860A569954200D0AF
:10A1400005B9E568A3681A7CD20606D1DA897F2AA8
:10A1500003D9AA690AB9636170BDAB4202D028462F
:10A1600000F09EFA6561F7E738180020034648B909
:10A17000EFF3058232B9064A51699268914201D0E3
:10A18000FFF770BF83F31188BFF36F8F704700BF75
:10A190003818002038B5184CA168E0690B68814276
:10A1A00014BF1A46002249680B605960A368E16930
:10A1B0002AB9124AC3E900210B60E3610AE092F96F
:10A1C0000E5093F90E00854212DD5168C3E900215B
:10A1D0000B605360A569094B9D4200D005B9E56845
:10A1E000A3689D4202D0284600F05AFA656138BD46
:10A1F0008A42DED01268DBE73818002050180020B1
:10A20000002A2DE9F0470CBF4FF010094FF0080964
:10A21000027C044619EA020F0E460F4628D149EA8D
:10A220000203D20946D10374B9F1080F48D04FF0A8
:10A230000008DFF8F0A0534653F8185F9D4200D0A5
:10A240000DB9DAF80C50DAF80830AB4202D02846E3
:10A2500000F026FAB9F1100FCAF8145008D02046C1
:10A2600001F06CFEB8F1000F02D02F48FFF79EFE00
:10A270002C4B9B68A3424FD1EFF30583002B4BD1AE
:10A28000A289D20711D586F31188BFF36F8F83F3AC
:10A290001188BFF36F8F0423184602DFEFF3118795
:10A2A000202383F31288BFF36F8F3846BDE8F04751
:10A2B000FFF7D8BE03F07F03037404F05BFDB3E740
:10A2C000A36813B1204604F05DFD04F1180004F00A
:10A2D000B1FEA56D04F15808A84511D04FF0000A51
:10A2E00075B1284604F04EFD05F1180004F0A2FEF9
:10A2F0002846C5F880A0FFF7F9FEA56DA845EFD167
:10A30000084B9B689C4292D1EFF30588B8F1000896
:10A3100018BF4FF001088CE786F31188BFF36F8FE9
:10A32000BDE8F08738180020100F002070B50F4DE1
:10A3300006462B4653F8184F9C4200D004B9EC68EF
:10A34000AB681A7CD20604D1DA897F2A01D9A269C6
:10A350002AB1A34202D0204600F0A2F923466B6145
:10A360003046BDE87040FFF701BF00BF381800203D
:10A3700070B5EFF31186202383F31288BFF36F8F3C
:10A380001A4CA168E0690B68814214BF1A4600228A
:10A3900049680B605960A368E1692AB9144AC3E9A6
:10A3A00000210B60E3610AE092F90E5093F90E0070
:10A3B000854216DD5168C3E900210B605360A56931
:10A3C0000B4B9D4200D005B9E568A3689D4202D0C1
:10A3D000284600F065F965613046BDE87040FFF73A
:10A3E00041BE8A42DAD01268D7E700BF3818002091
:10A3F00050180020F8B5124B0C46DDE906761146E0
:10A400009868104A1060EFF31182202282F31288BC
:10A41000BFF36F8F9D68284604F0BEFCB6F1FF3F86
:10A4200008BFB7F1FF3F06D03A463346064905F16B
:10A43000180000F0B3F92046BDE8F840FFF712BE5F
:10A44000381800206018002055EE000CF8B50446BE
:10A45000EFF31187202383F31288BFF36F8F037C00
:10A4600049B203F01F02002A0CBF0126002635D195
:10A4700003F07F032A4D037404F07CFC2A46037C1E
:10A48000817363F07F03037452F8183FE8699342C5
:10A4900007D1C4E900200460EC610DE09842F8D0D7
:10A4A0001B68002BF5D093F90EC08C45F6DD59687A
:10A4B000C4E900310C605C60AC69944200D004B91E
:10A4C000EC68AB689C4202D0204600F0E9F86C6171
:10A4D00087F31188BFF36F8F3046F8BD9B071CD5FB
:10A4E000856804F047FC81732B689D4209D16B6835
:10A4F000C4E900531C606C60EAE76A689A42F6D0CF
:10A500001B68002BF3D093F90E208A42F5DD5A68C0
:10A51000C4E9003214605C60DAE78173D8E700BFF9
:10A5200038180020F8B550EA010306460C4603D15E
:10A5300004F01EFC0020F8BDEFF31187202383F305
:10A540001288BFF36F8F184D184BA868186004F07D
:10A550005AFCA868324623461549183000F01EF907
:10A56000AB6804461A7CDF6742F004021A746FF08D
:10A570000A02C3F880200F4A536843F080535360A7
:10A58000002383F31188BFF36F8FAA68D2E90A1200
:10A59000B2F1004F08BF9942CCD104F080FD201ADF
:10A5A00020EAE070C7E700BF3818002060180020DC
:10A5B00055EE000C00ED00E0024B03F11802C3E978
:10A5C0000622704738180020EFF31181202383F30F
:10A5D0001288BFF36F8F054B9A68D37B013BD3730F
:10A5E00081F31188BFF36F8F704700BF38180020C8
:10A5F000EFF31180202383F31288BFF36F8F034B97
:10A600009A68D37B0133D373FFF790BE38180020CC
:10A61000014B9868704700BF38180020D3B5DDE9BA
:10A620000667089CCDE90067FFF7E4FE1CB1034B09
:10A630009B685B69236002B0D0BD00BF3818002062
:10A64000027C034612F01F0210D10A4988420DD045
:10A650000949086868B1D9897F2909D893F90E207A
:10A66000064B1B689A42B8BF002070470020704715
:10A6700010467047000E00207C0300206418002064
:10A680000122044BC01A044BC0105843034B1A5408
:10A69000704700BF980F0020ABAAAAAA711800202B
:10A6A00070B50C4B0C4D1E7CFFF7CAFF182303FB43
:10A6B00006550446284604F0BDFC0022074B9A5577
:10A6C0003CB1621E2846BDE870400549D31700F032
:10A6D00065B870BD38180020980F00207118002050
:10A6E00081A6000C38B5EFF31185202383F312887F
:10A6F000BFF36F8F0F4B104A9C681068A04206D1C1
:10A70000FFF7CEFF85F31188BFF36F8F38BD0021AF
:10A710001B7C1160094AD35C002BF3D02046FFF765
:10A720008FFF0028EED0237CDB0601D1FFF732FD3E
:10A730002046E5E738180020601800207118002036
:10A74000024B1868984208BF002070478003002021
:10A75000034B1B680BB9FEF7DBBD0020704700BF41
:10A760006818002030B570B10B4B5B6898420AD076
:10A77000036843B1D3E90421D0E90445121941EB40
:10A780000501C3E90421D0E9003213605A600023B7
:10A79000C0E9003330BD00BF80030020B3F1FF3FAC
:10A7A00008BFB2F1FF3F2DE9F84F04469946154620
:10A7B0001F467AD08160EFF31188202383F312883B
:10A7C000BFF36F8FB9F1000FDFF8E4A020DBFFF7D4
:10A7D000BFFFDAE90027013549F100092D1849EBDF
:10A7E000E07306464FF00109C4E90453AD1843EB8A
:10A7F0000707FFF7A5FF0346DFF8B8E0DEF804A07F
:10A80000EBB9C4E900EACAF80040CEF8044028E0F9
:10A810006FF00103DAE900125B1A4FF0FF3161EBD0
:10A8200002025B1B62EB0902012B72F10001BCBF4B
:10A83000012300224FF00009C0E90432D9E7D3E92F
:10A84000041CD4E904208A4270EB0C0B24DA891A28
:10A850005A686CEB0000C3E90410C4E900321460CC
:10A860005C60FFF76DFF84420ED1134B1B685BB930
:10A87000B9F1000F02D1FFF76BFF0646304604F036
:10A88000C2FB0021FEF7C8FC88F31188BFF36F8F6D
:10A8900028463946BDE8F88F521A60EB0C00534544
:10A8A000C4E90420ADD01B68AAE700252F46EFE7D6
:10A8B000B00F002080030020681800202DE9F04729
:10A8C000DFF8A8900246C9F800000D46FFF738FFF0
:10A8D00000260027DFF898804FEAE27ED8E90013CF
:10A8E00050B1D0E9044CA2427EEB0C0A1ADAA41A49
:10A8F0006CEB0E06C0E904460024521843EB0E032D
:10A900002046C8E90023C9F8004004F07CFB21463A
:10A91000FEF782FC85F31188BFF36F8FBDE8F04727
:10A92000FFF7E0BE611843EBE473C0E90467C8E9D0
:10A930000013FFF717FF01224FF00043C0E9042383
:10A9400085F31188BFF36F8F83689847EFF3118504
:10A95000202383F31288BFF36F8FD9F80020121BD6
:10A96000C9F80020FFF7ECFEB6E700BF681800202A
:10A97000B00F002010B5EFF31184202383F3128869
:10A98000BFF36F8FFFF7E4FE0346054AD2E90001EB
:10A99000181841EBE37184F31188BFF36F8F10BD7A
:10A9A000B00F0020F8B50446EFF31187202383F39E
:10A9B0001288BFF36F8FD0E90423B3F1004F08BFB3
:10A9C000012A04D087F31188BFF36F8FF8BDD0E957
:10A9D0000A566A1C46F10003022A73F1000334D3BD
:10A9E000013D46F1FF36002EBCBF00252E4604F087
:10A9F0005AFB013041F10001401946EB01010128E9
:10AA000071F1000148DB04F04EFB6FF002030130EE
:10AA100041F10001401946EB010183426FF0004310
:10AA20008B413EDB04F03FFB013041F100016FF050
:10AA30000102401946EB01034FF0FF31121A61EB9E
:10AA4000030320461949FFF7A9FE236B0133236353
:10AA5000236A63B187F31188BFF36F8F204698474D
:10AA6000EFF31187202383F31288BFF36F8F54F81D
:10AA7000185FA542A6D0002DA4D0284604F0C5F941
:10AA80000023C5F8803087F31188BFF36F8F284605
:10AA9000BDE8F84004F0A6B96FF001024FF0FF33B3
:10AAA000CFE700224FF00043CBE700BFA5A9000C81
:10AAB0002DE9F04105461C4690461F46EFF31186EE
:10AAC000202383F31288BFF36F8FB4F1FF3F08BFD9
:10AAD000B2F1FF3F05D186F31188BFF36F8FBDE858
:10AAE000F081002C09DB012A74F10003BCBF0122B4
:10AAF000002412F1FF3844F1FF37284604F09AFA97
:10AB0000DDE906010023C5E90A012B6342463B4605
:10AB100028460249FFF742FEDDE700BFA5A9000C69
:10AB200070B50546EFF31184202686F31288BFF333
:10AB30006F8F04F07FFA20B184F31188BFF36F8F19
:10AB400070BD6B6A63B184F31188BFF36F8F2846C1
:10AB50006B6A9847EFF3118486F31288BFF36F8F07
:10AB600005F1180004F086F90028E5D004F03AF960
:10AB70002146BDE87040014804F092B972180020E7
:10AB800073B50446EFF31186202383F31288BFF3D5
:10AB90006F8F8368594003EA02050A405340002240
:10ABA000009309496B46019204F0CDF9DDE90032CA
:10ABB00023EA020304F10C003146A36004F070F9AB
:10ABC000284602B070BD00BFD5F1000CF8B50746AD
:10ABD0000C46164604F0A2F808B10020F8BD0D4B53
:10ABE0009B685D6F002DF8D0221DF6D2EFF3118423
:10ABF000202383F31288BFF36F8F284647F00401A8
:10AC0000B04784F31188BFF36F8F0028E5D040F878
:10AC1000045BE3E7381800200146024A0020FFF7F2
:10AC2000D5BF00BF6DB4000C014800F046BD00BFA9
:10AC3000EA21010C07B5074B4FF4806200930649E7
:10AC40004FF0FF330548FFF7CFF8002003B05DF861
:10AC500004FB00BFA8FD000CB8380020B80F00208E
:10AC60000CB430B58BB004460D462022002102A85A
:10AC700004F0F3FA0223002D06948DF80A300C4BF1
:10AC8000039312DB01D06B1E1C440FAA0E9902A87D
:10AC90000794019200F00EF815B1069B00221A707D
:10ACA0000BB0BDE8304002B070470024EDE700BFB4
:10ACB00079F3000C2DE9F04F43688BB08046924643
:10ACC000009383789C0740F1F980002508780028DC
:10ACD00000F0F68025280AD04B1C0193013541462F
:10ACE000009B98470028C0F2E3800199EEE74E7878
:10ACF0008B1C252E0193F1D000270A22B9463C4631
:10AD00001F2C22D8A6F12003102B20D8DFE803F057
:10AD1000141F1F1A1F1F1F0B1F1F1F121F171F1F7C
:10AD2000090044F00104019B13F8016B0193002E0C
:10AD3000E6D13AE044F0020444F00404F3E744F0BE
:10AD40000804F0E744F01004EDE77F2C24D8A6F1C6
:10AD50003003092B08D860064EBF02FB073744F0CA
:10AD6000200402FB0939DEE72A2E0DD161065AF8CC
:10AD7000043B53D4002BA7BF44F020049946C3F1F1
:10AD8000000944F02804CEE72E2E05D1630600F119
:10AD9000978044F04004C6E76C2E2ED028D8682E49
:10ADA00032D06A2E37D04C2E35D0002F46F02003FB
:10ADB000B8BF24F04004A3F16502BCBF0027A4B2D1
:10ADC000022A01D9612B2BD10AF1070A07279D4ED0
:10ADD0002AF0070A0AF1080A210760D506EB070BDB
:10ADE00034465C455DD1AE1BA9EB0709A21959E1B8
:10ADF000742E98D07A2E96D0D7E7260648BF44F412
:10AE0000007444F080048EE7E00548BF44F4007409
:10AE100044F4807487E744F4207484E71F4682E793
:10AE2000A6F16302122A00F2D880DFE812F01300C4
:10AE30004D00D600D600D600D6004D00D600D60074
:10AE4000D600D600D600E800D100D600D6001A0001
:10AE5000D600A0005AF8043B012704AE8DF810304C
:10AE6000BAE75AF8046B784B002E08BF1E4614F060
:10AE7000400F304614BF39464FF0FF3104F01AFA44
:10AE80000746A9E741462020009B984700280FDB92
:10AE9000013CA742F6D34D44A1462D1B9EE74C46EC
:10AEA000F7E7414614F8010B009B9847002898DA11
:10AEB00098F8023043F0040388F802304FF0FF3571
:10AEC00028460BB0BDE8F08F220630D5A3052AD561
:10AED0000AF1070A2AF007039A4659685AF8080B3C
:10AEE00024F0100B00291FFA8BFB2FDA40424BF4A1
:10AEF000806B61EB410104AC0A23224604F0E6F9C1
:10AF00001BF0400FA0EB040200F08E802BF0010438
:10AF10009742A4B240F38F80002E40F08E802BF039
:10AF20001104A4B21DE05AF8040BC117D8E7E005DC
:10AF30005AF8041B01D40846F7E7A20547BF48B2F8
:10AF400041F3C01108B241F3C031C9E750EA01032F
:10AF5000D1D16306CFD5002FCDD124F011043A46CC
:10AF6000A4B23B4640F206410C4262D124E024F0F8
:10AF700010040A23A4B214F0800243D014F4007128
:10AF800017BF0AF1070A5AF8040B2AF00702924683
:10AF90001CBF51685AF8080B50EA01023ED124F058
:10AFA000160B62061FFA8BFB3CD5002F3AD124F01A
:10AFB00017043A463B46A4B221075AD4E10705D507
:10AFC000994572DDA9EB03039F184B469B464AE067
:10AFD00044F0100410237826CDE7782B04D1C6F175
:10AFE000780343F01003C6E741462520009B9847AD
:10AFF0000028FFF65DAF02354146304670E6082373
:10B000000026B8E714F480715AF8040BC4D014F485
:10B0100000711ABFC0B2114680B2BDE724F0060429
:10B020001FFA84FB04AC68E713465C46E10699D539
:10B030002EB90133C0E71346F8E73B46F6E7023383
:10B04000BAE700BF2822010C2122010CCDE902320F
:10B0500041462020009B98470028FFF629AF0BF1BE
:10B06000010BDDE90232D945F0DCEB1A03EB0B05ED
:10B070005B46E10627D541463020CDE90232009BF0
:10B0800098470028FFF614AFDDE902327EB901359A
:10B090002F44791B8A4229DB144604AE94BB2A4410
:10B0A000A9EB03091546914440E017468EE70235A7
:10B0B00041463046CDE90232009B98470028DDE941
:10B0C0000232E5DAF4E640F206410C42E0D014F038
:10B0D000020F05F10105414614BF2B20202014F476
:10B0E000806FCDE9023218BF2D20E5E7CDE90232AD
:10B0F0004146009B3020013598470028DDE90232A7
:10B10000C7DAD5E6013C4146CDE90232305D009B0D
:10B1100098470028DDE90232C0DAC9E6414620201E
:10B12000009B013598470028FFF6C2AEA9EB050346
:10B13000002BF3DCD9E500BF7047836800EBC10149
:10B14000B3F5004F2CBF51F8220031F812007047C0
:10B1500000EBC1018068B0F5004F2CBF41F82230F0
:10B1600021F812307047012208B5FFF7E6FFD04002
:10B1700008BD836800EBC101B3F5004F08D34B68ED
:10B180001AB143F001034B60704723F00103FAE763
:10B190004B881AB143F001034B80704723F0010341
:10B1A000FAE753000122FFF7D3BF08B58368B3F570
:10B1B000004F06D3FFF7D7FF01288CBF00200120E6
:10B1C00008BD0020FCE78368B3F5004F34BF0423BB
:10B1D0000823C91A081AC00870478368B3F5004FDE
:10B1E00028BF0139B1FA81F0C0F11F0070472DE985
:10B1F000F041174603220E460446FFF79EFF8642A3
:10B20000054607F104080AD10122E368BA4023EA9F
:10B210000203E360002344F82830BDE8F0813146A2
:10B2200002222046FFF789FF06462B4601460322ED
:10B23000204644F82850FFF78BFF33462946204626
:10B24000BDE8F0410222FFF783BF38B504460D4642
:10B25000FFF7ABFF70B929462046FFF784FF014690
:10B260002046FFF7BAFF294602462046BDE838408F
:10B27000FFF7BDBF38BD2DE9F04705468946FFF70A
:10B28000ACFF05EB800ADAF81070064677B94FF08C
:10B29000FF34EB680136B4401C4015D094FAA4F298
:10B2A000B2FA82F2131D55F8234009E03C464FF0F4
:10B2B000030821462846FFF756FF814507D8324646
:10B2C00021462846FFF793FF2046BDE8F087214638
:10B2D00003222846FFF731FFB8F101080446CAF8F7
:10B2E0001000D4D08742E4D1D1E72DE9F0411446D3
:10B2F0000E460546FFF737FFA4EB0608371B074449
:10B30000424631462846FFF74CFF3A46214628463A
:10B31000FFF747FF4346002221462846FFF718FF64
:10B3200021462846FFF71FFF3B46211800222846EA
:10B33000BDE8F041FFF70CBF2DE9F0411646044689
:10B340000F46FFF710FF314605462046FFF70BFF7B
:10B3500005442A4639462046FFF723FF314620465A
:10B36000FFF701FF2B46311800222046BDE8F041CF
:10B37000FFF7EEBE2DE9F04104460D46FFF715FF3D
:10B38000B8BB29462046FFF7EEFE01462046FFF7F0
:10B3900024FF04EB80010E6996B90122E368824024
:10B3A0001343E36002220D612B4629462046FFF736
:10B3B000CFFE032229462046BDE8F041FFF7C8BE74
:10B3C000022231462046FFF7B8FE074603462946CB
:10B3D0002046FFF7BDFE0322334629462046FFF7ED
:10B3E000B7FE39462B462046FFF7B2FE0222314611
:10B3F000E1E7BDE8F08170B5056809B9002070BDCE
:10B40000AB6801F00704B3F5004F34BF04220822F3
:10B4100007341444E40804EBD1049C4228BF1C46C2
:10B4200028462146FFF727FF06460028E6D00146BA
:10B430002846FFF798FEA04209D9344431462846F1
:10B440002246FFF752FF21462846FFF793FF284682
:10B4500001223146FFF78DFEAB68B3F5004F34BFD4
:10B460000423082303EBC6031844C8E71146FFF77B
:10B47000C2BF2DE9F8434B42066803EA010731EAEF
:10B4800003031446B2680ED0B2F5004F2CBF082358
:10B490000423BB4228BF3B46B946CF1B94B90025C5
:10B4A0002846BDE8F883B2F5004F34BF04230823D3
:10B4B000994204D82146BDE8F843FFF79CBF4FF0FE
:10B4C0000009EBE7B2F5004F34BF04250825FB1A4D
:10B4D000E10804F0070001EBD301073003F0070394
:10B4E00003442B4401EBD301914228BF114630465F
:10B4F000FFF7C1FE80460028D1D0B36809EBC00534
:10B50000B3F5004F34BF042308231D4435447B1E8C
:10B510001D44B5FBF7F57D43A5EB090529463046EB
:10B52000FFF751FE2C44073424F00704A41B804588
:10B5300007464FEAE40408D2024641463046FFF788
:10B54000D4FE41463046FFF715FF39463046FFF737
:10B550000AFE3844844208D2394630462246FFF774
:10B56000C4FE21463046FFF705FF0122394630462A
:10B57000FFF7FFFD94E7B2F5802F34BF04230823C3
:10B580002DE9F0410026D21A8C18CD1D25F00705B3
:10B5900024F00704641BE408056021462846AC60DB
:10B5A000EE60FFF71AFE820002F11B07FF0831462A
:10B5B000043205F1100003F050FE3A4631462846A9
:10B5C000FFF7EFFD3346324631462846FFF7C0FD10
:10B5D000A4EB0708284631460122FFF7CAFD424680
:10B5E0003946FFF7DEFD3B46324639462846FFF72F
:10B5F000AFFD21462846FFF7D4FD4346324621469B
:10B600002846FFF7A5FD214628460122FFF7B1FD98
:10B610003946BDE8F041FFF7ADBE2DE9F0470646DB
:10B620000D46174698462BB34FF0000A98F8004095
:10B6300093F80190DB78A40004EB430498F80230FF
:10B640001C444444CA4509D339463046AC46D8F870
:10B65000042008F10803BDE8F047604714F8013BF7
:10B660000AF1010A204648F82340F4F7EDFC0130C6
:10B670000444E7E76FF01500BDE8F08730B50246F7
:10B680000024002012F8013B43B178B18C4207D16D
:10B69000702B04D0A3F140053A2D07D8002030BD0F
:10B6A000A3F140053A2D01D80134EAE7252B08BF64
:10B6B00080F00100E6E7002070470FB407B504A949
:10B6C00051F8040B019100F095FA03B05DF804EB1A
:10B6D00004B0704710B50369024613F0080009D1A1
:10B6E0001368D4689C429BBF0120126AE31AD31AE4
:10B6F0000B6010BD00231846FAE713B501A90446F4
:10B70000FFF7E8FF20B1019BE268013B134401937E
:10B71000206A019BC01A013802B010BD10B5044662
:10B7200050182269236AD20702D5013B184010BD88
:10B73000984228BFC01AFAE710B504460A46C16805
:10B74000FFF7ECFF2369E06023F00803236110BDDD
:10B7500038B50D46C2698B00016843F00203044608
:10B7600042F8213001682A46FFF7D8FFE368616894
:10B77000984208BF2369206008BF43F008032A46A7
:10B78000204608BF2361FFF7C9FF606038BD2DE97F
:10B79000F74F0F460021D0F80CB0C669009216F89A
:10B7A0002B209A4602F00302022A14BF894656F85B
:10B7B0002B2006EB8B030193009B08BFC2F39D096E
:10B7C00019600446CAF80010B9F1000F07D04946C5
:10B7D000FFF7B2FFE368A3604FF0010804E00169DE
:10B7E0008A0705D44FF00008404603B0BDE8F08F4B
:10B7F000816906EB8B00884716F82B10054611F07F
:10B800000108EFD08B071DD51FB139462046FFF741
:10B810009FFF61682A462046FFF780FFD4E90213A4
:10B820008B42606007D12A462046FFF777FF4FF032
:10B8300000080146A0602369216043F00803E1602D
:10B840002361D1E701462046FFF776FFE168A1605A
:10B850001FB12068E16941F82090EA19CAF8002078
:10B8600021682046FFF75AFF2269206042F0080253
:10B87000226116F82B2022F0010206F82B20DDE9C8
:10B8800000321A60A8E770B504461546FFF746FF78
:10B890002368834205D12369216023F008032361D3
:10B8A00070BDE269AB0043F0020342F821306168E9
:10B8B0002A462046FFF732FF6060F1E738B503699A
:10B8C00004465B0706D5456AFFF717FF85422CBF84
:10B8D0006562606238BD38B50D4604461C22002101
:10B8E00003F0BBFC0022EB68A361AB6863612B68CB
:10B8F000E3616B68626223622A6923B1591E1942AF
:10B9000008BF42F001022261012204F12800002157
:10B91000BDE8384003F044B92DE9F04F00259846C2
:10B92000036A87B08B4204460E469346AA460395A7
:10B93000059538D3EFF31189202383F31288BFF3E1
:10B940006F8F059A2AB129462046FFF79CFF0023F6
:10B95000059304A92046FFF7BDFE04990746B142AE
:10B960002AD32268E369204613F8221003EB820AE7
:10B9700021F0030103F8221021683246FFF7CEFEC2
:10B98000E3682060984212D0002789F31188BFF342
:10B990006F8F039929B162690AB12046904700234D
:10B9A0000393002FC6D1504607B0BDE8F08F23693E
:10B9B00043F008032361E7E718B12046FFF7C8FE0C
:10B9C000E3E75BEA08031CD0019103F0A7F90199B2
:10B9D000B8B9B9F1000F14D189F31188BFF36F8F93
:10B9E0005A46434604F12800FEF7B8F8EFF31189F0
:10B9F000202383F31288BFF36F8FB0FA80F77F099B
:10BA0000C3E7204605AB03AA2568FFF7C0FE07463B
:10BA1000BBE770B50446836908460D469847024661
:10BA2000EFF31186202383F31288BFF36F8F2B78F7
:10BA3000204643F001032B706168FFF76FFE6060E2
:10BA40002046FFF73BFF86F31188BFF36F8F70BD71
:10BA50002DE9F843044600272026EFF3118586F3ED
:10BA60001288BFF36F8F2369A268190702D4636835
:10BA7000934200D2236A9B1A002B42D0E06910F84F
:10BA8000221000EB820911F003033AD0022B04D1FB
:10BA900050F822305FEA930805D1CB0720D44846FE
:10BAA000A36998478046A16842462046FFF736FEC4
:10BAB0000127A06041462046FFF73EFE3B4685F346
:10BAC0001188BFF36F8F002BC7D137B1B9F1000FC9
:10BAD00003D104F12800FEF70DF84846BDE8F883CD
:10BAE00041F0020100F82210A3694846D4F808800A
:10BAF0009847414602462046FFF710FE0023A0600B
:10BB0000DDE79946DBE7F8B50446836908460D464C
:10BB100098470646EFF31187202383F31288BFF37B
:10BB20006F8F2B7823F001032B7023699B0705D5BA
:10BB3000E268E36903EB82039D421AD12B7823F07C
:10BB400002032B70D4E90231994204D132462046D7
:10BB5000FFF7E4FDA06031462046FFF7EDFD87F3D7
:10BB60001188BFF36F8F04F12800BDE8F840FDF79E
:10BB7000C1BF2B6860F39F032B60F0E7EFF31181E7
:10BB8000202383F31288BFF36F8F02698368120743
:10BB900002D442689A4200D2026AD31A81F3118811
:10BBA000BFF36F8F181E18BF0120704770470378CE
:10BBB0005B075FBF03684288C3F34A2303EB12109D
:10BBC0005DBF173020F0070080080020704700207C
:10BBD00070470346D3E8EF0F421CC3E8E12F00296A
:10BBE000F8D1704708B503F05EFA0A220023F4F793
:10BBF00007FA08BD1FB50023CDE902011A46194610
:10BC00001846CDE90033F5F7ABFB05B05DF804FB52
:10BC10000120F5F769B9002070474368DA71012205
:10BC20004368196043685A71F5F750B970B5154605
:10BC30000C4669B1D2E901369B1B99420AD81368B8
:10BC40000A460146981903F0FBFAAB682344AB603F
:10BC5000204670BD6FF01B00FBE770B50E46154621
:10BC60001946044618B9BDE87040F5F73DB933B13F
:10BC7000C2F34A231030120D184403F0E1FAC4E96C
:10BC800000562046BDE87040F5F7CABA2DE9F341E9
:10BC90005F1C4FEA8708064608F1170020F00700EE
:10BCA00080080C461546F5F799F900238DF80470C5
:10BCB000ADF805308DF8073068B10346019AA8F158
:10BCC000040143F8102F2A46294452F8045B8A42A3
:10BCD00043F8045FF9D100233146A20102F4E07277
:10BCE00042EA482222F07F4222F4700222F03F0210
:10BCF00002B0BDE8F041FFF7B0BF07B501230192E4
:10BD000001AAFFF7C3FF03B05DF804FB07B5CDE957
:10BD1000002302236A46FFF7B9FF03B05DF804FB76
:10BD20001FB5CDE90123069B01AA03930323FFF767
:10BD3000ADFF05B05DF804FBF8B506460D461446A8
:10BD40001F4604B9F8BD214628463A46B047241A92
:10BD50000544F6E710B542680446D2E9002381683D
:10BD60000068FFF7E9FF002263681A6010BD38B56C
:10BD70004B6805461A68CB680C469A4202D10846C1
:10BD8000FFF7E8FF6368D3E8EF2F511CC3E8E01F1B
:10BD90000028F8D1A36800209D5438BD0A2838B582
:10BDA00004460D4602D10D20FFF7E1FF294620464B
:10BDB000FFF7DDFF002038BD2DE9F043054689B0CF
:10BDC00008460E8891F800900C46D1F80880174676
:10BDD000F5F718FB011EC6F38216C9F3C2091FDB73
:10BDE0004846F5F72FFA0346214651F8102B608894
:10BDF000C2F34A22002A01EB020408BF00210022FC
:10BE0000C0F30B10CDE90507CDE9031428464146E0
:10BE1000CDE900220296F5F721FB09B0BDE8F083D9
:10BE20000023E1E7436800201B685B6819617047E5
:10BE300043681B681A6852685360704701212DE9F6
:10BE4000F04143681B685A6811751D682F68D5E971
:10BE50000136D3E900481CB96B681C60BDE8F0816D
:10BE6000214630464246B847241A0644F3E7436861
:10BE70001B681868F5F728BC70B543680C461D6848
:10BE80006B681869F5F70CF8214603460F222868FD
:10BE9000BDE87040184710B5F5F770FC30B1C368C5
:10BEA00023B15B6813B1BDE8104018476FF015006F
:10BEB00010BD2DE9F0410D4616461F46F5F75EFC14
:10BEC00050B1C36843B19C6834B13B463246294601
:10BED000A446BDE8F04160476FF01500BDE8F08171
:10BEE0002DE9F0410D4616461F46F5F747FC50B1C7
:10BEF000C36843B1DC6834B13B4632462946A446A8
:10BF0000BDE8F04160476FF01500BDE8F08103F037
:10BF1000A4B903F095B901460068F5F70BBD08B563
:10BF2000F5F764FDBDE80840F6F718B90A460121A7
:10BF3000FFF7E3BE00210120F5F7FCBC6FF08500A0
:10BF4000704761B662B680F31188BFF36F8F704798
:10BF500072B6002383F31188BFF36F8FBFF34F8F47
:10BF600030BF62B6BFF36F8F704740E800F313F441
:10BF7000803FD8B208BF6FF01500704730B50C682D
:10BF80004B6885B00A894D890094013B24F01F0459
:10BF9000234402F01F0242EA451223F01F036946C0
:10BFA0008DF808200393F6F783F905B030BD08B586
:10BFB000D1E904319847002008BD08B5F6F78CFB9D
:10BFC000002008BD7047002303824369C3607047A7
:10BFD00070B50D461646DDE904230021F6F7E8FBAF
:10BFE000044630B1324629460C3000F014F80123E3
:10BFF0006372204670BD027A01320272704710B53A
:10C0000008B14B68436000234C6808464B60F6F764
:10C010004DFC204610BD92B281600160C2808280DA
:10C0200070478388026819448180D018704730B403
:10C0300084880568A3188380281930BC03F000B9F0
:10C0400010B5838802685C1C8480D154D01810BD60
:10C0500030B5838802689D1C8580D418D154090AA4
:10C06000617030BD83885B1A9BB28380006818447E
:10C07000704703468288521A82800068084418601C
:10C08000704783689B6803B118476FF0570070478B
:10C09000FDF7AEBC08224FF4D57310B58AB0CDE9D8
:10C0A000012379230022CDE90732C82304460993EE
:10C0B000006883685B6813B901200AB010BD01A94C
:10C0C00098470028F8D194F84B308BB1049BDAB232
:10C0D000AA2AF1D103F47063B3F5807F09BFB4F8E5
:10C0E0006A306FF0850043F00803A4F86A30E4E793
:10C0F000039BECE70A2120EAE070A0FB010102F0BB
:10C10000F8BE0022102100B58BB0CDE90712C8217E
:10C11000CDE90122099183685B6823B101A99847A1
:10C120000BB05DF804FB6FF05700F9E708B530B1CC
:10C130008368DB6823B19847431E5842584108BDC5
:10C140006FF05700F8E783685B6803B118476FF03A
:10C150005700704783689B6803B118476FF057001A
:10C16000704783685B6903B118476FF057007047E9
:10C17000FFF7C3BD70B512048AB002921C460022BC
:10C180000323CDE90732C823019101A90993FFF7E1
:10C19000DAFF054658B9234603AE07AC324603CA58
:10C1A000A24218605960164603F10803F6D12846EA
:10C1B0000AB070BDFDF71CBC00230D2210B58AB07B
:10C1C000CDE9012390F84B3004461BB9B0F85E303E
:10C1D0001B04029331230022CDE90732C8232068D3
:10C1E00001A90993FFF7AFFFC0B994F84B20039B57
:10C1F00062B113F4407F13D113F4604F13D113F4E1
:10C20000E05F18BF6FF004000AB010BD03F4F853EC
:10C21000B3F5106F18BF6FF00F00F5E70120F3E7DB
:10C220006FF00C00F0E76FF01500EDE7002330B57C
:10C2300085B00446B0F85E20019309216B46006882
:10C24000FFF798FF30B9DDE90232920F019903D070
:10C25000012A19D005B030BD40F6FC72C3F3034586
:10C2600002EA830343EA9173C1F3C231013302311D
:10C27000092D03FA01F301D0AB405B0A23664FF4AA
:10C280000073A4F86430E5E71B0403F47C1343EA6D
:10C29000114301339B02F1E70B46002202210068A3
:10C2A000FFF768BF0023032210B58AB0CDE9012350
:10C2B0000822CDE90723C8230446099300222068F9
:10C2C00001A9FFF740FF28B9BDF80E30A4F85E3091
:10C2D000002BF3D00AB010BD83685B6803B1184728
:10C2E0006FF05700704783689B6803B118476FF081
:10C2F00057007047FFF701BDF6F754BEF6F786BC4E
:10C30000F6F704BDF6F7BEBDFFF7F7BC4FF0FF32FE
:10C310004FF0FF330430FDF7F9BAFDF769BB90F831
:10C320006C00C0F34110704783691B6993F880006B
:10C3300000F001007047F8B504461E460D4617464A
:10C34000FFF7E4FF94F86C309B0715D425B1012D5D
:10C3500010D06FF0150508E0216F0029F9D00025F5
:10C360009DF818300F714E718B71201DFFF7D5FFAE
:10C370002846F8BD616FF0E76FF07705F5E738B54F
:10C3800004460D46FFF7C2FF94F86C30201D65F39C
:10C39000041384F86C30BDE83840FFF7BEBF90F856
:10C3A0006C00C0F3800070470246034652F8640FE9
:10C3B00090420BD100207047027A8A42FBD09A6EDD
:10C3C0008242F7D000680028F6D170470028F3D1E8
:10C3D000704738B504460D46FFF798FF94F86C3067
:10C3E000DB0718D42B690BB9EB68BBB1636E1BB9C3
:10C3F00004F16403C4E919332B6893B9A26E04F104
:10C400006401C5E900121560A5661D46201DFFF7F1
:10C4100084FF284638BD4FF0FF35F7E76FF015056C
:10C42000F4E76FF07705F1E710B50446034654F8DA
:10C430004C0FA0420DD100200DE0447D8C4204D170
:10C44000032909D1047A944205D01C6D8442F2D0AC
:10C4500000680028F1D110BD0F29F5E72DE9F84358
:10C4600005460C46071D4FF0FF324FF0FF333846AC
:10C47000FDF74CFAD5F87490B9F1000F75D0D5F8E6
:10C480007080B8F1000F70D095F86C30DB076CD479
:10C49000EB6C1BB905F14C03C5E913332368002B82
:10C4A00066D1637D0F2B09D1237A012B10D02B6D20
:10C4B00005F14C02C4E900231C602C65637D032B4D
:10C4C00029D1EA6C05F14C0090422BD1002336E0D3
:10C4D0002846E168FFF77DFF06460028E7D038468A
:10C4E000FDF786FA3046BDE8F8834E7D032E14D062
:10C4F000013323724B68C4E900131C604C60637AFB
:10C50000022B26D0032B2AD0012B02BF237A89F8D5
:10C510000E3088F80E300026E1E70E7A013EB34275
:10C52000E6D11268002AD1D0517D2B6D03290DD19F
:10C530009A42137A02D011680029D6D101332372AE
:10C540002B6DC4E900031C602C65D8E79342E8D149
:10C55000BCE7237A89F80F3088F80F30DBE7237ABD
:10C5600089F8103088F81030D5E74FF0FF36B6E77D
:10C570006FF07706B3E70346006800B1187A70479A
:10C580008388C2888168D21A03685B1AD01A704700
:10C590000346C08808B11878C009704770B50C46CA
:10C5A0001546F8F7CDFA40B1406883681B6823B19F
:10C5B0002A462146BDE87040184770BDF8B50446CC
:10C5C0000D46174686680369A033D3E8AF3F9B0743
:10C5D0000ED5B36A7BB1F36B98472946B36A3A46E6
:10C5E00020469847336C0546204698472846F8BDB4
:10C5F0004FF0FF35FAE76FF08505F7E770B50446B1
:10C600000D4686680369A033D3E8AF3F9B070BD57F
:10C61000F36B98472946736A20469847336C054662
:10C6200020469847284670BD4FF0FF35FAE710B511
:10C63000044619B9002084F8300010BDF7F72CF833
:10C640000028F7D0F9E70A460121FFF756BB4FF063
:10C65000FF324FF0FF330430FDF758B9FDF7C8B98A
:10C6600021B101290DD000231B68FFDE5430006882
:10C6700048B143685B79934205D000680028F8D13F
:10C6800070475C30F3E7704710B590F830300446DF
:10C69000022B09D1FFF743FE94F8382001462046CB
:10C6A000BDE81040FFF7DCBF002010BD08B5FFF764
:10C6B000D7FF003818BF012008BD38B505460C1F4C
:10C6C00054F8041F09B9084638BD6B681868F3F7B9
:10C6D000B1FC0028F4D10120F6E74FF0FF324FF013
:10C6E000FF330430FDF712B908B583681B6B0BB13B
:10C6F00098470346002023B153F8042B0AB112785F
:10C7000002B908BD1044F6E710B51C46FFF7A8FFB4
:10C7100048B10122C06802FA04F320B10269134251
:10C7200001D10068F9E710BD10B50C46FFF7ACFF6A
:10C7300048B10123C06803FA04F120B1036919422A
:10C7400001D10068F9E710BDD1F81A0083681B69B0
:10C7500003B118476FF08500704738B50C46FFF7F6
:10C7600093FF80B1C06870B14368DA681AB10023E2
:10C770001179994201DC0068F5E71568ED5CA54286
:10C7800001D00133F5E738BDF8B50646CC680CB9E1
:10C79000204622E0012504F10C07E268AAB165F009
:10C7A0007F03D9B203F07F031033DA40D2070ED4EF
:10C7B000E368EB40DB0705D53A46B069E9B200F023
:10C7C0009BF850B90135102DE7D12468DFE73A46D0
:10C7D000B06900F091F80028EAD0F8BD2DE9F347E0
:10C7E000002405460E46A146576897F805803B7918
:10C7F000A34203DC002002B0BDE8F0875FFA84FAB0
:10C800003146534642462846FFF77EFF014650B167
:10C81000534601222846CDF80090F8F78BFA0028FD
:10C82000E9D10134E3E76FF03C00E4E72DE9F74399
:10C8300080460D461746FFF777FF064628B96FF08A
:10C840000104204603B0BDE8F0830F2DF7D808EBB4
:10C850000509014699F83A402B46002240460097C8
:10C86000F8F768FA0028EAD100942B4602223146F4
:10C870004046F8F75FFA04460028E2D12B46012231
:10C88000314640460097F8F755FA04460028D8D1BB
:10C89000706883685B6813B13A462946984789F8FF
:10C8A0003A70CEE7012311F0800F18BF21F080010C
:10C8B000026818BF10318B4022EA030303607047FF
:10C8C00037B58B790C46009315468B88CA788978E2
:10C8D00000F0E1FD70B994F90230A178002B4FF01F
:10C8E0000103B8BF21F080012A68B8BF10318B4026
:10C8F00013432B6003B030BDF8B506460D4617460E
:10C9000000F0F2FD044658B929463846FFF7CAFF41
:10C910002946304600F0BBFE044608B902F028FA6A
:10C920002046F8BD0A468069802100F0E0BE70B55F
:10C9300091F918300546002B0C46466807DBC4F811
:10C940001A502146B069BDE8704000F043BE304641
:10C95000FFF725FD0028F2D04FF0FF3070BD806951
:10C9600000F0EABE0B0648BF21F08001406B48BFD3
:10C970001031C84000F001007047F8B505460E467A
:10C98000071D4FF0FF324FF0FF333846FCF7BEFF74
:10C99000EC692CB9EE613846FDF72AF82046F8BD5F
:10C9A0006FF07704F7E7C36982B08DF80010019249
:10C9B0002BB102AB13E9060002B0F8F7F5BA02B0EA
:10C9C0007047427F12F0010302D0930708D401237D
:10C9D000012199400A434277043350F823007047FD
:10C9E000002070470369D3E90220012918BF1046CF
:10C9F000704710B5036940685C68FFF790FC012838
:10CA00000CBF607EE07A10BD10B50446FFF7F1FF61
:10CA100001466068BDE81040F8F746BA10B50369F2
:10CA200040685C68FFF77BFC01280CBF94F820008D
:10CA3000A07C10BD10B50446FFF7F0FF014660680A
:10CA4000BDE81040F8F730BAB2F5007F28BF4FF4C8
:10CA5000007238B514460D46FFF761FC6B6A012879
:10CA600006BF24F4FF7020F0010024F03F0013B152
:10CA7000B0FBF3F0584338BDF8B50D4604461746F1
:10CA80000669FFF7B6FFA84201460BD157B906F178
:10CA90001803D3E8AF3F9A0704D56068BDE8F840B3
:10CAA000F8F702BA2046FFF7B9FFA84207D137B915
:10CAB0001836D6E8AF3F5B0701D52946EDE7F8BD4C
:10CAC00010B5044600F11803D3E8EF2F42F002023C
:10CAD000C3E8E12F0029F7D1D3E8EF1F41F00401AB
:10CAE000C3E8E21F002AF7D12068FFF78DFF206816
:10CAF000FFF7A0FF0623237710BD036999420AD0F0
:10CB00004369994206D1012301229A40437F23EAD7
:10CB10000203437770470023F6E730232DE9F04105
:10CB200090F8C160D0F8E42003FB060604462436E2
:10CB30003AB1012301694377F8F75CFB0023C4F89D
:10CB4000E4303027A37F012B15D8237F022B12D18D
:10CB500023681D69D3F8048095F8C13007FB03559D
:10CB60002435284600F0BCF8294602464046FFF727
:10CB70006BFF054608B9BDE8F0812046FFF721FFAD
:10CB80002A4680460146304600F0ACF8414602464F
:10CB90002046F8F72FFBD5E770B50646054656F850
:10CBA000200BFFF778F93246044601212868F4F794
:10CBB00017FE18B100236FF004042B6202212868CD
:10CBC00005F12402F4F70CFE18B100236FF0040401
:10CBD0006B626B6A9BB1C3F308024AB14FF40072F7
:10CBE000B2FBF3F25A43B2F5007F18BF6FF00404B2
:10CBF000B3F5007F88BF6FF00B04204670BD6FF067
:10CC00000404FAE7002370B58AB0CDE9013380232C
:10CC10008DF805304FF401730546ADF806301F233B
:10CC20000C460822416803A88DF8083009AE02F0CE
:10CC30002EFB1022A96805A802F029FB0422304629
:10CC4000E96802F024FB234601AA144603CCB4424F
:10CC500018605960224603F10803F6D12068186075
:10CC600024200AB070BD38B5836905469A4228BFB2
:10CC70001A46436AB2FBF3F4C26923460068FFF721
:10CC800018F9002818BF0024EB69686A2344EB6197
:10CC9000604338BDF8B504460F46164600212022F1
:10CCA00010301D4602F0D9FA069BC4E90076E36015
:10CCB0000223A56084F82C30F8BD90F82C3023F0C6
:10CCC000030343F0020380F82C30704790F82C00E7
:10CCD000C0F38000704790F82C00C0F3C00070478C
:10CCE0008069704710B5836904464BB103693BB155
:10CCF0009847034620B1A269121AA261184610BDD6
:10CD00000022FAE710B5836904469A4228BF1A4602
:10CD100022B1436923B19847024618B9002303E0C2
:10CD20001A46FBE7A3691B1AA361104610BD90F8D1
:10CD30002800704703691869FFF7E4BA00690069C1
:10CD4000FFF7DEBA00690069FFF7D8BA10B50369CA
:10CD50001C695B681868FFF7E9F928B194F8CC0002
:10CD6000023818BF012010BD0220FCE738B5036966
:10CD70005D681C692868FFF7D9F950B12146286819
:10CD8000F5F764FE18B1012384F8CC3038BD0223D6
:10CD9000FAE70220FAE7062910B406D0006907294D
:10CDA000006905D010BCFFF7A7BA10BCFFF7DEBFC3
:10CDB000002280F8CC20F5E730B4012541680269F3
:10CDC0000968137E4D6154685B0954B1107E0233CB
:10CDD00000F01F0052F8231005FA00F0234630BC83
:10CDE000184730BC704710B40269416802200968D6
:10CDF000537E486154685B095CB1034452F82310C8
:10CE00000123507E00F01F0003FA00F0234610BCFF
:10CE1000184710BC704710B40269416804200968C3
:10CE2000937E486154685B095CB1023352F8231069
:10CE30000123907E00F01F0003FA00F0234610BC8F
:10CE4000184710BC704710B402694168082009688F
:10CE5000D37E486154685B095CB1023352F82310F9
:10CE60000123D07E00F01F0003FA00F0234610BC1F
:10CE7000184710BC704710B4026941681020096857
:10CE8000137F486154685B095CB1023352F8231088
:10CE90000123107F00F01F0003FA00F0234610BCAE
:10CEA000184710BC704710B4026941682020096817
:10CEB000537F486154685B095CB1023352F8231018
:10CEC0000123507F00F01F0003FA00F0234610BC3E
:10CED000184710BC704710B40269416840200968C7
:10CEE000937F486154685B095CB1023352F82310A8
:10CEF0000123907F00F01F0003FA00F0234610BCCE
:10CF0000184710BC704710B4026941688020096856
:10CF1000D37F486154685B095CB1023352F8231037
:10CF20000123D07F00F01F0003FA00F0234610BC5D
:10CF3000184710BC704710B4026941684FF4807004
:10CF4000096892F82030486154685B0964B1023383
:10CF500052F82310012392F8200000F01F0003FA7A
:10CF600000F0234610BC184710BC704710B402698B
:10CF700041684FF40070096892F8213048615468A4
:10CF80005B0964B1023352F82310012392F82100A7
:10CF900000F01F0003FA00F0234610BC184710BC35
:10CFA000704710B4026941684FF48060096892F8D4
:10CFB0002230486154685B0964B1023352F823108F
:10CFC000012392F8220000F01F0003FA00F023462C
:10CFD00010BC184710BC704710B4026941684FF488
:10CFE0000060096892F82330486154685B0964B1B5
:10CFF000023352F82310012392F8230000F01F009F
:10D0000003FA00F0234610BC184710BC704710B458
:10D01000026941684FF48050096892F824304861F1
:10D0200054685B0964B1023352F82310012392F86B
:10D03000240000F01F0003FA00F0234610BC18473C
:10D0400010BC704710B4026941684FF40050096881
:10D0500092F82530486154685B0964B1023352F894
:10D060002310012392F8250000F01F0003FA00F0BE
:10D07000234610BC184710BC704710B402694168C1
:10D080004FF48040096892F82630486154685B0983
:10D0900064B1023352F82310012392F8260000F005
:10D0A0001F0003FA00F0234610BC184710BC70475D
:10D0B00010B4026941684FF40040096892F82730C3
:10D0C000486154685B0964B1023352F823100123AC
:10D0D00092F8270000F01F0003FA00F0234610BC6E
:10D0E000184710BC7047002208B511460D20F4F710
:10D0F000B7FF0D20F4F792FF00220E201146F4F73F
:10D10000AFFF0E20F4F78AFF00220F201146F4F73C
:10D11000A7FF0F20F4F782FF002210201146F4F73A
:10D120009FFF1020F4F77AFF002211201146F4F738
:10D1300097FF1120F4F772FF002212201146F4F736
:10D140008FFF1220F4F76AFF002213201146F4F734
:10D1500087FF1320F4F762FF002214201146F4F732
:10D160007FFF1420F4F75AFF002215201146F4F730
:10D1700077FF1520F4F752FF002216201146F4F72E
:10D180006FFF1620F4F74AFF002217201146F4F72C
:10D1900067FF1720F4F742FF002218201146F4F72A
:10D1A0005FFF1820F4F73AFF002219201146F4F728
:10D1B00057FF1920F4F732FF00221A201146F4F726
:10D1C0004FFF1A20F4F72AFF00221B201146F4F724
:10D1D00047FF1B20F4F722FF00221C201146F4F722
:10D1E0003FFFBDE808401C20F4F718BF38B50446DF
:10D1F000807AF5F7B3FA6169054649B1637ADB07CE
:10D2000004D4C36920461B689B6898470023636168
:10D2100021462846BDE8384001F0B4BC30B50906C7
:10D220000546847C14D414F0400016D0298AC3F338
:10D230000A00C1F30A01884222D802F00300022842
:10D2400009D003280AD0012811D004F0010004E01D
:10D2500014F02000E9E7C4F3800030BD14F00200B0
:10D26000FBD013F4C05F09D0C4F30010F5E714F04D
:10D27000080205D013F4C05FEFD0F5E70120ECE71A
:10D280000020EAE7A030D0E8AF0F00F001007047BF
:10D29000A030D0E8AF0FC0F34000704701F00F039B
:10D2A0000269090648BF103352F823007047007D19
:10D2B000C0F30010704708B502691046FFF7E2FF9F
:10D2C00060B9087E00F00F03000648BF103342F833
:10D2D0002310084601F043FC002008BD6FF00C004D
:10D2E000FBE700220023FCF7D3BB01F055BC01F0A3
:10D2F0003EBC1FB504698DF80410CDE90220D4F8B6
:10D30000983001A9984704B010BD1FB503460469C1
:10D3100006208DF804002046CDE90213FFF7B2FF86
:10D3200040B1C1F81E201846D4F8982001A99047B2
:10D3300004B010BD4FF0FF30FAE738B505460C4693
:10D340002046FFF7CEFF014600B938BD6FF07002EE
:10D350002846FFF7DAFFF3E72DE9F84306690746A9
:10D360000D46D6F80090D6F840804FF0FF324FF0CF
:10D37000FF3306F18400FCF7C9FA4046FFF7B1FF1E
:10D38000014618BB4846FFF7ACFF044620BB99F89E
:10D39000143023F0100389F8143098F8143023F077
:10D3A000100388F8143024BB012286F8B020EDB1B8
:10D3B0002B68C6F8A8306B6886F8B120C6F8AC3088
:10D3C00038698430BDE8F843FCF712BB6FF06702A0
:10D3D0003846FFF79AFFD0E7637EDB07D7D46FF0BC
:10D3E000670221463846FFF790FFCBE786F8B15039
:10D3F000E6E72DB10822294604F10C00FEF717FEDE
:10D40000002221463846FFF780FFD9E72DE9F8438F
:10D410000546884614461F46D0F80890FFF73EFFA1
:10D420000646002834D02846D9F83C309847414673
:10D43000224630463B88FFF7F1FE804688B183B92B
:10D440002B6904F0030493F88030DB0753BF4022BC
:10D450004FF480624FF400711146022C0DD0032C62
:10D4600011D02846D9F840309847B8F1000F14BFC2
:10D4700000206FF08500BDE8F883338A8B4228BF17
:10D480000B463B80EDE7338A934228BF1346F8E70B
:10D490006FF01200EFE72DE9F3411F464B060446FB
:10D4A0000D461646D0F808801BD0D8F83C30984777
:10D4B0002069FFF7EDFE88B19DF8203029460093E2
:10D4C00032463B462046F8F72DFD05462046D8F863
:10D4D00040309847284602B0BDE8F0814FF0FF3554
:10D4E000F4E76FF01505F5E770B54B0604460D46F9
:10D4F000866812D0F36B98472069FFF7C3FE48B1E6
:10D5000029462046F8F752FD05462046336C9847D9
:10D51000284670BD4FF0FF35F7E76FF01505F7E7C8
:10D5200070B5054686680C46F36B98472869FFF787
:10D53000AFFEB0B121462846FFF7B0FE014698B1D4
:10D54000037DDB0710D5437E03F00303012B0ED0D0
:10D550002846F368984704462846336C9847204687
:10D5600070BD4FF0FF34F7E76FF01204F4E76FF08F
:10D570008504F1E7F8B5064687680C46FB6B9847CB
:10D580003069FFF785FEE0B121463046FFF786FEA1
:10D590000546C8B1037DDB0716D5437E03F00303C0
:10D5A000012B14D001463B6930469847044618B910
:10D5B0002B7D60F341032B7530463B6C984720462A
:10D5C000F8BD4FF0FF34F7E76FF01204F4E76FF0A7
:10D5D0008504F1E72DE9F041054686680769F36B9C
:10D5E0000C4698472869FFF753FE98B394F81880C3
:10D5F00028464146FFF752FE014670B3037DDA0725
:10D600002BD518F07F0F20D197F8B030EBB1637EA7
:10D61000DB0717D597F8B13033B1082207F1A8011D
:10D6200004F10C00FEF703FD002287F8B02021462C
:10D630002846FFF76AFE04462846336C9847204682
:10D64000BDE8F0816FF06702F1E722462846736873
:10D650009847F0E74FF0FF34EEE76FF01204EBE786
:10D6600070B505460C468668F36B984721462846F8
:10D67000FFF714FE48B101F08FFAB0FA80F46409A4
:10D680002846336C9847204670BD0124F8E770B5F2
:10D69000054686680C46F36B98472869FFF7F2FD4C
:10D6A00080B121462846FFF7F9FD014668B10468BC
:10D6B0001CB12846B368984704462846336C9847FF
:10D6C000204670BD4FF0FF34F7E76FF01204F4E727
:10D6D00008B5036900211B685A8BF8F791FC28B143
:10D6E000437E23F0070343F00103437608BD08B5EA
:10D6F00039B90369013A1B685B8B1A44B2FBF3F238
:10D700005A43F8F77DFC28B1437E23F0070343F02A
:10D710000203437608BD08B561B903691B685A8BDB
:10D72000F8F76EFC28B1437E23F0070343F00403AF
:10D73000437608BD0022F3E770B50D4604468668BF
:10D74000F36B98472846F5F7B1F82046336C9847B5
:10D75000002070BD70B505468668F36B9847286950
:10D76000FFF796FD044620B133683BB12846984741
:10D7700004462846336C9847204670BD0124F8E7DC
:10D78000F8B5044687680669FB6B98472069FFF780
:10D7900079FDB8B12069FFF77BFDB0B92046FB6A7F
:10D7A0009847054648B906F1A003D3E8EF1F41F0BA
:10D7B0000201C3E8E21F002AF7D120463B6C9847DC
:10D7C0002846F8BD4FF0FF35F7E76FF07705F4E72F
:10D7D000F8B5044687680669FB6B98472069FFF730
:10D7E00057FD90B13B6B20469847054606F1A003D4
:10D7F000D3E8EF1F21F00201C3E8E21F002AF7D1AE
:10D8000020463B6C98472846F8BD6FF07705F7E750
:10D810002DE9F041054614460F46D0F80880066908
:10D8200011B30AB3D8F83C3098472869FFF72AFDAE
:10D83000B8B9C6E926742846D8F834309847044663
:10D8400040B9A036D6E8EF3F43F00103C6E8E23F17
:10D85000002AF7D12846D8F8403098472046BDE83E
:10D86000F0816FF07704F5E76FF01504F6E7F8B58F
:10D87000044687680669FB6B98472069FFF708FD37
:10D88000B0B92069FFF7FEFCA8B1BB6B20469847F2
:10D89000054606F1A003D3E8EF1F21F00101C3E81C
:10D8A000E21F002AF7D120463B6C98472846F8BD76
:10D8B0006FF00F05F7E76FF07705F4E70023082214
:10D8C000824204D3D8B27047520092B2F8E70133D3
:10D8D0000A2BF9D1FF20704730B502F0030422F083
:10D8E00003020A4491420AD144B100230068D900DE
:10D8F00020FA01F1D15401339C42F8D130BD0368C4
:10D9000004311D0A01F8035C1D0C01F8043C01F808
:10D91000025C1B0E01F8013CE4E730B543680A7E67
:10D920001B6832F080054FF0200403F5805314D1BA
:10D930000269D2F8A400EFF3118184F31288BFF3D7
:10D940006F8F9D739A7C22439A7480F89C5081F368
:10D950001188BFF36F8F002030BDEFF3118084F387
:10D960001288BFF36F8F02F00F029A7391F918209B
:10D97000002AB5BF9A7C9A7D42F0100242F0200244
:10D98000B4BF9A749A7500229A7380F31188BFF31A
:10D990006F8F0B7D43F002030B75DCE7436801F0EA
:10D9A0007F011B68002003F580531970704743689E
:10D9B0001B6803F580535B7813F0100F0CBF012038
:10D9C0000220704701234A0901F01F018B40DB430D
:10D9D00000EB8200D0E8EF2F1A40C0E8E12F0029C9
:10D9E000F8D1704770B5044650F8080C94F83060D0
:10D9F00045682B6803F5805393F8603003F01803F3
:10DA0000A3F11802514251418E4208D00022182B36
:10DA100084F830100CBF11460121FFF76AFC0A237D
:10DA2000EA6A2046BDE87040A2FB0323FCF77ABAFD
:10DA3000FEF763B99A20F4F7FFBA002208B59A20DE
:10DA40001146F4F70DFBBDE808409A20F4F7E6BA5A
:10DA50000023F0B51A461C46C9086509283550F858
:10DA6000255004F01F06F540ED0709D4002A08BF31
:10DA700023460132914204D11A460127194416E087
:10DA800000220134B4F5906FE7D19142F4D94FF6FA
:10DA9000FF7010E05C0900EB8404D4F8A05003F0A0
:10DAA0001F0607FA06F63543C4F8A05001338B422F
:10DAB000F0D3D00080B2F0BDFFF7CABF2DE9F74F19
:10DAC0000369426891F81880D3F8A440136818F0ED
:10DAD000700F0F46009308F07F094FFA88FA40F064
:10DAE0009480488BC0F30A00082838BF0820FFF74D
:10DAF000E5FEFF28054600F088800821814089B2B4
:10DB0000EFF311832022019382F31288BFF36F8F0A
:10DB1000B9F1000F30D14FF6FF76B4F83001B042C2
:10DB200008D12046FFF7C8FFB04203D0A4F8300167
:10DB3000A4F85001019B83F31188BFF36F8F4FF658
:10DB4000FF73984264D0009B08F00F0803F58054DF
:10DB500084F80E80C0F30C00B9F1000F2CD184F8CA
:10DB6000625084F86350A4F86400A4F866000020B2
:10DB7000A07303B0BDE8F08F4FEA4906BAF1000F79
:10DB80004FF6FF7B26440BDAB6F830015845D1D169
:10DB90002046FFF791FF5845CCD0A6F83001C9E7E1
:10DBA000B6F850015845C5D12046FFF785FF5845C6
:10DBB00018BFA6F85001BDE70123BAF1000F03FA20
:10DBC00009F39BB210DA84F86250A4F864007A8BEF
:10DBD000C2F30A022282A27C42F04002A274E288CE
:10DBE00092B21343E380C2E784F86350A4F866005E
:10DBF0007A8BC2F30A02A282A27D42F08002A27551
:10DC0000228992B213432381B1E76FF01500B0E788
:10DC10006FF00B00ADE770B50126D208CB0802EB20
:10DC2000D102590900EB8101D1F8A04003F01F0592
:10DC300006FA05F5013324EA05049342C1F8A04031
:10DC4000EFD370BD2DE9F843036991F81890D3F82C
:10DC5000A460436819F070071D6809F07F044FFA4B
:10DC600089F86DD1488BC0F30A00082838BF082016
:10DC7000FFF724FEFF2863D0082209F00F09824035
:10DC800005F5805392B283F80E902CBB83F8624066
:10DC900083F86340A3F86440A3F8664000219973B9
:10DCA000EFF31185202383F31288BFF36F8F64BBDA
:10DCB0004FF6FF74B6F83011A14206D03046FFF798
:10DCC000AAFFA6F83041A6F8504185F31188BFF3AA
:10DCD0006F8F0020BDE8F8830121A140C943B8F14E
:10DCE000000F89B208DAD8880140D98083F86270C1
:10DCF000A3F864701F82D1E718890140198183F865
:10DD00006370A3F866709F82C8E76400B8F1000FE3
:10DD10004FF6FF77344409DAB4F83011B942D4D061
:10DD20003046FFF778FFA4F83071CEE7B4F8501111
:10DD3000B942CAD03046FFF76EFFA4F85071C4E76D
:10DD40006FF01500C6E7006984304FF0FF324FF0E6
:10DD5000FF33FBF7DBBD70B50D7EEFF3118620239B
:10DD600083F31288BFF36F8F05F00F0300F5805423
:10DD7000498BA373A37C13F0010306D00023A37384
:10DD800086F31188BFF36F8F70BD05F07F0505F531
:10DD9000816500EB8500158AC1F30A01A94228BFFD
:10DDA0002946994208D802F10C00FEF762F9A37CDB
:10DDB00043F00103A374E1E7D568ED5C013305701E
:10DDC000EFE770B50B7E0C46590646D042681668E0
:10DDD000EFF31181202282F31288BFF36F8F03F0DB
:10DDE0000F0206F580539A7394F91820002A36DA48
:10DDF0009A7C02F0CF029A749A7C42F040029A74A4
:10DE00009A7C42F008029A749A7C920742BF9A7CEC
:10DE100042F008029A749A7C02F0FE029A74002280
:10DE20009A7381F31188BFF36F8F237D62F34103EF
:10DE3000237594F9183093420FDA2046FFF755FA0C
:10DE400005462046FFF733FA38B935B12B8A23B19E
:10DE50002A4621463046FFF77EFF002070BD9A7D9E
:10DE600002F09F029A759A7D42F080029A75D6E779
:10DE700000698430FBF7BCBD01F0D4B901F0CFB923
:10DE800001F050B801234A0901F01F018B4000EB5B
:10DE90008200D0E8EF2F1A43C0E8E12F0029F8D123
:10DEA000704703460022D3E8EF0FC3E8E12F0029B3
:10DEB000F9D170472DE9F04703690A7ED3F8A4A091
:10DEC000436806460F461C6802F07F05EFF3118891
:10DED000202383F31288BFF36F8F04F58054ADB90C
:10DEE000A573E37C0AF5BE7043F00103E374FFF70A
:10DEF000D8FF8AF89C5039463046FFF71EFA88F35F
:10DF00001188BFF36F8F0020BDE8F0874FF0010943
:10DF100009FA05F91FFA89F96FEA090391F918104E
:10DF20009BB2002902F00F021FDAE1880AF5BA70ED
:10DF30000B40E380A273A37C294643F00803A3743B
:10DF4000A37C9A0742BFA37C43F00803A374A37C7D
:10DF500003F0FE03A374FFF735FD0023A373E388EA
:10DF60009BB243EA0903E380C5E721890AF5BC7047
:10DF70000B402381A273A37D294643F01003A375B0
:10DF8000A37DDB0742BFA37D43F01003A375A37DF0
:10DF900003F0FE03A375FFF715FD29460AF5C070CF
:10DFA000FFF710FD29460AF5C270FFF70BFD0023AD
:10DFB000A37323899BB243EA090323819BE70123CF
:10DFC00001F01F02934030B5DC43490900EB8100AA
:10DFD000D0E8EF2F02EA0401C0E8E51F002DF7D1D9
:10DFE00003EA0200003818BF012030BD2DE9F04FD0
:10DFF0000446036987B0D3F8A430029343681B68D2
:10E000000393029B03F188084FF0FF324FF0FF3378
:10E0100040F29F11CDE900234046002201F006F9AD
:10E020000746780708D504214046FFF725FF002260
:10E0300004212046FFF75DF939070CD50821404639
:10E04000FFF71AFF01212046F7F72AFF00220321DC
:10E050002046FFF74EF9FA060CD510214046FFF78F
:10E060000BFF00212046F7F71BFF0022022120466C
:10E07000FFF73FF93B0600F1B280FE0510D54FF4E3
:10E0800080714046FFF7F8FE029B03F5BC70FFF776
:10E0900008FF0646029B03F5C07A002E40F024815B
:10E0A000BD0740F18E8002214046FFF7E5FE80214A
:10E0B0002046FFF7F3F8029B814603F5BE70FFF799
:10E0C000F0FE002843D0236900212046D3F8A4A005
:10E0D000FFF7E4F8802106462046FFF7DFF8834685
:10E0E000F6B13046FFF701F9D0B1457E15F00105D4
:10E0F00000F046813046FFF7F4F805463046FFF75A
:10E10000F4F818B1437ED90740F13A8145B10023B4
:10E11000EA6829461360536030462B82FFF7E7F820
:10E1200020460AF5E771FFF717F9002E40F01D8130
:10E1300000250023AAF8C831AAF8CC313DB1EA681D
:10E1400029461360536030462B82FFF7D0F8B9F1AF
:10E15000000F36D04846FFF7C8F8064688B3058A50
:10E16000002D00F04A8123698021D3F8A450636810
:10E170002046D3F80090FFF791F8418B338AC1F322
:10E180000A01994228BF1946002209F58059914297
:10E1900000F22B8106F10C00FDF76BFF338A002B98
:10E1A00040F02981737E13F0080F0CBF0A2202226F
:10E1B0004FF0010385F89C3099F81230134389F829
:10E1C0001230FB077FF51DAF40460121FFF754FEDB
:10E1D000029B204603F19401FFF7BEF811E780216E
:10E1E0004046FFF749FE6368D3F80090236909F5BC
:10E1F0008055D3F8A40000F5BA70FFF752FE06462A
:10E20000002E3FF43AAF96FAA6FB0123BBFA8BFB34
:10E21000204603FA0BF34BF0800126EA0306FFF7D2
:10E220003DF804900028EBD0FFF75FF80028E7D016
:10E23000028A049B7AB31A7D12F00202E0D1EFF356
:10E24000118A202181F31288BFF36F8F0BF5816C47
:10E250000BF00F0B5B8B85F80EB0018AC3F30A033A
:10E26000994228BF194609EB8C0C91420DD80C300D
:10E27000FDF7FFFEAB7C43F00103AB740023AB73EF
:10E280008AF31188BFF36F8FBAE7C3689B5C0132D2
:10E290008CF80030E9E790F819A01AF0080A1AD0B3
:10E2A0001B7D13F00203ABD1EFF31182202181F328
:10E2B0001288BFF36F8F0BF00F0B85F80EB0A97C9F
:10E2C00041F00101A974417E63F3C3014176AB7350
:10E2D00082F31188D6E71846FFF703F85246014645
:10E2E0002046FFF712F88BE796FAA6F50123B5FA58
:10E2F00085F52046AB40294626EA0306FEF7CEFF09
:10E30000834600283FF4C9AEFEF7EBFF81460028A4
:10E310003FF4C3AEDAE8AF3F2B41D8071FD55846CC
:10E32000FEF7E3FFD8B129465046FFF748FEB0B1EB
:10E33000EFF31181202383F31288BFF36F8F039BC8
:10E3400005F00F0503F580539D739A7D02F0FE02E0
:10E350009A7500229A7381F31188BFF36F8F0022A0
:10E3600049462046FEF7D1FF97E63046FEF7BDFF4F
:10E3700000283FF4DDAE457E15F001057FF4D8AEF0
:10E380003046FEF7AEFF018A428A0346521AC16840
:10E3900040690493091A521ABAF8C81103F10C0023
:10E3A0008A4228BF0A4611460592FDF73AFE059AB1
:10E3B0000AF5C47100F044FF049B00221946204670
:10E3C000FEF7A3FF5846FEF790FF00283FF4B1AEDA
:10E3D000437E5A077FF5ADAE5846FEF782FF002216
:10E3E00001462046FEF791FFA3E6F3689B5C0132ED
:10E3F00089F82030CBE60222DAE64846FEF771FFC4
:10E400002A4601462046FEF780FFDAE610B5807AFC
:10E410000C46F4F7A3F9C3692146BDE810405868DB
:10E4200000F078BAF7B50D46807A17461E46F4F725
:10E4300095F92C68C369033424F003025868042159
:10E440002A60CDE90076FBF747F900B9286003B0F0
:10E45000F0BD0023F2F704BF2DE9F04145680846FE
:10E46000D5E900680C46AF68F8F7ACFB002876D118
:10E47000A30E092B73D8DFE803F0080F1A2C054A06
:10E48000515D05650220BDE8F08173699B076AD57F
:10E49000306900F001001AE0F36A9F0763D5B36F9B
:10E4A000002B5ED13069C00900F00200EBE7E4B256
:10E4B00006F1400353F82430012013F0020FE2D09C
:10E4C00033691834A04098430CBF0120002040005D
:10E4D000D9E70621E4B2B4FBF1F2336902F1180581
:10E4E000EB40DD07D0B23ED501FB124406F14C03F0
:10E4F0004FF0FF3253F8200001230134E4B202EB65
:10E50000C4029340034214BF02200120BBE7D8F8A5
:10E510001C309A0727D5D8F80C00BAE7E4B204F10A
:10E52000080357F82330DB051DD578680234E04036
:10E53000C043AEE7C4F30524203457F8243013F069
:10E54000400FE0E7C4F30552EB680E3203EB8203A1
:10E550005A680123C4F38534A3401342D3E7032050
:10E5600091E700208FE701208DE72DE9F3474FF079
:10E5700000090C4601EB0121456841F03F6141F47F
:10E580007C21804617462E68D0F810A0CDF8049064
:10E59000FFF762FF022803D0C7F8009000201CE0BC
:10E5A00006F1400353F82430C3F30223012B17D0A4
:10E5B000022B2CD0BBB9AA68631C04F1210152F8CC
:10E5C000211003EB43035A00404601AB02F0FE0268
:10E5D00001F00F01F8F7B4FB28B102B0BDE8F087F5
:10E5E000DAF80030019306F1480353F8243044363A
:10E5F00013F03F031EBF019AB2FBF3F2019256F8EB
:10E600002420019BC2F3090253433B60C6E7404606
:10E6100001A9F8F73BFCDFE70623F0B40A4691FBBB
:10E62000F3F1446803FB1123266801244C36DB0018
:10E6300056F82170073304FA03F305693B4346F8A3
:10E6400021302B8F063294401C43EB6A2C87CB4041
:10E65000DA0706D42B6BCB40DB0702D5F0BCF8F70A
:10E6600055BF0020F0BC704710B54468C1F30520C9
:10E67000A1689B0101EB8001D1F8800003F0400309
:10E6800002F00F0220F04F0013430343C1F8803023
:10E6900010BD10B543680120C1F38534DB68C1F3B8
:10E6A000055189000B44012ADA6B00FA04F00CBF13
:10E6B00002438243DA6310BD30B503681360057905
:10E6C000046804EBC504A34202D36FF0010030BD1F
:10E6D0005C7908338C42F1D10020F8E783681B682D
:10E6E00003B118476FF05700704783681B6903B187
:10E6F000184703207047036903F12402483352F896
:10E70000040B9A4241F8040BF9D100207047FDF741
:10E71000F4BA43685B68586AC0F3004070474368C6
:10E720005B685A6AD2075ABF586AC0F3400001209A
:10E730007047FBF75DB938B5002403694568A3F855
:10E74000604083F85C4083F85D40FAF785F90A2160
:10E75000A86920EAE070A0FB010100F0CAFB204696
:10E7600038BD43689B681A7E520743BF9B6A0020EE
:10E770000B706FF00F00704743689B681A7ED207DA
:10E78000FCD5996270470269002013680B605368DA
:10E790004B60704743689B68588B5A8BC0F380006E
:10E7A00092075A8B48BF40F0040002F0010240EA91
:10E7B00042005A8BD1065A8B48BF40F0080092069F
:10E7C0005A8B48BF40F0100092B242F037025A8391
:10E7D00070470268012922F070620346026004D08B
:10E7E00002290CD0026802607047026842F0807211
:10E7F0000260426842F400525A60FAF72FBB026886
:10E8000042F080720260426822F40052F4E738B5A8
:10E81000044648B1FAF79AFD782305465C43FAF7B7
:10E8200095FD431BA342FAD338BD10B54369044696
:10E830003BB90020E2684042537843F00103537033
:10E8400010BD98470028F4D00028B8BF4042FF28E8
:10E85000A8BFFF20E3681870ECE740B1C3685878A0
:10E8600010F001001EBF1878B0FA80F04009704720
:10E87000EFF31183202383F31288BFF36F8FFEE73A
:10E880002DE9F04F89B0DDE912680592434605464F
:10E89000324606A80F4600F008FCDDE90634CDE953
:10E8A0000234EFF311844FF0200989F31288BFF38B
:10E8B0006F8F05F10C0A05F1140B39462846059AAD
:10E8C000149B984730B184F31188BFF36F8F09B060
:10E8D000BDE8F08F56EA0806F5D0DDE9022306A868
:10E8E00000F008FCDDE90668524621465846CDE9AD
:10E8F0000068FBF77FFDEFF3118489F31288BFF303
:10E900006F8FDAE710B400F10C04C0E9034410BCC7
:10E91000FCF731BE38B50446EFF31185202383F3AD
:10E920001288BFF36F8FF1F7C9FD04F10C0000F0FE
:10E93000D1FA30B1294604F11400BDE8384000F0A6
:10E94000AFBA85F31188BFF36F8F38BD10B5426938
:10E950006AB1836842EA0301890708D10169A2FB11
:10E96000011424B95B182CBF0121002102D36FF0E0
:10E97000150005E0C1609B1A02698A4201D8002097
:10E9800010BDC26801311A604269C3609B1AF3E787
:10E990002DE9F04105460F46EFF31188202383F35C
:10E9A0001288BFF36F8FC668FEB90468A0421CD0FE
:10E9B000DCB1D4E9003213605A60237CC4E90066FC
:10E9C00023F002032374A66004F1180000F032FB68
:10E9D0002046C4F88060676100F004FA414605F102
:10E9E0000800BDE8F04100F05BBA3E60AB69EF6043
:10E9F000013BAB6188F31188BFF36F8FBDE8F081F5
:10EA0000202408B5EFF3118384F31288BFF36F8FCE
:10EA1000FDF79EFAF6E7D0E9003213605A60002352
:10EA2000027CC0E9003322F0020202748360704766
:10EA300013B501240094FAF79FFE02B010BD90F9BF
:10EA40000E308B4201D0FBF701BD0020704703461A
:10EA50000020C3E90033C3E902007047D0E9003267
:10EA600013605A600023027CC0E9003322F00202E6
:10EA70000274836070472DE9F843904604460D46C2
:10EA80009DF82020EFF31187202181F31288BFF336
:10EA90006F8F02B14568A66804F10809B14516D028
:10EAA000AEB100243046FFF7D9FF06F1180000F0A0
:10EAB000C1FA3046C6F88040C6F8148000F092F9DA
:10EAC0004846394600F0ECF92046BDE8F883A3B18A
:10EAD0000820FCF7A1F8002832D00122C0F80480F9
:10EAE0000260016801F003015DB922680A43026017
:10EAF000626820606AB960600BE04046C8F8003088
:10EB0000EFE72A68032A10D80160616839B9C4E9BF
:10EB10000000002087F31188BFF36F8FD5E70A68E4
:10EB200002F0030202430A60E5E722F003020A430F
:10EB300002602A6802F0030240EA02032B60E8E761
:10EB40006FF00B00E6E710B5044630B1026893079A
:10EB500003D0446809B100F06CFB204610BD0023CF
:10EB6000C0E9003300F10803C0E902337047012314
:10EB700007B5009300230A461946FFF77CFF03B050
:10EB80005DF804FB002307B50A4600931946FFF71A
:10EB900072FF03B05DF804FB00210068FFF7D3BFEC
:10EBA0003AB18A4205D3C0E90212C0E90000002050
:10EBB00070476FF015007047012302688B4022EA0E
:10EBC0000303036022FA01F000F00100704710B562
:10EBD000032104460C30FFF7EFFF30B104F11000C1
:10EBE00000F028FAB0FA80F0400910BD20B10022F0
:10EBF0009430114600F0DBB9704770B5C368044625
:10EC0000C3F340069B0716D4856802210C30FFF73A
:10EC1000D3FF80B1D5F88C206AB194421DD122680F
:10EC20009EB9D5F89030C5F88C209C4201D1C5F82A
:10EC3000902000232360E36813F01F001EBF43F001
:10EC40000203E36040F0020070BD3260D5F890200E
:10EC5000944208BFC5F89060EBE716461268DBE700
:10EC600073B50446EFF31185202383F31288BFF3B5
:10EC70006F8F00230193D0E90423B3F1004F08BF45
:10EC8000012A05D085F31188BFF36F8F02B070BDE4
:10EC9000A0F1100603210438FFF78EFF0028F1D001
:10ECA000A369304601A90193FBF74CF8EAE738B5B0
:10ECB00030220D460021044600F0CFFA4FF4807355
:10ECC0006560E36038BDF8B504460D46EFF3118783
:10ECD000202383F31288BFF36F8FC36803F01F03F1
:10ECE000002B14BF0126002609D0FFF770FF204635
:10ECF000FFF783FF29462046FBF706F8034687F314
:10ED00001188BFF36F8F3BB14FF0FF324FF0FF33ED
:10ED100005F10800FAF722FF3046F8BDEFF3058051
:10ED2000003818BF012070476FF05700704700206F
:10ED3000704738B58589EFF31181202282F312885C
:10ED4000BFF36F8F037C13F0080404D081F31188A4
:10ED5000BFF36F8F38BD0122FBF752FAEB07F9D5ED
:10ED600084F31188BFF36F8F0423184602DFF1E7A5
:10ED7000FBF7FEBAD0E9003213605A600023C0E905
:10ED80000033704708B5FFF7F5FF037C23F002035B
:10ED900003740023836008BD38B504460D46FBF7B5
:10EDA0007BF9237C43F002032374D5B1A5602B6863
:10EDB0009D4209D16B68C4E900531C606C6010E08F
:10EDC0006A689A42F6D01B68002BF3D093F90E10B4
:10EDD00094F90E209142F3DD5A68C4E900321460C0
:10EDE0005C6038BD10B5EFF31184202383F31288E3
:10EDF000BFF36F8FFBF77AF984F31188BFF36F8F3E
:10EE000010BDFBF773B9FBF747B908B5EFF31181F4
:10EE1000202282F31288BFF36F8F83680BB1FFF754
:10EE2000B1FF81F31188BFF36F8F08BD08B5037C74
:10EE3000014613F0280F0CD183680BB1FFF7A2FF36
:10EE40000B7C084623F004030B74BDE80840FBF775
:10EE50004DB908BD10B5EFF31184202383F3128858
:10EE6000BFF36F8F1838FFF7E1FF84F31188BFF30A
:10EE70006F8F10BD08B50346EFF31181202282F396
:10EE80001288BFF36F8F0068834207D008B1FFF785
:10EE900079FF81F31188BFF36F8F08BD0020F8E779
:10EEA0000846FBF763B938B5054604680020AC4254
:10EEB00000D138BD002CFCD02046FFF763FF04F1E1
:10EEC000180000F0B7F82046FBF710F92C68012075
:10EED000A542EDE710B5EFF31184202383F31288E8
:10EEE000BFF36F8FFFF7DFFF84F31188BFF36F8FDE
:10EEF00010BD38B505460C46FBF714FBB4F1FF3FD7
:10EF000008BFB5F1FF3F0AD0C11709304FF00A0220
:10EF10004FF0000341F10001F1F772F838BD4FF0F6
:10EF2000FF30FBE7C117633008B54FF064024FF0C4
:10EF3000000341F10001F1F763F8C117FBF7F2FAA2
:10EF40006423584308BD2DE9F04706460F46914615
:10EF50009A46EFF31188202383F31288BFF36F8F53
:10EF60000068864206D028B1736898420CBF00251D
:10EF7000056868B90024B9F1000F02D05146204657
:10EF8000C84788F31188BFF36F8F2046BDE8F0872C
:10EF90005146B84704460028EDD135B17368AB42FD
:10EFA00000D02C6828462546E3E72C46FAE738B51A
:10EFB000EFF31185202383F31288BFF36F8F04686A
:10EFC000A0421CD0ECB1C4F880106261D4E90032D8
:10EFD00013605A600023227CC4E9003322F002024D
:10EFE0002274A36004F1180000F024F82046FFF713
:10EFF00008FF012085F31188BFF36F8F38BD002013
:10F00000F8E72046F6E708B50246FBF799FB70B132
:10F01000D0E904319B1A61EBE272B3F1004F72F157
:10F02000000104DA002AACBF1846002008BD6FF0CA
:10F030000040FBE7024638B5EFF31185202383F348
:10F040001288BFF36F8F0368D3B1FBF779FB0446D7
:10F050001046FBF787FB00224FF000438442C0E9D3
:10F06000042305D0002085F31188BFF36F8F38BDCE
:10F07000FBF76EFBFFF7C7FF0021FAF7CDF8F1E7CA
:10F08000D0E90413B3F1004F08BF012904D10020D7
:10F090004FF00041C2E904016FF01500E3E708B545
:10F0A000FBF768FC08BDFBF765BCB3F1FF3F08BF89
:10F0B000B2F1FF3F70B506461D46144614D01A4300
:10F0C00016D0002B08DBFBF755FC041941EB0501BA
:10F0D000C6E90041304670BD6FF001031C1B4FF0C4
:10F0E000FF3363EB0501F3E74FF0FF342146EFE711
:10F0F0000024FBE7B3F1FF3F08BFB2F1FF3FF8B5D3
:10F10000074616461C4610D054EA020311D0FBF7FE
:10F1100031FCB0420A46A14103460AD2F31A64EB1D
:10F120000204C7E900343846F8BD4FF0FF331C46EF
:10F13000F7E70023FBE70023C0E9081200F11802FB
:10F14000C0E90622C0E900330363436370472DE939
:10F15000F3470446DDE90A9815460E4659B302F016
:10F16000010AFBF755FA0746EFF31181202383F3D9
:10F170001288BFF36F8FA80744BF0023A360A36862
:10F1800003EA0600BAF1000F0CD086420CD16A07E0
:10F1900044BF8343A36081F31188BFF36F8F02B034
:10F1A000BDE8F0870028F2D159EA080305D181F3C0
:10F1B0001188BFF36F8F0020F1E7C7E91865224679
:10F1C000CDE9009804F10C00FBF714F90028F2D106
:10F1D000386EE4E710B50B680446D0E9180212F067
:10F1E000010F03EA000301D0984211D183B12366D5
:10F1F000520748BF4A6804F1180044BF1A434A60E6
:10F20000FFF718FF00232046C4F88030FFF70EFEFA
:10F21000002010BD0023C0E90000836070470A464B
:10F22000FBF7AEBC0A460021FBF7AABC5200FFF771
:10F230008EBF20B1011F50F8040CFFF76BBB704765
:10F240000A44431E914200D1704710B511F8014B9A
:10F25000914203F8014FF9D110BD02440346934295
:10F2600000D1704703F8011BF9E710B56AB1013905
:10F27000841810F8012B11F8013F9A4203D1A042E3
:10F2800001D0002AF5D1D01A10BD1046FCE7013993
:10F29000034610B532B111F8014F013A03F8014BA2
:10F2A000002CF7D11A440021934200D110BD03F87D
:10F2B000011BF9E70246014410B58A42134603D008
:10F2C0001C780132002CF8D1181A10BDF0B5C3F12A
:10F2D0003707044603F01F031046FFB2082BE6B2BF
:10F2E00032D0102B3DD06508A40845EAC17544EA28
:10F2F00081748A082D1942EB5102290941EA0271F1
:10F300006D1842EB1212290A41EA02616D1842EBB4
:10F310001222290C41EA02416D1842EB1242AD184B
:10F3200042F10002EC0844EA4274D10804EB840282
:10F33000A6EB4205EDB2092D0CD90134A5F10A0561
:10F3400041F10001EDB212E0E40806F0070544EADD
:10F350004174C908303554EA010200F8015BBDD19F
:10F36000F0BD240906F00F0544EA01740909092DCE
:10F3700084BFED19EDB2EDE7D1E9043293421EBF2F
:08F380005A1C0A611870704765
:08F38800D00CFF7F0100000022
:10F390000000000000F4000CB596000C0000000016
:10F3A000F596000C00000000000000001CF4000CAA
:10F3B0000000000038F4000CD582000C00000000B2
:10F3C0007991000C00000000A90D000C0000000065
:10F3D0000127000C0000000035AC000C000000000C
:10F3E0000000000054F4000C0000000070F4000C59
:10F3F000000000008CF4000C9142000C00000000A2
:10F40000C61D010CE0FC000CC8F9000CEE03002046
:10F41000EC1700207980000C000000000515010C9D
:10F4200038FC000C00000000EA030020B8150020A2
:10F43000155E000C00000000F320010C44FD000CE0
:10F4400008FA000CF203002028180020918F000C0D
:10F45000000000006B17010C60FC000C90FC000C1D
:10F46000EC030020600200200D6A000C0000000088
:10F47000B020010C08FD000CE4F9000CF0030020A2
:10F4800014030020198C000C00000000D102010CB4
:10F4900018FC000C00000000E8030020D01400203D
:08F4A000AD5D000C000000004E
:10F4A8000000000035BF000C0000000035BF000C54
:10F4B8000000000035BF000C0000000035BF000C44
:10F4C8000000000035BF000C0000000035BF000C34
:10F4D8000000000035BF000C0000000035BF000C24
:10F4E8000000000035BF000C0000000035BF000C14
:10F4F8000000000035BF000C0000000035BF000C04
:10F508000000000035BF000C1CF4000CB9CD000C45
:10F518001CF4000CE7CD000C1CF4000C17CE000CFA
:10F528001CF4000C47CE000C1CF4000C77CE000C29
:10F538001CF4000CA7CE000C1CF4000CD7CE000C59
:10F548001CF4000C07CF000C1CF4000C37CF000C87
:10F558001CF4000C6DCF000C1CF4000CA3CF000CA5
:10F568001CF4000CD9CF000C1CF4000C0FD0000CBC
:10F578001CF4000C45D0000C1CF4000C7BD0000CD3
:10F588001CF4000CB1D0000C0000000035BF000CCA
:10F598000000000035BF000C0000000035BF000C63
:10F5A8000000000035BF000C0000000035BF000C53
:10F5B8000000000035BF000C0000000035BF000C43
:10F5C8000000000035BF000C0000000035BF000C33
:10F5D8000000000035BF000C0000000035BF000C23
:10F5E8000000000035BF000C0000000035BF000C13
:10F5F8000000000035BF000C0000000035BF000C03
:10F608000000000035BF000C0000000035BF000CF2
:10F618000000000035BF000C0000000035BF000CE2
:10F628000000000035BF000C0000000035BF000CD2
:10F638000000000035BF000C0000000035BF000CC2
:10F648000000000035BF000C0000000035BF000CB2
:10F658000000000035BF000C0000000035BF000CA2
:10F668000000000035BF000C0000000035BF000C92
:10F678000000000035BF000C0000000035BF000C82
:10F688000000000035BF000C0000000035BF000C72
:10F698000000000035BF000C0000000035BF000C62
:10F6A8000000000035BF000C0000000035BF000C52
:10F6B8000000000035BF000C0000000035BF000C42
:10F6C8000000000035BF000C0000000035BF000C32
:10F6D8000000000035BF000C0000000035BF000C22
:10F6E8000000000035BF000C0000000035BF000C12
:10F6F8000000000035BF000C0000000035BF000C02
:10F708000000000035BF000C0000000035BF000CF1
:10F718000000000035BF000C0000000035BF000CE1
:10F728000000000035BF000C0000000035BF000CD1
:10F738000000000035BF000C0000000035BF000CC1
:10F748000000000035BF000C0000000035BF000CB1
:10F758000000000035BF000C0000000035BF000CA1
:10F768000000000035BF000C0000000035BF000C91
:10F778000000000035BF000C0000000035BF000C81
:10F788000000000035BF000C0000000035BF000C71
:10F798000000000035BF000C0000000035BF000C61
:10F7A8000000000035BF000C0000000035BF000C51
:10F7B8000000000035BF000C0000000035BF000C41
:10F7C8000000000035BF000C0000000035BF000C31
:10F7D8000000000035BF000C0000000035BF000C21
:10F7E8000000000035BF000C0000000035BF000C11
:10F7F8000000000035BF000C0000000035BF000C01
:10F808000000000035BF000C0000000035BF000CF0
:10F818000000000035BF000C0000000035BF000CE0
:10F828000000000035BF000C0000000035BF000CD0
:10F838000000000035BF000C0000000035BF000CC0
:10F848000000000035BF000C0000000035BF000CB0
:10F858000000000035BF000C0000000035BF000CA0
:10F868000000000035BF000C0000000035BF000C90
:10F878000000000035BF000C0000000035BF000C80
:10F888000000000035BF000C0000000035BF000C70
:10F898000000000035BF000C0000000035BF000C60
:10F8A8000000000035BF000C0000000035BF000C50
:10F8B8000000000035BF000C0000000035BF000C40
:10F8C8000000000035BF000C0000000035BF000C30
:10F8D8000000000035BF000C0000000035BF000C20
:10F8E8000000000035BF000C0000000035BF000C10
:10F8F8000000000035BF000C0000000035BF000C00
:10F908000000000035BF000C0000000035BF000CEF
:10F918000000000035BF000C0000000035BF000CDF
:10F928000000000035BF000C0000000035BF000CCF
:10F938000000000035BF000C0000000035BF000CBF
:10F9480070F4000CCD84000C0000000035BF000CE2
:10F958000000000035BF000C0000000035BF000C9F
:10F968000000000035BF000C0000000035BF000C8F
:10F9780054F4000C6963000C0000000035BF000C53
:10F988000000000035BF000C0000000035BF000C6F
:10F99800500B0020781F0020000400000953000CC1
:10F9A800000000000000000000000000FFFFFFFF53
:10F9B80000000000EF13010C000000000000000030
:10F9C800AD75000CA973000C000000006572000CF6
:0CF9D80059E4000C00000000D56E000C8B
:10F9E40037E7000CD185000CF18A000C13E7000CFA
:10F9F400000000001FE7000CF7E6000C0000000008
:04FA040000000000FE
:10FA080063E7000C79E7000C95E7000C918E000C79
:0CFA180087E7000C000000000000000068
:10FA24002301010C03000000D51D010C030000009C
:10FA3400D102010C03000000EE1D010C01000000C6
:10FA44002315010C030000004701010C0300000012
:10FA54004B01010C030000004B02010C03000000E9
:10FA64000100010C03000000B707010C03000000B3
:10FA74003908010C030000004108010C03000000D8
:10FA8400E721010C030000007800010C03000000D2
:10FA94008B09010C03000000BE20010C03000000D0
:10FAA4003401010C030000000321010C03000000D9
:10FAB400D615010C020000007817010C02000000AA
:10FAC4005211010C02000000830E010C0200000020
:10FAD4004F12010C020000006C0F010C0200000028
:10FAE4000E0D010C02000000050D010C02000000C7
:10FAF400DA12010C020000008B12010C020000005B
:10FB04002110010C02000000EF13010C030000009F
:10FB1400E212010C020000005CFF000C0300000074
:10FB2400A0FB000CF00000203A02010C01000000D0
:10FB340054FF000C000000008806002000010000B3
:10FB440011BC000CAFBB000C02000000B9BD000CDE
:10FB540000000000000000000000000000000000A1
:10FB64001A02010C2202010C000000000000000037
:10FB7400000000002A02010C2E02010C3202010CCA
:10FB84003602010C90FB000C7C1000204D17000C79
:10FB9400941000206E1800200100000079BE000CB3
:10FBA4006FBE000C3DBE000C31BE000C0000000016
:10FBB40025BE000C00000000000000200000000032
:10FBC4000600010002000000D0FB000C0000000849
:10FBD4002A08010C06000000E0FF1F0C00000020B2
:10FBE4003208010C21000000E0FF07208D27000CE3
:10FBF40000000000C5BF000CE50300200200000067
:10FC0400F0FB000C14FC000C0000000000000000DD
:10FC1400D014002070F4000CF2FF000C6DCD000C29
:10FC24004DCD000C45CD000C3DCD000C35CD000C68
:10FC340097CD000C00A0014400F4000C1A7F13249B
:10FC440003C5FF1FE7D0000C01000000D4FC000C2A
:10FC54004C040020000000000000000000000046EA
:10FC640008000000EC150020EC160020782300208A
:10FC7400000400000200000000000000000000007A
:10FC84003BDA000C35DA000C64000000AFD9000C3C
:10FC94004567000CB5DE000C1BD9000CC3DD000C5D
:10FCA40000000000BDDA000C45DC000C0563000C0C
:10FCB4009DD9000C5560000C6169000CB960000C02
:10FCC4001161000C3D62000C47DD000C71DE000C7C
:10FCD40025E4000C000000000DE4000C00C000440A
:10FCE40000E000440000014400200144008000447E
:10FCF40005000000001080448010804400118044FE
:10FD04008011804434FD000C0060024500F4000CB6
:10FD14000B7F042435ECFF1F10D2FF1FF4010000F9
:10FD2400801A060080F0FA02040000015584000CD9
:10FD34003CFD000C01000000B6FD000C08000000B2
:10FD440000C2010003000100002000450001000082
:10FD5400010000000000000000F4000C2E7F30249D
:10FD640023DAFF1F6CFD000C74FD000C0100000081
:10FD7400D6FD000C020000009D21010CAB21010CFA
:10FD8400BF21010CCE21010CDA21010C90F3000CEF
:10FD940090F3000CC0F3000CC8F3000C00F4000C4A
:10FDA40000F4000C1822010C000100000000000007
:10FDB4000904A38200006382000073820000B382FE
:10FDC40000008382000093820000C38200005382FB
:10FDD400000090230000802300004661696C656484
:10FDE40020746F20696E697469616C697A65206C2E
:10FDF400616E6775616765206465736372697074A9
:10FE04006F722028256429004661696C656420743A
:10FE14006F20696E697469616C697A65206D616EC1
:10FE24007566616374757265722064657363726963
:10FE340070746F722028256429004661696C6564BA
:10FE440020746F20696E697469616C697A652070C9
:10FE5400726F647563742064657363726970746F20
:10FE6400722028256429004661696C656420746FDA
:10FE740020696E697469616C697A6520534E2064E7
:10FE8400657363726970746F722028256429004653
:10FE940061696C656420746F2061646420486967DB
:10FEA400682D537065656420636F6E66696775724B
:10FEB4006174696F6E004661696C656420746F20BB
:10FEC40061646420726567697374657220636C6130
:10FED40073736573004661696C656420746F206197
:10FEE40064642046756C6C2D537065656420636F83
:10FEF4006E66696775726174696F6E004661696CDC
:10FF0400656420746F207265676973746572206D0F
:10FF14006573736167652063616C6C6261636B0018
:10FF24004661696C656420746F20696E69746961E7
:10FF34006C697A6520646576696365207375707091
:10FF44006F72740073616D706C655F7573626400C9
:10FF54006466755F64667500757362645F73616D72
:10FF6400706C655F636F6E666967004E6F206669CB
:10FF74006C652073797374656D2073656C65637447
:10FF84006564004661696C656420746F20696E69FC
:10FF94007469616C697A6520555342206465766999
:10FFA4006365004661696C656420746F20656E61E9
:10FFB400626C652064657669636520737570706F23
:10FFC400727400546865206465766963652069739A
:10FFD4002070757420696E20555342206D617373CF
:10FFE4002073746F72616765206D6F64650053449C
:0CFFF400005A657068797200302E3030C1
:020000040C01ED
:10000000006D61696E006865617020636F72727562
:100010007074696F6E20286E6F7420696E2075731E
:10002000653F292061742025700068656170206338
:100030006F7272757074696F6E202862756666657E
:1000400072206F766572666C6F773F29206174202D
:100050002570006865617020636F727275707469D5
:100060006F6E2028646F75626C6520667265653FEF
:1000700029206174202570006F735F6865617000CE
:1000800028756E7369676E656429206368617220E4
:100090002A207573656420666F72202525702061A3
:1000A0007267756D656E742E2049742773207265B2
:1000B000636F6D6D656E64656420746F206361733A
:1000C0007420697420746F20766F6964202A20621E
:1000D000656361757365206974206D617920636162
:1000E000757365206D69736265686176696F7220EA
:1000F000696E206365727461696E20636F6E6669F4
:100100006775726174696F6E732E20537472696EB5
:10011000673A2225732220617267756D656E743AA5
:1001200025640063627072696E74665F7061636BF0
:10013000616765007379735F6765746F7074006CD5
:100140006F6767696E67006C6F67006C6F675F6DE4
:10015000676D74004D657373616765202822257390
:1001600022292064726F7070656420626563617516
:1001700073652069742065786365656473207369AD
:100180007A65206C696D69746174696F6E202825C9
:100190007529004D6573736167652064726F7070B7
:1001A0006564206265636175736520697420657894
:1001B00063656564732073697A65206C696D697421
:1001C0006174696F6E2028257529000D0A001B5B7C
:1001D000306D00257320005B2530386C755D200084
:1001E0005B253032753A253032753A253032752E1E
:1001F000253033752C253033755D20003C25733E4A
:10020000200025732F0025733A20002530327820F6
:1002100000202020007C002563001B5B313B333134
:100220006D001B5B313B33336D006572720077727A
:100230006E00696E6600646267006C6F675F626182
:10024000636B656E645F75617274006C6F675F7578
:10025000617274004469736B207265666572656EC5
:10026000636520636F756E74206174206D61782002
:1002700076616C7565004469736B20697320616CED
:100280007265616479206465696E697469616C691D
:100290007A656400696E76616C6964206469736B69
:1002A00020696E74657266616365212100646973FB
:1002B0006B20696E7465726661636520616C72653E
:1002C0006164792072656769737465726564212160
:1002D000006469736B0072302F61313A20203078EE
:1002E00025303878202072312F61323A2020307842
:1002F00025303878202072322F61333A2020307830
:10030000253038780072332F61343A202030782538
:10031000303878207231322F69703A2020307825B9
:10032000303878207231342F6C723A2020307825A2
:100330003038780020787073723A20203078253079
:100340003878004661756C74696E6720696E7374E5
:1003500072756374696F6E20616464726573732073
:10036000287231352F7063293A203078253038785B
:1003700000556E68616E646C6564204952516E3A36
:10038000202564002A2A2A2A2A205553414745203D
:100390004641554C54202A2A2A2A2A002020446902
:1003A000766973696F6E206279207A65726F0020BA
:1003B00020556E616C69676E6564206D656D6F7246
:1003C0007920616363657373002020537461636BEC
:1003D000206F766572666C6F772028636F6E746528
:1003E00078742061726561206E6F742076616C692B
:1003F00064290020204E6F20636F70726F636573F5
:10040000736F7220696E737472756374696F6E7343
:10041000002020496C6C6567616C206C6F61642002
:100420006F66204558435F52455455524E20696EC1
:10043000746F205043002020496C6C6567616C200C
:10044000757365206F6620746865204550535200AF
:100450002020417474656D707420746F2065786518
:100460006375746520756E646566696E6564206980
:100470006E737472756374696F6E002A2A2A2A2A51
:10048000204D5055204641554C54202A2A2A2A2ACC
:10049000002020537461636B696E67206572726F10
:1004A000722028636F6E74657874206172656120B4
:1004B0006D69676874206265206E6F742076616C68
:1004C000696429002020556E737461636B696E67DF
:1004D000206572726F720020204461746120416354
:1004E000636573732056696F6C6174696F6E002069
:1004F000204D4D46415220416464726573733A2029
:1005000030782578002020496E73747275637469A1
:100510006F6E204163636573732056696F6C6174FD
:10052000696F6E002020466C6F6174696E672D7074
:100530006F696E74206C617A7920737461746520C0
:10054000707265736572766174696F6E2065727220
:100550006F72002A2A2A2A2A2042555320464155E2
:100560004C54202A2A2A2A2A002020537461636BC3
:10057000696E67206572726F720020205072656329
:10058000697365206461746120627573206572729D
:100590006F720020204246415220416464726573AC
:1005A000733A2030782578002020496D7072656399
:1005B000697365206461746120627573206572726D
:1005C0006F72002020496E737472756374696F6E68
:1005D00020627573206572726F72002A2A2A2A2A95
:1005E00020534543555245204641554C54202A2A14
:1005F0002A2A2A002020416464726573733A2030ED
:10060000782578002020496E76616C696420656EDB
:1006100074727920706F696E74002020496E766163
:100620006C696420696E7465677269747920736996
:10063000676E6174757265002020496E76616C6921
:100640006420657863657074696F6E207265747577
:10065000726E0020204174747269627574696F6EE5
:1006600020756E69742076696F6C6174696F6E00B5
:100670002020496E76616C6964207472616E7369C2
:1006800074696F6E0020204C617A792073746174F4
:100690006520707265736572766174696F6E002093
:1006A000204C617A79207374617465206572726F71
:1006B0007200526573657276656420457863657073
:1006C00074696F6E20280053707572696F7573209E
:1006D000696E7465727275707420284952512000D9
:1006E00020205320696E737472756374696F6E2075
:1006F000616464726573733A202030782578002A2B
:100700002A2A2A2A2048415244204641554C542046
:100710002A2A2A2A2A002020427573206661756CD5
:1007200074206F6E20766563746F72207461626CE2
:1007300065207265616400202044656275672065EC
:1007400076656E740020204661756C742065736355
:10075000616C6174696F6E20287365652062656CD9
:100760006F772900415243485F4558434550542014
:100770007769746820726561736F6E2025780A004E
:100780002A2A2A2A2A204465627567206D6F6E69BD
:10079000746F7220657863657074696F6E202A2AA1
:1007A0002A2A2A002A2A2A2A2A202573202564296F
:1007B000202A2A2A2A2A006D7075004661696C6514
:1007C0006420746F20616C6C6F63617465206E656A
:1007D00077204D505520726567696F6E2025750A28
:1007E00000506172746974696F6E2025753A2063D8
:1007F0006F686572656E636520636865636B20660C
:1008000061696C65642E00496E76616C696420755F
:100810006E6465726C79696E6720726567696F6E68
:1008200020696E64657820257500464C4153485F09
:1008300030005352414D5F30006E65745F627566E3
:10084000006E65745F6275665F73696D706C6500DC
:10085000436F756C64206E6F742025732063617222
:100860006420706F77657220766961205344484335
:100870000064697361626C6500656E61626C65003D
:10088000436F756C64206E6F742073746172742092
:1008900062757320636C6F636B00436172642065E3
:1008A00072726F72206F6E20434D4430004361724C
:1008B0006420646F6573206E6F7420737570706F41
:1008C000727420434D44382C20617373756D696ECA
:1008D00067206C65676163792063617264004361BE
:1008E0007264206572726F72206F6E20434D4438BF
:1008F00000534420686F737420636F6E74726F6C62
:100900006C65722072657475726E656420696E76AE
:10091000616C69642070726F7065727469657300D0
:1009200054696D656F7574207768696C65207472A1
:1009300079696E6720746F206163717569726520D3
:1009400063617264206D75746578004661696C65D9
:100950006420746F2072657365742053444843208B
:10096000492F4F004661696C656420746F20696E81
:1009700069742053442063617264206166746572F7
:1009800020492F4F207265736574007364005344CF
:100990002061707020636F6D6D616E6420666169A7
:1009A0006C656420776974682052312072657370B9
:1009B0006F6E7365206F6620307825580053444968
:1009C0004F20646F6573206E6F7420737570706F45
:1009D0007274204D4D4320636F6D6D616E647300C2
:1009E000436F756C64206E6F742067657420534488
:1009F0002063617264206D75746578004661696C6E
:100A0000656420746F20726561642066726F6D206A
:100A100053444D4D43202564004361726420646952
:100A200064206E6F742072657475726E20746F200E
:100A300072656164792073746174650043617264E6
:100A40002072656164206661696C6564004F6E6C3C
:100A50007920256420626C6F636B73206F6620259C
:100A6000642077657265207772697474656E0057CB
:100A700072697465206661696C65640045726173B2
:100A800065206661696C656400436172642062750B
:100A90007379207768656E20706F776572696E670D
:100AA000206F66660043617264206E657665722011
:100AB0006C65667420627573792073746174650067
:100AC0004661696C656420746F2071756572792068
:100AD00063617264204F4352004D6178696D756D9A
:100AE00020534420636C6F636B20697320756E64C0
:100AF00065722032354D487A2C207573696E6720F7
:100B0000636C6F636B206F66202564487A004661D2
:100B1000696C656420746F20726169736520627509
:100B200073206672657175656E637920746F20320B
:100B3000354D487A005344207370656320312E3060
:100B40003120646F6573206E6F7420737570706FE1
:100B5000727420434D4436004661696C65642074AC
:100B60006F207265616420636172642066756E63D4
:100B700074696F6E7300436F756C64206E6F7420C0
:100B800073657420534420626C6F636B6C656E20D8
:100B9000746F2035313200436172642064696420CF
:100BA0006E6F7420616363657074206E6577207367
:100BB00070656564004661696C656420746F2063CC
:100BC00068616E676520686F737420627573207347
:100BD00070656564004661696C656420746F20739C
:100BE0007769746368206361726420746F2048536E
:100BF000206D6F6465004661696C656420746F20C8
:100C00006368616E6765206361726420627573203A
:100C1000776964746820746F20342062697473008B
:100C20004853206361726420696E6974206661694B
:100C30006C65640055534220646576696365207372
:100C40007570706F727420697320616C7265616475
:100C50007920696E697469616C697A6564005553BD
:100C6000422064657669636520636F6E74726F6C91
:100C70006C6572206973206E6F742072656164798F
:100C80000055534220646576696365207375707002
:100C90006F7274206973206E6F7420696E69746955
:100CA000616C697A656400555342206465766963B6
:100CB0006520737570706F727420697320616C7237
:100CC0006561647920656E61626C65640046616986
:100CD0006C656420746F20656E61626C6520636F63
:100CE0006E74726F6C6C6572004275666665722018
:100CF000707265616C6C6F636174696F6E206661A0
:100D0000696C656400757362645F64657600757311
:100D100062645F64657363004661696C6564207436
:100D20006F20656E71756575652053746174757398
:100D300020494E20627566666572004661696C6581
:100D40006420746F20656E71756575652053455418
:100D500055502062756666657200436F6E666967FE
:100D600075726174696F6E20646573637269707403
:100D70006F72202575206E6F7420666F756E64002B
:100D800043616E206F6E6C792068616E646C6520C3
:100D9000636F6E74726F6C207265717565737473B6
:100DA000004D616C666F726D65642073657475705B
:100DB000207061636B657400556E6578706563744F
:100DC000656420627566666572206C696E6B656429
:100DD00020746F207365747570004661696C65647A
:100DE00020746F2073657420646576696365206183
:100DF0006464726573732030782578004661696C8D
:100E0000656420746F2073657420636F6E66696714
:100E100075726174696F6E2025752C2025640048F9
:100E200057494E464F206E6F7420696D706C656D2A
:100E3000656E746564206F7220656E61626C6564B6
:100E4000004661696C656420746F20656E7175651C
:100E5000756520537461747573204F555420627505
:100E600066666572004661696C656420746F206512
:100E70006E61626C6520544553545F4D4F4445206C
:100E8000257500757362645F636839004661696C3B
:100E9000656420746F20676574206366675F6E64A5
:100EA0002C206465737069746520636F6E66696772
:100EB0007572656420737461746500556E72656344
:100EC0006F76657261626C65206572726F72202543
:100ED000642C206570203078253032782C206275A3
:100EE00066202570004661696C656420746F20730C
:100EF00065742064656661756C74206164647265F4
:100F000073732061667465722062757320726573F5
:100F10006574004661696C656420746F2073657444
:100F20002064656661756C742073746174652061FA
:100F300066746572206275732072657365740055FE
:100F40004443206572726F72206576656E74004648
:100F500061696C656420746F20696E6974206465D2
:100F60007669636520647269766572007573626480
:100F70005F636F726500456E64706F696E672030E5
:100F80007825303278206E6F742061737369676ED4
:100F90006564004661696C656420746F20617373D9
:100FA00069676E20656E64706F696E742061646439
:100FB000726573736573004661696C656420746F54
:100FC00020696E697469616C697A6520636C61730C
:100FD0007320696E7374616E6365004661696C6548
:100FE0006420746F20696E697420485320636F6EAB
:100FF00066696775726174696F6E20257500466158
:10100000696C656420746F20696E69742046532092
:10101000636F6E66696775726174696F6E2025759E
:1010200000757362645F696E6974004661696C651E
:101030006420746F20726573657420636F6E6669D7
:101040006775726174696F6E00466561747572656B
:10105000206E6F7420737570706F72746564206297
:101060007920636F6E74726F6C6C657200555342B9
:101070002064657669636520737570706F72742083
:10108000697320696E697469616C697A656400438B
:101090006F6E74726F6C6C657220646F65736E270F
:1010A0007420737570706F727420485300556E739E
:1010B0007570706F7274656420636F6E66696775B2
:1010C000726174696F6E20737065656400485320A7
:1010D000636F6E66696720616C7265616479206F09
:1010E0006E204653206C69737400465320636F6E04
:1010F00066696720616C7265616479206F6E204853
:1011000053206C69737400436F6E66696775726112
:1011100074696F6E2025752072652D696E73657216
:10112000746564004661696C656420746F20616455
:101130006420636F6E66696775726174696F6E2093
:10114000737472696E672064657363726970746F1B
:101150007200757362645F63666700555342206472
:10116000657669636520636C617373202573206EF7
:101170006F7420666F756E64004E6F20636F6E66CD
:10118000696775726174696F6E2073657420284198
:101190006464726573732073746174652900436CB1
:1011A00061737320696E7374616E636520616C7224
:1011B000656164792072656769737465726564003E
:1011C000436C6173732072656769737465726564DB
:1011D00020746F206F7468657220636F6E74657819
:1011E0007420617420646966666572656E7420732C
:1011F00070656564004661696C656420746F207277
:101200006567697374657220257320746F20485375
:1012100020636F6E66696775726174696F6E2025F1
:1012200075004661696C656420746F20726567693A
:101230007374657220257320746F20465320636F8A
:101240006E66696775726174696F6E2025750075C9
:101250007362645F636C617373004661696C65649B
:1012600020746F2068616E646C65206F7020256447
:101270002C206570203078253032782C20626D204B
:101280003078253038782C20256400757362645FCF
:1012900069666163650064657669636520697320CA
:1012A00073757370656E646564005365742068615E
:1012B0006C7420307825303278206661696C656402
:1012C00000436C6561722068616C74203078253051
:1012D0003278206661696C656400757362645F656D
:1012E0007000757362645F6D73670043616E6E6F4B
:1012F00074207265676973746572204C554E2025A1
:10130000730044697361626C6500456E61626C656F
:10131000004661696C656420746F20656E71756547
:101320007565206E65745F62756620666F72203029
:1013300078253032780042756C6B2D4F6E6C7920B9
:101340004D6173732053746F7261676520526573CA
:1013500065740072657175657374206570203078EE
:10136000253032782C206C656E2025752063616EE7
:1013700063656C6C65640072657175657374206576
:1013800070203078253032782C206C656E202575E1
:10139000206661696C6564004E6F74206D65616ED6
:1013A000696E6766756C2043425700496E76616CC2
:1013B00069642043425700534353492068616E6477
:1013C0006C6572206469646E27742070726F636547
:1013D000737320257A7520627974657300494E20F5
:1013E000616C7265616479207175657565640075FD
:1013F0007362645F6D7363006D73635F3000446993
:10140000736B2063616368652073796E6320666126
:10141000696C6564004C4241202564206973206F2B
:101420007574206F662072616E67650025642062A6
:101430006C6F636B73207374617274696E67206183
:101440007420256420676F206F7574206F6620629A
:101450006F756E6473005061676520436F6465202B
:1014600069732025642062757420455650442073AA
:10147000657400556E6B6E6F776E20534353492031
:101480006F70636F6465203078253032780054695E
:101490006D656F75742077616974696E6720666F1A
:1014A00072204549435F53594E4342555359206278
:1014B00069747320746F20636C65617200436C6F94
:1014C000636B20636F6E74726F6C206F6E20666149
:1014D000696C656420666F72206D636C6B20256497
:1014E00000436C6F636B20636F6E74726F6C206F60
:1014F0006E206661696C656420666F722067636C3C
:101500006B20256400696E746572727570742D634A
:101510006F6E74726F6C6C65724034343031613050
:10152000303000696E74635F6D6368705F65696316
:101530005F67310073757370656E640072657375F3
:101540006D650053707572696F7573202573206522
:1015500076656E74006570203078253032782061B1
:101560006C726561647920656E61626C65640045CA
:101570006E64706F696E7420307825303278207612
:10158000616C69646174696F6E206661696C656421
:101590000065702030782530327820616C7265618A
:1015A00064792064697361626C6564004661696C8A
:1015B000656420746F20616C6C6F63617465206E6C
:1015C00065745F62756620257A642C206570203012
:1015D000782530327800756463004661696C656413
:1015E00020746F2064697361626C6520636F6E7430
:1015F000726F6C20656E64706F696E74204F555405
:10160000004661696C656420746F2064697361626F
:101610006C6520636F6E74726F6C20656E64706FA2
:10162000696E7420494E004661696C656420746F70
:1016300020726573657276652045503020464946B4
:101640004F0055534220636F6E74726F6C6C6572FD
:101650002072657365742074696D656F75740055CB
:10166000534220636F6E74726F6C6C657220656E8E
:1016700061626C652073796E632074696D656F7546
:101680007400555342205048592072656164792096
:1016900074696D656F75740052656D6F7465207740
:1016A000616B657570207265717565737465642012
:1016B00062757420646576696365206973206E6F56
:1016C000742073757370656E6465640065705F6522
:1016D0006E7175657565204550305F494E3A2054EE
:1016E00078506B7452647920616C72656164792002
:1016F0007365742028435352304C3D307825303286
:1017000078292020736B6970706564004661696C8C
:10171000656420656E61626C696E6720657020305B
:101720007825303278004661696C656420746F20DA
:101730007265676973746572204F555420656E64D5
:10174000706F696E74202564004661696C65642061
:10175000746F20726567697374657220494E2065E5
:101760006E64706F696E7420256400757362403416
:1017700036303030303030007564635F6D636870D0
:101780005F67320025733A20434C4F434B5F434F12
:101790004E54524F4C5F5355425359535F414C4C3A
:1017A000206973206E6F7420737570706F7274652A
:1017B000640025733A20496E76616C696420737504
:1017C0006273797374656D20747970653D2564006A
:1017D00025733A20496E76616C696420696E737472
:1017E000616E636520256420666F72207479706570
:1017F00020256420286D6178202564290025733A0E
:101800002052656375727369766520646570656ED4
:1018100064656E637920646574656374656400252E
:10182000733A20496E76616C696420504C4C207389
:101830006F7572636520646570656E64656E63794B
:101840000025733A20496E76616C69642047434CE9
:101850004B50494E20736F757263652049440025D3
:10186000733A204E554C4C20636F6E6669677572F3
:101870006174696F6E20706F696E74657200257394
:101880003A20496E76616C6964207375627379736E
:1018900074656D20747970653D256420696E73747C
:1018A000616E63653D25640025733A2044464C4CC7
:1018B00034384D53594E432074696D656F757420EB
:1018C0006F6E2077726974696E67204F534343547B
:1018D000524C5F44464C4C4354524C420025733AA0
:1018E0002044464C4C34384D53594E432074696D56
:1018F000656F7574206F6E2077726974696E6720EA
:101900004F53434354524C5F44464C4C4D554C004E
:1019100025733A2044464C4C34384D53594E43209D
:1019200074696D656F7574206F6E20777269746964
:101930006E67204F53434354524C5F44464C4C43D4
:1019400054524C410025733A2047434C4B5F535946
:101950004E43425553592074696D656F7574206FFD
:101960006E2077726974696E672047434C4B5F47FE
:10197000454E4354524C5B25645D0025733A2074F8
:10198000696D656F7574206F6E2077726974696E0A
:10199000672047434C4B5F5043484354524C5F438E
:1019A00048454E5F4D736B0025733A20496E766152
:1019B0006C69642073756273797374656D00257347
:1019C0003A20556E737570706F727465642073750C
:1019D0006273797374656D20747970650025733A4C
:1019E0002047434C4B47454E302063616E6E6F7409
:1019F0002062652064697361626C65642028616C93
:101A000077617973204F4E290025733A20504C4C52
:101A10005B25645D206C6F636B2074696D65642069
:101A20006F75740025733A20436C6F636B20616C93
:101A3000726561647920656E61626C65640025730E
:101A40003A20556E737570706F7274656420636CA4
:101A50006F636B2073756273797374656D2074792D
:101A600070652025640025733A20436C6F636B20FA
:101A70004F4E206F7065726174696F6E2066616988
:101A80006C65640025733A20436C6F636B204F4E86
:101A90002074696D656F75740025733A20584F5333
:101AA000432072656164792074696D6564206F7587
:101AB000740025733A20736B697070696E672064D7
:101AC000666C6C34386D5F696E69742C20617320AC
:101AD00044464C4C20697320616C726561647920C6
:101AE0006F6E0025733A20736B697070696E6720A2
:101AF00064666C6C34386D5F696E69742C20617338
:101B000020736F757263652067636C6B2D2564208D
:101B10006973206F66662E20284D6178696D756D3A
:101B200020696E6974207265747279203D20256485
:101B3000290025733A20736B697070696E672064A1
:101B4000666C6C34386D5F696E69742C206173202B
:101B500044464C4C2069732064726976696E672034
:101B600067636C6B302028435055290025733A2059
:101B700044464C4C34384D20726561647920746958
:101B80006D6564206F75740025733A2044464C4C93
:101B900034384D53594E432074696D656F75742008
:101BA0006F6E2077726974696E672047434C4B5F94
:101BB0005043484354524C0025733A20736F75725A
:101BC000636520636C6F636B202864726976696E4D
:101BD0006720504C4C5F256429206973206F66662E
:101BE0002E20284D6178696D756D20696E697420AD
:101BF0007265747279203D202564290025733A208E
:101C0000535550435F5354415455532074696D6587
:101C10006F7574206F6E2077726974696E672053D8
:101C20005550435F565245474354524C0025733A32
:101C30002074696D656F7574206F6E20777269749A
:101C4000696E67206672616374696F6E616C20648F
:101C50006976696465720025733A20736B697070E8
:101C6000696E6720706C6C5F25645F6F75745F25AB
:101C7000645F696E69742C206173206974206973D4
:101C800020616C7265616479206F6E0025733A2063
:101C9000736B697070696E6720706C6C5F25645F30
:101CA0006F75745F25645F696E69742C20617320A1
:101CB00064726976696E6720504C4C206973206F9E
:101CC00066660025733A20736B697070696E6720D1
:101CD000786F736333326B5F696E69742C20617344
:101CE00020697420697320616C7265616479206F6A
:101CF0006E0025733A204F534333324B4354524CBA
:101D00002072656164792074696D6564206F7574F3
:101D10000025733A20736B697070696E6720676382
:101D20006C6B67656E2D25645F696E69742C20612C
:101D30007320697420697320616C72656164792015
:101D40006F6E0025733A20736B697070696E67203F
:101D500067636C6B67656E5F696E69742C20617375
:101D600020736F75726365206F662067636C6B2DDF
:101D700025642C206973206F66662E20284D6178BB
:101D8000696D756D20696E69742072657472792051
:101D90003D202564290025733A2047434C4B5F536F
:101DA000594E43425553592074696D656F757420BF
:101DB0006F6E2077726974696E672047434C4B5F82
:101DC0004354524C4100636C6F636B403434303188
:101DD0003230303000636C6F636B5F6D6368705FCF
:101DE0007069633332636B5F73675F676300687743
:101DF000696E666F5F6D6368705F6731005344485A
:101E0000432072657365742074696D6564206F7515
:101E10007400496E76616C696420627566666572ED
:101E200020706F696E746572206F72207472616EBB
:101E3000736665722073697A650041444D413220B2
:101E40006973206E6F7420737570706F727465643F
:101E50002062792074686973205344484320636F7B
:101E60006E74726F6C6C6572005472616E7366652D
:101E7000722073697A6520256420657863656564DE
:101E80007320636861696E65642041444D4132206E
:101E90006361706163697479202575005472616EA5
:101EA0007366657220636F6D706C6574696F6E2008
:101EB000666C61677320646964206E6F7420636C64
:101EC00065617200534448432062757320646964FD
:101ED000206E6F74206265636F6D652069646C6548
:101EE000206265666F726520636C6F636B20636848
:101EF000616E676500496E7465726E616C20636C1B
:101F00006F636B2073746162696C697A6174696F65
:101F10006E2074696D6564206F757420696E20731E
:101F200065745F636C6F636B005344484320736F49
:101F30006674776172652072657365742074696D6B
:101F40006564206F7574005265717565737465649E
:101F500020636C6F636B202575206F7574206F662E
:101F60002072616E6765202825752E2E2575290043
:101F70004661696C656420746F20736574206275B6
:101F80007320776964746820746F2025750046613A
:101F9000696C656420746F207365742074696D6961
:101FA0006E67206D6F646520746F20257500496E23
:101FB0007465726E616C20636C6F636B2073746107
:101FC00062696C697A6174696F6E2074696D6564A9
:101FD000206F757400436C6F636B20646576696372
:101FE00065206E6F74207265616479004661696C6A
:101FF000656420746F20656E61626C65204D434C92
:102000004B3A202564004661696C656420746F203A
:10201000656E61626C652047434C4B3A2025640035
:102020004661696C656420746F20656E61626C65E1
:1020300020736C6F772047434C4B3A202564007027
:10204000696E6374726C206170706C79206661696E
:102050006C65643A202564004661696C656420748F
:102060006F207265616420676C636B2072617465B8
:102070002F66726571202575004661696C65642064
:10208000746F207265616420616E6420696E69748A
:1020900069616C697A65205344484320686F7374A2
:1020A0002070726F706572746965733A20256400E0
:1020B00073646863403435303236303030007364D6
:1020C00068635F6D6368705F67310054696D656F49
:1020D00075742077616974696E6720666F72205528
:1020E0004152542053594E434255535920636C6515
:1020F000617200736572636F6D4034353030323019
:10210000303000756172745F6D6368705F73657203
:10211000636F6D5F67310048616C74696E6720732F
:10212000797374656D00556E6B6E6F776E20657296
:10213000726F7200756E6B6E6F776E003E3E3E2062
:102140005A455048595220464154414C204552521C
:102150004F522025643A202573206F6E204350553E
:10216000202564004661756C7420647572696E6721
:1021700020696E746572727570742068616E646C2B
:10218000696E670A0043757272656E7420746872B6
:102190006561643A20257020282573290043505535
:1021A00020657863657074696F6E00556E68616E46
:1021B000646C656420696E74657272757074005326
:1021C0007461636B206F766572666C6F77004B6528
:1021D000726E656C206F6F7073004B65726E656C0C
:1021E0002070616E6963006F73002A2A2A20426F93
:1021F0006F74696E67205A6570687972204F53203A
:102200006275696C6420306130323537303936326E
:102210006161202A2A2A0A00737973776F726B71C1
:1022200000286E756C6C29002A666C6F61742A0038
:10223000485320436F6E66696775726174696F6E8B
:1022400000465320436F6E66696775726174696FEB
:102250006E0055534244204D53432073616D706CA2
:1022600065005A65706879722050726F6A65637490
:1022700000206D657373616765732064726F7070A1
:102280006564202D2D2D0D0A1B5B306D001B5B310D
:102290003B33316D2D2D2D20003031323334353626
:1022A00037383941424344454600000000000000F1
:1022B000000000AAAAAAAAAAAAAAAAEEEEEEEEEE28
:1022C000EEEEEEFEFFFFFFFFFFFFFFFFFFFFFF7FD2
:1022D000BFDFEFF7FBFDFC7EBFDFEFF7FBFD7E3FCF
:1022E0003F3F3F3F3F3F3F1F3F3F3F3F3F3F3F3F1E
:1022F0000300003F3F3F3F2F3F3F00000500000B22
:10230000380040636C6F636B5F6D6368705F696E0C
:10231000697400636C6F636B5F6F6E00636C6F63F7
:102320006B5F6D6368705F6F6E00636C6F636B5F94
:102330006D6368705F6F666600636C6F636B5F6789
:1023400065745F726174655F67636C6B67656E006F
:10235000636C6F636B5F6D6368705F6765745F72FA
:1023600061746500636C6F636B5F636F6E66696752
:102370007572655F67636C6B67656E00636C6F6336
:102380006B5F636F6E6669677572655F706C6C001A
:10239000636C6F636B5F636F6E6669677572655FB1
:1023A00064666C6C00636C6F636B5F636865636B22
:1023B0005F73756273797300636C6F636B5F6D63DA
:1023C00068705F636F6E66696775726500636C6FD6
:1023D000636B5F67636C6B67656E5F696E697400E2
:1023E000636C6F636B5F786F736333326B5F696EBF
:1023F000697400636C6F636B5F706C6C5F6F757496
:102400005F696E697400636C6F636B5F706C6C5FA7
:10241000696E697400636C6F636B5F64666C6C34C7
:10242000386D5F696E697400636C6F636B5F786FA2
:1024300073635F696E697400636C6F636B5F6F6E6B
:102440005F706C6C000001030801010102090303C5
:10245000010201010101010101010101010101016B
:102460000101010101010101010101010101041A40
:102470001B0902021A001A1AC0C2C0C0C0C0C0C0E4
:08248000C00506070001000081
:1024880000000000214F000C0000000000010000C7
:102498000000000000000000000000000000000034
:1024A8000000000000000000000000000000000024
:1024B80000000000880300205800002000000000F1
:1024C80000000000000000009103002070000020C0
:1024D80000000000000000000000000000000000F4
:1024E80000040100000000003022010C220300005B
:1024F80000000000000000000004010000000000CF
:102508004122010C2203000000000000000000002E
:1025180000030300000000000000000000030000AA
:1025280000000000000000000002010000000000A0
:102538005222010C200300000000000000000000EF
:1025480000010100000000006222010C1E030000CF
:102558000000000000000000000000000000000073
:10256800B4FD000C04030000B7B6000CCFBB000C90
:1025780088FB000C00000000F8000020F800002094
:1025880000000000BBBF000C0000000000000000BD
:10259800F813010C000000002C020020FCFB000CCA
:1025A8002401002000000000BE0300201C020020BF
:1025B8000C020020D0120020D010002000000000E3
:1025C8000000000000000000000000000000000003
:1025D80000000000000000000000000000000000F3
:1025E80000000000000000000000000000000000E3
:1025F80000000000000000000000000000000000D3
:1026080000000000000000000000000000000000C2
:1026180000000000000000000000000000000000B2
:1026280000000000000000000000000000000000A2
:102638000000000000000000000000000000000092
:102648000000000000000000000000000000000082
:102658000000000000000000000000000000000072
:102668000000000000000000000000000000000062
:102678000000000000000000000000000000000052
:10268800000000000000000000000000BE03002061
:10269800D5030020DC030020E3030020BE03002054
:1026A800C7030020CE030020E303002079CA000CF2
:1026B800000000006551000CF950000CD550000CCA
:1026C800000000000000000000000000BD51000CE8
:1026D8009151000C3D50000C00000000E5C9000CB1
:1026E80000000000000000000000000000000000E2
:1026F80000000000000000000000000000000000D2
:1027080000000000000000000000000000000000C1
:1027180000000000000000000000000000000000B1
:1027280000000000000000000000000000000000A1
:102738000000000000000000000000000000000091
:102748000000000000000000000000000000000081
:102758000000000000000000000000000000000071
:1027680000000000E4020020E40200200000000055
:10277800000000000E000000000000000000000043
:1027880000000000D80B002000000000000000003E
:102798000000000000000000000000000000000031
:1027A8000000000000000000000000000000000021
:1027B8000000000000000000000000000000000011
:1027C8000000000000000000000000000000000001
:1027D80000000000000000000000000000000000F1
:1027E80000000000000000000000000000000000E1
:1027F8000000000000000000C0050020C800000024
:10280800800300208003002009020000000100C0AE
:102818007D09020000000100C07D12010002EF02E4
:102828000140E32F08000404000000001201000228
:10283800EF020140E32F080004040000000009042F
:102848000000020806500007058102400000070545
:10285800010240000007058102000200070501028D
:072868000002000000FEFF6A
:0D286F00000000000000000000000000005C
:10287C00000000000000000000000000000000004C
:10288C00000000000000000000000000000000003C
:10289C00000000000000000000000000000000002C
:0828AC00000000000000000024
:0428B4000000000020
:1028B8003004002030040020303D002000000000DB
:0C28C800080000001000000000000000EC
:1028D40000000000403E0020000400000000000052
:0428E40000000000F0
:1028E80060040020600400200C00000003000000C9
:1028F800B03D0020D43D0020B03D0020B03D002078
:102908000000000000000000880400208804002067
:102918000C0000000A000000B83C0020303D0020F8
:10292800B83C0020B83C0020000000000000000077
:10293800B0040020B00400200000000001000000E6
:102948000000000000000000C8040020C8040020A7
:10295800030003000A0000000000000004FC000C53
:10296800D43D00200000000000000000EC0400201E
:10297800EC040020100010000A000000EDD1000C4B
:0829880050FC000C404200204D
:1029900048FF000C000000000000000000000000E4
:1029A000000000000000000054F4000C00000000D3
:1029B0000000000000000000000000000000000017
:1029C0000000000000000000000000000000000007
:1029D00000000000000000000000000000000000F7
:1029E00000000000000000000000000000000000E7
:1029F00000000000000000000000000000000000D7
:0C2A0000AC0300209A030020000000003E
:102A0C000000000010010020000000000000000089
:082A1C000000000000000000B2
:102A24000000000010010020000000000000000071
:082A340000000000000000009A
:102A3C00F2FF000CF5FF000CF2FF000CFCFF000C89
:042A4C0015E015E09C
:040000050C001FC507
:00000001FF
