:020000040800F2
:10000000286D00202523000CDDBA000C1123000C04
:100010001123000C1123000C1123000C1123000CE0
:100020000000000000000000000000005923000C48
:100030001123000C000000000925000C018D000CAC
:100040007525000C7525000C7525000C7525000C18
:100050007525000C7525000C7525000C7525000C08
:100060007525000C7525000C7525000C7525000CF8
:100070007525000C7525000C7525000C7525000CE8
:100080007525000C7525000C7525000C7525000CD8
:100090007525000C7525000C7525000C7525000CC8
:1000A0007525000C7525000C7525000C7525000CB8
:1000B0007525000C7525000C7525000C7525000CA8
:1000C0007525000C7525000C7525000C7525000C98
:1000D0007525000C7525000C7525000C7525000C88
:1000E0007525000C7525000C7525000C7525000C78
:1000F0007525000C7525000C7525000C7525000C68
:100100007525000C7525000C7525000C7525000C57
:100110007525000C7525000C7525000C7525000C47
:100120007525000C7525000C7525000C7525000C37
:100130007525000C7525000C7525000C7525000C27
:100140007525000C7525000C7525000C7525000C17
:100150007525000C7525000C7525000C7525000C07
:100160007525000C7525000C7525000C7525000CF7
:100170007525000C7525000C7525000C7525000CE7
:100180007525000C7525000C7525000C7525000CD7
:100190007525000C7525000C7525000C7525000CC7
:1001A0007525000C7525000C7525000C7525000CB7
:1001B0007525000C7525000C7525000C7525000CA7
:1001C0007525000C7525000C7525000C7525000C97
:1001D0007525000C7525000C7525000C7525000C87
:1001E0007525000C7525000C7525000C7525000C77
:1001F0007525000C7525000C7525000C7525000C67
:100200007525000C7525000C7525000C7525000C56
:100210007525000C7525000C7525000C7525000C46
:100220007525000C7525000C7525000C7525000C36
:100230007525000C7525000C7525000C7525000C26
:100240007525000C7525000C7525000C7525000C16
:100250007525000C7525000C7525000C7525000C06
:100260007525000C7525000C7525000C7525000CF6
:100270007525000C7525000C7525000C7525000CE6
:100280007525000C7525000C7525000C7525000CD6
:100290007525000C7525000C7525000C7525000CC6
:1002A0007525000C7525000C7525000C7525000CB6
:0802B0007525000C7525000CFA
:020000040C00EE
:1000000053B94AB9002908BF00281CBF4FF0FF317F
:100010004FF0FF3000F00CB8ADF1080C6DE904CEE4
:1000200000F01AF8DDF804E0DDE9022304B07047BF
:10003000704700BF10F8012B11F8013B012A28BFBF
:100040009A42F7D0D01A7047034613F8012B002AC2
:10005000FBD1181A013870472DE9F0478C468E46BF
:10006000089E154604461946002B40F0D080724584
:1000700047D9B2FA82F74FB1C7F120030EFA07FC55
:10008000BD40BC4020FA03F343EA0C0C4FEA154E86
:10009000A8B2230CBCFBFEF80EFB18CC08FB00F941
:1000A00043EA0C43994528D9EB1808F1FF3204D2F2
:1000B000994502D9A8F102022B44A3EB0903A4B28B
:1000C000B3FBFEFC0EFB1C330CFB00F044EA0344C4
:1000D000A04214D92C190CF1FF3304D2A04202D94A
:1000E000ACF102032C44241A43EA02401EB1FC4046
:1000F000002334607360BDE8F0874246DDE7634665
:10010000F1E7002A79D0B2FA82F3002B3FD01946EA
:10011000C1F1200302FA01F500FA01F42EFA03F20C
:100120000EFA01FE20FA03F3AFB243EA0E034FEAE0
:10013000154EB2FBFEFC0EFB1C201A0C0CFB07F844
:1001400042EA004290455AD9AA180CF1FF3004D275
:10015000904502D9ACF102002A44A2EB08029BB2FE
:10016000B2FBFEFC0EFB1C220CFB07F743EA02432A
:100170009F4246D9EB180CF1FF3204D29F4202D9BC
:10018000ACF102022B44DB1B42EA004202E0AEEB80
:10019000020301224FEA154EAFB2200CB3FBFEFC66
:1001A0000EFB1C330CFB07F840EA034398452AD9A1
:1001B000EB180CF1FF3004D2984502D9ACF10200E3
:1001C0002B44A3EB0803A4B2B3FBFEFC0EFB1C33D1
:1001D0000CFB07F744EA0344A74216D92C190CF18B
:1001E000FF3304D2A74202D9ACF102032C44E41B32
:1001F00043EA00400F46114678E71F2188E7604632
:10020000ABE76246BFE76046DBE76346EFE773456F
:1002100006D916B9002108466DE7C6E9000EF9E7D0
:10022000B3FA83F787B9734501D3824207D8841A9A
:100230006EEB030301209C461EB900215BE73846A4
:10024000FAE7C6E9004CF8E7C7F1200CBB4000FA1A
:1002500007F422FA0CF520FA0CF1BA401D432EFAED
:100260000CF30EFA07FE4FEA154941EA0E011FFA98
:1002700085FEB3FBF9F809FB18300B0C08FB0EFAEE
:1002800043EA00439A4540D9EB1808F1FF3004D205
:100290009A4502D9A8F102002B44A3EB0A0389B2C4
:1002A000B3FBF9F809FB183308FB0EFE41EA0341E2
:1002B0008E452CD9691808F1FF3304D28E4502D936
:1002C000A8F10203294443EA0040A1EB0E01A0FB80
:1002D00002984145CE46434602D306D14C4504D24E
:1002E0000138B9EB020E68EB0503002EA5D0B4EB84
:1002F0000E0261EB030101FA0CFC22FA07F3F9404C
:100300004CEA0303C6E9003197E74046C5E7434698
:10031000D9E7000037B50546364937480BF08BFE64
:10032000034638B1354A012135480BF0B2FA0020B6
:1003300003B030BD334930480BF07DFE034608B1B1
:10034000314AF0E731492C480BF075FE034608B1FD
:100350002F4AE8E72F4928480BF06DFE034608B105
:100360002D4AE0E724480BF0A4FD012804461BD1E8
:1003700001462A4A204804F01FFD28B1284A0121DD
:100380001F480BF07DFAD2E7264B224621461A4839
:1003900004F08EFE034608B1234AF0E702460090BF
:1003A000214615480BF08CFD0021204A124804F02C
:1003B00003FD014608B11E4AE1E71A4B01220E482F
:1003C00004F076FE03460028E6D10146024600907E
:1003D00009480BF075FD012107480BF095FD0DB99B
:1003E0000548A5E7294604480CF0C1F80028F7D0D5
:1003F000104AC4E720010020A805002048F9000C9D
:1004000038F6000C0801002076F9000CF0000020FE
:10041000A8F9000CD8000020D5F9000C80000020BD
:10042000FDF9000C50F6000C24FA000C940000209A
:1004300043FA000C6AFA000C08B5FFF76BFF40B1F5
:10044000064803F0F5F930B10121054A05480BF0E3
:1004500017FA002008BD0148FCE700BFA8050020EE
:100460008EFA000C38F6000CF0B583B00B786E46AF
:100470000B2B98BF534A02AF88B098BF52F8233075
:1004800005460C4688BF504B02AA5049C2E90513E5
:100490004FF4007393834E4B42F8103F00234FF408
:1004A000E6514C4801F08CF82378B546052B05D170
:1004B00063680321484A47480BF0EBF928460BF0E4
:1004C00038FDB0B1237843B9284603F0F1F920B1E3
:1004D0000121424A3F480AF0DAFB2678012E08D172
:1004E000284603F047FA20B13D4A314639480AF020
:1004F000CEFB23780A2B15D103213A4A35480AF05E
:10050000C6FB284603F036FA284603F06BFA364954
:1005100036480BF090FD034638B10121344A2D488E
:100520000BF0B7F90437BD46F0BD30480BF0C1FC05
:10053000012804461BD101462E4A2C4804F03CFCFD
:1005400028B12D4A012123480AF0A1FBEAE72346FE
:1005500022462A49254804F04FFD034608B1284A9F
:10056000F0E702460090214620480BF0A9FC254AFE
:1005700000211E4804F020FC024608B1224AE1E7AF
:1005800001231E49194804F037FD03460028E6D12F
:1005900002460146009015480BF092FC134803F008
:1005A00047F908B1194ACDE7194910480BF0DFFFA8
:1005B00008B1184AC6E70D4803F07AF90028B1D00F
:1005C000154ABFE758F6000CD9FA000CDBFA000C0C
:1005D0000300000178F5000CECFA000C04FB000CA1
:1005E00024FB000C45FB000CBC0100202C05002066
:1005F00048F9000C64010020FDF9000CBEFA000C63
:1006000024FA000C7801002043FA000C57FB000C80
:100610006904000C6AFA000C7FFB000CF8B500F1CD
:10062000080204460221006800AF01F089FA05467D
:10063000C0B9D4E9023120686C468AB06A46CDE977
:1006400007134FF40073094EADF82430084BCDE981
:10065000056042F8103F4FF433512B46054800F037
:10066000AFFFA5462846BD46F8BD00BFA3FB000C62
:100670000500000178F5000C2DE9F843044690468A
:100680001E460D4600AF01BB0AF003FB50B101212D
:100690001C4A1D480AF0FBFA6FF015063046BD46AD
:1006A000BDE8F88365602561B8F1000F28D03146B8
:1006B00001232A4620680BF0F2F9064650B10121C9
:1006C000124A11480AF0E3FAE8E7436801338B4223
:1006D000EAD0E1E72369E9464344656023618AB0D3
:1006E0000B4ACDE90783CDE9052505236A4642F883
:1006F000103F4FF423510346034800F061FFCD46FD
:100700000026CBE7CAFB000C78F5000CE6FB000CDA
:1007100001FC000C2DE9F04104460D461E469046B2
:1007200000AF22B900263046BD46BDE8F081E9B9E8
:100730000AF0AFFA38B101211D4A1E480AF0A7FAA3
:100740006FF01506EFE765602561E368AB42E9D914
:10075000314601232A4620680BF08AF9064650B13B
:100760000121154A13480AF092FADCE74368013385
:100770008B42EAD0E4E7A26823696560904594BFA4
:1007800043449B1823616C468AB046466A46CDE9CD
:10079000078305230949CDE9051542F8103F4FF4B9
:1007A00023510346034800F00BFFA546BBE700BFFB
:1007B000CAFB000C78F5000C20FC000C3CFC000C83
:1007C00010B51148FFF738FE044640B901210F4A21
:1007D0000F480AF05CFA6FF01204204610BD0BF0CF
:1007E000A8FB50B9204603F063F8044628B1012164
:1007F000084A07480AF04BFAEFE70321064A044883
:100800000AF045FA0024E8E76904000C59FC000CE2
:1008100078F5000C04FB000C79FC000C2DE9F84382
:10082000884600AF00297DD00568012228460AF0DD
:100830008DFA0146044628460AF042FA10EA0206FA
:1008400016D1E94688B06A46384BCDE9053803230E
:1008500042F8103F4FF4C2513346354800F0B0FE25
:10086000CD4686F31188BFF36F8F0423184602DF4D
:10087000214628460AF03AFA261831460022284630
:100880000AF01EFA361AB44218D06E4688B069468D
:10089000284BCDE90538032341F8103F244813467F
:1008A0000A464FF4C25100F08BFE0023B54683F395
:1008B0001188BFF36F8F0423184602DF0022214600
:1008C00028460AF019FA21460AF010FA26180122E1
:1008D000314628460AF0F4F9C20708D431462846C2
:1008E0000AF076FA3246214628460AF0E8FA002253
:1008F000214628460AF0E4F9261A01223146284604
:100900000AF0DEF9C30709D4314628460AF060FA36
:100910002246314628460AF0D2FA34462146284675
:100920000AF0EBFABD46BDE8F88300BFD3FD000C2A
:10093000A0F5000CAAFD000C2DE9F04F91B000933A
:1009400002F004030293C2F3C20301338407054695
:100950000E46DDF868A00392059340F09C81041DCB
:10096000002849D101F00706341DC6F10806009B96
:1009700000274FF004085A1E4FF0FF33B946019389
:10098000BB46434604970DB10099216005980028A5
:1009900000F3D6808F480099814203D38E4881426C
:1009A000C0F0CE800399601B11F0020C40F0D6809D
:1009B000B9F10F0F00F2CF80002D00F0D68009F1C1
:1009C00040010DEB010E0199C0F387000EF8200CD9
:1009D0000EF8101CBCF1000F00F0C38060F07F0027
:1009E0000EF8200C013709F10109C5F108014FF695
:1009F000DA7E043406918CE00729B8D86FF01B002A
:100A000011B0BDE8F08F7A285BD84B280FD8472863
:100A100057D829282ED8252850D052D8202818BF9A
:100A200023280CBF4FF0010B4FF0000B71E04C3846
:100A30002E2846D8DFE800F06D454545454545453B
:100A4000454545454845454545454545455645483F
:100A5000485656566D486A456D4518481845457FB5
:100A60007C48454548457C0000204FF0000B4FF086
:100A7000040835E001212A38C0B201FA00F010EA7A
:100A80000E0F46D110F0625C2CD110EA010B40D061
:100A90006046013C4444B4FBF8F408FB04F425B17F
:100AA000A3EB050CA444B445A8D8002870D0059940
:100AB000013905915AF8041B009164E70199013945
:100AC00001914FF0000B24E012F8010C6C2834D196
:100AD000002012F8023C83466C2BC8D14FF0080866
:100AE0004346D6E70AF1070A2AF0070A073424F03A
:100AF0000704FAE802BC35B106982044B0423FF63C
:100B00007DAFC4E900BC4FF0000B08344FF008087B
:100B1000434612F8010F002853D0BBF1000F7FF4B9
:100B200072AF2528F5D14FF0010B019B01330193E2
:100B30004FF00408ECE7584697E700208346A8E703
:100B4000039988077FF551AF4FF0010C601BB0F59A
:100B5000007FFFF42DAF6FF0150051E74FF0000C50
:100B6000F5E70498013004903DE7BCF1000F01D097
:100B7000013638E70298023600287FF434AF009837
:100B8000CDE90632FFF760FADDE9063206442AE7CE
:100B9000042B08D10AF1040015B1DAF80010216025
:100BA00082460434B5E70AF1070323F0070303F193
:100BB000080A1DB1D3E90001C4E900010823083483
:100BC000A7E7631BB3F5806FC5D23DB9A6F1080452
:100BD000E01815E7B0EE000CE821010C029A9B0822
:100BE00028602B709DF81030AAB1EB70AF702FB158
:100BF000002208A8C5F1010C91450ED14FF0000A62
:100C0000C5F101030DF1200801930DF1300BD14521
:100C100012D1601BF4E66B70E8E710F8013B19068F
:100C200008D50CEB040EB64503F07F033FF6E6AEA5
:100C300004F8013B0132DFE71FB198F90020002AD8
:100C400017DB029BD3B11AF80B2004F8012B00220A
:100C5000019B18191044B0423FF6D0AE98F800003E
:100C6000009904F8010B204603920EF08CF8039AC9
:100C700014440AF1010A08F10108C8E798F80020B5
:100C800055F822300093029B009845F82230FFF778
:100C9000DBF9421CDCE76FF00D00B1E62DE9F04F07
:100CA00097B000AF05468A46C7E90A3249B90378CA
:100CB0004678807800EB83002844564524D8A0EB82
:100CC000050AD7F8803095F8028003F00103D7F8C1
:100CD0008040FB61EB78B8F1000F0CBF002404F0FA
:100CE00001047B621BB1D7F880309A0715D4A4B9F0
:100CF000FB6A1BB151462846BA6A984756463046A9
:100D00005C37BD46BDE8F08F441C2046FFF79CF9D8
:100D1000013020440AF1010ACFE7D7F88030C3F34D
:100D2000C0033B622B78BB619B003B616B687B61BE
:100D3000BB6905EB830BFB6A002B77D15646D84481
:100D4000BCB11C461BF8013B55F82300FFF77CF9AA
:100D5000D7F88430013043B1D7F88830A34282BF3E
:100D6000D7F8843023F814000134C3450644E9D190
:100D7000D846D7F880304FF0000913F0050F0CBFAC
:100D80004FF0020B4FF0010B7B6A9945B7D298F8F0
:100D9000013008F1020855F823A0AE4B9A45C0F087
:100DA0004C81AD4B3A6A9A452CBF002301230AB30C
:100DB00018F8021C7869FB620AF023FAFB6AC8B1D2
:100DC000EA468AB06A46A54B05937B69CDE90631B0
:100DD0004FF40073ADF82030A14B42F8103F0023D0
:100DE0004FF412519F4800F0EBFBD546023E09F14B
:100DF0000109C9E723B1FB6933B9A6EB0B06F6E796
:100E0000D7F880309B07F2D55046FFF71DF9D7F889
:100E100084304BB1D7F888309C423FBFD7F884204C
:100E2000431C22F8143001340644E0E7002C6AD158
:100E3000B8F1000F6DD0D7F8803058076CD5C14697
:100E400007F14800424659460DF09DFF00220BEB8A
:100E50000803FB600233796A8A425FD3D7F88020A7
:100E600095F801B0F969920704EB0B0348BF002223
:100E7000DBB258BF4FEA5902002940F0A680D7F8EC
:100E8000801011F0040F14BF494600216B70A97047
:100E9000EA702846BA6A3969FB6A9847061EFFF667
:100EA0002EAFBB6949462B707B6ABA6AEB7085F836
:100EB00001B0FB6A85F8028007F148009847B0F15D
:100EC0000009C0F2B6803B697A6A786A03EB420196
:100ED000FB68414403EB4000BA6AFB6AAAEB0101DC
:100EE00098470028C0F2A7804FF0000BB14409EBEF
:100EF000000607F1380AA34569D30021BA6A0846FB
:100F0000FB6A9847FBE644464FF0000907F13800BA
:100F100098E74446C14699E7A14697E713F8016C64
:100F2000DFF830C155F8260013F8021C6045C0F008
:100F30008A80DFF824C16045386A2CBF4FF0000B6F
:100F40004FF0010B38B17869C7E901320AF059F95D
:100F5000D7E90132F0B9BBF1000F1ED0F96949B1F0
:100F6000611C04F1280007F13004041904F8206C16
:100F7000CCB20FE0D7F8801049070BD509F1280053
:100F800007F1300C09F1010100EB0C0909F8106CB4
:100F90005FFA81F9013202335DE7D7F880008007FC
:100FA000DED409F1280C07F1300EF44409F10100F8
:100FB0000CF8101C07F1580109F1020951FA80F0F0
:100FC0005FFA89F900F8106CE4E700215EE71BF88E
:100FD0000A3055F8239087F83730D7F884302BB390
:100FE000D7F888309B4521D2D7F8843033F81B805E
:100FF0000121BA6AFB6A07F13700984700281ADB1B
:101000000644B8F1000F06D14846FFF71DF800F17D
:1010100001081FFA88F841464846BA6AFB6A9847B1
:10102000002808DB06440BF1010B64E74FF00008D1
:10103000DEE74E4663E6064661E63B6A002B3FF478
:10104000DFAE0023B4E6386A0028A6D04FF0000BCC
:1010500079E700BFB0EE000CE821010C00FE000CA7
:101060000400000138F5000C014B1860704700BF08
:10107000D401002080B505460E461746984609F073
:1010800071F8034601F088FA0446DFF818904246EA
:1010900049F8003039463046A84754F8090001F0B5
:1010A0001DFA00BF080000002DE9F047044607467E
:1010B0004FF00109DFF84C8094FAA4F5B5FA85F5F4
:1010C00009FA05F32E0108EB05156FEA030A24EA75
:1010D00003042B7B63B158F806301B696BB9464497
:1010E000736804222846196807EA0A070AF058FBC1
:1010F000002CE1D13846BDE8F08728469847002803
:10110000F6D1ECE740F6000C10B5002288B00E498D
:101110000E480DF0B3FD002200230024CDE9062384
:101120000E234FF44072CDE90334CDE90144084B5E
:1011300008490094084808F013FD084906480DF0D6
:1011400096FB204608B010BD6111000C700B00200A
:101150006914000CE8540020E0060020BFFE000CDB
:10116000014808F071BA00BFF80400202DE9F047EB
:10117000804620480F460AF0EFFA0646002832D093
:1011800000252846BDE8F087237B83B12368DB6810
:101190000BB120469847636883F8069023681B6963
:1011A000CBB963680422204619680AF0F9FA0136BF
:1011B00010345445E8D3B8F1000FE2D0002DDFD051
:1011C0002846FFF771FF0546002FF7D00021642065
:1011D0000DF032FCF2E7204698470028E1D009FAEA
:1011E00006F31D43E3E705464FF00109024CDFF823
:1011F0000CA0DEE7C810002040F6000C50F6000CF2
:10120000014B53F8200070479CF6000C08B50346CC
:1012100008462BB1044A136000F032FC002008BDE0
:101220006FF01500FBE700BFD801002010B5044C9B
:10123000237813B9034808F007FA0123237010BD7F
:10124000DC140020F804002010B5044609480AF018
:1012500083FA3CB1084BD3E8EF1F0139C3E8E21F22
:10126000002AF8D1054809F005FABDE81040044805
:1012700008F0EAB9C0100020C4100020700B002054
:10128000F80400200022044BD3E8EF0FC3E8E12F5D
:101290000029F9D1704700BFC010002070B5FFF7DA
:1012A000F1FF0546074C084EB44200D370BD636899
:1012B0005B792BB123685B6813B1294620469847B8
:1012C0001034F1E740F6000C50F6000C10B5044C59
:1012D000044920460AF0C2F8034B1C6010BD00BF51
:1012E0006404002088F6000CB810002000230D4A8A
:1012F00010B513700C4A4FF47A7113600B4A0C4806
:101300001360FFF783FFFFF7E1FF0A4B0A49184616
:101310008B4200D310BD1A1A5C681211013222717F
:101320001033F5E7DD140020C0100020C4100020A9
:101330006BB7000C40F6000C50F6000C0146002282
:10134000002301480AF0ABB86404002001480AF009
:1013500042B900BF64040020024B014618680AF03D
:1013600095B900BFB810002001480AF0CAB900BF03
:101370006404002070B5254B1B78002B43D0FFF789
:10138000E5FF044600283BD1214B224D1B68002B72
:1013900012DD0DF02BFC0A220023FEF731FED5E909
:1013A0000032C01A40F2E93361EB0201984271F158
:1013B000000101D3FFF772FFD5E9003213F57A730C
:1013C00042F10002C5E90032ECB1BDE87040FFF720
:1013D000CBBF6B685B7923B12B68214628461B681D
:1013E00098471035B542F4D32046FFF7B5FF0A4BB6
:1013F000D3E8EF1F0139C3E8E21F002AC4D0F7E7A2
:10140000064D074EEEE7002070BD00BFDC14002043
:10141000C0100020680B0020C410002040F6000C13
:1014200050F6000C70B50D4D297861B90120FFF719
:101430009DFE0B4C0B4EB44206D3FFF79BFF0028DA
:10144000FBD101232B7070BD63685B791BB12368EE
:1014500020469B6898471034EDE700BFDD1400205C
:1014600040F6000C50F6000C00212DE9F843084628
:10147000FFF77CFE044648B34FF4FA784FF00009BA
:1014800001F08AF81A4B1B4A1B58136033B11A4BF0
:101490001B68092B02DD194808F0D6F80025184F03
:1014A00044B12046FFF700FE044618B94FF0FF385C
:1014B0004FF0FF39FFF75EFF064628B9B5B90F4870
:1014C00042464B4608F0F4F83546E9E74FF0FF385E
:1014D0004FF0FF39D4E72B689B691BB100222846E7
:1014E000114698471035BD42F5D3E8E7054DFAE7B8
:1014F00008000000BC100020C4100020F8040020E8
:1015000050F6000C40F6000C13B518480AF024F908
:10151000174B1B7873B1EFF31184202383F31288E8
:10152000BFF36F8FFFF726FF84F31188BFF36F8F30
:1015300002B010BD0F4B1B68002BF9D050B9002230
:1015400000230D48CDE9002342F21072002309F078
:1015500059F8EDE70928EBD1074809F08BF807485F
:1015600002B0BDE8104008F06FB800BFC410002002
:10157000DD140020BC100020700B0020F8040020B7
:1015800010B5064B04461B6898472146A0600448E6
:101590000AF002F8BDE81040FFF7B6BFD8010020FE
:1015A00064040020044A054B9B1AB1EBD30F34BFEF
:1015B00052F831000020704738F5000C40F6000C5E
:1015C0002DE9F04F8FB0C1F34A2604AF0D46904687
:1015D000B8607B600C0D002E61D04FF000090A232B
:1015E0004FF0040B07F1140AFE60C7E90799C7F82A
:1015F00024900093CDF808B0CDF804A007F11C03A7
:101600004A464046F968FFF749FBB0F5006F0346CC
:101610001CD36C468AB0D8F8041004AB24481A4690
:10162000C3E9050140F2FF71D9614FF400711984DB
:10163000204B42F8103F4FF412514B461E48FFF723
:10164000BFFFA5462C37BD46BDE8F08FC0F30A06A4
:1016500004F11700184420F0070080083B60FFF7F2
:101660006DFE66F35325044680B13B6800F110011E
:10167000C7E908390A23F961CDE901AB0093404677
:101680000E4AF96807F11C03FFF708FB66F35325C0
:101690002A4620467B68B9680AF0A2F8D2E704F12E
:1016A000170020F007008008FFF748FE0446EDE72A
:1016B000D4FE000C0400000160F5000CB3B7000C70
:1016C0002DE9F04F87B00546DDE9106BDDE9127AB0
:1016D000884614469946BFB110213B465A46002021
:1016E000CDF800A0CDF814A0FFF726F9B0F5006FF3
:1016F00001460BD340F2FF730221184A184807B085
:10170000BDE8F04F0AF0C5B83946384604F0070383
:1017100005F00704E40044EA831444EA402444EA60
:10172000065406F11700084420F0070080080391D2
:10173000FFF704FE054640B13FB13B465A460399C8
:10174000CDF800A01030FFF7F7F84B46224641468F
:10175000284607B0BDE8F04F0AF042B813FF000C6E
:1017600060F5000C406820B1034BC01A40F3CF0075
:1017700070474FF0FF30704738F5000C0EB403B5DA
:1017800003AB53F8042B01460448019301F038F9E8
:1017900002B05DF804EB03B0704700BFF5B8000C71
:1017A000CA0605D48B064CBF02490349FFF7E6BFC2
:1017B000704700BF4CFF000C4BFF000C2DE9F04FB1
:1017C00089B098469DF85090159B044606930D46A7
:1017D000DDE916A3189F05920493B9F1000F00F0FC
:1017E000B08007F48073079309F0D8FF07F0020B6D
:1017F0000246002874D020467749FFF7BFFF06460F
:10180000BBF1000F08D017F0440F6BD12A462046D9
:101810007249FFF7B3FF064407F0010353B1704B61
:10182000204653F829206F4B6F49002A08BF1A46FB
:10183000FFF7A4FF07F48073002B07F0080318BF1D
:101840004FF00008002B79D0684B204653F8292030
:101850006749FFF793FF0546059B2BB11A462046C3
:101860006449FFF78BFF0544B8F1000F05D04246ED
:1018700020466149FFF782FF054460483544069BD6
:101880001BB122465E4909F08BFC049B002B00F043
:101890008E80DDF810803946B8F1100F204628BF41
:1018A0004FF010080026FFF77BFFB54250DC002602
:1018B000334620461AF803205249FFF75FFF0136EE
:1018C000102E4BD0710703D120464F49FFF756FF2A
:1018D00046453346EDD320464C49FFF74FFFEEE730
:1018E00006468DE74A4B1868002894D0494B4FF4C0
:1018F0007A7B1B684FF03C0CB5FBF3F5B5FBF0F1C0
:101900004FF4616300FB11550BFB05F5B1FBF3F2DE
:10191000B5FBF0FE03FB121100FB1E55B1FBFCF3FF
:101920000BFB05F5B5FBF0F50CFB13112046009100
:10193000CDE901E53849FFF721FF6CE707F008051D
:101940008AE7B8F1010F4D460CBF2C48334896E7A3
:1019500020462D49FFF712FF0136A6E70026204654
:101960002F49FFF70BFF33461AF803202046A2F158
:1019700020035F2B28BF2E222A49FFF7FFFE0136E6
:10198000102E0DD0720703D120461F49FFF7F6FE37
:10199000B0453346E8D820461B49FFF7EFFEEEE797
:1019A000049BC244B3EB080304937FF472AFB9F114
:1019B000000F0AD0FB0704D520460A4A0A49FFF760
:1019C000DDFE39462046FFF7EBFE204609B0BDE8B4
:1019D000F04F09F082BF00BF53FF000C57FF000C0F
:1019E000ACF6000C4EFF000CE9FA000CC0F6000C3F
:1019F0007CFF000C82FF000C86FF000CF5B8000C89
:101A0000012A000C8BFF000C93FF000C91FF000CCF
:101A1000D0100020CC10002060FF000C23B9000C77
:101A200095FF000C97FF000C42F20F7373B58B42C9
:101A300028BF0B4605680446052168460D4A08F094
:101A4000B9FE0646636828460B225B680A4909F01E
:101A500036FF63683246694628465B6809F02FFF07
:101A600063681B2228465B68044909F028FF02B01E
:101A700070BD00BFAD0D010CE51F010CC91F010CAD
:101A800000210123064A904206D8064A01B90123E3
:101A90001360054B18607047012140085B00F2E7B6
:101AA00040420F00CC100020D0100020F8B50D46A9
:101AB0000446064F4618B44201D12846F8BD14F832
:101AC000011BBB6801485B689847F4E768EF000CAE
:101AD000014B03600020704708F7000C2DE9F84324
:101AE0000646FEF7B1FA0546EFF31188202383F38B
:101AF0001288BFF36F8F114B1C68D3F804909C427F
:101B000008BF002434B988F31188BFF36F8F2046D3
:101B1000BDE8F883A7683846FEF796FAA84206D1D2
:101B20002A46394630460DF043F90028EBD04C45A3
:101B300001D02468E6E70024E5E700BFE4010020C7
:101B40002DE9F0410E461546FFF7C8FF044628B3BD
:101B5000C3681BB35F690FB3062E07D0072E20D0D2
:101B60002A4631463B46BDE8F0411847838A3BB9D7
:101B70002A463146B84750B9A38A0133A38206E00A
:101B80004FF6FF72934204D00133A3820020BDE8D8
:101B9000F0810121114A124809F072FE6FF0150020
:101BA000F5E745B12A7832B10022828231462A46D1
:101BB0005B699847EAE7A38A012B08D12A460721E7
:101BC0002046B8470028E2D1A38A013BD6E70BB1F3
:101BD000013BDAE70221034ADDE700BFD4FF000C36
:101BE00048F5000CF6FF000C10B5044608B18068FB
:101BF00038B9104A1048012109F042FE6FF0150073
:101C000010BDFFF76BFF08B10C4AF3E7A082EFF3BA
:101C10001181202383F31288BFF36F8F084B5A681A
:101C2000C4E9003214605C6081F31188BFF36F8FE8
:101C3000E6E700BF1400010C48F5000C2D00010C74
:101C4000E401002008B50348034A0021121A09F0F4
:101C50003DFF08BDA0060020E4540020074808B559
:101C6000074A0849121A09F033FFBDE80840064840
:101C7000064A0749121A09F02BBF00BF00000020D6
:101C800084060020E821010C000000200000002054
:101C9000E821010C2DE9F04706460C4600AF00296B
:101CA00036D0D1E90012E9468AB06D46A3684FF0FC
:101CB000050AE8461F48CDE90723CDE9050148F8A4
:101CC00010AF002342464FF421511B48FFF778FC28
:101CD000D4E90312CD466369AD461848C5E9072328
:101CE000C5E90501C5F810A0002342464FF4215173
:101CF0001148FFF765FCCD46E3690121104A0E4803
:101D000009F0C7FDA36901210E4A0B4809F0C1FD86
:101D1000012E07D1EFF305830B4A31460648103BED
:101D200009F0B7FD2146304607F0DEF8BD46BDE8B4
:101D3000F08700BF5100010C98F5000C8000010CE9
:101D4000AF00010CBE00010CEC00010C30BFFFF72E
:101D5000FDBF00BF2DE9F04105460B4EDFF82C809A
:101D6000324606EB0807CC1B204609490DF00BF85C
:101D7000A01942460021083C0DF012F8AC6707F1AB
:101D80000800BDE8F08100BF00000000080000006E
:101D900050F6000C10B5244C2449254809F0A5FE46
:101DA000A36A99013ED52248224909F09EFE1E20D1
:101DB000A36ADA0104D51E481F4909F096FE1F20C8
:101DC000194CA36ADB0204D519481C4909F08DFEA1
:101DD0002020A36A1C0304D51548194909F085FE83
:101DE0002120114CA36A590304D51148154909F063
:101DF0007CFE2220A36A9A0304D50D48124909F0FB
:101E000074FE2320084CA36ADB0304D508480F495D
:101E100009F06BFE2420A36A6FEA03436FEA1343C1
:101E2000A36210BD1D20C3E700ED00E0FF00010C20
:101E300098F5000C1701010C2A01010C4401010C5A
:101E40006E01010C8C01010CB101010CCB01010CE4
:101E500070B506460D46294C29492A4809F045FE29
:101E6000A36ADB0647D52748274909F03EFE112023
:101E7000A36A1C0704D52348244909F036FE122022
:101E80001E4CA36A990712D521491E4809F02DFE60
:101E9000636BA26A120609D501211E4A194809F08E
:101EA000F8FC1EB1A36A23F08003A3621320134C35
:101EB000A36ADE0704D51348174909F016FE14205B
:101EC000A36A9C0604D50F48144909F00EFE15209C
:101ED0000A4B9A6AD10658BF9A6A9A6A920642BF1A
:101EE0005A6A22F400525A629A6A42F0FF029A62D7
:101EF00000232B7070BD1020BAE700BF00ED00E09A
:101F0000F601010C98F5000C0C02010C3F02010CCB
:101F10005202010C6A02010C8002010C9F02010CAA
:101F200070B506460D46284C2849294809F0DDFDC4
:101F3000A36AD9043CD52648264909F0D6FD1720C6
:101F4000A36A1A0504D52248234909F0CEFD1820BA
:101F50001D4CA36A9B0512D51D48204909F0C5FDFB
:101F6000A36BA26A100409D501211D4A184809F083
:101F700090FC1EB1A36A23F40043A3621920124C03
:101F8000A36A590504D51248164909F0AEFD1A2076
:101F9000A36ADA050ED50E48134909F0A6FD1B20E9
:101FA000094A936A43F47F43936200232B7070BD08
:101FB0001620C5E7A36A9B04F2D505480B4909F032
:101FC00094FD1C20ECE700BF00ED00E0CE02010C08
:101FD00098F5000CE402010C3F02010CF502010C23
:101FE0000E03010C2303010C3E03010C9F02010CA4
:101FF00010B52F4C2F48304909F077FDD4F8E83060
:10200000D4F8E420500604D501212C4A294809F0CF
:1020100040FCD4F8E430D9070CD52648284909F00B
:1020200064FD2620224AD2F8E43043F0FF03C2F8D0
:10203000E43010BDD4F8E4309A0705D51D48214995
:1020400009F053FD2720EDE7D4F8E4305B0705D510
:1020500018481D4909F049FD2820E3E7D4F8E43089
:10206000180705D51348194909F03FFD2920D9E77C
:10207000D4F8E430D90605D50E48154909F035FDE8
:102080002A20CFE7D4F8E4309A0605D5094811494B
:1020900009F02BFD2B20C5E7D4F8E4301B0605D54D
:1020A00004480D4909F021FD2C20BBE72520B9E7A4
:1020B00000ED00E098F5000C5603010C6F03010CD5
:1020C0007F03010C9503010CB303010CCE03010C3B
:1020D000EB03010C0004010C1A04010C2DE9F04182
:1020E0008AB0774B00AFD3F804800023C8F308060A
:1020F00083F31188BFF36F8F02F07F44B4F17F4FF9
:1021000031D112F001052FD012F0400502F0080481
:1021100003D02CBB0446012512E0530758BF0146EB
:10212000684A0B6858BF01251A44012A98BF0B6CF6
:102130000121654A654809F0ACFB74B1EFF389846D
:102140000023FB71F31E092B00F29980DFE803F0F6
:102150000E8F92848B9797979795EFF38884EFE78C
:102160000C461D46ECE71D462C46E9E75849574802
:1021700009F0BBFC0023524EFB71F36A9A0705D5A8
:102180005449524809F0B1FC00232DE0F36A002BBA
:1021900001DA5149F5E7F36A5B00F5D54F494B4841
:1021A00009F0A3FC7369A26943F480737361BFF300
:1021B0004F8FBFF36F8F32F8023C726922F4807246
:1021C0007261BFF34F8FBFF36F8F03F47F42B2F59D
:1021D0005F4F2BD1DBB2022B28D123680121404A6B
:1021E0003A4809F056FB2368FA79DAB907F108068C
:1021F00004F1200C324620686168083403C264454B
:102200001646F7D17A6A002D56D0C2F3080121B9DB
:102210006FEA52226FEA42227A62184607F10801F9
:10222000FFF738FD2837BD46BDE8F081244B9A6A98
:10223000D2B222B10120F91DFFF70AFE15E09A6A19
:1022400012F47F4F04D00120F91DFFF769FE0CE066
:102250009A6AB2F5803F02D3FFF79CFD05E0D3F800
:10226000E430002B90D0FFF7C3FE0346BCE700200C
:10227000F91DE1E70020F91DE7E71A4981E71A4A4D
:1022800018F4F87FE8468AB0184B08BF13466A4630
:102290001749103ECDE905134FF40073ADF8203017
:1022A000144B079642F8103F00234FF41151074892
:1022B000FFF786F9C54667E76FF30802ACE700BF92
:1022C00000ED00E0A6ED05015B04010C98F5000CA3
:1022D0007A04010C9104010CB204010CC004010C3D
:1022E000DF04010CFB04010C2D04010C4204010C61
:1022F0001F05010C04000001044B5A6942F0100252
:102300005A615A6922F008025A61704700ED00E0F4
:10231000EFF30880EFF3098101B57246FFF7DEFEA7
:1023200001BD00BF0A4880F30888202080F311888F
:1023300008484FF40061401880F30988EFF31480D7
:102340000221084380F31488BFF36F8F00F05CF81C
:10235000286D0020E85F00201EF0040F0CBFEFF393
:102360000880EFF30980816911F8021C0229FFD06F
:1023700001B5724609F0AEFB01BD00BF00B20028F6
:1023800007DB01234109034A00F01F00834042F8A4
:102390002130704700E100E000B200280CDB012290
:1023A0000649430900F01F008240203341F82320F2
:1023B000BFF34F8FBFF36F8F704700BF00E100E0A6
:1023C00000B2002801F10101ACBF00F16040064BF2
:1023D0004FEA4111C9B2ABBF00F5614000F00F00F8
:1023E00080F800131954704714ED00E0044B054ABF
:1023F00023F07F039360BFF34F8FBFF36F8F70475E
:102400000000000800ED00E008B5FFF7EFFF0B4A01
:10241000D2F8883023F47003C2F88830EFF31483C5
:1024200023F0040383F31488BFF36F8FFFF70AFCD4
:10243000FFF714FC00F092F806F078FE00ED00E0E3
:1024400042F8203C009B0B4942F81C3C019B21F0C8
:10245000010142F8183C029B42F8081C42F8143C67
:102460004FF0807342F8043C0023203A0265C367B2
:10247000704700BF7510000C00B50B4B15469860F7
:10248000826F0A4B0E461A602C4686F3098800209C
:10249000034B98472046002100220023014C20478F
:1024A00001BB000C7510000CA8140020F8100020CF
:1024B0001022014B1A61704700ED00E0054B5A698C
:1024C0009B689A421FBF044A536843F0805353608D
:1024D000704700BFA814002000ED00E0084B9B6887
:1024E00083420BD1EFF3058343B1064B5A6842F0A8
:1024F00080525A605A6A22F400425A620CF0BCB907
:10250000A814002000ED00E011498A684FF0300067
:102510001044EFF3098C80E8F01F202080F312882C
:10252000BFF36F8F0B4F4FF000664A698A603E60C1
:10253000906F094C2060D06F0023D36780F311881F
:1025400002F1300090E8F01F8CF30988704700001A
:10255000A814002004ED00E0F81000200023202142
:102560000348C21801339E2B82F80013F9D170473B
:1025700000E100E008B5EFF30583064A103B02EBEB
:10258000C30152F8330049688847BDE80840FFF7A7
:1025900095BF00BFF4EF000C0148006870470000D1
:1025A000F81000201FB50121094B0A4A0A4800F023
:1025B0000FF90023064A0393084B0121019301A858
:1025C000D31A029300F00EF905B05DF804FB00BFCA
:1025D000000008200000002008F7000CA0060020E2
:1025E0000A7A0B6810B562F304031C46CB685209E3
:1025F00023F01F0343EA4203044A43F00103C2F8F5
:102600009800C2F89C40C2F8A03010BD00ED00E078
:1026100010B50A4BD3F89030C3F30723013B98421F
:1026200008D901210346064A064809F032F96FF03D
:10263000150010BDFFF7D4FFFBE700BF00ED00E081
:102640003605010C80F5000C2DE9F04F8946144643
:1026500006464FF000084F4D85B0C84527DAD6F83A
:1026600004A0BAF1000F44D0BAF11F0F17D91AF025
:102670001F0F14D1D6F800B01BF01F0F0FD1584612
:1026800009F052FA07460AEB0B00013809F04CFA40
:10269000874210D06FF015073F4A3B4601E04346A2
:1026A0003E4A01213E4809F0F4F86FF01504204637
:1026B00005B0BDE8F08F17F1160FEDD0BC42EBDD91
:1026C000C5F89870D5F89C10C5F89870D5F8A0306A
:1026D00021F01F0143F01F0BD6E900321A44994242
:1026E00002F1FF3A1AD1D34507D13146F8B209F0C9
:1026F00024FA08F101080C36AFE73146C5F89870A6
:10270000D5F89C30E0B263F30402C5F89C2009F0D0
:1027100014FA10F1160FC8D0441CEAE7C5F89870F7
:10272000D5F8A020013B23F01F0302F01F02134342
:10273000D3453146E0B2C5F8A030E8D009F0FDF944
:1027400010F1160FB1D0C5F89870D5F89C209DF8FF
:1027500008300BF1FF3B62F304038DF80830D5F825
:10276000A0309DF808205B0863F347128DF808201D
:10277000D6E900321344009323F01F035B44A3EB1C
:102780000A03013023F01F036946C0B20393FFF729
:102790003FFFBEE700ED00E08205010C5C05010C87
:1027A00080F5000C0522044BC3F89420BFF34F8F33
:1027B000BFF36F8F704700BF00ED00E0BFF35F8F86
:1027C0000022024BC3F89420704700BF00ED00E0E8
:1027D00010B5034C2278FFF737FF207010BD00BF03
:1027E000DF1400202DE9F74F294D8A4606464FF0A9
:1027F0000008AB46274FD0451BDAD6F80490B9F154
:10280000000F3FD031680846019109F08DF9019918
:10281000044609EB0100013809F086F984424FF0C3
:1028200014021D4B08D002FB08F36FF015024BF8A1
:10283000032003B0BDE8F08F14F1160F2C60F8D020
:102840001978A142F5DD02FB08B0C7F89840C7F837
:102850009840D7F89C4000F10801007B64F3040025
:102860000871D7F8A0000C79400860F347140C7188
:10287000D7F89C1021F01F016960D7F8A01021F053
:102880001F01296108F1010814350C36B3E700BFB8
:10289000FC10002000ED00E0DF140020F0B55349EB
:1028A000534DD1F890302C68C3F307239C4287B076
:1028B00000F299800020FFF781FF4E4BC1F8C03035
:1028C000844216D14C4D01A82C70FFF701F9002667
:1028D00007464A4CB74213D100202B784349D1F820
:1028E0009020C2F30722934277DBFFF75BFF0020C3
:1028F00046E0696801EB0011FFF772FE0130DFE787
:102900000199300101EB0613DA682240B2F1807FB1
:1029100052D00AD8B2F5001F34D0B2F5800F3ED0A5
:10292000B2F5801F12D00136D4E7B2F1006F43D068
:10293000B2F1805FF7D15A689B680958013B22F0D9
:102940001F00034423F01F03012032E05A689B68F4
:102950000958013B22F01F0003440120844623F064
:102960001F0340EA4C10CDE902218DF8100002A9A6
:1029700028780593FFF74CFE00282ADA6FF015003F
:1029800007B0F0BD5A689B680958013B22F01F0050
:1029900003444FF0020C012023F01F03E1E75A68C3
:1029A0009B680958013B22F01F000344062023F0D6
:1029B0001F034FF0000CD4E75A689B680958013B8D
:1029C00022F01F0003444FF0030C012023F01F03EB
:1029D000C7E72B7801332B70A5E7C1F89830C1F811
:1029E000A00001337BE74FF0FF30C9E700ED00E0C6
:1029F00014F7000CAAFF4400DF1400200000F0FFD1
:102A0000F0B587B007460E461446002110226846EE
:102A10001D460CF0C5F902238DF80230054B2A46FD
:102A200021466846CDE90476019307F0EDFE07B034
:102A3000F0BD00BF6DBB000C08B5024B1B6898478A
:102A4000002008BD10110020034B044A1860937841
:102A500043F002039370704710110020EC01002036
:102A600008B50649064821F00701C1F1005202F5F8
:102A7000002208F043FB002008BD00BF7978002049
:102A80001411002070B541690446867A0A4D59B187
:102A9000437ADB0706D4242303FB0653DB691B6858
:102AA0009B689847002363612420214600FB065061
:102AB000BDE870400BF009BE080500202422024B3F
:102AC00002FB0030704700BF080500202DE9F043ED
:102AD00085B00546684690461C4603910CF088F880
:102AE000DDE90067EFF31189202383F31288BFF338
:102AF0006F8F6B8A002B41D02A8A9A4225D90022F7
:102B00000023284606F06EFD0446F0B189F31188D3
:102B1000BFF36F8F039B002B41D032463B46684684
:102B20000CF08BF82421A27A254B204601FB0233BE
:102B3000DB6903A91B681D68DDE90023A847606104
:102B400070BB2046FFF79EFF24E0698A4B1E6B8214
:102B500089F31188BFF36F8F2B7D2A8A2C6A1B3370
:102B600023F00303521A02FB0344154B154AEB1AD8
:102B70009B105343A3722B7DE372CBE789F311883B
:102B8000BFF36F8F23464246284606F02BFD0446CE
:102B90000028BFD10024204605B0BDE8F083636162
:102BA000012300252381039B29466382E27A656025
:102BB00004F118000CF0F4F863692582E360EAE799
:102BC00008050020398EE33870B524250C4C00B977
:102BD00070BD037A4668002BFAD0013BDBB203726A
:102BE000002BF5D1C3604360837A05FB03439B69E7
:102BF00013B198473046EAE7FFF744FFFAE700BF12
:102C0000080500202DE9F8430023436002230372E6
:102C100040F20113438190F837300446DA0700AFE1
:102C200000F1040828D413F0020F0CBF032602267B
:102C30004FF00109F6B241462068667384F80990A6
:102C400008F0E4FF0546C8B16C4688B06A461F4BE1
:102C500005931F4B93614FF4007393831D4B42F810
:102C6000103F00234FF4E2511B48FEF7A9FCA54694
:102C70002846BD46BDE8F8830126D9E7206B08F059
:102C8000FEFF022341462068637208F0BFFF05463D
:102C900030B16C4688B06A460C4B05930F4BD9E7B0
:102CA000A4F86A002674206B08F0E9FF0C4B41463B
:102CB0002068636008F0AAFF05460028D8D0094ABA
:102CC0004946054808F0DCFDD2E700BFCB05010C02
:102CD000EC05010C03000001B0F5000CF405010C3B
:102CE000801A0600FB05010C70B50546012008F0AE
:102CF000C6FF0B26286808F0C9FF0446D0B10121A1
:102D0000154A164808F0BCFD012C18D1013EF1D13E
:102D10000321134A114808F0B3FD286808F0B6FFF4
:102D20000446B0B9284600F085FB041E18BF6FF0BA
:102D300085040EE0284608F072FF0446E4E714F12B
:102D4000740FE5D0002CEDD00121064A034808F0AD
:102D500097FD204670BD00BF1506010CB0F5000CB4
:102D60002806010C5906010CF8B50D46002857D06D
:102D700041F8280B83689B694BB19847044648B1DA
:102D8000294A0121294808F07BFD2046F8BD6FF053
:102D90005704F5E705F1140630460BF0FBFB04463B
:102DA0000028F2D143F698220023304606F058FB63
:102DB000044608B11E4AE4E72846FFF723FF04460D
:102DC00018B1304608F029FFDFE72846FFF78CFFEF
:102DD0000328044614D10127284685F86870FFF7B8
:102DE00011FF044628B1134A3946104808F048FD3F
:102DF000E7E72846FFF778FF044648B10E4AF3E7B5
:102E000030B1304608F009FF012385F86830BCE78F
:102E1000022385F868303046BDE8F84008F0FDBE72
:102E20006FF01204B1E700BF6C06010CB0F5000CA6
:102E30009B06010CC606010CDF06010C70B50546A9
:102E40000E4C286808F052FF58B90B26284608F0A7
:102E500078FF01280ED1013EF8D1A4F5F414A4F5B1
:102E600090647D207D3C0BF075FA002CE9DC6FF05E
:102E70000F0001E00028F4D170BD00BF80969800DB
:102E8000072300B58BB00193B0F85E3000221B041D
:102E900002930123CDE90732C823006801A90993F1
:102EA00008F016FF28B9079B012B02BF0248039BBD
:102EB00018400BB05DF804FB0880F9FD372310B50E
:102EC0008AB0002201931123CDE90732C8230904F7
:102ED00004460291006801A9099308F0F9FED0B9EF
:102EE000079B012B0CD1039B0C4A1A4042B10C48A2
:102EF00002210C4A08F0CDFC6FF004000AB010BDAE
:102F000094F84B30002BF9D1039B13F0200F08BF2E
:102F10006FF08500F2E70120F0E700BF0880F9FDBF
:102F2000B0F5000C0907010C2DE9F04114461E46CE
:102F30001A44036E05469A42884690B062D890F8CB
:102F40006930012B0AD10221304A314808F0D5FE00
:102F50006FF08504204610B0BDE8F08100F1140741
:102F6000002338462B4A06F07BFA38B102212A4A60
:102F7000274808F0C2FE6FF00F04EBE7012E14BFE4
:102F800012231123B5F86A200490900748BF224607
:102F90000793B5F864304FF0110158BF03FB04F2FA
:102FA00008920322CDE90D12C822CDE9014342F275
:102FB00010730F92286801AA07A90396CDF8148010
:102FC000069308F085FE044670B101210346134ABA
:102FD0000F4808F05EFC0121114A0D4808F08DFEF3
:102FE000384608F0ACFEB5E72846FFF727FF044651
:102FF0000028F5D001210B4A054808F07EFE6FF04D
:103000007304E8E76FF01504A4E700BF3807010C6C
:10301000B0F5000CA08601005B07010C7707010CDE
:10302000B707010C9407010C2DE9F04714461E4622
:103030009A18036E05469A428A46A0B000F29D8017
:1030400090F86930012B0AD102214D4A4D4808F011
:1030500054FE6FF08504204620B0BDE8F08700F1F3
:10306000140700233846484A06F0FAF938B102211D
:10307000464A444808F041FE6FF00F04EBE7012E8A
:1030800014BF19231823B5F86A200E93910748BF7F
:103090002246B5F864304FF0110958BF03FB04F223
:1030A0000F9203224FF0C808CDF818A042F2107A10
:1030B000CDE91492059002AA28680EA9CDE9024331
:1030C000CDF858800496CDF81CA008F001FE002829
:1030D00042D02846FFF7B2FE014600284AD1182206
:1030E00008A80BF05DFE2846B5F85E10FFF7E6FE77
:1030F000044640BB16230422CDE917300123CDE955
:103100001D90CDE90923089005F18C03286808AAD1
:1031100017A9CDE90C3ACDF87C8008F0D9FD04461A
:1031200088B91D9B012B03D1194C199B1C4054B924
:10313000D5F88C301BBA0121164A1248009608F0C7
:10314000B2FB6FF004040121134A0E4808F0D5FDCC
:10315000384608F0F4FD7EE72846FFF76FFE044688
:103160000028F5D001210D4A064808F0C6FD6FF091
:103170007304E8E76FF00F04E5E76FF015046AE702
:103180003807010CB0F5000CA08601005B07010CAC
:103190000880F9FDC807010CEA07010C9407010C2F
:1031A0002DE9F041036E054693420E4690468AB0E3
:1031B00077D39B1A8B4274D390F86930012B0AD1D4
:1031C0000221394A394808F098FD6FF085042046FD
:1031D0000AB0BDE8F08100F1140700233846344AF4
:1031E00006F03EF938B10221324A304808F085FD38
:1031F0006FF00F04EBE70324C823CDE90843202335
:10320000019311230793B5F86A3000229B0758BF3A
:10321000B5F86430286858BF734301A9029658BFB7
:10322000029308F055FD044680BB2123019311232E
:103230000793B5F86A30013E980758BFB5F8643077
:10324000464458BF73434FF00002286801A9029614
:1032500058BF029308F03CFD0446B8B926230193F9
:1032600022230246029001A92868079308F030FD46
:10327000044658B92846FFF7E1FD044630B1012164
:103280000D4A0A4808F039FD6FF07304384608F01B
:1032900056FD002C9BD00121084A044808F02DFD62
:1032A00095E76FF0150492E73807010CB0F5000CB4
:1032B000A08601005B07010C9407010CF707010CC5
:1032C0002DE9F04105460F46904600F11406002313
:1032D00030461F4A06F0C4F8044638B102211D4AA0
:1032E0001D4808F00AFD2046BDE8F0817B1E072B33
:1032F0002BD8DFE803F0040B2A0E102A15252B6EBD
:10330000C8F80030304608F01AFDECE7B5F8643034
:10331000F6E70123F4E72846FFF790FD0446F1E7BE
:103320002846FFF78BFD20B102210C4A0A4808F01D
:10333000E4FC012328686B72291D08F0D0FCEDE73E
:103340004146284608F06DFDE8E76FF08504D9E7AF
:10335000A08601005B07010CB0F5000C0408010C0D
:103360002DE9E04191B00546884617460021182214
:1033700009A81E460BF014FD1022002101A80BF035
:103380000FFD0623079311230D93C82340200F93AD
:103390000123CDE9020342F210730749284641EAAE
:1033A000C8713943089101AA07A90596069308F048
:1033B00058FD11B0BDE8E081F0FFFF00292370B592
:1033C0008AB0CDE90131142300250793C8230446B0
:1033D0000E46CDE9085300212046FFF76FFD012876
:1033E00015D060B9024601A9206808F03AFD30B94D
:1033F0002EB194F84B20039B1AB1DB0703D40AB01B
:1034000070BD002B0FDB642000210BF015FB013594
:10341000B5F57A7FDFD105480121054A08F02FFD77
:103420006FF07300EBE7E364E9E700BFB0F5000C71
:103430002008010C2DE9F047044694B01022002129
:1034400001A80BF0ADFC00212046FFF7B7FF0546B1
:10345000002849D1B4F86A5094F8373015F00805BF
:103460001EBFC3F380052D0645F080459B0784F8F9
:10347000690048BF45F4003564200AF06BFF45F44D
:1034800040112046FFF79AFF054628B18E4A0121D8
:103490008E4808F0F4FC27E0E36C20465F0048BF4C
:1034A000B4F86A2001A944BF42F00202A4F86A20DD
:1034B000DE0142BFB4F86A2042F02002A4F86A207C
:1034C0009D0342BFB4F86A3043F04003A4F86A3069
:1034D00008F0A7FC054638B994F84B3043B12046B4
:1034E00008F069FC054650B1284614B0BDE8F087E5
:1034F000204608F09CFC05460028F0D0F4E794F83C
:103500004B307BB1A36A724A934212D9714B274662
:1035100047F8043F3946206808F0AAFC054678B110
:103520006D4AB4E72046FFF7ABFC05460028E9D01A
:10353000DAE70321694A654808F0ABF9A36AE6E7D0
:10354000014624220BA80BF02BFC2946182205A8C3
:103550000BF026FC2046B4F85E10FFF7AFFC0546E2
:103560000028C1D13323CDE90B3011231193C82397
:103570004FF00108CDE912030823CDE9063842F2E5
:103580001073206804F18C0605AA0BA909960A930A
:1035900008F067FC05460028A6D1D4F88C2002F07C
:1035A0000F03434552D0022B48D0002B50D0510579
:1035B00048BFB4F86A304FEA126144BF43F00403D5
:1035C000A4F86A30D20148BFB4F86A3094F84B20AE
:1035D00044BF43F48073A4F86A308B0742BFB4F849
:1035E0006A3043F08003A4F86A3042B994F8663038
:1035F000012B2FD803213A4A344808F040FCB4F894
:103600006A8018F0020879D1414618220DA8D4F832
:1036100000A04FF400790BF0C3FB1023CDE90B3968
:1036200011231193C823424650460BA9139308F067
:1036300018FC804600285FD02A4A3FE012F4000FB1
:1036400014BF0823042384F86630B0E70223FAE7A6
:103650004346F8E7334611462068FFF781FE80466F
:1036600058BB94F89920204B12F002000CBF0021A7
:10367000194612F0080F1CD112F0100F08D112F0E9
:10368000040F18D120B912F0010F124B08BF00230C
:10369000C4E9141394F86630072BB0D994F8953028
:1036A00084F8582084F8593094F8933084F85A30CC
:1036B000A5E70E4BECE70E4BEAE70E4A0121034863
:1036C00008F0DDFB45460FE73B08010CB0F5000CA8
:1036D0003F787D0140787D018908010C5408010C78
:1036E000B008010CF108010C80F0FA0200D4650C5E
:1036F00000E1F505D308010CA4F8649094F8363085
:103700009B067FF5F1AE94F86630012B7FF6ECAEA8
:10371000D4F85080B8F1000F3FF4E6AE94F858208A
:103720000121C2F3400312F0020F84F867302068D1
:103730003346C2F340020CBF4FF0010A4FF0020AB9
:10374000D4F82890FFF70CFE0646002859D194F8CB
:103750009C3094F8672003F00F039A423DD0022179
:103760002C4A2D4808F08BFB94F84830002B3FF48E
:10377000BBAEB4F86A3058077FF5B6AE24220021FC
:103780000BA80BF00DFB2046B4F85E10FFF796FB7C
:10379000064600BB06230B9301231193C823CDE9F2
:1037A0001203022302460BA920680C9308F059FB70
:1037B000064680B9119B012B03D1184E0D9B1E406C
:1037C0004EB9042339462068A37208F051FB06461F
:1037D00000283FF489AE124A14E03946206884F884
:1037E0000BA0C84594BFC4F80480C4F8049008F046
:1037F0003FFB06460028B7D001210A4A064808F0D8
:103800003EFB094A0121044808F039FB3546074AC6
:103810003DE600BF1209010CB0F5000C0880F9FD6F
:103820007109010C3009010C5009010C9B09010CB4
:1038300038B5044606F072FC204608F02CFBA0695F
:10384000C8B194F86C30DB070DD50221154A164833
:1038500008F01FFB6FF07705201D08F023FB06F032
:1038600071FC284638BD0AF09BFD38B901210F4A8A
:103870000D4808F00EFB6FF01205EDE7204601F051
:103880006DF805460028E7D10146242204F12800FE
:103890000BF086FA94F86C3043F0010384F86C3036
:1038A000DAE700BFAF09010C08F6000CD909010CDA
:1038B00070B5044606F032FC204608F0ECFA94F8A5
:1038C0006C30DA070DD40221254A264808F0E1FAC7
:1038D0004FF0FF35201D08F0E5FA06F033FC2846CE
:1038E00070BDC3F340019B0707D502211E4A1D4846
:1038F00008F0CFFA6FF07705ECE7A06909F061FCFA
:103900000646A06909F0DFFC054628B10121174AE7
:10391000144808F0BEFADDE7A36F4BB131462046EC
:1039200008F072FC0546A0B1A06909F0F4FCD1E7EB
:10393000A06909F07EFCA0670028EFD101210C4AA4
:10394000084808F0A6FAA06909F0E5FC6FF00B053D
:10395000C0E794F86C3043F0020384F86C30B9E7A8
:10396000FC09010C08F6000C220A010C480A010CA3
:10397000640A010C38B590F86C3004469B0708D4F3
:103980000221144A144808F084FA6FF0770528469B
:1039900038BD08F080FA0021204601F0B5F920B1C9
:1039A00001210E4A0C4808F074FAA06909F0B3FC32
:1039B000054620B101210A4A074808F06AFA94F83E
:1039C0006C30201D23F0020384F86C3008F06AFA92
:1039D000DDE700BF800A010C08F6000CA70A010C05
:1039E000C50A010C10B5044608F055FA204600F04F
:1039F000D7FF20B101210F4A0F4808F04AFAA06909
:103A000009F0B7FB20B101210C4A0B4808F041FA3C
:103A1000A06F18B1FFF7D8F80023A36794F86C30B3
:103A2000201D23F0010384F86C3008F03BFA0020DD
:103A300010BD00BFE20A010C08F6000C000B010CDF
:103A400038B580210446806909F016FC054678B136
:103A50000146204601F012FC044638B10648012117
:103A6000064A07F00DFF2846FFF7AEF8204638BD9E
:103A70006FF00B04FAE700BFE8F5000C330B010C04
:103A800038B50446806F08F081F8054608F079F8EB
:103A90002046294601F0F2FB044638B104480121D2
:103AA000044A07F0EDFE2846FFF78EF8204638BDA1
:103AB000E8F5000C560B010C2DE9F04F85B00746D8
:103AC00088461546994608F0EFF90446B9F1000F0B
:103AD00010D0384608F0EDF9012808D0FEF75CFD5B
:103AE0006FF08502314B1A5005B0BDE8F08FB4FA83
:103AF00084F46409013521463846EAB208F09DFB9A
:103B0000064630B901212B46294A2A4807F0C1FE52
:103B1000E4E74568B9F1000F09D02868696801AB8E
:103B200003C32A7A01AD1A7007238DF8053008F116
:103B30000C09484608F011FB2A782946824228BF22
:103B40000246484608F038F8D6F80CA0BAF1000F43
:103B500009D1B8F81010FB8D9942C5D94846C91A49
:103B600008F045F8C0E7DAF8040083681B6B13B966
:103B7000DAF800A0EAE7214698470028F8D0051FA8
:103B800055F804BFBBF1000FF2D09BF80060002E87
:103B9000EED0484608F0E1FAB04234BF82B2324675
:103BA0005946484608F008F8EAE700BF0C00000054
:103BB000750B010CE8F5000C2DE9F04190F8283068
:103BC000044603F01F03012B0F4600F128062FD0F7
:103BD000022B18D08BB3204694F8291008F0B0F9C6
:103BE000024678B3304608F0C0FA1D4D002834D1A3
:103BF00013693BB33A463146204698470346FEF7E1
:103C0000CBFC2B5024E0818DC9B201F0C9F90546E7
:103C10000028E0D0304608F0A8FA024668688368B9
:103C2000CAB99B6873B13A463146BDE8F0411847BE
:103C3000818DC9B208F06AFBE9E790F8291008F015
:103C40007EFBE4E7FEF7A8FC6FF08502044B1A50F8
:103C50000020BDE8F081DB68E4E7D368C9E700BF76
:103C60000C0000002DE9F04F0B7E044633F0800875
:103C70000D46164695B00AD00121A74AA74807F07D
:103C8000FFFD6FF00408404615B0BDE8F08F82B12B
:103C90000846FEF799FF6B7EDF0704D49E07F2D536
:103CA0002B7E002BEFD1204615B0BDE8F04FFFF77B
:103CB000E7BE4A7E00F12809900705D5802B09D17F
:103CC0002846FEF781FFDEE7910700F05584002BC0
:103CD00040F05284D20734D52B8A082B0DD1EA68E4
:103CE000294613680020A3625368C9F8043007F01E
:103CF00051FF054640B18A4A00E08A4A01218748BF
:103D000007F0BEFD00F010BC484608F02EFAE28D28
:103D100070B9B2B12946A06909F09AFA01460028A3
:103D200000F06584204615B0BDE8F04F01F0A6BA5A
:103D30003AB11146204608F00AFC0546002800F07A
:103D40005684FEF729FC002394F82880764F18F05B
:103D5000600FC351C8F3411307D0032B40F0D48147
:103D6000FEF71AFC6FF0850338E0484608F0FDF9CD
:103D700094F82930002840F06781013B0A2BEFD8E6
:103D800001A252F823F000BF353F000C613D000C4A
:103D9000BD3F000C613D000CB53D000C613D000CC9
:103DA000613D000C613D000C313E000C613D000C9A
:103DB000A13E000C618D7F29D2D8A38D002BCFD1DD
:103DC000E38D002BCCD118F01F0FC9D194F83030FF
:103DD000022B05D1FEF7E0FB4FF0FF333B5083E0B1
:103DE000A069036993F880301B070DD5C9B208F0AC
:103DF000F2F9804658B1638D01214C4A474807F0DB
:103E000048FD002D73D13EE7012384F8393094F842
:103E10003030012B0AD1638D43B984F83030FEF77E
:103E2000BBFB3B58002B00F09A805DE00123F4E7D8
:103E3000204608F039F8628D0146FF2A90D8E38DBC
:103E4000002B8DD194F82830D80689D194F83030E1
:103E5000002BBFD02AB12046D2B208F014FA0028B5
:103E6000B8D0618D94F838308B42D8D02046C9B292
:103E700000F04AFF638D804630B1012100902C4A4A
:103E8000264807F010FDBCE7002B14BF02220122D8
:103E9000052184F8302020461A4608F07EFBBEE754
:103EA00008F01F08B8F1010F7FF45AAFE38D002B23
:103EB0007FF456AF628DFF2A3FF652AFA18DFF29E6
:103EC0003FF64EAF94F83030022B83D12046D2B269
:103ED000C9B208F0C0FA10F1020F804640F0198113
:103EE000FEF75AFB47F8008065B14FF000082846FE
:103EF000FEF76AFEB8F1000F7FF4C5AEFEF74CFB8B
:103F00003B5863B3484608F030F90346A069002BDC
:103F100000F07083802176E39B0B010CE8F5000C28
:103F2000D30B010CBC0B010C0C000000F50B010CB9
:103F3000170C010CE38D002B7FF412AF94F8303096
:103F4000002B3FF447AF012BA18D02D100297FF454
:103F500041AF18F01F080CD0B8F1020F16D0E38D56
:103F6000002B40F0D4822046FFF76AFD0028C9D11B
:103F700099E600297FF42EAF638D012BEFD194F8E1
:103F80006C3061F3C30384F86C30E8E7B4F82AA01E
:103F9000BAF1000FE3D15FFA81F84146204601F003
:103FA000D5F90346FEF7F8FA3B50013300F03383AE
:103FB00052464146204608F0DEF830E7E38D002BFC
:103FC0007FF4CEAE628DA38D022A5FFA83FA11D1FF
:103FD00008F01F085AEA08087FF4C2AE0122A0695F
:103FE000190A08F0D8F800287FF4BAAE012384F843
:103FF000393014E794F8301000293FF4EBAE012972
:1040000002D1002B7FF4E6AE18F01F0812D0B8F1F1
:10401000020FA4D1002AA2D15146204601F074F922
:104020000346FEF7B9FA3B50013300F0F482012257
:104030005146BFE7002B7FF4CDAE012A8FD194F813
:104040006C3043F008039EE70A2B3FF689AE01A2CD
:1040500052F823F08140000C613D000C613D000CE2
:10406000613D000C613D000C613D000CFB40000C0B
:10407000613D000C8744000C613D000CB544000C10
:10408000E38D022B7FF46CAE94F83030002B3FF4BC
:10409000A1AE012BA18D02D100297FF49BAE18F0B7
:1040A0001F0811D0B8F1020F1CD04FF0000805F125
:1040B0000C0A504608F051F8E38D984218D2FEF7EA
:1040C0006BFA6FF00B0389E600297FF483AE94F856
:1040D0006C304FEA930808F00208C3F3001348EA73
:1040E0000308E4E72046C9B208F036FA8046DEE766
:1040F0004146504607F071FD91E6628D18F01F0FA2
:104100004FEA1223D2B209D029462046FFF754FDC8
:104110008046B8F1000F7FF474AE80E6013B0E2BB1
:104120003FF61EAE01A151F823F000BF6941000C1B
:10413000A541000CB541000C613D000C613D000C37
:104140000D43000CB141000C613D000C613D000CC1
:10415000613D000C613D000C613D000C613D000CB7
:10416000613D000CA143000C05F10C08404607F02E
:10417000F4FF83462046B4F82EA007F095FE20B148
:1041800001287FF4EDAD616F00E0216F002900F0A0
:104190003E82DA4528BFDA460A78524528BF5246A1
:1041A00040462FE0002329462046FFF785FC36E6EF
:1041B0000123F8E70321204607F013FF8246002879
:1041C0003FF4CEAD07F0C4FFB4F82EB09AF8152036
:1041D000D8B99AF814808DF831208DF83080DAF84B
:1041E000103005F10C0A1B885046ADF8323007F04C
:1041F000B4FFD84528BFD8468045424628BF02466E
:1042000050460CA907F0D8FC09E60023DAF808109C
:104210008DF81D20C64A8DF81C300A40C5498A42D7
:1042200063D1102108A803F027FEB0F1000842DB9B
:104230000CAAB8F1100F4FF00003104628BF4FF042
:104240001008DFF8F4E208A9984502F102023CD810
:1042500003464FEA880808F102085FFA88F88DF8EB
:104260001C8005F10C0A5046049307F076FFD845F0
:1042700028BFD846804528BF8046B8F1020FC34604
:1042800028BF4FF0020B50465A46A8EB0B0807A96F
:1042900007F092FC4FEA58030393049B9B4603EB01
:1042A00058025A4528D118F0010F3FF4B8AD039ACF
:1042B000995C5046FBE018F1580F7FF451AD012195
:1042C0009E4A9F4807F0DCFA4AE511F801CB01331A
:1042D0004FEA1C1A0CF00F0C1EF80AA01EF80CC0B6
:1042E00002F802AC02F801CCAEE79AF81480DAF8D2
:1042F00010308DF81C80B4E750461BF8011BCDE947
:10430000042307F06AFCDDE90423CAE7204607F02E
:10431000CBFDD4E91C83002808BF98460023CDF8C4
:104320003230CDF836300A238DF83030062320465F
:104330008DF8313007F0BDFD012805D0FEF72CF9CE
:104340006FF085033B506AE5B8F1000F00F05F8124
:10435000B8F80230ADF8323098F804308DF83430C7
:1043600098F805308DF8353098F806308DF83630ED
:1043700098F807308DF8373098F8113005F10C08AF
:1043800040468DF8383007F0E8FEE28D9DF8303079
:104390000CA99A4228BF1A46824228BF0246FFE66D
:1043A000204607F081FD18B10128C7D1636F00E0F6
:1043B000236F002B00F02B815B88B3F5007FBDD904
:1043C000604B04F14C0B0C9300238DF83430E36CFC
:1043D0009B4508BF0023BDF8322093B1597D0F29BA
:1043E00008D1197D0A44ADF832209DF834200132FD
:1043F0008DF83420226D934201D01B68EBE7BDF8A5
:10440000322005F10C0A5046039207F0A6FEB4F8DC
:104410002E80039A0CA9904528BF9046804528BF5E
:1044200080464246052A28BF05225046039207F0DF
:10443000C3FB039AB8EB02083FF4F1ACE36C5B45B5
:104440003FF4EDAC002B3FF4EAAC5A7D0F2A14D1B7
:104450001A7D1969424528BF42465046039307F02A
:10446000ABFB039B1A7D424594BFA8EB0208A8EB67
:104470000808B8F1000F3FF4D2AC226D9A423FF425
:10448000CEAC1B68DEE794F83030002B3FF4A2ACD2
:10449000E38D012B7FF464AC05F10C08404607F076
:1044A0005CFE00283FF40BAE404694F8381007F04D
:1044B0008CFBB4E408F01F08B8F1010F7FF48AAC5C
:1044C000204607F0CEFE00283FF484ACB4F82C80E0
:1044D000B8F1FF0F3FF644AC43681B794345FFF446
:1044E0003FAC5FFA88F30F2B3FF63AACE38D012B1C
:1044F0007FF436AC05F10C0A504607F02EFE00287A
:104500003FF4DDAD04EB080393F83A10D1E64846DA
:1045100007F02BFE18B92846FEF756FB23E529467F
:10452000204600F0ABFE78B12846FEF74DFBE9E4EB
:1045300000FF020000030200F11F010C3A0C010C05
:10454000E8F5000C050F0500A069036993F88010D9
:1045500011F004017FF4A7AB08F08EFE0546002899
:104560003FF4D0AC0146204600F088FE00283FF41E
:104570009AAB2B4AFFF7C2BB52077FF5C3AC002BA7
:104580003FF49EAB2846FEF71FFB94F83930002B12
:104590003FF479AB94F82930052B0CD1618DA069DB
:1045A000C9B207F018FE064628B1638D01211D4AE5
:1045B0001D4807F06EF994F82930032B11D1638D53
:1045C000022B0ED1A18D00220D0A2946A06907F009
:1045D000E2FD064628B101212B46144A124807F095
:1045E00058F90023B04684F83930FFF74CBB6FF020
:1045F0000B0687E4E38D002B3FF48CAC16F10C0125
:1046000018BF0121C90108F014FDFFF74CBB6FF082
:104610001508FFF7F6BB4FF0FF38FFF7F2BB00BFFE
:104620005C0C010CF50B010CE8F5000C800C010C86
:104630000B7810B4062B14D10369D3F89C20EFF348
:104640001184202383F31288BFF36F8F00204B68FF
:104650001860506A58B9C2E9083384F31188BFF36F
:104660006F8F00220023034810BC09F084BF036051
:104670005362F2E7D004002030B589B00022002355
:104680000024CDE906236FF007034FF48062CDE9E3
:104690000334CDE90144154B15490094154805F044
:1046A0005FFA154913480AF0E2F8144B14498B429B
:1046B00007D30020134B14498B420CD3002009B0C0
:1046C00030BD03F11402D2E8EF0FC2E8E54F002D30
:1046D000F9D11833EBE703F11402D2E8EF4FC2E847
:1046E000E50F002DF9D11833E6E700BF6547000C50
:1046F000E8570020A80B0020B9FA000C240600207F
:1047000054060020540600208406002038B50D46CB
:1047100007F0A7FD30B90121BDE838400F4A104825
:1047200007F0AEB8C46804B938BD2B78032B05D0A8
:10473000052B0ED0022B08D02468F4E7606883684C
:104740005B69002BF8D09847F6E7606883689B693F
:10475000F7E760688368DB69F3E700BFA70C010C2B
:10476000F8F5000C2DE9F0434FF0200885B000AFBC
:104770004FF0FF334FF0FF327248391D04F00CFE4A
:10478000FB681B69D3F89C40236A93B1EFF3118255
:1047900088F31288BFF36F8F256A2DB1616A2B6889
:1047A0008D42236208BF636282F31188BFF36F8F6B
:1047B000C5B93B79062BDBD0072BD9D801A252F81B
:1047C00023F000BF4148000C3548000C6948000C3C
:1047D0004748000C9F48000C8B48000C7147000CA8
:1047E0003349000C2B7E29465E062046D5F81E2054
:1047F0001DD1FFF737FA06460028C5D0E9468AB032
:104800006A462B7ECDE9073505234F49CDE90510D2
:1048100042F8103F00234FF421514C48FCF7D0FEE2
:104820003246CD460721204607F0B7FEACE707F039
:104830007DFDE0E700220121204607F0AEFE97E76C
:1048400000221146F8E794F86C3043F0040384F832
:104850006C3094F83030022B03D12046391DFFF71D
:1048600055FF00220321E7E794F86C3023F004039E
:1048700084F86C3094F83030022B03D12046391D77
:10488000FFF744FF00220221D6E794F83030022BD4
:104890007FF46EAF2046391DFFF738FF68E794F8C4
:1048A0006C30A66923F0040384F86C30D6F80890C5
:1048B0003369A033D3E8AF3F9A071ED53046D9F805
:1048C0003C309847D9F824300021304698470546B7
:1048D000D9F840303046984795B11D4A01211B4810
:1048E00006F0CEFF00220421204607F056FE002DE0
:1048F0003FF43EAF2A4607219EE74FF0FF35ECE735
:104900002946204600F000FA054608B1114AE5E7BD
:10491000A06908F0C2FC831E5842584194F86C30DC
:1049200084F8305023F0680343EA401384F86C3075
:10493000D8E70121084A054806F0A2FF0621BA6817
:104940007AE700BFD0040020D60C010CF8F5000C6B
:10495000000D010C2E0D010C5A0D010C38B502464C
:1049600005460C49806908F0F6FC044630B1012187
:10497000094A0A4806F084FF204638BD85F8380009
:10498000284600F07FF904460028F5D0A86908F011
:1049900011FDF1E73146000C6A0D010CF8F5000C31
:1049A00038B50446C56D9DB9656D05BB204607F059
:1049B00032FB034620B10121144A154806F069FF75
:1049C000204607F0FDFAA069BDE8384008F0F2BCC7
:1049D0006B6801215A79204607F0C8FC034620B1D4
:1049E00001210C4A0A4806F054FF2D68DBE76B688A
:1049F00000215A79204607F0B9FC034620B1012175
:104A0000044A034806F045FF2D68CEE7B00D010CBF
:104A1000F8F5000C870D010CF8B501231D460C6854
:104A2000002C35D063F07F02D6B202F07F02103244
:104A300024FA02F7FF0716D5046824FA02F7FF07E5
:104A400008D4334613480121134A06F022FF6FF0C1
:104A50001500F8BD05FA02F224EA020404600C68AD
:104A600024EA02040C60DC40E6070ED5026822FA54
:104A700003F4E40700D4E5E705FA03F422EA0402AC
:104A800002600A6822EA04020A600133102BC6D1D0
:104A90000020DEE728F6000CDC0D010C2DE9F04FBC
:104AA0000026536891B0D4680A9008910692029348
:104AB0000E96039674B9039B029A09339BB29370C6
:104AC0001B0AD370069B1671DC68002C40F0C7806F
:104AD000A346AEE04FF0000A6068CDF83CA08368C2
:104AE0001B6B002B00F0AC8008999847002800F061
:104AF000A7803546C4E903AAA0F1040959F8043F88
:104B00000BB11A789AB9B54240F29780E3680F9AD0
:104B10001343E360606883689B6A002B00F0928017
:104B200098478346002800F09080534A7DE05A78E9
:104B30000B2A08BF9D70D9F800305A78042A10D18A
:104B4000E2680F990A43E260DA78002A5CD1012218
:104B50009D702369AA40134301352361EDB2CDF85E
:104B60003CA0D9F800707B78052BC7D16FF0120BF1
:104B70004FF001080A9B9B69099379793A790E9B5A
:104B800042EA0122ADF8362097F902205FFA88F157
:104B9000002AACBF424641F080010493B7BF4BB23C
:104BA0004FFA88F321F080020793A8BF0793049B74
:104BB000B8BF103223FA02F0C0072CD40F9B23FA9F
:104BC00002F20593D30726D4BB79FA7809980093AB
:104BD0000DF136030B9108F0A2F90B998346D0B979
:104BE000079BB970002B4FF00103BCBF21F080017F
:104BF00010318B4004980599BDF8362019431843AD
:104C0000CDE90E01BA8079E76A1E9A700FA90EA845
:104C1000FFF702FFA3E708F10108B8F1100FACD1CC
:104C2000BBF1000F3FF46AAF144A0121144806F0AB
:104C300027FE584611B0BDE8F08F6FF0150BF3E773
:104C4000354667E76FF0850B6FE76068089907F0F6
:104C50003DFB039B2E460344246803932AE7E36845
:104C600004F10C01A3600EA8FFF7D6FE08B9246872
:104C70002BE76FF0150BDCE71D0E010CF90D010C95
:104C800028F6000C70B5836905461B69026F93F81E
:104C90008030C3F34113022B0CD0032B0CD0012B1B
:104CA0000CBF10230823D371EE6D3EB96E6DBEB9F3
:104CB000344611E02023F6E74023F4E73246012191
:104CC0002846FFF7EBFE044640B173685B790B4A58
:104CD00001210B4806F0DDFD204670BD3668E4E793
:104CE000324600212846FFF7D9FE044618B1736802
:104CF0005B79044AECE73668D9E700BF410E010C46
:104D000028F6000C640E010C2DE9F04105460E4614
:104D100007F0CAF895F83830804633B3284607F0D4
:104D2000A0FA0746F0B10146284607F042FB1022E0
:104D30000446002105F13A000AF032F8002385F814
:104D40003830FF683FB984B119491A4807F068FA4A
:104D50002046BDE8F081786883685B6A03B19847B4
:104D60003F68EFE76FF03C04EEE71EB985F8386066
:104D70000024EDE732464146284607F05EFA074632
:104D800090B10246284607F03EFB04460028DFD1DA
:104D900085F83860FC68002CEAD0606883681B6A7C
:104DA00003B198472468F6E76FF03C04D0E700BFF2
:104DB000A70A010CE0F5000C2DE9F04105460F466D
:104DC0001446D2F8048007F02FFA95F86C30D90712
:104DD0000BD54749474807F023FA6FF00F07281D06
:104DE00007F029FA3846BDE8F081012F0AD128469C
:104DF00007F05FF830B940493E4807F011FA6FF00C
:104E00008507ECE798F807309A0607D5AB691B6968
:104E100093F880309B0701D43849EDE71FB1012F8B
:104E200006D03749E8E7EB6D2BBB05F1540603E0EC
:104E30006B6DABB905F15C06002233680BBB002F2C
:104E4000D5E91C2308BF13465B7C626803F10103AC
:104E5000DBB25371D5E91C1208BF0A46537422E035
:104E60009C4206D12749234807F0DAF96FF015076D
:104E7000B5E71B68DDE79C4201D12349F3E71B68D6
:104E8000D2E79C4221D12368CAB972683360944248
:104E900000D173600023236063685B7902211B4AA1
:104EA000144806F0F6FCA168B9B1284607F0C3F82B
:104EB000074668B116490F4807F0B2F98FE713604B
:104EC00073689C4208BF7260E4E71A461B68B5E746
:104ED000A06807F03DF988F8060000232360736896
:104EE0001BB9C6E90044002779E71C607460FAE743
:104EF000B50E010CE0F5000CD70E010C910E010C63
:104F0000F50E010C150F010C320F010C4F0F010CA7
:104F10006C0F010CF8B5054600AF29B301290BD180
:104F2000184C194E2BE0636828461968FBF782F885
:104F3000B8B11834B442F6D36C4688B06A46134B05
:104F4000CDE905354FF40073ADF81C30104B42F835
:104F5000103F00234FF4E2510E48FCF731FBA54609
:104F600000242046BD46F8BD0B4C0C4EE2E76368BA
:104F700028461968FBF75EF80028F2D01834B442CE
:104F8000F5D3D9E75406002084060020A30F010CB6
:104F900003000001F0F5000C240600205406002058
:104FA00070B5012501F07F0311F0800F18BF103399
:104FB0009D4090F830300446022B06D001210C4A67
:104FC0000C4806F05DFC002070BD90F8386006F0DB
:104FD0006BFF32460146204607F02FF90028F2D039
:104FE000C0680028EFD083681D42EDD10068F8E763
:104FF000C10F010CF0F5000C2DE9F84305460846F9
:10500000114616469846FFF785FF0446002843D010
:10501000284607F054F995F86C30DA0702D5204A93
:10502000012109E0D4F8049004F11407D7E8AF3F58
:10503000DB070CD502211B4A1B4806F021FC6FF050
:105040000F04281D04F07EFA2046BDE8F883D9F845
:1050500004301BB1AB4201D0144AE1E7424631466D
:10506000284607F0EAF8A0B10023236003696BB972
:10507000C0E90344D7E8EF3F43F00103C7E8E23F4C
:10508000002AF7D10024C9F80450DAE71C60046153
:10509000F0E76FF03C04D4E76FF01204D4E700BFF0
:1050A000B50E010CE60F010CF0F5000C0810010C18
:1050B0002DE9F047012981461646984600AF33D1C5
:1050C0002C4DDFF8B4A028E0B8F1000F04D0414621
:1050D000284607F0E4F8F8B96968334601224846E3
:1050E0000968FFF789FF0446B0B16B686D468AB066
:1050F0001B686A462149C2E905134FF40073138403
:105100001F4BD66142F8103F00234FF411511D4848
:10511000FCF756FAAD4603E018355545D4D30024C4
:105120002046BD46BDE8F087F9B16FF08504F7E78A
:1051300018355545F3D2B8F1000F05D04146284641
:1051400007F0ADF80028F3D16968334600224846DD
:105150000968FFF751FF04460028E9D06B686D46E7
:105160008AB06A461B680849C5E7084DDFF820A0E9
:10517000DFE700BF54060020840600203D10010C2C
:1051800004000001F0F5000C6A10010C2406002058
:10519000540600202DE9F04F83B000AF7B6097F8F4
:1051A00030304C680E463B608146904606F07CFEEF
:1051B000A36801461B6B33B96FF0150420460C370A
:1051C000BD46BDE8F08F204698470028F4D0002463
:1051D000051F06F10C0A55F8041F09B10B782BB90D
:1051E000002C14BF00246FF03C04E7E74B78042B3D
:1051F0000ED1002C3CD18B787A689342EBD1CB78DE
:105200003A689342E7D10B79002BD7D00124E2E72B
:10521000052BE0D1002CDED0B8F1010F91F802B0DF
:1052200009D0B8F1020FF1D152465946D9F8180009
:1052300007F077F904E05246D9F8180007F055F95D
:1052400004460028E2D06D468AB06A46F368CDE98C
:1052500007B3062307490990CDE9051842F8103F26
:1052600000234FF441510448FCF7AAF9AD46A5E7E5
:105270000024A3E7A210010C20F6000C2DE9F04158
:105280000B7E0C465906054637D16BB306F04CFE33
:1052900040B11B4801211B4A06F0F2FA4FF0FF30E3
:1052A000BDE8F0812846D5F87080268AEF8D06F09B
:1052B000FBFDF8B1421E534253419B01228A9AB131
:1052C000BE42324628BF3A46E98D91420CD9B2FB24
:1052D000F3F103FB11223AB994F91830002BBEBF49
:1052E000637E43F0080363762146A869BDE8F04178
:1052F00007F0F9BE98F80730E0E76FF01500CFE748
:1053000018F6000CDE10010C70B5064680690C46DC
:1053100007F08FFE054638B102212346094A0A48A4
:1053200006F0B7FA284670BD012214F0800F18BFAE
:1053300024F08004736B18BF1034A2401A437263C8
:10534000F0E700BFF210010C18F6000C70B505462E
:1053500080690E4607F097FE044638B102213346B5
:10536000054A064806F095FA204670BD314605F11B
:10537000340007F0ACF8F7E70911010C18F6000C3F
:1053800070B50646EFF31181202383F31288BFF333
:105390006F8F1B4D2A6881F31188BFF36F8F52689E
:1053A00092F86C20D20705D4BDE870400A22002391
:1053B00004F062BBEFF3118283F31288BFF36F8FA7
:1053C0002C682CB1696823688C422B6008BF6B6025
:1053D00082F31188BFF36F8F44B1606804F1080154
:1053E000C36998472146074809F075F82B6833B11F
:1053F0003046BDE870400022002304F009BB70BDB8
:1054000020110020A004002030B585B0CDE90012A5
:10541000054600220023144803A903F029FF024691
:10542000E8B9DDE90001039B5D60083383E8030010
:10543000EFF31180202383F31288BFF36F8F039B58
:105440001A600A4A516861B9C2E9003380F31188D1
:10545000BFF36F8F00220023054804F0D9FA05B08E
:1054600030BD0B605360F1E7A00400202011002044
:105470000000002010B40A78046902F06002202ABB
:1054800009D14B780A2B06D8237A054A637210BCDF
:1054900052F8233018476FF0850010BC704700BFEA
:1054A0003CF7000C002310B5016907488B64074BDB
:1054B00081F84C20834204D25C68E478944201D1A4
:1054C0008B6410BD1C33F5E78828010C6C28010C97
:1054D00038B50D460469FFF7CDFF0346FDF75CF8CC
:1054E000074A135043B96B7833B94FF47A720023EB
:1054F00004F1100004F0C0FA637A0020237238BD72
:105500000C00000001232DE9F0410469476884F88C
:105510004430002384F84C30A36440F202232381FA
:105520004368144D144E2364B54207D3A36C002B7B
:105530000CBF6FF015000020BDE8F0816B683846A5
:10554000DA7894F84C309A4208BFA564E96806F00E
:1055500072FD30B10121094A094806F091F91C3564
:10556000E2E7E868D5F8048006F0F2FD88F8080064
:10557000F5E700BF6C28010C8828010C3311010CE1
:1055800010F6000C2DE9F04704460D461746D0F8FA
:105590001080FFF76FFF0346FCF7FEFFDFF84C902B
:1055A000064640F80930D3B96B78012B17D123692F
:1055B000398AEA88986C8A4228BF0A46D0F818A02F
:1055C000FB6869888068D047002808DA6FF0850397
:1055D0000A2246F8093023695A720E229A7298F804
:1055E0000930002088F80830BDE8F0870C00000082
:1055F00000232B482DE9F0474FF0040C0124092625
:105600004FF0FE0E80461D464FF0020A254A2649FD
:10561000DFF8989000AF167082F801C09370D370D5
:10562000137182F805E09471D4711372494508D35F
:105630001F4A2048204948F8232009F0DBF80020C1
:1056400018E0042B19D16C4688B00B686A461B49D8
:10565000CDE905134FF40073ADF81C30184B42F838
:10566000103F184800234FF4E251FBF7A9FF6FF0F9
:105670000B00A546BD46BDE8F0874A681C31D370D3
:10568000167082F801C09570157182F805E094716A
:1056900082F807A01572013340F8042BC6E700BF5B
:1056A00028110020697800206C28010C8828010C42
:1056B0000220010C400000208BC6000C5311010C8D
:1056C0000300000110F6000C2DE9F04781460E465C
:1056D00014460769FFF7CEFE0546FCF75DFFDFF8CD
:1056E0006880824640F8085025B97378032B06D0AD
:1056F000052B0DD07B7A00203B72BDE8F087224657
:105700003146D9F8100007F055F848F80A00F1E7DB
:10571000228A638A61699B1AE268D9F81000521ADA
:105720009B1AF288934228BF1346012B09D1017AB4
:1057300004F10C0006F049FAFCF72EFF48F800507F
:10574000D8E76FF08505F7E70C0000002DE9F84F6A
:1057500006460F461446D0F81090FFF78BFE05461C
:10576000FCF71AFFDFF8B880824640F8085035B9D8
:105770007B78032B0AD0052B10D0022B26D099F86A
:105780000930002089F80830BDE8F88F22463946F4
:10579000306907F00FF848F80A00F0E7228A638AB8
:1057A00060699B1AE2683169121A9B1AFA8893425F
:1057B00028BF1346012B30D1097A04F10C0006F002
:1057C00004FAFCF7E9FE48F80050D8E7208A618A1D
:1057D000E368091A6069D6F810A0FA88181A091A3D
:1057E000DAF848008A4228BF8AB2D0F814B0798823
:1057F0008068D847071E0BDB394604F10C0006F021
:10580000D5F9B7F5007FDCDA02238AF80830D8E74B
:105810000A2233695A720E229A726FF08505D0E718
:105820000C00000000210369426883F8CC10526824
:10583000C3F8D820034AC3E9372003F1D000FCF7AE
:10584000D3B900BF70F7000C73B5054614461A466D
:105850002B6908465E68A3182CBF012500257168D6
:1058600001D28B4209D909480091094A012106F069
:105870001AF86FF0040002B070BD3368F1685A4343
:1058800003FB041109F07FFA2846F4E7A8F5000CA1
:105890008C11010C37B50C4603695968A3182CBF4D
:1058A00001250025486801D2834209D901210090D1
:1058B000084A094805F0F7FF6FF0150003B030BD46
:1058C0000B68C8685A43294603FB040009F068FACC
:1058D0002846F3E78C11010CA8F5000C73B51446AB
:1058E0001A4603695E68A3182CBF0125002570685D
:1058F00001D2834209D901210090084A084805F0E5
:10590000D2FF6FF0040002B070BD3368F0685A43F4
:1059100003FB040009F037FA2846F4E78C11010C68
:10592000A8F5000C0121024A024805F0A9BF00BFFA
:10593000B711010C58F5000C70B5054603F0B0FA2C
:105940000446084E6B6863B103F0AAFA031BB34226
:1059500003D9BDE87040FFF7E5BF022008F0FAFC6C
:10596000F0E770BDBFD4010038B54568D5E9010145
:1059700083681B686BB19847041E0DDA14F1780F29
:105980000AD02346184A0121184805F082FF204614
:1059900038BD6FF05704F4E76868E96883681B68EE
:1059A00043B19847041E08DA14F1780F05D0104A65
:1059B0002346E8E76FF05704F9E72B69984701227F
:1059C0002B681A702868FFF7B7FF2B7D13B10022F0
:1059D0002B681A702A680024137843F002031370AE
:1059E0002868FFF7A9FFD2E7E611010C58F5000C73
:1059F0000A12010CF8B504690D4600AFA034D4E8D2
:105A0000AF3FC3F38003994218D1164A164B6E4636
:105A100088B0002918BF13466A461449CDE905131A
:105A20004FF40073ADF81C30114B42F8103F0023C7
:105A30004FF4E4510F48FBF7C3FDB5464DB1D4E830
:105A4000EF3F43F00403C4E8E23F002AF7D1BD462C
:105A5000F8BDD4E8EF3F23F00403C4E8E23F002A96
:105A6000F5D0F6E75D12010C6512010C6C12010C09
:105A700003000001D0F5000C2DE9F04705468946EA
:105A800090461F46D0F808A007F091F90446C0B12F
:105A9000067DF30709D5037E16480121164A05F055
:105AA000F8FE6FF07700BDE8F0873B464246494676
:105AB00007F03DF940B9237E0121104A0D4805F059
:105AC000E8FE6FF01200EEE79DF8203026F00606A3
:105AD00084F81980678323772675DAF81830214611
:105AE00028469847B0FA80F3227D5B0963F30002F1
:105AF0002275D8E7D0F5000C7E12010C9812010C2B
:105B000070B50546866807F052F90446D0B1037DAA
:105B1000DB0708D4037E0D4801210D4A05F0B9FECC
:105B20006FF0770070BD0146F3692846984738B199
:105B3000237D03F00103227D63F300022275F1E768
:105B40000346F8E76FF01200ECE700BFD0F5000C59
:105B5000BA12010C2DE9F3411746D0F8088005462A
:105B6000D8F83C300E4698470022002339460B48AF
:105B7000FCF7ACFF044670B901213B46084A0948CE
:105B8000009605F090FE2846D8F840309847204609
:105B900002B0BDE8F0810676F5E700BF08050020F9
:105BA000D512010CD0F5000C042903D849B96FF0C7
:105BB00015007047052914BF6FF015006FF08500C0
:105BC000704762B9436803291B6803F5805308D006
:105BD000042908D0022914BF02220422DA7300200B
:105BE00070470122FAE708499A7311F8010B013254
:105BF000352A83F82000F8D10822DA739A7C42F023
:105C000002029A74EBE700BF0B20010C70B54368E9
:105C1000002106461D68FFF773FF044648B110F1E6
:105C2000780F06D00C4A01210C4807F0A4FC20464E
:105C300070BD80213046FFF763FF044620B110F1AC
:105C4000780F01D0064AEEE705F580535A78002414
:105C500002F0BF025A70EAE70313010CD8F5000CFA
:105C60002A13010C70B503699022D3F8A45043683D
:105C7000002105F1A0001C6809F092F84022FF21E4
:105C800005F5987009F08CF84021284607F083FC50
:105C90004FF6FF73984207D136480121364A07F084
:105CA0006AFC6FF00B0070BD344AA5F83001A5F80E
:105CB0005001D369372043F48033D36107F083FE6A
:105CC000012342F2107623602368DB0702D4E369E4
:105CD000D8070DD5013E07D2294A2648012107F0F1
:105CE0004AFC6FF07300DEE7012007F06CFEEBE783
:105CF000002EF1D042F21076236843F40073236043
:105D0000236843F480732360236843F00203236015
:105D1000E369990707D5013E01D21A4ADDE7012060
:105D200007F051FEF4E7002EF7D020232361A3698A
:105D3000DA071CD504F58054D4F82435002243F04A
:105D40000203C4F824350024002385F8104205F529
:105D5000F07003F091FE2046A5E7012007F033FE26
:105D6000A369DB07E6D4013EF7D1074AB5E7074E42
:105D7000F6E700BFD8F5000C5013010C008000447A
:105D80006B13010C8813010CAB13010CA0860100EE
:105D9000F0B5036989B0D3F8A47043680646694634
:105DA00007F5F0701D6808F031FD002105F58053FE
:105DB000D9801981D97224233046EB60FFF7A0FE09
:105DC000044650B110F1780F07D0204A0121204835
:105DD00007F0D1FB204609B0F0BD80213046FFF727
:105DE0008FFE044620B110F1780F01D0194AEDE77B
:105DF00042F211742B6823F002032B60EB699907C0
:105E000017D4012342F211742B602B68DA0716D4E1
:105E1000EB69DB0713D49022002107F1A00008F002
:105E2000BFFF4022FF2107F5987008F0B9FF00245A
:105E3000D0E7013CE5D0012007F0C5FDDEE7013CDD
:105E4000E9D0012007F0BFFDDFE700BF0313010C1D
:105E5000D8F5000C2A13010C38B5436804461D68B8
:105E60000369A033D3E8AF3F5B0707D41148022191
:105E7000114A07F080FB6FF00C0038BD05F5805526
:105E80006B7803F0FD0343F004036B7000211420D2
:105E900008F0D2FD6B78002103F0FB0320466B7005
:105EA000FFF7A8FD00220221204606F0ABFF0020EC
:105EB000E3E700BFD8F5000CC113010C2DE9F04F4A
:105EC000036987B0D3F8A440436880461D6805F590
:105ED00080566B6996F80A907788B2885FFA89F9DC
:105EE00092B201929A0642BF20226A61EA60580784
:105EF000BFB250D54FF0040A19F0040FC5F814A032
:105F000039D0002504F5BA7084F89C50C4F8C85103
:105F1000A4F8CC5107F068FD04F5BC7007F064FDEF
:105F200004F5C07007F060FD04F5C27007F05CFD79
:105F3000F38840209BB243F00103F380B57307F070
:105F400060FA514600F00F0086F8620086F86300A0
:105F5000B4F83031C3F30C03A6F86430B4F8503110
:105F6000C3F30C03A6F8663004F1880007B0BDE85F
:105F7000F04F07F026BD19F0010F04D0082104F1FD
:105F8000880007F01EFD19F0020F04D0102104F163
:105F9000880007F016FD0022B273B17CCBB249072E
:105FA00007D5B37C03F0FB03B37484F89C20B37C67
:105FB000DBB2DA061FD5B37C43F08003B374002351
:105FC00084F89C30B37CDBB2DB0749D5326AC4F875
:105FD0009420336AC4F898301B0C1BD1B37C43F077
:105FE0004803B374032384F89C30012104F1880032
:105FF00007F0E7FC34E094F89C20032A30D801A194
:1060000051F822F0C95F000C5760000CB360000C1F
:106010004960000C100605D5B37C43F04003B3740F
:106020000123E0E7B27C42F04002B274022284F81D
:106030009C20D4F89420A4F8CA31C4F8CE21D4F816
:106040009820C4F8D221D0E7F90709D5002384F8B5
:106050009C300221CAE7FA0702D513F00203F6D0FA
:1060600000234FF001094FF0200A9B467F0804F5FA
:10607000BA70002F69D123B1802104F1880007F0A4
:10608000A0FC01264FF0000B019B05F581594FEA5A
:10609000530A09F1040905F58055BAF1000F40F0E3
:1060A0008780019B13F0FE0F00F0F2804FF48071A7
:1060B0005AE7D807D4D596F818900021404609F041
:1060C0007F0906F074FE60B3B0F81AB0CBF30A0B88
:1060D000B9F1000F18D0B4F8C81105F58150C1F11D
:1060E000400ACA4528BFCA4601F5C4715246214438
:1060F00007F095F9B4F8C8319A44B4F8CC31A4F853
:10610000C8A14B44A4F8CC31CB450DD8B4F8CC2170
:10611000B4F8CA319A4207D2B37C43F04003B37457
:1061200097E74FF0400BD3E7B37C012243F04803DD
:10613000B374032384F89C3004F5BE73D3E8EF1FD7
:10614000C3E8E02F002884D0F8E7F9072CD5EFF357
:1061500011838AF31288BFF36F8F09F00F02B273B5
:10616000B27C920612D5B27C02F0DF02B274B27C2D
:1061700042F00802B274B27C910742BFB27C42F096
:106180000802B274B27C02F0FE02B2744946039374
:10619000029007F01AFC86F80EB0039B83F3118877
:1061A000BFF36F8F012302987F0809F1010960E7AF
:1061B0001AF0010F19D0F1B2EFF3118302932023EB
:1061C00083F31288BFF36F8F01F00F03AB73AA7DC7
:1061D000D3B252060FD503F0BF03AB7585F80EB0EE
:1061E000029B83F31188BFF36F8F4FEA5A0A01367F
:1061F00009F1040951E740462F8B06F0D8FDBFB2E4
:106200000390002840D006F0F9FD034600283BD05B
:10621000C7F30D07E7B1018A428A0493521AC16895
:106220004069091A521ABA4228BF3A4603F10C00D3
:106230001146059205F0BAFC059A0146484607F05A
:10624000EEF8039B5A8B049BC2F30A02974204D2D6
:10625000AB7D03F0FE03AB750CE0D96858695A8A30
:10626000091A1B8A521A9A420AD1314604F5C070A3
:1062700007F0ABFB314604F5BC7007F0A6FBADE7B9
:10628000AB7D03F0FE03A8E7314604F5C270F4E7E6
:1062900007B0BDE8F08F00BF2DE9F04F0F4643680F
:1062A00082461146384685B016461C6806F0A8FDA1
:1062B00097F8149019F0020940F0A4803D7E35F063
:1062C000800300F0A3802B0600F19780DAF81030ED
:1062D0002946D3F8A48008F5C07B584607F012FC85
:1062E000A8B1EFF31181202383F31288BFF36F8FDE
:1062F00004F5805305F00F029A739A7D02F0FE02B6
:106300009A7583F80E9081F31188BFF36F8F294639
:1063100008F5C27007F0F6FB8146002872D0EFF353
:1063200011830093202383F31288BFF36F8F05F04E
:106330000F0304F5805750462946BB7306F037FD1E
:106340008246002852D006F059FD064600284DD05E
:1063500005F5816204EB8202018A0192428A3B8B3D
:10636000521AC1684069C3F30D03091A521A9A42BE
:1063700028BF1A4606F10C0011460393029205F05D
:1063800015FC0146DDE9010207F049F8BAF81A20C8
:10639000039BC2F30A0293421BD2BB7D03F0FE03B0
:1063A000BB75294608F5BC7007F00FFB002304F508
:1063B0008054A373009B83F31188BFF36F8FB9F1EF
:1063C000000F1FD04FF4807108F1880007F0F9FA30
:1063D00018E0F2687169738A521A9B1A328A9342E2
:1063E00004D12946584607F0F0FADAE7BB7D4FF0B2
:1063F000000903F0FE03BB75D8E732463946204654
:1064000007F04CFA002005B0BDE8F08F002DF9D060
:10641000DAF8102004F580547F8BD2F8A480A3739F
:10642000717E480701D50221CEE7A27CD5B2920742
:1064300006D502212B461D4A1D4805F02AFAE1E740
:10644000328A4AB9080707D4012388F89C30A37C14
:1064500043F00A03A374D5E7C7F30A07BA4228BF7B
:106460003A46914699450FD8494606F10C0005F089
:10647000C5FBB94511D3328A62B145F0020501234B
:1064800088F89C30A574BDE7F268D25C013384F8CB
:106490002020E7E7737E190702D445F00A05EEE7EE
:1064A00062F3C30345F00A057376E8E7F513010CC0
:1064B000D8F5000C2DE9F3410027456840232E68EC
:1064C0003A46394600978046FFF7D6FA044660B14F
:1064D00010F1780F09D03B4601211F4A1F4805F0F3
:1064E000D8F9204602B0BDE8F08140230022802187
:1064F00040460097FFF7C0FA044620B110F1780F2C
:1065000001D08023E8E706F58054E37A0A2043F0BF
:106510000703E372E37A03F0EF03E372E37A03F035
:10652000F703E372E3889BB243F00103E3800423A3
:1065300033616378AA69DBB2022A0CBF43F02003FF
:1065400003F0DF03637007F03EFA637843F0400323
:1065500063700024C5E700BF3514010CD8F5000CAA
:106560002DE9F04F056989B007464468D5F8A48045
:1065700005F1840008F00EF808F1880008F0EDFB42
:106580006049C8F8D87108F5F07008F033F995F84B
:1065900080304FF0400923F0760343F0760385F80E
:1065A0008030A369022B01BF95F880304FF4806AD8
:1065B00043F0010385F8803018BF40F2FF3A002510
:1065C0006368AB4228D800254FF0400B6368AB42AC
:1065D0005FD8002688F89C60A8F8C861A8F8CC614C
:1065E000D4E904124FF0000A4FF0000B6FF00703DC
:1065F0000120CDE906ABCDE90330CDE90166404687
:10660000414B009703F0ACFA3968404608F02FF987
:106610003846636A984720E0E2686B0102EB451256
:10662000917C41F040019174E268D5B9917C41F0D0
:1066300001019174E268A2F81090E26838461A44A9
:106640001576E168194406F0BFFB0646F8B12B4603
:106650002E4A01212E4805F01CF9304609B0BDE84C
:10666000F08F1A44917C41F004019174E2681A445D
:10667000917C41F002019174E2681A44917C41F0EE
:1066800008019174E2681A44A2F810A0D5E7013518
:1066900096E7A2686B0102EB4512917C41F0200164
:1066A0009174A268ADB9917C41F001019174A26826
:1066B000A2F810B0A26865F07F011A441176A168B3
:1066C0003846194406F080FB0646C0B1114A2B46F5
:1066D000BFE71A44917C41F004019174A2681A4406
:1066E000917C41F002019174A2681A44917C41F0BE
:1066F00008019174A2681A44A2F810A0DAE70135E3
:1067000064E700BF2BD5000C33DB000C4F14010CE9
:10671000D8F5000C7214010CF8B500AFB8B96C468E
:1067200088B06A46344B4FF4E2510593334B3448FA
:1067300006934FF40073ADF81C30324B42F8103F13
:1067400007F02AFCA5466FF01500BD46F8BDB0F174
:10675000205F4FEA906415D36D468AB06A462A4B93
:106760004FF411510593254B2548CDE906344FF4DC
:106770000073ADF82030254B42F8103F07F00CFCB9
:10678000AD46E0E7631EDBB2082B2ED8204A214D30
:10679000D15C214AD65C214AD25CEB5CC5B28D4209
:1067A0000BD8C0F3052CB44507D8C0F30556964264
:1067B00003D8C0F3853098421CD96E468CB06A4627
:1067C000174BCDE9084105930C4B4FF45151CDE9DE
:1067D00006354FF40073ADF82830124B084842F8E4
:1067E000103F07F0D9FBB546ADE73F2300211A461D
:1067F0001E46D3E70020A8E7AD14010C0621010CCA
:1068000040F5000C03000001DB14010C0400000142
:106810005B20010C4020010C5220010C4920010C8E
:10682000F914010C060000012DE9F3470C464FF066
:106830000008174943682143064615461F68CDF8EE
:10684000048007F0ACFB022805D0C5F800800020CA
:1068500002B0BDE8F0874FF00609B4FBF9F85FFA23
:1068600088FA5146304601AA07F022FC0028EFD1F1
:106870003F2309FB18444C37E4B257F82A20E400C0
:10688000A3401340E3D0019AB2FBF3F22A60DEE7A3
:1068900000FFFF0F2DE9F04F83B01C4643680D4603
:1068A00092469A68002302EB8108464900AF2943CB
:1068B0007B608146D0F810B0D8F8206007F06FFBFD
:1068C00002284FF000034AD1D8F8201001F00F0140
:1068D000514518D16C4688B06A463B4B53613B4BDF
:1068E0003B4893614FF4007393833A4B4FF4E2516A
:1068F00042F8103F07F050FB6FF08500A5460C37BB
:10690000BD46BDE8F08FBAF1060F07D18B1F052BEE
:1069100004D86C4688B06A462F4BDFE70B290AD8AB
:10692000DFE801F006202E39393C41414141414127
:10693000DBF800307B60D8F82020012D4FEA1242AE
:1069400018BFD2B2F30435D51D2A28BF1D2201235A
:10695000013292B293409AB27B68B3FBF2F300200B
:106960002360CCE7AB1EDAB2092A04D80BEB830B09
:10697000DBF80430DEE76C4688B06A46174BADE7BB
:10698000012D1BD00C22012148463B1DFFF782FF41
:106990000028D0D0B3E74FF40043CBE74846391D79
:1069A00000F01EF8F4E7063948463A1DC9B2FFF771
:1069B0003BFFEDE7012A38BF0122CDE76FF05B0016
:1069C0009DE700BF00FFFF1B2615010C9A20010C5C
:1069D00040F5000C030000014815010C6A15010C7C
:1069E00037B50C4641680A68136913F4807303D104
:1069F0000020236003B030BD136BDB0701D4094BCB
:106A0000F6E78B68D56BD3F88010052201AB01F057
:106A10000F01FFF73FFF0028ECD1019BADB26B43A4
:106A20002360E7E7006CDC022DE9F04F83B0436898
:106A30008146D3E900BA0E46144600AFCDB2D2B9B2
:106A40006C4688B06A46B94B4FF4E2510593B84B97
:106A5000B84806934FF40073ADF81C30B64B6FF096
:106A6000150842F8103F07F097FAA54640460C3744
:106A7000BD46BDE8F08F08467B60FFF74DFE7B68A2
:106A80008046B10EC0B16C468AB06A46AB4B0895E1
:106A90000593A74BA748CDE906314FF40073ADF835
:106AA0002430A74B4FF4315142F8103F07F074FAED
:106AB000A5466FF08508D9E7082900F27381DFE861
:106AC00011F0090013007600C500DE00E400EE00BE
:106AD0005C016901DBF81430227823F0800343EA7B
:106AE000C213CBF81430C1E7D9F80430A1789A6802
:106AF0001D68D2F8803061F30303C2F880306378F8
:106B0000002B3AD02B6BDFF83C9243F00102DBB252
:106B100043F001032A632B6302F0C2F90646AB6F10
:106B2000A3B102F0BDF9831B4B45F8D96C4688B080
:106B30006A46854B5361854B93614FF40073938391
:106B40007D4B4FF4E25142F8103FE9E0EA6BA38835
:106B50006FF30F021343EB6302F0A2F90646DFF86E
:106B6000E491AB6F4BB102F09BF9831B4B45F8D915
:106B70006C4688B06A46764BDCE7EB6A227803F015
:106B80007F0343EAC213DBB2EB6202F089F90446E9
:106B90006C4EAB6F002B3FF469AF02F081F9031B21
:106BA000B342F6D96C4688B06A466A4BC2E726798A
:106BB000D9F804300B2ED3F800901EDC9B6803EB51
:106BC000850ADAF88430334343F04003CAF884304E
:106BD00002F066F98346DAF884305B060DD402F0E1
:106BE0005FF9584AA0EB0B039342F4D96C4688B086
:106BF0006A46594B0593594B9EE70B2ED8BF00268A
:106C000009F1440252F825302188C8BF0B3E61F3D8
:106C1000090342F8253009F1480252F82530A178DD
:106C200009F1400961F3050342F8253059F8253090
:106C3000E278C8BF360223F4F063C8BF06F4E0660A
:106C400043EAC2131E4349F825600FE70623B5FB4C
:106C5000F3F2D9F8041003FB125308683F214C30BB
:106C6000D2B2DBB250F82250DB00994025EA010590
:106C7000217801FA03F32B4340F82230F6E623781B
:106C800003F00303CAF81030F0E6DAF81C3022787B
:106C900023F0800343EAC213CAF81C30E6E6D9F8B1
:106CA00004A0012DDAF80810D9F8106001EB850175
:106CB0000A6A238822F4005222F00F024FEA0242AD
:106CC0004FEA124201D0FF2B01D842EA0342E37897
:106CD000A07803F00F0343EA403313430B6202F042
:106CE000DFF88146DFF85CB0DAF808305B68002B2B
:106CF0003CD002F0D5F8A0EB09035B45F4D96C4613
:106D00008AB06A46164B4FF411510593154BCDE9E5
:106D100006354FF40073ADF82030134B42F8103FA6
:106D2000044807F039F9A546A0E600BF8815010C14
:106D30001921010C40F5000C03000001A715010CFE
:106D400005000001BFD40100D115010CF120010C98
:106D50000616010C3916010CA416010CDD20010CDD
:106D60006E16010CC520010C04000001002D7FF4FB
:106D70007DAEE37886F83A3078E69B68C6F3052660
:106D800003EB8603D3F88020217861F30302C3F874
:106D900080206BE6D9682378CA6822F0FF0213438B
:106DA000CB6063E60121024A024804F069FD80E6F7
:106DB000EB16010C40F5000C2DE9F04782B00023E2
:106DC000D0F80480D0F810A000AF064608468946E7
:106DD00015467B60FFF7A0FC0446A8B16C4688B05E
:106DE0006A46414B5361414B414893614FF40073F4
:106DF0009383404B4FF4E25142F8103F07F0CCF838
:106E00006FF08500A54616E04946304607F0C7F802
:106E100002280ED14FEA99635FFA89F1092B5DD8F8
:106E2000DFE803F00513181D2210373D4A4ADAF84F
:106E3000004000202C600837BD46BDE8F0874FF4C5
:106E40008064F6E74FF40044F3E729463046FFF745
:106E5000C7FDF0E72A46304607F02AF9EBE72A4655
:106E60003046FFF7E1FCE6E773685A68136903F000
:106E70000303012BE3D0991E0129E3D8D46914F050
:106E80000204D6D0032B14BF4FF400444FF48064A7
:106E9000CFE72B460C223046FFF7FCFCCBE7D8F8B7
:106EA0000830C9F3052909F1200953F829100C22EB
:106EB0002B4601F00F01EEE70C22002130463B1D6E
:106EC000FFF7E8FC0028B6D1D8F80C307C68DB6806
:106ED00013F0FF03ADD0B4FBF3F4AAE76C4688B01F
:106EE0006A46054B7EE700BFD116010CB120010CAC
:106EF00040F5000C03000001E716010C2DE9F84FE6
:106F0000D0F804A0D0F8108000AF0846DAE9006B92
:106F10000D46DAF80890CCB2FFF7FEFBA8B16C463C
:106F200088B06A46484B5361484B4FF4E251936135
:106F30004FF400739383464B464842F8103F07F0E6
:106F40002BF8A5466FF085000DE0AB0E092B75D828
:106F5000DFE803F0050C112774464D5A7465736918
:106F600023F002037361BD46BDE8F88FF36A23F096
:106F70000203F362F7E7403656F8243023F00203A9
:106F800046F824300123D8F83020A34022EA030237
:106F9000C8F83020D8F82C2022EA0302C8F82C20A8
:106FA000E1E70622B4FBF2F3DDB202FB13434FF03C
:106FB000FF320133DBB202EBC30301224C3656F839
:106FC000251002FA03F321EA030146F82510B8F868
:106FD00038300634A24023EA0203A8F83830C2E76A
:106FE000DBF81C3023F00203CBF81C30BBE724B9DC
:106FF0006C4688B06A46184B95E709EB8404236A0F
:1070000023F480732362AEE7C5F3052509EB8509F8
:10701000D9F8803023F04003C9F88030A3E701217C
:10702000DAF80C30C5F3055203EB8203DA6BC5F3D3
:107030008535A94022EA0102DA6394E70121074A73
:10704000044804F01DFC7DE7D116010C8B20010CD7
:107050000300000140F5000C0617010CEB16010CB3
:107060002DE9F0474FF0010843680669D3F8009016
:1070700000AF09F1400252F821300C4643F0020300
:1070800042F8213001F1180308FA03F801F008FF73
:107090000546DFF858A0D9F8103038EA03031CD0B1
:1070A00001F0FEFE431B5345F5D96D468AB06A4692
:1070B0000F4B10480593104B4FF41151CDE9063496
:1070C0004FF40073ADF820300C4B42F8103F06F03F
:1070D00063FF6FF07300AD4605E001220020F36A04
:1070E000A2401343F362BD46BDE8F087FF0D2707BA
:1070F0003217010C40F5000C9921010C040000012D
:107100002DE9F84F0546D0F8048000AF08460C463C
:10711000FFF702FB0646A8B16C4688B06A467B4B77
:1071200053617B4B4FF4E25193614FF400739383AF
:10713000784B794842F8103F06F02EFF6FF0850635
:10714000A5461BE02146284606F029FF022819D152
:107150006C4688B06A46714B4FF4E65105936C4B10
:107160006D4806934FF40073ADF81C30694B6FF017
:10717000770642F8103F06F00FFFA5463046BD46A1
:10718000BDE8F88F6A68A00E11689368092800F2BC
:107190008280DFE800F005353A5380585E688073DE
:1071A0004B6943F002034B614FF00009DFF870B107
:1071B000C4F3076303F0FC03142B40F08680D8F877
:1071C0000430DB68DB07D9D4D8F814304B4500F223
:1071D00084806C4688B06A46524B4FF4E251059366
:1071E0004B4B4D4806934FF40073ADF81C30494BA0
:1071F0006FF0730642F8103F06F0CEFEA546BDE7DD
:10720000CB6A43F00203CB62CEE70F20E1B24B1C06
:107210002A6903EB43035B0000FA03F3108F034278
:1072200005D02846FFF71CFF0028BDD048E0012309
:1072300003FA01F1136B0B431363B5E72846E1B280
:1072400006F08DFFF0E75268D36943F00203D36183
:10725000AAE714F0FF02A7D003EB82031A6A42F4F4
:1072600080721A62A0E7C4F3052203EB8203D3F80D
:10727000802042F04002C3F8802095E7D268C4F332
:10728000055302EB83020123D16BC4F385308340A5
:107290000B43D36388E76C468AB06A46224B4FF4AF
:1072A00011510593214BCDE906304FF40073ADF831
:1072B00020301F4B184842F8103F06F06DFEA546DF
:1072C0006C4688B06A461B4B2AE72146284606F0E2
:1072D00066FE02287FF478AF50E7174B1B785BB14E
:1072E000FBF75AF9154B1B5833B10A20002107F060
:1072F000A3FB09F101095BE701F0D2FD824601F031
:10730000CFFDA0EB0A035B45F9D9F2E7D116010CDA
:107310007D20010C0300000140F5000C4D17010C0D
:10732000BFD40100AD17010C6717010C7420010CCC
:10733000040000018F17010CE05400200800000039
:107340002DE9F04143682F4A1D6804696B69487A4A
:107350001A400B7C00021B0600F4706003F04073BF
:107360000343087A00AFC001C0B2034388784001EC
:1073700000F020000343887A000100F0100003436E
:10738000C878C00000F0080003434878800000F08F
:10739000040003430878400000F002000343134355
:1073A0006B614B6823600B7803B301F079FD0646EF
:1073B000DFF854802B69DB071BD401F071FD831BC0
:1073C0004345F7D96C4688B06A46104B4FF4E251FA
:1073D00005930F4B0F4806934FF40073ADF81C3024
:1073E0000D4B42F8103F06F0D7FDA546BD46BDE85F
:1073F000F081636B43F480536363238F43F0010395
:107400002387F3E741F0FFFCFF0D2707C217010CAC
:107410008921010C40F5000C030000012DE9F04723
:1074200006690C46338F00AF9D0614D56C4688B0B4
:107430006A46864B4FF4E6510593854B06934FF40D
:107440000073ADF81C30834B42F8103F824806F0C1
:10745000A3FDA546CDE096F83A30052B00F0AB80B1
:1074600043681D689A68EB6A23F00203EB628B782D
:10747000012B67D10978736BCB40D80713D46C46C6
:107480008AB06A46754B0593714BCDE906310323EB
:1074900008934FF40073ADF82430714B4FF433511F
:1074A00042F8103FD2E7D2F88030DFF8B8A161F39C
:1074B000030343F04003C2F8803001F0F1FC804642
:1074C000DFF8A491DAF880305A0600F1958001F0D7
:1074D000E7FCA0EB08034B45F4D96C4688B06A463C
:1074E000624BA7E02B6B627903F0490343EAC213B6
:1074F000A279DBB2520102F020021343E279DFF8F5
:107500006891120102F010021343227A920002F0F5
:1075100004021343627A520002F00202134343F062
:1075200001032B6301F0BCFC8046AB6F53B101F04B
:10753000B7FCA0EB08034B45F7D96C4688B06A4608
:107540004B4B77E0EB6AE27803F07F0343EAC21328
:10755000DBB2EB626278EB6A520002F0020203F0E7
:10756000FD031343EB6201F09BFC8046DFF8F890CB
:10757000AB6F53B101F094FCA0EB08034B45F7D976
:107580006C4688B06A463B4B54E06378002B30D0A1
:1075900001F086FC8046DFF8E0902B69DB051ED405
:1075A00001F07EFCA0EB08034B45F6D96C4688B091
:1075B0006A46324B3EE06D4688B06A46304B4FF427
:1075C000E6510593224B244806934FF40073ADF81F
:1075D0001C30204B42F8103F06F0DEFCAD466378CD
:1075E0003BB1736B43F400537363338F43F0200359
:1075F0003387BD46BDE8F087A37AEA6BA1891B04F7
:1076000003F4FE036FF316020B431343EB6301F025
:1076100047FC8046DFF85090AB6F002B3FF462AF21
:1076200001F03EFCA0EB08004845F5D96C4688B057
:107630006A46144B5361064B4FF4E25193614FF489
:1076400000739383034B42F8103FFFE6DB17010CF6
:107650007621010C0300000140F5000C0C18010C10
:107660000500000100000144BFD40100B118010C65
:10767000D115010C3916010CFF0D27079518010CC7
:107680005B18010C0616010C2DE9F04F83B0D0F801
:1076900010900D78D9F8306000AFEE4016F001037D
:1076A0000C467B6040F0A18091F807B0D9F83430E7
:1076B00023FA0BF3DE0717D46C468AB06A46604B98
:1076C0004FF4335105935F4BCDE9063503230893FF
:1076D0004FF40073ADF824305B4B42F8103F5B4829
:1076E00006F05AFCA54680E04368BBF10B0FD3F8C7
:1076F0000080D3F810A01EDC9E6806EB8506D6F845
:1077000084204BEA020242F04002C6F8842001F0D5
:10771000C7FB0246D6F884003A6041060BD401F05C
:10772000BFFB3A684A49801A8842F3D96C4688B050
:107730006A46484B77E008F1440252F825306189E7
:10774000BBF10B0F61F3090342F825304346217B5F
:1077500053F8482FC8BFABF10B0B61F30502C8BF4C
:107760004FEA0B2B43F82520C8BF0BF4E063A07948
:10777000C8BF7B60637908F1400252F82510C0024F
:10778000DB0100F46050DBB27E6821F47E510343DC
:107790000B431E4342F82560E2892F4BD8F86C104A
:1077A00003EA0243228A6FF3DE11D20192B213433D
:1077B0000B43C8F86C3001F073FB0646DFF890B05D
:1077C000D8F878305A0614D501F06AFB831B5B4564
:1077D000F6D96C4688B06A46204B24E00122D9F8DD
:1077E0003030AA401343C9F830300C37BD46BDE8ED
:1077F000F08F2379002BF8D0DAF81C30184E43F4C0
:107800008033CAF81C3001F04BFB0446DAF80C3028
:10781000DB05E3D401F044FB031BB342F6D96C460D
:1078200088B06A460F4B5361064B4FF4E2519361A7
:107830004FF4007393830C4B42F8103F4FE700BFA7
:10784000E118010C6721010C0500000140F5000C56
:10785000BFD40100A416010C0000FF7F5619010CD3
:10786000FF0D27072519010C030000012DE9F04148
:1078700006240D780669B5FBF4FC328F05F1060885
:1078800022FA08F2D20704FB1C5400AF18D56D464B
:107890008AB06A46274B08940593274B4FF433511F
:1078A000CDE9063C4FF40073ADF82430234B244857
:1078B00042F8103F06F070FBAD46BD46BDE8F081D2
:1078C00043684FEAC40ED3F800C03F23DCF84C20D5
:1078D00003FA0EF322EA03024B7903FA0EF3134381
:1078E000CCF84C300B79CBB96E468AB06A46154B52
:1078F0004FF433510593104B114806930623B5FB03
:10790000F3F3CDE907344FF40073ADF824300B4B9B
:1079100042F8103F06F040FBB546CEE7294606F098
:107920001EFC0028E0D10123328F03FA08F3134331
:107930003387C2E78019010C5421010C05000001B6
:1079400040F5000CB519010C2DE9F041056900AFB7
:107950002B8FDA0616D56C4688B06A46344B4FF446
:10796000E6510593334B06934FF40073ADF81C308A
:10797000314B42F8103F314806F00EFBA546BD469C
:10798000BDE8F08143680A7C5C68CB7B52009B00B9
:1079900002F0020203F0040313438A7B606902F0E1
:1079A000010220F00700134303436361E3692448A5
:1079B0000A7B18404B7A12029B0402F4706203F4B3
:1079C000701313430A7AD201D2B213434A78920059
:1079D00002F0040213430A78520002F00202134339
:1079E0000343E3610B78002BC9D001F059FA064636
:1079F000DFF85080E368DB0715D401F051FA831BF0
:107A00004345F7D96C4688B06A460F4B4FF4E251B4
:107A10000593084B06934FF40073ADF81C30064BEA
:107A200042F8103FA7E72B8F43F010032B87A6E700
:107A3000EC19010C4121010C0300000140F5000C80
:107A400079F0C3FFFF0D27071B1A010C2DE9F04742
:107A500006690D78736B0C46EB40DA0700AF17D55B
:107A60006C468AB06A46514B4FF413510593504B04
:107A7000CDE906354FF40073ADF820304D4B42F898
:107A8000103F4D4806F088FAA546BD46BDE8F08790
:107A900091F807C0338F23FA0CF3DB0713D46C463D
:107AA0008AB06A46454B4FF433510593404BCDE9BC
:107AB0000635032308934FF40073ADF82430404B90
:107AC00042F8103FDDE7D0F80480012DD8F80820F7
:107AD000638A02EB8502116A21F4745121F00F01CF
:107AE0004FEA01414FEA114101D0FF2B01D841EA91
:107AF00003416379003B18BF012341EA4331237CF2
:107B00000BB141F48051637D207ADB02800200F4E6
:107B1000806003F400630343207D0CF00F0C4002EF
:107B200043EA0C0300F4007003432079DFF894A0CB
:107B3000000200F4807003430B43136201F0B0F9BC
:107B40008146D8F808305B68BBB101F0A9F9A0EB19
:107B500009035345F5D96C468AB06A461A4B4FF46F
:107B600011510593124BCDE906354FF40073ADF872
:107B70002030104B42F8103F83E7AB1E092B0FD883
:107B8000E26806EB83035A600122736BAA40134339
:107B9000012D736302BF338F43F00203338774E711
:107BA000002DF1D1E37986F83A30EDE73A1A010C6D
:107BB0002E21010C0400000140F5000C6C1A010C90
:107BC00005000001BFD401006E16010C2DE9F04F35
:107BD0007D4B87B0DFF8F4E100AF0125C7E900E392
:107BE0004FF46069302339464668044640F2011A72
:107BF000C7E90293D0F810803D61FFF7A1FB4FF475
:107C00000043C7E900A340F20713DFF8C4B13946C7
:107C10002046C7E902B33D61FFF796FEB368DFF87F
:107C2000B4A11D7001F03CF90546B368D3F8049087
:107C3000B9F1000F1ED001F033F9431B5345F4D9BD
:107C40006C4688B06A46644B64480593644B4FF4B5
:107C5000E25106934FF40073ADF81C30614B42F8CB
:107C6000103F06F099F96FF07300A5461C37BD462A
:107C7000BDE8F08F05230326DFF86CB188F83A30B1
:107C800001254FF006084FF0020A14220021381D8A
:107C900007F086F83946204687F80780C7F800B015
:107CA0007D823D71FFF7D2FE14220021381D07F0BE
:107CB00077F84E4B394620463B6087F80780A7F897
:107CC00012A03D71FFF7C2FE14220021381D07F0FB
:107CD00067F8474B39463B6007232046FB717D829E
:107CE0003D71FFF7B3FE40F20113C7E900394FF4CD
:107CF000803339462046BB60BD81FFF78FFB3D4A8C
:107D00003D4B4FF47001C7E9002303232046C7E928
:107D100002133946C7F81090FFF7B6FC40F601038E
:107D200036483946C7E900032046FFF79FFD41F278
:107D300001434FF40068DFF8C8C039462046C7E960
:107D400000C3FFF793FD2F4B39462046C7E90038A3
:107D5000FFF78CFD2C4B39462046C7E90038FFF76A
:107D600085FD2A4B39462046C7E90038FFF77EFDDE
:107D7000274B39462046C7E90038FFF777FD013E1B
:107D80007FF47EAF636832465B68204621491D61FF
:107D90002B4606F00CFA2B46524620461E4906F0AA
:107DA00006FA2B46324620461C4906F000FA2A46BF
:107DB00020461B4906F010FA20462A46194906F0CB
:107DC0000BFA304652E700BF001BB700010000016C
:107DD00000000101BFD40100BF1A010C40F5000CE6
:107DE0006420010C0300000100FFFF1B01FFFF1BCB
:107DF00002FFFF1B00C0FF0B0100010C00FFFF0F83
:107E000001FFFF0F02FFFF0F03FFFF0F04FFFF0F34
:107E100005FFFF0F30E7FF1F37EEFF1F35ECFF1F99
:107E20003E7F34240E3F052408B5074806F0B8FA13
:107E300038B10648FAF708FE0448F9F715F90020AA
:107E400008BD6FF01200FBE768EF000C517E000CDC
:107E50000A2838B50446074D04D1AB680D212846E1
:107E60005B689847AB6803485B68E1B29847204677
:107E700038BD00BF68EF000C10291FB528BF1021C6
:107E80000C460C4BD3F8E02112BA0092D3F8E4214F
:107E900012BA0192D3F8E82112BA0292D3F8EC3167
:107EA0000A461BBA6946039306F06DFF204604B0EC
:107EB00010BD00BF0070000A2DE9F0430025012726
:107EC000DFF8E0E000F1020CEBB2994202D80020AA
:107ED000BDE8F08330F825403CF82560C4F3422823
:107EE00004F00F03B8F1010F5EF82330C4F304125D
:107EF0002AD15BB303EB52084FEA143998F83040AB
:107F000012F0010F15BF04F00F0404F0F00444EA6E
:107F1000091449EA040488F8304003EB020898F891
:107F2000404044F0010488F8404016F0010F07FA81
:107F300002F803EB02040BD116F0020F0ED194F8F5
:107F4000409009F0FB090DE0002BEED10135BBE7B5
:107F5000D3F8109048EA0909C3F8109094F84090BB
:107F600049F0040984F8409094F8409016F0080F06
:107F700014BF49F0020909F0FD0984F840901C681B
:107F800016F0100F14BF48EA040424EA08041C6029
:107F9000DC6E07FA02F236064CBF224324EA0202E4
:107FA000DA66D3E760F8000C48F2FF1208B5074B19
:107FB00094201A8640F2FF325A8600221146FAF7C0
:107FC000FFF9BDE808409420FAF7D8B900600245EF
:107FD0000221024A024806F03DB900BF261B010CEF
:107FE000B8F5000CF8B546680C4686F82F1000F07E
:107FF00057FF0546094F96F82F301C420CD000F071
:108000004FFF431BBB4203D9BDE8F840FFF7E0BF79
:10801000012006F09FF9EEE7F8BD00BFBFD40100D4
:108020002DE9F04743680469D3F804908246B9F813
:108030003020B9F83280B4F860301FFA88F89BB26B
:1080400043EA0803A4F86030C2F38015130694F8DD
:108050005C304FEA850597B248BF45F0080583B309
:10806000FE0744BF012384F85E30B80744BF0123F4
:1080700084F85F30A36C1B68292B0CD8274AD35C8B
:10808000022B08D194F85E3003F0FF064BB194F850
:108090005F60F6B205E094F85E3003F0FF06002B57
:1080A000F5D0390407D518F00F0F04D00221DAF803
:1080B0000400FFF797FF26B1002345F0010584F87F
:1080C0005C3094F85D30DBB1154B1F4218D03A0498
:1080D00007D518F0700F04D00421DAF80400FFF778
:1080E00081FFBB0707D5B4F8603023F010031B04F1
:1080F0001B0CA4F86030002345F0020584F85D30C5
:10810000A9F83070A9F832802DB104F11400BDE84F
:10811000F04701F099BABDE8F08700BFA621010C35
:108120000A80FFFF2DE9F04F0469D1F8008085B087
:10813000A1640F6A5FFA88F303937B1C06460D4621
:10814000934651D0002F51D04FF00A0927EAE77724
:10815000A7FB09974A463B46204601F081F90028D3
:1081600040F05881BBF1000F00F013817368BBF839
:1081700004105A68336993F8323013F0030338D08F
:10818000012B39D0A3F1020CDCF1000343EB0C030B
:10819000DB02A1B38B4228BF0B46C3F309039380D4
:1081A0007168DBF808304A6898B2D08091F82710DF
:1081B00001B110607068DBF81020DBE90113D0F822
:1081C00004E04B4331690AB1002B1ADC0121A14ABA
:1081D000A14806F03FF86FF01507204606F04CF86E
:1081E000384605B0BDE8F08FB946B3E74FF4FA69F9
:1081F000B0E74FF40073CCE74FF48063C9E7012385
:10820000CBE791F83200000707D40121934A924846
:1082100006F020F86FF08507DFE7B3F5002F0AD9E5
:108220004FF40022012100928B488D4A03F03BFB62
:108230006FF00B07D1E74FF0000CB3F5803F9A4683
:1082400028BF4FF4803A486EA3EB0A0360444260B3
:10825000486E002B6044A0F802A052440CBF4FF0BF
:10826000270A4FF0210A486E20F80CA00CF1080CE8
:10827000E3D14FF0010A4B6ECEF858302B68A3F1D2
:108280003502534253414FEA830B06217068FFF7D2
:10829000A9FE04F114030293E369002B7BD16B6800
:1082A00002932B68292B96BF6E4A0120D05C73681D
:1082B0000138596800233269C0B2082882F85C305E
:1082C00082F85D30A2F8603082F85E3082F85F306C
:1082D00097BF654B4FF0C00C13F800C0634B98BFBD
:1082E0001B5CBAF1000F00F08480012082F85D0071
:1082F00070685FFA88F890F827E0D0F804C0BEF103
:10830000000F4ED190F826008000B8F1190F58D810
:10831000B8F1100F47D8B8F1060F14BF0020112094
:10832000ACF80C00CB20088740F2FF304887029859
:108330008860012082F85C00039A120202F47C52E9
:1083400042EA4A121343CB813B464A4604F11400E9
:1083500001F0AEF90746B0B900F0A2FD8046DFF8A3
:10836000109194F85C301BB994F85D30002B54D018
:1083700000F096FDA0EB08034B453FD301213D4A99
:10838000354805F067FF204605F076FF6FF073076C
:1083900026E7DA4679E700220023029801F088F9FF
:1083A0007AE70820B1E7A8F11108B8F1080F0ED854
:1083B000DFE808F01D0F0D0D0D0D0D051200012059
:1083C000AEE7B8F1330F12D0B8F1350F07D0002067
:1083D000A6E740F03300A3E740F02300A0E7BBF19D
:1083E000040F0CBF2220002040F0010098E711206C
:1083F00096E74CF00100A1F80CA094E7012005F0ED
:10840000A9FFAEE7AA60236DEB60636D2B61A36DDE
:108410006B61E2E66FF00F07E2E673685B681A696A
:10842000E2645969216598696065DE69A665AB6992
:10843000032BE7D1030E43EA06236B610B0E43EADD
:1084400000232B61130E43EA01231202EB60AA60A2
:10845000C3E600BF3B1B010CB8F5000C631B010C0D
:10846000921B010CA621010CD921010CD021010C79
:10847000001BB700C51B010C2DE9F84343680546F6
:108480005E680769B38D0C46580718D500F008FDE3
:108490008046DFF80091736A99070AD000F000FD6A
:1084A000A0EB08034B455DD902213B4A3B4805F050
:1084B000D1FEB38D23F004031B041B0CB385384A93
:1084C00097F83130534397F83620002A4ED1610097
:1084D0004A1E1344B3FBF1F3B28D9BB222F020028B
:1084E0001204120CB2856A682E4952688C4292F8C6
:1084F0002810CCBF41F0040101F0FB0182F82810E4
:1085000096F82820520702D5012B38BF0123B28DDF
:10851000990802F03F02B285B28D01F0C00192B21B
:1085200041EA032313439BB2B385B38D194D9BB22C
:1085300043F00103B38500F0B3FC0446B38D9B0701
:1085400009D400F0ADFC031BAB421ED90221164A30
:10855000124805F07FFEB38D9BB243F00403B38550
:10856000BDE8F883012005F0F5FE94E702FB033334
:10857000621E1344B3FBF4F39BB20BB1013B9BB2FD
:10858000B28D92B242F02002ACE7012005F0E2FE8B
:10859000D4E700BFBFD40100ED1B010CB8F5000CFF
:1085A00040420F0040787D011E1C010CF8B5436865
:1085B00005465C681F4F94F82F3043F0010384F8A0
:1085C0002F3000F06DFC064694F82F30DB0709D5FC
:1085D00000F066FC831BBB4227D90221164A1748CC
:1085E00005F038FE40F2FF3348F2FF126386228620
:1085F00040F2FF12A286E3860E2384F82E3094F810
:108600002830284643F0100384F828300F230C4903
:1086100084F82930FFF730FF94F8283003F0F9038D
:1086200084F82830C0232387F8BD012005F092FE8E
:10863000CAE700BFBFD40100521C010CB8F5000C02
:10864000801A06002DE9F8430E460968044600AF7B
:10865000F9B10369D3E90935A94201D3994216D981
:108660006C468AB06A46CDE9075305233948CDE9FF
:10867000050142F8103F384800234FF42151F8F724
:108680009FFF6FF01500A546BD46BDE8F883FFF7D4
:10869000F3FE63685D687379012BAB8D17D123F00E
:1086A00005031B041B0CAB85B3794BB1042B2ED1F6
:1086B00063685A6892F8283043F0020382F8283041
:1086C000F379012B34D0022B3CD0244A29E09BB211
:1086D00043F00103AB8500F0E3FB8046DFF88090B8
:1086E000AB8D9B070AD400F0DBFBA0EB08034B45E6
:1086F00009D902211B4A184805F0ACFDAB8D9BB28D
:1087000043F00403CFE7012005F024FEE8E7012B46
:1087100006D163685A6892F8283003F0FD03CDE76C
:10872000114A0D48012103F0B4F86FF08500ABE762
:1087300063685A6892F8283003F0FB03002082F83F
:108740002830A1E763685A6892F8283043F00403A0
:10875000F4E700BF701C010CB8F5000CB71C010C4D
:10876000BFD40100D71C010C991C010C2DE9F74F57
:1087700046680746D0F81090B06805F011FE50B971
:1087800001217D4A7D4805F065FD6FF01204204609
:1087900003B0BDE8F08FD6E9020105F049FD0228DB
:1087A0000FD0D6E9020105F03CFD044648B110F1B6
:1087B000780F06D00346724A0121704803F069F829
:1087C000E5E73169B06805F033FD02280BD0316967
:1087D000B06805F026FD044628B110F1780F02D0EC
:1087E000684A0346E8E77169B06805F021FD022890
:1087F0000BD07169B06805F014FD044628B110F182
:10880000780F02D0604A0346D6E7306880B1002175
:1088100001AA05F0F4FC041E07DB019B0022197974
:108820001868FFF749FB041E02DA584A2346C3E7DB
:1088300024220021D7F804A03D69DAF80430A818F2
:108840000191D3F840B0D3F8448006F0A9FADAF8E1
:108850001C3095F83020AB62DAF8203002F040028C
:108860006B62DAF818301BF47F4FEB622BF0400399
:1088700043EA020385F83030CBF307232AD1DAF834
:108880000800DAF810108368DB68E3B101AA9847A2
:108890000446D8B1019B01213D4A384802F0F9FF56
:1088A000002C66DB3846FFF781FE484605F072FE75
:1088B0000122002109F1140005F015FF3846B36AC2
:1088C0009847002463E76FF05704E3E7019B314AC0
:1088D000B3FBF2F385F8313095F83230CBF3C04278
:1088E00023F0030385F83230BAF824304FEA1848F1
:1088F000A3F108014B424B419B0043EAC203CBF377
:10890000405243EA4213CBF3805243EA8213CBF343
:10891000C05243EAC213CBF3006243EA0223CBF313
:10892000406243EA4223CBF3407243EA42336A8E09
:108930004FEA9B7B43EA8B3302F0130213436B86AF
:10894000AB8E85F8368003F48453AB8695F83730C8
:1089500023F0180385F83730BAF82430181F434243
:10896000434185F84430002385F84530A5F846306A
:1089700098E7094A23461FE7FE1C010CB8F5000CD6
:10898000151D010C2F1D010C491D010C681D010C4A
:10899000811D010C80841E00A21D010C0121024AD0
:1089A000024802F06DBF00BFF41D010CC8F5000CB9
:1089B00070B5054600F074FA0446094EEB69DB0613
:1089C0000CD000F06DFA031BB34203D9BDE8704030
:1089D000FFF7E4BF022005F0BDFCEFE770BD00BF6C
:1089E000BFD40100F7B50D4647680669BC68236827
:1089F000204623F002032360FFF7DAFFEB79002B18
:108A000064D1F3712979022960D8204605F084FCED
:108A10002B7933716B79012B52D1636823F04003BA
:108A200063602046FFF7C4FF6B797371AB79042B49
:108A30004CD82B4A2046D35C626822F00702626061
:108A4000626813436360FFF7B3FFAB79B371002330
:108A5000B86901938368DB6813B1396A01AA984742
:108A6000019A2868002A34D05308010B0005C01869
:108A700041F100010023F7F7C3FA4FF6FF72431EDE
:108A800061F10001934271F1000125D22368404257
:108A900080B223F460432360A0812B6820463360BA
:108AA0007B7B012B02BF236843F080032360236894
:108AB00043F002032360FFF77BFF002003B0F0BD0B
:108AC000032B03D1636843F04003A9E76FF08500EF
:108AD000F4E76FF01500F1E76FF02100EEE700BF5B
:108AE000E221010C2DE9F34146680769B069B468D9
:108AF000836896F80C801B68316A2BB96FF05705B4
:108B0000284602B0BDE8F0819847054610B110F143
:108B1000780FF5D1D6E9060183681B68002BEDD0EC
:108B20009847054610B110F1780FE9D1BF2323759E
:108B30000023FB713379042B02D96FF08505DFE741
:108B4000504A2046D35C626822F007026260626885
:108B500013436360FFF72CFF33792046BB717179B3
:108B600005F0DAFB73793B71B379012B79D1636836
:108B700023F0400363602046FFF71AFFB3797B714F
:108B8000B16832690B68120523F44C1302F44012E9
:108B90001A4373691B0403F4403313430B602368C7
:108BA00043F000532360236823F01C03B8F1000F47
:108BB0005ED023602368002143F080432360706A05
:108BC00001AA05F01CFB051E9ADB019B0022197906
:108BD0001868FFF771F90546002891D163682046AF
:108BE00043F400336360FFF7E3FE6368204643F419
:108BF00080336360FFF7DCFEB069316A8368DB684D
:108C00000BB101AA9847019A3068002A33D0530863
:108C1000010B0005C01841F100010023F7F7F0F93E
:108C20004FF6FF72431E61F10001934271F10001A2
:108C300024D22368404280B223F460432360A081A1
:108C4000336820463B60737B012B02BF236843F0EF
:108C500080032360236843F002032360FFF7A8FE2C
:108C60004EE7032B7FF469AF636843F0400381E76D
:108C700043F004039DE76FF0150541E76FF0210510
:108C80003EE700BFE221010C4FF0E0230D4A996955
:108C9000126818699B69002908BF1146002B08BF9C
:108CA000134610F4803F084801D1994205D201686B
:108CB000114401604FF0E021096900681044C01AB6
:108CC000704700BFA4140020A01400202022094BEC
:108CD000002083F8232042F6E062074B1A60074B1E
:108CE00042F6DF6218604FF0E0235A610722986174
:108CF0001A61704700ED00E0A4140020A0140020C9
:108D0000684620F007018D4619B5FFF7BDFF1449ED
:108D1000144B0868D3E90042001942F10002C3E98C
:108D2000000200230B6042F6E0630F4AD2E90041E3
:108D3000001BB0FBF3F043431B1941F10001C2E9F2
:108D40000031EFF31181202383F31288BFF36F8F7B
:108D500001F05EFBF9F7B2FBBDE8194085467047AC
:108D6000A0140020500E0020480E00202DE9F041F4
:108D7000374E89B1421C0AD14FF0E022136923F02B
:108D8000010313614FF07F433360BDE8F081356824
:108D9000012806DC00240AE0431C3568F8D140F2C3
:108DA000755040F276539842A8BF1846441EEFF320
:108DB0001187202383F31288BFF36F8FFFF764FFBF
:108DC0004FF0E0232349D3F818C0D1E900238018DD
:108DD0004FF0000243F10003C1E900031E4B1A608B
:108DE0001E4B1A68831A2DD442F6E06E42F6DF68F5
:108DF00014FB0E841C44B4FBFEF4131A0EFB043364
:108E0000B3F5806F38BF4FF48063154A934228BF93
:108E100013464FF0E0223360013B94695361002315
:108E2000A4459361ACEB0400D1E900320DD20544B6
:108E3000EB1842F10002C1E9003287F31188BFF359
:108E40006F8FA2E74FF48063E3E7C318F1E700BF39
:108E5000A4140020500E0020A0140020480E002072
:108E600060CCFF0038B5EFF31185202383F312881F
:108E7000BFF36F8F084B1C68084B1B68E41AFFF7A1
:108E800003FF85F31188BFF36F8F42F6E063204440
:108E9000B0FBF3F038BD00BF500E0020480E00209C
:108EA00038B5EFF31185202383F31288BFF36F8F5A
:108EB000044B1C68FFF7E8FE85F31188BFF36F8F42
:108EC000204438BD500E002010B50446F8F7AAFA29
:108ED00003480121034A02F0D3FC204605F06BFA57
:108EE00098F5000C401E010C2DE9F84304460D4690
:108EF00000AFEFF31188202383F31288BFF36F8F45
:108F000004282A4A98BF2A4BE9468AB09668117C01
:108F100098BF53F820306A4688BF264BCDE9073109
:108F200040F201332448ADF82430244BCDE9050448
:108F300042F8103F00234FF431512148F8F740FB2D
:108F4000CD4645B1EB69C3F3080323B101211D4AA6
:108F50001B4802F095FC2EB1304605F08BFC08B1A1
:108F6000037803B91848E9468AB06A46174B079058
:108F7000CDE9053640F20133ADF82030144B42F80C
:108F8000103F00234FF411510D48F8F719FB294603
:108F9000CD462046FFF798FF88F31188BFF36F8F07
:108FA0003046F9F79BFABD46BDE8F883A8140020C7
:108FB000E4F8000C4F1E010C651E010C05000001B9
:108FC00098F5000C8D1E010C5D1E010CAE1E010CEF
:108FD0000400000138B50A4B53F82040013053F823
:108FE0002050A54200D838BD606830B1037EDB0751
:108FF00001D405F0BDF90834F3E723689847FAE790
:10900000F8F8000C012270B5294B86B003201A70C5
:10901000FFF7E0FF01F0B2FB0420FFF7DBFF254C78
:10902000254D2646AE4204F130040FD301F076F808
:10903000204CAC4226D301F085F8F7F7C1FB1F4A5C
:10904000938923F00103938106B070BD54F80C3C62
:10905000059354F8103C049354F8143C039354F8CB
:10906000183C029354F81C3C019354F8203C0093A4
:1090700054E90A2354E90C0100F004FD54F8303C93
:109080005E65CEE7D4E90A23B3F1FF3F08BFB2F132
:10909000FF3F05D052EA0301206803D100F03CFDF8
:1090A0003034C6E70649183001F022F9F8E700BF6E
:1090B000E0540020E4F4000CE4F4000CE00E002086
:1090C0009BE9000C882370B5134E012203FB006658
:1090D000002386B0CDE904230F220193CDE90232AB
:1090E00014234FF4A0720D4D0D4903FB00550446A7
:1090F00002FB00110B4B3046009500F0C3FC337CA3
:109100002C7423F004033374074B013403EBC423A2
:10911000EE606B6006B070BD580E0020A8140020F1
:10912000E867002047E5000CE85F00207FB50020DD
:10913000FFF750FF2C4B83F308880025E0232B4CCE
:1091400084F82230E57725766576A57684F8205078
:10915000E576636A43F4E0236362636A43F40023C1
:109160006362A563E3689BB243F0BF6343F40833D3
:10917000E360F9F7C1F8F9F79BF94FF0FF33A36209
:10918000E362F9F78BFBF9F70DFAF8F7AFF8184837
:1091900000F0B6FC0120FFF71DFF0220154CFFF781
:1091A00019FF00F0B3FF144B4FF480625C61134B66
:1091B0001349059301232046CDE90353CDE9015519
:1091C000104B009500F05EFC0646237C204623F001
:1091D0000403237405F0A9FB2846FFF773FF31460B
:1091E0002046084AF9F748F9E867002000ED00E05A
:1091F000680F0020E00E0020A8140020B0FC000C36
:10920000286900200590000C38B5064C064DAC428C
:1092100001D3002038BD2046D4E9011205F015F92C
:109220001434F4E7BC040020D004002030B5054B12
:1092300085B0DDE908450293CDE9004505F0C3F8A6
:1092400005B030BDF9AF000C38B5074C074DAC4246
:1092500001D3002038BD204605F01BF908B91C34A5
:10926000F5E76FF01500F5E7A0040020BC0400202E
:1092700073B50C46EFF31181202585F31288BFF3F7
:109280006F8FC5685DB125602B68C360836901334A
:109290008361002081F31188BFF36F8F11E052EAE0
:1092A000030603D16FF00B002560F3E7CDE900233F
:1092B0000246083000F048FE18B9034B9B685B6912
:1092C000236002B070BD00BFA8140020F7B50D46A2
:1092D00004469DF82010EFF31187202080F31288B8
:1092E000BFF36F8F266AE068864240D22668B44298
:1092F0001AD0CEB1304605F031F906F1180005F06C
:109300003CFC2946002554F8082F706905F03BFD08
:109310003046C6F8805005F008FB2046394605F077
:1093200062FB284603B0F0BDA268A9B12946E069F6
:1093300005F029FDE369A26813446269E361934281
:1093400001D12369E3610020236A0133236287F39B
:109350001188BFF36F8FE5E7A0692369294698421A
:1093600008BF6069801AA06105F00DFDEBE752EAC5
:1093700003010BD0074904F1080089684D61CDE96C
:1093800000233946224600F0DFFDCBE76FF02200D4
:10939000DDE700BFA8140020F7B504460846EFF348
:1093A0001186202181F31288BFF36F8F216A002973
:1093B0003BD0A268A16905F0E6FCA369A268256814
:1093C00013446269A361934204BF2369A361236AC2
:1093D000AC4203F1FF33236236D02846002D34D04F
:1093E000002705F0BBF805F1180005F0C6FB696918
:1093F000A268E06905F0C7FCE369A2682846134447
:109400006269E361934204BF2369E361236A013324
:109410002362C5F8807005F088FA04F1080031462F
:1094200005F0E1FA384603B0F0BD52EA030111D06D
:109430000A4989684861CDE900233146224604F192
:10944000080000F081FDEEE7002086F31188BFF3ED
:109450006F8FE8E76FF02200F7E700BFA814002045
:109460002DE9F341044617461E46EFF311882023E9
:1094700083F31288BFF36F8F304BC2689B6872B161
:109480008068984217D057EA060216D188F31188EF
:10949000BFF36F8F6FF00F0002B0BDE8F08193F95A
:1094A0000E1001322161C4E9023288F31188BFF342
:1094B0006F8F0020F0E72169F3E793F90E1090F920
:1094C0000E30994230DA9942A8BF194605F05AF891
:1094D000054622464146CDE90076194800F034FDA4
:1094E0000028E6D0EFF31186202383F31288BFF320
:1094F0006F8FA068D0B1236821699C420AD04BB11C
:1095000093F90E309942A8BF19466FF07F03994234
:10951000B8BF194605F036F840B13146084805F0A5
:1095200062FA6FF00A00B7E70025D2E7002DF4D108
:1095300086F31188BFF36F8FF3E700BFA8140020F4
:10954000E1540020F8B583680546002B40D0234A3B
:10955000926893423FD1C368012B03D9013BC3609A
:109560000020F8BDEFF31187202383F31288BFF3A7
:109570006F8F0169806805F005F82C68A54207D156
:109580000023C5E9023387F31188BFF36F8FE7E744
:10959000002CF5D0D4E90032002613605A60237CF9
:1095A000C4E9006623F002032374A66004F11800E6
:1095B00005F0E3FAAC6094F90E3020462B61C4F854
:1095C000806005F0B2F93946054805F00CFAC7E7A6
:1095D0006FF01500C5E74FF0FF30C2E7A814002078
:1095E000E154002037B51146EFF31185202282F3B4
:1095F0001288BFF36F8F04689CB12368426823F020
:1096000003039442036008BF43600121204605F034
:109610003DF8044685F31188BFF36F8F204603B0F1
:1096200030BD51EA0302F5D000F10802CDE9001384
:109630001046294600F088FC0028EFD1014B9B68BA
:109640005C69EBE7A814002070B5EFF311862023C6
:1096500083F31288BFF36F8F0468A0421BD0D4B18C
:10966000D4E90032002513605A60237CC4E9005518
:1096700023F002032374A56004F1180005F07DFABD
:109680002046C4F8805005F050F93146BDE87040DE
:10969000064805F0A8B9D0E902329A4218BF013352
:1096A000836086F31188BFF36F8F70BDE154002093
:1096B00013B5EFF31181202484F31288BFF36F8F69
:1096C000846844B1013C846081F31188BFF36F8FDB
:1096D000002002B010BD52EA030406D181F31188C4
:1096E000BFF36F8F6FF00F00F3E7CDE90023024661
:1096F000014800F029FCECE7E15400202DE9FF418E
:1097000004462027534EEFF3118887F31288BFF3E6
:109710006F8FD4F88C50F5B9022104F1A40004F045
:10972000EEFF002870D004F19C050022012128469C
:1097300005F0E0F90028F8D100234FF0FF32029342
:109740004FF0FF334146CDE90023434804F1940232
:1097500000F00EFDD7E7D4F890202B689542C4F8AE
:109760008C3008BFC4F89030D4F8A43043F0020322
:10977000C4F8A430EB6823F0040343F00103EB606A
:109780006B6888F31188BFF36F8F28469847EFF313
:10979000118887F31288BFF36F8FEB68D80623F028
:1097A00001023ED4EA60EB689A0717D5306823F0CF
:1097B0000203EB6090B10021036878B142689542E2
:1097C0003DD10368002934D172683360904200D1E2
:1097D0007360002340F8083BFFF736FFD4F8A4304D
:1097E00023F00203C4F8A430DB0530D4D4F88C3065
:1097F000003B18BF012388F31188BFF36F8F002B44
:1098000081D005F058F87EE7D4F8A430D90693D576
:10981000C4F8A40088F31188BFF36F8F04B0BDE8CB
:10982000F08123F01103EB6005F11000FFF70CFF4E
:10983000B9E70B607368984208BF7160C9E70146D9
:109840001BB11A6818461346B7E71A46FAE7002311
:10985000D1E700BFC8140020E154002070B5C368F0
:109860000546C3F340069B070C460DD50122002197
:1098700004F1080004F037FF00232360054B656006
:109880005A681AB9C3E90044304670BD14605C6080
:10989000FAE700BFC8140020F8B5C36804469A0769
:1098A0000E46C3F3400542D45F0742D40B680BB9A0
:1098B00083680B60E368D80742BFA3680225336062
:1098C000376858BF012557B31B4B9A68D7F88830C3
:1098D0009A421ED104F0C5FF80F00100C0B2D7F853
:1098E000A430D907C3F380021CD5F2B1F8B100232C
:1098F0002360D7F8903073B9C7E92344384604F0A1
:1099000018FFE36843F00403E3603368A36028466C
:10991000F8BD0020E3E71C60C7F89040EEE76FF069
:10992000150506E06FF0120503E01B07DFD56FF0A9
:109930000F0500233360EAE7A8140020F0B50446C1
:10994000002089B00E9DC4E9230004F19400C4E90D
:10995000250004F19C00C4E9270055B328790028AC
:1099600040F2011008BF0120C4F8A40000204FF00D
:10997000FF364FF0FF37CDE90330CDE90100CDE9E7
:10998000066720460C4B009400F0EAF855B12968B0
:1099900011B1204604F06BFF6B791BB1A38943F032
:1099A0000103A381204600F0B7F8C4F8884009B04D
:1099B000F0BD0120D8E700BFFD96000C37B501903F
:1099C0000846EFF31184202181F31288BFF36F8FD3
:1099D000C16811F01E0F16D153EA020508D101A982
:1099E000FFF75AFF84F31188BFF36F8F03B030BDC8
:1099F00041F00801C160019910308161034900F014
:109A000077FC0120EEE70020ECE700BFA7E7000CA1
:109A100001460148FFF7D2BF10100020F7B50C46F1
:109A200016461D460190EFF31187202383F3128819
:109A3000BFF36F8F084604F06DFE55EA060309D1A7
:109A4000204601A9FFF728FF87F31188BFF36F8F26
:109A500003B0F0BDE368324643F00803E360019BC6
:109A60000449A36204F110002B4600F041FC0120E0
:109A7000EAE700BFA7E7000C01460148FFF7CEBFA9
:109A8000101000202DE9F043984685B000F15803EE
:109A9000C0E91633109B002683810423073222F08D
:109AA000070503740F9B01EB05090F4683734946B5
:109AB000C0E906668660C6730446F8F74BF90E9B4C
:109AC000073020F007002067C4E91A7502930D9B48
:109AD000A9EB000901930C9B4A4600933946434683
:109AE0002046F8F7ADFC054B66659B6803B15B6FDC
:109AF0004846636705B0BDE8F08300BFA8140020A6
:109B00000123037483810023C0E91A334367014BA7
:109B100098607047A814002038B50446EFF311850B
:109B2000202383F31288BFF36F8F037C5B070FD56D
:109B3000183005F022F8237C204623F00403237418
:109B400004F002FF2946BDE83840044804F04BBF4A
:109B500085F31188BFF36F8F38BD00BFE15400203B
:109B6000F0B5002587B00595109DDDE912760495C6
:109B70000F9D044603950E9D02950D9D01950C9D2C
:109B80000095FFF77FFFB6F1FF3F08BFB7F1FF3F3A
:109B900005D056EA070305D12046FFF7BDFF204652
:109BA00007B0F0BD3A46334604F11800014900F011
:109BB0009FFBF4E79BE9000C6FF00A01094A9368E8
:109BC000C3F880100849D8674B6843F080534B6056
:109BD000002383F31188BFF36F8F9368D3F880005D
:109BE000704700BFA814002000ED00E038B590F9E0
:109BF00010200146002A037C04DA03F07F0303747B
:109C000004F05BFE0D4D2A4652F8184FAB689442A3
:109C100000D004B9EC688B4207D01A7CD20604D17C
:109C2000DA897F2A01D9A2692AB1A34202D020464B
:109C300000F0E0FA23466B6138BD00BFA814002095
:109C400070B590F91020037C002A2FDBD9062DD1A6
:109C50001A4C63F07F032246037452F8183FE169FF
:109C6000934207D1C0E900210860E0610FE099420A
:109C7000F8D01B68002BF5D093F90E6090F90E50C8
:109C8000AE42F4DD5968C0E9003108605860A5694A
:109C9000954200D005B9E568A3681A7CD20606D1C2
:109CA000DA897F2A03D9AA690AB9636170BDAB4218
:109CB00002D0284600F09EFA6561F7E7A81400205C
:109CC000034648B9EFF3058232B9064A51699268F2
:109CD000914201D0FFF770BF83F31188BFF36F8FFC
:109CE000704700BFA814002038B5184CA168E0697F
:109CF0000B68814214BF1A46002249680B60596004
:109D0000A368E1692AB9124AC3E900210B60E36143
:109D10000AE092F90E5093F90E00854212DD516867
:109D2000C3E900210B605360A569094B9D4200D037
:109D300005B9E568A3689D4202D0284600F05AFAAA
:109D4000656138BD8A42DED01268DBE7A8140020C6
:109D5000C0140020002A2DE9F0470CBF4FF0100975
:109D60004FF00809027C044619EA020F0E460F461E
:109D700028D149EA0203D20946D10374B9F1080F88
:109D800048D04FF00008DFF8F0A0534653F8185FB2
:109D90009D4200D00DB9DAF80C50DAF80830AB4229
:109DA00002D0284600F026FAB9F1100FCAF8145074
:109DB00008D0204601F0A1FEB8F1000F02D02F48D4
:109DC000FFF79EFE2C4B9B68A3424FD1EFF3058318
:109DD000002B4BD1A289D20711D586F31188BFF38E
:109DE0006F8F83F31188BFF36F8F0423184602DF50
:109DF000EFF31187202383F31288BFF36F8F384668
:109E0000BDE8F047FFF7D8BE03F07F03037404F00A
:109E100054FDB3E7A36813B1204604F056FD04F1E6
:109E2000180004F0AAFEA56D04F15808A84511D049
:109E30004FF0000A75B1284604F047FD05F11800FF
:109E400004F09BFE2846C5F880A0FFF7F9FEA56D3B
:109E5000A845EFD1084B9B689C4292D1EFF305884F
:109E6000B8F1000818BF4FF001088CE786F311889D
:109E7000BFF36F8FBDE8F087A8140020680F0020A3
:109E800070B50F4D06462B4653F8184F9C4200D034
:109E900004B9EC68AB681A7CD20604D1DA897F2A4F
:109EA00001D9A2692AB1A34202D0204600F0A2F94A
:109EB00023466B613046BDE87040FFF701BF00BF2D
:109EC000A814002070B5EFF31186202383F31288C5
:109ED000BFF36F8F1A4CA168E0690B68814214BF11
:109EE0001A46002249680B605960A368E1692AB9E3
:109EF000144AC3E900210B60E3610AE092F90E50B5
:109F000093F90E00854216DD5168C3E900210B600C
:109F10005360A5690B4B9D4200D005B9E568A36865
:109F20009D4202D0284600F065F965613046BDE8E3
:109F30007040FFF741BE8A42DAD01268D7E700BF0F
:109F4000A8140020C0140020F8B5124B0C46DDE91F
:109F5000067611469868104A1060EFF311822022AD
:109F600082F31288BFF36F8F9D68284604F0B7FC18
:109F7000B6F1FF3F08BFB7F1FF3F06D03A46334680
:109F8000064905F1180000F0B3F92046BDE8F84095
:109F9000FFF712BEA8140020D01400209BE9000C8B
:109FA000F8B50446EFF31187202383F31288BFF33B
:109FB0006F8F037C49B203F01F02002A0CBF0126F9
:109FC000002635D103F07F032A4D037404F075FC9D
:109FD0002A46037C817363F07F03037452F8183FB1
:109FE000E869934207D1C4E900200460EC610DE008
:109FF0009842F8D01B68002BF5D093F90EC08C4521
:10A00000F6DD5968C4E900310C605C60AC699442CB
:10A0100000D004B9EC68AB689C4202D0204600F046
:10A02000E9F86C6187F31188BFF36F8F3046F8BD94
:10A030009B071CD5856804F040FC81732B689D420A
:10A0400009D16B68C4E900531C606C60EAE76A6878
:10A050009A42F6D01B68002BF3D093F90E208A4267
:10A06000F5DD5A68C4E9003214605C60DAE7817398
:10A07000D8E700BFA8140020F8B550EA010306464F
:10A080000C4603D104F017FC0020F8BDEFF3118754
:10A09000202383F31288BFF36F8F184D184BA868E5
:10A0A000186004F053FCA86832462346154918305E
:10A0B00000F01EF9AB6804461A7CDF6742F0040228
:10A0C0001A746FF00A02C3F880200F4A536843F0F5
:10A0D00080535360002383F31188BFF36F8FAA6806
:10A0E000D2E90A12B2F1004F08BF9942CCD104F074
:10A0F00079FD201A20EAE070C7E700BFA81400200D
:10A10000D01400209BE9000C00ED00E0024B03F1AD
:10A110001802C3E906227047A8140020EFF311814A
:10A12000202383F31288BFF36F8F054B9A68D37B8C
:10A13000013BD37381F31188BFF36F8F704700BF6A
:10A14000A8140020EFF31180202383F31288BFF3BB
:10A150006F8F034B9A68D37B0133D373FFF790BEA5
:10A16000A8140020014B9868704700BFA814002075
:10A17000D3B5DDE90667089CCDE90067FFF7E4FE8B
:10A180001CB1034B9B685B69236002B0D0BD00BF6C
:10A19000A8140020027C034612F01F0210D10A49C5
:10A1A00088420DD00949086868B1D9897F2909D842
:10A1B00093F90E20064B1B689A42B8BF00207047E7
:10A1C0000020704710467047580E0020DC03002026
:10A1D000D41400200122044BC01A044BC010584371
:10A1E000034B1A54704700BFF00F0020ABAAAAAA75
:10A1F000E154002070B50C4B0C4D1E7CFFF7CAFFDC
:10A20000182303FB06550446284604F0B6FC00223A
:10A21000074B9A553CB1621E2846BDE8704005497F
:10A22000D31700F065B870BDA8140020F00F00200F
:10A23000E1540020D5A1000C38B5EFF3118520239F
:10A2400083F31288BFF36F8F0F4B104A9C6810681E
:10A25000A04206D1FFF7CEFF85F31188BFF36F8FC1
:10A2600038BD00211B7C1160094AD35C002BF3D060
:10A270002046FFF78FFF0028EED0237CDB0601D1BC
:10A28000FFF732FD2046E5E7A8140020D014002097
:10A29000E1540020024B1868984208BF0020704724
:10A2A000E0030020034B1B680BB9FEF7DBBD002069
:10A2B000704700BFD814002030B570B10B4B5B68FD
:10A2C00098420AD0036843B1D3E90421D0E9044598
:10A2D000121941EB0501C3E90421D0E900321360F2
:10A2E0005A600023C0E9003330BD00BFE003002006
:10A2F000B3F1FF3F08BFB2F1FF3F2DE9F84F04462D
:10A30000994615461F467AD08160EFF311882023C5
:10A3100083F31288BFF36F8FB9F1000FDFF8E4A069
:10A3200020DBFFF7BFFFDAE90027013549F100091B
:10A330002D1849EBE07306464FF00109C4E90453B8
:10A34000AD1843EB0707FFF7A5FF0346DFF8B8E0BA
:10A35000DEF804A0EBB9C4E900EACAF80040CEF880
:10A36000044028E06FF00103DAE900125B1A4FF0B5
:10A37000FF3161EB02025B1B62EB0902012B72F100
:10A380000001BCBF012300224FF00009C0E90432E4
:10A39000D9E7D3E9041CD4E904208A4270EB0C0B02
:10A3A00024DA891A5A686CEB0000C3E90410C4E986
:10A3B000003214605C60FFF76DFF84420ED1134BD6
:10A3C0001B685BB9B9F1000F02D1FFF76BFF0646BE
:10A3D000304604F0BBFB0021FEF7C8FC88F311886F
:10A3E000BFF36F8F28463946BDE8F88F521A60EBED
:10A3F0000C005345C4E90420ADD01B68AAE7002532
:10A400002F46EFE708100020E0030020D8140020BA
:10A410002DE9F047DFF8A8900246C9F800000D4684
:10A42000FFF738FF00260027DFF898804FEAE27E2A
:10A43000D8E9001350B1D0E9044CA2427EEB0C0ADB
:10A440001ADAA41A6CEB0E06C0E90446002452186E
:10A4500043EB0E032046C8E90023C9F8004004F08E
:10A4600075FB2146FEF782FC85F31188BFF36F8FE1
:10A47000BDE8F047FFF7E0BE611843EBE473C0E9C5
:10A480000467C8E90013FFF717FF01224FF00043EC
:10A49000C0E9042385F31188BFF36F8F8368984761
:10A4A000EFF31185202383F31288BFF36F8FD9F860
:10A4B0000020121BC9F80020FFF7ECFEB6E700BF32
:10A4C000D81400200810002010B5EFF311842023C9
:10A4D00083F31288BFF36F8FFFF7E4FE0346054A4C
:10A4E000D2E90001181841EBE37184F31188BFF33E
:10A4F0006F8F10BD08100020F8B50446EFF31187E8
:10A50000202383F31288BFF36F8FD0E90423B3F1C4
:10A51000004F08BF012A04D087F31188BFF36F8F63
:10A52000F8BDD0E90A566A1C46F10003022A73F10D
:10A53000000334D3013D46F1FF36002EBCBF002599
:10A540002E4604F053FB013041F10001401946EB67
:10A550000101012871F1000148DB04F047FB6FF0B5
:10A560000203013041F10001401946EB0101834231
:10A570006FF000438B413EDB04F038FB013041F1CA
:10A5800000016FF00102401946EB01034FF0FF316B
:10A59000121A61EB030320461949FFF7A9FE236B4A
:10A5A00001332363236A63B187F31188BFF36F8F8D
:10A5B00020469847EFF31187202383F31288BFF3D7
:10A5C0006F8F54F8185FA542A6D0002DA4D028465E
:10A5D00004F0BEF90023C5F8803087F31188BFF37B
:10A5E0006F8F2846BDE8F84004F09FB96FF0010274
:10A5F0004FF0FF33CFE700224FF00043CBE700BF1F
:10A60000F9A4000C2DE9F04105461C4690461F4672
:10A61000EFF31186202383F31288BFF36F8FB4F119
:10A62000FF3F08BFB2F1FF3F05D186F31188BFF3AA
:10A630006F8FBDE8F081002C09DB012A74F1000363
:10A64000BCBF0122002412F1FF3844F1FF37284635
:10A6500004F093FADDE906010023C5E90A012B6342
:10A6600042463B4628460249FFF742FEDDE700BF6F
:10A67000F9A4000C70B50546EFF31184202686F38B
:10A680001288BFF36F8F04F078FA20B184F3118839
:10A69000BFF36F8F70BD6B6A63B184F31188BFF332
:10A6A0006F8F28466B6A9847EFF3118486F3128800
:10A6B000BFF36F8F05F1180004F07FF90028E5D093
:10A6C00004F033F92146BDE87040014804F08BB92D
:10A6D000E254002073B50446EFF31186202383F380
:10A6E0001288BFF36F8F8368594003EA02050A405E
:10A6F00053400022009309496B46019204F0C6F9C9
:10A70000DDE9003223EA020304F10C003146A360C4
:10A7100004F069F9284602B070BD00BF1BED000CC3
:10A72000F8B507460C46164604F09BF808B1002021
:10A73000F8BD0D4B9B685D6F002DF8D0221DF6D241
:10A74000EFF31184202383F31288BFF36F8F284621
:10A7500047F00401B04784F31188BFF36F8F0028DE
:10A76000E5D040F8045BE3E7A81400200146024A64
:10A770000020FFF7D5BF00BFF3AF000C014800F089
:10A780005FBD00BF131F010C07B5074B4FF480627C
:10A79000009306494FF0FF330548FFF7CFF800203C
:10A7A00003B05DF804FB00BF10F9000C286D002019
:10A7B000101000200CB430B58BB004460D4620229A
:10A7C000002102A804F0ECFA0223002D06948DF873
:10A7D0000A300C4B039312DB01D06B1E1C440FAAF2
:10A7E0000E9902A80794019200F00EF815B1069B8D
:10A7F00000221A700BB0BDE8304002B07047002450
:10A80000EDE700BF99EE000C2DE9F04F43688BB0E7
:10A8100080469246009383789C0740F1F98000259A
:10A820000878002800F0F68025280AD04B1C0193F8
:10A8300001354146009B98470028C0F2E38001990A
:10A84000EEE74E788B1C252E0193F1D000270A22CB
:10A85000B9463C461F2C22D8A6F12003102B20D845
:10A86000DFE803F0141F1F1A1F1F1F0B1F1F1F12EB
:10A870001F171F1F090044F00104019B13F8016B0F
:10A880000193002EE6D13AE044F0020444F00404BF
:10A89000F3E744F00804F0E744F01004EDE77F2C00
:10A8A00024D8A6F13003092B08D860064EBF02FB5E
:10A8B000073744F0200402FB0939DEE72A2E0DD1C8
:10A8C00061065AF8043B53D4002BA7BF44F0200480
:10A8D0009946C3F1000944F02804CEE72E2E05D195
:10A8E000630600F1978044F04004C6E76C2E2ED03A
:10A8F00028D8682E32D06A2E37D04C2E35D0002F73
:10A9000046F02003B8BF24F04004A3F16502BCBFA9
:10A910000027A4B2022A01D9612B2BD10AF1070A20
:10A9200007279D4E2AF0070A0AF1080A210760D579
:10A9300006EB070B34465C455DD1AE1BA9EB07095E
:10A94000A21959E1742E98D07A2E96D0D7E7260610
:10A9500048BF44F4007444F080048EE7E00548BF2B
:10A9600044F4007444F4807487E744F4207484E76A
:10A970001F4682E7A6F16302122A00F2D880DFE8C0
:10A9800012F013004D00D600D600D600D6004D00C0
:10A99000D600D600D600D600D600E800D100D600FA
:10A9A000D6001A00D600A0005AF8043B012704AED6
:10A9B0008DF81030BAE75AF8046B784B002E08BFB8
:10A9C0001E4614F0400F304614BF39464FF0FF3199
:10A9D00004F000FA0746A9E741462020009B98476B
:10A9E00000280FDB013CA742F6D34D44A1462D1BA6
:10A9F0009EE74C46F7E7414614F8010B009B984749
:10AA0000002898DA98F8023043F0040388F80230FE
:10AA10004FF0FF3528460BB0BDE8F08F220630D549
:10AA2000A3052AD50AF1070A2AF007039A465968AE
:10AA30005AF8080B24F0100B00291FFA8BFB2FDAB1
:10AA400040424BF4806B61EB410104AC0A23224687
:10AA500004F0CCF91BF0400FA0EB040200F08E8054
:10AA60002BF001049742A4B240F38F80002E40F0F7
:10AA70008E802BF01104A4B21DE05AF8040BC1170C
:10AA8000D8E7E0055AF8041B01D40846F7E7A20509
:10AA900047BF48B241F3C01108B241F3C031C9E722
:10AAA00050EA0103D1D16306CFD5002FCDD124F0D8
:10AAB00011043A46A4B23B4640F206410C4262D130
:10AAC00024E024F010040A23A4B214F0800243D03E
:10AAD00014F4007117BF0AF1070A5AF8040B2AF0A0
:10AAE000070292461CBF51685AF8080B50EA01024F
:10AAF0003ED124F0160B62061FFA8BFB3CD5002FCB
:10AB00003AD124F017043A463B46A4B221075AD45E
:10AB1000E10705D5994572DDA9EB03039F184B4664
:10AB20009B464AE044F0100410237826CDE7782BAA
:10AB300004D1C6F1780343F01003C6E7414625204F
:10AB4000009B98470028FFF65DAF0235414630462E
:10AB500070E608230026B8E714F480715AF8040B55
:10AB6000C4D014F400711ABFC0B2114680B2BDE760
:10AB700024F006041FFA84FB04AC68E713465C4625
:10AB8000E10699D52EB90133C0E71346F8E73B46F5
:10AB9000F6E70233BAE700BF511F010C4A1F010C50
:10ABA000CDE9023241462020009B98470028FFF65D
:10ABB00029AF0BF1010BDDE90232D945F0DCEB1ACC
:10ABC00003EB0B055B46E10627D541463020CDE976
:10ABD0000232009B98470028FFF614AFDDE90232ED
:10ABE0007EB901352F44791B8A4229DB144604AE15
:10ABF00094BB2A44A9EB03091546914440E017464B
:10AC00008EE7023541463046CDE90232009B984737
:10AC10000028DDE90232E5DAF4E640F206410C42B2
:10AC2000E0D014F0020F05F10105414614BF2B20BE
:10AC3000202014F4806FCDE9023218BF2D20E5E703
:10AC4000CDE902324146009B30200135984700286B
:10AC5000DDE90232C7DAD5E6013C4146CDE90232F0
:10AC6000305D009B98470028DDE90232C0DAC9E672
:10AC700041462020009B013598470028FFF6C2AED0
:10AC8000A9EB0503002BF3DCD9E500BF704700F00A
:10AC9000F7BD10B50446006800F0C0FE78B9206822
:10ACA00000F0D8FE58B90121206804F10C02F6F733
:10ACB00047FF20B92046BDE81040F5F7AFBC10BDF6
:10ACC000836800EBC101B3F5004F2CBF51F822009F
:10ACD00031F81200704700EBC1018068B0F5004FF9
:10ACE0002CBF41F8223021F812307047012208B5FC
:10ACF000FFF7E6FFD04008BD836800EBC101B3F564
:10AD0000004F08D34B681AB143F001034B60704702
:10AD100023F00103FAE74B881AB143F001034B809B
:10AD2000704723F00103FAE753000122FFF7D3BF76
:10AD300008B58368B3F5004F06D3FFF7D7FF0128A6
:10AD40008CBF0020012008BD0020FCE78368B3F51C
:10AD5000004F34BF04230823C91A081AC0087047DB
:10AD60008368B3F5004F28BF0139B1FA81F0C0F113
:10AD70001F0070472DE9F041174603220E46044696
:10AD8000FFF79EFF8642054607F104080AD101221B
:10AD9000E368BA4023EA0203E360002344F8283062
:10ADA000BDE8F081314602222046FFF789FF0646C2
:10ADB0002B4601460322204644F82850FFF78BFF1C
:10ADC000334629462046BDE8F0410222FFF783BF03
:10ADD00038B504460D46FFF7ABFF70B9294620464B
:10ADE000FFF784FF01462046FFF7BAFF29460246D7
:10ADF0002046BDE83840FFF7BDBF38BD2DE9F0471C
:10AE000005468946FFF7ACFF05EB800ADAF81070BB
:10AE1000064677B94FF0FF34EB680136B4401C406A
:10AE200015D094FAA4F2B2FA82F2131D55F8234019
:10AE300009E03C464FF0030821462846FFF756FF3D
:10AE4000814507D8324621462846FFF793FF204622
:10AE5000BDE8F087214603222846FFF731FFB8F10D
:10AE600001080446CAF81000D4D08742E4D1D1E7E3
:10AE70002DE9F04114460E460546FFF737FFA4EBD7
:10AE80000608371B0744424631462846FFF74CFF69
:10AE90003A4621462846FFF747FF4346002221460F
:10AEA0002846FFF718FF21462846FFF71FFF3B46BD
:10AEB000211800222846BDE8F041FFF70CBF2DE91C
:10AEC000F041164604460F46FFF710FF314605468F
:10AED0002046FFF70BFF05442A4639462046FFF778
:10AEE00023FF31462046FFF701FF2B463118002291
:10AEF0002046BDE8F041FFF7EEBE2DE9F0410446E3
:10AF00000D46FFF715FFB8BB29462046FFF7EEFEBA
:10AF100001462046FFF724FF04EB80010E6996B935
:10AF20000122E36882401343E36002220D612B4655
:10AF300029462046FFF7CFFE032229462046BDE8DA
:10AF4000F041FFF7C8BE022231462046FFF7B8FEA7
:10AF50000746034629462046FFF7BDFE0322334637
:10AF600029462046FFF7B7FE39462B462046FFF715
:10AF7000B2FE02223146E1E7BDE8F08170B5056816
:10AF800009B9002070BDAB6801F00704B3F5004FAC
:10AF900034BF0422082207341444E40804EBD1042B
:10AFA0009C4228BF1C4628462146FFF727FF06463D
:10AFB0000028E6D001462846FFF798FEA04209D9AE
:10AFC0003444314628462246FFF752FF21462846A0
:10AFD000FFF793FF284601223146FFF78DFEAB684D
:10AFE000B3F5004F34BF0423082303EBC603184412
:10AFF000C8E71146FFF7C2BF2DE9F8434B42066888
:10B0000003EA010731EA03031446B2680ED0B2F531
:10B01000004F2CBF08230423BB4228BF3B46B94640
:10B02000CF1B94B900252846BDE8F883B2F5004F40
:10B0300034BF04230823994204D82146BDE8F843CD
:10B04000FFF79CBF4FF00009EBE7B2F5004F34BFAC
:10B0500004250825FB1AE10804F0070001EBD301E1
:10B06000073003F0070303442B4401EBD301914263
:10B0700028BF11463046FFF7C1FE80460028D1D0D8
:10B08000B36809EBC005B3F5004F34BF04230823B0
:10B090001D4435447B1E1D44B5FBF7F57D43A5EBF0
:10B0A000090529463046FFF751FE2C44073424F0A9
:10B0B0000704A41B804507464FEAE40408D2024671
:10B0C00041463046FFF7D4FE41463046FFF715FFB4
:10B0D00039463046FFF70AFE3844844208D23946E2
:10B0E00030462246FFF7C4FE21463046FFF705FFF3
:10B0F000012239463046FFF7FFFD94E7B2F5802F75
:10B1000034BF042308232DE9F0410026D21A8C18FD
:10B11000CD1D25F0070524F00704641BE408056035
:10B1200021462846AC60EE60FFF71AFE820002F16D
:10B130001B07FF083146043205F1100003F030FE12
:10B140003A4631462846FFF7EFFD33463246314650
:10B150002846FFF7C0FDA4EB070828463146012228
:10B16000FFF7CAFD42463946FFF7DEFD3B46324651
:10B1700039462846FFF7AFFD21462846FFF7D4FDA4
:10B180004346324621462846FFF7A5FD214628467C
:10B190000122FFF7B1FD3946BDE8F041FFF7ADBE32
:10B1A0002DE9F04706460D46174698462BB34FF05B
:10B1B000000A98F8004093F80190DB78A40004EBB3
:10B1C000430498F802301C444444CA4509D3394624
:10B1D0003046AC46D8F8042008F10803BDE8F04733
:10B1E000604714F8013B0AF1010A204648F8234061
:10B1F000F4F72AFF01300444E7E76FF01500BDE8DB
:10B20000F08730B502460024002012F8013B43B11C
:10B2100078B18C4207D1702B04D0A3F140053A2DB0
:10B2200007D8002030BDA3F140053A2D01D80134E4
:10B23000EAE7252B08BF80F00100E6E70020704711
:10B240000FB407B504A951F8040B019100F095FA69
:10B2500003B05DF804EB04B0704710B50369024613
:10B2600013F0080009D11368D4689C429BBF0120E9
:10B27000126AE31AD31A0B6010BD00231846FAE7CE
:10B2800013B501A90446FFF7E8FF20B1019BE2686E
:10B29000013B13440193206A019BC01A013802B09C
:10B2A00010BD10B5044650182269236AD20702D592
:10B2B000013B184010BD984228BFC01AFAE710B5EC
:10B2C00004460A46C168FFF7ECFF2369E06023F0FB
:10B2D0000803236110BD38B50D46C2698B000168B3
:10B2E00043F00203044642F8213001682A46FFF782
:10B2F000D8FFE3686168984208BF2369206008BFEF
:10B3000043F008032A46204608BF2361FFF7C9FF20
:10B31000606038BD2DE9F74F0F460021D0F80CB022
:10B32000C669009216F82B209A4602F00302022A00
:10B3300014BF894656F82B2006EB8B030193009B24
:10B3400008BFC2F39D0919600446CAF80010B9F19C
:10B35000000F07D04946FFF7B2FFE368A3604FF044
:10B36000010804E001698A0705D44FF0000840464F
:10B3700003B0BDE8F08F816906EB8B00884716F8B3
:10B380002B10054611F00108EFD08B071DD51FB11A
:10B3900039462046FFF79FFF61682A462046FFF79F
:10B3A00080FFD4E902138B42606007D12A46204611
:10B3B000FFF777FF4FF000080146A0602369216086
:10B3C00043F00803E1602361D1E701462046FFF71F
:10B3D00076FFE168A1601FB12068E16941F8209023
:10B3E000EA19CAF8002021682046FFF75AFF2269AF
:10B3F000206042F00802226116F82B2022F00102A0
:10B4000006F82B20DDE900321A60A8E770B5044683
:10B410001546FFF746FF2368834205D12369216063
:10B4200023F00803236170BDE269AB0043F002031F
:10B4300042F8213061682A462046FFF732FF6060FB
:10B44000F1E738B5036904465B0706D5456AFFF79F
:10B4500017FF85422CBF6562606238BD38B50D4666
:10B4600004461C22002103F09BFC0022EB68A36130
:10B47000AB6863612B68E3616B68626223622A696F
:10B4800023B1591E194208BF42F001022261012274
:10B4900004F128000021BDE8384003F024B92DE96B
:10B4A000F04F00259846036A87B08B4204460E464B
:10B4B0009346AA460395059538D3EFF311892023C7
:10B4C00083F31288BFF36F8F059A2AB1294620466D
:10B4D000FFF79CFF0023059304A92046FFF7BDFE5C
:10B4E00004990746B1422AD32268E369204613F83B
:10B4F000221003EB820A21F0030103F822102168D5
:10B500003246FFF7CEFEE3682060984212D0002753
:10B5100089F31188BFF36F8F039929B162690AB16A
:10B520002046904700230393002FC6D1504607B012
:10B53000BDE8F08F236943F008032361E7E718B102
:10B540002046FFF7C8FEE3E75BEA08031CD0019141
:10B5500003F087F90199B8B9B9F1000F14D189F353
:10B560001188BFF36F8F5A46434604F12800FEF757
:10B570009FF8EFF31189202383F31288BFF36F8FB5
:10B58000B0FA80F77F09C3E7204605AB03AA256818
:10B59000FFF7C0FE0746BBE770B50446836908465F
:10B5A0000D4698470246EFF31186202383F3128855
:10B5B000BFF36F8F2B78204643F001032B70616837
:10B5C000FFF76FFE60602046FFF73BFF86F31188B0
:10B5D000BFF36F8F70BD2DE9F84304460027202686
:10B5E000EFF3118586F31288BFF36F8F2369A2688A
:10B5F000190702D46368934200D2236A9B1A002B76
:10B6000042D0E06910F8221000EB820911F0030328
:10B610003AD0022B04D150F822305FEA930805D1CA
:10B62000CB0720D44846A36998478046A168424684
:10B630002046FFF736FE0127A06041462046FFF76F
:10B640003EFE3B4685F31188BFF36F8F002BC7D1B9
:10B6500037B1B9F1000F03D104F12800FDF7F4FF71
:10B660004846BDE8F88341F0020100F82210A369C2
:10B670004846D4F808809847414602462046FFF7DE
:10B6800010FE0023A060DDE79946DBE7F8B504462D
:10B69000836908460D4698470646EFF31187202335
:10B6A00083F31288BFF36F8F2B7823F001032B7085
:10B6B00023699B0705D5E268E36903EB82039D429A
:10B6C0001AD12B7823F002032B70D4E9023199426E
:10B6D00004D132462046FFF7E4FDA0603146204603
:10B6E000FFF7EDFD87F31188BFF36F8F04F128009A
:10B6F000BDE8F840FDF7A8BF2B6860F39F032B60FF
:10B70000F0E7EFF31181202383F31288BFF36F8FEB
:10B7100002698368120702D442689A4200D2026A20
:10B72000D31A81F31188BFF36F8F181E18BF012041
:10B730007047704703785B075FBF03684288C3F3B5
:10B740004A2303EB12105DBF173020F0070080087A
:10B7500000207047002070470346D3E8EF0F421CDB
:10B76000C3E8E12F0029F8D1704708B503F03EFA8D
:10B770000A220023F4F744FC08BD1FB50023CDE9DD
:10B7800002011A4619461846CDE90033F5F798FF2D
:10B7900005B05DF804FB0120F5F756BD00207047A9
:10B7A0004368DA7101224368196043685A71F5F7FA
:10B7B0003DBD70B515460C4669B1D2E901369B1BFB
:10B7C00099420AD813680A460146981903F0DBFA31
:10B7D000AB682344AB60204670BD6FF01B00FBE7F5
:10B7E00070B50E4615461946044618B9BDE87040B6
:10B7F000F5F72ABD33B1C2F34A231030120D1844B5
:10B8000003F0C1FAC4E900562046BDE87040F5F7E0
:10B81000B7BE2DE9F3415F1C4FEA8708064608F1E1
:10B82000170020F0070080080C461546F5F786FD46
:10B8300000238DF80470ADF805308DF8073068B13D
:10B840000346019AA8F1040143F8102F2A4629441F
:10B8500052F8045B8A4243F8045FF9D10023314671
:10B86000A20102F4E07242EA482222F07F4222F46E
:10B87000700222F03F0202B0BDE8F041FFF7B0BF16
:10B8800007B50123019201AAFFF7C3FF03B05DF8DA
:10B8900004FB07B5CDE9002302236A46FFF7B9FF91
:10B8A00003B05DF804FB1FB5CDE90123069B01AA97
:10B8B00003930323FFF7ADFF05B05DF804FBF8B574
:10B8C00006460D4614461F4604B9F8BD21462846D3
:10B8D0003A46B047241A0544F6E710B542680446D4
:10B8E000D2E9002381680068FFF7E9FF002263685E
:10B8F0001A6010BD38B54B6805461A68CB680C460F
:10B900009A4202D10846FFF7E8FF6368D3E8EF2FB9
:10B91000511CC3E8E01F0028F8D1A36800209D5403
:10B9200038BD0A2838B504460D4602D10D20FFF770
:10B93000E1FF29462046FFF7DDFF002038BD2DE955
:10B94000F043054689B008460E8891F800900C46F1
:10B95000D1F808801746F5F705FF011EC6F38216D9
:10B96000C9F3C2091FDB4846F5F71CFE0346214612
:10B9700051F8102B6088C2F34A22002A01EB02041E
:10B9800008BF00210022C0F30B10CDE90507CDE967
:10B99000031428464146CDE900220296F5F70EFF32
:10B9A00009B0BDE8F0830023E1E7436800201B688D
:10B9B0005B681961704743681B681A685268536076
:10B9C000704701212DE9F04143681B685A681175E1
:10B9D0001D682F68D5E90136D3E900481CB96B68AA
:10B9E0001C60BDE8F081214630464246B847241A23
:10B9F0000644F3E743681B681868F6F715B870B596
:10BA000043680C461D686B681869F5F7F9FB214619
:10BA100003460F222868BDE87040184710B5F6F7B6
:10BA20005DF8044698B1838A4BB9C3687BB11B6843
:10BA30006BB1984710B9A38A0133A38210BD4FF6AA
:10BA4000FF72934203D0013383820020F6E76FF048
:10BA50001500F3E710B5F6F741F830B1C36823B12C
:10BA60005B6813B1BDE8104018476FF0150010BDBA
:10BA70002DE9F0410D4616461F46F6F72FF850B156
:10BA8000C36843B19C6834B13B4632462946A4465C
:10BA9000BDE8F04160476FF01500BDE8F0812DE989
:10BAA000F0410D4616461F46F6F718F850B1C36828
:10BAB00043B1DC6834B13B4632462946A446BDE872
:10BAC000F04160476FF01500BDE8F08103F068B900
:10BAD00003F059B901460068F6F7DCB808B5F6F787
:10BAE00035F9BDE80840F6F7E9BC0A460121FFF741
:10BAF000C7BE00210120F6F7CDB86FF08500704772
:10BB000061B662B680F31188BFF36F8F704772B66B
:10BB1000002383F31188BFF36F8FBFF34F8F30BFC4
:10BB200062B6BFF36F8F704740E800F313F4803FB5
:10BB3000D8B208BF6FF01500704730B50C684B687D
:10BB400085B00A894D890094013B24F01F042344E9
:10BB500002F01F0242EA451223F01F0369468DF8E6
:10BB600008200393F6F754FD05B030BD08B5D1E9C0
:10BB700004319847002008BD08B5F6F75DFF0020A6
:10BB800008BD002303824369C3607047027A013213
:10BB90000272704710B508B14B68436000234C68CF
:10BBA00008464B60F7F710F8204610BD83880268FE
:10BBB00019448180D018704730B484880568A31870
:10BBC0008380281930BC03F0DEB810B58388026882
:10BBD0005C1C8480D154D01810BD30B583880268B5
:10BBE0009D1C8580D418D154090A617030BD8388AA
:10BBF0005B1A9BB2838000681844704703468288B2
:10BC0000521A8280006808441860704783689B68F5
:10BC100003B118476FF057007047FDF793BC082237
:10BC20004FF4D57310B58AB0CDE9012379230022F2
:10BC3000CDE90732C82304460993006883685B682E
:10BC400013B901200AB010BD01A998470028F8D106
:10BC500094F84B308BB1049BDAB2AA2AF1D103F4E9
:10BC60007063B3F5807F09BFB4F86A306FF0850068
:10BC700043F00803A4F86A30E4E7039BECE70A21E9
:10BC800020EAE070A0FB010102F0D6BE00221021E4
:10BC900000B58BB0CDE90712C821CDE90122099189
:10BCA00083685B6823B101A998470BB05DF804FB7A
:10BCB0006FF05700F9E708B530B18368DB6823B14E
:10BCC0009847431E5842584108BD6FF05700F8E7A7
:10BCD00083685B6803B118476FF05700704783684B
:10BCE0009B6803B118476FF05700704783685B6922
:10BCF00003B118476FF057007047FFF7C1BD70B52B
:10BD000012048AB002921C4600220323CDE90732B6
:10BD1000C823019101A90993FFF7DAFF054658B935
:10BD2000234603AE07AC324603CAA24218605960EC
:10BD3000164603F10803F6D128460AB070BDFDF798
:10BD400001BC00230D2210B58AB0CDE9012390F883
:10BD50004B3004461BB9B0F85E301B04029331230C
:10BD60000022CDE90732C823206801A90993FFF713
:10BD7000AFFFC0B994F84B20039B62B113F4407F2E
:10BD800013D113F4604F13D113F4E05F18BF6FF0B9
:10BD900004000AB010BD03F4F853B3F5106F18BFD8
:10BDA0006FF00F00F5E70120F3E76FF00C00F0E70C
:10BDB0006FF01500EDE7002330B585B00446B0F80C
:10BDC0005E20019309216B460068FFF798FF30B9A8
:10BDD000DDE90232920F019903D0012A19D005B092
:10BDE00030BD40F6FC72C3F3034502EA830343EA25
:10BDF0009173C1F3C23101330231092D03FA01F30A
:10BE000001D0AB405B0A23664FF40073A4F86430A2
:10BE1000E5E71B0403F47C1343EA114301339B025F
:10BE2000F1E70B46002202210068FFF768BF0023FC
:10BE3000032210B58AB0CDE901230822CDE90723FA
:10BE4000C823044609930022206801A9FFF740FF98
:10BE500028B9BDF80E30A4F85E30002BF3D00AB03C
:10BE600010BD83685B6803B118476FF057007047D7
:10BE700083689B6803B118476FF057007047FFF75E
:10BE8000FFBCF7F71DBAF7F74FB8F7F7CDB8F7F7DC
:10BE900087B9FFF7F5BC4FF0FF324FF0FF330430A6
:10BEA000FDF7DEBAFDF74EBB90F86C00C0F3411011
:10BEB000704783691B6993F8800000F001007047A8
:10BEC000F8B504461E460D461746FFF7E4FF94F802
:10BED0006C309B0715D425B1012D10D06FF01505DE
:10BEE00008E0216F0029F9D000259DF818300F7166
:10BEF0004E718B71201DFFF7D5FF2846F8BD616F8D
:10BF0000F0E76FF07705F5E738B504460D46FFF723
:10BF1000C2FF94F86C30201D65F3041384F86C3074
:10BF2000BDE83840FFF7BEBF90F86C00C0F380005A
:10BF3000704783691B6993F88000C0F30010704755
:10BF40000246034652F8640F90420BD1002070471E
:10BF5000027A8A42FBD09A6E8242F7D000680028AB
:10BF6000F6D170470028F3D1704738B504460D4626
:10BF7000FFF791FF94F86C30DB0718D42B690BB9ED
:10BF8000EB68BBB1636E1BB904F16403C4E91933F8
:10BF90002B6893B9A26E04F16401C5E90012156023
:10BFA000A5661D46201DFFF77DFF284638BD4FF0D2
:10BFB000FF35F7E76FF01505F4E76FF07705F1E768
:10BFC000436E30B563B1002200F16405436EAB42AD
:10BFD00006D0D3E9001421604C60C3E90022F5E7E4
:10BFE00030BD10B50446034654F84C0FA0420DD1A5
:10BFF00000200DE0447D8C4204D1032909D1047A4C
:10C00000944205D01C6D8442F2D000680028F1D122
:10C0100010BD0F29F5E7002230B500F14C05C36CC7
:10C02000AB4206D0D3E9001421604C60C3E9002282
:10C03000F5E7002030BD2DE9F84305460C46071D05
:10C040004FF0FF324FF0FF333846FDF709FAD5F8CD
:10C050007490B9F1000F75D0D5F87080B8F1000F69
:10C0600070D095F86C30DB076CD4EB6C1BB905F124
:10C070004C03C5E913332368002B66D1637D0F2B76
:10C0800009D1237A012B10D02B6D05F14C02C4E9A4
:10C0900000231C602C65637D032B29D1EA6C05F11C
:10C0A0004C0090422BD1002336E02846E168FFF790
:10C0B0005CFF06460028E7D03846FDF743FA3046D5
:10C0C000BDE8F8834E7D032E14D0013323724B68F4
:10C0D000C4E900131C604C60637A022B26D0032B4A
:10C0E0002AD0012B02BF237A89F80E3088F80E304F
:10C0F0000026E1E70E7A013EB342E6D11268002A3B
:10C10000D1D0517D2B6D03290DD19A42137A02D0E3
:10C1100011680029D6D1013323722B6DC4E90003C5
:10C120001C602C65D8E79342E8D1BCE7237A89F8F4
:10C130000F3088F80F30DBE7237A89F8103088F861
:10C140001030D5E74FF0FF36B6E76FF07706B3E76C
:10C150000346006800B1187A70478388C2888168F6
:10C16000D21A03685B1AD01A70470346C08808B118
:10C170001878C009704770B50C461546F8F710FFDF
:10C1800040B1406883681B6823B12A462146BDE858
:10C190007040184770BDF8B504460D4617468668CE
:10C1A0000369A033D3E8AF3F9B070ED5B36A7BB1D9
:10C1B000F36B98472946B36A3A4620469847336C52
:10C1C0000546204698472846F8BD4FF0FF35FAE768
:10C1D0006FF08505F7E770B504460D46866803697C
:10C1E000A033D3E8AF3F9B070BD5F36B98472946A5
:10C1F000736A20469847336C054620469847284680
:10C2000070BD4FF0FF35FAE710B5044619B90020AC
:10C2100084F8300010BDF7F733FC0028F7D0F9E7B9
:10C220000A460121FFF72CBB4FF0FF324FF0FF33DE
:10C230000430FDF715B9FDF785B921B101290DD0FD
:10C2400000231B68FFDE5430006848B143685B7907
:10C25000934205D000680028F8D170475C30F3E7BE
:10C26000704710B590F830300446022B09D1FFF723
:10C270001BFE94F8382001462046BDE81040FFF729
:10C28000DCBF002010BD08B5FFF7D7FF003818BF8E
:10C29000012008BD8368DB6A03B11847704738B5D1
:10C2A00005460C1F54F8041F09B9084638BD6B68D1
:10C2B0001868F3F7BFFE0028F4D10120F6E74FF02D
:10C2C000FF324FF0FF330430FDF7CAB808B583687A
:10C2D0001B6B0BB198470346002023B153F8042B86
:10C2E0000AB1127802B908BD1044F6E710B51C4631
:10C2F000FFF7A3FF48B10122C06802FA04F320B19E
:10C300000269134201D10068F9E710BD10B50C466F
:10C31000FFF7A7FF48B10123C06803FA04F120B179
:10C320000369194201D10068F9E710BDD1F81A007C
:10C3300083681B6903B118476FF08500704738B5F3
:10C340000C46FFF78EFF80B1C06870B14368DA68B1
:10C350001AB100231179994201DC0068F5E71568EC
:10C36000ED5CA54201D00133F5E738BD70B5FFF7AC
:10C3700064FF0546C0B10026EC68C4B12A69236891
:10C380009442EB6000D12B6104F11403D3E8EF1F5A
:10C3900021F00101C3E8E21F002AF7D16068FFF72E
:10C3A00079FF63685E60E7E76FF03C0070BD204690
:10C3B000FCE7F8B50646CC680CB9204622E001251A
:10C3C00004F10C07E268AAB165F07F03D9B203F06B
:10C3D0007F031033DA40D2070ED4E368EB40DB076B
:10C3E00005D53A46B069E9B200F09BF850B901357D
:10C3F000102DE7D12468DFE73A46B06900F091F8E4
:10C400000028EAD0F8BD2DE9F347002405460E4682
:10C41000A146576897F805803B79A34203DC0020CA
:10C4200002B0BDE8F0875FFA84FA314653464246CF
:10C430002846FFF75BFF014650B1534601222846CC
:10C44000CDF80090F8F7A6FE0028E9D10134E3E723
:10C450006FF03C00E4E72DE9F74380460D461746B0
:10C46000FFF754FF064628B96FF00104204603B0D9
:10C47000BDE8F0830F2DF7D808EB0509014699F8C0
:10C480003A402B46002240460097F8F783FE0028EA
:10C49000EAD100942B46022231464046F8F77AFE54
:10C4A00004460028E2D12B4601223146404600973F
:10C4B000F8F770FE04460028D8D1706883685B687E
:10C4C00013B13A462946984789F83A70CEE70123D6
:10C4D00011F0800F18BF21F08001026818BF1031E1
:10C4E0008B4022EA03030360704737B58B790C4613
:10C4F000009315468B88CA78897800F055FD70B98D
:10C5000094F90230A178002B4FF00103B8BF21F05D
:10C5100080012A68B8BF10318B4013432B6003B0F1
:10C5200030BDF8B506460D46174600F066FD0446D8
:10C5300058B929463846FFF7CAFF2946304600F069
:10C5400057FE044608B902F0B6F92046F8BD0A467F
:10C550008069802100F07CBE0B0648BF21F080017D
:10C56000406B48BF1031C84000F001007047F8B57B
:10C5700005460E46071D4FF0FF324FF0FF33384699
:10C58000FCF76EFFEC692CB9EE613846FCF7DAFF78
:10C590002046F8BD6FF07704F7E7C36982B08DF8E5
:10C5A000001001922BB102AB13E9060002B0F8F7BC
:10C5B0002BBF02B070474B78032B01D0052B01D164
:10C5C000002070471BB9012203695A72F8E76FF027
:10C5D000850070474B78032B05D0052B14BF6FF0F7
:10C5E000850000207047002070474A780369013AAF
:10C5F000052A11D8DFE802F00318161016169A6CF7
:10C600000AB1926932B90A225A720B226FF0850080
:10C610009A727047CA881AB90A225A720F22F5E72D
:10C6200003225A72002070479A6C002AEBD052699C
:10C63000002AE8D0CA88B2F5007FEDD80922F0E7D9
:10C64000002070474B78042B06D0052B09D0032B14
:10C6500007D06FF085007047022203695A720022EA
:10C660009A72002070470369186870470369024690
:10C67000002083F8440083F84C00188198645268C5
:10C680001A64704703695868704700220A21006BDA
:10C69000FFF783BF10B4846C0A4623691BB1017A8B
:10C6A000A06810BC1847012010BC704710B54B782B
:10C6B0000469032B03D0052B11D1002010BD0221EA
:10C6C0002046FFF7E7FF38B1022300220B21206C40
:10C6D0006372FFF762FFF0E707236372EDE70A2357
:10C6E00063720F236FF08500A372E7E706220369E8
:10C6F0001A72FFF7DBBF10B54A780369023A042AC1
:10C7000008D8DFE802F0031007101200CA88B2F55B
:10C71000007F06D90A225A720F226FF085009A72A2
:10C7200002E009225A72002010BD022159720069EC
:10C73000FFF7B0FFF7E710B54A780369013A052A19
:10C7400012D8DFE802F003110711070BCA881AB9E3
:10C7500006225A72002010BD0322FAE70221597204
:10C760000069FFF797FFF5E70A225A720F226FF070
:10C7700085009A72EFE710B54B780469032B03D05C
:10C78000052B0BD1002010BD05212046FFF782FFAD
:10C7900010B105236372F5E70423FBE70A236372F4
:10C7A0000F236FF08500A372EDE7032203691A726D
:10C7B000FFF7E1BF38B50546538A108A02F10C0431
:10C7C0001B1AD0685269821A9B1ACA88934228BFE2
:10C7D0001346062B15D1A97A2046FFF7F6F90A2150
:10C7E0002046FFF7FAF900212046FFF7EEF9297AF3
:10C7F0002046FFF7EAF900212046FFF7E6F900207E
:10C8000038BD6FF08500FBE703691869FFF73FBB90
:10C8100000690069FFF739BB00690069FFF733BBA6
:10C8200010B503691C695B681868FFF744FA28B102
:10C8300094F8CC00023818BF012010BD0220FCE79C
:10C8400038B503695D681C692868FFF734FA50B190
:10C8500021462868F6F788FA18B1012384F8CC300D
:10C8600038BD0223FAE70220FAE7062910B406D001
:10C8700000690729006905D010BCFFF702BB10BC96
:10C88000FFF7DEBF002280F8CC20F5E700207047DC
:10C89000036901395B6806290DD8DFE801F0040857
:10C8A0000C0A060606005B681360002070471B68D0
:10C8B000FAE70123F8E76FF01500704703460069B7
:10C8C0000361F5F791B90020704730B40125416844
:10C8D00002690968137E4D6154685B0954B1107E8A
:10C8E000023300F01F0052F8231005FA00F023462F
:10C8F00030BC184730BC704710B402694168022050
:10C900000968537E486154685B095CB1034452F87E
:10C9100023100123507E00F01F0003FA00F023468D
:10C9200010BC184710BC704710B40269416804205D
:10C930000968937E486154685B095CB1023352F820
:10C9400023100123907E00F01F0003FA00F023461D
:10C9500010BC184710BC704710B402694168082029
:10C960000968D37E486154685B095CB1023352F8B0
:10C9700023100123D07E00F01F0003FA00F02346AD
:10C9800010BC184710BC704710B4026941681020F1
:10C990000968137F486154685B095CB1023352F83F
:10C9A00023100123107F00F01F0003FA00F023463C
:10C9B00010BC184710BC704710B4026941682020B1
:10C9C0000968537F486154685B095CB1023352F8CF
:10C9D00023100123507F00F01F0003FA00F02346CC
:10C9E00010BC184710BC704710B402694168402061
:10C9F0000968937F486154685B095CB1023352F85F
:10CA000023100123907F00F01F0003FA00F023465B
:10CA100010BC184710BC704710B4026941688020F0
:10CA20000968D37F486154685B095CB1023352F8EE
:10CA300023100123D07F00F01F0003FA00F02346EB
:10CA400010BC184710BC704710B4026941684FF41D
:10CA50008070096892F82030486154685B0964B1BD
:10CA6000023352F82310012392F8200000F01F0037
:10CA700003FA00F0234610BC184710BC704710B4EE
:10CA8000026941684FF40070096892F821304861EA
:10CA900054685B0964B1023352F82310012392F801
:10CAA000210000F01F0003FA00F0234610BC1847D5
:10CAB00010BC704710B4026941684FF48060096887
:10CAC00092F82230486154685B0964B1023352F82D
:10CAD0002310012392F8220000F01F0003FA00F057
:10CAE000234610BC184710BC704710B40269416857
:10CAF0004FF40060096892F82330486154685B097C
:10CB000064B1023352F82310012392F8230000F09D
:10CB10001F0003FA00F0234610BC184710BC7047F2
:10CB200010B4026941684FF48050096892F82430CB
:10CB3000486154685B0964B1023352F82310012341
:10CB400092F8240000F01F0003FA00F0234610BC06
:10CB5000184710BC704710B4026941684FF4005088
:10CB6000096892F82530486154685B0964B1023362
:10CB700052F82310012392F8250000F01F0003FA59
:10CB800000F0234610BC184710BC704710B402696F
:10CB900041684FF48040096892F826304861546833
:10CBA0005B0964B1023352F82310012392F8260086
:10CBB00000F01F0003FA00F0234610BC184710BC19
:10CBC000704710B4026941684FF40040096892F858
:10CBD0002730486154685B0964B1023352F823106E
:10CBE000012392F8270000F01F0003FA00F023460B
:10CBF00010BC184710BC7047002208B511460D2024
:10CC0000F5F7DEFB0D20F5F7B9FB00220E201146EB
:10CC1000F5F7D6FB0E20F5F7B1FB00220F201146E9
:10CC2000F5F7CEFB0F20F5F7A9FB002210201146E7
:10CC3000F5F7C6FB1020F5F7A1FB002211201146E5
:10CC4000F5F7BEFB1120F5F799FB002212201146E3
:10CC5000F5F7B6FB1220F5F791FB002213201146E1
:10CC6000F5F7AEFB1320F5F789FB002214201146DF
:10CC7000F5F7A6FB1420F5F781FB002215201146DD
:10CC8000F5F79EFB1520F5F779FB002216201146DB
:10CC9000F5F796FB1620F5F771FB002217201146D9
:10CCA000F5F78EFB1720F5F769FB002218201146D7
:10CCB000F5F786FB1820F5F761FB002219201146D5
:10CCC000F5F77EFB1920F5F759FB00221A201146D3
:10CCD000F5F776FB1A20F5F751FB00221B201146D1
:10CCE000F5F76EFB1B20F5F749FB00221C201146CF
:10CCF000F5F766FBBDE808401C20F5F73FBB38B5EB
:10CD00000446807AF5F7DAFE6169054649B1637A2F
:10CD1000DB0704D4C36920461B689B68984700233F
:10CD2000636121462846BDE8384001F0CEBC30B5ED
:10CD300009060546847C14D414F0400016D0298AD4
:10CD4000C3F30A00C1F30A01884222D802F00300AB
:10CD5000022809D003280AD0012811D004F00100CC
:10CD600004E014F02000E9E7C4F3800030BD14F0C3
:10CD70000200FBD013F4C05F09D0C4F30010F5E744
:10CD800014F0080205D013F4C05FEFD0F5E70120DE
:10CD9000ECE70020EAE7A030D0E8AF0F00F0010098
:10CDA0007047A030D0E8AF0FC0F34000704701F0EB
:10CDB0000F030269090648BF103352F82300704779
:10CDC000007DC0F30010704708B502691046FFF7F8
:10CDD000E2FF60B9087E00F00F03000648BF103381
:10CDE00042F82310084601F05DFC002008BD6FF0FA
:10CDF0000C00FBE700220023FCF7F4BB01F06FBC42
:10CE000001F058BC1FB504698DF80410CDE902206B
:10CE1000D4F8983001A9984704B010BD1FB5034657
:10CE2000046906208DF804002046CDE90213FFF7BF
:10CE3000B2FF40B1C1F81E201846D4F8982001A9CD
:10CE4000904704B010BD4FF0FF30FAE738B5054603
:10CE50000C462046FFF7CEFF014600B938BD6FF003
:10CE600070022846FFF7DAFFF3E72DE9F843066979
:10CE700007460D46D6F80090D6F840804FF0FF32B6
:10CE80004FF0FF3306F18400FCF7EAFA4046FFF763
:10CE9000B1FF014618BB4846FFF7ACFF044620BB74
:10CEA00099F8143023F0100389F8143098F81430EE
:10CEB00023F0100388F8143024BB012286F8B02038
:10CEC000EDB12B68C6F8A8306B6886F8B120C6F8BB
:10CED000AC3038698430BDE8F843FCF733BB6FF001
:10CEE00067023846FFF79AFFD0E7637EDB07D7D4A7
:10CEF0006FF0670221463846FFF790FFCBE786F8D0
:10CF0000B150E6E72DB10822294604F10C00FEF7E6
:10CF100053FE002221463846FFF780FFD9E72DE96E
:10CF2000F8430546884614461F46D0F80890FFF798
:10CF30003EFF0646002834D02846D9F83C309847B2
:10CF40004146224630463B88FFF7F1FE804688B1D5
:10CF500083B92B6904F0030493F88030DB0753BFD7
:10CF600040224FF480624FF400711146022C0DD024
:10CF7000032C11D02846D9F840309847B8F1000F5B
:10CF800014BF00206FF08500BDE8F883338A8B4220
:10CF900028BF0B463B80EDE7338A934228BF1346F8
:10CFA000F8E76FF01200EFE72DE9F3411F464B065B
:10CFB00004460D461646D0F808801BD0D8F83C3001
:10CFC00098472069FFF7EDFE88B19DF8203029468B
:10CFD000009332463B462046F8F74EFD0546204674
:10CFE000D8F840309847284602B0BDE8F0814FF0AD
:10CFF000FF35F4E76FF01505F5E770B54B0604460D
:10D000000D46866812D0F36B98472069FFF7C3FE80
:10D0100048B129462046F8F773FD05462046336C93
:10D020009847284670BD4FF0FF35F7E76FF01505BC
:10D03000F7E770B5054686680C46F36B9847286994
:10D04000FFF7AFFEB0B121462846FFF7B0FE01461C
:10D0500098B1037DDB0710D5437E03F00303012B5A
:10D060000ED02846F368984704462846336C984704
:10D07000204670BD4FF0FF34F7E76FF01204F4E77D
:10D080006FF08504F1E7F8B5064687680C46FB6B40
:10D0900098473069FFF785FEE0B121463046FFF73B
:10D0A00086FE0546C8B1037DDB0716D5437E03F037
:10D0B0000303012B14D001463B69304698470446D0
:10D0C00018B92B7D60F341032B7530463B6C9847B4
:10D0D0002046F8BD4FF0FF34F7E76FF01204F4E795
:10D0E0006FF08504F1E72DE9F04105468668076990
:10D0F000F36B0C4698472869FFF753FE98B394F8F2
:10D10000188028464146FFF752FE014670B3037D62
:10D11000DA072BD518F07F0F20D197F8B030EBB19C
:10D12000637EDB0717D597F8B13033B1082207F1DA
:10D13000A80104F10C00FEF73FFD002287F8B020A3
:10D1400021462846FFF76AFE04462846336C984776
:10D150002046BDE8F0816FF06702F1E722462846DD
:10D1600073689847F0E74FF0FF34EEE76FF0120472
:10D17000EBE770B504468568EB6B98472069FFF7CD
:10D180000AFED8B923691E6C56B923691E687EB998
:10D19000002620462B6C9847304670BDF5F714FDED
:10D1A0003046FFF727FE0028F8D1EEE7F5F70CFD33
:10D1B0003046FFF71FFE0028F8D1E9E76FF00F06B1
:10D1C000E7E770B505460C468668F36B984721463D
:10D1D0002846FFF7ECFD48B101F081FAB0FA80F47F
:10D1E00064092846336C9847204670BD0124F8E74F
:10D1F00070B5054686680C46F36B98472869FFF7BB
:10D20000CAFD80B121462846FFF7D1FD014668B12D
:10D2100004681CB12846B368984704462846336C16
:10D220009847204670BD4FF0FF34F7E76FF01204C7
:10D23000F4E708B5036900211B685A8BF8F78AFCEC
:10D2400028B1437E23F0070343F00103437608BD72
:10D2500008B539B90369013A1B685B8B1A44B2FB04
:10D26000F3F25A43F8F776FC28B1437E23F0070324
:10D2700043F00203437608BD08B561B903691B6832
:10D280005A8BF8F767FC28B1437E23F0070343F07D
:10D290000403437608BD0022F3E770B505468668AF
:10D2A000F36B98472869FFF77CFD044620B133688B
:10D2B0003BB12846984704462846336C9847204699
:10D2C00070BD0124F8E7F8B5044687680669FB6B72
:10D2D00098472069FFF75FFDB8B12069FFF761FD4E
:10D2E000B0B92046FB6A9847054648B906F1A00345
:10D2F000D3E8EF1F41F00201C3E8E21F002AF7D193
:10D3000020463B6C98472846F8BD4FF0FF35F7E7BD
:10D310006FF07705F4E7F8B5044687680669FB6B9C
:10D3200098472069FFF73DFD90B13B6B2046984739
:10D33000054606F1A003D3E8EF1F21F00201C3E880
:10D34000E21F002AF7D120463B6C98472846F8BDDB
:10D350006FF07705F7E72DE9F041054614460F46D3
:10D36000D0F80880066911B30AB3D8F83C30984762
:10D370002869FFF710FDB8B9C6E926742846D8F821
:10D3800034309847044640B9A036D6E8EF3F43F022
:10D390000103C6E8E23F002AF7D12846D8F840301A
:10D3A00098472046BDE8F0816FF07704F5E76FF00D
:10D3B0001504F6E7F8B5044687680669FB6B9847DD
:10D3C0002069FFF7EEFCB0B92069FFF7E4FCA8B1D3
:10D3D000BB6B20469847054606F1A003D3E8EF1F34
:10D3E00021F00101C3E8E21F002AF7D120463B6C7F
:10D3F00098472846F8BD6FF00F05F7E76FF07705FF
:10D40000F4E700230822824204D3D8B270475200C6
:10D4100092B2F8E701330A2BF9D1FF20704730B5FB
:10D4200002F0030422F003020A4491420AD144B1FB
:10D4300000230068D90020FA01F1D15401339C4245
:10D44000F8D130BD036804311D0A01F8035C1D0CDE
:10D4500001F8043C01F8025C1B0E01F8013CE4E712
:10D4600030B543680A7E1B6832F080054FF0200417
:10D4700003F5805314D10269D2F8A400EFF31181AF
:10D4800084F31288BFF36F8F9D739A7C22439A7442
:10D4900080F89C5081F31188BFF36F8F002030BD5E
:10D4A000EFF3118084F31288BFF36F8F02F00F0245
:10D4B0009A7391F91820002AB5BF9A7C9A7D42F0A0
:10D4C000100242F02002B4BF9A749A7500229A7337
:10D4D00080F31188BFF36F8F0B7D43F002030B7550
:10D4E000DCE7436801F07F011B68002003F58053EF
:10D4F0001970704743681B6803F580535B7813F01D
:10D50000100F0CBF01200220704701234A0901F0CF
:10D510001F018B40DB4300EB8200D0E8EF2F1A4065
:10D52000C0E8E12F0029F8D1704770B5044650F8E3
:10D53000080C94F8306045682B6803F5805393F825
:10D54000603003F01803A3F11802514251418E429A
:10D5500008D00022182B84F830100CBF114601218E
:10D56000FFF750FC0A23EA6A2046BDE87040A2FBA0
:10D570000323FCF781BAFEF783B99A20F4F70CBFB6
:10D58000002208B59A201146F4F71AFFBDE80840BA
:10D590009A20F4F7F3BE0023F0B51A461C46C908DA
:10D5A0006509283550F8255004F01F06F540ED07B1
:10D5B00009D4002A08BF23460132914204D11A46F9
:10D5C0000127194416E000220134B4F5906FE7D129
:10D5D0009142F4D94FF6FF7010E05C0900EB84042F
:10D5E000D4F8A05003F01F0607FA06F63543C4F836
:10D5F000A05001338B42F0D3D00080B2F0BDFFF7D2
:10D60000CABF2DE9F74F0369426891F81880D3F833
:10D61000A440136818F0700F0F46009308F07F09BC
:10D620004FFA88FA40F09480488BC0F30A0008282B
:10D6300038BF0820FFF7E5FEFF28054600F0888088
:10D640000821814089B2EFF311832022019382F3F4
:10D650001288BFF36F8FB9F1000F30D14FF6FF760C
:10D66000B4F83001B04208D12046FFF7C8FFB042FD
:10D6700003D0A4F83001A4F85001019B83F3118872
:10D68000BFF36F8F4FF6FF73984264D0009B08F092
:10D690000F0803F5805484F80E80C0F30C00B9F134
:10D6A000000F2CD184F8625084F86350A4F8640011
:10D6B000A4F866000020A07303B0BDE8F08F4FEA25
:10D6C0004906BAF1000F4FF6FF7B26440BDAB6F895
:10D6D00030015845D1D12046FFF791FF5845CCD0B5
:10D6E000A6F83001C9E7B6F850015845C5D1204623
:10D6F000FFF785FF584518BFA6F85001BDE7012385
:10D70000BAF1000F03FA09F39BB210DA84F8625001
:10D71000A4F864007A8BC2F30A022282A27C42F04F
:10D720004002A274E28892B21343E380C2E784F815
:10D730006350A4F866007A8BC2F30A02A282A27D2B
:10D7400042F08002A275228992B213432381B1E78D
:10D750006FF01500B0E76FF00B00ADE770B5012674
:10D76000D208CB0802EBD102590900EB8101D1F8B4
:10D77000A04003F01F0506FA05F5013324EA05046D
:10D780009342C1F8A040EFD370BD2DE9F84303697F
:10D7900091F81890D3F8A460436819F070071D68D9
:10D7A00009F07F044FFA89F86DD1488BC0F30A0065
:10D7B000082838BF0820FFF724FEFF2863D008227E
:10D7C00009F00F09824005F5805392B283F80E905C
:10D7D0002CBB83F8624083F86340A3F86440A3F84D
:10D7E000664000219973EFF31185202383F312889B
:10D7F000BFF36F8F64BB4FF6FF74B6F83011A142D0
:10D8000006D03046FFF7AAFFA6F83041A6F85041EF
:10D8100085F31188BFF36F8F0020BDE8F8830121E5
:10D82000A140C943B8F1000F89B208DAD888014095
:10D83000D98083F86270A3F864701F82D1E71889D9
:10D840000140198183F86370A3F866709F82C8E76E
:10D850006400B8F1000F4FF6FF77344409DAB4F8EA
:10D860003011B942D4D03046FFF778FFA4F83071B8
:10D87000CEE7B4F85011B942CAD03046FFF76EFF78
:10D88000A4F85071C4E76FF01500C6E70069843052
:10D890004FF0FF324FF0FF33FBF7E2BD70B50D7E66
:10D8A000EFF31186202383F31288BFF36F8F05F007
:10D8B0000F0300F58054498BA373A37C13F001037D
:10D8C00006D00023A37386F31188BFF36F8F70BD5A
:10D8D00005F07F0505F5816500EB8500158AC1F32C
:10D8E0000A01A94228BF2946994208D802F10C0032
:10D8F000FEF784F9A37C43F00103A374E1E7D56844
:10D90000ED5C01330570EFE770B50B7E0C465906F0
:10D9100046D042681668EFF31181202282F3128804
:10D92000BFF36F8F03F00F0206F580539A7394F9DB
:10D930001820002A36DA9A7C02F0CF029A749A7C78
:10D9400042F040029A749A7C42F008029A749A7CDF
:10D95000920742BF9A7C42F008029A749A7C02F0C5
:10D96000FE029A7400229A7381F31188BFF36F8FBD
:10D97000237D62F34103237594F9183093420FDA43
:10D980002046FFF73BFA05462046FFF719FA38B95B
:10D9900035B12B8A23B12A4621463046FFF77EFF58
:10D9A000002070BD9A7D02F09F029A759A7D42F028
:10D9B00080029A75D6E700698430FBF7C3BD01F099
:10D9C000D4B901F0CFB901F050B801234A0901F0F0
:10D9D0001F018B4000EB8200D0E8EF2F1A43C0E814
:10D9E000E12F0029F8D1704703460022D3E8EF0F5A
:10D9F000C3E8E12F0029F9D170472DE9F047036909
:10DA00000A7ED3F8A4A0436806460F461C6802F0BD
:10DA10007F05EFF31188202383F31288BFF36F8F04
:10DA200004F58054ADB9A573E37C0AF5BE7043F0EC
:10DA30000103E374FFF7D8FF8AF89C50394630465B
:10DA4000FFF704FA88F31188BFF36F8F0020BDE859
:10DA5000F0874FF0010909FA05F91FFA89F96FEA11
:10DA6000090391F918109BB2002902F00F021FDA86
:10DA7000E1880AF5BA700B40E380A273A37C2946C3
:10DA800043F00803A374A37C9A0742BFA37C43F02E
:10DA90000803A374A37C03F0FE03A374FFF735FD12
:10DAA0000023A373E3889BB243EA0903E380C5E73D
:10DAB00021890AF5BC700B402381A273A37D2946FE
:10DAC00043F01003A375A37DDB0742BFA37D43F0A2
:10DAD0001003A375A37D03F0FE03A375FFF715FDE7
:10DAE00029460AF5C070FFF710FD29460AF5C270F5
:10DAF000FFF70BFD0023A37323899BB243EA0903BD
:10DB000023819BE7012301F01F02934030B5DC43E2
:10DB1000490900EB8100D0E8EF2F02EA0401C0E8D8
:10DB2000E51F002DF7D103EA0200003818BF0120DD
:10DB300030BD2DE9F04F0446036987B0D3F8A43017
:10DB4000029343681B680393029B03F188084FF01C
:10DB5000FF324FF0FF3340F29F11CDE900234046E2
:10DB6000002201F006F90746780708D5042140464F
:10DB7000FFF725FF002204212046FFF743F939076C
:10DB80000CD508214046FFF71AFF01212046F7F780
:10DB900031FF002203212046FFF734F9FA060CD5A5
:10DBA00010214046FFF70BFF00212046F7F722FF28
:10DBB000002202212046FFF725F93B0600F1B28042
:10DBC000FE0510D54FF480714046FFF7F8FE029B2A
:10DBD00003F5BC70FFF708FF0646029B03F5C07A09
:10DBE000002E40F02481BD0740F18E800221404686
:10DBF000FFF7E5FE80212046FFF7D9F8029B81461A
:10DC000003F5BE70FFF7F0FE002843D02369002122
:10DC10002046D3F8A4A0FFF7CAF880210646204684
:10DC2000FFF7C5F88346F6B13046FFF7E7F8D0B105
:10DC3000457E15F0010500F046813046FFF7DAF821
:10DC400005463046FFF7DAF818B1437ED90740F1B0
:10DC50003A8145B10023EA68294613605360304693
:10DC60002B82FFF7CDF820460AF5E771FFF7FDF8A4
:10DC7000002E40F01D8100250023AAF8C831AAF823
:10DC8000CC313DB1EA6829461360536030462B829F
:10DC9000FFF7B6F8B9F1000F36D04846FFF7AEF8F7
:10DCA000064688B3058A002D00F04A812369802149
:10DCB000D3F8A45063682046D3F80090FFF777F8B4
:10DCC000418B338AC1F30A01994228BF19460022C9
:10DCD00009F58059914200F22B8106F10C00FDF705
:10DCE0008DFF338A002B40F02981737E13F0080FDB
:10DCF0000CBF0A2202224FF0010385F89C3099F8EC
:10DD00001230134389F81230FB077FF51DAF4046F0
:10DD10000121FFF754FE029B204603F19401FFF717
:10DD2000A4F811E780214046FFF749FE6368D3F865
:10DD30000090236909F58055D3F8A40000F5BA7066
:10DD4000FFF752FE0646002E3FF43AAF96FAA6FBC6
:10DD50000123BBFA8BFB204603FA0BF34BF0800147
:10DD600026EA0306FFF723F804900028EBD0FFF71C
:10DD700045F80028E7D0028A049B7AB31A7D12F096
:10DD80000202E0D1EFF3118A202181F31288BFF360
:10DD90006F8F0BF5816C0BF00F0B5B8B85F80EB062
:10DDA000018AC3F30A03994228BF194609EB8C0C78
:10DDB00091420DD80C30FDF721FFAB7C43F00103FD
:10DDC000AB740023AB738AF31188BFF36F8FBAE78C
:10DDD000C3689B5C01328CF80030E9E790F819A029
:10DDE0001AF0080A1AD01B7D13F00203ABD1EFF32F
:10DDF0001182202181F31288BFF36F8F0BF00F0B7C
:10DE000085F80EB0A97C41F00101A974417E63F34D
:10DE1000C3014176AB7382F31188D6E71846FEF74B
:10DE2000E9FF524601462046FEF7F8FF8BE796FAD7
:10DE3000A6F50123B5FA85F52046AB40294626EA2A
:10DE40000306FEF7B4FF834600283FF4C9AEFEF791
:10DE5000D1FF814600283FF4C3AEDAE8AF3F2B4143
:10DE6000D8071FD55846FEF7C9FFD8B129465046F6
:10DE7000FFF748FEB0B1EFF31181202383F312883E
:10DE8000BFF36F8F039B05F00F0503F580539D7360
:10DE90009A7D02F0FE029A7500229A7381F311882E
:10DEA000BFF36F8F002249462046FEF7B7FF97E683
:10DEB0003046FEF7A3FF00283FF4DDAE457E15F0A7
:10DEC00001057FF4D8AE3046FEF794FF018A428AFE
:10DED0000346521AC16840690493091A521ABAF8E3
:10DEE000C81103F10C008A4228BF0A461146059268
:10DEF000FDF75CFE059A0AF5C47100F044FF049B2F
:10DF0000002219462046FEF789FF5846FEF776FFA5
:10DF100000283FF4B1AE437E5A077FF5ADAE5846B8
:10DF2000FEF768FF002201462046FEF777FFA3E6D2
:10DF3000F3689B5C013289F82030CBE60222DAE6F6
:10DF40004846FEF757FF2A4601462046FEF766FF81
:10DF5000DAE610B5807A0C46F4F7B0FDC3692146C5
:10DF6000BDE81040586800F078BAF7B50D46807AE1
:10DF700017461E46F4F7A2FD2C68C369033424F04B
:10DF80000302586804212A60CDE90076FBF74EF9B8
:10DF900000B9286003B0F0BD0023F3F711BB2DE9F1
:10DFA000F04145680846D5E900680C46AF68F8F7C7
:10DFB000B3FB002876D1A30E092B73D8DFE803F05A
:10DFC000080F1A2C054A515D05650220BDE8F08155
:10DFD00073699B076AD5306900F001001AE0F36AA3
:10DFE0009F0763D5B36F002B5ED13069C00900F085
:10DFF0000200EBE7E4B206F1400353F824300120BD
:10E0000013F0020FE2D033691834A04098430CBFDC
:10E01000012000204000D9E70621E4B2B4FBF1F270
:10E02000336902F11805EB40DD07D0B23ED501FBA4
:10E03000124406F14C034FF0FF3253F82000012345
:10E040000134E4B202EBC4029340034214BF022045
:10E050000120BBE7D8F81C309A0727D5D8F80C0068
:10E06000BAE7E4B204F1080357F82330DB051DD505
:10E0700078680234E040C043AEE7C4F3052420349E
:10E0800057F8243013F0400FE0E7C4F30552EB6873
:10E090000E3203EB82035A680123C4F38534A34094
:10E0A0001342D3E7032091E700208FE701208DE79B
:10E0B0002DE9F3474FF000090C4601EB01214568BB
:10E0C00041F03F6141F47C21804617462E68D0F82C
:10E0D00010A0CDF80490FFF762FF022803D0C7F824
:10E0E000009000201CE006F1400353F82430C3F3F5
:10E0F0000223012B17D0022B2CD0BBB9AA68631CBA
:10E1000004F1210152F8211003EB43035A00404669
:10E1100001AB02F0FE0201F00F01F8F7BBFB28B1E2
:10E1200002B0BDE8F087DAF80030019306F1480349
:10E1300053F82430443613F03F031EBF019AB2FB5C
:10E14000F3F2019256F82420019BC2F309025343D3
:10E150003B60C6E7404601A9F8F742FCDFE706232B
:10E16000F0B40A4691FBF3F1446803FB11232668DF
:10E1700001244C36DB0056F82170073304FA03F310
:10E1800005693B4346F821302B8F063294401C43EF
:10E19000EB6A2C87CB40DA0706D42B6BCB40DB072E
:10E1A00002D5F0BCF8F75CBF0020F0BC704710B59A
:10E1B0004468C1F30520A1689B0101EB8001D1F8FF
:10E1C000800003F0400302F00F0220F04F001343E1
:10E1D0000343C1F8803010BD10B543680120C1F37E
:10E1E0008534DB68C1F3055189000B44012ADA6BE1
:10E1F00000FA04F00CBF02438243DA6310BD30B56D
:10E20000036813600579046804EBC504A34202D3D4
:10E210006FF0010030BD5C7908338C42F1D10020F1
:10E22000F8E783681B6803B118476FF05700704721
:10E2300083681B6903B1184703207047036903F122
:10E240002402483352F8040B9A4241F8040BF9D1E6
:10E2500000207047FDF714BB43685B68586AC0F341
:10E260000040704743685B685A6AD2075ABF586AD1
:10E27000C0F3400001207047FBF764B938B50024B3
:10E2800003694568A3F8604083F85C4083F85D400B
:10E29000FAF78CF90A21A86920EAE070A0FB0101D5
:10E2A00000F0CAFB204638BD43689B681A7E5207BF
:10E2B00043BF9B6A00200B706FF00F0070474368EC
:10E2C0009B681A7ED207FCD59962704702690020CC
:10E2D00013680B6053684B60704743689B68588BAA
:10E2E0005A8BC0F3800092075A8B48BF40F004005D
:10E2F00002F0010240EA42005A8BD1065A8B48BF15
:10E3000040F0080092065A8B48BF40F0100092B2CD
:10E3100042F037025A8370470268012922F0706286
:10E320000346026004D002290CD0026802607047E4
:10E33000026842F080720260426842F400525A6001
:10E34000FAF736BB026842F080720260426822F43B
:10E350000052F4E738B5044648B1FAF7A1FD782336
:10E3600005465C43FAF79CFD431BA342FAD338BD34
:10E3700010B5436904463BB90020E2684042537837
:10E3800043F00103537010BD98470028F4D00028D3
:10E39000B8BF4042FF28A8BFFF20E3681870ECE731
:10E3A00040B1C368587810F001001EBF1878B0FA69
:10E3B00080F040097047EFF31183202383F3128824
:10E3C000BFF36F8FFEE72DE9F04F89B0DDE91268EA
:10E3D000059243460546324606A80F4600F008FC63
:10E3E000DDE90634CDE90234EFF311844FF0200962
:10E3F00089F31288BFF36F8F05F10C0A05F1140B36
:10E4000039462846059A149B984730B184F3118801
:10E41000BFF36F8F09B0BDE8F08F56EA0806F5D05C
:10E42000DDE9022306A800F008FCDDE90668524693
:10E4300021465846CDE90068FBF786FDEFF31184CD
:10E4400089F31288BFF36F8FDAE710B400F10C0480
:10E45000C0E9034410BCFCF751BE38B50446EFF3E5
:10E460001185202383F31288BFF36F8FF2F7D6F95B
:10E4700004F10C0000F0D1FA30B1294604F1140087
:10E48000BDE8384000F0AFBA85F31188BFF36F8F55
:10E4900038BD10B542696AB1836842EA0301890751
:10E4A00008D10169A2FB011424B95B182CBF01211A
:10E4B000002102D36FF0150005E0C1609B1A0269CC
:10E4C0008A4201D8002010BDC26801311A60426939
:10E4D000C3609B1AF3E72DE9F04105460F46EFF3C1
:10E4E0001188202383F31288BFF36F8FC668FEB9AB
:10E4F0000468A0421CD0DCB1D4E9003213605A6039
:10E50000237CC4E9006623F002032374A66004F1AF
:10E51000180000F032FB2046C4F88060676100F00C
:10E5200004FA414605F10800BDE8F04100F05BBA8D
:10E530003E60AB69EF60013BAB6188F31188BFF3CC
:10E540006F8FBDE8F081202408B5EFF3118384F3C9
:10E550001288BFF36F8FFDF7DAFAF6E7D0E90032E1
:10E5600013605A600023027CC0E9003322F00202EB
:10E5700002748360704713B501240094FAF7A6FE75
:10E5800002B010BD90F90E308B4201D0FBF708BDF0
:10E590000020704703460020C3E90033C3E90200AE
:10E5A0007047D0E9003213605A600023027CC0E952
:10E5B000003322F002020274836070472DE9F843B1
:10E5C000904604460D469DF82020EFF31187202148
:10E5D00081F31288BFF36F8F02B14568A66804F11A
:10E5E0000809B14516D0AEB100243046FFF7D9FF77
:10E5F00006F1180000F0C1FA3046C6F88040C6F8AF
:10E60000148000F092F94846394600F0ECF92046B3
:10E61000BDE8F883A3B10820FCF7A8F8002832D0A1
:10E620000122C0F804800260016801F003015DB9B5
:10E6300022680A430260626820606AB960600BE089
:10E640004046C8F80030EFE72A68032A10D8016076
:10E65000616839B9C4E90000002087F31188BFF36D
:10E660006F8FD5E70A6802F0030202430A60E5E70C
:10E6700022F003020A4302602A6802F0030240EA21
:10E6800002032B60E8E76FF00B00E6E710B50446E5
:10E6900030B10268930703D0446809B100F06CFB05
:10E6A000204610BD0023C0E9003300F10803C0E993
:10E6B00002337047012307B5009300230A46194629
:10E6C000FFF77CFF03B05DF804FB002307B50A46A3
:10E6D00000931946FFF772FF03B05DF804FB0021B9
:10E6E0000068FFF7D3BF3AB18A4205D3C0E90212EE
:10E6F000C0E90000002070476FF01500704701234B
:10E7000002688B4022EA0303036022FA01F000F062
:10E710000100704710B5032104460C30FFF7EFFFEE
:10E7200030B104F1100000F028FAB0FA80F040098E
:10E7300010BD20B100229430114600F0DBB97047C3
:10E7400070B5C3680446C3F340069B0716D48568BA
:10E7500002210C30FFF7D3FF80B1D5F88C206AB1CD
:10E7600094421DD122689EB9D5F89030C5F88C200E
:10E770009C4201D1C5F8902000232360E36813F088
:10E780001F001EBF43F00203E36040F0020070BDB3
:10E790003260D5F89020944208BFC5F89060EBE74E
:10E7A00016461268DBE773B50446EFF311852023A4
:10E7B00083F31288BFF36F8F00230193D0E9042302
:10E7C000B3F1004F08BF012A05D085F31188BFF3CC
:10E7D0006F8F02B070BDA0F1100603210438FFF75F
:10E7E0008EFF0028F1D0A369304601A90193FBF701
:10E7F00053F8EAE738B530220D460021044600F010
:10E80000CFFA4FF480736560E36038BDF8B5044615
:10E810000D46EFF31187202383F31288BFF36F8F28
:10E82000C36803F01F03002B14BF0126002609D084
:10E83000FFF770FF2046FFF783FF29462046FBF7CE
:10E840000DF8034687F31188BFF36F8F3BB14FF08C
:10E85000FF324FF0FF3305F10800FAF729FF304689
:10E86000F8BDEFF30580003818BF012070476FF046
:10E87000570070470020704738B58589EFF3118144
:10E88000202282F31288BFF36F8F037C13F00804F9
:10E8900004D081F31188BFF36F8F38BD0122FBF7DD
:10E8A00059FAEB07F9D584F31188BFF36F8F04236E
:10E8B000184602DFF1E7FBF705BBD0E90032136031
:10E8C0005A600023C0E90033704708B5FFF7F5FF31
:10E8D000037C23F0020303740023836008BD38B572
:10E8E00004460D46FBF782F9237C43F002032374B0
:10E8F000D5B1A5602B689D4209D16B68C4E900536E
:10E900001C606C6010E06A689A42F6D01B68002BAD
:10E91000F3D093F90E1094F90E209142F3DD5A686A
:10E92000C4E9003214605C6038BD10B5EFF31184A7
:10E93000202383F31288BFF36F8FFBF781F984F3F1
:10E940001188BFF36F8F10BDFBF77AB9FBF74EB993
:10E9500008B5EFF31181202282F31288BFF36F8F85
:10E9600083680BB1FFF7B1FF81F31188BFF36F8F9D
:10E9700008BD08B5037C014613F0280F0CD183684D
:10E980000BB1FFF7A2FF0B7C084623F004030B74C6
:10E99000BDE80840FBF754B908BD10B5EFF311848A
:10E9A000202383F31288BFF36F8F1838FFF7E1FF3E
:10E9B00084F31188BFF36F8F10BD08B50346EFF3E2
:10E9C0001181202282F31288BFF36F8F0068834287
:10E9D00007D008B1FFF779FF81F31188BFF36F8F7C
:10E9E00008BD0020F8E70846FBF76AB938B50546C8
:10E9F00004680020AC4200D138BD002CFCD0204679
:10EA0000FFF763FF04F1180000F0B7F82046FBF7AA
:10EA100017F92C680120A542EDE710B5EFF311843A
:10EA2000202383F31288BFF36F8FFFF7DFFF84F398
:10EA30001188BFF36F8F10BD38B505460C46FBF744
:10EA40001BFBB4F1FF3F08BFB5F1FF3F0AD0C11770
:10EA500009304FF00A024FF0000341F10001F1F7D5
:10EA6000CFFA38BD4FF0FF30FBE7C117633008B570
:10EA70004FF064024FF0000341F10001F1F7C0FADA
:10EA8000C117FBF7F9FA6423584308BD2DE9F04795
:10EA900006460F4691469A46EFF31188202383F3EA
:10EAA0001288BFF36F8F0068864206D028B1736862
:10EAB00098420CBF0025056868B90024B9F1000F21
:10EAC00002D051462046C84788F31188BFF36F8FA4
:10EAD0002046BDE8F0875146B84704460028EDD1EE
:10EAE00035B17368AB4200D02C6828462546E3E771
:10EAF0002C46FAE738B5EFF31185202383F312880B
:10EB0000BFF36F8F0468A0421CD0ECB1C4F8801032
:10EB10006261D4E9003213605A600023227CC4E9A8
:10EB2000003322F002022274A36004F1180000F006
:10EB300024F82046FFF708FF012085F31188BFF372
:10EB40006F8F38BD0020F8E72046F6E708B502468B
:10EB5000FBF7A0FB70B1D0E904319B1A61EBE272C4
:10EB6000B3F1004F72F1000104DA002AACBF18467D
:10EB7000002008BD6FF00040FBE7024638B5EFF318
:10EB80001185202383F31288BFF36F8F0368D3B1FD
:10EB9000FBF780FB04461046FBF78EFB00224FF08C
:10EBA00000438442C0E9042305D0002085F3118886
:10EBB000BFF36F8F38BDFBF775FBFFF7C7FF002171
:10EBC000FAF7D4F8F1E7D0E90413B3F1004F08BF26
:10EBD000012904D100204FF00041C2E904016FF087
:10EBE0001500E3E708B5FBF76FFC08BDFBF76CBC4D
:10EBF000B3F1FF3F08BFB2F1FF3F70B506461D46B7
:10EC0000144614D01A4316D0002B08DBFBF75CFC2B
:10EC1000041941EB0501C6E90041304670BD6FF0B3
:10EC200001031C1B4FF0FF3363EB0501F3E74FF0CB
:10EC3000FF342146EFE70024FBE7B3F1FF3F08BFB5
:10EC4000B2F1FF3FF8B5074616461C4610D054EA0D
:10EC5000020311D0FBF738FCB0420A46A14103463B
:10EC60000AD2F31A64EB0204C7E900343846F8BD4F
:10EC70004FF0FF331C46F7E70023FBE70023C0E912
:10EC8000081200F11802C0E90622C0E9003303634C
:10EC9000436370472DE9F3470446DDE90A981546BA
:10ECA0000E4659B302F0010AFBF75CFA0746EFF390
:10ECB0001181202383F31288BFF36F8FA80744BF0D
:10ECC0000023A360A36803EA0600BAF1000F0CD08A
:10ECD00086420CD16A0744BF8343A36081F3118845
:10ECE000BFF36F8F02B0BDE8F0870028F2D159EA78
:10ECF000080305D181F31188BFF36F8F0020F1E77E
:10ED0000C7E918652246CDE9009804F10C00FBF72D
:10ED10001BF90028F2D1386EE4E710B50B68044601
:10ED2000D0E9180212F0010F03EA000301D0984263
:10ED300011D183B12366520748BF4A6804F1180015
:10ED400044BF1A434A60FFF718FF00232046C4F867
:10ED50008030FFF70EFE002010BD0023C0E9000048
:10ED6000836070470A46FBF7B5BC0A460021FBF7F3
:10ED7000B1BC5200FFF78EBF20B1011F50F8040C48
:10ED8000FFF76BBB70470A44431E914200D17047A6
:10ED900010B511F8014B914203F8014FF9D110BDA4
:10EDA00002440346934200D1704703F8011BF9E780
:10EDB00010B56AB10139841810F8012B11F8013F20
:10EDC0009A4203D1A04201D0002AF5D1D01A10BD39
:10EDD0001046FCE70246014410B58A42134603D0B0
:10EDE0001C780132002CF8D1181A10BDF0B5C3F10F
:10EDF0003707044603F01F031046FFB2082BE6B2A4
:10EE000032D0102B3DD06508A40845EAC17544EA0C
:10EE100081748A082D1942EB5102290941EA0271D5
:10EE20006D1842EB1212290A41EA02616D1842EB99
:10EE30001222290C41EA02416D1842EB1242AD1830
:10EE400042F10002EC0844EA4274D10804EB840267
:10EE5000A6EB4205EDB2092D0CD90134A5F10A0546
:10EE600041F10001EDB212E0E40806F0070544EAC2
:10EE70004174C908303554EA010200F8015BBDD184
:10EE8000F0BD240906F00F0544EA01740909092DB3
:10EE900084BFED19EDB2EDE7D1E9043293421EBF14
:08EEA0005A1C0A61187070474A
:08EEA800B011FF7F0100000022
:10EEB0000000000030EF000C0992000C0000000080
:10EEC0004992000C00000000000000004CEF000C14
:10EED0000000000068EF000C297E000C000000001C
:10EEE000CD8C000C000000000911000C0000000097
:10EEF000612A000C0000000089A7000C000000003F
:10EF00000000000084EF000C00000000A0EF000CE7
:10EF1000F155000C0000000000000000BCEF000CE8
:10EF200000000000D8EF000C7946000C0000000043
:10EF3000EF1A010C48F8000CE4F4000C5C0400200B
:10EF40005C140020CD7B000C000000002E12010C90
:10EF5000A0F7000C00000000580400202812002038
:10EF60006959000C000000001C1E010CACF8000CDC
:10EF700024F5000C6004002098140020E58A000CA1
:10EF80000000000097FC000C9802002088F7000C9D
:10EF900056040020A8020020BDC8000C000000009C
:10EFA0009414010CC8F7000CF8F7000C5A04002068
:10EFB000C00200206165000C00000000D91D010C9A
:10EFC00070F8000C00F5000C5E04002074030020B3
:10EFD0006D87000C0000000037FC000C68F7000C87
:10EFE0000000000054040020401100202558000CAF
:04EFF000000000001D
:10EFF40000000000F3BA000C00000000F3BA000C9B
:10F0040000000000F3BA000C00000000F3BA000C8A
:10F0140000000000F3BA000C00000000F3BA000C7A
:10F0240000000000F3BA000C00000000F3BA000C6A
:10F0340000000000F3BA000C00000000F3BA000C5A
:10F0440000000000F3BA000C00000000F3BA000C4A
:10F0540000000000F3BA000C4CEF000CCBC8000C0D
:10F064004CEF000CF9C8000C4CEF000C29C9000C43
:10F074004CEF000C59C9000C4CEF000C89C9000C72
:10F084004CEF000CB9C9000C4CEF000CE9C9000CA2
:10F094004CEF000C19CA000C4CEF000C49CA000CD0
:10F0A4004CEF000C7FCA000C4CEF000CB5CA000CEE
:10F0B4004CEF000CEBCA000C4CEF000C21CB000C05
:10F0C4004CEF000C57CB000C4CEF000C8DCB000C1C
:10F0D4004CEF000CC3CB000C00000000F3BA000C92
:10F0E40000000000F3BA000C00000000F3BA000CAA
:10F0F40000000000F3BA000C00000000F3BA000C9A
:10F1040000000000F3BA000C00000000F3BA000C89
:10F1140000000000F3BA000C00000000F3BA000C79
:10F1240000000000F3BA000C00000000F3BA000C69
:10F1340000000000F3BA000C00000000F3BA000C59
:10F1440000000000F3BA000C00000000F3BA000C49
:10F1540000000000F3BA000C00000000F3BA000C39
:10F1640000000000F3BA000C00000000F3BA000C29
:10F1740000000000F3BA000C00000000F3BA000C19
:10F1840000000000F3BA000C00000000F3BA000C09
:10F1940000000000F3BA000C00000000F3BA000CF9
:10F1A40000000000F3BA000C00000000F3BA000CE9
:10F1B40000000000F3BA000C00000000F3BA000CD9
:10F1C40000000000F3BA000C00000000F3BA000CC9
:10F1D40000000000F3BA000C00000000F3BA000CB9
:10F1E40000000000F3BA000C00000000F3BA000CA9
:10F1F40000000000F3BA000C00000000F3BA000C99
:10F2040000000000F3BA000C00000000F3BA000C88
:10F2140000000000F3BA000C00000000F3BA000C78
:10F2240000000000F3BA000C00000000F3BA000C68
:10F2340000000000F3BA000C00000000F3BA000C58
:10F2440000000000F3BA000C00000000F3BA000C48
:10F2540000000000F3BA000C00000000F3BA000C38
:10F2640000000000F3BA000C00000000F3BA000C28
:10F2740000000000F3BA000C00000000F3BA000C18
:10F2840000000000F3BA000C00000000F3BA000C08
:10F2940000000000F3BA000C00000000F3BA000CF8
:10F2A40000000000F3BA000C00000000F3BA000CE8
:10F2B40000000000F3BA000C00000000F3BA000CD8
:10F2C40000000000F3BA000C00000000F3BA000CC8
:10F2D40000000000F3BA000C00000000F3BA000CB8
:10F2E40000000000F3BA000C00000000F3BA000CA8
:10F2F40000000000F3BA000C00000000F3BA000C98
:10F3040000000000F3BA000C00000000F3BA000C87
:10F3140000000000F3BA000C00000000F3BA000C77
:10F3240000000000F3BA000C00000000F3BA000C67
:10F3340000000000F3BA000C00000000F3BA000C57
:10F3440000000000F3BA000C00000000F3BA000C47
:10F3540000000000F3BA000C00000000F3BA000C37
:10F3640000000000F3BA000C00000000F3BA000C27
:10F3740000000000F3BA000C00000000F3BA000C17
:10F3840000000000F3BA000C00000000F3BA000C07
:10F3940000000000F3BA000C00000000F3BA000CF7
:10F3A40000000000F3BA000C00000000F3BA000CE7
:10F3B40000000000F3BA000C00000000F3BA000CD7
:10F3C40000000000F3BA000C00000000F3BA000CC7
:10F3D40000000000F3BA000C00000000F3BA000CB7
:10F3E40000000000F3BA000C00000000F3BA000CA7
:10F3F40000000000F3BA000C00000000F3BA000C97
:10F4040000000000F3BA000C00000000F3BA000C86
:10F4140000000000F3BA000C00000000F3BA000C76
:10F4240000000000F3BA000C00000000F3BA000C66
:10F4340000000000F3BA000C00000000F3BA000C56
:10F4440000000000F3BA000C00000000F3BA000C46
:10F4540000000000F3BA000C00000000F3BA000C36
:10F4640000000000F3BA000C00000000F3BA000C26
:10F4740000000000F3BA000C00000000F3BA000C16
:10F4840000000000F3BA000C00000000F3BA000C06
:10F49400BCEF000C2180000C00000000F3BA000C4B
:10F4A40000000000F3BA000C00000000F3BA000CE6
:10F4B40000000000F3BA000C00000000F3BA000CD6
:10F4C400A0EF000CBD5E000C00000000F3BA000CBD
:10F4D40000000000F3BA000C00000000F3BA000CB6
:10F4E4000171000CFD6E000C00000000B96D000CF1
:0CF4F4009FDF000C00000000296A000CE3
:10F500007DE2000C2581000C4586000C59E2000CC0
:10F510000000000065E2000C3DE2000C000000006D
:04F5200000000000E7
:10F52400A9E2000CBFE2000CDBE2000CE589000C50
:04F53400CDE2000C18
:10F53800A3FE000C03000000FE1A010C03000000EB
:10F5480037FC000C03000000171B010C0100000031
:10F558004C12010C03000000C7FE000C0300000061
:10F56800CBFE000C03000000CBFF000C03000000E2
:10F57800B0FC000C030000003205010C0300000081
:10F58800B405010C03000000BC05010C03000000D9
:10F59800101F010C03000000F8FD000C0300000020
:10F5A800AF11010C030000000607010C0300000066
:10F5B800E71D010C03000000B4FE000C030000006E
:10F5C8002C1E010C03000000FF12010C02000000B9
:10F5D800A114010C020000009A0F010C02000000A7
:10F5E8009E0C010C020000009710010C02000000A4
:10F5F800D20D010C02000000290B010C02000000D2
:10F60800200B010C020000008011010C0200000018
:10F618002211010C02000000D310010C02000000AE
:10F62800870E010C020000002A11010C02000000E4
:08F63800C6FA000C03000000FB
:10F64000ECF6000CDC010020BAFF000C0100000009
:10F65000BEFA000C00000000B5FC000CC0FC000C61
:10F66000CDFC000CDCFC000CEDFC000CF7FC000CED
:10F6700010FD000C21FD000C2DFD000C41FD000CC7
:10F680005CFD000C6FFD000C68070020000100000D
:10F6900097B7000C35B7000C020000003FB9000C12
:10F6A000000000000000000000000000000000005A
:10F6B0009AFF000CA2FF000C0000000000000000F8
:10F6C00000000000AAFF000CAEFF000CB2FF000C0F
:10F6D000B6FF000CDCF6000CD4100020AD1A000CB4
:10F6E000EC100020DE14002001000000FFB9000C27
:10F6F000F5B9000CC3B9000CB7B9000C000000004C
:10F70000ABB9000C00000000000000200000000069
:10F7100006000100020000001CF7000C00000008B9
:10F72000A505010C06000000E0FF1F0C00000020F2
:10F73000AD05010C21000000E0FF0720B7C5000C5B
:10F74000D5C5000CEBC5000C77C7000CABC7000C8F
:10F7500037C7000CADC6000CEDC6000C41C6000C4E
:10F76000F7C6000C45C6000CBCEF000C8911010C5B
:10F7700041C8000C21C8000C19C8000C11C8000CAD
:10F7800009C8000C6BC8000CC7C8000C8DC8000C61
:10F790004958000CDD58000C9558000C91C8000C1D
:10F7A00000A0014430EF000C1A7F132403C5FF1F93
:10F7B000F9CB000C010000003CF8000CBC04002058
:10F7C00000000000000000000000004608000000EB
:10F7D0005C1200205C130020E85B002000040000A5
:10F7E00002000000000000000000000081D5000CB5
:10F7F0007BD5000C64000000F5D4000C9962000C6D
:10F80000FBD9000C61D4000C09D9000C00000000E9
:10F8100003D6000C8BD7000C595E000CE3D4000C0F
:10F82000A95B000CB564000C0D5C000C655C000C61
:10F83000915D000C8DD8000CB7D9000C6BDF000C6B
:10F840000000000053DF000C00C0004400E0004452
:10F850000000014400200144008000440500000035
:10F860000010804480108044001180448011804446
:10F870009CF8000C0060024530EF000C0B7F042464
:10F8800035ECFF1F10D2FF1FF4010000801A0600A4
:10F8900080F0FA0204000001A97F000CA4F8000C1B
:10F8A0000100000020F9000C0800000000C2010067
:10F8B00003000100002000450001000001000000DD
:10F8C0000000000030EF000C2E7F302423DAFF1FF1
:10F8D000D4F8000CDCF8000C0100000040F9000C2A
:10F8E00002000000C61E010CD41E010CE81E010C13
:10F8F000F71E010C031F010CB0EE000CB0EE000C63
:10F90000E0EE000CE8EE000C30EF000C30EF000CE5
:10F91000411F010C0001000000000000090409045F
:10F92000A38200006382000073820000B3820000A3
:10F930008382000093820000C38200005382000093
:10F9400090230000802300004661696C6564207488
:10F950006F20696E697469616C697A65206C616E8B
:10F9600067756167652064657363726970746F722F
:10F970002028256429004661696C656420746F2025
:10F98000696E697469616C697A65206D616E75660E
:10F9900061637475726572206465736372697074F3
:10F9A0006F722028256429004661696C65642074A3
:10F9B0006F20696E697469616C697A652070726F15
:10F9C000647563742064657363726970746F722008
:10F9D00028256429004661696C656420746F20697C
:10F9E0006E697469616C697A6520534E2064657331
:10F9F00063726970746F72202825642900466169FA
:10FA00006C656420746F2061646420486967682DA8
:10FA1000537065656420636F6E66696775726174A3
:10FA2000696F6E004661696C656420746F20616463
:10FA30006420726567697374657220636C617373A7
:10FA40006573004661696C656420746F206164644D
:10FA50002046756C6C2D537065656420636F6E660F
:10FA6000696775726174696F6E004661696C65647F
:10FA700020746F207265676973746572206D657399
:10FA8000736167652063616C6C6261636B004661E2
:10FA9000696C656420746F20696E697469616C6952
:10FAA0007A652064657669636520737570706F721E
:10FAB000740073616D706C655F7573626400646679
:10FAC000755F64667500757362645F73616D706CF9
:10FAD000655F636F6E666967003F0055534244205F
:10FAE0006D6573736167653A2025730009436F6E16
:10FAF00066696775726174696F6E2076616C756591
:10FB0000202564004661696C656420746F20656E11
:10FB100061626C65206465766963652073757070D9
:10FB20006F7274004661696C656420746F2064694B
:10FB30007361626C652064657669636520737570B6
:10FB4000706F72740044657461636820555342207D
:10FB5000646576696365004661696C656420746FED
:10FB600020696E697469616C697A65205553422019
:10FB700064657669636520737570706F7274004692
:10FB800061696C656420746F20656E61626C6520CC
:10FB90005553422064657669636520737570706F94
:10FBA0007274006469736B20257320736563746FCE
:10FBB0007220636F756E7420257520736563746F92
:10FBC000722073697A65202575004661696C6564E9
:10FBD00020746F20696E69742072616D6469736B43
:10FBE0002064617461004661696C656420746F20F3
:10FBF000777269746520746F2052414D6469736B2C
:10FC000000626C6F636B2025752073697A6520250F
:10FC10007520646F776E6C6F616465642025750074
:10FC20004661696C656420746F207265616420664A
:10FC3000726F6D2052414D6469736B00626C6F632B
:10FC40006B2025752073697A652025752075706C89
:10FC50006F61646564202575004661696C65642088
:10FC6000746F20696E697469616C697A6520555397
:10FC700042206465766963650055534220444655C9
:10FC80002073616D706C6520697320696E69746999
:10FC9000616C697A65640072616D6469736B3000D0
:10FCA000696D61676530006466755F7573626400D5
:10FCB0006D61696E0056425553207265616479002A
:10FCC000564255532072656D6F76656400446576C3
:10FCD00069636520726573756D6564004465766956
:10FCE00063652073757370656E6465640042757337
:10FCF000207265736574004E65772064657669636C
:10FD00006520636F6E66696775726174696F6E00F6
:10FD1000436F6E74726F6C6C6572206572726F7275
:10FD200000537461636B206572726F7200434443C9
:10FD30002041434D206C696E6520636F64696E6776
:10FD4000004344432041434D20636F6E74726F6CD7
:10FD5000206C696E6520737461746500444655209B
:10FD600064657461636820726571756573740044BD
:10FD7000465520646F776E6C6F616420636F6D70A1
:10FD80006C65746564006865617020636F7272757C
:10FD90007074696F6E20286E6F7420696E207573A1
:10FDA000653F2920617420257000686561702063BB
:10FDB0006F7272757074696F6E2028627566666501
:10FDC00072206F766572666C6F773F2920617420B0
:10FDD0002570006865617020636F72727570746958
:10FDE0006F6E2028646F75626C6520667265653F72
:10FDF00029206174202570006F735F686561700051
:10FE000028756E7369676E65642920636861722066
:10FE10002A207573656420666F7220252570206125
:10FE20007267756D656E742E204974277320726534
:10FE3000636F6D6D656E64656420746F20636173BC
:10FE40007420697420746F20766F6964202A2062A0
:10FE5000656361757365206974206D6179206361E4
:10FE6000757365206D69736265686176696F72206C
:10FE7000696E206365727461696E20636F6E666976
:10FE80006775726174696F6E732E20537472696E38
:10FE9000673A2225732220617267756D656E743A28
:10FEA00025640063627072696E74665F7061636B73
:10FEB000616765007379735F6765746F7074006C58
:10FEC0006F6767696E67006C6F67006C6F675F6D67
:10FED000676D74004D657373616765202822257313
:10FEE00022292064726F7070656420626563617599
:10FEF0007365206974206578636565647320736930
:10FF00007A65206C696D69746174696F6E2028254B
:10FF10007529004D6573736167652064726F707039
:10FF20006564206265636175736520697420657816
:10FF300063656564732073697A65206C696D6974A3
:10FF40006174696F6E2028257529000D0A001B5BFE
:10FF5000306D00257320005B2530386C755D200006
:10FF60005B253032753A253032753A253032752EA0
:10FF7000253033752C253033755D20003C25733ECC
:10FF8000200025732F0025733A2000253032782079
:10FF900000202020007C002563001B5B313B3331B7
:10FFA0006D001B5B313B33336D00657272007772FD
:10FFB0006E00696E6600646267006C6F675F626105
:10FFC000636B656E645F75617274006C6F675F75FB
:10FFD000617274004469736B207265666572656E48
:10FFE000636520636F756E74206174206D61782085
:10FFF00076616C7565004469736B20697320616C70
:020000040C01ED
:100000007265616479206465696E697469616C699F
:100010007A656400696E76616C6964206469736BEB
:1000200020696E746572666163652121006469737D
:100030006B20696E7465726661636520616C7265C0
:1000400061647920726567697374657265642121E2
:100050000072302F61313A202030782530387820F6
:100060002072312F61323A202030782530387820C4
:100070002072322F61333A202030782530387800D2
:1000800072332F61343A202030782530387820724E
:1000900031322F69703A202030782530387820723C
:1000A00031342F6C723A2020307825303878002097
:1000B000787073723A2020307825303878004661A5
:1000C000756C74696E6720696E7374727563746998
:1000D0006F6E206164647265737320287231352FEE
:1000E0007063293A2030782530387800556E686181
:1000F0006E646C6564204952516E3A202564002A72
:100100002A2A2A2A205553414745204641554C5416
:10011000202A2A2A2A2A0020204469766973696FD6
:100120006E206279207A65726F002020556E616CB6
:1001300069676E6564206D656D6F727920616363B8
:10014000657373002020537461636B206F76657252
:10015000666C6F772028636F6E74657874206172A7
:100160006561206E6F742076616C696429002020BF
:100170004E6F20636F70726F636573736F72206967
:100180006E737472756374696F6E73002020496CAE
:100190006C6567616C206C6F6164206F66204558E8
:1001A000435F52455455524E20696E746F20504340
:1001B000002020496C6C6567616C20757365206F49
:1001C00066207468652045505352002020417474A5
:1001D000656D707420746F20657865637574652033
:1001E000756E646566696E656420696E7374727598
:1001F0006374696F6E002A2A2A2A2A204D505520DE
:100200004641554C54202A2A2A2A2A002020537479
:1002100061636B696E67206572726F722028636F0D
:100220006E746578742061726561206D69676874A9
:10023000206265206E6F742076616C6964290020ED
:1002400020556E737461636B696E67206572726F9F
:1002500072002020446174612041636365737320E0
:1002600056696F6C6174696F6E0020204D4D464178
:100270005220416464726573733A203078257800A7
:100280002020496E737472756374696F6E204163C8
:10029000636573732056696F6C6174696F6E0020BB
:1002A00020466C6F6174696E672D706F696E742083
:1002B0006C617A79207374617465207072657365FE
:1002C00072766174696F6E206572726F72002A2A8D
:1002D0002A2A2A20425553204641554C54202A2A86
:1002E0002A2A2A002020537461636B696E67206597
:1002F00072726F72002020507265636973652064AA
:1003000061746120627573206572726F72002020C3
:100310004246415220416464726573733A203078DA
:100320002578002020496D707265636973652064CB
:1003300061746120627573206572726F7200202093
:10034000496E737472756374696F6E206275732081
:100350006572726F72002A2A2A2A2A205345435551
:100360005245204641554C54202A2A2A2A2A002048
:1003700020416464726573733A20307825780020D8
:1003800020496E76616C696420656E7472792070A4
:100390006F696E74002020496E76616C6964206913
:1003A0006E74656772697479207369676E617475BC
:1003B0007265002020496E76616C696420657863FF
:1003C000657074696F6E2072657475726E0020209E
:1003D0004174747269627574696F6E20756E6974A8
:1003E0002076696F6C6174696F6E002020496E76AB
:1003F000616C6964207472616E736974696F6E00F8
:1004000020204C617A792073746174652070726564
:10041000736572766174696F6E0020204C617A7921
:10042000207374617465206572726F720052657317
:10043000657276656420457863657074696F6E20B7
:10044000280053707572696F757320696E746572D8
:100450007275707420284952512000202053206961
:100460006E737472756374696F6E20616464726513
:1004700073733A202030782578002A2A2A2A2A20E5
:1004800048415244204641554C54202A2A2A2A2ABF
:10049000002020427573206661756C74206F6E2099
:1004A000766563746F72207461626C652072656139
:1004B000640020204465627567206576656E74006F
:1004C00020204661756C7420657363616C6174698A
:1004D0006F6E20287365652062656C6F7729004117
:1004E0005243485F4558434550542077697468200B
:1004F000726561736F6E2025780A002A2A2A2A2ADB
:10050000204465627567206D6F6E69746F72206537
:100510007863657074696F6E202A2A2A2A2A002A55
:100520002A2A2A2A20257320256429202A2A2A2AD1
:100530002A006D7075004661696C656420746F20D7
:10054000616C6C6F63617465206E6577204D5055EA
:1005500020726567696F6E2025750A00506172749C
:100560006974696F6E2025753A20636F68657265DE
:100570006E636520636865636B206661696C6564A2
:100580002E00496E76616C696420756E6465726CCC
:1005900079696E6720726567696F6E20696E646540
:1005A0007820257500464C4153485F300053524136
:1005B0004D5F30006E65745F627566006E65745FD6
:1005C0006275665F73696D706C6500436F756C640E
:1005D000206E6F74202573206361726420706F77C2
:1005E00065722076696120534448430064697361F1
:1005F000626C6500656E61626C6500436F756C646A
:10060000206E6F742073746172742062757320633E
:100610006C6F636B0043617264206572726F72204D
:100620006F6E20434D4430004361726420646F65F7
:1006300073206E6F7420737570706F727420434DE9
:1006400044382C20617373756D696E67206C656723
:100650006163792063617264004361726420657232
:10066000726F72206F6E20434D44380053442068EF
:100670006F737420636F6E74726F6C6C657220722E
:10068000657475726E656420696E76616C6964204C
:1006900070726F706572746965730054696D656F0F
:1006A0007574207768696C6520747279696E67204B
:1006B000746F206163717569726520636172642073
:1006C0006D75746578004661696C656420746F208F
:1006D0007265736574205344484320492F4F004688
:1006E00061696C656420746F20696E69742053447D
:1006F000206361726420616674657220492F4F2007
:1007000072657365740073640053442061707020D7
:10071000636F6D6D616E64206661696C65642077DE
:1007200069746820523120726573706F6E73652032
:100730006F662030782558005344494F20646F6518
:1007400073206E6F7420737570706F7274204D4DCE
:100750004320636F6D6D616E647300436F756C64ED
:10076000206E6F7420676574205344206361726447
:10077000206D75746578004661696C656420746FDE
:1007800020726561642066726F6D2053444D4D4345
:10079000202564004361726420646964206E6F7474
:1007A0002072657475726E20746F20726561647951
:1007B00020737461746500436172642072656164C2
:1007C000206661696C6564004F6E6C792025642039
:1007D000626C6F636B73206F66202564207765728F
:1007E00065207772697474656E005772697465204C
:1007F0006661696C65640045726173652066616954
:100800006C65640043617264206275737920776857
:10081000656E20706F776572696E67206F6666001F
:1008200043617264206E65766572206C6566742023
:1008300062757379207374617465004661696C65D3
:100840006420746F20717565727920636172642011
:100850004F4352004D6178696D756D20534420639C
:100860006C6F636B20697320756E6465722032351E
:100870004D487A2C207573696E6720636C6F636BCB
:10088000206F66202564487A004661696C656420A3
:10089000746F20726169736520627573206672657A
:1008A0007175656E637920746F2032354D487A001A
:1008B0005344207370656320312E303120646F659E
:1008C00073206E6F7420737570706F727420434D57
:1008D0004436004661696C656420746F20726561FE
:1008E0006420636172642066756E6374696F6E73F1
:1008F00000436F756C64206E6F74207365742053B1
:100900004420626C6F636B6C656E20746F203531B0
:1009100032004361726420646964206E6F742061E8
:100920006363657074206E6577207370656564001D
:100930004661696C656420746F206368616E6765E9
:1009400020686F737420627573207370656564002E
:100950004661696C656420746F207377697463689D
:10096000206361726420746F204853206D6F64654A
:10097000004661696C656420746F206368616E670E
:10098000652063617264206275732077696474689E
:1009900020746F20342062697473004853206361AF
:1009A000726420696E6974206661696C65640055C3
:1009B00053422064657669636520737570706F7249
:1009C0007420697320616C726561647920696E6955
:1009D0007469616C697A6564005553422064657678
:1009E00069636520636F6E74726F6C6C65722069E9
:1009F00073206E6F742072656164790055534220D4
:100A000064657669636520737570706F72742069B0
:100A100073206E6F7420696E697469616C697A65A0
:100A20006400555342206465766963652073757070
:100A3000706F727420697320616C726561647920D3
:100A4000656E61626C6564004661696C6564207402
:100A50006F20656E61626C6520636F6E74726F6C7F
:100A60006C65720042756666657220707265616CB5
:100A70006C6F636174696F6E206661696C65640098
:100A80005553422064657669636520737570706F95
:100A9000727420697320616C726561647920646985
:100AA0007361626C6564004661696C656420746F93
:100AB00020726573657420636F6E66696775726115
:100AC00074696F6E004661696C656420746F2064A0
:100AD000697361626C652055534220646576696371
:100AE00065004661696C656420746F207368757475
:100AF000646F776E205553422064657669636500A4
:100B00004661696C656420746F207075726765203A
:100B1000656E64706F696E742071756575657300BC
:100B2000757362645F64657600757362645F6465A3
:100B30007363004661696C656420746F20656E7133
:100B4000756575652053746174757320494E206214
:100B50007566666572004661696C656420746F2015
:100B6000656E7175657565205345545550206275E5
:100B70006666657200436F6E666967757261746957
:100B80006F6E2064657363726970746F722025756F
:100B9000206E6F7420666F756E640043616E206F07
:100BA0006E6C792068616E646C6520636F6E747220
:100BB0006F6C207265717565737473004D616C663E
:100BC0006F726D6564207365747570207061636BFE
:100BD000657400556E657870656374656420627530
:100BE00066666572206C696E6B656420746F207335
:100BF00065747570004661696C656420746F20735C
:100C000065742064657669636520616464726573E8
:100C1000732030782578004661696C656420746FB4
:100C20002073657420636F6E66696775726174699D
:100C30006F6E2025752C202564004857494E464F7D
:100C4000206E6F7420696D706C656D656E7465647F
:100C5000206F7220656E61626C6564004661696C2C
:100C6000656420746F20656E7175657565205374B9
:100C700061747573204F5554206275666665720005
:100C80004661696C656420746F20656E61626C6595
:100C900020544553545F4D4F4445202575007573CE
:100CA00062645F636839004661696C656420746FD3
:100CB00020676574206366675F6E642C20646573CB
:100CC0007069746520636F6E66696775726564200C
:100CD000737461746500556E7265636F76657261D9
:100CE000626C65206572726F722025642C206570BD
:100CF000203078253032782C2062756620257000EF
:100D00004661696C656420746F2073657420646546
:100D10006661756C742061646472657373206166CA
:100D20007465722062757320726573657400466124
:100D3000696C656420746F207365742064656661F6
:100D4000756C7420737461746520616674657220BB
:100D50006275732072657365740055444320657233
:100D6000726F72206576656E74004661696C6564A9
:100D700020746F20696E69742064657669636520EC
:100D8000647269766572004661696C656420746F8F
:100D900020636C65616E7570207265676973746538
:100DA00072656420636C61737365732C2025640025
:100DB0004661696C656420746F20636C65616E7553
:100DC000702064657363726970746F72732C202570
:100DD0006400757362645F636F726500456E647072
:100DE0006F696E6720307825303278206E6F7420FE
:100DF00061737369676E6564004661696C65642040
:100E0000746F2061737369676E20656E64706F69BB
:100E10006E74206164647265737365730046616902
:100E20006C656420746F20696E697469616C697A9D
:100E30006520636C61737320696E7374616E6365A2
:100E4000004661696C656420746F20696E69742066
:100E5000485320636F6E66696775726174696F6E5F
:100E6000202575004661696C656420746F20696E89
:100E7000697420465320636F6E666967757261748A
:100E8000696F6E20257500757362645F696E6974A1
:100E90000046656174757265206E6F74207375709D
:100EA000706F7274656420627920636F6E74726F04
:100EB0006C6C6572005553422064657669636520E9
:100EC000737570706F727420697320696E697469CC
:100ED000616C697A656400436F6E74726F6C6C65E7
:100EE0007220646F65736E277420737570706F72F3
:100EF0007420485300556E737570706F727465641A
:100F000020636F6E66696775726174696F6E2073B6
:100F10007065656400485320636F6E666967206181
:100F20006C7265616479206F6E204653206C697322
:100F30007400465320636F6E66696720616C72654A
:100F4000616479206F6E204853206C69737400438C
:100F50006F6E66696775726174696F6E20257520A2
:100F600072652D696E736572746564004661696CA3
:100F7000656420746F2061646420636F6E666967C6
:100F800075726174696F6E20737472696E67206424
:100F9000657363726970746F7200757362645F6306
:100FA0006667005553422064657669636520636C0B
:100FB000617373202573206E6F7420666F756E6485
:100FC000004E6F20636F6E66696775726174696F3A
:100FD0006E20736574202841646472657373207396
:100FE000746174652900436C61737320696E737456
:100FF000616E636520616C726561647920726567FA
:101000006973746572656400436C61737320726503
:10101000676973746572656420746F206F746865A6
:101020007220636F6E7465787420617420646966E1
:10103000666572656E7420737065656400466169EB
:101040006C656420746F20726567697374657220C3
:10105000257320746F20485320636F6E666967752F
:10106000726174696F6E202575004661696C6564F4
:1010700020746F2072656769737465722025732010
:10108000746F20465320636F6E6669677572617472
:10109000696F6E20257500757362645F636C6173A0
:1010A00073004661696C656420746F2068616E64CA
:1010B0006C65206F702025642C20657020307825A9
:1010C0003032782C20626D203078253038782C2012
:1010D000256400757362645F6966616365006465B9
:1010E000766963652069732073757370656E6465D6
:1010F00064005365742068616C7420307825303248
:1011000078206661696C656400436C656172206873
:10111000616C7420307825303278206661696C65A6
:101120006400757362645F657000757362645F6DFF
:101130007367004661696C656420746F2061646444
:1011400020737472696E672064657363726970746A
:101150006F720043616E6E6F74207265676973749D
:101160006572205553422044465520696D6167657C
:10117000202573006466755F72756E74696D650015
:10118000757362645F6466750053440053656374ED
:101190006F72202575206973206F7574736964659B
:1011A000207468652072616E676520257A7500720B
:1011B000616D6469736B0054696D656F7574207738
:1011C000616974696E6720666F72204549435F5399
:1011D000594E4342555359206269747320746F20ED
:1011E000636C65617200436C6F636B20636F6E7438
:1011F000726F6C206F6E206661696C656420666F2B
:1012000072206D636C6B20256400436C6F636B20F0
:10121000636F6E74726F6C206F6E206661696C65AF
:101220006420666F722067636C6B20256400696EB2
:10123000746572727570742D636F6E74726F6C6CFE
:10124000657240343430316130303000696E74631F
:101250005F6D6368705F6569635F673100737573A5
:1012600070656E6400726573756D6500537075729C
:10127000696F7573202573206576656E74006570DF
:101280002030782530327820616C72656164792075
:10129000656E61626C656400456E64706F696E7442
:1012A000203078253032782076616C696461746909
:1012B0006F6E206661696C6564006570203078250A
:1012C00030327820616C7265616479206469736181
:1012D000626C6564004661696C656420746F2061AE
:1012E0006C6C6F63617465206E65745F62756620F7
:1012F000257A642C2065702030782530327800758E
:101300006463004661696C656420746F206469736E
:1013100061626C6520636F6E74726F6C20656E64C1
:10132000706F696E74204F5554004661696C656436
:1013300020746F2064697361626C6520636F6E74E2
:10134000726F6C20656E64706F696E7420494E0018
:101350004661696C656420746F207265736572768E
:101360006520455030204649464F00555342206382
:101370006F6E74726F6C6C65722072657365742029
:1013800074696D656F75740055534220636F6E7498
:10139000726F6C6C657220656E61626C652073792A
:1013A0006E632074696D656F7574005553422050EB
:1013B00048592072656164792074696D656F757430
:1013C0000052656D6F74652077616B657570207272
:1013D00065717565737465642062757420646576E3
:1013E000696365206973206E6F742073757370650F
:1013F0006E6465640065705F656E71756575652006
:101400004550305F494E3A205478506B745264799D
:1014100020616C7265616479207365742028435380
:1014200052304C3D307825303278292020736B695A
:1014300070706564004661696C656420656E616208
:101440006C696E67206570203078253032780046F0
:1014500061696C656420746F207265676973746577
:1014600072204F555420656E64706F696E7420252C
:1014700064004661696C656420746F2072656769F9
:101480007374657220494E20656E64706F696E7466
:10149000202564007573624034363030303030308F
:1014A000007564635F6D6368705F67320025733A2F
:1014B00020434C4F434B5F434F4E54524F4C5F536E
:1014C00055425359535F414C4C206973206E6F74E1
:1014D00020737570706F727465640025733A2049CB
:1014E0006E76616C69642073756273797374656D6F
:1014F00020747970653D25640025733A20496E7625
:10150000616C696420696E7374616E636520256423
:1015100020666F72207479706520256420286D61C3
:1015200078202564290025733A205265637572730B
:1015300069766520646570656E64656E63792064A4
:10154000657465637465640025733A20496E76613D
:101550006C696420504C4C20736F75726365206415
:101560006570656E64656E63790025733A20496E17
:1015700076616C69642047434C4B50494E20736F31
:10158000757263652049440025733A204E554C4CD2
:1015900020636F6E66696775726174696F6E207023
:1015A0006F696E7465720025733A20496E76616CBE
:1015B00069642073756273797374656D20747970D2
:1015C000653D256420696E7374616E63653D2564B5
:1015D0000025733A2044464C4C34384D53594E4301
:1015E0002074696D656F7574206F6E2077726974F1
:1015F000696E67204F53434354524C5F44464C4CF2
:101600004354524C420025733A2044464C4C3438E3
:101610004D53594E432074696D656F7574206F6E1C
:101620002077726974696E67204F53434354524C5C
:101630005F44464C4C4D554C0025733A2044464C73
:101640004C34384D53594E432074696D656F757431
:10165000206F6E2077726974696E67204F53434321
:1016600054524C5F44464C4C4354524C41002573F9
:101670003A2047434C4B5F53594E434255535920F0
:1016800074696D656F7574206F6E20777269746907
:101690006E672047434C4B5F47454E4354524C5B6B
:1016A00025645D0025733A2074696D656F7574203B
:1016B0006F6E2077726974696E672047434C4B5F89
:1016C0005043484354524C5F4348454E5F4D736B03
:1016D0000025733A20496E76616C696420737562E7
:1016E00073797374656D0025733A20556E73757048
:1016F000706F727465642073756273797374656D4D
:1017000020747970650025733A2047434C4B474558
:101710004E302063616E6E6F742062652064697361
:1017200061626C65642028616C77617973204F4E2B
:10173000290025733A20504C4C5B25645D206C6F6A
:10174000636B2074696D6564206F75740025733A4E
:1017500020436C6F636B20616C72656164792065F6
:101760006E61626C65640025733A20556E73757006
:10177000706F7274656420636C6F636B2073756245
:1017800073797374656D2074797065202564002504
:10179000733A20436C6F636B204F4E206F706572FD
:1017A0006174696F6E206661696C65640025733AC7
:1017B00020436C6F636B204F4E2074696D656F75AD
:1017C000740025733A20584F534320726561647941
:1017D0002074696D6564206F75740025733A2073F9
:1017E0006B697070696E672064666C6C34386D5F0D
:1017F000696E69742C2061732044464C4C206973D7
:1018000020616C7265616479206F6E0025733A20E7
:10181000736B697070696E672064666C6C34386DC8
:101820005F696E69742C20617320736F75726365D4
:101830002067636C6B2D2564206973206F66662EAC
:1018400020284D6178696D756D20696E697420720C
:1018500065747279203D202564290025733A207330
:101860006B697070696E672064666C6C34386D5F8C
:10187000696E69742C2061732044464C4C20697356
:101880002064726976696E672067636C6B3020280C
:10189000435055290025733A2044464C4C34384D6A
:1018A0002072656164792074696D6564206F757458
:1018B0000025733A2044464C4C34384D53594E431E
:1018C0002074696D656F7574206F6E20777269740E
:1018D000696E672047434C4B5F5043484354524C1A
:1018E0000025733A20736F7572636520636C6F63B4
:1018F0006B202864726976696E6720504C4C5F25B6
:101900006429206973206F66662E20284D617869EE
:101910006D756D20696E6974207265747279203DF1
:10192000202564290025733A20535550435F5354B2
:10193000415455532074696D656F7574206F6E2026
:1019400077726974696E6720535550435F565245EC
:10195000474354524C0025733A2074696D656F7586
:1019600074206F6E2077726974696E672066726189
:101970006374696F6E616C20646976696465720076
:1019800025733A20736B697070696E6720706C6C98
:101990005F25645F6F75745F25645F696E69742C81
:1019A00020617320697420697320616C72656164C1
:1019B00079206F6E0025733A20736B697070696EC1
:1019C0006720706C6C5F25645F6F75745F25645F62
:1019D000696E69742C2061732064726976696E6720
:1019E00020504C4C206973206F66660025733A20A6
:1019F000736B697070696E6720786F736333326BD5
:101A00005F696E69742C206173206974206973208A
:101A1000616C7265616479206F6E0025733A204FA6
:101A2000534333324B4354524C20726561647920E6
:101A300074696D6564206F75740025733A20736B4B
:101A4000697070696E672067636C6B67656E2D25C2
:101A5000645F696E69742C206173206974206973F6
:101A600020616C7265616479206F6E0025733A2085
:101A7000736B697070696E672067636C6B67656E06
:101A80005F696E69742C20617320736F7572636572
:101A9000206F662067636C6B2D25642C2069732092
:101AA0006F66662E20284D6178696D756D20696EB0
:101AB0006974207265747279203D2025642900259F
:101AC000733A2047434C4B5F53594E434255535949
:101AD0002074696D656F7574206F6E2077726974FC
:101AE000696E672047434C4B5F4354524C4100633F
:101AF0006C6F636B40343430313230303000636CA3
:101B00006F636B5F6D6368705F7069633332636BC3
:101B10005F73675F6763006877696E666F5F6D63A9
:101B200068705F6731005344484320726573657481
:101B30002074696D6564206F757400496E76616C00
:101B400069642062756666657220706F696E74657F
:101B500072206F72207472616E7366657220736991
:101B60007A650041444D4132206973206E6F7420C4
:101B7000737570706F72746564206279207468691F
:101B800073205344484320636F6E74726F6C6C65AE
:101B900072005472616E736665722073697A652093
:101BA0002564206578636565647320636861696E88
:101BB00065642041444D4132206361706163697402
:101BC00079202575005472616E7366657220636FAB
:101BD0006D706C6574696F6E20666C6167732064EC
:101BE0006964206E6F7420636C65617200534448B1
:101BF000432062757320646964206E6F742062658F
:101C0000636F6D652069646C65206265666F7265DF
:101C100020636C6F636B206368616E676500496E5B
:101C20007465726E616C20636C6F636B207374619A
:101C300062696C697A6174696F6E2074696D65643C
:101C4000206F757420696E207365745F636C6F63B9
:101C50006B005344484320736F667477617265204C
:101C600072657365742074696D6564206F757400A6
:101C700052657175657374656420636C6F636B2066
:101C80002575206F7574206F662072616E67652000
:101C90002825752E2E257529004661696C656420FE
:101CA000746F20736574206275732077696474683B
:101CB00020746F202575004661696C656420746F1F
:101CC000207365742074696D696E67206D6F64653B
:101CD00020746F20257500496E7465726E616C20EA
:101CE000636C6F636B2073746162696C697A617491
:101CF000696F6E2074696D6564206F757400436C44
:101D00006F636B20646576696365206E6F74207203
:101D100065616479004661696C656420746F206553
:101D20006E61626C65204D434C4B3A202564004641
:101D300061696C656420746F20656E61626C6520FA
:101D400047434C4B3A202564004661696C6564202A
:101D5000746F20656E61626C6520736C6F772047CD
:101D6000434C4B3A2025640070696E6374726C209A
:101D70006170706C79206661696C65643A202564D5
:101D8000004661696C656420746F2072656164202F
:101D9000676C636B20726174652F667265712025B4
:101DA00075004661696C656420746F2072656164BA
:101DB00020616E6420696E697469616C697A65205E
:101DC0005344484320686F73742070726F7065725B
:101DD000746965733A202564007364686340343520
:101DE00030323630303000736468635F6D63687022
:101DF0005F67310054696D656F7574207761697430
:101E0000696E6720666F7220554152542053594EB7
:101E1000434255535920636C656172007365726368
:101E20006F6D40343530303230303000756172744F
:101E30005F6D6368705F736572636F6D5F673100BC
:101E400048616C74696E672073797374656D0055B1
:101E50006E6B6E6F776E206572726F7200756E6B4F
:101E60006E6F776E003E3E3E205A455048595220D4
:101E7000464154414C204552524F522025643A204D
:101E80002573206F6E2043505520256400466175F0
:101E90006C7420647572696E6720696E7465727205
:101EA0007570742068616E646C696E670A004375B2
:101EB0007272656E74207468726561643A20257070
:101EC0002028257329004350552065786365707478
:101ED000696F6E00556E68616E646C656420696E32
:101EE0007465727275707400537461636B206F76E1
:101EF0006572666C6F77004B65726E656C206F6FF4
:101F00007073004B65726E656C2070616E69630062
:101F10006F73002A2A2A20426F6F74696E67205AF5
:101F20006570687972204F53206275696C64203047
:101F30006130323537303936326161202A2A2A0A37
:101F400000737973776F726B7100286E756C6C29F2
:101F5000002A666C6F61742A00485320436F6E66D6
:101F6000696775726174696F6E00465320436F6EC6
:101F700066696775726174696F6E005553424420DB
:101F800073616D706C65005A65706879722050726B
:101F90006F6A6563740072616D6469736B300044CD
:101FA000465520485320436F6E66696775726174A9
:101FB000696F6E0044465520465320436F6E666934
:101FC0006775726174696F6E00206D657373616708
:101FD00065732064726F70706564202D2D2D0D0A5D
:101FE0001B5B306D001B5B313B33316D2D2D2D2084
:101FF0000030313233343536373839414243444585
:10200000460009210F00000002100100000000003E
:1020100000000000AAAAAAAAAAAAAAAAEEEEEEEEB8
:10202000EEEEEEEEFEFFFFFFFFFFFFFFFFFFFFFF05
:102030007FBFDFEFF7FBFDFC7EBFDFEFF7FBFD7E31
:102040003F3F3F3F3F3F3F3F1F3F3F3F3F3F3F3FC0
:102050003F0300003F3F3F3F2F3F3F000005000090
:102060000B380040636C6F636B5F6D6368705F6912
:102070006E697400636C6F636B5F6F6E00636C6F8F
:10208000636B5F6D6368705F6F6E00636C6F636B33
:102090005F6D6368705F6F666600636C6F636B5F34
:1020A0006765745F726174655F67636C6B67656EAB
:1020B00000636C6F636B5F6D6368705F6765745F0F
:1020C0007261746500636C6F636B5F636F6E6669EA
:1020D000677572655F67636C6B67656E00636C6FD5
:1020E000636B5F636F6E6669677572655F706C6C5A
:1020F00000636C6F636B5F636F6E666967757265B3
:102100005F64666C6C00636C6F636B5F63686563D0
:102110006B5F73756273797300636C6F636B5F6D74
:102120006368705F636F6E66696775726500636C84
:102130006F636B5F67636C6B67656E5F696E697415
:1021400000636C6F636B5F786F736333326B5F69CF
:102150006E697400636C6F636B5F706C6C5F6F753E
:10216000745F696E697400636C6F636B5F706C6C35
:102170005F696E697400636C6F636B5F64666C6C3F
:1021800034386D5F696E697400636C6F636B5F7880
:102190006F73635F696E697400636C6F636B5F6F0D
:1021A0006E5F706C6C0000010308010101020903FD
:1021B000030102010101010101010101010101010C
:1021C00001010101010101010101010101010104FC
:1021D0001A1B0902021A001A1AC0C2C0C0C0C0C02D
:0821E000C0C005060700010064
:1021E800000000008153000C000000000001000006
:1021F80000000000000000000000000000000000D7
:1022080000000000000000000000000000000000C6
:102218008C020020281100200000000000000000AF
:1022280000000000000000000000000000000000A6
:102238000000000000000000000000000000000096
:102248000000000000000000000000000000000086
:102258000000000000000000000000000000000076
:1022680000000000E8030020A80000200000000093
:102278000000000000000000F1030020C000002062
:102288000000000000000000000000000000000046
:102298000004010000000000591F010C2203000087
:1022A8000000000000000000000401000000000021
:1022B8006A1F010C2203000000000000000000005B
:1022C80000030300000000000000000000030000FD
:1022D80000000000000000000002010000000000F3
:1022E8007B1F010C18030000000000000000000024
:1022F8000001010000000000871F010C1E03000000
:1023080000000000000000000000000000000000C5
:102318001CF9000C0403000000000000000000008D
:102328000005010000000000961F010C12030000C8
:10233800A0FC000C000000000000000000000000ED
:1023480000000000000000001E0400208C01002096
:10235800000000000000000000000000270400202A
:10236800A4010020000000000000000000000000A0
:102378000000000000040100000000009F1F010C85
:102388002A03000000000000000000000004010013
:1023980000000000B41F010C2A0300000000000028
:1023A8000000000000000000000000001EF9000C02
:1023B800040300003DB2000C55B7000CD4F6000C25
:1023C80000000000E4010020E401002000000000FB
:1023D80079BB000C0000000000000000BEFA000CF1
:1023E8000000000010020020000000003000002063
:1023F80000000000A554000C8555000C4D57000C3A
:1024080000000000000000000000000000000000C4
:1024180000000000000000000555000C000000004E
:1024280085C6000C7411010C000000005802002041
:102438000000000030000020000000000000000044
:10244800D154000CC956000C000000000000000028
:102458000000000000000000000000000000000074
:102468006DC6000C0000000067C6000C69780020EB
:102478000220010C00000000000200002000000003
:1024880000400000E01400200000000000000000F0
:10249800A0FC000C88F7000C000000000000000001
:1024A8000000000000000000000000000000000024
:1024B8000000000000000000000000000000000014
:1024C8000000000000000000000000000000000004
:1024D80000000000000000000000000000000000F4
:1024E80000000000000000000000000000000000E4
:1024F80000000000000000000000000000000000D4
:1025080000000000000000000000000000000000C3
:1025180000000000000000000000000000000000B3
:1025280000000000440300204403002000000000D5
:10253800000000000E000000000000000000000085
:1025480000000000300C0020000000000000000027
:102558000000000000000000000000000000000073
:102568000000000000000000000000000000000063
:102578000000000000000000000000000000000053
:102588000000000000000000000000000000000043
:102598000000000000000000000000000000000033
:1025A8000000000000000000000000000000000023
:1025B8000000000000000000A0060020C800000085
:1025C800E0030020E003002009020000000100C031
:1025D8007D09020000000100C07D12010002EF0227
:1025E8000140E32F0500040400000000120100026E
:1025F800EF020140E32F0500040400000000090277
:102608000000000100C07D09020000000100C07D3B
:1026180012010002EF020140E32FFFFF0404000053
:10262800000012010002EF020140E32FFFFF040443
:04263800000000009E
:10263C00000000000000000000000000000000008E
:10264C00000000000000000000000000000000007E
:10265C00000000000000000000000000000000006E
:10266C00000000000000000000000000000000005E
:08267C00000000000000000056
:042684000000000052
:10268800A0040020A0040020A07100200000000089
:0C2698000800000010000000000000001E
:1026A4000000000020720020000400000000000070
:0426B4000000000022
:1026B800D0040020D00400200C0000000A00000014
:1026C80028710020A07100202871002028710020A6
:0826D8000000000000000000FA
:1026E000F8040020F80400200000000001000000B1
:1026F0000000000000000000100500201005002070
:10270000100010000A000000FFCC000CB8F7000C0D
:04271000207600200F
:10271400A7FC000C00000000000000000000000006
:102724000000000000000000A0EF000C000000000A
:102734000000000000000000000000000000000095
:102744000000000000000000000000000000000085
:102754000000000000000000000000000000000075
:102764000000000000000000000000000000000065
:102774000000000000000000000000000000000055
:10278400420400203004002000000000B2FA000CD3
:102794000000000000000000000000000000000035
:1027A40000000000A0EF000C00000000000000008A
:1027B4000000000000000000000000000000000015
:1027C4000000000000000000000000000000000005
:1027D40000000000000000000000000000000000F5
:1027E40000000000000000000000000000000000E5
:1027F4000000000000000000000000000C040020A5
:08280400FA03002000000000AF
:10280C0000000000FC01002000000000000000009F
:10281C000000000000000000000000004402002046
:10282C00000000000000000000000000000000009C
:10283C0000000000FC01002000000000000000006F
:10284C000000000000000000000000004402002016
:10285C00000000000000000000000000000000006C
:10286C0097FC000C607800205001002038010020FB
:0C287C00000000001507000C7906000C9D
:0428880015E015E062
:040000050C002325A3
:00000001FF
