:020000040800F2
:10000000E83200201921000C97A5000C0521000CF6
:100010000521000C0521000C0521000C0521000C18
:100020000000000000000000000000004D21000C56
:100030000521000C00000000FD22000C3976000CA8
:100040006923000C6923000C6923000C6923000C50
:100050006923000C6923000C6923000C6923000C40
:100060006923000C6923000C6923000C6923000C30
:100070006923000C6923000C6923000C6923000C20
:100080006923000C6923000C6923000C6923000C10
:100090006923000C6923000C6923000C6923000C00
:1000A0006923000C6923000C6923000C6923000CF0
:1000B0006923000C6923000C6923000C6923000CE0
:1000C0006923000C6923000C6923000C6923000CD0
:1000D0006923000C6923000C6923000C6923000CC0
:1000E0006923000C6923000C6923000C6923000CB0
:1000F0006923000C6923000C6923000C6923000CA0
:100100006923000C6923000C6923000C6923000C8F
:100110006923000C6923000C6923000C6923000C7F
:100120006923000C6923000C6923000C6923000C6F
:100130006923000C6923000C6923000C6923000C5F
:100140006923000C6923000C6923000C6923000C4F
:100150006923000C6923000C6923000C6923000C3F
:100160006923000C6923000C6923000C6923000C2F
:100170006923000C6923000C6923000C6923000C1F
:100180006923000C6923000C6923000C6923000C0F
:100190006923000C6923000C6923000C6923000CFF
:1001A0006923000C6923000C6923000C6923000CEF
:1001B0006923000C6923000C6923000C6923000CDF
:1001C0006923000C6923000C6923000C6923000CCF
:1001D0006923000C6923000C6923000C6923000CBF
:1001E0006923000C6923000C6923000C6923000CAF
:1001F0006923000C6923000C6923000C6923000C9F
:100200006923000C6923000C6923000C6923000C8E
:100210006923000C6923000C6923000C6923000C7E
:100220006923000C6923000C6923000C6923000C6E
:100230006923000C6923000C6923000C6923000C5E
:100240006923000C6923000C6923000C6923000C4E
:100250006923000C6923000C6923000C6923000C3E
:100260006923000C6923000C6923000C6923000C2E
:100270006923000C6923000C6923000C6923000C1E
:100280006923000C6923000C6923000C6923000C0E
:100290006923000C6923000C6923000C6923000CFE
:1002A0006923000C6923000C6923000C6923000CEE
:0802B0006923000C6923000C16
:020000040C00EE
:1000000053B94AB9002908BF00281CBF4FF0FF317F
:100010004FF0FF3000F00CB8ADF1080C6DE904CEE4
:1000200000F01AF8DDF804E0DDE9022304B07047BF
:10003000704700BF10F8012B11F8013B012A28BFBF
:100040009A42F7D0D01A7047034613F8012B002AC2
:10005000FBD1181A013870472DE9F0478C468E46BF
:10006000089E154604461946002B40F0D080724584
:1000700047D9B2FA82F74FB1C7F120030EFA07FC55
:10008000BD40BC4020FA03F343EA0C0C4FEA154E86
:10009000A8B2230CBCFBFEF80EFB18CC08FB00F941
:1000A00043EA0C43994528D9EB1808F1FF3204D2F2
:1000B000994502D9A8F102022B44A3EB0903A4B28B
:1000C000B3FBFEFC0EFB1C330CFB00F044EA0344C4
:1000D000A04214D92C190CF1FF3304D2A04202D94A
:1000E000ACF102032C44241A43EA02401EB1FC4046
:1000F000002334607360BDE8F0874246DDE7634665
:10010000F1E7002A79D0B2FA82F3002B3FD01946EA
:10011000C1F1200302FA01F500FA01F42EFA03F20C
:100120000EFA01FE20FA03F3AFB243EA0E034FEAE0
:10013000154EB2FBFEFC0EFB1C201A0C0CFB07F844
:1001400042EA004290455AD9AA180CF1FF3004D275
:10015000904502D9ACF102002A44A2EB08029BB2FE
:10016000B2FBFEFC0EFB1C220CFB07F743EA02432A
:100170009F4246D9EB180CF1FF3204D29F4202D9BC
:10018000ACF102022B44DB1B42EA004202E0AEEB80
:10019000020301224FEA154EAFB2200CB3FBFEFC66
:1001A0000EFB1C330CFB07F840EA034398452AD9A1
:1001B000EB180CF1FF3004D2984502D9ACF10200E3
:1001C0002B44A3EB0803A4B2B3FBFEFC0EFB1C33D1
:1001D0000CFB07F744EA0344A74216D92C190CF18B
:1001E000FF3304D2A74202D9ACF102032C44E41B32
:1001F00043EA00400F46114678E71F2188E7604632
:10020000ABE76246BFE76046DBE76346EFE773456F
:1002100006D916B9002108466DE7C6E9000EF9E7D0
:10022000B3FA83F787B9734501D3824207D8841A9A
:100230006EEB030301209C461EB900215BE73846A4
:10024000FAE7C6E9004CF8E7C7F1200CBB4000FA1A
:1002500007F422FA0CF520FA0CF1BA401D432EFAED
:100260000CF30EFA07FE4FEA154941EA0E011FFA98
:1002700085FEB3FBF9F809FB18300B0C08FB0EFAEE
:1002800043EA00439A4540D9EB1808F1FF3004D205
:100290009A4502D9A8F102002B44A3EB0A0389B2C4
:1002A000B3FBF9F809FB183308FB0EFE41EA0341E2
:1002B0008E452CD9691808F1FF3304D28E4502D936
:1002C000A8F10203294443EA0040A1EB0E01A0FB80
:1002D00002984145CE46434602D306D14C4504D24E
:1002E0000138B9EB020E68EB0503002EA5D0B4EB84
:1002F0000E0261EB030101FA0CFC22FA07F3F9404C
:100300004CEA0303C6E9003197E74046C5E7434698
:10031000D9E7000037B50446284929480AF083FA8E
:10032000034638B1274A012127480AF067F8002020
:1003300003B030BD254922480AF075FA034608B1DA
:10034000234AF0E723491E480AF06DFA034608B134
:10035000214AE8E721491A480AF065FA034608B13C
:100360001F4AE0E701461F4A154803F005FD014614
:1003700028B11D4A012114480AF037F8D7E70122B5
:100380001A4B0F4803F04AFE014608B1184AF1E73C
:1003900001250223EF220A4800950AF0B1F9294607
:1003A00007480AF0D1F90CB90548C1E721460448CD
:1003B0000AF0AAFC0028F7D00E4ADBE7A4000020D0
:1003C000C805002072D8000C84D5000C8C000020D9
:1003D000A0D8000C74000020D2D8000C5C000020D3
:1003E000FFD8000C3000002027D9000CA8D5000C45
:1003F0004ED9000C6DD9000C08B5FFF78BFF40B14A
:10040000064802F01BFB30B10121054A054809F0FE
:10041000ECFF002008BD0148FCE700BFC805002034
:1004200091D9000C84D5000C7FB54379012B18D1EC
:10043000C3887F2B15D882681B02002A0CBF0821B5
:100440000921002243EA0153CDE9032243F000537E
:1004500043F064030293009202AB03480ECB04F016
:100460003FF907B05DF804FBC0CE000C84B02DE965
:10047000F04182B002AF07F11C0406460D4684E845
:100480000E004FEA1178032143461B4A1B4809F02E
:10049000B5FFB8F1020F07D0B8F10F0F24D0BD4659
:1004A000BDE8F04104B07047E8468AB002AA144B98
:1004B0005361C5F307439361C5F30623D361052355
:1004C00005F07F05156242F8103F00234FF42351D9
:1004D0000A4801F023F8C546BB6A3046009394E809
:1004E0000E0004F0FDF8DAE7BB6A0648009394E8D2
:1004F0000E0000F03BF9D2E7DCD9000C04D5000C6B
:10050000F9D9000CB8D5000C0A4B0A46186878B126
:100510001979012303FA01F103691B680B40003BC1
:1005200018BF01239342836814BFDB681B69184717
:10053000704700BFBC000020F8B521480BF0C4FE96
:1005400040B9204A0121204809F04FFF4FF0FF3405
:100550002046F8BD1D4C2068D8B1E788217947F4C2
:10056000003201250669FF07336805FA01F54CBF23
:100570002B43AB43D0F808C03360DCF80030984719
:1005800038B10121124A104809F02FFF0023C4E9B5
:1005900000330B480F490AF002FC0020FFF72CFF44
:1005A00008B90D4ACEE702F089FA044608B10B4AB1
:1005B000C8E703210A4A044809F017FFC8E700BF4B
:1005C000C0CE000C20DA000C04D5000CBC000020CA
:1005D00036DA000CB0D5000C58DA000C78DA000CD2
:1005E00098DA000C2DE9F843884600AF00297DD049
:1005F00005680122284609F028F8014604462846E5
:1006000008F0DDFF10EA020616D1E94688B06A4616
:10061000384BCDE90538032342F8103F4FF4C2515F
:100620003346354800F07AFFCD4686F31188BFF394
:100630006F8F0423184602DF2146284608F0D5FFB5
:10064000261831460022284608F0B9FF361AB4426F
:1006500018D06E4688B06946284BCDE9053803238B
:1006600041F8103F244813460A464FF4C25100F0A7
:1006700055FF0023B54683F31188BFF36F8F042322
:10068000184602DF00222146284608F0B4FF214622
:1006900008F0ABFF261801223146284608F08FFFEC
:1006A000C20708D43146284609F011F832462146DF
:1006B000284609F083F800222146284608F07FFFEB
:1006C000261A01223146284608F079FFC30709D4CB
:1006D0003146284608F0FBFF22463146284609F0FD
:1006E0006DF834462146284609F086F8BD46BDE837
:1006F000F88300BF33DB000CFCD4000C0ADB000CD9
:10070000F0B5184D87B02B78A3B91521684606F0CF
:100710003FFC10F1580F04460FD024EAE4746B46F6
:1007200000221049104EA24201F102010CD1002317
:1007300005F812300B4807B0F0BD68460BF014FD09
:100740000028EAD10824EAE713F8010B013207096F
:1007500000F00F00F75D305C01F8027C01F8010C3D
:10076000E1E700BF7418002040F7000C84B02DE9C9
:10077000F04387B047680FAC054684E80E00002FB1
:1007800000F082800B0F0F2B04D1C1F309421AB184
:10079000102A5AD0002440E0109E16F0010424D004
:1007A00014464FF00C08A9680068D1F804E001F184
:1007B000100C4FEA0E63A64535D100244FF00C080B
:1007C0004FEA442C1031964538D1002443EA0423E3
:1007D00043EA0C0343F0004303932D4A059B029226
:1007E000009302AB0ECBB8470124720709D5AB6862
:1007F000196831B102234FF44032284609F04FF90D
:100800000444330709D5FFF77BFF022301464FF469
:100810008022284609F043F90444204607B0BDE889
:10082000F04304B0704708FB04F91CF80990B9F1D3
:10083000000F01D00134BEE70124BFE708FB02F43A
:100840000C5D002CC2D10132BDE78368CFB25B687A
:10085000C1F30721994206D23A4607B0BDE8F043FA
:1008600004B009F072B9FF2994D10026344604E09F
:100870003A46284609F069F90444AB68F1B25B686E
:1008800001369942F4D3C8E76FF01504C5E700BFFD
:10089000010101F02DE9F04F91B0009302F0040343
:1008A0000293C2F3C2030133840705460E46DDF806
:1008B00068A00392059340F09C81041D002849D153
:1008C00001F00706341DC6F10806009B00274FF013
:1008D00004085A1E4FF0FF33B9460193BB46434606
:1008E00004970DB1009921600598002800F3D68087
:1008F0008F480099814203D38E488142C0F0CE8058
:100900000399601B11F0020C40F0D680B9F10F0F73
:1009100000F2CF80002D00F0D68009F140010DEBF0
:10092000010E0199C0F387000EF8200C0EF8101C80
:10093000BCF1000F00F0C38060F07F000EF8200CC7
:10094000013709F10109C5F108014FF6DA7E0434D7
:1009500006918CE00729B8D86FF01B0011B0BDE8F4
:10096000F08F7A285BD84B280FD8472857D82928EA
:100970002ED8252850D052D8202818BF23280CBFA5
:100980004FF0010B4FF0000B71E04C382E2846D889
:10099000DFE800F06D45454545454545454545453C
:1009A00048454545454545454556454848565656AA
:1009B0006D486A456D4518481845457F7C48454552
:1009C00048457C0000204FF0000B4FF0040835E054
:1009D00001212A38C0B201FA00F010EA0E0F46D108
:1009E00010F0625C2CD110EA010B40D06046013C53
:1009F0004444B4FBF8F408FB04F425B1A3EB050C64
:100A0000A444B445A8D8002870D0059901390591AF
:100A10005AF8041B009164E70199013901914FF0E4
:100A2000000B24E012F8010C6C2834D1002012F8DD
:100A3000023C83466C2BC8D14FF008084346D6E7EA
:100A40000AF1070A2AF0070A073424F00704FAE833
:100A500002BC35B106982044B0423FF67DAFC4E9F0
:100A600000BC4FF0000B08344FF00808434612F862
:100A7000010F002853D0BBF1000F7FF472AF25287F
:100A8000F5D14FF0010B019B013301934FF00408A6
:100A9000ECE7584697E700208346A8E703998807C4
:100AA0007FF551AF4FF0010C601BB0F5007FFFF4F4
:100AB0002DAF6FF0150051E74FF0000CF5E70498EB
:100AC000013004903DE7BCF1000F01D0013638E75A
:100AD0000298023600287FF434AF0098CDE9063240
:100AE000FFF7B2FADDE9063206442AE7042B08D103
:100AF0000AF1040015B1DAF80010216082460434CE
:100B0000B5E70AF1070323F0070303F1080A1DB153
:100B1000D3E90001C4E9000108230834A7E7631BF7
:100B2000B3F5806FC5D23DB9A6F10804E01815E70A
:100B3000B4CD000C04F9000C029A9B0828602B70BD
:100B40009DF81030AAB1EB70AF702FB1002208A849
:100B5000C5F1010C91450ED14FF0000AC5F101031A
:100B60000DF1200801930DF1300BD14512D1601B1E
:100B7000F4E66B70E8E710F8013B190608D50CEBBA
:100B8000040EB64503F07F033FF6E6AE04F8013BE2
:100B90000132DFE71FB198F90020002A17DB029B22
:100BA000D3B11AF80B2004F8012B0022019B18196D
:100BB0001044B0423FF6D0AE98F80000009904F817
:100BC000010B204603920CF071F8039A14440AF1C9
:100BD000010A08F10108C8E798F8002055F822300A
:100BE0000093029B009845F82230FFF72DFA421C33
:100BF000DCE76FF00D00B1E62DE9F04F97B000AFE4
:100C000005468A46C7E90A3249B9037846788078AA
:100C100000EB83002844564524D8A0EB050AD7F8FA
:100C2000803095F8028003F00103D7F88040FB6123
:100C3000EB78B8F1000F0CBF002404F001047B62D4
:100C40001BB1D7F880309A0715D4A4B9FB6A1BB141
:100C500051462846BA6A9847564630465C37BD46E4
:100C6000BDE8F08F441C2046FFF7EEF90130204428
:100C70000AF1010ACFE7D7F88030C3F3C0033B6223
:100C80002B78BB619B003B616B687B61BB6905EBAB
:100C9000830BFB6A002B77D15646D844BCB11C4667
:100CA0001BF8013B55F82300FFF7CEF9D7F8843045
:100CB000013043B1D7F88830A34282BFD7F88430DF
:100CC00023F814000134C3450644E9D1D846D7F8C7
:100CD00080304FF0000913F0050F0CBF4FF0020BEE
:100CE0004FF0010B7B6A9945B7D298F8013008F1B3
:100CF000020855F823A0AE4B9A45C0F04C81AD4B8D
:100D00003A6A9A452CBF002301230AB318F8021C43
:100D10007869FB6208F099FFFB6AC8B1EA468AB0BD
:100D20006A46A54B05937B69CDE906314FF4007304
:100D3000ADF82030A14B42F8103F00234FF4125180
:100D40009F4800F0EBFBD546023E09F10109C9E7D7
:100D500023B1FB6933B9A6EB0B06F6E7D7F8803071
:100D60009B07F2D55046FFF76FF9D7F884304BB1A7
:100D7000D7F888309C423FBFD7F88420431C22F824
:100D8000143001340644E0E7002C6AD1B8F1000FBA
:100D90006DD0D7F8803058076CD5C14607F14800B0
:100DA000424659460BF082FF00220BEB0803FB6022
:100DB0000233796A8A425FD3D7F8802095F801B070
:100DC000F969920704EB0B0348BF0022DBB258BF5E
:100DD0004FEA5902002940F0A680D7F8801011F0A0
:100DE000040F14BF494600216B70A970EA702846B1
:100DF000BA6A3969FB6A9847061EFFF62EAFBB69CF
:100E000049462B707B6ABA6AEB7085F801B0FB6AC1
:100E100085F8028007F148009847B0F10009C0F258
:100E2000B6803B697A6A786A03EB4201FB68414409
:100E300003EB4000BA6AFB6AAAEB0101984700285D
:100E4000C0F2A7804FF0000BB14409EB000607F198
:100E5000380AA34569D30021BA6A0846FB6A984755
:100E6000FBE644464FF0000907F1380098E7444696
:100E7000C14699E7A14697E713F8016CDFF830C146
:100E800055F8260013F8021C6045C0F08A80DFF890
:100E900024C16045386A2CBF4FF0000B4FF0010BA6
:100EA00038B17869C7E9013208F0CFFED7E90132DD
:100EB000F0B9BBF1000F1ED0F96949B1611C04F112
:100EC000280007F13004041904F8206CCCB20FE0BC
:100ED000D7F8801049070BD509F1280007F1300C2D
:100EE00009F1010100EB0C0909F8106C5FFA81F9B6
:100EF000013202335DE7D7F880008007DED409F1C4
:100F0000280C07F1300EF44409F101000CF8101C14
:100F100007F1580109F1020951FA80F05FFA89F9E5
:100F200000F8106CE4E700215EE71BF80A3055F882
:100F3000239087F83730D7F884302BB3D7F8883030
:100F40009B4521D2D7F8843033F81B800121BA6A3F
:100F5000FB6A07F13700984700281ADB0644B8F10E
:100F6000000F06D14846FFF76FF800F101081FFA9D
:100F700088F841464846BA6AFB6A9847002808DB69
:100F800006440BF1010B64E74FF00008DEE74E4624
:100F900063E6064661E63B6A002B3FF4DFAE0023C2
:100FA000B4E6386A0028A6D04FF0000B79E700BFFE
:100FB000B4CD000C04F9000C60DB000C040000014F
:100FC0008CD4000C014B1860704700BFC400002097
:100FD00080B505460E461746984607F071FD034654
:100FE00001F0D4F90446DFF81890424649F8003081
:100FF00039463046A84754F8090001F069F900BFA6
:10100000080000002DE9F047044607464FF00109AB
:10101000DFF84C8094FAA4F5B5FA85F509FA05F3E2
:101020002E0108EB05156FEA030A24EA03042B7B63
:1010300063B158F806301B696BB9464473680422E3
:101040002846196807EA0A0709F05FF9002CE1D180
:101050003846BDE8F087284698470028F6D1ECE7E7
:101060008CD5000C10B5002288B00E490E480BF04C
:1010700098FD002200230024CDE906230E234FF41F
:101080004072CDE90334CDE90144084B084900948E
:10109000084807F0FFF9084906480BF08CFB20468A
:1010A00008B010BDBD10000CF00A0020C513000CE4
:1010B000A8180020600600201FDC000C014806F084
:1010C0005FBF00BF700500202DE9F0478046204833
:1010D0000F4609F0F6F80646002832D000252846CB
:1010E000BDE8F087237B83B12368DB680BB1204622
:1010F0009847636883F8069023681B69CBB96368D7
:1011000004222046196809F000F9013610345445CC
:10111000E8D3B8F1000FE2D0002DDFD02846FFF76A
:1011200071FF0546002FF7D0002164200BF028FC4A
:10113000F2E7204698470028E1D009FA06F31D435C
:10114000E3E705464FF00109024CDFF80CA0DEE7AB
:10115000381000208CD5000C9CD5000C014B53F8A6
:1011600020007047ECD5000C08B5034608462BB1AB
:10117000044A136000F032FC002008BD6FF0150037
:10118000FBE700BFC800002010B5044C237813B95A
:10119000034806F0F5FE0123237010BD9F180020C0
:1011A0007005002010B50446094809F08AF83CB1E2
:1011B000084BD3E8EF1F0139C3E8E21F002AF8D13A
:1011C000054807F005FFBDE81040044806F0D8BE0A
:1011D0003010002034100020F00A0020700500209C
:1011E0000022044BD3E8EF0FC3E8E12F0029F9D127
:1011F000704700BF3010002070B5FFF7F1FF0546C3
:10120000074C084EB44200D370BD63685B792BB1C4
:1012100023685B6813B12946204698471034F1E7EC
:101220008CD5000C9CD5000C10B5044C044920460C
:1012300008F038FE034B1C6010BD00BFB404002052
:10124000D8D5000C2810002000230D4A10B51370CB
:101250000C4A4FF47A7113600B4A0C481360FFF785
:1012600083FFFFF7E1FF0A4B0A4918468B4200D380
:1012700010BD1A1A5C681211013222711033F5E7A1
:10128000A01800203010002034100020D5A2000C3F
:101290008CD5000C9CD5000C01460022002301488F
:1012A00008F021BEB4040020014808F0B8BE00BF19
:1012B000B4040020024B0146186808F00BBF00BFC1
:1012C00028100020014808F040BF00BFB4040020EF
:1012D00070B5254B1B78002B43D0FFF7E5FF044684
:1012E00000283BD1214B224D1B68002B12DD0BF057
:1012F00010FC0A220023FEF783FED5E90032C01A53
:1013000040F2E93361EB0201984271F1000101D32F
:10131000FFF772FFD5E9003213F57A7342F100024C
:10132000C5E90032ECB1BDE87040FFF7CBBF6B6898
:101330005B7923B12B68214628461B6898471035F6
:10134000B542F4D32046FFF7B5FF0A4BD3E8EF1FB1
:101350000139C3E8E21F002AC4D0F7E7064D074E63
:10136000EEE7002070BD00BF9F1800203010002065
:10137000E80A0020341000208CD5000C9CD5000C0D
:1013800070B50D4D297861B90120FFF79DFE0B4C1A
:101390000B4EB44206D3FFF79BFF0028FBD101237D
:1013A0002B7070BD63685B791BB1236820469B6816
:1013B00098471034EDE700BFA01800208CD5000C32
:1013C0009CD5000C00212DE9F8430846FFF77CFE70
:1013D000044648B34FF4FA784FF0000900F0D6FF06
:1013E0001A4B1B4A1B58136033B11A4B1B68092B4D
:1013F00002DD194806F0C4FD0025184F44B120460F
:10140000FFF700FE044618B94FF0FF384FF0FF39E0
:10141000FFF75EFF064628B9B5B90F4842464B466E
:1014200006F0E2FD3546E9E74FF0FF384FF0FF39AF
:10143000D4E72B689B691BB10022284611469847C8
:101440001035BD42F5D3E8E7054DFAE70800000086
:101450002C10002034100020700500209CD5000CBA
:101460008CD5000C13B5184808F02BFF174B1B78D0
:1014700073B1EFF31184202383F31288BFF36F8FCE
:10148000FFF726FF84F31188BFF36F8F02B010BD02
:101490000F4B1B68002BF9D050B9002200230D48D8
:1014A000CDE9002342F21072002307F059FDEDE769
:1014B0000928EBD1074807F08BFD074802B0BDE8CB
:1014C000104006F05DBD00BF34100020A0180020C1
:1014D0002C100020F00A00207005002010B5064BEB
:1014E00004461B6898472146A060044808F078FD30
:1014F000BDE81040FFF7B6BFC8000020B4040020CC
:10150000044A054B9B1AB1EBD30F34BF52F831009C
:10151000002070478CD4000C8CD5000C2DE9F04FC6
:101520008FB0C1F34A2604AF0D469046B8607B6089
:101530000C0D002E61D04FF000090A234FF0040B70
:1015400007F1140AFE60C7E90799C7F824900093D1
:10155000CDF808B0CDF804A007F11C034A46404678
:10156000F968FFF749FBB0F5006F03461CD36C46E2
:101570008AB0D8F8041004AB24481A46C3E9050120
:1015800040F2FF71D9614FF400711984204B42F889
:10159000103F4FF412514B461E48FFF7BFFFA546C0
:1015A0002C37BD46BDE8F08FC0F30A0604F11700E2
:1015B000184420F0070080083B60FFF76DFE66F3DB
:1015C0005325044680B13B6800F11001C7E9083992
:1015D0000A23F961CDE901AB009340460E4AF96850
:1015E00007F11C03FFF708FB66F353252A46204644
:1015F0007B68B96808F0A9FED2E704F1170020F073
:1016000007008008FFF748FE0446EDE734DC000CD5
:1016100004000001C4D4000C1DA3000C2DE9F04F00
:1016200087B00546DDE9106BDDE9127A884614467D
:101630009946BFB110213B465A460020CDF800A084
:10164000CDF814A0FFF726F9B0F5006F01460BD3D3
:1016500040F2FF730221184A184807B0BDE8F04F66
:1016600008F0CCBE3946384604F0070305F00704FD
:10167000E40044EA831444EA402444EA065406F1B0
:101680001700084420F0070080080391FFF704FECC
:10169000054640B13FB13B465A460399CDF800A0FC
:1016A0001030FFF7F7F84B4622464146284607B070
:1016B000BDE8F04F08F049BE73DC000CC4D4000C48
:1016C000406820B1034BC01A40F3CF0070474FF081
:1016D000FF3070478CD4000C0EB403B503AB53F845
:1016E000042B01460448019301F084F802B05DF830
:1016F00004EB03B0704700BF5FA4000CCA0605D41A
:101700008B064CBF02490349FFF7E6BF704700BF95
:10171000ACDC000CABDC000C2DE9F04F89B0984636
:101720009DF85090159B044606930D46DDE916A3DF
:10173000189F05920493B9F1000F00F0B08007F4F0
:101740008073079308F0DFFD07F0020B02460028C4
:1017500074D020467749FFF7BFFF0646BBF1000F64
:1017600008D017F0440F6BD12A4620467249FFF784
:10177000B3FF064407F0010353B1704B204653F802
:1017800029206F4B6F49002A08BF1A46FFF7A4FFB4
:1017900007F48073002B07F0080318BF4FF0000810
:1017A000002B79D0684B204653F829206749FFF772
:1017B00093FF0546059B2BB11A4620466449FFF767
:1017C0008BFF0544B8F1000F05D042462046614921
:1017D000FFF782FF054460483544069B1BB1224653
:1017E0005E4908F001FA049B002B00F08E80DDF8C2
:1017F00010803946B8F1100F204628BF4FF010086E
:101800000026FFF77BFFB54250DC0026334620461A
:101810001AF803205249FFF75FFF0136102E4BD014
:10182000710703D120464F49FFF756FF464533461F
:10183000EDD320464C49FFF74FFFEEE706468DE714
:101840004A4B1868002894D0494B4FF47A7B1B68A8
:101850004FF03C0CB5FBF3F5B5FBF0F14FF46163D1
:1018600000FB11550BFB05F5B1FBF3F2B5FBF0FEE8
:1018700003FB121100FB1E55B1FBFCF30BFB05F53E
:10188000B5FBF0F50CFB131120460091CDE901E505
:101890003849FFF721FF6CE707F008058AE7B8F140
:1018A000010F4D460CBF2C48334896E720462D4982
:1018B000FFF712FF0136A6E7002620462F49FFF763
:1018C0000BFF33461AF803202046A2F120035F2BBA
:1018D00028BF2E222A49FFF7FFFE0136102E0DD019
:1018E000720703D120461F49FFF7F6FEB045334685
:1018F000E8D820461B49FFF7EFFEEEE7049BC24401
:10190000B3EB080304937FF472AFB9F1000F0AD070
:10191000FB0704D520460A4A0A49FFF7DDFE39468F
:101920002046FFF7EBFE204609B0BDE8F04F08F077
:1019300089BD00BFB3DC000CB7DC000CFCD5000C8B
:10194000AEDC000CDCDC000C10D6000CDFDC000C84
:10195000E5DC000CE9DC000C5FA4000CF527000CB2
:10196000EEDC000CF6DC000CF4DC000C4010002077
:101970003C100020C0DC000C8DA4000CF8DC000C36
:10198000FADC000C42F20F7373B58B4228BF0B4692
:1019900005680446052168460D4A07F0A3FB064684
:1019A000636828460B225B680A4908F03DFD6368BE
:1019B0003246694628465B6808F036FD63681B229C
:1019C00028465B68044908F02FFD02B070BD00BFD7
:1019D0006BE4000C6DF7000C51F7000C00210123A3
:1019E000064A904206D8064A01B901231360054B06
:1019F00018607047012140085B00F2E740420F0089
:101A00003C10002040100020F8B50D460446064F5B
:101A10004618B44201D12846F8BD14F8011BBB6832
:101A200001485B689847F4E7A4CE000C014B0360C3
:101A30000020704758D6000C08B50348034A00211F
:101A4000121A08F0A0FD08BD60060020A8180020AA
:101A5000074808B5074A0849121A08F096FDBDE87C
:101A600008400648064A0749121A08F08EBD00BF12
:101A7000000000205C06002004F9000C000000209B
:101A80000000002004F9000C2DE9F04706460C4642
:101A900000AF002936D0D1E90012E9468AB06D4680
:101AA000A3684FF0050AE8461F48CDE90723CDE9B2
:101AB000050148F810AF002342464FF421511B485E
:101AC000FFF72CFDD4E90312CD466369AD461848F3
:101AD000C5E90723C5E90501C5F810A00023424662
:101AE0004FF421511148FFF719FDCD46E36901215B
:101AF000104A0E4808F082FCA36901210E4A0B48E7
:101B000008F07CFC012E07D1EFF305830B4A314628
:101B10000648103B08F072FC2146304605F080FE76
:101B2000BD46BDE8F08700BF37DD000CF4D4000CE3
:101B300066DD000C95DD000CA4DD000CD2DD000C90
:101B400030BFFFF7FDBF00BF2DE9F04105460B4E4A
:101B5000DFF82C80324606EB0807CC1B20460949EB
:101B60000BF0A4F8A01942460021083C0BF0ABF89A
:101B7000AC6707F10800BDE8F08100BF000000007D
:101B800008000000A8D5000C10B5244C24492548B5
:101B900008F008FDA36A99013ED52248224908F0C1
:101BA00001FD1E20A36ADA0104D51E481F4908F072
:101BB000F9FC1F20194CA36ADB0204D519481C4903
:101BC00008F0F0FC2020A36A1C0304D5154819492D
:101BD00008F0E8FC2120114CA36A590304D51148F0
:101BE000154908F0DFFC2220A36A9A0304D50D48AA
:101BF000124908F0D7FC2320084CA36ADB0304D564
:101C000008480F4908F0CEFC2420A36A6FEA03437A
:101C10006FEA1343A36210BD1D20C3E700ED00E08F
:101C2000E5DD000CF4D4000CFDDD000C10DE000C32
:101C30002ADE000C54DE000C72DE000C97DE000C75
:101C4000B1DE000C70B506460D46294C29492A48DC
:101C500008F0A8FCA36ADB0647D52748274908F007
:101C6000A1FC1120A36A1C0704D52348244908F0CD
:101C700099FC12201E4CA36A990712D521491E48CF
:101C800008F090FC636BA26A120609D501211E4A76
:101C9000194808F0B3FB1EB1A36A23F08003A362C6
:101CA0001320134CA36ADE0704D51348174908F024
:101CB00079FC1420A36A9C0604D50F48144908F047
:101CC00071FC15200A4B9A6AD10658BF9A6A9A6A23
:101CD000920642BF5A6A22F400525A629A6A42F04D
:101CE000FF029A6200232B7070BD1020BAE700BF7C
:101CF00000ED00E0DCDE000CF4D4000CF2DE000CA1
:101D000025DF000C38DF000C50DF000C66DF000C14
:101D100085DF000C70B506460D46284C2849294839
:101D200008F040FCA36AD9043CD52648264908F0AF
:101D300039FC1720A36A1A0504D52248234908F064
:101D400031FC18201D4CA36A9B0512D51D48204963
:101D500008F028FCA36BA26A100409D501211D4AD2
:101D6000184808F04BFB1EB1A36A23F40043A3629A
:101D70001920124CA36A590504D51248164908F0D7
:101D800011FC1A20A36ADA050ED50E48134908F093
:101D900009FC1B20094A936A43F47F4393620023A2
:101DA0002B7070BD1620C5E7A36A9B04F2D50548C9
:101DB0000B4908F0F7FB1C20ECE700BF00ED00E04A
:101DC000B4DF000CF4D4000CCADF000C25DF000CDB
:101DD000DBDF000CF4DF000C09E0000C24E0000C59
:101DE00085DF000C10B52F4C2F48304908F0DAFB86
:101DF000D4F8E830D4F8E420500604D501212C4A68
:101E0000294808F0FBFAD4F8E430D9070CD5264865
:101E1000284908F0C7FB2620224AD2F8E43043F0D4
:101E2000FF03C2F8E43010BDD4F8E4309A0705D5BA
:101E30001D48214908F0B6FB2720EDE7D4F8E4302F
:101E40005B0705D518481D4908F0ACFB2820E3E7DF
:101E5000D4F8E430180705D51348194908F0A2FB57
:101E60002920D9E7D4F8E430D90605D50E4815491C
:101E700008F098FB2A20CFE7D4F8E4309A0605D57D
:101E80000948114908F08EFB2B20C5E7D4F8E4304F
:101E90001B0605D504480D4908F084FB2C20BBE740
:101EA0002520B9E700ED00E0F4D4000C3CE0000C84
:101EB00055E0000C65E0000C7BE0000C99E0000CA4
:101EC000B4E0000CD1E0000CE6E0000C00E1000CF6
:101ED0002DE9F0418AB0774B00AFD3F8048000239E
:101EE000C8F3080683F31188BFF36F8F02F07F44B5
:101EF000B4F17F4F31D112F001052FD012F040051F
:101F000002F0080403D02CBB0446012512E053075D
:101F100058BF0146684A0B6858BF01251A44012A78
:101F200098BF0B6C0121654A654808F067FA74B1E7
:101F3000EFF389840023FB71F31E092B00F29980D3
:101F4000DFE803F00E8F92848B9797979795EFF3C6
:101F50008884EFE70C461D46ECE71D462C46E9E772
:101F60005849574808F01EFB0023524EFB71F36A94
:101F70009A0705D55449524808F014FB00232DE078
:101F8000F36A002B01DA5149F5E7F36A5B00F5D5F6
:101F90004F494B4808F006FB7369A26943F480730C
:101FA0007361BFF34F8FBFF36F8F32F8023C7269DA
:101FB00022F480727261BFF34F8FBFF36F8F03F40F
:101FC0007F42B2F55F4F2BD1DBB2022B28D12368C1
:101FD0000121404A3A4808F011FA2368FA79DAB93F
:101FE00007F1080604F1200C3246206861680834C5
:101FF00003C264451646F7D17A6A002D56D0C2F363
:10200000080121B96FEA52226FEA42227A62184629
:1020100007F10801FFF738FD2837BD46BDE8F0811C
:10202000244B9A6AD2B222B10120F91DFFF70AFEB1
:1020300015E09A6A12F47F4F04D00120F91DFFF7D2
:1020400069FE0CE09A6AB2F5803F02D3FFF79CFD6F
:1020500005E0D3F8E430002B90D0FFF7C3FE034631
:10206000BCE70020F91DE1E70020F91DE7E71A4968
:1020700081E71A4A18F4F87FE8468AB0184B08BF7F
:1020800013466A461749103ECDE905134FF4007315
:10209000ADF82030144B079642F8103F00234FF460
:1020A00011510748FFF73AFAC54667E76FF3080290
:1020B000ACE700BF00ED00E0A6ED050141E1000C3A
:1020C000F4D4000C60E1000C77E1000C98E1000C06
:1020D000A6E1000CC5E1000CE1E1000C13E1000CED
:1020E00028E1000C05E2000C04000001044B5A69D1
:1020F00042F010025A615A6922F008025A61704790
:1021000000ED00E0EFF30880EFF3098101B57246BE
:10211000FFF7DEFE01BD00BF0A4880F308882020DB
:1021200080F3118808484FF40061401880F3098853
:10213000EFF314800221084380F31488BFF36F8FFC
:1021400000F05CF8E8320020A82500201EF0040F03
:102150000CBFEFF30880EFF30980816911F8021CCE
:102160000229FFD001B5724608F011FA01BD00BF87
:1021700000B2002807DB01234109034A00F01F00D9
:10218000834042F82130704700E100E000B20028AF
:102190000CDB01220649430900F01F008240203376
:1021A00041F82320BFF34F8FBFF36F8F704700BFFD
:1021B00000E100E000B2002801F10101ACBF00F134
:1021C0006040064B4FEA4111C9B2ABBF00F5614018
:1021D00000F00F0080F800131954704714ED00E070
:1021E000044B054A23F07F039360BFF34F8FBFF387
:1021F0006F8F70470000000800ED00E008B5FFF7A2
:10220000EFFF0B4AD2F8883023F47003C2F888300D
:10221000EFF3148323F0040383F31488BFF36F8F69
:10222000FFF70AFCFFF714FC00F092F805F01AFC27
:1022300000ED00E042F8203C009B0B4942F81C3CBA
:10224000019B21F0010142F8183C029B42F8081C56
:1022500042F8143C4FF0807342F8043C0023203ACB
:102260000265C367704700BFD10F000C00B50B4B70
:1022700015469860826F0A4B0E461A602C4686F30C
:1022800009880020034B98472046002100220023A4
:10229000014C2047BBA5000CD10F000C40180020BA
:1022A000681000201022014B1A61704700ED00E019
:1022B000054B5A699B689A421FBF044A536843F012
:1022C00080535360704700BF4018002000ED00E0CD
:1022D000084B9B6883420BD1EFF3058343B1064B58
:1022E0005A6842F080525A605A6A22F400425A6296
:1022F0000AF066BA4018002000ED00E011498A6833
:102300004FF030001044EFF3098C80E8F01F2020DC
:1023100080F31288BFF36F8F0B4F4FF000664A694E
:102320008A603E60906F094C2060D06F0023D367B5
:1023300080F3118802F1300090E8F01F8CF30988D7
:10234000704700004018002004ED00E068100020F5
:10235000002320210348C21801339E2B82F800136A
:10236000F9D1704700E100E008B5EFF30583064AB4
:10237000103B02EBC30152F8330049688847BDE8BF
:102380000840FFF795BF00BF14CF000C014800685C
:1023900070470000681000201FB50121094B0A4A50
:1023A0000A4800F00FF90023064A0393084B012165
:1023B000019301A8D31A029300F00EF905B05DF85D
:1023C00004FB00BF000008200000002058D6000CCD
:1023D000600600200A7A0B6810B562F304031C46FD
:1023E000CB68520923F01F0343EA4203044A43F037
:1023F0000103C2F89800C2F89C40C2F8A03010BD9A
:1024000000ED00E010B50A4BD3F89030C3F307237A
:10241000013B984208D901210346064A064807F0C5
:10242000EDFF6FF0150010BDFFF7D4FFFBE700BF15
:1024300000ED00E01CE2000CDCD4000C2DE9F04FB4
:102440008946144606464FF000084F4D85B0C845F2
:1024500027DAD6F804A0BAF1000F44D0BAF11F0F62
:1024600017D91AF01F0F14D1D6F800B01BF01F0FA8
:102470000FD1584608F0B5F807460AEB0B000138B3
:1024800008F0AFF8874210D06FF015073F4A3B467F
:1024900001E043463E4A01213E4807F0AFFF6FF09E
:1024A0001504204605B0BDE8F08F17F1160FEDD0EA
:1024B000BC42EBDDC5F89870D5F89C10C5F8987053
:1024C000D5F8A03021F01F0143F01F0BD6E90032F0
:1024D0001A44994202F1FF3A1AD1D34507D1314645
:1024E000F8B208F087F808F101080C36AFE731467A
:1024F000C5F89870D5F89C30E0B263F30402C5F8D3
:102500009C2008F077F810F1160FC8D0441CEAE7B9
:10251000C5F89870D5F8A020013B23F01F0302F006
:102520001F021343D3453146E0B2C5F8A030E8D0CE
:1025300008F060F810F1160FB1D0C5F89870D5F812
:102540009C209DF808300BF1FF3B62F304038DF8EB
:102550000830D5F8A0309DF808205B0863F34712D7
:102560008DF80820D6E900321344009323F01F03AE
:102570005B44A3EB0A03013023F01F036946C0B29A
:102580000393FFF73FFFBEE700ED00E068E2000CB9
:1025900042E2000CDCD4000C0522044BC3F894206A
:1025A000BFF34F8FBFF36F8F704700BF00ED00E0A8
:1025B000BFF35F8F0022024BC3F89420704700BF27
:1025C00000ED00E010B5034C2278FFF737FF2070D4
:1025D00010BD00BFA21800202DE9F74F294D8A46F3
:1025E00006464FF00008AB46274FD0451BDAD6F819
:1025F0000490B9F1000F3FD031680846019107F00F
:10260000F0FF0199044609EB0100013807F0E9FFEA
:1026100084424FF014021D4B08D002FB08F36FF008
:1026200015024BF8032003B0BDE8F08F14F1160F2C
:102630002C60F8D01978A142F5DD02FB08B0C7F88C
:102640009840C7F89840D7F89C4000F10801007BFB
:1026500064F304000871D7F8A0000C79400860F317
:1026600047140C71D7F89C1021F01F016960D7F84E
:10267000A01021F01F01296108F1010814350C3662
:10268000B3E700BF6C10002000ED00E0A2180020AE
:10269000F0B55349534DD1F890302C68C3F307235C
:1026A0009C4287B000F299800020FFF781FF4E4BDB
:1026B000C1F8C030844216D14C4D01A82C70FFF7F0
:1026C000B5F9002607464A4CB74213D100202B78B3
:1026D0004349D1F89020C2F30722934277DBFFF7FA
:1026E0005BFF002046E0696801EB0011FFF772FE16
:1026F0000130DFE70199300101EB0613DA6822406F
:10270000B2F1807F52D00AD8B2F5001F34D0B2F5B2
:10271000800F3ED0B2F5801F12D00136D4E7B2F15F
:10272000006F43D0B2F1805FF7D15A689B680958B7
:10273000013B22F01F00034423F01F03012032E07D
:102740005A689B680958013B22F01F00034401208E
:10275000844623F01F0340EA4C10CDE902218DF896
:10276000100002A928780593FFF74CFE00282ADA0A
:102770006FF0150007B0F0BD5A689B680958013B1F
:1027800022F01F0003444FF0020C012023F01F032E
:10279000E1E75A689B680958013B22F01F00034497
:1027A000062023F01F034FF0000CD4E75A689B6803
:1027B0000958013B22F01F0003444FF0030C012095
:1027C00023F01F03C7E72B7801332B70A5E7C1F86F
:1027D0009830C1F8A00001337BE74FF0FF30C9E724
:1027E00000ED00E064D6000CAAFF4400A21800200F
:1027F0000000F0FFF0B587B007460E4614460021F2
:10280000102268461D460AF05EFA02238DF8023057
:10281000054B2A4621466846CDE90476019306F029
:102820008BFC07B0F0BD00BF27A6000C08B5024B1B
:102830001B689847002008BD80100020034B044A05
:102840001860937843F00203937070478010002063
:10285000D400002008B50649064821F00701C1F15F
:10286000005202F5002207F0C8F8002008BD00BFA2
:102870002F3F00208410002070B541690446867AFD
:102880000A4D59B1437ADB0706D4242303FB0653D0
:10289000DB691B689B6898470023636124202146FD
:1028A00000FB0650BDE8704009F0A3BE8005002083
:1028B0002422024B02FB0030704700BF800500203D
:1028C0002421827A054B01FB02331A6A1B7D801A90
:1028D0001B3323F00303B0FBF3F0704780050020A7
:1028E00038B52424827A064B04FB0233DB69D3E932
:1028F00001240C601568FFF7E3FF04FB005038BDAE
:10290000800500202DE9F04385B0054668469046D5
:102910001C4603910AF0FFF8DDE90067EFF3118927
:10292000202383F31288BFF36F8F6B8A002B41D073
:102930002A8A9A4225D900220023284605F0EEFA79
:102940000446F0B189F31188BFF36F8F039B002B0E
:1029500041D032463B4668460AF002F92421A27A69
:10296000254B204601FB0233DB6903A91B681D6868
:10297000DDE90023A847606170BB2046FFF77CFFBC
:1029800024E0698A4B1E6B8289F31188BFF36F8F35
:102990002B7D2A8A2C6A1B3323F00303521A02FB75
:1029A0000344154B154AEB1A9B105343A3722B7D1E
:1029B000E372CBE789F31188BFF36F8F234642465A
:1029C000284605F0ABFA04460028BFD10024204673
:1029D00005B0BDE8F0836361012300252381039BDB
:1029E00029466382E27A656004F118000AF06BF907
:1029F00063692582E360EAE780050020398EE338C9
:102A000070B524250C4C00B970BD037A4668002BC4
:102A1000FAD0013BDBB20372002BF5D1C3604360F7
:102A2000837A05FB03439B6913B198473046EAE775
:102A3000FFF722FFFAE700BF8005002038B5044603
:102A400006F01AF8204607F04DFEA069C8B194F8C8
:102A50006C30DB070DD50221154A164807F040FE01
:102A60006FF07705201D07F044FE06F019F82846A0
:102A700038BD09F029FC38B901210F4A0D4807F08B
:102A80002FFE6FF01205EDE7204600F09BFF054694
:102A90000028E7D10146242204F128000AF013F9A6
:102AA00094F86C3043F0010384F86C30DAE700BF2F
:102AB000A9E2000C54D5000CD3E2000C70B504461A
:102AC00005F0DAFF204607F00DFE94F86C30DA07C7
:102AD0000DD40221254A264807F002FE4FF0FF35AB
:102AE000201D07F006FE05F0DBFF284670BDC3F38E
:102AF00040019B0707D502211E4A1D4807F0F0FD43
:102B00006FF07705ECE7A06908F0B7FD0646A0690D
:102B100008F043FE054628B10121174A144807F082
:102B2000DFFDDDE7A36F4BB13146204607F05AFFCA
:102B30000546A0B1A06908F058FED1E7A06908F0E9
:102B4000D4FDA0670028EFD101210C4A084807F006
:102B5000C7FDA06908F049FE6FF00B05C0E794F8C7
:102B60006C3043F0020384F86C30B9E7F6E2000CF5
:102B700054D5000C1CE3000C42E3000C5EE3000C97
:102B800038B580210446806908F0D2FD054678B149
:102B90000146204601F006FB044638B106480121F3
:102BA000064A07F022FC2846FFF72AFF204638BDD8
:102BB0006FF00B04FAE700BF34D5000C8DE3000C76
:102BC00038B50446806F07F043FD054607F037FD32
:102BD0002046294601F0E6FA044638B104480121AE
:102BE000044A07F002FC2846FFF70AFF204638BDDA
:102BF00034D5000CB0E3000C2DE9F04190F82830FA
:102C0000044603F01F03012B0F4600F128062FD0C6
:102C1000022B18D08BB3204694F8291007F0A9FD99
:102C2000024678B3304607F08EFE1D4D002834D1A1
:102C300013693BB33A463146204698470346FFF7AF
:102C4000A5FB2B5024E0818DC9B201F05FF9054648
:102C50000028E0D0304607F076FE024668688368B8
:102C6000CAB99B6873B13A463146BDE8F04118478E
:102C7000818DC9B207F01FFFE9E790F8291007F02E
:102C800033FFE4E7FFF782FB6FF08502044B1A5035
:102C90000020BDE8F081DB68E4E7D368C9E700BF46
:102CA0000C0000002DE9F04F0B7E044633F0800845
:102CB0000D46164695B00AD00121A74AA74807F04D
:102CC00094FB6FF00408404615B0BDE8F08F82B168
:102CD0000846FFF795FE6B7EDF0704D49E07F2D50A
:102CE0002B7E002BEFD1204615B0BDE8F04FFFF74B
:102CF00067BF4A7E00F12809900705D5802B09D1CE
:102D00002846FFF77DFEDEE7910700F06A84002B7E
:102D100040F06784D20734D52B8A082B0DD1EA689E
:102D2000294613680020A3625368C9F8043007F0ED
:102D300093FC054640B18A4A00E08A4A012187484F
:102D400007F053FB00F031BC484607F0FCFDE28D74
:102D500070B9B2B12946A06908F0D6FC0146002836
:102D600000F07A84204615B0BDE8F04F01F01ABAA1
:102D70003AB11146204607F09CFF0546002800F0B6
:102D80006B84FFF703FB002394F82880764F18F03C
:102D9000600FC351C8F3411307D0032B40F0D68115
:102DA000FFF7F4FA6FF0850338E0484607F0CBFDF3
:102DB00094F82930002840F06781013B0A2BEFD8B6
:102DC00001A252F823F000BF752F000CA12D000CBA
:102DD000FD2F000CA12D000CF52D000CA12D000CD9
:102DE000A12D000CA12D000C712E000CA12D000CAA
:102DF000E12E000C618D7F29D2D8A38D002BCFD17D
:102E0000E38D002BCCD118F01F0FC9D194F83030CE
:102E1000022B05D1FFF7BAFA4FF0FF333B5083E0A6
:102E2000A069036993F880301B070DD5C9B207F07C
:102E3000C0FD804658B1638D01214C4A474807F0D8
:102E4000DDFA002D73D13EE7012384F8393094F880
:102E50003030012B0AD1638D43B984F83030FFF74D
:102E600095FA3B58002B00F09A805DE00123F4E7CF
:102E7000204607F040FC628D0146FF2A90D8E38D82
:102E8000002B8DD194F82830D80689D194F83030B1
:102E9000002BBFD02AB12046D2B207F0DEFD0028B9
:102EA000B8D0618D94F838308B42D8D02046C9B262
:102EB00000F00AFF638D804630B1012100902C4A5A
:102EC000264807F0A5FABCE7002B14BF0222012216
:102ED000052184F8302020461A4607F02BFFBEE774
:102EE00008F01F08B8F1010F7FF45AAFE38D002BF3
:102EF0007FF456AF628DFF2A3FF652AFA18DFF29B6
:102F00003FF64EAF94F83030022B83D12046D2B238
:102F1000C9B207F052FE10F1020F804640F01B814B
:102F2000FFF734FA47F8008065B14FF000082846F3
:102F3000FFF766FDB8F1000F7FF4C5AEFFF726FA84
:102F40003B5863B3484607F0FEFC0346A069002BDC
:102F500000F0858380218BE3CFE3000C34D5000C97
:102F600007E4000CF0E3000C0C00000029E4000C66
:102F70004BE4000CE38D002B7FF412AF94F830305B
:102F8000002B3FF447AF012BA18D02D100297FF424
:102F900041AF18F01F080CD0B8F1020F16D0E38D26
:102FA000002B40F0F5822046FFF7EAFD0028C9D14A
:102FB00099E600297FF42EAF638D012BEFD194F8B1
:102FC0006C3061F3C30384F86C30E8E7B4F82AA0EE
:102FD000BAF1000FE3D15FFA81F84146204601F0D3
:102FE00049F90346FFF7D2F93B50013300F044831F
:102FF00052464146204607F0ACFC30E7E38D002BFB
:103000007FF4CEAE628DA38D022A5FFA83FA11D1CE
:1030100008F01F085AEA08087FF4C2AE0122A0692E
:10302000190A07F0A6FC00287FF4BAAE012384F841
:10303000393014E794F8301000293FF4EBAE012941
:1030400002D1002B7FF4E6AE18F01F0812D0B8F1C1
:10305000020FA4D1002AA2D15146204601F0E8F87F
:103060000346FFF793F93B50013300F0058301223B
:103070005146BFE7002B7FF4CDAE012A8FD194F8E3
:103080006C3043F008039EE70A2B3FF689AE01A29D
:1030900052F823F0C130000CA12D000CA12D000C22
:1030A000A12D000CA12D000CA12D000C3B31000C1A
:1030B000A12D000C0D35000CA12D000C3735000C96
:1030C000E38D022B7FF46CAE94F83030002B3FF48C
:1030D000A1AE012BA18D02D100297FF49BAE18F087
:1030E0001F0811D0B8F1020F1CD04FF0000805F1F5
:1030F0000C0A504607F01FFCE38D984218D2FFF7E8
:1031000045F96FF00B0389E600297FF483AE94F84C
:103110006C304FEA930808F00208C3F3001348EA42
:103120000308E4E72046C9B207F0E3FD8046DEE786
:103130004146504607F0B3FA91E6B4F82AA018F0D9
:103140001F0F4FEA1A215FFA8AFA09D02946204652
:10315000FFF752FD8046B8F1000F7FF472AE7EE6B5
:1031600001390E293FF61CAE01A353F821F000BF30
:10317000AD31000CED31000CA332000CA12D000C80
:10318000A12D000C9B32000C9B32000CA12D000CD9
:10319000A12D000CA12D000CA12D000CA12D000CC7
:1031A000A12D000CA12D000CFF33000C05F10C0823
:1031B000404607F0C0FB83462046B4F82EA007F037
:1031C0009AFA20B101287FF4EBAD616F00E0216F26
:1031D000002900F05582DA4528BFDA460A784046D1
:1031E000524528BF524607F049FA38E6204607F014
:1031F00082FA0AF1010A014603905FFA8AF2204638
:1032000007F005FC834630B901215346B84AB94856
:1032100007F0F4F8C4E505F10C0AD0F80480504634
:1032200007F089FB98F800204146824228BF0246F9
:10323000504607F023FADBF80CB0BBF1000F09D1C0
:10324000298AE38D99427FF60AAE5046C91A07F0E3
:1032500030FA04E6DBF8040083681B6B13B9DBF873
:1032600000B0EAE7039998470028F8D0A0F10408D5
:1032700058F8041F0029F2D00A78002AEFD05046EF
:10328000CDE9042107F057FB049A0599904238BF15
:1032900082B2504607F0F2F9EAE7204607F02BFA2F
:1032A0007EE552460321204607F0A3FA8246002815
:1032B0003FF476AD07F03AFBB4F82EB09AF815104B
:1032C000C8B99AF814808DF831108DF83080DAF88A
:1032D000103005F10C0A1B885046ADF8323007F06B
:1032E0002AFBC3455A4628BF4246824228BF0246AF
:1032F0000CA9504677E700237F4A8DF81D10DAF8B5
:1033000008108DF81C300A407C498A4266D1102191
:1033100008A803F03DFEB0F1000845DB0CA9B8F1A8
:10332000100F4FF00003084628BF4FF01008DFF8D9
:10333000D0E10DF1200C984501F102013ED8034681
:103340004FEA880808F102085FFA88F88DF81C80B7
:1033500005F10C0A5046049307F0EDFAD84528BF52
:10336000D846804528BF8046B8F1020FC34628BF23
:103370004FF0020B50465A46A8EB0B0807A907F07E
:103380007DF94FEA58030393049B9B4603EB5802D5
:103390005A452AD118F0010F3FF461AD5046039A07
:1033A000995C07F074F95AE518F1580F7FF4F8ACFE
:1033B0000121544A4F4807F018F8F1E41CF8012B9A
:1033C00001334FEA121A02F00F021EF80AA01EF88B
:1033D000022001F802AC01F8012CACE79AF8148045
:1033E000DAF810308DF81C80B2E750461BF8011B4C
:1033F000CDE9042307F053F9DDE90423C8E72046AB
:1034000007F079F938B101282CD0FEF7BFFF6FF033
:1034100085033B5023E5236F002B00F031815B884F
:10342000B3F5007FF1D9384B04F14C0B0C9300231A
:103430008DF83430E36C9B4508BF0023BDF8321093
:10344000A3B15A7D0F2A08D11A7D0A44ADF8322063
:103450009DF8342001328DF83420226D934203D040
:103460001B68EBE7636FD7E7BDF8321005F10C0A74
:103470005046039107F05FFAB4F82E80039988450F
:1034800028BF8846804528BF80464246052A28BF77
:10349000052250460CA9039207F0F0F8039AB8EB06
:1034A00002083FF4DCACE36C5B453FF4D8AC002B86
:1034B0003FF4D5AC5A7D0F2A14D11A7D19694245C3
:1034C00028BF42465046039307F0D8F8039B1A7D65
:1034D000424594BFA8EB0208A8EB0808B8F1000F1A
:1034E0003FF4BDAC226D93423FF4B9AC1B68DEE7FC
:1034F0006EE4000C34D5000C00FF02000003020053
:1035000079F7000C94E4000C050F050094F83030B6
:10351000002B3FF47FACE38D012B7FF441AC05F130
:103520000C08404607F007FA00283FF4E8AD94F88D
:103530003810404635E708F01F08B8F1010F7FF456
:1035400069AC204607F077FA00283FF463ACB4F882
:103550002CA0BAF1FF0F3FF623AC43681B7953450B
:10356000FFF41EAC5FFA8AF30F2B3FF619ACE38D24
:10357000012B7FF415AC05F10C08404607F0DBF990
:1035800000283FF4BCAD04EB0A0393F83A10D0E7EF
:10359000484607F0D8F918B92846FFF731FA02E58E
:1035A0002946204600F0FEFD18B12846FFF728FA0C
:1035B000C8E4A069036993F8801011F004017FF456
:1035C00092AB08F0B5F8054600283FF4BBAC0146C5
:1035D000204600F0E7FD00283FF485AB2A4AFFF7BC
:1035E000ADBB52077FF5AEAC002B3FF489AB28464C
:1035F000FFF706FA94F83930002B3FF464AB94F8E7
:103600002930052B0CD1618DA069C9B207F0D1F921
:10361000064628B1638D01211C4A1D4806F0EEFEC6
:1036200094F82930032B11D1638D022B0ED1A18D7B
:1036300000220D0A2946A06907F09BF9064628B129
:1036400001212B46134A124806F0D8FE0023B0464B
:1036500084F83930FFF737BB6FF00B0672E4E38D67
:10366000002B3FF477AC16F10C0118BF0121C90102
:1036700007F063FFFFF737BB4FF0FF38FFF7E1BB01
:103680006FF01508FFF7DDBBB6E4000C29E4000C71
:1036900034D5000CDAE4000C0B7810B4062B14D1EE
:1036A0000369D3F89C20EFF31184202383F312885D
:1036B000BFF36F8F00204B681860506A58B9C2E999
:1036C000083384F31188BFF36F8F0022002303486F
:1036D00010BC08F0E4BE03605362F2E74805002026
:1036E00030B589B0002200230024CDE906236FF015
:1036F00007034FF48062CDE90334CDE90144154B53
:1037000015490094154804F0C5FE1549134809F001
:1037100052F8144B14498B4207D30020134B144921
:103720008B420CD3002009B030BD03F11402D2E863
:10373000EF0FC2E8E54F002DF9D11833EBE703F1A5
:103740001402D2E8EF4FC2E8E50F002DF9D118338B
:10375000E6E700BFCD37000CA81B0020280B002097
:10376000BCD9000C440600205C0600205C0600204A
:103770005C06002038B50D4607F05DF930B901212F
:10378000BDE838400F4A104806F02FBEC46804B99F
:1037900038BD2B78032B05D0052B0ED0022B08D07B
:1037A0002468F4E7606883685B69002BF8D0984769
:1037B000F6E7606883689B69F7E760688368DB69A0
:1037C000F3E700BF01E5000C44D5000C2DE9F04300
:1037D0004FF0200885B000AF4FF0FF334FF0FF32BD
:1037E0007248391D04F074FAFB681B69D3F89C40D9
:1037F000236A93B1EFF3118288F31288BFF36F8FBE
:10380000256A2DB1616A2B688D42236208BF63620D
:1038100082F31188BFF36F8FC5B93B79062BDBD0DC
:10382000072BD9D801A252F823F000BFA938000C09
:103830009D38000CD138000CAF38000C0739000C53
:10384000F338000CD937000C9B39000C2B7E29462D
:103850005E062046D5F81E201DD1FFF723FA064646
:103860000028C5D0E9468AB06A462B7ECDE90735E7
:1038700005234F49CDE9051042F8103F00234FF4CE
:1038800021514C48FDF74AFE3246CD4607212046DD
:1038900007F050FAACE707F01EF9E0E7002201213B
:1038A000204607F047FA97E700221146F8E794F818
:1038B0006C3043F0040384F86C3094F83030022B01
:1038C00003D12046391DFFF755FF00220321E7E70A
:1038D00094F86C3023F0040384F86C3094F83030A2
:1038E000022B03D12046391DFFF744FF002202219D
:1038F000D6E794F83030022B7FF46EAF2046391DA6
:10390000FFF738FF68E794F86C30A66923F00403EA
:1039100084F86C30D6F808903369A033D3E8AF3F11
:103920009A071ED53046D9F83C309847D9F824304C
:103930000021304698470546D9F840303046984730
:1039400095B11D4A01211B4806F04FFD00220421BC
:10395000204607F0EFF9002D3FF43EAF2A4607213D
:103960009EE74FF0FF35ECE72946204600F0ACF922
:10397000054608B1114AE5E7A06907F0F8FE831E85
:103980005842584194F86C3084F8305023F0680362
:1039900043EA401384F86C30D8E70121084A05480F
:1039A00006F023FD0621BA687AE700BF480500202B
:1039B00030E5000C44D5000C5AE5000C88E5000CFD
:1039C000B4E5000C38B5024605460C49806907F09D
:1039D0002CFF044630B10121094A0A4806F005FDD2
:1039E000204638BD85F83800284600F04FF80446D8
:1039F0000028F5D0A86907F047FFF1E79936000CD9
:103A0000C4E5000C44D5000CF8B501231D460C6834
:103A1000002C35D063F07F02D6B202F07F02103264
:103A200024FA02F7FF0716D5046824FA02F7FF0705
:103A300008D4334613480121134A06F0DFFC6FF027
:103A40001500F8BD05FA02F224EA020404600C68CD
:103A500024EA02040C60DC40E6070ED5026822FA74
:103A600003F4E40700D4E5E705FA03F422EA0402CC
:103A700002600A6822EA04020A600133102BC6D1F0
:103A80000020DEE76CD5000CEBE5000C2DE9F04FD3
:103A9000836983461B69026F93F880308FB0C3F34C
:103AA0004113022B0ED0032B0ED0012B0CBF102381
:103AB0000823D371DBF854800027B8F1000F05D13B
:103AC0004446D6E02023F4E74023F2E7D8F8043058
:103AD000D8F80C5003930C9704977DB9049B039A74
:103AE00009339BB293701B0AD3701771D8F80C403E
:103AF000002C40F0D480D8F80080DDE7002468680E
:103B00000D9483681B6B002B00F0BA802146984708
:103B1000002800F0B5803E46C5E90344031F029328
:103B2000029A52F8043F02920BB11A789AB9BE4237
:103B300040F2A380EB680D9A1343EB6068688368DA
:103B40009B6A002B00F09E8098470446002800F0F6
:103B50009C80594A81E05A780B2A08BF9E70029BCC
:103B60001B685A78042A10D1EA680D990A43EA6062
:103B7000DA78002A61D101229E702B69B24013438A
:103B800001362B61F6B200230D93029BD3F800900F
:103B900099F80130052BC3D16FF012044FF0010AE0
:103BA000DBF81830089399F8052099F804305FFA8B
:103BB0008AF143EA0223ADF82E300C9B069399F963
:103BC0000230069A002BA3BF4FFA8AF3079353469D
:103BD00041F08001BFBF4BB2079321F08003103347
:103BE000DA40D20730D40D9A22FA03F3DB070592AC
:103BF0002AD499F8063099F80320089800930DF11B
:103C00002E03099107F00FFC09990446E0B9079BC0
:103C100089F80210002B4FF00103BCBF21F0800196
:103C200010318B4006980599BDF82E201943184392
:103C3000CDE90C01A9F8042072E7721E9A700DA953
:103C40000CA8FFF7E1FE9EE70AF1010ABAF1100F96
:103C5000A9D1002C3FF464AF184A0121184806F09E
:103C6000C4FBD8F804305B790121164A144806F0E9
:103C7000C5FB20460FB0BDE8F08F6FF01504EBE7F1
:103C80003E465BE76FF0850463E70146686806F02F
:103C9000F2FE049B374603442D6804931DE7E36856
:103CA00004F10C01A3600CA8FFF7AEFE08B924686C
:103CB0001EE76FF01504D4E72CE6000C08E6000CB4
:103CC0006CD5000C50E6000C2DE9F04105460E467F
:103CD00006F011FD95F8383080463BB3284606F0D3
:103CE000AAFE0746F8B10146284606F014FF102246
:103CF0000446002105F13A0008F0E5FF002385F8AD
:103D00003830FF6847B98CB10121194A194806F0CB
:103D10006CFB2046BDE8F081786883685B6A03B17C
:103D200098473F68EEE76FF03C04EDE71EB985F871
:103D300038600024EDE732464146284606F067FE2B
:103D4000074690B10246284606F00FFF04460028B9
:103D5000DFD185F83860FC68002CEAD060688368A1
:103D60001B6A03B198472468F6E76FF03C04D0E77C
:103D70007DE6000C2CD5000CF8B504460E46154621
:103D8000576806F03BFE94F86C30D9070BD501213B
:103D9000394A3A4806F029FB6FF00F06201D06F05D
:103DA00034FE3046F8BD012E07D1354A0121334893
:103DB00006F01BFB6FF08506F0E7FB799A0607D546
:103DC000A3691B6993F880309B0701D42D4AEDE766
:103DD000C6B9E36D53B9626DB2B9236F6A685B7C93
:103DE0000133DBB25371226F53741FE09D4207D140
:103DF0000121254A214806F0F8FA6FF01506CDE7B3
:103E00001B68E7E7214AD1E7954222D12A68D3B956
:103E1000A36D62659D4200D1A26500232B606B6893
:103E20005B7902211A4A154806F0E8FAA968B9B187
:103E3000204606F0F8FC064670B10121154A0F48ED
:103E400006F0D3FAAAE71A60A26D954208BFA365EF
:103E5000E3E713461268BFE7A86806F067FDB8718C
:103E600000232B60A36D1BB9C4E91555002695E707
:103E70001D60A565FAE700BFBFE6000C2CD5000C5D
:103E8000E1E6000C9BE6000C0FE7000C2CE7000CB1
:103E90004CE7000C69E7000C80B500AF88B06A46BB
:103EA000094BCDE905304FF40073ADF81C30074BDA
:103EB00042F8103F00234FF4E2510548FDF72EFB76
:103EC0000020BD4680BD00BFA0E7000C030000013C
:103ED0003CD5000C70B5054681B12846FFF7DCFFE4
:103EE0000024204670BD636828461968FCF7A2F8D4
:103EF0000028F6D01834B442F5D3EEE7014C024E58
:103F0000F9E700BF440600205C06002070B50125DB
:103F100001F07F0311F0800F18BF10339D4090F81F
:103F200030300446022B06D001210C4A0C4806F022
:103F30005CFA002070BD90F8386006F0DCFB324679
:103F40000146204606F063FD0028F2D0C068002834
:103F5000EFD083681D42EDD10068F8E7BEE7000CA2
:103F60003CD5000C2DE9F843054608461146164697
:103F70009846FFF7AFFF0446002843D0284606F0D6
:103F800073FD95F86C30DA0702D5204A012109E06B
:103F9000D4F8049004F11407D7E8AF3FDB070CD541
:103FA00002211B4A1B4806F020FA6FF00F04281D5F
:103FB00003F064FF2046BDE8F883D9F804301BB154
:103FC000AB4201D0144AE1E742463146284606F0AA
:103FD0001EFDA0B10023236003696BB9C0E903444F
:103FE000D7E8EF3F43F00103C7E8E23F002AF7D1EB
:103FF0000024C9F80450DAE71C600461F0E76FF0B0
:104000003C04D4E76FF01204D4E700BFBFE6000C15
:10401000E3E7000C3CD5000C05E8000C2DE9F84F57
:1040200081461646984600AF002938D06FF08504C7
:104030002046BD46BDE8F88F6C68B8F1000F04D08B
:10404000A8F1040B5BF8041FF9B92168334600227C
:104050004846FFF787FF0446E0B16B686D468AB0BB
:104060006A461B6810490796CDE905134FF40073A3
:10407000ADF820300D4B42F8103F00234FF41151A2
:104080000B48FDF74BFAAD46D2E72068FBF7D2FFAD
:104090000028D7D118355545CED30024C8E7054DA3
:1040A000DFF814A0F7E700BF3AE8000C04000001B5
:1040B0003CD5000C440600205C0600202DE9F04FA2
:1040C00083B000AF7B6097F830304C680E463B60A1
:1040D0008146904606F00FFBA36801461B6B33B97F
:1040E0006FF0150420460C37BD46BDE8F08F204622
:1040F00098470028F4D00024051F06F10C0A55F853
:10410000041F09B10B782BB9002C14BF00246FF0E9
:104110003C04E7E74B78042B0ED1002C3CD18B7884
:104120007A689342EBD1CB783A689342E7D10B7926
:10413000002BD7D00124E2E7052BE0D1002CDED004
:10414000B8F1010F91F802B009D0B8F1020FF1D126
:1041500052465946D9F8180006F095FD04E052463B
:10416000D9F8180006F073FD04460028E2D06D4629
:104170008AB06A46F368CDE907B306230749099078
:10418000CDE9051842F8103F00234FF4415104488F
:10419000FDF7C4F9AD46A5E70024A3E772E8000CDB
:1041A00064D5000C2DE9F0410B7E0C4659060546FE
:1041B00037D16BB306F0D8FA40B11B4801211B4A36
:1041C00006F013F94FF0FF30BDE8F0812846D5F82E
:1041D0007080268AEF8D06F08EFAF8B1421E5342A7
:1041E00053419B01228A9AB1BE42324628BF3A46C9
:1041F000E98D91420CD9B2FBF3F103FB11223AB9DC
:1042000094F91830002BBEBF637E43F00803637639
:104210002146A869BDE8F04107F0E9B998F80730F0
:10422000E0E76FF01500CFE75CD5000CAEE8000CBE
:1042300070B5064680690C4607F07FF9054638B12F
:1042400002212346094A0A4806F0D8F8284670BDDC
:10425000012214F0800F18BF24F08004736B18BF84
:104260001034A2401A437263F0E700BFC2E8000CAA
:104270005CD5000C70B5054680690E4607F087F9DD
:10428000044638B102213346054A064806F0B6F81E
:10429000204670BD314605F1340006F0CAFCF7E750
:1042A000D9E8000C5CD5000C70B50646EFF311811F
:1042B000202383F31288BFF36F8F1B4D2A6881F38D
:1042C0001188BFF36F8F526892F86C20D20705D423
:1042D000BDE870400A22002304F068B8EFF31182B1
:1042E00083F31288BFF36F8F2C682CB16968236841
:1042F0008C422B6008BF6B6082F31188BFF36F8F15
:1043000044B1606804F10801C36998472146074831
:1043100008F075F82B6833B13046BDE870400022D4
:10432000002304F00FB870BD90100020F0040020AE
:1043300030B585B0CDE900120546002200231448AF
:1043400003A903F031FC0246E8B9DDE90001039B53
:104350005D60083383E80300EFF31180202383F3CB
:104360001288BFF36F8F039B1A600A4A516861B9C4
:10437000C2E9003380F31188BFF36F8F002200235E
:10438000054803F0DFFF05B030BD0B605360F1E777
:10439000F0040020901000200000002038B50469CF
:1043A000002504F1240363664023201D6367C4E9EC
:1043B0001A550549256708F0B1F904F114000349BD
:1043C00008F0ACF9284638BD8946000C1946000CA7
:1043D00010B5002204460023024806F035F900B16A
:1043E000047610BDA40500202DE9F04103690D46B7
:1043F000196991F87810012907D16978062904D143
:1044000042F201616888884208D0FDF7BFFF6FF073
:104410008502144B1A500020BDE8F081D3F80480C7
:1044200002F10C04D8F80010EA8891F8C260B1F8E3
:10443000C570B24228BF32462046C23106F01EF98E
:10444000EB88B342E7D9B742E5D9D8F80010BB42B0
:1044500094BFC6EB0302C6EB07022046C73106F045
:104460000DF9D8E70C0000002DE9F04F89B0436842
:10447000066902AF7B600C46134635693AB112F10A
:10448000710F04D00121374A374805F0B7FF94F97E
:104490001830002B5CDB3369DFF8D0B03B60238A37
:1044A000032B18D8002B3ED06E4688B002AA304BA2
:1044B000218A53612F4B090593614FF40073938355
:1044C0002D4B41F4E45142F8103FE3682648FDF7D4
:1044D00025F8B54627E004F10C08404606F0F8F848
:1044E0004FF0010A030F5B002BFA03F303F0030301
:1044F000B86003F10109CA450DD33B68D3F87C804D
:10450000B8F1000FCBD07B693046009307F1080368
:104510000ECBC047C3E7218A03290FD80121174AD0
:10452000114805F062FF281D03F09CFE21467868C3
:1045300006F0DCFB1C37BD46BDE8F08F404606F0B8
:10454000C7F807F1080343F82A000AF1010AD2E785
:10455000B5F86A20B5F86E309A42E7D005F114003C
:10456000E2E700BF03E9000C74D5000C400D95FE96
:10457000DCDC000C24E9000C0300000115E9000C50
:104580002DE9F041056914462E6900AF52B1012AA8
:1045900020D00021D6F880300BB128469847BD4680
:1045A000BDE8F08186F87820E84688B06A462B6836
:1045B0001549CDE905134FF40073ADF81C30134BCA
:1045C00042F8103F4FF4E45123461148FCF7A6FF90
:1045D000C546DEE786F87820E84688B06A462B684C
:1045E0000C49CDE905134FF40073ADF81C30074BAF
:1045F00042F8103F4FF4E65100230548FCF78EFFC8
:104600002146C546C6E700BF3FE9000C0300000194
:1046100074D5000C71E9000C70B550F8143C0546D7
:104620001B695B681B6893F8A200FFF7D1FE044684
:1046300030B9BDE870400121104A114805F0D5BEDF
:104640000646428A56F80C1F05F1500005F004FE9C
:104650000146304606F00CF8214655F8140C06F0D9
:104660002DFB034648B106480121064A05F0C6FE67
:104670002046BDE87040FEF7C3B970BD8FE9000C5D
:1046800074D5000CADE9000C38B550F8043C054673
:104690001B695B681B6893F88000FFF799FE04466E
:1046A00030B9BDE8384002210A4A0B4805F09DBEEA
:1046B000014655F8040C06F001FB034648B10648D4
:1046C0000121064A05F09AFE2046BDE83840FEF773
:1046D00097B938BDD0E9000C74D5000CEEE9000C98
:1046E00084B02DE9F34109AD85E80E0006690B0F92
:1046F000204C5B00DC4096F8783004F00304013471
:10470000012B4FEA84010BD01B4802211B4A05F004
:104710006CFE6FF0040002B0BDE8F04104B07047D9
:10472000B6F87020B6F8683006F164079B1A726F0D
:104730009BB2D21A914207D90F480221104A05F0C4
:1047400054FE6FF06800E6E74FF00008042255F8C9
:10475000043B38460DEB020108F10108019305F016
:104760005BFDA045F2D306F1140003F07BFD0020B1
:10477000D1E700BF400D95FE74D5000C11EA000C86
:1047800028EA000C30B5104D85B04FF0FF334FF0E4
:10479000FF320E4801A903F09BFA034690B10121B4
:1047A0000B4A0C4805F02AFEEFE7236813B1019A83
:1047B000934203D1D4E9013101A898470C34AC42AB
:1047C000F3D3E2E7044CFAE7A8D5000C200500205B
:1047D00057EA000CB4D4000C9CD5000CF0B5174679
:1047E0001E4685B001909DF82800DDE90C54234653
:1047F0002C432A468DF808008DF80910ADF80A7090
:10480000039608D0FDF7C2FD0C49D1F888400C4949
:1048100009588C4201D1002213460A4801A907F029
:104820003EFE041E07DA0221074A084805F0DDFDB6
:10483000204605B0F0BD0024FAE700BFD80E0020E6
:1048400008000000200500206CEA000CB4D4000C25
:104850000F2300F0070292009340DB43C008084892
:1048600001F00F0101FA02F10BBFC269026A1340A5
:1048700013400BBF0B430B43C3610362704700BF80
:1048800000A00144012310B58B400C46032813D827
:10489000DFE800F0020F080C0A4A134204D141B9C4
:1048A0000E2008E0082904D1FF2004E0064A134244
:1048B000FAD004F00F0010BD0121044A044805F0AD
:1048C00094FDF6E7000008E0FE7F3F00A4EA000C3C
:1048D000BCD4000C0121024A024805F086BD00BF8D
:1048E000C1EA000CBCD4000C70B5054602F074FFA0
:1048F0000446084E6B6863B102F06EFF031BB342BF
:1049000003D9BDE87040FFF7E5BF022007F0B6FC11
:10491000F0E770BDBFD4010038B54568D5E90101A5
:1049200083681B686BB19847041E0DDA14F1780F89
:104930000AD02346184A0121184805F05FFD204699
:1049400038BD6FF05704F4E76868E96883681B684E
:1049500043B19847041E08DA14F1780F05D0104AC5
:104960002346E8E76FF05704F9E72B6998470122DF
:104970002B681A702868FFF7B7FF2B7D13B1002250
:104980002B681A702A680024137843F0020313700E
:104990002868FFF7A9FFD2E7F0EA000CBCD4000CAE
:1049A00014EB000C2DE9F743054641788078FFF7BA
:1049B00069FFFF2806460CD1AB786A782B48009235
:1049C00001212B4A05F024FD6FF0850003B0BDE8FE
:1049D000F083284F3B88C340DB0744D54FF00109E3
:1049E000254C09FA06F92378204603F0FD032370CD
:1049F000FFF77AFF00213046C4F80C90C4F81490F9
:104A0000FFF726FF236B204623EA090323636A7816
:104A1000AB686FEA0908134493F8402002F0FE02E5
:104A200083F84020237843F002032370FFF75CFFF4
:104A3000EFF31181202383F31288BFF36F8F3A883D
:104A40001FFA88F31A403A80FF223E4439633276D7
:104A5000AA78143237F81200034027F8123081F395
:104A60001188BFF36F8F0020B0E700BFBCD4000CEB
:104A700038EB000C9814002000A00144032870B506
:104A800006D916480121164A05F0AFFC002070BD7A
:104A9000EFF31184202383F31288BFF36F8F114942
:104AA000143031F81030012500200F4A0C63526990
:104AB000134023B984F31188BFF36F8FE7E793FAAC
:104AC000A3F2B2FA82F20A44127E5E1E02F01F02C4
:104AD00005FA02F233401043EBE700BFBCD4000CF0
:104AE00063EB000C9814002000A001442DE9F0476E
:104AF00083784268584D023390F8019045F823209E
:104B0000C36804466B604946807800AFFFF7BAFE81
:104B1000FF2806464FEA590809D150480121504A5A
:104B200005F063FC6FF08500BD46BDE8F087EFF34C
:104B30001182202383F31288BFF36F8F2B882A639F
:104B4000C340DB072AD52B181B7E03F01F018945C4
:104B500003D1A178B1EB531F20D082F31188BFF3AA
:104B60006F8F35442B7EA1786C468CB058096A460D
:104B700003F01F03CDE9070307233A4DCDE90919D7
:104B8000CDE9055642F8103F344800234FF46151F7
:104B9000FCF7C4FC6FF00F00A546C5E7DFF8C8A01E
:104BA0009AF80030504603F0FD038AF80030FFF712
:104BB0009BFEA36830464B4493F8402042F003022A
:104BC00083F84020A26809F0010342444FF0010835
:104BD00092F83010013B83F00F030B4082F8303025
:104BE0002178FFF735FEE37808FA06F82BB1DAF8FA
:104BF000303043EA0803CAF83030CAF81480DAF8D3
:104C00001030194843EA0803CAF810309AF8003007
:104C10001FFA88F843F002038AF80030FFF764FEB9
:104C20002B882E4448EA03032B80337E69F3040368
:104C30003376A27862F347133376A378143335F8CA
:104C4000132048EA020825F813802B6B83F31188A0
:104C5000BFF36F8F002067E798140020BCD4000CCE
:104C60007AEB000C97EB000C00A00144F8B5046946
:104C70000D4600AFA034D4E8AF3FC3F380039942A0
:104C800018D1164A164B6E4688B0002918BF134635
:104C90006A461449CDE905134FF40073ADF81C3092
:104CA000114B42F8103F00234FF4E4510F48FCF73A
:104CB00035FCB5464DB1D4E8EF3F43F00403C4E8FA
:104CC000E23F002AF7D1BD46F8BDD4E8EF3F23F01C
:104CD0000403C4E8E23F002AF5D0F6E70DEC000C2F
:104CE00015EC000C1CEC000C030000011CD5000CA2
:104CF0002DE9F0470546894690461F46D0F808A0A2
:104D000006F0CBFA0446C0B1067DF30709D5037E51
:104D100016480121164A05F071FB6FF07700BDE8D7
:104D2000F0873B464246494606F077FA40B9237E73
:104D30000121104A0D4805F061FB6FF01200EEE70B
:104D40009DF8203026F0060684F8198067832377C3
:104D50002675DAF81830214628469847B0FA80F3CD
:104D6000227D5B0963F300022275D8E71CD5000C95
:104D70002EEC000C48EC000C70B50546866806F079
:104D80008CFA0446D0B1037DDB0708D4037E0D48BE
:104D900001210D4A05F032FB6FF0770070BD01462E
:104DA000F3692846984738B1237D03F00103227D3B
:104DB00063F300022275F1E70346F8E76FF0120093
:104DC000ECE700BF1CD5000C6AEC000C2DE9F341A8
:104DD0001746D0F808800546D8F83C300E4698476C
:104DE0000022002339460B48FDF78CFD044670B9BC
:104DF00001213B46084A0948009605F009FB284670
:104E0000D8F840309847204602B0BDE8F0810676D9
:104E1000F5E700BF8005002085EC000C1CD5000CD8
:104E20002DE9F84F8146884692469B460C4600265F
:104E30001B4F564501D1002522E0A37CBBF1800F1A
:104E40000CBF43F0200343F04003A374DEB9D8F84D
:104E500010306FF3100343F4803343F04003C8F87D
:104E600010304BEA060321462376484606F027FA1F
:104E70002034054688B101210A4A0B4805F0B5FAED
:104E80002846BDE8F88F23693B4043F4602343F490
:104E90007F7343F003032361E3E70136C9E700BFF3
:104EA0000000F1FFB3EC000C24D5000C70B50668CF
:104EB00002F092FC0446064DB37803F0FF0033B1D4
:104EC00002F08AFC031BAB42F6D96FF0730070BD91
:104ED000BFD4010030B5036989B0D3F8A4500446AB
:104EE000083500220023CDE906236FF007030122D5
:104EF000CDE9033200230090CDE901334FF4007275
:104F00002846054B054903F0C5FA2168284609B033
:104F1000BDE8304007F04FBC2551000CA82300200D
:104F2000F8B5137E446823F080034FEA431C04EB7A
:104F3000431443F6FF730D8A06689D4228BF1D4641
:104F4000EFF31187202383F31288BFF36F8F66443A
:104F500096F806311B060BD587F31188BFF36F8FC8
:104F6000127E1348134906F0D6FD6FF00A00F8BD13
:104F7000CB682361508BC0F30A0006F007FDE37D88
:104F8000257560F30613002003F0F00360F3C713E8
:104F9000C5F30525A0756575E37596F8053143F0F1
:104FA000800386F8053187F31188BFF36F8FDEE742
:104FB00024D5000CCFEC000C38B5436805461C68BE
:104FC0009B6B03B1984723899BB243F00103238174
:104FD000237803F0FD032370237843F0010323704B
:104FE0006868FFF763FF054630B10121034A0448B2
:104FF00005F0FBF9284638BD6062FBE7FAEC000CCF
:1050000024D5000C38B5044643681D689B6B98474F
:105010002B899BB243F001032B812B7803F0FD0316
:105020002B706068FFF742FF014690B92046FFF7FA
:10503000A3FE38B108480121084A05F0D6F96FF0FF
:10504000040005E080212046FFF796FE0028F1D1FC
:1050500038BD6FF07300FBE724D5000C19ED000C90
:105060002DE9F843147E4B8ACF68D1F81480B1F84B
:105070001090D0E9005EEFF31186202080F31288B3
:10508000BFF36F8F24F0800005EB40154FEA401C02
:1050900095F8060140060CD486F31188BFF36F8F94
:1050A000127E1E481E4906F036FD6FF00F00BDE867
:1050B000F883107E28B3C9680EEB0C044EF80C1070
:1050C0000021A3EB09032171A7EB08015B1A43F64A
:1050D000FF718B4228BF0B4699016171C3F38701B1
:1050E000A171E179C3F3832321F00F010B43E37135
:1050F000508BC0F30A0006F049FCE37960F3061315
:10510000E37195F8043143F0400385F8043186F3E8
:105110001188BFF36F8F0020C9E700BF24D5000CB2
:10512000CFEC000C2DE99F4804462369D3F8A4A0D6
:105130000AF190094FF0FF334FF0FF324FF0FF318B
:10514000CDE900234846002207F0A6FD80462069ED
:1051500084304FF0FF324FF0FF3302F01DFE18F0A5
:10516000040F21D118F0020F0DD00221484607F09C
:105170008FFD23690126D3F8A4009C3006F0D0FCF3
:105180000546002D5FD118F0010F08D001214846D7
:1051900007F07EFD20460AF1E40106F0EAF82069F6
:1051A000843002F06BFEC0E70421484607F070FD32
:1051B00023694FF0010BD3F8A400A03006F0B0FC37
:1051C0000646002ECED096FAA6F3B3FA83F3DDB2EC
:1051D0000F2BC2BF103D65F07F05EDB20BFA03F255
:1051E0002946204626EA020606F057F8074606F04A
:1051F0007CF858B93A7E2649264806F08CFC6FF0B8
:1052000068020721204606F081F80DE00021039096
:10521000384606F04FF8039B00221946204606F058
:1052200081F802460028ECD1384606F03FF828B154
:1052300019492A46174806F06EFCC2E7394620464F
:1052400006F032FDBDE795FAA5F3B3FA83F35FFAF2
:1052500083FB0F2BC2BFABF1100B6BF07F0B5FFA20
:105260008BFB06FA03F25946204625EA020506F0B2
:1052700014F8074606F01AF828B107495A460548B7
:1052800006F049FC7DE73946204606F00DFD78E73B
:105290003CED000C24D5000C54ED000C2DE9F04F32
:1052A00004460025436885B0D3F80090B9F8206023
:1052B000B6B2002E47D1B9F81C50ADB26B07A9F8B1
:1052C0001C5004D532460521204606F01FF82F0752
:1052D00009D51322636804211B68204683F809213D
:1052E000002206F013F8EE0710D52369A033D3E8A7
:1052F000AF3F5807C3F3800608D401212046FFF7CB
:10530000B5FC32460321204606F000F8A9060ED56A
:105310002369A033D3E8AF3F5A0708D500212046C0
:10532000FFF7A4FC00220221204605F0EFFF2B0628
:1053300040F1F4806FF015020721204605B0BDE86A
:10534000F04F05F0E3BFF70762D56B010193636887
:105350005FFA85FA1B6803EB451393F80771FFB2F8
:10536000B80783F8077122D562680AF07F03526894
:105370004AF0800102EB4312236920460392029116
:10538000D3F8A4B005F089FF019005F0B2FFDDE984
:105390000212804600283ED162480A46624906F061
:1053A000BAFB6FF068020721204605F0AFFFF9074E
:1053B0001ED5636851465A681B68204601932369CD
:1053C0004FEA4518D3F8A4B0904405F066FF029068
:1053D00005F08FFF8246002848D153492A4651489C
:1053E00006F099FB6FF068020721204605F08EFF5A
:1053F000FA060DD563685B681A795B7903F03F03A1
:1054000042EA0322082A7CD04849464806F083FB3A
:10541000760801354DE7117D527D0C3002F03F02D8
:1054200041EA022105F04CF9B8F810202AB14146B2
:10543000019A6068FFF774FDB9E7404605F05DFF2B
:1054400040B14146019A6068FFF76AFD404605F0A9
:1054500058FFACE705F110010BF1A00006F09EFB30
:1054600004210BF1900006F097FBA0E7018A428A25
:10547000521AC1684069091A98F80500521A98F83A
:10548000041000F03F0041EA00218A4228BF0A468A
:105490000AF10C009046FDB90BF1A40105F0EEF8FD
:1054A000DAF80C10DAF81400BAF81220091A521AB5
:1054B000BAF810108A4219D0029B5A8BC2F30A0222
:1054C000904513D165B9019B019A93F8043143F0DB
:1054D000400382F804318BE7114605F0C9F8DFE795
:1054E0005146029A6068FFF7BBFD81E729460BF140
:1054F000A00006F053FB04210BF1900006F04CFBDA
:1055000076E723690121D3F8A400D0F8A4309030C5
:1055100043658369836506F03FFB79E705B0BDE825
:10552000F08F00BF24D5000C3CED000C69ED000CA1
:105530002DE9F04F456889B095F82430D5F81490DE
:105540002C688DF81C300646A869296A83689B6917
:1055500053B107AA9847B0F1000808DA42466649F5
:10556000664806F0D8FA31E06FF05708F6E7A86908
:10557000296A83681B684BB19847B0F1000808DAC4
:1055800018F1780F05D05E494246E9E76FF05708F9
:10559000F9E7D5E9060183681B684BB19847B0F17C
:1055A000000808DA18F1780F05D056494246D7E7C7
:1055B0006FF05708F9E7237843F001032370706810
:1055C000FFF774FC074628B16FF07308404609B036
:1055D000BDE8F08FE378014643F00203E370E3781F
:1055E000484643F00803E37007AA06F0DFFDB0F178
:1055F000000807DB079B3A461979186801F0F2FDAD
:10560000804610B140494246AAE702464FF0FF3CAF
:10561000864677683B68039397F82C300593059B83
:105620009A4226D30022039B80B218852378114624
:1056300043F0040323702378304603F07F03237084
:10564000238923F00C031B041B0C238123899BB2A9
:1056500023816B68636200924023FFF749FB024697
:1056600058B30121294A254804F0BFFE6FF0040811
:10567000ACE7B96AD7F830A08B5C114404934B783F
:1056800091F802904FEA531B0AEB8B08E04518BFD4
:105690005AF82BE003F01F032EFA03F303EA090C78
:1056A00039EA030308BF91F803C0049B04320CFAE3
:1056B00003FC40EA0C00C446B1E70090402380217F
:1056C0003046FFF715FB0028CBD12923238323780D
:1056D00043F0020323707068FFF7E8FB8046002860
:1056E0007FF472AF2389304623F001031B041B0CA7
:1056F00023816B6B984769E78EED000C24D5000C75
:10570000AFED000CCDED000CEBED000C16EE000C37
:10571000F8B500AFB8B96C4688B06A46344B4FF460
:10572000E2510593334B344806934FF40073ADF8C0
:105730001C30324B42F8103F06F004FBA5466FF0D8
:105740001500BD46F8BDB0F1205F4FEA906415D357
:105750006D468AB06A462A4B4FF411510593254B8A
:105760002548CDE906344FF40073ADF82030254BC1
:1057700042F8103F06F0E6FAAD46E0E7631EDBB202
:10578000082B2ED8204A214DD15C214AD65C214AD3
:10579000D25CEB5CC5B28D420BD8C0F3052CB4458E
:1057A00007D8C0F30556964203D8C0F38530984217
:1057B0001CD96E468CB06A46174BCDE9084105935B
:1057C0000C4B4FF45151CDE906354FF40073ADF851
:1057D0002830124B084842F8103F06F0B3FAB5469D
:1057E000ADE73F2300211A461E46D3E70020A8E775
:1057F00051EE000C5CF8000C94D4000C0300000186
:105800007FEE000C04000001B1F7000C96F7000CCD
:10581000A8F7000C9FF7000C9DEE000C060000019D
:105820002DE9F3470C46002519494368214380467A
:1058300016461F68019506F088FA022804D03560E4
:10584000002002B0BDE8F0874FF0060AB4FBFAF979
:105850005FFA89F52946404601AA06F001FB0028B7
:10586000EFD10AFB1944E4B2032C94BF4C375037F4
:10587000AD003D442B6804F00304E400E34013F062
:105880003F03DDD0019AB2FBF3F23260D8E700BFEC
:1058900000FFFF0F2DE9F04F83B01C4643680D4613
:1058A00092469A68002302EB8108464900AF2943DB
:1058B0007B608146D0F810B0D8F8206006F045FA39
:1058C00002284FF000034AD1D8F8201001F00F0150
:1058D000514518D16C4688B06A463B4B53613B4BEF
:1058E0003B4893614FF4007393833A4B4FF4E2517A
:1058F00042F8103F06F026FA6FF08500A5460C37F7
:10590000BD46BDE8F08FBAF1060F07D18B1F052BFE
:1059100004D86C4688B06A462F4BDFE70B290AD8BB
:10592000DFE801F006202E39393C41414141414137
:10593000DBF800307B60D8F82020012D4FEA1242BE
:1059400018BFD2B2F30435D51D2A28BF1D2201236A
:10595000013292B293409AB27B68B3FBF2F300201B
:105960002360CCE7AB1EDAB2092A04D80BEB830B19
:10597000DBF80430DEE76C4688B06A46174BADE7CB
:10598000012D1BD00C22012148463B1DFFF782FF51
:105990000028D0D0B3E74FF40043CBE74846391D89
:1059A00000F01EF8F4E7063948463A1DC9B2FFF781
:1059B00037FFEDE7012A38BF0122CDE76FF05B002A
:1059C0009DE700BF00FFFF1BCAEE000CF0F7000CC4
:1059D00094D4000C03000001ECEE000C0EEF000C60
:1059E00037B50C4641680A68136913F4807303D114
:1059F0000020236003B030BD136BDB0701D4094BDB
:105A0000F6E78B68D56BD3F88010052201AB01F067
:105A10000F01FFF73FFF0028ECD1019BADB26B43B4
:105A20002360E7E7006CDC022DE9F04F83B04368A8
:105A30008146D3E900BA0E46144600AFCDB2D2B9C2
:105A40006C4688B06A46984B4FF4E2510593974BE9
:105A5000974806934FF40073ADF81C30954B6FF0E8
:105A6000150842F8103F06F06DF9A54640460C3780
:105A7000BD46BDE8F08F08467B60FFF749FE7B68B6
:105A80008046B10EC0B16C468AB06A468A4B089512
:105A90000593864B8648CDE906314FF40073ADF887
:105AA0002430864B4FF4315142F8103F06F04AF94A
:105AB000A5466FF08508D9E7082900F27081DFE874
:105AC00011F0090013007600C500E200E8000D01A6
:105AD00059016601DBF81430227823F0800343EA91
:105AE000C213CBF81430C1E7D9F80430A1789A6812
:105AF0001D68D2F8803061F30303C2F88030637808
:105B0000002B3AD02B6BDFF8B89143F00102DBB2E7
:105B100043F001032A632B6301F05EFE0646AB6F80
:105B2000A3B101F059FE831B4B45F8D96C4688B0F0
:105B30006A46644B5361644B93614FF400739383E3
:105B40005C4B4FF4E25142F8103F07E1EA6BA38847
:105B50006FF30F021343EB6301F03EFE0646DFF8DE
:105B60006091AB6F4BB101F037FE831B4B45F8D909
:105B70006C4688B06A46554BDCE7EB6A227803F046
:105B80007F0343EAC213DBB2EB6201F025FE044659
:105B90004B4EAB6F002B3FF469AF01F01DFE031BB2
:105BA000B342F6D96C4688B06A46494BC2E72679BB
:105BB000D9F804300B2ED3F800901EDC9B6803EB61
:105BC000850ADAF88430334343F04003CAF884305E
:105BD00001F002FE8346DAF884305B060DD401F052
:105BE000FBFD374AA0EB0B039342F4D96C4688B017
:105BF0006A46384B0593384B9EE70B2ED8BF0026DC
:105C000009F1440252F825302188C8BF0B3E61F3E8
:105C1000090342F8253009F1480252F82530A178ED
:105C200009F1400961F3050342F8253059F82530A0
:105C3000E278C8BF360223F4F063C8BF06F4E0661A
:105C400043EAC2131E4349F825600FE7D9F8043030
:105C500019680623B5FBF3F203FB1253D8B20328ED
:105C600094BF4C31503192000A443F2103F00303AA
:105C70001068DB00994020EA0100217801FA03F363
:105C800003431360F2E6237803F00303CAF81030ED
:105C9000ECE6DAF81C30227823F0800343EAC213E2
:105CA000CAF81C30E2E600BF2CEF000C6FF8000CC5
:105CB00094D4000C030000014BEF000C0500000120
:105CC000BFD4010075EF000C47F8000CAAEF000CE0
:105CD000DDEF000C48F0000C33F8000CD9F804A0FC
:105CE000012DDAF80810D9F8106001EB85010A6A75
:105CF000238822F4005222F00F024FEA02424FEAB8
:105D0000124201D0FF2B01D842EA0342E378A07887
:105D100003F00F0343EA403313430B6201F05CFDD1
:105D20008146DFF888B0DAF808305B68DBB101F053
:105D300053FDA0EB09035B45F5D96C468AB06A4672
:105D40001B4B4FF4115105931A4BCDE906354FF417
:105D50000073ADF82030184B42F8103F174805F09B
:105D6000F1FFA54682E6002D7FF480AEE37886F849
:105D70003A307BE69B68C6F3052603EB8603D3F82F
:105D80008020217861F30302C3F880206EE6D96891
:105D90002378CA6822F0FF021343CB6066E6012134
:105DA000074A064804F021FB83E600BFBFD4010088
:105DB00012F0000C1BF8000C0400000194D4000C3D
:105DC0008FF0000C2DE9F04782B00023D0F804805A
:105DD000D0F810A000AF06460846894615467B60FD
:105DE000FFF796FC0446A8B16C4688B06A46414B62
:105DF0005361414B414893614FF400739383404B8F
:105E00004FF4E25142F8103F05F09CFF6FF085001F
:105E1000A54616E04946304605F097FF02280ED108
:105E20004FEA99635FFA89F1092B5DD8DFE803F047
:105E30000513181D2210373D4A4ADAF800400020A9
:105E40002C600837BD46BDE8F0874FF48064F6E764
:105E50004FF40044F3E729463046FFF7C1FDF0E771
:105E60002A46304605F0FCFFEBE72A463046FFF7AE
:105E7000D7FCE6E773685A68136903F00303012B44
:105E8000E3D0991E0129E3D8D46914F00204D6D0D6
:105E9000032B14BF4FF400444FF48064CFE72B462C
:105EA0000C223046FFF7F6FCCBE7D8F80830C9F3F0
:105EB000052909F1200953F829100C222B4601F07D
:105EC0000F01EEE70C22002130463B1DFFF7E2FCFC
:105ED0000028B6D1D8F80C307C68DB6813F0FF03DB
:105EE000ADD0B4FBF3F4AAE76C4688B06A46054B24
:105EF0007EE700BF75F0000C07F8000C94D4000C8E
:105F0000030000018BF0000C2DE9F84FD0F804A03D
:105F1000D0F8108000AF0846DAE9004B0E46DAF8F8
:105F20000890CDB2FFF7F4FBA8B16C4688B06A4682
:105F3000494B5361494B4FF4E25193614FF4007365
:105F40009383474B474842F8103F05F0FBFEA546B8
:105F50006FF085000DE0B30E092B77D8DFE803F072
:105F6000050C112776484F5C7667636923F00203BE
:105F70006361BD46BDE8F88FE36A23F00203E36284
:105F8000F7E7403454F8253023F0020344F8253075
:105F90000123D8F83020AB4022EA0302C8F83020B1
:105FA000D8F82C2022EA0302C8F82C20E1E70623C7
:105FB000B5FBF3F203FB1253D9B203294FEA820275
:105FC00094BF4C3450341444012203F00303DB002B
:105FD0002168073302FA03F321EA03032360B8F8C8
:105FE00038300635AA4023EA0203A8F83830C0E763
:105FF000DBF81C3023F00203CBF81C30B9E725B9DD
:106000006C4688B06A46184B93E709EB85052B6A06
:1060100023F480732B62ACE7C6F3052609EB8609EF
:10602000D9F8803023F04003C9F88030A1E701217E
:10603000DAF80C30C6F3055203EB8203DA6BC6F3D1
:106040008536B14022EA0102DA6392E70121074A6C
:10605000044804F0CAF97BE775F0000CE1F7000C86
:106060000300000194D4000CAAF0000C8FF0000C87
:106070002DE9F0474FF0010843680669D3F8009016
:1060800000AF09F1400252F821300C4643F0020300
:1060900042F8213001F1180308FA03F801F09CFBE3
:1060A0000546DFF858A0D9F8103038EA03031CD0B1
:1060B00001F092FB431B5345F5D96D468AB06A4601
:1060C0000F4B10480593104B4FF41151CDE9063496
:1060D0004FF40073ADF820300C4B42F8103F05F040
:1060E00031FE6FF07300AD4605E001220020F36A37
:1060F000A2401343F362BD46BDE8F087FF0D2707BA
:10610000D6F0000C94D4000CEFF8000C0400000151
:106110002DE9F04F83B00546D0F804B000AF084633
:106120000C46FFF7F5FA0646C8B16C4688B06A46D9
:10613000794B5361794B4FF4E25193614FF4007303
:106140009383774B774842F8103F05F0FBFD6FF0E3
:106150008506A54630460C37BD46BDE8F08F214682
:10616000284605F0F2FD022800F0D3806A68A00EF0
:1061700011689368092800F28180DFE800F0053497
:1061800039527F575D677F724B6943F002034B6161
:10619000230E032B03F0FC0A40F28A80BAF1140F9D
:1061A00005D8614B23FA0AF3DA0700F18180DBF8A6
:1061B00014804FF00009BAF1140F7CD1DBF80430E1
:1061C000DB68DB07C6D4594B1B78002B7AD101F072
:1061D00003FB02467A6001F0FFFA7A685449831A99
:1061E0008B42F7D979E0CB6A43F00203CB62CFE769
:1061F0000F20E1B24B1C2A6903EB43035B0000FA5A
:1062000003F3108F034205D02846FFF731FF002823
:10621000BED048E0012303FA01F1136B0B43136373
:10622000B6E72846E1B205F072FEF0E75268D3699E
:1062300043F00203D361ABE714F0FF02A8D003EBF5
:1062400082031A6A42F480721A62A1E7C4F305223B
:1062500003EB8203D3F8802042F04002C3F8802091
:1062600096E7D268C4F3055302EB83020123D16B96
:10627000C4F3853083400B43D36389E76C468AB00F
:106280006A462C4B4FF4115105932B4BCDE9063048
:106290004FF40073ADF82030284B224842F8103FED
:1062A00005F050FDA5466C4688B06A46244B40E791
:1062B0004FF4FA687DE72146284605F046FD02289E
:1062C00081D147E7FCF762F81E4B1B58002B3FF4C7
:1062D0007EAF0A20002106F053FB09F10109C145F8
:1062E000FFF469AF6C4688B06A46174B4FF4E25131
:1062F00005930A4B0B4806934FF40073ADF81C301E
:10630000074B6FF0730642F8103F05F01BFDA546E2
:1063100020E76FF077061DE775F0000CD3F7000C4F
:106320000300000194D4000C10111000A3180020E9
:10633000BFD40100F1F0000CCAF7000C040000010A
:1063400019F1000C0800000037F1000C2DE9F041B4
:1063500043682F4A1D6804696B69487A1A400B7CB0
:1063600000021B0600F4706003F040730343087AD8
:1063700000AFC001C0B203438878400100F02000A4
:106380000343887A000100F010000343C878C0007E
:1063900000F0080003434878800000F00400034345
:1063A0000878400000F00200034313436B614B6820
:1063B00023600B7803B301F00FFA0646DFF8548030
:1063C0002B69DB071BD401F007FA831B4345F7D980
:1063D0006C4688B06A46104B4FF4E25105930F4B60
:1063E0000F4806934FF40073ADF81C300D4B42F884
:1063F000103F05F0A7FCA546BD46BDE8F081636BE4
:1064000043F480536363238F43F001032387F3E74F
:1064100041F0FFFCFF0D27074CF1000CDFF8000CEA
:1064200094D4000C030000012DE9F04706690C46E6
:10643000338F00AF9D0614D56C4688B06A46864BF4
:106440004FF4E6510593854B06934FF40073ADF876
:106450001C30834B42F8103F824805F073FCA54680
:10646000CDE096F83A30052B00F0AB8043681D680C
:106470009A68EB6A23F00203EB628B78012B67D1F9
:106480000978736BCB40D80713D46C468AB06A4640
:10649000754B0593714BCDE90631032308934FF4F7
:1064A0000073ADF82430714B4FF4335142F8103F74
:1064B000D2E7D2F88030DFF8B8A161F3030343F0EC
:1064C0004003C2F8803001F087F98046DFF8A491DC
:1064D000DAF880305A0600F1958001F07DF9A0EBE2
:1064E00008034B45F4D96C4688B06A46624BA7E076
:1064F0002B6B627903F0490343EAC213A279DBB242
:10650000520102F020021343E279DFF86891120190
:1065100002F010021343227A920002F004021343A5
:10652000627A520002F00202134343F001032B632C
:1065300001F052F98046AB6F53B101F04DF9A0EB79
:1065400008034B45F7D96C4688B06A464B4B77E059
:10655000EB6AE27803F07F0343EAC213DBB2EB623B
:106560006278EB6A520002F0020203F0FD0313436B
:10657000EB6201F031F98046DFF8F890AB6F53B170
:1065800001F02AF9A0EB08034B45F7D96C4688B017
:106590006A463B4B54E06378002B30D001F01CF985
:1065A0008046DFF8E0902B69DB051ED401F014F97A
:1065B000A0EB08034B45F6D96C4688B06A46324BCF
:1065C0003EE06D4688B06A46304B4FF4E651059385
:1065D000224B244806934FF40073ADF81C30204B37
:1065E00042F8103F05F0AEFBAD4663783BB1736BEC
:1065F00043F400537363338F43F020033387BD4666
:10660000BDE8F087A37AEA6BA1891B0403F4FE03BB
:106610006FF316020B431343EB6301F0DDF8804682
:10662000DFF85090AB6F002B3FF462AF01F0D4F86D
:10663000A0EB08004845F5D96C4688B06A46144B73
:106640005361064B4FF4E25193614FF4007393830F
:10665000034B42F8103FFFE665F1000CCCF8000C4C
:106660000300000194D4000C96F1000C0500000119
:1066700000000144BFD401003BF2000C75EF000C98
:10668000DDEF000CFF0D27071FF2000CE5F1000CF9
:10669000AAEF000C2DE9F04F83B0D0F810900D78E0
:1066A000D9F8306000AFEE4016F001030C467B6075
:1066B00040F0A18091F807B0D9F8343023FA0BF3F9
:1066C000DE0717D46C468AB06A46604B4FF43351EC
:1066D00005935F4BCDE90635032308934FF4007310
:1066E000ADF824305B4B42F8103F5B4805F02AFBC5
:1066F000A54680E04368BBF10B0FD3F80080D3F8C8
:1067000010A01EDC9E6806EB8506D6F884204BEAB6
:10671000020242F04002C6F8842001F05DF8024611
:10672000D6F884003A6041060BD401F055F83A6877
:106730004A49801A8842F3D96C4688B06A46484B69
:1067400077E008F1440252F825306189BBF10B0F64
:1067500061F3090342F825304346217B53F8482F63
:10676000C8BFABF10B0B61F30502C8BF4FEA0B2B9F
:1067700043F82520C8BF0BF4E063A079C8BF7B6055
:10678000637908F1400252F82510C002DB0100F4E1
:106790006050DBB27E6821F47E5103430B431E43FD
:1067A00042F82560E2892F4BD8F86C1003EA0243C7
:1067B000228A6FF3DE11D20192B213430B43C8F861
:1067C0006C3001F009F80646DFF890B0D8F8783060
:1067D0005A0614D501F000F8831B5B45F6D96C46C8
:1067E00088B06A46204B24E00122D9F83030AA4014
:1067F0001343C9F830300C37BD46BDE8F08F23791C
:10680000002BF8D0DAF81C30184E43F48033CAF865
:106810001C3000F0E1FF0446DAF80C30DB05E3D46D
:1068200000F0DAFF031BB342F6D96C4688B06A4623
:106830000F4B5361064B4FF4E25193614FF40073D9
:1068400093830C4B42F8103F4FE700BF6BF2000CF4
:10685000BDF8000C0500000194D4000CBFD4010069
:1068600048F0000C0000FF7FE0F2000CFF0D27074E
:10687000AFF2000C030000012DE9F84306248C461A
:1068800009780569B1FBF4F62B8F01F1060823FAAC
:1068900008F3DB0704FB161400AF17D56D468AB06A
:1068A0006A46214B5361214B1462C2E906364FF40C
:1068B000007393841E4B4FF433511E4842F8103F2F
:1068C00005F040FAAD46BD46BDE8F8834FF03F09FC
:1068D0004368032C1A684FEA8603D4BF4C32503207
:1068E000134404F0030E1A684FEACE0E09FA0EF9AB
:1068F00022EA09099CF8052002FA0EF242EA09028E
:106900001A609CF8043023B96D468AB06A460A4B77
:10691000C8E705F0FCFA0028F6D101232A8F03FA14
:1069200008F313432B87CEE70AF3000CAAF8000CF8
:106930000500000194D4000C3FF3000C2DE9F04158
:10694000056900AF2B8FDA0616D56C4688B06A460B
:10695000344B4FF4E6510593334B06934FF40073D9
:10696000ADF81C30314B42F8103F314805F0EAF9E0
:10697000A546BD46BDE8F08143680A7C5C68CB7BD8
:1069800052009B0002F0020203F0040313438A7BCF
:10699000606902F0010220F00700134303436361C2
:1069A000E36924480A7B18404B7A12029B0402F4E4
:1069B000706203F4701313430A7AD201D2B2134304
:1069C0004A78920002F0040213430A78520002F05F
:1069D000020213430343E3610B78002BC9D000F09C
:1069E000FBFE0646DFF85080E368DB0715D400F0B5
:1069F000F3FE831B4345F7D96C4688B06A460F4BBC
:106A00004FF4E2510593084B06934FF40073ADF831
:106A10001C30064B42F8103FA7E72B8F43F01003C2
:106A20002B87A6E776F3000C97F8000C0300000113
:106A300094D4000C79F0C3FFFF0D2707A5F3000CD9
:106A40002DE9F04706690D78736B0C46EB40DA07C9
:106A500000AF17D56C468AB06A46514B4FF41351BC
:106A60000593504BCDE906354FF40073ADF8203057
:106A70004D4B42F8103F4D4805F064F9A546BD4620
:106A8000BDE8F08791F807C0338F23FA0CF3DB07DA
:106A900013D46C468AB06A46454B4FF43351059384
:106AA000404BCDE90635032308934FF40073ADF84E
:106AB0002430404B42F8103FDDE7D0F80480012D30
:106AC000D8F80820638A02EB8502116A21F4745118
:106AD00021F00F014FEA01414FEA114101D0FF2B94
:106AE00001D841EA03416379003B18BF012341EA21
:106AF0004331237C0BB141F48051637D207ADB026A
:106B0000800200F4806003F400630343207D0CF0F6
:106B10000F0C400243EA0C0300F400700343207999
:106B2000DFF894A0000200F4807003430B4313626B
:106B300000F052FE8146D8F808305B68BBB100F027
:106B40004BFEA0EB09035345F5D96C468AB06A4663
:106B50001A4B4FF411510593124BCDE906354FF402
:106B60000073ADF82030104B42F8103F83E7AB1EA6
:106B7000092B0FD8E26806EB83035A600122736B7E
:106B8000AA401343012D736302BF338F43F0020306
:106B9000338774E7002DF1D1E37986F83A30EDE7D9
:106BA000C4F3000C84F8000C0400000194D4000C21
:106BB000F6F3000C05000001BFD4010012F0000C38
:106BC0002DE9F04F924B87B0DFF8489200AF0125D6
:106BD000C7E900934FF4606A30233946466804469B
:106BE000C7E902A3D0F810803D6140F2011BFFF716
:106BF000ADFB4FF40043C7E900B340F20713864AE8
:106C00003946C7E90223002320463B61FFF796FE81
:106C1000B368DFF808921D7000F0DEFD0546B3682A
:106C2000D3F804A0BAF1000F1ED000F0D5FD431B2D
:106C30004B45F4D96C4688B06A46794B7948059340
:106C4000794B4FF4E25106934FF40073ADF81C30CA
:106C5000764B42F8103F05F075F86FF07300A546CB
:106C60001C37BD46BDE8F08F0523032688F83A306F
:106C700001254FF006084FF0020914220021381DAB
:106C800006F021F86A4B394620463B6087F80780BA
:106C90007D823D71FFF7D4FE14220021381D06F0DD
:106CA00012F8644B394620463B6087F80780A7F806
:106CB00012903D71FFF7C4FE14220021381D06F02A
:106CC00002F85D4B39463B6007232046FB717D820D
:106CD0003D71FFF7B5FE14220021381D05F0F3FFCA
:106CE000564B39463B6008232046FB717D823D713F
:106CF000FFF7A6FE14220021381D05F0E4FF504BDB
:106D0000394620463B607D823D71FFF799FE4FF08A
:106D100001334C4A3946C7E90023204603F17F433B
:106D2000BB60BD81FFF780FB4749484B4FF003082C
:106D3000C7E900134FF0967339462046C7E9023879
:106D4000C7F810A0FFF7A6FC40F6012340483946DB
:106D5000C7E900032046FFF78FFD41F60113DFF876
:106D6000F4C039462046C7E900C3FFF785FD40F669
:106D700001434FF4006BDFF8E0E039462046C7E9F5
:106D800000E3FFF779FD354B39462046C7E9003B64
:106D9000FFF772FD324A39462046C7E9002BFFF75C
:106DA0006BFD304A39462046C7E9002BFFF764FDEA
:106DB000013E7FF45DAF636832465B6820462A4936
:106DC0001D612B4605F0D6F82B464A46204627493A
:106DD00005F0D0F82B4642462046254905F0CAF872
:106DE0002B4604222046234905F0C4F82A462046B3
:106DF000214905F0D4F82A462046204905F0CFF86D
:106E000020462A461E4905F0CAF8304628E700BF4A
:106E1000001BB7000100000100000101BFD4010008
:106E200049F4000C94D4000CBAF7000C03000001E4
:106E300000FFFF1B01FFFF1B02FFFF1B03FFFF1BE8
:106E400004FFFF1B0101000100C0FF0B0100010C4A
:106E500000FFFF0F01FFFF0F02FFFF0F03FFFF0FF8
:106E600004FFFF0F05FFFF0F30E7FF1F37EEFF1F87
:106E700035ECFF1F10D2FF1F3E7F34240E3F052448
:106E80000B7F042408B5074805F01EFA38B1064800
:106E9000FBF7D4FC0448FAF795F8002008BD6FF022
:106EA0001200FBE7A4CE000CAD6E000C0A2838B52A
:106EB0000446074D04D1AB680D2128465B6898470E
:106EC000AB6803485B68E1B29847204638BD00BF15
:106ED000A4CE000C2DE9F04305460E461446984614
:106EE00085B00769D0F8049010220021684605F0AB
:106EF000EAFE7D6099F80830B4F5001F8DF8023085
:106F0000BB6818BF44EA0804F34003F001038DF89E
:106F10000330D9F80430B4F1107F0293194B8DF887
:106F200001600393019722D00AD8B4F5001F18D04E
:106F300015480121154A03F058FA6FF0150013E0C7
:106F4000B4F1A86F1AD007D8B4F1507F18D0B4F1BB
:106F5000886FEDD104230BE0B4F1E86FE8D103238F
:106F600006E06846FDF71EFD05B0BDE8F083052389
:106F700068468DF80030FDF7B9FDF5E70123F7E726
:106F80000223F5E761C0000CA4D4000CA1F4000CAE
:106F900010291FB528BF10210C460C4BD3F8E02157
:106FA00012BA0092D3F8E42112BA0192D3F8E82180
:106FB00012BA0292D3F8EC310A461BBA694603931F
:106FC00005F074FE204604B010BD00BF0070000A3A
:106FD0000346F0B553F8186D0546726885B0D16860
:106FE00092685C1A154BE4105C430C236343D7187A
:106FF000D058397905F0BBF8031E08DA0121009357
:107000000F4A23460F4803F003FA05B0F0BD15F907
:10701000082C9A42F9D04FF0FF304FF0FF3105F8BD
:10702000083C3A89CDE902010121003B18BF012348
:1070300030460091FDF7D2FBE7E700BF398EE33819
:1070400001F5000C9CD4000C2DE9F04F85B045688B
:107050004FF00009EB6802AF18331E4638607B60C2
:107060006B684B4505DC2B7D002B40F0A380002492
:1070700022E00C2303FB09F8AC6854F8080004EB89
:10708000080B05F021F954F808400346C8B92168F7
:107090006C4688B002AA4B48C2E905014FF4007162
:1070A0009183494942F8101F4FF4E2514748FAF7DB
:1070B00035FAA5466FF0120420460C37BD46BDE8F0
:1070C000F08FBBF806E09BF804104EF480324FF0CE
:1070D000010C20690CFA01FC03681EF0010FD4F8C2
:1070E00008B014BF43EA0C0323EA0C030360DBF887
:1070F000003020469847044638B14B46344A009049
:107100000121324803F084F9D6E73B68304646F85F
:10711000183C296905F03DFB2B7D002B46D101234E
:10712000D5F808A0A6F114010AEB080B9BF804207F
:1071300003FA02F2274B46E904325AF80800826843
:10714000D46964B10122A047041E0BDA0121224A4E
:107150001E4803F04AF9214A4B460094D0E76FF0ED
:107160005704F3E79BF804105AF8080004F0FFFFF7
:1071700006F8080CBBF806305AF808009BF8041013
:1071800003F04003826894696CB14FF0A07243F041
:10719000C063A047041E09DA01212346104A0B48A8
:1071A00003F02CF9D7E76FF05704F5E709F101096F
:1071B000483655E70A232A687868A2FB032301F0C2
:1071C000F5F854E71DF5000C030000019CD4000CF9
:1071D0002DF5000C97C1000C4DF5000C69F5000C65
:1071E00070F5000C2DE9F04300250127DFF8E0E001
:1071F00000F1020CEBB2994202D80020BDE8F08306
:1072000030F825403CF82560C4F3422804F00F0311
:10721000B8F1010F5EF82330C4F304122AD15BB336
:1072200003EB52084FEA143998F8304012F0010F7E
:1072300015BF04F00F0404F0F00444EA091449EA0D
:10724000040488F8304003EB020898F8404044F00A
:10725000010488F8404016F0010F07FA02F803EB2A
:1072600002040BD116F0020F0ED194F8409009F0F1
:10727000FB090DE0002BEED10135BBE7D3F81090F0
:1072800048EA0909C3F8109094F8409049F00409BD
:1072900084F8409094F8409016F0080F14BF49F01D
:1072A000020909F0FD0984F840901C6816F0100FDF
:1072B00014BF48EA040424EA08041C60DC6E07FAE0
:1072C00002F236064CBF224324EA0202DA66D3E712
:1072D000E0D7000C0121024A024803F086B800BF43
:1072E000A5F5000C14D5000C70B5054600F074FA35
:1072F0000446094EEB69DB060CD000F06DFA031B67
:10730000B34203D9BDE87040FFF7E4BF022004F0A8
:10731000B5FFEFE770BD00BFBFD40100F7B50D4664
:1073200047680669BC682368204623F0020323608F
:10733000FFF7DAFFEB79002B64D1F3712979022989
:1073400060D8204604F07CFF2B7933716B79012BD8
:1073500052D1636823F0400363602046FFF7C4FF07
:107360006B797371AB79042B4CD82B4A2046D35CD4
:10737000626822F007026260626813436360FFF78D
:10738000B3FFAB79B3710023B86901938368DB68FD
:1073900013B1396A01AA9847019A2868002A34D0A3
:1073A0005308010B0005C01841F100010023F8F754
:1073B00027FE4FF6FF72431E61F10001934271F107
:1073C000000125D22368404280B223F46043236049
:1073D000A0812B68204633607B7B012B02BF236892
:1073E00043F080032360236843F002032360FFF728
:1073F0007BFF002003B0F0BD032B03D1636843F093
:107400004003A9E76FF08500F4E76FF01500F1E79E
:107410006FF02100EEE700BFFCF8000C2DE9F3410E
:1074200046680769B069B468836896F80C801B6881
:10743000316A2BB96FF05705284602B0BDE8F081DC
:107440009847054610B110F1780FF5D1D6E906013D
:1074500083681B68002BEDD09847054610B110F1EA
:10746000780FE9D1BF2323750023FB713379042BF7
:1074700002D96FF08505DFE7504A2046D35C626889
:1074800022F007026260626813436360FFF72CFF1B
:1074900033792046BB71717904F0D2FE73793B7168
:1074A000B379012B79D1636823F0400363602046F0
:1074B000FFF71AFFB3797B71B16832690B68120567
:1074C00023F44C1302F440121A4373691B0403F4AF
:1074D000403313430B60236843F000532360236859
:1074E00023F01C03B8F1000F5ED023602368002155
:1074F00043F080432360706A01AA04F057FE051E22
:107500009ADB019B002219791868FFF76BFE05468C
:10751000002891D16368204643F400336360FFF78D
:10752000E3FE6368204643F480336360FFF7DCFECC
:10753000B069316A8368DB680BB101AA9847019A88
:107540003068002A33D05308010B0005C01841F100
:1075500000010023F8F754FD4FF6FF72431E61F15E
:107560000001934271F1000124D22368404280B2AD
:1075700023F460432360A081336820463B60737B23
:10758000012B02BF236843F080032360236843F08C
:1075900002032360FFF7A8FE4EE7032B7FF469AFD9
:1075A000636843F0400381E743F004039DE76FF015
:1075B000150541E76FF021053EE700BFFCF8000C20
:1075C0004FF0E0230D4A9969126818699B690029F8
:1075D00008BF1146002B08BF134610F4803F08482F
:1075E00001D1994205D20168114401604FF0E021B8
:1075F000096900681044C01A704700BF3C18002099
:10760000381800202022094B002083F8232042F65E
:10761000E062074B1A60074B42F6DF6218604FF0DA
:10762000E0235A61072298611A61704700ED00E07B
:107630003C18002038180020684620F007018D46CD
:1076400019B5FFF7BDFF1449144B0868D3E9004290
:10765000001942F10002C3E9000200230B6042F668
:10766000E0630F4AD2E90041001BB0FBF3F0434353
:107670001B1941F10001C2E90031EFF31181202310
:1076800083F31288BFF36F8F01F070FBFAF710FEDF
:10769000BDE819408546704738180020C00D00200D
:1076A000B80D00202DE9F041374E89B1421C0AD1B6
:1076B0004FF0E022136923F0010313614FF07F4381
:1076C0003360BDE8F0813568012806DC00240AE05B
:1076D000431C3568F8D140F2755040F27653984219
:1076E000A8BF1846441EEFF31187202383F31288A6
:1076F000BFF36F8FFFF764FF4FF0E0232349D3F808
:1077000018C0D1E9002380184FF0000243F10003B4
:10771000C1E900031E4B1A601E4B1A68831A2DD450
:1077200042F6E06E42F6DF6814FB0E841C44B4FBA4
:10773000FEF4131A0EFB0433B3F5806F38BF4FF419
:107740008063154A934228BF13464FF0E02233600E
:10775000013B946953610023A4459361ACEB0400A1
:10776000D1E900320DD20544EB1842F10002C1E923
:10777000003287F31188BFF36F8FA2E74FF4806365
:10778000E3E7C318F1E700BF3C180020C00D00205C
:1077900038180020B80D002060CCFF0038B5EFF39A
:1077A0001185202383F31288BFF36F8F084B1C6869
:1077B000084B1B68E41AFFF703FF85F31188BFF33A
:1077C0006F8F42F6E0632044B0FBF3F038BD00BF9A
:1077D000C00D0020B80D002038B5EFF3118520232F
:1077E00083F31288BFF36F8F044B1C68FFF7E8FE2A
:1077F00085F31188BFF36F8F204438BDC00D002082
:1078000010B50446F9F7BCFD03480121034A02F014
:10781000ECFD204604F063FDF4D4000CF1F5000CFF
:107820002DE9F84304460D4600AFEFF311882023FD
:1078300083F31288BFF36F8F04282A4A98BF2A4B1C
:10784000E9468AB09668117C98BF53F820306A46A2
:1078500088BF264BCDE9073140F201332448ADF80B
:107860002430244BCDE9050442F8103F00234FF4A7
:1078700031512148F9F752FECD4645B1EB69C3F3CA
:10788000080323B101211D4A1B4802F0AEFD2EB1B1
:10789000304604F093FF08B1037803B91848E9466D
:1078A0008AB06A46174B0790CDE9053640F201339E
:1078B000ADF82030144B42F8103F00234FF4115123
:1078C0000D48F9F72BFE2946CD462046FFF798FFD5
:1078D00088F31188BFF36F8F3046FAF7F9FCBD4685
:1078E000BDE8F8834018002028D8000C00F6000CF2
:1078F00016F6000C05000001F4D4000C3EF6000C56
:107900000EF6000C5FF6000C0400000138B50A4BBF
:1079100053F82040013053F82050A54200D838BD1C
:10792000606830B1037EDB0701D404F0B5FC083495
:10793000F3E723689847FAE73CD8000C012270B5BA
:10794000294B86B003201A70FFF7E0FF01F0C4FB5B
:107950000420FFF7DBFF254C254D2646AE4204F1FF
:1079600030040FD301F088F8204CAC4226D301F04C
:1079700097F8F8F7E1FD1F4A938923F001039381FB
:1079800006B070BD54F80C3C059354F8103C0493B9
:1079900054F8143C039354F8183C029354F81C3CDC
:1079A000019354F8203C009354E90A2354E90C0154
:1079B00000F002FD54F8303C5E65CEE7D4E90A23BE
:1079C000B3F1FF3F08BFB2F1FF3F05D052EA030118
:1079D000206803D100F03AFD3034C6E7064918307C
:1079E00001F034F9F8E700BFA318002008D4000C18
:1079F00038D4000C500E0020E3C8000C882370B56A
:107A0000134E012203FB0066002386B0CDE9042358
:107A10000F220193CDE9023214234FF4A0720D4DD1
:107A20000D4903FB0055044602FB00110B4B304689
:107A3000009500F0C1FC337C2C7423F004033374F4
:107A4000074B013403EBC423EE606B6006B070BDDE
:107A5000C80D002040180020A82D00206FC4000C85
:107A6000A82500207FB50020FFF750FF2C4B83F3A3
:107A700008880025E0232B4C84F82230E577257612
:107A80006576A57684F82050E576636A43F4E023B2
:107A90006362636A43F400236362A563E3689BB295
:107AA00043F0BF6343F40833E360FAF71FFBFAF7D0
:107AB000F9FB4FF0FF33A362E362FAF7E9FDFAF74F
:107AC0006BFCF9F7C1FB184800F0B4FC0120FFF78C
:107AD0001DFF0220154CFFF719FF00F0C5FF144BE6
:107AE0004FF480625C61134B1349059301232046D8
:107AF000CDE90353CDE90155104B009500F05CFC36
:107B00000646237C204623F00403237404F0B1FED0
:107B10002846FFF773FF31462046084AFAF7A6FBCE
:107B2000A82D002000ED00E0800F0020500E002066
:107B300040180020C1F6000CE82E00203D79000C12
:107B400038B5064C064DAC4201D3002038BD204666
:107B5000D4E9011204F00DFC1434F4E70C05002004
:107B60002005002030B5054B85B0DDE908450293BE
:107B7000CDE9004504F0BBFB05B030BDF798000C23
:107B800038B5074C074DAC4201D3002038BD204624
:107B900004F013FC08B91C34F5E76FF01500F5E7A5
:107BA000F00400200C05002073B50C46EFF31181A2
:107BB000202585F31288BFF36F8FC5685DB12560FE
:107BC0002B68C360836901338361002081F31188CE
:107BD000BFF36F8F11E052EA030603D16FF00B0081
:107BE0002560F3E7CDE900230246083000F046FEA9
:107BF00018B9034B9B685B69236002B070BD00BF7E
:107C000040180020F7B50D4604469DF82010EFF30C
:107C10001187202080F31288BFF36F8F266AE068F7
:107C2000864240D22668B4421AD0CEB1304604F023
:107C300029FC06F1180004F033FF2946002554F80A
:107C4000082F706905F032F83046C6F8805004F00D
:107C500010FE2046394604F06AFE284603B0F0BD07
:107C6000A268A9B12946E06905F020F8E369A26895
:107C700013446269E361934201D12369E361002007
:107C8000236A0133236287F31188BFF36F8FE5E71F
:107C9000A06923692946984208BF6069801AA061DB
:107CA00005F004F8EBE752EA03010BD0074904F1B1
:107CB000080089684D61CDE900233946224600F06D
:107CC000DDFDCBE76FF02200DDE700BF40180020AC
:107CD000F7B504460846EFF31186202181F3128898
:107CE000BFF36F8F216A00293BD0A268A16904F01D
:107CF000DDFFA369A268256813446269A36193420A
:107D000004BF2369A361236AAC4203F1FF332362FA
:107D100036D02846002D34D0002704F0B3FB05F1FF
:107D2000180004F0BDFE6969A268E06904F0BEFFB6
:107D3000E369A268284613446269E361934204BF81
:107D40002369E361236A01332362C5F8807004F07C
:107D500090FD04F10800314604F0E9FD384603B017
:107D6000F0BD52EA030111D00A4989684861CDE9A2
:107D700000233146224604F1080000F07FFDEEE7C3
:107D8000002086F31188BFF36F8FE8E76FF02200C1
:107D9000F7E700BF401800202DE9F34104461746DD
:107DA0001E46EFF31188202383F31288BFF36F8FF1
:107DB000304BC2689B6872B18068984217D057EA0E
:107DC000060216D188F31188BFF36F8F6FF00F0092
:107DD00002B0BDE8F08193F90E1001322161C4E9CF
:107DE000023288F31188BFF36F8F0020F0E721691A
:107DF000F3E793F90E1090F90E30994230DA994278
:107E0000A8BF194604F052FB054622464146CDE97B
:107E10000076194800F032FD0028E6D0EFF3118615
:107E2000202383F31288BFF36F8FA068D0B123683B
:107E300021699C420AD04BB193F90E309942A8BFF8
:107E400019466FF07F039942B8BF194604F02EFB24
:107E500040B13146084804F06AFD6FF00A00B7E708
:107E60000025D2E7002DF4D186F31188BFF36F8F80
:107E7000F3E700BF40180020A4180020F8B583687D
:107E80000546002B40D0234A926893423FD1C368F5
:107E9000012B03D9013BC3600020F8BDEFF311872C
:107EA000202383F31288BFF36F8F0169806804F089
:107EB000FDFA2C68A54207D10023C5E9023387F3F8
:107EC0001188BFF36F8FE7E7002CF5D0D4E90032BB
:107ED000002613605A60237CC4E9006623F0020385
:107EE0002374A66004F1180004F0DAFDAC6094F984
:107EF0000E3020462B61C4F8806004F0BAFC39468D
:107F0000054804F014FDC7E76FF01500C5E74FF012
:107F1000FF30C2E740180020A418002037B51146F2
:107F2000EFF31185202282F31288BFF36F8F04686C
:107F30009CB12368426823F003039442036008BFA6
:107F400043600121204604F035FB044685F3118887
:107F5000BFF36F8F204603B030BD51EA0302F5D066
:107F600000F10802CDE900131046294600F086FC16
:107F70000028EFD1014B9B685C69EBE740180020BB
:107F800070B5EFF31186202383F31288BFF36F8F50
:107F90000468A0421BD0D4B1D4E90032002513609C
:107FA0005A60237CC4E9005523F002032374A560C2
:107FB00004F1180004F074FD2046C4F8805004F069
:107FC00058FC3146BDE87040064804F0B0BCD0E92A
:107FD00002329A4218BF0133836086F31188BFF3DF
:107FE0006F8F70BDA418002013B5EFF3118120240A
:107FF00084F31288BFF36F8F846844B1013C8460BE
:1080000081F31188BFF36F8F002002B010BD52EAD8
:10801000030406D181F31188BFF36F8F6FF00F0057
:10802000F3E7CDE900230246014800F027FCECE726
:10803000A418002007B5074B4FF48062009306494F
:108040004FF0FF33054800F013F9002003B05DF84E
:1080500004FB00BF54D8000CE8320020D80E0020EA
:108060002DE9FF4104462027534EEFF3118887F393
:108070001288BFF36F8FD4F88C50F5B9022104F148
:10808000A40004F0D0FA002870D004F19C0500226E
:108090000121284604F0C1FC0028F8D100234FF04C
:1080A000FF3202934FF0FF334146CDE900234348AE
:1080B00004F1940200F00AFDD7E7D4F890202B6871
:1080C0009542C4F88C3008BFC4F89030D4F8A4307E
:1080D00043F00203C4F8A430EB6823F0040343F038
:1080E0000103EB606B6888F31188BFF36F8F28463C
:1080F0009847EFF3118887F31288BFF36F8FEB680F
:10810000D80623F001023ED4EA60EB689A0717D53F
:10811000306823F00203EB6090B10021036878B16E
:10812000426895423DD10368002934D172683360BA
:10813000904200D17360002340F8083BFFF720FF16
:10814000D4F8A43023F00203C4F8A430DB0530D403
:10815000D4F88C30003B18BF012388F31188BFF39B
:108160006F8F002B81D004F04AFB7EE7D4F8A43057
:10817000D90693D5C4F8A40088F31188BFF36F8F94
:1081800004B0BDE8F08123F01103EB6005F11000AD
:10819000FFF7F6FEB9E70B607368984208BF71609D
:1081A000C9E701461BB11A6818461346B7E71A46D5
:1081B000FAE70023D1E700BF60180020A4180020D0
:1081C000F8B5C36804469A070E46C3F3400542D487
:1081D0005F0742D40B680BB983680B60E368D8076C
:1081E00042BFA36802253360376858BF012557B3E3
:1081F0001B4B9A68D7F888309A421ED104F0D5FA02
:1082000080F00100C0B2D7F8A430D907C3F38002D0
:108210001CD5F2B1F8B100232360D7F8903073B9C0
:10822000C7E92344384604F018FAE36843F004032E
:10823000E3603368A3602846F8BD0020E3E71C60D4
:10824000C7F89040EEE76FF0150506E06FF01205F5
:1082500003E01B07DFD56FF00F0500233360EAE76B
:10826000401800200146014804F074BAD80E0020DE
:10827000F0B50446002089B00E9DC4E9230004F146
:108280009400C4E9250004F19C00C4E9270055B31B
:108290002879002840F2011008BF0120C4F8A4008A
:1082A00000204FF0FF364FF0FF37CDE90330CDE926
:1082B0000100CDE9066720460C4B009400F0EAF877
:1082C00055B1296811B1204604F075FA6B791BB1DC
:1082D000A38943F00103A381204600F0B7F8C4F856
:1082E000884009B0F0BD0120D8E700BF6180000CD4
:1082F00037B501900846EFF31184202181F31288ED
:10830000BFF36F8FC16811F01E0F16D153EA02053B
:1083100008D101A9FFF754FF84F31188BFF36F8FD1
:1083200003B030BD41F00801C16001991030816196
:10833000034900F08BFC0120EEE70020ECE700BFD2
:10834000CFC6000C01460148FFF7D2BFD80E00206F
:10835000F7B50C4616461D460190EFF31187202312
:1083600083F31288BFF36F8F084604F067F955EA6C
:10837000060309D1204601A9FFF722FF87F31188E0
:10838000BFF36F8F03B0F0BDE368324643F00803DC
:10839000E360019B0449A36204F110002B4600F046
:1083A00055FC0120EAE700BFCFC6000C014601489A
:1083B000FFF7CEBFD80E00202DE9F043984685B0D8
:1083C00000F15803C0E91633109B00268381042373
:1083D000073222F0070503740F9B01EB05090F46D6
:1083E00083734946C0E906668660C6730446F9F79A
:1083F000ABFB0E9B073020F007002067C4E91A751D
:1084000002930D9BA9EB000901930C9B4A46009334
:10841000394643462046F9F70DFF054B66659B68D4
:1084200003B15B6F4846636705B0BDE8F08300BFEA
:10843000401800200123037483810023C0E91A330C
:108440004367014B986070474018002038B50446D8
:10845000EFF31185202383F31288BFF36F8F037C22
:108460005B070FD5183004F01BFB237C204623F05C
:108470000403237404F00CFA2946BDE8384004488C
:1084800004F055BA85F31188BFF36F8F38BD00BF74
:10849000A4180020F0B5002587B00595109DDDE9F2
:1084A000127604950F9D044603950E9D02950D9D31
:1084B00001950C9D0095FFF77FFFB6F1FF3F08BFC8
:1084C000B7F1FF3F05D056EA070305D12046FFF775
:1084D000BDFF204607B0F0BD3A46334604F1180010
:1084E000014900F0B3FBF4E7E3C8000C6FF00A01A8
:1084F000094A9368C3F880100849D8674B6843F06D
:1085000080534B60002383F31188BFF36F8F936810
:10851000D3F88000704700BF4018002000ED00E055
:1085200038B590F910200146002A037C04DA03F0E4
:108530007F03037404F065F90D4D2A4652F8184F75
:10854000AB68944200D004B9EC688B4207D01A7C27
:10855000D20604D1DA897F2A01D9A2692AB1A342BD
:1085600002D0204600F0F4FA23466B6138BD00BF0C
:108570004018002070B590F91020037C002A2FDBF2
:10858000D9062DD11A4C63F07F032246037452F8AA
:10859000183FE169934207D1C0E900210860E0611A
:1085A0000FE09942F8D01B68002BF5D093F90E60CC
:1085B00090F90E50AE42F4DD5968C0E90031086010
:1085C0005860A569954200D005B9E568A3681A7C92
:1085D000D20606D1DA897F2A03D9AA690AB963616A
:1085E00070BDAB4202D0284600F0B2FA6561F7E7F1
:1085F00040180020034648B9EFF3058232B9064A15
:1086000051699268914201D0FFF770BF83F31188DE
:10861000BFF36F8F704700BF4018002038B5184C6B
:10862000A168E0690B68814214BF1A4600224968BC
:108630000B605960A368E1692AB9124AC3E90021B5
:108640000B60E3610AE092F90E5093F90E00854247
:1086500012DD5168C3E900210B605360A569094B25
:108660009D4200D005B9E568A3689D4202D0284626
:1086700000F06EFA656138BD8A42DED01268DBE731
:108680004018002058180020002A2DE9F0470CBFA0
:108690004FF010094FF00809027C044619EA020F56
:1086A0000E460F4628D149EA0203D20946D1037487
:1086B000B9F1080F48D04FF00008DFF8F0A053469A
:1086C00053F8185F9D4200D00DB9DAF80C50DAF873
:1086D0000830AB4202D0284600F03AFAB9F1100F48
:1086E000CAF8145008D0204601F064FFB8F1000F1A
:1086F00002D02F48FFF79EFE2C4B9B68A3424FD120
:10870000EFF30583002B4BD1A289D20711D586F355
:108710001188BFF36F8F83F31188BFF36F8F04232A
:10872000184602DFEFF31187202383F31288BFF38B
:108730006F8F3846BDE8F047FFF7D8BE03F07F03E0
:10874000037404F05EF8B3E7A36813B1204604F0A5
:1087500060F804F1180004F0A3F9A56D04F15808BD
:10876000A84511D04FF0000A75B1284604F051F821
:1087700005F1180004F094F92846C5F880A0FFF729
:10878000F9FEA56DA845EFD1084B9B689C4292D19C
:10879000EFF30588B8F1000818BF4FF001088CE727
:1087A00086F31188BFF36F8FBDE8F0874018002073
:1087B000800F002070B50F4D06462B4653F8184F1A
:1087C0009C4200D004B9EC68AB681A7CD20604D194
:1087D000DA897F2A01D9A2692AB1A34202D02046B0
:1087E00000F0B6F923466B613046BDE87040FFF7F4
:1087F00001BF00BF4018002070B5EFF311862023A1
:1088000083F31288BFF36F8F1A4CA168E0690B687D
:10881000814214BF1A46002249680B605960A36860
:10882000E1692AB9144AC3E900210B60E3610AE057
:1088300092F90E5093F90E00854216DD5168C3E996
:1088400000210B605360A5690B4B9D4200D005B918
:10885000E568A3689D4202D0284600F079F9656179
:108860003046BDE87040FFF741BE8A42DAD0126858
:10887000D7E700BF4018002058180020F8B5124B69
:108880000C46DDE9067611469868104A1060EFF351
:108890001182202282F31288BFF36F8F9D682846D1
:1088A00003F0C1FFB6F1FF3F08BFB7F1FF3F06D0AD
:1088B0003A463346064905F1180000F0C7F920464C
:1088C000BDE8F840FFF712BE4018002068180020ED
:1088D000E3C8000CF8B50446EFF31187202383F3B7
:1088E0001288BFF36F8F037C49B203F01F02002A86
:1088F0000CBF0126002635D103F07F032A4D0374F7
:1089000003F07FFF2A46037C817363F07F030374C7
:1089100052F8183FE869934207D1C4E90020046087
:10892000EC610DE09842F8D01B68002BF5D093F96C
:108930000EC08C45F6DD5968C4E900310C605C60FE
:10894000AC69944200D004B9EC68AB689C4202D098
:10895000204600F0FDF86C6187F31188BFF36F8F3C
:108960003046F8BD9B071CD5856803F04AFF81732C
:108970002B689D4209D16B68C4E900531C606C6090
:10898000EAE76A689A42F6D01B68002BF3D093F9A5
:108990000E208A42F5DD5A68C4E9003214605C603A
:1089A000DAE78173D8E700BF40180020034648B9D2
:1089B000EFF3058232B9064A51699268914201D0BB
:1089C000FFF794BD83F31188BFF36F8F704700BF2B
:1089D00040180020F8B550EA010306460C4603D1C2
:1089E00003F00DFF0020F8BDEFF31187202383F380
:1089F0001288BFF36F8F184D184BA868186003F0EA
:108A000049FFA868324623461549183000F01EF980
:108A1000AB6804461A7CDF6742F004021A746FF0F8
:108A20000A02C3F880200F4A536843F08053536012
:108A3000002383F31188BFF36F8FAA68D2E90A126B
:108A4000B2F1004F08BF9942CCD104F05EF8201A71
:108A500020EAE070C7E700BF401800206818002037
:108A6000E3C8000C00ED00E0024B03F11802C3E97B
:108A70000622704740180020EFF31181202383F372
:108A80001288BFF36F8F054B9A68D37B013BD3737A
:108A900081F31188BFF36F8F704700BF401800202B
:108AA000EFF31180202383F31288BFF36F8F034B02
:108AB0009A68D37B0133D373FFF77CBE4018002044
:108AC000014B9868704700BF40180020D3B5DDE91E
:108AD0000667089CCDE90067FFF7D0FE1CB1034B89
:108AE0009B685B69236002B0D0BD00BF40180020C6
:108AF000027C034612F01F0210D10A4988420DD0B1
:108B00000949086868B1D9897F2909D893F90E20E5
:108B1000064B1B689A42B8BF002070470020704780
:108B200010467047C80D0020E40200206C18002099
:108B30000122044BC01A044BC0105843034B1A5473
:108B4000704700BF08100020ABAAAAAAA4180020F2
:108B500070B50C4B0C4D1E7CFFF7CAFF182303FBAE
:108B600006550446284603F09BFF0022074B9A5502
:108B70003CB1621E2846BDE870400549D31700F09D
:108B800065B870BD4018002008100020A41800200F
:108B9000318B000C38B5EFF31185202383F3128855
:108BA000BFF36F8F0F4B104A9C681068A04206D12C
:108BB000FFF7CEFF85F31188BFF36F8F38BD00211B
:108BC0001B7C1160094AD35C002BF3D02046FFF7D1
:108BD0008FFF0028EED0237CDB0601D1FFF71EFDBE
:108BE0002046E5E74018002068180020A41800205F
:108BF000024B1868984208BF00207047E802002026
:108C0000034B1B680BB9FEF7C9BD0020704700BFBE
:108C10007018002030B570B10B4B5B6898420AD0D9
:108C2000036843B1D3E90421D0E90445121941EBAB
:108C30000501C3E90421D0E9003213605A60002322
:108C4000C0E9003330BD00BFE8020020B3F1FF3FB0
:108C500008BFB2F1FF3F2DE9F84F0446994615468B
:108C60001F467AD08160EFF31188202383F31288A6
:108C7000BFF36F8FB9F1000FDFF8E4A020DBFFF73F
:108C8000BFFFDAE90027013549F100092D1849EB4A
:108C9000E07306464FF00109C4E90453AD1843EBF5
:108CA0000707FFF7A5FF0346DFF8B8E0DEF804A0EA
:108CB000EBB9C4E900EACAF80040CEF8044028E065
:108CC0006FF00103DAE900125B1A4FF0FF3161EB3C
:108CD00002025B1B62EB0902012B72F10001BCBFB7
:108CE000012300224FF00009C0E90432D9E7D3E99B
:108CF000041CD4E904208A4270EB0C0B24DA891A94
:108D00005A686CEB0000C3E90410C4E90032146037
:108D10005C60FFF76DFF84420ED1134B1B685BB99B
:108D2000B9F1000F02D1FFF76BFF0646304603F0A2
:108D3000A0FE0021FEF7B6FC88F31188BFF36F8F09
:108D400028463946BDE8F88F521A60EB0C005345AF
:108D5000C4E90420ADD01B68AAE700252F46EFE741
:108D600020100020E8020020701800202DE9F047B4
:108D7000DFF8A8900246C9F800000D46FFF738FF5B
:108D800000260027DFF898804FEAE27ED8E900133A
:108D900050B1D0E9044CA2427EEB0C0A1ADAA41AB4
:108DA0006CEB0E06C0E904460024521843EB0E0398
:108DB0002046C8E90023C9F8004003F05AFE2146C6
:108DC000FEF770FC85F31188BFF36F8FBDE8F047A5
:108DD000FFF7E0BE611843EBE473C0E90467C8E93C
:108DE0000013FFF717FF01224FF00043C0E90423EF
:108DF00085F31188BFF36F8F83689847EFF3118570
:108E0000202383F31288BFF36F8FD9F80020121B41
:108E1000C9F80020FFF7ECFEB6E700BF701800208D
:108E20002010002010B5EFF31184202383F3128863
:108E3000BFF36F8FFFF7E4FE0346054AD2E9000156
:108E4000181841EBE37184F31188BFF36F8F10BDE5
:108E500020100020F8B50446EFF31187202383F398
:108E60001288BFF36F8FD0E90423B3F1004F08BF1E
:108E7000012A04D087F31188BFF36F8FF8BDD0E9C2
:108E80000A566A1C46F10003022A73F1000334D328
:108E9000013D46F1FF36002EBCBF00252E4603F0F3
:108EA00038FE013041F10001401946EB0101012873
:108EB00071F1000148DB03F02CFE6FF0020301307A
:108EC00041F10001401946EB010183426FF000437C
:108ED0008B413EDB03F01DFE013041F100016FF0DC
:108EE0000102401946EB01034FF0FF31121A61EB0A
:108EF000030320461949FFF7A9FE236B01332363BF
:108F0000236A63B187F31188BFF36F8F20469847B8
:108F1000EFF31187202383F31288BFF36F8F54F888
:108F2000185FA542A6D0002DA4D0284603F0B4FCBB
:108F30000023C5F8803087F31188BFF36F8F284670
:108F4000BDE8F84003F095BC6FF001024FF0FF332D
:108F5000CFE700224FF00043CBE700BF558E000C57
:108F60002DE9F04105461C4690461F46EFF3118659
:108F7000202383F31288BFF36F8FB4F1FF3F08BF44
:108F8000B2F1FF3F05D186F31188BFF36F8FBDE8C3
:108F9000F081002C09DB012A74F10003BCBF01221F
:108FA000002412F1FF3844F1FF37284603F078FD22
:108FB000DDE906010023C5E90A012B6342463B4671
:108FC00028460249FFF742FEDDE700BF558E000C40
:108FD00070B50546EFF31184202686F31288BFF39F
:108FE0006F8F03F05DFD20B184F31188BFF36F8FA5
:108FF00070BD6B6A63B184F31188BFF36F8F28462D
:109000006B6A9847EFF3118486F31288BFF36F8F72
:1090100005F1180003F075FC0028E5D003F029FCE9
:109020002146BDE87040014803F081BCA51800202E
:1090300073B50446EFF31186202383F31288BFF340
:109040006F8F8368594003EA02050A4053400022AB
:10905000009309496B46019203F0ABFCDDE9003255
:1090600023EA020304F10C003146A36003F05FFC25
:10907000284602B070BD00BF41CC000CF8B50746D1
:109080000C46164603F091FB08B10020F8BD0D4BCD
:109090009B685D6F002DF8D0221DF6D2EFF311848E
:1090A000202383F31288BFF36F8F284647F0040113
:1090B000B04784F31188BFF36F8F0028E5D040F8E4
:1090C000045BE3E7401800200146024A0020FFF756
:1090D000D5BF00BFF198000C014800F0D5BD00BF1E
:1090E000D2F6000C0CB430B58BB004460D462022ED
:1090F000002102A803F0E7FD0223002D06948DF85D
:109100000A300C4B039312DB01D06B1E1C440FAAD8
:109110000E9902A80794019200F00EF815B1069B73
:1091200000221A700BB0BDE8304002B07047002436
:10913000EDE700BF9BCD000C2DE9F04F43688BB0ED
:1091400080469246009383789C0740F1F980002581
:109150000878002800F0F68025280AD04B1C0193DF
:1091600001354146009B98470028C0F2E3800199F1
:10917000EEE74E788B1C252E0193F1D000270A22B2
:10918000B9463C461F2C22D8A6F12003102B20D82C
:10919000DFE803F0141F1F1A1F1F1F0B1F1F1F12D2
:1091A0001F171F1F090044F00104019B13F8016BF6
:1091B0000193002EE6D13AE044F0020444F00404A6
:1091C000F3E744F00804F0E744F01004EDE77F2CE7
:1091D00024D8A6F13003092B08D860064EBF02FB45
:1091E000073744F0200402FB0939DEE72A2E0DD1AF
:1091F00061065AF8043B53D4002BA7BF44F0200467
:109200009946C3F1000944F02804CEE72E2E05D17B
:10921000630600F1978044F04004C6E76C2E2ED020
:1092200028D8682E32D06A2E37D04C2E35D0002F59
:1092300046F02003B8BF24F04004A3F16502BCBF90
:109240000027A4B2022A01D9612B2BD10AF1070A07
:1092500007279D4E2AF0070A0AF1080A210760D560
:1092600006EB070B34465C455DD1AE1BA9EB070945
:10927000A21959E1742E98D07A2E96D0D7E72606F7
:1092800048BF44F4007444F080048EE7E00548BF12
:1092900044F4007444F4807487E744F4207484E751
:1092A0001F4682E7A6F16302122A00F2D880DFE8A7
:1092B00012F013004D00D600D600D600D6004D00A7
:1092C000D600D600D600D600D600E800D100D600E1
:1092D000D6001A00D600A0005AF8043B012704AEBD
:1092E0008DF81030BAE75AF8046B784B002E08BF9F
:1092F0001E4614F0400F304614BF39464FF0FF3180
:1093000003F0E9FC0746A9E741462020009B984767
:1093100000280FDB013CA742F6D34D44A1462D1B8C
:109320009EE74C46F7E7414614F8010B009B98472F
:10933000002898DA98F8023043F0040388F80230E5
:109340004FF0FF3528460BB0BDE8F08F220630D530
:10935000A3052AD50AF1070A2AF007039A46596895
:109360005AF8080B24F0100B00291FFA8BFB2FDA98
:1093700040424BF4806B61EB410104AC0A2322466E
:1093800003F0B5FC1BF0400FA0EB040200F08E8050
:109390002BF001049742A4B240F38F80002E40F0DE
:1093A0008E802BF01104A4B21DE05AF8040BC117F3
:1093B000D8E7E0055AF8041B01D40846F7E7A205F0
:1093C00047BF48B241F3C01108B241F3C031C9E709
:1093D00050EA0103D1D16306CFD5002FCDD124F0BF
:1093E00011043A46A4B23B4640F206410C4262D117
:1093F00024E024F010040A23A4B214F0800243D025
:1094000014F4007117BF0AF1070A5AF8040B2AF086
:10941000070292461CBF51685AF8080B50EA010235
:109420003ED124F0160B62061FFA8BFB3CD5002FB1
:109430003AD124F017043A463B46A4B221075AD445
:10944000E10705D5994572DDA9EB03039F184B464B
:109450009B464AE044F0100410237826CDE7782B91
:1094600004D1C6F1780343F01003C6E74146252036
:10947000009B98470028FFF65DAF02354146304615
:1094800070E608230026B8E714F480715AF8040B3C
:10949000C4D014F400711ABFC0B2114680B2BDE747
:1094A00024F006041FFA84FB04AC68E713465C460C
:1094B000E10699D52EB90133C0E71346F8E73B46DC
:1094C000F6E70233BAE700BF07F7000C00F7000C1D
:1094D000CDE9023241462020009B98470028FFF644
:1094E00029AF0BF1010BDDE90232D945F0DCEB1AB3
:1094F00003EB0B055B46E10627D541463020CDE95D
:109500000232009B98470028FFF614AFDDE90232D3
:109510007EB901352F44791B8A4229DB144604AEFB
:1095200094BB2A44A9EB03091546914440E0174631
:109530008EE7023541463046CDE90232009B98471E
:109540000028DDE90232E5DAF4E640F206410C4299
:10955000E0D014F0020F05F10105414614BF2B20A5
:10956000202014F4806FCDE9023218BF2D20E5E7EA
:10957000CDE902324146009B302001359847002852
:10958000DDE90232C7DAD5E6013C4146CDE90232D7
:10959000305D009B98470028DDE90232C0DAC9E659
:1095A00041462020009B013598470028FFF6C2AEB7
:1095B000A9EB0503002BF3DCD9E500BF70478368F6
:1095C00000EBC101B3F5004F2CBF51F8220031F878
:1095D0001200704700EBC1018068B0F5004F2CBF4E
:1095E00041F8223021F812307047012208B5FFF708
:1095F000E6FFD04008BD836800EBC101B3F5004F22
:1096000008D34B681AB143F001034B60704723F055
:109610000103FAE74B881AB143F001034B8070470E
:1096200023F00103FAE753000122FFF7D3BF08B587
:109630008368B3F5004F06D3FFF7D7FF01288CBF2F
:109640000020012008BD0020FCE78368B3F5004F2F
:1096500034BF04230823C91A081AC0087047836856
:10966000B3F5004F28BF0139B1FA81F0C0F11F00F6
:1096700070472DE9F041174603220E460446FFF7D6
:109680009EFF8642054607F104080AD10122E368DD
:10969000BA4023EA0203E360002344F82830BDE81F
:1096A000F081314602222046FFF789FF06462B460D
:1096B00001460322204644F82850FFF78BFF33462B
:1096C00029462046BDE8F0410222FFF783BF38B5A6
:1096D00004460D46FFF7ABFF70B929462046FFF759
:1096E00084FF01462046FFF7BAFF2946024620467E
:1096F000BDE83840FFF7BDBF38BD2DE9F04705464E
:109700008946FFF7ACFF05EB800ADAF810700646D1
:1097100077B94FF0FF34EB680136B4401C4015D0E8
:1097200094FAA4F2B2FA82F2131D55F8234009E02C
:109730003C464FF0030821462846FFF756FF814577
:1097400007D8324621462846FFF793FF2046BDE85A
:10975000F087214603222846FFF731FFB8F10108C0
:109760000446CAF81000D4D08742E4D1D1E72DE9ED
:10977000F04114460E460546FFF737FFA4EB0608F6
:10978000371B0744424631462846FFF74CFF3A460E
:1097900021462846FFF747FF434600222146284638
:1097A000FFF718FF21462846FFF71FFF3B46211809
:1097B00000222846BDE8F041FFF70CBF2DE9F0413B
:1097C000164604460F46FFF710FF31460546204671
:1097D000FFF70BFF05442A4639462046FFF723FFD3
:1097E00031462046FFF701FF2B4631180022204664
:1097F000BDE8F041FFF7EEBE2DE9F04104460D460D
:10980000FFF715FFB8BB29462046FFF7EEFE0146DD
:109810002046FFF724FF04EB80010E6996B9012270
:10982000E36882401343E36002220D612B46294620
:109830002046FFF7CFFE032229462046BDE8F0412F
:10984000FFF7C8BE022231462046FFF7B8FE0746A2
:10985000034629462046FFF7BDFE0322334629462C
:109860002046FFF7B7FE39462B462046FFF7B2FEEB
:1098700002223146E1E7BDE8F08170B5056809B91B
:10988000002070BDAB6801F00704B3F5004F34BF92
:109890000422082207341444E40804EBD1049C4257
:1098A00028BF1C4628462146FFF727FF064600280A
:1098B000E6D001462846FFF798FEA04209D9344475
:1098C000314628462246FFF752FF21462846FFF739
:1098D00093FF284601223146FFF78DFEAB68B3F5B2
:1098E000004F34BF0423082303EBC6031844C8E722
:1098F0001146FFF7C2BF2DE9F8434B42066803EA61
:10990000010731EA03031446B2680ED0B2F5004FE6
:109910002CBF08230423BB4228BF3B46B946CF1BBC
:1099200094B900252846BDE8F883B2F5004F34BF4E
:1099300004230823994204D82146BDE8F843FFF7E1
:109940009CBF4FF00009EBE7B2F5004F34BF042590
:109950000825FB1AE10804F0070001EBD3010730EA
:1099600003F0070303442B4401EBD301914228BFCA
:1099700011463046FFF7C1FE80460028D1D0B368BB
:1099800009EBC005B3F5004F34BF042308231D4481
:1099900035447B1E1D44B5FBF7F57D43A5EB09055A
:1099A00029463046FFF751FE2C44073424F00704C3
:1099B000A41B804507464FEAE40408D2024641460C
:1099C0003046FFF7D4FE41463046FFF715FF3946D3
:1099D0003046FFF70AFE3844844208D23946304602
:1099E0002246FFF7C4FE21463046FFF705FF01225D
:1099F00039463046FFF7FFFD94E7B2F5802F34BFBC
:109A0000042308232DE9F0410026D21A8C18CD1D1D
:109A100025F0070524F00704641BE40805602146CF
:109A20002846AC60EE60FFF71AFE820002F11B07C9
:109A3000FF083146043205F1100003F044F93A46BC
:109A400031462846FFF7EFFD334632463146284679
:109A5000FFF7C0FDA4EB0708284631460122FFF7B7
:109A6000CAFD42463946FFF7DEFD3B4632463946DF
:109A70002846FFF7AFFD21462846FFF7D4FD4346B1
:109A8000324621462846FFF7A5FD214628460122F9
:109A9000FFF7B1FD3946BDE8F041FFF7ADBE2DE956
:109AA000F04F1D4689B0814608460F460392F6F7EF
:109AB000CBFA0026C5F1100B584594BF00230123B3
:109AC00080463446B2460293444503D3304609B03B
:109AD000BDE8F08FCDE905AACDF81CA0A8EB0402E3
:109AE000ECB193452CBF032302230399381941EAB3
:109AF000836343F0704304932B462A44934203D07C
:109B0000102B03F1010E0CD1641B1C44079B013682
:109B1000009304AB0ECBD9E9000CE047D4E7029BDD
:109B2000E3E723F00301DB4310F801CB203103F01E
:109B300003036944DB000CFA03FC51F8103C4CEAC7
:109B4000030341F8103C7346D8E72DE9F04312F0C7
:109B5000010406460D469046876887B02ED0D0E9AE
:109B600000090C2303FB0172517C00293AD1147CBB
:109B700003FB05735A7B93F80CE0120442EA0E6271
:109B80006FEA52226FEA4222D97B93F80EC0A300FB
:109B900043EA052343EA0C0343EA411343EA0C1367
:109BA00043EA410343F0704343F48C13CDE902329E
:109BB000059B0124009302AB0ECBC84718F0020F9F
:109BC0000CD00C2303FB0577B96839B12A020323B3
:109BD000304642F49012FFF762FF0444204607B07B
:109BE000BDE8F0830224C3E72DE9F04706460D46A1
:109BF000174698462BB34FF0000A98F8004093F8A8
:109C00000190DB78A40004EB430498F802301C4474
:109C10004444CA4509D339463046AC46D8F80420F6
:109C200008F10803BDE8F047604714F8013B0AF16A
:109C3000010A204648F82340F6F706FA01300444AA
:109C4000E7E76FF01500BDE8F08730B50246002465
:109C5000002012F8013B43B178B18C4207D1702B40
:109C600004D0A3F140053A2D07D8002030BDA3F160
:109C700040053A2D01D80134EAE7252B08BF80F0D2
:109C80000100E6E7002070470FB407B504A951F8BA
:109C9000040B019100F026FB03B05DF804EB04B067
:109CA000704710B50369024613F0080009D1136824
:109CB000D4689C429BBF0120126AE31AD31A0B603E
:109CC00010BD00231846FAE713B501A90446FFF7B3
:109CD000E8FF20B1019BE268013B13440193206A35
:109CE000019BC01A013802B010BD10B504465018CF
:109CF0002269236AD20702D5013B184010BD984261
:109D000028BFC01AFAE710B504460A46C168FFF733
:109D1000ECFF2369E06023F00803236110BD38B530
:109D20000D46C2698B00016843F00203044642F805
:109D3000213001682A46FFF7D8FFE368616898423E
:109D400008BF2369206008BF43F008032A46204665
:109D500008BF2361FFF7C9FF606038BD2DE9F74FE9
:109D60000F460021D0F80CB0C669009216F82B20DF
:109D70009A4602F00302022A14BF894656F82B20A5
:109D800006EB8B030193009B08BFC2F39D0919608A
:109D90000446CAF80010B9F1000F07D04946FFF792
:109DA000B2FFE368A3604FF0010804E001698A078D
:109DB00005D44FF00008404603B0BDE8F08F81693C
:109DC00006EB8B00884716F82B10054611F00108AA
:109DD000EFD08B071DD51FB139462046FFF79FFFF7
:109DE00061682A462046FFF780FFD4E902138B42C0
:109DF000606007D12A462046FFF777FF4FF0000842
:109E00000146A0602369216043F00803E1602361FB
:109E1000D1E701462046FFF776FFE168A1601FB158
:109E20002068E16941F82090EA19CAF80020216809
:109E30002046FFF75AFF2269206042F008022261A3
:109E400016F82B2022F0010206F82B20DDE9003263
:109E50001A60A8E770B504461546FFF746FF236869
:109E6000834205D12369216023F00803236170BD7B
:109E7000E269AB0043F0020342F8213061682A46F0
:109E80002046FFF732FF6060F1E738B5036904460A
:109E90005B0706D5456AFFF717FF85422CBF656251
:109EA000606238BD38B50D4604461C22002102F020
:109EB0000AFF0022EB68A361AB6863612B68E36172
:109EC0006B68626223622A6923B1591E194208BF76
:109ED00042F001022261012204F128000021BDE8C4
:109EE000384002F094BB2DE9F04F00259846036AF4
:109EF00087B08B4204460E469346AA4603950595C5
:109F000038D3EFF31189202383F31288BFF36F8FC7
:109F1000059A2AB129462046FFF79CFF00230593A6
:109F200004A92046FFF7BDFE04990746B1422AD393
:109F30002268E369204613F8221003EB820A21F01D
:109F4000030103F8221021683246FFF7CEFEE368D2
:109F50002060984212D0002789F31188BFF36F8FD9
:109F6000039929B162690AB12046904700230393FF
:109F7000002FC6D1504607B0BDE8F08F236943F0EB
:109F800008032361E7E718B12046FFF7C8FEE3E7BF
:109F90005BEA08031CD0019102F007FC0199B8B9F3
:109FA000B9F1000F14D189F31188BFF36F8F5A46AE
:109FB000434604F12800FEF717F8EFF31189202338
:109FC00083F31288BFF36F8FB0FA80F77F09C3E77E
:109FD000204605AB03AA2568FFF7C0FE0746BBE78E
:109FE00070B50446836908460D4698470246EFF36C
:109FF0001186202383F31288BFF36F8F2B782046BE
:10A0000043F001032B706168FFF76FFE606020462C
:10A01000FFF73BFF86F31188BFF36F8F70BD2DE90B
:10A02000F843044600272026EFF3118586F31288B3
:10A03000BFF36F8F2369A268190702D46368934244
:10A0400000D2236A9B1A002B42D0E06910F822103C
:10A0500000EB820911F003033AD0022B04D150F82F
:10A0600022305FEA930805D1CB0720D44846A36984
:10A0700098478046A16842462046FFF736FE0127F2
:10A08000A06041462046FFF73EFE3B4685F311881F
:10A09000BFF36F8F002BC7D137B1B9F1000F03D1D8
:10A0A00004F12800FDF76CFF4846BDE8F88341F055
:10A0B000020100F82210A3694846D4F808809847A6
:10A0C000414602462046FFF710FE0023A060DDE770
:10A0D0009946DBE7F8B50446836908460D4698477C
:10A0E0000646EFF31187202383F31288BFF36F8FA7
:10A0F0002B7823F001032B7023699B0705D5E268B9
:10A10000E36903EB82039D421AD12B7823F002030B
:10A110002B70D4E90231994204D132462046FFF730
:10A12000E4FDA06031462046FFF7EDFD87F311887E
:10A13000BFF36F8F04F12800BDE8F840FDF720BFA2
:10A140002B6860F39F032B60F0E7EFF3118120236E
:10A1500083F31288BFF36F8F02698368120702D4FA
:10A1600042689A4200D2026AD31A81F31188BFF37F
:10A170006F8F181E18BF0120704770B506460C88F7
:10A180008888241A3069A4B2844285B224BF641B33
:10A19000A4B22D1BA8B2984228BF184633682344A6
:10A1A00013600B8803440B8070BD70B4838985886D
:10A1B0000669ED1AADB2731B934228BF134670BCFB
:10A1C0000A46011DFFF7D9BF70B40E460146C58887
:10A1D00031F80A3FEC1AA3B2934228BF1346324625
:10A1E00070BCFFF7CABF10B54B880C88E41AA4B244
:10A1F00094420ED31A4492B28B884A800A80006936
:10A20000D21A92B2824201D2002010BD03448B8048
:10A21000FAE76FF01500F8E72DE9F34106460F461F
:10A2200015464FF000082A46304601A9FFF7BDFF4A
:10A23000044640B102463946019802F037FD2D1B15
:10A24000A0442744EFD142463046311DFFF7CBFFF3
:10A25000404602B0BDE8F0812DE9F34107460E46C5
:10A2600015464FF000082A46384601A9FFF7ACFF13
:10A27000044648B12EB102460199304602F016FD5F
:10A2800026442D1BA044EED14246384607F10A0170
:10A29000FFF7A9FF404602B0BDE8F08170470378A0
:10A2A0005B075FBF03684288C3F34A2303EB1210C6
:10A2B0005DBF173020F007008008002070470020A5
:10A2C00070470346D3E8EF0F421CC3E8E12F002993
:10A2D000F8D1704708B502F01CFC0A220023F5F7FC
:10A2E0008FFE08BD1FB50023CDE902011A461946AD
:10A2F0001846CDE90033F7F791F905B05DF804FB96
:10A300000120F6F74FBF002070474368DA71012241
:10A310004368196043685A71F6F736BF70B5154641
:10A320000C4669B1D2E901369B1B99420AD81368E1
:10A330000A460146981902F0B9FCAB682344AB60A9
:10A34000204670BD6FF01B00FBE770B50E4615464A
:10A350001946044618B9BDE87040F6F723BF33B17B
:10A36000C2F34A231030120D184402F09FFCC4E9D6
:10A3700000562046BDE87040F7F7B0B82DE9F3412C
:10A380005F1C4FEA8708064608F1170020F0070017
:10A3900080080C461546F6F77FFF00238DF8047001
:10A3A000ADF805308DF8073068B10346019AA8F181
:10A3B000040143F8102F2A46294452F8045B8A42CC
:10A3C00043F8045FF9D100233146A20102F4E072A0
:10A3D00042EA482222F07F4222F4700222F03F0239
:10A3E00002B0BDE8F041FFF7B0BF07B5012301920D
:10A3F00001AAFFF7C3FF03B05DF804FB07B5CDE981
:10A40000002302236A46FFF7B9FF03B05DF804FB9F
:10A410001FB5CDE90123069B01AA03930323FFF790
:10A42000ADFF05B05DF804FBF8B506460D461446D1
:10A430001F4604B9F8BD214628463A46B047241ABB
:10A440000544F6E710B542680446D2E90023816866
:10A450000068FFF7E9FF002263681A6010BD38B595
:10A460004B6805461A68CB680C469A4202D10846EA
:10A47000FFF7E8FF6368D3E8EF2F511CC3E8E01F44
:10A480000028F8D1A36800209D5438BD0A2838B5AB
:10A4900004460D4602D10D20FFF7E1FF2946204674
:10A4A000FFF7DDFF002038BD2DE9F043054689B0F8
:10A4B00008460E8891F800900C46D1F8088017469F
:10A4C000F7F7FEF8011EC6F38216C9F3C2091FDBB7
:10A4D0004846F7F715F80346214651F8102B6088D7
:10A4E000C2F34A22002A01EB020408BF0021002225
:10A4F000C0F30B10CDE90507CDE90314284641460A
:10A50000CDE900220296F7F707F909B0BDE8F0831C
:10A510000023E1E7436800201B685B68196170470E
:10A5200043681B681A6852685360704701212DE91F
:10A53000F04143681B685A6811751D682F68D5E99A
:10A540000136D3E900481CB96B681C60BDE8F08196
:10A55000214630464246B847241A0644F3E743688A
:10A560001B681868F7F70EBA70B543680C461D688B
:10A570006B681869F6F7F2FD214603460F2228683A
:10A58000BDE87040184702F09EBB02F08FBB014649
:10A590000068F7F779BA08B5F7F7D2FABDE80840CE
:10A5A000F7F786BE0A460121FFF71FBF00210120F1
:10A5B000F7F76ABA6FF08500704761B662B680F34C
:10A5C0001188BFF36F8F704772B6002383F3118831
:10A5D000BFF36F8FBFF34F8F30BF62B6BFF36F8F84
:10A5E000704740E800F313F4803FD8B208BF6FF023
:10A5F0001500704730B50C684B6885B00A894D89E5
:10A600000094013B24F01F04234402F01F0242EA9D
:10A61000451223F01F0369468DF808200393F7F7CE
:10A62000F1FE05B030BD08B5D1E9043198470020EE
:10A6300008BD08B5F8F7FAF8002008BD70470023F8
:10A6400003824369C3607047C1698968F8F75AB9E2
:10A65000027A01320272704710B508B14B6843604C
:10A6600000234C6808464B60F8F7CAF9204610BD35
:10A670008388026819448180D018704730B4848878
:10A680000568A3188380281930BC02F00FBB10B5F1
:10A69000838802685C1C8480D154D01810BD30B50A
:10A6A000838802689D1C8580D418D154090A617082
:10A6B00030BD83885B1A9BB2838000681844704762
:10A6C00003468288521A82800068084418607047E6
:10A6D00010B5036804211C68FFF7F2FF204610BD87
:10A6E000FFF783BE4FF0FF324FF0FF330430FDF72A
:10A6F00053BBFDF7C3BB90F86C00C0F3411070472B
:10A70000F8B504461E460D461746FFF7EBFF94F8D2
:10A710006C309B0715D425B1012D10D06FF01505B5
:10A7200008E0216F0029F9D000259DF818300F713D
:10A730004E718B71201DFFF7DCFF2846F8BD616F5D
:10A74000F0E76FF07705F5E738B504460D46FFF7FB
:10A75000C9FF94F86C30201D65F3041384F86C3045
:10A76000BDE83840FFF7C5BF90F86C00C0F380002B
:10A7700070470246034652F8640F90420BD1002006
:10A780007047027A8A42FBD09A6E8242F7D0006804
:10A790000028F6D170470028F3D1704738B5044639
:10A7A0000D46FFF79FFF94F86C30DB0718D42B6938
:10A7B0000BB9EB68BBB1636E1BB904F16403C4E968
:10A7C00019332B6893B9A26E04F16401C5E9001234
:10A7D0001560A5661D46201DFFF78BFF284638BD76
:10A7E0004FF0FF35F7E76FF01505F4E76FF07705E9
:10A7F000F1E710B50446034654F84C0FA0420DD1C2
:10A8000000200DE0447D8C4204D1032909D1047A53
:10A81000944205D01C6D8442F2D000680028F1D12A
:10A8200010BD0F29F5E72DE9F04105460C46061D40
:10A830004FF0FF324FF0FF333046FDF7ADFA2F6F88
:10A84000002F6DD095F86C30DB0769D4EB6C1BB929
:10A8500005F14C03C5E913332368002B63D1637DF5
:10A860000F2B09D1237A012B0CD02B6D05F14C0253
:10A87000C4E900231C602C65637D032B0FD04FF0CF
:10A88000000806E02846E168FFF788FF80460028B8
:10A89000EBD03046FDF7F2FA4046BDE8F081EA6CB5
:10A8A00005F14C0090421ED1002329E091F815C01B
:10A8B000BCF1030F10D0013323724B68C4E90013BD
:10A8C0001C604C60637A022B24D0032B25D0012B13
:10A8D000D5D1237ABB73D2E791F808C00CF1FF3CC5
:10A8E0006345E8D11268002ADED0517D2B6D032923
:10A8F0000DD19A42137A02D011680029D6D10133C2
:10A9000023722B6DC4E900031C602C65DAE79342C7
:10A91000E8D1C9E7237AFB73B1E7237A3B74AEE74A
:10A920004FF0FF38B5E76FF07708B2E703460068ED
:10A9300000B1187A70478388C2888168D21A036888
:10A940005B1AD01A70470346C08808B11878C0094E
:10A95000704770B50C461546F9F7D8FA40B1406813
:10A9600083681B6823B12A462146BDE8704018471A
:10A9700070BDF8B504460D46174686680369A033D6
:10A98000D3E8AF3F9B070ED5B36A7BB1F36B984713
:10A990002946B36A3A4620469847336C0546204616
:10A9A00098472846F8BD4FF0FF35FAE76FF0850568
:10A9B000F7E770B504460D4686680369A033D3E80F
:10A9C000AF3F9B070BD5F36B98472946736A204628
:10A9D0009847336C054620469847284670BD4FF08F
:10A9E000FF35FAE710B5044619B9002084F83000A5
:10A9F00010BDF8F7E5F80028F7D0F9E74FF0FF327F
:10AA00004FF0FF330430FDF7C7B9FDF737BA21B176
:10AA100001290DD000231B68FFDE5430006848B1C7
:10AA200043685B79934205D000680028F8D17047ED
:10AA30005C30F3E7704710B590F830300446022BD5
:10AA400009D1FFF758FE94F8382001462046BDE8AA
:10AA50001040FFF7DCBF002010BD08B5FFF7D7FF9F
:10AA6000003818BF012008BD4FF0FF324FF0FF3310
:10AA70000430FDF791B908B583681B6B0BB198479B
:10AA80000346002023B153F8042B0AB1127802B90F
:10AA900008BD1044F6E710B51C46FFF7B8FF48B1F3
:10AAA0000122C06802FA04F320B10269134201D105
:10AAB0000068F9E710BD10B50C46FFF7BCFF48B1C0
:10AAC0000123C06803FA04F120B10369194201D1DE
:10AAD0000068F9E710BDD1F81A0083681B6903B15B
:10AAE00018476FF08500704738B50C46FFF7A3FF95
:10AAF00080B1C06870B14368DA681AB10023117977
:10AB0000994201DC0068F5E71568ED5CA54201D0CB
:10AB10000133F5E738BDF8B50646CC680CB92046D8
:10AB200022E0012504F10C07E268AAB165F07F0379
:10AB3000D9B203F07F031033DA40D2070ED4E368B2
:10AB4000EB40DB0705D53A46B069E9B200F09BF867
:10AB500050B90135102DE7D12468DFE73A46B069D6
:10AB600000F091F80028EAD0F8BD2DE9F347002461
:10AB700005460E46A146576897F805803B79A342E3
:10AB800003DC002002B0BDE8F0875FFA84FA3146AA
:10AB9000534642462846FFF77EFF014650B15346D2
:10ABA00001222846CDF80090F9F788FA0028E9D16B
:10ABB0000134E3E76FF03C00E4E72DE9F74380461A
:10ABC0000D461746FFF777FF064628B96FF00104D8
:10ABD000204603B0BDE8F0830F2DF7D808EB050938
:10ABE000014699F83A402B46002240460097F9F773
:10ABF00065FA0028EAD100942B46022231464046ED
:10AC0000F9F75CFA04460028E2D12B4601223146CE
:10AC100040460097F9F752FA04460028D8D17068E8
:10AC200083685B6813B13A462946984789F83A70B9
:10AC3000CEE7012311F0800F18BF21F080010268D8
:10AC400018BF10318B4022EA03030360704737B509
:10AC50008B790C46009315468B88CA78897800F06A
:10AC600027FC70B994F90230A178002B4FF0010352
:10AC7000B8BF21F080012A68B8BF10318B40134360
:10AC80002B6003B030BDF8B506460D46174600F000
:10AC900038FC044658B929463846FFF7CAFF29460A
:10ACA000304600F001FD044608B901F0A8FD204639
:10ACB000F8BD0A468069802100F026BD70B591F983
:10ACC00018300546002B0C46466807DBC4F81A50BE
:10ACD0002146B069BDE8704000F089BC3046FFF7FE
:10ACE00043FD0028F2D04FF0FF3070BD806900F0C6
:10ACF00030BD0B0648BF21F08001406B48BF1031CA
:10AD0000C84000F001007047F8B505460E46071D23
:10AD10004FF0FF324FF0FF333846FDF73DF8EC6956
:10AD20002CB9EE613846FDF7A9F82046F8BD6FF062
:10AD30007704F7E7C36982B08DF8001001922BB158
:10AD400002AB13E9060002B0F9F7F2BA02B070479D
:10AD50000020704703695B685868704710B5006948
:10AD6000046994F87810012903D1D4F8803003B134
:10AD70009847201DBDE81040FDF774BAFFF7EEBFFD
:10AD800010B500690469D4F880300BB100219847F0
:10AD9000201DBDE8104001F0EDBCFFF7F1BF0269D6
:10ADA00002F17C0011B9D167416070470B68D3672D
:10ADB0004B684360704730B40125416802690968F7
:10ADC000137E4D6154685B0954B1107E023300F06C
:10ADD0001F0052F8231005FA00F0234630BC184734
:10ADE00030BC704710B40269416802200968537E84
:10ADF000486154685B095CB1034452F82310012395
:10AE0000507E00F01F0003FA00F0234610BC1847E4
:10AE100010BC704710B40269416804200968937E31
:10AE2000486154685B095CB1023352F82310012376
:10AE3000907E00F01F0003FA00F0234610BC184774
:10AE400010BC704710B40269416808200968D37EBD
:10AE5000486154685B095CB1023352F82310012346
:10AE6000D07E00F01F0003FA00F0234610BC184704
:10AE700010BC704710B40269416810200968137F44
:10AE8000486154685B095CB1023352F82310012316
:10AE9000107F00F01F0003FA00F0234610BC184793
:10AEA00010BC704710B40269416820200968537FC4
:10AEB000486154685B095CB1023352F823100123E6
:10AEC000507F00F01F0003FA00F0234610BC184723
:10AED00010BC704710B40269416840200968937F34
:10AEE000486154685B095CB1023352F823100123B6
:10AEF000907F00F01F0003FA00F0234610BC1847B3
:10AF000010BC704710B40269416880200968D37F83
:10AF1000486154685B095CB1023352F82310012385
:10AF2000D07F00F01F0003FA00F0234610BC184742
:10AF300010BC704710B4026941684FF48070096812
:10AF400092F82030486154685B0964B1023352F8CA
:10AF50002310012392F8200000F01F0003FA00F0F4
:10AF6000234610BC184710BC704710B402694168F2
:10AF70004FF40070096892F82130486154685B0909
:10AF800064B1023352F82310012392F8210000F03B
:10AF90001F0003FA00F0234610BC184710BC70478E
:10AFA00010B4026941684FF48060096892F8223059
:10AFB000486154685B0964B1023352F823100123DD
:10AFC00092F8220000F01F0003FA00F0234610BCA4
:10AFD000184710BC704710B4026941684FF4006014
:10AFE000096892F82330486154685B0964B1023300
:10AFF00052F82310012392F8230000F01F0003FAF7
:10B0000000F0234610BC184710BC704710B402690A
:10B0100041684FF48050096892F8243048615468C0
:10B020005B0964B1023352F82310012392F8240023
:10B0300000F01F0003FA00F0234610BC184710BCB4
:10B04000704710B4026941684FF40050096892F8E3
:10B050002530486154685B0964B1023352F823100B
:10B06000012392F8250000F01F0003FA00F02346A8
:10B0700010BC184710BC704710B4026941684FF407
:10B080008040096892F82630486154685B0964B1D1
:10B09000023352F82310012392F8260000F01F001B
:10B0A00003FA00F0234610BC184710BC704710B4D8
:10B0B000026941684FF40040096892F827304861FE
:10B0C00054685B0964B1023352F82310012392F8EB
:10B0D000270000F01F0003FA00F0234610BC1847B9
:10B0E00010BC7047002208B511460D20F7F762F832
:10B0F0000D20F7F73DF800220E201146F7F75AF819
:10B100000E20F7F735F800220F201146F7F752F816
:10B110000F20F7F72DF8002210201146F7F74AF814
:10B120001020F7F725F8002211201146F7F742F812
:10B130001120F7F71DF8002212201146F7F73AF810
:10B140001220F7F715F8002213201146F7F732F80E
:10B150001320F7F70DF8002214201146F7F72AF80C
:10B160001420F7F705F8002215201146F7F722F80A
:10B170001520F6F7FDFF002216201146F7F71AF802
:10B180001620F6F7F5FF002217201146F7F712F800
:10B190001720F6F7EDFF002218201146F7F70AF8FE
:10B1A0001820F6F7E5FF002219201146F7F702F8FC
:10B1B0001920F6F7DDFF00221A201146F6F7FAFFF4
:10B1C0001A20F6F7D5FF00221B201146F6F7F2FFF2
:10B1D0001B20F6F7CDFF00221C201146F6F7EAFFF0
:10B1E000BDE808401C20F6F7C3BF38B50446807A96
:10B1F000F7F75EFB6169054649B1637ADB0704D462
:10B20000C36920461B689B689847002363612146F9
:10B210002846BDE8384001F0ECB930B509060546CE
:10B22000847C14D414F0400016D0298AC3F30A0099
:10B23000C1F30A01884222D802F00300022809D093
:10B2400003280AD0012811D004F0010004E014F012
:10B250002000E9E7C4F3800030BD14F00200FBD009
:10B2600013F4C05F09D0C4F30010F5E714F008022E
:10B2700005D013F4C05FEFD0F5E70120ECE7002024
:10B28000EAE7A030D0E8AF0F00F001007047A0302F
:10B29000D0E8AF0FC0F34000704701F00F03026920
:10B2A000090648BF103352F823007047007DC0F3F1
:10B2B00000107047037D61F304130375704708B5F0
:10B2C00002691046FFF7DDFF60B9087E00F00F034A
:10B2D000000648BF103342F82310084601F076F903
:10B2E000002008BD6FF00C00FBE700220023FCF7F4
:10B2F00015BE01F088B901F071B9407EC0F3C000FD
:10B300007047437E23F00803437670471FB50469F6
:10B310008DF80410CDE90220D4F8983001A998479F
:10B3200004B010BD1FB50346046906208DF8040063
:10B330002046CDE90213FFF7A4FF40B1C1F81E205B
:10B340001846D4F8982001A9904704B010BD4FF0DA
:10B35000FF30FAE738B505460C462046FFF7C5FF33
:10B36000014600B938BD6FF070022846FFF7DAFFDA
:10B37000F3E72DE9F843066907460D46D6F8009035
:10B38000D6F840804FF0FF324FF0FF3306F18400D3
:10B39000FCF702FD4046FFF7A8FF014618BB4846F0
:10B3A000FFF7A3FF044620BB99F8143023F01003E5
:10B3B00089F8143098F8143023F0100388F814300A
:10B3C00024BB012286F8B020EDB12B68C6F8A83066
:10B3D0006B6886F8B120C6F8AC3038698430BDE8B7
:10B3E000F843FCF74BBD6FF067023846FFF79AFF52
:10B3F000D0E7637EDB07D7D46FF06702214638467B
:10B40000FFF790FFCBE786F8B150E6E72DB10822B1
:10B41000294604F10C00FFF731F900222146384695
:10B42000FFF780FFD9E72DE9F84305468846144623
:10B430001F46D0F80890FFF730FF0646002834D0AA
:10B440002846D9F83C3098474146224630463B884A
:10B45000FFF7E3FE804688B183B92B6904F003044B
:10B4600093F88030DB0753BF40224FF480624FF4E3
:10B4700000711146022C0DD0032C11D02846D9F8AA
:10B4800040309847B8F1000F14BF00206FF08500DE
:10B49000BDE8F883338A8B4228BF0B463B80EDE73B
:10B4A000338A934228BF1346F8E76FF01200EFE7A4
:10B4B0002DE9F3411F464B0604460D461646D0F8CB
:10B4C00008801BD0D8F83C3098472069FFF7DFFE92
:10B4D00088B19DF820302946009332463B462046ED
:10B4E000F9F706FC05462046D8F84030984728462C
:10B4F00002B0BDE8F0814FF0FF35F4E76FF01505BD
:10B50000F5E770B54B0604460D46866812D0F36B1E
:10B5100098472069FFF7B5FE48B129462046F9F75C
:10B520002BFC05462046336C9847284670BD4FF0EB
:10B53000FF35F7E76FF01505F7E770B50546866844
:10B540000C46F36B98472869FFF7A1FEB0B121467E
:10B550002846FFF7A2FE014698B1037DDB0710D510
:10B56000437E03F00303012B0ED02846F36898476F
:10B5700004462846336C9847204670BD4FF0FF3490
:10B58000F7E76FF01204F4E76FF08504F1E7F8B520
:10B59000064687680C46FB6B98473069FFF777FED5
:10B5A000E0B121463046FFF778FE0546C8B1037D7D
:10B5B000DB0716D5437E03F00303012B14D00146AD
:10B5C0003B6930469847044618B92B7D60F3410328
:10B5D0002B7530463B6C98472046F8BD4FF0FF3442
:10B5E000F7E76FF01204F4E76FF08504F1E72DE957
:10B5F000F041054686680769F36B0C469847286951
:10B60000FFF745FE98B394F8188028464146FFF7A7
:10B6100044FE014670B3037DDA072BD518F07F0F87
:10B6200020D197F8B030EBB1637EDB0717D597F8E0
:10B63000B13033B1082207F1A80104F10C00FFF783
:10B640001DF8002287F8B02021462846FFF76AFE41
:10B6500004462846336C98472046BDE8F0816FF0D9
:10B660006702F1E72246284673689847F0E74FF0F3
:10B67000FF34EEE76FF01204EBE770B505460C46B9
:10B680008668F36B984721462846FFF706FE48B1C7
:10B6900000F0B9FFB0FA80F464092846336C98478B
:10B6A000204670BD0124F8E770B5054686680C4653
:10B6B000F36B98472869FFF7E4FD80B121462846DF
:10B6C000FFF7EBFD014668B104681CB12846B3687A
:10B6D000984704462846336C9847204670BD4FF083
:10B6E000FF34F7E76FF01204F4E708B503690021AF
:10B6F0001B685A8BF9F76AFB28B1437E23F00703D6
:10B7000043F00103437608BD08B539B90369013A2E
:10B710001B685B8B1A44B2FBF3F25A43F9F756FBF2
:10B7200028B1437E23F0070343F00203437608BDAC
:10B7300008B561B903691B685A8BF9F747FB28B153
:10B74000437E23F0070343F00403437608BD002241
:10B75000F3E770B50D4604468668F36B98472846B4
:10B76000F7F74EF92046336C9847002070BD70B54E
:10B7700005468668F36B98472869FFF788FD0446FD
:10B7800020B133683BB12846984704462846336CBD
:10B790009847204670BD0124F8E7F8B5044687684D
:10B7A0000669FB6B98472069FFF76BFDB8B120690C
:10B7B000FFF76DFDB0B92046FB6A9847054648B9CA
:10B7C00006F1A003D3E8EF1F41F00201C3E8E21F36
:10B7D000002AF7D120463B6C98472846F8BD4FF029
:10B7E000FF35F7E76FF07705F4E7F8B504468768AB
:10B7F0000669FB6B98472069FFF749FD90B13B6BE9
:10B8000020469847054606F1A003D3E8EF1F21F034
:10B810000201C3E8E21F002AF7D120463B6C98479B
:10B820002846F8BD6FF07705F7E72DE9F0410546AA
:10B8300014460F46D0F80880066911B30AB3D8F849
:10B840003C3098472869FFF71CFDB8B9C6E9267453
:10B850002846D8F834309847044640B9A036D6E890
:10B86000EF3F43F00103C6E8E23F002AF7D1284644
:10B87000D8F8403098472046BDE8F0816FF0770453
:10B88000F5E76FF01504F6E7F8B504468768066932
:10B89000FB6B98472069FFF7FAFCB0B92069FFF706
:10B8A000F0FCA8B1BB6B20469847054606F1A00303
:10B8B000D3E8EF1F21F00101C3E8E21F002AF7D10E
:10B8C00020463B6C98472846F8BD6FF00F05F7E718
:10B8D0006FF07705F4E710B50C7E436824F0800222
:10B8E0001B682CB993F8080140F0100083F8080198
:10B8F0005201134491F9181093F808210029B5BF9B
:10B9000042F0020242F0010283F8082183F8082184
:10B91000B5BF93F8002193F8002102F08F0202F0E6
:10B92000F80283F80021002010BD10B50C7E43689A
:10B9300024F080021B685201134493F8052114F08F
:10B94000800F14BF42F0200242F0100283F805215C
:10B950000B7E00205B061EBF0B7D43F002030B75C0
:10B9600010BD43681B6809B141F080010020997245
:10B970007047436800201A6813899BB243F00203A2
:10B9800013817047012070470020704740F2FF3359
:10B99000984207D018B1B0FA80F0C0F12000043806
:10B9A000C0B2704707207047F8B54D7E0F7E05F096
:10B9B00003056E1E4368022E88BF01251A6827F012
:10B9C000800498BF0135EFB95E6803694020D3F861
:10B9D000A430B771A4333360737903F03F037371FC
:10B9E000F37923F00F03F371FFF7D0FFF37960F3DE
:10B9F000061367F3C713F37192F8093143F010038C
:10BA000082F8093191F91830002B4FEA441313449E
:10BA100093F8002111DA42EA051283F8002193F825
:10BA2000042142F0800283F8042193F8092142F0B6
:10BA3000020283F809210020F8BD2A4383F800217F
:10BA400093F8052142F0400283F8052193F809217B
:10BA500042F00102EDE738B543680A7E0C461B68E8
:10BA600022F08002EFF31185202181F31288BFF3C9
:10BA70006F8F94F91810520100291344B5BF93F841
:10BA8000042193F8052142F0800242F04002B4BF45
:10BA900083F8042183F805212146FFF75BFC002190
:10BAA0002046FFF707FC85F31188BFF36F8F002056
:10BAB00038BD08B59620F6F769FB9720F6F766FBC8
:10BAC0009820F6F763FBBDE808409920F6F75EBBC7
:10BAD000002208B511469620F6F76CFB9620F6F783
:10BAE00047FB002297201146F6F764FB9720F6F7F4
:10BAF0003FFB002298201146F6F75CFB9820F6F7F2
:10BB000037FB002299201146F6F754FBBDE80840A8
:10BB10009920F6F72DBB13460A460121FEF76EBCAD
:10BB200003460022D3E8EF0FC3E8E12F0029F9D143
:10BB30007047F8B5046905464668D4F8A47004F166
:10BB4000840000F0BBFC07F1900001F099F807F1C8
:10BB50009C00FFF7E5FF07F1A000FFF7E1FF94F875
:10BB60008030284623F0720343F0620384F880306B
:10BB7000B26800233169F9F753F9044650B9D6E9A0
:10BB8000022180232846F9F74BF9044610B92846CC
:10BB9000F36B98472046F8BD01F077B801234A09B6
:10BBA00001F01F018B4000EB8200D0E8EF2F1A4319
:10BBB000C0E8E12F0029F8D1704738B50C46097E5E
:10BBC00031F080023AD0436852011B6811F0800FB7
:10BBD000134493F80421006914BF42F0200242F09C
:10BBE0001002D0F8A45015BF83F8042183F8042173
:10BBF00093F8042193F8042114BF42F0020242F0AA
:10BC00000102204683F80421FFF750FB90B920463B
:10BC1000FFF76FFB70B1237E05F19C0003F07F01FD
:10BC20001B0648BF1031FFF7B9FF022105F1900054
:10BC3000FFF7B2FF237D23F002032375002038BDF8
:10BC400008B500698430FCF719F9BDE80840FCF735
:10BC500027BF10B50446FCF70FFF206984304FF072
:10BC6000FF32BDE810404FF0FF33FCF795B838B510
:10BC70000C46036911462046D3F8A450FFF73BFB5E
:10BC8000237D9A070ED4237E05F19C0003F07F01EB
:10BC90001B0648BF1031FFF781FF022105F190001C
:10BCA000FFF77AFF002038BD38B5054608460C4638
:10BCB000FFF71FFB014620B1237E1BB9437EDA0745
:10BCC00002D538BD1B060FD422466868F9F7C8F9BB
:10BCD00078B12046FFF709FB6FF06E020146284657
:10BCE000BDE83840FFF71EBB22466868F9F718F92F
:10BCF000EEE72046BDE838400121FFF7DBBA10B57A
:10BD0000807A0C46F6F7D4FDC3692146BDE81040A1
:10BD1000586800F036BBF7B50D46807A17461E46C8
:10BD2000F6F7C6FD2C68C369033424F00302586893
:10BD300004212A60CDE90076FBF714FF00B92860E2
:10BD400003B0F0BD0023F5F7E9BB2DE9F0414568EC
:10BD50000846D5E900680C46AF68F9F7D9FC002819
:10BD600078D1A30E092B75D8DFE803F0080F1A2C41
:10BD7000054C535F056A0220BDE8F08173699C079A
:10BD80006CD5306900F001001AE0F36A980765D5B8
:10BD9000B36F002B60D13069C00900F00200EBE7FF
:10BDA000E4B206F1400353F82430012013F0020FEF
:10BDB000E2D033691834A04098430CBF0120002022
:10BDC0004000D9E70620E4B2B4FBF0F3316903F197
:10BDD0001805E940C907DAB240D500FB1344E4B2C4
:10BDE000032C4FEA820294BF06F14C0306F1500384
:10BDF000134404F00304E4001A6807340123A34049
:10BE0000134219E0D8F81C309A0727D5D8F80C004F
:10BE1000B8E7E4B204F1080357F82330DB051DD579
:10BE200078680234E040C043ACE7C4F30524203412
:10BE300057F8243013F0400F14BF022001209BE775
:10BE4000C4F30552EB680E3203EB82035A68C4F365
:10BE50008534D3E703208FE700208DE701208BE7AF
:10BE60002DE9F3474FF000090C4601EB012145682D
:10BE700041F03F6141F47C21804617462E68D0F89E
:10BE800010A0CDF80490FFF760FF022803D0C7F898
:10BE9000009000201CE006F1400353F82430C3F367
:10BEA0000223012B17D0022B2CD0BBB9AA68631C2C
:10BEB00004F1210152F8211003EB43035A004046DC
:10BEC00001AB02F0FE0201F00F01F9F7E3FC28B12B
:10BED00002B0BDE8F087DAF80030019306F14803BC
:10BEE00053F82430443613F03F031EBF019AB2FBCF
:10BEF000F3F2019256F82420019BC2F30902534346
:10BF00003B60C6E7404601A9F9F76AFDDFE7F0B4F8
:10BF100006240A4691FBF4F104FB112443686642AF
:10BF200006F003061F6804F0030358BF7342032C96
:10BF30004FF00104D4BF4C3750378E003E44DB0035
:10BF40003768073304FA03F305693B4333602B8FEB
:10BF5000063294401C43EB6A2C87CB40DA0706D4A8
:10BF60002B6BCB40DB0702D5F0BCFAF781B8002081
:10BF7000F0BC704710B54468C1F30520A1689B016F
:10BF800001EB8001D1F8800003F0400302F00F02C2
:10BF900020F04F0013430343C1F8803010BD10B5AB
:10BFA00043680120C1F38534DB68C1F30551890082
:10BFB0000B44012ADA6B00FA04F00CBF02438243FF
:10BFC000DA6310BD436800205B681B6A0B60704732
:10BFD00043685B68186942400A4042401A61002089
:10BFE0007047436800205B68996170474368002090
:10BFF0005B6859617047436800205B68D96170478E
:10C0000030B50369D86800B30024884219D10868A4
:10C010008CB91C69D860A14200D118610020086069
:10C020002AB1DA680A601A69D96002B91961002078
:10C030000FE02846E9E720601869814208BF1C61CB
:10C04000ECE705680446002DF3D1002AE9D16FF032
:10C05000150030BD002070474368187AF8F70EBD10
:10C0600070B50B46C968054611B15E680C6801B928
:10C0700070BD8A682A4002D030464B6898471CB190
:10C08000236821461C46F2E72346FAE710B54368C9
:10C090005C68631893F8400000F0FE0083F84000ED
:10C0A00012F4403010D193F8402002F0FB0283F8E4
:10C0B000402093F8402002F0FD0283F84020012345
:10C0C0008B406360002010BD12F0020F49D1B0F523
:10C0D000403F10D193F8400040F0020083F8400048
:10C0E00001238B405103A36001D56361EAE712038A
:10C0F00048BFA361E6E7D00318D593F8400012F0DB
:10C10000300F40F0020083F840004FF0010000FAC9
:10C1100001F16160D6D093F8400040F0040083F84C
:10C120004000D3064CBFA1616161CBE7900318D5F5
:10C13000012012F0300F00FA01F10FD1500309D5A0
:10C140006161002093F8402002F0FD0283F8402056
:10C15000A160B8E71203F4D5A161F2E76FF08500A2
:10C16000F0E76FF08500AEE76FF05700704737B526
:10C170000C460569836801A95B68984748B92B6834
:10C1800001985840012303FA04F10840003818BF11
:10C19000012003B030BD0A2251F8043C01F1140023
:10C1A0005B681B68A3FB0223FCF700B930B503688A
:10C1B00013600579046804EBC504A34202D36FF051
:10C1C000010030BD5C7908338C42F1D10020F8E7E2
:10C1D00043689B681A7E520743BF9B6A00200B701E
:10C1E0006FF00F00704743689B681A7ED207FCD53A
:10C1F000996270470269002013680B6053684B60B6
:10C20000704743689B68588B5A8BC0F38000920735
:10C210005A8B48BF40F0040002F0010240EA42009D
:10C220005A8BD1065A8B48BF40F0080092065A8BB1
:10C2300048BF40F0100092B242F037025A83704774
:10C240000268012922F070620346026004D00229CC
:10C250000CD0026802607047026842F0807202608F
:10C26000426842F400525A60FBF73EB8026842F05E
:10C2700080720260426822F40052F4E738B5044646
:10C2800048B1FBF7A9FA782305465C43FBF7A4FA0B
:10C29000431BA342FAD338BD10B5436904463BB9EA
:10C2A0000020E2684042537843F00103537010BD10
:10C2B00098470028F4D00028B8BF4042FF28A8BF04
:10C2C000FF20E3681870ECE740B1C368587810F0BD
:10C2D00001001EBF1878B0FA80F040097047EFF3F4
:10C2E0001183202383F31288BFF36F8FFEE72DE9BC
:10C2F000F04F89B0DDE912680592434605463246A3
:10C3000006A80F4600F007FCDDE90634CDE902344B
:10C31000EFF311844FF0200989F31288BFF36F8F78
:10C3200005F10C0A05F1140B39462846059A149BB1
:10C33000984730B184F31188BFF36F8F09B0BDE81F
:10C34000F08F56EA0806F5D0DDE9022306A800F0D2
:10C3500007FCDDE90668524621465846CDE90068EB
:10C36000FCF78CFAEFF3118489F31288BFF36F8F17
:10C37000DAE710B400F10C04C0E9034410BCFDF787
:10C380003CBB38B50446EFF31185202383F31288B4
:10C39000BFF36F8FF4F726F904F10C0000F0E1FA17
:10C3A00030B1294604F11400BDE8384000F0BFBAAE
:10C3B00085F31188BFF36F8F38BD10B542696AB13C
:10C3C000836842EA0301890708D10169A2FB0114CD
:10C3D00024B95B182CBF0121002102D36FF0150096
:10C3E00005E0C1609B1A02698A4201D8002010BD95
:10C3F000C26801311A604269C3609B1AF3E72DE9F4
:10C40000F04105460F46EFF31188202383F312888D
:10C41000BFF36F8FC668FEB90468A0421CD0DCB1C0
:10C42000D4E9003213605A60237CC4E9006623F02B
:10C4300002032374A66004F1180000F031FB2046CB
:10C44000C4F88060676100F014FA414605F1080005
:10C45000BDE8F04100F06BBA3E60AB69EF60013BB4
:10C46000AB6188F31188BFF36F8FBDE8F0812024A2
:10C4700008B5EFF3118384F31288BFF36F8FFEF7D3
:10C48000A3F8F6E7D0E9003213605A600023027C7B
:10C49000C0E9003322F0020202748360704713B5D2
:10C4A00001240094FBF7AEFB02B010BD90F90E30F2
:10C4B0008B4201D0FCF70EBA0020704703460020E3
:10C4C000C3E90033C3E902007047D0E900321360CA
:10C4D0005A600023027CC0E9003322F00202027499
:10C4E000836070472DE9F843904604460D469DF859
:10C4F0002020EFF31187202181F31288BFF36F8F83
:10C5000002B14568A66804F10809B14516D0AEB17C
:10C5100000243046FFF7D9FF06F1180000F0C0FAFA
:10C520003046C6F88040C6F8148000F0A2F94846AC
:10C53000394600F0FCF92046BDE8F883A3B1082095
:10C54000FCF7C2FD002832D00122C0F8048002604E
:10C55000016801F003015DB922680A430260626864
:10C5600020606AB960600BE04046C8F80030EFE731
:10C570002A68032A10D80160616839B9C4E900004B
:10C58000002087F31188BFF36F8FD5E70A6802F0A8
:10C59000030202430A60E5E722F003020A43026055
:10C5A0002A6802F0030240EA02032B60E8E76FF01A
:10C5B0000B00E6E710B5044630B10268930703D0DC
:10C5C000446809B100F06BFB204610BD0023C0E9B0
:10C5D000003300F10803C0E902337047012307B5B7
:10C5E000009300230A461946FFF77CFF03B05DF86D
:10C5F00004FB002307B50A4600931946FFF772FFB4
:10C6000003B05DF804FB00210068FFF7D3BF3AB127
:10C610008A4205D3C0E90212C0E900000020704739
:10C620006FF015007047012302688B4022EA030374
:10C63000036022FA01F000F00100704710B50321F9
:10C6400004460C30FFF7EFFF30B104F1100000F0AA
:10C6500027FAB0FA80F0400910BD20B100229430D2
:10C66000114600F0DAB9704770B5C3680446C3F3E9
:10C6700040069B0716D4856802210C30FFF7D3FFD4
:10C6800080B1D5F88C206AB194421DD122689EB940
:10C69000D5F89030C5F88C209C4201D1C5F8902087
:10C6A00000232360E36813F01F001EBF43F0020362
:10C6B000E36040F0020070BD3260D5F890209442F3
:10C6C00008BFC5F89060EBE716461268DBE773B564
:10C6D0000446EFF31185202383F31288BFF36F8F95
:10C6E00000230193D0E90423B3F1004F08BF012ACE
:10C6F00005D085F31188BFF36F8F02B070BDA0F134
:10C70000100603210438FFF78EFF0028F1D0A3693B
:10C71000304601A90193FBF753FDEAE738B504461B
:10C720000D461022002100F0CEFA656038BD13B529
:10C7300001900846EFF31184202383F31288BFF39E
:10C740006F8F01A9FBF73CFD84F31188BFF36F8F56
:10C7500002B010BD10B5FFF7EAFF041E08DDEFF3CD
:10C760001180202383F31288BFF36F8FFCF71EF92B
:10C77000204610BD10B5EFF31184202383F31288F7
:10C78000BFF36F8FFFF770FF84F31188BFF36F8FD4
:10C7900010BD38B530220D460021044600F093FA52
:10C7A0004FF480736560E36038BDEFF305800038B7
:10C7B00018BF012070476FF0570070470020704786
:10C7C00038B58589EFF31181202282F31288BFF3F7
:10C7D0006F8F037C13F0080404D081F31188BFF33A
:10C7E0006F8F38BD0122FBF74FFFEB07F9D584F3BC
:10C7F0001188BFF36F8F0423184602DFF1E7FBF7C0
:10C80000FBBFD0E9003213605A600023C0E9003357
:10C81000704708B5FFF7F5FF037C23F002030374AC
:10C820000023836008BD38B504460D46FBF778FE4B
:10C83000237C43F002032374D5B1A5602B689D428D
:10C8400009D16B68C4E900531C606C6010E06A6831
:10C850009A42F6D01B68002BF3D093F90E1094F98E
:10C860000E209142F3DD5A68C4E9003214605C6026
:10C8700038BD10B5EFF31184202383F31288BFF382
:10C880006F8FFBF777FE84F31188BFF36F8F10BDB6
:10C89000FBF770BEFBF744BE08B5EFF31181202211
:10C8A00082F31288BFF36F8F83680BB1FFF7B1FF7C
:10C8B00081F31188BFF36F8F08BD08B5037C014673
:10C8C00013F0280F0CD183680BB1FFF7A2FF0B7C8C
:10C8D000084623F004030B74BDE80840FBF74ABE8A
:10C8E00008BD10B5EFF31184202383F31288BFF342
:10C8F0006F8F1838FFF7E1FF84F31188BFF36F8F54
:10C9000010BD08B50346EFF31181202282F312888F
:10C91000BFF36F8F0068834207D008B1FFF779FF3C
:10C9200081F31188BFF36F8F08BD0020F8E7084638
:10C93000FBF760BE38B5054604680020AC4200D164
:10C9400038BD002CFCD02046FFF763FF04F118002F
:10C9500000F0A6F82046FBF70DFE2C680120A5424A
:10C96000EDE710B5EFF31184202383F31288BFF3B2
:10C970006F8FFFF7DFFF84F31188BFF36F8F10BD58
:10C9800038B505460C46FCF725F8B4F1FF3F08BF63
:10C99000B5F1FF3F0AD0C11709304FF00A024FF03E
:10C9A000000341F10001F3F72BFB38BD4FF0FF30DE
:10C9B000FBE72DE9F04706460F4691469A46EFF30E
:10C9C0001188202383F31288BFF36F8F006886429B
:10C9D00006D028B1736898420CBF0025056868B975
:10C9E0000024B9F1000F02D051462046C84788F311
:10C9F0001188BFF36F8F2046BDE8F0875146B847D6
:10CA000004460028EDD135B17368AB4200D02C68E4
:10CA100028462546E3E72C46FAE738B5EFF31185BB
:10CA2000202383F31288BFF36F8F0468A0421CD0C9
:10CA3000ECB1C4F880106261D4E9003213605A602E
:10CA40000023227CC4E9003322F002022274A36096
:10CA500004F1180000F024F82046FFF719FF012028
:10CA600085F31188BFF36F8F38BD0020F8E72046AB
:10CA7000F6E708B50246FCF7BBF870B1D0E904311F
:10CA80009B1A61EBE272B3F1004F72F1000104DA1C
:10CA9000002AACBF1846002008BD6FF00040FBE73D
:10CAA000024638B5EFF31185202383F31288BFF3D4
:10CAB0006F8F0368D3B1FCF79BF804461046FCF770
:10CAC000A9F800224FF000438442C0E9042305D0B6
:10CAD000002085F31188BFF36F8F38BDFCF790F805
:10CAE000FFF7C7FF0021FAF7DDFDF1E7D0E90413F6
:10CAF000B3F1004F08BF012904D100204FF00041DD
:10CB0000C2E904016FF01500E3E708B5FCF78AF904
:10CB100008BDFCF787B9B3F1FF3F08BFB2F1FF3F93
:10CB200070B506461D46144614D01A4316D0002B85
:10CB300008DBFCF777F9041941EB0501C6E9004170
:10CB4000304670BD6FF001031C1B4FF0FF3363EBE9
:10CB50000501F3E74FF0FF342146EFE70024FBE740
:10CB6000B3F1FF3F08BFB2F1FF3FF8B507461646E5
:10CB70001C4610D054EA020311D0FCF753F9B0421E
:10CB80000A46A14103460AD2F31A64EB0204C7E93C
:10CB900000343846F8BD4FF0FF331C46F7E700235A
:10CBA000FBE70023C0E9081200F11802C0E90622E1
:10CBB000C0E900330363436370472DE9F34704463C
:10CBC000DDE90A9815460E4659B302F0010AFBF753
:10CBD00077FF0746EFF31181202383F31288BFF319
:10CBE0006F8FA80744BF0023A360A36803EA060071
:10CBF000BAF1000F0CD086420CD16A0744BF8343C0
:10CC0000A36081F31188BFF36F8F02B0BDE8F08796
:10CC10000028F2D159EA080305D181F31188BFF346
:10CC20006F8F0020F1E7C7E918652246CDE900982B
:10CC300004F10C00FBF722FE0028F2D1386EE4E785
:10CC400010B50B680446D0E9180212F0010F03EA90
:10CC5000000301D0984211D183B12366520748BF27
:10CC60004A6804F1180044BF1A434A60FFF718FFEE
:10CC700000232046C4F88030FFF71FFE002010BDBF
:10CC80000023C0E90000836070470A46FCF7D0B972
:10CC90000A460021FCF7CCB95200FFF78EBF20B145
:10CCA000011F50F8040CFFF76CBB70470A44431E89
:10CCB000914200D1704710B511F8014B914203F831
:10CCC000014FF9D110BD02440346934200D1704791
:10CCD00003F8011BF9E70246014410B58A421346E6
:10CCE00003D01C780132002CF8D1181A10BDF0B511
:10CCF000C3F13707044603F01F031046FFB2082BA9
:10CD0000E6B232D0102B3DD06508A40845EAC175C3
:10CD100044EA81748A082D1942EB5102290941EA3B
:10CD200002716D1842EB1212290A41EA02616D1874
:10CD300042EB1222290C41EA02416D1842EB1242E9
:10CD4000AD1842F10002EC0844EA4274D10804EB49
:10CD50008402A6EB4205EDB2092D0CD90134A5F1F0
:10CD60000A0541F10001EDB212E0E40806F0070502
:10CD700044EA4174C908303554EA010200F8015B05
:10CD8000BDD1F0BD240906F00F0544EA017409097C
:10CD9000092D84BFED19EDB2EDE7D1E904329342DC
:0CCDA0001EBF5A1C0A611870704700008A
:08CDAC00AC32FF7F0100000022
:10CDB4000000000034CE000C417B000C0000000099
:10CDC400817B000C000000000000000088CE000CF5
:10CDD400000000006CCE000C0000000050CE000CDF
:10CDE40000000000A4CE000C856E000C00000000C2
:10CDF4000576000C000000006510000C0000000027
:10CE04005528000C000000003580000C00000000D4
:10CE140000000000DCCE000C00000000C0CE000CBE
:10CE240000000000F8CE000CE136000C0000000009
:10CE340079F4000C80D7000C5CD4000CAA04002008
:10CE4400CC170020C16B000C00000000DEEB000CCE
:10CE5400B8D6000C00000000A6040020981400209E
:10CE64001949000C00000000C4F4000C98D7000C11
:10CE740038D4000CAC0400200818002055C0000C65
:10CE840000000000D2F4000CA4D7000C38D4000C2D
:10CE9400AE0400201C18002055C0000C0000000047
:10CEA400CDF5000CF0D7000C78D4000CB2040020AF
:10CEB400301800201D74000C00000000B3DA000CD0
:10CEC40098D6000C00000000A4040020E400002018
:10CED4009D43000C0000000038EE000CE0D6000C6E
:10CEE40030D7000CA80400203002002033BB000C13
:10CEF4000000000093F5000CB0D7000C0000000007
:10CF0400B0040020A31800204970000C00000000A9
:10CF140000000000ADA5000C00000000ADA5000C51
:10CF240000000000ADA5000C00000000ADA5000C41
:10CF340000000000ADA5000C00000000ADA5000C31
:10CF440000000000ADA5000C00000000ADA5000C21
:10CF540000000000ADA5000C00000000ADA5000C11
:10CF640000000000ADA5000C00000000ADA5000C01
:10CF740000000000ADA5000C50CE000CB7AD000CB5
:10CF840050CE000CE5AD000C50CE000C15AE000CDC
:10CF940050CE000C45AE000C50CE000C75AE000C0B
:10CFA40050CE000CA5AE000C50CE000CD5AE000C3B
:10CFB40050CE000C05AF000C50CE000C35AF000C69
:10CFC40050CE000C6BAF000C50CE000CA1AF000C87
:10CFD40050CE000CD7AF000C50CE000C0DB0000C9E
:10CFE40050CE000C43B0000C50CE000C79B0000CB5
:10CFF40050CE000CAFB0000C00000000ADA5000C3A
:10D0040000000000ADA5000C00000000ADA5000C60
:10D0140000000000ADA5000C00000000ADA5000C50
:10D0240000000000ADA5000C00000000ADA5000C40
:10D0340000000000ADA5000C00000000ADA5000C30
:10D0440000000000ADA5000C00000000ADA5000C20
:10D0540000000000ADA5000C00000000ADA5000C10
:10D0640000000000ADA5000C00000000ADA5000C00
:10D0740000000000ADA5000C00000000ADA5000CF0
:10D0840000000000ADA5000C00000000ADA5000CE0
:10D0940000000000ADA5000C00000000ADA5000CD0
:10D0A40000000000ADA5000C00000000ADA5000CC0
:10D0B40000000000ADA5000C00000000ADA5000CB0
:10D0C40000000000ADA5000C00000000ADA5000CA0
:10D0D40000000000ADA5000C00000000ADA5000C90
:10D0E40000000000ADA5000C00000000ADA5000C80
:10D0F40000000000ADA5000C00000000ADA5000C70
:10D1040000000000ADA5000C00000000ADA5000C5F
:10D1140000000000ADA5000C00000000ADA5000C4F
:10D1240000000000ADA5000C00000000ADA5000C3F
:10D1340000000000ADA5000C00000000ADA5000C2F
:10D1440000000000ADA5000C00000000ADA5000C1F
:10D1540000000000ADA5000C00000000ADA5000C0F
:10D1640000000000ADA5000C00000000ADA5000CFF
:10D1740000000000ADA5000C00000000ADA5000CEF
:10D1840000000000ADA5000C00000000ADA5000CDF
:10D1940000000000ADA5000C00000000ADA5000CCF
:10D1A40000000000ADA5000C00000000ADA5000CBF
:10D1B40000000000ADA5000C00000000ADA5000CAF
:10D1C40000000000ADA5000C00000000ADA5000C9F
:10D1D40000000000ADA5000C00000000ADA5000C8F
:10D1E40000000000ADA5000C00000000ADA5000C7F
:10D1F40000000000ADA5000C00000000ADA5000C6F
:10D2040000000000ADA5000C00000000ADA5000C5E
:10D2140000000000ADA5000C00000000ADA5000C4E
:10D2240000000000ADA5000C00000000ADA5000C3E
:10D2340000000000ADA5000C00000000ADA5000C2E
:10D2440000000000ADA5000C00000000ADA5000C1E
:10D2540000000000ADA5000C00000000ADA5000C0E
:10D2640000000000ADA5000C00000000ADA5000CFE
:10D2740000000000ADA5000C00000000ADA5000CEE
:10D2840000000000ADA5000C00000000ADA5000CDE
:10D2940000000000ADA5000C00000000ADA5000CCE
:10D2A40000000000ADA5000C00000000ADA5000CBE
:10D2B40000000000ADA5000C00000000ADA5000CAE
:10D2C40000000000ADA5000C00000000ADA5000C9E
:10D2D40000000000ADA5000C00000000ADA5000C8E
:10D2E40000000000ADA5000C00000000ADA5000C7E
:10D2F40000000000ADA5000C00000000ADA5000C6E
:10D3040000000000ADA5000C00000000ADA5000C5D
:10D3140000000000ADA5000C00000000ADA5000C4D
:10D3240000000000ADA5000C00000000ADA5000C3D
:10D3340000000000ADA5000C00000000ADA5000C2D
:10D3440000000000ADA5000C00000000ADA5000C1D
:10D3540000000000ADA5000C00000000ADA5000C0D
:10D3640000000000ADA5000C00000000ADA5000CFD
:10D3740000000000ADA5000C00000000ADA5000CED
:10D3840000000000ADA5000C00000000ADA5000CDD
:10D3940000000000ADA5000C00000000ADA5000CCD
:10D3A40000000000ADA5000C00000000ADA5000CBD
:10D3B40000000000ADA5000C00000000ADA5000CAD
:10D3C400DCCE000C9D52000CDCCE000C9D52000CF7
:10D3D400DCCE000C9D52000CDCCE000C9D52000CE7
:10D3E40000000000ADA5000C00000000ADA5000C7D
:10D3F40000000000ADA5000C00000000ADA5000C6D
:10D40800B00B0020A81F0020000400008547000C76
:10D418000000000000000000000000000E000000F6
:10D42800000000009EEA000C000000000000000060
:10D438008DC0000CC5BF000CD1BF000CE3BF000CB1
:10D44800EDBF000CF7BF000CD56E000C01C0000C3E
:04D4580059C0000CAB
:10D45C001161000C095F000C00000000C55D000CA0
:0CD46C004BBD000C00000000295A000C11
:10D47800D1C1000CE7C1000C03C2000C1D73000CE5
:04D48800F5C1000CDE
:10D48C0003DC000C0300000088F4000C0300000017
:10D49C009BF5000C03000000E0F4000C03000000FE
:10D4AC00F2F4000C010000009EEA000C03000000E6
:10D4BC00FCEB000C0300000027DC000C0300000058
:10D4CC002BDC000C030000002EDD000C0300000020
:10D4DC0018E2000C03000000E6E9000C0300000059
:10D4EC009AE2000C03000000C6F6000C03000000DA
:10D4FC0058DB000C03000000D6DA000C030000001F
:10D50C0014DC000C03000000DDF5000C030000002F
:10D51C00AFEC000C0200000045EE000C0200000015
:10D52C0097E7000C02000000F8E4000C0200000079
:10D53C0067E8000C02000000E1E5000C02000000AE
:10D54C0083E3000C020000007AE3000C02000000F0
:10D55C00F2E8000C02000000A3E8000C020000003E
:10D56C0073E6000C020000004CEA000C0300000003
:10D57C00FAE8000C02000000C9D9000C03000000FE
:10D58C003CD6000CCC0000201DDD000C010000007E
:0CD59C00000000002904000C000000004A
:10D5A800C1D9000C000000006D04000C0905000C36
:10D5B800C0CE000CE146000CC4D5000CB3DA000C58
:10D5C80001000000CADA000C00010101010000009E
:10D5D800E80600200001000001A3000C9FA2000C37
:10D5E80002000000A9A4000C0000000000000000D8
:10D5F8000000000000000000FDDC000C05DD000C50
:10D608000000000000000000000000000DDD000C1C
:10D6180011DD000C15DD000C19DD000C2CD6000CFA
:10D6280044100020091A000C5C100020A1180020EA
:10D638000100000069A5000C5FA5000C2DA5000CD9
:10D6480021A5000C0000000015A5000C000000003A
:10D658000000002000000000060001000200000099
:10D668006CD6000C000000088BE2000C06000000DD
:10D67800E0FF1F0C0000002093E2000C21000000D6
:10D68800E0FF0720E128000C000000003DA6000C88
:10D698000B030020BC0100207C0100208CD6000C6C
:10D6A800B4D6000C00020000000000009810002012
:10D6B80000A0014434CE000C1A7F132403C5FF1FB9
:10D6C800E5B0000C0100000074D7000C0C05002028
:10D6D800000000000000000000A00245CC16002059
:10D6E80008000000CC140020CC15002020D7000C26
:10D6F80034CE000C3E7F342437EEFF1F02000000BA
:10D708008AF7000C0C0000009071000AD1BA000CD6
:10D71800B3BA000CD54E000C28D7000C010000004D
:10D7280062D8000C0200000085B9000C6FBC000C28
:10D7380057BA000C2BB9000CBBBB000C0000000052
:10D74800A9B9000CD7B8000C73B9000C63B9000C68
:10D75800000000003155000C0550000C89B9000C80
:10D76800B94F000C53BC000C41BC000C17BD000C99
:10D7780000000000FFBC000C00C0004400E00044B2
:10D78800000001440020014400800044050000001E
:10D79800FFFFFFFF8011804423000000FFFFFFFF11
:10D7A80080108044210000001E00000002000000DC
:10D7B800C8D7000C280D0020D16F000C0000000015
:10D7C80088CE000C1A0011000B0000006CCE000C73
:10D7D8000200110002000000001080448010804404
:10D7E800001180448011804400C201000300010040
:10D7F80000200045000100000100000000000000BA
:10D8080034CE000C2E7F302423DAFF1F18D8000CEA
:10D8180020D8000C010000006AD8000C02000000AB
:10D8280077F6000C85F6000C99F6000CA8F6000CAB
:10D83800B4F6000CB4CD000CB4CD000CF4CD000C43
:10D84800FCCD000C34CE000C34CE000CC9F6000C14
:10D858000001000000000000090443720000337258
:10D86800000090230000802300004661696C656415
:10D8780020746F20696E697469616C697A65206CBF
:10D88800616E67756167652064657363726970743A
:10D898006F722028256429004661696C65642074CC
:10D8A8006F20696E697469616C697A65206D616E53
:10D8B80075666163747572657220646573637269F5
:10D8C80070746F722028256429004661696C65644C
:10D8D80020746F20696E697469616C697A6520705B
:10D8E800726F647563742064657363726970746FB2
:10D8F800722028256429004661696C656420746F6C
:10D9080020696E697469616C697A6520534E206478
:10D91800657363726970746F7220282564290046E4
:10D9280061696C656420746F206164642046756C5D
:10D938006C2D537065656420636F6E6669677572D8
:10D948006174696F6E004661696C656420746F204C
:10D9580061646420726567697374657220636C61C1
:10D9680073736573004661696C656420746F207217
:10D9780065676973746572206D6573736167652087
:10D9880063616C6C6261636B004661696C656420FD
:10D99800746F20696E697469616C697A6520646561
:10D9A8007669636520737570706F72740073616D4A
:10D9B800706C655F75736264006466755F64667534
:10D9C80000757362645F73616D706C655F636F6E21
:10D9D800666967005265636569766564204D4944E8
:10D9E80049207061636B657420284D543D25582982
:10D9F8000053656E64206261636B204D4944493170
:10DA0800206D657373616765202530325820253095
:10DA180032582025303258004D49444920646576F3
:10DA2800696365206E6F7420726561647900556E54
:10DA380061626C6520746F207365747570204C4545
:10DA4800442C206E6F74207573696E6720697400AA
:10DA58004661696C656420746F20696E69746961D8
:10DA68006C697A6520555342206465766963650060
:10DA78004661696C656420746F20656E61626C65CF
:10DA88002064657669636520737570706F727400C1
:10DA98005553422064657669636520737570706FAD
:10DAA800727420656E61626C6564005A657068798D
:10DAB80072205553422D4D4944492053616D706C75
:10DAC80065004D4944492D494E2D4F555400736109
:10DAD8006D706C655F7573625F6D69646900686518
:10DAE800617020636F7272757074696F6E20286E32
:10DAF8006F7420696E207573653F29206174202535
:10DB080070006865617020636F7272757074696FF8
:10DB18006E2028627566666572206F766572666C1F
:10DB28006F773F2920617420257000686561702037
:10DB3800636F7272757074696F6E2028646F756296
:10DB48006C6520667265653F292061742025700028
:10DB58006F735F686561700028756E7369676E65BD
:10DB680064292063686172202A20757365642066C1
:10DB78006F722025257020617267756D656E742E31
:10DB88002049742773207265636F6D6D656E6465D7
:10DB98006420746F206361737420697420746F202B
:10DBA800766F6964202A20626563617573652069F0
:10DBB80074206D6179206361757365206D69736286
:10DBC80065686176696F7220696E20636572746139
:10DBD800696E20636F6E66696775726174696F6ECE
:10DBE800732E20537472696E673A2225732220615E
:10DBF8007267756D656E743A256400636270726948
:10DC08006E74665F7061636B616765007379735FDB
:10DC18006765746F7074006C6F6767696E67006C16
:10DC28006F67006C6F675F6D676D74004D65737328
:10DC3800616765202822257322292064726F70701D
:10DC48006564206265636175736520697420657811
:10DC580063656564732073697A65206C696D69749E
:10DC68006174696F6E2028257529004D657373618D
:10DC780067652064726F70706564206265636175A2
:10DC880073652069742065786365656473207369BA
:10DC98007A65206C696D69746174696F6E202825D6
:10DCA8007529000D0A001B5B306D00257320005B91
:10DCB8002530386C755D20005B253032753A25308B
:10DCC80032753A253032752E253033752C25303390
:10DCD800755D20002573003C25733E200025732FB9
:10DCE8000025733A200025303278200020202000BB
:10DCF8007C002563001B5B313B33316D001B5B31BE
:10DD08003B33336D006572720077726E00696E6620
:10DD180000646267006C6F675F6261636B656E6465
:10DD28005F75617274006C6F675F75617274007201
:10DD3800302F61313A202030782530387820207211
:10DD4800312F61323A2020307825303878202072FF
:10DD5800322F61333A2020307825303878007233FA
:10DD68002F61343A202030782530387820723132CB
:10DD78002F69703A20203078253038782072313475
:10DD88002F6C723A2020307825303878002078704F
:10DD980073723A2020307825303878004661756CE7
:10DDA80074696E6720696E737472756374696F6ED7
:10DDB800206164647265737320287231352F706333
:10DDC800293A2030782530387800556E68616E64BD
:10DDD8006C6564204952516E3A202564002A2A2A2B
:10DDE8002A2A205553414745204641554C54202A5C
:10DDF8002A2A2A2A0020204469766973696F6E20CE
:10DE08006279207A65726F002020556E616C6967AF
:10DE18006E6564206D656D6F7279206163636573EB
:10DE280073002020537461636B206F766572666C93
:10DE38006F772028636F6E746578742061726561EE
:10DE4800206E6F742076616C6964290020204E6F03
:10DE580020636F70726F636573736F7220696E737E
:10DE68007472756374696F6E73002020496C6C65F9
:10DE780067616C206C6F6164206F66204558435F52
:10DE880052455455524E20696E746F2050430020FD
:10DE980020496C6C6567616C20757365206F66201E
:10DEA8007468652045505352002020417474656D94
:10DEB800707420746F206578656375746520756E5D
:10DEC800646566696E656420696E737472756374DF
:10DED800696F6E002A2A2A2A2A204D505520464169
:10DEE800554C54202A2A2A2A2A0020205374616378
:10DEF8006B696E67206572726F722028636F6E742B
:10DF08006578742061726561206D69676874206244
:10DF180065206E6F742076616C6964290020205535
:10DF28006E737461636B696E67206572726F7200DD
:10DF380020204461746120416363657373205669CE
:10DF48006F6C6174696F6E0020204D4D4641522000
:10DF5800416464726573733A203078257800202014
:10DF6800496E737472756374696F6E20416363657B
:10DF780073732056696F6C6174696F6E0020204658
:10DF88006C6F6174696E672D706F696E74206C6157
:10DF98007A7920737461746520707265736572761E
:10DFA8006174696F6E206572726F72002A2A2A2A5C
:10DFB8002A20425553204641554C54202A2A2A2AC1
:10DFC8002A002020537461636B696E672065727242
:10DFD8006F720020205072656369736520646174F4
:10DFE8006120627573206572726F7200202042464C
:10DFF800415220416464726573733A203078257801
:10E00800002020496D7072656369736520646174CE
:10E018006120627573206572726F72002020496EEC
:10E02800737472756374696F6E206275732065729C
:10E03800726F72002A2A2A2A2A20534543555245CC
:10E04800204641554C54202A2A2A2A2A00202041B9
:10E058006464726573733A2030782578002020490B
:10E068006E76616C696420656E74727920706F6970
:10E078006E74002020496E76616C696420696E7444
:10E08800656772697479207369676E617475726502
:10E09800002020496E76616C69642065786365703C
:10E0A80074696F6E2072657475726E0020204174F9
:10E0B800747269627574696F6E20756E6974207602
:10E0C800696F6C6174696F6E002020496E76616CAF
:10E0D8006964207472616E736974696F6E002020C0
:10E0E8004C617A7920737461746520707265736508
:10E0F80072766174696F6E0020204C617A792073A2
:10E1080074617465206572726F720052657365720E
:10E1180076656420457863657074696F6E202800A1
:10E1280053707572696F757320696E746572727554
:10E1380070742028495251200020205320696E73A2
:10E148007472756374696F6E206164647265737349
:10E158003A202030782578002A2A2A2A2A2048417D
:10E168005244204641554C54202A2A2A2A2A002063
:10E1780020427573206661756C74206F6E20766519
:10E1880063746F72207461626C65207265616400EB
:10E1980020204465627567206576656E74002020CE
:10E1A8004661756C7420657363616C6174696F6E28
:10E1B80020287365652062656C6F7729004152439A
:10E1C800485F455843455054207769746820726504
:10E1D80061736F6E2025780A002A2A2A2A2A204489
:10E1E80065627567206D6F6E69746F7220657863FC
:10E1F800657074696F6E202A2A2A2A2A002A2A2A18
:10E208002A2A20257320256429202A2A2A2A2A0036
:10E218006D7075004661696C656420746F20616C6F
:10E228006C6F63617465206E6577204D5055207260
:10E238006567696F6E2025750A005061727469748C
:10E24800696F6E2025753A20636F686572656E6325
:10E258006520636865636B206661696C65642E0080
:10E26800496E76616C696420756E6465726C796953
:10E278006E6720726567696F6E20696E64657820C5
:10E28800257500464C4153485F30005352414D5F5D
:10E2980030006E65745F6275665F73696D706C657A
:10E2A8000055534220646576696365207375707004
:10E2B8006F727420697320616C726561647920697A
:10E2C8006E697469616C697A6564005553422064AB
:10E2D800657669636520636F6E74726F6C6C6572C6
:10E2E800206973206E6F74207265616479005553DC
:10E2F800422064657669636520737570706F727407
:10E30800206973206E6F7420696E697469616C6925
:10E318007A656400555342206465766963652073A5
:10E328007570706F727420697320616C72656164B6
:10E338007920656E61626C6564004661696C65642C
:10E3480020746F20656E61626C6520636F6E7472F5
:10E358006F6C6C65720042756666657220707265D6
:10E36800616C6C6F636174696F6E206661696C655E
:10E378006400757362645F64657600757362645FD8
:10E3880064657363004661696C656420746F206519
:10E398006E71756575652053746174757320494E87
:10E3A80020627566666572004661696C65642074F2
:10E3B8006F20656E717565756520534554555020FD
:10E3C8006275666665720043616E206F6E6C7920B7
:10E3D80068616E646C6520636F6E74726F6C207216
:10E3E80065717565737473004D616C666F726D65E8
:10E3F80064207365747570207061636B6574005573
:10E408006E657870656374656420627566666572AA
:10E41800206C696E6B656420746F20736574757009
:10E42800004661696C656420746F207365742064AC
:10E4380065766963652061646472657373203078FA
:10E448002578004661696C656420746F2073657473
:10E4580020636F6E66696775726174696F6E2025D7
:10E46800752C20256400436F6E6669677572617448
:10E47800696F6E2064657363726970746F722025AA
:10E4880075206E6F7420666F756E64004857494E2C
:10E49800464F206E6F7420696D706C656D656E7483
:10E4A8006564206F7220656E61626C656400466108
:10E4B800696C656420746F20656E7175657565207B
:10E4C800537461747573204F555420627566666580
:10E4D80072004661696C656420746F20656E6162C4
:10E4E8006C6520544553545F4D4F444520257500B5
:10E4F800757362645F636839004661696C6564209E
:10E50800746F20676574206366675F6E642C20648F
:10E5180065737069746520636F6E66696775726587
:10E528006420737461746500556E7265636F7665F7
:10E538007261626C65206572726F722025642C208E
:10E548006570203078253032782C20627566202559
:10E5580070004661696C656420746F20736574206F
:10E5680064656661756C7420616464726573732098
:10E5780061667465722062757320726573657400D4
:10E588004661696C656420746F20736574206465E6
:10E598006661756C74207374617465206166746556
:10E5A8007220627573207265736574005544432048
:10E5B8006572726F72206576656E74004661696C6B
:10E5C800656420746F20696E697420646576696378
:10E5D800652064726976657200757362645F636F43
:10E5E800726500456E64706F696E672030782530FB
:10E5F8003278206E6F742061737369676E6564008A
:10E608004661696C656420746F2061737369676E15
:10E6180020656E64706F696E7420616464726573DE
:10E62800736573004661696C656420746F20696E58
:10E63800697469616C697A6520636C6173732069B8
:10E648006E7374616E6365004661696C65642074FD
:10E658006F20696E697420465320636F6E66696720
:10E6680075726174696F6E20257500757362645FD9
:10E67800696E6974004661696C656420746F207204
:10E688006573657420636F6E666967757261746916
:10E698006F6E0046656174757265206E6F742073C5
:10E6A8007570706F7274656420627920636F6E7420
:10E6B800726F6C6C657200555342206465766963AD
:10E6C8006520737570706F727420697320696E6944
:10E6D8007469616C697A656400537461636B20774F
:10E6E800617320636F6D70696C6564207769746805
:10E6F8006F757420486967682D5370656564207369
:10E708007570706F727400465320636F6E66696728
:10E7180020616C7265616479206F6E204853206CAB
:10E7280069737400556E737570706F7274656420C8
:10E73800636F6E66696775726174696F6E20737056
:10E7480065656400436F6E66696775726174696FA9
:10E758006E2025752072652D696E73657274656407
:10E76800004661696C656420746F2061646420638D
:10E778006F6E66696775726174696F6E2073747203
:10E78800696E672064657363726970746F7200756F
:10E798007362645F636667005553422064657669F7
:10E7A800636520636C617373202573206E6F74201A
:10E7B800666F756E64004E6F20636F6E666967756D
:10E7C800726174696F6E2073657420284164647285
:10E7D8006573732073746174652900436C61737386
:10E7E80020696E7374616E636520616C7265616423
:10E7F80079207265676973746572656400436C613A
:10E808007373207265676973746572656420746FC9
:10E81800206F7468657220636F6E74657874206108
:10E828007420646966666572656E742073706565C8
:10E8380064004661696C656420746F20726567695D
:10E848007374657220257320746F20465320636F9C
:10E858006E66696775726174696F6E2025750075DB
:10E868007362645F636C617373004661696C6564AD
:10E8780020746F2068616E646C65206F7020256459
:10E888002C206570203078253032782C20626D205D
:10E898003078253038782C20256400757362645FE1
:10E8A80069666163650064657669636520697320DC
:10E8B80073757370656E6465640053657420686170
:10E8C8006C7420307825303278206661696C656414
:10E8D80000436C6561722068616C74203078253063
:10E8E8003278206661696C656400757362645F657F
:10E8F8007000757362645F6D7367005472616E7344
:10E90800666572206572726F7220256400496E63B5
:10E918006F6D706C65746520554D50005472616957
:10E928006C696E67206461746120696E205278207A
:10E938006275666665720025732073657420555389
:10E94800422D4D494449312E3020616C74736574F1
:10E9580074696E6720286E6F7420696D706C656DC0
:10E96800656E746564202129002573207365742001
:10E978005553422D4D494449322E3020616C7473F1
:10E98800657474696E6700556E61626C6520746F9A
:10E9980020616C6C6F63617465205478206E6574B7
:10E9A8005F627566004661696C656420746F2065F6
:10E9B8006E7175657565205478206E65745F627533
:10E9C80066202D3E20256400556E61626C652074BA
:10E9D8006F20616C6C6F63617465205278206E657E
:10E9E800745F627566004661696C656420746F20A7
:10E9F800656E7175657565205278206E65745F6205
:10EA08007566202D3E202564004D494449322E303C
:10EA1800206973206E6F7420656E61626C65640096
:10EA28004E6F7420656E6F756768207370616365DB
:10EA380020696E207478207175657565006D69644C
:10EA4800695F3000757362645F6D69646932006B79
:10EA58005F6D7367715F676574206572726F723A74
:10EA6800202564004576656E742064726F70706549
:10EA7800642C2071756575652066756C6C2C206E2C
:10EA88006F7420626C6F636B696E6720696E2073A8
:10EA9800797377712E00696E70757400556E737591
:10EAA80070706F7274656420706F7274206964206E
:10EAB80070726F76696465640054696D656F75740A
:10EAC8002077616974696E6720666F7220454943D3
:10EAD8005F53594E434255535920626974732074E9
:10EAE8006F20636C65617200436C6F636B20636FAA
:10EAF8006E74726F6C206F6E206661696C6564203D
:10EB0800666F72206D636C6B20256400436C6F63C5
:10EB18006B20636F6E74726F6C206F6E2066616914
:10EB28006C656420666F722067636C6B20256400D7
:10EB38004E6F20454943206C696E65206173736F81
:10EB4800636961746564207769746820706F727492
:10EB58002025642070696E20256400496E76616CFA
:10EB6800696420706F7274206964207061737365C2
:10EB780064006E6F206173736F63696174656420EC
:10EB8800656963206C696E6520666F756E64004503
:10EB98004943204C696E6520256420616C7265616B
:10EBA8006479206F776E656420627920706F727463
:10EBB8002025642070696E2025642028726571758F
:10EBC800657374656420706F7274202564207069A1
:10EBD8006E2025642900696E746572727570742DD3
:10EBE800636F6E74726F6C6C65724034343031616F
:10EBF80030303000696E74635F6D6368705F65699B
:10EC0800635F67310073757370656E640072657356
:10EC1800756D650053707572696F75732025732063
:10EC28006576656E740065702030782530327820FE
:10EC3800616C726561647920656E61626C656400FF
:10EC4800456E64706F696E74203078253032782094
:10EC580076616C69646174696F6E206661696C6560
:10EC6800640065702030782530327820616C7265D8
:10EC78006164792064697361626C656400466169E6
:10EC88006C656420746F20616C6C6F6361746520BF
:10EC98006E65745F62756620257A642C2065702025
:10ECA80030782530327800756463004661696C6598
:10ECB8006420746F20726567697374657220656E6D
:10ECC80064706F696E740065702030782530327812
:10ECD80020627566666572206973207573656420A5
:10ECE80062792074686520636F6E74726F6C6C65EE
:10ECF800720054696D656F75742077616974696E07
:10ED08006720666F722053575253542073796E638D
:10ED1800004661696C656420746F20646973616280
:10ED28006C6520636F6E74726F6C20656E64706FB3
:10ED3800696E74004E6F2062756666657220666F34
:10ED4800722065702030782530327800456E647006
:10ED58006F696E7420307825303278206275737947
:10ED68000057726F6E67206279746520636F756EE5
:10ED78007420257520666F72207365747570207015
:10ED880061636B6574004661696C656420746F200B
:10ED9800636F6E66696775726520555342204743F5
:10EDA8004C4B3A202564004661696C656420746F99
:10EDB80020656E61626C65205553422047434C4B79
:10EDC8003A202564004661696C656420746F20658B
:10EDD8006E61626C6520555342204D434C4B3A207E
:10EDE8002564004661696C656420746F20617070E9
:10EDF8006C792064656661756C742070696E6374E3
:10EE0800726C20737461746520282564290046613A
:10EE1800696C656420746F20656E61626C6520633F
:10EE28006F6E74726F6C20656E64706F696E7400BB
:10EE38007573624034353032613030300075646348
:10EE48005F6D6368705F67310025733A20434C4FEC
:10EE5800434B5F434F4E54524F4C5F5355425359A7
:10EE6800535F414C4C206973206E6F74207375702A
:10EE7800706F727465640025733A20496E76616C10
:10EE880069642073756273797374656D2074797021
:10EE9800653D25640025733A20496E76616C696486
:10EEA80020696E7374616E636520256420666F72D5
:10EEB800207479706520256420286D617820256488
:10EEC800290025733A205265637572736976652047
:10EED800646570656E64656E6379206465746563E6
:10EEE8007465640025733A20496E76616C69642004
:10EEF800504C4C20736F7572636520646570656E45
:10EF080064656E63790025733A20496E76616C6991
:10EF1800642047434C4B50494E20736F75726365AC
:10EF28002049440025733A204E554C4C20636F6E9F
:10EF380066696775726174696F6E20706F696E7447
:10EF480065720025733A20496E76616C6964207396
:10EF5800756273797374656D20747970653D256485
:10EF680020696E7374616E63653D25640025733A8C
:10EF78002044464C4C34384D53594E432074696DE7
:10EF8800656F7574206F6E2077726974696E67207B
:10EF98004F53434354524C5F44464C4C4354524C99
:10EFA800420025733A2044464C4C34384D53594E50
:10EFB800432074696D656F7574206F6E2077726970
:10EFC80074696E67204F53434354524C5F44464C18
:10EFD8004C4D554C0025733A2044464C4C34384D22
:10EFE80053594E432074696D656F7574206F6E2098
:10EFF80077726974696E67204F53434354524C5F6C
:10F0080044464C4C4354524C410025733A204743E4
:10F018004C4B5F53594E43425553592074696D65A3
:10F028006F7574206F6E2077726974696E672047F8
:10F03800434C4B5F47454E4354524C5B25645D003F
:10F0480025733A2074696D656F7574206F6E20772B
:10F05800726974696E672047434C4B5F504348435D
:10F0680054524C5F4348454E5F4D736B0025733ACD
:10F0780020496E76616C6964207375627379737464
:10F08800656D0025733A20556E737570706F7274D4
:10F0980065642073756273797374656D2074797013
:10F0A800650025733A2047434C4B47454E30206353
:10F0B800616E6E6F742062652064697361626C654D
:10F0C800642028616C77617973204F4E290025737D
:10F0D8003A20504C4C5B25645D206C6F636B207448
:10F0E800696D6564206F75740025733A20556E73D9
:10F0F8007570706F7274656420636C6F636B2073D6
:10F10800756273797374656D2074797065202564F0
:10F118000025733A20436C6F636B204F4E206F704D
:10F1280065726174696F6E206661696C656400253B
:10F13800733A20436C6F636B204F4E2074696D6582
:10F148006F75740025733A20584F534320726561D8
:10F1580064792074696D6564206F75740025733A4D
:10F1680020736B697070696E672064666C6C3438E4
:10F178006D5F696E69742C2061732044464C4C2085
:10F18800697320616C7265616479206F6E00257304
:10F198003A20736B697070696E672064666C6C34B2
:10F1A800386D5F696E69742C20617320736F757296
:10F1B80063652067636C6B2D2564206973206F6617
:10F1C800662E20284D6178696D756D20696E6974A9
:10F1D800207265747279203D202564290025733AD0
:10F1E80020736B697070696E672064666C6C343864
:10F1F8006D5F696E69742C2061732044464C4C2005
:10F2080069732064726976696E672067636C6B3016
:10F218002028435055290025733A2044464C4C3445
:10F22800384D2072656164792074696D6564206F5A
:10F2380075740025733A2044464C4C34384D535964
:10F248004E432074696D656F7574206F6E207772F8
:10F258006974696E672047434C4B5F504348435479
:10F26800524C0025733A20736F7572636520636C86
:10F278006F636B202864726976696E6720504C4C06
:10F288005F256429206973206F66662E20284D61EA
:10F2980078696D756D20696E69742072657472790C
:10F2A800203D202564290025733A20535550435F9B
:10F2B8005354415455532074696D656F7574206FAC
:10F2C8006E2077726974696E6720535550435F5694
:10F2D8005245474354524C0025733A2074696D6572
:10F2E8006F7574206F6E2077726974696E67206617
:10F2F80072616374696F6E616C20646976696465B4
:10F30800720025733A20736B697070696E6720709C
:10F318006C6C5F25645F6F75745F25645F696E69E7
:10F32800742C20617320697420697320616C726584
:10F33800616479206F6E0025733A20736B69707071
:10F34800696E6720706C6C5F25645F6F75745F25EC
:10F35800645F696E69742C206173206472697669D0
:10F368006E6720504C4C206973206F6666002573C9
:10F378003A20736B697070696E6720786F736333B6
:10F38800326B5F696E69742C20617320697420691F
:10F398007320616C7265616479206F6E0025733A21
:10F3A800204F534333324B4354524C2072656164AF
:10F3B800792074696D6564206F75740025733A202F
:10F3C800736B697070696E672067636C6B67656ED5
:10F3D8002D25645F696E69742C206173206974201F
:10F3E800697320616C7265616479206F6E002573A2
:10F3F8003A20736B697070696E672067636C6B671E
:10F40800656E5F696E69742C20617320736F757205
:10F418006365206F662067636C6B2D25642C2069FB
:10F4280073206F66662E20284D6178696D756D2092
:10F43800696E6974207265747279203D202564298B
:10F448000025733A2047434C4B5F53594E4342556E
:10F4580053592074696D656F7574206F6E207772CB
:10F468006974696E672047434C4B5F4354524C4163
:10F4780000636C6F636B40343430313230303000AD
:10F48800636C6F636B5F6D6368705F706963333261
:10F49800636B5F73675F676300496E76616C69646D
:10F4A8002074726967676572206D6F646520666F86
:10F4B8007220696E74657272757074006770696F16
:10F4C800403434383031313830006770696F403437
:10F4D80034383031303830006770696F5F6D636879
:10F4E800705F706F72745F6731006877696E666FFE
:10F4F8005F6D6368705F6731006B65795F696E6423
:10F50800657820256420676574206661696C656488
:10F518003A202564002573206973206E6F74207269
:10F52800656164790050696E20256420636F6E669A
:10F53800696775726174696F6E206661696C65646C
:10F548003A20256400436F756C64206E6F742073D5
:10F558006574206770696F2063616C6C6261636BAE
:10F568000050696E20256420696E7465727275702A
:10F578007420636F6E66696775726174696F6E2057
:10F588006661696C65643A20256400627574746FFD
:10F598006E73006770696F5F6B6579730054696D8E
:10F5A800656F75742077616974696E6720666F721C
:10F5B80020554152542053594E43425553592063C4
:10F5C8006C65617200736572636F6D4034353030FD
:10F5D8003230303000756172745F6D6368705F73CC
:10F5E8006572636F6D5F67310048616C74696E673F
:10F5F8002073797374656D00556E6B6E6F776E202E
:10F608006572726F7200756E6B6E6F776E003E3E3C
:10F618003E205A455048595220464154414C2045B5
:10F6280052524F522025643A202573206F6E204392
:10F638005055202564004661756C742064757269A4
:10F648006E6720696E746572727570742068616E79
:10F65800646C696E670A0043757272656E74207413
:10F6680068726561643A2025702028257329004353
:10F67800505520657863657074696F6E00556E68C3
:10F68800616E646C656420696E74657272757074FD
:10F6980000537461636B206F766572666C6F7700D8
:10F6A8004B65726E656C206F6F7073004B65726E80
:10F6B800656C2070616E6963006D61696E006F73BF
:10F6C80000737973776F726B71002A2A2A20426F50
:10F6D8006F74696E67205A6570687972204F53207D
:10F6E8006275696C642035303531393534356531AA
:10F6F8003961202A2A2A0A00286E756C6C29002A8A
:10F70800666C6F61742A00465320436F6E666967A2
:10F7180075726174696F6E0055534244204D4944B7
:10F72800492053616D706C65005A65706879722064
:10F7380050726F6A6563740030313233343536374E
:10F74800383941424344454600206D65737361670B
:10F7580065732064726F70706564202D2D2D0D0AFD
:10F768001B5B306D001B5B313B33316D2D2D2D2024
:10F778000030313233343536373839414243444525
:10F78800460006061F0500001F290C0C07033F3F13
:10F798003F3F3F3F3F3F1F3F3F3F3F3F3F3F3F03CD
:10F7A80000003F3F3F3F2F3F3F00000500000B3860
:10F7B8000040636C6F636B5F6D6368705F696E694F
:10F7C8007400636C6F636B5F6F6E00636C6F636B69
:10F7D8005F6D6368705F6F6E00636C6F636B5F6D06
:10F7E8006368705F6F666600636C6F636B5F676505
:10F7F800745F726174655F67636C6B67656E0063E5
:10F808006C6F636B5F6D6368705F6765745F72616F
:10F81800746500636C6F636B5F636F6E66696775B1
:10F8280072655F67636C6B67656E00636C6F636BB3
:10F838005F636F6E6669677572655F706C6C006395
:10F848006C6F636B5F636F6E6669677572655F6423
:10F85800666C6C00636C6F636B5F636865636B5F9A
:10F8680073756273797300636C6F636B5F6D636844
:10F87800705F636F6E66696775726500636C6F634E
:10F888006B5F67636C6B67656E5F696E6974006355
:10F898006C6F636B5F786F736333326B5F696E692C
:10F8A8007400636C6F636B5F706C6C5F6F75745F13
:10F8B800696E697400636C6F636B5F706C6C5F6911
:10F8C8006E697400636C6F636B5F64666C6C34386C
:10F8D8006D5F696E697400636C6F636B5F786F73DB
:10F8E800635F696E697400636C6F636B5F6F6E5FF3
:0CF8F800706C6C000506070001000000A9
:10F9040000000000A942000C0000000000010000FB
:10F9140000000000000000000000000000000000E3
:10F9240000000000000000000000000000000000D3
:10F9340000000000F002002044000020000000004D
:10F9440000000000000000000000000000040100AE
:10F95400000000000FF7000C22030000000000006C
:10F96400000000000003030000000000000000008D
:10F97400000300000000000000000000000201007D
:10F984000000000020F7000C22030000000000002B
:10F9940000000000000101000000000031F7000C2D
:10F9A4001E03000000000000000000000000000032
:10F9B4000000000060D8000C040300006CCE000CB2
:10F9C40014000100859C000CBFA2000C24D6000C7E
:10F9D400000000000000000033A6000C000000003E
:10F9E400000000006801002000000000000000008A
:10F9F4000000000000000000000000000000000003
:10FA040000000000000000000000000000000000F2
:10FA140000000000000000000000000000000000E2
:10FA240000000000000000000000000000000000D2
:10FA340000000000000000000000000000000000C2
:10FA440000000000000000000000000000000000B2
:10FA540000000000000000000000000000000000A2
:10FA6400000000000000000045EA000C0000000057
:10FA7400FC01002000000000C0CE000C0B0300209D
:10FA8400130300201C030020250300202E03002064
:10FA94003C030020430300205E0300206503002094
:10FAA40079030020820300209003002097030020A4
:10FAB400B2030020B9030020000000000B03002063
:10FAC400130300201C030020250300202E03002024
:10FAD4003503002043030020570300206503002062
:10FAE400790300208203002089030020970300206B
:10FAF400AB030020B9030020000000000000000058
:10FB04008145000C00000000E943000C6944000C2E
:10FB14009BAD000C7DAD000C000000005DAD000C41
:10FB240081AD000C51AD000C0000000055AD000C7F
:10FB340000000000000000000000000000000000C1
:10FB440000000000000000000000000000000000B1
:10FB540000000000000000000000000000000000A1
:10FB64000000000000000000000000000000000091
:10FB74000000000000000000000000000000000081
:10FB84000000000000000000000000000000000071
:10FB94000000000000000000000000000000000061
:10FBA4000000000000000000000000000000000051
:10FBB40000000000B4020020B40200200000000095
:10FBC400000000000E000000000000000000000023
:10FBD40000000000380C00200000000000000000BD
:10FBE40000000000C8000000E8020020E802002035
:10FBF40009020000000100C07D12010002EF0201B1
:10FC040040E32F1000040400000000080B00020170
:10FC140003000009040000000101000009240100A0
:10FC24000109000101090401000201030000072485
:10FC34000100011D00070501024000000705010243
:10FC44000002000425010000000000000000000084
:10FC540000000000000000070581024000000705C5
:10FC640081020002000525010000000000000000E0
:10FC7400000000000000000000090401010201036B
:10FC840000000724010002070007050102400000EC
:10FC94000705010200020005250201010000000021
:10FCA4000000000000000000000000070581024081
:10FCB4000000070581020002000525020101000081
:10FCC4000000000000000000000000000005260104
:10FCD40012000D26020100000100030000000000D4
:10FCE4000000000000000000000000000000000010
:10FCF4000000000000000000000000000000000000
:10FD040000000000000000000000000000000000EF
:10FD140000000000000000000000000000000000DF
:10FD240000000000000000000000000000000000CF
:10FD340000000000000000000000000000000000BF
:10FD440000000000000000000000000000000000AF
:10FD5400000000000000000000000000000000009F
:10FD6400000000000000000000000000000000008F
:10FD7400000000000000000000000000000000007F
:10FD8400000000000000000000000000000000006F
:10FD9400000000000000000000000000000000005F
:02FDA40000005D
:10FDA600000000000000000000000000000000004D
:02FDB60000004B
:10FDB800000000000000000000000000000000003B
:10FDC800000000000000000000000000000000002B
:10FDD800000000000000000000000000000000001B
:08FDE800000000000000000013
:04FDF000000000000F
:10FDF400F0040020F0040020603700200000000020
:0CFE0400080000001000000000000000DA
:10FE100000000000E838002000040000000000009E
:04FE200000000000DE
:10FE240020050020200500200C0000001000000028
:10FE340028380020E83800202838002028380020FE
:10FE440000000000000000004805002048050020D4
:10FE54000C0000000A000000E83600206037002093
:10FE6400E8360020E8360020000000000000000012
:10FE74007005002070050020000000000100000053
:10FE84000000000000000000880500208805002014
:10FE9400100010000A000000EBB1000CD0D6000CDA
:10FEA400E83C00200000000000000000AC05002039
:10FEB400AC050020020002000A000000000000005F
:08FEC400A4D6000CE037002079
:10FECC00B5D9000C0000000000000000000000008C
:10FEDC000000000000000000DCCE000C0000000060
:10FEEC000000000000000000000000000000000006
:10FEFC0000000000000000000000000000000000F6
:10FF0C0000000000000000000000000000000000E5
:10FF1C0000000000000000000000000000000000D5
:10FF2C0000000000000000000000000000000000C5
:0CFF3C00F902002000000000000000009E
:10FF48000000000068010020000000000000000020
:08FF58000000000000000000A1
:04FF600015E015E0B3
:040000050C002119B1
:00000001FF
