:020000040800F2
:1000000020260020910A000C5B64000C7D0A000C85
:100010007D0A000C7D0A000C7D0A000C7D0A000C94
:10002000000000000000000000000000C50A000CF5
:100030007D0A000C00000000750C000C4540000C0F
:10004000E10C000CE10C000CE10C000CE10C000CCC
:10005000E10C000CE10C000CE10C000CE10C000CBC
:10006000E10C000CE10C000CE10C000CE10C000CAC
:10007000E10C000CE10C000CE10C000CE10C000C9C
:10008000E10C000CE10C000CE10C000CE10C000C8C
:10009000E10C000CE10C000CE10C000CE10C000C7C
:1000A000E10C000CE10C000CE10C000CE10C000C6C
:1000B000E10C000CE10C000CE10C000CE10C000C5C
:1000C000E10C000CE10C000CE10C000CE10C000C4C
:1000D000E10C000CE10C000CE10C000CE10C000C3C
:1000E000E10C000CE10C000CE10C000CE10C000C2C
:1000F000E10C000CE10C000CE10C000CE10C000C1C
:10010000E10C000CE10C000CE10C000CE10C000C0B
:10011000E10C000CE10C000CE10C000CE10C000CFB
:10012000E10C000CE10C000CE10C000CE10C000CEB
:10013000E10C000CE10C000CE10C000CE10C000CDB
:10014000E10C000CE10C000CE10C000CE10C000CCB
:10015000E10C000CE10C000CE10C000CE10C000CBB
:10016000E10C000CE10C000CE10C000CE10C000CAB
:10017000E10C000CE10C000CE10C000CE10C000C9B
:10018000E10C000CE10C000CE10C000CE10C000C8B
:10019000E10C000CE10C000CE10C000CE10C000C7B
:1001A000E10C000CE10C000CE10C000CE10C000C6B
:1001B000E10C000CE10C000CE10C000CE10C000C5B
:1001C000E10C000CE10C000CE10C000CE10C000C4B
:1001D000E10C000CE10C000CE10C000CE10C000C3B
:1001E000E10C000CE10C000CE10C000CE10C000C2B
:1001F000E10C000CE10C000CE10C000CE10C000C1B
:10020000E10C000CE10C000CE10C000CE10C000C0A
:10021000E10C000CE10C000CE10C000CE10C000CFA
:10022000E10C000CE10C000CE10C000CE10C000CEA
:10023000E10C000CE10C000CE10C000CE10C000CDA
:10024000E10C000CE10C000CE10C000CE10C000CCA
:10025000E10C000CE10C000CE10C000CE10C000CBA
:10026000E10C000CE10C000CE10C000CE10C000CAA
:10027000E10C000CE10C000CE10C000CE10C000C9A
:10028000E10C000CE10C000CE10C000CE10C000C8A
:10029000E10C000CE10C000CE10C000CE10C000C7A
:1002A000E10C000CE10C000CE10C000CE10C000C6A
:0802B000E10C000CE10C000C54
:020000040C00EE
:1000000053B94AB9002908BF00281CBF4FF0FF317F
:100010004FF0FF3000F00CB8ADF1080C6DE904CEE4
:1000200000F012F8DDF804E0DDE9022304B07047C7
:10003000704700BF10F8012B11F8013B012A28BFBF
:100040009A42F7D0D01A70472DE9F0478C468E4679
:10005000089E154604461946002B40F0D080724594
:1000600047D9B2FA82F74FB1C7F120030EFA07FC65
:10007000BD40BC4020FA03F343EA0C0C4FEA154E96
:10008000A8B2230CBCFBFEF80EFB18CC08FB00F951
:1000900043EA0C43994528D9EB1808F1FF3204D202
:1000A000994502D9A8F102022B44A3EB0903A4B29B
:1000B000B3FBFEFC0EFB1C330CFB00F044EA0344D4
:1000C000A04214D92C190CF1FF3304D2A04202D95A
:1000D000ACF102032C44241A43EA02401EB1FC4056
:1000E000002334607360BDE8F0874246DDE7634675
:1000F000F1E7002A79D0B2FA82F3002B3FD01946FB
:10010000C1F1200302FA01F500FA01F42EFA03F21C
:100110000EFA01FE20FA03F3AFB243EA0E034FEAF0
:10012000154EB2FBFEFC0EFB1C201A0C0CFB07F854
:1001300042EA004290455AD9AA180CF1FF3004D285
:10014000904502D9ACF102002A44A2EB08029BB20E
:10015000B2FBFEFC0EFB1C220CFB07F743EA02433A
:100160009F4246D9EB180CF1FF3204D29F4202D9CC
:10017000ACF102022B44DB1B42EA004202E0AEEB90
:10018000020301224FEA154EAFB2200CB3FBFEFC76
:100190000EFB1C330CFB07F840EA034398452AD9B1
:1001A000EB180CF1FF3004D2984502D9ACF10200F3
:1001B0002B44A3EB0803A4B2B3FBFEFC0EFB1C33E1
:1001C0000CFB07F744EA0344A74216D92C190CF19B
:1001D000FF3304D2A74202D9ACF102032C44E41B42
:1001E00043EA00400F46114678E71F2188E7604642
:1001F000ABE76246BFE76046DBE76346EFE7734580
:1002000006D916B9002108466DE7C6E9000EF9E7E0
:10021000B3FA83F787B9734501D3824207D8841AAA
:100220006EEB030301209C461EB900215BE73846B4
:10023000FAE7C6E9004CF8E7C7F1200CBB4000FA2A
:1002400007F422FA0CF520FA0CF1BA401D432EFAFD
:100250000CF30EFA07FE4FEA154941EA0E011FFAA8
:1002600085FEB3FBF9F809FB18300B0C08FB0EFAFE
:1002700043EA00439A4540D9EB1808F1FF3004D215
:100280009A4502D9A8F102002B44A3EB0A0389B2D4
:10029000B3FBF9F809FB183308FB0EFE41EA0341F2
:1002A0008E452CD9691808F1FF3304D28E4502D946
:1002B000A8F10203294443EA0040A1EB0E01A0FB90
:1002C00002984145CE46434602D306D14C4504D25E
:1002D0000138B9EB020E68EB0503002EA5D0B4EB94
:1002E0000E0261EB030101FA0CFC22FA07F3F9405C
:1002F0004CEA0303C6E9003197E74046C5E74346A9
:10030000D9E70000002313B50D4C0193019B4BB1BD
:100310000C490D4805F0FAFF002142F210700AF076
:1003200093F8F5E7A3681B6D1BB10421204601AAD1
:10033000984700214FF47A700AF086F8E6E700BF8C
:1003400010A9000CBAB0000CBEB0000C014B1B6829
:10035000184700BFD0000020014B1860704700BF55
:10036000D000002030B5044685B00D461022002193
:1003700068460AF00FFA02238DF80230044B2A4631
:1003800021466846019305F0ABFA05B030BD00BFC9
:100390004D03000C80B505460E461746984605F0FD
:1003A00065F8034600F0AEFC0446DFF818904246BC
:1003B00049F8003039463046A84754F8090000F0A3
:1003C00043FC00BF08000000014B036000207047A1
:1003D00018AF000C0E4A0F4B13B5012818BF1A4670
:1003E000044601460C4806F0D8FC70B901232246A9
:1003F0000A49094806F0CCFD38B90123EF220093E1
:1004000021460223044806F0D0F802B010BD00BF18
:10041000D4000020E800002060040020CFB0000CD1
:1004200008B51549154806F0B6F920BB144913481C
:1004300006F0B1F9F8B91349104806F0ACF9D0B993
:1004400011490E4806F0A7F9A8B90C4806F0A6F81D
:1004500001280CD00020FFF7BDFF60B9074806F067
:10046000CDF840B9BDE80840044806F0F7B8FFF7FA
:10047000B1FF0028EED008BD740100206004002008
:100480005C010020440100202C01002008B5034835
:10049000034A0021121A05F0D8FF08BD10050020FC
:1004A000E0100020074808B5074A0849121A05F06D
:1004B000CEFFBDE808400648064A0749121A05F073
:1004C000C6BF00BF000000200C05002060B7000C74
:1004D000000000200000002060B7000C38B5054681
:1004E0000C4699B1D1E901230F48096805F00EFFC8
:1004F000D4E90423E1680D4805F008FFE1690C48E0
:1005000005F004FFA1690B4805F000FF012D05D19E
:10051000EFF305810848103905F0F8FE214628461A
:10052000BDE8384003F072BEE8B0000C18B1000C12
:1005300048B1000C58B1000C87B1000C30BFFFF778
:10054000FDBF00BF2DE9F04105460B4EDFF82C80C2
:10055000324606EB0807CC1B204609490AF00DF984
:10056000A01942460021083C0AF014F9AC6707F1D3
:100570000800BDE8F08100BF000000000800000096
:1005800018AF000C10B52A4C2A4805F0BFFED4F86D
:10059000E810D4F8E430580602D5274805F0B6FE36
:1005A000D4F8E430D9070BD5244805F0AFFE262057
:1005B0001F4AD2F8E43043F0FF03C2F8E43010BD24
:1005C000D4F8E4309A0704D51D4805F09FFE272093
:1005D000EEE7D4F8E4305B0704D51A4805F096FE40
:1005E0002820E5E7D4F8E430180704D5164805F0CC
:1005F0008DFE2920DCE7D4F8E430D90604D5134871
:1006000005F084FE2A20D3E7D4F8E4309A0604D516
:100610000F4805F07BFE2B20CAE7D4F8E4301B0618
:1006200004D50C4805F072FE2C20C1E72520BFE759
:1006300000ED00E09BB1000CB5B1000CC6B1000CA0
:10064000DDB1000CFCB1000C18B2000C36B2000C8D
:100650004CB2000C67B2000C10B5204C204805F0DD
:1006600055FEA36A990137D51E4805F04FFE1E209E
:10067000A36ADA0103D51C4805F048FE1F20174C79
:10068000A36ADB0203D5194805F040FE2020A36AC7
:100690001C0303D5164805F039FE21200F4CA36A30
:1006A000590303D5134805F031FE2220A36A9A03AB
:1006B00003D5114805F02AFE2320084CA36ADB036A
:1006C00003D50E4805F022FE2420A36A6FEA0343F7
:1006D0006FEA1343A36210BD1D20C9E700ED00E0DF
:1006E0007BB2000C94B2000CA8B2000CC3B2000C98
:1006F000EEB2000C0DB3000C33B3000C4EB3000C83
:1007000070B5244C064624480D4605F0FFFDA36A4B
:10071000D90435D5214805F0F9FD1720A36A1A053B
:1007200003D51F4805F0F2FD18201A4CA36A9B055B
:100730000FD51C4805F0EAFDA16BA36A180407D584
:10074000194805F0E3FD1EB1A36A23F40043A36238
:100750001920104CA36A590503D5144805F0D6FD9D
:100760001A20A36ADA050DD5114805F0CFFD1B202C
:10077000084A936A43F47F43936200232B7070BD51
:100780001620CBE7A36A9B04F2D50A4805F0BEFD0C
:100790001C20EDE700ED00E07AB3000C91B3000CF3
:1007A000A3B3000CB7B3000CD1B3000CE7B3000C3B
:1007B00003B4000C1CB4000C70B5264C0646264849
:1007C0000D4605F0A3FDA36AD80640D5234805F0E1
:1007D0009DFD1120A36A190703D5214805F096FD58
:1007E00012201C4CA36A9A070FD51E4805F08EFDF7
:1007F000616BA36A1B0607D51B4805F087FD1EB178
:10080000A36A23F08003A3621320124CA36ADE07BD
:1008100003D5164805F07AFD1420A36A9C0603D57B
:10082000134805F073FD15200A4B9A6AD10658BF8C
:100830009A6A9A6A920642BF5A6A22F400525A622F
:100840009A6A42F0FF029A6200232B7070BD10205A
:10085000C0E700BF00ED00E04CB4000C63B4000C36
:10086000A3B3000C97B4000CB0B4000CC7B4000CD8
:100870001CB4000C2DE9F0416E4B04465F688AB051
:100880000023C7F3080683F31188BFF36F8F02F0CC
:100890007F40B0F17F4F34D112F0010532D012F019
:1008A000400502F0080804D0B8F1000F26D1012558
:1008B00012E0500748BF0C465F4B216858BF012526
:1008C0000B44012B98BF216C5C4805F01FFDB8F16B
:1008D000000F10D0EFF389844FF00008F31E8DF85D
:1008E0000780092B00F29680DFE803F00E8A8E7FE6
:1008F000869494949492EFF38884EDE70C461D4619
:10090000EAE71D462C46E7E74D484A4E05F0FEFC57
:100910008DF80780F36A9A0704D54A4805F0F6FC7B
:1009200000232AE0F36A002B01DA4748F6E7F36A6E
:100930005B00F5D5454805F0E9FC7369A26943F40D
:1009400080737361BFF34F8FBFF36F8F32F8023C38
:10095000726922F480727261BFF34F8FBFF36F8FA1
:1009600003F47F42B2F55F4F27D1DBB2022B24D1D3
:100970002168374805F0CAFC23689DF80720CAB9EA
:1009800002AE04F12007324620686168083403C2D1
:10099000BC421646F7D1099A002D47D0C2F3080190
:1009A00021B96FEA52226FEA42220992184602A93F
:1009B000FFF794FD0AB0BDE8F0811E4B9A6AD2B2EF
:1009C0002AB101200DF10701FFF7F6FE16E09A6A41
:1009D00012F47F4F05D001200DF10701FFF790FEC3
:1009E0000CE09A6AB2F5803F02D3FFF735FE05E0CE
:1009F000D3F8E430002B93D0FFF7C4FD0346BCE7E7
:100A000000200DF10701DFE700200DF10701E5E708
:100A1000104883E7104B17F4F87F1049104808BFBF
:100A20001946A6F1100205F071FC79E76FF3080290
:100A3000BBE700BF00ED00E0A6ED050115B5000C19
:100A400035B5000C4DB5000C6FB5000C7EB5000C33
:100A50009EB5000CBBB5000CE7B4000CFCB4000C58
:100A6000E0B5000C044B5A6942F010025A615A6911
:100A700022F008025A61704700ED00E0EFF30880B1
:100A8000EFF3098101B57246FFF7F4FE01BD00BF27
:100A90000A4880F30888202080F3118808484FF422
:100AA0000061401880F30988EFF3148002210843A5
:100AB00080F31488BFF36F8F00F05CF820260020CD
:100AC000E01800201EF0040F0CBFEFF30880EFF3D6
:100AD0000980816911F8021C0229FFD001B5724614
:100AE00005F0B7FC01BD00BF00B2002807DB012301
:100AF0004109034A00F01F00834042F8213070474B
:100B000000E100E000B200280CDB012206494309A5
:100B100000F01F008240203341F82320BFF34F8FA5
:100B2000BFF36F8F704700BF00E100E000B2002804
:100B300001F10101ACBF00F16040064B4FEA4111E9
:100B4000C9B2ABBF00F5614000F00F0080F80013A0
:100B50001954704714ED00E0044B054A23F07F035D
:100B60009360BFF34F8FBFF36F8F70470000000893
:100B700000ED00E008B5FFF7EFFF0B4AD2F8883030
:100B800023F47003C2F88830EFF3148323F00403D6
:100B900083F31488BFF36F8FFFF778FCFFF782FCB5
:100BA00000F092F803F0F6FB00ED00E042F8203C84
:100BB000009B0B4942F81C3C019B21F0010142F8CB
:100BC000183C029B42F8081C42F8143C4FF080731A
:100BD00042F8043C0023203A0265C367704700BF17
:100BE0009503000C00B50B4B15469860826F0A4BBD
:100BF0000E461A602C4686F309880020034B98475E
:100C00002046002100220023014C20477764000C7D
:100C10009503000CA8100020E80900201022014BC9
:100C20001A61704700ED00E0054B5A699B689A42D3
:100C30001FBF044A536843F080535360704700BF9E
:100C4000A810002000ED00E0084B9B6883420BD108
:100C5000EFF3058343B1064B5A6842F080525A6065
:100C60005A6A22F400425A6209F035BBA8100020EB
:100C700000ED00E011498A684FF030001044EFF3B6
:100C8000098C80E8F01F202080F31288BFF36F8F5B
:100C90000B4F4FF000664A698A603E60906F094CC6
:100CA0002060D06F0023D36780F3118802F13000F9
:100CB00090E8F01F8CF3098870470000A81000200E
:100CC00004ED00E0E8090020002320210348C218B9
:100CD00001339E2B82F80013F9D1704700E100E048
:100CE00008B5EFF30583064A103B02EBC30152F847
:100CF000330049688847BDE80840FFF795BF00BF4B
:100D000064A9000C0148006870470000E809002051
:100D10001FB50121094B0A4A0A4800F0F7F80023E1
:100D2000064A0393084B0121019301A8D31A0293A9
:100D300000F0F6F805B05DF804FB00BF00000820E5
:100D40000000002018AF000C100500200A7A0B6884
:100D500010B562F304031C46CB68520923F01F034D
:100D600043EA4203044A43F00103C2F89800C2F880
:100D70009C40C2F8A03010BD00ED00E010B5074B5C
:100D8000D3F89030C3F30723013B984202D8FFF712
:100D9000DDFF10BD6FF01500FBE700BF00ED00E0C8
:100DA0002DE9F04F0F46144606464FF000084B4D14
:100DB00085B0B84580F28E80D6F80490B9F1000F66
:100DC00035D0B9F11F0F40F2838019F01F0F7FD18A
:100DD000D6F800A01AF01F0F7AD1504605F05FFB3D
:100DE000834609EB0A00013805F059FB83456FD1B2
:100DF0001BF1160F6CD05C456ADDC5F898B0D5F8CC
:100E00009C10C5F898B0D5F8A03021F01F0143F030
:100E10001F0AD6E900321A44994202F1FF391BD168
:100E2000CA4508D131465FFA8BF005F041FB08F165
:100E300001080C36BDE73146C5F898B0D5F89C30AE
:100E4000E0B263F30402C5F89C2005F031FB10F119
:100E5000160F3DD0441CEAE7C5F898B0D5F8A0209D
:100E6000013B23F01F0302F01F021343CA45314622
:100E7000E0B2C5F8A030E8D005F01AFB10F1160F6B
:100E800026D0C5F898B0D5F89C209DF808300AF116
:100E9000FF3A62F304038DF80830D5F8A0309DF8CE
:100EA00008205B0863F347128DF80820D6E900326A
:100EB0001344009323F01F035344A3EB09030130B1
:100EC00023F01F036946C0B20393FFF757FFBEE745
:100ED0006FF01504204605B0BDE8F08F00ED00E08E
:100EE0000522044BC3F89420BFF34F8FBFF36F8FDD
:100EF000704700BF00ED00E0BFF35F8F0022024BA0
:100F0000C3F89420704700BF00ED00E010B5034C1B
:100F10002278FFF745FF207010BD00BFDC100020D5
:100F20002DE9F74F294D8A4606464FF00008AB469B
:100F3000274FD0451BDAD6F80490B9F1000F3FD007
:100F400031680846019105F0AAFA0199044609EBB7
:100F50000100013805F0A3FA84424FF014021D4B42
:100F600008D002FB08F36FF015024BF8032003B022
:100F7000BDE8F08F14F1160F2C60F8D01978A1425B
:100F8000F5DD02FB08B0C7F89840C7F89840D7F8DD
:100F90009C4000F10801007B64F304000871D7F85D
:100FA000A0000C79400860F347140C71D7F89C102E
:100FB00021F01F016960D7F8A01021F01F012961FD
:100FC00008F1010814350C36B3E700BFEC09002026
:100FD00000ED00E0DC100020F0B55349534DD1F88E
:100FE00090302C68C3F307239C4287B000F29980AD
:100FF0000020FFF781FF4E4BC1F8C030844216D16C
:101000004C4D01A82C70FFF7DFF9002607464A4C2B
:10101000B74213D100202B784349D1F89020C2F376
:101020000722934277DBFFF75BFF002046E0696809
:1010300001EB0011FFF78AFE0130DFE70199300173
:1010400001EB0613DA682240B2F1807F52D00AD851
:10105000B2F5001F34D0B2F5800F3ED0B2F5801F3C
:1010600012D00136D4E7B2F1006F43D0B2F1805F05
:10107000F7D15A689B680958013B22F01F000344CE
:1010800023F01F03012032E05A689B680958013B96
:1010900022F01F0003440120844623F01F0340EA8E
:1010A0004C10CDE902218DF8100002A92878059393
:1010B000FFF764FE00282ADA6FF0150007B0F0BDD4
:1010C0005A689B680958013B22F01F0003444FF007
:1010D000020C012023F01F03E1E75A689B680958BE
:1010E000013B22F01F000344062023F01F034FF0B2
:1010F000000CD4E75A689B680958013B22F01F0096
:1011000003444FF0030C012023F01F03C7E72B78A3
:1011100001332B70A5E7C1F89830C1F8A000013366
:101120007BE74FF0FF30C9E700ED00E024AF000C93
:10113000AAFF4400DC1000200000F0FF08B5024BBD
:101140001B689847002008BD000A0020034B044A92
:101150001860937843F0020393707047000A0020F0
:101160008C01002008B50649064821F00701C1F1AD
:10117000005202F5002205F075F8002008BD00BFFE
:10118000A7390020040A002070B541690446867A18
:101190000A4D59B1437ADB0706D4242303FB0653D7
:1011A000DB691B689B689847002363612420214604
:1011B00000FB0650BDE8704008F08CBF180400200A
:1011C0002422024B02FB0030704700BF18040020AD
:1011D0002421827A054B01FB02331A6A1B7D801A97
:1011E0001B3323F00303B0FBF3F070471804002017
:1011F00038B52424827A064B04FB0233DB69D3E939
:1012000001240C601568FFF7E3FF04FB005038BDB4
:10121000180400202DE9F04385B005466846904645
:101220001C46039109F0EAF9DDE90067EFF3118943
:10123000202383F31288BFF36F8F6B8A002B41D07A
:101240002A8A9A4225D900220023284603F0FCFA74
:101250000446F0B189F31188BFF36F8F039B002B15
:1012600041D032463B46684609F0EDF92421A27A86
:10127000254B204601FB0233DB6903A91B681D686F
:10128000DDE90023A847606170BB2046FFF77CFFC3
:1012900024E0698A4B1E6B8289F31188BFF36F8F3C
:1012A0002B7D2A8A2C6A1B3323F00303521A02FB7C
:1012B0000344154B154AEB1A9B105343A3722B7D25
:1012C000E372CBE789F31188BFF36F8F2346424661
:1012D000284603F0B9FA04460028BFD1002420466E
:1012E00005B0BDE8F0836361012300252381039BE2
:1012F00029466382E27A656004F1180009F04AFA2F
:1013000063692582E360EAE718040020398EE33838
:1013100070B524250C4C00B970BD037A4668002BCB
:10132000FAD0013BDBB20372002BF5D1C3604360FE
:10133000837A05FB03439B6913B198473046EAE77C
:10134000FFF722FFFAE700BF180400202DE9F04F55
:1013500085B08046894615461F4605F01AF90446B1
:1013600087B1404605F01AF9012808D0FFF7CAFCFA
:101370006FF085022D4B1A5005B0BDE8F08FB4FA1E
:1013800084F464096A1C21464046D2B205F08CFC04
:1013900006460028EAD045684FB12868696801AB65
:1013A00003C32A7A01AD1A7007238DF8053009F1BD
:1013B0000C07384605F081FA2A782946824228BF70
:1013C0000246384605F0B2F8D6F80CA0BAF1000F84
:1013D0000AD1B9F81010B8F82E309942CCD9384655
:1013E000C91A05F0BEF8C7E7DAF8040083681B6B7A
:1013F00013B9DAF800A0E9E7214698470028F8D0A9
:10140000051F55F804BFBBF1000FF2D09BF8006038
:10141000002EEED0384605F050FAB04234BF82B20A
:1014200032465946384605F081F8EAE70C000000DC
:101430002DE9F04190F82830044603F01F03012BFA
:101440000F4600F128062FD0022B18D08BB3204670
:1014500094F8291005F045F9024678B3304605F0B6
:1014600034FA1D4D002834D113693BB33A46314656
:10147000204698470346FFF745FC2B5024E0818D1A
:10148000C9B205F04BFD05460028E0D0304605F016
:101490001CFA024668688368CAB99B6873B13A4609
:1014A0003146BDE8F0411847818DC9B205F01DFDF8
:1014B000E9E790F8291005F054FDE4E7FFF722FC76
:1014C0006FF08502044B1A500020BDE8F081DB6804
:1014D000E4E7D368C9E700BF0C0000002DE9F04F36
:1014E0000B7E044633F080080D46164693B040F05C
:1014F00081847AB10846FFF70BFF6B7EDF0703D4C8
:101500009E0711D52B7E7BB9204613B0BDE8F04F66
:1015100005F007BA4A7E00F12809900708D5802B0C
:101520000CD12846FFF7F4FE404613B0BDE8F08F1B
:10153000910700F02384002B40F02084D2072FD5A0
:101540002B8A082B40F0FA83EA68294613680020AA
:10155000A3625368C9F8043004F0D6FF054610B101
:10156000FFF7D6FEEFE0484605F0AFF9E28D70B91F
:10157000B2B12946A06906F03BFF0146002800F001
:101580002984204613B0BDE8F04F05F067BE3AB19C
:101590001146204605F05DFE0546002800F01A843D
:1015A000FFF7B0FB002394F82880B14F18F0600FCC
:1015B000C351C8F3411307D0032B40F0BB81FFF7A1
:1015C000A1FB6FF0850337E0484605F07EF994F8FB
:1015D0002930002840F04E81013B0A2BEFD801A2B0
:1015E00052F823F05B17000CBF15000CE717000C36
:1015F000BF15000C1116000CBF15000CBF15000C18
:10160000BF15000C8116000CBF15000CE316000C72
:10161000618D7F29D3D8A38D002BD0D1E38D002BF2
:10162000CDD118F01F0FCAD194F83030022B05D15C
:10163000FFF768FB4FF0FF333B5076E0A06903698A
:1016400093F880301B0707D5C9B205F09DF9804695
:1016500028B1002D6CD167E7012384F8393094F864
:101660003030012B0AD1638D43B984F83030FFF755
:1016700049FB3B58002B00F0858056E00123F4E73E
:10168000204604F086FF628D0146FF2A97D8E38D3D
:10169000002B94D194F82830D80690D194F83030AB
:1016A000002BC5D02AB12046D2B205F023FB00287A
:1016B000BED0618D94F838308B42D8D02046C9B264
:1016C00005F01FFB80460028C3D1628D0521002A4A
:1016D00014BF02230123204684F8303005F048FE71
:1016E000C5E708F01F08B8F1010F7FF468AFE38D7C
:1016F000002B7FF464AF628DFF2A3FF660AFA18DAF
:10170000FF293FF65CAF94F83030022B90D1204691
:10171000D2B2C9B205F021FD10F1020F804640F0AF
:101720000E81FFF7EFFA47F8008065B14FF000082F
:101730002846FFF7EDFDB8F1000F7FF4F5AEFFF797
:10174000E1FA3B58F3B1484605F0BFF80346A069FB
:10175000002B00F04283802148E3E38D002B7FF4CF
:101760002EAF94F83030002B3FF462AF012BA18DE7
:1017700002D100297FF45CAF18F01F080CD0B8F13B
:10178000020F16D0E38D002B40F0CB82204605F0EF
:10179000B2F80028D7D1B7E600297FF449AF638DAE
:1017A000012BEFD194F86C3061F3C30384F86C30F3
:1017B000E8E7B4F82AA0BAF1000FE3D15FFA81F8A4
:1017C0004146204605F0BAFD0346FFF79BFA3B5021
:1017D000013302D14FF0FF383BE7524641462046E5
:1017E00005F079F843E7E38D002B7FF4E8AE628DD6
:1017F000A38D022A5FFA83FA11D108F01F085AEA72
:1018000008087FF4DCAE0122A069190A05F09CF8F3
:1018100000287FF4D4AE012384F8393027E794F808
:10182000301000293FF404AF012902D1002B7FF4CE
:10183000FFAE18F01F0811D0B8F1020FA2D1002A94
:10184000A0D15146204605F065FD0346FFF75AFA40
:101850003B500133BED001225146C0E7002B7FF43C
:10186000E7AE012A8ED194F86C3043F008039DE76F
:101870000C0000000A2B3FF6A2AE01A252F823F0A2
:10188000AD18000CBF15000CBF15000CBF15000CE7
:10189000BF15000CBF15000C2719000CBF15000C5C
:1018A0009F1C000CBF15000CC91C000CE38D022B03
:1018B0007FF485AE94F83030002B3FF4B9AE012BA5
:1018C000A18D02D100297FF4B3AE18F01F0811D00A
:1018D000B8F1020F1CD04FF0000805F10C0A504679
:1018E00004F0EBFFE38D984218D2FFF70BFA6FF08C
:1018F0000B03A1E600297FF49BAE94F86C304FEA0D
:10190000930808F00208C3F3001348EA0308E4E769
:101910002046C9B205F021FD8046DEE7414650462B
:1019200004F015FEA3E6628D18F01F0F4FEA122394
:10193000D2B209D029462046FFF77AFD8046B8F199
:10194000000F7FF486AE92E6013B0E2B3FF637AEDA
:1019500001A151F823F000BF9519000CD119000C1A
:10196000E119000CBF15000CBF15000C251B000C65
:10197000DD19000CBF15000CBF15000CBF15000CC5
:10198000BF15000CBF15000CBF15000CBF15000CD7
:10199000B91B000C05F10C08404604F08EFF83468D
:1019A0002046B4F82EA004F0F4FD20B101287FF405
:1019B00006AE616F00E0216F002900F01F82DA455A
:1019C00028BFDA460A78524528BF524640462FE0E3
:1019D000002329462046FFF7B9FC48E60123F8E733
:1019E0000321204604F0BDFE824600283FF4E7AD07
:1019F00004F05EFFB4F82EB09AF81530D8B99AF812
:101A000014808DF829308DF82880DAF8103005F12F
:101A10000C0A1B885046ADF82A3004F04EFFC3452F
:101A20005A4628BF4246824228BF024650460AA96B
:101A300004F07CFD1BE64FF00008DAF808208DF872
:101A40001530BF4B8DF814801340BE4A934258D1D5
:101A5000102106A802F0B0F8021EFFF6B0AD0AA9E8
:101A6000102A084628BF1022DFF8DCE20DF1180C1E
:101A7000424501F1020133D80346920002325FFA77
:101A800082F88DF8148005F10C0A5046029304F098
:101A900014FFD845424628BF5A46904228BF1046F8
:101AA00002288346804628BF4FF0020B50465A4614
:101AB000A8EB0B0805A904F039FD4FEA5803019380
:101AC000029B9B4603EB5802934521D118F0010F6E
:101AD0003FF4CDAD5046019A995C04F030FDC6E567
:101AE0001CF8013B08F101084FEA131A03F00F0339
:101AF0001EF80AA01EF8033001F802AC01F8013C00
:101B0000B6E79AF81480DAF810308DF81480BAE746
:101B100050461BF8011BCDE9022304F018FDDDE956
:101B20000223D1E7204604F034FDD4E91C830028C9
:101B300008BF98460023CDF82A30CDF82E300A236E
:101B40008DF82830062320468DF8293004F026FD34
:101B5000012805D0FFF7D6F86FF085033B5086E5E6
:101B6000B8F1000F00F04A81B8F80230ADF82A3021
:101B700098F804308DF82C3098F805308DF82D3019
:101B800098F806308DF82E3098F807308DF82F3001
:101B900098F8113005F10C0840468DF8303004F00B
:101BA0008CFEE28D9DF828300AA99A4228BF1A4679
:101BB000824228BF024609E7204604F0EAFC18B139
:101BC0000128C7D1636F00E0236F002B00F016815E
:101BD0005B88B3F5007FBDD95C4B04F14C0B0A93D5
:101BE00000238DF82C30E36C9B4508BF0023BDF823
:101BF0002A1093B15A7D0F2A08D11A7D0A44ADF8F4
:101C00002A209DF82C2001328DF82C20226D934241
:101C100001D01B68EBE7BDF82A1005F10C0A50460D
:101C2000019104F04AFEB4F82E800199884528BF3E
:101C30008846804528BF80464246052A28BF05229F
:101C400050460AA9019204F071FC019AB8EB02080F
:101C50003FF40DADE36C5B453FF409AD002B3FF461
:101C600006AD5A7D0F2A14D11A7D1969424528BF45
:101C700042465046019304F059FC019B1A7D4245AF
:101C800094BFA8EB0208A8EB0808B8F1000F3FF4D6
:101C9000EEAC226D9A423FF4EAAC1B68DEE794F8A2
:101CA0003030002B3FF4C4ACE38D012B7FF487ACC4
:101CB00005F10C08404604F000FE00283FF415AE84
:101CC00094F83810404608E708F01F08B8F1010FF3
:101CD0007FF4AEAC204604F0FBFF00283FF4A8AC34
:101CE000B4F82CA0BAF1FF0F3FF669AC43681B793A
:101CF0005345FFF464AC5FFA8AF30F2B3FF65FACF9
:101D0000E38D012B7FF45BAC05F10C08404604F039
:101D1000D4FD00283FF4E9AD04EB0A0393F83A1030
:101D2000D0E7484604F0D1FD18B92846FFF7F0FA8D
:101D30002CE52946204605F091FA48B128460FE4E3
:101D400000FF020000030200F0B6000C050F0500C2
:101D5000A069036993F8801011F004017FF4D4ABFB
:101D600006F05AFB054600283FF4EDAC014620463C
:101D700005F074FA00283FF4C7ABDFE752077FF5A0
:101D8000E2AC002B3FF4CDAB2846FFF7C1FA94F844
:101D90003930002B3FF4C8AB94F82930052B05D11E
:101DA000618DA069C9B204F0EFFD064694F82930B0
:101DB000032B09D1638D022B06D1A18D0022A069CE
:101DC000090A04F0C1FD06460023B04684F8393004
:101DD000FFF7AABB6FF00B06B5E4E38D002B3FF4D1
:101DE000BAAC16F10C0118BF0121C90106F019FAAD
:101DF000FFF78ABB6FF00408FFF796BB6FF015087A
:101E000027E400BF0B7810B4062B14D10369D3F874
:101E10009C20EFF31184202383F31288BFF36F8F8C
:101E200000204B681860506A58B9C2E9083384F33F
:101E30001188BFF36F8F00220023034810BC08F005
:101E40009FB803605362F2E7F00300202DE9FF41E1
:101E500020264FF0FF334FF0FF325B4801A902F01C
:101E6000CDFB039B1B69D3F89C40236A93B1EFF32E
:101E7000118286F31288BFF36F8F216A29B1606ADD
:101E80000B688142236208BF636282F31188BFF34B
:101E90006F8FC9B99DF80430062BDAD0072BD8D83C
:101EA00001A252F823F000BFFB1E000CEF1E000C35
:101EB0001B1F000C011F000C3F1F000C351F000CE6
:101EC000531E000CC31F000C0B7E20465D06D1F88C
:101ED0001E2009D1FFF702FB02460028C5D00721CA
:101EE000204605F045FAC0E705F00FF8F4E70022B8
:101EF0000121204605F03CFAABE700221146F8E745
:101F000094F86C3001A943F00403204684F86C3047
:101F100004F05FFD00220321EBE794F86C3001A987
:101F200023F00403204684F86C3004F052FD0022B4
:101F30000221DEE7204601A904F04BFD89E794F871
:101F40006C30A76923F0040384F86C30D7F808805C
:101F50003B69A033D3E8AF3F9A072FD53846D8F86E
:101F60003C309847D8F82430002138469847054639
:101F7000D8F8403038469847ADB92946204604F095
:101F8000C0FE054678B9A06906F065FA831E58427E
:101F9000584194F86C3084F8305023F0680343EAD9
:101FA000401384F86C3000220421204605F0E0F94B
:101FB000002D3FF44EAF2A4607219AE74FF0FF3538
:101FC000F1E70621029A94E7F003002030B589B0CA
:101FD000002200230024CDE906236FF007034FF40D
:101FE0008062CDE90334CDE90144154B15490094D5
:101FF000154802F025FF1549134808F069F9144BFC
:1020000014498B4207D30020134B14498B420CD345
:10201000002009B030BD03F11402D2E8EF0FC2E88E
:10202000E54F002DF9D11833EBE703F11402D2E8A4
:10203000EF4FC2E8E50F002DF9D11833E6E700BFF6
:102040004D1E000CE01000201005002003B6000C0F
:10205000DC040020F4040020F40400200C0500201F
:1020600038B5024605460949806906F052FA044629
:1020700048B985F83800284604F0DFFD044610B161
:10208000A86906F075FA204638BD00BF051E000C91
:1020900070B5054681B101290BD10E4C0E4E16E0EC
:1020A000636828461968FDF7C5FF18B11834B442B3
:1020B000F6D30024204670BD084C094EF7E763684C
:1020C00028461968FDF7B6FF0028F3D01834B4424B
:1020D000F5D3EEE7F40400200C050020DC0400201A
:1020E000F404002070B50646EFF31181202383F33A
:1020F0001288BFF36F8F1B4D2A6881F31188BFF3DD
:102100006F8F526892F86C20D20705D4BDE87040FA
:102110000A22002302F020BEEFF3118283F312881B
:10212000BFF36F8F2C682CB1696823688C422B60D9
:1021300008BF6B6082F31188BFF36F8F44B1606892
:1021400004F10801C36998472146074807F0C8FE13
:102150002B6833B13046BDE870400022002302F006
:10216000C7BD70BD100A0020C003002030B585B087
:10217000CDE90012054600220023144803A902F00D
:10218000A9F90246E8B9DDE90001039B5D60083367
:1021900083E80300EFF31180202383F31288BFF359
:1021A0006F8F039B1A600A4A516861B9C2E9003314
:1021B00080F31188BFF36F8F00220023054802F0DF
:1021C00097FD05B030BD0B605360F1E7C003002000
:1021D000100A00200000002038B54B780469202B3D
:1021E0004568206908D0222B19D0FEF78BFD6FF0CF
:1021F0008502104B1A5010E0CB88072BF5D1D3681D
:102200001A6842609A8802819B79837205F0D5F83A
:1022100022460821284605F0B9F8002038BD4B8831
:102220000921C3F34002838103F001030276437660
:102230002246EFE70C00000008B513464A78212A31
:1022400014D133B9FEF75EFD6FF00B020A4B1A5042
:102250000AE0CA880169072A096928BF07220431F0
:1022600003F10C0004F062F9002008BDFEF74AFDFE
:102270006FF08502004BEAE70C00000073B52025E3
:1022800004698DF80710EFF3118685F31288BFF308
:102290006F8F0122E06B0DF1070104F093F886F3D4
:1022A0001188BFF36F8F01280CD008F00BF888B1AC
:1022B00001220C4BD3E8EF1F002903D1C3E8E02F24
:1022C0000028F7D10A22002304F1480002F010FD93
:1022D00002B070BDA37E002BEAD000210A2008F0D6
:1022E000B3F8D0E7180A002038B5002405690E4974
:1022F000EB6B05F14800C3E90144DC606B6BC3E99B
:102300000144DC6007F0A7FF05F17800074907F0FA
:1023100076FF074905F1240007F071FF284605F014
:102320004CF8204638BD00BF3523000C0124000CBA
:10233000C577000C2DE9F04750F8483C00F1400605
:102340005B68074600213046D3F8009005F095F809
:10235000002851D00121304605F08FF88046002832
:102360004AD1D6E8EF3F43F02002C6E8E12F00292A
:10237000F7D19B0640D4484605F0A1F80022054657
:1023800000231E4804F0B8F8044650B93046052131
:1023900005F00DF93846BDE8F0470A22002302F0A7
:1023A000A7BC824605765AF80C1F428A57F80C0CD7
:1023B00004F028F805460146504604F0B1F85DB136
:1023C000D9F8040005F0EAF8B5FBF0F303FB10556B
:1023D000B5FA85F84FEA58182146484607F82D8C7B
:1023E00004F07DFF40B12046FEF792FF3046BDE885
:1023F000F047052105F0DBB8BDE8F08718040020A0
:1024000070B550F8782C00F1100452680346002192
:102410002046156805F031F800283DD001212046FE
:1024200005F02BF8002837D153F8442C68689388BE
:10243000918916695B1A9BB2F61A05F0AFF8B042A3
:102440002AD8D4E8EF3F43F01002C4E8E12F002976
:10245000F7D1DB0620D4284605F023F800220646F3
:1024600000230E4804F048F80446A8B106766868D0
:1024700005F094F8638A984203D2686805F08EF8F4
:1024800083B221462846638204F029FF20B120460A
:10249000BDE87040FEF73CBF70BD00BF18040020CF
:1024A00070B5054601F09EFE0446064E6B6823B1EA
:1024B00001F098FE031BB34200D970BD022007F063
:1024C0004BFCF3E7BFD40100F8B514468768054616
:1024D000FB6B0E4698472146002200230548FEF775
:1024E00099FE044600B1067628463B6C9847204684
:1024F000F8BD00BF3C040020042903D849B96FF09F
:1025000015007047052914BF6FF015006FF08500A6
:10251000704762B9436803291B6803F5805308D0EC
:10252000042908D0022914BF02220422DA730020F1
:1025300070470122FAE708499A7311F8010B01323A
:10254000352A83F82000F8D10822DA739A7C42F009
:1025500002029A74EBE700BF01B7000C2DE9F043CB
:10256000056989B006464468D5F8A47005F1840071
:1025700007F015FD07F1880008F0E9F85B49C7F896
:10258000A06107F5D47007F066FE95F880304FF033
:10259000400923F0760343F0760385F88030A36981
:1025A000022B01BF95F880304FF4806843F001039F
:1025B00085F8803018BF40F2FF38002563689D42DF
:1025C0002BD300254FF0400963689D4258D3002566
:1025D00087F89C50C7F88C51A7F89651D4E904129B
:1025E0004FF000084FF000096FF007030120CDE91C
:1025F0000689CDE90330CDE9015538463C4B0096BC
:1026000002F01EFC3168384607F062FE3046636A0D
:102610009847284609B0BDE8F083E2686B0102EBF9
:102620004512917C41F040019174E26895B9917C2A
:1026300041F001019174E268A2F81090E26830461E
:102640001A441576E168194405F065FC0028E1D1CB
:102650000135B3E71A44917C41F004019174E268BA
:102660001A44917C41F002019174E2681A44917C11
:1026700041F008019174E2681A44A2F81080DDE785
:10268000A2686B0102EB4512917C41F0200191742C
:10269000A268A5B9917C41F001019174A268A2F8E9
:1026A0001090A26865F07F011A441176A168304647
:1026B000194405F030FC0028ACD1013584E71A44F8
:1026C000917C41F004019174A2681A44917C41F01C
:1026D00002019174A2681A44917C41F0080191743E
:1026E000A2681A44A2F81080DBE700BF0987000C3B
:1026F000F78E000C70B503699022D3F8A45043689C
:10270000002105F1A0001C6808F044F84022FF21D8
:1027100005F5987008F03EF84021284606F0D3F8F9
:102720004FF6FF73984200F09F80514AA5F83001A0
:10273000A5F85001D369372043F48033D36106F004
:102740004DFA012342F2107623602368DB0702D49E
:10275000E369D80708D5013E02D26FF0730070BD5F
:10276000012006F03BFAF0E7002EF6D042F2107698
:10277000236843F400732360236843F48073236069
:10278000236843F002032360E369990705D5013EFE
:10279000E3D3012006F022FAF6E7002EDDD0202355
:1027A0002361A369DA075DD504F58053D3F80425C6
:1027B000002422F0E00242F04002C3F80425D3F8DE
:1027C000082505F5D47022F00102C3F80825D3F8D6
:1027D0000C2522F47E6242F42E62C3F80C25D3F855
:1027E000102522F01F0242F00A02C3F81025D3F888
:1027F000142542F08002C3F81425D3F8182522F0DE
:10280000030242F00102C3F81825D3F8202522F074
:10281000C00242F08002C3F82025D3F8242522F01C
:102820000102C3F82425D3F8282522F0FE0242F045
:102830007A02C3F82825D3F8242542F00202C3F80F
:1028400024250022002385F8D84102F085FA20468D
:1028500085E7013E81D0012006F0C0F9A369DB07BE
:10286000F7D5A1E7034EF9E76FF00B0077E700BF5C
:1028700000800044A08601002DE9F04F036989B073
:10288000D3F8A440436801901D6805F580566B6934
:1028900096F80A807788B2885FFA88F892B2069232
:1028A0009A0642BF20226A61EA605807BFB256D535
:1028B0004FF0040918F0040FC5F814903FD000251C
:1028C00004F5C87084F89C50C4F88C51C4F8945135
:1028D00005F011FF04F5BA7005F00DFF04F5BC70AA
:1028E00005F009FF04F5BE7005F005FF04F5C270A0
:1028F00005F001FF04F5C47005F0FDFEF3884020EB
:102900009BB243F00103F380B57305F060FE4946C6
:1029100000F00F0086F8620086F86300B4F83031EA
:10292000DB08A6F86430B4F85031DB08A6F866304E
:1029300004F1880009B0BDE8F04F06F04DB918F079
:10294000010F04D0082104F1880006F045F918F0C1
:10295000020F04D0102104F1880006F03DF9002296
:10296000B273B17CCBB2490707D5B37C03F0FB034C
:10297000B37484F89C20B37CDBB2DA061FD5B37C39
:1029800043F08003B374002384F89C30B37CDBB243
:10299000DB0752D5326AC4F89420336AC4F8983001
:1029A0001B0C1BD1B37C43F04803B374032384F89E
:1029B0009C30012104F1880006F00EF93DE094F806
:1029C0009C20032A39D801A151F822F09129000C4A
:1029D000312A000C872A000C232A000C100605D58A
:1029E000B37C43F04003B3740123E0E7B27C04F509
:1029F000C87042F04002B2740222A4F8943100235D
:102A000084F89C20D4F89420A4F89631C4F8982136
:102A1000D4F89820C4F88C31C4F89C2105F06BFEE2
:102A2000C7E7F90709D5002384F89C300221C1E7E4
:102A3000FA0702D513F00203F6D04FF001087B0825
:102A4000009305F581530433CDE9023304F5BC73DB
:102A5000049305F580530593009B002B60D101265C
:102A6000069BDDF800A04FEA530805F58055B8F144
:102A7000000F40F01A81069B13F0FE0F00F07B81DF
:102A80004FF4807154E7DB07D7D596F818805FFACA
:102A900088F918F07F0810D1B37C012243F0480375
:102AA000B374032384F89C3004F5C073D3E8EF1F9C
:102AB000C3E8E02F0028B9D0F8E7D4F88C314BB93F
:102AC000012204F5C873D3E8EF1FC3E8E02F002804
:102AD000B3D0F8E703F10C0A504605F070FD40450D
:102AE00028BF404601468346504603F019FD5A462A
:102AF000014605F5815005F078FDB4F8963119F0DE
:102B0000400F98441FFA88F8A4F89681C4D0B4F80E
:102B100094314345C0D9B37C43F04003B37485E797
:102B2000009BDF0752D55FFA88F1EFF3118307931B
:102B3000202383F31288BFF36F8F01F00F03B37369
:102B4000019841F0800196F8129005F0D7F95FFAEC
:102B500089F90746F8B105F0F8F98246414604982C
:102B600005F0B9FD19F0200F17D0B37C059A03F0DA
:102B7000DF03B374B37C43F00803B374B37C9807EA
:102B800042BFB37C43F00803B374059B9B7C03F006
:102B9000FE03937409E08246E0E7BAF1000F04D027
:102BA00097F8149019F0020919D04FF0000900228B
:102BB000059B9A73079B83F31188BFF36F8FB9F15D
:102BC000000F03D04946019805F0CFF9009B08F1AA
:102BD00001085B080093039B043303933CE7BAF8B6
:102BE00010B0BBF1000F20D04146049806F08DF8DC
:102BF000798BBAF81030C1F30A01994228BF1946FF
:102C0000494509D80AF10C0003F0B2FC05F58052E1
:102C1000937C43F00103BCE7DAF80C30039A13F815
:102C2000093009F101091370EAE79AF81930190718
:102C30000AD54146049806F068F89AF819306BF303
:102C4000C3038AF81930E1E7384605F07AF981467E
:102C5000384605F07AF983460028A8D097F814A0E2
:102C60001AF0020AA3D14146049806F04EF8798B77
:102C7000BBF81030C1F30A01994228BF19465145EB
:102C80000AD80BF10C0003F073FC05F58052937C1D
:102C900043F0010393748AE7DBF80C30039A13F8CE
:102CA0000A300AF1010A1370E9E718F0010F17D092
:102CB000F1B2EFF3118B202383F31288BFF36F8FF0
:102CC00001F00F03AB73AA7DD3B252060FD503F008
:102CD000BF03AB7585F80EA08BF31188BFF36F8F20
:102CE000029B4FEA5808043301360293BFE601986D
:102CF0002F8B05F003F9BFB20090C0B305F025F9A2
:102D0000A8B3C7F30D09B9F1000F18D000F10C07F3
:102D1000384605F054FC4845024628BF4A46384626
:102D20001146039203F0FCFB0146DDE9020205F0C7
:102D30005CFC009B5A8BC2F30A02914504D2AB7D26
:102D400003F0FE03AB7508E0384605F038FC50B9D7
:102D5000314604F5C27005F0D8FF314604F5BE7067
:102D600005F0D3FFB6E7AB7D03F0FE03B1E73146D4
:102D700004F5C470F4E709B0BDE8F08F30B540B396
:102D8000B0F1205F4FEA906323D2013BDBB2082B06
:102D90001AD8114A114DD45C114AD15C114AD25C47
:102DA000EB5CC5B2A54214D8C0F305248C4210D800
:102DB000C0F3055191420CD8C0F3853098428CBFC6
:102DC0006FF01500002030BD3F2300241A4619463D
:102DD000E7E76FF01500F6E751B7000C36B7000CC7
:102DE00048B7000C3FB7000C2DE9F3470C4600250F
:102DF000194943682143804616461F68019506F02D
:102E0000A9FC022804D03560002002B0BDE8F0879C
:102E10004FF0060AB4FBFAF95FFA89F529464046F5
:102E200001AA06F022FD0028EFD10AFB1944E4B202
:102E3000032C94BF4C375037AD003D442B6804F051
:102E40000304E400E34013F03F03DDD0019AB2FB3A
:102E5000F3F23260D8E700BF00FFFF0F2DE9F74F14
:102E60000D464FF0000B1C46436880469F68924613
:102E700007EB81073549D0F8109029433E6ACDF819
:102E800004B006F067FC022803D0C4F800B00020AC
:102E90003FE0396A01F00F01514550D0BAF1060FF9
:102EA00002D18B1F052B4AD90B290AD8DFE801F084
:102EB000061E273434373C3C3C3C3C3CD9F80030BF
:102EC00001933A6A012D4FEA124218BFD2B2F304BD
:102ED00031D51D2A28BF1D220123013292B2934011
:102EE0009AB2019BB3FBF2F32360D0E7AB1EDAB2D8
:102EF000092A24D809EB8309D9F80430E0E7012D29
:102F000020D00C220121404601ABFFF7A7FF00288B
:102F1000D7D003B0BDE8F08F4FF40043D0E7404670
:102F200001A900F015F8F2E70639404601AAC9B236
:102F3000FFF75AFFEBE7012A38BF0122D1E76FF014
:102F40008500E6E76FF05B00E3E700BF00FFFF1BD3
:102F500037B50C4641680A68136913F4807303D1CE
:102F60000020236003B030BD136BDB0701D4094B95
:102F7000F6E78B68D56BD3F88010052201AB01F022
:102F80000F01FFF76BFF0028ECD1019BADB26B4343
:102F90002360E7E7006CDC022DE9F84FD0F80490DD
:102FA0008246D9E9004B0F461546CEB2002A00F002
:102FB00022810846FFF7E2FE8046002840F01E818D
:102FC000BB0E082B00F21A81DFE813F00900130092
:102FD0005A009F00BA00C000CA00FE000C016369DD
:102FE0002A7823F0800343EAC21363614046BDE8B8
:102FF000F88FD9F80820A978D2F8803061F303035C
:10300000C2F880306B78A3B9E36A2A7803F07F03B3
:1030100043EAC213DBB2E36201F0E4F80546794EFD
:10302000A36F002BE2D001F0DDF8431BB342F7D9C8
:10303000DCE7236B734F43F00102DBB243F0010383
:103040002263236301F0CEF80646A36F2BB101F093
:10305000C9F8831BBB42F8D9C8E7E26BAB886FF3B2
:103060000F021343E36301F0BDF80646654FA36FFB
:10307000002BC9D001F0B6F8831BBB42F7D9B5E7E6
:103080002F790B2F21DD04F1440252F826302988D4
:103090000B2F61F3090342F8263004F1480252F87D
:1030A0002630A97804F1400461F3050342F8263084
:1030B00054F8263023F4F06322DC0027EA7843EA50
:1030C000C2133B4344F8263090E7D9F80830DFF8C4
:1030D00034B103EB8609D9F884303B4343F0400315
:1030E000C9F8843001F07EF88246D9F884305B0656
:1030F000C9D401F077F8A0EB0A035B45F5D975E771
:103100000B3F3F0207F4E067D8E70623B6FBF3F274
:1031100003FB1263D9B203294FEA820294BF4C34F5
:10312000503414443F2203F003032168DB009A402B
:1031300021EA02012A7802FA03F30B43236055E7E0
:103140002B7803F00303CBF810304FE7DBF81C308B
:103150002A7823F0800343EAC213CBF81C3045E7FA
:10316000D9F80810012E01EB86010A6ADAF810403E
:1031700022F4005222F00F024FEA02422B884FEA5B
:10318000124201D0FF2B01D842EA0342EB78A87823
:1031900003F00F0343EA403313430B6201F022F8BC
:1031A0000746DFF860A0D9F808305B682BB101F062
:1031B00019F8C31B5345F6D918E7002E7FF416AF54
:1031C000EB7884F83A3011E7D9F80830C7F30527CF
:1031D00003EB8703D3F88020297861F30302C3F857
:1031E000802003E7D9F80C102B78CA6822F0FF0280
:1031F0001343CB60FAE66FF01508F7E66FF0850829
:10320000F4E600BFBFD401002DE9F843012743686D
:103210000669D3F800800C4608F1400252F82130CC
:10322000DFF8409043F0020342F8213001F1180327
:103230009F4000F0D7FF0546D8F8103037EA030367
:1032400008D000F0CFFF431B4B45F5D96FF073005A
:10325000BDE8F8830122F36AA24013430020F36221
:10326000F6E700BFFF0D27072DE9F84F0546476831
:1032700008460C46FFF782FD0646002853D121463A
:10328000284606F067FA022800F0A180A10E3A68ED
:10329000BB68092947D8DFE801F0053035524657A9
:1032A0005D674672536943F002035361230E032B9B
:1032B00003F0FC0A70D9BAF1140F04D8454B23FA75
:1032C0000AF3DA0768D4D7F814804FF00009BAF18E
:1032D000140F64D17B68DB68DB0726D43E4B1B7878
:1032E000002B63D100F07EFF834600F07BFF3B4A5A
:1032F000A0EB0B039342F8D962E0D36A43F00203D8
:10330000D362D3E70F20E1B24B1C2A6903EB4303DE
:103310005B0000FA03F3108F034209D02846FFF741
:1033200073FF0028C2D06FF085063046BDE8F88FE5
:10333000012303FA01F1136B0B431363B6E728462D
:10334000E1B206F067FBECE77A68D36943F0020369
:10335000D361ABE714F0FF02A8D003EB82031A6A33
:1033600042F480721A62A1E7C4F3052203EB8203E0
:10337000D3F8802042F04002C3F8802096E7FA6834
:10338000C4F3055302EB83020123D16BC4F38530F0
:1033900083400B43D36389E74FF4FA6895E72146EE
:1033A000284606F0D7F9022898D1BEE7FDF7AAFC17
:1033B0000B4B1B58002B95D00A20002107F044F836
:1033C00009F10109C14582D36FF07306ADE76FF0D3
:1033D0007706AAE710111000DD100020BFD401000D
:1033E00008000000F8B54368234A1D6804696B694A
:1033F000487A1A400B7C00021B0600F4706003F050
:1034000040730343087AC001C0B203438878400187
:1034100000F020000343887A000100F0100003430D
:10342000C878C00000F0080003434878800000F02E
:10343000040003430878400000F0020003431343F4
:103440006B614B6823600B785BB100F0CBFE0646E6
:103450000A4F2B69DB0705D400F0C4FE831BBB4277
:10346000F7D9F8BD636B43F480536363238F43F054
:1034700001032387F5E700BF41F0FFFCFF0D27079D
:103480002DE9F84306690C46338F9D0607D496F85C
:103490003A30052B05D16378002B40F08780BDE8DA
:1034A000F88343681D689A68EB6A23F00203EB62B5
:1034B0008B78012B1ED0EB6AE27803F07F0343EA9E
:1034C000C213DBB2EB626278EB6A520002F00202D6
:1034D00003F0FD031343EB6200F084FE0746DFF8C0
:1034E0001081AB6F002B4FD000F07CFEC31B434517
:1034F000F7D9D4E70978736BCB40D807CFD5D2F88A
:103500008030DFF8F09061F3030343F04003C2F82A
:10351000803000F067FE0746DFF8D480D9F88030AD
:103520005A064CD400F05EFEC31B4345F6D9B6E7FD
:103530002B6B627903F0490343EAC213A279DBB231
:10354000520102F020021343E279DFF8A480120155
:1035500002F010021343227A920002F00402134395
:10356000627A520002F00202134343F001032B631C
:1035700000F038FE0746AB6F002B9CD000F032FE07
:10358000C31B4345F7D98AE76378002B87D000F047
:1035900029FE0746DFF860802B69DB053FF57BAF2E
:1035A00000F020FEC31B4345F6D978E7736B43F464
:1035B00000537363338F43F0200333876FE7EA6B65
:1035C000A3896FF316021A43A37ADFF824801B0441
:1035D00003F4FE031343EB6300F004FE0746AB6FF6
:1035E000002BA5D000F0FEFDC01B4045F7D956E7E3
:1035F000BFD4010000000144FF0D27072DE9F74F5C
:10360000D0F810800E78D8F830500C46F54015F000
:1036100001056AD191F807A0D8F8343023FA0AF3EB
:10362000DF0762D54368BAF10B0F1F68D3F810901B
:1036300041DD07F1440252F826306189BAF10B0FDF
:1036400061F3090342F826303B46217B53F8482FAB
:1036500061F3050243F82620A07907F1400252F8F1
:1036600026104FEAC02021F47E5100F460503FDC68
:103670006379DFF8C8A0DB01DBB203430B431D43D2
:1036800042F82650E2892E4BF96E03EA0243228A61
:103690006FF3DE11D20192B213430B43FB6600F0CD
:1036A000A1FD0546BB6F5A0631D500F09BFD431BBB
:1036B0005345F7D919E09B6803EB860BDBF88430A0
:1036C0004AEA030343F04003CBF8843000F08AFD5C
:1036D0000246DBF8843001925906AAD400F082FD3C
:1036E000019A1649831A8B42F3D903B0BDE8F08FD3
:1036F000AAF10B0A4FEA0A2A0AF4E065B8E70122A8
:10370000D8F83030B2401343C8F83030EDE72379B1
:10371000002BEAD0D9F81C300A4D43F48033C9F8A5
:103720001C3000F05FFD0446D9F80C30DB05E6D410
:1037300000F058FD031BAB42F6D9D6E7BFD4010019
:103740000000FF7FFF0D2707F8B505692B8FDA060C
:103750003DD443680A7C5C68CB7B52009B0002F03E
:10376000020203F0040313438A7B606902F0010242
:1037700020F00700134303436361E36917480A7BA2
:1037800018404B7A12029B0402F4706203F4701327
:1037900013430A7AD201D2B213434A78920002F05C
:1037A000040213430A78520002F002021343034357
:1037B000E3610B785BB100F015FD0646084FE36846
:1037C000DB0705D400F00EFD831BBB42F7D9F8BD23
:1037D0002B8F43F010032B87F9E700BF79F0C3FF6D
:1037E000FF0D27072DE9F84305690E786B6B0C4632
:1037F000F340DA074BD491F807C02B8F23FA0CF370
:10380000DB0744D54768012EB968638A01EB86015E
:103810000A6A22F4745222F00F024FEA02424FEA7F
:10382000124201D0FF2B01D842EA03426379003BE8
:1038300018BF012342EA4332237C0BB142F4805289
:10384000637D207ADB02800200F4806003F4006371
:103850000343207D0CF00F0C400243EA0C0300F4FC
:10386000007003432079DFF85C90000200F4807060
:10387000034313430B6200F0B5FC8046BB685B68F2
:103880003BB100F0AFFCA0EB08034B45F6D9BDE817
:10389000F883B31E092B0FD8E26805EB83035A6047
:1038A00001226B6BB2401343012E6B6302BF2B8F5F
:1038B00043F002032B87EAE7002EF1D1E37985F884
:1038C0003A30EDE7BFD401002DE9F04F8D4BDFF822
:1038D00038E287B0CDE900E3012530234FF460687A
:1038E0006946CDE90283466804460769049540F2BB
:1038F0000119FFF777FD4FF40043CDE9009340F243
:103900000713DFF808A26946CDE902A30023204689
:103910000493FFF719FFB368DFF8F4811D7000F01E
:1039200061FC0546B368D3F804A0BAF1000F09D0D2
:1039300000F058FC431B4345F4D96FF0730007B007
:10394000BDE8F08F05230326DFF8C8B187F83A30C9
:10395000012506274FF002091422002101A806F0D4
:1039600019FF694620468DF80770CDF800B0ADF814
:1039700012508DF80450FFF735FF1422002101A8E2
:1039800006F008FF644B6946204600938DF80770E7
:10399000ADF812908DF80450FFF724FF1422002197
:1039A00001A806F0F7FE5D4B694600930723204609
:1039B0008DF80730ADF812508DF80450FFF712FF64
:1039C0001422002101A806F0E5FE554B694600933C
:1039D000082320468DF80730ADF812508DF80450BA
:1039E000FFF700FF1422002101A806F0D3FE4D4B83
:1039F000694620460093ADF812508DF80450FFF749
:103A0000F1FE4FF00133484A6946CDE900232046D4
:103A100003F17F430293ADF80C50FFF731FD4349AA
:103A2000434B4FF00308CDE900134FF096736946FE
:103A30002046CDE90238CDF810A0FFF7DFFD40F6B3
:103A400001233C486946CDE90003204606F015F8FD
:103A500041F60113384F69462046CDE9007306F060
:103A60000CF840F601434FF40067DFF8D0C0694618
:103A70002046CDE900C306F000F8314B69462046E8
:103A8000CDE9003705F0F9FF2E4B69462046CDE918
:103A9000003705F0F2FF2C4B69462046CDE9003790
:103AA00005F0EBFF013E7FF453AF636832465B687D
:103AB000204626491D612B4606F00FF82B464A4644
:103AC0002046234906F009F82B4642462046214964
:103AD00006F003F82B46042220461F4905F0FDFF9F
:103AE0002A4620461D4906F00DF82A4620461C4964
:103AF00006F008F820462A461A4906F003F8304630
:103B00001DE700BF001BB70001000001000001011C
:103B1000BFD4010000FFFF1B01FFFF1B02FFFF1BC3
:103B200003FFFF1B04FFFF1B0101000100C0FF0B8F
:103B30000100010C00FFFF0F01FFFF0F02FFFF0F4D
:103B400003FFFF0F04FFFF0F05FFFF0F30E7FF1F0D
:103B500037EEFF1F35ECFF1F10D2FF1F3E7F3424CE
:103B60000E3F05240B7F042408B5074806F01AF918
:103B700038B10648FDF7EAFA0448FCF7EDFB0020EF
:103B800008BD6FF01200FBE710A9000C913B000C80
:103B90000A2838B50446074D04D1AB680D212846E4
:103BA0005B689847AB6803485B68E1B2984720467A
:103BB00038BD00BF10A9000C10291FB528BF102167
:103BC0000C460C4BD3F8E02112BA0092D3F8E42152
:103BD00012BA0192D3F8E82112BA0292D3F8EC316A
:103BE0000A461BBA6946039306F0C7FD204604B097
:103BF00010BD00BF0070000A2DE9F0430025012729
:103C0000DFF8E0E000F1020CEBB2994202D80020AC
:103C1000BDE8F08330F825403CF82560C4F3422825
:103C200004F00F03B8F1010F5EF82330C4F304125F
:103C30002AD15BB303EB52084FEA143998F83040AD
:103C400012F0010F15BF04F00F0404F0F00444EA71
:103C5000091449EA040488F8304003EB020898F894
:103C6000404044F0010488F8404016F0010F07FA84
:103C700002F803EB02040BD116F0020F0ED194F8F8
:103C8000409009F0FB090DE0002BEED10135BBE7B8
:103C9000D3F8109048EA0909C3F8109094F84090BE
:103CA00049F0040984F8409094F8409016F0080F09
:103CB00014BF49F0020909F0FD0984F840901C681E
:103CC00016F0100F14BF48EA040424EA08041C602C
:103CD000DC6E07FA02F236064CBF224324EA0202E7
:103CE000DA66D3E740B0000C70B5054600F07AFA0A
:103CF0000446074EEB69DB0604D000F073FA031BA1
:103D0000B34200D970BD022006F026F8F2E700BFEA
:103D1000BFD40100F7B50D4647680669BC68236843
:103D2000204623F002032360FFF7DEFFEB79002B30
:103D300064D1F3712979022960D8204605F0EEFF9D
:103D40002B7933716B79012B52D1636823F04003D7
:103D500063602046FFF7C8FF6B797371AB79042B62
:103D60004CD82B4A2046D35C626822F0070262607E
:103D7000626813436360FFF7B7FFAB79B371002349
:103D8000F86901938368DB6813B1796A01AA9847DF
:103D9000019A2868002A34D05308010B0005C01886
:103DA00041F100010023FCF72BF94FF6FF72431E8F
:103DB00061F10001934271F1000125D22368404274
:103DC00080B223F460432360A0812B6820463360D7
:103DD0007B7B012B02BF236843F0800323602368B1
:103DE00043F002032360FFF77FFF002003B0F0BD24
:103DF000032B03D1636843F04003A9E76FF085000C
:103E0000F4E76FF01500F1E76FF02100EEE700BF77
:103E10005AB7000C2DE9F74346680746D0F81080E2
:103E2000F069B468836896F80C901B68716A2BB9C6
:103E30006FF05705284603B0BDE8F0839847054664
:103E400010B110F1780FF5D1D6E9070183681B682E
:103E5000002BEDD09847054610B110F1780FE9D14D
:103E6000BF232375002388F807303379042B02D948
:103E70006FF08505DEE7544A2046D35C626822F085
:103E800007026260626813436360FFF72DFF3379B6
:103E9000204688F80630717905F040FF737988F87C
:103EA0000430B379012B7ED1636823F04003636053
:103EB0002046FFF719FFB37988F80530B1683269F9
:103EC0000B68120523F44C1302F440121A43736971
:103ED0001B0403F4403313430B60236843F0005387
:103EE0002360236823F01C03B9F1000F62D0236024
:103EF0002368002143F080432360B06A01AA05F0E3
:103F000014FE051E96DB019B002219791868FFF745
:103F100073FE054600288DD16368204643F40033C4
:103F20006360FFF7E1FE6368204643F4803363601B
:103F3000FFF7DAFEF069716A8368DB680BB101AAEA
:103F40009847019A3068002A37D05308010B0005C2
:103F5000C01841F100010023FCF752F84FF6FF7240
:103F6000431E61F10001934271F1000128D22268E1
:103F7000404283B222F460422260A3813368384613
:103F8000C8F80030B3699847737B2046012B02BF05
:103F9000236843F080032360236843F00203236017
:103FA000FFF7A2FE46E7032B7FF462AF636843F09E
:103FB00040037CE743F0040399E76FF0150539E708
:103FC0006FF0210536E700BF5AB7000C4FF0E02331
:103FD0000D4A9969126818699B69002908BF114642
:103FE000002B08BF134610F4803F084801D19942C6
:103FF00005D20168114401604FF0E02109690068B1
:104000001044C01A704700BFA4100020A010002068
:104010002022094B002083F8232042F6E062074B60
:104020001A60074B42F6DF6218604FF0E0235A61D6
:10403000072298611A61704700ED00E0A41000208B
:10404000A0100020684620F007018D4619B5FFF743
:10405000BDFF1449144B0868D3E90042001942F12E
:104060000002C3E9000200230B6042F6E0630F4A3E
:10407000D2E90041001BB0FBF3F043431B1941F1AF
:104080000001C2E90031EFF31181202383F312888C
:10409000BFF36F8F01F040FBFCF7C6FDBDE8194090
:1040A00085467047A0100020800700207807002078
:1040B0002DE9F041374E89B1421C0AD14FF0E02280
:1040C000136923F0010313614FF07F433360BDE8B0
:1040D000F0813568012806DC00240AE0431C3568BD
:1040E000F8D140F2755040F276539842A8BF184676
:1040F000441EEFF31187202383F31288BFF36F8FE1
:10410000FFF764FF4FF0E0232349D3F818C0D1E94B
:10411000002380184FF0000243F10003C1E90003BF
:104120001E4B1A601E4B1A68831A2DD442F6E06E9D
:1041300042F6DF6814FB0E841C44B4FBFEF4131A31
:104140000EFB0433B3F5806F38BF4FF48063154A1C
:10415000934228BF13464FF0E0223360013B94693D
:1041600053610023A4459361ACEB0400D1E9003214
:104170000DD20544EB1842F10002C1E9003287F389
:104180001188BFF36F8FA2E74FF48063E3E7C31892
:10419000F1E700BFA410002080070020A01000203D
:1041A0007807002060CCFF0038B5EFF3118520239D
:1041B00083F31288BFF36F8F084B1C68084B1B6892
:1041C000E41AFFF703FF85F31188BFF36F8F42F600
:1041D000E0632044B0FBF3F038BD00BF800700204F
:1041E0007807002038B5EFF31185202383F3128878
:1041F000BFF36F8F044B1C68FFF7E8FE85F311884F
:10420000BFF36F8F204438BD8007002038B5EFF32F
:104210001185202383F31288BFF36F8F064B9C68B0
:1042200005F0D3FD85F31188BFF36F8F2046BDE8FD
:104230003840FCF709BD00BFA810002038B50A4B74
:1042400053F82040013053F82050A54200D838BD23
:10425000606830B1037EDB0701D405F08BFD0834C4
:10426000F3E723689847FAE78CB0000C012270B599
:10427000294B86B003201A70FFF7E0FF01F014FB12
:104280000420FFF7DBFF254C254D2646AE4204F106
:1042900030040FD301F0C6F8204CAC4226D301F015
:1042A000D5F8FCF72FF81F4A938923F00103938177
:1042B00006B070BD54F80C3C059354F8103C0493C0
:1042C00054F8143C039354F8183C029354F81C3CE3
:1042D000019354F8203C009354E90A2354E90C015B
:1042E00000F040FD54F8303C5E65CEE7D4E90A2387
:1042F000B3F1FF3F08BFB2F1FF3F05D052EA03011F
:10430000206803D100F078FD3034C6E70649183044
:1043100001F072F9F8E700BFDD10002054AE000C88
:1043200054AE000C10080020D7A3000C882370B5F1
:10433000134E012203FB0066002386B0CDE904235F
:104340000F220193CDE9023214234FF4A0720D4DD8
:104350000D4903FB0055044602FB00110B4B304690
:10436000009500F0FFFC337C2C7423F004033374BD
:10437000074B013403EBC423EE606B6006B070BDE5
:1043800088070020A8100020E0200020519F000C8A
:10439000E01800207FB50020FFF750FF2B4B83F380
:1043A00008880025E0232A4C84F82230E57725761A
:1043B0006576A57684F82050E576636A43F4E023B9
:1043C0006362636A43F400236362A563E3689BB29C
:1043D00043F0BF6343F40833E360FCF743FBFCF7AF
:1043E0001DFC4FF0FF33A362E362FCF7F5FDFCF721
:1043F0008FFC184800F0F4FC0120FFF71FFF02209B
:10440000154CFFF71BFF01F005F8144B4FF48062C9
:104410005C61134B1349059301232046CDE90353F7
:10442000CDE90155104B009500F09CFC0646237C1D
:10443000204623F00403237405F0A6FF2846FFF767
:1044400075FF31462046084AFCF7CCFBE0200020EF
:1044500000ED00E09808002010080020A8100020BF
:1044600060B6000C202200206D42000C38B5064CCE
:10447000064DAC4201D3002038BD2046D4E90112DC
:1044800005F0E8FC1434F4E7DC030020F00300201E
:1044900030B5054B85B0DDE908450293CDE900450F
:1044A00005F096FC05B030BD6161000C38B5074CD5
:1044B000074DAC4201D3002038BD204605F0EEFC8C
:1044C00008B91C34F5E76FF01500F5E7C0030020CC
:1044D000DC03002073B50C46EFF31181202585F332
:1044E0001288BFF36F8FC5685DB125602B68C3600C
:1044F000836901338361002081F31188BFF36F8FDB
:1045000011E052EA030603D16FF00B002560F3E7D8
:10451000CDE900230246083000F086FE18B9034BAF
:104520009B685B69236002B070BD00BFA8100020CB
:10453000F7B50D4604469DF82010EFF311872020B3
:1045400080F31288BFF36F8F266AE068864240D2FC
:104550002668B4421AD0CEB1304605F004FD06F10B
:10456000180006F012F82946002554F8082F706943
:1045700006F003F93046C6F8805005F005FF2046E6
:10458000394605F038FF284603B0F0BDA268A9B14E
:104590002946E06906F0F1F8E369A268134462690C
:1045A000E361934201D12369E3610020236A01336F
:1045B000236287F31188BFF36F8FE5E7A069236952
:1045C0002946984208BF6069801AA06106F0D5F8B4
:1045D000EBE752EA03010BD0074904F108008968B0
:1045E0004D61CDE900233946224600F01DFECBE7A0
:1045F0006FF02200DDE700BFA8100020F7B50446E9
:104600000846EFF31186202181F31288BFF36F8FE4
:10461000216A00293BD0A268A16906F0AEF8A3691F
:10462000A268256813446269A361934204BF2369A9
:10463000A361236AAC4203F1FF33236236D02846DC
:10464000002D34D0002705F08EFC05F1180005F090
:104650009CFF6969A268E06906F08FF8E369A268C7
:10466000284613446269E361934204BF2369E3610E
:10467000236A01332362C5F8807005F085FE04F1DA
:104680000800314605F0B7FE384603B0F0BD52EAE7
:10469000030111D00A4989684861CDE900233146F8
:1046A000224604F1080000F0BFFDEEE7002086F38B
:1046B0001188BFF36F8FE8E76FF02200F7E700BFC4
:1046C000A81000202DE9F341044617461E46EFF3DB
:1046D0001188202383F31288BFF36F8F304BC26899
:1046E0009B6872B18068984217D057EA060216D1CB
:1046F00088F31188BFF36F8F6FF00F0002B0BDE831
:10470000F08193F90E1001322161C4E9023288F37D
:104710001188BFF36F8F0020F0E72169F3E793F969
:104720000E1090F90E30994230DA9942A8BF19461E
:1047300005F02DFC054622464146CDE90076194894
:1047400000F072FD0028E6D0EFF31186202383F3FA
:104750001288BFF36F8FA068D0B1236821699C4293
:104760000AD04BB193F90E309942A8BF19466FF0A9
:104770007F039942B8BF194605F009FC40B13146A4
:10478000084805F038FE6FF00A00B7E70025D2E7C9
:10479000002DF4D186F31188BFF36F8FF3E700BFCC
:1047A000A8100020DE100020F8B583680546002B15
:1047B00040D0234A926893423FD1C368012B03D96A
:1047C000013BC3600020F8BDEFF31187202383F382
:1047D0001288BFF36F8F0169806805F0D8FB2C68E1
:1047E000A54207D10023C5E9023387F31188BFF33F
:1047F0006F8FE7E7002CF5D0D4E900320026136074
:104800005A60237CC4E9006623F002032374A66087
:1048100004F1180005F0B9FEAC6094F90E302046A2
:104820002B61C4F8806005F0AFFD3946054805F0FE
:10483000E2FDC7E76FF01500C5E74FF0FF30C2E7B4
:10484000A8100020DE10002037B51146EFF31185C7
:10485000202282F31288BFF36F8F04689CB1236813
:10486000426823F003039442036008BF43600121C0
:10487000204605F010FC044685F31188BFF36F8FC6
:10488000204603B030BD51EA0302F5D000F1080222
:10489000CDE900131046294600F0C6FC0028EFD1F0
:1048A000014B9B685C69EBE7A810002070B5EFF343
:1048B0001186202383F31288BFF36F8F0468A04210
:1048C0001BD0D4B1D4E90032002513605A60237C98
:1048D000C4E9005523F002032374A56004F1180015
:1048E00005F053FE2046C4F8805005F04DFD3146DA
:1048F000BDE87040064805F07EBDD0E902329A421C
:1049000018BF0133836086F31188BFF36F8F70BDCA
:10491000DE10002013B5EFF31181202484F31288F8
:10492000BFF36F8F846844B1013C846081F31188C8
:10493000BFF36F8F002002B010BD52EA030406D10E
:1049400081F31188BFF36F8F6FF00F00F3E7CDE9AC
:1049500000230246014800F067FCECE7DE1000206F
:1049600070B50546EFF31186202383F31288BFF359
:104970006F8F00232C68A54219D0C4B1D4E900324E
:1049800013605A600023227CC4E9003322F0020243
:104990002274A36004F1180005F0F7FD6FF00A031C
:1049A0002046C4F8803005F0EFFC0123E2E7002246
:1049B000AA6023B986F31188BFF36F8F70BD3146AB
:1049C000BDE87040014805F016BD00BFDE100020B4
:1049D0002DE9FF4104462027534EEFF3118887F35A
:1049E0001288BFF36F8FD4F88C50F5B9022104F10F
:1049F000A40005F089FB002870D004F19C0500227A
:104A00000121284605F07EFD0028F8D100234FF053
:104A1000FF3202934FF0FF334146CDE90023434874
:104A200004F1940200F028FDD7E7D4F890202B6819
:104A30009542C4F88C3008BFC4F89030D4F8A43044
:104A400043F00203C4F8A430EB6823F0040343F0FE
:104A50000103EB606B6888F31188BFF36F8F284602
:104A60009847EFF3118887F31288BFF36F8FEB68D5
:104A7000D80623F001023ED4EA60EB689A0717D506
:104A8000306823F00203EB6090B10021036878B135
:104A9000426895423DD10368002934D17268336081
:104AA000904200D17360002340F8083BFFF7FEFE00
:104AB000D4F8A43023F00203C4F8A430DB0530D4CA
:104AC000D4F88C30003B18BF012388F31188BFF362
:104AD0006F8F002B81D005F01DFC7EE7D4F8A43049
:104AE000D90693D5C4F8A40088F31188BFF36F8F5B
:104AF00004B0BDE8F08123F01103EB6005F1100074
:104B0000FFF7D4FEB9E70B607368984208BF716085
:104B1000C9E701461BB11A6818461346B7E71A469B
:104B2000FAE70023D1E700BFC8100020DE10002004
:104B300070B5C3680546C3F340069B070C460DD508
:104B40000122002104F1080005F0D2FA00232360BD
:104B5000054B65605A681AB9C3E90044304670BD18
:104B600014605C60FAE700BFC8100020F8B5C368A5
:104B700004469A070E46C3F3400542D45F0742D469
:104B80000B680BB983680B60E368D80742BFA36862
:104B900002253360376858BF012557B31B4B9A680D
:104BA000D7F888309A421ED105F08CFB80F00100C6
:104BB000C0B2D7F8A430D907C3F380021CD5F2B134
:104BC000F8B100232360D7F8903073B9C7E92344C4
:104BD000384605F0B3FAE36843F00403E360336852
:104BE000A3602846F8BD0020E3E71C60C7F89040AA
:104BF000EEE76FF0150506E06FF0120503E01B0706
:104C0000DFD56FF00F0500233360EAE7A81000201E
:104C10000146014805F00FBB40090020F0B50446ED
:104C2000002089B00E9DC4E9230004F19400C4E97A
:104C3000250004F19C00C4E9270055B32879002819
:104C400040F2011008BF0120C4F8A40000204FF07A
:104C5000FF364FF0FF37CDE90330CDE90100CDE954
:104C6000066720460C4B009400F0EAF855B129681D
:104C700011B1204605F02CFB6B791BB1A38943F0E1
:104C80000103A381204600F0B7F8C4F8884009B0BA
:104C9000F0BD0120D8E700BFD149000C37B5019025
:104CA0000846EFF31184202181F31288BFF36F8F40
:104CB000C16811F01E0F16D153EA020508D101A9EF
:104CC000FFF754FF84F31188BFF36F8F03B030BD3B
:104CD00041F00801C160019910308161034900F081
:104CE0008BFC0120EEE70020ECE700BFB1A1000C37
:104CF00001460148FFF7D2BF40090020F7B50C4636
:104D000016461D460190EFF31187202383F3128886
:104D1000BFF36F8F084605F002FA55EA060309D182
:104D2000204601A9FFF722FF87F31188BFF36F8F99
:104D300003B0F0BDE368324643F00803E360019B33
:104D40000449A36204F110002B4600F055FC012039
:104D5000EAE700BFB1A1000C01460148FFF7CEBF52
:104D6000400900202DE9F043984685B000F1580332
:104D7000C0E91633109B002683810423073222F0FA
:104D8000070503740F9B01EB05090F468373494622
:104D9000C0E906668660C6730446FBF7D3FB0E9B2C
:104DA000073020F007002067C4E91A7502930D9BB5
:104DB000A9EB000901930C9B4A46009339464346F0
:104DC0002046FBF7F3FE054B66659B6803B15B6FFE
:104DD0004846636705B0BDE8F08300BFA810002017
:104DE0000123037483810023C0E91A334367014B15
:104DF00098607047A810002038B50446EFF311857D
:104E0000202383F31288BFF36F8F037C5B070FD5DA
:104E1000183005F0BAFB237C204623F004032374EA
:104E200005F0C1FA2946BDE83840044805F0E3BA68
:104E300085F31188BFF36F8F38BD00BFDE100020EF
:104E4000F0B5002587B00595109DDDE91276049533
:104E50000F9D044603950E9D02950D9D01950C9D99
:104E60000095FFF77FFFB6F1FF3F08BFB7F1FF3FA7
:104E700005D056EA070305D12046FFF7BDFF2046BF
:104E800007B0F0BD3A46334604F11800014900F07E
:104E9000B3FBF4E7D7A3000C6FF00A01094A93684B
:104EA000C3F880100849D8674B6843F080534B60C3
:104EB000002383F31188BFF36F8F9368D3F88000CA
:104EC000704700BFA810002000ED00E038B590F951
:104ED00010200146002A037C04DA03F07F030374E8
:104EE00005F01AFA0D4D2A4652F8184FAB68944255
:104EF00000D004B9EC688B4207D01A7CD20604D1EA
:104F0000DA897F2A01D9A2692AB1A34202D02046B8
:104F100000F0F4FA23466B6138BD00BFA8100020F2
:104F200070B590F91020037C002A2FDBD9062DD113
:104F30001A4C63F07F032246037452F8183FE1696C
:104F4000934207D1C0E900210860E0610FE0994277
:104F5000F8D01B68002BF5D093F90E6090F90E5035
:104F6000AE42F4DD5968C0E9003108605860A569B7
:104F7000954200D005B9E568A3681A7CD20606D12F
:104F8000DA897F2A03D9AA690AB9636170BDAB4285
:104F900002D0284600F0B2FA6561F7E7A8100020B9
:104FA000034648B9EFF3058232B9064A516992685F
:104FB000914201D0FFF770BF83F31188BFF36F8F69
:104FC000704700BFA810002038B5184CA168E069F0
:104FD0000B68814214BF1A46002249680B60596071
:104FE000A368E1692AB9124AC3E900210B60E361B1
:104FF0000AE092F90E5093F90E00854212DD5168D5
:10500000C3E900210B605360A569094B9D4200D0A4
:1050100005B9E568A3689D4202D0284600F06EFA03
:10502000656138BD8A42DED01268DBE7A810002037
:10503000C0100020002A2DE9F0470CBF4FF01009E6
:105040004FF00809027C044619EA020F0E460F468B
:1050500028D149EA0203D20946D10374B9F1080FF5
:1050600048D04FF00008DFF8F0A0534653F8185F1F
:105070009D4200D00DB9DAF80C50DAF80830AB4296
:1050800002D0284600F03AFAB9F1100FCAF81450CD
:1050900008D0204601F0ECF9B8F1000F02D02F48FB
:1050A000FFF79EFE2C4B9B68A3424FD1EFF3058385
:1050B000002B4BD1A289D20711D586F31188BFF3FB
:1050C0006F8F83F31188BFF36F8F0423184602DFBD
:1050D000EFF31187202383F31288BFF36F8F3846D5
:1050E000BDE8F047FFF7D8BE03F07F03037405F077
:1050F00013F9B3E7A36813B1204605F015F904F1DD
:10510000180005F042FAA56D04F15808A84511D021
:105110004FF0000A75B1284605F006F905F11800B0
:1051200005F033FA2846C5F880A0FFF7F9FEA56D13
:10513000A845EFD1084B9B689C4292D1EFF30588BC
:10514000B8F1000818BF4FF001088CE786F311880A
:10515000BFF36F8FBDE8F087A810002098080020EB
:1051600070B50F4D06462B4653F8184F9C4200D0A1
:1051700004B9EC68AB681A7CD20604D1DA897F2ABC
:1051800001D9A2692AB1A34202D0204600F0B6F9A3
:1051900023466B613046BDE87040FFF701BF00BF9A
:1051A000A810002070B5EFF31186202383F3128836
:1051B000BFF36F8F1A4CA168E0690B68814214BF7E
:1051C0001A46002249680B605960A368E1692AB950
:1051D000144AC3E900210B60E3610AE092F90E5022
:1051E00093F90E00854216DD5168C3E900210B607A
:1051F0005360A5690B4B9D4200D005B9E568A368D3
:105200009D4202D0284600F079F965613046BDE83C
:105210007040FFF741BE8A42DAD01268D7E700BF7C
:10522000A8100020C0100020F8B5124B0C46DDE994
:10523000067611469868104A1060EFF3118220221A
:1052400082F31288BFF36F8F9D68284605F076F8C9
:10525000B6F1FF3F08BFB7F1FF3F06D03A463346ED
:10526000064905F1180000F0C7F92046BDE8F840EE
:10527000FFF712BEA8100020D0100020D7A3000C0A
:10528000F8B50446EFF31187202383F31288BFF3A8
:105290006F8F037C49B203F01F02002A0CBF012666
:1052A000002635D103F07F032A4D037405F034F84E
:1052B0002A46037C817363F07F03037452F8183F1E
:1052C000E869934207D1C4E900200460EC610DE075
:1052D0009842F8D01B68002BF5D093F90EC08C458E
:1052E000F6DD5968C4E900310C605C60AC69944239
:1052F00000D004B9EC68AB689C4202D0204600F0B4
:10530000FDF86C6187F31188BFF36F8F3046F8BDED
:105310009B071CD5856804F0FFFF81732B689D42B5
:1053200009D16B68C4E900531C606C60EAE76A68E5
:105330009A42F6D01B68002BF3D093F90E208A42D4
:10534000F5DD5A68C4E9003214605C60DAE7817305
:10535000D8E700BFA8100020034648B9EFF3058244
:1053600032B9064A51699268914201D0FFF794BD63
:1053700083F31188BFF36F8F704700BFA810002020
:10538000F8B550EA010306460C4603D104F0C2FF0B
:105390000020F8BDEFF31187202383F31288BFF3B9
:1053A0006F8F184D184BA868186004F0FEFFA868AE
:1053B000324623461549183000F01EF9AB68044602
:1053C0001A7CDF6742F004021A746FF00A02C3F815
:1053D00080200F4A536843F080535360002383F3C7
:1053E0001188BFF36F8FAA68D2E90A12B2F1004F99
:1053F00008BF9942CCD105F0FDF8201A20EAE070F0
:10540000C7E700BFA8100020D0100020D7A3000CD1
:1054100000ED00E0024B03F11802C3E906227047D9
:10542000A8100020EFF31181202383F31288BFF32B
:105430006F8F054B9A68D37B013BD37381F311883F
:10544000BFF36F8F704700BFA8100020EFF31180EB
:10545000202383F31288BFF36F8F034B9A68D37BAB
:105460000133D373FFF77CBEA8100020014B98686E
:10547000704700BFA8100020D3B5DDE90667089C7F
:10548000CDE90067FFF7D0FE1CB1034B9B685B6959
:10549000236002B0D0BD00BFA8100020027C0346EC
:1054A00012F01F0210D10A4988420DD0094908683C
:1054B00068B1D9897F2909D893F90E20064B1B685A
:1054C0009A42B8BF002070470020704710467047CE
:1054D0008807002018030020D41000200122044B6C
:1054E000C01A044BC0105843034B1A54704700BFF6
:1054F00020090020ABAAAAAADE10002070B50C4B30
:105500000C4D1E7CFFF7CAFF182303FB065504460B
:10551000284605F03AF80022074B9A553CB1621E26
:105520002846BDE870400549D31700F065B870BD46
:10553000A810002020090020DE100020DD54000CFF
:1055400038B5EFF31185202383F31288BFF36F8FF3
:105550000F4B104A9C681068A04206D1FFF7CEFF9F
:1055600085F31188BFF36F8F38BD00211B7C11605C
:10557000094AD35C002BF3D02046FFF78FFF0028A9
:10558000EED0237CDB0601D1FFF71EFD2046E5E7C8
:10559000A8100020D0100020DE100020024B186858
:1055A000984208BF002070471C030020034B1B6873
:1055B0000BB9FEF7F9BD0020704700BFD8100020DE
:1055C00030B570B10B4B5B6898420AD0036843B1A9
:1055D000D3E90421D0E90445121941EB0501C3E9DF
:1055E0000421D0E9003213605A600023C0E900337F
:1055F00030BD00BF1C030020B3F1FF3F08BFB2F174
:10560000FF3F2DE9F84F0446994615461F467AD0CC
:105610008160EFF31188202383F31288BFF36F8F2B
:10562000B9F1000FDFF8E4A020DBFFF7BFFFDAE9F4
:105630000027013549F100092D1849EBE0730646B2
:105640004FF00109C4E90453AD1843EB0707FFF716
:10565000A5FF0346DFF8B8E0DEF804A0EBB9C4E923
:1056600000EACAF80040CEF8044028E06FF00103D9
:10567000DAE900125B1A4FF0FF3161EB02025B1BAB
:1056800062EB0902012B72F10001BCBF0123002271
:105690004FF00009C0E90432D9E7D3E9041CD4E98A
:1056A00004208A4270EB0C0B24DA891A5A686CEBDE
:1056B0000000C3E90410C4E9003214605C60FFF725
:1056C0006DFF84420ED1134B1B685BB9B9F1000F1B
:1056D00002D1FFF76BFF0646304604F03FFF002182
:1056E000FEF7E6FC88F31188BFF36F8F2846394632
:1056F000BDE8F88F521A60EB0C005345C4E9042052
:10570000ADD01B68AAE700252F46EFE73809002037
:105710001C030020D81000202DE9F047DFF8A890E6
:105720000246C9F800000D46FFF738FF00260027A3
:10573000DFF898804FEAE27ED8E9001350B1D0E953
:10574000044CA2427EEB0C0A1ADAA41A6CEB0E0689
:10575000C0E904460024521843EB0E032046C8E972
:105760000023C9F8004004F0F9FE2146FEF7A0FC32
:1057700085F31188BFF36F8FBDE8F047FFF7E0BEF8
:10578000611843EBE473C0E90467C8E90013FFF74D
:1057900017FF01224FF00043C0E9042385F311886D
:1057A000BFF36F8F83689847EFF31185202383F34E
:1057B0001288BFF36F8FD9F80020121BC9F80020A0
:1057C000FFF7ECFEB6E700BFD81000203809002034
:1057D00010B5EFF31184202383F31288BFF36F8F8A
:1057E000FFF7E4FE0346054AD2E90001181841EB31
:1057F000E37184F31188BFF36F8F10BD3809002067
:1058000073B50446EFF31186202383F31288BFF3A8
:105810006F8F8368594003EA02050A405340002213
:10582000009309496B46019204F038FEDDE900322D
:1058300023EA020304F10C003146A36004F0DBFD0F
:10584000284602B070BD00BF0FA7000CF8B5074690
:105850000C46164604F036FD08B10020F8BD0D4B8D
:105860009B685D6F002DF8D0221DF6D2EFF31184F6
:10587000202383F31288BFF36F8F284647F004017B
:10588000B04784F31188BFF36F8F0028E5D040F84C
:10589000045BE3E7A81000200146024A0020FFF75E
:1058A000D5BF00BF5B61000C014800F02FBD00BFF9
:1058B00065B6000C07B5074B4FF4806200930649AC
:1058C0004FF0FF330548FFF7A9F9002003B05DF85A
:1058D00004FB00BFA4B0000C2026002040090020DB
:1058E0002DE9F04F43688BB0804692460093837851
:1058F0009C0740F1F98000250878002800F0F68028
:1059000025280AD04B1C019301354146009B98473E
:105910000028C0F2E3800199EEE74E788B1C252E1B
:105920000193F1D000270A22B9463C461F2C22D809
:10593000A6F12003102B20D8DFE803F0141F1F1A54
:105940001F1F1F0B1F1F1F121F171F1F090044F0CF
:105950000104019B13F8016B0193002EE6D13AE09C
:1059600044F0020444F00404F3E744F00804F0E7D0
:1059700044F01004EDE77F2C24D8A6F13003092B66
:1059800008D860064EBF02FB073744F0200402FB34
:105990000939DEE72A2E0DD161065AF8043B53D4AB
:1059A000002BA7BF44F020049946C3F1000944F03E
:1059B0002804CEE72E2E05D1630600F1978044F02F
:1059C0004004C6E76C2E2ED028D8682E32D06A2E1E
:1059D00037D04C2E35D0002F46F02003B8BF24F02E
:1059E0004004A3F16502BCBF0027A4B2022A01D97A
:1059F000612B2BD10AF1070A07279D4E2AF0070ACF
:105A00000AF1080A210760D506EB070B34465C450E
:105A10005DD1AE1BA9EB0709A21959E1742E98D0EC
:105A20007A2E96D0D7E7260648BF44F4007444F097
:105A300080048EE7E00548BF44F4007444F48074A9
:105A400087E744F4207484E71F4682E7A6F16302E7
:105A5000122A00F2D880DFE812F013004D00D600C1
:105A6000D600D600D6004D00D600D600D600D6000F
:105A7000D600E800D100D600D6001A00D600A0005B
:105A80005AF8043B012704AE8DF81030BAE75AF8F3
:105A9000046B784B002E08BF1E4614F0400F3046B2
:105AA00014BF39464FF0FF3104F07CFE0746A9E7EA
:105AB00041462020009B984700280FDB013CA7426D
:105AC000F6D34D44A1462D1B9EE74C46F7E74146D1
:105AD00014F8010B009B9847002898DA98F80230D8
:105AE00043F0040388F802304FF0FF3528460BB02E
:105AF000BDE8F08F220630D5A3052AD50AF1070AA2
:105B00002AF007039A4659685AF8080B24F0100B3C
:105B100000291FFA8BFB2FDA40424BF4806B61EBBC
:105B2000410104AC0A23224604F048FE1BF0400F5A
:105B3000A0EB040200F08E802BF001049742A4B287
:105B400040F38F80002E40F08E802BF01104A4B221
:105B50001DE05AF8040BC117D8E7E0055AF8041BFA
:105B600001D40846F7E7A20547BF48B241F3C01188
:105B700008B241F3C031C9E750EA0103D1D163064D
:105B8000CFD5002FCDD124F011043A46A4B23B4624
:105B900040F206410C4262D124E024F010040A23B2
:105BA000A4B214F0800243D014F4007117BF0AF1BC
:105BB000070A5AF8040B2AF0070292461CBF5168E4
:105BC0005AF8080B50EA01023ED124F0160B620687
:105BD0001FFA8BFB3CD5002F3AD124F017043A462C
:105BE0003B46A4B221075AD4E10705D5994572DD99
:105BF000A9EB03039F184B469B464AE044F0100470
:105C000010237826CDE7782B04D1C6F1780343F032
:105C10001003C6E741462520009B98470028FFF661
:105C20005DAF02354146304670E608230026B8E7EE
:105C300014F480715AF8040BC4D014F400711ABF24
:105C4000C0B2114680B2BDE724F006041FFA84FBFF
:105C500004AC68E713465C46E10699D52EB90133DA
:105C6000C0E71346F8E73B46F6E70233BAE700BF62
:105C7000A3B6000C9CB6000CCDE9023241462020B0
:105C8000009B98470028FFF629AF0BF1010BDDE9D7
:105C90000232D945F0DCEB1A03EB0B055B46E1065B
:105CA00027D541463020CDE90232009B9847002895
:105CB000FFF614AFDDE902327EB901352F44791BBE
:105CC0008A4229DB144604AE94BB2A44A9EB03099B
:105CD0001546914440E017468EE70235414630466E
:105CE000CDE90232009B98470028DDE90232E5DA6F
:105CF000F4E640F206410C42E0D014F0020F05F148
:105D00000105414614BF2B20202014F4806FCDE9FB
:105D1000023218BF2D20E5E7CDE902324146009B53
:105D20003020013598470028DDE90232C7DAD5E690
:105D3000013C4146CDE90232305D009B9847002886
:105D4000DDE90232C0DAC9E641462020009B013578
:105D500098470028FFF6C2AEA9EB0503002BF3DC41
:105D6000D9E500BF7047836800EBC101B3F5004F70
:105D70002CBF51F8220031F81200704700EBC1012E
:105D80008068B0F5004F2CBF41F8223021F8123066
:105D90007047012208B5FFF7E6FFD04008BD8368D1
:105DA00000EBC101B3F5004F08D34B681AB143F0C3
:105DB00001034B60704723F00103FAE74B881AB1E7
:105DC00043F001034B80704723F00103FAE75300CF
:105DD0000122FFF7D3BF08B58368B3F5004F06D3A0
:105DE000FFF7D7FF01288CBF0020012008BD00204D
:105DF000FCE78368B3F5004F34BF04230823C91AB6
:105E0000081AC00870478368B3F5004F28BF0139EE
:105E1000B1FA81F0C0F11F0070472DE9F04117463B
:105E200003220E460446FFF79EFF8642054607F111
:105E300004080AD10122E368BA4023EA0203E360BE
:105E4000002344F82830BDE8F08131460222204684
:105E5000FFF789FF06462B4601460322204644F8F9
:105E60002850FFF78BFF334629462046BDE8F04116
:105E70000222FFF783BF38B504460D46FFF7ABFF9C
:105E800070B929462046FFF784FF01462046FFF7F8
:105E9000BAFF294602462046BDE83840FFF7BDBF9D
:105EA00038BD2DE9F04705468946FFF7ACFF05EB05
:105EB000800ADAF81070064677B94FF0FF34EB68C5
:105EC0000136B4401C4015D094FAA4F2B2FA82F222
:105ED000131D55F8234009E03C464FF003082146C6
:105EE0002846FFF756FF484507D332462146284645
:105EF000FFF793FF2046BDE8F0872146032228469E
:105F0000FFF731FFB8F101080446CAF81000D4D0F9
:105F10008742E4D1D1E72DE9F04114460E4605460B
:105F2000FFF737FFA4EB0608371B0744424631460C
:105F30002846FFF74CFF3A4621462846FFF747FF21
:105F40004346002221462846FFF718FF21462846EF
:105F5000FFF71FFF3B46211800222846BDE8F0410D
:105F6000FFF70CBF2DE9F041164604460F46FFF738
:105F700010FF314605462046FFF70BFF05442A4631
:105F800039462046FFF723FF31462046FFF701FF41
:105F90002B46311800222046BDE8F041FFF7EEBE47
:105FA0002DE9F04104460D46FFF715FFB8BB294621
:105FB0002046FFF7EEFE01462046FFF724FF04EBE4
:105FC00080010E6996B90122E36882401343E360C1
:105FD00002220D612B4629462046FFF7CFFE032201
:105FE00029462046BDE8F041FFF7C8BE02223146EF
:105FF0002046FFF7B8FE0746034629462046FFF72E
:10600000BDFE0322334629462046FFF7B7FE394638
:106010002B462046FFF7B2FE02223146E1E7BDE8FB
:10602000F08170B500295CD0056801222846FFF791
:10603000E0FE014604462846FFF795FE104006D1D3
:1060400080F31188BFF36F8F0423184602DF2146C7
:106050002846FFF79EFE2618314600222846FFF705
:1060600082FE361AB44206D082F31188BFF36F8FD6
:106070000423184602DF002221462846FFF78FFE40
:106080002146FFF786FE2618012231462846FFF7F3
:106090006AFEC20708D431462846FFF7ECFE3246B6
:1060A00021462846FFF75EFF002221462846FFF7DB
:1060B0005AFE261A012231462846FFF754FEC3072E
:1060C00009D431462846FFF7D6FE224631462846F7
:1060D000FFF748FF344621462846BDE87040FFF7E9
:1060E0005FBF70BD70B5056809B9002070BDAB68B1
:1060F00001F00704B3F5004F34BF0422082207342F
:106100001444E40804EBD1049C4228BF1C462846F2
:106110002146FFF7C6FE06460028E6D0014628467F
:10612000FFF737FEA04209D93444314628462246BB
:10613000FFF7F1FE21462846FFF732FF28460122ED
:106140003146FFF72CFEAB68B3F5004F34BF042394
:10615000082303EBC6031844C8E71146FFF7C2BF84
:106160002DE9F8434B42066803EA010731EA0303CD
:106170001446B2680ED0B2F5004F2CBF082304239A
:10618000BB4228BF3B46B946CF1B94B900252846E1
:10619000BDE8F883B2F5004F34BF042308239942C9
:1061A00004D82146BDE8F843FFF79CBF4FF0000933
:1061B000EBE7B2F5004F34BF04250825FB1AE108D0
:1061C00004F0070001EBD301073003F00703034499
:1061D0002B4401EBD301914228BF11463046FFF713
:1061E00060FE80460028D1D0B36809EBC005B3F546
:1061F000004F34BF042308231D4435447B1E1D4437
:10620000B5FBF7F57D43A5EB090529463046FFF7B9
:10621000F0FD2C44073424F00704A41B80450746F6
:106220004FEAE40408D2024641463046FFF773FEC7
:1062300041463046FFF7B4FE39463046FFF7A9FD28
:106240003844844208D2394630462246FFF763FE7E
:1062500021463046FFF7A4FE012239463046FFF7BB
:106260009EFD94E7B2F5802F34BF042308232DE967
:10627000F0410026D21A8C18CD1D25F0070524F018
:106280000704641BE408056021462846AC60EE6004
:10629000FFF7B9FD820002F11B07FF083146043207
:1062A00005F1100004F076FA3A4631462846FFF729
:1062B0008EFD3346324631462846FFF75FFDA4EB9C
:1062C0000708284631460122FFF769FD4246394654
:1062D000FFF77DFD3B46324639462846FFF74EFD27
:1062E00021462846FFF773FD43463246214628469D
:1062F000FFF744FD214628460122FFF750FD3946AD
:10630000BDE8F041FFF74CBE002070470FB407B561
:1063100004A951F8040B0191FAF724F803B05DF8D1
:1063200004EB04B0704770B506460C888888241AC0
:106330003069A4B2844285B224BF641BA4B22D1B71
:10634000A8B2984228BF18463368234413600B88CC
:1063500003440B8070BD70B4838985880669ED1A8B
:10636000ADB2731B934228BF134670BC0A46011D91
:10637000FFF7D9BF70B40E460146C58831F80A3F11
:10638000EC1AA3B2934228BF1346324670BCFFF703
:10639000CABF10B54B880C88E41AA4B294420ED33D
:1063A0001A4492B28B884A800A800069D21A92B24B
:1063B000824201D2002010BD03448B80FAE76FF0C7
:1063C0001500F8E72DE9F34106460F4615464FF054
:1063D00000082A46304601A9FFF7BDFF044640B138
:1063E00002463946019804F0C8F92D1BA044274401
:1063F000EFD142463046311DFFF7CBFF404602B099
:10640000BDE8F0812DE9F34107460E4615464FF0F1
:1064100000082A46384601A9FFF7ACFF044648B1F8
:106420002EB102460199304604F0A7F926442D1BEF
:10643000A044EED14246384607F10A01FFF7A9FF12
:10644000404602B0BDE8F081704704F0A3B904F003
:1064500094B901460068FAF741B808B5FAF76EF842
:10646000BDE80840FAF7E0BB00210120FAF736B892
:106470006FF08500704761B662B680F31188BFF394
:106480006F8F704772B6002383F31188BFF36F8F4D
:10649000BFF34F8F30BF62B6BFF36F8F704740E8D6
:1064A00000F313F4803FD8B208BF6FF015007047B7
:1064B00030B50C684B6885B00A894D890094013B62
:1064C00024F01F04234402F01F0242EA451223F085
:1064D0001F0369468DF808200393FAF74FFC05B0B7
:1064E00030BD08B5FAF72AFE002008BD704700232A
:1064F00003824369C3607047C1698968FAF78ABE3D
:10650000027A01320272704710B508B14B684360DD
:1065100000234C6808464B60FAF7FAFE204610BD8F
:106520008388026819448180D018704730B4848809
:106530000568A3188380281930BC04F01EB910B573
:10654000838802685C1C8480D154D01810BD30B59B
:10655000838802689D1C8580D418D154090A617013
:1065600030BD83885B1A9BB28380006818447047F3
:1065700003468288521A8280006808441860704777
:106580004FF0FF324FF0FF330430FEF79BB8FEF7B9
:106590000BB990F86C00C0F34110704783691B6918
:1065A00093F8800000F001007047F8B504461E46DD
:1065B0000D461746FFF7E4FF94F86C309B0715D49F
:1065C00025B1012D10D06FF0150508E0216F0029CD
:1065D000F9D000259DF818300F714E718B71201D78
:1065E000FFF7D5FF2846F8BD616FF0E76FF077053C
:1065F000F5E790F86C00C0F38000704738B50446AA
:10660000FEF710FF2046FFF7BBFFA06940B96FF00F
:106610001205201DFFF7BBFFFEF718FF284638BD07
:1066200094F86C30DB0716D403F0BCFB0028EED0E6
:106630002046FBF715FD05460028EAD10146242235
:1066400004F1280004F0A6F894F86C3043F001033C
:1066500084F86C30DDE76FF07705DAE770B5044653
:10666000FEF7E0FE2046FFF78BFF94F86C30DA0768
:1066700031D5C3F340019B0730D4A06901F071FE0E
:106680000646A06901F0FDFE0546B0B9A36F4BB107
:106690003146204600F091F90546A8B1A06901F005
:1066A00018FF0AE0A06901F094FEA0670028EFD16E
:1066B000A06901F00EFF6FF00B05201DFFF767FFCB
:1066C000FEF7C4FE284670BD94F86C3043F0020318
:1066D00084F86C30F1E74FF0FF35EEE76FF07705A7
:1066E000EBE70246034652F8640F90420BD10020BC
:1066F0007047027A8A42FBD09A6E8242F7D00068D5
:106700000028F6D170470028F3D1704738B5044609
:106710000D46FFF735FF94F86C30DB0718D42B6972
:106720000BB9EB68BBB1636E1BB904F16403C4E938
:1067300019332B6893B9A26E04F16401C5E9001204
:106740001560A5661D46201DFFF721FF284638BDB0
:106750004FF0FF35F7E76FF01505F4E76FF07705B9
:10676000F1E710B50446034654F84C0FA0420DD192
:1067700000200DE0447D8C4204D1032909D1047A24
:10678000944205D01C6D8442F2D000680028F1D1FB
:1067900010BD0F29F5E72DE9F84305460C46071D06
:1067A0004FF0FF324FF0FF333846FDF78BFFD5F83F
:1067B0007490B9F1000F75D0D5F87080B8F1000F62
:1067C00070D095F86C30DB076CD4EB6C1BB905F11D
:1067D0004C03C5E913332368002B66D1637D0F2B6F
:1067E00009D1237A012B10D02B6D05F14C02C4E99D
:1067F00000231C602C65637D032B29D1EA6C05F115
:106800004C0090422BD1002336E02846E168FFF788
:106810007DFF06460028E7D03846FDF7C5FF304625
:10682000BDE8F8834E7D032E14D0013323724B68EC
:10683000C4E900131C604C60637A022B26D0032B42
:106840002AD0012B02BF237A89F80E3088F80E3047
:106850000026E1E70E7A013EB342E6D11268002A33
:10686000D1D0517D2B6D03290DD19A42137A02D0DC
:1068700011680029D6D1013323722B6DC4E90003BE
:106880001C602C65D8E79342E8D1BCE7237A89F8ED
:106890000F3088F80F30DBE7237A89F8103088F85A
:1068A0001030D5E74FF0FF36B6E76FF07706B3E765
:1068B0000346006800B1187A70478388C2888168EF
:1068C000D21A03685B1AD01A70470346C08808B111
:1068D0001878C009704770B50C46154600F01EFBCD
:1068E00040B1406883681B6823B12A462146BDE851
:1068F0007040184770BD38B580210446806901F0AA
:106900008BFD054650B10146204600F0A7FC044629
:1069100010B12846FAF7FCFC204638BD6FF00B0496
:10692000FAE738B50446806FFFF7EAFD0546FFF742
:10693000DEFD2046294600F091FC044610B12846B1
:10694000FAF7E6FC204638BDF8B504460D46174672
:1069500086680369A033D3E8AF3F9B070ED5B36ABF
:106960007BB1F36B98472946B36A3A46204698476D
:10697000336C0546204698472846F8BD4FF0FF3552
:10698000FAE76FF08505F7E770B504460D468668AF
:106990000369A033D3E8AF3F9B070BD5F36B984750
:1069A0002946736A20469847336C05462046984727
:1069B000284670BD4FF0FF35FAE710B5044619B907
:1069C000002084F8300010BDFFF7ABFF0028F7D09F
:1069D000F9E738B590F830300D46022B04D100F0BD
:1069E00077F908B1C46804B938BD2B78032B05D0FA
:1069F000052B0ED0022B08D02468F4E7606883686A
:106A00005B69002BF8D09847F6E7606883689B695C
:106A1000F7E760688368DB69F3E7012270B5154624
:106A20000B685BB302F07F04103423FA04F6F60718
:106A300010D5036823FA04F6F60702D46FF01500A8
:106A400070BD05FA04F423EA040303600B6823EA2B
:106A500004030B60D340DE070DD5036823FA02F46C
:106A6000E407EBD505FA02F423EA040303600B689C
:106A700023EA04030B600132102AD1D10020DFE7A2
:106A80002DE9F04F00269346536891B0D4680A90E0
:106A9000089103930E96049674B9049B039A0933E4
:106AA0009BB293701B0AD3701671DBF80C40002C5C
:106AB00040F0B3802046ABE04FF0000A6068CDF8AC
:106AC0003CA083681B6B002B00F0A58008999847B9
:106AD000002800F0A0803546C4E903AAA0F104090B
:106AE00059F8043F0BB11A78D2B9B54240F29D80F3
:106AF000E3680F9A1343E360606883689B6A002B26
:106B000000F098809847002840F0828060680899DB
:106B100000F0CBF9049B2E46034424680493BBE7A2
:106B20005A780B2A08BF9D70D9F800305A78042A89
:106B300010D1E2680F990A43E260DA78002A58D14E
:106B400001229D702369AA40134301352361EDB2F0
:106B5000CDF83CA0D9F800707B78052BC0D16FF040
:106B600012004FF001080A9B9B6909937A793B79DF
:106B70005FFA88F143EA0223ADF836300E9B0593A5
:106B800097F90230059A002BA3BF4FFA88F30793B9
:106B9000434641F08001BFBF4BB2079321F0800311
:106BA0001033DA40D2072BD40F9A22FA03F3DB0713
:106BB000069225D4BB79FA78099800930DF1360333
:106BC0000B9101F053FA0B99D0B9079BB970002BC8
:106BD0004FF00103BCBF21F0800110318B400598BC
:106BE0000699BDF8362019431843CDE90E01BA8045
:106BF00076E76A1E9A700FA90EA8FFF70EFFA7E7A7
:106C000008F10108B8F1100FB0D100283FF468AFC7
:106C100011B0BDE8F08F35466EE7E36804F10C0172
:106C2000A3600EA8FFF7F9FE10B16FF01500EFE7B3
:106C300024683CE76FF08500EAE738B583690446CD
:106C40001B69026F93F88030C3F34113022B0CD001
:106C5000032B0CD0012B0CBF10230823D371E56D3F
:106C60003DB9656D75B9284638BD2023F6E7402348
:106C7000F4E72A4601212046FFF702FF0028F3D15E
:106C80002D68EDE72A4600212046FFF7F9FE00288F
:106C9000EAD12D68E6E74FF0FF324FF0FF330430C2
:106CA000FDF710BDFDF780BD21B101290DD00023F6
:106CB0001B68FFDE5430006848B143685B7993423B
:106CC00005D000680028F8D170475C30F3E77047C2
:106CD00010B590F830300446022B09D1FFF759FC6B
:106CE00094F8382001462046BDE81040FFF7DCBF8D
:106CF000002010BD08B5FFF7D7FF003818BF0120EE
:106D000008BD2DE9F04104460E46FFF742FC94F819
:106D100038308046CBB9002E3BD032464146204623
:106D2000FFF7C2FF0746A8B10246204600F0EDF982
:106D3000054688B984F83860FC6864B36068836885
:106D40001B6A03B198472468F7E72046FFF7C0FFA6
:106D5000074620B96FF03C052846BDE8F0810146A2
:106D6000204600F0A8F910220546002104F13A005F
:106D700003F010FD002384F83830FF6817B9002DA8
:106D8000C9D0E9E7786883685B6A03B198473F68D0
:106D9000F4E784F838600025DEE72DE9F041054688
:106DA0000F461446D2F80480FFF775FF95F86C3053
:106DB000D9076DD4012F1ED098F807309A0627D432
:106DC0006FB3012F1CD16B6D73BB05F15C06002204
:106DD00033688BBB002FD5E91C2308BF13465B7CAF
:106DE000626803F10103DBB25371D5E91C1208BFDD
:106DF0000A4653742BE02846FFF7D0FB0028DBD16E
:106E00006FF08507281DFFF74DFF3846BDE8F0817C
:106E1000AB691B6993F880309B07F1D5D0E7EB6D28
:106E200033B905F15406D2E79C4234D01B68CBE756
:106E30009C4230D01B68F3E79C4223D12368DAB927
:106E400072683360944200D1736000232360A168AC
:106E500051B12846FFF79FFC07460028D2D1A06811
:106E6000FFF726FD88F8060000232360736863B9E6
:106E7000C6E900440027C5E7136073689C4208BF59
:106E80007260E2E71A461B68A3E71C607460F1E7D2
:106E90006FF00F07B6E76FF01507B3E74FF0FF325B
:106EA0004FF0FF330430FDF70DBC08B583681B6B52
:106EB0000BB198470346002023B153F8042B0AB1C5
:106EC000127802B908BD1044F6E710B51C46FFF76A
:106ED000EBFE48B10122C06802FA04F320B1026956
:106EE000134201D10068F9E710BD10B50C46FFF759
:106EF000EFFE48B10123C06803FA04F120B1036931
:106F0000194201D10068F9E710BDD1F81A00836871
:106F10001B6903B118476FF08500704770B50125F4
:106F200001F07F0311F0800F18BF10339D4090F8DF
:106F300030300446022B01D0002070BD90F838603C
:106F4000FFF727FB324601462046FFF7ADFE00283B
:106F5000F2D0C0680028EFD083681D42EDD10068F0
:106F6000F8E738B50C46FFF7B3FE80B1C06870B1E2
:106F70004368DA681AB100231179994201DC00688C
:106F8000F5E71568ED5CA54201D00133F5E738BDA2
:106F90002DE9F84305460846114616469846FBF784
:106FA00077F80446C8B32846FFF778FF95F86C30A9
:106FB000DA0707D56FF00F04281DFDF7F5FB204613
:106FC000BDE8F883D4F8049004F11407D7E8AF3F84
:106FD000DB07EFD4D9F804300BB19D42EAD1424629
:106FE00031462846FFF760FEA0B100232360036905
:106FF0006BB9C0E90344D7E8EF3F43F00103C7E8AA
:10700000E23F002AF7D10024C9F80450D4E71C60FD
:107010000461F0E76FF03C04CEE76FF01204CEE7B6
:107020002DE9F8430D464C689846064617469DF8EC
:107030002090FFF7AEFAA36801461B6B1BB96FF0F7
:107040001500BDE8F883204698470028F7D0041FB4
:1070500000200C3554F8041F09B10B782BB9002817
:1070600014BF00206FF03C00EBE74B78042B0BD1F2
:10707000F8B98B784345EDD1CB784B45EAD10B7904
:10708000002BDED00120E5E7052BE3D10028E1D07D
:10709000012F07D0022FF5D12A468978B06900F078
:1070A000C2F803E02A46B06900F0A1F80028E9D050
:1070B000C7E70020C5E7F8B50646CC680CB92046FE
:1070C00022E0012504F10C07E268AAB165F07F0314
:1070D000D9B203F07F031033DA40D2070ED4E3684D
:1070E000EB40DB0705D53A46B069E9B200F09BF802
:1070F00050B90135102DE7D12468DFE73A46B06971
:1071000000F091F80028EAD0F8BD2DE9F3470024FB
:1071100005460E46A146576897F805803B79A3427D
:1071200003DC002002B0BDE8F0875FFA84FA314644
:10713000534642462846FFF7C8FE014650B1534623
:1071400001222846CDF80090FFF76AFF0028E9D118
:107150000134E3E76FF03C00E4E72DE9F7438046B4
:107160000D461746FFF7C1FE064628B96FF0010429
:10717000204603B0BDE8F0830F2DF7D808EB0509D2
:10718000014699F83A402B46002240460097FFF707
:1071900047FF0028EAD100942B46022231464046A0
:1071A000FFF73EFF04460028E2D12B46012231467C
:1071B00040460097FFF734FF04460028D8D1706896
:1071C00083685B6813B13A462946984789F83A7054
:1071D000CEE7012311F0800F18BF21F08001026873
:1071E00018BF10318B4022EA03030360704737B5A4
:1071F0008B790C46009315468B88CA78897800F005
:10720000ACFF70B994F90230A178002B4FF0010364
:10721000B8BF21F080012A68B8BF10318B401343FA
:107220002B6003B030BDF8B506460D46174600F09A
:10723000DCFF044658B929463846FFF7CAFF2946FD
:10724000304601F0A5F8044608B903F063F820467B
:10725000F8BD0A468069802101F0CAB82DE9F041E5
:107260000B7E0C46590605462ED123B3FFF7C1F914
:1072700070BB2846D5F87080268AEF8DFFF789F914
:10728000F8B1421E534253419B01228A9AB1BE4239
:10729000324628BF3A46E98D91420CD9B2FBF3F150
:1072A00003FB11223AB994F91830002BBEBF637E5C
:1072B00043F0080363762146A869BDE8F04101F078
:1072C0000AB898F80730E0E76FF01500BDE8F081E4
:1072D0004FF0FF30FAE743689869FBF7F5B870B5EF
:1072E00091F918300546002B0C46466807DBC4F8B8
:1072F0001A502146B069BDE8704000F0ECBF30463E
:10730000FFF777F90028F2D04FF0FF3070BD8069A9
:1073100001F093B838B5054680690C4600F081FF4E
:1073200058B9012314F0800F18BF24F080046A6B51
:1073300018BF1034A34013436B6338BD70B50546C6
:1073400080690E4600F097FF044620B9314605F1EA
:107350003400FFF73EFF204670BD0B0648BF21F00A
:107360008001406B48BF1031C84000F001007047F9
:10737000C36982B08DF8001001922BB102AB13E902
:10738000060002B0FAF7F2BE02B07047C36982B0DD
:107390008DF8001001922BB102AB13E9060002B088
:1073A000FAF7E4BE02B07047704703695B68D3E93F
:1073B0000320012918BF1046704743680361037A10
:1073C00063B1012B0CBF022303234375437A5A1E7A
:1073D000032A05D8DFE802F0050505050123F4E7D7
:1073E00000230375837A062B09D0072B09D0052BC0
:1073F0000CBF002303238375837EC375704701236D
:10740000F9E70223F7E7036993F8400030B1DA6B3C
:107410009388918910695B1A9BB2C01A70470369FF
:1074200093F838007047036993F8402012B993F835
:1074300038007047012070470369C3E9071270479D
:107440000229036907D0042907D0012907D11B6944
:107450000020136070471B7EFAE75B7EF8E76FF051
:1074600085007047CB79026923B1012B02D06FF000
:1074700085007047002093767047D0E8AF0F084131
:1074800000F00100704710B5036940685B689C68B4
:10749000FFF77FF801280CBF94F8440094F8260009
:1074A00010BD10B5036940685B689C68FFF771F810
:1074B00001280CBF94F8520094F83D0010BD10B59F
:1074C000036940685B689C68FFF763F801280CBF9C
:1074D00094F84B0094F8360010BD03691B6988339B
:1074E000D3E8EF1F41F00201C3E8E21F002AF7D101
:1074F000704710B50469606BFEF784FF10B101237B
:1075000084F8393010BD10B50469606B4289C388B6
:107510009A4202D14FF0FF3010BD0122FEF772FFF8
:107520000028F7D004F17800FDF772FB0020F3E7A4
:1075300038B50469EFF31185202383F31288BFF374
:107540006F8FE06BFEF73EFF85F31188BFF36F8FFF
:1075500010B1012384F8413038BD0269002013695D
:107560000B6053694B60704738B503461B69406830
:107570005D68AC68A37A84F8223094F82D3084F8E2
:107580002330696841B1237C33B9FFF704F918B996
:107590006868FFF78DF92074002038BD08B5FEF744
:1075A000F8FF01280CBF4FF40070402008BD0123F4
:1075B0008B40DB43D0E8EF2F1A40C0E8E12F0029D1
:1075C000F8D17047006902218830FFF7F0BF0069E9
:1075D00003218830FFF7EBBF08B503690021186964
:1075E0008830FFF7E4FFBDE808400121FFF7DFBF67
:1075F0000369012118698830FFF7D9BF2DE9F041EF
:10760000036906460D46D0F804801C690F7E1AB344
:10761000FFF747FFB84204D1042104F18800FFF7C7
:10762000C6FF30462F7EFFF74AFF874204D105216F
:1076300004F18800FFF7BBFF30462F7EFFF723FFE2
:10764000874203D104F18C00FDF78AF929464046B0
:10765000BDE8F041FFF75BBEFFF723FFB84214D14E
:107660002A8AE968606BFEF7ADFE28B1E3691BB1B9
:1076700004F12400FDF7CCFA04F188000421FFF79F
:1076800096FF04F17800FDF7C3FA30462F7EFFF72E
:1076900016FF874215D1E3691BB104F12400FDF701
:1076A000B7FA052104F18800FFF781FFE36B5A89DF
:1076B000DB889A4205D00022002304F14800FDF740
:1076C00017FB30462F7EFFF7DEFE8742BED104F166
:1076D0008C00FDF7EBF8B9E740297FB534D00DD821
:1076E000102933D006D801296AD0082930D06FF08C
:1076F000150426E02029FAD1042308E0B1F5807FA3
:1077000028D0B1F5007F27D08029F0D1102304695B
:107710009BB2E18912B30B4342F2A1014FF4003254
:10772000E381CDE901120669ADF80C304368002110
:107730001C6806F188031846FFF79FFE88B96FF0B2
:107740000C04204604B070BD0823E0E70223DEE706
:107750000123DCE72023DAE74023D8E721EA03030B
:10776000DAE701211846FFF788FE0028E7D1204616
:10777000FFF789FE0A2201462046FFF7ACFD0546C9
:10778000D8B10A2201A90C30FEF7D0FE20462946C6
:10779000FFF7A5FD044618B12846F9F7B9FDD0E773
:1077A0004FF0FF324FF0FF3306F18C00FDF7B2F8D7
:1077B0000B3008BF6FF08B04C3E76FF00B04C0E71A
:1077C0000024BEE738B550F8083C0446002B4FD0E3
:1077D00050F8243C00F164055B6802211A6800231C
:1077E000838283832846FFF748FEB8B154E902310B
:1077F00010699847637D1BB104F15400FDF708FA46
:1078000005212846FFF739FE98B9637F6BB1002246
:10781000002304F12400FDF76BFA0AE00321284657
:10782000FFF72BFE0028E1D1E4E714F8093C002B18
:10783000EDD102212846FFF720FE38B123695A898D
:10784000DB889A4202D02046FDF7E2F90321284660
:10785000FFF713FE60B1A2699388918912695B1AE0
:107860009BB29A4204D02046BDE83840FDF7D0B91B
:1078700038BD08B50369022103F188021046FFF7FD
:10788000FCFD28B1596BC8884989401A18BF0120EE
:1078900083F8380003211046FFF7EFFD40B1DA6BA3
:1078A000908891891269401A80B2801A18BF01200D
:1078B00083F84000012008BD006900F18803D3E887
:1078C000EF1F41F00801C3E8E21F002AF7D1C26BA5
:1078D0009388918912695B1A9BB29A4202D0243034
:1078E000FDF796B9704738B5046904F18805D5E805
:1078F000EF3F43F00403C5E8E23F002AF7D1636B92
:107900005A89DB889A4203D004F12400FDF780F9FC
:1079100004212846FFF7B1FD28B904F17800BDE83D
:107920003840FDF775B938BD70B503691C6904F1BD
:107930008805D5E8EF2F42F00102C5E8E12F0029C4
:10794000F7D102212846FFF798FD10B11846FFF73E
:10795000CAFFE36B5A89DB889A420AD10321284681
:10796000FFF78BFD68B104F12400BDE87040FDF71E
:107970004FB904F148000022BDE870400023FDF734
:10798000B7B970BD30B40125416802690968137E3A
:107990004D6154685B0954B1107E023300F01F0042
:1079A00052F8231005FA00F0234630BC184730BCCB
:1079B000704710B40269416802200968537E48612B
:1079C00054685B095CB1034452F823100123507ED4
:1079D00000F01F0003FA00F0234610BC184710BC4B
:1079E000704710B40269416804200968937E4861B9
:1079F00054685B095CB1023352F823100123907E76
:107A000000F01F0003FA00F0234610BC184710BC1A
:107A1000704710B40269416808200968D37E486144
:107A200054685B095CB1023352F823100123D07E05
:107A300000F01F0003FA00F0234610BC184710BCEA
:107A4000704710B40269416810200968137F4861CB
:107A500054685B095CB1023352F823100123107F94
:107A600000F01F0003FA00F0234610BC184710BCBA
:107A7000704710B40269416820200968537F48614B
:107A800054685B095CB1023352F823100123507F24
:107A900000F01F0003FA00F0234610BC184710BC8A
:107AA000704710B40269416840200968937F4861BB
:107AB00054685B095CB1023352F823100123907FB4
:107AC00000F01F0003FA00F0234610BC184710BC5A
:107AD000704710B40269416880200968D37F48610B
:107AE00054685B095CB1023352F823100123D07F44
:107AF00000F01F0003FA00F0234610BC184710BC2A
:107B0000704710B4026941684FF48070096892F8B8
:107B10002030486154685B0964B1023352F8231085
:107B2000012392F8200000F01F0003FA00F0234622
:107B300010BC184710BC704710B4026941684FF47C
:107B40000070096892F82130486154685B0964B19B
:107B5000023352F82310012392F8210000F01F0095
:107B600003FA00F0234610BC184710BC704710B44D
:107B7000026941684FF48060096892F822304861D8
:107B800054685B0964B1023352F82310012392F860
:107B9000220000F01F0003FA00F0234610BC184733
:107BA00010BC704710B4026941684FF40060096866
:107BB00092F82330486154685B0964B1023352F88B
:107BC0002310012392F8230000F01F0003FA00F0B5
:107BD000234610BC184710BC704710B402694168B6
:107BE0004FF48050096892F82430486154685B096A
:107BF00064B1023352F82310012392F8240000F0FC
:107C00001F0003FA00F0234610BC184710BC704751
:107C100010B4026941684FF40050096892F82530A9
:107C2000486154685B0964B1023352F823100123A0
:107C300092F8250000F01F0003FA00F0234610BC64
:107C4000184710BC704710B4026941684FF4804077
:107C5000096892F82630486154685B0964B10233C0
:107C600052F82310012392F8260000F01F0003FAB7
:107C700000F0234610BC184710BC704710B40269CE
:107C800041684FF40040096892F827304861546811
:107C90005B0964B1023352F82310012392F82700E4
:107CA00000F01F0003FA00F0234610BC184710BC78
:107CB0007047002208B511460D20F8F737FF0D2058
:107CC000F8F712FF00220E201146F8F72FFF0E20C2
:107CD000F8F70AFF00220F201146F8F727FF0F20C0
:107CE000F8F702FF002210201146F8F71FFF1020BE
:107CF000F8F7FAFE002211201146F8F717FF1120BD
:107D0000F8F7F2FE002212201146F8F70FFF1220BA
:107D1000F8F7EAFE002213201146F8F707FF1320B8
:107D2000F8F7E2FE002214201146F8F7FFFE1420B7
:107D3000F8F7DAFE002215201146F8F7F7FE1520B5
:107D4000F8F7D2FE002216201146F8F7EFFE1620B3
:107D5000F8F7CAFE002217201146F8F7E7FE1720B1
:107D6000F8F7C2FE002218201146F8F7DFFE1820AF
:107D7000F8F7BAFE002219201146F8F7D7FE1920AD
:107D8000F8F7B2FE00221A201146F8F7CFFE1A20AB
:107D9000F8F7AAFE00221B201146F8F7C7FE1B20A9
:107DA000F8F7A2FE00221C201146F8F7BFFEBDE83E
:107DB00008401C20F8F798BE10B54468D4E90101CA
:107DC00083681B6813B96FF0570010BD98470028EF
:107DD00002DA10F1780FF8D16068E16883681B68F7
:107DE000002BF0D09847002802DA10F1780FECD180
:107DF00023699847012223681A702068FAF750FB1C
:107E0000237D13B1002223681A702268137843F08F
:107E1000020313702068FAF743FB0020D5E738B55A
:107E20000446807AF9F7CCF96169054649B1637A6D
:107E3000DB0704D4C36920461B689B68984700236E
:107E4000636121462846BDE8384002F043B930B5A9
:107E500009060546847C14D414F0400016D0298A03
:107E6000C3F30A00C1F30A01884222D802F00300DA
:107E7000022809D003280AD0012811D004F00100FB
:107E800004E014F02000E9E7C4F3800030BD14F0F2
:107E90000200FBD013F4C05F09D0C4F30010F5E773
:107EA00014F0080205D013F4C05FEFD0F5E701200D
:107EB000ECE70020EAE7A030D0E8AF0F00F00100C7
:107EC0007047A030D0E8AF0FC0F34000704703699F
:107ED000A033D3E8AF2F41B1D3E8EF1F41F0040145
:107EE000C3E8E21F002AF7D17047D3E8EF1F21F063
:107EF0000401C3E8E21F002AF7D1704701F00F0325
:107F00000269090648BF103352F823007047007D0C
:107F1000C0F30010704708B502691046FFF7CBFFA9
:107F200060B9087E00F00F03000648BF103342F826
:107F30002310084602F0BBF8002008BD6FF00C00CB
:107F4000FBE700220023FCF77FBC02F0CDB802F073
:107F5000B6B81FB504698DF80410CDE90220D4F835
:107F6000983001A9984704B010BD1FB503460469B5
:107F700006208DF804002046CDE90213FFF79BFF91
:107F800040B1C1F81E201846D4F8982001A99047A6
:107F900004B010BD4FF0FF30FAE738B505460C4687
:107FA0002046FFF7CEFF014600B938BD6FF07002E2
:107FB0002846FFF7DAFFF3E72DE9F843066907469D
:107FC0000D46D6F80090D6F840804FF0FF324FF0C3
:107FD000FF3306F18400FCF775FB4046FFF7B1FF65
:107FE000014618BB4846FFF7ACFF044620BB99F892
:107FF000143023F0100389F8143098F8143023F06B
:10800000100388F8143024BB012286F8B020EDB1AB
:108010002B68C6F8A8306B6886F8B120C6F8AC307B
:1080200038698430BDE8F843FCF7BEBB6FF06702E7
:108030003846FFF79AFFD0E7637EDB07D7D46FF0AF
:10804000670221463846FFF790FFCBE786F8B1502C
:10805000E6E72DB10822294604F10C00FEF766FA86
:10806000002221463846FFF780FFD9E72DE9F84383
:108070000546884614461F46D0F80890FFF73EFF95
:108080000646002834D02846D9F83C309847414667
:10809000224630463B88FFF7DAFE804688B183B936
:1080A0002B6904F0030493F88030DB0753BF4022B0
:1080B0004FF480624FF400711146022C0DD0032C56
:1080C00011D02846D9F840309847B8F1000F14BFB6
:1080D00000206FF08500BDE8F883338A8B4228BF0B
:1080E0000B463B80EDE7338A934228BF1346F8E7FF
:1080F0006FF01200EFE72DE9F047054689469046FC
:108100001F46D0F808A0FFF7F9FE044610B3067D1D
:10811000F3071CD43B4642464946FFF798FEC8B1D8
:108120009DF8203026F0060684F8198067832377AF
:108130002675DAF81830214628469847B0FA80F3B9
:10814000227D5B0963F300022275BDE8F0876FF0C2
:108150007700FAE76FF01200F7E72DE9F3411F46C9
:108160004B0604460D461646D0F808801BD0D8F8BA
:108170003C3098472069FFF7A4FE88B19DF8203075
:108180002946009332463B462046FFF7B4FF05469A
:108190002046D8F840309847284602B0BDE8F08124
:1081A0004FF0FF35F4E76FF01505F5E770B50546BC
:1081B0008668FFF7A3FE044688B1037DDB0711D56F
:1081C0000146F3692846984738B1237D03F001033F
:1081D000227D63F30002227570BD0346F8E76FF05D
:1081E0001200F9E76FF07700F6E770B54B0604462A
:1081F0000D46866812D0F36B98472069FFF75BFE47
:1082000048B129462046FFF7D1FF05462046336C8A
:108210009847284670BD4FF0FF35F7E76FF015051A
:10822000F7E770B5054686680C46F36B98472869F2
:10823000FFF747FEB0B121462846FFF75FFE014633
:1082400098B1037DDB0710D5437E03F00303012BB8
:108250000ED02846F368984704462846336C984762
:10826000204670BD4FF0FF34F7E76FF01204F4E7DB
:108270006FF08504F1E7F8B5064687680C46FB6B9E
:1082800098473069FFF71DFEE0B121463046FFF701
:1082900035FE0546C8B1037DDB0716D5437E03F0E6
:1082A0000303012B14D001463B693046984704462E
:1082B00018B92B7D60F341032B7530463B6C984712
:1082C0002046F8BD4FF0FF34F7E76FF01204F4E7F3
:1082D0006FF08504F1E72DE9F041054686680769EE
:1082E000F36B0C4698472869FFF7EBFD98B394F8B9
:1082F000188028464146FFF701FE014670B3037D12
:10830000DA072BD518F07F0F20D197F8B030EBB1FA
:10831000637EDB0717D597F8B13033B1082207F138
:10832000A80104F10C00FEF701F9002287F8B02043
:1083300021462846FFF719FE04462846336C984725
:108340002046BDE8F0816FF06702F1E7224628463B
:1083500073689847F0E74FF0FF34EEE76FF01204D0
:10836000EBE770B505460C468668F36B98472146E7
:108370002846FFF7C3FD48B101F0B6FEB0FA80F41D
:1083800064092846336C9847204670BD0124F8E7FD
:1083900070B5054686680C46F36B98472869FFF769
:1083A0008AFD80B121462846FFF7A8FD014668B145
:1083B00004681CB12846B368984704462846336CC5
:1083C0009847204670BD4FF0FF34F7E76FF0120476
:1083D000F4E708B5036900211B685A8BFAF774F8B3
:1083E00028B1437E23F0070343F00103437608BD21
:1083F00008B539B90369013A1B685B8B1A44B2FBB3
:10840000F3F25A43FAF760F828B1437E23F00703EA
:1084100043F00203437608BD08B561B903691B68E0
:108420005A8BFAF751F828B1437E23F0070343F043
:108430000403437608BD0022F3E770B50D460446F9
:108440008668F36B98472846F8F762FF2046336C3E
:108450009847002070BD70B505468668F36B984755
:108460002869FFF72EFD044620B133683BB128464A
:10847000984704462846336C9847204670BD01242F
:10848000F8E7F8B5044687680669FB6B98472069EA
:10849000FFF711FDB8B12069FFF713FDB0B9204611
:1084A000FB6A9847054648B906F1A003D3E8EF1FD9
:1084B00041F00201C3E8E21F002AF7D120463B6CDD
:1084C00098472846F8BD4FF0FF35F7E76FF077057E
:1084D000F4E7F8B5044687680669FB6B984720699E
:1084E000FFF7EFFC90B13B6B20469847054606F13D
:1084F000A003D3E8EF1F21F00201C3E8E21F002A26
:10850000F7D120463B6C98472846F8BD6FF07705B9
:10851000F7E72DE9F041054614460F46D0F80880EC
:10852000066911B30AB3D8F83C3098472869FFF7B9
:10853000C2FCB8B9C6E926742846D8F83430984742
:10854000044640B9A036D6E8EF3F43F00103C6E841
:10855000E23F002AF7D12846D8F840309847204615
:10856000BDE8F0816FF07704F5E76FF01504F6E7EA
:10857000F8B5044687680669FB6B98472069FFF7E2
:10858000A0FCB0B92069FFF796FCA8B1BB6B2046F0
:108590009847054606F1A003D3E8EF1F21F001013B
:1085A000C3E8E21F002AF7D120463B6C98472846D3
:1085B000F8BD6FF00F05F7E76FF07705F4E78388F4
:1085C000C2888168D21A03685B1AD01A70470023E8
:1085D0000822824204D3D8B27047520092B2F8E720
:1085E00001330A2BF9D1FF20704730B502F00304A4
:1085F00022F003020A4491420AD144B100230068E8
:10860000D90020FA01F1D15401339C42F8D130BD98
:10861000036804311D0A01F8035C1D0C01F8043CD9
:1086200001F8025C1B0E01F8013CE4E730B5436839
:108630000A7E1B6832F080054FF0200403F580535A
:1086400014D10269D2F8A400EFF3118184F31288E7
:10865000BFF36F8F9D739A7C22439A7480F89C506D
:1086600081F31188BFF36F8F002030BDEFF31180CD
:1086700084F31288BFF36F8F02F00F029A7391F99F
:108680001820002AB5BF9A7C9A7D42F0100242F071
:108690002002B4BF9A749A7500229A7380F31188ED
:1086A000BFF36F8F0B7D43F002030B75DCE743686C
:1086B00001F07F011B68002003F58053197070479B
:1086C00043681B6803F580535B7813F0100F0CBFF1
:1086D00001200220704701234A0901F01F018B404D
:1086E000DB4300EB8200D0E8EF2F1A40C0E8E12F17
:1086F0000029F8D1704703460022D3E8EF0FC3E802
:10870000E12F0029F9D1704770B5044650F8080CE4
:1087100094F8306045682B6803F5805393F8603017
:1087200003F01803A3F11802514251418E4208D0C0
:108730000022182B84F830100CBF11460121FFF7DE
:1087400008FC0A23EA6A2046BDE87040A2FB032326
:10875000FCF702BB38B54368002105461C68FFF7EB
:1087600025FD10B110F1780F0ED180212846FFF7BA
:108770001DFD10B110F1780F06D1002004F58053D3
:108780005A7802F0BF025A7038BD2DE9F0470369EC
:108790000A7ED3F8A4604368074688461C6802F046
:1087A0007F05EFF31189202383F31288BFF36F8FC6
:1087B00004F58054DDB9A573E37C06F5C07043F081
:1087C0000103E374FFF797FF06F5C870FFF793FF07
:1087D000C6F88C5186F89C5041463846FFF7DDFBC1
:1087E00089F31188BFF36F8F0020BDE8F0874FF049
:1087F000010A0AFA05FA1FFA8AFA6FEA0A0391F9DE
:1088000018109BB2002902F00F0224DAE18806F565
:10881000BA700B40E380A273A37C294643F008039F
:10882000A374A37C9A0742BFA37C43F00803A374FC
:10883000A37C03F0FE03A374FFF74DFF294606F562
:10884000BC70FFF748FF0023A373E3889BB243EAA1
:108850000A03E380C0E7218906F5BE700B4023813F
:10886000A273A37D294643F01003A375A37DDB0704
:1088700042BFA37D43F01003A375A37D03F0FE0365
:10888000A375FFF728FF294606F5C270FFF723FFFF
:10889000294606F5C470FFF71EFF0023A373238942
:1088A0009BB243EA0A03238196E79A20F8F72AB994
:1088B000002208B59A201146F8F738F9BDE80840BB
:1088C0009A20F8F711B90023F0B51A461C46C908DA
:1088D0006509283550F8255004F01F06F540ED07CE
:1088E00009D4002A08BF23460132914204D11A4616
:1088F0000127194416E000220134B4F5906FE7D146
:108900009142F4D94FF6FF7010E05C0900EB84044B
:10891000D4F8A05003F01F0607FA06F63543C4F852
:10892000A05001338B42F0D3D00080B2F0BDFFF7EE
:10893000CABF2DE9F74F0369426891F81880D3F850
:10894000A440136818F0700F0F46009308F07F09D9
:108950004FFA88FA40F09480488BC0F30A00082848
:1089600038BF0820FFF733FEFF28054600F0888057
:108970000821814089B2EFF311832022019382F311
:108980001288BFF36F8FB9F1000F30D14FF6FF7629
:10899000B4F83001B04208D12046FFF7C8FFB0421A
:1089A00003D0A4F83001A4F85001019B83F311888F
:1089B000BFF36F8F4FF6FF73984264D0009B08F0AF
:1089C0000F0803F58054C0F3CF0084F80E80B9F18E
:1089D000000F2CD184F8625084F86350A4F864002E
:1089E000A4F866000020A07303B0BDE8F08F4FEA42
:1089F0004906BAF1000F4FF6FF7B26440BDAB6F8B2
:108A000030015845D1D12046FFF791FF5845CCD0D1
:108A1000A6F83001C9E7B6F850015845C5D120463F
:108A2000FFF785FF584518BFA6F85001BDE70123A1
:108A3000BAF1000F03FA09F39BB210DA84F862501E
:108A4000A4F864007A8BC2F30A022282A27C42F06C
:108A50004002A274E28892B21343E380C2E784F832
:108A60006350A4F866007A8BC2F30A02A282A27D48
:108A700042F08002A275228992B213432381B1E7AA
:108A80006FF01500B0E76FF00B00ADE770B5012691
:108A9000D208CB0802EBD102590900EB8101D1F8D1
:108AA000A04003F01F0506FA05F5013324EA05048A
:108AB0009342C1F8A040EFD370BD2DE9F84303699C
:108AC00091F81890D3F8A460436819F070071D68F6
:108AD00009F07F044FFA89F86DD1488BC0F30A0082
:108AE000082838BF0820FFF772FDFF2863D008224E
:108AF00009F00F09824005F5805392B283F80E9079
:108B00002CBB83F8624083F86340A3F86440A3F869
:108B1000664000219973EFF31185202383F31288B7
:108B2000BFF36F8F64BB4FF6FF74B6F83011A142EC
:108B300006D03046FFF7AAFFA6F83041A6F850410C
:108B400085F31188BFF36F8F0020BDE8F883012102
:108B5000A140C943B8F1000F89B208DAD8880140B2
:108B6000D98083F86270A3F864701F82D1E71889F6
:108B70000140198183F86370A3F866709F82C8E78B
:108B80006400B8F1000F4FF6FF77344409DAB4F807
:108B90003011B942D4D03046FFF778FFA4F83071D5
:108BA000CEE7B4F85011B942CAD03046FFF76EFF95
:108BB000A4F85071C4E76FF01500C6E7006984306F
:108BC0004FF0FF324FF0FF33FBF77CBD006984307C
:108BD000FBF7EABD01F0C3BD01F0BEBD01F04DBC25
:108BE000F7B50027456840232E683A463946009776
:108BF0000446FFF780FA10B110F1780F31D140230D
:108C00000022802120460097FFF775FA10B110F17D
:108C1000780F26D106F58054E37A0A2043F0070343
:108C2000E372E37A03F0EF03E372E37A03F0F7030E
:108C3000E372E3889BB243F00103E38004233361D2
:108C40006378AA69DBB2022A0CBF43F0200303F069
:108C5000DF036370FFF7C2FF0020637843F0400337
:108C6000637003B0F0BD70B5036988B0D3F8A46039
:108C700043680546694606F5D4701C6801F0F7FAAA
:108C8000002104F58053D9801981D9722423284604
:108C9000E360FFF78BFA10B110F1780F27D1802134
:108CA0002846FFF783FA10B110F1780F1FD142F276
:108CB0001175236823F002032360E369990718D430
:108CC000012342F2117523602368DA0717D4E369A0
:108CD000DB0714D49022002106F1A00001F05AFD18
:108CE0004022FF2106F5987001F054FD002008B0E5
:108CF00070BD013DE4D00120FFF770FFDDE7013DCD
:108D0000E8D00120FFF76AFFDEE701234A0901F0FE
:108D10001F018B4000EB8200D0E8EF2F1A43C0E820
:108D2000E12F0029F8D17047012301F01F02934081
:108D300030B5DC43490900EB8100D0E8EF2F02EAAF
:108D40000401C0E8E51F002DF7D103EA0200003856
:108D500018BF012030BD38B5436804461D6803695B
:108D6000A033D3E8AF3F5B071AD505F580556B7884
:108D700003F0FD0343F004036B700021142001F0A5
:108D800063FB6B78002103F0FB0320466B70FFF759
:108D90009EF8002202212046FFF7DBF8002038BDB4
:108DA0006FF00C00FBE7F8B5D0F8A450107E8C46AD
:108DB00000F07F06EFF31187202181F31288BFF3C3
:108DC0006F8F518B0CF5805400F00F02A27305F5E4
:108DD000BC75720905EB8202D2E8AF2F00F01F00CC
:108DE000024112F0010206D00023A37387F3118819
:108DF000BFF36F8FF8BD06F581600CEB800C188A0D
:108E0000C1F30A01814228BF014691420CD803F107
:108E10000C00FDF7ADFBA37C314643F0010328466F
:108E2000A374FFF772FFDFE7D868805C01328CF82B
:108E30000000EAE7F8B50B7E0C4613F07F0105460B
:108E40004ED0426817680269D2F8A400EFF3118689
:108E5000202282F31288BFF36F8F03F00F0207F511
:108E600080539A7394F91820002A3BDA9A7C02F016
:108E7000CF029A749A7C42F040029A749A7C42F033
:108E800008029A749A7C920742BF9A7C42F00802C8
:108E90009A749A7C02F0FE029A7400229A7386F306
:108EA0001188BFF36F8F237D62F34103237594F91B
:108EB0001830934214DA00F5BC70FFF70CFC204622
:108EC000FFF743F806462046FFF721F840B93EB1C8
:108ED000338A2BB13346224639462869FFF763FFB0
:108EE0000020F8BD9A7D02F09F029A759A7D42F0AB
:108EF00080029A75D1E72DE9F04F0446036987B0E7
:108F0000D3F8A430039343681B680593039B03F1D4
:108F100088074FF0FF324FF0FF3340F29F11CDE949
:108F200000233846002201F01EFC4207064608D501
:108F300004213846FFF74EFE002204212046FFF7A9
:108F400008F833070CD508213846FFF743FE012106
:108F50002046FEF7BCFF002203212046FEF7F9FF62
:108F6000F5060CD510213846FFF734FE00212046C7
:108F7000FEF7ADFF002202212046FEF7EAFF300691
:108F800000F1B080F10511D54FF480713846FFF73C
:108F900021FE039B03F5BE70FFF7ADFB8046039BEC
:108FA00003F5C27AB8F1000F40F03E81B50740F1F9
:108FB0008B8002213846FFF70DFE80212046FEF708
:108FC0009DFF039B814603F5C070FFF794FB0028CB
:108FD0003AD0236900212046D3F8A480FEF78EFF03
:108FE000802105462046FEF789FF049015B32846E8
:108FF000FEF7ABFFF0B1437E13F0010300F0608198
:109000002846FEF79EFF82462846FEF79EFF18B1CF
:10901000427ED10740F15581BAF1000F0AD00022FB
:10902000DAF80C1028460A604A605146AAF8102067
:10903000FEF78DFF204608F5CC71FEF7BDFF002D31
:1090400040F03381A8F89651B9F1000F3CD0484662
:10905000FEF77BFF8046B8B3038A23B9457E15F03F
:10906000080500F0698123698021D3F8A450636862
:109070002046D3F80090FEF741FF418BB8F810303E
:10908000C1F30A01994228BF1946002209F5805907
:10909000914200F2488108F10C00FDF769FAB8F836
:1090A0001020002A40F0468198F8193062F3C3037B
:1090B0000A2288F819304FF0010385F89C3099F89E
:1090C0001230134389F81230F3077FF51FAF38468B
:1090D0000121FFF77FFD039B204603F19401FEF77A
:1090E0006BFF13E780213846FFF774FD63681B6848
:1090F00004932369D3F8A40000F5BA70FFF7FBFAD4
:109100008146049B03F58058B9F1000F3FF43AAF54
:1091100099FAA9FA0123BAFA8AFA204603FA0AF25E
:109120004AF0800129EA0209FEF7E8FE0546002818
:10913000EAD0FEF70AFF0028E6D0028AA2B32A7D11
:1091400012F00202E0D1EFF3118B202181F312889B
:10915000BFF36F8F049BB5F81AC00AF5816503EB66
:1091600085050AF00F0388F80E30018ACCF30A0C4B
:10917000614528BF61461346994210D80C30FDF76F
:10918000F7F998F8123043F0010388F81230002301
:1091900088F80E308BF31188BFF36F8FB4E7C26885
:1091A000D25C01332A70E7E790F819B01BF0080B86
:1091B0001DD02A7D12F00202A6D1EFF311812025E5
:1091C00085F31288BFF36F8F0AF00F0388F80E3013
:1091D00098F8123043F0010388F81230437E62F3AE
:1091E000C303437688F80E2081F31188D4E728461C
:1091F000FEF7A7FE5A4601462046FEF7B6FE284671
:10920000FEF7A3FE034600283FF47EAF028A002A41
:109210003FF47AAF2A7D92073FF576AF2A4604994C
:109220002069FFF7C0FD6FE798FAA8F50123B5FAAA
:1092300085F52046AB40294628EA0308FEF75EFE86
:10924000834600283FF4AEAEFEF77BFE8146002841
:109250003FF4A8AEDAE8AF3F2B41D8071FD55846F8
:10926000FEF773FED8B129465046FFF75DFDB0B159
:10927000EFF31181202383F31288BFF36F8F059BD7
:1092800005F00F0503F580539D739A7D02F0FE02F1
:109290009A7500229A7381F31188BFF36F8F0022B1
:1092A00049462046FEF761FE7CE62846FEF74DFE65
:1092B00010B9A8F89601C7E6437E13F001032ED13A
:1092C0009A464FF0000B2846C8F88CB1FEF739FEDD
:1092D0005A4601462046FEF748FE0498FEF735FE42
:1092E00010B1427E520711D40022A8F89621BAF19B
:1092F000000F3FF4A9AEDAF80C1028460A604A6065
:109300005146AAF81020FEF722FE9DE60498FEF7CB
:1093100018FE5A4601462046FEF727FEE4E70023E2
:10932000A8F8963190E6D8F80C309B5C013289F8A9
:109330002030ADE60222BEE64846FEF702FE2A468F
:1093400001462046FEF711FEBEE62DE9F04F8846A5
:10935000436881461146404685B016461C68FEF7B4
:10936000F6FD98F814A01AF0020A40F0A68098F8CA
:10937000185035F0800300F0A480280600F1968094
:10938000D9F810302946D3F8A47007F5C2731846EF
:109390000193FFF7C9FCA8B1EFF31181202383F3F8
:1093A0001288BFF36F8F04F5805305F00F029A7394
:1093B0009A7D02F0FE029A7583F80EA081F311885F
:1093C000BFF36F8F294607F5C470FFF7ADFC8046E9
:1093D000002872D0EFF311830193202383F31288C6
:1093E000BFF36F8F05F00F0204F5805B29464846F6
:1093F0008BF80E20FEF782FD824600284DD0FEF746
:10940000A4FD002849D005F5816200F10C0604EBAB
:10941000820330460293FFF7D2F8BBF81890024659
:10942000C9F30D09484528BF4A4630461146039204
:10943000FDF776F80146DDE90202FFF7D6F8BAF843
:109440001A20C2F30A0291451DD29BF8162002F0A1
:10945000FE028BF81620294607F5BE70FFF755FC73
:10946000002304F58054A373019B83F31188BFF399
:109470006F8FB8F1000F20D04FF4807107F1880092
:10948000FFF7AAFB19E03046FFF799F828B92946FB
:1094900007F5C270FFF739FCDDE79BF816204FF0A7
:1094A000000802F0FE028BF81620D9E73346424648
:1094B0002146D9F81000FFF776FC002005B0BDE882
:1094C000F08FD9F81020D2F8A470002D3ED004F50A
:1094D0008054B8F81A50A373727E510701D5022147
:1094E000CCE7A17C88075FFA81F9E6D4B6F8108052
:1094F000B8F1000F09D1110707D4012387F89C3078
:10950000A37C43F00A03A374D7E7C5F30A054545D6
:10951000294628BF4146994212D806F10C00FDF7B2
:1095200027F8454549F0020304D8328A22B9727EF1
:10953000120701D449F00A03012287F89C20E2E7D0
:10954000F268D25C013384F82020E4E7737E13F0E4
:109550000105B2D1EFF31189202383F31288BFF301
:109560006F8FC7F88C6107F5C870FFF7C4F808B3B0
:1095700004F5805888F80E5098F818505FFA85FA6C
:1095800015F07F051BD198F81230012243F04803F3
:1095900088F81230032387F89C3007F5C073D3E8AE
:1095A000EF1FC3E8E02F0028F9D1022107F188005E
:1095B000FFF712FB89F31188BFF36F8F7DE70C363D
:1095C0003046FEF7FCFFA84228BF284601468346E6
:1095D0003046FCF7A5FF5A46014604F58150FFF7D7
:1095E00004F8B7F896311AF0400F1D44ADB2A7F851
:1095F0009651C8D0B7F89431AB42C4D998F812301C
:1096000043F0400388F81230D4E710B5807A0C4656
:10961000F7F7D6FDC3692146BDE81040586800F051
:1096200021BCF7B50D46807A17461E46F7F7C8FDF0
:109630002C68C369033424F00302586804212A60AB
:10964000CDE90076FAF724FF00B9286003B0F0BD39
:109650002DE9F047D0F8049007690846D9E9004A97
:109660000E46D9F80880CDB2F9F788FB00286ED1F4
:10967000B30E092B6BD8DFE803F0050B10226A410B
:1096800048506A5B636923F002036361BDE8F087B9
:10969000E36A23F00203E362F8E7403454F825302C
:1096A00023F0020344F8253001233A6BAB4022EA51
:1096B00003023A63FA6A22EA0302FA62E6E7062341
:1096C000B5FBF3F203FB1253D9B203294FEA82022E
:1096D00094BF4C3450341444012203F00303DB00E4
:1096E0002168073302FA03F321EA030323603B8F67
:1096F0000635AA4023EA02033B87C7E7DAF81C30A5
:1097000023F00203CAF81C30C0E705B308EB850557
:109710002B6A23F480732B62B8E7C6F3052608EBA7
:109720008608D8F8803023F04003C8F88030ADE7D1
:109730000121D9F80C30C6F3055203EB8203DA6B32
:10974000C6F38536B14022EA0102DA639EE76FF084
:1097500085009BE72DE9F04145680846D5E900689A
:109760000C46AF68F9F70AFB002878D1A30E092B45
:1097700075D8DFE803F0080F1A2C054C535F056A13
:109780000220BDE8F08173699C076CD5306900F058
:1097900001001AE0F36A980765D5B36F002B60D11A
:1097A0003069C00900F00200EBE7E4B206F14003C3
:1097B00053F82430012013F0020FE2D0336918343B
:1097C000A04098430CBF012000204000D9E70620AC
:1097D000E4B2B4FBF0F3316903F11805E940C907BD
:1097E000DAB240D500FB1344E4B2032C4FEA820204
:1097F00094BF06F14C0306F15003134404F0030434
:10980000E4001A6807340123A340134219E0D8F892
:109810001C309A0727D5D8F80C00B8E7E4B204F159
:10982000080357F82330DB051DD578680234E04083
:10983000C043ACE7C4F30524203457F8243013F0B8
:10984000400F14BF022001209BE7C4F30552EB68D0
:109850000E3203EB82035A68C4F38534D3E7032046
:109860008FE700208DE701208BE72DE9F3474FF0CC
:1098700000090C4601EB0121456841F03F6141F4CC
:109880007C21804617462E68D0F810A0CDF80490B1
:10989000FFF760FF022803D0C7F8009000201CE00B
:1098A00006F1400353F82430C3F30223012B17D0F1
:1098B000022B2CD0BBB9AA68631C04F1210152F819
:1098C000211003EB43035A00404601AB02F0FE02B5
:1098D00001F00F01F9F7C2FA28B102B0BDE8F08734
:1098E000DAF80030019306F1480353F82430443687
:1098F00013F03F031EBF019AB2FBF3F2019256F838
:109900002420019BC2F3090253433B60C6E7404653
:1099100001A9F9F71DFBDFE700232DE9F341054617
:109920004768D0F8108008460E4614460193F9F7B0
:1099300025FA00286BD131462846FFF70BFF022895
:1099400005D000230020236002B0BDE8F081B30EF3
:10995000F1B2092B5BD8DFE803F005080F161D33C1
:10996000363E4949D8F80030ECE72146284602B097
:10997000BDE8F041F9F7ECBA2246284602B0BDE84E
:10998000F041FFF772BF2246284602B0BDE8F04121
:10999000F9F72ABA7A68136903F00303012B0CD094
:1099A000991E01290CD8D2699207CAD5032B14BF7E
:1099B0004FF400434FF48063C4E74FF48063C1E782
:1099C0004FF40043BEE723460C22284602B0BDE810
:1099D000F041F9F743BABB68C6F30526203653F8C1
:1099E00026100C22234601F00F01EEE70C22002185
:1099F000284601ABF9F732FA0028A5D1FB68DA68EE
:109A0000019B12F0FF029DD0B3FBF2F39AE76FF0D7
:109A1000850099E7F0B406240A4691FBF4F104FBB3
:109A200011244368664206F003061F6804F003032E
:109A300058BF7342032C4FF00104D4BF4C3750374A
:109A40008E003E44DB003768073304FA03F30569F0
:109A50003B4333602B8F063294401C43EB6A2C87C8
:109A6000CB40DA0706D42B6BCB40DB0702D5F0BC2A
:109A7000F9F7CABB0020F0BC7047F8B504690E4680
:109A80000978238F8D1DEB40DB0725D4062743681B
:109A90001A68B1FBF7F307FB1317032FD4BF4C323F
:109AA00050329B0013443F2207F0030C4FEACC0CCA
:109AB0001F6802FA0CF227EA0207727902FA0CF226
:109AC0003A431A6033793BB1FFF7A4FF20B9012371
:109AD000228FAB4013432387F8BD10B54468C1F310
:109AE0000520A1689B0101EB8001D1F8800003F003
:109AF000400302F00F0220F04F0013430343C1F86C
:109B0000803010BD10B543680120C1F38534DB6897
:109B1000C1F3055189000B44012ADA6B00FA04F005
:109B20000CBF02438243DA6310BD30B50368136093
:109B30000579046804EBC504A34202D36FF0010069
:109B400030BD5C7908338C42F1D10020F8E702691E
:109B500093680BB1D1681847704743689B681A7EB9
:109B6000520743BF9B6A00200B706FF00F007047D5
:109B700043689B681A7ED207FCD599627047436898
:109B80009B68EFF31182202181F31288BFF36F8F5E
:109B9000012199750221997582F31188BFF36F8FA6
:109BA000704743689B68187E10F0010006D0002AB9
:109BB00003DD0A7801209A62704700207047012275
:109BC00043689B681A7502221A75704743689B6840
:109BD000187E10F001001CBF987D00F00100704756
:109BE0000369187C7047042243689B689A75704724
:109BF000042243689B681A75704743689B68187E07
:109C0000C0F38000704743689B68187E10F0040022
:109C100008D09B6A002ADBB202DD01200B7070477E
:109C20006FF01500704743689B68987D1B7E184055
:109C3000003818BF01207047802243689B689A75DE
:109C40007047802243689B681A75704743680169B2
:109C50009A680120137EC3F340030B74BA23137672
:109C600070470369C3E90212704702690020136854
:109C70000B6053684B607047002208B511466620A0
:109C8000F6F754FF6620F6F72FFF002267201146F3
:109C9000F6F74CFF6720F6F727FF002268201146F1
:109CA000F6F744FF6820F6F71FFF002269201146EF
:109CB000F6F73CFF6920F6F717FF00226A201146ED
:109CC000F6F734FF6A20F6F70FFF00226B201146EB
:109CD000F6F72CFFBDE808406B20F6F705BF436898
:109CE0009B68588B5A8BC0F3800092075A8B48BFF1
:109CF00040F0040002F0010240EA42005A8BD10613
:109D00005A8B48BF40F0080092065A8B48BF40F07B
:109D1000100092B242F037025A837047026801295C
:109D200022F070620346026004D002290CD002685F
:109D300002607047026842F080720260426842F43A
:109D400000525A60F9F7D0BF026842F08072026098
:109D5000426822F40052F4E738B5044648B1FAF7F5
:109D600041FA782305465C43FAF73CFA431BA342C9
:109D7000FAD338BD10B5436904463BB90020E26808
:109D80004042537843F00103537010BD98470028B8
:109D9000F4D00028B8BF4042FF28A8BFFF20E368E6
:109DA0001870ECE740B1C368587810F001001EBF8E
:109DB0001878B0FA80F040097047EFF31183202340
:109DC00083F31288BFF36F8FFEE708B5FFF7F5FF47
:109DD0002DE9F04F89B0DDE912680592434605464A
:109DE000324606A80F4600F009FCDDE90634CDE94D
:109DF0000234EFF311844FF0200989F31288BFF386
:109E00006F8F05F10C0A05F1140B39462846059AA7
:109E1000149B984730B184F31188BFF36F8F09B05A
:109E2000BDE8F08F56EA0806F5D0DDE9022306A862
:109E300000F009FCDDE90668524621465846CDE9A6
:109E40000068FBF7F1F9EFF3118489F31288BFF38F
:109E50006F8FDAE710B400F10C04C0E9034410BCC2
:109E6000FCF700BA38B50446EFF31185202383F3DD
:109E70001288BFF36F8FFCF7D4F804F10C0000F0E8
:109E8000D4FA30B1294604F11400BDE8384000F09E
:109E9000B2BA85F31188BFF36F8F38BD10B5426930
:109EA0006AB1836842EA0301890708D10169A2FB0C
:109EB000011424B95B182CBF0121002102D36FF0DB
:109EC000150005E0C1609B1A02698A4201D8002092
:109ED00010BDC26801311A604269C3609B1AF3E782
:109EE0002DE9F04105460F46EFF31188202383F357
:109EF0001288BFF36F8FC668FEB90468A0421CD0F9
:109F0000DCB1D4E9003213605A60237CC4E90066F6
:109F100023F002032374A66004F1180000F035FB5F
:109F20002046C4F88060676100F02EFA414605F1D2
:109F30000800BDE8F04100F05EBA3E60AB69EF603A
:109F4000013BAB6188F31188BFF36F8FBDE8F081EF
:109F5000202408B5EFF3118384F31288BFF36F8FC9
:109F6000FCF790FAF6E7D0E9003213605A6000235C
:109F7000027CC0E9003322F0020202748360704761
:109F800013B501240094FAF7D3FA02B010BD90F98A
:109F90000E308B4201D0FBF773B9002070470346A7
:109FA0000020C3E90033C3E902007047D0E9003262
:109FB00013605A600023027CC0E9003322F00202E1
:109FC0000274836070472DE9F843904604460D46BD
:109FD0009DF82020EFF31187202181F31288BFF331
:109FE0006F8F02B14568A66804F10809B14516D023
:109FF000AEB100243046FFF7D9FF06F1180000F09B
:10A00000C4FA3046C6F88040C6F8148000F0BCF9A7
:10A010004846394600F0EFF92046BDE8F883A3B181
:10A020000820FBF739FC002832D00122C0F8048058
:10A030000260016801F003015DB922680A43026011
:10A04000626820606AB960600BE04046C8F8003082
:10A05000EFE72A68032A10D80160616839B9C4E9BA
:10A060000000002087F31188BFF36F8FD5E70A68DF
:10A0700002F0030202430A60E5E722F003020A430A
:10A0800002602A6802F0030240EA02032B60E8E75C
:10A090006FF00B00E6E710B5044630B10268930795
:10A0A00003D0446809B100F061FB204610BD0023D5
:10A0B000C0E9003300F10803C0E90233704701230F
:10A0C00007B5009300230A461946FFF77CFF03B04B
:10A0D0005DF804FB002307B50A4600931946FFF715
:10A0E00072FF03B05DF804FB00210068FFF7D3BFE7
:10A0F0003AB18A4205D3C0E90212C0E9000000204B
:10A1000070476FF015007047012302688B4022EA08
:10A110000303036022FA01F000F00100704710B55C
:10A12000032104460C30FFF7EFFF30B104F11000BB
:10A1300000F02BFAB0FA80F0400910BD20B10022E7
:10A140009430114600F0DEB9704770B5C36804461C
:10A15000C3F340069B0716D4856802210C30FFF735
:10A16000D3FF80B1D5F88C206AB194421DD122680A
:10A170009EB9D5F89030C5F88C209C4201D1C5F825
:10A18000902000232360E36813F01F001EBF43F0FC
:10A190000203E36040F0020070BD3260D5F8902009
:10A1A000944208BFC5F89060EBE716461268DBE7FB
:10A1B00073B50446EFF31185202383F31288BFF3B0
:10A1C0006F8F00230193D0E90423B3F1004F08BF40
:10A1D000012A05D085F31188BFF36F8F02B070BDDF
:10A1E000A0F1100603210438FFF78EFF0028F1D0FC
:10A1F000A369304601A90193FAF7B8FCEAE738B53C
:10A2000004460D461022002100F0C4FA656038BDF6
:10A2100013B501900846EFF31184202383F31288CD
:10A22000BFF36F8F01A9FAF7A1FC84F31188BFF384
:10A230006F8F02B010BD10B5FFF7EAFF041E08DDF6
:10A24000EFF31180202383F31288BFF36F8FFBF7A6
:10A2500083F8204610BD38B530220D460021044653
:10A2600000F098FA4FF480736560E36038BDF8B58C
:10A2700004460D46EFF31187202383F31288BFF3C2
:10A280006F8FC36803F01F03002B14BF0126002645
:10A2900009D0FFF744FF2046FFF757FF2946204625
:10A2A000FAF746FC034687F31188BFF36F8F3BB183
:10A2B0004FF0FF324FF0FF3305F10800FAF72AFBA9
:10A2C0003046F8BDEFF30580003818BF0120704715
:10A2D0006FF05700704738B58589EFF31181202260
:10A2E00082F31288BFF36F8F037C13F0080404D04D
:10A2F00081F31188BFF36F8F38BD0122FAF79AFE00
:10A30000EB07F9D584F31188BFF36F8F0423184648
:10A3100002DFF1E7FAF746BFD0E9003213605A6076
:10A320000023C0E90033704708B5FFF7F5FF037C51
:10A3300023F0020303740023836008BD38B504468C
:10A340000D46FAF7C3FD237C43F002032374D5B115
:10A35000A5602B689D4209D16B68C4E900531C605D
:10A360006C6010E06A689A42F6D01B68002BF3D04C
:10A3700093F90E1094F90E209142F3DD5A68C4E966
:10A38000003214605C6038BD10B5EFF311842023F7
:10A3900083F31288BFF36F8FFAF7C2FD84F311883D
:10A3A000BFF36F8F10BDFAF7BBBDFAF78FBD08B5CD
:10A3B000037C014613F0280F0CD183680BB1FFF723
:10A3C000B3FF0B7C084623F004030B74BDE8084080
:10A3D000FAF7A6BD08BD10B5EFF31184202383F36F
:10A3E0001288BFF36F8F1838FFF7E1FF84F31188ED
:10A3F000BFF36F8F10BD0846FAF7D2BD38B50546DA
:10A4000004680020AC4200D138BD002CFCD02046AE
:10A41000FFF78AFF04F1180000F0B7F82046FAF7BA
:10A420007FFD2C680120A542EDE710B5EFF3118404
:10A43000202383F31288BFF36F8FFFF7DFFF84F3CE
:10A440001188BFF36F8F10BD38B505460C46FAF77B
:10A4500097FFB4F1FF3F08BFB5F1FF3F0AD0C11726
:10A4600009304FF00A024FF0000341F10001F5F707
:10A47000C7FD38BD4FF0FF30FBE7C117633008B5AB
:10A480004FF064024FF0000341F10001F5F7B8FD11
:10A49000C117FAF775FF6423584308BD2DE9F0474B
:10A4A00006460F4691469A46EFF31188202383F320
:10A4B0001288BFF36F8F0068864206D028B1736898
:10A4C00098420CBF0025056868B90024B9F1000F57
:10A4D00002D051462046C84788F31188BFF36F8FDA
:10A4E0002046BDE8F0875146B84704460028EDD124
:10A4F00035B17368AB4200D02C6828462546E3E7A7
:10A500002C46FAE738B5EFF31185202383F3128840
:10A51000BFF36F8F0468A0421CD0ECB1C4F8801068
:10A520006261D4E9003213605A600023227CC4E9DE
:10A53000003322F002022274A36004F1180000F03C
:10A5400024F82046FFF72FFF012085F31188BFF381
:10A550006F8F38BD0020F8E72046F6E708B50246C1
:10A56000FBF71CF870B1D0E904319B1A61EBE27281
:10A57000B3F1004F72F1000104DA002AACBF1846B3
:10A58000002008BD6FF00040FBE7024638B5EFF34E
:10A590001185202383F31288BFF36F8F0368D3B133
:10A5A000FAF7FCFF04461046FBF70AF800224FF0CA
:10A5B00000438442C0E9042305D0002085F31188BC
:10A5C000BFF36F8F38BDFAF7F1FFFFF7C7FF002128
:10A5D000F9F76EFDF1E7D0E90413B3F1004F08BFBE
:10A5E000012904D100204FF00041C2E904016FF0BD
:10A5F0001500E3E708B5FBF7EBF808BDB3F1FF3F43
:10A6000008BFB2F1FF3F70B506461D46144614D090
:10A610001A4316D0002B08DBFBF7DAF8041941EBDC
:10A620000501C6E90041304670BD6FF001031C1BF7
:10A630004FF0FF3363EB0501F3E74FF0FF342146A2
:10A64000EFE70024FBE7B3F1FF3F08BFB2F1FF3FA4
:10A65000F8B5074616461C4610D054EA020311D03E
:10A66000FBF7B6F8B0420A46A14103460AD2F31AF4
:10A6700064EB0204C7E900343846F8BD4FF0FF33FD
:10A680001C46F7E70023FBE72DE9F3470446DDE925
:10A690000A9815460E4659B302F0010AFAF7E6FE8B
:10A6A0000746EFF31181202383F31288BFF36F8FE6
:10A6B000A80744BF0023A360A36803EA0600BAF119
:10A6C000000F0CD086420CD16A0744BF8343A360BD
:10A6D00081F31188BFF36F8F02B0BDE8F0870028C7
:10A6E000F2D159EA080305D181F31188BFF36F8FC6
:10A6F0000020F1E7C7E918652246CDE9009804F18A
:10A700000C00FAF791FD0028F2D1386EE4E710B59D
:10A710000B680446D0E9180212F0010F03EA0003A7
:10A7200001D0984211D183B12366520748BF4A68CD
:10A7300004F1180044BF1A434A60FFF726FF0023C4
:10A740002046C4F88030FFF732FE002010BD002301
:10A75000C0E90000836070470A46FBF751B80A461B
:10A760000021FBF74DB85200FFF78EBF20B1011F4B
:10A7700050F8040CFFF776BB70470A44431E914221
:10A7800000D1704710B511F8014B914203F8014F09
:10A79000F9D110BD02440346934200D1704703F83B
:10A7A000011BF9E70246014410B58A42134603D063
:10A7B0001C780132002CF8D1181A10BDF0B5C3F185
:10A7C0003707044603F01F031046FFB2082BE6B21A
:10A7D00032D0102B3DD06508A40845EAC17544EA83
:10A7E00081748A082D1942EB5102290941EA02714C
:10A7F0006D1842EB1212290A41EA02616D1842EB10
:10A800001222290C41EA02416D1842EB1242AD18A6
:10A8100042F10002EC0844EA4274D10804EB8402DD
:10A82000A6EB4205EDB2092D0CD90134A5F10A05BC
:10A8300041F10001EDB212E0E40806F0070544EA38
:10A840004174C908303554EA010200F8015BBDD1FA
:10A85000F0BD240906F00F0544EA01740909092D29
:08A8600084BFED19EDB2EDE734
:08A86800E057FF7F0100000032
:10A8700000000000D8A8000C6D44000C000000008F
:10A88000AD44000C0000000000000000F4A8000C23
:10A89000000000002CA9000C0000000010A9000C12
:10A8A000693B000C000000001140000C000000009B
:10A8B0006511000C00000000B558000C00000000FD
:10A8C0000000000048A9000CCD1F000C0000000093
:08A8D0002104000C000000004F
:10A8D80041B6000C28B0000C54AE000CBA0300209E
:10A8E80050100020C938000C0000000016B6000CFB
:10A8F80080AF000C00000000B60300201C0E0020F2
:10A90800B97D000C0000000008B6000C58AF000C20
:10A9180070AE000CB403002030000020E922000CC7
:10A928000000000050B6000C50B0000CC4AE000C83
:10A93800BC0300208C100020153E000C0000000015
:10A9480034B6000CA8AF000CD8AF000CB803002038
:0CA95800640200205D25000C00000000DF
:10A96400000000006964000C000000006964000C31
:10A97400000000006964000C000000006964000C21
:10A98400000000006964000C000000006964000C11
:10A99400000000006964000C000000006964000C01
:10A9A400000000006964000C000000006964000CF1
:10A9B400000000006964000C000000006964000CE1
:10A9C400000000006964000CF4A8000C8579000CF8
:10A9D400F4A8000CB379000CF4A8000CE379000C83
:10A9E400F4A8000C137A000CF4A8000C437A000CB1
:10A9F400F4A8000C737A000CF4A8000CA37A000CE1
:10AA0400F4A8000CD37A000CF4A8000C037B000C0F
:10AA1400F4A8000C397B000CF4A8000C6F7B000C2C
:10AA2400F4A8000CA57B000CF4A8000CDB7B000C44
:10AA3400F4A8000C117C000CF4A8000C477C000C5A
:10AA4400F4A8000C7D7C000C000000006964000C7C
:10AA5400000000006964000C000000006964000C40
:10AA6400000000006964000C000000006964000C30
:10AA7400000000006964000C000000006964000C20
:10AA8400000000006964000C000000006964000C10
:10AA9400000000006964000C000000006964000C00
:10AAA400000000006964000C000000006964000CF0
:10AAB400000000006964000C000000006964000CE0
:10AAC400000000006964000C000000006964000CD0
:10AAD400000000006964000C000000006964000CC0
:10AAE400000000006964000C000000006964000CB0
:10AAF400000000006964000C000000006964000CA0
:10AB0400000000006964000C000000006964000C8F
:10AB1400000000006964000C000000006964000C7F
:10AB2400000000006964000C000000006964000C6F
:10AB3400000000006964000C000000006964000C5F
:10AB4400000000006964000C000000006964000C4F
:10AB5400000000006964000C000000006964000C3F
:10AB6400000000006964000C000000006964000C2F
:10AB7400000000006964000C000000006964000C1F
:10AB8400000000006964000C000000006964000C0F
:10AB9400000000006964000C000000006964000CFF
:10ABA400000000006964000C000000006964000CEF
:10ABB400000000006964000C000000006964000CDF
:10ABC400000000006964000C000000006964000CCF
:10ABD400000000006964000C000000006964000CBF
:10ABE400000000006964000C000000006964000CAF
:10ABF400000000006964000C000000006964000C9F
:10AC0400000000006964000C000000006964000C8E
:10AC1400000000006964000C000000006964000C7E
:10AC2400000000006964000C000000006964000C6E
:10AC3400000000006964000C000000006964000C5E
:10AC4400000000006964000C000000006964000C4E
:10AC5400000000006964000C000000006964000C3E
:10AC6400000000006964000C000000006964000C2E
:10AC7400000000006964000C000000006964000C1E
:10AC8400000000006964000C000000006964000C0E
:10AC94002CA9000C4F9B000C2CA9000C4F9B000C02
:10ACA4002CA9000C4F9B000C2CA9000C4F9B000CF2
:10ACB4002CA9000C4F9B000C2CA9000C4F9B000CE2
:10ACC400000000006964000C000000006964000CCE
:10ACD400000000006964000C000000006964000CBE
:10ACE400000000006964000C000000006964000CAE
:10ACF400000000006964000C000000006964000C9E
:10AD0400000000006964000C000000006964000C8D
:10AD1400000000006964000C000000006964000C7D
:10AD2400000000006964000C000000006964000C6D
:10AD3400000000006964000C000000006964000C5D
:10AD4400000000006964000C000000006964000C4D
:10AD5400000000006964000C000000006964000C3D
:10AD6400000000006964000C000000006964000C2D
:10AD7400000000006964000C000000006964000C1D
:10AD8400000000006964000C000000006964000C0D
:10AD9400000000006964000C000000006964000CFD
:10ADA400000000006964000C000000006964000CED
:10ADB400000000006964000C000000006964000CDD
:10ADC400000000006964000C000000006964000CCD
:10ADD400000000006964000C000000006964000CBD
:10ADE400000000006964000C000000006964000CAD
:10ADF400000000006964000C000000006964000C9D
:10AE0400000000006964000C000000006964000C8C
:10AE1400000000006964000C000000006964000C7C
:10AE2400000000006964000C000000006964000C6C
:10AE340048A9000C7928000C000000006964000C8B
:10AE4400000000006964000C000000006964000C4C
:10AE54006932000C5196000C000000001999000C96
:0CAE64005597000C00000000992F000C16
:10AE70000775000C7D22000C000000006574000CBA
:10AE80005B75000C3175000CF374000CB978000C84
:10AE9000CF75000C0774000CE778000CC575000C2A
:10AEA000000000001F74000C000000000000000003
:10AEB0002774000C7378000C3974000CD976000CE0
:10AEC0004174000C5B9B000C719B000CDF9C000C20
:10AED000153D000C6B9C000CA39B000C079C000C08
:10AEE0007F9B000CBF9B000CCD9B000CE79B000CD4
:10AEF000F19B000CE19B000CFB9B000C399C000CAF
:10AF0000439C000C279C000C4D9C000C639C000C87
:08AF1000000000000000000039
:10AF18000000002000000000060001000200000000
:10AF28002CAF000C00000008F4B5000C060000006F
:10AF3800E0FF1F0C00000020FCB5000C2100000001
:10AF4800E0FF0720F111000C00000000ED64000C88
:10AF5800C4010020000000005A0300200402002061
:10AF6800D80100204CAF000C7CAF000C00020000A0
:10AF7800000000001C0A002000A00144D8A8000C12
:10AF88001A7F132403C5FF1FB37C000C01000000C7
:10AF98001CB0000CDC0300200000000000000000D2
:10AFA8000000004608000000500E0020500F00204E
:10AFB800E01400200004000002000000000000006F
:10AFC80000000000B188000CAB88000C6400000091
:10AFD800C186000C4B93000C8B87000C2D86000C4F
:10AFE800358E000C000000003389000CBB8A000C71
:10AFF800578D000CAF86000CF924000CE18B000C77
:10B008005587000CF526000C678C000CBD8B000CD6
:10B01800CD8B000C2396000C000000000B96000C52
:10B0280000C0004400E00044000001440020014446
:10B038000080004405000000001080448010804417
:10B04800001180448011804400C201000300010007
:10B058000020004500010000010000000000000081
:10B06800799C000CD8A8000C2E7F302423DAFF1F0F
:10B078007CB0000C84B0000C01000000B2B0000CE1
:10B088000200000070A8000C70A8000CA8A8000C12
:10B09800B0A8000CD0A8000CD8A8000C93B6000CDF
:10B0A8000001000000000000090490230000802334
:10B0B800000061726D0048656C6C6F20576F726C90
:10B0C80064212025730A006364635F61636D5F30E8
:10B0D800006364635F61636D5F73657269616C00CF
:10B0E80072302F61313A202030782530387820208E
:10B0F80072312F61323A202030782530387820207C
:10B1080072322F61333A20203078253038780A009F
:10B1180072332F61343A2020307825303878207205
:10B1280031322F69703A20203078253038782072F3
:10B1380031342F6C723A20203078253038780A0064
:10B1480020787073723A20203078253038780A00D9
:10B158004661756C74696E6720696E737472756385
:10B1680074696F6E2061646472657373202872312C
:10B17800352F7063293A203078253038780A005501
:10B188006E68616E646C6564204952516E3A202580
:10B19800640A002A2A2A2A2A205345435552452060
:10B1A8004641554C54202A2A2A2A2A0A002020419E
:10B1B8006464726573733A20307825780A00202019
:10B1C800496E76616C696420656E74727920706F5F
:10B1D800696E740A002020496E76616C6964206982
:10B1E8006E74656772697479207369676E617475C6
:10B1F80072650A002020496E76616C696420657862
:10B2080063657074696F6E2072657475726E0A007A
:10B2180020204174747269627574696F6E20756E4E
:10B2280069742076696F6C6174696F6E0A002020FA
:10B23800496E76616C6964207472616E73697469B1
:10B248006F6E0A0020204C617A79207374617465EE
:10B2580020707265736572766174696F6E0A00207A
:10B26800204C617A79207374617465206572726FFD
:10B27800720A002A2A2A2A2A20555341474520467D
:10B2880041554C54202A2A2A2A2A0A002020446997
:10B29800766973696F6E206279207A65726F0A0029
:10B2A8002020556E616C69676E6564206D656D6FF1
:10B2B8007279206163636573730A00202053746197
:10B2C800636B206F766572666C6F772028636F6E8C
:10B2D800746578742061726561206E6F7420766180
:10B2E8006C6964290A0020204E6F20636F70726FAA
:10B2F800636573736F7220696E73747275637469B2
:10B308006F6E730A002020496C6C6567616C206C55
:10B318006F6164206F66204558435F52455455520B
:10B328004E20696E746F2050430A002020496C6CCF
:10B338006567616C20757365206F66207468652089
:10B34800455053520A002020417474656D70742072
:10B35800746F206578656375746520756E646566BD
:10B36800696E656420696E737472756374696F6E53
:10B378000A002A2A2A2A2A20425553204641554C97
:10B3880054202A2A2A2A2A0A002020537461636B2F
:10B39800696E67206572726F720A002020556E739D
:10B3A8007461636B696E67206572726F720A002040
:10B3B80020507265636973652064617461206275E9
:10B3C80073206572726F720A002020424641522033
:10B3D800416464726573733A20307825780A0020D6
:10B3E80020496D70726563697365206461746120BA
:10B3F800627573206572726F720A002020496E733D
:10B408007472756374696F6E2062757320657272E9
:10B418006F720A002020466C6F6174696E672D7028
:10B428006F696E74206C617A792073746174652019
:10B43800707265736572766174696F6E2065727279
:10B448006F720A002A2A2A2A2A204D50552046417E
:10B45800554C54202A2A2A2A2A0A0020205374618B
:10B46800636B696E67206572726F722028636F6EF6
:10B47800746578742061726561206D6967687420ED
:10B488006265206E6F742076616C6964290A0020F9
:10B498002044617461204163636573732056696F4A
:10B4A8006C6174696F6E0A0020204D4D4641522030
:10B4B800416464726573733A20307825780A0020F5
:10B4C80020496E737472756374696F6E204163638B
:10B4D8006573732056696F6C6174696F6E0A0052E8
:10B4E8006573657276656420457863657074696F05
:10B4F8006E20280053707572696F757320696E74B9
:10B5080065727275707420284952512000202053AA
:10B5180020696E737472756374696F6E20616464F8
:10B52800726573733A2020307825780A002A2A2A0F
:10B538002A2A2048415244204641554C54202A2A60
:10B548002A2A2A0A002020427573206661756C74C5
:10B55800206F6E20766563746F72207461626C650B
:10B5680020726561640A0020204465627567206561
:10B5780076656E740A0020204661756C74206573C8
:10B5880063616C6174696F6E2028736565206265FC
:10B598006C6F77290A00415243485F45584345502C
:10B5A80054207769746820726561736F6E202578FE
:10B5B8000A0A002A2A2A2A2A204465627567206D09
:10B5C8006F6E69746F7220657863657074696F6EE9
:10B5D800202A2A2A2A2A0A002A2A2A2A2A202573DD
:10B5E80020256429202A2A2A2A2A0A00464C41535F
:10B5F800485F30005352414D5F30007573626400FC
:10B608006364635F61636D5F756172743000696E56
:10B61800746572727570742D636F6E74726F6C6C72
:10B6280065724034343031613030300075736240B7
:10B63800343630303030303000636C6F636B4034F8
:10B648003430313230303000736572636F6D40349E
:10B6580035303032303030006D61696E002A2A2A68
:10B6680020426F6F74696E67205A6570687972201E
:10B678004F53206275696C64203530353139353463
:10B688003565313961202A2A2A0A00737973776F60
:10B69800726B7100286E756C6C29002A666C6F617C
:10B6A800742A00485320436F6E6669677572617427
:10B6B800696F6E00465320436F6E666967757261E5
:10B6C80074696F6E005553424420636F6E736F6CDC
:10B6D800652073616D706C65005A657068797220B9
:10B6E80050726F6A656374003031323334353637DF
:10B6F800383941424344454600000000000000003C
:10B708000000AAAAAAAAAAAAAAAAEEEEEEEEEEEE4D
:10B71800EEEEFEFFFFFFFFFFFFFFFFFFFFFF7FBF14
:10B72800DFEFF7FBFDFC7EBFDFEFF7FBFD7E3F3F62
:10B738003F3F3F3F3F3F1F3F3F3F3F3F3F3F3F036D
:10B7480000003F3F3F3F2F3F3F00000500000B3800
:08B75800004005060700010096
:10B7600000000000E520000C0000000000010000C7
:10B7700000000000000000000000000000000000C9
:10B7800000000000000000000000000000000000B9
:10B7900010A9000C00C20100000008000000000019
:10B7A0000000000000000000000000000000000099
:10B7B0000000000000000000000000000000000089
:10B7C00000000000B0010020000000009C010020EB
:10B7D0000000000000000000000000000000000069
:10B7E0000000000000000000000000000000000059
:10B7F0000000000000000000000000000000000049
:10B800000000000000000000000000000000000038
:10B81000000000000000000000000000BC0000204C
:10B82000BC0000200000000001000000000000003B
:10B830000963000C0000000024030020FC0000202D
:10B840000000000000000000000000002D030020A8
:10B8500014010020000000000000000000000000B3
:10B86000000000000004010000000000ABB6000C66
:10B87000220300000000000000000000000401009E
:10B8800000000000BCB6000C220300000000000015
:10B8900000000000000303000000000000000000A2
:10B8A0000003000000000000000000000002010092
:10B8B00000000000CDB6000C2803000000000000CE
:10B8C000000000000001010000000000E1B6000CD3
:10B8D0001E03000000000000000000000000000047
:10B8E00000000000B0B0000C0403000000000000E5
:10B8F000E364000C0000000000000000A031002004
:10B900000000000000000000000000000004000033
:10B91000A035002000000000000000000000000032
:10B9200000040000CFB0000C000000003002002036
:10B930000000000010A9000C5A0300206203002040
:10B940006B030020700300207503002079030020A2
:10B950009C03002085030020A3030020AA030020ED
:10B96000B10300205A030020620300206B03002073
:10B970007003002075030020790300207E0300205F
:10B98000850300208E03002095030020B1030020D2
:10B9900000000000A973000CD921000C3922000C12
:10B9A000FD75000CDB74000CF175000C000000004C
:10B9B0002979000CD975000C6975000C0000000095
:10B9C000AB73000C0000000000000000000000004D
:10B9D0000000000000000000000000000000000067
:10B9E0000000000000000000000000000000000057
:10B9F0000000000000000000000000000000000047
:10BA00000000000000000000000000000000000036
:10BA10000000000000000000000000000000000026
:10BA20000000000000000000000000000000000016
:10BA30000000000000000000000000000000000006
:10BA40000000000000000000E8020020E8020020E2
:10BA500000000000000000000E00000000000000D8
:10BA60000000000000000000980500200000000019
:10BA70000000000000000000C80000001C030020BF
:10BA80001C03002009020000000100807D09020063
:10BA900000000100807D12010002EF020140E32F4F
:10BAA000040004040000000012010002EF02014043
:10BAB000E32F0400040400000000080B000202024F
:10BAC000000009040000010202000005240010012A
:10BAD00005240100010424020205240600010705D3
:10BAE000810310000A09040100020A000000070592
:10BAF00082024000000705010240000007058103A3
:10BB0000100007070582020002000705010200027B
:03BB100000000032
:0DBB13000000000000000000000000000025
:10BB2000C0030020C0030020982A0020000000006D
:0CBB3000080000001000000000000000F1
:10BB3C0000000000602B002000040000000000004A
:04BB4C0000000000F5
:10BB5000F0030020F00300200C0000000A000000A9
:10BB6000202A0020982A0020202A0020202A0020B5
:08BB70000000000000000000CD
:10BB78000000000000000000200400202004002035
:10BB8800020002000A000000000000006CAF000C78
:10BB9800182B0020000000000000000044040020D2
:10BBA80044040020100010000A0000001F7E000C52
:08BBB80098AF000C602F002083
:10BBC000D9B0000C000000000000000000000000E0
:10BBD000000000000000000048A9000C0000000068
:10BBE0000000000000000000000000000000000055
:10BBF0000000000000000000000000000000000045
:10BC00000000000000000000000000000000000034
:10BC10000000000000000000000000000000000024
:10BC20000000000000000000000000000000000014
:0CBC300048030020360300200000000044
:10BC3C0000000000C4010020000000000000000013
:08BC4C000000000000000000F0
:10BC540000000000C40100200000000000000000FB
:08BC64000000000000000000D8
:04BC6C0015E015E0EA
:040000050C000A9150
:00000001FF
