:020000040800F2
:1000000030360020851F000CCBBA000C711F000C8D
:10001000711F000C711F000C711F000C711F000C70
:10002000000000000000000000000000B91F000CEC
:10003000711F000C000000006921000C958D000C60
:10004000D521000CD521000CD521000CD521000CA8
:10005000D521000CD521000CD521000CD521000C98
:10006000D521000CD521000CD521000CD521000C88
:10007000D521000CD521000CD521000CD521000C78
:10008000D521000CD521000CD521000CD521000C68
:10009000D521000CD521000CD521000CD521000C58
:1000A000D521000CD521000CD521000CD521000C48
:1000B000D521000CD521000CD521000CD521000C38
:1000C000D521000CD521000CD521000CD521000C28
:1000D000D521000CD521000CD521000CD521000C18
:1000E000D521000CD521000CD521000CD521000C08
:1000F000D521000CD521000CD521000CD521000CF8
:10010000D521000CD521000CD521000CD521000CE7
:10011000D521000CD521000CD521000CD521000CD7
:10012000D521000CD521000CD521000CD521000CC7
:10013000D521000CD521000CD521000CD521000CB7
:10014000D521000CD521000CD521000CD521000CA7
:10015000D521000CD521000CD521000CD521000C97
:10016000D521000CD521000CD521000CD521000C87
:10017000D521000CD521000CD521000CD521000C77
:10018000D521000CD521000CD521000CD521000C67
:10019000D521000CD521000CD521000CD521000C57
:1001A000D521000CD521000CD521000CD521000C47
:1001B000D521000CD521000CD521000CD521000C37
:1001C000D521000CD521000CD521000CD521000C27
:1001D000D521000CD521000CD521000CD521000C17
:1001E000D521000CD521000CD521000CD521000C07
:1001F000D521000CD521000CD521000CD521000CF7
:10020000D521000CD521000CD521000CD521000CE6
:10021000D521000CD521000CD521000CD521000CD6
:10022000D521000CD521000CD521000CD521000CC6
:10023000D521000CD521000CD521000CD521000CB6
:10024000D521000CD521000CD521000CD521000CA6
:10025000D521000CD521000CD521000CD521000C96
:10026000D521000CD521000CD521000CD521000C86
:10027000D521000CD521000CD521000CD521000C76
:10028000D521000CD521000CD521000CD521000C66
:10029000D521000CD521000CD521000CD521000C56
:1002A000D521000CD521000CD521000CD521000C46
:0802B000D521000CD521000C42
:020000040C00EE
:1000000053B94AB9002908BF00281CBF4FF0FF317F
:100010004FF0FF3000F00CB8ADF1080C6DE904CEE4
:1000200000F01AF8DDF804E0DDE9022304B07047BF
:10003000704700BF10F8012B11F8013B012A28BFBF
:100040009A42F7D0D01A7047034613F8012B002AC2
:10005000FBD1181A013870472DE9F0478C468E46BF
:10006000089E154604461946002B40F0D080724584
:1000700047D9B2FA82F74FB1C7F120030EFA07FC55
:10008000BD40BC4020FA03F343EA0C0C4FEA154E86
:10009000A8B2230CBCFBFEF80EFB18CC08FB00F941
:1000A00043EA0C43994528D9EB1808F1FF3204D2F2
:1000B000994502D9A8F102022B44A3EB0903A4B28B
:1000C000B3FBFEFC0EFB1C330CFB00F044EA0344C4
:1000D000A04214D92C190CF1FF3304D2A04202D94A
:1000E000ACF102032C44241A43EA02401EB1FC4046
:1000F000002334607360BDE8F0874246DDE7634665
:10010000F1E7002A79D0B2FA82F3002B3FD01946EA
:10011000C1F1200302FA01F500FA01F42EFA03F20C
:100120000EFA01FE20FA03F3AFB243EA0E034FEAE0
:10013000154EB2FBFEFC0EFB1C201A0C0CFB07F844
:1001400042EA004290455AD9AA180CF1FF3004D275
:10015000904502D9ACF102002A44A2EB08029BB2FE
:10016000B2FBFEFC0EFB1C220CFB07F743EA02432A
:100170009F4246D9EB180CF1FF3204D29F4202D9BC
:10018000ACF102022B44DB1B42EA004202E0AEEB80
:10019000020301224FEA154EAFB2200CB3FBFEFC66
:1001A0000EFB1C330CFB07F840EA034398452AD9A1
:1001B000EB180CF1FF3004D2984502D9ACF10200E3
:1001C0002B44A3EB0803A4B2B3FBFEFC0EFB1C33D1
:1001D0000CFB07F744EA0344A74216D92C190CF18B
:1001E000FF3304D2A74202D9ACF102032C44E41B32
:1001F00043EA00400F46114678E71F2188E7604632
:10020000ABE76246BFE76046DBE76346EFE773456F
:1002100006D916B9002108466DE7C6E9000EF9E7D0
:10022000B3FA83F787B9734501D3824207D8841A9A
:100230006EEB030301209C461EB900215BE73846A4
:10024000FAE7C6E9004CF8E7C7F1200CBB4000FA1A
:1002500007F422FA0CF520FA0CF1BA401D432EFAED
:100260000CF30EFA07FE4FEA154941EA0E011FFA98
:1002700085FEB3FBF9F809FB18300B0C08FB0EFAEE
:1002800043EA00439A4540D9EB1808F1FF3004D205
:100290009A4502D9A8F102002B44A3EB0A0389B2C4
:1002A000B3FBF9F809FB183308FB0EFE41EA0341E2
:1002B0008E452CD9691808F1FF3304D28E4502D936
:1002C000A8F10203294443EA0040A1EB0E01A0FB80
:1002D00002984145CE46434602D306D14C4504D24E
:1002E0000138B9EB020E68EB0503002EA5D0B4EB84
:1002F0000E0261EB030101FA0CFC22FA07F3F9404C
:100300004CEA0303C6E9003197E74046C5E7434698
:10031000D9E7000013B50446284929480BF06DFEC3
:10032000034638B1274A012127480BF0C5FA0020BF
:1003300002B010BD254922480BF05FFE034608B10C
:10034000234AF0E723491E480BF057FE034608B145
:10035000214AE8E721491A480BF04FFE034608B14D
:100360001F4AE0E701461F4A154804F051FA0146CA
:1003700028B11D4A012114480BF095FAD7E71B4B11
:1003800001220F4804F096FB034608B1184AF1E732
:100390000146024600900A480BF09CFD01210848E6
:1003A0000BF0BCFD0CB90648C2E7214604480CF02E
:1003B00095F80028F7D00F4ADCE700BFA400002022
:1003C000C00400200EF1000C24EE000C8C00002074
:1003D0003CF1000C740000206EF1000C5C00002069
:1003E0009BF1000C30000020C3F1000C3CEE000C2F
:1003F000EAF1000C09F2000C08B5FFF78BFF40B1E1
:10040000064803F067F830B10121054A05480BF0B2
:100410004AFA002008BD0148FCE700BFC0040020E4
:100420002DF2000C24EE000C10B50F4803210F4AEA
:100430000BF039FA0020FFF7DFFF40B901210C4A29
:1004400009480BF030FA6FF01204204610BD03F09B
:1004500081F8044628B10121064A03480BF023FA2B
:10046000F3E70321044AF8E76CED000C78F2000C86
:1004700090F2000CB0F2000CD0F2000C2DE9F84321
:10048000884600AF00297DD00568012228460AF081
:1004900070FC0146044628460AF025FC10EA0206D4
:1004A00016D1E94688B06A46384BCDE905380323B2
:1004B00042F8103F4FF4C2513346354800F0B0FEC9
:1004C000CD4686F31188BFF36F8F0423184602DFF1
:1004D000214628460AF01DFC2618314600222846EF
:1004E0000AF001FC361AB44218D06E4688B069464C
:1004F000284BCDE90538032341F8103F2448134623
:100500000A464FF4C25100F08BFE0023B54683F338
:100510001188BFF36F8F0423184602DF00222146A3
:1005200028460AF0FCFB21460AF0F3FB26180122BC
:10053000314628460AF0D7FBC20708D43146284680
:100540000AF059FC3246214628460AF0CBFC00222C
:10055000214628460AF0C7FB261A012231462846C2
:100560000AF0C1FBC30709D4314628460AF043FC10
:100570002246314628460AF0B5FC34462146284634
:100580000AF0CEFCBD46BDE8F88300BF5CF3000C6A
:1005900094ED000C33F3000C2DE9F04F91B0009373
:1005A00002F004030293C2F3C20301338407054639
:1005B0000E46DDF868A00392059340F09C81041D6F
:1005C000002849D101F00706341DC6F10806009B3A
:1005D00000274FF004085A1E4FF0FF33B94601932D
:1005E000BB46434604970DB1009921600598002849
:1005F00000F3D6808F480099814203D38E48814210
:10060000C0F0CE800399601B11F0020C40F0D68040
:10061000B9F10F0F00F2CF80002D00F0D68009F164
:1006200040010DEB010E0199C0F387000EF8200C7C
:100630000EF8101CBCF1000F00F0C38060F07F00CA
:100640000EF8200C013709F10109C5F108014FF638
:10065000DA7E043406918CE00729B8D86FF01B00CD
:1006600011B0BDE8F08F7A285BD84B280FD8472807
:1006700057D829282ED8252850D052D8202818BF3E
:1006800023280CBF4FF0010B4FF0000B71E04C38EA
:100690002E2846D8DFE800F06D45454545454545DF
:1006A00045454545484545454545454545564548E3
:1006B000485656566D486A456D4518481845457F59
:1006C0007C48454548457C0000204FF0000B4FF02A
:1006D000040835E001212A38C0B201FA00F010EA1E
:1006E0000E0F46D110F0625C2CD110EA010B40D005
:1006F0006046013C4444B4FBF8F408FB04F425B123
:10070000A3EB050CA444B445A8D8002870D00599E3
:10071000013905915AF8041B009164E701990139E8
:1007200001914FF0000B24E012F8010C6C2834D139
:10073000002012F8023C83466C2BC8D14FF0080809
:100740004346D6E70AF1070A2AF0070A073424F0DD
:100750000704FAE802BC35B106982044B0423FF6DF
:100760007DAFC4E900BC4FF0000B08344FF008081F
:10077000434612F8010F002853D0BBF1000F7FF45D
:1007800072AF2528F5D14FF0010B019B0133019386
:100790004FF00408ECE7584697E700208346A8E7A7
:1007A000039988077FF551AF4FF0010C601BB0F53E
:1007B000007FFFF42DAF6FF0150051E74FF0000CF4
:1007C000F5E70498013004903DE7BCF1000F01D03B
:1007D000013638E70298023600287FF434AF0098DB
:1007E000CDE90632FFF730FCDDE9063206442AE7A0
:1007F000042B08D10AF1040015B1DAF800102160C9
:1008000082460434B5E70AF1070323F0070303F136
:10081000080A1DB1D3E90001C4E900010823083426
:10082000A7E7631BB3F5806FC5D23DB9A6F10804F5
:10083000E01815E794E6000CE816010C029A9B08F4
:1008400028602B709DF81030AAB1EB70AF702FB1FB
:10085000002208A8C5F1010C91450ED14FF0000A05
:10086000C5F101030DF1200801930DF1300BD145C5
:1008700012D1601BF4E66B70E8E710F8013B190633
:1008800008D50CEB040EB64503F07F033FF6E6AE49
:1008900004F8013B0132DFE71FB198F90020002A7C
:1008A00017DB029BD3B11AF80B2004F8012B0022AE
:1008B000019B18191044B0423FF6D0AE98F80000E2
:1008C000009904F8010B204603920DF03AFE039ABA
:1008D00014440AF1010A08F10108C8E798F8002059
:1008E00055F822300093029B009845F82230FFF71C
:1008F000ABFB421CDCE76FF00D00B1E62DE9F04FD9
:1009000097B000AF05468A46C7E90A3249B903786D
:100910004678807800EB83002844564524D8A0EB25
:10092000050AD7F8803095F8028003F00103D7F864
:100930008040FB61EB78B8F1000F0CBF002404F09D
:1009400001047B621BB1D7F880309A0715D4A4B993
:10095000FB6A1BB151462846BA6A9847564630464C
:100960005C37BD46BDE8F08F441C2046FFF76CFBAA
:10097000013020440AF1010ACFE7D7F88030C3F3F1
:10098000C0033B622B78BB619B003B616B687B6162
:10099000BB6905EB830BFB6A002B77D15646D84425
:1009A000BCB11C461BF8013B55F82300FFF74CFB7C
:1009B000D7F88430013043B1D7F88830A34282BFE2
:1009C000D7F8843023F814000134C3450644E9D134
:1009D000D846D7F880304FF0000913F0050F0CBF50
:1009E0004FF0020B4FF0010B7B6A9945B7D298F894
:1009F000013008F1020855F823A0AE4B9A45C0F02B
:100A00004C81AD4B3A6A9A452CBF002301230AB3AF
:100A100018F8021C7869FB620AF006FCFB6AC8B190
:100A2000EA468AB06A46A54B05937B69CDE9063153
:100A30004FF40073ADF82030A14B42F8103F002373
:100A40004FF412519F4800F0EBFBD546023E09F1EE
:100A50000109C9E723B1FB6933B9A6EB0B06F6E739
:100A6000D7F880309B07F2D55046FFF7EDFAD7F85C
:100A700084304BB1D7F888309C423FBFD7F88420F0
:100A8000431C22F8143001340644E0E7002C6AD1FC
:100A9000B8F1000F6DD0D7F8803058076CD5C1463B
:100AA00007F14800424659460DF04BFD00220BEB82
:100AB0000803FB600233796A8A425FD3D7F880204B
:100AC00095F801B0F969920704EB0B0348BF0022C7
:100AD000DBB258BF4FEA5902002940F0A680D7F890
:100AE000801011F0040F14BF494600216B70A970EB
:100AF000EA702846BA6A3969FB6A9847061EFFF60B
:100B00002EAFBB6949462B707B6ABA6AEB7085F8D9
:100B100001B0FB6A85F8028007F148009847B0F100
:100B20000009C0F2B6803B697A6A786A03EB420139
:100B3000FB68414403EB4000BA6AFB6AAAEB01017F
:100B400098470028C0F2A7804FF0000BB14409EB92
:100B5000000607F1380AA34569D30021BA6A08469E
:100B6000FB6A9847FBE644464FF0000907F138005E
:100B700098E74446C14699E7A14697E713F8016C08
:100B8000DFF830C155F8260013F8021C6045C0F0AC
:100B90008A80DFF824C16045386A2CBF4FF0000B13
:100BA0004FF0010B38B17869C7E901320AF03CFB1C
:100BB000D7E90132F0B9BBF1000F1ED0F96949B194
:100BC000611C04F1280007F13004041904F8206CBA
:100BD000CCB20FE0D7F8801049070BD509F12800F7
:100BE00007F1300C09F1010100EB0C0909F8106C58
:100BF0005FFA81F9013202335DE7D7F880008007A0
:100C0000DED409F1280C07F1300EF44409F101009B
:100C10000CF8101C07F1580109F1020951FA80F093
:100C20005FFA89F900F8106CE4E700215EE71BF831
:100C30000A3055F8239087F83730D7F884302BB333
:100C4000D7F888309B4521D2D7F8843033F81B8001
:100C50000121BA6AFB6A07F13700984700281ADBBE
:100C60000644B8F1000F06D14846FFF7EDF900F150
:100C700001081FFA88F841464846BA6AFB6A984755
:100C8000002808DB06440BF1010B64E74FF0000875
:100C9000DEE74E4663E6064661E63B6A002B3FF41C
:100CA000DFAE0023B4E6386A0028A6D04FF0000B70
:100CB00079E700BF94E6000CE816010C89F3000CFC
:100CC000040000012CED000C014B1860704700BFC0
:100CD000BC00002080B505460E461746984609F030
:100CE0006DFA034601F088FA0446DFF81890424690
:100CF00049F8003039463046A84754F8090001F059
:100D00001DFA00BF080000002DE9F0470446074621
:100D10004FF00109DFF84C8094FAA4F5B5FA85F597
:100D200009FA05F32E0108EB05156FEA030A24EA18
:100D300003042B7B63B158F806301B696BB946443A
:100D4000736804222846196807EA0A070AF03BFD7F
:100D5000002CE1D13846BDE8F087284698470028A6
:100D6000F6D1ECE72CEE000C10B5002288B00E494D
:100D70000E480DF061FB002200230024CDE906237C
:100D80000E234FF44072CDE90334CDE90144084B02
:100D900008490094084808F00FFF084906480DF07C
:100DA00055F9204608B010BDC10D000C300A0020D6
:100DB000C910000CF0170020A005002048F4000C1A
:100DC000014808F08BBC00BF680400202DE9F04703
:100DD000804620480F460AF0D2FC0646002832D052
:100DE00000252846BDE8F087237B83B12368DB68B4
:100DF0000BB120469847636883F8069023681B6907
:100E0000CBB963680422204619680AF0DCFC01367D
:100E100010345445E8D3B8F1000FE2D0002DDFD0F4
:100E20002846FFF771FF0546002FF7D00021642008
:100E30000DF0F1F9F2E7204698470028E1D009FAD1
:100E400006F31D43E3E705464FF00109024CDFF8C6
:100E50000CA0DEE7E80E00202CEE000C3CEE000CAF
:100E6000014B53F82000704758EE000C08B50346BC
:100E700008462BB1044A136000F032FC002008BD84
:100E80006FF01500FBE700BFC000002010B5044C58
:100E9000237813B9034808F021FC0123237010BD07
:100EA000E41700206804002010B5044609480AF041
:100EB00066FC3CB1084BD3E8EF1F0139C3E8E21FE1
:100EC000002AF8D1054809F001FCBDE810400448AB
:100ED00008F004BCE00E0020E40E0020300A0020E0
:100EE000680400200022044BD3E8EF0FC3E8E12F91
:100EF0000029F9D1704700BFE00E002070B5FFF760
:100F0000F1FF0546074C084EB44200D370BD63683C
:100F10005B792BB123685B6813B12946204698475B
:100F20001034F1E72CEE000C3CEE000C10B5044C34
:100F3000044920460AF0A5FA034B1C6010BD00BF0F
:100F4000AC03002044EE000CD80E002000230D4A14
:100F500010B513700C4A4FF47A7113600B4A0C48A9
:100F60001360FFF783FFFFF7E1FF0A4B0A491846BA
:100F70008B4200D310BD1A1A5C6812110132227123
:100F80001033F5E7E5170020E00E0020E40E002006
:100F900091B7000C2CEE000C3CEE000C0146002238
:100FA000002301480AF08EBAAC03002001480AF081
:100FB00025BB00BFAC030020024B014618680AF0B5
:100FC00078BB00BFD80E002001480AF0ADBB00BFBF
:100FD000AC03002070B5254B1B78002B43D0FFF7E6
:100FE000E5FF044600283BD1214B224D1B68002B16
:100FF00012DD0DF0D9F90A220023FFF701F8D5E937
:101000000032C01A40F2E93361EB0201984271F1FB
:10101000000101D3FFF772FFD5E9003213F57A73AF
:1010200042F10002C5E90032ECB1BDE87040FFF7C3
:10103000CBBF6B685B7923B12B68214628461B68C0
:1010400098471035B542F4D32046FFF7B5FF0A4B59
:10105000D3E8EF1F0139C3E8E21F002AC4D0F7E745
:10106000064D074EEEE7002070BD00BFE4170020DC
:10107000E00E0020280A0020E40E00202CEE000CD8
:101080003CEE000C70B50D4D297861B90120FFF7D9
:101090009DFE0B4C0B4EB44206D3FFF79BFF00287E
:1010A000FBD101232B7070BD63685B791BB1236892
:1010B00020469B6898471034EDE700BFE5170020F5
:1010C0002CEE000C3CEE000C00212DE9F843084604
:1010D000FFF77CFE044648B34FF4FA784FF000095E
:1010E00001F08AF81A4B1B4A1B58136033B11A4B94
:1010F0001B68092B02DD194808F0F0FA0025184F8B
:1011000044B12046FFF700FE044618B94FF0FF38FF
:101110004FF0FF39FFF75EFF064628B9B5B90F4813
:1011200042464B4608F00EFB3546E9E74FF0FF38E4
:101130004FF0FF39D4E72B689B691BB1002228468A
:10114000114698471035BD42F5D3E8E7054DFAE75B
:1011500008000000DC0E0020E40E002068040020DF
:101160003CEE000C2CEE000C13B518480AF007FBFF
:10117000174B1B7873B1EFF31184202383F312888C
:10118000BFF36F8FFFF726FF84F31188BFF36F8FD4
:1011900002B010BD0F4B1B68002BF9D050B90022D4
:1011A00000230D48CDE9002342F21072002309F01C
:1011B00055FAEDE70928EBD1074809F087FA074807
:1011C00002B0BDE8104008F089BA00BFE40E00206C
:1011D000E5170020DC0E0020300A00206804002003
:1011E00010B5064B04461B6898472146A06004488A
:1011F0000AF0E5F9BDE81040FFF7B6BFC0000020D7
:10120000AC030020044A054B9B1AB1EBD30F34BF4B
:1012100052F83100002070472CED000C2CEE000C31
:101220002DE9F04F8FB0C1F34A2604AF0D4690462A
:10123000B8607B600C0D002E61D04FF000090A23CE
:101240004FF0040B07F1140AFE60C7E90799C7F8CD
:1012500024900093CDF808B0CDF804A007F11C034A
:101260004A464046F968FFF749FBB0F5006F034670
:101270001CD36C468AB0D8F8041004AB24481A4634
:10128000C3E9050140F2FF71D9614FF4007119847F
:10129000204B42F8103F4FF412514B461E48FFF7C7
:1012A000BFFFA5462C37BD46BDE8F08FC0F30A0648
:1012B00004F11700184420F0070080083B60FFF796
:1012C0006DFE66F35325044680B13B6800F11001C2
:1012D000C7E908390A23F961CDE901AB009340461B
:1012E0000E4AF96807F11C03FFF708FB66F3532564
:1012F0002A4620467B68B9680AF085FAD2E704F1ED
:10130000170020F007008008FFF748FE0446EDE7CD
:101310005DF4000C0400000154ED000CD9B7000C82
:101320002DE9F04F87B00546DDE9106BDDE9127A53
:10133000884614469946BFB110213B465A460020C4
:10134000CDF800A0CDF814A0FFF726F9B0F5006F96
:1013500001460BD340F2FF730221184A184807B028
:10136000BDE8F04F0AF0A8BA3946384604F0070342
:1013700005F00704E40044EA831444EA402444EA04
:10138000065406F11700084420F007008008039176
:10139000FFF704FE054640B13FB13B465A4603996C
:1013A000CDF800A01030FFF7F7F84B462246414633
:1013B000284607B0BDE8F04F0AF025BA9CF4000CAF
:1013C00054ED000C406820B1034BC01A40F3CF002D
:1013D00070474FF0FF3070472CED000C0EB403B592
:1013E00003AB53F8042B01460448019301F038F98C
:1013F00002B05DF804EB03B0704700BF1BB9000CEE
:10140000CA0605D48B064CBF02490349FFF7E6BF65
:10141000704700BFD5F4000CD4F4000C2DE9F04F58
:1014200089B098469DF85090159B044606930D464A
:10143000DDE916A3189F05920493B9F1000F00F09F
:10144000B08007F4807307930AF0BBF907F0020B32
:101450000246002874D020467749FFF7BFFF0646B2
:10146000BBF1000F08D017F0440F6BD12A4620467D
:101470007249FFF7B3FF064407F0010353B1704B05
:10148000204653F829206F4B6F49002A08BF1A469F
:10149000FFF7A4FF07F48073002B07F0080318BFC1
:1014A0004FF00008002B79D0684B204653F82920D4
:1014B0006749FFF793FF0546059B2BB11A46204667
:1014C0006449FFF78BFF0544B8F1000F05D0424691
:1014D00020466149FFF782FF054460483544069B7A
:1014E0001BB122465E4909F06EFE049B002B00F002
:1014F0008E80DDF810803946B8F1100F204628BFE5
:101500004FF010080026FFF77BFFB54250DC0026A5
:10151000334620461AF803205249FFF75FFF013691
:10152000102E4BD0710703D120464F49FFF756FFCD
:1015300046453346EDD320464C49FFF74FFFEEE7D3
:1015400006468DE74A4B1868002894D0494B4FF463
:101550007A7B1B684FF03C0CB5FBF3F5B5FBF0F163
:101560004FF4616300FB11550BFB05F5B1FBF3F282
:10157000B5FBF0FE03FB121100FB1E55B1FBFCF3A3
:101580000BFB05F5B5FBF0F50CFB131120460091A4
:10159000CDE901E53849FFF721FF6CE707F00805C1
:1015A0008AE7B8F1010F4D460CBF2C48334896E747
:1015B00020462D49FFF712FF0136A6E700262046F8
:1015C0002F49FFF70BFF33461AF803202046A2F1FC
:1015D00020035F2B28BF2E222A49FFF7FFFE01368A
:1015E000102E0DD0720703D120461F49FFF7F6FEDB
:1015F000B0453346E8D820461B49FFF7EFFEEEE73B
:10160000049BC244B3EB080304937FF472AFB9F1B7
:10161000000F0AD0FB0704D520460A4A0A49FFF703
:10162000DDFE39462046FFF7EBFE204609B0BDE857
:10163000F04F0AF065B900BFDCF4000CE0F4000CD8
:1016400068EE000CD7F4000CAB05010C7CEE000C2E
:1016500005F5000C0BF5000C0FF5000C1BB9000C88
:101660006126000C14F5000C1CF5000C1AF5000C9A
:10167000F00E0020EC0E0020E9F4000C49B9000C3B
:101680001EF5000C20F5000C42F20F7373B58B426F
:1016900028BF0B4605680446052168460D4A09F037
:1016A000B5F80646636828460B225B680A490AF0CB
:1016B00019F963683246694628465B680AF012F9F0
:1016C00063681B2228465B6804490AF00BF902B0E4
:1016D00070BD00BFFF00010C3F15010C2315010C6C
:1016E00000210123064A904206D8064A01B9012387
:1016F0001360054B18607047012140085B00F2E75A
:1017000040420F00EC0E0020F00E0020F8B50D4610
:101710000446064F4618B44201D12846F8BD14F8D5
:10172000011BBB6801485B689847F4E73CE7000C85
:10173000014B036000207047C4EE000C2DE9F84314
:101740000646FEF781FC0546EFF31188202383F35C
:101750001288BFF36F8F114B1C68D3F804909C4222
:1017600008BF002434B988F31188BFF36F8F204677
:10177000BDE8F883A7683846FEF766FCA84206D1A4
:101780002A46394630460CF0F1FE0028EBD04C4595
:1017900001D02468E6E70024E5E700BFCC00002084
:1017A0002DE9F0410E461546FFF7C8FF044628B361
:1017B000C3681BB35F690FB3062E07D0072E20D076
:1017C0002A4631463B46BDE8F0411847838A3BB97B
:1017D0002A463146B84750B9A38A0133A38206E0AE
:1017E0004FF6FF72934204D00133A3820020BDE87C
:1017F000F0810121114A12480AF055F86FF01500E6
:10180000F5E745B12A7832B10022828231462A4674
:101810005B699847EAE7A38A012B08D12A4607218A
:101820002046B8470028E2D1A38A013BD6E70BB196
:10183000013BDAE70221034ADDE700BF5DF5000C5A
:101840003CED000C7FF5000C10B5044608B1806833
:1018500038B9104A104801210AF025F86FF0150038
:1018600010BDFFF76BFF08B10C4AF3E7A082EFF35E
:101870001181202383F31288BFF36F8F084B5A68BE
:10188000C4E9003214605C6081F31188BFF36F8F8C
:10189000E6E700BF9DF5000C3CED000CB6F5000C32
:1018A000CC00002008B50348034A0021121A0AF0B0
:1018B00004F908BD60050020EC170020074808B5B2
:1018C000074A0849121A0AF0FAF8BDE80840064823
:1018D000064A0749121A0AF0F2B800BF00000020B9
:1018E00054050020E816010C000000200000002034
:1018F000E816010C2DE9F04706460C4600AF00291A
:1019000036D0D1E90012E9468AB06D46A3684FF09F
:10191000050AE8461F48CDE90723CDE9050148F847
:1019200010AF002342464FF421511B48FFF778FCCB
:10193000D4E90312CD466369AD461848C5E90723CB
:10194000C5E90501C5F810A0002342464FF4215116
:101950001148FFF765FCCD46E3690121104A0E48A6
:1019600009F0AAFFA36901210E4A0B4809F0A4FF60
:10197000012E07D1EFF305830B4A31460648103B91
:1019800009F09AFF2146304607F0F8FABD46BDE857
:10199000F08700BFDFF5000C8CED000C0EF6000C9C
:1019A0003DF6000C4CF6000C7AF6000C30BFFFF749
:1019B000FDBF00BF2DE9F04105460B4EDFF82C803E
:1019C000324606EB0807CC1B204609490CF0B9FD4E
:1019D000A01942460021083C0CF0C0FDAC6707F19D
:1019E0000800BDE8F08100BF000000000800000012
:1019F0003CEE000C10B5244C244925480AF06CF844
:101A0000A36A99013ED5224822490AF065F81E20B2
:101A1000A36ADA0104D51E481F490AF05DF81F20A9
:101A2000194CA36ADB0204D519481C490AF054F882
:101A30002020A36A1C0304D5154819490AF04CF864
:101A40002120114CA36A590304D5114815490AF005
:101A500043F82220A36A9A0304D50D4812490AF0DC
:101A60003BF82320084CA36ADB0304D508480F4940
:101A70000AF032F82420A36A6FEA03436FEA1343A3
:101A8000A36210BD1D20C3E700ED00E08DF6000C41
:101A90008CED000CA5F6000CB8F6000CD2F6000C8C
:101AA000FCF6000C1AF7000C3FF7000C59F7000C7D
:101AB00070B506460D46294C29492A480AF00CF80B
:101AC000A36ADB0647D5274827490AF005F8112005
:101AD000A36A1C0704D52348244909F0FDFF1220FE
:101AE0001E4CA36A990712D521491E4809F0F4FF3C
:101AF000636BA26A120609D501211E4A194809F032
:101B0000DBFE1EB1A36A23F08003A3621320134CF3
:101B1000A36ADE0704D51348174909F0DDFF142036
:101B2000A36A9C0604D50F48144909F0D5FF152077
:101B30000A4B9A6AD10658BF9A6A9A6A920642BFBD
:101B40005A6A22F400525A629A6A42F0FF029A627A
:101B500000232B7070BD1020BAE700BF00ED00E03D
:101B600084F7000C8CED000C9AF7000CCDF7000CFC
:101B7000E0F7000CF8F7000C0EF8000C2DF8000C44
:101B800070B506460D46284C2849294809F0A4FF9F
:101B9000A36AD9043CD52648264909F09DFF1720A1
:101BA000A36A1A0504D52248234909F095FF182095
:101BB0001D4CA36A9B0512D51D48204909F08CFFD6
:101BC000A36BA26A100409D501211D4A184809F027
:101BD00073FE1EB1A36A23F40043A3621920124CC2
:101BE000A36A590504D51248164909F075FF1A2051
:101BF000A36ADA050ED50E48134909F06DFF1B20C4
:101C0000094A936A43F47F43936200232B7070BDAB
:101C10001620C5E7A36A9B04F2D505480B4909F0D5
:101C20005BFF1C20ECE700BF00ED00E05CF8000C5F
:101C30008CED000C72F8000CCDF7000C83F8000C52
:101C40009CF8000CB1F8000CCCF8000C2DF8000C3E
:101C500010B52F4C2F48304909F03EFFD4F8E8303A
:101C6000D4F8E420500604D501212C4A294809F073
:101C700023FED4F8E430D9070CD52648284909F0CA
:101C80002BFF2620224AD2F8E43043F0FF03C2F8AB
:101C9000E43010BDD4F8E4309A0705D51D48214939
:101CA00009F01AFF2720EDE7D4F8E4305B0705D5EB
:101CB00018481D4909F010FF2820E3E7D4F8E43064
:101CC000180705D51348194909F006FF2920D9E757
:101CD000D4F8E430D90605D50E48154909F0FCFEC4
:101CE0002A20CFE7D4F8E4309A0605D509481149EF
:101CF00009F0F2FE2B20C5E7D4F8E4301B0605D529
:101D000004480D4909F0E8FE2C20BBE72520B9E77F
:101D100000ED00E08CED000CE4F8000CFDF8000C88
:101D20000DF9000C23F9000C41F9000C5CF9000CD2
:101D300079F9000C8EF9000CA8F9000C2DE9F0419E
:101D40008AB0774B00AFD3F804800023C8F30806AD
:101D500083F31188BFF36F8F02F07F44B4F17F4F9C
:101D600031D112F001052FD012F0400502F0080425
:101D700003D02CBB0446012512E0530758BF01468F
:101D8000684A0B6858BF01251A44012A98BF0B6C9A
:101D90000121654A654809F08FFD74B1EFF389842C
:101DA0000023FB71F31E092B00F29980DFE803F09A
:101DB0000E8F92848B9797979795EFF38884EFE730
:101DC0000C461D46ECE71D462C46E9E758495748A6
:101DD00009F082FE0023524EFB71F36A9A0705D583
:101DE0005449524809F078FE00232DE0F36A002B95
:101DF00001DA5149F5E7F36A5B00F5D54F494B48E5
:101E000009F06AFE7369A26943F480737361BFF3DA
:101E10004F8FBFF36F8F32F8023C726922F48072E9
:101E20007261BFF34F8FBFF36F8F03F47F42B2F540
:101E30005F4F2BD1DBB2022B28D123680121404A0E
:101E40003A4809F039FD2368FA79DAB907F108064A
:101E500004F1200C324620686168083403C26445EE
:101E60001646F7D17A6A002D56D0C2F3080121B97F
:101E70006FEA52226FEA42227A62184607F108019D
:101E8000FFF738FD2837BD46BDE8F081244B9A6A3C
:101E9000D2B222B10120F91DFFF70AFE15E09A6ABD
:101EA00012F47F4F04D00120F91DFFF769FE0CE00A
:101EB0009A6AB2F5803F02D3FFF79CFD05E0D3F8A4
:101EC000E430002B90D0FFF7C3FE0346BCE70020B0
:101ED000F91DE1E70020F91DE7E71A4981E71A4AF1
:101EE00018F4F87FE8468AB0184B08BF13466A46D4
:101EF0001749103ECDE905134FF40073ADF82030BB
:101F0000144B079642F8103F00234FF41151074835
:101F1000FFF786F9C54667E76FF30802ACE700BF35
:101F200000ED00E0A6ED0501E9F9000C8CED000CD8
:101F300008FA000C1FFA000C40FA000C4EFA000CD4
:101F40006DFA000C89FA000CBBF9000CD0F9000CFA
:101F5000ADFA000C04000001044B5A6942F0100273
:101F60005A615A6922F008025A61704700ED00E098
:101F7000EFF30880EFF3098101B57246FFF7DEFE4B
:101F800001BD00BF0A4880F30888202080F3118833
:101F900008484FF40061401880F30988EFF314807B
:101FA0000221084380F31488BFF36F8F00F05CF8C0
:101FB00030360020F02400201EF0040F0CBFEFF399
:101FC0000880EFF30980816911F8021C0229FFD013
:101FD00001B5724609F075FD01BD00BF00B20028D1
:101FE00007DB01234109034A00F01F00834042F848
:101FF0002130704700E100E000B200280CDB012234
:102000000649430900F01F008240203341F8232095
:10201000BFF34F8FBFF36F8F704700BF00E100E049
:1020200000B2002801F10101ACBF00F16040064B95
:102030004FEA4111C9B2ABBF00F5614000F00F009B
:1020400080F800131954704714ED00E0044B054A62
:1020500023F07F039360BFF34F8FBFF36F8F704701
:102060000000000800ED00E008B5FFF7EFFF0B4AA5
:10207000D2F8883023F47003C2F88830EFF3148369
:1020800023F0040383F31488BFF36F8FFFF70AFC78
:10209000FFF714FC00F092F807F092F800ED00E072
:1020A00042F8203C009B0B4942F81C3C019B21F06C
:1020B000010142F8183C029B42F8081C42F8143C0B
:1020C0004FF0807342F8043C0023203A0265C36756
:1020D000704700BFD50C000C00B50B4B154698603F
:1020E000826F0A4B0E461A602C4686F30988002040
:1020F000034B98472046002100220023014C204733
:10210000EFBA000CD50C000CB0170020180F0020FF
:102110001022014B1A61704700ED00E0054B5A692F
:102120009B689A421FBF044A536843F08053536030
:10213000704700BFB017002000ED00E0084B9B681F
:1021400083420BD1EFF3058343B1064B5A6842F04B
:1021500080525A605A6A22F400425A620BF07BBFE6
:10216000B017002000ED00E011498A684FF0300000
:102170001044EFF3098C80E8F01F202080F31288D0
:10218000BFF36F8F0B4F4FF000664A698A603E6065
:10219000906F094C2060D06F0023D36780F31188C3
:1021A00002F1300090E8F01F8CF3098870470000BE
:1021B000B017002004ED00E0180F002000232021BC
:1021C0000348C21801339E2B82F80013F9D17047DF
:1021D00000E100E008B5EFF30583064A103B02EB8F
:1021E000C30152F8330049688847BDE80840FFF74B
:1021F00095BF00BFACE7000C0148006870470000C5
:10220000180F00201FB50121094B0A4A0A4800F0A7
:102210000FF90023064A0393084B0121019301A8FB
:10222000D31A029300F00EF905B05DF804FB00BF6D
:102230000000082000000020C4EE000C6005002013
:102240000A7A0B6810B562F304031C46CB68520986
:1022500023F01F0343EA4203044A43F00103C2F898
:102260009800C2F89C40C2F8A03010BD00ED00E01C
:1022700010B50A4BD3F89030C3F30723013B9842C3
:1022800008D901210346064A064809F015FB6FF0FC
:10229000150010BDFFF7D4FFFBE700BF00ED00E025
:1022A000C4FA000C74ED000C2DE9F04F8946144679
:1022B00006464FF000084F4D85B0C84527DAD6F8DE
:1022C00004A0BAF1000F44D0BAF11F0F17D91AF0C9
:1022D0001F0F14D1D6F800B01BF01F0F0FD15846B6
:1022E00009F019FC07460AEB0B00013809F013FC52
:1022F000874210D06FF015073F4A3B4601E0434646
:102300003E4A01213E4809F0D7FA6FF015042046F5
:1023100005B0BDE8F08F17F1160FEDD0BC42EBDD34
:10232000C5F89870D5F89C10C5F89870D5F8A0300D
:1023300021F01F0143F01F0BD6E900321A449942E5
:1023400002F1FF3A1AD1D34507D13146F8B209F06C
:10235000EBFB08F101080C36AFE73146C5F8987081
:10236000D5F89C30E0B263F30402C5F89C2009F074
:10237000DBFB10F1160FC8D0441CEAE7C5F89870D3
:10238000D5F8A020013B23F01F0302F01F021343E6
:10239000D3453146E0B2C5F8A030E8D009F0C4FB1F
:1023A00010F1160FB1D0C5F89870D5F89C209DF8A3
:1023B00008300BF1FF3B62F304038DF80830D5F8C9
:1023C000A0309DF808205B0863F347128DF80820C1
:1023D000D6E900321344009323F01F035B44A3EBC0
:1023E0000A03013023F01F036946C0B20393FFF7CD
:1023F0003FFFBEE700ED00E010FB000CEAFA000C26
:1024000074ED000C0522044BC3F89420BFF34F8FEA
:10241000BFF36F8F704700BF00ED00E0BFF35F8F29
:102420000022024BC3F89420704700BF00ED00E08B
:1024300010B5034C2278FFF737FF207010BD00BFA6
:10244000E71700202DE9F74F294D8A4606464FF041
:102450000008AB46274FD0451BDAD6F80490B9F1F7
:10246000000F3FD031680846019109F054FB0199F3
:10247000044609EB0100013809F04DFB84424FF09E
:1024800014021D4B08D002FB08F36FF015024BF845
:10249000032003B0BDE8F08F14F1160F2C60F8D0C4
:1024A0001978A142F5DD02FB08B0C7F89840C7F8DB
:1024B0009840D7F89C4000F10801007B64F30400C9
:1024C0000871D7F8A0000C79400860F347140C712C
:1024D000D7F89C1021F01F016960D7F8A01021F0F7
:1024E0001F01296108F1010814350C36B3E700BF5C
:1024F0001C0F002000ED00E0E7170020F0B5534965
:10250000534DD1F890302C68C3F307239C4287B019
:1025100000F299800020FFF781FF4E4BC1F8C030D8
:10252000844216D14C4D01A82C70FFF701F900260A
:1025300007464A4CB74213D100202B784349D1F8C3
:102540009020C2F30722934277DBFFF75BFF002066
:1025500046E0696801EB0011FFF772FE0130DFE72A
:102560000199300101EB0613DA682240B2F1807F55
:1025700052D00AD8B2F5001F34D0B2F5800F3ED049
:10258000B2F5801F12D00136D4E7B2F1006F43D00C
:10259000B2F1805FF7D15A689B680958013B22F07D
:1025A0001F00034423F01F03012032E05A689B6898
:1025B0000958013B22F01F0003440120844623F008
:1025C0001F0340EA4C10CDE902218DF8100002A94A
:1025D00028780593FFF74CFE00282ADA6FF01500E3
:1025E00007B0F0BD5A689B680958013B22F01F00F4
:1025F00003444FF0020C012023F01F03E1E75A6867
:102600009B680958013B22F01F000344062023F079
:102610001F034FF0000CD4E75A689B680958013B30
:1026200022F01F0003444FF0030C012023F01F038E
:10263000C7E72B7801332B70A5E7C1F89830C1F8B4
:10264000A00001337BE74FF0FF30C9E700ED00E069
:10265000D0EE000CAAFF4400E71700200000F0FFB6
:10266000F0B587B007460E46144600211022684692
:102670001D460BF073FF02238DF80230054B2A46EE
:1026800021466846CDE90476019308F0E9F807B0E1
:10269000F0BD00BF5BBB000C08B5024B1B68984740
:1026A000002008BD300F0020034B044A18609378C7
:1026B00043F0020393707047300F0020D4000020D5
:1026C00008B50649064821F00701C1F1005202F59C
:1026D000002208F026FD002008BD00BFFF410020B9
:1026E000340F002070B541690446867A0A4D59B10D
:1026F000437ADB0706D4242303FB0653DB691B68FC
:102700009B689847002363612420214600FB065004
:10271000BDE870400BF032BC780400202422024B4C
:1027200002FB0030704700BF780400202421827A29
:10273000054B01FB02331A6A1B7D801A1B3323F001
:102740000303B0FBF3F070477804002038B524246D
:10275000827A064B04FB0233DB69D3E901240C6067
:102760001568FFF7E3FF04FB005038BD7804002034
:102770002DE9F04385B00546684690461C46039116
:102780000BF014FEDDE90067EFF31189202383F3DA
:102790001288BFF36F8F6B8A002B41D02A8A9A422E
:1027A00025D900220023284606F066FF0446F0B132
:1027B00089F31188BFF36F8F039B002B41D0324602
:1027C0003B4668460BF017FE2421A27A254B204693
:1027D00001FB0233DB6903A91B681D68DDE90023E7
:1027E000A847606170BB2046FFF77CFF24E0698A40
:1027F0004B1E6B8289F31188BFF36F8F2B7D2A8A62
:102800002C6A1B3323F00303521A02FB0344154BBB
:10281000154AEB1A9B105343A3722B7DE372CBE74F
:1028200089F31188BFF36F8F23464246284606F08E
:1028300023FF04460028BFD10024204605B0BDE890
:10284000F0836361012300252381039B2946638272
:10285000E27A656004F118000BF080FE636925825E
:10286000E360EAE778040020398EE33870B5242568
:102870000C4C00B970BD037A4668002BFAD0013BBE
:10288000DBB20372002BF5D1C3604360837A05FB92
:1028900003439B6913B198473046EAE7FFF722FFED
:1028A000FAE700BF780400202DE9F84300234360D5
:1028B0000223037240F20113438190F8373004463B
:1028C000DA0700AF00F1040828D413F0020F0CBFA0
:1028D000032602264FF00109F6B2414620686673CE
:1028E00084F8099009F0A3F90546C8B16C4688B090
:1028F0006A461F4B05931F4B93614FF400739383FC
:102900001D4B42F8103F00234FF4E2511B48FEF7E5
:1029100087FCA5462846BD46BDE8F8830126D9E7D1
:10292000206B09F0BDF9022341462068637209F06B
:102930007EF9054630B16C4688B06A460C4B05936B
:102940000F4BD9E7A4F86A002674206B09F0A8F9A8
:102950000C4B41462068636009F069F90546002880
:10296000D8D0094A4946054808F09DFFD2E700BF84
:1029700059FB000C7AFB000C030000019CED000CDD
:1029800082FB000C801A060089FB000C70B505461E
:10299000012009F085F90B26286809F088F904461A
:1029A000D0B10121154A164808F07DFF012C18D13D
:1029B000013EF1D10321134A114808F074FF286841
:1029C00009F075F90446B0B9284600F085FB041EED
:1029D00018BF6FF085040EE0284609F031F904466F
:1029E000E4E714F1740FE5D0002CEDD00121064A84
:1029F000034808F058FF204670BD00BFA3FB000C41
:102A00009CED000CB6FB000CE7FB000CF8B50D4686
:102A1000002857D041F8280B83689B694BB1984731
:102A2000044648B1294A0121294808F03CFF2046C4
:102A3000F8BD6FF05704F5E705F1140630460BF0CA
:102A400002FA04460028F2D143F6982200233046C9
:102A500006F050FD044608B11E4AE4E72846FFF799
:102A600023FF044618B1304609F0E8F8DFE72846AE
:102A7000FFF78CFF0328044614D10127284685F868
:102A80006870FFF711FF044628B1134A3946104811
:102A900008F009FFE7E72846FFF778FF044648B14A
:102AA0000E4AF3E730B1304609F0C8F8012385F843
:102AB0006830BCE7022385F868303046BDE8F8404E
:102AC00009F0BCB86FF01204B1E700BFFAFB000CCC
:102AD0009CED000C29FC000C54FC000C6DFC000C5F
:102AE00070B505460E4C286809F011F958B90B2647
:102AF000284609F037F901280ED1013EF8D1A4F596
:102B0000F414A4F590647D207D3C0BF07CF8002C3F
:102B1000E9DC6FF00F0001E00028F4D170BD00BFC8
:102B200080969800072300B58BB00193B0F85E3013
:102B300000221B0402930123CDE90732C823006859
:102B400001A9099309F0D5F828B9079B012B02BF09
:102B50000248039B18400BB05DF804FB0880F9FDA8
:102B6000372310B58AB0002201931123CDE9073233
:102B7000C823090404460291006801A9099309F0D9
:102B8000B8F8D0B9079B012B0CD1039B0C4A1A4013
:102B900042B10C4802210C4A08F08EFE6FF004008E
:102BA0000AB010BD94F84B30002BF9D1039B13F001
:102BB000200F08BF6FF08500F2E70120F0E700BFAB
:102BC0000880F9FD9CED000C97FC000C2DE9F0410C
:102BD00014461E461A44036E05469A42884690B033
:102BE00062D890F86930012B0AD10221304A31486D
:102BF00009F094F86FF08504204610B0BDE8F0812C
:102C000000F11407002338462B4A06F073FC38B154
:102C100002212A4A274809F081F86FF00F04EBE7F8
:102C2000012E14BF12231123B5F86A2004909007D7
:102C300048BF22460793B5F864304FF0110158BFE2
:102C400003FB04F208920322CDE90D12C822CDE95C
:102C5000014342F210730F92286801AA07A9039654
:102C6000CDF81480069309F044F8044670B10121B0
:102C70000346134A0F4808F01FFE0121114A0D4870
:102C800009F04CF8384609F06BF8B5E72846FFF72D
:102C900027FF04460028F5D001210B4A054809F01A
:102CA0003DF86FF07304E8E76FF01504A4E700BF88
:102CB000C6FC000C9CED000CA0860100E9FC000C99
:102CC00005FD000C45FD000C22FD000C2DE9F04730
:102CD00014461E469A18036E05469A428A46A0B0CC
:102CE00000F29D8090F86930012B0AD102214D4AF3
:102CF0004D4809F013F86FF08504204620B0BDE878
:102D0000F08700F1140700233846484A06F0F2FB2A
:102D100038B10221464A444809F000F86FF00F0428
:102D2000EBE7012E14BF19231823B5F86A200E9380
:102D3000910748BF2246B5F864304FF0110958BFDB
:102D400003FB04F20F9203224FF0C808CDF818A03D
:102D500042F2107ACDE91492059002AA28680EA9D1
:102D6000CDE90243CDF858800496CDF81CA008F0B8
:102D7000C0FF002842D02846FFF7B2FE01460028D7
:102D80004AD1182208A80BF0E9FB2846B5F85E10D6
:102D9000FFF7E6FE044640BB16230422CDE91730B8
:102DA0000123CDE91D90CDE90923089005F18C039D
:102DB000286808AA17A9CDE90C3ACDF87C8008F05C
:102DC00098FF044688B91D9B012B03D1194C199B10
:102DD0001C4054B9D5F88C301BBA0121164A124850
:102DE000009608F073FD6FF004040121134A0E48A9
:102DF00008F094FF384608F0B3FF7EE72846FFF757
:102E00006FFE04460028F5D001210D4A064808F05F
:102E100085FF6FF07304E8E76FF00F04E5E76FF0EC
:102E200015046AE7C6FC000C9CED000CA0860100AE
:102E3000E9FC000C0880F9FD56FD000C78FD000C43
:102E400022FD000C2DE9F041036E054693420E462B
:102E500090468AB077D39B1A8B4274D390F869302E
:102E6000012B0AD10221394A394808F057FF6FF087
:102E7000850420460AB0BDE8F08100F11407002364
:102E80003846344A06F036FB38B10221324A30481F
:102E900008F044FF6FF00F04EBE70324C823CDE9EB
:102EA00008432023019311230793B5F86A300022C9
:102EB0009B0758BFB5F86430286858BF734301A911
:102EC000029658BF029308F014FF044680BB2123EA
:102ED000019311230793B5F86A30013E980758BF54
:102EE000B5F86430464458BF73434FF00002286879
:102EF00001A9029658BF029308F0FBFE0446B8B938
:102F00002623019322230246029001A928680793F1
:102F100008F0EFFE044658B92846FFF7E1FD0446E5
:102F200030B101210D4A0A4808F0F8FE6FF0730431
:102F3000384608F015FF002C9BD00121084A0448B0
:102F400008F0ECFE95E76FF0150492E7C6FC000C64
:102F50009CED000CA0860100E9FC000C22FD000C99
:102F600085FD000C2DE9F04105460F46904600F125
:102F70001406002330461F4A06F0BCFA044638B156
:102F800002211D4A1D4808F0C9FE2046BDE8F08117
:102F90007B1E072B2BD8DFE803F0040B2A0E102A28
:102FA00015252B6EC8F80030304608F0D9FEECE746
:102FB000B5F86430F6E70123F4E72846FFF790FD03
:102FC0000446F1E72846FFF78BFD20B102210C4AA9
:102FD0000A4808F0A3FE012328686B72291D08F037
:102FE0008FFEEDE74146284608F02CFFE8E76FF03A
:102FF0008504D9E7A0860100E9FC000C9CED000CDB
:1030000092FD000C2DE9E04191B005468846174637
:103010000021182209A81E460BF0A0FA1022002158
:1030200001A80BF09BFA0623079311230D93C823E5
:1030300040200F930123CDE9020342F210730749A8
:10304000284641EAC8713943089101AA07A90596A3
:10305000069308F017FF11B0BDE8E081F0FFFF0014
:10306000292370B58AB0CDE90131142300250793D7
:10307000C82304460E46CDE9085300212046FFF739
:103080006FFD012815D060B9024601A9206808F03B
:10309000F9FE30B92EB194F84B20039B1AB1DB072F
:1030A00003D40AB070BD002B0FDB642000210BF0AD
:1030B000B2F80135B5F57A7FDFD105480121054A1F
:1030C00008F0EEFE6FF07300EBE7E364E9E700BFA2
:1030D0009CED000CAEFD000C2DE9F047044694B0C9
:1030E0001022002101A80BF039FA00212046FFF739
:1030F000B7FF0546002849D1B4F86A5094F8373034
:1031000015F008051EBFC3F380052D0645F0804568
:103110009B0784F8690048BF45F4003564200AF035
:1031200072FD45F440112046FFF79AFF054628B18D
:103130008E4A01218E4808F0B3FE27E0E36C20465A
:103140005F0048BFB4F86A2001A944BF42F0020200
:10315000A4F86A20DE0142BFB4F86A2042F02002DF
:10316000A4F86A209D0342BFB4F86A3043F04003DC
:10317000A4F86A3008F066FE054638B994F84B307A
:1031800043B1204608F028FE054650B1284614B049
:10319000BDE8F087204608F05BFE05460028F0D029
:1031A000F4E794F84B307BB1A36A724A934212D988
:1031B000714B274647F8043F3946206808F069FEFE
:1031C000054678B16D4AB4E72046FFF7ABFC0546EB
:1031D0000028E9D0DAE70321694A654808F06CFB6A
:1031E000A36AE6E7014624220BA80BF0B7F92946AB
:1031F000182205A80BF0B2F92046B4F85E10FFF7CC
:10320000AFFC05460028C1D13323CDE90B30112393
:103210001193C8234FF00108CDE912030823CDE92B
:10322000063842F21073206804F18C0605AA0BA937
:1032300009960A9308F026FE05460028A6D1D4F880
:103240008C2002F00F03434552D0022B48D0002BB4
:1032500050D0510548BFB4F86A304FEA126144BFFC
:1032600043F00403A4F86A30D20148BFB4F86A30CE
:1032700094F84B2044BF43F48073A4F86A308B0762
:1032800042BFB4F86A3043F08003A4F86A3042B910
:1032900094F86630012B2FD803213A4A344808F0BD
:1032A000FFFDB4F86A8018F0020879D1414618226F
:1032B0000DA8D4F800A04FF400790BF04FF91023BB
:1032C000CDE90B3911231193C823424650460BA96F
:1032D000139308F0D7FD804600285FD02A4A3FE0CC
:1032E00012F4000F14BF0823042384F86630B0E7FB
:1032F0000223FAE74346F8E7334611462068FFF712
:1033000081FE804658BB94F89920204B12F00200B1
:103310000CBF0021194612F0080F1CD112F0100F3B
:1033200008D112F0040F18D120B912F0010F124B7E
:1033300008BF0023C4E9141394F86630072BB0D9F2
:1033400094F8953084F8582084F8593094F89330E4
:1033500084F85A30A5E70E4BECE70E4BEAE70E4A2D
:103360000121034808F09CFD45460FE7C9FD000C0C
:103370009CED000C3F787D0140787D0117FE000C2C
:10338000E2FD000C3EFE000C7FFE000C80F0FA0215
:1033900000D4650C00E1F50561FE000CA4F8649012
:1033A00094F836309B067FF5F1AE94F86630012B29
:1033B0007FF6ECAED4F85080B8F1000F3FF4E6AEE3
:1033C00094F858200121C2F3400312F0020F84F850
:1033D000673020683346C2F340020CBF4FF0010A49
:1033E0004FF0020AD4F82890FFF70CFE064600289A
:1033F00059D194F89C3094F8672003F00F039A4257
:103400003DD002212C4A2D4808F04AFD94F848305E
:10341000002B3FF4BBAEB4F86A3058077FF5B6AE68
:10342000242200210BA80BF099F82046B4F85E1076
:10343000FFF796FB064600BB06230B93012311936F
:10344000C823CDE91203022302460BA920680C937E
:1034500008F018FD064680B9119B012B03D1184EC8
:103460000D9B1E404EB9042339462068A37208F014
:1034700010FD064600283FF489AE124A14E0394692
:10348000206884F80BA0C84594BFC4F80480C4F831
:10349000049008F0FEFC06460028B7D001210A4A35
:1034A000064808F0FDFC094A0121044808F0F8FC30
:1034B0003546074A3DE600BFA0FE000C9CED000C1F
:1034C0000880F9FDFFFE000CBEFE000CDEFE000CC5
:1034D00029FF000C38B5044606F04CFE204608F0E3
:1034E000EBFCA069C8B194F86C30DB070DD5022164
:1034F000154A164808F0DEFC6FF07705201D08F02D
:10350000E2FC06F04BFE284638BD0AF0A2FB38B9B3
:1035100001210F4A0D4808F0CDFC6FF01205EDE7D0
:10352000204600F09BFF05460028E7D101462422F3
:1035300004F128000BF012F894F86C3043F001030A
:1035400084F86C30DAE700BF3DFF000CF4ED000CAE
:1035500067FF000C70B5044606F00CFE204608F02C
:10356000ABFC94F86C30DA070DD40221254A2648CA
:1035700008F0A0FC4FF0FF35201D08F0A4FC06F079
:103580000DFE284670BDC3F340019B0707D50221FD
:103590001E4A1D4808F08EFC6FF07705ECE7A06925
:1035A00009F0E3FD0646A06909F06FFE054628B163
:1035B0000121174A144808F07DFCDDE7A36F4BB1E9
:1035C0003146204608F0F8FD0546A0B1A06909F093
:1035D00084FED1E7A06909F000FEA0670028EFD1C2
:1035E00001210C4A084808F065FCA06909F075FE45
:1035F0006FF00B05C0E794F86C3043F0020384F8D9
:103600006C30B9E78AFF000CF4ED000CB0FF000C41
:10361000D6FF000CF2FF000C38B58021044680690B
:1036200009F0FEFD054678B10146204601F006FB93
:10363000044638B106480121064A08F034F9284604
:10364000FFF714F9204638BD6FF00B04FAE700BF0E
:10365000D4ED000C2100010C38B50446806F08F051
:10366000A0FA054608F085FA2046294601F0E6FA58
:10367000044638B104480121044A08F014F92846E8
:10368000FFF7F4F8204638BDD4ED000C4400010CDF
:103690002DE9F04190F82830044603F01F03012B78
:1036A0000F4600F128062FD0022B18D08BB32046EE
:1036B00094F8291008F047FC024678B3304608F029
:1036C0002CFD1D4D002834D113693BB33A463146D9
:1036D000204698470346FEF78FFD2B5024E0818D4E
:1036E000C9B201F05FF905460028E0D0304608F085
:1036F00014FD024668688368CAB99B6873B13A468C
:103700003146BDE8F0411847818DC9B208F0BDFDD2
:10371000E9E790F8291008F0D1FDE4E7FEF76CFD29
:103720006FF08502044B1A500020BDE8F081DB6881
:10373000E4E7D368C9E700BF0C0000002DE9F04FB3
:103740000B7E044633F080080D46164695B00AD02D
:103750000121A74AA74808F0A6F86FF004084046E0
:1037600015B0BDE8F08F82B10846FFF77FF86B7E99
:10377000DF0704D49E07F2D52B7E002BEFD1204625
:1037800015B0BDE8F04FFFF767BF4A7E00F128098A
:10379000900705D5802B09D12846FFF767F8DEE7AB
:1037A000910700F06A84002B40F06784D20734D57B
:1037B0002B8A082B0DD1EA68294613680020A362E2
:1037C0005368C9F8043008F0F0F9054640B18A4A58
:1037D00000E08A4A0121874808F065F800F031BC12
:1037E000484608F09AFCE28D70B9B2B12946A0694A
:1037F00009F002FD0146002800F07A84204615B049
:10380000BDE8F04F01F01ABA3AB11146204608F06F
:103810003AFE0546002800F06B84FEF7EDFC00231D
:1038200094F82880764F18F0600FC351C8F3411305
:1038300007D0032B40F0D681FEF7DEFC6FF0850346
:1038400038E0484608F069FC94F82930002840F038
:103850006781013B0A2BEFD801A252F823F000BF89
:103860000D3A000C3938000C953A000C3938000C30
:103870008D38000C3938000C3938000C3938000C00
:103880000939000C3938000C7939000C618D7F2919
:10389000D2D8A38D002BCFD1E38D002BCCD118F043
:1038A0001F0FC9D194F83030022B05D1FEF7A4FCCC
:1038B0004FF0FF333B5083E0A069036993F88030F9
:1038C0001B070DD5C9B208F05EFC804658B1638D68
:1038D00001214C4A474807F0EFFF002D73D13EE726
:1038E000012384F8393094F83030012B0AD1638DEC
:1038F00043B984F83030FEF77FFC3B58002B00F0D2
:103900009A805DE00123F4E7204608F0DEFA628D3C
:103910000146FF2A90D8E38D002B8DD194F82830F2
:10392000D80689D194F83030002BBFD02AB1204678
:10393000D2B208F07CFC0028B8D0618D94F8383001
:103940008B42D8D02046C9B200F00AFF638D804672
:1039500030B1012100902C4A264807F0B7FFBCE7A0
:10396000002B14BF02220122052184F830202046BA
:103970001A4608F0C9FDBEE708F01F08B8F1010FAC
:103980007FF45AAFE38D002B7FF456AF628DFF2A90
:103990003FF652AFA18DFF293FF64EAF94F830307D
:1039A000022B83D12046D2B2C9B208F0F0FC10F14C
:1039B000020F804640F01B81FEF71EFC47F8008096
:1039C00065B14FF000082846FEF750FFB8F1000F30
:1039D0007FF4C5AEFEF710FC3B5863B3484608F0D1
:1039E0009CFB0346A069002B00F0858380218BE3BC
:1039F0006300010CD4ED000C9B00010C8400010C51
:103A00000C000000BD00010CDF00010CE38D002B59
:103A10007FF412AF94F83030002B3FF447AF012B06
:103A2000A18D02D100297FF441AF18F01F080CD0FE
:103A3000B8F1020F16D0E38D002B40F0F58220463E
:103A4000FFF7EAFD0028C9D199E600297FF42EAFDF
:103A5000638D012BEFD194F86C3061F3C30384F8CC
:103A60006C30E8E7B4F82AA0BAF1000FE3D15FFAAE
:103A700081F84146204601F049F90346FEF7BCFBB8
:103A80003B50013300F0448352464146204608F043
:103A90004AFB30E7E38D002B7FF4CEAE628DA38D21
:103AA000022A5FFA83FA11D108F01F085AEA0808BF
:103AB0007FF4C2AE0122A069190A08F044FB002875
:103AC0007FF4BAAE012384F8393014E794F830104B
:103AD00000293FF4EBAE012902D1002B7FF4E6AEC2
:103AE00018F01F0812D0B8F1020FA4D1002AA2D1F9
:103AF0005146204601F0E8F80346FEF77DFB3B50B7
:103B0000013300F0058301225146BFE7002B7FF40B
:103B1000CDAE012A8FD194F86C3043F008039EE7B4
:103B20000A2B3FF689AE01A252F823F0593B000C54
:103B30003938000C3938000C3938000C3938000C91
:103B40003938000CD33B000C3938000CA53F000C71
:103B50003938000CCF3F000CE38D022B7FF46CAEA4
:103B600094F83030002B3FF4A1AE012BA18D02D18F
:103B700000297FF49BAE18F01F0811D0B8F1020F96
:103B80001CD04FF0000805F10C0A504608F0BDFAB1
:103B9000E38D984218D2FEF72FFB6FF00B0389E6F6
:103BA00000297FF483AE94F86C304FEA930808F054
:103BB0000208C3F3001348EA0308E4E72046C9B249
:103BC00008F081FC8046DEE74146504608F016F8D2
:103BD00091E6B4F82AA018F01F0F4FEA1A215FFAF5
:103BE0008AFA09D029462046FFF752FD8046B8F1EF
:103BF000000F7FF472AE7EE601390E293FF61CAE4F
:103C000001A353F821F000BF453C000C853C000C9B
:103C10003B3D000C3938000C3938000C333D000CAA
:103C2000333D000C3938000C3938000C3938000CA1
:103C30003938000C3938000C3938000C3938000C90
:103C4000973E000C05F10C08404608F05EFA8346EA
:103C50002046B4F82EA008F038F920B101287FF4EE
:103C6000EBAD616F00E0216F002900F05582DA456D
:103C700028BFDA460A784046524528BF524607F028
:103C8000ACFF38E6204608F020F90AF1010A0146A7
:103C900003905FFA8AF2204608F0A3FA834630B90F
:103CA00001215346B84AB94807F006FEC4E505F1BC
:103CB0000C0AD0F80480504608F027FA98F8002043
:103CC0004146824228BF0246504607F086FFDBF895
:103CD0000CB0BBF1000F09D1298AE38D99427FF620
:103CE0000AAE5046C91A07F093FF04E6DBF8040059
:103CF00083681B6B13B9DBF800B0EAE703999847B8
:103D00000028F8D0A0F1040858F8041F0029F2D0C8
:103D10000A78002AEFD05046CDE9042108F0F5F9E1
:103D2000049A0599904238BF82B2504607F055FF79
:103D3000EAE7204608F0C9F87EE55246032120460E
:103D400008F041F9824600283FF476AD08F0D8F932
:103D5000B4F82EB09AF81510C8B99AF814808DF8F6
:103D600031108DF83080DAF8103005F10C0A1B881C
:103D70005046ADF8323008F0C8F9C3455A4628BF5E
:103D80004246824228BF02460CA9504677E70023EC
:103D90007F4A8DF81D10DAF808108DF81C300A40A3
:103DA0007C498A4266D1102108A804F0A3F8B0F13A
:103DB000000845DB0CA9B8F1100F4FF000030846CE
:103DC00028BF4FF01008DFF8D0E10DF1200C984526
:103DD00001F102013ED803464FEA880808F10208C3
:103DE0005FFA88F88DF81C8005F10C0A50460493A0
:103DF00008F08BF9D84528BFD846804528BF8046B3
:103E0000B8F1020FC34628BF4FF0020B50465A4686
:103E1000A8EB0B0807A907F0E0FE4FEA580303934D
:103E2000049B9B4603EB58025A452AD118F0010F18
:103E30003FF461AD5046039A995C07F0D7FE5AE50E
:103E400018F1580F7FF4F8AC0121544A4F4807F09D
:103E50002AFDF1E41CF8012B01334FEA121A02F09B
:103E60000F021EF80AA01EF8022001F802AC01F8A9
:103E7000012CACE79AF81480DAF810308DF81C8029
:103E8000B2E750461BF8011BCDE9042307F0B6FE4C
:103E9000DDE90423C8E7204608F017F838B1012807
:103EA0002CD0FEF7A9F96FF085033B5023E5236F73
:103EB000002B00F031815B88B3F5007FF1D9384BDE
:103EC00004F14C0B0C9300238DF83430E36C9B45CC
:103ED00008BF0023BDF83210A3B15A7D0F2A08D1C4
:103EE0001A7D0A44ADF832209DF8342001328DF855
:103EF0003420226D934203D01B68EBE7636FD7E752
:103F0000BDF8321005F10C0A5046039108F0FDF897
:103F1000B4F82E800399884528BF8846804528BF7D
:103F200080464246052A28BF052250460CA9039226
:103F300007F053FE039AB8EB02083FF4DCACE36CE5
:103F40005B453FF4D8AC002B3FF4D5AC5A7D0F2A2B
:103F500014D11A7D1969424528BF42465046039341
:103F600007F03BFE039B1A7D424594BFA8EB020875
:103F7000A8EB0808B8F1000F3FF4BDAC226D9342E6
:103F80003FF4B9AC1B68DEE70201010CD4ED000C74
:103F900000FF0200000302004B15010C2801010C78
:103FA000050F050094F83030002B3FF47FACE38D13
:103FB000012B7FF441AC05F10C08404608F0A5F850
:103FC00000283FF4E8AD94F83810404635E708F093
:103FD0001F08B8F1010F7FF469AC204608F015F90D
:103FE00000283FF463ACB4F82CA0BAF1FF0F3FF601
:103FF00023AC43681B795345FFF41EAC5FFA8AF388
:104000000F2B3FF619ACE38D012B7FF415AC05F1B6
:104010000C08404608F079F800283FF4BCAD04EBEA
:104020000A0393F83A10D0E7484608F076F818B932
:104030002846FEF71BFC02E52946204600F0FEFD5F
:1040400018B12846FEF712FCC8E4A069036993F88A
:10405000801011F004017FF492AB09F0E1F80546FD
:1040600000283FF4BBAC0146204600F0E7FD0028E5
:104070003FF485AB2A4AFFF7ADBB52077FF5AEACE4
:10408000002B3FF489AB2846FEF7F0FB94F839305B
:10409000002B3FF464AB94F82930052B0CD1618DD3
:1040A000A069C9B208F06FF8064628B1638D0121F6
:1040B0001C4A1D4807F000FC94F82930032B11D14D
:1040C000638D022B0ED1A18D00220D0A2946A06915
:1040D00008F039F8064628B101212B46134A124848
:1040E00007F0EAFB0023B04684F83930FFF737BB0E
:1040F0006FF00B0672E4E38D002B3FF477AC16F102
:104100000C0118BF0121C90108F08FFFFFF737BB71
:104110004FF0FF38FFF7E1BB6FF01508FFF7DDBB8D
:104120004A01010CBD00010CD4ED000C6E01010C24
:104130000B7810B4062B14D10369D3F89C20EFF34D
:104140001184202383F31288BFF36F8F00204B6804
:104150001860506A58B9C2E9083384F31188BFF374
:104160006F8F00220023034810BC09F05DBE03607E
:104170005362F2E74004002030B589B000220023EA
:104180000024CDE906236FF007034FF48062CDE9E8
:104190000334CDE90144154B15490094154805F049
:1041A0000BFD1549134809F051FF144B14498B427C
:1041B00007D30020134B14498B420CD3002009B0C5
:1041C00030BD03F11402D2E8EF0FC2E8E54F002D35
:1041D000F9D11833EBE703F11402D2E8EF4FC2E84C
:1041E000E50F002DF9D11833E6E700BF6542000C5A
:1041F000F01A0020680A002058F2000C3C0500204C
:1042000054050020540500205405002038B50D4603
:1042100007F0FBFF30B90121BDE838400F4A1048D4
:1042200007F041BBC46804B938BD2B78032B05D017
:10423000052B0ED0022B08D02468F4E76068836851
:104240005B69002BF8D09847F6E7606883689B6944
:10425000F7E760688368DB69F3E700BF9501010C4D
:10426000E4ED000C2DE9F0434FF0200885B000AFDD
:104270004FF0FF334FF0FF327248391D05F0D6F88A
:10428000FB681B69D3F89C40236A93B1EFF311825A
:1042900088F31288BFF36F8F256A2DB1616A2B688E
:1042A0008D42236208BF636282F31188BFF36F8F70
:1042B000C5B93B79062BDBD0072BD9D801A252F820
:1042C00023F000BF4143000C3543000C6943000C50
:1042D0004743000C9F43000C8B43000C7142000CC1
:1042E0003344000C2B7E29465E062046D5F81E205E
:1042F0001DD1FFF723FA06460028C5D0E9468AB04B
:104300006A462B7ECDE9073505234F49CDE90510D7
:1043100042F8103F00234FF421514C48FCF780FF36
:104320003246CD460721204608F0EEF8ACE707F00C
:10433000BCFFE0E700220121204608F0E5F897E7FE
:1043400000221146F8E794F86C3043F0040384F837
:104350006C3094F83030022B03D12046391DFFF722
:1043600055FF00220321E7E794F86C3023F00403A3
:1043700084F86C3094F83030022B03D12046391D7C
:10438000FFF744FF00220221D6E794F83030022BD9
:104390007FF46EAF2046391DFFF738FF68E794F8C9
:1043A0006C30A66923F0040384F86C30D6F80890CA
:1043B0003369A033D3E8AF3F9A071ED53046D9F80A
:1043C0003C309847D9F824300021304698470546BC
:1043D000D9F840303046984795B11D4A01211B4815
:1043E00007F061FA00220421204608F08DF8002D24
:1043F0003FF43EAF2A4607219EE74FF0FF35ECE73A
:104400002946204600F0ACF9054608B1114AE5E717
:10441000A06908F024FF831E5842584194F86C307C
:1044200084F8305023F0680343EA401384F86C307A
:10443000D8E70121084A054807F035FA0621BA688D
:104440007AE700BF40040020C401010CE4ED000C39
:10445000EE01010C1C02010C4802010C38B50246A9
:1044600005460C49806908F058FF044630B1012127
:10447000094A0A4807F017FA204638BD85F838007F
:10448000284600F04FF804460028F5D0A86908F047
:1044900073FFF1E73141000C5802010CE4ED000C10
:1044A000F8B501231D460C68002C35D063F07F025F
:1044B000D6B202F07F02103224FA02F7FF0716D5B7
:1044C000046824FA02F7FF0708D433461348012191
:1044D000134A07F0F1F96FF01500F8BD05FA02F282
:1044E00024EA020404600C6824EA02040C60DC4044
:1044F000E6070ED5026822FA03F4E40700D4E5E7E4
:1045000005FA03F422EA040202600A6822EA0402BD
:104510000A600133102BC6D10020DEE70CEE000C40
:104520007F02010C2DE9F04F836983461B69026FFE
:1045300093F880308FB0C3F34113022B0ED0032BBE
:104540000ED0012B0CBF10230823D371DBF854804D
:104550000027B8F1000F05D14446D6E02023F4E748
:104560004023F2E7D8F80430D8F80C5003930C97A6
:1045700004977DB9049B039A09339BB293701B0A7D
:10458000D3701771D8F80C40002C40F0D480D8F8C4
:104590000080DDE7002468680D9483681B6B002BA6
:1045A00000F0BA8021469847002800F0B5803E46CA
:1045B000C5E90344031F0293029A52F8043F029292
:1045C0000BB11A789AB9BE4240F2A380EB680D9AFB
:1045D0001343EB60686883689B6A002B00F09E8041
:1045E00098470446002800F09C80594A81E05A7898
:1045F0000B2A08BF9E70029B1B685A78042A10D1B0
:10460000EA680D990A43EA60DA78002A61D101224A
:104610009E702B69B240134301362B61F6B2002322
:104620000D93029BD3F8009099F80130052BC3D16C
:104630006FF012044FF0010ADBF81830089399F874
:10464000052099F804305FFA8AF143EA0223ADF8B5
:104650002E300C9B069399F90230069A002BA3BFCB
:104660004FFA8AF30793534641F08001BFBF4BB224
:10467000079321F080031033DA40D20730D40D9A2B
:1046800022FA03F3DB0705922AD499F8063099F849
:104690000320089800930DF12E03099108F03BFCCC
:1046A00009990446E0B9079B89F80210002B4FF0E6
:1046B0000103BCBF21F0800110318B4006980599A1
:1046C000BDF82E2019431843CDE90C01A9F80420A8
:1046D00072E7721E9A700DA90CA8FFF7E1FE9EE723
:1046E0000AF1010ABAF1100FA9D1002C3FF464AF0E
:1046F000184A0121184807F0D6F8D8F804305B7939
:104700000121164A144807F0D7F820460FB0BDE83B
:10471000F08F6FF01504EBE73E465BE76FF0850422
:1047200063E70146686807F090FD049B3746034441
:104730002D6804931DE7E36804F10C01A3600CA845
:10474000FFF7AEFE08B924681EE76FF01504D4E742
:10475000C002010C9C02010C0CEE000CE402010CE6
:104760002DE9F04105460E4607F0AFFB95F83830CD
:1047700080463BB3284607F048FD0746F8B101469E
:10478000284607F0B2FD10220446002105F13A0048
:1047900009F0E4FE002385F83830FF6847B98CB192
:1047A0000121194A194807F07EF82046BDE8F0813A
:1047B000786883685B6A03B198473F68EEE76FF0FB
:1047C0003C04EDE71EB985F838600024EDE7324679
:1047D0004146284607F005FD074690B102462846A7
:1047E00007F0ADFD04460028DFD185F83860FC688D
:1047F000002CEAD0606883681B6A03B1984724687C
:10480000F6E76FF03C04D0E71103010CCCED000C8F
:10481000F8B504460E461546576807F0D9FC94F8DB
:104820006C30D9070BD50121394A3A4807F03BF8DB
:104830006FF00F06201D07F0D2FC3046F8BD012EA8
:1048400007D1354A0121334807F02DF86FF085066E
:10485000F0E7FB799A0607D5A3691B6993F88030C6
:104860009B0701D42D4AEDE7C6B9E36D53B9626DDC
:10487000B2B9236F6A685B7C0133DBB25371226F7C
:1048800053741FE09D4207D10121254A214807F0BA
:104890000AF86FF01506CDE71B68E7E7214AD1E774
:1048A000954222D12A68D3B9A36D62659D4200D199
:1048B000A26500232B606B685B7902211A4A1548B8
:1048C00006F0FAFFA968B9B1204607F096FB064644
:1048D00070B10121154A0F4806F0E5FFAAE71A60FA
:1048E000A26D954208BFA365E3E713461268BFE7D0
:1048F000A86807F005FCB87100232B60A36D1BB9F5
:10490000C4E91555002695E71D60A565FAE700BFC7
:104910005303010CCCED000C7503010C2F03010CAB
:10492000A303010CC003010CE003010CFD03010C07
:1049300080B500AF88B06A46094BCDE905304FF429
:104940000073ADF81C30074B42F8103F00234FF4C2
:10495000E2510548FCF764FC0020BD4680BD00BF65
:104960003404010C03000001DCED000C70B50546B9
:1049700081B12846FFF7DCFF0024204670BD636844
:1049800028461968FBF756FB0028F6D01834B442C5
:10499000F5D3EEE7014C024EF9E700BF3C050020DD
:1049A0005405002070B5012501F07F0311F0800F40
:1049B00018BF10339D4090F830300446022B06D0CB
:1049C00001210C4A0C4806F06EFF002070BD90F8E3
:1049D000386007F07AFA32460146204607F001FCBB
:1049E0000028F2D0C0680028EFD083681D42EDD1C6
:1049F0000068F8E75204010CDCED000C2DE9F843E7
:104A000005460846114616469846FFF7AFFF04468E
:104A1000002843D0284607F011FC95F86C30DA07DF
:104A200002D5204A012109E0D4F8049004F11407CA
:104A3000D7E8AF3FDB070CD502211B4A1B4806F025
:104A400032FF6FF00F04281D04F0C6FD2046BDE8BC
:104A5000F883D9F804301BB1AB4201D0144AE1E726
:104A600042463146284607F0BCFBA0B10023236034
:104A700003696BB9C0E90344D7E8EF3F43F0010392
:104A8000C7E8E23F002AF7D10024C9F80450DAE76A
:104A90001C600461F0E76FF03C04D4E76FF012048F
:104AA000D4E700BF5303010C7704010CDCED000CCC
:104AB0009904010C2DE9F84F81461646984600AF3F
:104AC000002938D06FF085042046BD46BDE8F88F38
:104AD0006C68B8F1000F04D0A8F1040B5BF8041F58
:104AE000F9B92168334600224846FFF787FF04469C
:104AF000E0B16B686D468AB06A461B68104907963C
:104B0000CDE905134FF40073ADF820300D4B42F89A
:104B1000103F00234FF411510B48FCF781FBAD46C9
:104B2000D2E72068FBF786FA0028D7D1183555451B
:104B3000CED30024C8E7054DDFF814A0F7E700BF87
:104B4000CE04010C04000001DCED000C3C0500204B
:104B5000540500202DE9F04F83B000AF7B6097F83B
:104B600030304C680E463B608146904607F0ADF908
:104B7000A36801461B6B33B96FF0150420460C3750
:104B8000BD46BDE8F08F204698470028F4D00024A9
:104B9000051F06F10C0A55F8041F09B10B782BB953
:104BA000002C14BF00246FF03C04E7E74B78042B83
:104BB0000ED1002C3CD18B787A689342EBD1CB7824
:104BC0003A689342E7D10B79002BD7D00124E2E772
:104BD000052BE0D1002CDED0B8F1010F91F802B026
:104BE00009D0B8F1020FF1D152465946D9F8180050
:104BF00007F033FC04E05246D9F8180007F011FC26
:104C000004460028E2D06D468AB06A46F368CDE9D2
:104C100007B3062307490990CDE9051842F8103F6C
:104C200000234FF441510448FCF7FAFAAD46A5E7DA
:104C30000024A3E70605010C04EE000C2DE9F04169
:104C40000B7E0C465906054637D16BB307F076F953
:104C500040B11B4801211B4A06F025FE4FF0FF30F2
:104C6000BDE8F0812846D5F87080268AEF8D07F0E0
:104C70002CF9F8B1421E534253419B01228A9AB14A
:104C8000BE42324628BF3A46E98D91420CD9B2FB6A
:104C9000F3F103FB11223AB994F91830002BBEBF8F
:104CA000637E43F0080363762146A869BDE8F041BE
:104CB00008F015BA98F80730E0E76FF01500CFE775
:104CC000FCED000C4205010C70B5064680690C46EF
:104CD00008F0ABF9054638B102212346094A0A48D3
:104CE00006F0EAFD284670BD012214F0800F18BFBF
:104CF00024F08004736B18BF1034A2401A4372630F
:104D0000F0E700BF5605010CFCED000C70B5054640
:104D100080690E4608F0B3F9044638B102213346E3
:104D2000054A064806F0C8FD204670BD314605F12B
:104D3000340007F068FBF7E76D05010CFCED000C93
:104D400070B50646EFF31181202383F31288BFF379
:104D50006F8F1B4D2A6881F31188BFF36F8F5268E4
:104D600092F86C20D20705D4BDE870400A220023D7
:104D700004F0AEBEEFF3118283F31288BFF36F8F9E
:104D80002C682CB1696823688C422B6008BF6B606B
:104D900082F31188BFF36F8F44B1606804F108019A
:104DA000C36998472146074808F0EEFF2B6833B1E6
:104DB0003046BDE870400022002304F055BE70BDAF
:104DC000400F0020E803002030B585B0CDE9001287
:104DD000054600220023144803A904F093FA024672
:104DE000E8B9DDE90001039B5D60083383E8030057
:104DF000EFF31180202383F31288BFF36F8F039B9F
:104E00001A600A4A516861B9C2E9003380F3118817
:104E1000BFF36F8F00220023054804F025FE05B084
:104E200030BD0B605360F1E7E8030020400F002025
:104E300000000020D3B5002600270446CDE9006716
:104E4000054806F09BFE28B1230658BF00230476D0
:104E500058BF038202B0D0BD780400202DE9F04194
:104E600082B000234FF0300805691D4C1D4E02AF83
:104E700028602B7785F82030B442234601D30020E8
:104E80001AE095F820001034022818D96C4688B032
:104E90001B6802AA1449C2E905134FF400739383F7
:104EA000124B42F8103F124800234FF4E251FCF736
:104EB000B7F96FF00B00A546BD46BDE8F081431C75
:104EC00085F8203008FB005054F8043C243000934F
:104ED00054F8101C54E9032307F053FCCCE700BF3F
:104EE0003C1C010C4C1C010C9705010C030000013B
:104EF00014EE000C1FB5CDE9010103924FF0FF3213
:104F00004FF0FF3301A9034808F08EFF002005B0E1
:104F10005DF804FB1804002013B54B781446FE2BF3
:104F200015D14B889BB9CB888BB1036993F820309E
:104F30000BB1013BDBB201220DF1070104F10C00C2
:104F40008DF8073006F049FE002002B010BDFDF7D5
:104F500053F96FF08502014B1A50F5E70C00000081
:104F60001FB500230190CDE902334FF0FF324FF01F
:104F7000FF3301A9024808F057FF05B05DF804FBB4
:104F80001804002008B54B78FF2B07D14B882BB9AC
:104F9000CB881BB9FFF7E4FF002008BDFDF72CF913
:104FA0006FF08502014B1A50F6E700BF0C000000BD
:104FB00010B504690321074A074806F074FC04F1A0
:104FC0001803D3E8EF1F21F00101C3E8E21F002A14
:104FD000F7D110BDAE05010C14EE000C38B5044637
:104FE00005690321094A0A4806F05DFC05F118032A
:104FF000D3E8EF1F41F00101C3E8E21F002AF7D117
:105000002046BDE83840FFF7ABBF00BFB605010C36
:1050100014EE000C2DE9F041036804461B691746A5
:105020005B680E4693F80B804046FFF703FFD4F809
:10503000DB200546D21B0146C4F8DB20206807F0C0
:1050400027FA88B10B4A434601210B4806F034FC8D
:105050003146204607F0DCFA2846FDF707FC2046DB
:10506000BDE8F04107F09FBAA37F0133A377BDE805
:10507000F08100BFBD05010C14EE000C2DE9F041DC
:105080000546302703681B695B689E7CEB7F012B1C
:1050900027D82B68D3F8108098F8C14007FB048408
:1050A0002434204607F093FBB0F5007F636A044682
:1050B00028BF4FF4007424F03F0413B1B4FBF3F4A1
:1050C0005C4398F81F205AB1041BB4F5007F28BF39
:1050D0004FF4007424F03F0413B1B4FBF3F45C43C9
:1050E0000CB9BDE8F081284607F01CFA22460146BB
:1050F00080463046FFF79EFE04460146286807F0CA
:10510000C7F980B101213346094A0A4806F0D4FBA9
:105110002046FDF7ABFB4146284607F079FABDE88B
:10512000F04107F040BAEB7F0133EB77AEE700BF09
:10513000BD05010C14EE000C2DE9F04FBB4F87B0FC
:105140004FF0FF324FF0FF33B94803A904F06EF976
:10515000DDF80C90049DD9F81040002D40F09480AB
:105160000321B44AB44806F09EFB04F124062577D7
:1051700094F820309D42C0F2818004F11803D3E8F6
:10518000EF2F22F00202C3E8E12F0029F7D1D3E884
:10519000EF1F21F00401C3E8E21F002AF7D104F158
:1051A0001803D3E8AF3FDB07CAD5237F022B00F0FB
:1051B0007D81032B00F0768143BBDDF80CA0DAF88B
:1051C0001050EB7F13BB6B68284693F8129007F0E2
:1051D000A9F94022014606464846FFF72BFE8046C5
:1051E0000146504607F054F9002800F0578101218C
:1051F0004B46924A904806F05FFB4046FDF736FB6F
:105200003146284607F004FA07F0CDF9A37F002BBA
:1052100096D1237F012B40F06E81302304F1C30629
:1052200094F8C150304694F8C21003FB054500F0D5
:1052300053FA2435024631462369284600F06AFABB
:105240000646C4F8E400284607F0B7FA8146284627
:1052500007F0B8FA8046284607F0B9FAD4F8BC201F
:105260003044002A40F02B81002840F0238128465A
:1052700007F0D4FA003818BF01201CE1304607F0CF
:1052800093FA0135303673E7059AD9F804A02B7EDE
:10529000F2B1298A71326848009107BF684A022139
:1052A0000121684A06F012FBD9F810202B7E5268C3
:1052B000917C994240F0EA80E37F013BE37720460E
:1052C000696907F0A5F92946504607F0F9F866E73D
:1052D0006168887C984240F0A080237FEE68B5F832
:1052E00010B0002B54D1BBF11F0F48D13368BB4223
:1052F00045D1314604F1B40306F11C0251F8040B08
:10530000914243F8040BF9D10A881A808A78422125
:105310009A70552384F8D330532384F8D43084F81A
:10532000D630D4F8B830D4F8BC20C4F8D730002335
:10533000C4F8E03094F8C030C4F8DB209A0684F852
:10534000D5100FD194F8C12094F820309A4209D298
:1053500094F8C230013B0F2B04D8012384F8DF30CE
:105360002377A1E70321384A334806F09CFA2068E6
:1053700007F0ECF8022384F8DF300423F0E7032180
:10538000324A2D4806F08FFA204607F00CF98BE7D9
:10539000032B89D1302394F8C18003FB0848D4F84B
:1053A000E03008F124085B44C4F8E030BBF1000FA2
:1053B00015D0404607F00BFA88B131465A464046B0
:1053C00007F017FA064628B902215B46204A1A4818
:1053D00006F072FAD4F8DB309B1BC4F8DB30D4F84B
:1053E000E020D4F8BC309A420ED2404607F0EFF9E4
:1053F00000287FF459AFD4F8E020D4F8BC309A42AA
:1054000002D2206807F0A8F8404607F007FA0038F3
:1054100018BF012084F8DF00AFE7C97A99427FF412
:1054200043AF237F052B15D122773DE755534243E8
:1054300018040020E205010C14EE000CBD05010C5F
:10544000FF05010C2306010C4406010C5706010C54
:105450006306010C022B7FF427AF2A8AD4F8E030D0
:1054600020681344C4F8E03094F8C16007F0B8F83D
:1054700000287FF419AFD4F8DB3013B1206807F0AF
:1054800065F8302303FB06402430BEE7D27A9A4207
:1054900002BFA37F03F1FF33A37710E7EB7F013354
:1054A000EB77B3E62046FFF7E9FDAFE6204607F0CD
:1054B000BFF8ABE6022084F8DF0004231AE094F979
:1054C000C01040B90029206802DA07F03FF8CEE6A4
:1054D00007F042F8CBE6002914DA904202D8B9F17D
:1054E000000F06D1206807F031F8022384F8DF307E
:1054F000E3E702232377237F022B0ED1204607F018
:1055000097F81DE6904202D8B8F1000F03D1206849
:1055100007F022F8E9E70323ECE7032B03D1204649
:10552000FFF7ACFD0CE6042B7FF40AAEA37F2BB192
:1055300001211E4A1E4806F0B6F901E623682046FE
:105540001B695B6893F80B8006F0ECFF054602468A
:1055500004F1D30304F1DF0153F8040B8B4242F84A
:10556000040BF9D11B782946137040460D22FFF732
:1055700061FC06460146206806F08AFF78B10D4AB4
:10558000434601210A4806F097F93046FDF76EF9C7
:105590002946204607F03CF807F005F8D0E5A37F40
:1055A0000133A37705232377CAE500BF8906010CE1
:1055B00014EE000CBD05010C802938B50D461446CB
:1055C00021D083290DD019BB80235371832303205D
:1055D000117193710023E07023706570A370043023
:1055E00038BD0223137101235371002393710A23E1
:1055F000D37108224168A01808F0CAFF064B0E209C
:105600001B882382E6E7044B02201B889380E1E796
:105610006FF08500E4E700BF1BF5000C2DE9F041B9
:105620008769D0F82480BA4228BF3A46B2FBF8F422
:105630000646C2692346006806F028FA0546C0B946
:10564000B7FBF8F7A7420BD1002205213068FCF721
:10565000A7F828B101210A4A0A4806F024F90125D1
:10566000F3692344F3613DB10020074BB362BDE809
:10567000F08100240125E7E7706A6043F7E700BF87
:10568000AA06010C14EE000C0203000C81420B462A
:1056900007B509D302210D4A0D4806F00DF96FF048
:1056A000150003B05DF804FB6AB101391144814271
:1056B00001D28B4207D90221009305481346054ABF
:1056C00006F004F9EBE70020EBE700BFC106010C90
:1056D00014EE000CD806010C0C290346084616D11E
:1056E0001B78252B12D009D8122B10D8084A42FA61
:1056F00003F313F0010F08BF0620704703F0FD020B
:10570000282A03D05A2B08BF0A2070470A20704766
:10571000F6FFFBFF2DE9F041984690F82C3086B05B
:1057200023F00C0380F82C300023C0E9043383619C
:10573000062A04460F460B7840F010810BBB4B79CC
:105740005B0724D490F82C309F070DD402234FF42C
:1057500068521946002584F8283084F8291062859B
:10576000284606B0BDE8F08106F090FF0028EDD194
:10577000002319461A46EDE70223052145F20232BD
:10578000E8E7032B36D14E7916F0040604D0022345
:1057900005214FF41052DDE790F82C308DF80760AA
:1057A00043F0040380F82C307023ADF8043090F8F7
:1057B00029300D7903F00F038DF806300A23122DDE
:1057C00028BF12258DF80B30438D2A465BBA404620
:1057D00001A98DF808608DF809608DF80A600396BC
:1057E000ADF81030ADF81260ADF8146008F0A9FE05
:1057F000A662B5E71B2B00F0898009D8122B1AD0BE
:105800001A2B61D00121B54AB54806F055F8BEE71C
:105810001E2BF7D14B795E07B9D40B7913F0030334
:1058200000F09780012BA3D190F82C3043F00103B6
:1058300080F82C309CE74B795E07A8D490F82C3088
:1058400043F0040380F82C304A7812F002061FD18E
:10585000D5078B7822D5B1F8035042461946FFF799
:10586000ABFE6DBAADB285420BDAB7F803506DBA34
:10587000ADB200231A4684F8283084F82960628586
:105880006EE742462046B978FFF796FE051EF0DA2D
:10589000022305264FF410520025ECE72BB102211C
:1058A000904A8F4806F008F8F2E7B1F803504146F5
:1058B0006DBAADB206F01DFF232DD6D94146204664
:1058C00006F017FF2425D4E74D7915F004057FF481
:1058D0005EAF90F82C3043F0040380F82C308B78C6
:1058E0003F2B0ED1CE78002ED2D10D790323042D7B
:1058F00028BF042540462A4601A9019308F021FE4D
:10590000B7E7022305264FF41052B4E74B79590745
:105910003FF53DAF3B791A090CD19A070AD5DB0751
:1059200015D494F82C3003F00303032B3FF424AF79
:10593000002305E094F82C209707C2F34003F0D52C
:1059400094F82C2063F3410284F82C2010E7012303
:10595000F6E790F82C2063F30002F5E70A2A7FF4BB
:1059600051AF2A2B1AD8222B7FF64CAFA3F123027A
:10597000072A3FF647AF01A151F822F0F359000C76
:105980000558000C755A000C0558000C0558000C01
:10599000E95A000C0558000C415B000C5A2B7FF4AF
:1059A00031AF4D7A15F004057FF4F1AE90F82C304C
:1059B00043F0040380F82C308B783F2B40F0E380D9
:1059C000CE78002E40F0DF804FF4C063CDE9013681
:1059D000B1F8075040466DBAADB2082D28BF082572
:1059E00001A92A4608F0ADFD3246334684F8282046
:1059F00053E07B7A13F004037FF4C9AE01AEADF837
:105A00000430B370082390F82C208DF8073042F052
:105A1000040280F82C2006F039FE0028B5BF4FF0B4
:105A2000FF3302220322236A8DF80C20A8BF1BBA81
:105A30000293636A31461BBA8DF80D30C3F3072217
:105A4000C3F307438DF80F3094F82C308DF80E20F7
:105A500043F0040384F82C30B7F8075040466DBA81
:105A6000ADB20C2D28BF0C252A4608F06AFD002394
:105A7000A36275E67E7A16F004067FF488AE90F88D
:105A80002C3043F004039D0780F82C3009D4022603
:105A90004FF46853002584F8286084F829606385F2
:105AA0005EE606F0F3FD0028F1D1236AA3B1013BC5
:105AB0001ABA22F07F421B0694F82C00616A134345
:105AC00009BA40F0040084F82C000825C8F800301A
:105AD000C8F804100023DEE71A46EDE71F07010CA3
:105AE00014EE000C0207010C7B7A58073FF54FAE0D
:105AF00094F82C30D7F8026043F004039907B7F804
:105B0000075084F82C307FF521AE204606F0BEFD0C
:105B100000287FF41BAE6DBA36BAADB22A463146C4
:105B2000206AFFF7B3FD20B1022305214FF4045290
:105B300010E6174B2361636AE6616B43A36117E6C6
:105B40007B7A5A073FF523AE90F82C30D7F80260E5
:105B500043F00803B7F8075080F82C309B077FF517
:105B6000F5AD06F093FD00287FF4F0AD6DBA36BABE
:105B7000ADB22A463146206AFFF788FD0028D3D10E
:105B8000044B6361D7E7022205264FF410532DE73B
:105B900055C7000C1D56000C00210369426883F8AC
:105BA000CC105268C3F8D820034AC3E9372003F168
:105BB000D000FBF749BE00BF28EF000C0121024ACC
:105BC000024805F070BE00BF3A07010C4CED000C16
:105BD00070B5054603F0AEF90446084E6B6863B134
:105BE00003F0A8F9031BB34203D9BDE87040FFF7E7
:105BF000E5BF022008F007F8F0E770BDBFD4010050
:105C000038B54568D5E9010183681B686BB19847D1
:105C1000041E0DDA14F1780F0AD02346184A012128
:105C2000184805F049FE204638BD6FF05704F4E7E8
:105C30006868E96883681B6843B19847041E08DAFE
:105C400014F1780F05D0104A2346E8E76FF05704A7
:105C5000F9E72B69984701222B681A702868FFF72B
:105C6000B7FF2B7D13B100222B681A702A6800241D
:105C7000137843F0020313702868FFF7A9FFD2E7F7
:105C80006907010C4CED000C8D07010CF8B5046997
:105C90000D4600AFA034D4E8AF3FC3F38003994270
:105CA00018D1164A164B6E4688B0002918BF134605
:105CB0006A461449CDE905134FF40073ADF81C3062
:105CC000114B42F8103F00234FF4E4510F48FBF70B
:105CD000A7FAB5464DB1D4E8EF3F43F00403C4E85A
:105CE000E23F002AF7D1BD46F8BDD4E8EF3F23F0EC
:105CF0000403C4E8E23F002AF5D0F6E7E007010C10
:105D0000E807010CEF07010C03000001BCED000CDB
:105D10002DE9F0470546894690461F46D0F808A071
:105D200007F033F80446C0B1067DF30709D5037EBA
:105D300016480121164A05F0BFFD6FF07700BDE857
:105D4000F0873B464246494606F0DFFF40B9237ED6
:105D50000121104A0D4805F0AFFD6FF01200EEE78B
:105D60009DF8203026F0060684F819806783237793
:105D70002675DAF81830214628469847B0FA80F39D
:105D8000227D5B0963F300022275D8E7BCED000CAD
:105D90000108010C1B08010C70B50546866806F069
:105DA000F4FF0446D0B1037DDB0708D4037E0D4821
:105DB00001210D4A05F080FD6FF0770070BD0146AE
:105DC000F3692846984738B1237D03F00103227D0B
:105DD00063F300022275F1E70346F8E76FF0120063
:105DE000ECE700BFBCED000C3D08010C2DE9F341D0
:105DF0001746D0F808800546D8F83C300E4698473C
:105E00000022002339460B48FCF7B2FC044670B967
:105E100001213B46084A0948009605F057FD2846EF
:105E2000D8F840309847204602B0BDE8F0810676A9
:105E3000F5E700BF9C0400205808010CBCED000CE5
:105E40002DE9F84F8146884692469B460C4600262F
:105E50001B4F564501D1002522E0A37CBBF1800FEA
:105E60000CBF43F0200343F04003A374DEB9D8F81D
:105E700010306FF3100343F4803343F04003C8F84D
:105E800010304BEA060321462376484606F08FFF82
:105E90002034054688B101210A4A0B4805F003FD6C
:105EA0002846BDE8F88F23693B4043F4602343F460
:105EB0007F7343F003032361E3E70136C9E700BFC3
:105EC0000000F1FF8608010CC4ED000C70B50668F7
:105ED00003F030F80446064DB37803F0FF0033B109
:105EE00003F028F8031BAB42F6D96FF0730070BDC6
:105EF000BFD4010030B5036989B0D3F8A45004467B
:105F0000083500220023CDE906236FF007030122A4
:105F1000CDE9033200230090CDE901334FF4007244
:105F20002846054B054903F047FE2168284609B07D
:105F3000BDE8304008F08AB84561000CF02200202E
:105F4000F8B5137E446823F080034FEA431C04EB4A
:105F5000431443F6FF730D8A06689D4228BF1D4611
:105F6000EFF31187202383F31288BFF36F8F66440A
:105F700096F806311B060BD587F31188BFF36F8F98
:105F8000127E1348134907F03EFB6FF00A00F8BD7C
:105F9000CB682361508BC0F30A0007F06FFAE37DF2
:105FA000257560F30613002003F0F00360F3C713B8
:105FB000C5F30525A0756575E37596F8053143F0C1
:105FC000800386F8053187F31188BFF36F8FDEE712
:105FD000C4ED000CA208010C38B5436805461C68E6
:105FE0009B6B03B1984723899BB243F00103238144
:105FF000237803F0FD032370237843F0010323701B
:106000006868FFF763FF054630B10121034A044881
:1060100005F049FC284638BD6062FBE7CD08010C5D
:10602000C4ED000C38B5044643681D689B6B984767
:106030002B899BB243F001032B812B7803F0FD03E6
:106040002B706068FFF742FF014690B92046FFF7CA
:10605000A3FE38B108480121084A05F024FC6FF07E
:10606000040005E080212046FFF796FE0028F1D1CC
:1060700038BD6FF07300FBE7C4ED000CEC08010CB9
:106080002DE9F843147E4B8ACF68D1F81480B1F81B
:106090001090D0E9005EEFF31186202080F3128883
:1060A000BFF36F8F24F0800005EB40154FEA401CD2
:1060B00095F8060140060CD486F31188BFF36F8F64
:1060C000127E1E481E4907F09EFA6FF00F00BDE8D1
:1060D000F883107E28B3C9680EEB0C044EF80C1040
:1060E0000021A3EB09032171A7EB08015B1A43F61A
:1060F000FF718B4228BF0B4699016171C3F3870181
:10610000A171E179C3F3832321F00F010B43E37104
:10611000508BC0F30A0007F0B1F9E37960F306137E
:10612000E37195F8043143F0400385F8043186F3B8
:106130001188BFF36F8F0020C9E700BFC4ED000CCA
:10614000A208010C2DE99F4804462369D3F8A4A0B6
:106150000AF190094FF0FF334FF0FF324FF0FF315B
:10616000CDE900234846002208F0E1F98046206985
:1061700084304FF0FF324FF0FF3303F0BBF918F0DB
:10618000040F21D118F0020F0DD00221484608F06B
:10619000CAF923690126D3F8A4009C3007F038FA25
:1061A0000546002D5FD118F0010F08D001214846A7
:1061B00008F0B9F920460AF1E40106F052FE206920
:1061C000843003F009FAC0E70421484608F0ABF92F
:1061D00023694FF0010BD3F8A400A03007F018FAA0
:1061E0000646002ECED096FAA6F3B3FA83F3DDB2BC
:1061F0000F2BC2BF103D65F07F05EDB20BFA03F225
:106200002946204626EA020606F0BFFD074606F0AC
:10621000E4FD58B93A7E2649264807F0F4F96FF0B4
:1062200068020721204606F0E9FD0DE000210390F9
:10623000384606F0B7FD039B00221946204606F0BB
:10624000E9FD02460028ECD1384606F0A7FD28B14A
:1062500019492A46174807F0D6F9C2E739462046B9
:1062600007F09AFABDE795FAA5F3B3FA83F35FFA5C
:1062700083FB0F2BC2BFABF1100B6BF07F0B5FFAF0
:106280008BFB06FA03F25946204625EA020506F082
:106290007CFD074606F082FD28B107495A460548AD
:1062A00007F0B1F97DE73946204607F075FA78E73F
:1062B0000F09010CC4ED000C2709010C2DE9F04F6A
:1062C00004460025436885B0D3F80090B9F82060F3
:1062D000B6B2002E47D1B9F81C50ADB26B07A9F881
:1062E0001C5004D532460521204606F087FD2F07B5
:1062F00009D51322636804211B68204683F809210D
:10630000002206F07BFDEE0710D52369A033D3E809
:10631000AF3F5807C3F3800608D401212046FFF79A
:10632000B5FC32460321204606F068FDA9060ED5CD
:106330002369A033D3E8AF3F5A0708D50021204690
:10634000FFF7A4FC00220221204606F057FD2B0691
:1063500040F1F4806FF015020721204605B0BDE83A
:10636000F04F06F04BBDF70762D56B0101936368F0
:106370005FFA85FA1B6803EB451393F80771FFB2C8
:10638000B80783F8077122D562680AF07F03526864
:106390004AF0800102EB43122369204603920291E6
:1063A000D3F8A4B006F0F1FC019006F01AFDDDE987
:1063B0000212804600283ED162480A46624907F030
:1063C00022F96FF068020721204606F017FDF90751
:1063D0001ED5636851465A681B682046019323699D
:1063E0004FEA4518D3F8A4B0904406F0CEFC0290D2
:1063F00006F0F7FC8246002848D153492A46514806
:1064000007F001F96FF068020721204606F0F6FC5C
:10641000FA060DD563685B681A795B7903F03F0370
:1064200042EA0322082A7CD04849464807F0EBF8A4
:10643000760801354DE7117D527D0C3002F03F02A8
:1064400041EA022105F0EBFBB8F810202AB14146E1
:10645000019A6068FFF774FDB9E7404606F0C5FC95
:1064600040B14146019A6068FFF76AFD404606F078
:10647000C0FCACE705F110010BF1A00007F006F934
:1064800004210BF1900007F0FFF8A0E7018A428A8F
:10649000521AC1684069091A98F80500521A98F80A
:1064A000041000F03F0041EA00218A4228BF0A465A
:1064B0000AF10C009046FDB90BF1A40105F08DFB2B
:1064C000DAF80C10DAF81400BAF81220091A521A85
:1064D000BAF810108A4219D0029B5A8BC2F30A02F2
:1064E000904513D165B9019B019A93F8043143F0AB
:1064F000400382F804318BE7114605F068FBDFE7C3
:106500005146029A6068FFF7BBFD81E729460BF10F
:10651000A00007F0BBF804210BF1900007F0B4F8DD
:1065200076E723690121D3F8A400D0F8A430903095
:1065300043658369836507F0A7F879E705B0BDE88F
:10654000F08F00BFC4ED000C0F09010C3C09010CD9
:106550002DE9F04F456889B095F82430D5F81490AE
:106560002C688DF81C300646A869296A83689B69E7
:1065700053B107AA9847B0F1000808DA42466649C5
:10658000664807F040F831E06FF05708F6E7A86971
:10659000296A83681B684BB19847B0F1000808DA94
:1065A00018F1780F05D05E494246E9E76FF05708C9
:1065B000F9E7D5E9060183681B684BB19847B0F14C
:1065C000000808DA18F1780F05D056494246D7E797
:1065D0006FF05708F9E7237843F0010323707068E0
:1065E000FFF774FC074628B16FF07308404609B006
:1065F000BDE8F08FE378014643F00203E370E378EF
:10660000484643F00803E37007AA07F053FAB0F1D5
:10661000000807DB079B3A461979186801F08AFCE5
:10662000804610B140494246AAE702464FF0FF3C7F
:10663000864677683B68039397F82C300593059B53
:106640009A4226D30022039B80B2188523781146F4
:1066500043F0040323702378304603F07F03237054
:10666000238923F00C031B041B0C238123899BB279
:1066700023816B68636200924023FFF749FB024667
:1066800058B30121294A254805F00DF96FF0040897
:10669000ACE7B96AD7F830A08B5C114404934B780F
:1066A00091F802904FEA531B0AEB8B08E04518BFA4
:1066B0005AF82BE003F01F032EFA03F303EA090C48
:1066C00039EA030308BF91F803C0049B04320CFAB3
:1066D00003FC40EA0C00C446B1E70090402380214F
:1066E0003046FFF715FB0028CBD1292323832378DD
:1066F00043F0020323707068FFF7E8FB8046002830
:106700007FF472AF2389304623F001031B041B0C76
:1067100023816B6B984769E76109010CC4ED000C9C
:106720008209010CA009010CBE09010CE909010C48
:10673000F8B500AFB8B96C4688B06A46344B4FF430
:10674000E2510593334B344806934FF40073ADF890
:106750001C30324B42F8103F07F06CF8A5466FF042
:106760001500BD46F8BDB0F1205F4FEA906415D327
:106770006D468AB06A462A4B4FF411510593254B5A
:106780002548CDE906344FF40073ADF82030254B91
:1067900042F8103F07F04EF8AD46E0E7631EDBB26B
:1067A000082B2ED8204A214DD15C214AD65C214AA3
:1067B000D25CEB5CC5B28D420BD8C0F3052CB4455E
:1067C00007D8C0F30556964203D8C0F385309842E7
:1067D0001CD96E468CB06A46174BCDE9084105932B
:1067E0000C4B4FF45151CDE906354FF40073ADF821
:1067F0002830124B084842F8103F07F01BF8B54606
:10680000ADE73F2300211A461E46D3E70020A8E744
:10681000240A010C2E16010C34ED000C03000001BB
:10682000520A010C040000018315010C6815010CCB
:106830007A15010C7115010C700A010C060000019B
:106840002DE9F3470C46002519494368214380464A
:1068500016461F68019506F0F0FF022804D0356047
:10686000002002B0BDE8F0874FF0060AB4FBFAF949
:106870005FFA89F52946404601AA07F069F8002821
:10688000EFD10AFB1944E4B2032C94BF4C375037C4
:10689000AD003D442B6804F00304E400E34013F032
:1068A0003F03DDD0019AB2FBF3F23260D8E700BFBC
:1068B00000FFFF0F2DE9F04F83B01C4643680D46E3
:1068C00092469A68002302EB8108464900AF2943AB
:1068D0007B608146D0F810B0D8F8206006F0ADFF9C
:1068E00002284FF000034AD1D8F8201001F00F0120
:1068F000514518D16C4688B06A463B4B53613B4BBF
:106900003B4893614FF4007393833A4B4FF4E25149
:1069100042F8103F06F08EFF6FF08500A5460C3759
:10692000BD46BDE8F08FBAF1060F07D18B1F052BCE
:1069300004D86C4688B06A462F4BDFE70B290AD88B
:10694000DFE801F006202E39393C41414141414107
:10695000DBF800307B60D8F82020012D4FEA12428E
:1069600018BFD2B2F30435D51D2A28BF1D2201233A
:10697000013292B293409AB27B68B3FBF2F30020EB
:106980002360CCE7AB1EDAB2092A04D80BEB830BE9
:10699000DBF80430DEE76C4688B06A46174BADE79B
:1069A000012D1BD00C22012148463B1DFFF782FF21
:1069B0000028D0D0B3E74FF40043CBE74846391D59
:1069C00000F01EF8F4E7063948463A1DC9B2FFF751
:1069D00037FFEDE7012A38BF0122CDE76FF05B00FA
:1069E0009DE700BF00FFFF1B9D0A010CC215010CB3
:1069F00034ED000C03000001BF0A010CE10A010C98
:106A000037B50C4641680A68136913F4807303D1E3
:106A10000020236003B030BD136BDB0701D4094BAA
:106A2000F6E78B68D56BD3F88010052201AB01F037
:106A30000F01FFF73FFF0028ECD1019BADB26B4384
:106A40002360E7E7006CDC022DE9F04F83B0436878
:106A50008146D3E900BA0E46144600AFCDB2D2B992
:106A60006C4688B06A46984B4FF4E2510593974BB9
:106A7000974806934FF40073ADF81C30954B6FF0B8
:106A8000150842F8103F06F0D5FEA54640460C37E3
:106A9000BD46BDE8F08F08467B60FFF749FE7B6886
:106AA0008046B10EC0B16C468AB06A468A4B0895E2
:106AB0000593864B8648CDE906314FF40073ADF857
:106AC0002430864B4FF4315142F8103F06F0B2FEAD
:106AD000A5466FF08508D9E7082900F27081DFE844
:106AE00011F0090013007600C500E200E8000D0176
:106AF00059016601DBF81430227823F0800343EA61
:106B0000C213CBF81430C1E7D9F80430A1789A68E1
:106B10001D68D2F8803061F30303C2F880306378D7
:106B2000002B3AD02B6BDFF8B89143F00102DBB2B7
:106B300043F001032A632B6302F0FCF90646AB6FB6
:106B4000A3B102F0F7F9831B4B45F8D96C4688B026
:106B50006A46644B5361644B93614FF400739383B3
:106B60005C4B4FF4E25142F8103F07E1EA6BA38817
:106B70006FF30F021343EB6302F0DCF90646DFF814
:106B80006091AB6F4BB102F0D5F9831B4B45F8D93F
:106B90006C4688B06A46554BDCE7EB6A227803F016
:106BA0007F0343EAC213DBB2EB6202F0C3F904468F
:106BB0004B4EAB6F002B3FF469AF02F0BBF9031BE8
:106BC000B342F6D96C4688B06A46494BC2E726798B
:106BD000D9F804300B2ED3F800901EDC9B6803EB31
:106BE000850ADAF88430334343F04003CAF884302E
:106BF00002F0A0F98346DAF884305B060DD402F087
:106C000099F9374AA0EB0B039342F4D96C4688B04C
:106C10006A46384B0593384B9EE70B2ED8BF0026AB
:106C200009F1440252F825302188C8BF0B3E61F3B8
:106C3000090342F8253009F1480252F82530A178BD
:106C400009F1400961F3050342F8253059F8253070
:106C5000E278C8BF360223F4F063C8BF06F4E066EA
:106C600043EAC2131E4349F825600FE7D9F8043000
:106C700019680623B5FBF3F203FB1253D8B20328BD
:106C800094BF4C31503192000A443F2103F003037A
:106C90001068DB00994020EA0100217801FA03F333
:106CA00003431360F2E6237803F00303CAF81030BD
:106CB000ECE6DAF81C30227823F0800343EAC213B2
:106CC000CAF81C30E2E600BFFF0A010C4116010CB5
:106CD00034ED000C030000011E0B010C0500000147
:106CE000BFD40100480B010C1916010C7D0B010CDF
:106CF000B00B010C1B0C010C0516010CD9F804A0FB
:106D0000012DDAF80810D9F8106001EB85010A6A44
:106D1000238822F4005222F00F024FEA02424FEA87
:106D2000124201D0FF2B01D842EA0342E378A07857
:106D300003F00F0343EA403313430B6202F0FAF807
:106D40008146DFF888B0DAF808305B68DBB102F022
:106D5000F1F8A0EB09035B45F5D96C468AB06A46A9
:106D60001B4B4FF4115105931A4BCDE906354FF4E7
:106D70000073ADF82030184B42F8103F174806F06A
:106D800059FDA54682E6002D7FF480AEE37886F8B3
:106D90003A307BE69B68C6F3052603EB8603D3F8FF
:106DA0008020217861F30302C3F880206EE6D96861
:106DB0002378CA6822F0FF021343CB6066E6012104
:106DC000074A064804F06FFD83E600BFBFD4010008
:106DD000E50B010CED15010C0400000134ED000C75
:106DE000620C010C2DE9F04782B00023D0F804803A
:106DF000D0F810A000AF06460846894615467B60CD
:106E0000FFF796FC0446A8B16C4688B06A46414B31
:106E10005361414B414893614FF400739383404B5E
:106E20004FF4E25142F8103F06F004FD6FF0850088
:106E3000A54616E04946304606F0FFFC02280ED172
:106E40004FEA99635FFA89F1092B5DD8DFE803F017
:106E50000513181D2210373D4A4ADAF80040002079
:106E60002C600837BD46BDE8F0874FF48064F6E734
:106E70004FF40044F3E729463046FFF7C1FDF0E741
:106E80002A46304606F064FDEBE72A463046FFF717
:106E9000D7FCE6E773685A68136903F00303012B14
:106EA000E3D0991E0129E3D8D46914F00204D6D0A6
:106EB000032B14BF4FF400444FF48064CFE72B46FC
:106EC0000C223046FFF7F6FCCBE7D8F80830C9F3C0
:106ED000052909F1200953F829100C222B4601F04D
:106EE0000F01EEE70C22002130463B1DFFF7E2FCCC
:106EF0000028B6D1D8F80C307C68DB6813F0FF03AB
:106F0000ADD0B4FBF3F4AAE76C4688B06A46054BF3
:106F10007EE700BF480C010CD915010C34ED000CC4
:106F2000030000015E0C010C2DE9F84FD0F804A01D
:106F3000D0F8108000AF0846DAE9004B0E46DAF8C8
:106F40000890CDB2FFF7F4FBA8B16C4688B06A4652
:106F5000494B5361494B4FF4E25193614FF4007335
:106F60009383474B474842F8103F06F063FCA54621
:106F70006FF085000DE0B30E092B77D8DFE803F042
:106F8000050C112776484F5C7667636923F002038E
:106F90006361BD46BDE8F88FE36A23F00203E36254
:106FA000F7E7403454F8253023F0020344F8253045
:106FB0000123D8F83020AB4022EA0302C8F8302081
:106FC000D8F82C2022EA0302C8F82C20E1E7062397
:106FD000B5FBF3F203FB1253D9B203294FEA820245
:106FE00094BF4C3450341444012203F00303DB00FB
:106FF0002168073302FA03F321EA03032360B8F898
:1070000038300635AA4023EA0203A8F83830C0E732
:10701000DBF81C3023F00203CBF81C30B9E725B9AC
:107020006C4688B06A46184B93E709EB85052B6AD6
:1070300023F480732B62ACE7C6F3052609EB8609BF
:10704000D9F8803023F04003C9F88030A1E701214E
:10705000DAF80C30C6F3055203EB8203DA6BC6F3A1
:107060008536B14022EA0102DA6392E70121074A3C
:10707000044804F018FC7BE7480C010CB315010C24
:107080000300000134ED000C7D0C010C620C010CBE
:107090002DE9F0474FF0010843680669D3F80090E6
:1070A00000AF09F1400252F821300C4643F00203D0
:1070B00042F8213001F1180308FA03F801F03AFF11
:1070C0000546DFF858A0D9F8103038EA03031CD081
:1070D00001F030FF431B5345F5D96D468AB06A462F
:1070E0000F4B10480593104B4FF41151CDE9063466
:1070F0004FF40073ADF820300C4B42F8103F06F00F
:1071000099FB6FF07300AD4605E001220020F36AA1
:10711000A2401343F362BD46BDE8F087FF0D270789
:10712000A90C010C34ED000CC116010C0400000187
:107130002DE9F04F83B00546D0F804B000AF084603
:107140000C46FFF7F5FA0646C8B16C4688B06A46A9
:10715000794B5361794B4FF4E25193614FF40073D3
:107160009383774B774842F8103F06F063FB6FF04C
:107170008506A54630460C37BD46BDE8F08F214652
:10718000284606F05AFB022800F0D3806A68A00E59
:1071900011689368092800F28180DFE800F0053467
:1071A00039527F575D677F724B6943F002034B6131
:1071B000230E032B03F0FC0A40F28A80BAF1140F6D
:1071C00005D8614B23FA0AF3DA0700F18180DBF876
:1071D00014804FF00009BAF1140F7CD1DBF80430B1
:1071E000DB68DB07C6D4594B1B78002B7AD101F042
:1071F000A1FE02467A6001F09DFE7A685449831A26
:107200008B42F7D979E0CB6A43F00203CB62CFE738
:107210000F20E1B24B1C2A6903EB43035B0000FA29
:1072200003F3108F034205D02846FFF731FF0028F3
:10723000BED048E0012303FA01F1136B0B43136343
:10724000B6E72846E1B206F0DAFBF0E75268D36908
:1072500043F00203D361ABE714F0FF02A8D003EBC5
:1072600082031A6A42F480721A62A1E7C4F305220B
:1072700003EB8203D3F8802042F04002C3F8802061
:1072800096E7D268C4F3055302EB83020123D16B66
:10729000C4F3853083400B43D36389E76C468AB0DF
:1072A0006A462C4B4FF4115105932B4BCDE9063018
:1072B0004FF40073ADF82030284B224842F8103FBD
:1072C00006F0B8FAA5466C4688B06A46244B40E7FB
:1072D0004FF4FA687DE72146284606F0AEFA022808
:1072E00081D147E7FAF788FF1E4B1B58002B3FF46C
:1072F0007EAF0A20002106F08EFF09F10109C14589
:10730000FFF469AF6C4688B06A46174B4FF4E25100
:1073100005930A4B0B4806934FF40073ADF81C30ED
:10732000074B6FF0730642F8103F06F083FAA5464C
:1073300020E76FF077061DE7480C010CA515010C3E
:107340000300000134ED000C10111000E8170020BC
:10735000BFD40100C40C010C9C15010C04000001F9
:10736000EC0C010C080000000A0D010C2DE9F041A5
:1073700043682F4A1D6804696B69487A1A400B7C80
:1073800000021B0600F4706003F040730343087AA8
:1073900000AFC001C0B203438878400100F0200074
:1073A0000343887A000100F010000343C878C0004E
:1073B00000F0080003434878800000F00400034315
:1073C0000878400000F00200034313436B614B68F0
:1073D00023600B7803B301F0ADFD0646DFF854805F
:1073E0002B69DB071BD401F0A5FD831B4345F7D9AF
:1073F0006C4688B06A46104B4FF4E25105930F4B30
:107400000F4806934FF40073ADF81C300D4B42F853
:10741000103F06F00FFAA546BD46BDE8F081636B4C
:1074200043F480536363238F43F001032387F3E71F
:1074300041F0FFFCFF0D27071F0D010CB116010CD9
:1074400034ED000C030000012DE9F04706690C46FD
:10745000338F00AF9D0614D56C4688B06A46864BC4
:107460004FF4E6510593854B06934FF40073ADF846
:107470001C30834B42F8103F824806F0DBF9A546EA
:10748000CDE096F83A30052B00F0AB8043681D68DC
:107490009A68EB6A23F00203EB628B78012B67D1C9
:1074A0000978736BCB40D80713D46C468AB06A4610
:1074B000754B0593714BCDE90631032308934FF4C7
:1074C0000073ADF82430714B4FF4335142F8103F44
:1074D000D2E7D2F88030DFF8B8A161F3030343F0BC
:1074E0004003C2F8803001F025FD8046DFF8A4910A
:1074F000DAF880305A0600F1958001F01BFDA0EB10
:1075000008034B45F4D96C4688B06A46624BA7E045
:107510002B6B627903F0490343EAC213A279DBB211
:10752000520102F020021343E279DFF86891120160
:1075300002F010021343227A920002F00402134375
:10754000627A520002F00202134343F001032B63FC
:1075500001F0F0FC8046AB6F53B101F0EBFCA0EB07
:1075600008034B45F7D96C4688B06A464B4B77E029
:10757000EB6AE27803F07F0343EAC213DBB2EB620B
:107580006278EB6A520002F0020203F0FD0313433B
:10759000EB6201F0CFFC8046DFF8F890AB6F53B19F
:1075A00001F0C8FCA0EB08034B45F7D96C4688B046
:1075B0006A463B4B54E06378002B30D001F0BAFCB4
:1075C0008046DFF8E0902B69DB051ED401F0B2FCA9
:1075D000A0EB08034B45F6D96C4688B06A46324B9F
:1075E0003EE06D4688B06A46304B4FF4E651059355
:1075F000224B244806934FF40073ADF81C30204B07
:1076000042F8103F06F016F9AD4663783BB1736B54
:1076100043F400537363338F43F020033387BD4635
:10762000BDE8F087A37AEA6BA1891B0403F4FE038B
:107630006FF316020B431343EB6301F07BFC8046B0
:10764000DFF85090AB6F002B3FF462AF01F072FC9B
:10765000A0EB08004845F5D96C4688B06A46144B43
:107660005361064B4FF4E25193614FF400739383DF
:10767000034B42F8103FFFE6380D010C9E16010C3B
:107680000300000134ED000C690D010C0500000140
:1076900000000144BFD401000E0E010C480B010C88
:1076A000B00B010CFF0D2707F20D010CB80D010CFA
:1076B0007D0B010C2DE9F04F83B0D0F810900D78C0
:1076C000D9F8306000AFEE4016F001030C467B6045
:1076D00040F0A18091F807B0D9F8343023FA0BF3C9
:1076E000DE0717D46C468AB06A46604B4FF43351BC
:1076F00005935F4BCDE90635032308934FF40073E0
:10770000ADF824305B4B42F8103F5B4806F092F82E
:10771000A54680E04368BBF10B0FD3F80080D3F897
:1077200010A01EDC9E6806EB8506D6F884204BEA86
:10773000020242F04002C6F8842001F0FBFB024640
:10774000D6F884003A6041060BD401F0F3FB3A68A6
:107750004A49801A8842F3D96C4688B06A46484B39
:1077600077E008F1440252F825306189BBF10B0F34
:1077700061F3090342F825304346217B53F8482F33
:10778000C8BFABF10B0B61F30502C8BF4FEA0B2B6F
:1077900043F82520C8BF0BF4E063A079C8BF7B6025
:1077A000637908F1400252F82510C002DB0100F4B1
:1077B0006050DBB27E6821F47E5103430B431E43CD
:1077C00042F82560E2892F4BD8F86C1003EA024397
:1077D000228A6FF3DE11D20192B213430B43C8F831
:1077E0006C3001F0A7FB0646DFF890B0D8F878308F
:1077F0005A0614D501F09EFB831B5B45F6D96C46F7
:1078000088B06A46204B24E00122D9F83030AA40E3
:107810001343C9F830300C37BD46BDE8F08F2379EB
:10782000002BF8D0DAF81C30184E43F48033CAF835
:107830001C3001F07FFB0446DAF80C30DB05E3D4A2
:1078400001F078FB031BB342F6D96C4688B06A4658
:107850000F4B5361064B4FF4E25193614FF40073A9
:1078600093830C4B42F8103F4FE700BF3E0E010CD4
:107870008F16010C0500000134ED000CBFD401008F
:107880001B0C010C0000FF7FB30E010CFF0D27073E
:10789000820E010C030000012DE9F84306248C46FA
:1078A00009780569B1FBF4F62B8F01F1060823FA7C
:1078B00008F3DB0704FB161400AF17D56D468AB03A
:1078C0006A46214B5361214B1462C2E906364FF4DC
:1078D000007393841E4B4FF433511E4842F8103FFF
:1078E00005F0A8FFAD46BD46BDE8F8834FF03F095F
:1078F0004368032C1A684FEA8603D4BF4C325032D7
:10790000134404F0030E1A684FEACE0E09FA0EF97A
:1079100022EA09099CF8052002FA0EF242EA09025D
:107920001A609CF8043023B96D468AB06A460A4B47
:10793000C8E706F064F80028F6D101232A8F03FA7D
:1079400008F313432B87CEE7DD0E010C7C16010CE8
:107950000500000134ED000C120F010C2DE9F0417F
:10796000056900AF2B8FDA0616D56C4688B06A46DB
:10797000344B4FF4E6510593334B06934FF40073A9
:10798000ADF81C30314B42F8103F314805F052FF42
:10799000A546BD46BDE8F08143680A7C5C68CB7BA8
:1079A00052009B0002F0020203F0040313438A7B9F
:1079B000606902F0010220F0070013430343636192
:1079C000E36924480A7B18404B7A12029B0402F4B4
:1079D000706203F4701313430A7AD201D2B21343D4
:1079E0004A78920002F0040213430A78520002F02F
:1079F000020213430343E3610B78002BC9D001F06B
:107A000099FA0646DFF85080E368DB0715D401F0E9
:107A100091FA831B4345F7D96C4688B06A460F4BF1
:107A20004FF4E2510593084B06934FF40073ADF801
:107A30001C30064B42F8103FA7E72B8F43F0100392
:107A40002B87A6E7490F010C6916010C0300000102
:107A500034ED000C79F0C3FFFF0D2707780F010C00
:107A60002DE9F04706690D78736B0C46EB40DA0799
:107A700000AF17D56C468AB06A46514B4FF413518C
:107A80000593504BCDE906354FF40073ADF8203027
:107A90004D4B42F8103F4D4805F0CCFEA546BD4683
:107AA000BDE8F08791F807C0338F23FA0CF3DB07AA
:107AB00013D46C468AB06A46454B4FF43351059354
:107AC000404BCDE90635032308934FF40073ADF81E
:107AD0002430404B42F8103FDDE7D0F80480012D00
:107AE000D8F80820638A02EB8502116A21F47451E8
:107AF00021F00F014FEA01414FEA114101D0FF2B64
:107B000001D841EA03416379003B18BF012341EAF0
:107B10004331237C0BB141F48051637D207ADB0239
:107B2000800200F4806003F400630343207D0CF0C6
:107B30000F0C400243EA0C0300F400700343207969
:107B4000DFF894A0000200F4807003430B4313623B
:107B500001F0F0F98146D8F808305B68BBB101F05C
:107B6000E9F9A0EB09035345F5D96C468AB06A469A
:107B70001A4B4FF411510593124BCDE906354FF4D2
:107B80000073ADF82030104B42F8103F83E7AB1E76
:107B9000092B0FD8E26806EB83035A600122736B4E
:107BA000AA401343012D736302BF338F43F00203D6
:107BB000338774E7002DF1D1E37986F83A30EDE7A9
:107BC000970F010C5616010C0400000134ED000C57
:107BD000C90F010C05000001BFD40100E50B010C29
:107BE0002DE9F04F924B87B0DFF8489200AF0125A6
:107BF000C7E900934FF4606A30233946466804466B
:107C0000C7E902A3D0F810803D6140F2011BFFF7E5
:107C1000ADFB4FF40043C7E900B340F20713864AB7
:107C20003946C7E90223002320463B61FFF796FE51
:107C3000B368DFF808921D7001F07CF90546B3685F
:107C4000D3F804A0BAF1000F1ED001F073F9431B62
:107C50004B45F4D96C4688B06A46794B7948059310
:107C6000794B4FF4E25106934FF40073ADF81C309A
:107C7000764B42F8103F05F0DDFD6FF07300A5462E
:107C80001C37BD46BDE8F08F0523032688F83A303F
:107C900001254FF006084FF0020914220021381D7B
:107CA00006F05CFC6A4B394620463B6087F807804B
:107CB0007D823D71FFF7D4FE14220021381D06F0AD
:107CC0004DFC644B394620463B6087F80780A7F897
:107CD00012903D71FFF7C4FE14220021381D06F0FA
:107CE0003DFC5D4B39463B6007232046FB717D829E
:107CF0003D71FFF7B5FE14220021381D06F02EFC61
:107D0000564B39463B6008232046FB717D823D710E
:107D1000FFF7A6FE14220021381D06F01FFC504B71
:107D2000394620463B607D823D71FFF799FE4FF05A
:107D300001334C4A3946C7E90023204603F17F430B
:107D4000BB60BD81FFF780FB4749484B4FF00308FC
:107D5000C7E900134FF0967339462046C7E9023849
:107D6000C7F810A0FFF7A6FC40F6012340483946AB
:107D7000C7E900032046FFF78FFD41F60113DFF846
:107D8000F4C039462046C7E900C3FFF785FD40F639
:107D900001434FF4006BDFF8E0E039462046C7E9C5
:107DA00000E3FFF779FD354B39462046C7E9003B34
:107DB000FFF772FD324A39462046C7E9002BFFF72C
:107DC0006BFD304A39462046C7E9002BFFF764FDBA
:107DD000013E7FF45DAF636832465B6820462A4906
:107DE0001D612B4605F03EFE2B464A46204627499C
:107DF00005F038FE2B4642462046254905F032FE66
:107E00002B4604222046234905F02CFE2A46204614
:107E1000214905F03CFE2A462046204905F037FE60
:107E200020462A461E4905F032FE304628E700BFAC
:107E3000001BB7000100000100000101BFD40100D8
:107E40001C10010C34ED000C8C15010C030000011A
:107E500000FFFF1B01FFFF1B02FFFF1B03FFFF1BB8
:107E600004FFFF1B0101000100C0FF0B0100010C1A
:107E700000FFFF0F01FFFF0F02FFFF0F03FFFF0FC8
:107E800004FFFF0F05FFFF0F30E7FF1F37EEFF1F57
:107E900035ECFF1F10D2FF1F3E7F34240E3F052418
:107EA0000B7F042408B5074805F0D3FE38B1064817
:107EB000FAF7FAFB0448F8F707FF002008BD6FF057
:107EC0001200FBE73CE7000CCD7E000C0A2838B519
:107ED0000446074D04D1AB680D2128465B689847DE
:107EE000AB6803485B68E1B29847204638BD00BFE5
:107EF0003CE7000C10291FB528BF10210C460C4B85
:107F0000D3F8E02112BA0092D3F8E42112BA019218
:107F1000D3F8E82112BA0292D3F8EC310A461BBA20
:107F20006946039306F00DFB204604B010BD00BF68
:107F30000070000A2DE9F04300250127DFF8E0E09A
:107F400000F1020CEBB2994202D80020BDE8F083A8
:107F500030F825403CF82560C4F3422804F00F03B4
:107F6000B8F1010F5EF82330C4F304122AD15BB3D9
:107F700003EB52084FEA143998F8304012F0010F21
:107F800015BF04F00F0404F0F00444EA091449EAB0
:107F9000040488F8304003EB020898F8404044F0AD
:107FA000010488F8404016F0010F07FA02F803EBCD
:107FB00002040BD116F0020F0ED194F8409009F094
:107FC000FB090DE0002BEED10135BBE7D3F8109093
:107FD00048EA0909C3F8109094F8409049F0040960
:107FE00084F8409094F8409016F0080F14BF49F0C0
:107FF000020909F0FD0984F840901C6816F0100F82
:1080000014BF48EA040424EA08041C60DC6E07FA82
:1080100002F236064CBF224324EA0202DA66D3E7B4
:1080200020F0000C48F2FF1208B5074B94201A8686
:1080300040F2FF325A8600221146F9F7F1FFBDE8FF
:1080400008409420F9F7CABF006002450221024AA5
:10805000024805F05ABD00BF8310010CA4ED000CCE
:10806000F8B546680C4686F82F1000F063FF054609
:10807000094F96F82F301C420CD000F05BFF431BD9
:10808000BB4203D9BDE8F840FFF7E0BF012005F08F
:10809000BAFDEEE7F8BD00BFBFD401002DE9F047FF
:1080A00043680469D3F804908246B9F83020B9F8DF
:1080B0003280B4F860301FFA88F89BB243EA0803B4
:1080C000A4F86030C2F38015130694F85C304FEAD0
:1080D000850597B248BF45F0080543B3FE0744BF86
:1080E000012384F85E30B80744BF012384F85F3071
:1080F00094F86230022B94F85E3003F0FF0604D14E
:108100002BB194F85F60F6B201E0002BF9D039048E
:1081100007D518F00F0F04D00221DAF80400FFF79A
:108120009FFF26B1002345F0010584F85C3094F8E8
:108130005D30DBB1174B1F4218D03A0407D518F059
:10814000700F04D00421DAF80400FFF789FFBB07A1
:1081500007D5B4F8603023F010031B041B0CA4F8FF
:108160006030002345F0020584F85D30A9F83070D6
:10817000A9F832805DB194F85D3043B994F85C3071
:108180002BB904F11400BDE8F04701F0A7BABDE82F
:10819000F08700BF0A80FFFF2DE9F04F0569D1F895
:1081A000008085B0A9640F6A0E46791C8246144689
:1081B0005DD0002F5DD04FF00A0927EAE777A7FBD3
:1081C0000997002C00F0208163695A1C54D0002BC1
:1081D00000F087810A2223EAE373A3FB0223B7F1AD
:1081E000FF3F08BFB9F1FF3F04D019EB02029146EF
:1081F00047EB0307DAF80430A1885A68DAF8103040
:1082000093F8323013F0030339D0012B3AD0A3F1A5
:10821000020CDCF1000343EB0C03DB02A9B38B423D
:1082200028BF0B46C3F309039380DAF80410A36850
:108230004A6898B2D08091F8271001B11060DAF83E
:1082400004002269D4E90113D0F804C04B43DAF8E2
:1082500010100AB1002B1ADC0121A34AA34805F033
:1082600054FC6FF01507384605B0BDE8F08FB946ED
:10827000A7E74FF4FA69A4E799461F46BAE74FF417
:108280000073CBE74FF48063C8E70123CAE791F896
:108290003200000707D40121954A944805F035FCC7
:1082A0006FF08507DFE7B3F5002F0AD94FF40022FE
:1082B000012100928D488F4A03F008FB6FF00B07F5
:1082C000D1E70024B3F5803F9E4628BF4FF4803E9F
:1082D000486EA3EB0E0320444260486E002B2044FE
:1082E000A0F802E072440CBF4FF0270E4FF0210EB1
:1082F000486E20F804E004F10804E3D14FF0010BCC
:108300004B6ECCF858303468A4F135035C425C41C4
:10831000A4004A463B46284601F0ECF8002840F00D
:10832000DD800621DAF80400FFF79AFE05F1140358
:108330000393EA69002A69D1B369DAF8101003F0EF
:108340000F0C73685FFA88F80393DAF80430586802
:1083500081F85C2081F85D20A1F8602081F85E2022
:1083600081F85F2081F862C00CF1FF3C5FFA8CFC61
:10837000BCF1080F9BBF604B604AC02313F80C3060
:1083800098BF12F80C20BBF1000F6BD0012381F8CD
:108390005D30DAF8043093F827E0D3F804C0BEF17A
:1083A000000F39D193F826309B00B8F1190F42D84D
:1083B000B8F1100F32D8B8F1060F14BF0023112303
:1083C000ACF80C30CB23038740F2FF3301244FEA93
:1083D000082808F47C58438748EA4B18039B42EA74
:1083E0000802836081F85C40C2813B464A4605F141
:1083F000140001F0A7F90746002838D195F85C3041
:10840000002B3FD03E4A33E0A34682E70022002300
:10841000039801F097F98CE70823C6E7A8F1110447
:10842000082C0ED8DFE804F01C0F0D0D0D0D0D0506
:1084300012000123C4E7B8F1330F11D0B8F1350FA2
:1084400007D00023BCE743F03303B9E743F023032D
:10845000B6E7042C0CBF2223002343F00103AFE74F
:108460001123ADE743F00103A0F80CB0ABE7254AB8
:1084700001211E4805F049FB284601F0ADF86FF0D8
:108480007307F0E695F85D30002BBBD1DAF80430C5
:108490005A681369EB645169296590696865D46904
:1084A000AC65B269032A11D1020E42EA042272615C
:1084B0000A0E42EA002232611A0E42EA01221B022F
:1084C000F260B360284601F087F8CCE6B3602B6D0C
:1084D000F3606B6D3361AB6D7361F3E76FF00F07A2
:1084E000C1E6094A7BE600BF9810010CA4ED000C20
:1084F000C010010CEF10010CD716010CCE16010CA8
:108500005311010C2211010CA08601002DE9F84342
:10851000436805465E680769B38D0C46580718D551
:1085200000F008FD8046DFF80091736A99070AD0D1
:1085300000F000FDA0EB08034B455DD902213B4A4A
:108540003B4805F0E2FAB38D23F004031B041B0C37
:10855000B385384A97F83130534397F83620002ACC
:108560004ED161004A1E1344B3FBF1F3B28D9BB2AE
:1085700022F020021204120CB2856A682E49526859
:108580008C4292F82810CCBF41F0040101F0FB01AD
:1085900082F8281096F82820520702D5012B38BF00
:1085A0000123B28D990802F03F02B285B28D01F02D
:1085B000C00192B241EA032313439BB2B385B38D4A
:1085C000194D9BB243F00103B38500F0B3FC0446A0
:1085D000B38D9B0709D400F0ADFC031BAB421ED941
:1085E0000221164A124805F090FAB38D9BB243F06F
:1085F0000403B385BDE8F883012005F004FB94E78C
:1086000002FB0333621E1344B3FBF4F39BB20BB1C2
:10861000013B9BB2B28D92B242F02002ACE7012046
:1086200005F0F1FAD4E700BFBFD401008711010CB7
:10863000A4ED000C40420F0040787D01B811010C00
:10864000F8B5436805465C681F4F94F82F3043F037
:10865000010384F82F3000F06DFC064694F82F30AB
:10866000DB0709D500F066FC831BBB4227D902213A
:10867000164A174805F049FA40F2FF3348F2FF1254
:108680006386228640F2FF12A286E3860E2384F8D8
:108690002E3094F82830284643F0100384F8283010
:1086A0000F230C4984F82930FFF730FF94F8283065
:1086B00003F0F90384F82830C0232387F8BD012094
:1086C00005F0A1FACAE700BFBFD40100EC11010C0C
:1086D000A4ED000C801A06002DE9F8430E46096847
:1086E000044600AFF9B10369D3E90935A94201D3C2
:1086F000994216D96C468AB06A46CDE907530523DC
:108700003948CDE9050142F8103F384800234FF4BD
:108710002151F8F785FD6FF01500A546BD46BDE86F
:10872000F883FFF7F3FE63685D687379012BAB8D07
:1087300017D123F005031B041B0CAB85B3794BB198
:10874000042B2ED163685A6892F8283043F0020354
:1087500082F82830F379012B34D0022B3CD0244A04
:1087600029E09BB243F00103AB8500F0E3FB8046B8
:10877000DFF88090AB8D9B070AD400F0DBFBA0EB09
:1087800008034B4509D902211B4A184805F0BDF9D9
:10879000AB8D9BB243F00403CFE7012005F033FA21
:1087A000E8E7012B06D163685A6892F8283003F095
:1087B000FD03CDE7114A0D48012103F07DF86FF06C
:1087C0008500ABE763685A6892F8283003F0FB0332
:1087D000002082F82830A1E763685A6892F82830B0
:1087E00043F00403F4E700BF0A12010CA4ED000CEF
:1087F0005112010CBFD401007112010C3312010C93
:108800002DE9F74F46680746D0F81090B06805F09C
:1088100020FA50B901217D4A7D4805F076F96FF0C4
:108820001204204603B0BDE8F08FD6E9020105F03E
:108830005AF902280FD0D6E9020105F04DF9044695
:1088400048B110F1780F06D00346724A01217048F2
:1088500003F032F8E5E73169B06805F044F9022821
:108860000BD03169B06805F037F9044628B110F132
:10887000780F02D0684A0346E8E77169B06805F0EE
:1088800032F902280BD07169B06805F025F9044669
:1088900028B110F1780F02D0604A0346D6E730685D
:1088A00080B1002101AA05F005F9041E07DB019B38
:1088B000002219791868FFF73DFB041E02DA584AB6
:1088C0002346C3E724220021D7F804A03D69DAF843
:1088D0000430A8180191D3F840B0D3F8448005F0D3
:1088E0003DFEDAF81C3095F83020AB62DAF8203023
:1088F00002F040026B62DAF818301BF47F4FEB6233
:108900002BF0400343EA020385F83030CBF3072312
:108910002AD1DAF80800DAF810108368DB68E3B1CE
:1089200001AA98470446D8B1019B01213D4A384825
:1089300002F0C2FF002C66DB3846FFF781FE484696
:1089400005F081FA0122002109F1140005F024FB51
:108950003846B36A9847002463E76FF05704E3E7AB
:10896000019B314AB3FBF2F385F8313095F8323090
:10897000CBF3C04223F0030385F83230BAF8243039
:108980004FEA1848A3F108014B424B419B0043EAD0
:10899000C203CBF3405243EA4213CBF3805243EA83
:1089A0008213CBF3C05243EAC213CBF3006243EA13
:1089B0000223CBF3406243EA4223CBF3407243EA03
:1089C00042336A8E4FEA9B7B43EA8B3302F01302F9
:1089D00013436B86AB8E85F8368003F48453AB86E5
:1089E00095F8373023F0180385F83730BAF824307B
:1089F000181F4342434185F84430002385F8453031
:108A0000A5F8463098E7094A23461FE79812010C5B
:108A1000A4ED000CAF12010CC912010CE312010C01
:108A20000213010C1B13010C80841E003C13010C6B
:108A30000121024A024802F036BF00BF8E13010C2A
:108A4000B4ED000C70B5054600F074FA0446094E0A
:108A5000EB69DB060CD000F06DFA031BB34203D9BF
:108A6000BDE87040FFF7E4BF022005F0CCF8EFE767
:108A700070BD00BFBFD40100F7B50D464768066959
:108A8000BC682368204623F002032360FFF7DAFF67
:108A9000EB79002B64D1F3712979022960D8204643
:108AA00005F093F82B7933716B79012B52D1636800
:108AB00023F0400363602046FFF7C4FF6B797371B6
:108AC000AB79042B4CD82B4A2046D35C626822F049
:108AD00007026260626813436360FFF7B3FFAB791C
:108AE000B3710023B86901938368DB6813B1396AF5
:108AF00001AA9847019A2868002A34D05308010B2C
:108B00000005C01841F100010023F7F779FA4FF68C
:108B1000FF72431E61F10001934271F1000125D201
:108B20002368404280B223F460432360A0812B6815
:108B3000204633607B7B012B02BF236843F0800318
:108B40002360236843F002032360FFF77BFF0020CC
:108B500003B0F0BD032B03D1636843F04003A9E7E2
:108B60006FF08500F4E76FF01500F1E76FF021007A
:108B7000EEE700BFE016010C2DE9F34146680769F6
:108B8000B069B468836896F80C801B68316A2BB9A9
:108B90006FF05705284602B0BDE8F08198470546BA
:108BA00010B110F1780FF5D1D6E9060183681B6882
:108BB000002BEDD09847054610B110F1780FE9D1A0
:108BC000BF2323750023FB713379042B02D96FF087
:108BD0008505DFE7504A2046D35C626822F0070231
:108BE0006260626813436360FFF72CFF33792046AD
:108BF000BB71717904F0E9FF73793B71B379012B93
:108C000079D1636823F0400363602046FFF71AFFC1
:108C1000B3797B71B16832690B68120523F44C1388
:108C200002F440121A4373691B0403F440331343E4
:108C30000B60236843F000532360236823F01C0378
:108C4000B8F1000F5ED023602368002143F0804319
:108C50002360706A01AA04F02DFF051E9ADB019BB8
:108C6000002219791868FFF765F90546002891D1A7
:108C70006368204643F400336360FFF7E3FE6368F4
:108C8000204643F480336360FFF7DCFEB069316A4D
:108C90008368DB680BB101AA9847019A3068002A03
:108CA00033D05308010B0005C01841F10001002327
:108CB000F7F7A6F94FF6FF72431E61F100019342E8
:108CC00071F1000124D22368404280B223F4604352
:108CD0002360A081336820463B60737B012B02BF79
:108CE000236843F080032360236843F0020323607A
:108CF000FFF7A8FE4EE7032B7FF469AF636843F0EC
:108D0000400381E743F004039DE76FF0150541E759
:108D10006FF021053EE700BFE016010C4FF0E023A5
:108D20000D4A9969126818699B69002908BF1146A4
:108D3000002B08BF134610F4803F084801D1994228
:108D400005D20168114401604FF0E0210969006813
:108D50001044C01A704700BFAC170020A8170020AD
:108D60002022094B002083F8232042F6E062074BC3
:108D70001A60074B42F6DF6218604FF0E0235A6139
:108D8000072298611A61704700ED00E0AC170020DF
:108D9000A8170020684620F007018D4619B5FFF797
:108DA000BDFF1449144B0868D3E90042001942F191
:108DB0000002C3E9000200230B6042F6E0630F4AA1
:108DC000D2E90041001BB0FBF3F043431B1941F112
:108DD0000001C2E90031EFF31181202383F31288EF
:108DE000BFF36F8F01F040FBF9F798F9BDE8194028
:108DF00085467047A8170020700C0020680C0020E2
:108E00002DE9F041374E89B1421C0AD14FF0E022E2
:108E1000136923F0010313614FF07F433360BDE812
:108E2000F0813568012806DC00240AE0431C35681F
:108E3000F8D140F2755040F276539842A8BF1846D8
:108E4000441EEFF31187202383F31288BFF36F8F43
:108E5000FFF764FF4FF0E0232349D3F818C0D1E9AE
:108E6000002380184FF0000243F10003C1E9000322
:108E70001E4B1A601E4B1A68831A2DD442F6E06E00
:108E800042F6DF6814FB0E841C44B4FBFEF4131A94
:108E90000EFB0433B3F5806F38BF4FF48063154A7F
:108EA000934228BF13464FF0E0223360013B9469A0
:108EB00053610023A4459361ACEB0400D1E9003277
:108EC0000DD20544EB1842F10002C1E9003287F3EC
:108ED0001188BFF36F8FA2E74FF48063E3E7C318F5
:108EE000F1E700BFAC170020700C0020A81700208D
:108EF000680C002060CCFF0038B5EFF3118520230B
:108F000083F31288BFF36F8F084B1C68084B1B68F4
:108F1000E41AFFF703FF85F31188BFF36F8F42F662
:108F2000E0632044B0FBF3F038BD00BF700C0020BC
:108F3000680C002038B5EFF31185202383F31288E5
:108F4000BFF36F8F044B1C68FFF7E8FE85F31188B1
:108F5000BFF36F8F204438BD700C002010B504465D
:108F6000F8F790F803480121034A02F09CFC2046E0
:108F700004F07AFE8CED000CDA13010C2DE9F843B5
:108F800004460D4600AFEFF31188202383F31288C7
:108F9000BFF36F8F04282A4A98BF2A4BE9468AB04C
:108FA0009668117C98BF53F820306A4688BF264BDC
:108FB000CDE9073140F201332448ADF82430244B89
:108FC000CDE9050442F8103F00234FF43151214808
:108FD000F8F726F9CD4645B1EB69C3F3080323B191
:108FE00001211D4A1B4802F05EFC2EB1304605F0FF
:108FF00030F808B1037803B91848E9468AB06A46E0
:10900000174B0790CDE9053640F20133ADF820301B
:10901000144B42F8103F00234FF411510D48F8F75C
:10902000FFF82946CD462046FFF798FF88F31188C0
:10903000BFF36F8F3046F9F781F8BD46BDE8F8837E
:10904000B0170020A4F0000CE913010CFF13010C71
:10905000050000018CED000C2714010CF713010C26
:109060004814010C0400000138B50A4B53F82040A5
:10907000013053F82050A54200D838BD606830B1A7
:10908000037EDB0701D404F0CCFD0834F3E723684A
:109090009847FAE7B8F0000C012270B5294B86B06A
:1090A00003201A70FFF7E0FF01F094FB0420FFF7A4
:1090B000DBFF254C254D2646AE4204F130040FD38C
:1090C00001F058F8204CAC4226D301F067F8F7F7CE
:1090D000ABF91F4A938923F00103938106B070BD59
:1090E00054F80C3C059354F8103C049354F8143C89
:1090F000039354F8183C029354F81C3C019354F821
:10910000203C009354E90A2354E90C0100F0E6FCEA
:1091100054F8303C5E65CEE7D4E90A23B3F1FF3F53
:1091200008BFB2F1FF3F05D052EA0301206803D126
:1091300000F01EFD3034C6E70649183001F004F98E
:10914000F8E700BFE8170020A0EC000CD0EC000C02
:10915000000D002079E1000C882370B5134E012228
:1091600003FB0066002386B0CDE904230F220193A0
:10917000CDE9023214234FF4A0720D4D0D4903FBCB
:109180000055044602FB00110B4B3046009500F0E1
:10919000A5FC337C2C7423F004033374074B013497
:1091A00003EBC423EE606B6006B070BD780C00204A
:1091B000B0170020F02C0020F9DD000CF024002076
:1091C0007FB50020FFF750FF2C4B83F30888002564
:1091D000E0232B4C84F82230E57725766576A5765A
:1091E00084F82050E576636A43F4E0236362636A9F
:1091F00043F400236362A563E3689BB243F0BF635B
:1092000043F40833E360F8F7A7FEF8F781FF4FF067
:10921000FF33A362E362F9F771F9F8F7F3FFF7F7A9
:1092200095FE184800F098FC0120FFF71DFF022072
:10923000154CFFF719FF00F095FF144B4FF4006237
:109240005C61134B1349059301232046CDE9035379
:10925000CDE90155104B009500F040FC0646237CFB
:10926000204623F00403237404F04EFF2846FFF742
:1092700073FF31462046084AF8F72EFFF02C0020F5
:1092800000ED00E0880D0020000D0020B017002048
:109290000AF3000C302E00209990000C38B5064CD3
:1092A000064DAC4201D3002038BD2046D4E901125E
:1092B00004F024FD1434F4E7040400201804002012
:1092C00030B5054B85B0DDE908450293CDE9004591
:1092D00004F0D2FC05B030BD1FB0000C38B5074C0F
:1092E000074DAC4201D3002038BD204604F02AFDD2
:1092F00008B91C34F5E76FF01500F5E7E803002026
:109300000404002073B50C46EFF31181202585F38A
:109310001288BFF36F8FC5685DB125602B68C3608D
:10932000836901338361002081F31188BFF36F8F5C
:1093300011E052EA030603D16FF00B002560F3E75A
:10934000CDE900230246083000F02AFE18B9034B8D
:109350009B685B69236002B070BD00BFB01700203E
:10936000F7B50D4604469DF82010EFF31187202035
:1093700080F31288BFF36F8F266AE068864240D27E
:109380002668B4421AD0CEB1304604F040FD06F152
:10939000180004F0D0FF2946002554F8082F706902
:1093A00005F0CFF83046C6F8805004F0ADFE2046F8
:1093B000394604F007FF284603B0F0BDA268A9B102
:1093C0002946E06905F0BDF8E369A26813446269C3
:1093D000E361934201D12369E3610020236A0133F1
:1093E000236287F31188BFF36F8FE5E7A0692369D4
:1093F0002946984208BF6069801AA06105F0A1F86B
:10940000EBE752EA03010BD0074904F10800896831
:109410004D61CDE900233946224600F0C1FDCBE77E
:109420006FF02200DDE700BFB0170020F7B504465B
:109430000846EFF31186202181F31288BFF36F8F66
:10944000216A00293BD0A268A16905F07AF8A369D6
:10945000A268256813446269A361934204BF23692B
:10946000A361236AAC4203F1FF33236236D028465E
:10947000002D34D0002704F0CAFC05F1180004F0D8
:109480005AFF6969A268E06905F05BF8E369A268C0
:10949000284613446269E361934204BF2369E36190
:1094A000236A01332362C5F8807004F02DFE04F1B5
:1094B0000800314604F086FE384603B0F0BD52EA9B
:1094C000030111D00A4989684861CDE9002331467A
:1094D000224604F1080000F063FDEEE7002086F369
:1094E0001188BFF36F8FE8E76FF02200F7E700BF46
:1094F000B01700202DE9F341044617461E46EFF34E
:109500001188202383F31288BFF36F8F304BC2681A
:109510009B6872B18068984217D057EA060216D14C
:1095200088F31188BFF36F8F6FF00F0002B0BDE8B2
:10953000F08193F90E1001322161C4E9023288F3FF
:109540001188BFF36F8F0020F0E72169F3E793F9EB
:109550000E1090F90E30994230DA9942A8BF1946A0
:1095600004F069FC054622464146CDE900761948DB
:1095700000F016FD0028E6D0EFF31186202383F3D8
:109580001288BFF36F8FA068D0B1236821699C4215
:109590000AD04BB193F90E309942A8BF19466FF02B
:1095A0007F039942B8BF194604F045FC40B13146EB
:1095B000084804F007FE6FF00A00B7E70025D2E77D
:1095C000002DF4D186F31188BFF36F8FF3E700BF4E
:1095D000B0170020E9170020F8B583680546002B76
:1095E00040D0234A926893423FD1C368012B03D9EC
:1095F000013BC3600020F8BDEFF31187202383F304
:109600001288BFF36F8F0169806804F014FC2C6826
:10961000A54207D10023C5E9023387F31188BFF3C0
:109620006F8FE7E7002CF5D0D4E9003200261360F5
:109630005A60237CC4E9006623F002032374A66009
:1096400004F1180004F077FEAC6094F90E30204667
:109650002B61C4F8806004F057FD3946054804F0DA
:10966000B1FDC7E76FF01500C5E74FF0FF30C2E767
:10967000B0170020E917002037B51146EFF3118528
:10968000202282F31288BFF36F8F04689CB1236895
:10969000426823F003039442036008BF4360012142
:1096A000204604F04CFC044685F31188BFF36F8F0D
:1096B000204603B030BD51EA0302F5D000F10802A4
:1096C000CDE900131046294600F06AFC0028EFD1CE
:1096D000014B9B685C69EBE7B017002070B5EFF3B6
:1096E0001186202383F31288BFF36F8F0468A04292
:1096F0001BD0D4B1D4E90032002513605A60237C1A
:10970000C4E9005523F002032374A56004F1180096
:1097100004F011FE2046C4F8805004F0F5FC3146F8
:10972000BDE87040064804F04DBDD0E902329A42CF
:1097300018BF0133836086F31188BFF36F8F70BD4C
:10974000E917002013B5EFF31181202484F3128868
:10975000BFF36F8F846844B1013C846081F311884A
:10976000BFF36F8F002002B010BD52EA030406D190
:1097700081F31188BFF36F8F6FF00F00F3E7CDE92E
:1097800000230246014800F00BFCECE7E91700203B
:109790002DE9FF4104462027534EEFF3118887F34C
:1097A0001288BFF36F8FD4F88C50F5B9022104F101
:1097B000A40004F0FDFB002870D004F19C050022F9
:1097C0000121284604F074FD0028F8D100234FF051
:1097D000FF3202934FF0FF334146CDE90023434867
:1097E00004F1940200F0F0FCD7E7D4F890202B6845
:1097F0009542C4F88C3008BFC4F89030D4F8A43037
:1098000043F00203C4F8A430EB6823F0040343F0F0
:109810000103EB606B6888F31188BFF36F8F2846F4
:109820009847EFF3118887F31288BFF36F8FEB68C7
:10983000D80623F001023ED4EA60EB689A0717D5F8
:10984000306823F00203EB6090B10021036878B127
:10985000426895423DD10368002934D17268336073
:10986000904200D17360002340F8083BFFF736FFB9
:10987000D4F8A43023F00203C4F8A430DB0530D4BC
:10988000D4F88C30003B18BF012388F31188BFF354
:109890006F8F002B81D004F0FDFB7EE7D4F8A4305D
:1098A000D90693D5C4F8A40088F31188BFF36F8F4D
:1098B00004B0BDE8F08123F01103EB6005F1100066
:1098C000FFF70CFFB9E70B607368984208BF71603F
:1098D000C9E701461BB11A6818461346B7E71A468E
:1098E000FAE70023D1E700BFD0170020E9170020D6
:1098F000F8B5C36804469A070E46C3F3400542D440
:109900005F0742D40B680BB983680B60E368D80724
:1099100042BFA36802253360376858BF012557B39B
:109920001B4B9A68D7F888309A421ED104F088FB06
:1099300080F00100C0B2D7F8A430D907C3F3800289
:109940001CD5F2B1F8B100232360D7F8903073B979
:10995000C7E92344384604F045FBE36843F00403B9
:10996000E3603368A3602846F8BD0020E3E71C608D
:10997000C7F89040EEE76FF0150506E06FF01205AE
:1099800003E01B07DFD56FF00F0500233360EAE724
:10999000B0170020F0B50446002089B00E9DC4E940
:1099A000230004F19400C4E9250004F19C00C4E9FB
:1099B000270055B32879002840F2011008BF012084
:1099C000C4F8A40000204FF0FF364FF0FF37CDE978
:1099D0000330CDE90100CDE9066720460C4B009429
:1099E00000F0EAF855B1296811B1204604F02EFBC9
:1099F0006B791BB1A38943F00103A381204600F0DA
:109A0000B7F8C4F8884009B0F0BD0120D8E700BF1E
:109A10009197000C37B501900846EFF3118420218F
:109A200081F31288BFF36F8FC16811F01E0F16D13A
:109A300053EA020508D101A9FFF75AFF84F3118800
:109A4000BFF36F8F03B030BD41F00801C1600199D1
:109A500010308161034900F077FC0120EEE700201F
:109A6000ECE700BFF3DF000C01460148FFF7D2BF6F
:109A7000300E0020F7B50C4616461D460190EFF358
:109A80001187202383F31288BFF36F8F084604F0F9
:109A90009AFA55EA060309D1204601A9FFF728FFE3
:109AA00087F31188BFF36F8F03B0F0BDE3683246D0
:109AB00043F00803E360019B0449A36204F1100032
:109AC0002B4600F041FC0120EAE700BFF3DF000C69
:109AD00001460148FFF7CEBF300E00202DE9F043CC
:109AE000984685B000F15803C0E91633109B002654
:109AF00083810423073222F0070503740F9B01EBD7
:109B000005090F4683734946C0E906668660C67339
:109B10000446F7F74FFF0E9B073020F00700206741
:109B2000C4E91A7502930D9BA9EB000901930C9BE4
:109B30004A460093394643462046F8F7B1FA054BAA
:109B400066659B6803B15B6F4846636705B0BDE817
:109B5000F08300BFB017002001230374838100232A
:109B6000C0E91A334367014B98607047B017002073
:109B700038B50446EFF31185202383F31288BFF331
:109B80006F8F037C5B070FD5183004F0D4FB237C68
:109B9000204623F00403237404F0C5FA2946BDE8E7
:109BA0003840044804F00EBB85F31188BFF36F8F73
:109BB00038BD00BFE9170020F0B5002587B0059536
:109BC000109DDDE9127604950F9D044603950E9DC8
:109BD00002950D9D01950C9D0095FFF77FFFB6F155
:109BE000FF3F08BFB7F1FF3F05D056EA070305D195
:109BF0002046FFF7BDFF204607B0F0BD3A4633468A
:109C000004F11800014900F09FFBF4E779E1000C32
:109C10006FF00A01094A9368C3F880100849D867B1
:109C20004B6843F080534B60002383F31188BFF3EC
:109C30006F8F9368D3F88000704700BFB017002083
:109C400000ED00E038B590F910200146002A037CB1
:109C500004DA03F07F03037404F01EFA0D4D2A4664
:109C600052F8184FAB68944200D004B9EC688B42AC
:109C700007D01A7CD20604D1DA897F2A01D9A269D9
:109C80002AB1A34202D0204600F0E0FA23466B61DD
:109C900038BD00BFB017002070B590F91020037CCC
:109CA000002A2FDBD9062DD11A4C63F07F03224600
:109CB000037452F8183FE169934207D1C0E90021CB
:109CC0000860E0610FE09942F8D01B68002BF5D0E6
:109CD00093F90E6090F90E50AE42F4DD5968C0E978
:109CE000003108605860A569954200D005B9E56863
:109CF000A3681A7CD20606D1DA897F2A03D9AA6919
:109D00000AB9636170BDAB4202D0284600F09EFAEA
:109D10006561F7E7B0170020034648B9EFF3058205
:109D200032B9064A51699268914201D0FFF770BF7B
:109D300083F31188BFF36F8F704700BFB017002007
:109D400038B5184CA168E0690B68814214BF1A4607
:109D5000002249680B605960A368E1692AB9124A78
:109D6000C3E900210B60E3610AE092F90E5093F918
:109D70000E00854212DD5168C3E900210B6053607B
:109D8000A569094B9D4200D005B9E568A3689D42CD
:109D900002D0284600F05AFA656138BD8A42DED00A
:109DA0001268DBE7B0170020C8170020002A2DE951
:109DB000F0470CBF4FF010094FF00809027C044631
:109DC00019EA020F0E460F4628D149EA0203D209CA
:109DD00046D10374B9F1080F48D04FF00008DFF8FE
:109DE000F0A0534653F8185F9D4200D00DB9DAF841
:109DF0000C50DAF80830AB4202D0284600F026FAC0
:109E0000B9F1100FCAF8145008D0204601F06CFECA
:109E1000B8F1000F02D02F48FFF79EFE2C4B9B6835
:109E2000A3424FD1EFF30583002B4BD1A289D20778
:109E300011D586F31188BFF36F8F83F31188BFF3B9
:109E40006F8F0423184602DFEFF31187202383F37B
:109E50001288BFF36F8F3846BDE8F047FFF7D8BED2
:109E600003F07F03037404F017F9B3E7A36813B199
:109E7000204604F019F904F1180004F05CFAA56D0D
:109E800004F15808A84511D04FF0000A75B12846D2
:109E900004F00AF905F1180004F04DFA2846C5F857
:109EA00080A0FFF7F9FEA56DA845EFD1084B9B6890
:109EB0009C4292D1EFF30588B8F1000818BF4FF02B
:109EC00001088CE786F31188BFF36F8FBDE8F08738
:109ED000B0170020880D002070B50F4D06462B46A8
:109EE00053F8184F9C4200D004B9EC68AB681A7C58
:109EF000D20604D1DA897F2A01D9A2692AB1A34204
:109F000002D0204600F0A2F923466B613046BDE83E
:109F10007040FFF701BF00BFB017002070B5EFF32E
:109F20001186202383F31288BFF36F8F1A4CA16828
:109F3000E0690B68814214BF1A46002249680B6031
:109F40005960A368E1692AB9144AC3E900210B608A
:109F5000E3610AE092F90E5093F90E00854216DD96
:109F60005168C3E900210B605360A5690B4B9D420A
:109F700000D005B9E568A3689D4202D0284600F0EC
:109F800065F965613046BDE87040FFF741BE8A4221
:109F9000DAD01268D7E700BFB0170020C81700203A
:109FA000F8B5124B0C46DDE9067611469868104A62
:109FB0001060EFF31182202282F31288BFF36F8FBB
:109FC0009D68284604F07AF8B6F1FF3F08BFB7F164
:109FD000FF3F06D03A463346064905F1180000F027
:109FE000B3F92046BDE8F840FFF712BEB0170020D5
:109FF000D817002079E1000CF8B50446EFF311877B
:10A00000202383F31288BFF36F8F037C49B203F0E0
:10A010001F02002A0CBF0126002635D103F07F0362
:10A020002A4D037404F038F82A46037C817363F0E8
:10A030007F03037452F8183FE869934207D1C4E9DB
:10A0400000200460EC610DE09842F8D01B68002B02
:10A05000F5D093F90EC08C45F6DD5968C4E900319E
:10A060000C605C60AC69944200D004B9EC68AB68E9
:10A070009C4202D0204600F0E9F86C6187F3118819
:10A08000BFF36F8F3046F8BD9B071CD5856804F081
:10A0900003F881732B689D4209D16B68C4E90053B2
:10A0A0001C606C60EAE76A689A42F6D01B68002B75
:10A0B000F3D093F90E208A42F5DD5A68C4E90032E4
:10A0C00014605C60DAE78173D8E700BFB017002046
:10A0D000F8B550EA010306460C4603D103F0DAFF57
:10A0E0000020F8BDEFF31187202383F31288BFF31C
:10A0F0006F8F184D184BA868186004F016F8A86800
:10A10000324623461549183000F01EF9AB68044664
:10A110001A7CDF6742F004021A746FF00A02C3F877
:10A1200080200F4A536843F080535360002383F329
:10A130001188BFF36F8FAA68D2E90A12B2F1004FFB
:10A1400008BF9942CCD104F02BF9201A20EAE07024
:10A15000C7E700BFB0170020D817002079E1000C36
:10A1600000ED00E0024B03F11802C3E9062270473C
:10A17000B0170020EFF31181202383F31288BFF37F
:10A180006F8F054B9A68D37B013BD37381F31188A2
:10A19000BFF36F8F704700BFB0170020EFF311803F
:10A1A000202383F31288BFF36F8F034B9A68D37B0E
:10A1B0000133D373FFF790BEB0170020014B9868AE
:10A1C000704700BFB0170020D3B5DDE90667089CD3
:10A1D000CDE90067FFF7E4FE1CB1034B9B685B69A8
:10A1E000236002B0D0BD00BFB0170020027C034640
:10A1F00012F01F0210D10A4988420DD0094908689F
:10A2000068B1D9897F2909D893F90E20064B1B68BC
:10A210009A42B8BF00207047002070471046704730
:10A22000780C002050030020DC1700200122044B92
:10A23000C01A044BC0105843034B1A54704700BF58
:10A24000100E0020ABAAAAAAE917002070B50C4B8B
:10A250000C4D1E7CFFF7CAFF182303FB065504466E
:10A26000284604F068F80022074B9A553CB1621E5C
:10A270002846BDE870400549D31700F065B870BDA9
:10A28000B0170020100E0020E91700202DA2000CAE
:10A2900038B5EFF31185202383F31288BFF36F8F56
:10A2A0000F4B104A9C681068A04206D1FFF7CEFF02
:10A2B00085F31188BFF36F8F38BD00211B7C1160BF
:10A2C000094AD35C002BF3D02046FFF78FFF00280C
:10A2D000EED0237CDB0601D1FFF732FD2046E5E717
:10A2E000B0170020D8170020E9170020024B18688B
:10A2F000984208BF0020704754030020034B1B689E
:10A300000BB9FEF7F9BD0020704700BFE017002031
:10A3100030B570B10B4B5B6898420AD0036843B10B
:10A32000D3E90421D0E90445121941EB0501C3E941
:10A330000421D0E9003213605A600023C0E90033E1
:10A3400030BD00BF54030020B3F1FF3F08BFB2F19E
:10A35000FF3F2DE9F84F0446994615461F467AD02F
:10A360008160EFF31188202383F31288BFF36F8F8E
:10A37000B9F1000FDFF8E4A020DBFFF7BFFFDAE957
:10A380000027013549F100092D1849EBE073064615
:10A390004FF00109C4E90453AD1843EB0707FFF779
:10A3A000A5FF0346DFF8B8E0DEF804A0EBB9C4E986
:10A3B00000EACAF80040CEF8044028E06FF001033C
:10A3C000DAE900125B1A4FF0FF3161EB02025B1B0E
:10A3D00062EB0902012B72F10001BCBF01230022D4
:10A3E0004FF00009C0E90432D9E7D3E9041CD4E9ED
:10A3F00004208A4270EB0C0B24DA891A5A686CEB41
:10A400000000C3E90410C4E9003214605C60FFF787
:10A410006DFF84420ED1134B1B685BB9B9F1000F7D
:10A4200002D1FFF76BFF0646304603F06DFF0021B7
:10A43000FEF7E6FC88F31188BFF36F8F2846394694
:10A44000BDE8F88F521A60EB0C005345C4E90420B4
:10A45000ADD01B68AAE700252F46EFE7280E0020A5
:10A4600054030020E01700202DE9F047DFF8A89002
:10A470000246C9F800000D46FFF738FF0026002706
:10A48000DFF898804FEAE27ED8E9001350B1D0E9B6
:10A49000044CA2427EEB0C0A1ADAA41A6CEB0E06EC
:10A4A000C0E904460024521843EB0E032046C8E9D5
:10A4B0000023C9F8004003F027FF2146FEF7A0FC67
:10A4C00085F31188BFF36F8FBDE8F047FFF7E0BE5B
:10A4D000611843EBE473C0E90467C8E90013FFF7B0
:10A4E00017FF01224FF00043C0E9042385F31188D0
:10A4F000BFF36F8F83689847EFF31185202383F3B1
:10A500001288BFF36F8FD9F80020121BC9F8002002
:10A51000FFF7ECFEB6E700BFE0170020280E002092
:10A5200010B5EFF31184202383F31288BFF36F8FEC
:10A53000FFF7E4FE0346054AD2E90001181841EB93
:10A54000E37184F31188BFF36F8F10BD280E0020D4
:10A55000F8B50446EFF31187202383F31288BFF385
:10A560006F8FD0E90423B3F1004F08BF012A04D054
:10A5700087F31188BFF36F8FF8BDD0E90A566A1CC4
:10A5800046F10003022A73F1000334D3013D46F182
:10A59000FF36002EBCBF00252E4603F005FF01301C
:10A5A00041F10001401946EB0101012871F1000160
:10A5B00048DB03F0F9FE6FF00203013041F10001C6
:10A5C000401946EB010183426FF000438B413EDBB3
:10A5D00003F0EAFE013041F100016FF00102401981
:10A5E00046EB01034FF0FF31121A61EB03032046E3
:10A5F0001949FFF7A9FE236B01332363236A63B173
:10A6000087F31188BFF36F8F20469847EFF31187C8
:10A61000202383F31288BFF36F8F54F8185FA5428D
:10A62000A6D0002DA4D0284603F081FD0023C5F854
:10A63000803087F31188BFF36F8F2846BDE8F8405C
:10A6400003F062BD6FF001024FF0FF33CFE700224D
:10A650004FF00043CBE700BF51A5000C2DE9F041BE
:10A6600005461C4690461F46EFF31186202383F3D0
:10A670001288BFF36F8FB4F1FF3F08BFB2F1FF3F05
:10A6800005D186F31188BFF36F8FBDE8F081002CF0
:10A6900009DB012A74F10003BCBF0122002412F17E
:10A6A000FF3844F1FF37284603F045FEDDE9060197
:10A6B0000023C5E90A012B6342463B46284602496E
:10A6C000FFF742FEDDE700BF51A5000C70B505465F
:10A6D000EFF31184202686F31288BFF36F8F03F007
:10A6E0002AFE20B184F31188BFF36F8F70BD6B6AAF
:10A6F00063B184F31188BFF36F8F28466B6A984764
:10A70000EFF3118486F31288BFF36F8F05F1180001
:10A7100003F042FD0028E5D003F0F6FC2146BDE839
:10A720007040014803F04EBDEA17002073B504469F
:10A73000EFF31186202383F31288BFF36F8F8368B2
:10A74000594003EA02050A40534000220093094998
:10A750006B46019203F078FDDDE9003223EA020343
:10A7600004F10C003146A36003F02CFD284602B032
:10A7700070BD00BFD7E4000CF8B507460C4616467E
:10A7800003F05EFC08B10020F8BD0D4B9B685D6FC7
:10A79000002DF8D0221DF6D2EFF31184202383F38D
:10A7A0001288BFF36F8F284647F00401B04784F347
:10A7B0001188BFF36F8F0028E5D040F8045BE3E712
:10A7C000B01700200146024A0020FFF7D5BF00BFA6
:10A7D00019B0000C014800F046BD00BFAD14010CDB
:10A7E00007B5074B4FF48062009306494FF0FF33E3
:10A7F0000548FFF7CFF8002003B05DF804FB00BF69
:10A80000D0F0000C30360020300E00200CB430B5F3
:10A810008BB004460D462022002102A803F09EFEC4
:10A820000223002D06948DF80A300C4B039312DBA3
:10A8300001D06B1E1C440FAA0E9902A80794019226
:10A8400000F00EF815B1069B00221A700BB0BDE89F
:10A85000304002B070470024EDE700BF7BE6000CFB
:10A860002DE9F04F43688BB0804692460093837881
:10A870009C0740F1F98000250878002800F0F68058
:10A8800025280AD04B1C019301354146009B98476F
:10A890000028C0F2E3800199EEE74E788B1C252E4C
:10A8A0000193F1D000270A22B9463C461F2C22D83A
:10A8B000A6F12003102B20D8DFE803F0141F1F1A85
:10A8C0001F1F1F0B1F1F1F121F171F1F090044F000
:10A8D0000104019B13F8016B0193002EE6D13AE0CD
:10A8E00044F0020444F00404F3E744F00804F0E701
:10A8F00044F01004EDE77F2C24D8A6F13003092B97
:10A9000008D860064EBF02FB073744F0200402FB64
:10A910000939DEE72A2E0DD161065AF8043B53D4DB
:10A92000002BA7BF44F020049946C3F1000944F06E
:10A930002804CEE72E2E05D1630600F1978044F05F
:10A940004004C6E76C2E2ED028D8682E32D06A2E4E
:10A9500037D04C2E35D0002F46F02003B8BF24F05E
:10A960004004A3F16502BCBF0027A4B2022A01D9AA
:10A97000612B2BD10AF1070A07279D4E2AF0070AFF
:10A980000AF1080A210760D506EB070B34465C453F
:10A990005DD1AE1BA9EB0709A21959E1742E98D01D
:10A9A0007A2E96D0D7E7260648BF44F4007444F0C8
:10A9B00080048EE7E00548BF44F4007444F48074DA
:10A9C00087E744F4207484E71F4682E7A6F1630218
:10A9D000122A00F2D880DFE812F013004D00D600F2
:10A9E000D600D600D6004D00D600D600D600D60040
:10A9F000D600E800D100D600D6001A00D600A0008C
:10AA00005AF8043B012704AE8DF81030BAE75AF823
:10AA1000046B784B002E08BF1E4614F0400F3046E2
:10AA200014BF39464FF0FF3103F0C5FD0746A9E7D3
:10AA300041462020009B984700280FDB013CA7429D
:10AA4000F6D34D44A1462D1B9EE74C46F7E7414601
:10AA500014F8010B009B9847002898DA98F8023008
:10AA600043F0040388F802304FF0FF3528460BB05E
:10AA7000BDE8F08F220630D5A3052AD50AF1070AD2
:10AA80002AF007039A4659685AF8080B24F0100B6D
:10AA900000291FFA8BFB2FDA40424BF4806B61EBED
:10AAA000410104AC0A23224603F091FD1BF0400F44
:10AAB000A0EB040200F08E802BF001049742A4B2B8
:10AAC00040F38F80002E40F08E802BF01104A4B252
:10AAD0001DE05AF8040BC117D8E7E0055AF8041B2B
:10AAE00001D40846F7E7A20547BF48B241F3C011B9
:10AAF00008B241F3C031C9E750EA0103D1D163067E
:10AB0000CFD5002FCDD124F011043A46A4B23B4654
:10AB100040F206410C4262D124E024F010040A23E2
:10AB2000A4B214F0800243D014F4007117BF0AF1EC
:10AB3000070A5AF8040B2AF0070292461CBF516814
:10AB40005AF8080B50EA01023ED124F0160B6206B7
:10AB50001FFA8BFB3CD5002F3AD124F017043A465C
:10AB60003B46A4B221075AD4E10705D5994572DDC9
:10AB7000A9EB03039F184B469B464AE044F01004A0
:10AB800010237826CDE7782B04D1C6F1780343F063
:10AB90001003C6E741462520009B98470028FFF692
:10ABA0005DAF02354146304670E608230026B8E71F
:10ABB00014F480715AF8040BC4D014F400711ABF55
:10ABC000C0B2114680B2BDE724F006041FFA84FB30
:10ABD00004AC68E713465C46E10699D52EB901330B
:10ABE000C0E71346F8E73B46F6E70233BAE700BF93
:10ABF000EB14010CE414010CCDE902324146202093
:10AC0000009B98470028FFF629AF0BF1010BDDE907
:10AC10000232D945F0DCEB1A03EB0B055B46E1068B
:10AC200027D541463020CDE90232009B98470028C5
:10AC3000FFF614AFDDE902327EB901352F44791BEE
:10AC40008A4229DB144604AE94BB2A44A9EB0309CB
:10AC50001546914440E017468EE70235414630469E
:10AC6000CDE90232009B98470028DDE90232E5DA9F
:10AC7000F4E640F206410C42E0D014F0020F05F178
:10AC80000105414614BF2B20202014F4806FCDE92C
:10AC9000023218BF2D20E5E7CDE902324146009B84
:10ACA0003020013598470028DDE90232C7DAD5E6C1
:10ACB000013C4146CDE90232305D009B98470028B7
:10ACC000DDE90232C0DAC9E641462020009B0135A9
:10ACD00098470028FFF6C2AEA9EB0503002BF3DC72
:10ACE000D9E500BF7047836800EBC101B3F5004FA1
:10ACF0002CBF51F8220031F81200704700EBC1015F
:10AD00008068B0F5004F2CBF41F8223021F8123096
:10AD10007047012208B5FFF7E6FFD04008BD836801
:10AD200000EBC101B3F5004F08D34B681AB143F0F3
:10AD300001034B60704723F00103FAE74B881AB117
:10AD400043F001034B80704723F00103FAE75300FF
:10AD50000122FFF7D3BF08B58368B3F5004F06D3D0
:10AD6000FFF7D7FF01288CBF0020012008BD00207D
:10AD7000FCE78368B3F5004F34BF04230823C91AE6
:10AD8000081AC00870478368B3F5004F28BF01391F
:10AD9000B1FA81F0C0F11F0070472DE9F04117466C
:10ADA00003220E460446FFF79EFF8642054607F142
:10ADB00004080AD10122E368BA4023EA0203E360EF
:10ADC000002344F82830BDE8F081314602222046B5
:10ADD000FFF789FF06462B4601460322204644F82A
:10ADE0002850FFF78BFF334629462046BDE8F04147
:10ADF0000222FFF783BF38B504460D46FFF7ABFFCD
:10AE000070B929462046FFF784FF01462046FFF728
:10AE1000BAFF294602462046BDE83840FFF7BDBFCD
:10AE200038BD2DE9F04705468946FFF7ACFF05EB35
:10AE3000800ADAF81070064677B94FF0FF34EB68F5
:10AE40000136B4401C4015D094FAA4F2B2FA82F252
:10AE5000131D55F8234009E03C464FF003082146F6
:10AE60002846FFF756FF814507D832462146284637
:10AE7000FFF793FF2046BDE8F087214603222846CE
:10AE8000FFF731FFB8F101080446CAF81000D4D02A
:10AE90008742E4D1D1E72DE9F04114460E4605463C
:10AEA000FFF737FFA4EB0608371B0744424631463D
:10AEB0002846FFF74CFF3A4621462846FFF747FF52
:10AEC0004346002221462846FFF718FF2146284620
:10AED000FFF71FFF3B46211800222846BDE8F0413E
:10AEE000FFF70CBF2DE9F041164604460F46FFF769
:10AEF00010FF314605462046FFF70BFF05442A4662
:10AF000039462046FFF723FF31462046FFF701FF71
:10AF10002B46311800222046BDE8F041FFF7EEBE77
:10AF20002DE9F04104460D46FFF715FFB8BB294651
:10AF30002046FFF7EEFE01462046FFF724FF04EB14
:10AF400080010E6996B90122E36882401343E360F1
:10AF500002220D612B4629462046FFF7CFFE032231
:10AF600029462046BDE8F041FFF7C8BE022231461F
:10AF70002046FFF7B8FE0746034629462046FFF75E
:10AF8000BDFE0322334629462046FFF7B7FE394669
:10AF90002B462046FFF7B2FE02223146E1E7BDE82C
:10AFA000F08170B5056809B9002070BDAB6801F08B
:10AFB0000704B3F5004F34BF0422082207341444B9
:10AFC000E40804EBD1049C4228BF1C4628462146D5
:10AFD000FFF727FF06460028E6D001462846FFF780
:10AFE00098FEA04209D93444314628462246FFF74C
:10AFF00052FF21462846FFF793FF2846012231469B
:10B00000FFF78DFEAB68B3F5004F34BF0423082370
:10B0100003EBC6031844C8E71146FFF7C2BF2DE98A
:10B02000F8434B42066803EA010731EA030314467A
:10B03000B2680ED0B2F5004F2CBF08230423BB42E8
:10B0400028BF3B46B946CF1B94B900252846BDE82A
:10B05000F883B2F5004F34BF04230823994204D883
:10B060002146BDE8F843FFF79CBF4FF00009EBE72E
:10B07000B2F5004F34BF04250825FB1AE10804F09F
:10B08000070001EBD301073003F0070303442B440F
:10B0900001EBD301914228BF11463046FFF7C1FEB4
:10B0A00080460028D1D0B36809EBC005B3F5004F46
:10B0B00034BF042308231D4435447B1E1D44B5FBC7
:10B0C000F7F57D43A5EB090529463046FFF751FE0C
:10B0D0002C44073424F00704A41B804507464FEA9C
:10B0E000E40408D2024641463046FFF7D4FE41460A
:10B0F0003046FFF715FF39463046FFF70AFE384461
:10B10000844208D2394630462246FFF7C4FE214623
:10B110003046FFF705FF012239463046FFF7FFFDB5
:10B1200094E7B2F5802F34BF042308232DE9F041C2
:10B130000026D21A8C18CD1D25F0070524F007042F
:10B14000641BE408056021462846AC60EE60FFF70A
:10B150001AFE820002F11B07FF083146043205F196
:10B16000100003F0FBF93A4631462846FFF7EFFDA1
:10B170003346324631462846FFF7C0FDA4EB0708A8
:10B18000284631460122FFF7CAFD42463946FFF7FD
:10B19000DEFD3B46324639462846FFF7AFFD2146E5
:10B1A0002846FFF7D4FD4346324621462846FFF79E
:10B1B000A5FD214628460122FFF7B1FD3946BDE82D
:10B1C000F041FFF7ADBE2DE9F04706460D461746A4
:10B1D00098462BB34FF0000A98F8004093F801907E
:10B1E000DB78A40004EB430498F802301C44444488
:10B1F000CA4509D339463046AC46D8F8042008F190
:10B200000803BDE8F047604714F8013B0AF1010A62
:10B21000204648F82340F4F717FF01300444E7E7DD
:10B220006FF01500BDE8F08730B50246002400201D
:10B2300012F8013B43B178B18C4207D1702B04D096
:10B24000A3F140053A2D07D8002030BDA3F14005F9
:10B250003A2D01D80134EAE7252B08BF80F0010020
:10B26000E6E7002070470FB407B504A951F8040BB6
:10B27000019100F095FA03B05DF804EB04B070475B
:10B2800010B50369024613F0080009D11368D468A9
:10B290009C429BBF0120126AE31AD31A0B6010BDB7
:10B2A00000231846FAE713B501A90446FFF7E8FFA3
:10B2B00020B1019BE268013B13440193206A019B8A
:10B2C000C01A013802B010BD10B5044650182269EA
:10B2D000236AD20702D5013B184010BD984228BF0F
:10B2E000C01AFAE710B504460A46C168FFF7ECFF3A
:10B2F0002369E06023F00803236110BD38B50D46D3
:10B30000C2698B00016843F00203044642F8213011
:10B3100001682A46FFF7D8FFE3686168984208BFD2
:10B320002369206008BF43F008032A46204608BF6F
:10B330002361FFF7C9FF606038BD2DE9F74F0F4665
:10B340000021D0F80CB0C669009216F82B209A465E
:10B3500002F00302022A14BF894656F82B2006EB9E
:10B360008B030193009B08BFC2F39D09196004463B
:10B37000CAF80010B9F1000F07D04946FFF7B2FF35
:10B38000E368A3604FF0010804E001698A0705D46F
:10B390004FF00008404603B0BDE8F08F816906EB2E
:10B3A0008B00884716F82B10054611F00108EFD0E6
:10B3B0008B071DD51FB139462046FFF79FFF6168F7
:10B3C0002A462046FFF780FFD4E902138B426060D3
:10B3D00007D12A462046FFF777FF4FF000080146C5
:10B3E000A0602369216043F00803E1602361D1E795
:10B3F00001462046FFF776FFE168A1601FB1206893
:10B40000E16941F82090EA19CAF800202168204635
:10B41000FFF75AFF2269206042F00802226116F805
:10B420002B2022F0010206F82B20DDE900321A6001
:10B43000A8E770B504461546FFF746FF2368834228
:10B4400005D12369216023F00803236170BDE269FF
:10B45000AB0043F0020342F8213061682A462046DF
:10B46000FFF732FF6060F1E738B5036904465B0718
:10B4700006D5456AFFF717FF85422CBF65626062FB
:10B4800038BD38B50D4604461C22002103F066F88D
:10B490000022EB68A361AB6863612B68E3616B68B2
:10B4A000626223622A6923B1591E194208BF42F021
:10B4B00001022261012204F128000021BDE8384088
:10B4C00002F06ABD2DE9F04F00259846036A87B067
:10B4D0008B4204460E469346AA460395059538D3FB
:10B4E000EFF31189202383F31288BFF36F8F059A3E
:10B4F0002AB129462046FFF79CFF0023059304A9A3
:10B500002046FFF7BDFE04990746B1422AD32268C0
:10B51000E369204613F8221003EB820A21F00301AD
:10B5200003F8221021683246FFF7CEFEE368206060
:10B53000984212D0002789F31188BFF36F8F0399C7
:10B5400029B162690AB12046904700230393002F76
:10B55000C6D1504607B0BDE8F08F236943F0080319
:10B560002361E7E718B12046FFF7C8FEE3E75BEA8F
:10B5700008031CD0019102F063FD0199B8B9B9F13B
:10B58000000F14D189F31188BFF36F8F5A464346D9
:10B5900004F12800FEF7D6F8EFF31189202383F396
:10B5A0001288BFF36F8FB0FA80F77F09C3E7204698
:10B5B00005AB03AA2568FFF7C0FE0746BBE770B5D9
:10B5C0000446836908460D4698470246EFF3118604
:10B5D000202383F31288BFF36F8F2B78204643F02C
:10B5E00001032B706168FFF76FFE60602046FFF774
:10B5F0003BFF86F31188BFF36F8F70BD2DE9F843D1
:10B60000044600272026EFF3118586F31288BFF346
:10B610006F8F2369A268190702D46368934200D22E
:10B62000236A9B1A002B42D0E06910F8221000EB2D
:10B63000820911F003033AD0022B04D150F82230D2
:10B640005FEA930805D1CB0720D44846A369984701
:10B650008046A16842462046FFF736FE0127A060DB
:10B6600041462046FFF73EFE3B4685F31188BFF377
:10B670006F8F002BC7D137B1B9F1000F03D104F19F
:10B680002800FEF72BF84846BDE8F88341F0020198
:10B6900000F82210A3694846D4F80880984741462C
:10B6A00002462046FFF710FE0023A060DDE7994622
:10B6B000DBE7F8B50446836908460D469847064619
:10B6C000EFF31187202383F31288BFF36F8F2B785A
:10B6D00023F001032B7023699B0705D5E268E3691A
:10B6E00003EB82039D421AD12B7823F002032B70C7
:10B6F000D4E90231994204D132462046FFF7E4FDF5
:10B70000A06031462046FFF7EDFD87F31188BFF3B7
:10B710006F8F04F12800BDE8F840FDF7DFBF2B680C
:10B7200060F39F032B60F0E7EFF31181202383F395
:10B730001288BFF36F8F02698368120702D44268D0
:10B740009A4200D2026AD31A81F31188BFF36F8F35
:10B75000181E18BF01207047704703785B075FBF52
:10B7600003684288C3F34A2303EB12105DBF17300E
:10B7700020F0070080080020704700207047034633
:10B78000D3E8EF0F421CC3E8E12F0029F8D170473E
:10B7900008B502F009FE0A220023F4F731FC08BDC7
:10B7A0001FB50023CDE902011A4619461846CDE916
:10B7B0000033F5F7B5FD05B05DF804FB0120F5F7A2
:10B7C00073BB002070474368DA7101224368196037
:10B7D00043685A71F5F75ABB70B515460C4669B106
:10B7E000D2E901369B1B99420AD813680A460146E2
:10B7F000981902F0A6FEAB682344AB60204670BDEA
:10B800006FF01B00FBE770B50E461546194604465F
:10B8100018B9BDE87040F5F747BB33B1C2F34A230E
:10B820001030120D184402F08CFEC4E90056204678
:10B83000BDE87040F5F7D4BC2DE9F3415F1C4FEA39
:10B840008708064608F1170020F0070080080C461C
:10B850001546F5F7A3FB00238DF80470ADF805300D
:10B860008DF8073068B10346019AA8F1040143F846
:10B87000102F2A46294452F8045B8A4243F8045F99
:10B88000F9D100233146A20102F4E07242EA4822D3
:10B8900022F07F4222F4700222F03F0202B0BDE8A3
:10B8A000F041FFF7B0BF07B50123019201AAFFF7EE
:10B8B000C3FF03B05DF804FB07B5CDE90023022305
:10B8C0006A46FFF7B9FF03B05DF804FB1FB5CDE989
:10B8D0000123069B01AA03930323FFF7ADFF05B0E5
:10B8E0005DF804FBF8B506460D4614461F4604B93C
:10B8F000F8BD214628463A46B047241A0544F6E7E3
:10B9000010B542680446D2E9002381680068FFF759
:10B91000E9FF002263681A6010BD38B54B68054620
:10B920001A68CB680C469A4202D10846FFF7E8FF36
:10B930006368D3E8EF2F511CC3E8E01F0028F8D15B
:10B94000A36800209D5438BD0A2838B504460D462A
:10B9500002D10D20FFF7E1FF29462046FFF7DDFF6A
:10B96000002038BD2DE9F043054689B008460E8811
:10B9700091F800900C46D1F808801746F5F722FDA3
:10B98000011EC6F38216C9F3C2091FDB4846F5F74C
:10B9900039FC0346214651F8102B6088C2F34A2235
:10B9A000002A01EB020408BF00210022C0F30B10A3
:10B9B000CDE90507CDE9031428464146CDE900222B
:10B9C0000296F5F72BFD09B0BDE8F0830023E1E70F
:10B9D000436800201B685B681961704743681B68F7
:10B9E0001A6852685360704701212DE9F04143689D
:10B9F0001B685A6811751D682F68D5E90136D3E9AF
:10BA000000481CB96B681C60BDE8F08121463046D7
:10BA10004246B847241A0644F3E743681B6818688F
:10BA2000F5F732BE70B543680C461D686B6818693F
:10BA3000F5F716FA214603460F222868BDE8704044
:10BA4000184710B5F5F77AFE30B1C36823B15B68CB
:10BA500013B1BDE8104018476FF0150010BD2DE977
:10BA6000F0410D4616461F46F5F768FE50B1C36813
:10BA700043B19C6834B13B4632462946A446BDE8F2
:10BA8000F04160476FF01500BDE8F0812DE9F0410D
:10BA90000D4616461F46F5F751FE50B1C36843B137
:10BAA000DC6834B13B4632462946A446BDE8F04145
:10BAB00060476FF01500BDE8F08102F04FBD02F065
:10BAC00040BD01460068F5F715BF08B5F5F76EFFF4
:10BAD000BDE80840F6F722BB0A460121FFF7E3BEA6
:10BAE00000210120F5F706BF6FF08500704761B6B1
:10BAF00062B680F31188BFF36F8F704772B6002370
:10BB000083F31188BFF36F8FBFF34F8F30BF62B6DF
:10BB1000BFF36F8F704740E800F313F4803FD8B253
:10BB200008BF6FF01500704730B50C684B6885B0E2
:10BB30000A894D890094013B24F01F04234402F03C
:10BB40001F0242EA451223F01F0369468DF80820C0
:10BB50000393F6F78DFB05B030BD08B5D1E904318C
:10BB60009847002008BD08B5F6F796FD002008BDEF
:10BB70007047002303824369C360704770B50D4668
:10BB80001646DDE904230021F6F7F2FD044630B144
:10BB9000324629460C3000F014F801236372204627
:10BBA00070BD027A01320272704710B508B14B685D
:10BBB000436000234C6808464B60F6F757FE20466A
:10BBC00010BD92B281600160C2808280704783881C
:10BBD000026819448180D018704730B484880568A1
:10BBE000A3188380281930BC02F0ABBC10B5838841
:10BBF00002685C1C8480D154D01810BD30B5838895
:10BC000002689D1C8580D418D154090A617030BD2A
:10BC100083885B1A9BB28380006818447047034690
:10BC20008288521A828000680844186070478368CE
:10BC30009B6803B118476FF057007047FDF7CCBC05
:10BC400008224FF4D57310B58AB0CDE901237923CA
:10BC50000022CDE90732C8230446099300688368AF
:10BC60005B6813B901200AB010BD01A998470028EC
:10BC7000F8D194F84B308BB1049BDAB2AA2AF1D1F7
:10BC800003F47063B3F5807F09BFB4F86A306FF0D6
:10BC9000850043F00803A4F86A30E4E7039BECE76F
:10BCA0000A2120EAE070A0FB010102F0B4BA0022F0
:10BCB000102100B58BB0CDE90712C821CDE90122D2
:10BCC000099183685B6823B101A998470BB05DF8BF
:10BCD00004FB6FF05700F9E708B530B18368DB6803
:10BCE00023B19847431E5842584108BD6FF0570092
:10BCF000F8E783685B6803B118476FF05700704737
:10BD000083689B6803B118476FF0570070478368DA
:10BD10005B6903B118476FF057007047FFF7C3BD69
:10BD200070B512048AB002921C4600220323CDE9AA
:10BD30000732C823019101A90993FFF7DAFF0546ED
:10BD400058B9234603AE07AC324603CAA242186074
:10BD50005960164603F10803F6D128460AB070BDB3
:10BD6000FDF73ABC00230D2210B58AB0CDE90123BE
:10BD700090F84B3004461BB9B0F85E301B040293B8
:10BD800031230022CDE90732C823206801A9099395
:10BD9000FFF7AFFFC0B994F84B20039B62B113F4D7
:10BDA000407F13D113F4604F13D113F4E05F18BF39
:10BDB0006FF004000AB010BD03F4F853B3F5106F30
:10BDC00018BF6FF00F00F5E70120F3E76FF00C00EC
:10BDD000F0E76FF01500EDE7002330B585B00446BD
:10BDE000B0F85E20019309216B460068FFF798FFC9
:10BDF00030B9DDE90232920F019903D0012A19D03E
:10BE000005B030BD40F6FC72C3F3034502EA83037C
:10BE100043EA9173C1F3C23101330231092D03FAB0
:10BE200001F301D0AB405B0A23664FF40073A4F822
:10BE30006430E5E71B0403F47C1343EA1143013348
:10BE40009B02F1E70B46002202210068FFF768BF62
:10BE50000023032210B58AB0CDE901230822CDE9E1
:10BE60000723C823044609930022206801A9FFF78D
:10BE700040FF28B9BDF80E30A4F85E30002BF3D097
:10BE80000AB010BD83685B6803B118476FF05700B4
:10BE9000704783689B6803B118476FF0570070477D
:10BEA000FFF701BDF7F75EB8F6F790BEF6F70EBFE5
:10BEB000F6F7C8BFFFF7F7BC4FF0FF324FF0FF3384
:10BEC0000430FDF717BBFDF787BB90F86C00C0F39B
:10BED00041107047F8B504461E460D461746FFF759
:10BEE000EBFF94F86C309B0715D425B1012D10D0D1
:10BEF0006FF0150508E0216F0029F9D000259DF8A5
:10BF000018300F714E718B71201DFFF7DCFF284632
:10BF1000F8BD616FF0E76FF07705F5E738B50446D7
:10BF20000D46FFF7C9FF94F86C30201D65F304132C
:10BF300084F86C30BDE83840FFF7C5BF90F86C005E
:10BF4000C0F3800070470246034652F8640F9042E7
:10BF50000BD100207047027A8A42FBD09A6E82424F
:10BF6000F7D000680028F6D170470028F3D1704759
:10BF700038B504460D46FFF79FFF94F86C30DB0799
:10BF800018D42B690BB9EB68BBB1636E1BB904F114
:10BF90006403C4E919332B6893B9A26E04F16401F8
:10BFA000C5E900121560A5661D46201DFFF78BFF31
:10BFB000284638BD4FF0FF35F7E76FF01505F4E779
:10BFC0006FF07705F1E710B50446034654F84C0FBF
:10BFD000A0420DD100200DE0447D8C4204D1032904
:10BFE00009D1047A944205D01C6D8442F2D00068D5
:10BFF0000028F1D110BD0F29F5E72DE9F0410546E4
:10C000000C46061D4FF0FF324FF0FF333046FDF770
:10C0100071FA2F6F002F6DD095F86C30DB0769D463
:10C02000EB6C1BB905F14C03C5E913332368002BF6
:10C0300063D1637D0F2B09D1237A012B0CD02B6D9B
:10C0400005F14C02C4E900231C602C65637D032BC1
:10C050000FD04FF0000806E02846E168FFF788FFA0
:10C0600080460028EBD03046FDF7B6FA4046BDE8E2
:10C07000F081EA6C05F14C0090421ED1002329E0CA
:10C0800091F815C0BCF1030F10D0013323724B6837
:10C09000C4E900131C604C60637A022B24D0032B8C
:10C0A00025D0012BD5D1237ABB73D2E791F808C0F4
:10C0B0000CF1FF3C6345E8D11268002ADED0517DC7
:10C0C0002B6D03290DD19A42137A02D011680029F1
:10C0D000D6D1013323722B6DC4E900031C602C659B
:10C0E000DAE79342E8D1C9E7237AFB73B1E7237A11
:10C0F0003B74AEE74FF0FF38B5E76FF07708B2E773
:10C100000346006800B1187A70478388C288816846
:10C11000D21A03685B1AD01A70470346C08808B168
:10C120001878C009704770B50C461546F8F73AFC08
:10C1300040B1406883681B6823B12A462146BDE8A8
:10C140007040184770BDF8B504460D46174686681E
:10C150000369A033D3E8AF3F9B070ED5B36A7BB129
:10C16000F36B98472946B36A3A4620469847336CA2
:10C170000546204698472846F8BD4FF0FF35FAE7B8
:10C180006FF08505F7E770B504460D4686680369CC
:10C19000A033D3E8AF3F9B070BD5F36B98472946F5
:10C1A000736A20469847336C0546204698472846D0
:10C1B00070BD4FF0FF35FAE710B5044619B90020FD
:10C1C00084F8300010BDF7F747FA0028F7D0F9E7F8
:10C1D0004FF0FF324FF0FF330430FDF78BB9FDF71E
:10C1E000FBB921B101290DD000231B68FFDE5430BB
:10C1F000006848B143685B79934205D00068002825
:10C20000F8D170475C30F3E7704710B590F83030E4
:10C210000446022B09D1FFF758FE94F83820014656
:10C220002046BDE81040FFF7DCBF002010BD08B578
:10C23000FFF7D7FF003818BF012008BD4FF0FF32CD
:10C240004FF0FF330430FDF755B908B583681B6B19
:10C250000BB198470346002023B153F8042B0AB1D1
:10C26000127802B908BD1044F6E710B51C46FFF776
:10C27000B8FF48B10122C06802FA04F320B1026994
:10C28000134201D10068F9E710BD10B50C46FFF765
:10C29000BCFF48B10123C06803FA04F120B103696F
:10C2A000194201D10068F9E710BDD1F81A0083687E
:10C2B0001B6903B118476FF08500704738B50C460D
:10C2C000FFF7A3FF80B1C06870B14368DA681AB1A4
:10C2D00000231179994201DC0068F5E71568ED5CEF
:10C2E000A54201D00133F5E738BDF8B50646CC6864
:10C2F0000CB9204622E0012504F10C07E268AAB13E
:10C3000065F07F03D9B203F07F031033DA40D20720
:10C310000ED4E368EB40DB0705D53A46B069E9B2D5
:10C3200000F09BF850B90135102DE7D12468DFE704
:10C330003A46B06900F091F80028EAD0F8BD2DE93E
:10C34000F347002405460E46A146576897F8058036
:10C350003B79A34203DC002002B0BDE8F0875FFA1E
:10C3600084FA3146534642462846FFF77EFF01468F
:10C3700050B1534601222846CDF80090F8F7EAFB69
:10C380000028E9D10134E3E76FF03C00E4E72DE950
:10C39000F74380460D461746FFF777FF064628B954
:10C3A0006FF00104204603B0BDE8F0830F2DF7D8ED
:10C3B00008EB0509014699F83A402B460022404611
:10C3C0000097F8F7C7FB0028EAD100942B46022219
:10C3D00031464046F8F7BEFB04460028E2D12B4622
:10C3E0000122314640460097F8F7B4FB0446002886
:10C3F000D8D1706883685B6813B13A46294698477C
:10C4000089F83A70CEE7012311F0800F18BF21F0B0
:10C410008001026818BF10318B4022EA03030360D9
:10C42000704737B58B790C46009315468B88CA78D0
:10C43000897800F0B5FD70B994F90230A178002B2D
:10C440004FF00103B8BF21F080012A68B8BF103156
:10C450008B4013432B6003B030BDF8B506460D4644
:10C46000174600F0C6FD044658B929463846FFF77E
:10C47000CAFF2946304600F08FFE044608B901F095
:10C4800009FE2046F8BD0A468069802100F0B4BE4E
:10C4900070B591F918300546002B0C46466807DB4D
:10C4A000C4F81A502146B069BDE8704000F017BECC
:10C4B0003046FFF743FD0028F2D04FF0FF3070BD4B
:10C4C000806900F0BEBE0B0648BF21F08001406BC2
:10C4D00048BF1031C84000F001007047F8B505466C
:10C4E0000E46071D4FF0FF324FF0FF333846FDF781
:10C4F00001F8EC692CB9EE613846FDF76DF820467D
:10C50000F8BD6FF07704F7E7C36982B08DF80010CB
:10C5100001922BB102AB13E9060002B0F8F754BC4C
:10C5200002B07047427F12F0010302D0930708D493
:10C530000123012199400A434277043350F8230034
:10C540007047002070470369986870470369406826
:10C550005B68D97AF8F7B8BB036940685B68997C77
:10C56000F8F7B2BB30B404690B466568ED7A8D42CA
:10C570000AD14AB904F11805D5E8AF5FAD0703D574
:10C5800030BC4068F8F7A0BB01694968897C9942D2
:10C5900007D132B91834D4E8AF2F520701D5194664
:10C5A000EEE730BC704710B5044600F11803D3E83D
:10C5B000EF2F42F00202C3E8E12F0029F7D1D3E8C0
:10C5C000EF1F41F00401C3E8E21F002AF7D1206801
:10C5D000FFF7BCFF2068FFF7BFFF0623237710BDDE
:10C5E000302210B5046994F8C13002FB03442434AE
:10C5F000204600F0ECF8B0F5007F28BF4FF4007043
:10C60000636A20F03F0013B1B0FBF3F0584310BD54
:10C61000036999420AD04369994206D10123012254
:10C620009A40437F23EA0203437770470023F6E7EB
:10C63000F8B5302390F8C150D0F8E42003FB05058D
:10C64000044624353AB1012301694377F8F7E2FC47
:10C650000023C4F8E430A37F012B07D8237F022BEB
:10C6600004D12068FFF7BCFF064600B9F8BD20469C
:10C67000FFF758FF324607460146284600F0A9F862
:10C68000394602462046F8F7C5FCE4E770B5064691
:10C69000054656F8200BFFF7D4F93246044601212F
:10C6A0002868F5F77DF818B100236FF004042B62B9
:10C6B0000221286805F12402F5F772F818B1002369
:10C6C0006FF004046B626B6A83B19A0607D0402254
:10C6D000B2FBF3F25A43402A18BF6FF00404B3F5DB
:10C6E000007F88BF6FF00B04204670BD6FF004041C
:10C6F000FAE7002370B58AB0CDE9013380238DF8C5
:10C7000005304FF401730546ADF806301F230C4683
:10C710000822416803A88DF8083009AE01F038FFFF
:10C720001022A96805A801F033FF04223046E96809
:10C7300001F02EFF234601AA144603CCB442186030
:10C740005960224603F10803F6D1206818602420BE
:10C750000AB070BD38B5836905469A4228BF1A46AB
:10C76000436AB2FBF3F4C26923460068FFF777F926
:10C77000002818BF0024EB69686A2344EB6160431A
:10C7800038BDF8B504460F46164600212022103069
:10C790001D4601F0E3FE069BC4E90076E360022338
:10C7A000A56084F82C30F8BD90F82C3023F00303FA
:10C7B00043F0020380F82C30704790F82C00C0F34F
:10C7C0008000704790F82C00C0F3C000704780696B
:10C7D000704710B5836904464BB103693BB1984774
:10C7E000034620B1A269121AA261184610BD0022A8
:10C7F000FAE710B5836904469A4228BF1A4622B167
:10C80000436923B19847024618B9002303E01A464A
:10C81000FBE7A3691B1AA361104610BD90F828001E
:10C82000704703691869FFF743BB00690069FFF7A8
:10C830003DBB00690069FFF737BB10B503691C6990
:10C840005B681868FFF748FA28B194F8CC00023802
:10C8500018BF012010BD0220FCE738B503695D68F0
:10C860001C692868FFF738FA50B121462868F6F7A6
:10C87000CDF818B1012384F8CC3038BD0223FAE793
:10C880000220FAE7062910B406D0006907290069DA
:10C8900005D010BCFFF706BB10BCFFF7DEBF0022BF
:10C8A00080F8CC20F5E730B40125416802690968B9
:10C8B000137E4D6154685B0954B1107E023300F061
:10C8C0001F0052F8231005FA00F0234630BC184729
:10C8D00030BC704710B40269416802200968537E79
:10C8E000486154685B095CB1034452F8231001238A
:10C8F000507E00F01F0003FA00F0234610BC1847DA
:10C9000010BC704710B40269416804200968937E26
:10C91000486154685B095CB1023352F8231001236B
:10C92000907E00F01F0003FA00F0234610BC184769
:10C9300010BC704710B40269416808200968D37EB2
:10C94000486154685B095CB1023352F8231001233B
:10C95000D07E00F01F0003FA00F0234610BC1847F9
:10C9600010BC704710B40269416810200968137F39
:10C97000486154685B095CB1023352F8231001230B
:10C98000107F00F01F0003FA00F0234610BC184788
:10C9900010BC704710B40269416820200968537FB9
:10C9A000486154685B095CB1023352F823100123DB
:10C9B000507F00F01F0003FA00F0234610BC184718
:10C9C00010BC704710B40269416840200968937F29
:10C9D000486154685B095CB1023352F823100123AB
:10C9E000907F00F01F0003FA00F0234610BC1847A8
:10C9F00010BC704710B40269416880200968D37F79
:10CA0000486154685B095CB1023352F8231001237A
:10CA1000D07F00F01F0003FA00F0234610BC184737
:10CA200010BC704710B4026941684FF48070096807
:10CA300092F82030486154685B0964B1023352F8BF
:10CA40002310012392F8200000F01F0003FA00F0E9
:10CA5000234610BC184710BC704710B402694168E7
:10CA60004FF40070096892F82130486154685B09FE
:10CA700064B1023352F82310012392F8210000F030
:10CA80001F0003FA00F0234610BC184710BC704783
:10CA900010B4026941684FF48060096892F822304E
:10CAA000486154685B0964B1023352F823100123D2
:10CAB00092F8220000F01F0003FA00F0234610BC99
:10CAC000184710BC704710B4026941684FF4006009
:10CAD000096892F82330486154685B0964B10233F5
:10CAE00052F82310012392F8230000F01F0003FAEC
:10CAF00000F0234610BC184710BC704710B4026900
:10CB000041684FF48050096892F8243048615468B5
:10CB10005B0964B1023352F82310012392F8240018
:10CB200000F01F0003FA00F0234610BC184710BCA9
:10CB3000704710B4026941684FF40050096892F8D8
:10CB40002530486154685B0964B1023352F8231000
:10CB5000012392F8250000F01F0003FA00F023469D
:10CB600010BC184710BC704710B4026941684FF4FC
:10CB70008040096892F82630486154685B0964B1C6
:10CB8000023352F82310012392F8260000F01F0010
:10CB900003FA00F0234610BC184710BC704710B4CD
:10CBA000026941684FF40040096892F827304861F3
:10CBB00054685B0964B1023352F82310012392F8E0
:10CBC000270000F01F0003FA00F0234610BC1847AE
:10CBD00010BC7047002208B511460D20F5F720FA69
:10CBE0000D20F5F7FBF900220E201146F5F718FA93
:10CBF0000E20F5F7F3F900220F201146F5F710FA91
:10CC00000F20F5F7EBF9002210201146F5F708FA8E
:10CC10001020F5F7E3F9002211201146F5F700FA8C
:10CC20001120F5F7DBF9002212201146F5F7F8F98B
:10CC30001220F5F7D3F9002213201146F5F7F0F989
:10CC40001320F5F7CBF9002214201146F5F7E8F987
:10CC50001420F5F7C3F9002215201146F5F7E0F985
:10CC60001520F5F7BBF9002216201146F5F7D8F983
:10CC70001620F5F7B3F9002217201146F5F7D0F981
:10CC80001720F5F7ABF9002218201146F5F7C8F97F
:10CC90001820F5F7A3F9002219201146F5F7C0F97D
:10CCA0001920F5F79BF900221A201146F5F7B8F97B
:10CCB0001A20F5F793F900221B201146F5F7B0F979
:10CCC0001B20F5F78BF900221C201146F5F7A8F977
:10CCD000BDE808401C20F5F781B938B50446807AD4
:10CCE000F5F71CFD6169054649B1637ADB0704D499
:10CCF000C36920461B689B689847002363612146EF
:10CD00002846BDE8384001F039B930B50906054676
:10CD1000847C14D414F0400016D0298AC3F30A008E
:10CD2000C1F30A01884222D802F00300022809D088
:10CD300003280AD0012811D004F0010004E014F007
:10CD40002000E9E7C4F3800030BD14F00200FBD0FE
:10CD500013F4C05F09D0C4F30010F5E714F0080223
:10CD600005D013F4C05FEFD0F5E70120ECE7002019
:10CD7000EAE7A030D0E8AF0F00F001007047A03024
:10CD8000D0E8AF0FC0F34000704701F00F03026915
:10CD9000090648BF103352F823007047007DC0F3E6
:10CDA00000107047037D61F304130375704708B5E5
:10CDB00002691046FFF7DDFF60B9087E00F00F033F
:10CDC000000648BF103342F82310084601F0C3F8AC
:10CDD000002008BD6FF00C00FBE700220023FCF7E9
:10CDE0004BBC01F0D5B801F0BEB8407EC0F3C00026
:10CDF0007047437E23F00803437670471FB50469EC
:10CE00008DF80410CDE90220D4F8983001A9984794
:10CE100004B010BD1FB50346046906208DF8040058
:10CE20002046CDE90213FFF7A4FF40B1C1F81E2050
:10CE30001846D4F8982001A9904704B010BD4FF0CF
:10CE4000FF30FAE738B505460C462046FFF7C5FF28
:10CE5000014600B938BD6FF070022846FFF7DAFFCF
:10CE6000F3E72DE9F843066907460D46D6F800902A
:10CE7000D6F840804FF0FF324FF0FF3306F18400C8
:10CE8000FCF738FB4046FFF7A8FF014618BB4846B1
:10CE9000FFF7A3FF044620BB99F8143023F01003DA
:10CEA00089F8143098F8143023F0100388F81430FF
:10CEB00024BB012286F8B020EDB12B68C6F8A8305B
:10CEC0006B6886F8B120C6F8AC3038698430BDE8AC
:10CED000F843FCF781BB6FF067023846FFF79AFF13
:10CEE000D0E7637EDB07D7D46FF067022146384670
:10CEF000FFF790FFCBE786F8B150E6E72DB10822A7
:10CF0000294604F10C00FEF768FE0022214638464F
:10CF1000FFF780FFD9E72DE9F84305468846144618
:10CF20001F46D0F80890FFF730FF0646002834D09F
:10CF30002846D9F83C3098474146224630463B883F
:10CF4000FFF7E3FE804688B183B92B6904F0030440
:10CF500093F88030DB0753BF40224FF480624FF4D8
:10CF600000711146022C0DD0032C11D02846D9F89F
:10CF700040309847B8F1000F14BF00206FF08500D3
:10CF8000BDE8F883338A8B4228BF0B463B80EDE730
:10CF9000338A934228BF1346F8E76FF01200EFE799
:10CFA0002DE9F3411F464B0604460D461646D0F8C0
:10CFB00008801BD0D8F83C3098472069FFF7DFFE87
:10CFC00088B19DF820302946009332463B462046E2
:10CFD000F8F79EFE05462046D8F840309847284688
:10CFE00002B0BDE8F0814FF0FF35F4E76FF01505B2
:10CFF000F5E770B54B0604460D46866812D0F36B14
:10D0000098472069FFF7B5FE48B129462046F8F752
:10D01000C3FE05462046336C9847284670BD4FF046
:10D02000FF35F7E76FF01505F7E770B50546866839
:10D030000C46F36B98472869FFF7A1FEB0B1214673
:10D040002846FFF7A2FE014698B1037DDB0710D505
:10D05000437E03F00303012B0ED02846F368984764
:10D0600004462846336C9847204670BD4FF0FF3485
:10D07000F7E76FF01204F4E76FF08504F1E7F8B515
:10D08000064687680C46FB6B98473069FFF777FECA
:10D09000E0B121463046FFF778FE0546C8B1037D72
:10D0A000DB0716D5437E03F00303012B14D00146A2
:10D0B0003B6930469847044618B92B7D60F341031D
:10D0C0002B7530463B6C98472046F8BD4FF0FF3437
:10D0D000F7E76FF01204F4E76FF08504F1E72DE94C
:10D0E000F041054686680769F36B0C469847286946
:10D0F000FFF745FE98B394F8188028464146FFF79D
:10D1000044FE014670B3037DDA072BD518F07F0F7C
:10D1100020D197F8B030EBB1637EDB0717D597F8D5
:10D12000B13033B1082207F1A80104F10C00FEF779
:10D1300054FD002287F8B02021462846FFF76AFEFA
:10D1400004462846336C98472046BDE8F0816FF0CE
:10D150006702F1E72246284673689847F0E74FF0E8
:10D16000FF34EEE76FF01204EBE770B505460C46AE
:10D170008668F36B984721462846FFF706FE48B1BC
:10D1800000F006FFB0FA80F464092846336C984733
:10D19000204670BD0124F8E770B5054686680C4648
:10D1A000F36B98472869FFF7E4FD80B121462846D4
:10D1B000FFF7EBFD014668B104681CB12846B3686F
:10D1C000984704462846336C9847204670BD4FF078
:10D1D000FF34F7E76FF01204F4E708B503690021A4
:10D1E0001B685A8BF8F702FE28B1437E23F0070331
:10D1F00043F00103437608BD08B539B90369013A24
:10D200001B685B8B1A44B2FBF3F25A43F8F7EEFD4E
:10D2100028B1437E23F0070343F00203437608BDA1
:10D2200008B561B903691B685A8BF8F7DFFD28B1AF
:10D23000437E23F0070343F00403437608BD002236
:10D24000F3E770B50D4604468668F36B98472846A9
:10D25000F5F70CFB2046336C9847002070BD70B585
:10D2600005468668F36B98472869FFF788FD0446F2
:10D2700020B133683BB12846984704462846336CB2
:10D280009847204670BD0124F8E7F8B50446876842
:10D290000669FB6B98472069FFF76BFDB8B1206901
:10D2A000FFF76DFDB0B92046FB6A9847054648B9BF
:10D2B00006F1A003D3E8EF1F41F00201C3E8E21F2B
:10D2C000002AF7D120463B6C98472846F8BD4FF01E
:10D2D000FF35F7E76FF07705F4E7F8B504468768A0
:10D2E0000669FB6B98472069FFF749FD90B13B6BDE
:10D2F00020469847054606F1A003D3E8EF1F21F02A
:10D300000201C3E8E21F002AF7D120463B6C984790
:10D310002846F8BD6FF07705F7E72DE9F04105469F
:10D3200014460F46D0F80880066911B30AB3D8F83E
:10D330003C3098472869FFF71CFDB8B9C6E9267448
:10D340002846D8F834309847044640B9A036D6E885
:10D35000EF3F43F00103C6E8E23F002AF7D1284639
:10D36000D8F8403098472046BDE8F0816FF0770448
:10D37000F5E76FF01504F6E7F8B504468768066927
:10D38000FB6B98472069FFF7FAFCB0B92069FFF7FB
:10D39000F0FCA8B1BB6B20469847054606F1A003F8
:10D3A000D3E8EF1F21F00101C3E8E21F002AF7D103
:10D3B00020463B6C98472846F8BD6FF00F05F7E70D
:10D3C0006FF07705F4E710B50C7E436824F0800217
:10D3D0001B682CB993F8080140F0100083F808018D
:10D3E0005201134491F9181093F808210029B5BF90
:10D3F00042F0020242F0010283F8082183F808217A
:10D40000B5BF93F8002193F8002102F08F0202F0DB
:10D41000F80283F80021002010BD10B50C7E43688F
:10D4200024F080021B685201134493F8052114F084
:10D43000800F14BF42F0200242F0100283F8052151
:10D440000B7E00205B061EBF0B7D43F002030B75B5
:10D4500010BD43681B6809B141F08001002099723A
:10D460007047436800201A6813899BB243F0020397
:10D4700013817047012070470020704740F2FF334E
:10D48000984207D018B1B0FA80F0C0F120000438FB
:10D49000C0B2704707207047F8B54D7E0F7E05F08B
:10D4A00003056E1E4368022E88BF01251A6827F007
:10D4B000800498BF0135EFB95E6803694020D3F856
:10D4C000A430B771A4333360737903F03F037371F1
:10D4D000F37923F00F03F371FFF7D0FFF37960F3D3
:10D4E000061367F3C713F37192F8093143F0100381
:10D4F00082F8093191F91830002B4FEA4413134494
:10D5000093F8002111DA42EA051283F8002193F81A
:10D51000042142F0800283F8042193F8092142F0AB
:10D52000020283F809210020F8BD2A4383F8002174
:10D5300093F8052142F0400283F8052193F8092170
:10D5400042F00102EDE738B543680A7E0C461B68DD
:10D5500022F08002EFF31185202181F31288BFF3BE
:10D560006F8F94F91810520100291344B5BF93F836
:10D57000042193F8052142F0800242F04002B4BF3A
:10D5800083F8042183F805212146FFF75BFC002185
:10D590002046FFF707FC85F31188BFF36F8F00204B
:10D5A00038BD08B59620F4F727FD9720F4F724FD41
:10D5B0009820F4F721FDBDE808409920F4F71CBD40
:10D5C000002208B511469620F4F72AFD9620F4F7BC
:10D5D00005FD002297201146F4F722FD9720F4F76D
:10D5E000FDFC002298201146F4F71AFD9820F4F76C
:10D5F000F5FC002299201146F4F712FDBDE8084021
:10D600009920F4F7EBBC13460A460121FEF754B902
:10D6100003460022D3E8EF0FC3E8E12F0029F9D138
:10D620007047F8B5046905464668D4F8A47004F15B
:10D63000840000F008FC07F1900000F06CFF07F197
:10D640009C00FFF7E5FF07F1A000FFF7E1FF94F86A
:10D650008030284623F0720343F0620384F8803060
:10D66000B26800233169F8F7EBFB044650B9D6E9FC
:10D67000022180232846F8F7E3FB044610B9284628
:10D68000F36B98472046F8BD00F04ABF01234A09D2
:10D6900001F01F018B4000EB8200D0E8EF2F1A430E
:10D6A000C0E8E12F0029F8D1704738B50C46097E53
:10D6B00031F080023AD0436852011B6811F0800FAC
:10D6C000134493F80421006914BF42F0200242F091
:10D6D0001002D0F8A45015BF83F8042183F8042168
:10D6E00093F8042193F8042114BF42F0020242F09F
:10D6F0000102204683F80421FFF750FB90B9204631
:10D70000FFF76FFB70B1237E05F19C0003F07F01F2
:10D710001B0648BF1031FFF7B9FF022105F1900049
:10D72000FFF7B2FF237D23F002032375002038BDED
:10D7300008B500698430FBF74FFFBDE80840FCF7EF
:10D740002DBD10B50446FCF715FD206984304FF05F
:10D75000FF32BDE810404FF0FF33FBF7CBBE38B5CA
:10D760000C46036911462046D3F8A450FFF73BFB53
:10D77000237D9A070ED4237E05F19C0003F07F01E0
:10D780001B0648BF1031FFF781FF022105F1900011
:10D79000FFF77AFF002038BD38B5054608460C462D
:10D7A000FFF71FFB014620B1237E1BB9437EDA073A
:10D7B00002D538BD1B060FD422466868F8F760FC16
:10D7C00078B12046FFF709FB6FF06E02014628464C
:10D7D000BDE83840FFF71EBB22466868F8F7B0FB8B
:10D7E000EEE72046BDE838400121FFF7DBBA10B56F
:10D7F000807A0C46F4F792FFC3692146BDE81040D9
:10D80000586800F083BAF7B50D46807A17461E4671
:10D81000F4F784FF2C68C369033424F003025868CA
:10D8200004212A60CDE90076FBF74AFD00B92860A3
:10D8300003B0F0BD0023F3F7F3BC2DE9F0414568D8
:10D840000846D5E900680C46AF68F8F771FF002874
:10D8500078D1A30E092B75D8DFE803F0080F1A2C36
:10D86000054C535F056A0220BDE8F08173699C078F
:10D870006CD5306900F001001AE0F36A980765D5AD
:10D88000B36F002B60D13069C00900F00200EBE7F4
:10D89000E4B206F1400353F82430012013F0020FE4
:10D8A000E2D033691834A04098430CBF0120002017
:10D8B0004000D9E70620E4B2B4FBF0F3316903F18C
:10D8C0001805E940C907DAB240D500FB1344E4B2B9
:10D8D000032C4FEA820294BF06F14C0306F1500379
:10D8E000134404F00304E4001A6807340123A3403E
:10D8F000134219E0D8F81C309A0727D5D8F80C0045
:10D90000B8E7E4B204F1080357F82330DB051DD56E
:10D9100078680234E040C043ACE7C4F30524203407
:10D9200057F8243013F0400F14BF022001209BE76A
:10D93000C4F30552EB680E3203EB82035A68C4F35A
:10D940008534D3E703208FE700208DE701208BE7A4
:10D950002DE9F3474FF000090C4601EB0121456822
:10D9600041F03F6141F47C21804617462E68D0F893
:10D9700010A0CDF80490FFF760FF022803D0C7F88D
:10D98000009000201CE006F1400353F82430C3F35C
:10D990000223012B17D0022B2CD0BBB9AA68631C21
:10D9A00004F1210152F8211003EB43035A004046D1
:10D9B00001AB02F0FE0201F00F01F8F77BFF28B186
:10D9C00002B0BDE8F087DAF80030019306F14803B1
:10D9D00053F82430443613F03F031EBF019AB2FBC4
:10D9E000F3F2019256F82420019BC2F3090253433B
:10D9F0003B60C6E7404601A9F9F702F8DFE7F0B45B
:10DA000006240A4691FBF4F104FB112443686642A4
:10DA100006F003061F6804F0030358BF7342032C8B
:10DA20004FF00104D4BF4C3750378E003E44DB002A
:10DA30003768073304FA03F305693B4333602B8FE0
:10DA4000063294401C43EB6A2C87CB40DA0706D49D
:10DA50002B6BCB40DB0702D5F0BCF9F719BB0020DC
:10DA6000F0BC704710B54468C1F30520A1689B0164
:10DA700001EB8001D1F8800003F0400302F00F02B7
:10DA800020F04F0013430343C1F8803010BD10B5A0
:10DA900043680120C1F38534DB68C1F30551890077
:10DAA0000B44012ADA6B00FA04F00CBF02438243F4
:10DAB000DA6310BD30B5036813600579046804EBC0
:10DAC000C504A34202D36FF0010030BD5C79083376
:10DAD0008C42F1D10020F8E783681B6803B1184736
:10DAE0006FF05700704783681B6903B11847032024
:10DAF0007047036903F12402483352F8040B9A4239
:10DB000041F8040BF9D100207047FDF7CCBE436803
:10DB10005B68586AC0F30040704743685B685A6AA4
:10DB2000D2075ABF586AC0F340000120704738B589
:10DB3000002403694568A3F8604083F85C4083F8DB
:10DB40005D40FAF77DFD0A21A86920EAE070A0FB9C
:10DB5000010100F060FB204638BD43689B681A7ED7
:10DB6000520743BF9B6A00200B706FF00F00704795
:10DB700043689B681A7ED207FCD599627047026998
:10DB8000002013680B6053684B60704743689B68C4
:10DB9000588B5A8BC0F3800092075A8B48BF40F0D5
:10DBA000040002F0010240EA42005A8BD1065A8B6F
:10DBB00048BF40F0080092065A8B48BF40F0100062
:10DBC00092B242F037025A8370470268012922F06C
:10DBD00070620346026004D002290CD00268026021
:10DBE0007047026842F080720260426842F400525C
:10DBF0005A60FAF727BF026842F0807202604268FA
:10DC000022F40052F4E738B5044648B1FBF792F924
:10DC1000782305465C43FBF78DF9431BA342FAD3F7
:10DC200038BD10B5436904463BB90020E268404264
:10DC3000537843F00103537010BD98470028F4D087
:10DC40000028B8BF4042FF28A8BFFF20E368187033
:10DC5000ECE740B1C368587810F001001EBF187897
:10DC6000B0FA80F040097047EFF31183202383F36B
:10DC70001288BFF36F8FFEE72DE9F04F89B0DDE921
:10DC80001268059243460546324606A80F4600F044
:10DC90008DFBDDE90634CDE90234EFF311844FF05A
:10DCA000200989F31288BFF36F8F05F10C0A05F183
:10DCB000140B39462846059A149B984730B184F3D3
:10DCC0001188BFF36F8F09B0BDE8F08F56EA0806E0
:10DCD000F5D0DDE9022306A800F08DFBDDE906683A
:10DCE000524621465846CDE90068FCF759F9EFF352
:10DCF000118489F31288BFF36F8FDAE710B400F153
:10DD00000C04C0E9034410BCFDF70BBA38B5044657
:10DD1000EFF31185202383F31288BFF36F8FF2F79F
:10DD2000ADFB04F10C0000F067FA30B1294604F1B4
:10DD30001400BDE8384000F045BA85F31188BFF300
:10DD40006F8F38BD10B542696AB1836842EA03013A
:10DD5000890708D10169A2FB011424B95B182CBF03
:10DD60000121002102D36FF0150005E0C1609B1A6C
:10DD700002698A4201D8002010BDC26801311A60D0
:10DD80004269C3609B1AF3E72DE9F04105460F464F
:10DD9000EFF31188202383F31288BFF36F8FC668D7
:10DDA000FEB90468A0421CD0DCB1D4E90032136093
:10DDB0005A60237CC4E9006623F002032374A66042
:10DDC00004F1180000F0B7FA2046C4F880606761DB
:10DDD00000F09AF9414605F10800BDE8F04100F075
:10DDE000F1B93E60AB69EF60013BAB6188F311882C
:10DDF000BFF36F8FBDE8F081202408B5EFF31183E6
:10DE000084F31288BFF36F8FFDF778FEF6E7D0E951
:10DE1000003213605A600023027CC0E9003322F014
:10DE2000020202748360704713B501240094FBF76B
:10DE300097FA02B010BD90F90E308B4201D0FCF77A
:10DE4000DBB80020704703460020C3E90033C3E974
:10DE500002007047D0E9003213605A600023027C50
:10DE6000C0E9003322F002020274836070472DE99A
:10DE7000F843904604460D469DF82020EFF31187A5
:10DE8000202181F31288BFF36F8F02B14568A66825
:10DE900004F10809B14516D0AEB100243046FFF7B1
:10DEA000D9FF06F1180000F046FA3046C6F8804067
:10DEB000C6F8148000F028F94846394600F082F987
:10DEC0002046BDE8F883A3B10820FCF77BFC0028BE
:10DED00032D00122C0F804800260016801F0030121
:10DEE0005DB922680A430260626820606AB96060B6
:10DEF0000BE04046C8F80030EFE72A68032A10D844
:10DF00000160616839B9C4E90000002087F3118815
:10DF1000BFF36F8FD5E70A6802F0030202430A607D
:10DF2000E5E722F003020A4302602A6802F00302D6
:10DF300040EA02032B60E8E76FF00B00E6E710B55C
:10DF4000044630B10268930703D0446809B100F079
:10DF5000F1FA204610BD0023C0E9003300F10803A8
:10DF6000C0E902337047012307B5009300230A4636
:10DF70001946FFF77CFF03B05DF804FB002307B5EB
:10DF80000A4600931946FFF772FF03B05DF804FBE1
:10DF900000210068FFF7D3BF3AB18A4205D3C0E938
:10DFA0000212C0E90000002070476FF015007047B2
:10DFB000012302688B4022EA0303036022FA01F086
:10DFC00000F00100704710B5032104460C30FFF744
:10DFD000EFFF30B104F1100000F0ADF9B0FA80F0BD
:10DFE000400910BD20B100229430114600F060B904
:10DFF000704773B50446EFF31185202383F312882D
:10E00000BFF36F8F00230193D0E90423B3F1004FD6
:10E0100008BF012A05D085F31188BFF36F8F02B0C6
:10E0200070BDA0F1100603210438FFF7C1FF0028DE
:10E03000F1D0A369304601A90193FBF759FCEAE747
:10E04000EFF30580003818BF012070476FF05700CC
:10E0500070470020704738B58589EFF31181202281
:10E0600082F31288BFF36F8F037C13F0080404D08F
:10E0700081F31188BFF36F8F38BD0122FBF796FE45
:10E08000EB07F9D584F31188BFF36F8F042318468B
:10E0900002DFF1E7FBF742BFD0E9003213605A60BC
:10E0A0000023C0E90033704708B5FFF7F5FF037C94
:10E0B00023F0020303740023836008BD38B50446CF
:10E0C0000D46FBF7BFFD237C43F002032374D5B15B
:10E0D000A5602B689D4209D16B68C4E900531C60A0
:10E0E0006C6010E06A689A42F6D01B68002BF3D08F
:10E0F00093F90E1094F90E209142F3DD5A68C4E9A9
:10E10000003214605C6038BD10B5EFF31184202339
:10E1100083F31288BFF36F8FFBF7BEFD84F3118882
:10E12000BFF36F8F10BDFBF7B7BDFBF78BBD08B515
:10E13000EFF31181202282F31288BFF36F8F83687F
:10E140000BB1FFF7B1FF81F31188BFF36F8F08BDEB
:10E1500008B5037C014613F0280F0CD183680BB17E
:10E16000FFF7A2FF0B7C084623F004030B74BDE805
:10E170000840FBF791BD08BD10B5EFF311842023D3
:10E1800083F31288BFF36F8F1838FFF7E1FF84F332
:10E190001188BFF36F8F10BD08B50346EFF31181EF
:10E1A000202282F31288BFF36F8F0068834207D06A
:10E1B00008B1FFF779FF81F31188BFF36F8F08BDB6
:10E1C0000020F8E70846FBF7A7BD38B50546046808
:10E1D0000020AC4200D138BD002CFCD02046FFF717
:10E1E00063FF04F1180000F0A6F82046FBF754FD89
:10E1F0002C680120A542EDE710B5EFF31184202330
:10E2000083F31288BFF36F8FFFF7DFFF84F311886A
:10E21000BFF36F8F10BD38B505460C46FBF758FFAE
:10E22000B4F1FF3F08BFB5F1FF3F0AD0C117093075
:10E230004FF00A024FF0000341F10001F1F7E0FE58
:10E2400038BD4FF0FF30FBE72DE9F04706460F469B
:10E2500091469A46EFF31188202383F31288BFF387
:10E260006F8F0068864206D028B1736898420CBF51
:10E270000025056868B90024B9F1000F02D05146A5
:10E280002046C84788F31188BFF36F8F2046BDE84A
:10E29000F0875146B84704460028EDD135B1736880
:10E2A000AB4200D02C6828462546E3E72C46FAE727
:10E2B00038B5EFF31185202383F31288BFF36F8FF6
:10E2C0000468A0421CD0ECB1C4F880106261D4E9AB
:10E2D000003213605A600023227CC4E9003322F02C
:10E2E00002022274A36004F1180000F024F8204612
:10E2F000FFF719FF012085F31188BFF36F8F38BD39
:10E300000020F8E72046F6E708B50246FBF7EEFFE7
:10E3100070B1D0E904319B1A61EBE272B3F1004FA6
:10E3200072F1000104DA002AACBF1846002008BDD3
:10E330006FF00040FBE7024638B5EFF3118520236C
:10E3400083F31288BFF36F8F0368D3B1FBF7CEFF5F
:10E3500004461046FBF7DCFF00224FF000438442E6
:10E36000C0E9042305D0002085F31188BFF36F8F27
:10E3700038BDFBF7C3FFFFF7C7FF0021FAF740FDE9
:10E38000F1E7D0E90413B3F1004F08BF012904D12C
:10E3900000204FF00041C2E904016FF01500E3E7EF
:10E3A00008B5FCF7BDF808BDFCF7BAB8B3F1FF3FFC
:10E3B00008BFB2F1FF3F70B506461D46144614D0A3
:10E3C0001A4316D0002B08DBFCF7AAF8041941EB1E
:10E3D0000501C6E90041304670BD6FF001031C1B0A
:10E3E0004FF0FF3363EB0501F3E74FF0FF342146B5
:10E3F000EFE70024FBE7B3F1FF3F08BFB2F1FF3FB7
:10E40000F8B5074616461C4610D054EA020311D050
:10E41000FCF786F8B0420A46A14103460AD2F31A35
:10E4200064EB0204C7E900343846F8BD4FF0FF330F
:10E430001C46F7E70023FBE70023C0E9081200F1C0
:10E440001802C0E90622C0E9003303634363704742
:10E450002DE9F3470446DDE90A9815460E4659B3FF
:10E4600002F0010AFBF7AAFE0746EFF31181202311
:10E4700083F31288BFF36F8FA80744BF0023A36004
:10E48000A36803EA0600BAF1000F0CD086420CD153
:10E490006A0744BF8343A36081F31188BFF36F8F82
:10E4A00002B0BDE8F0870028F2D159EA080305D18F
:10E4B00081F31188BFF36F8F0020F1E7C7E918657A
:10E4C0002246CDE9009804F10C00FBF769FD002815
:10E4D000F2D1386EE4E710B50B680446D0E91802B3
:10E4E00012F0010F03EA000301D0984211D183B169
:10E4F0002366520748BF4A6804F1180044BF1A4314
:10E500004A60FFF718FF00232046C4F88030FFF769
:10E510001FFE002010BD0023C0E90000836070478B
:10E520000A46FCF703B90A460021FCF7FFB852007F
:10E53000FFF78EBF20B1011F50F8040CFFF7E6BBB8
:10E5400070470A44431E914200D1704710B511F83C
:10E55000014B914203F8014FF9D110BD024403462B
:10E56000934200D1704703F8011BF9E710B56AB177
:10E570000139841810F8012B11F8013F9A4203D198
:10E58000A04201D0002AF5D1D01A10BD1046FCE7F8
:10E590000139034610B532B111F8014F013A03F8C1
:10E5A000014B002CF7D11A440021934200D110BD39
:10E5B00003F8011BF9E70246014410B58A421346ED
:10E5C00003D01C780132002CF8D1181A10BDF0B518
:10E5D000C3F13707044603F01F031046FFB2082BB0
:10E5E000E6B232D0102B3DD06508A40845EAC175CB
:10E5F00044EA81748A082D1942EB5102290941EA43
:10E6000002716D1842EB1212290A41EA02616D187B
:10E6100042EB1222290C41EA02416D1842EB1242F0
:10E62000AD1842F10002EC0844EA4274D10804EB50
:10E630008402A6EB4205EDB2092D0CD90134A5F1F7
:10E640000A0541F10001EDB212E0E40806F0070509
:10E6500044EA4174C908303554EA010200F8015B0C
:10E66000BDD1F0BD240906F00F0544EA0174090983
:10E67000092D84BFED19EDB2EDE7D1E904329342E3
:0CE680001EBF5A1C0A6118707047000091
:08E68C00CC19FF7F0100000022
:10E694000000000004E7000C9D92000C0000000044
:10E6A400DD92000C000000000000000020E7000CD8
:10E6B400000000003CE7000CA57E000C00000000F8
:10E6C400618D000C00000000690D000C00000000CA
:10E6D400C126000C00000000E1A7000C00000000AF
:10E6E4000000000058E7000C0000000074E7000C74
:10E6F4000000000090E7000C7941000C00000000CD
:10E704004C10010C08F0000CD0EC000CA603002007
:10E7140064170020E17B000C00000000B107010C2D
:10E7240040EF000C00000000A20300203014002081
:10E73400015C000C00000000B613010C6CF0000C2E
:10E7440010ED000CAA030020A0170020798B000C08
:10E75400000000000B0A010C68EF000CB8EF000C7D
:10E76400A40300203402002023D6000C0000000083
:10E774007313010C30F0000CECEC000CA803002027
:10E78400E80200200188000C00000000DAF5000C0B
:10E7940020EF000C00000000A0030020481300201C
:08E7A400995B000C000000006D
:10E7AC0000000000E1BA000C00000000E1BA000C0F
:10E7BC0000000000E1BA000C00000000E1BA000CFF
:10E7CC0000000000E1BA000C00000000E1BA000CEF
:10E7DC0000000000E1BA000C00000000E1BA000CDF
:10E7EC0000000000E1BA000C00000000E1BA000CCF
:10E7FC0000000000E1BA000C00000000E1BA000CBF
:10E80C0000000000E1BA000C20E7000CA7C8000CC7
:10E81C0020E7000CD5C8000C20E7000C05C9000C43
:10E82C0020E7000C35C9000C20E7000C65C9000C72
:10E83C0020E7000C95C9000C20E7000CC5C9000CA2
:10E84C0020E7000CF5C9000C20E7000C25CA000CD1
:10E85C0020E7000C5BCA000C20E7000C91CA000CEE
:10E86C0020E7000CC7CA000C20E7000CFDCA000C06
:10E87C0020E7000C33CB000C20E7000C69CB000C1C
:10E88C0020E7000C9FCB000C00000000E1BA000C4C
:10E89C0000000000E1BA000C00000000E1BA000C1E
:10E8AC0000000000E1BA000C00000000E1BA000C0E
:10E8BC0000000000E1BA000C00000000E1BA000CFE
:10E8CC0000000000E1BA000C00000000E1BA000CEE
:10E8DC0000000000E1BA000C00000000E1BA000CDE
:10E8EC0000000000E1BA000C00000000E1BA000CCE
:10E8FC0000000000E1BA000C00000000E1BA000CBE
:10E90C0000000000E1BA000C00000000E1BA000CAD
:10E91C0000000000E1BA000C00000000E1BA000C9D
:10E92C0000000000E1BA000C00000000E1BA000C8D
:10E93C0000000000E1BA000C00000000E1BA000C7D
:10E94C0000000000E1BA000C00000000E1BA000C6D
:10E95C0000000000E1BA000C00000000E1BA000C5D
:10E96C0000000000E1BA000C00000000E1BA000C4D
:10E97C0000000000E1BA000C00000000E1BA000C3D
:10E98C0000000000E1BA000C00000000E1BA000C2D
:10E99C0000000000E1BA000C00000000E1BA000C1D
:10E9AC0000000000E1BA000C00000000E1BA000C0D
:10E9BC0000000000E1BA000C00000000E1BA000CFD
:10E9CC0000000000E1BA000C00000000E1BA000CED
:10E9DC0000000000E1BA000C00000000E1BA000CDD
:10E9EC0000000000E1BA000C00000000E1BA000CCD
:10E9FC0000000000E1BA000C00000000E1BA000CBD
:10EA0C0000000000E1BA000C00000000E1BA000CAC
:10EA1C0000000000E1BA000C00000000E1BA000C9C
:10EA2C0000000000E1BA000C00000000E1BA000C8C
:10EA3C0000000000E1BA000C00000000E1BA000C7C
:10EA4C0000000000E1BA000C00000000E1BA000C6C
:10EA5C0000000000E1BA000C00000000E1BA000C5C
:10EA6C0000000000E1BA000C00000000E1BA000C4C
:10EA7C0000000000E1BA000C00000000E1BA000C3C
:10EA8C0000000000E1BA000C00000000E1BA000C2C
:10EA9C0000000000E1BA000C00000000E1BA000C1C
:10EAAC0000000000E1BA000C00000000E1BA000C0C
:10EABC0000000000E1BA000C00000000E1BA000CFC
:10EACC0000000000E1BA000C00000000E1BA000CEC
:10EADC0000000000E1BA000C00000000E1BA000CDC
:10EAEC0000000000E1BA000C00000000E1BA000CCC
:10EAFC0000000000E1BA000C00000000E1BA000CBC
:10EB0C0000000000E1BA000C00000000E1BA000CAB
:10EB1C0000000000E1BA000C00000000E1BA000C9B
:10EB2C0000000000E1BA000C00000000E1BA000C8B
:10EB3C0000000000E1BA000C00000000E1BA000C7B
:10EB4C0000000000E1BA000C00000000E1BA000C6B
:10EB5C0000000000E1BA000C00000000E1BA000C5B
:10EB6C0000000000E1BA000C00000000E1BA000C4B
:10EB7C0000000000E1BA000C00000000E1BA000C3B
:10EB8C0000000000E1BA000C00000000E1BA000C2B
:10EB9C0000000000E1BA000C00000000E1BA000C1B
:10EBAC0000000000E1BA000C00000000E1BA000C0B
:10EBBC0000000000E1BA000C00000000E1BA000CFB
:10EBCC0000000000E1BA000C00000000E1BA000CEB
:10EBDC0000000000E1BA000C00000000E1BA000CDB
:10EBEC0000000000E1BA000C00000000E1BA000CCB
:10EBFC0000000000E1BA000C00000000E1BA000CBB
:10EC0C0000000000E1BA000C00000000E1BA000CAA
:10EC1C0000000000E1BA000C00000000E1BA000C9A
:10EC2C0000000000E1BA000C00000000E1BA000C8A
:10EC3C0000000000E1BA000C00000000E1BA000C7A
:10EC4C0074E7000C9D80000C00000000E1BA000C81
:10EC5C0058E7000CBD62000C58E7000CBD62000CBC
:10EC6C0058E7000CBD62000C58E7000CBD62000CAC
:10EC7C0000000000E1BA000C00000000E1BA000C3A
:10EC8C0000000000E1BA000C00000000E1BA000C2A
:10ECA000F00A0020F01E0020000400003951000C82
:10ECB000000000000000000000000000FFFFFFFF58
:10ECC000000000009B06010C000000000000000096
:10ECD0003171000C296F000C00000000E56D000C84
:0CECE0003BD8000C00000000496A000C4A
:10ECEC002FDB000C9981000CD986000C0FDB000C7B
:10ECFC00000000001BDB000CF3DA000C000000002D
:04ED0C000000000003
:10ED10005BDB000C71DB000C8DDB000C798A000CD6
:0CED20007FDB000C000000000000000081
:10ED2C002CF4000C030000005B10010C030000002D
:10ED3C00DAF5000C030000007410010C0100000057
:10ED4C00CF07010C0300000050F4000C030000007E
:10ED5C0054F4000C0300000054F5000C03000000F8
:10ED6C000AF3000C03000000C0FA000C03000000C2
:10ED7C0042FB000C030000004AFB000C03000000E7
:10ED8C00AA14010C0300000081F3000C0300000026
:10ED9C0094FC000C030000008113010C0300000024
:10EDAC003DF4000C03000000C613010C030000002E
:10EDBC008208010C02000000180A010C020000007D
:10EDCC002B04010C020000008C01010C020000005D
:10EDDC00FB04010C020000007502010C0200000093
:10EDEC001700010C020000000E00010C02000000D4
:10EDFC008605010C020000003705010C0200000022
:10EE0C000703010C020000009B06010C030000002C
:10EE1C008E05010C0200000065F2000C03000000DE
:10EE2C00A8EE000CC400002043F5000C010000000B
:10EE3C005DF2000C0000000028060020000100001C
:10EE4C00BDB7000C5BB7000C0200000065B9000CEC
:10EE5C0000000000000000000000000000000000A6
:10EE6C0023F5000C2BF5000C000000000000000046
:10EE7C000000000033F5000C37F5000C3BF5000CDE
:10EE8C003FF5000C98EE000CF40E00200D17000C52
:10EE9C000C0F0020E61700200100000025BA000C22
:10EEAC001BBA000CE9B9000CDDB9000C0000000025
:10EEBC00D1B9000C00000000000000200000000090
:10EECC000600010002000000D8EE000C0000000853
:10EEDC0033FB000C06000000E0FF1F0C00000020BC
:10EEEC003BFB000C21000000E0FF07204D27000C2D
:10EEFC000000000071BB000C9E030020020000000B
:10EF0C00F8EE000C1CEF000C0000000000000000EC
:10EF1C004813002074E7000CFBF2000C5BC8000CDB
:10EF2C003BC8000C33C8000C2BC8000C23C8000CC9
:10EF3C0085C8000C00A0014404E7000C1A7F1324C0
:10EF4C0003C5FF1FD5CB000C01000000FCEF000C2B
:10EF5C0004040020000000000000000000A0024596
:10EF6C0064160020080000006414002064150020C2
:10EF7C00A8EF000C04E7000C3E7F342437EEFF1F93
:10EF8C00020000005C15010C0C0000009071000ADE
:10EF9C00C1D5000CA3D5000CF55E000CB0EF000C35
:10EFAC0001000000DEF0000C0200000075D4000C23
:10EFBC005FD7000C47D5000C1BD4000CABD6000C53
:10EFCC000000000099D4000CC7D3000C63D4000CD3
:10EFDC0053D4000C000000005165000C2560000C9F
:10EFEC0079D4000CD95F000C43D7000C31D7000C3E
:10EFFC0007D8000C00000000EFD7000C00C0004444
:10F00C0000E0004400000144002001440080004462
:10F01C0005000000001080448010804400118044E2
:10F02C00801180445CF0000C0060024504E7000C89
:10F03C000B7F042435ECFF1F10D2FF1FF4010000DE
:10F04C00801A060080F0FA02040000012580000CF2
:10F05C0064F0000C01000000E6F0000C0800000059
:10F06C0000C2010003000100002000450001000067
:10F07C00010000000000000004E7000C2E7F30248B
:10F08C0023DAFF1F94F0000C9CF0000C0100000030
:10F09C0006F1000C020000006014010C6E14010C4F
:10F0AC008214010C9114010C9D14010C94E6000CBB
:10F0BC0094E6000CC4E6000CCCE6000C04E7000C53
:10F0CC0004E7000CDB14010C000100000000000040
:10F0DC0009044372000033720000A38200006382B3
:10F0EC00000073820000B3820000838200009382D0
:10F0FC000000C38200005382000090230000802394
:10F10C0000004661696C656420746F20696E6974D7
:10F11C0069616C697A65206C616E677561676520E1
:10F12C0064657363726970746F722028256429009A
:10F13C004661696C656420746F20696E69746961DD
:10F14C006C697A65206D616E756661637475726544
:10F15C00722064657363726970746F722028256401
:10F16C0029004661696C656420746F20696E69744E
:10F17C0069616C697A652070726F64756374206460
:10F18C00657363726970746F722028256429004658
:10F19C0061696C656420746F20696E697469616C57
:10F1AC00697A6520534E2064657363726970746F5D
:10F1BC00722028256429004661696C656420746F8F
:10F1CC00206164642046756C6C2D537065656420F9
:10F1DC00636F6E66696775726174696F6E00466104
:10F1EC00696C656420746F20616464207265676962
:10F1FC007374657220636C61737365730046616927
:10F20C006C656420746F2072656769737465722015
:10F21C006D6573736167652063616C6C6261636BB0
:10F22C00004661696C656420746F20696E6974694D
:10F23C00616C697A652064657669636520737570A5
:10F24C00706F72740073616D706C655F757362645E
:10F25C00006466755F64667500757362645F7361E4
:10F26C006D706C655F636F6E666967004E6F2066CC
:10F27C00696C652073797374656D2073656C656357
:10F28C00746564004661696C656420746F20696EF6
:10F29C00697469616C697A6520555342206465769E
:10F2AC00696365004661696C656420746F20656EE6
:10F2BC0061626C6520646576696365207375707036
:10F2CC006F727400546865206465766963652069A3
:10F2DC00732070757420696E20555342206D6173D4
:10F2EC00732073746F72616765206D6F6465005372
:10F2FC0044005A657068797200302E3030006D61B0
:10F30C00696E006865617020636F727275707469E4
:10F31C006F6E20286E6F7420696E207573653F299F
:10F32C00206174202570006865617020636F7272B3
:10F33C00757074696F6E2028627566666572206FD1
:10F34C00766572666C6F773F29206174202570009A
:10F35C006865617020636F7272757074696F6E206E
:10F36C0028646F75626C6520667265653F29206143
:10F37C0074202570006F735F686561700028756E6E
:10F38C007369676E6564292063686172202A207531
:10F39C0073656420666F7220252570206172677515
:10F3AC006D656E742E2049742773207265636F6DC2
:10F3BC006D656E64656420746F206361737420697D
:10F3CC007420746F20766F6964202A2062656361F3
:10F3DC00757365206974206D61792063617573653F
:10F3EC00206D69736265686176696F7220696E2041
:10F3FC006365727461696E20636F6E66696775729E
:10F40C006174696F6E732E20537472696E673A2241
:10F41C0025732220617267756D656E743A256400E0
:10F42C0063627072696E74665F7061636B6167654D
:10F43C00007379735F6765746F7074006C6F6767C6
:10F44C00696E67006C6F67006C6F675F6D676D74DA
:10F45C00004D65737361676520282225732229206E
:10F46C0064726F707065642062656361757365208A
:10F47C00697420657863656564732073697A6520A7
:10F48C006C696D69746174696F6E2028257529002B
:10F49C004D6573736167652064726F70706564206D
:10F4AC006265636175736520697420657863656551
:10F4BC0064732073697A65206C696D697461746911
:10F4CC006F6E2028257529000D0A001B5B306D001E
:10F4DC00257320005B2530386C755D20005B253072
:10F4EC0032753A253032753A253032752E25303347
:10F4FC00752C253033755D20003C25733E2000258E
:10F50C00732F0025733A20002530327820002020FC
:10F51C0020007C002563001B5B313B33316D001BED
:10F52C005B313B33336D006572720077726E00692C
:10F53C006E6600646267006C6F675F6261636B6527
:10F54C006E645F75617274006C6F675F7561727465
:10F55C00004469736B207265666572656E63652025
:10F56C00636F756E74206174206D61782076616CA8
:10F57C007565004469736B20697320616C726561F9
:10F58C006479206465696E697469616C697A656413
:10F59C0000696E76616C6964206469736B20696EB6
:10F5AC00746572666163652121006469736B2069FF
:10F5BC006E7465726661636520616C7265616479F5
:10F5CC0020726567697374657265642121006469D2
:10F5DC00736B0072302F61313A202030782530382F
:10F5EC0078202072312F61323A2020307825303843
:10F5FC0078202072322F61333A2020307825303831
:10F60C00780072332F61343A2020307825303878E6
:10F61C00207231322F69703A2020307825303878BA
:10F62C00207231342F6C723A2020307825303878A3
:10F63C000020787073723A202030782530387800AA
:10F64C004661756C74696E6720696E73747275634C
:10F65C0074696F6E206164647265737320287231F3
:10F66C00352F7063293A2030782530387800556E64
:10F67C0068616E646C6564204952516E3A20256451
:10F68C00002A2A2A2A2A205553414745204641550B
:10F69C004C54202A2A2A2A2A00202044697669738D
:10F6AC00696F6E206279207A65726F002020556E2A
:10F6BC00616C69676E6564206D656D6F7279206130
:10F6CC006363657373002020537461636B206F76E2
:10F6DC006572666C6F772028636F6E746578742022
:10F6EC0061726561206E6F742076616C69642900AB
:10F6FC0020204E6F20636F70726F636573736F722F
:10F70C0020696E737472756374696F6E7300202058
:10F71C00496C6C6567616C206C6F6164206F66204E
:10F72C004558435F52455455524E20696E746F20B4
:10F73C005043002020496C6C6567616C20757365C3
:10F74C00206F66207468652045505352002020417C
:10F75C007474656D707420746F206578656375744E
:10F76C006520756E646566696E656420696E737478
:10F77C0072756374696F6E002A2A2A2A2A204D50EA
:10F78C0055204641554C54202A2A2A2A2A0020204A
:10F79C00537461636B696E67206572726F72202897
:10F7AC00636F6E746578742061726561206D696732
:10F7BC006874206265206E6F742076616C696429B0
:10F7CC00002020556E737461636B696E67206572DF
:10F7DC00726F720020204461746120416363657311
:10F7EC00732056696F6C6174696F6E0020204D4DEB
:10F7FC0046415220416464726573733A2030782517
:10F80C0078002020496E737472756374696F6E2072
:10F81C004163636573732056696F6C6174696F6EB5
:10F82C00002020466C6F6174696E672D706F696E75
:10F83C0074206C617A7920737461746520707265C0
:10F84C00736572766174696F6E206572726F720087
:10F85C002A2A2A2A2A20425553204641554C542004
:10F86C002A2A2A2A2A002020537461636B696E6746
:10F87C00206572726F720020205072656369736527
:10F88C00206461746120627573206572726F7200FE
:10F89C0020204246415220416464726573733A20C1
:10F8AC0030782578002020496D7072656369736526
:10F8BC00206461746120627573206572726F7200CE
:10F8CC002020496E737472756374696F6E20627553
:10F8DC0073206572726F72002A2A2A2A2A205345D5
:10F8EC0043555245204641554C54202A2A2A2A2A4F
:10F8FC00002020416464726573733A203078257857
:10F90C00002020496E76616C696420656E74727992
:10F91C0020706F696E74002020496E76616C69648A
:10F92C0020696E74656772697479207369676E619A
:10F93C0074757265002020496E76616C696420656F
:10F94C007863657074696F6E2072657475726E0081
:10F95C0020204174747269627574696F6E20756EC3
:10F96C0069742076696F6C6174696F6E0020204930
:10F97C006E76616C6964207472616E736974696F00
:10F98C006E0020204C617A7920737461746520704C
:10F99C007265736572766174696F6E0020204C61BC
:10F9AC007A79207374617465206572726F7200527B
:10F9BC006573657276656420457863657074696FEC
:10F9CC006E20280053707572696F757320696E74A0
:10F9DC006572727570742028495251200020205392
:10F9EC0020696E737472756374696F6E20616464E0
:10F9FC00726573733A202030782578002A2A2A2AD7
:10FA0C002A2048415244204641554C54202A2A2A47
:10FA1C002A2A002020427573206661756C74206F51
:10FA2C006E20766563746F72207461626C652072EF
:10FA3C006561640020204465627567206576656E9B
:10FA4C00740020204661756C7420657363616C6171
:10FA5C0074696F6E20287365652062656C6F7729F9
:10FA6C0000415243485F45584345505420776974D0
:10FA7C006820726561736F6E2025780A002A2A2A25
:10FA8C002A2A204465627567206D6F6E69746F72E7
:10FA9C0020657863657074696F6E202A2A2A2A2A79
:10FAAC00002A2A2A2A2A20257320256429202A2A7A
:10FABC002A2A2A006D7075004661696C6564207491
:10FACC006F20616C6C6F63617465206E6577204D7F
:10FADC00505520726567696F6E2025750A0050615C
:10FAEC0072746974696F6E2025753A20636F68654E
:10FAFC0072656E636520636865636B206661696C13
:10FB0C0065642E00496E76616C696420756E64655F
:10FB1C00726C79696E6720726567696F6E20696EA9
:10FB2C0064657820257500464C4153485F3000537E
:10FB3C0052414D5F30006E65745F627566006E6594
:10FB4C00745F6275665F73696D706C6500436F7589
:10FB5C006C64206E6F742025732063617264207056
:10FB6C006F7765722076696120534448430064695D
:10FB7C007361626C6500656E61626C6500436F75E4
:10FB8C006C64206E6F742073746172742062757370
:10FB9C0020636C6F636B0043617264206572726FDB
:10FBAC0072206F6E20434D443000436172642064B8
:10FBBC006F6573206E6F7420737570706F72742024
:10FBCC00434D44382C20617373756D696E67206CDE
:10FBDC0065676163792063617264004361726420BC
:10FBEC006572726F72206F6E20434D44380053441F
:10FBFC0020686F737420636F6E74726F6C6C6572B7
:10FC0C002072657475726E656420696E76616C69BC
:10FC1C00642070726F706572746965730054696DDD
:10FC2C00656F7574207768696C6520747279696E7C
:10FC3C006720746F206163717569726520636172EE
:10FC4C0064206D75746578004661696C6564207418
:10FC5C006F207265736574205344484320492F4FBD
:10FC6C00004661696C656420746F20696E6974204C
:10FC7C005344206361726420616674657220492F5D
:10FC8C004F20726573657400736400534420617077
:10FC9C007020636F6D6D616E64206661696C656464
:10FCAC00207769746820523120726573706F6E739F
:10FCBC0065206F662030782558005344494F2064E6
:10FCCC006F6573206E6F7420737570706F72742013
:10FCDC004D4D4320636F6D6D616E647300436F75A2
:10FCEC006C64206E6F7420676574205344206361CC
:10FCFC007264206D75746578004661696C6564206A
:10FD0C00746F20726561642066726F6D2053444D70
:10FD1C004D43202564004361726420646964206E45
:10FD2C006F742072657475726E20746F20726561C9
:10FD3C006479207374617465004361726420726528
:10FD4C006164206661696C6564004F6E6C79202576
:10FD5C006420626C6F636B73206F66202564207760
:10FD6C00657265207772697474656E005772697478
:10FD7C0065206661696C6564004572617365206617
:10FD8C0061696C65640043617264206275737920EB
:10FD9C007768656E20706F776572696E67206F6625
:10FDAC00660043617264206E65766572206C6566D0
:10FDBC00742062757379207374617465004661698F
:10FDCC006C656420746F2071756572792063617243
:10FDDC0064204F4352004D6178696D756D2053441A
:10FDEC0020636C6F636B20697320756E6465722081
:10FDFC0032354D487A2C207573696E6720636C6FB1
:10FE0C00636B206F66202564487A004661696C65D7
:10FE1C006420746F2072616973652062757320664B
:10FE2C0072657175656E637920746F2032354D483B
:10FE3C007A005344207370656320312E3031206476
:10FE4C006F6573206E6F7420737570706F72742091
:10FE5C00434D4436004661696C656420746F2072B2
:10FE6C0065616420636172642066756E6374696F8A
:10FE7C006E7300436F756C64206E6F7420736574C1
:10FE8C0020534420626C6F636B6C656E20746F2022
:10FE9C00353132004361726420646964206E6F7482
:10FEAC0020616363657074206E657720737065657F
:10FEBC0064004661696C656420746F206368616ED0
:10FECC00676520686F737420627573207370656545
:10FEDC0064004661696C656420746F207377697483
:10FEEC006368206361726420746F204853206D6FC7
:10FEFC006465004661696C656420746F2063686199
:10FF0C006E67652063617264206275732077696423
:10FF1C00746820746F203420626974730048532015
:10FF2C006361726420696E6974206661696C6564D2
:10FF3C000055534220646576696365207375707053
:10FF4C006F727420697320616C72656164792069C9
:10FF5C006E697469616C697A6564005553422064FA
:10FF6C00657669636520636F6E74726F6C6C657215
:10FF7C00206973206E6F742072656164790055532B
:10FF8C00422064657669636520737570706F727456
:10FF9C00206973206E6F7420696E697469616C6975
:10FFAC007A656400555342206465766963652073F5
:10FFBC007570706F727420697320616C7265616406
:10FFCC007920656E61626C6564004661696C65647C
:10FFDC0020746F20656E61626C6520636F6E747245
:10FFEC006F6C6C6572004275666665722070726526
:04FFFC00616C6C6F59
:020000040C01ED
:10000000636174696F6E206661696C656400757305
:1000100062645F64657600757362645F64657363D0
:10002000004661696C656420746F20656E7175654A
:1000300075652053746174757320494E206275662E
:10004000666572004661696C656420746F20656E38
:100050007175657565205345545550206275666607
:1000600065720043616E206F6E6C792068616E640A
:100070006C6520636F6E74726F6C2072657175654C
:10008000737473004D616C666F726D656420736587
:10009000747570207061636B657400556E6578705F
:1000A000656374656420627566666572206C696E4E
:1000B0006B656420746F20736574757000466169A8
:1000C0006C656420746F2073657420646576696361
:1000D000652061646472657373203078257800460A
:1000E00061696C656420746F2073657420636F6E42
:1000F00066696775726174696F6E2025752C20259D
:100100006400436F6E66696775726174696F6E2013
:1001100064657363726970746F72202575206E6FE9
:100120007420666F756E64004857494E464F206EC6
:100130006F7420696D706C656D656E746564206F99
:100140007220656E61626C6564004661696C65640D
:1001500020746F20656E71756575652053746174C8
:100160007573204F5554206275666665720046614E
:10017000696C656420746F20656E61626C652054E3
:100180004553545F4D4F4445202575007573626497
:100190005F636839004661696C656420746F20672D
:1001A0006574206366675F6E642C20646573706994
:1001B000746520636F6E6669677572656420737419
:1001C00061746500556E7265636F76657261626C0D
:1001D00065206572726F722025642C206570203056
:1001E00078253032782C20627566202570004661B3
:1001F000696C656420746F20736574206465666142
:10020000756C7420616464726573732061667465D3
:100210007220627573207265736574004661696C43
:10022000656420746F207365742064656661756C05
:1002300074207374617465206166746572206275E0
:100240007320726573657400554443206572726F44
:1002500072206576656E74004661696C6564207411
:100260006F20696E697420646576696365206472C5
:100270006976657200757362645F636F72650045CD
:100280006E64706F696E6720307825303278206E2A
:100290006F742061737369676E6564004661696C91
:1002A000656420746F2061737369676E20656E6486
:1002B000706F696E74206164647265737365730036
:1002C0004661696C656420746F20696E6974696148
:1002D0006C697A6520636C61737320696E737461F5
:1002E0006E6365004661696C656420746F20696E99
:1002F000697420465320636F6E6669677572617416
:10030000696F6E20257500757362645F696E69742C
:10031000004661696C656420746F20726573657452
:1003200020636F6E66696775726174696F6E0046EF
:10033000656174757265206E6F7420737570706F6F
:100340007274656420627920636F6E74726F6C6C76
:100350006572005553422064657669636520737544
:1003600070706F727420697320696E697469616C52
:10037000697A656400537461636B207761732063ED
:100380006F6D70696C656420776974686F7574202F
:10039000486967682D537065656420737570706F68
:1003A000727400465320636F6E66696720616C72D9
:1003B00065616479206F6E204853206C6973740006
:1003C000556E737570706F7274656420636F6E66BE
:1003D000696775726174696F6E207370656564001A
:1003E000436F6E66696775726174696F6E202575FB
:1003F0002072652D696E736572746564004661696B
:100400006C656420746F2061646420636F6E66693C
:100410006775726174696F6E20737472696E67209C
:1004200064657363726970746F7200757362645F80
:10043000636667005553422064657669636520638F
:100440006C617373202573206E6F7420666F756EF8
:1004500064004E6F20636F6E6669677572617469C0
:100460006F6E207365742028416464726573732015
:1004700073746174652900436C61737320696E73D2
:1004800074616E636520616C726561647920726568
:10049000676973746572656400436C61737320727D
:1004A00065676973746572656420746F206F746822
:1004B000657220636F6E746578742061742064695E
:1004C00066666572656E742073706565640046616A
:1004D000696C656420746F207265676973746572F6
:1004E00020257320746F20465320636F6E66696702
:1004F00075726174696F6E20257500757362645F33
:10050000636C617373004661696C656420746F206D
:1005100068616E646C65206F702025642C206570A6
:10052000203078253032782C20626D2030782530CC
:1005300038782C20256400757362645F6966616396
:1005400065006465766963652069732073757370EF
:10055000656E646564005365742068616C74203056
:100560007825303278206661696C656400436C657B
:1005700061722068616C7420307825303278206692
:1005800061696C656400757362645F6570007573A2
:1005900062645F6D73670043616E6E6F7420726595
:1005A000676973746572204C554E20257300446949
:1005B0007361626C6500456E61626C6500466169DD
:1005C0006C656420746F20656E7175657565206E4D
:1005D00065745F62756620666F72203078253032F0
:1005E000780042756C6B2D4F6E6C79204D61737382
:1005F0002053746F72616765205265736574007271
:100600006571756573742065702030782530327897
:100610002C206C656E2025752063616E63656C6CA3
:10062000656400726571756573742065702030783B
:10063000253032782C206C656E2025752066616926
:100640006C6564004E6F74206D65616E696E6766DF
:10065000756C2043425700496E76616C6964204393
:10066000425700534353492068616E646C657220A1
:100670006469646E27742070726F636573732025DC
:100680007A7520627974657300494E20616C7265D9
:100690006164792071756575656400757362645F66
:1006A0006D7363006D73635F30004469736B206327
:1006B000616368652073796E63206661696C656447
:1006C000004C4241202564206973206F7574206FAF
:1006D000662072616E676500256420626C6F636BD3
:1006E00073207374617274696E672061742025646D
:1006F00020676F206F7574206F6620626F756E645F
:1007000073005061676520436F646520697320251D
:1007100064206275742045565044207365740055FA
:100720006E6B6E6F776E2053435349206F70636F0B
:100730006465203078253032780054696D656F75B6
:10074000742077616974696E6720666F722045490D
:10075000435F53594E434255535920626974732085
:10076000746F20636C65617200436C6F636B206310
:100770006F6E74726F6C206F6E206661696C656459
:1007800020666F72206D636C6B20256400436C6F74
:10079000636B20636F6E74726F6C206F6E20666186
:1007A000696C656420666F722067636C6B202564DA
:1007B00000696E746572727570742D636F6E7472F9
:1007C0006F6C6C65724034343031613030300069A8
:1007D0006E74635F6D6368705F6569635F67310046
:1007E00073757370656E6400726573756D65005323
:1007F000707572696F7573202573206576656E74E8
:100800000065702030782530327820616C72656127
:10081000647920656E61626C656400456E64706F1A
:10082000696E74203078253032782076616C696486
:100830006174696F6E206661696C65640065702023
:1008400030782530327820616C726561647920647B
:10085000697361626C6564004661696C65642074EB
:100860006F20616C6C6F63617465206E65745F628C
:10087000756620257A642C2065702030782530320A
:100880007800756463004661696C656420746F204C
:10089000726567697374657220656E64706F696EE6
:1008A0007400657020307825303278206275666675
:1008B000657220697320757365642062792074689D
:1008C0006520636F6E74726F6C6C65720054696D35
:1008D000656F75742077616974696E6720666F72E1
:1008E0002053575253542073796E63004661696CEC
:1008F000656420746F2064697361626C6520636F46
:100900006E74726F6C20656E64706F696E74004EE9
:100910006F2062756666657220666F722065702052
:1009200030782530327800456E64706F696E7420BF
:1009300030782530327820627573790057726F6E87
:1009400067206279746520636F756E742025752049
:10095000666F72207365747570207061636B657467
:10096000004661696C656420746F20636F6E666910
:1009700067757265205553422047434C4B3A2025FA
:1009800064004661696C656420746F20656E616205
:100990006C65205553422047434C4B3A2025640058
:1009A0004661696C656420746F20656E61626C6578
:1009B00020555342204D434C4B3A2025640046615C
:1009C000696C656420746F206170706C7920646557
:1009D0006661756C742070696E6374726C207374D8
:1009E0006174652028256429004661696C6564206E
:1009F000746F20656E61626C6520636F6E74726FD8
:100A00006C20656E64706F696E740075736240343B
:100A100035303261303030007564635F6D6368700B
:100A20005F67310025733A20434C4F434B5F434F80
:100A30004E54524F4C5F5355425359535F414C4CA7
:100A4000206973206E6F7420737570706F72746597
:100A5000640025733A20496E76616C696420737571
:100A60006273797374656D20747970653D256400D7
:100A700025733A20496E76616C696420696E7374DF
:100A8000616E636520256420666F722074797065DD
:100A900020256420286D6178202564290025733A7B
:100AA0002052656375727369766520646570656E42
:100AB00064656E637920646574656374656400259C
:100AC000733A20496E76616C696420504C4C2073F7
:100AD0006F7572636520646570656E64656E6379B9
:100AE0000025733A20496E76616C69642047434C57
:100AF0004B50494E20736F75726365204944002541
:100B0000733A204E554C4C20636F6E666967757260
:100B10006174696F6E20706F696E74657200257301
:100B20003A20496E76616C696420737562737973DB
:100B300074656D20747970653D256420696E7374E9
:100B4000616E63653D25640025733A2044464C4C34
:100B500034384D53594E432074696D656F75742058
:100B60006F6E2077726974696E67204F53434354E8
:100B7000524C5F44464C4C4354524C420025733A0D
:100B80002044464C4C34384D53594E432074696DC3
:100B9000656F7574206F6E2077726974696E672057
:100BA0004F53434354524C5F44464C4C4D554C00BC
:100BB00025733A2044464C4C34384D53594E43200B
:100BC00074696D656F7574206F6E207772697469D2
:100BD0006E67204F53434354524C5F44464C4C4342
:100BE00054524C410025733A2047434C4B5F5359B4
:100BF0004E43425553592074696D656F7574206F6B
:100C00006E2077726974696E672047434C4B5F476B
:100C1000454E4354524C5B25645D0025733A207465
:100C2000696D656F7574206F6E2077726974696E77
:100C3000672047434C4B5F5043484354524C5F43FB
:100C400048454E5F4D736B0025733A20496E7661BF
:100C50006C69642073756273797374656D002573B4
:100C60003A20556E737570706F7274656420737579
:100C70006273797374656D20747970650025733AB9
:100C80002047434C4B47454E302063616E6E6F7476
:100C90002062652064697361626C65642028616C00
:100CA00077617973204F4E290025733A20504C4CC0
:100CB0005B25645D206C6F636B2074696D656420D7
:100CC0006F75740025733A20556E737570706F726E
:100CD00074656420636C6F636B20737562737973E2
:100CE00074656D20747970652025640025733A2041
:100CF000436C6F636B204F4E206F70657261746937
:100D00006F6E206661696C65640025733A20436CE0
:100D10006F636B204F4E2074696D656F757400258D
:100D2000733A20584F534320726561647920746987
:100D30006D6564206F75740025733A20736B69705C
:100D400070696E672064666C6C34386D5F696E69BB
:100D5000742C2061732044464C4C20697320616CD4
:100D60007265616479206F6E0025733A20736B6938
:100D70007070696E672064666C6C34386D5F696E84
:100D800069742C20617320736F75726365206763CB
:100D90006C6B2D2564206973206F66662E20284DAC
:100DA0006178696D756D20696E6974207265747201
:100DB00079203D202564290025733A20736B6970E2
:100DC00070696E672064666C6C34386D5F696E693B
:100DD000742C2061732044464C4C2069732064724B
:100DE0006976696E672067636C6B302028435055C5
:100DF000290025733A2044464C4C34384D20726506
:100E00006164792074696D6564206F757400257361
:100E10003A2044464C4C34384D53594E4320746963
:100E20006D656F7574206F6E2077726974696E6777
:100E30002047434C4B5F5043484354524C0025736A
:100E40003A20736F7572636520636C6F636B202843
:100E500064726976696E6720504C4C5F2564292066
:100E60006973206F66662E20284D6178696D756DF7
:100E700020696E6974207265747279203D20256442
:100E8000290025733A20535550435F53544154551C
:100E9000532074696D656F7574206F6E2077726969
:100EA00074696E6720535550435F5652454743540B
:100EB000524C0025733A2074696D656F7574206F0C
:100EC0006E2077726974696E6720667261637469F7
:100ED0006F6E616C20646976696465720025733A8F
:100EE00020736B697070696E6720706C6C5F25642D
:100EF0005F6F75745F25645F696E69742C20617320
:100F000020697420697320616C7265616479206F57
:100F10006E0025733A20736B697070696E6720707C
:100F20006C6C5F25645F6F75745F25645F696E69C3
:100F3000742C2061732064726976696E6720504C4E
:100F40004C206973206F66660025733A20736B69C5
:100F50007070696E6720786F736333326B5F696E90
:100F600069742C20617320697420697320616C722C
:100F700065616479206F6E0025733A204F534333C7
:100F8000324B4354524C2072656164792074696D10
:100F90006564206F75740025733A20736B697070F7
:100FA000696E672067636C6B67656E2D25645F698A
:100FB0006E69742C20617320697420697320616CE0
:100FC0007265616479206F6E0025733A20736B69D6
:100FD0007070696E672067636C6B67656E5F696EC2
:100FE00069742C20617320736F75726365206F665E
:100FF0002067636C6B2D25642C206973206F6666F7
:101000002E20284D6178696D756D20696E69742098
:101010007265747279203D202564290025733A2079
:1010200047434C4B5F53594E4342555359207469C3
:101030006D656F7574206F6E2077726974696E6765
:101040002047434C4B5F4354524C4100636C6F63E9
:101050006B40343430313230303000636C6F636B4E
:101060005F6D6368705F7069633332636B5F736772
:101070005F6763006877696E666F5F6D6368705F56
:101080006731005344484320726573657420746966
:101090006D6564206F757400496E76616C696420BB
:1010A00062756666657220706F696E746572206F16
:1010B00072207472616E736665722073697A65005E
:1010C00041444D4132206973206E6F7420737570F6
:1010D000706F72746564206279207468697320533C
:1010E00044484320636F6E74726F6C6C6572005479
:1010F00072616E736665722073697A65202564205B
:101100006578636565647320636861696E656420F2
:1011100041444D41322063617061636974792025D7
:10112000750054696D656F75743A205472616E7301
:1011300066657220636F6D706C6574696F6E206692
:101140006C61677320646964206E6F7420636C65E2
:1011500061720054696D656F75743A20436F6D6DEF
:10116000616E642F4461746120636F6D706C65748F
:10117000696F6E20666C616720646964206E6F74AD
:1011800020636C656172005344484320627573208C
:10119000646964206E6F74206265636F6D65206999
:1011A000646C65206265666F726520636C6F636B4B
:1011B000206368616E676500496E7465726E616C6C
:1011C00020636C6F636B2073746162696C697A6110
:1011D00074696F6E2074696D6564206F7574206921
:1011E0006E207365745F636C6F636B005344484398
:1011F00020736F6674776172652072657365742001
:1012000074696D6564206F757400526571756573DE
:1012100074656420636C6F636B202575206F757433
:10122000206F662072616E6765202825752E2E2539
:101230007529004661696C656420746F207365745C
:101240002062757320776964746820746F20257537
:10125000004661696C656420746F20736574207446
:10126000696D696E67206D6F646520746F202575E8
:1012700000496E7465726E616C20636C6F636B20E5
:1012800073746162696C697A6174696F6E207469E4
:101290006D6564206F757400436C6F636B206465CB
:1012A00076696365206E6F742072656164790046AB
:1012B00061696C656420746F20656E61626C652085
:1012C0004D434C4B3A202564004661696C656420AF
:1012D000746F20656E61626C652047434C4B3A2009
:1012E0002564004661696C656420746F20656E61D9
:1012F000626C6520736C6F772047434C4B3A202516
:10130000640070696E6374726C206170706C792017
:101310006661696C65643A202564004661696C65A4
:101320006420746F207265616420676C636B207247
:101330006174652F66726571202575004661696C60
:10134000656420746F207265616420616E64206939
:101350006E697469616C697A6520534448432068FA
:101360006F73742070726F706572746965733A2060
:101370002564007364686340343530323630303071
:1013800000736468635F6D6368705F673100546900
:101390006D656F75742077616974696E6720666F1B
:1013A0007220554152542053594E434255535920AF
:1013B000636C65617200736572636F6D40343530C4
:1013C000303230303000756172745F6D6368705F09
:1013D000736572636F6D5F67310048616C74696E2D
:1013E000672073797374656D00556E6B6E6F776EE1
:1013F000206572726F7200756E6B6E6F776E003E55
:101400003E3E205A455048595220464154414C20B6
:101410004552524F522025643A202573206F6E208A
:10142000435055202564004661756C7420647572C4
:10143000696E6720696E7465727275707420686178
:101440006E646C696E670A0043757272656E742013
:101450007468726561643A2025702028257329001C
:1014600043505520657863657074696F6E00556EE2
:1014700068616E646C656420696E74657272757003
:101480007400537461636B206F766572666C6F775E
:10149000004B65726E656C206F6F7073004B6572E8
:1014A0006E656C2070616E6963006F73002A2A2A72
:1014B00020426F6F74696E67205A65706879722078
:1014C0004F53206275696C642035303531393534BD
:1014D0003565313961202A2A2A0A00737973776FBA
:1014E000726B7100286E756C6C29002A666C6F61D6
:1014F000742A00465320436F6E6669677572617483
:10150000696F6E0055534244204D53432073616D03
:10151000706C65005A65706879722050726F6A65E8
:10152000637400206D657373616765732064726F07
:1015300070706564202D2D2D0D0A1B5B306D001B16
:101540005B313B33316D2D2D2D2000303132333462
:1015500035363738394142434445460006061F05B3
:1015600000001F290C0C07033F3F3F3F3F3F3F3F19
:101570001F3F3F3F3F3F3F3F3F0300003F3F3F3F55
:101580002F3F3F00000500000B380040636C6F6385
:101590006B5F6D6368705F696E697400636C6F6325
:1015A0006B5F6F6E00636C6F636B5F6D6368705F22
:1015B0006F6E00636C6F636B5F6D6368705F6F6607
:1015C0006600636C6F636B5F6765745F72617465FF
:1015D0005F67636C6B67656E00636C6F636B5F6DF9
:1015E0006368705F6765745F7261746500636C6FD8
:1015F000636B5F636F6E6669677572655F67636C67
:101600006B67656E00636C6F636B5F636F6E6669BB
:10161000677572655F706C6C00636C6F636B5F63A2
:101620006F6E6669677572655F64666C6C00636C8B
:101630006F636B5F636865636B5F73756273797308
:1016400000636C6F636B5F6D6368705F636F6E6682
:10165000696775726500636C6F636B5F67636C6B62
:1016600067656E5F696E697400636C6F636B5F784A
:101670006F736333326B5F696E697400636C6F63A1
:101680006B5F706C6C5F6F75745F696E697400631B
:101690006C6F636B5F706C6C5F696E697400636C18
:1016A0006F636B5F64666C6C34386D5F696E697410
:1016B00000636C6F636B5F786F73635F696E6974EF
:1016C00000636C6F636B5F6F6E5F706C6C001A1BF6
:1016D0000902021A001A1AC0C2C0C0C0C0C0C0C0ED
:0816E0000506070001000000EF
:1016E80000000000414D000C000000000001000057
:1016F80000000000000000000000000000000000E2
:1017080000000000000000000000000000000000D1
:10171800000000005C0300204400002000000000DE
:1017280000000000000000000000000000040100AC
:1017380000000000F314010C220300000000000068
:10174800000000000003030000000000000000008B
:10175800000300000000000000000000000201007B
:10176800000000000415010C200300000000000028
:101778000000000000010100000000001415010C29
:101788001E03000000000000000000000000000030
:1017980000000000DCF0000C0403000063B2000C41
:1017A8007BB7000C90EE000C00000000CC0000207D
:1017B800CC0000200000000067BB000C0000000007
:1017C80000000000A406010C000000000002002038
:1017D80004EF000CF8000020000000007703002050
:1017E800F0010020E001002048110020480F0020EF
:1017F80000000000000000000000000000000000E1
:1018080000000000000000000000000000000000D0
:1018180000000000000000000000000000000000C0
:1018280000000000000000000000000000000000B0
:1018380000000000000000000000000000000000A0
:101848000000000000000000000000000000000090
:101858000000000000000000000000000000000080
:101868000000000000000000000000000000000070
:101878000000000000000000000000000000000060
:101888000000000000000000000000000000000050
:101898000000000000000000000000000000000040
:1018A8000000000000000000000000000000000030
:1018B8000000000000000000000000000000000020
:1018C800770300208E030020950300209C0300204E
:1018D8007703002080030020870300209C0300205A
:1018E80065C5000C00000000854F000C194F000C66
:1018F800F54E000C00000000000000000000000091
:10190800DD4F000CB14F000C5D4E000C00000000D4
:1019180047C5000C000000000000000000000000A7
:1019280000000000000000000000000000000000AF
:10193800000000000000000000000000000000009F
:10194800000000000000000000000000000000008F
:10195800000000000000000000000000000000007F
:10196800000000000000000000000000000000006F
:10197800000000000000000000000000000000005F
:10198800000000000000000000000000000000004F
:101998000000000000000000B8020020B80200208B
:1019A80000000000000000000E0000000000000021
:1019B8000000000000000000780B0020000000007C
:1019C800000000000000000000000000000000000F
:1019D80000000000000000000000000000000000FF
:1019E80000000000000000000000000000000000EF
:1019F80000000000000000000000000000000000DF
:101A080000000000000000000000000000000000CE
:101A180000000000000000000000000000000000BE
:101A28000000000000000000000000006005002029
:101A3800C8000000540300205403002009020000DD
:101A4800000100C07D12010002EF020140E32F08EF
:101A58000004040000000009040000020806500009
:101A68000705810240000007050102400000070544
:101A78008102000200070501020002000000FEFFCB
:0C1A880000000000000000000000000052
:101A94000000000000000000000000000000000042
:101AA4000000000000000000000000000000000032
:101AB4000000000000000000000000000000000022
:081AC40000000000000000001A
:041ACC000000000016
:101AD000E8030020E8030020A83A002000000000EE
:0C1AE000080000001000000000000000E2
:101AEC0000000000B83B00200004000000000000D3
:041AFC0000000000E6
:101B000018040020180400200C000000030000004E
:101B1000283B00204C3B0020283B0020283B002095
:101B200000000000000000004004002040040020ED
:101B30000C0000000A000000303A0020A83A002003
:101B4000303A0020303A0020000000000000000081
:101B5000680400206804002000000000010000006C
:101B6000000000000000000080040020800400202D
:101B7000030003000A000000000000000CEF000C4E
:101B80004C3B00200000000000000000A4040020E6
:101B9000A4040020100010000A000000DBCC000CA0
:081BA00058EF000CB83F0020D3
:101BA80051F2000C000000000000000000000000DE
:101BB800000000000000000058E7000C00000000D2
:101BC800000000000000000000000000000000000D
:101BD80000000000000000000000000000000000FD
:101BE80000000000000000000000000000000000ED
:101BF80000000000000000000000000000000000DD
:101C080000000000000000000000000000000000CC
:0C1C180065030020000000000000000038
:101C240000000000E40000200000000000000000AC
:081C34000000000000000000A8
:101C3C00FBF2000CFEF2000CFBF2000C05F3000CA6
:041C4C0015E015E0AA
:040000050C001F8547
:00000001FF
