:020000040800F2
:10000000B02F00207D20000C73A6000C6920000C8E
:100010006920000C6920000C6920000C6920000C8C
:10002000000000000000000000000000B120000CF3
:100030006920000C000000006122000C4579000CD2
:10004000CD22000CCD22000CCD22000CCD22000CC4
:10005000CD22000CCD22000CCD22000CCD22000CB4
:10006000CD22000CCD22000CCD22000CCD22000CA4
:10007000CD22000CCD22000CCD22000CCD22000C94
:10008000CD22000CCD22000CCD22000CCD22000C84
:10009000CD22000CCD22000CCD22000CCD22000C74
:1000A000CD22000CCD22000CCD22000CCD22000C64
:1000B000CD22000CCD22000CCD22000CCD22000C54
:1000C000CD22000CCD22000CCD22000CCD22000C44
:1000D000CD22000CCD22000CCD22000CCD22000C34
:1000E000CD22000CCD22000CCD22000CCD22000C24
:1000F000CD22000CCD22000CCD22000CCD22000C14
:10010000CD22000CCD22000CCD22000CCD22000C03
:10011000CD22000CCD22000CCD22000CCD22000CF3
:10012000CD22000CCD22000CCD22000CCD22000CE3
:10013000CD22000CCD22000CCD22000CCD22000CD3
:10014000CD22000CCD22000CCD22000CCD22000CC3
:10015000CD22000CCD22000CCD22000CCD22000CB3
:10016000CD22000CCD22000CCD22000CCD22000CA3
:10017000CD22000CCD22000CCD22000CCD22000C93
:10018000CD22000CCD22000CCD22000CCD22000C83
:10019000CD22000CCD22000CCD22000CCD22000C73
:1001A000CD22000CCD22000CCD22000CCD22000C63
:1001B000CD22000CCD22000CCD22000CCD22000C53
:1001C000CD22000CCD22000CCD22000CCD22000C43
:1001D000CD22000CCD22000CCD22000CCD22000C33
:1001E000CD22000CCD22000CCD22000CCD22000C23
:1001F000CD22000CCD22000CCD22000CCD22000C13
:10020000CD22000CCD22000CCD22000CCD22000C02
:10021000CD22000CCD22000CCD22000CCD22000CF2
:10022000CD22000CCD22000CCD22000CCD22000CE2
:10023000CD22000CCD22000CCD22000CCD22000CD2
:10024000CD22000CCD22000CCD22000CCD22000CC2
:10025000CD22000CCD22000CCD22000CCD22000CB2
:10026000CD22000CCD22000CCD22000CCD22000CA2
:10027000CD22000CCD22000CCD22000CCD22000C92
:10028000CD22000CCD22000CCD22000CCD22000C82
:10029000CD22000CCD22000CCD22000CCD22000C72
:1002A000CD22000CCD22000CCD22000CCD22000C62
:0802B000CD22000CCD22000C50
:020000040C00EE
:1000000053B94AB9002908BF00281CBF4FF0FF317F
:100010004FF0FF3000F00CB8ADF1080C6DE904CEE4
:1000200000F01AF8DDF804E0DDE9022304B07047BF
:10003000704700BF10F8012B11F8013B012A28BFBF
:100040009A42F7D0D01A7047034613F8012B002AC2
:10005000FBD1181A013870472DE9F0478C468E46BF
:10006000089E154604461946002B40F0D080724584
:1000700047D9B2FA82F74FB1C7F120030EFA07FC55
:10008000BD40BC4020FA03F343EA0C0C4FEA154E86
:10009000A8B2230CBCFBFEF80EFB18CC08FB00F941
:1000A00043EA0C43994528D9EB1808F1FF3204D2F2
:1000B000994502D9A8F102022B44A3EB0903A4B28B
:1000C000B3FBFEFC0EFB1C330CFB00F044EA0344C4
:1000D000A04214D92C190CF1FF3304D2A04202D94A
:1000E000ACF102032C44241A43EA02401EB1FC4046
:1000F000002334607360BDE8F0874246DDE7634665
:10010000F1E7002A79D0B2FA82F3002B3FD01946EA
:10011000C1F1200302FA01F500FA01F42EFA03F20C
:100120000EFA01FE20FA03F3AFB243EA0E034FEAE0
:10013000154EB2FBFEFC0EFB1C201A0C0CFB07F844
:1001400042EA004290455AD9AA180CF1FF3004D275
:10015000904502D9ACF102002A44A2EB08029BB2FE
:10016000B2FBFEFC0EFB1C220CFB07F743EA02432A
:100170009F4246D9EB180CF1FF3204D29F4202D9BC
:10018000ACF102022B44DB1B42EA004202E0AEEB80
:10019000020301224FEA154EAFB2200CB3FBFEFC66
:1001A0000EFB1C330CFB07F840EA034398452AD9A1
:1001B000EB180CF1FF3004D2984502D9ACF10200E3
:1001C0002B44A3EB0803A4B2B3FBFEFC0EFB1C33D1
:1001D0000CFB07F744EA0344A74216D92C190CF18B
:1001E000FF3304D2A74202D9ACF102032C44E41B32
:1001F00043EA00400F46114678E71F2188E7604632
:10020000ABE76246BFE76046DBE76346EFE773456F
:1002100006D916B9002108466DE7C6E9000EF9E7D0
:10022000B3FA83F787B9734501D3824207D8841A9A
:100230006EEB030301209C461EB900215BE73846A4
:10024000FAE7C6E9004CF8E7C7F1200CBB4000FA1A
:1002500007F422FA0CF520FA0CF1BA401D432EFAED
:100260000CF30EFA07FE4FEA154941EA0E011FFA98
:1002700085FEB3FBF9F809FB18300B0C08FB0EFAEE
:1002800043EA00439A4540D9EB1808F1FF3004D205
:100290009A4502D9A8F102002B44A3EB0A0389B2C4
:1002A000B3FBF9F809FB183308FB0EFE41EA0341E2
:1002B0008E452CD9691808F1FF3304D28E4502D936
:1002C000A8F10203294443EA0040A1EB0E01A0FB80
:1002D00002984145CE46434602D306D14C4504D24E
:1002E0000138B9EB020E68EB0503002EA5D0B4EB84
:1002F0000E0261EB030101FA0CFC22FA07F3F9404C
:100300004CEA0303C6E9003197E74046C5E7434698
:10031000D9E7000037B50546364937480AF009FBEA
:10032000034638B1354A012135480AF0D5F8002096
:1003300003B030BD334930480AF0FBFA034608B138
:10034000314AF0E731492C480AF0F3FA034608B184
:100350002F4AE8E72F4928480AF0EBFA034608B18C
:100360002D4AE0E724480AF04AFA012804461BD146
:1003700001462A4A204803F035FD28B1284A0121C8
:100380001F480AF0A0F8D2E7264B224621461A4819
:1003900003F0A4FE034608B1234AF0E702460090AA
:1003A000214615480AF032FA0021204A124803F08B
:1003B00019FD014608B11E4AE1E71A4B01220E4819
:1003C00003F08CFE03460028E6D101460246009069
:1003D00009480AF01BFA012107480AF03BFA0DB957
:1003E0000548A5E7294604480AF032FD0028F7D061
:1003F000104AC4E7D00000203C040020B6E1000C05
:10040000F4DE000CB8000020E4E1000CA0000020A5
:1004100016E2000C8800002043E2000C30000020AF
:100420006BE2000C18DF000C92E2000C440000208C
:10043000B1E2000CD8E2000C08B5FFF76BFF40B149
:10044000064802F0ADFA30B10121054A05480AF02C
:100450003AF8002008BD0148FCE700BF3C0400203A
:10046000FCE2000CF4DE000C07B5C3888268991E1C
:10047000092937D8DFE801F01F282F3636363636FF
:1004800036051D490B789AB143F001030B70002229
:100490000023194919480CF08BFC20B10121184A9E
:1004A00018480AF010F80022134B5A709A701FE097
:1004B00023F00103EAE710490B7812B143F002037D
:1004C000E4E723F00203E1E7002AE0D00A4A537888
:1004D0000A335370DBE7002AD9D0074A93780A33EE
:1004E0009370D4E7032100920648074A09F0FEFF03
:1004F00003B05DF804FB00BF6013002094030020EC
:100500006BE3000C4CDE000C47E3000C07B50B4618
:10051000022100920348044A09F0E8FF002003B0DA
:100520005DF804FB4CDE000C89E3000C98B50E4A24
:1005300000AF0C1E8AB00D4B006818BF13466A4608
:1005400007930B4B0B4908930B4BCDE9051042F871
:10055000103F00234FF42351084800F091FF084B4F
:100560001C70BD4698BD00BF29E4000C25E4000CBA
:1005700000020103B3E3000C040000024CDE000C97
:1005800064130020B0B500AF424D28460CF025FBA7
:100590000346A8B96C4688B029686A463E48CDE94A
:1005A00005014FF40071ADF81C103C4942F8101FD2
:1005B0004FF4E2513A4800F063FFA54600241DE0E5
:1005C0002A69A9681368284643F4801313600B68EE
:1005D000344A14219847034628B10121324A304851
:1005E00009F07AFFEAE731480CF0F7FA48B901213F
:1005F0002F4A2B4809F067FF6FF004042046BD46E0
:10060000B0BD34222B4B2C4928480AF0E1FC0446AB
:1006100030B101210346294A214809F05DFFEDE789
:10062000FFF70AFF38B90121254A1D4809F04BFFA1
:100630006FF01204E2E702F0F3F9044680B9214CAE
:100640004FF0FF334FF0FF321F49204807F0C6FC40
:1006500023785BB903211E4A114809F034FFEFE704
:1006600001211C4A0E4809F02EFFC7E70421164A53
:100670000E480AF0AAFC034628B10121164A084890
:1006800009F02AFFDCE7AB684FF480115B69014891
:100690009847D5E7D8D7000CD1E3000C0300000140
:1006A0004CDE000C01000200ECE3000C2CD8000C26
:1006B00017E4000CE80000206801010C2FE4000C96
:1006C00051E4000C64130020D80F00209403002094
:1006D00091E4000C71E4000CADE4000C2DE9F8434A
:1006E000884600AF00297DD005680122284609F020
:1006F00050F901460446284609F005F910EA0206B9
:1007000016D1E94688B06A46384BCDE9053803234F
:1007100042F8103F4FF4C2513346354800F0B0FE66
:10072000CD4686F31188BFF36F8F0423184602DF8E
:100730002146284609F0FDF82618314600222846B1
:1007400009F0E1F8361AB44218D06E4688B069460E
:10075000284BCDE90538032341F8103F24481346C0
:100760000A464FF4C25100F08BFE0023B54683F3D6
:100770001188BFF36F8F0423184602DF0022214641
:10078000284609F0DCF8214609F0D3F826180122A2
:100790003146284609F0B7F8C20708D43146284642
:1007A00009F039F932462146284609F0ABF9002212
:1007B0002146284609F0A7F8261A01223146284684
:1007C00009F0A1F8C30709D43146284609F023F9F6
:1007D00022463146284609F095F9344621462846F6
:1007E00009F0AEF9BD46BDE8F88300BF1BE5000C7B
:1007F00074DE000CF2E4000C2DE9F04F91B0009390
:1008000002F004030293C2F3C203013384070546D6
:100810000E46DDF868A00392059340F09C81041D0C
:10082000002849D101F00706341DC6F10806009BD7
:1008300000274FF004085A1E4FF0FF33B9460193CA
:10084000BB46434604970DB10099216005980028E6
:1008500000F3D6808F480099814203D38E488142AD
:10086000C0F0CE800399601B11F0020C40F0D680DE
:10087000B9F10F0F00F2CF80002D00F0D68009F102
:1008800040010DEB010E0199C0F387000EF8200C1A
:100890000EF8101CBCF1000F00F0C38060F07F0068
:1008A0000EF8200C013709F10109C5F108014FF6D6
:1008B000DA7E043406918CE00729B8D86FF01B006B
:1008C00011B0BDE8F08F7A285BD84B280FD84728A5
:1008D00057D829282ED8252850D052D8202818BFDC
:1008E00023280CBF4FF0010B4FF0000B71E04C3888
:1008F0002E2846D8DFE800F06D454545454545457D
:100900004545454548454545454545454556454880
:10091000485656566D486A456D4518481845457FF6
:100920007C48454548457C0000204FF0000B4FF0C7
:10093000040835E001212A38C0B201FA00F010EABB
:100940000E0F46D110F0625C2CD110EA010B40D0A2
:100950006046013C4444B4FBF8F408FB04F425B1C0
:10096000A3EB050CA444B445A8D8002870D0059981
:10097000013905915AF8041B009164E70199013986
:1009800001914FF0000B24E012F8010C6C2834D1D7
:10099000002012F8023C83466C2BC8D14FF00808A7
:1009A0004346D6E70AF1070A2AF0070A073424F07B
:1009B0000704FAE802BC35B106982044B0423FF67D
:1009C0007DAFC4E900BC4FF0000B08344FF00808BD
:1009D000434612F8010F002853D0BBF1000F7FF4FB
:1009E00072AF2528F5D14FF0010B019B0133019324
:1009F0004FF00408ECE7584697E700208346A8E745
:100A0000039988077FF551AF4FF0010C601BB0F5DB
:100A1000007FFFF42DAF6FF0150051E74FF0000C91
:100A2000F5E70498013004903DE7BCF1000F01D0D8
:100A3000013638E70298023600287FF434AF009878
:100A4000CDE90632FFF700FBDDE9063206442AE76E
:100A5000042B08D10AF1040015B1DAF80010216066
:100A600082460434B5E70AF1070323F0070303F1D4
:100A7000080A1DB1D3E90001C4E9000108230834C4
:100A8000A7E7631BB3F5806FC5D23DB9A6F1080493
:100A9000E01815E720D7000C7C03010C029A9B0894
:100AA00028602B709DF81030AAB1EB70AF702FB199
:100AB000002208A8C5F1010C91450ED14FF0000AA3
:100AC000C5F101030DF1200801930DF1300BD14563
:100AD00012D1601BF4E66B70E8E710F8013B1906D1
:100AE00008D50CEB040EB64503F07F033FF6E6AEE7
:100AF00004F8013B0132DFE71FB198F90020002A1A
:100B000017DB029BD3B11AF80B2004F8012B00224B
:100B1000019B18191044B0423FF6D0AE98F800007F
:100B2000009904F8010B204603920CF075FD039A1E
:100B300014440AF1010A08F10108C8E798F80020F6
:100B400055F822300093029B009845F82230FFF7B9
:100B50007BFA421CDCE76FF00D00B1E62DE9F04FA7
:100B600097B000AF05468A46C7E90A3249B903780B
:100B70004678807800EB83002844564524D8A0EBC3
:100B8000050AD7F8803095F8028003F00103D7F802
:100B90008040FB61EB78B8F1000F0CBF002404F03B
:100BA00001047B621BB1D7F880309A0715D4A4B931
:100BB000FB6A1BB151462846BA6A984756463046EA
:100BC0005C37BD46BDE8F08F441C2046FFF73CFA79
:100BD000013020440AF1010ACFE7D7F88030C3F38F
:100BE000C0033B622B78BB619B003B616B687B6100
:100BF000BB6905EB830BFB6A002B77D15646D844C3
:100C0000BCB11C461BF8013B55F82300FFF71CFA4A
:100C1000D7F88430013043B1D7F88830A34282BF7F
:100C2000D7F8843023F814000134C3450644E9D1D1
:100C3000D846D7F880304FF0000913F0050F0CBFED
:100C40004FF0020B4FF0010B7B6A9945B7D298F831
:100C5000013008F1020855F823A0AE4B9A45C0F0C8
:100C60004C81AD4B3A6A9A452CBF002301230AB34D
:100C700018F8021C7869FB6209F0E6F8FB6AC8B153
:100C8000EA468AB06A46A54B05937B69CDE90631F1
:100C90004FF40073ADF82030A14B42F8103F002311
:100CA0004FF412519F4800F0EBFBD546023E09F18C
:100CB0000109C9E723B1FB6933B9A6EB0B06F6E7D7
:100CC000D7F880309B07F2D55046FFF7BDF9D7F82B
:100CD00084304BB1D7F888309C423FBFD7F884208E
:100CE000431C22F8143001340644E0E7002C6AD19A
:100CF000B8F1000F6DD0D7F8803058076CD5C146D9
:100D000007F14800424659460CF086FC00220BEBE6
:100D10000803FB600233796A8A425FD3D7F88020E8
:100D200095F801B0F969920704EB0B0348BF002264
:100D3000DBB258BF4FEA5902002940F0A680D7F82D
:100D4000801011F0040F14BF494600216B70A97088
:100D5000EA702846BA6A3969FB6A9847061EFFF6A8
:100D60002EAFBB6949462B707B6ABA6AEB7085F877
:100D700001B0FB6A85F8028007F148009847B0F19E
:100D80000009C0F2B6803B697A6A786A03EB4201D7
:100D9000FB68414403EB4000BA6AFB6AAAEB01011D
:100DA00098470028C0F2A7804FF0000BB14409EB30
:100DB000000607F1380AA34569D30021BA6A08463C
:100DC000FB6A9847FBE644464FF0000907F13800FC
:100DD00098E74446C14699E7A14697E713F8016CA6
:100DE000DFF830C155F8260013F8021C6045C0F04A
:100DF0008A80DFF824C16045386A2CBF4FF0000BB1
:100E00004FF0010B38B17869C7E9013209F01CF8DD
:100E1000D7E90132F0B9BBF1000F1ED0F96949B131
:100E2000611C04F1280007F13004041904F8206C57
:100E3000CCB20FE0D7F8801049070BD509F1280094
:100E400007F1300C09F1010100EB0C0909F8106CF5
:100E50005FFA81F9013202335DE7D7F8800080073D
:100E6000DED409F1280C07F1300EF44409F1010039
:100E70000CF8101C07F1580109F1020951FA80F031
:100E80005FFA89F900F8106CE4E700215EE71BF8CF
:100E90000A3055F8239087F83730D7F884302BB3D1
:100EA000D7F888309B4521D2D7F8843033F81B809F
:100EB0000121BA6AFB6A07F13700984700281ADB5C
:100EC0000644B8F1000F06D14846FFF7BDF800F11F
:100ED00001081FFA88F841464846BA6AFB6A9847F3
:100EE000002808DB06440BF1010B64E74FF0000813
:100EF000DEE74E4663E6064661E63B6A002B3FF4BA
:100F0000DFAE0023B4E6386A0028A6D04FF0000B0D
:100F100079E700BF20D7000C7C03010C48E5000CEA
:100F200004000001F4DD000C014B1860704700BFA5
:100F30000C01002080B505460E461746984607F07E
:100F400063FF034601F0D4F90446DFF818904246E7
:100F500049F8003039463046A84754F8090001F0F6
:100F600069F900BF080000002DE9F0470446074674
:100F70004FF00109DFF84C8094FAA4F5B5FA85F535
:100F800009FA05F32E0108EB05156FEA030A24EAB6
:100F900003042B7B63B158F806301B696BB94644D8
:100FA000736804222846196807EA0A0709F01BFA41
:100FB000002CE1D13846BDE8F08728469847002844
:100FC000F6D1ECE7FCDE000C10B5002288B00E492B
:100FD0000E480CF09CFA002200230024CDE90623E1
:100FE0000E234FF44072CDE90334CDE90144084BA0
:100FF00008490094084807F0F1FB084906480CF03E
:101000007FF8204608B010BD2110000C78090020A0
:101010002913000C70130020E804002007E6000CE0
:10102000014807F033B900BFE40300202DE9F04781
:10103000804620480F4609F0B2F90646002832D013
:1010400000252846BDE8F087237B83B12368DB6851
:101050000BB120469847636883F8069023681B69A4
:10106000CBB9636804222046196809F0BCF901363F
:1010700010345445E8D3B8F1000FE2D0002DDFD092
:101080002846FFF771FF0546002FF7D000216420A6
:101090000CF01BF9F2E7204698470028E1D009FA46
:1010A00006F31D43E3E705464FF00109024CDFF864
:1010B0000CA0DEE7EC0F0020FCDE000C0CDF000CC7
:1010C000014B53F82000704734DF000C08B503468D
:1010D00008462BB1044A136000F032FC002008BD22
:1010E0006FF01500FBE700BF1001002010B5044CA5
:1010F000237813B9034807F0C9F80123237010BD02
:1011000065130020E403002010B50446094809F0E7
:1011100046F93CB1084BD3E8EF1F0139C3E8E21FA1
:10112000002AF8D1054808F0F7F8BDE81040044857
:1011300007F0ACB8E40F0020E80F00207809002089
:10114000E40300200022044BD3E8EF0FC3E8E12FB3
:101150000029F9D1704700BFE40F002070B5FFF7F8
:10116000F1FF0546074C084EB44200D370BD6368DA
:101170005B792BB123685B6813B1294620469847F9
:101180001034F1E7FCDE000C0CDF000C10B5044C51
:101190000449204608F085FF034B1C6010BD00BFCA
:1011A0000003002020DF000CDC0F002000230D4A8C
:1011B00010B513700C4A4FF47A7113600B4A0C4847
:1011C0001360FFF783FFFFF7E1FF0A4B0A49184658
:1011D0008B4200D310BD1A1A5C68121101322271C1
:1011E0001033F5E766130020E40F0020E80F00201D
:1011F000B1A3000CFCDE000C0CDF000C0146002249
:101200000023014808F06EBF00030020014809F0E8
:1012100005B800BF00030020024B0146186809F022
:1012200058B800BFDC0F0020014809F08DB800BF9E
:101230000003002070B5254B1B78002B43D0FFF72F
:10124000E5FF044600283BD1214B224D1B68002BB3
:1012500012DD0CF014F90A220023FEF7D1FED5E9C5
:101260000032C01A40F2E93361EB0201984271F199
:10127000000101D3FFF772FFD5E9003213F57A734D
:1012800042F10002C5E90032ECB1BDE87040FFF761
:10129000CBBF6B685B7923B12B68214628461B685E
:1012A00098471035B542F4D32046FFF7B5FF0A4BF7
:1012B000D3E8EF1F0139C3E8E21F002AC4D0F7E7E3
:1012C000064D074EEEE7002070BD00BF65130020FD
:1012D000E40F002070090020E80F0020FCDE000C65
:1012E0000CDF000C70B50D4D297861B90120FFF7B6
:1012F0009DFE0B4C0B4EB44206D3FFF79BFF00281C
:10130000FBD101232B7070BD63685B791BB123682F
:1013100020469B6898471034EDE700BF6613002015
:10132000FCDE000C0CDF000C00212DE9F843084620
:10133000FFF77CFE044648B34FF4FA784FF00009FB
:1013400000F0D6FF1A4B1B4A1B58136033B11A4BDF
:101350001B68092B02DD194806F098FF0025184F7D
:1013600044B12046FFF700FE044618B94FF0FF389D
:101370004FF0FF39FFF75EFF064628B9B5B90F48B1
:1013800042464B4606F0B6FF3546E9E74FF0FF38D8
:101390004FF0FF39D4E72B689B691BB10022284628
:1013A000114698471035BD42F5D3E8E7054DFAE7F9
:1013B00008000000E00F0020E80F0020E4030020F8
:1013C0000CDF000CFCDE000C13B5184808F0E7FF3A
:1013D000174B1B7873B1EFF31184202383F312882A
:1013E000BFF36F8FFFF726FF84F31188BFF36F8F72
:1013F00002B010BD0F4B1B68002BF9D050B9002272
:1014000000230D48CDE9002342F21072002307F0BB
:101410004BFFEDE70928EBD1074807F07DFF0748B0
:1014200002B0BDE8104006F031BF00BFE80F002059
:1014300066130020E00F002078090020E40300205C
:1014400010B5064B04461B6898472146A060044827
:1014500008F0C5FEBDE81040FFF7B6BF1001002040
:1014600000030020044A054B9B1AB1EBD30F34BF95
:1014700052F8310000207047F4DD000CFCDE000C57
:101480002DE9F04F8FB0C1F34A2604AF0D469046C8
:10149000B8607B600C0D002E61D04FF000090A236C
:1014A0004FF0040B07F1140AFE60C7E90799C7F86B
:1014B00024900093CDF808B0CDF804A007F11C03E8
:1014C0004A464046F968FFF749FBB0F5006F03460E
:1014D0001CD36C468AB0D8F8041004AB24481A46D2
:1014E000C3E9050140F2FF71D9614FF4007119841D
:1014F000204B42F8103F4FF412514B461E48FFF765
:10150000BFFFA5462C37BD46BDE8F08FC0F30A06E5
:1015100004F11700184420F0070080083B60FFF733
:101520006DFE66F35325044680B13B6800F110015F
:10153000C7E908390A23F961CDE901AB00934046B8
:101540000E4AF96807F11C03FFF708FB66F3532501
:101550002A4620467B68B96808F065FFD2E704F1A7
:10156000170020F007008008FFF748FE0446EDE76B
:101570001CE6000C0400000134DE000CF9A3000C92
:101580002DE9F04F87B00546DDE9106BDDE9127AF1
:10159000884614469946BFB110213B465A46002062
:1015A000CDF800A0CDF814A0FFF726F9B0F5006F34
:1015B00001460BD340F2FF730221184A184807B0C6
:1015C000BDE8F04F08F088BF3946384604F00703FD
:1015D00005F00704E40044EA831444EA402444EAA2
:1015E000065406F11700084420F007008008039114
:1015F000FFF704FE054640B13FB13B465A4603990A
:10160000CDF800A01030FFF7F7F84B4622464146D0
:10161000284607B0BDE8F04F08F005BF5BE6000CB8
:1016200034DE000C406820B1034BC01A40F3CF00F9
:1016300070474FF0FF307047F4DD000C0EB403B577
:1016400003AB53F8042B01460448019301F084F8DE
:1016500002B05DF804EB03B0704700BF3BA5000C7F
:10166000CA0605D48B064CBF02490349FFF7E6BF03
:10167000704700BF94E6000C93E6000C2DE9F04F94
:1016800089B098469DF85090159B044606930D46E8
:10169000DDE916A3189F05920493B9F1000F00F03D
:1016A000B08007F48073079308F09BFE07F0020BED
:1016B0000246002874D020467749FFF7BFFF064650
:1016C000BBF1000F08D017F0440F6BD12A4620461B
:1016D0007249FFF7B3FF064407F0010353B1704BA3
:1016E000204653F829206F4B6F49002A08BF1A463D
:1016F000FFF7A4FF07F48073002B07F0080318BF5F
:101700004FF00008002B79D0684B204653F8292071
:101710006749FFF793FF0546059B2BB11A46204604
:101720006449FFF78BFF0544B8F1000F05D042462E
:1017300020466149FFF782FF054460483544069B17
:101740001BB122465E4908F04EFB049B002B00F0C3
:101750008E80DDF810803946B8F1100F204628BF82
:101760004FF010080026FFF77BFFB54250DC002643
:10177000334620461AF803205249FFF75FFF01362F
:10178000102E4BD0710703D120464F49FFF756FF6B
:1017900046453346EDD320464C49FFF74FFFEEE771
:1017A00006468DE74A4B1868002894D0494B4FF401
:1017B0007A7B1B684FF03C0CB5FBF3F5B5FBF0F101
:1017C0004FF4616300FB11550BFB05F5B1FBF3F220
:1017D000B5FBF0FE03FB121100FB1E55B1FBFCF341
:1017E0000BFB05F5B5FBF0F50CFB13112046009142
:1017F000CDE901E53849FFF721FF6CE707F008055F
:101800008AE7B8F1010F4D460CBF2C48334896E7E4
:1018100020462D49FFF712FF0136A6E70026204695
:101820002F49FFF70BFF33461AF803202046A2F199
:1018300020035F2B28BF2E222A49FFF7FFFE013627
:10184000102E0DD0720703D120461F49FFF7F6FE78
:10185000B0453346E8D820461B49FFF7EFFEEEE7D8
:10186000049BC244B3EB080304937FF472AFB9F155
:10187000000F0AD0FB0704D520460A4A0A49FFF7A1
:10188000DDFE39462046FFF7EBFE204609B0BDE8F5
:10189000F04F08F045BE00BF9BE6000C9FE6000C31
:1018A00044DF000C96E6000CCEE3000C58DF000C81
:1018B000C4E6000CCAE6000CCEE6000C3BA5000C0A
:1018C0005927000CD3E6000CDBE6000CD9E6000C2F
:1018D000F40F0020F00F0020A8E6000C69A5000C12
:1018E000DDE6000CDFE6000C42F20F7373B58B42AD
:1018F00028BF0B4605680446052168460D4A07F0D7
:1019000095FD0646636828460B225B680A4908F085
:10191000F9FD63683246694628465B6808F0F2FDC7
:1019200063681B2228465B68044908F0EBFD02B09F
:1019300070BD00BF4EE4000CB801010C9C01010C0D
:1019400000210123064A904206D8064A01B9012324
:101950001360054B18607047012140085B00F2E7F7
:1019600040420F00F00F0020F40F0020F8B50D46A4
:101970000446064F4618B44201D12846F8BD14F873
:10198000011BBB6801485B689847F4E710D8000C5E
:10199000014B036000207047A0DF000C08B503482E
:1019A000034A0021121A08F05CFE08BDE80400207A
:1019B0006C130020074808B5074A0849121A08F0B6
:1019C00052FEBDE808400648064A0749121A08F0C8
:1019D0004ABE00BF00000020E80400207C03010C88
:1019E00000000020000000207C03010C2DE9F047DE
:1019F00006460C4600AF002936D0D1E90012E94670
:101A00008AB06D46A3684FF0050AE8461F48CDE945
:101A10000723CDE9050148F810AF002342464FF4F3
:101A200021511B48FFF72CFDD4E90312CD46636911
:101A3000AD461848C5E90723C5E90501C5F810A05A
:101A4000002342464FF421511148FFF719FDCD46BE
:101A5000E3690121104A0E4808F03EFDA369012107
:101A60000E4A0B4808F038FD012E07D1EFF305832D
:101A70000B4A31460648103B08F02EFD2146304601
:101A800006F054F8BD46BDE8F08700BF1CE7000C27
:101A90006CDE000C4BE7000C7AE7000C89E7000CC9
:101AA000B7E7000C30BFFFF7FDBF00BF2DE9F041E5
:101AB00005460B4EDFF82C80324606EB0807CC1BA0
:101AC000204609490BF0A8FDA01942460021083C18
:101AD0000BF0AFFDAC6707F10800BDE8F08100BF77
:101AE000000000000800000018DF000C10B5244CB6
:101AF0002449254808F0C4FDA36A99013ED522482F
:101B0000224908F0BDFD1E20A36ADA0104D51E4853
:101B10001F4908F0B5FD1F20194CA36ADB0204D54C
:101B200019481C4908F0ACFD2020A36A1C0304D509
:101B30001548194908F0A4FD2120114CA36A590346
:101B400004D51148154908F09BFD2220A36A9A0389
:101B500004D50D48124908F093FD2320084CA36AD0
:101B6000DB0304D508480F4908F08AFD2420A36A46
:101B70006FEA03436FEA1343A36210BD1D20C3E75E
:101B800000ED00E0CAE7000C6CDE000CE2E7000CA0
:101B9000F5E7000C0FE8000C39E8000C57E8000CE2
:101BA0007CE8000C96E8000C70B506460D46294C02
:101BB00029492A4808F064FDA36ADB0647D527486F
:101BC000274908F05DFD1120A36A1C0704D52348AE
:101BD000244908F055FD12201E4CA36A990712D51E
:101BE00021491E4808F04CFD636BA26A120609D514
:101BF00001211E4A194808F06FFC1EB1A36A23F0A8
:101C00008003A3621320134CA36ADE0704D5134894
:101C1000174908F035FD1420A36A9C0604D50F4827
:101C2000144908F02DFD15200A4B9A6AD10658BFB9
:101C30009A6A9A6A920642BF5A6A22F400525A621B
:101C40009A6A42F0FF029A6200232B7070BD102046
:101C5000BAE700BF00ED00E0C1E8000C6CDE000C4C
:101C6000D7E8000C0AE9000C1DE9000C35E9000C6E
:101C70004BE9000C6AE9000C70B506460D46284C8D
:101C80002849294808F0FCFCA36AD9043CD5264819
:101C9000264908F0F5FC1720A36A1A0504D5224846
:101CA000234908F0EDFC18201D4CA36A9B0512D5B2
:101CB0001D48204908F0E4FCA36BA26A100409D572
:101CC00001211D4A184808F007FC1EB1A36A23F43D
:101CD0000043A3621920124CA36A590504D5124887
:101CE000164908F0CDFC1A20A36ADA050ED50E4875
:101CF000134908F0C5FC1B20094A936A43F47F434B
:101D0000936200232B7070BD1620C5E7A36A9B0465
:101D1000F2D505480B4908F0B3FC1C20ECE700BFE6
:101D200000ED00E099E9000C6CDE000CAFE9000C5E
:101D30000AE9000CC0E9000CD9E9000CEEE9000C3E
:101D400009EA000C6AE9000C10B52F4C2F48304905
:101D500008F096FCD4F8E830D4F8E420500604D516
:101D600001212C4A294808F0B7FBD4F8E430D90700
:101D70000CD52648284908F083FC2620224AD2F8B0
:101D8000E43043F0FF03C2F8E43010BDD4F8E4308F
:101D90009A0705D51D48214908F072FC2720EDE778
:101DA000D4F8E4305B0705D518481D4908F068FCF5
:101DB0002820E3E7D4F8E430180705D5134819497B
:101DC00008F05EFC2920D9E7D4F8E430D90605D51F
:101DD0000E48154908F054FC2A20CFE7D4F8E43027
:101DE0009A0605D50948114908F04AFC2B20C5E799
:101DF000D4F8E4301B0605D504480D4908F040FC32
:101E00002C20BBE72520B9E700ED00E06CDE000CDC
:101E100021EA000C3AEA000C4AEA000C60EA000CE5
:101E20007EEA000C99EA000CB6EA000CCBEA000C42
:101E3000E5EA000C2DE9F0418AB0774B00AFD3F80A
:101E400004800023C8F3080683F31188BFF36F8F63
:101E500002F07F44B4F17F4F31D112F001052FD051
:101E600012F0400502F0080403D02CBB0446012503
:101E700012E0530758BF0146684A0B6858BF012556
:101E80001A44012A98BF0B6C0121654A654808F085
:101E900023FB74B1EFF389840023FB71F31E092B3C
:101EA00000F29980DFE803F00E8F92848B9797976A
:101EB0009795EFF38884EFE70C461D46ECE71D4647
:101EC0002C46E9E75849574808F0DAFB0023524E00
:101ED000FB71F36A9A0705D55449524808F0D0FBC4
:101EE00000232DE0F36A002B01DA5149F5E7F36A8C
:101EF0005B00F5D54F494B4808F0C2FB7369A269F6
:101F000043F480737361BFF34F8FBFF36F8F32F869
:101F1000023C726922F480727261BFF34F8FBFF38B
:101F20006F8F03F47F42B2F55F4F2BD1DBB2022BF0
:101F300028D123680121404A3A4808F0CDFA2368A5
:101F4000FA79DAB907F1080604F1200C3246206864
:101F50006168083403C264451646F7D17A6A002DD9
:101F600056D0C2F3080121B96FEA52226FEA422229
:101F70007A62184607F10801FFF738FD2837BD4699
:101F8000BDE8F081244B9A6AD2B222B10120F91D3A
:101F9000FFF70AFE15E09A6A12F47F4F04D0012081
:101FA000F91DFFF769FE0CE09A6AB2F5803F02D393
:101FB000FFF79CFD05E0D3F8E430002B90D0FFF74D
:101FC000C3FE0346BCE70020F91DE1E70020F91D30
:101FD000E7E71A4981E71A4A18F4F87FE8468AB019
:101FE000184B08BF13466A461749103ECDE9051342
:101FF0004FF40073ADF82030144B079642F8103FB1
:1020000000234FF411510748FFF73AFAC54667E736
:102010006FF30802ACE700BF00ED00E0A6ED05019C
:1020200026EB000C6CDE000C45EB000C5CEB000CAE
:102030007DEB000C8BEB000CAAEB000CC6EB000C4C
:10204000F8EA000C0DEB000CEAEB000C04000001B8
:10205000044B5A6942F010025A615A6922F0080290
:102060005A61704700ED00E0EFF30880EFF309815B
:1020700001B57246FFF7DEFE01BD00BF0A4880F3DE
:102080000888202080F3118808484FF40061401828
:1020900080F30988EFF314800221084380F3148849
:1020A000BFF36F8F00F05CF8B02F0020702200208B
:1020B0001EF0040F0CBFEFF30880EFF30980816975
:1020C00011F8021C0229FFD001B5724608F0CDFAC2
:1020D00001BD00BF00B2002807DB01234109034A0C
:1020E00000F01F00834042F82130704700E100E01B
:1020F00000B200280CDB01220649430900F01F0052
:102100008240203341F82320BFF34F8FBFF36F8FFE
:10211000704700BF00E100E000B2002801F10101BA
:10212000ACBF00F16040064B4FEA4111C9B2ABBFF2
:1021300000F5614000F00F0080F80013195470475B
:1021400014ED00E0044B054A23F07F039360BFF3D6
:102150004F8FBFF36F8F70470000000800ED00E065
:1021600008B5FFF7EFFF0B4AD2F8883023F470036D
:10217000C2F88830EFF3148323F0040383F3148848
:10218000BFF36F8FFFF70AFCFFF714FC00F092F823
:1021900005F0EEFD00ED00E042F8203C009B0B490D
:1021A00042F81C3C019B21F0010142F8183C029BC3
:1021B00042F8081C42F8143C4FF0807342F8043C8B
:1021C0000023203A0265C367704700BF350F000C3B
:1021D00000B50B4B15469860826F0A4B0E461A608D
:1021E0002C4686F309880020034B9847204600219F
:1021F00000220023014C204797A6000C350F000C4D
:102200002C1300201C1000201022014B1A61704773
:1022100000ED00E0054B5A699B689A421FBF044AD3
:10222000536843F080535360704700BF2C13002065
:1022300000ED00E0084B9B6883420BD1EFF3058370
:1022400043B1064B5A6842F080525A605A6A22F4EF
:1022500000425A620AF059BF2C13002000ED00E042
:1022600011498A684FF030001044EFF3098C80E880
:10227000F01F202080F31288BFF36F8F0B4F4FF0B9
:1022800000664A698A603E60906F094C2060D06F9A
:102290000023D36780F3118802F1300090E8F01F2B
:1022A0008CF30988704700002C13002004ED00E037
:1022B0001C100020002320210348C21801339E2B4C
:1022C00082F80013F9D1704700E100E008B5EFF3A0
:1022D0000583064A103B02EBC30152F833004968FC
:1022E0008847BDE80840FFF795BF00BF80D8000CC5
:1022F00001480068704700001C1000201FB5012134
:10230000094B0A4A0A4800F00FF90023064A0393D2
:10231000084B0121019301A8D31A029300F00EF992
:1023200005B05DF804FB00BF00000820000000209D
:10233000A0DF000CE80400200A7A0B6810B562F3F5
:1023400004031C46CB68520923F01F0343EA4203EF
:10235000044A43F00103C2F89800C2F89C40C2F856
:10236000A03010BD00ED00E010B50A4BD3F890305E
:10237000C3F30723013B984208D901210346064ACB
:10238000064808F0A9F86FF0150010BDFFF7D4FF5C
:10239000FBE700BF00ED00E001EC000C54DE000C98
:1023A0002DE9F04F8946144606464FF000084F4D80
:1023B00085B0C84527DAD6F804A0BAF1000F44D09A
:1023C000BAF11F0F17D91AF01F0F14D1D6F800B0A9
:1023D0001BF01F0F0FD1584608F071F907460AEBA2
:1023E0000B00013808F06BF9874210D06FF0150729
:1023F0003F4A3B4601E043463E4A01213E4808F041
:102400006BF86FF01504204605B0BDE8F08F17F1AA
:10241000160FEDD0BC42EBDDC5F89870D5F89C10D6
:10242000C5F89870D5F8A03021F01F0143F01F0BBC
:10243000D6E900321A44994202F1FF3A1AD1D34543
:1024400007D13146F8B208F043F908F101080C361B
:10245000AFE73146C5F89870D5F89C30E0B263F329
:102460000402C5F89C2008F033F910F1160FC8D00B
:10247000441CEAE7C5F89870D5F8A020013B23F08A
:102480001F0302F01F021343D3453146E0B2C5F8E3
:10249000A030E8D008F01CF910F1160FB1D0C5F843
:1024A0009870D5F89C209DF808300BF1FF3B62F343
:1024B00004038DF80830D5F8A0309DF808205B089B
:1024C00063F347128DF80820D6E9003213440093D5
:1024D00023F01F035B44A3EB0A03013023F01F0327
:1024E0006946C0B20393FFF73FFFBEE700ED00E08F
:1024F0004DEC000C27EC000C54DE000C0522044BC4
:10250000C3F89420BFF34F8FBFF36F8F704700BFA6
:1025100000ED00E0BFF35F8F0022024BC3F8942070
:10252000704700BF00ED00E010B5034C2278FFF7C4
:1025300037FF207010BD00BF681300202DE9F74F52
:10254000294D8A4606464FF00008AB46274FD04536
:102550001BDAD6F80490B9F1000F3FD03168084675
:10256000019108F0ACF80199044609EB010001382B
:1025700008F0A5F884424FF014021D4B08D002FB6E
:1025800008F36FF015024BF8032003B0BDE8F08F9D
:1025900014F1160F2C60F8D01978A142F5DD02FB7A
:1025A00008B0C7F89840C7F89840D7F89C4000F1A9
:1025B0000801007B64F304000871D7F8A0000C79CF
:1025C000400860F347140C71D7F89C1021F01F01EC
:1025D0006960D7F8A01021F01F01296108F10108F6
:1025E00014350C36B3E700BF2010002000ED00E0EA
:1025F00068130020F0B55349534DD1F890302C6842
:10260000C3F307239C4287B000F299800020FFF7B4
:1026100081FF4E4BC1F8C030844216D14C4D01A809
:102620002C70FFF7B5F9002607464A4CB74213D184
:1026300000202B784349D1F89020C2F3072293421F
:1026400077DBFFF75BFF002046E0696801EB0011D4
:10265000FFF772FE0130DFE70199300101EB06134D
:10266000DA682240B2F1807F52D00AD8B2F5001F5A
:1026700034D0B2F5800F3ED0B2F5801F12D00136B3
:10268000D4E7B2F1006F43D0B2F1805FF7D15A685E
:102690009B680958013B22F01F00034423F01F03ED
:1026A000012032E05A689B680958013B22F01F0064
:1026B00003440120844623F01F0340EA4C10CDE977
:1026C00002218DF8100002A928780593FFF74CFE2F
:1026D00000282ADA6FF0150007B0F0BD5A689B6831
:1026E0000958013B22F01F0003444FF0020C012067
:1026F00023F01F03E1E75A689B680958013B22F069
:102700001F000344062023F01F034FF0000CD4E702
:102710005A689B680958013B22F01F0003444FF0A0
:10272000030C012023F01F03C7E72B7801332B7024
:10273000A5E7C1F89830C1F8A00001337BE74FF05E
:10274000FF30C9E700ED00E0ACDF000CAAFF440059
:10275000681300200000F0FFF0B587B007460E4672
:1027600014460021102268461D460AF062FF02232B
:102770008DF80230054B2A4621466846CDE904769D
:10278000019306F07DFE07B0F0BD00BF03A7000C6B
:1027900008B5024B1B689847002008BD3410002084
:1027A000034B044A1860937843F002039370704718
:1027B000341000201C01002008B50649064821F00D
:1027C0000701C1F1005202F5002207F0BAFA002019
:1027D00008BD00BFFF3B00203810002070B54169E4
:1027E0000446867A0A4D59B1437ADB0706D424237E
:1027F00003FB0653DB691B689B68984700236361F2
:102800002420214600FB0650BDE870400AF07ABB48
:10281000F40300202422024B02FB0030704700BF6B
:10282000F40300202421827A054B01FB02331A6A4B
:102830001B7D801A1B3323F00303B0FBF3F07047BA
:10284000F403002038B52424827A064B04FB0233BB
:10285000DB69D3E901240C601568FFF7E3FF04FB93
:10286000005038BDF40300202DE9F04385B0054643
:10287000684690461C4603910AF003FEDDE90067B6
:10288000EFF31189202383F31288BFF36F8F6B8AD4
:10289000002B41D02A8A9A4225D9002200232846BB
:1028A00005F0C2FC0446F0B189F31188BFF36F8FC5
:1028B000039B002B41D032463B4668460AF006FE99
:1028C0002421A27A254B204601FB0233DB6903A9B0
:1028D0001B681D68DDE90023A847606170BB2046C6
:1028E000FFF77CFF24E0698A4B1E6B8289F3118815
:1028F000BFF36F8F2B7D2A8A2C6A1B3323F00303CF
:10290000521A02FB0344154B154AEB1A9B10534312
:10291000A3722B7DE372CBE789F31188BFF36F8F2E
:1029200023464246284605F07FFC04460028BFD1D6
:102930000024204605B0BDE8F08363610123002533
:102940002381039B29466382E27A656004F11800C3
:102950000AF06FFE63692582E360EAE7F403002072
:10296000398EE33870B524250C4C00B970BD037A5C
:102970004668002BFAD0013BDBB20372002BF5D185
:10298000C3604360837A05FB03439B6913B1984797
:102990003046EAE7FFF722FFFAE700BFF403002022
:1029A00038B5044606F00CFA204607F01AFFA06975
:1029B000C8B194F86C30DB070DD50221154A1648D2
:1029C00007F00DFF6FF07705201D07F011FF06F0EF
:1029D0000BFA284638BD0AF000F938B901210F4A30
:1029E0000D4807F0FCFE6FF01205EDE7204601F000
:1029F00007F805460028E7D10146242204F1280003
:102A00000AF017FE94F86C3043F0010384F86C3040
:102A1000DAE700BF8EEC000CC4DE000CB8EC000C52
:102A200070B5044606F0CCF9204607F0DAFE94F8BB
:102A30006C30DA070DD40221254A264807F0CFFE74
:102A40004FF0FF35201D07F0D3FE06F0CDF92846E4
:102A500070BDC3F340019B0707D502211E4A1D48E4
:102A600007F0BDFE6FF07705ECE7A06908F00AFFFC
:102A70000646A06908F096FF054628B10121174ACD
:102A8000144807F0ACFEDDE7A36F4BB1314620469A
:102A900008F038F80546A0B1A06908F0ABFFD1E70F
:102AA000A06908F027FFA0670028EFD101210C4A98
:102AB000084807F094FEA06908F09CFF6FF00B0532
:102AC000C0E794F86C3043F0020384F86C30B9E747
:102AD000DBEC000CC4DE000C01ED000C27ED000C5B
:102AE00043ED000C38B580210446806908F025FFCD
:102AF000054678B10146204601F0D6FB044638B1C0
:102B000006480121064A07F0DEFC2846FFF72AFFA7
:102B1000204638BD6FF00B04FAE700BFA4DE000CBE
:102B200072ED000C38B50446806F07F012FE0546C2
:102B300007F0F3FD2046294601F0B6FB044638B104
:102B400004480121044A07F0BEFC2846FFF70AFFAB
:102B5000204638BDA4DE000C95ED000C2DE9F04FA9
:102B600085B0074688461546994607F043FE044659
:102B7000B9F1000F10D0384607F041FE012808D007
:102B8000FFF7B6FB6FF08502314B1A5005B0BDE878
:102B9000F08FB4FA84F46409013521463846EAB26C
:102BA00007F0C9FF064630B901212B46294A2A48B9
:102BB00007F092FCE4E74568B9F1000F09D02868F6
:102BC000696801AB03C32A7A01AD1A7007238DF837
:102BD000053008F10C09484607F03DFF2A782946E0
:102BE000824228BF0246484607F0CFFDD6F80CA027
:102BF000BAF1000F09D1B8F81010FB8D9942C5D970
:102C00004846C91A07F0DCFDC0E7DAF8040083681B
:102C10001B6B13B9DAF800A0EAE7214698470028B1
:102C2000F8D0051F55F804BFBBF1000FF2D09BF898
:102C30000060002EEED0484607F00DFFB04234BFD2
:102C400082B232465946484607F09FFDEAE700BF88
:102C50000C000000B4ED000CA4DE000C2DE9F041E6
:102C600090F82830044603F01F03012B0F4600F1B3
:102C700028062FD0022B18D08BB3204694F82910A9
:102C800007F0FDFD024678B3304607F0ECFE1D4D1F
:102C9000002834D113693BB33A4631462046984761
:102CA0000346FFF725FB2B5024E0818DC9B201F0CC
:102CB0008DF905460028E0D0304607F0D4FE0246E4
:102CC00068688368CAB99B6873B13A463146BDE803
:102CD000F0411847818DC9B207F091FFE9E790F8FC
:102CE000291007F0A5FFE4E7FFF702FB6FF085026C
:102CF000044B1A500020BDE8F081DB68E4E7D3689C
:102D0000C9E700BF0C0000002DE9F04F0B7E044620
:102D100033F080080D46164695B00AD00121A74A27
:102D2000A74807F0D0FB6FF00408404615B0BDE897
:102D3000F08F82B10846FFF715FE6B7EDF0704D4E3
:102D40009E07F2D52B7E002BEFD1204615B0BDE8B3
:102D5000F04FFFF7E7BE4A7E00F12809900705D53E
:102D6000802B09D12846FFF7FDFDDEE7910700F033
:102D70005584002B40F05284D20734D52B8A082B7F
:102D80000DD1EA68294613680020A3625368C9F888
:102D9000043007F0E2FC054640B18A4A00E08A4A66
:102DA0000121874807F08FFB00F010BC484607F070
:102DB0005AFEE28D70B9B2B12946A06908F0A9FDAA
:102DC0000146002800F06584204615B0BDE8F04FAC
:102DD00001F06ABA3AB11146204608F00EF80546ED
:102DE000002800F05684FFF783FA002394F8288027
:102DF000764F18F0600FC351C8F3411307D0032B6F
:102E000040F0D481FFF774FA6FF0850338E048464C
:102E100007F029FE94F82930002840F06781013B33
:102E20000A2BEFD801A252F823F000BFD92F000CD3
:102E3000052E000C6130000C052E000C592E000CE4
:102E4000052E000C052E000C052E000CD52E000CB6
:102E5000052E000C452F000C618D7F29D2D8A38D43
:102E6000002BCFD1E38D002BCCD118F01F0FC9D18F
:102E700094F83030022B05D1FFF73AFA4FF0FF33C8
:102E80003B5083E0A069036993F880301B070DD5A0
:102E9000C9B207F01EFE804658B1638D01214C4A2D
:102EA000474807F019FB002D73D13EE7012384F852
:102EB000393094F83030012B0AD1638D43B984F84E
:102EC0003030FFF715FA3B58002B00F09A805DE098
:102ED0000123F4E7204607F08DFC628D0146FF2AAE
:102EE00090D8E38D002B8DD194F82830D80689D165
:102EF00094F83030002BBFD02AB12046D2B207F070
:102F000040FE0028B8D0618D94F838308B42D8D07C
:102F10002046C9B200F00EFF638D804630B101211A
:102F200000902C4A264807F0E1FABCE7002B14BFBA
:102F300002220122052184F8302020461A4607F09B
:102F40009DFFBEE708F01F08B8F1010F7FF45AAFEC
:102F5000E38D002B7FF456AF628DFF2A3FF652AF10
:102F6000A18DFF293FF64EAF94F83030022B83D16C
:102F70002046D2B2C9B207F0C4FE10F1020F80465B
:102F800040F01981FFF7B4F947F8008065B14FF0C0
:102F900000082846FFF7E6FCB8F1000F7FF4C5AE45
:102FA000FFF7A6F93B5863B3484607F05CFD0346BC
:102FB000A069002B00F07083802176E3DAED000C2D
:102FC000A4DE000C12EE000CFBED000C0C00000067
:102FD00034EE000C56EE000CE38D002B7FF412AFA4
:102FE00094F83030002B3FF447AF012BA18D02D174
:102FF00000297FF441AF18F01F080CD0B8F1020F80
:1030000016D0E38D002B40F0D4822046FFF76AFDF6
:103010000028C9D199E600297FF42EAF638D012BDA
:10302000EFD194F86C3061F3C30384F86C30E8E7B7
:10303000B4F82AA0BAF1000FE3D15FFA81F8414653
:10304000204601F099F90346FFF752F93B5001334E
:1030500000F0338352464146204607F00AFD30E730
:10306000E38D002B7FF4CEAE628DA38D022A5FFA32
:1030700083FA11D108F01F085AEA08087FF4C2AE9B
:103080000122A069190A07F004FD00287FF4BAAEF6
:10309000012384F8393014E794F8301000293FF404
:1030A000EBAE012902D1002B7FF4E6AE18F01F0829
:1030B00012D0B8F1020FA4D1002AA2D15146204665
:1030C00001F038F90346FFF713F93B50013300F0E4
:1030D000F48201225146BFE7002B7FF4CDAE012AD6
:1030E0008FD194F86C3043F008039EE70A2B3FF62B
:1030F00089AE01A252F823F02531000C052E000CF8
:10310000052E000C052E000C052E000C052E000CC3
:103110009F31000C052E000C2B35000C052E000CE9
:103120005935000CE38D022B7FF46CAE94F83030EF
:10313000002B3FF4A1AE012BA18D02D100297FF419
:103140009BAE18F01F0811D0B8F1020F1CD04FF041
:10315000000805F10C0A504607F07DFCE38D98420B
:1031600018D2FFF7C5F86FF00B0389E600297FF44A
:1031700083AE94F86C304FEA930808F00208C3F36A
:10318000001348EA0308E4E72046C9B207F055FEF9
:103190008046DEE74146504607F008FB91E6628D27
:1031A00018F01F0F4FEA1223D2B209D02946204649
:1031B000FFF754FD8046B8F1000F7FF474AE80E64F
:1031C000013B0E2B3FF61EAE01A151F823F000BFCC
:1031D0000D32000C4932000C5932000C052E000C47
:1031E000052E000CB133000C5532000C052E000CDE
:1031F000052E000C052E000C052E000C052E000CD3
:10320000052E000C052E000C4534000C05F10C08B1
:10321000404607F020FC83462046B4F82EA007F075
:10322000E9FA20B101287FF4EDAD616F00E0216F74
:10323000002900F03E82DA4528BFDA460A78524576
:1032400028BF524640462FE0002329462046FFF77C
:1032500085FC36E60123F8E70321204607F04FFB03
:10326000824600283FF4CEAD07F0F0FBB4F82EB054
:103270009AF81520D8B99AF814808DF831208DF875
:103280003080DAF8103005F10C0A1B885046ADF892
:10329000323007F0E0FBD84528BFD846804542468B
:1032A00028BF024650460CA907F06FFA09E6002332
:1032B000DAF808108DF81D20C64A8DF81C300A4037
:1032C000C5498A4263D1102108A803F0E7FFB0F195
:1032D000000842DB0CAAB8F1100F4FF000031046B3
:1032E00028BF4FF01008DFF8F4E208A9984502F172
:1032F00002023CD803464FEA880808F102085FFA48
:1033000088F88DF81C8005F10C0A5046049307F0EC
:10331000A2FBD84528BFD846804528BF8046B8F1D3
:10332000020FC34628BF4FF0020B50465A46A8EB87
:103330000B0807A907F029FA4FEA58030393049BE7
:103340009B4603EB58025A4528D118F0010F3FF471
:10335000B8AD039A995C5046FBE018F1580F7FF422
:1033600051AD01219E4A9F4807F0ADF84AE511F89A
:1033700001CB01334FEA1C1A0CF00F0C1EF80AA007
:103380001EF80CC002F802AC02F801CCAEE79AF8C5
:103390001480DAF810308DF81C80B4E750461BF822
:1033A000011BCDE9042307F001FADDE90423CAE794
:1033B000204607F01FFAD4E91C83002808BF98466E
:1033C0000023CDF83230CDF836300A238DF8303076
:1033D000062320468DF8313007F011FA012805D078
:1033E000FEF786FF6FF085033B506AE5B8F1000FEA
:1033F00000F05F81B8F80230ADF8323098F8043050
:103400008DF8343098F805308DF8353098F806305E
:103410008DF8363098F807308DF8373098F811303D
:1034200005F10C0840468DF8383007F014FBE28DAA
:103430009DF830300CA99A4228BF1A46824228BF14
:103440000246FFE6204607F0D5F918B10128C7D19A
:10345000636F00E0236F002B00F02B815B88B3F5D6
:10346000007FBDD9604B04F14C0B0C9300238DF809
:103470003430E36C9B4508BF0023BDF8322093B184
:10348000597D0F2908D1197D0A44ADF832209DF8E5
:10349000342001328DF83420226D934201D01B6814
:1034A000EBE7BDF8322005F10C0A5046039207F015
:1034B000D2FAB4F82E80039A0CA9904528BF904602
:1034C000804528BF80464246052A28BF052250462F
:1034D000039207F05AF9039AB8EB02083FF4F1ACF3
:1034E000E36C5B453FF4EDAC002B3FF4EAAC5A7D56
:1034F0000F2A14D11A7D1969424528BF4246504609
:10350000039307F042F9039B1A7D424594BFA8EB51
:103510000208A8EB0808B8F1000F3FF4D2AC226D06
:103520009A423FF4CEAC1B68DEE794F83030002BB3
:103530003FF4A2ACE38D012B7FF464AC05F10C08E1
:10354000404607F088FA00283FF40BAE404694F856
:10355000381007F023F9B4E408F01F08B8F1010FA0
:103560007FF48AAC204607F0FAFA00283FF484ACD6
:10357000B4F82C80B8F1FF0F3FF644AC43681B79D8
:103580004345FFF43FAC5FFA88F30F2B3FF63AACAC
:10359000E38D012B7FF436AC05F10C0A504607F0A1
:1035A0005AFA00283FF4DDAD04EB080393F83A1013
:1035B000D1E6484607F057FA18B92846FFF7D2F97E
:1035C00023E52946204600F06FFE78B12846FFF734
:1035D000C9F9E9E400FF020000030200C401010C84
:1035E00079EE000CA4DE000C050F0500A06903694C
:1035F00093F8801011F004017FF4A7AB08F09DF957
:10360000054600283FF4D0AC0146204600F04CFEB1
:1036100000283FF49AAB2B4AFFF7C2BB52077FF555
:10362000C3AC002B3FF49EAB2846FFF79BF994F800
:103630003930002B3FF479AB94F82930052B0CD1AD
:10364000618DA069C9B207F044FA064628B1638DBE
:1036500001211D4A1D4806F03FFF94F82930032B35
:1036600011D1638D022B0ED1A18D00220D0A2946A6
:10367000A06907F00EFA064628B101212B46144A2C
:10368000124806F029FF0023B04684F83930FFF7CE
:103690004CBB6FF00B0687E4E38D002B3FF48CAC42
:1036A00016F10C0118BF0121C90108F04BF8FFF712
:1036B0004CBB6FF01508FFF7F6BB4FF0FF38FFF774
:1036C000F2BB00BF9BEE000C34EE000CA4DE000C3D
:1036D000BFEE000C0B7810B4062B14D10369D3F89D
:1036E0009C20EFF31184202383F31288BFF36F8FA4
:1036F00000204B681860506A58B9C2E9083384F357
:103700001188BFF36F8F00220023034810BC09F01B
:103710004FBB03605362F2E7BC03002030B589B0B1
:10372000002200230024CDE906236FF007034FF4A5
:103730008062CDE90334CDE90144154B154900946D
:10374000154805F04BF81549134809F0D9FC144BFE
:1037500014498B4207D30020134B14498B420CD3DE
:10376000002009B030BD03F11402D2E8EF0FC2E827
:10377000E54F002DF9D11833EBE703F11402D2E83D
:10378000EF4FC2E8E50F002DF9D11833E6E700BF8F
:103790000938000C70160020B009002027E3000C47
:1037A000B8040020D0040020D0040020E804002049
:1037B00038B50D4607F0D3F930B90121BDE83840DE
:1037C0000F4A104806F07FBEC46804B938BD2B7894
:1037D000032B05D0052B0ED0022B08D02468F4E76C
:1037E000606883685B69002BF8D09847F6E76068EB
:1037F00083689B69F7E760688368DB69F3E700BF6C
:10380000E6EE000CB4DE000C2DE9F0434FF020088A
:1038100085B000AF4FF0FF334FF0FF327248391DD3
:1038200004F0DCFBFB681B69D3F89C40236A93B16E
:10383000EFF3118288F31288BFF36F8F256A2DB1E1
:10384000616A2B688D42236208BF636282F311882C
:10385000BFF36F8FC5B93B79062BDBD0072BD9D8C7
:1038600001A252F823F000BFE538000CD938000C53
:103870000D39000CEB38000C4339000C2F39000CCB
:103880001538000CD739000C2B7E29465E062046E1
:10389000D5F81E201DD1FFF737FA06460028C5D0FF
:1038A000E9468AB06A462B7ECDE9073505234F49A4
:1038B000CDE9051042F8103F00234FF421514C4848
:1038C000FDF7DEFD3246CD460721204607F0D6FA49
:1038D000ACE707F0A4F9E0E700220121204607F059
:1038E000CDFA97E700221146F8E794F86C3043F0E0
:1038F000040384F86C3094F83030022B03D1204656
:10390000391DFFF755FF00220321E7E794F86C30DB
:1039100023F0040384F86C3094F83030022B03D188
:103920002046391DFFF744FF00220221D6E794F814
:103930003030022B7FF46EAF2046391DFFF738FF81
:1039400068E794F86C30A66923F0040384F86C30BF
:10395000D6F808903369A033D3E8AF3F9A071ED555
:103960003046D9F83C309847D9F824300021304609
:1039700098470546D9F840303046984795B11D4ADA
:1039800001211B4806F09FFD00220421204607F07C
:1039900075FA002D3FF43EAF2A4607219EE74FF00F
:1039A000FF35ECE72946204600F0C4F9054608B18A
:1039B000114AE5E7A06907F0DFFF831E584258412E
:1039C00094F86C3084F8305023F0680343EA4013D5
:1039D00084F86C30D8E70121084A054806F073FDE9
:1039E0000621BA687AE700BFBC03002015EF000C7F
:1039F000B4DE000C3FEF000C6DEF000C99EF000CF3
:103A000038B5024605460C49806908F013F80446AB
:103A100030B10121094A0A4806F055FD204638BD5B
:103A200085F83800284600F043F904460028F5D010
:103A3000A86908F02EF8F1E7D536000CA9EF000CC4
:103A4000B4DE000CF8B501231D460C68002C35D0FF
:103A500063F07F02D6B202F07F02103224FA02F73E
:103A6000FF0716D5046824FA02F7FF0708D4334687
:103A700013480121134A06F02FFD6FF01500F8BD21
:103A800005FA02F224EA020404600C6824EA020443
:103A90000C60DC40E6070ED5026822FA03F4E40766
:103AA00000D4E5E705FA03F422EA040202600A689A
:103AB00022EA04020A600133102BC6D10020DEE79F
:103AC000E4DE000CD0EF000C2DE9F04F0026536827
:103AD00091B0D4680A900891069202930E960396CC
:103AE00074B9039B029A09339BB293701B0AD3707B
:103AF000069B1671DC68002C40F0C780A346AEE040
:103B00004FF0000A6068CDF83CA083681B6B002B67
:103B100000F0AC8008999847002800F0A78035464F
:103B2000C4E903AAA0F1040959F8043F0BB11A78BB
:103B30009AB9B54240F29780E3680F9A1343E36065
:103B4000606883689B6A002B00F0928098478346E8
:103B5000002800F09080534A7DE05A780B2A08BF75
:103B60009D70D9F800305A78042A10D1E2680F9974
:103B70000A43E260DA78002A5CD101229D70236951
:103B8000AA40134301352361EDB2CDF83CA0D9F82A
:103B900000707B78052BC7D16FF0120B4FF0010836
:103BA0000A9B9B69099379793A790E9B42EA012233
:103BB000ADF8362097F902205FFA88F1002AACBFF1
:103BC000424641F080010493B7BF4BB24FFA88F3ED
:103BD00021F080020793A8BF0793049BB8BF10325F
:103BE00023FA02F0C0072CD40F9B23FA02F20593AC
:103BF000D30726D4BB79FA78099800930DF13603E0
:103C00000B9107F015FD0B998346D0B9079BB9704E
:103C1000002B4FF00103BCBF21F0800110318B401D
:103C200004980599BDF8362019431843CDE90E01D3
:103C3000BA8079E76A1E9A700FA90EA8FFF702FFF3
:103C4000A3E708F10108B8F1100FACD1BBF1000FE8
:103C50003FF46AAF144A0121144806F034FC584678
:103C600011B0BDE8F08F6FF0150BF3E7354667E74D
:103C70006FF0850B6FE76068089906F0A0FF039B63
:103C80002E460344246803932AE7E36804F10C01F9
:103C9000A3600EA8FFF7D6FE08B924682BE76FF0E3
:103CA000150BDCE711F0000CEDEF000CE4DE000C6E
:103CB00070B5836905461B69026F93F88030C3F3C2
:103CC0004113022B0CD0032B0CD0012B0CBF102363
:103CD0000823D371EE6D3EB96E6DBEB9344611E066
:103CE0002023F6E74023F4E7324601212846FFF778
:103CF000EBFE044640B173685B790B4A01210B4827
:103D000006F0EAFB204670BD3668E4E73246002143
:103D10002846FFF7D9FE044618B173685B79044A58
:103D2000ECE73668D9E700BF35F0000CE4DE000CA4
:103D300058F0000C2DE9F04105460E4606F05AFDFC
:103D400095F83830804633B3284606F008FF07461A
:103D5000F0B10146284606F082FF102204460021F9
:103D600005F13A0009F065FC002385F83830FF685A
:103D70003FB984B119491A4806F0D0FE2046BDE883
:103D8000F081786883685B6A03B198473F68EFE722
:103D90006FF03C04EEE71EB985F838600024EDE7CB
:103DA00032464146284606F0C6FE074690B1024616
:103DB000284606F07EFF04460028DFD185F83860EB
:103DC000FC68002CEAD0606883681B6A03B19847DE
:103DD0002468F6E76FF03C04D0E700BF85F0000CE4
:103DE0009CDE000C2DE9F04105460F461446D2F842
:103DF000048006F097FE95F86C30D9070BD547493B
:103E0000474806F08BFE6FF00F07281D06F091FE65
:103E10003846BDE8F081012F0AD1284606F0EFFCB4
:103E200030B940493E4806F079FE6FF08507ECE76F
:103E300098F807309A0607D5AB691B6993F880306C
:103E40009B0701D43849EDE71FB1012F06D0374950
:103E5000E8E7EB6D2BBB05F1540603E06B6DABB9E6
:103E600005F15C06002233680BBB002FD5E91C234B
:103E700008BF13465B7C626803F10103DBB2537138
:103E8000D5E91C1208BF0A46537422E09C4206D1B1
:103E90002749234806F042FE6FF01507B5E71B6877
:103EA000DDE79C4201D12349F3E71B68D2E79C423E
:103EB00021D12368CAB972683360944200D173601B
:103EC0000023236063685B7902211B4A144806F0D3
:103ED00003FBA168B9B1284606F02BFD074668B17F
:103EE00016490F4806F01AFE8FE7136073689C426C
:103EF00008BF7260E4E71A461B68B5E7A06806F0E1
:103F0000A5FD88F806000023236073681BB9C6E985
:103F10000044002779E71C607460FAE7C7F0000CE2
:103F20009CDE000CE9F0000CA3F0000C07F1000C83
:103F300027F1000C44F1000C61F1000C7EF1000C43
:103F4000F8B5054600AF29B301290BD1184C194E1D
:103F50002BE0636828461968FCF76CF8B8B1183490
:103F6000B442F6D36C4688B06A46134BCDE90535AA
:103F70004FF40073ADF81C30104B42F8103F002393
:103F80004FF4E2510E48FDF77BFAA5460024204687
:103F9000BD46F8BD0B4C0C4EE2E763682846196835
:103FA000FCF748F80028F2D01834B442F5D3D9E72A
:103FB000D0040020E8040020B5F1000C030000014B
:103FC000ACDE000CB8040020D004002070B5012540
:103FD00001F07F0311F0800F18BF10339D4090F85F
:103FE00030300446022B06D001210C4A0C4806F062
:103FF0006AFA002070BD90F8386006F0FBFB32468C
:104000000146204606F097FD0028F2D0C06800283F
:10401000EFD083681D42EDD10068F8E7D3F1000CC2
:10402000ACDE000C2DE9F84305460846114616465D
:104030009846FFF785FF0446002843D0284606F03F
:10404000B7FD95F86C30DA0702D5204A012109E066
:10405000D4F8049004F11407D7E8AF3FDB070CD580
:1040600002211B4A1B4806F02EFA6FF00F04281D90
:1040700004F08AF82046BDE8F883D9F804301BB173
:10408000AB4201D0144AE1E742463146284606F0E9
:1040900052FDA0B10023236003696BB9C0E903445A
:1040A000D7E8EF3F43F00103C7E8E23F002AF7D12A
:1040B0000024C9F80450DAE71C600461F0E76FF0EF
:1040C0003C04D4E76FF01204D4E700BFC7F0000C43
:1040D000F8F1000CACDE000C1AF2000C2DE9F047F0
:1040E000012981461646984600AF33D12C4DDFF8A2
:1040F000B4A028E0B8F1000F04D04146284606F0ED
:1041000047FDF8B969683346012248460968FFF758
:1041100089FF0446B0B16B686D468AB01B686A4679
:104120002149C2E905134FF4007313841F4BD66174
:1041300042F8103F00234FF411511D48FDF7A0F93C
:10414000AD4603E018355545D4D300242046BD467E
:10415000BDE8F087F9B16FF08504F7E718355545EC
:10416000F3D2B8F1000F05D04146284606F010FD05
:104170000028F3D169683346002248460968FFF7F2
:1041800051FF04460028E9D06B686D468AB06A4644
:104190001B680849C5E7084DDFF820A0DFE700BF2E
:1041A000D0040020E80400204FF2000C04000001BD
:1041B000ACDE000C7CF2000CB8040020D00400201F
:1041C0002DE9F04F83B000AF7B6097F830304C683A
:1041D0000E463B608146904606F00CFBA368014604
:1041E0001B6B33B96FF0150420460C37BD46BDE894
:1041F000F08F204698470028F4D00024051F06F1D0
:104200000C0A55F8041F09B10B782BB9002C14BF08
:1042100000246FF03C04E7E74B78042B0ED1002C10
:104220003CD18B787A689342EBD1CB783A68934251
:10423000E7D10B79002BD7D00124E2E7052BE0D1A1
:10424000002CDED0B8F1010F91F802B009D0B8F11E
:10425000020FF1D152465946D9F8180006F0B7FDC1
:1042600004E05246D9F8180006F095FD04460028EF
:10427000E2D06D468AB06A46F368CDE907B30623FB
:1042800007490990CDE9051842F8103F00234FF483
:1042900041510448FDF7F4F8AD46A5E70024A3E733
:1042A000B4F2000CDCDE000C2DE9F0410B7E0C4674
:1042B0005906054637D16BB306F0DCFA40B11B480E
:1042C00001211B4A06F0FFF84FF0FF30BDE8F081F6
:1042D0002846D5F87080268AEF8D06F08BFAF8B163
:1042E000421E534253419B01228A9AB1BE4232463A
:1042F00028BF3A46E98D91420CD9B2FBF3F103FB9A
:1043000011223AB994F91830002BBEBF637E43F0F6
:10431000080363762146A869BDE8F04107F06CBA4E
:1043200098F80730E0E76FF01500CFE7CCDE000C1F
:10433000F0F2000C70B5064680690C4607F002FAF0
:10434000054638B102212346094A0A4806F0C4F856
:10435000284670BD012214F0800F18BF24F080049D
:10436000736B18BF1034A2401A437263F0E700BFAA
:1043700004F3000CCCDE000C70B5054680690E46D7
:1043800007F00AFA044638B102213346054A0648C6
:1043900006F0A2F8204670BD314605F1340006F063
:1043A000ECFCF7E71BF3000CCCDE000C70B5064606
:1043B000EFF31181202383F31288BFF36F8F1B4D1E
:1043C0002A6881F31188BFF36F8F526892F86C20CE
:1043D000D20705D4BDE870400A22002304F08AB950
:1043E000EFF3118283F31288BFF36F8F2C682CB127
:1043F000696823688C422B6008BF6B6082F3118868
:10440000BFF36F8F44B1606804F10801C369984736
:104410002146074808F07CFC2B6833B13046BDE8E4
:1044200070400022002304F031B970BD4410002018
:104430003C03002030B585B0CDE9001205460022CE
:104440000023144803A903F035FD0246E8B9DDE96D
:104450000001039B5D60083383E80300EFF31180E4
:10446000202383F31288BFF36F8F039B1A600A4ADD
:10447000516861B9C2E9003380F31188BFF36F8FCF
:1044800000220023054804F001F905B030BD0B609F
:104490005360F1E73C03002044100020000000209E
:1044A00010B504690346204640F8143B0122002160
:1044B00008F036FD04F12400024908F0B8FD0020A0
:1044C00010BD00BF0548000C73B513464A7800695B
:1044D0000A2A09D00B2A35D0092A254C1BD0FDF712
:1044E00007FF6FF085032BE0498803690A0A5C68BF
:1044F00011F0FF0108BF83F83420E36823B1920074
:104500009847002002B070BDFDF7F2FE6FF0850203
:10451000174B1A50F5E705694A886D68110AAD68AE
:10452000D2B2002DF0D0022903D0032901D00129F5
:10453000D5D1DE6800961B8AA8470346FDF7D8FE52
:104540002350DEE749880129DED843681B689B7940
:10455000002BD9D0036993F835208A42D1D05A680C
:10456000C9B283F835105369002BCAD09847C8E701
:104570000C00000073B514464A780B46013A0069F6
:10458000052A07D8DFE802F020034D06065CDA882A
:10459000012A06D0FDF7ACFE6FF08502364B1A50AB
:1045A0003AE059880369C9B231B15B681B69002BD5
:1045B000F0D09847810801E093F83410C9B204F1B3
:1045C0000C0006F0EBF827E05A880569110A022969
:1045D0006D68DB88D2B20AD0032908D0012906D041
:1045E0006FF08503FDF784FE234A135014E0E6685C
:1045F00000966D68A8470028034610DD228A618A6C
:104600006069891AE268121A891A994228BF194604
:1046100004F10C0006F0B3F8002002B070BDE1D147
:10462000DEE75A88002AB5D1DB88012BB2D1436876
:104630001B689B79002BADD0036993F83510BEE75A
:104640005A88120A212A0DD0222AA3D10169DA88B8
:10465000CB6889689A4228BF1A4604F10C0006F01C
:1046600094F8D9E74268DB8811684A7A09319A429E
:1046700028BF1A46F1E700BF0C00000038B503461A
:104680001B6940685C681B6925685A681AB19A689A
:104690000AB1DA683AB913480121134A05F013FF49
:1046A0006FF0150038BD1033D3E8EF1F41F0010162
:1046B000C3E8E21F002AF7D1216909B90020F1E718
:1046C0002B7A002BFAD106F034F928B10121074AE0
:1046D000044805F0F8FEF1E7206906F0B7F9287202
:1046E000ECE700BFD4DE000C45F3000C6FF3000CC8
:1046F00038B504694068006804F11005D5E8AF5F7B
:10470000ED071FD40BB15D683DB9104A1048012177
:1047100005F0D9FE6FF0150038BD90F820501DB19E
:104720009D680DB90B4AF1E785791DB15D690DB939
:10473000094AEBE7C4E9021263600274120A427488
:104740000020E9E76FF07700E6E700BF99F3000C7F
:10475000D4DE000CB8F3000CD7F3000C2DE9F347BE
:10476000D0F804A00669884615467768DAF8044050
:1047700006F11003D3E8AF3F9B073BD52369606880
:104780005B68D3F8009006F035F80022002301287A
:1047900029460CBF99F81B9099F81490DAF80C0090
:1047A000CDE90023424605F0C1FF054650B901217D
:1047B000124A134805F087FE6FF00B04204602B042
:1047C000BDE8F087014680F81890204606F01AFBF5
:1047D000044618B12846FEF7C5F8EFE7BB69002B81
:1047E000ECD14FF0FF324FF0FF3306F1140003F02D
:1047F00081FDE3E76FF00C04E0E700BFF8F3000C85
:10480000D4DE000C70B550F8243C5C686568143840
:10481000D0E8AF3F9B0725D52B6968685B681E68A9
:1048200005F0E8FF002201284FF00003A0680CBF4C
:1048300096F8296096F8226005F074FF044630B9B6
:10484000094A0121BDE87040084805F03CBE014618
:104850000676284606F0D6FA20B12046FEF782F802
:10486000034AEEE770BD00BF13F4000CD4DE000C69
:104870002DF4000C30B5104D85B04FF0FF334FF0E4
:10488000FF320E4801A903F0A9FB034690B10121B4
:104890000B4A0C4805F020FEEFE7236813B1019A9C
:1048A000934203D1D4E9013101A898470C34AC42BA
:1048B000F3D3E2E7044CFAE718DF000C6C030020A6
:1048C00062F4000C24DE000C0CDF000CF0B517467F
:1048D0001E4685B001909DF82800DDE90C54234662
:1048E0002C432A468DF808008DF80910ADF80A709F
:1048F000039608D0FDF7FCFC0C49D1F888400C4920
:1049000009588C4201D1002213460A4801A908F037
:104910004FFA041E07DA0221074A084805F0D3FDC2
:10492000204605B0F0BD0024FAE700BF880E002045
:10493000080000006C03002077F4000C24DE000C5B
:104940000F2300F0070292009340DB43C0080848A1
:1049500001F00F0101FA02F10BBFC269026A1340B4
:1049600013400BBF0B430B43C3610362704700BF8F
:1049700000A00144012310B58B400C46032813D836
:10498000DFE800F0020F080C0A4A134204D141B9D3
:104990000E2008E0082904D1FF2004E0064A134253
:1049A000FAD004F00F0010BD0121044A044805F0BC
:1049B0008AFDF6E7000008E0FE7F3F00AFF4000C40
:1049C0002CDE000C0121024A024805F07CBD00BF2C
:1049D000CCF4000C2CDE000C70B5054603F082F818
:1049E0000446084E6B6863B103F07CF8031BB342C6
:1049F00003D9BDE87040FFF7E5BF022008F0C7F813
:104A0000F0E770BDBFD4010038B54568D5E90101B4
:104A100083681B686BB19847041E0DDA14F1780F98
:104A20000AD02346184A0121184805F055FD2046B2
:104A300038BD6FF05704F4E76868E96883681B685D
:104A400043B19847041E08DA14F1780F05D0104AD4
:104A50002346E8E76FF05704F9E72B6998470122EE
:104A60002B681A702868FFF7B7FF2B7D13B100225F
:104A70002B681A702A680024137843F0020313701D
:104A80002868FFF7A9FFD2E7FBF4000C2CDE000C2E
:104A90001FF5000C2DE9F743054641788078FFF7B4
:104AA00069FFFF2806460CD1AB786A782B48009244
:104AB00001212B4A05F01AFD6FF0850003B0BDE817
:104AC000F083284F3B88C340DB0744D54FF00109F2
:104AD000254C09FA06F92378204603F0FD032370DC
:104AE000FFF77AFF00213046C4F80C90C4F8149008
:104AF000FFF726FF236B204623EA090323636A7826
:104B0000AB686FEA0908134493F8402002F0FE02F4
:104B100083F84020237843F002032370FFF75CFF03
:104B2000EFF31181202383F31288BFF36F8F3A884C
:104B30001FFA88F31A403A80FF223E4439633276E6
:104B4000AA78143237F81200034027F8123081F3A4
:104B50001188BFF36F8F0020B0E700BF2CDE000C80
:104B600043F5000C8410002000A00144032870B518
:104B700006D916480121164A05F0A5FC002070BD93
:104B8000EFF31184202383F31288BFF36F8F114951
:104B9000143031F81030012500200F4A0C6352699F
:104BA000134023B984F31188BFF36F8FE7E793FABB
:104BB000A3F2B2FA82F20A44127E5E1E02F01F02D3
:104BC00005FA02F233401043EBE700BF2CDE000C85
:104BD0006EF5000C8410002000A001442DE9F04780
:104BE00083784268584D023390F8019045F82320AD
:104BF000C36804466B604946807800AFFFF7BAFE91
:104C0000FF2806464FEA590809D150480121504A69
:104C100005F059FC6FF08500BD46BDE8F087EFF365
:104C20001182202383F31288BFF36F8F2B882A63AE
:104C3000C340DB072AD52B181B7E03F01F018945D3
:104C400003D1A178B1EB531F20D082F31188BFF3B9
:104C50006F8F35442B7EA1786C468CB058096A461C
:104C600003F01F03CDE9070307233A4DCDE90919E6
:104C7000CDE9055642F8103F344800234FF4615106
:104C8000FCF7FEFB6FF00F00A546C5E7DFF8C8A0F4
:104C90009AF80030504603F0FD038AF80030FFF721
:104CA0009BFEA36830464B4493F8402042F0030239
:104CB00083F84020A26809F0010342444FF0010844
:104CC00092F83010013B83F00F030B4082F8303034
:104CD0002178FFF735FEE37808FA06F82BB1DAF809
:104CE000303043EA0803CAF83030CAF81480DAF8E2
:104CF0001030194843EA0803CAF810309AF8003017
:104D00001FFA88F843F002038AF80030FFF764FEC8
:104D10002B882E4448EA03032B80337E69F3040377
:104D20003376A27862F347133376A378143335F8D9
:104D3000132048EA020825F813802B6B83F31188AF
:104D4000BFF36F8F002067E7841000202CDE000C7B
:104D500085F5000CA2F5000C00A00144F8B504692B
:104D60000D4600AFA034D4E8AF3FC3F380039942AF
:104D700018D1164A164B6E4688B0002918BF134644
:104D80006A461449CDE905134FF40073ADF81C30A1
:104D9000114B42F8103F00234FF4E4510F48FCF749
:104DA0006FFBB5464DB1D4E8EF3F43F00403C4E8D0
:104DB000E23F002AF7D1BD46F8BDD4E8EF3F23F02B
:104DC0000403C4E8E23F002AF5D0F6E718F6000C29
:104DD00020F6000C27F6000C030000018CDE000C0E
:104DE0002DE9F0470546894690461F46D0F808A0B1
:104DF00006F066FB0446C0B1067DF30709D5037EC5
:104E000016480121164A05F067FB6FF07700BDE8F0
:104E1000F0873B464246494606F012FB40B9237EE6
:104E20000121104A0D4805F057FB6FF01200EEE724
:104E30009DF8203026F0060684F8198067832377D2
:104E40002675DAF81830214628469847B0FA80F3DC
:104E5000227D5B0963F300022275D8E78CDE000C2B
:104E600039F6000C53F6000C70B50546866806F05E
:104E700027FB0446D0B1037DDB0708D4037E0D4831
:104E800001210D4A05F028FB6FF0770070BD014647
:104E9000F3692846984738B1237D03F00103227D4A
:104EA00063F300022275F1E70346F8E76FF01200A2
:104EB000ECE700BF8CDE000C75F6000C2DE9F34129
:104EC0001746D0F808800546D8F83C300E4698477B
:104ED0000022002339460B48FDF7C6FC044670B992
:104EE00001213B46084A0948009605F0FFFA28468A
:104EF000D8F840309847204602B0BDE8F0810676E9
:104F0000F5E700BF1804002090F6000C8CDE000CC2
:104F1000042903D849B96FF015007047052914BF5B
:104F20006FF015006FF08500704762B94368032980
:104F30001B6803F5805308D0042908D0022914BF48
:104F400002220422DA73002070470122FAE708499E
:104F50009A7311F8010B0132352A83F82000F8D139
:104F60000822DA739A7C42F002029A74EBE700BFDF
:104F7000DA01010C70B54368002106461D68FFF791
:104F800073FF044648B110F1780F06D00C4A012196
:104F90000C4806F05FFE204670BD80213046FFF7CA
:104FA00063FF044620B110F1780F01D0064AEEE706
:104FB00005F580535A78002402F0BF025A70EAE7E0
:104FC000BEF6000C94DE000CE5F6000C70B503692B
:104FD0009022D3F8A4504368002105F1A0001C687A
:104FE00008F027FB4022FF2105F5987008F021FB0F
:104FF0004021284606F03EFE4FF6FF73984207D147
:1050000036480121364A06F025FE6FF00B0070BDD0
:10501000344AA5F83001A5F85001D369372043F48C
:105020008033D36107F03EF8012342F2107623600B
:105030002368DB0702D4E369D8070DD5013E07D208
:10504000294A2648012106F005FE6FF07300DEE7CD
:10505000012007F027F8EBE7002EF1D042F210769E
:10506000236843F400732360236843F48073236050
:10507000236843F002032360E369990707D5013EE3
:1050800001D21A4ADDE7012007F00CF8F4E7002E00
:10509000F7D020232361A369DA071CD504F58054D7
:1050A000D4F82435002243F00203C4F82435002448
:1050B000002385F8104205F5F07003F01BFB204635
:1050C000A5E7012006F0EEFFA369DB07E6D4013E69
:1050D000F7D1074AB5E7074EF6E700BF94DE000CAC
:1050E0000BF7000C0080004426F7000C43F7000C7F
:1050F00066F7000CA0860100F0B5036989B0D3F80B
:10510000A47043680646694607F5F0701D6807F00D
:10511000C6FF002105F58053D9801981D972242357
:105120003046EB60FFF7A0FE044650B110F1780F57
:1051300007D0204A0121204806F08CFD204609B006
:10514000F0BD80213046FFF78FFE044620B110F1FC
:10515000780F01D0194AEDE742F211742B6823F061
:1051600002032B60EB69990717D4012342F21174F3
:105170002B602B68DA0716D4EB69DB0713D4902277
:10518000002107F1A00008F054FA4022FF2107F5A2
:10519000987008F04EFA0024D0E7013CE5D00120D9
:1051A00006F080FFDEE7013CE9D0012006F07AFF3F
:1051B000DFE700BFBEF6000C94DE000CE5F6000C45
:1051C00038B5436804461D680369A033D3E8AF3F90
:1051D0005B0707D411480221114A06F03BFD6FF02E
:1051E0000C0038BD05F580556B7803F0FD0343F0E6
:1051F00004036B700021142008F067F86B7800211D
:1052000003F0FB0320466B70FFF7A8FD002202218C
:10521000204606F080F90020E3E700BF94DE000C92
:105220007CF7000C2DE9F04F036987B0D3F8A44058
:10523000436880461D6805F580566B6996F80A90AC
:105240007788B2885FFA89F992B201929A0642BFD2
:1052500020226A61EA605807BFB250D54FF0040AB5
:1052600019F0040FC5F814A039D0002504F5BA7060
:1052700084F89C50C4F8C851A4F8CC5106F023FF20
:1052800004F5BC7006F01FFF04F5C07006F01BFFAC
:1052900004F5C27006F017FFF38840209BB243F07C
:1052A0000103F380B57306F01BFC514600F00F00BC
:1052B00086F8620086F86300B4F83031C3F30C035B
:1052C000A6F86430B4F85031C3F30C03A6F8663086
:1052D00004F1880007B0BDE8F04F06F0E1BE19F018
:1052E000010F04D0082104F1880006F0D9FE19F05E
:1052F000020F04D0102104F1880006F0D1FE002234
:10530000B273B17CCBB2490707D5B37C03F0FB0382
:10531000B37484F89C20B37CDBB2DA061FD5B37C6F
:1053200043F08003B374002384F89C30B37CDBB279
:10533000DB0749D5326AC4F89420336AC4F8983040
:105340001B0C1BD1B37C43F04803B374032384F8D4
:105350009C30012104F1880006F0A2FE34E094F8AC
:105360009C20032A30D801A151F822F03153000CBF
:10537000BF53000C1B54000CB153000C100605D594
:10538000B37C43F04003B3740123E0E7B27C42F006
:105390004002B274022284F89C20D4F89420A4F82D
:1053A000CA31C4F8CE21D4F89820C4F8D221D0E76D
:1053B000F90709D5002384F89C300221CAE7FA07CF
:1053C00002D513F00203F6D000234FF001094FF08D
:1053D000200A9B467F0804F5BA70002F69D123B1DB
:1053E000802104F1880006F05BFE01264FF0000BDF
:1053F000019B05F581594FEA530A09F1040905F5A6
:105400008055BAF1000F40F08780019B13F0FE0F2A
:1054100000F0F2804FF480715AE7D807D4D596F89F
:1054200018900021404609F07F0906F049F860B362
:10543000B0F81AB0CBF30A0BB9F1000F18D0B4F8DA
:10544000C81105F58150C1F1400ACA4528BFCA46B6
:1054500001F5C4715246214406F050FBB4F8C8313E
:105460009A44B4F8CC31A4F8C8A14B44A4F8CC3188
:10547000CB450DD8B4F8CC21B4F8CA319A4207D242
:10548000B37C43F04003B37497E74FF0400BD3E78E
:10549000B37C012243F04803B374032384F89C30A7
:1054A00004F5BE73D3E8EF1FC3E8E02F002884D0D3
:1054B000F8E7F9072CD5EFF311838AF31288BFF3CD
:1054C0006F8F09F00F02B273B27C920612D5B27CD4
:1054D00002F0DF02B274B27C42F00802B274B27C15
:1054E000910742BFB27C42F00802B274B27C02F073
:1054F000FE02B27449460393029006F0D5FD86F889
:105500000EB0039B83F31188BFF36F8F01230298C2
:105510007F0809F1010960E71AF0010F19D0F1B213
:10552000EFF311830293202383F31288BFF36F8F6D
:1055300001F00F03AB73AA7DD3B252060FD503F06F
:10554000BF03AB7585F80EB0029B83F31188BFF3E0
:105550006F8F4FEA5A0A013609F1040951E74046B4
:105560002F8B05F0ADFFBFB20390002840D005F0AF
:10557000CEFF034600283BD0C7F30D07E7B1018AF1
:10558000428A0493521AC1684069091A521ABA42EF
:1055900028BF3A4603F10C001146059205F0EFF8DA
:1055A000059A0146484606F0A9FA039B5A8B049BCC
:1055B000C2F30A02974204D2AB7D03F0FE03AB753F
:1055C0000CE0D96858695A8A091A1B8A521A9A42F9
:1055D0000AD1314604F5C07006F066FD314604F587
:1055E000BC7006F061FDADE7AB7D03F0FE03A8E7FC
:1055F000314604F5C270F4E707B0BDE8F08F00BF94
:105600002DE9F04F0F46436882461146384685B073
:1056100016461C6805F07DFF97F8149019F00209F2
:1056200040F0A4803D7E35F0800300F0A3802B067F
:1056300000F19780DAF810302946D3F8A48008F5F5
:10564000C07B584606F0CDFDA8B1EFF311812023B1
:1056500083F31288BFF36F8F04F5805305F00F02B8
:105660009A739A7D02F0FE029A7583F80E9081F388
:105670001188BFF36F8F294608F5C27006F0B1FD9F
:105680008146002872D0EFF311830093202383F327
:105690001288BFF36F8F05F00F0304F58057504653
:1056A0002946BB7305F00CFF8246002852D005F056
:1056B0002EFF064600284DD005F5816204EB8202DC
:1056C000018A0192428A3B8B521AC1684069C3F336
:1056D0000D03091A521A9A4228BF1A4606F10C0005
:1056E00011460393029205F04AF80146DDE90102F2
:1056F00006F004FABAF81A20039BC2F30A02934296
:105700001BD2BB7D03F0FE03BB75294608F5BC70B8
:1057100006F0CAFC002304F58054A373009B83F3B6
:105720001188BFF36F8FB9F1000F1FD04FF4807154
:1057300008F1880006F0B4FC18E0F2687169738A19
:10574000521A9B1A328A934204D12946584606F0CF
:10575000ABFCDAE7BB7D4FF0000903F0FE03BB753D
:10576000D8E732463946204606F007FC002005B04F
:10577000BDE8F08F002DF9D0DAF8102004F5805440
:105780007F8BD2F8A480A373717E480701D50221D4
:10579000CEE7A27CD5B2920706D502212B461D4A40
:1057A0001D4804F099FEE1E7328A4AB9080707D498
:1057B000012388F89C30A37C43F00A03A374D5E747
:1057C000C7F30A07BA4228BF3A46914699450FD80F
:1057D000494606F10C0004F0FAFFB94511D3328AAC
:1057E00062B145F00205012388F89C30A574BDE73D
:1057F000F268D25C013384F82020E7E7737E190752
:1058000002D445F00A05EEE762F3C30345F00A054A
:105810007376E8E7B0F7000C94DE000C2DE9F34155
:105820000027456840232E683A463946009780464F
:10583000FFF7D6FA044660B110F1780F09D03B4665
:1058400001211F4A1F4804F047FE204602B0BDE870
:10585000F08140230022802140460097FFF7C0FAE4
:10586000044620B110F1780F01D08023E8E706F557
:105870008054E37A0A2043F00703E372E37A03F0EB
:10588000EF03E372E37A03F0F703E372E3889BB27A
:1058900043F00103E380042333616378AA69DBB238
:1058A000022A0CBF43F0200303F0DF03637006F00D
:1058B000F9FB637843F0400363700024C5E700BF41
:1058C000F0F7000C94DE000C2DE9F04F056989B06B
:1058D00007464468D5F8A48005F1840007F077FAFC
:1058E00008F1880007F082FE6049C8F8D87108F511
:1058F000F07007F0C8FB95F880304FF0400923F0B6
:10590000760343F0760385F88030A369022B01BF4C
:1059100095F880304FF4806A43F0010385F88030B9
:1059200018BF40F2FF3A00256368AB4228D8002533
:105930004FF0400B6368AB425FD8002688F89C604C
:10594000A8F8C861A8F8CC61D4E904124FF0000AA5
:105950004FF0000B6FF007030120CDE906ABCDE956
:105960000330CDE901664046414B009702F036FF17
:105970003968404607F0C4FB3846636A984720E020
:10598000E2686B0102EB4512917C41F04001917499
:10599000E268D5B9917C41F001019174E268A2F806
:1059A0001090E26838461A441576E168194405F00B
:1059B00094FD0646F8B12B462E4A01212E4804F0EC
:1059C0008BFD304609B0BDE8F08F1A44917C41F060
:1059D00004019174E2681A44917C41F002019174CF
:1059E000E2681A44917C41F008019174E2681A441B
:1059F000A2F810A0D5E7013596E7A2686B0102EB8B
:105A00004512917C41F020019174A268ADB9917C5E
:105A100041F001019174A268A2F810B0A26865F08B
:105A20007F011A441176A1683846194405F055FDE6
:105A30000646C0B1114A2B46BFE71A44917C41F09B
:105A400004019174A2681A44917C41F0020191749E
:105A5000A2681A44917C41F008019174A2681A442A
:105A6000A2F810A0DAE7013564E700BF09BC000C1A
:105A700011C2000C0AF8000C94DE000C2DF8000C8A
:105A8000F8B500AFB8B96C4688B06A46344B4FF4ED
:105A9000E2510593334B344806934FF40073ADF84D
:105AA0001C30324B42F8103F06F0E5FDA5466FF082
:105AB0001500BD46F8BDB0F1205F4FEA906415D3E4
:105AC0006D468AB06A462A4B4FF411510593254B17
:105AD0002548CDE906344FF40073ADF82030254B4E
:105AE00042F8103F06F0C7FDAD46E0E7631EDBB2AB
:105AF000082B2ED8204A214DD15C214AD65C214A60
:105B0000D25CEB5CC5B28D420BD8C0F3052CB4451A
:105B100007D8C0F30556964203D8C0F385309842A3
:105B20001CD96E468CB06A46174BCDE908410593E7
:105B30000C4B4FF45151CDE906354FF40073ADF8DD
:105B40002830124B084842F8103F06F094FDB54645
:105B5000ADE73F2300211A461E46D3E70020A8E701
:105B600068F8000CD502010CFCDD000C03000001FC
:105B700096F8000C040000012A02010C0F02010C2F
:105B80002102010C1802010CB4F8000C06000001FF
:105B90002DE9F3470C464FF00008174943682143AD
:105BA000064615461F68CDF8048006F067FD0228FA
:105BB00005D0C5F80080002002B0BDE8F0874FF0A6
:105BC0000609B4FBF9F85FFA88FA5146304601AA93
:105BD00006F0DDFD0028EFD13F2309FB18444C37C8
:105BE000E4B257F82A20E400A3401340E3D0019A1E
:105BF000B2FBF3F22A60DEE700FFFF0F2DE9F04F62
:105C000083B01C4643680D4692469A68002302EB17
:105C10008108464900AF29437B608146D0F810B027
:105C2000D8F8206006F02AFD02284FF000034AD180
:105C3000D8F8201001F00F01514518D16C4688B0FA
:105C40006A463B4B53613B4B3B4893614FF40073B7
:105C500093833A4B4FF4E25142F8103F06F00BFDAC
:105C60006FF08500A5460C37BD46BDE8F08FBAF150
:105C7000060F07D18B1F052B04D86C4688B06A46E7
:105C80002F4BDFE70B290AD8DFE801F006202E3979
:105C9000393C414141414141DBF800307B60D8F85B
:105CA0002020012D4FEA124218BFD2B2F30435D59D
:105CB0001D2A28BF1D220123013292B293409AB2BD
:105CC0007B68B3FBF2F300202360CCE7AB1EDAB2B3
:105CD000092A04D80BEB830BDBF80430DEE76C46B3
:105CE00088B06A46174BADE7012D1BD00C2201216D
:105CF00048463B1DFFF782FF0028D0D0B3E74FF4A2
:105D00000043CBE74846391D00F01EF8F4E706399A
:105D100048463A1DC9B2FFF73BFFEDE7012A38BFFD
:105D20000122CDE76FF05B009DE700BF00FFFF1B86
:105D3000E1F8000C6902010CFCDD000C030000011D
:105D400003F9000C25F9000C37B50C4641680A68C8
:105D5000136913F4807303D10020236003B030BDB6
:105D6000136BDB0701D4094BF6E78B68D56BD3F8CF
:105D70008010052201AB01F00F01FFF73FFF002863
:105D8000ECD1019BADB26B432360E7E7006CDC0212
:105D90002DE9F04F83B043688146D3E900BA0E463F
:105DA000144600AFCDB2D2B96C4688B06A46B94B42
:105DB0004FF4E2510593B84BB84806934FF4007383
:105DC000ADF81C30B64B6FF0150842F8103F06F0E6
:105DD00052FCA54640460C37BD46BDE8F08F08464C
:105DE0007B60FFF74DFE7B688046B10EC0B16C460C
:105DF0008AB06A46AB4B08950593A74BA748CDE9F7
:105E000006314FF40073ADF82430A74B4FF43151F5
:105E100042F8103F06F02FFCA5466FF08508D9E741
:105E2000082900F27381DFE811F009001300760001
:105E3000C500DE00E400EE005C016901DBF814300F
:105E4000227823F0800343EAC213CBF81430C1E771
:105E5000D9F80430A1789A681D68D2F8803061F3CF
:105E60000303C2F880306378002B3AD02B6BDFF845
:105E70003C9243F00102DBB243F001032A632B633F
:105E800001F030FE0646AB6FA3B101F02BFE831B81
:105E90004B45F8D96C4688B06A46854B5361854BB3
:105EA00093614FF4007393837D4B4FF4E25142F8BA
:105EB000103FE9E0EA6BA3886FF30F021343EB6333
:105EC00001F010FE0646DFF8E491AB6F4BB101F034
:105ED00009FE831B4B45F8D96C4688B06A46764B61
:105EE000DCE7EB6A227803F07F0343EAC213DBB2FC
:105EF000EB6201F0F7FD04466C4EAB6F002B3FF4F4
:105F000069AF01F0EFFD031BB342F6D96C4688B0D0
:105F10006A466A4BC2E72679D9F804300B2ED3F8CB
:105F200000901EDC9B6803EB850ADAF8843033436B
:105F300043F04003CAF8843001F0D4FD8346DAF818
:105F400084305B060DD401F0CDFD584AA0EB0B0365
:105F50009342F4D96C4688B06A46594B0593594B25
:105F60009EE70B2ED8BF002609F1440252F82530D7
:105F70002188C8BF0B3E61F3090342F8253009F1BF
:105F8000480252F82530A17809F1400961F3050370
:105F900042F8253059F82530E278C8BF360223F49C
:105FA000F063C8BF06F4E06643EAC2131E4349F833
:105FB00025600FE70623B5FBF3F2D9F8041003FBC5
:105FC000125308683F214C30D2B2DBB250F8225055
:105FD000DB00994025EA0105217801FA03F32B4300
:105FE00040F82230F6E6237803F00303CAF81030B5
:105FF000F0E6DAF81C30227823F0800343EAC2137B
:10600000CAF81C30E6E6D9F804A0012DDAF8081029
:10601000D9F8106001EB85010A6A238822F4005246
:1060200022F00F024FEA02424FEA124201D0FF2B48
:1060300001D842EA0342E378A07803F00F0343EA71
:10604000403313430B6201F04DFD8146DFF85CB035
:10605000DAF808305B68002B3CD001F043FDA0EB80
:1060600009035B45F4D96C468AB06A46164B4FF477
:1060700011510593154BCDE906354FF40073ADF87A
:106080002030134B42F8103F044806F0F4FAA546BE
:10609000A0E600BF43F9000CE802010CFCDD000C97
:1060A0000300000162F9000C05000001BFD40100EB
:1060B0008CF9000CC002010CC1F9000CF4F9000CC1
:1060C0005FFA000CAC02010C29FA000C9402010CDE
:1060D00004000001002D7FF47DAEE37886F83A30AD
:1060E00078E69B68C6F3052603EB8603D3F8802089
:1060F000217861F30302C3F880206BE6D968237826
:10610000CA6822F0FF021343CB6063E60121024A12
:10611000024804F0D8F980E6A6FA000CFCDD000C79
:106120002DE9F04782B00023D0F80480D0F810A009
:1061300000AF06460846894615467B60FFF7A0FC7F
:106140000446A8B16C4688B06A46414B5361414B46
:10615000414893614FF400739383404B4FF4E251F5
:1061600042F8103F06F087FA6FF08500A54616E06A
:106170004946304606F082FA02280ED14FEA99636A
:106180005FFA89F1092B5DD8DFE803F00513181DCC
:106190002210373D4A4ADAF8004000202C600837C8
:1061A000BD46BDE8F0874FF48064F6E74FF4004445
:1061B000F3E729463046FFF7C7FDF0E72A463046A9
:1061C00006F0E5FAEBE72A463046FFF7E1FCE6E7A2
:1061D00073685A68136903F00303012BE3D0991E17
:1061E0000129E3D8D46914F00204D6D0032B14BFDC
:1061F0004FF400444FF48064CFE72B460C22304626
:10620000FFF7FCFCCBE7D8F80830C9F3052909F102
:10621000200953F829100C222B4601F00F01EEE75C
:106220000C22002130463B1DFFF7E8FC0028B6D1C8
:10623000D8F80C307C68DB6813F0FF03ADD0B4FBFA
:10624000F3F4AAE76C4688B06A46054B7EE700BFC8
:106250008CFA000C8002010CFCDD000C0300000134
:10626000A2FA000C2DE9F84FD0F804A0D0F8108065
:1062700000AF0846DAE9006B0D46DAF80890CCB2B8
:10628000FFF7FEFBA8B16C4688B06A46484B5361E5
:10629000484B4FF4E25193614FF400739383464BA4
:1062A000464842F8103F06F0E6F9A5466FF0850033
:1062B0000DE0AB0E092B75D8DFE803F0050C1127B4
:1062C00074464D5A7465736923F002037361BD46C9
:1062D000BDE8F88FF36A23F00203F362F7E7403674
:1062E00056F8243023F0020346F824300123D8F86E
:1062F0003020A34022EA0302C8F83020D8F82C202E
:1063000022EA0302C8F82C20E1E70622B4FBF2F3EC
:10631000DDB202FB13434FF0FF320133DBB202EB7D
:10632000C30301224C3656F8251002FA03F321EA82
:10633000030146F82510B8F838300634A24023EAA5
:106340000203A8F83830C2E7DBF81C3023F0020360
:10635000CBF81C30BBE724B96C4688B06A46184BB2
:1063600095E709EB8404236A23F480732362AEE784
:10637000C5F3052509EB8509D9F8803023F04003E2
:10638000C9F88030A3E70121DAF80C30C5F30552D3
:1063900003EB8203DA6BC5F38535A94022EA0102DB
:1063A000DA6394E70121074A044804F08CF87DE79A
:1063B0008CFA000C5A02010C03000001FCDD000CF9
:1063C000C1FA000CA6FA000C2DE9F0474FF00108C5
:1063D00043680669D3F8009000AF09F1400252F813
:1063E00021300C4643F0020342F8213001F118033A
:1063F00008FA03F801F076FB0546DFF858A0D9F853
:10640000103038EA03031CD001F06CFB431B5345EA
:10641000F5D96D468AB06A460F4B10480593104B6C
:106420004FF41151CDE906344FF40073ADF820302C
:106430000C4B42F8103F06F01EF96FF07300AD46AA
:1064400005E001220020F36AA2401343F362BD4637
:10645000BDE8F087FF0D2707EDFA000CFCDD000C0E
:106460006803010C040000012DE9F84F0546D0F83F
:10647000048000AF08460C46FFF702FB0646A8B1B1
:106480006C4688B06A467B4B53617B4B4FF4E251BC
:1064900093614FF400739383784B794842F8103F2F
:1064A00006F0E9F86FF08506A5461BE02146284670
:1064B00006F0E4F8022819D16C4688B06A46714BA0
:1064C0004FF4E65105936C4B6D4806934FF40073FF
:1064D000ADF81C30694B6FF0770642F8103F06F0BC
:1064E000CAF8A5463046BD46BDE8F88F6A68A00EDA
:1064F00011689368092800F28280DFE800F0053512
:106500003A5380585E6880734B6943F002034B61D5
:106510004FF00009DFF870B1C4F3076303F0FC0328
:10652000142B40F08680D8F80430DB68DB07D9D420
:10653000D8F814304B4500F284806C4688B06A4627
:10654000524B4FF4E25105934B4B4D4806934FF499
:106550000073ADF81C30494B6FF0730642F8103FE2
:1065600006F089F8A546BDE7CB6A43F00203CB628B
:10657000CEE70F20E1B24B1C2A6903EB43035B001B
:1065800000FA03F3108F034205D02846FFF71CFFE3
:106590000028BDD048E0012303FA01F1136B0B433F
:1065A0001363B5E72846E1B206F048F9F0E7526810
:1065B000D36943F00203D361AAE714F0FF02A7D026
:1065C00003EB82031A6A42F480721A62A0E7C4F3F2
:1065D000052203EB8203D3F8802042F04002C3F887
:1065E000802095E7D268C4F3055302EB83020123B0
:1065F000D16BC4F3853083400B43D36388E76C468B
:106600008AB06A46224B4FF411510593214BCDE9D4
:1066100006304FF40073ADF820301F4B184842F895
:10662000103F06F028F8A5466C4688B06A461B4B1A
:106630002AE72146284606F021F802287FF478AFA1
:1066400050E7174B1B785BB1FBF752FE154B1B58FD
:1066500033B10A20002106F038FE09F101095BE799
:1066600001F040FA824601F03DFAA0EB0A035B45D7
:10667000F9D9F2E78CFA000C4C02010C030000017E
:10668000FCDD000C08FB000CBFD4010068FB000C13
:1066900022FB000C4302010C040000014AFB000C29
:1066A00069130020080000002DE9F04143682F4ADB
:1066B0001D6804696B69487A1A400B7C00021B064E
:1066C00000F4706003F040730343087A00AFC00128
:1066D000C0B203438878400100F020000343887A69
:1066E000000100F010000343C878C00000F008006B
:1066F00003434878800000F004000343087840001A
:1067000000F00200034313436B614B6823600B7876
:1067100003B301F0E7F90646DFF854802B69DB0785
:106720001BD401F0DFF9831B4345F7D96C4688B0D1
:106730006A46104B4FF4E25105930F4B0F480693F6
:106740004FF40073ADF81C300D4B42F8103F05F0CC
:1067500092FFA546BD46BDE8F081636B43F48053CC
:106760006363238F43F001032387F3E741F0FFFCCA
:10677000FF0D27077DFB000C5803010CFCDD000C0E
:10678000030000012DE9F04706690C46338F00AF86
:106790009D0614D56C4688B06A46864B4FF4E65188
:1067A0000593854B06934FF40073ADF81C30834B73
:1067B00042F8103F824805F05EFFA546CDE096F80E
:1067C0003A30052B00F0AB8043681D689A68EB6A8D
:1067D00023F00203EB628B78012B67D10978736B8E
:1067E000CB40D80713D46C468AB06A46754B0593E4
:1067F000714BCDE90631032308934FF40073ADF8D4
:106800002430714B4FF4335142F8103FD2E7D2F8A5
:106810008030DFF8B8A161F3030343F04003C2F80E
:10682000803001F05FF98046DFF8A491DAF880301B
:106830005A0600F1958001F055F9A0EB08034B458D
:10684000F4D96C4688B06A46624BA7E02B6B62793C
:1068500003F0490343EAC213A279DBB2520102F00A
:1068600020021343E279DFF86891120102F010026E
:106870001343227A920002F004021343627A520018
:1068800002F00202134343F001032B6301F02AF9E3
:106890008046AB6F53B101F025F9A0EB08034B45DF
:1068A000F7D96C4688B06A464B4B77E0EB6AE278E2
:1068B00003F07F0343EAC213DBB2EB626278EB6A58
:1068C000520002F0020203F0FD031343EB6201F0F9
:1068D00009F98046DFF8F890AB6F53B101F002F987
:1068E000A0EB08034B45F7D96C4688B06A463B4B92
:1068F00054E06378002B30D001F0F4F88046DFF8E4
:10690000E0902B69DB051ED401F0ECF8A0EB080346
:106910004B45F6D96C4688B06A46324B3EE06D4630
:1069200088B06A46304B4FF4E6510593224B244819
:1069300006934FF40073ADF81C30204B42F8103F23
:1069400005F099FEAD4663783BB1736B43F4005399
:106950007363338F43F020033387BD46BDE8F08770
:10696000A37AEA6BA1891B0403F4FE036FF31602FA
:106970000B431343EB6301F0B5F88046DFF850900A
:10698000AB6F002B3FF462AF01F0ACF8A0EB080056
:106990004845F5D96C4688B06A46144B5361064B9E
:1069A0004FF4E25193614FF400739383034B42F829
:1069B000103FFFE696FB000C4503010C03000001AD
:1069C000FCDD000CC7FB000C0500000100000144C9
:1069D000BFD401006CFC000C8CF9000CF4F9000C25
:1069E000FF0D270750FC000C16FC000CC1F9000C31
:1069F0002DE9F04F83B0D0F810900D78D9F83060C1
:106A000000AFEE4016F001030C467B6040F0A18021
:106A100091F807B0D9F8343023FA0BF3DE0717D416
:106A20006C468AB06A46604B4FF4335105935F4B16
:106A3000CDE90635032308934FF40073ADF82430F5
:106A40005B4B42F8103F5B4805F015FEA54680E021
:106A50004368BBF10B0FD3F80080D3F810A01EDC05
:106A60009E6806EB8506D6F884204BEA020242F0C7
:106A70004002C6F8842001F035F80246D6F88400BA
:106A80003A6041060BD401F02DF83A684A49801A61
:106A90008842F3D96C4688B06A46484B77E008F1E3
:106AA000440252F825306189BBF10B0F61F30903F1
:106AB00042F825304346217B53F8482FC8BFABF13D
:106AC0000B0B61F30502C8BF4FEA0B2B43F82520DF
:106AD000C8BF0BF4E063A079C8BF7B60637908F19D
:106AE000400252F82510C002DB0100F46050DBB216
:106AF0007E6821F47E5103430B431E4342F8256018
:106B0000E2892F4BD8F86C1003EA0243228A6FF314
:106B1000DE11D20192B213430B43C8F86C3000F07F
:106B2000E1FF0646DFF890B0D8F878305A0614D561
:106B300000F0D8FF831B5B45F6D96C4688B06A46E7
:106B4000204B24E00122D9F83030AA401343C9F881
:106B500030300C37BD46BDE8F08F2379002BF8D0DC
:106B6000DAF81C30184E43F48033CAF81C3000F0B9
:106B7000B9FF0446DAF80C30DB05E3D400F0B2FFCD
:106B8000031BB342F6D96C4688B06A460F4B53617B
:106B9000064B4FF4E25193614FF4007393830C4B17
:106BA00042F8103F4FE700BF9CFC000C3603010C7D
:106BB00005000001FCDD000CBFD401005FFA000CF1
:106BC0000000FF7F11FD000CFF0D2707E0FC000C0B
:106BD000030000012DE9F04106240D780669B5FB9C
:106BE000F4FC328F05F1060822FA08F2D20704FB02
:106BF0001C5400AF18D56D468AB06A46274B0894DE
:106C00000593274B4FF43351CDE9063C4FF4007305
:106C1000ADF82430234B244842F8103F05F02BFDFB
:106C2000AD46BD46BDE8F08143684FEAC40ED3F8D7
:106C300000C03F23DCF84C2003FA0EF322EA0302E3
:106C40004B7903FA0EF31343CCF84C300B79CBB9E4
:106C50006E468AB06A46154B4FF433510593104B7C
:106C6000114806930623B5FBF3F3CDE907344FF43F
:106C70000073ADF824300B4B42F8103F05F0FBFCDD
:106C8000B546CEE7294605F0D9FD0028E0D101231D
:106C9000328F03FA08F313433387C2E73BFD000C3E
:106CA0002303010C05000001FCDD000C70FD000C4D
:106CB0002DE9F041056900AF2B8FDA0616D56C4639
:106CC00088B06A46344B4FF4E6510593334B069334
:106CD0004FF40073ADF81C30314B42F8103F31488F
:106CE00005F0C9FCA546BD46BDE8F08143680A7CB5
:106CF0005C68CB7B52009B0002F0020203F00403AD
:106D000013438A7B606902F0010220F007001343FD
:106D100003436361E36924480A7B18404B7A1202FB
:106D20009B0402F4706203F4701313430A7AD201D5
:106D3000D2B213434A78920002F0040213430A7855
:106D4000520002F0020213430343E3610B78002B6D
:106D5000C9D000F0C7FE0646DFF85080E368DB07C5
:106D600015D400F0BFFE831B4345F7D96C4688B0AD
:106D70006A460F4B4FF4E2510593084B06934FF4CC
:106D80000073ADF81C30064B42F8103FA7E72B8F7D
:106D900043F010032B87A6E7A7FD000C1003010C9E
:106DA00003000001FCDD000C79F0C3FFFF0D270795
:106DB000D6FD000C2DE9F04706690D78736B0C4683
:106DC000EB40DA0700AF17D56C468AB06A46514BE4
:106DD0004FF413510593504BCDE906354FF4007332
:106DE000ADF820304D4B42F8103F4D4805F043FCC4
:106DF000A546BD46BDE8F08791F807C0338F23FA5A
:106E00000CF3DB0713D46C468AB06A46454B4FF44B
:106E100033510593404BCDE90635032308934FF4D6
:106E20000073ADF82430404B42F8103FDDE7D0F856
:106E30000480012DD8F80820638A02EB8502116ACC
:106E400021F4745121F00F014FEA01414FEA114141
:106E500001D0FF2B01D841EA03416379003B18BF01
:106E6000012341EA4331237C0BB141F48051637D1E
:106E7000207ADB02800200F4806003F400630343A5
:106E8000207D0CF00F0C400243EA0C0300F400706C
:106E900003432079DFF894A0000200F480700343DC
:106EA0000B43136200F01EFE8146D8F808305B6881
:106EB000BBB100F017FEA0EB09035345F5D96C46B2
:106EC0008AB06A461A4B4FF411510593124BCDE923
:106ED00006354FF40073ADF82030104B42F8103FE8
:106EE00083E7AB1E092B0FD8E26806EB83035A60D9
:106EF0000122736BAA401343012D736302BF338FCA
:106F000043F00203338774E7002DF1D1E37986F86B
:106F10003A30EDE7F5FD000CFD02010C0400000124
:106F2000FCDD000C27FE000C05000001BFD40100B1
:106F300029FA000C2DE9F04F7D4B87B0DFF8F4E122
:106F400000AF0125C7E900E34FF4606930233946FB
:106F50004668044640F2011AC7E90293D0F810804F
:106F60003D61FFF7A1FB4FF40043C7E900A340F2E6
:106F70000713DFF8C4B139462046C7E902B33D61C3
:106F8000FFF796FEB368DFF8B4A11D7000F0AAFD0C
:106F90000546B368D3F80490B9F1000F1ED000F095
:106FA000A1FD431B5345F4D96C4688B06A46644B37
:106FB00064480593644B4FF4E25106934FF4007319
:106FC000ADF81C30614B42F8103F05F054FB6FF0F8
:106FD0007300A5461C37BD46BDE8F08F0523032688
:106FE000DFF86CB188F83A3001254FF006084FF011
:106FF000020A14220021381D06F01BFB39462046E8
:1070000087F80780C7F800B07D823D71FFF7D2FE98
:1070100014220021381D06F00CFB4E4B3946204649
:107020003B6087F80780A7F812A03D71FFF7C2FE0A
:1070300014220021381D06F0FCFA474B39463B600C
:1070400007232046FB717D823D71FFF7B3FE40F2BE
:107050000113C7E900394FF4803339462046BB603D
:10706000BD81FFF78FFB3D4A3D4B4FF47001C7E9EF
:10707000002303232046C7E902133946C7F81090BE
:10708000FFF7B6FC40F6010336483946C7E900036E
:107090002046FFF79FFD41F201434FF40068DFF8FF
:1070A000C8C039462046C7E900C3FFF793FD2F4B00
:1070B00039462046C7E90038FFF78CFD2C4B39468E
:1070C0002046C7E90038FFF785FD2A4B39462046A0
:1070D000C7E90038FFF77EFD274B39462046C7E950
:1070E0000038FFF777FD013E7FF47EAF63683246DC
:1070F0005B68204621491D612B4605F0C7FB2B46E6
:10710000524620461E4905F0C1FB2B46324620461A
:107110001C4905F0BBFB2A4620461B4905F0CBFB6A
:1071200020462A46194905F0C6FB304652E700BF03
:10713000001BB7000100000100000101BFD40100E5
:107140007AFE000CFCDD000C3302010C0300000190
:1071500000FFFF1B01FFFF1B02FFFF1B00C0FF0B17
:107160000100010C00FFFF0F01FFFF0F02FFFF0FE7
:1071700003FFFF0F04FFFF0F05FFFF0F30E7FF1FA7
:1071800037EEFF1F35ECFF1F3E7F34240E3F0524F2
:1071900008B5074805F021FD38B10648FBF700FBAC
:1071A0000448F9F7C1FE002008BD6FF01200FBE7AC
:1071B00010D8000CB971000C0A2838B50446074DE8
:1071C00004D1AB680D2128465B689847AB6803483B
:1071D0005B68E1B29847204638BD00BF10D8000C6C
:1071E0002DE9F04305460E461446984685B00769DA
:1071F000D0F8049010220021684606F01AFA7D604B
:1072000099F80830B4F5001F8DF80230BB6818BF3C
:1072100044EA0804F34003F001038DF80330D9F881
:107220000430B4F1107F0293194B8DF80160039381
:10723000019722D00AD8B4F5001F18D015480121B3
:10724000154A03F040F96FF0150013E0B4F1A86F90
:107250001AD007D8B4F1507F18D0B4F1886FEDD1AF
:1072600004230BE0B4F1E86FE8D1032306E068469D
:10727000FDF710FC05B0BDE8F083052368468DF8E6
:107280000030FDF7ABFCF5E70123F7E70223F5E754
:1072900079C9000C0CDE000CD2FE000C10291FB5C1
:1072A00028BF10210C460C4BD3F8E02112BA0092F3
:1072B000D3F8E42112BA0192D3F8E82112BA02926B
:1072C000D3F8EC310A461BBA6946039306F0A4F9D9
:1072D000204604B010BD00BF0070000A0346F0B5A0
:1072E00053F8186D0546726885B0D16892685C1ACB
:1072F000154BE4105C430C236343D718D0583979FD
:1073000005F0BEFB031E08DA012100930F4A234655
:107310000F4803F0EBF805B0F0BD15F9082C9A42C0
:10732000F9D04FF0FF304FF0FF3105F8083C3A89B3
:10733000CDE902010121003B18BF01233046009135
:10734000FDF7C4FAE7E700BF398EE33832FF000CDF
:1073500004DE000C2DE9F04F85B045684FF00009C0
:10736000EB6802AF18331E4638607B606B684B4594
:1073700005DC2B7D002B40F0A380002422E00C23B1
:1073800003FB09F8AC6854F8080004EB080B05F09F
:1073900024FC54F808400346C8B921686C4688B0FC
:1073A00002AA4B48C2E905014FF400719183494993
:1073B00042F8101F4FF4E2514748FAF761F8A5462A
:1073C0006FF0120420460C37BD46BDE8F08FBBF8C5
:1073D00006E09BF804104EF480324FF0010C206957
:1073E0000CFA01FC03681EF0010FD4F808B014BFBA
:1073F00043EA0C0323EA0C030360DBF80030204669
:107400009847044638B14B46344A0090012132482F
:1074100003F06CF8D6E73B68304646F8183C29691B
:1074200005F031FE2B7D002B46D10123D5F808A0B5
:10743000A6F114010AEB080B9BF8042003FA02F2F0
:10744000274B46E904325AF808008268D46964B1CF
:107450000122A047041E0BDA0121224A1E4803F034
:1074600032F8214A4B460094D0E76FF05704F3E717
:107470009BF804105AF8080005F002FB06F8080C07
:10748000BBF806305AF808009BF8041003F04003DC
:10749000826894696CB14FF0A07243F0C063A0475A
:1074A000041E09DA01212346104A0B4803F014F8A0
:1074B000D7E76FF05704F5E709F10109483655E7BA
:1074C0000A232A687868A2FB032301F013F954E722
:1074D000DCE3000C0300000104DE000C4EFF000C96
:1074E000A9CA000C6EFF000C8AFF000C91FF000C73
:1074F0002DE9F04300250127DFF8E0E000F1020C60
:10750000EBB2994202D80020BDE8F08330F8254064
:107510003CF82560C4F3422804F00F03B8F1010FD2
:107520005EF82330C4F304122AD15BB303EB520894
:107530004FEA143998F8304012F0010F15BF04F0EB
:107540000F0404F0F00444EA091449EA040488F83A
:10755000304003EB020898F8404044F0010488F8FA
:10756000404016F0010F07FA02F803EB02040BD1BA
:1075700016F0020F0ED194F8409009F0FB090DE0CF
:10758000002BEED10135BBE7D3F8109048EA09098A
:10759000C3F8109094F8409049F0040984F84090A2
:1075A00094F8409016F0080F14BF49F0020909F052
:1075B000FD0984F840901C6816F0100F14BF48EACB
:1075C000040424EA08041C60DC6E07FA02F23606A2
:1075D0004CBF224324EA0202DA66D3E72CE1000C16
:1075E0000121024A024802F06EBF00BFC6FF000C34
:1075F00084DE000C70B5054600F074FA0446094EAE
:10760000EB69DB060CD000F06DFA031BB34203D923
:10761000BDE87040FFF7E4BF022005F0B8FAEFE7DD
:1076200070BD00BFBFD40100F7B50D4647680669BD
:10763000BC682368204623F002032360FFF7DAFFCB
:10764000EB79002B64D1F3712979022960D82046A7
:1076500005F07FFA2B7933716B79012B52D1636876
:1076600023F0400363602046FFF7C4FF6B7973711A
:10767000AB79042B4CD82B4A2046D35C626822F0AD
:1076800007026260626813436360FFF7B3FFAB7980
:10769000B3710023B86901938368DB6813B1396A59
:1076A00001AA9847019A2868002A34D05308010B90
:1076B0000005C01841F100010023F8F7A1FC4FF6C6
:1076C000FF72431E61F10001934271F1000125D266
:1076D0002368404280B223F460432360A0812B687A
:1076E000204633607B7B012B02BF236843F080037D
:1076F0002360236843F002032360FFF77BFF002031
:1077000003B0F0BD032B03D1636843F04003A9E746
:107710006FF08500F4E76FF01500F1E76FF02100DE
:10772000EEE700BF7503010C2DE9F34146680769D8
:10773000B069B468836896F80C801B68316A2BB90D
:107740006FF05705284602B0BDE8F081984705461E
:1077500010B110F1780FF5D1D6E9060183681B68E6
:10776000002BEDD09847054610B110F1780FE9D104
:10777000BF2323750023FB713379042B02D96FF0EB
:107780008505DFE7504A2046D35C626822F0070295
:107790006260626813436360FFF72CFF3379204611
:1077A000BB71717905F0D5F973793B71B379012B10
:1077B00079D1636823F0400363602046FFF71AFF26
:1077C000B3797B71B16832690B68120523F44C13ED
:1077D00002F440121A4373691B0403F44033134349
:1077E0000B60236843F000532360236823F01C03DD
:1077F000B8F1000F5ED023602368002143F080437E
:107800002360706A01AA05F05AF9051E9ADB019BF4
:10781000002219791868FFF76BFE0546002891D100
:107820006368204643F400336360FFF7E3FE636858
:10783000204643F480336360FFF7DCFEB069316AB1
:107840008368DB680BB101AA9847019A3068002A67
:1078500033D05308010B0005C01841F1000100238B
:10786000F8F7CEFB4FF6FF72431E61F10001934221
:1078700071F1000124D22368404280B223F46043B6
:107880002360A081336820463B60737B012B02BFDD
:10789000236843F080032360236843F002032360DE
:1078A000FFF7A8FE4EE7032B7FF469AF636843F050
:1078B000400381E743F004039DE76FF0150541E7BE
:1078C0006FF021053EE700BF7503010C4FF0E02388
:1078D0000D4A9969126818699B69002908BF114609
:1078E000002B08BF134610F4803F084801D199428D
:1078F00005D20168114401604FF0E0210969006878
:107900001044C01A704700BF281300202413002021
:107910002022094B002083F8232042F6E062074B27
:107920001A60074B42F6DF6218604FF0E0235A619D
:10793000072298611A61704700ED00E028130020CB
:1079400024130020684620F007018D4619B5FFF783
:10795000BDFF1449144B0868D3E90042001942F1F5
:107960000002C3E9000200230B6042F6E0630F4A05
:10797000D2E90041001BB0FBF3F043431B1941F176
:107980000001C2E90031EFF31181202383F3128853
:10799000BFF36F8F01F08EFBFAF73CFCBDE8194096
:1079A0008546704724130020700D0020680D0020CC
:1079B0002DE9F041374E89B1421C0AD14FF0E02247
:1079C000136923F0010313614FF07F433360BDE877
:1079D000F0813568012806DC00240AE0431C356884
:1079E000F8D140F2755040F276539842A8BF18463D
:1079F000441EEFF31187202383F31288BFF36F8FA8
:107A0000FFF764FF4FF0E0232349D3F818C0D1E912
:107A1000002380184FF0000243F10003C1E9000386
:107A20001E4B1A601E4B1A68831A2DD442F6E06E64
:107A300042F6DF6814FB0E841C44B4FBFEF4131AF8
:107A40000EFB0433B3F5806F38BF4FF48063154AE3
:107A5000934228BF13464FF0E0223360013B946904
:107A600053610023A4459361ACEB0400D1E90032DB
:107A70000DD20544EB1842F10002C1E9003287F350
:107A80001188BFF36F8FA2E74FF48063E3E7C31859
:107A9000F1E700BF28130020700D00202413002000
:107AA000680D002060CCFF0038B5EFF3118520236E
:107AB00083F31288BFF36F8F084B1C68084B1B6859
:107AC000E41AFFF703FF85F31188BFF36F8F42F6C7
:107AD000E0632044B0FBF3F038BD00BF700D002020
:107AE000680D002038B5EFF31185202383F3128849
:107AF000BFF36F8F044B1C68FFF7E8FE85F3118816
:107B0000BFF36F8F204438BD700D002010B50446C0
:107B1000F9F7E8FB03480121034A02F0D4FC2046B0
:107B200005F066F86CDE000C1200010C2DE9F8433C
:107B300004460D4600AFEFF31188202383F312882B
:107B4000BFF36F8F04282A4A98BF2A4BE9468AB0B0
:107B50009668117C98BF53F820306A4688BF264B40
:107B6000CDE9073140F201332448ADF82430244BED
:107B7000CDE9050442F8103F00234FF4315121486C
:107B8000F9F77EFCCD4645B1EB69C3F3080323B199
:107B900001211D4A1B4802F096FC2EB1304605F02B
:107BA000B2FA08B1037803B91848E9468AB06A46C0
:107BB000174B0790CDE9053640F20133ADF8203080
:107BC000144B42F8103F00234FF411510D48F9F7C0
:107BD00057FC2946CD462046FFF798FF88F31188C9
:107BE000BFF36F8F3046FAF725FBBD46BDE8F8833B
:107BF0002C13002074E1000C2100010C3700010C53
:107C0000050000016CDE000C5F00010C2F00010C70
:107C10008000010C0400000138B50A4B53F82040E5
:107C2000013053F82050A54200D838BD606830B10B
:107C3000037EDB0701D404F0B8FF0834F3E72368C0
:107C40009847FAE788E1000C012270B5294B86B00D
:107C500003201A70FFF7E0FF01F0E2FB0420FFF7BA
:107C6000DBFF254C254D2646AE4204F130040FD3F0
:107C700001F0A6F8204CAC4226D301F0B5F8F8F795
:107C800081FC1F4A938923F00103938106B070BDE4
:107C900054F80C3C059354F8103C049354F8143CED
:107CA000039354F8183C029354F81C3C019354F885
:107CB000203C009354E90A2354E90C0100F020FD14
:107CC00054F8303C5E65CEE7D4E90A23B3F1FF3FB8
:107CD00008BFB2F1FF3F05D052EA0301206803D18B
:107CE00000F058FD3034C6E70649183001F052F96B
:107CF000F8E700BF6913002070DD000CA0DD000C68
:107D0000000E00202DD2000C882370B5134E0122E6
:107D100003FB0066002386B0CDE904230F22019304
:107D2000CDE9023214234FF4A0720D4D0D4903FB2F
:107D30000055044602FB00110B4B3046009500F045
:107D4000DFFC337C2C7423F004033374074B0134C1
:107D500003EBC423EE606B6006B070BD780D0020AD
:107D60002C130020702A002081CD000C70220020EE
:107D70007FB50020FFF750FF2C4B83F308880025C8
:107D8000E0232B4C84F82230E57725766576A576BE
:107D900084F82050E576636A43F4E0236362636A03
:107DA00043F400236362A563E3689BB243F0BF63BF
:107DB00043F40833E360FAF74BF9FAF725FA4FF08A
:107DC000FF33A362E362FAF715FCFAF797FAF9F7C3
:107DD000EDF9184800F0D2FC0120FFF71DFF02204A
:107DE000154CFFF719FF00F0E3FF144B4FF48062CE
:107DF0005C61134B1349059301232046CDE90353DE
:107E0000CDE90155104B009500F07AFC0646237C25
:107E1000204623F00403237405F0D0F92846FFF729
:107E200073FF31462046084AFAF7D2F9702A00203B
:107E300000ED00E0300F0020000E00202C13002089
:107E4000C9E4000CB02B0020497C000C38B5064C6E
:107E5000064DAC4201D3002038BD2046D4E90112C2
:107E600004F010FF1434F4E7580300206C030020E2
:107E700030B5054B85B0DDE908450293CDE90045F5
:107E800004F0BEFE05B030BD3F9C000C38B5074C79
:107E9000074DAC4201D3002038BD204604F016FF48
:107EA00008B91C34F5E76FF01500F5E73C03002036
:107EB0005803002073B50C46EFF31181202585F39C
:107EC0001288BFF36F8FC5685DB125602B68C360F2
:107ED000836901338361002081F31188BFF36F8FC1
:107EE00011E052EA030603D16FF00B002560F3E7BF
:107EF000CDE900230246083000F064FE18B9034BB8
:107F00009B685B69236002B070BD00BF2C1300202A
:107F1000F7B50D4604469DF82010EFF31187202099
:107F200080F31288BFF36F8F266AE068864240D2E2
:107F30002668B4421AD0CEB1304604F02CFF06F1C8
:107F4000180005F063FA2946002554F8082F7069D7
:107F500005F062FB3046C6F8805005F02FF9204648
:107F6000394605F089F9284603B0F0BDA268A9B1E9
:107F70002946E06905F050FBE369A2681344626991
:107F8000E361934201D12369E3610020236A013355
:107F9000236287F31188BFF36F8FE5E7A069236938
:107FA0002946984208BF6069801AA06105F034FB39
:107FB000EBE752EA03010BD0074904F10800896896
:107FC0004D61CDE900233946224600F0FBFDCBE7A9
:107FD0006FF02200DDE700BF2C130020F7B5044648
:107FE0000846EFF31186202181F31288BFF36F8FCB
:107FF000216A00293BD0A268A16905F00DFBA369A5
:10800000A268256813446269A361934204BF23698F
:10801000A361236AAC4203F1FF33236236D02846C2
:10802000002D34D0002704F0B6FE05F1180005F04D
:10803000EDF96969A268E06905F0EEFAE369A26802
:10804000284613446269E361934204BF2369E361F4
:10805000236A01332362C5F8807005F0AFF804F19C
:108060000800314605F008F9384603B0F0BD52EA81
:10807000030111D00A4989684861CDE900233146DE
:10808000224604F1080000F09DFDEEE7002086F393
:108090001188BFF36F8FE8E76FF02200F7E700BFAA
:1080A0002C1300202DE9F341044617461E46EFF33A
:1080B0001188202383F31288BFF36F8F304BC2687F
:1080C0009B6872B18068984217D057EA060216D1B1
:1080D00088F31188BFF36F8F6FF00F0002B0BDE817
:1080E000F08193F90E1001322161C4E9023288F364
:1080F0001188BFF36F8F0020F0E72169F3E793F950
:108100000E1090F90E30994230DA9942A8BF194604
:1081100004F055FE054622464146CDE90076194851
:1081200000F050FD0028E6D0EFF31186202383F302
:108130001288BFF36F8FA068D0B1236821699C4279
:108140000AD04BB193F90E309942A8BF19466FF08F
:108150007F039942B8BF194604F031FE40B1314661
:10816000084805F089F86FF00A00B7E70025D2E764
:10817000002DF4D186F31188BFF36F8FF3E700BFB2
:108180002C1300206A130020F8B583680546002BE5
:1081900040D0234A926893423FD1C368012B03D950
:1081A000013BC3600020F8BDEFF31187202383F368
:1081B0001288BFF36F8F0169806804F000FE2C689D
:1081C000A54207D10023C5E9023387F31188BFF325
:1081D0006F8FE7E7002CF5D0D4E90032002613605A
:1081E0005A60237CC4E9006623F002032374A6606E
:1081F00004F1180005F00AF9AC6094F90E3020463D
:108200002B61C4F8806004F0D9FF3946054805F0B9
:1082100033F8C7E76FF01500C5E74FF0FF30C2E74E
:108220002C1300206A13002037B51146EFF3118597
:10823000202282F31288BFF36F8F04689CB12368F9
:10824000426823F003039442036008BF43600121A6
:10825000204604F038FE044685F31188BFF36F8F83
:10826000204603B030BD51EA0302F5D000F1080208
:10827000CDE900131046294600F0A4FC0028EFD1F8
:10828000014B9B685C69EBE72C13002070B5EFF3A2
:108290001186202383F31288BFF36F8F0468A042F6
:1082A0001BD0D4B1D4E90032002513605A60237C7E
:1082B000C4E9005523F002032374A56004F11800FB
:1082C00005F0A4F82046C4F8805004F077FF31464A
:1082D000BDE87040064804F0CFBFD0E902329A42B0
:1082E00018BF0133836086F31188BFF36F8F70BDB1
:1082F0006A13002013B5EFF31181202484F3128850
:10830000BFF36F8F846844B1013C846081F31188AE
:10831000BFF36F8F002002B010BD52EA030406D1F4
:1083200081F31188BFF36F8F6FF00F00F3E7CDE992
:1083300000230246014800F045FCECE76A130020E8
:1083400007B5074B4FF48062009306494FF0FF33A7
:10835000054800F031F9002003B05DF804FB00BFD0
:10836000A0E1000CB02F0020880E00202DE9FF4175
:1083700004462027534EEFF3118887F31288BFF38A
:108380006F8FD4F88C50F5B9022104F1A40004F0E9
:10839000D3FD002870D004F19C050022012128465D
:1083A00004F0F1FF0028F8D100234FF0FF320293D0
:1083B0004FF0FF334146CDE90023434804F19402D6
:1083C00000F028FDD7E7D4F890202B689542C4F838
:1083D0008C3008BFC4F89030D4F8A43043F00203C6
:1083E000C4F8A430EB6823F0040343F00103EB600E
:1083F0006B6888F31188BFF36F8F28469847EFF3B7
:10840000118887F31288BFF36F8FEB68D80623F0CB
:1084100001023ED4EA60EB689A0717D5306823F072
:108420000203EB6090B10021036878B14268954285
:108430003DD10368002934D172683360904200D185
:108440007360002340F8083BFFF720FFD4F8A43006
:1084500023F00203C4F8A430DB0530D4D4F88C3008
:10846000003B18BF012388F31188BFF36F8F002BE7
:1084700081D004F069FE7EE7D4F8A430D90693D504
:10848000C4F8A40088F31188BFF36F8F04B0BDE86F
:10849000F08123F01103EB6005F11000FFF7F6FE09
:1084A000B9E70B607368984208BF7160C9E701467D
:1084B0001BB11A6818461346B7E71A46FAE70023B5
:1084C000D1E700BF4C1300206A13002070B5C368C9
:1084D0000546C3F340069B070C460DD5012200213B
:1084E00004F1080004F01CFD00232360054B6560C7
:1084F0005A681AB9C3E90044304670BD14605C6024
:10850000FAE700BF4C130020F8B5C36804469A0789
:108510000E46C3F3400542D45F0742D40B680BB943
:1085200083680B60E368D80742BFA3680225336005
:10853000376858BF012557B31B4B9A68D7F8883066
:108540009A421ED104F0D6FD80F00100C0B2D7F8E7
:10855000A430D907C3F380021CD5F2B1F8B10023CF
:108560002360D7F8903073B9C7E92344384604F044
:10857000FDFCE36843F00403E3603368A36028462E
:10858000F8BD0020E3E71C60C7F89040EEE76FF00D
:10859000150506E06FF0120503E01B07DFD56FF04D
:1085A0000F0500233360EAE72C1300200146014841
:1085B00004F059BD880E0020F0B50446002089B0B3
:1085C0000E9DC4E9230004F19400C4E9250004F1E0
:1085D0009C00C4E9270055B32879002840F2011017
:1085E00008BF0120C4F8A40000204FF0FF364FF070
:1085F000FF37CDE90330CDE90100CDE9066720461C
:108600000C4B009400F0EAF855B1296811B12046EE
:1086100004F076FD6B791BB1A38943F00103A381BC
:10862000204600F0B7F8C4F8884009B0F0BD01203A
:10863000D8E700BF6D83000C37B501900846EFF313
:108640001184202181F31288BFF36F8FC16811F06C
:108650001E0F16D153EA020508D101A9FFF754FFF6
:1086600084F31188BFF36F8F03B030BD41F0080170
:10867000C160019910308161034900F08BFC012039
:10868000EEE70020ECE700BFE1CF000C0146014817
:10869000FFF7D2BF880E0020F7B50C4616461D46E0
:1086A0000190EFF31187202383F31288BFF36F8FBC
:1086B000084604F04CFC55EA060309D1204601A9FE
:1086C000FFF722FF87F31188BFF36F8F03B0F0BD70
:1086D000E368324643F00803E360019B0449A36268
:1086E00004F110002B4600F055FC0120EAE700BF22
:1086F000E1CF000C01460148FFF7CEBF880E0020F5
:108700002DE9F043984685B000F15803C0E91633CF
:10871000109B002683810423073222F0070503748F
:108720000F9B01EB05090F4683734946C0E90666B6
:108730008660C6730446F9F7B9F90E9B073020F03E
:1087400007002067C4E91A7502930D9BA9EB000985
:1087500001930C9B4A460093394643462046F9F75D
:108760001BFD054B66659B6803B15B6F48466367FD
:1087700005B0BDE8F08300BF2C1300200123037473
:1087800083810023C0E91A334367014B9860704727
:108790002C13002038B50446EFF31185202383F312
:1087A0001288BFF36F8F037C5B070FD5183004F07E
:1087B0002DFE237C204623F00403237404F00DFDDA
:1087C0002946BDE83840044804F056BD85F31188B9
:1087D000BFF36F8F38BD00BF6A130020F0B50025CE
:1087E00087B00595109DDDE9127604950F9D04462E
:1087F00003950E9D02950D9D01950C9D0095FFF72B
:108800007FFFB6F1FF3F08BFB7F1FF3F05D056EA43
:10881000070305D12046FFF7BDFF204607B0F0BD96
:108820003A46334604F11800014900F0B3FBF4E77F
:108830002DD2000C6FF00A01094A9368C3F880102A
:108840000849D8674B6843F080534B60002383F39B
:108850001188BFF36F8F9368D3F88000704700BF13
:108860002C13002000ED00E038B590F910200146EF
:10887000002A037C04DA03F07F03037404F066FC2F
:108880000D4D2A4652F8184FAB68944200D004B9F7
:10889000EC688B4207D01A7CD20604D1DA897F2A91
:1088A00001D9A2692AB1A34202D0204600F0F4FA0D
:1088B00023466B6138BD00BF2C13002070B590F9C2
:1088C0001020037C002A2FDBD9062DD11A4C63F02F
:1088D0007F032246037452F8183FE169934207D19F
:1088E000C0E900210860E0610FE09942F8D01B6800
:1088F000002BF5D093F90E6090F90E50AE42F4DDE6
:108900005968C0E9003108605860A569954200D0F7
:1089100005B9E568A3681A7CD20606D1DA897F2AF0
:1089200003D9AA690AB9636170BDAB4202D0284677
:1089300000F0B2FA6561F7E72C130020034648B94E
:10894000EFF3058232B9064A51699268914201D02B
:10895000FFF770BF83F31188BFF36F8F704700BFBD
:108960002C13002038B5184CA168E0690B688142CF
:1089700014BF1A46002249680B605960A368E16978
:108980002AB9124AC3E900210B60E3610AE092F9B7
:108990000E5093F90E00854212DD5168C3E90021A3
:1089A0000B605360A569094B9D4200D005B9E5688D
:1089B000A3689D4202D0284600F06EFA656138BD7A
:1089C0008A42DED01268DBE72C130020441300201B
:1089D000002A2DE9F0470CBF4FF010094FF00809AD
:1089E000027C044619EA020F0E460F4628D149EAD6
:1089F0000203D20946D10374B9F1080F48D04FF0F1
:108A00000008DFF8F0A0534653F8185F9D4200D0ED
:108A10000DB9DAF80C50DAF80830AB4202D028462B
:108A200000F03AFAB9F1100FCAF8145008D02046F5
:108A300001F02EFEB8F1000F02D02F48FFF79EFE86
:108A40002C4B9B68A3424FD1EFF30583002B4BD1F6
:108A5000A289D20711D586F31188BFF36F8F83F3F4
:108A60001188BFF36F8F0423184602DFEFF31187DD
:108A7000202383F31288BFF36F8F3846BDE8F04799
:108A8000FFF7D8BE03F07F03037404F05FFBB3E786
:108A9000A36813B1204604F061FB04F1180004F050
:108AA000B5FCA56D04F15808A84511D04FF0000A97
:108AB00075B1284604F052FB05F1180004F0A6FC3D
:108AC0002846C5F880A0FFF7F9FEA56DA845EFD1AF
:108AD000084B9B689C4292D1EFF30588B8F10008DF
:108AE00018BF4FF001088CE786F31188BFF36F8F32
:108AF000BDE8F0872C130020300F002070B50F4D1B
:108B000006462B4653F8184F9C4200D004B9EC6837
:108B1000AB681A7CD20604D1DA897F2A01D9A2690E
:108B20002AB1A34202D0204600F0B6F923466B6179
:108B30003046BDE87040FFF701BF00BF2C13002096
:108B400070B5EFF31186202383F31288BFF36F8F84
:108B50001A4CA168E0690B68814214BF1A460022D2
:108B600049680B605960A368E1692AB9144AC3E9EE
:108B700000210B60E3610AE092F90E5093F90E00B8
:108B8000854216DD5168C3E900210B605360A56979
:108B90000B4B9D4200D005B9E568A3689D4202D009
:108BA000284600F079F965613046BDE87040FFF76E
:108BB00041BE8A42DAD01268D7E700BF2C130020EA
:108BC00044130020F8B5124B0C46DDE90676114639
:108BD0009868104A1060EFF31182202282F3128805
:108BE000BFF36F8F9D68284604F0C2FAB6F1FF3FCD
:108BF00008BFB7F1FF3F06D03A463346064905F1B4
:108C0000180000F0C7F92046BDE8F840FFF712BE93
:108C10002C130020541300202DD2000CF8B504466C
:108C2000EFF31187202383F31288BFF36F8F037C48
:108C300049B203F01F02002A0CBF0126002635D1DD
:108C400003F07F032A4D037404F080FA2A46037C64
:108C5000817363F07F03037452F8183FE86993420D
:108C600007D1C4E900200460EC610DE09842F8D01F
:108C70001B68002BF5D093F90EC08C45F6DD5968C2
:108C8000C4E900310C605C60AC69944200D004B966
:108C9000EC68AB689C4202D0204600F0FDF86C61A5
:108CA00087F31188BFF36F8F3046F8BD9B071CD543
:108CB000856804F04BFA81732B689D4209D16B687B
:108CC000C4E900531C606C60EAE76A689A42F6D017
:108CD0001B68002BF3D093F90E208A42F5DD5A6809
:108CE000C4E9003214605C60DAE78173D8E700BF42
:108CF0002C130020034648B9EFF3058232B9064A27
:108D000051699268914201D0FFF794BD83F31188B5
:108D1000BFF36F8F704700BF2C130020F8B550EAE7
:108D2000010306460C4603D104F00EFA0020F8BDFC
:108D3000EFF31187202383F31288BFF36F8F184D51
:108D4000184BA868186004F04AFAA868324623460F
:108D50001549183000F01EF9AB6804461A7CDF672D
:108D600042F004021A746FF00A02C3F880200F4A1E
:108D7000536843F080535360002383F31188BFF39B
:108D80006F8FAA68D2E90A12B2F1004F08BF994268
:108D9000CCD104F070FB201A20EAE070C7E700BFD6
:108DA0002C130020541300202DD2000C00ED00E005
:108DB000024B03F11802C3E9062270472C1300206E
:108DC000EFF31181202383F31288BFF36F8F054BDC
:108DD0009A68D37B013BD37381F31188BFF36F8F04
:108DE000704700BF2C130020EFF31180202383F382
:108DF0001288BFF36F8F034B9A68D37B0133D37311
:108E0000FFF77CBE2C130020014B9868704700BF11
:108E10002C130020D3B5DDE90667089CCDE9006777
:108E2000FFF7D0FE1CB1034B9B685B69236002B067
:108E3000D0BD00BF2C130020027C034612F01F029D
:108E400010D10A4988420DD00949086868B1D9890A
:108E50007F2909D893F90E20064B1B689A42B8BFA8
:108E6000002070470020704710467047780D0020A2
:108E700068020020581300200122044BC01A044B42
:108E8000C0105843034B1A54704700BFB80F00205E
:108E9000ABAAAAAA6A13002070B50C4B0C4D1E7C1D
:108EA000FFF7CAFF182303FB06550446284604F0C3
:108EB000ADFA0022074B9A553CB1621E2846BDE828
:108EC00070400549D31700F065B870BD2C13002021
:108ED000B80F00206A130020798E000C38B5EFF32C
:108EE0001185202383F31288BFF36F8F0F4B104A35
:108EF0009C681068A04206D1FFF7CEFF85F3118869
:108F0000BFF36F8F38BD00211B7C1160094AD35C11
:108F1000002BF3D02046FFF78FFF0028EED0237CF4
:108F2000DB0601D1FFF71EFD2046E5E72C130020EC
:108F3000541300206A130020024B1868984208BF9F
:108F4000002070476C020020034B1B680BB9FEF732
:108F5000ABBD0020704700BF5C13002030B570B17E
:108F60000B4B5B6898420AD0036843B1D3E90421F4
:108F7000D0E90445121941EB0501C3E90421D0E908
:108F8000003213605A600023C0E9003330BD00BFD7
:108F90006C020020B3F1FF3F08BFB2F1FF3F2DE9A3
:108FA000F84F0446994615461F467AD08160EFF384
:108FB0001188202383F31288BFF36F8FB9F1000F5C
:108FC000DFF8E4A020DBFFF7BFFFDAE90027013577
:108FD00049F100092D1849EBE07306464FF00109ED
:108FE000C4E90453AD1843EB0707FFF7A5FF034699
:108FF000DFF8B8E0DEF804A0EBB9C4E900EACAF88B
:109000000040CEF8044028E06FF00103DAE90012D6
:109010005B1A4FF0FF3161EB02025B1B62EB09024E
:10902000012B72F10001BCBF012300224FF00009A7
:10903000C0E90432D9E7D3E9041CD4E904208A4208
:1090400070EB0C0B24DA891A5A686CEB0000C3E948
:109050000410C4E9003214605C60FFF76DFF8442C5
:109060000ED1134B1B685BB9B9F1000F02D1FFF7AA
:109070006BFF0646304604F0B2F90021FEF798FC7B
:1090800088F31188BFF36F8F28463946BDE8F88F03
:10909000521A60EB0C005345C4E90420ADD01B68A4
:1090A000AAE700252F46EFE7D00F00206C02002032
:1090B0005C1300202DE9F047DFF8A8900246C9F8BC
:1090C00000000D46FFF738FF00260027DFF89880E4
:1090D0004FEAE27ED8E9001350B1D0E9044CA24235
:1090E0007EEB0C0A1ADAA41A6CEB0E06C0E90446F1
:1090F0000024521843EB0E032046C8E90023C9F8A8
:10910000004004F06CF92146FEF752FC85F311880B
:10911000BFF36F8FBDE8F047FFF7E0BE611843EB88
:10912000E473C0E90467C8E90013FFF717FF0122E1
:109130004FF00043C0E9042385F31188BFF36F8F1C
:1091400083689847EFF31185202383F31288BFF3D8
:109150006F8FD9F80020121BC9F80020FFF7ECFE32
:10916000B6E700BF5C130020D00F002010B5EFF36E
:109170001184202383F31288BFF36F8FFFF7E4FE7F
:109180000346054AD2E90001181841EBE37184F364
:109190001188BFF36F8F10BDD00F0020F8B50446C3
:1091A000EFF31187202383F31288BFF36F8FD0E989
:1091B0000423B3F1004F08BF012A04D087F31188BC
:1091C000BFF36F8FF8BDD0E90A566A1C46F1000361
:1091D000022A73F1000334D3013D46F1FF36002E1D
:1091E000BCBF00252E4604F04AF9013041F10001D0
:1091F000401946EB0101012871F1000148DB04F040
:109200003EF96FF00203013041F10001401946EBD5
:10921000010183426FF000438B413EDB04F02FF9E4
:10922000013041F100016FF00102401946EB0103EA
:109230004FF0FF31121A61EB030320461949FFF783
:10924000A9FE236B01332363236A63B187F311887B
:10925000BFF36F8F20469847EFF31187202383F3E6
:109260001288BFF36F8F54F8185FA542A6D0002D67
:10927000A4D0284603F0B5FF0023C5F8803087F35B
:109280001188BFF36F8F2846BDE8F84003F096BF02
:109290006FF001024FF0FF33CFE700224FF00043A1
:1092A000CBE700BF9D91000C2DE9F04105461C461F
:1092B00090461F46EFF31186202383F31288BFF3F5
:1092C0006F8FB4F1FF3F08BFB2F1FF3F05D186F3C6
:1092D0001188BFF36F8FBDE8F081002C09DB012AF4
:1092E00074F10003BCBF0122002412F1FF3844F1E5
:1092F000FF37284604F08AF8DDE906010023C5E9B6
:109300000A012B6342463B4628460249FFF742FECC
:10931000DDE700BF9D91000C70B50546EFF31184A9
:10932000202686F31288BFF36F8F04F06FF820B108
:1093300084F31188BFF36F8F70BD6B6A63B184F3E0
:109340001188BFF36F8F28466B6A9847EFF311843B
:1093500086F31288BFF36F8F05F1180003F076FFD4
:109360000028E5D003F02AFF2146BDE870400148FF
:1093700003F082BF6B13002073B50446EFF3118630
:10938000202383F31288BFF36F8F8368594003EA69
:1093900002050A4053400022009309496B4601929E
:1093A00003F0BDFFDDE9003223EA020304F10C0003
:1093B0003146A36003F060FF284602B070BD00BFD5
:1093C000ADD5000CF8B507460C46164603F092FEE4
:1093D00008B10020F8BD0D4B9B685D6F002DF8D0E3
:1093E000221DF6D2EFF31184202383F31288BFF3FA
:1093F0006F8F284647F00401B04784F31188BFF30C
:109400006F8F0028E5D040F8045BE3E72C130020C1
:109410000146024A0020FFF7D5BF00BF399C000C6F
:10942000014800F030BD00BFEE00010C0CB430B5B7
:109430008BB004460D462022002102A804F0F9F862
:109440000223002D06948DF80A300C4B039312DB97
:1094500001D06B1E1C440FAA0E9902A8079401921A
:1094600000F00EF815B1069B00221A700BB0BDE893
:10947000304002B070470024EDE700BF07D7000C72
:109480002DE9F04F43688BB0804692460093837875
:109490009C0740F1F98000250878002800F0F6804C
:1094A00025280AD04B1C019301354146009B984763
:1094B0000028C0F2E3800199EEE74E788B1C252E40
:1094C0000193F1D000270A22B9463C461F2C22D82E
:1094D000A6F12003102B20D8DFE803F0141F1F1A79
:1094E0001F1F1F0B1F1F1F121F171F1F090044F0F4
:1094F0000104019B13F8016B0193002EE6D13AE0C1
:1095000044F0020444F00404F3E744F00804F0E7F4
:1095100044F01004EDE77F2C24D8A6F13003092B8A
:1095200008D860064EBF02FB073744F0200402FB58
:109530000939DEE72A2E0DD161065AF8043B53D4CF
:10954000002BA7BF44F020049946C3F1000944F062
:109550002804CEE72E2E05D1630600F1978044F053
:109560004004C6E76C2E2ED028D8682E32D06A2E42
:1095700037D04C2E35D0002F46F02003B8BF24F052
:109580004004A3F16502BCBF0027A4B2022A01D99E
:10959000612B2BD10AF1070A07279D4E2AF0070AF3
:1095A0000AF1080A210760D506EB070B34465C4533
:1095B0005DD1AE1BA9EB0709A21959E1742E98D011
:1095C0007A2E96D0D7E7260648BF44F4007444F0BC
:1095D00080048EE7E00548BF44F4007444F48074CE
:1095E00087E744F4207484E71F4682E7A6F163020C
:1095F000122A00F2D880DFE812F013004D00D600E6
:10960000D600D600D6004D00D600D600D600D60033
:10961000D600E800D100D600D6001A00D600A0007F
:109620005AF8043B012704AE8DF81030BAE75AF817
:10963000046B784B002E08BF1E4614F0400F3046D6
:1096400014BF39464FF0FF3103F0FBFF0746A9E78F
:1096500041462020009B984700280FDB013CA74291
:10966000F6D34D44A1462D1B9EE74C46F7E74146F5
:1096700014F8010B009B9847002898DA98F80230FC
:1096800043F0040388F802304FF0FF3528460BB052
:10969000BDE8F08F220630D5A3052AD50AF1070AC6
:1096A0002AF007039A4659685AF8080B24F0100B61
:1096B00000291FFA8BFB2FDA40424BF4806B61EBE1
:1096C000410104AC0A23224603F0C7FF1BF0400F00
:1096D000A0EB040200F08E802BF001049742A4B2AC
:1096E00040F38F80002E40F08E802BF01104A4B246
:1096F0001DE05AF8040BC117D8E7E0055AF8041B1F
:1097000001D40846F7E7A20547BF48B241F3C011AC
:1097100008B241F3C031C9E750EA0103D1D1630671
:10972000CFD5002FCDD124F011043A46A4B23B4648
:1097300040F206410C4262D124E024F010040A23D6
:10974000A4B214F0800243D014F4007117BF0AF1E0
:10975000070A5AF8040B2AF0070292461CBF516808
:109760005AF8080B50EA01023ED124F0160B6206AB
:109770001FFA8BFB3CD5002F3AD124F017043A4650
:109780003B46A4B221075AD4E10705D5994572DDBD
:10979000A9EB03039F184B469B464AE044F0100494
:1097A00010237826CDE7782B04D1C6F1780343F057
:1097B0001003C6E741462520009B98470028FFF686
:1097C0005DAF02354146304670E608230026B8E713
:1097D00014F480715AF8040BC4D014F400711ABF49
:1097E000C0B2114680B2BDE724F006041FFA84FB24
:1097F00004AC68E713465C46E10699D52EB90133FF
:10980000C0E71346F8E73B46F6E70233BAE700BF86
:109810002301010C1C01010CCDE90232414620203C
:10982000009B98470028FFF629AF0BF1010BDDE9FB
:109830000232D945F0DCEB1A03EB0B055B46E1067F
:1098400027D541463020CDE90232009B98470028B9
:10985000FFF614AFDDE902327EB901352F44791BE2
:109860008A4229DB144604AE94BB2A44A9EB0309BF
:109870001546914440E017468EE702354146304692
:10988000CDE90232009B98470028DDE90232E5DA93
:10989000F4E640F206410C42E0D014F0020F05F16C
:1098A0000105414614BF2B20202014F4806FCDE920
:1098B000023218BF2D20E5E7CDE902324146009B78
:1098C0003020013598470028DDE90232C7DAD5E6B5
:1098D000013C4146CDE90232305D009B98470028AB
:1098E000DDE90232C0DAC9E641462020009B01359D
:1098F00098470028FFF6C2AEA9EB0503002BF3DC66
:10990000D9E500BF7047836800EBC101B3F5004F94
:109910002CBF51F8220031F81200704700EBC10152
:109920008068B0F5004F2CBF41F8223021F812308A
:109930007047012208B5FFF7E6FFD04008BD8368F5
:1099400000EBC101B3F5004F08D34B681AB143F0E7
:1099500001034B60704723F00103FAE74B881AB10B
:1099600043F001034B80704723F00103FAE75300F3
:109970000122FFF7D3BF08B58368B3F5004F06D3C4
:10998000FFF7D7FF01288CBF0020012008BD002071
:10999000FCE78368B3F5004F34BF04230823C91ADA
:1099A000081AC00870478368B3F5004F28BF013913
:1099B000B1FA81F0C0F11F0070472DE9F041174660
:1099C00003220E460446FFF79EFF8642054607F136
:1099D00004080AD10122E368BA4023EA0203E360E3
:1099E000002344F82830BDE8F081314602222046A9
:1099F000FFF789FF06462B4601460322204644F81E
:109A00002850FFF78BFF334629462046BDE8F0413A
:109A10000222FFF783BF38B504460D46FFF7ABFFC0
:109A200070B929462046FFF784FF01462046FFF71C
:109A3000BAFF294602462046BDE83840FFF7BDBFC1
:109A400038BD2DE9F04705468946FFF7ACFF05EB29
:109A5000800ADAF81070064677B94FF0FF34EB68E9
:109A60000136B4401C4015D094FAA4F2B2FA82F246
:109A7000131D55F8234009E03C464FF003082146EA
:109A80002846FFF756FF814507D83246214628462B
:109A9000FFF793FF2046BDE8F087214603222846C2
:109AA000FFF731FFB8F101080446CAF81000D4D01E
:109AB0008742E4D1D1E72DE9F04114460E46054630
:109AC000FFF737FFA4EB0608371B07444246314631
:109AD0002846FFF74CFF3A4621462846FFF747FF46
:109AE0004346002221462846FFF718FF2146284614
:109AF000FFF71FFF3B46211800222846BDE8F04132
:109B0000FFF70CBF2DE9F041164604460F46FFF75C
:109B100010FF314605462046FFF70BFF05442A4655
:109B200039462046FFF723FF31462046FFF701FF65
:109B30002B46311800222046BDE8F041FFF7EEBE6B
:109B40002DE9F04104460D46FFF715FFB8BB294645
:109B50002046FFF7EEFE01462046FFF724FF04EB08
:109B600080010E6996B90122E36882401343E360E5
:109B700002220D612B4629462046FFF7CFFE032225
:109B800029462046BDE8F041FFF7C8BE0222314613
:109B90002046FFF7B8FE0746034629462046FFF752
:109BA000BDFE0322334629462046FFF7B7FE39465D
:109BB0002B462046FFF7B2FE02223146E1E7BDE820
:109BC000F08170B5056809B9002070BDAB6801F07F
:109BD0000704B3F5004F34BF0422082207341444AD
:109BE000E40804EBD1049C4228BF1C4628462146C9
:109BF000FFF727FF06460028E6D001462846FFF774
:109C000098FEA04209D93444314628462246FFF73F
:109C100052FF21462846FFF793FF2846012231468E
:109C2000FFF78DFEAB68B3F5004F34BF0423082364
:109C300003EBC6031844C8E71146FFF7C2BF2DE97E
:109C4000F8434B42066803EA010731EA030314466E
:109C5000B2680ED0B2F5004F2CBF08230423BB42DC
:109C600028BF3B46B946CF1B94B900252846BDE81E
:109C7000F883B2F5004F34BF04230823994204D877
:109C80002146BDE8F843FFF79CBF4FF00009EBE722
:109C9000B2F5004F34BF04250825FB1AE10804F093
:109CA000070001EBD301073003F0070303442B4403
:109CB00001EBD301914228BF11463046FFF7C1FEA8
:109CC00080460028D1D0B36809EBC005B3F5004F3A
:109CD00034BF042308231D4435447B1E1D44B5FBBB
:109CE000F7F57D43A5EB090529463046FFF751FE00
:109CF0002C44073424F00704A41B804507464FEA90
:109D0000E40408D2024641463046FFF7D4FE4146FD
:109D10003046FFF715FF39463046FFF70AFE384454
:109D2000844208D2394630462246FFF7C4FE214617
:109D30003046FFF705FF012239463046FFF7FFFDA9
:109D400094E7B2F5802F34BF042308232DE9F041B6
:109D50000026D21A8C18CD1D25F0070524F0070423
:109D6000641BE408056021462846AC60EE60FFF7FE
:109D70001AFE820002F11B07FF083146043205F18A
:109D8000100003F056FC3A4631462846FFF7EFFD37
:109D90003346324631462846FFF7C0FDA4EB07089C
:109DA000284631460122FFF7CAFD42463946FFF7F1
:109DB000DEFD3B46324639462846FFF7AFFD2146D9
:109DC0002846FFF7D4FD4346324621462846FFF792
:109DD000A5FD214628460122FFF7B1FD3946BDE821
:109DE000F041FFF7ADBE2DE9F04706460D46174698
:109DF00098462BB34FF0000A98F8004093F8019072
:109E0000DB78A40004EB430498F802301C4444447B
:109E1000CA4509D339463046AC46D8F8042008F183
:109E20000803BDE8F047604714F8013B0AF1010A56
:109E3000204648F82340F6F707F901300444E7E7E5
:109E40006FF01500BDE8F08730B502460024002011
:109E500012F8013B43B178B18C4207D1702B04D08A
:109E6000A3F140053A2D07D8002030BDA3F14005ED
:109E70003A2D01D80134EAE7252B08BF80F0010014
:109E8000E6E7002070470FB407B504A951F8040BAA
:109E9000019100F095FA03B05DF804EB04B070474F
:109EA00010B50369024613F0080009D11368D4689D
:109EB0009C429BBF0120126AE31AD31A0B6010BDAB
:109EC00000231846FAE713B501A90446FFF7E8FF97
:109ED00020B1019BE268013B13440193206A019B7E
:109EE000C01A013802B010BD10B5044650182269DE
:109EF000236AD20702D5013B184010BD984228BF03
:109F0000C01AFAE710B504460A46C168FFF7ECFF2D
:109F10002369E06023F00803236110BD38B50D46C6
:109F2000C2698B00016843F00203044642F8213005
:109F300001682A46FFF7D8FFE3686168984208BFC6
:109F40002369206008BF43F008032A46204608BF63
:109F50002361FFF7C9FF606038BD2DE9F74F0F4659
:109F60000021D0F80CB0C669009216F82B209A4652
:109F700002F00302022A14BF894656F82B2006EB92
:109F80008B030193009B08BFC2F39D09196004462F
:109F9000CAF80010B9F1000F07D04946FFF7B2FF29
:109FA000E368A3604FF0010804E001698A0705D463
:109FB0004FF00008404603B0BDE8F08F816906EB22
:109FC0008B00884716F82B10054611F00108EFD0DA
:109FD0008B071DD51FB139462046FFF79FFF6168EB
:109FE0002A462046FFF780FFD4E902138B426060C7
:109FF00007D12A462046FFF777FF4FF000080146B9
:10A00000A0602369216043F00803E1602361D1E788
:10A0100001462046FFF776FFE168A1601FB1206886
:10A02000E16941F82090EA19CAF800202168204629
:10A03000FFF75AFF2269206042F00802226116F8F9
:10A040002B2022F0010206F82B20DDE900321A60F5
:10A05000A8E770B504461546FFF746FF236883421C
:10A0600005D12369216023F00803236170BDE269F3
:10A07000AB0043F0020342F8213061682A462046D3
:10A08000FFF732FF6060F1E738B5036904465B070C
:10A0900006D5456AFFF717FF85422CBF65626062EF
:10A0A00038BD38B50D4604461C22002103F0C1FA24
:10A0B0000022EB68A361AB6863612B68E3616B68A6
:10A0C000626223622A6923B1591E194208BF42F015
:10A0D00001022261012204F128000021BDE838407C
:10A0E00002F01EBF2DE9F04F00259846036A87B0A5
:10A0F0008B4204460E469346AA460395059538D3EF
:10A10000EFF31189202383F31288BFF36F8F059A31
:10A110002AB129462046FFF79CFF0023059304A996
:10A120002046FFF7BDFE04990746B1422AD32268B4
:10A13000E369204613F8221003EB820A21F00301A1
:10A1400003F8221021683246FFF7CEFEE368206054
:10A15000984212D0002789F31188BFF36F8F0399BB
:10A1600029B162690AB12046904700230393002F6A
:10A17000C6D1504607B0BDE8F08F236943F008030D
:10A180002361E7E718B12046FFF7C8FEE3E75BEA83
:10A1900008031CD0019102F0ADFF0199B8B9B9F1E3
:10A1A000000F14D189F31188BFF36F8F5A464346CD
:10A1B00004F12800FEF79EF8EFF31189202383F3C2
:10A1C0001288BFF36F8FB0FA80F77F09C3E720468C
:10A1D00005AB03AA2568FFF7C0FE0746BBE770B5CD
:10A1E0000446836908460D4698470246EFF31186F8
:10A1F000202383F31288BFF36F8F2B78204643F020
:10A2000001032B706168FFF76FFE60602046FFF767
:10A210003BFF86F31188BFF36F8F70BD2DE9F843C4
:10A22000044600272026EFF3118586F31288BFF33A
:10A230006F8F2369A268190702D46368934200D222
:10A24000236A9B1A002B42D0E06910F8221000EB21
:10A25000820911F003033AD0022B04D150F82230C6
:10A260005FEA930805D1CB0720D44846A3699847F5
:10A270008046A16842462046FFF736FE0127A060CF
:10A2800041462046FFF73EFE3B4685F31188BFF36B
:10A290006F8F002BC7D137B1B9F1000F03D104F193
:10A2A0002800FDF7F3FF4846BDE8F88341F00201BE
:10A2B00000F82210A3694846D4F808809847414620
:10A2C00002462046FFF710FE0023A060DDE7994616
:10A2D000DBE7F8B50446836908460D46984706460D
:10A2E000EFF31187202383F31288BFF36F8F2B784E
:10A2F00023F001032B7023699B0705D5E268E3690E
:10A3000003EB82039D421AD12B7823F002032B70BA
:10A31000D4E90231994204D132462046FFF7E4FDE8
:10A32000A06031462046FFF7EDFD87F31188BFF3AB
:10A330006F8F04F12800BDE8F840FDF7A7BF2B6838
:10A3400060F39F032B60F0E7EFF31181202383F389
:10A350001288BFF36F8F02698368120702D44268C4
:10A360009A4200D2026AD31A81F31188BFF36F8F29
:10A37000181E18BF01207047704703785B075FBF46
:10A3800003684288C3F34A2303EB12105DBF173002
:10A3900020F0070080080020704700207047034627
:10A3A000D3E8EF0F421CC3E8E12F0029F8D1704732
:10A3B00008B503F064F80A220023F5F721FE08BD72
:10A3C0001FB50023CDE902011A4619461846CDE90A
:10A3D0000033F7F7D5F805B05DF804FB0120F6F778
:10A3E00093BE002070474368DA7101224368196008
:10A3F00043685A71F6F77ABE70B515460C4669B1D6
:10A40000D2E901369B1B99420AD813680A460146D5
:10A41000981903F001F9AB682344AB60204670BD86
:10A420006FF01B00FBE770B50E4615461946044653
:10A4300018B9BDE87040F6F767BE33B1C2F34A23DE
:10A440001030120D184403F0E7F8C4E90056204616
:10A45000BDE87040F6F7F4BF2DE9F3415F1C4FEA09
:10A460008708064608F1170020F0070080080C4610
:10A470001546F6F7C3FE00238DF80470ADF80530DD
:10A480008DF8073068B10346019AA8F1040143F83A
:10A49000102F2A46294452F8045B8A4243F8045F8D
:10A4A000F9D100233146A20102F4E07242EA4822C7
:10A4B00022F07F4222F4700222F03F0202B0BDE897
:10A4C000F041FFF7B0BF07B50123019201AAFFF7E2
:10A4D000C3FF03B05DF804FB07B5CDE900230223F9
:10A4E0006A46FFF7B9FF03B05DF804FB1FB5CDE97D
:10A4F0000123069B01AA03930323FFF7ADFF05B0D9
:10A500005DF804FBF8B506460D4614461F4604B92F
:10A51000F8BD214628463A46B047241A0544F6E7D6
:10A5200010B542680446D2E9002381680068FFF74D
:10A53000E9FF002263681A6010BD38B54B68054614
:10A540001A68CB680C469A4202D10846FFF7E8FF2A
:10A550006368D3E8EF2F511CC3E8E01F0028F8D14F
:10A56000A36800209D5438BD0A2838B504460D461E
:10A5700002D10D20FFF7E1FF29462046FFF7DDFF5E
:10A58000002038BD2DE9F043054689B008460E8805
:10A5900091F800900C46D1F808801746F7F742F87A
:10A5A000011EC6F38216C9F3C2091FDB4846F6F73F
:10A5B00059FF0346214651F8102B6088C2F34A2206
:10A5C000002A01EB020408BF00210022C0F30B1097
:10A5D000CDE90507CDE9031428464146CDE900221F
:10A5E0000296F7F74BF809B0BDE8F0830023E1E7E6
:10A5F000436800201B685B681961704743681B68EB
:10A600001A6852685360704701212DE9F041436890
:10A610001B685A6811751D682F68D5E90136D3E9A2
:10A6200000481CB96B681C60BDE8F08121463046CB
:10A630004246B847241A0644F3E743681B68186883
:10A64000F7F752B970B543680C461D686B68186916
:10A65000F6F736FD214603460F222868BDE8704014
:10A66000184702F0E6BF02F0D7BF01460068F7F7CF
:10A67000BDB908B5F7F716FABDE80840F7F7CABD47
:10A680000A460121FFF71FBF00210120F7F7AEB9ED
:10A690006FF08500704761B662B680F31188BFF332
:10A6A0006F8F704772B6002383F31188BFF36F8FEB
:10A6B000BFF34F8F30BF62B6BFF36F8F704740E874
:10A6C00000F313F4803FD8B208BF6FF01500704755
:10A6D00030B50C684B6885B00A894D890094013B00
:10A6E00024F01F04234402F01F0242EA451223F023
:10A6F0001F0369468DF808200393F7F735FE05B070
:10A7000030BD08B5D1E904319847002008BD08B52F
:10A71000F8F73EF8002008BD704700230382436924
:10A72000C3607047C1698968F8F79EB870B50D4677
:10A730001646DDE904230021F8F796F8044630B107
:10A74000324629460C3000F014F80123637220468B
:10A7500070BD027A01320272704710B508B14B68C1
:10A76000436000234C6808464B60F8F7FBF820462E
:10A7700010BD92B281600160C28082807047838880
:10A78000026819448180D018704730B48488056805
:10A79000A3188380281930BC02F03EBF10B583880F
:10A7A00002685C1C8480D154D01810BD30B58388F9
:10A7B00002689D1C8580D418D154090A617030BD8F
:10A7C00083885B1A9BB283800068184470470346F5
:10A7D0008288521A82800068084418607047FFF728
:10A7E00072BE4FF0FF324FF0FF330430FDF75ABC1A
:10A7F000FDF7CABC90F86C00C0F341107047836944
:10A800001B6993F8800000F001007047F8B504461A
:10A810001E460D461746FFF7E4FF94F86C309B0781
:10A8200015D425B1012D10D06FF0150508E0216F6A
:10A830000029F9D000259DF818300F714E718B71E9
:10A84000201DFFF7D5FF2846F8BD616FF0E76FF0D8
:10A850007705F5E738B504460D46FFF7C2FF94F8D3
:10A860006C30201D65F3041384F86C30BDE838406B
:10A87000FFF7BEBF90F86C00C0F38000704702463F
:10A88000034652F8640F90420BD100207047027AC1
:10A890008A42FBD09A6E8242F7D000680028F6D137
:10A8A00070470028F3D1704738B504460D46FFF7CE
:10A8B00098FF94F86C30DB0718D42B690BB9EB6860
:10A8C000BBB1636E1BB904F16403C4E919332B688F
:10A8D00093B9A26E04F16401C5E900121560A56682
:10A8E0001D46201DFFF784FF284638BD4FF0FF3579
:10A8F000F7E76FF01505F4E76FF07705F1E710B5AE
:10A900000446034654F84C0FA0420DD100200DE040
:10A91000447D8C4204D1032909D1047A944205D0A4
:10A920001C6D8442F2D000680028F1D110BD0F29BF
:10A93000F5E72DE9F84305460C46071D4FF0FF32B9
:10A940004FF0FF333846FDF7ADFBD5F87490B9F101
:10A95000000F75D0D5F87080B8F1000F70D095F861
:10A960006C30DB076CD4EB6C1BB905F14C03C5E90B
:10A9700013332368002B66D1637D0F2B09D1237A13
:10A98000012B10D02B6D05F14C02C4E900231C6093
:10A990002C65637D032B29D1EA6C05F14C009042B4
:10A9A0002BD1002336E02846E168FFF77DFF0646FD
:10A9B0000028E7D03846FDF7E7FB3046BDE8F883CE
:10A9C0004E7D032E14D0013323724B68C4E900136B
:10A9D0001C604C60637A022B26D0032B2AD0012BFB
:10A9E00002BF237A89F80E3088F80E300026E1E79E
:10A9F0000E7A013EB342E6D11268002AD1D0517DD1
:10AA00002B6D03290DD19A42137A02D011680029C7
:10AA1000D6D1013323722B6DC4E900031C602C6571
:10AA2000D8E79342E8D1BCE7237A89F80F3088F859
:10AA30000F30DBE7237A89F8103088F81030D5E73B
:10AA40004FF0FF36B6E76FF07706B3E703460068CE
:10AA500000B1187A70478388C2888168D21A036867
:10AA60005B1AD01A70470346C08808B11878C0092D
:10AA7000704770B50C461546F9F7A8FA40B1406822
:10AA800083681B6823B12A462146BDE870401847F9
:10AA900070BDF8B504460D46174686680369A033B5
:10AAA000D3E8AF3F9B070ED5B36A7BB1F36B9847F2
:10AAB0002946B36A3A4620469847336C05462046F5
:10AAC00098472846F8BD4FF0FF35FAE76FF0850547
:10AAD000F7E770B504460D4686680369A033D3E8EE
:10AAE000AF3F9B070BD5F36B98472946736A204607
:10AAF0009847336C054620469847284670BD4FF06E
:10AB0000FF35FAE710B5044619B9002084F8300083
:10AB100010BDF8F707F80028F7D0F9E70A46012139
:10AB2000FFF7D1BC4FF0FF324FF0FF330430FDF799
:10AB3000B9BAFDF729BB21B101290DD000231B684B
:10AB4000FFDE5430006848B143685B79934205D01A
:10AB500000680028F8D170475C30F3E7704710B503
:10AB600090F830300446022B09D1FFF743FE94F8E9
:10AB7000382001462046BDE81040FFF7DCBF00202A
:10AB800010BD08B5FFF7D7FF003818BF012008BD7A
:10AB900038B505460C1F54F8041F09B9084638BDDE
:10ABA0006B681868F5F746FA0028F4D10120F6E73B
:10ABB0004FF0FF324FF0FF330430FDF773BA08B5A2
:10ABC00083681B6B0BB198470346002023B153F8F1
:10ABD000042B0AB1127802B908BD1044F6E710B58B
:10ABE0001C46FFF7A8FF48B10122C06802FA04F32F
:10ABF00020B10269134201D10068F9E710BD10B518
:10AC00000C46FFF7ACFF48B10123C06803FA04F11A
:10AC100020B10369194201D10068F9E710BDD1F8EC
:10AC20001A0083681B6903B118476FF085007047ED
:10AC300038B50C46FFF793FF80B1C06870B1436828
:10AC4000DA681AB100231179994201DC0068F5E74E
:10AC50001568ED5CA54201D00133F5E738BDF8B5C4
:10AC60000646CC680CB9204622E0012504F10C0709
:10AC7000E268AAB165F07F03D9B203F07F03103315
:10AC8000DA40D2070ED4E368EB40DB0705D53A463D
:10AC9000B069E9B200F09BF850B90135102DE7D149
:10ACA0002468DFE73A46B06900F091F80028EAD05E
:10ACB000F8BD2DE9F347002405460E46A146576826
:10ACC00097F805803B79A34203DC002002B0BDE881
:10ACD000F0875FFA84FA3146534642462846FFF72A
:10ACE0007EFF014650B1534601222846CDF8009020
:10ACF000F9F766FA0028E9D10134E3E76FF03C0088
:10AD0000E4E72DE9F74380460D461746FFF777FF46
:10AD1000064628B96FF00104204603B0BDE8F08371
:10AD20000F2DF7D808EB0509014699F83A402B4654
:10AD3000002240460097F9F743FA0028EAD1009430
:10AD40002B46022231464046F9F73AFA04460028DB
:10AD5000E2D12B460122314640460097F9F730FAFE
:10AD600004460028D8D1706883685B6813B13A46FE
:10AD70002946984789F83A70CEE7012311F0800FF1
:10AD800018BF21F08001026818BF10318B4022EA01
:10AD900003030360704737B58B790C460093154663
:10ADA0008B88CA78897800F088FC70B994F90230F1
:10ADB000A178002B4FF00103B8BF21F080012A6871
:10ADC000B8BF10318B4013432B6003B030BDF8B5D2
:10ADD00006460D46174600F099FC044658B9294628
:10ADE0003846FFF7CAFF2946304600F062FD0446A8
:10ADF00008B902F0A9F92046F8BD0A468069802109
:10AE000000F087BD70B591F918300546002B0C464F
:10AE1000466807DBC4F81A502146B069BDE87040A7
:10AE200000F0EABC3046FFF725FD0028F2D04FF0D5
:10AE3000FF3070BD806900F091BD0B0648BF21F066
:10AE40008001406B48BF1031C84000F001007047DE
:10AE5000F8B505460E46071D4FF0FF324FF0FF33A1
:10AE60003846FDF71FF9EC692CB9EE613846FDF75D
:10AE70008BF92046F8BD6FF07704F7E7C36982B01D
:10AE80008DF8001001922BB102AB13E9060002B05D
:10AE9000F9F7D0BA02B07047006903695B681B6AB2
:10AEA00003B118477047704703695B68D3E9052011
:10AEB000012918BF104670472DE9F74F0669D0F8F1
:10AEC00004907368376905464846D3F800B091F896
:10AED000188001920C46D7F804A0FFF78BFC0128DC
:10AEE0000CBF9BF829309BF82230019A98450BD172
:10AEF000DAF81C3043B11AB93046E268218A984723
:10AF000007F12400FDF752FB2B6968685B6894F831
:10AF100018B0D3F80080FFF76DFC01280CBF98F83B
:10AF20001B3098F814309B4505D1DAF818304BB136
:10AF30003046616998472146484603B0BDE8F04F66
:10AF4000FFF778BF07F11400FDF7A0F9F3E70069F8
:10AF500003695A681033D3E8EFCF2CF0020CC3E832
:10AF6000E1CF0029F7D113680BB1002118477047D2
:10AF7000704738B500690469436862681D6804F168
:10AF80001003D3E8EFCF4CF0020CC3E8E1CF002967
:10AF9000F7D1012184F83510136803B1984795F86B
:10AFA00020302BB104F12400BDE83840FDF7FEBA93
:10AFB00038BD03691B691033D3E8EF1F21F001018D
:10AFC000C3E8E21F002AF7D1704783685B6818471F
:10AFD00010B48468A468A44610BC604730B401254E
:10AFE000416802690968137E4D6154685B0954B178
:10AFF000107E023300F01F0052F8231005FA00F013
:10B00000234630BC184730BC704710B40269416811
:10B0100002200968537E486154685B095CB10344AF
:10B0200052F823100123507E00F01F0003FA00F0B5
:10B03000234610BC184710BC704710B40269416821
:10B0400004200968937E486154685B095CB102334F
:10B0500052F823100123907E00F01F0003FA00F045
:10B06000234610BC184710BC704710B402694168F1
:10B0700008200968D37E486154685B095CB10233DB
:10B0800052F823100123D07E00F01F0003FA00F0D5
:10B09000234610BC184710BC704710B402694168C1
:10B0A00010200968137F486154685B095CB1023362
:10B0B00052F823100123107F00F01F0003FA00F064
:10B0C000234610BC184710BC704710B40269416891
:10B0D00020200968537F486154685B095CB10233E2
:10B0E00052F823100123507F00F01F0003FA00F0F4
:10B0F000234610BC184710BC704710B40269416861
:10B1000040200968937F486154685B095CB1023351
:10B1100052F823100123907F00F01F0003FA00F083
:10B12000234610BC184710BC704710B40269416830
:10B1300080200968D37F486154685B095CB10233A1
:10B1400052F823100123D07F00F01F0003FA00F013
:10B15000234610BC184710BC704710B40269416800
:10B160004FF48070096892F82030486154685B0998
:10B1700064B1023352F82310012392F8200000F04A
:10B180001F0003FA00F0234610BC184710BC70479C
:10B1900010B4026941684FF40070096892F82130D8
:10B1A000486154685B0964B1023352F823100123EB
:10B1B00092F8210000F01F0003FA00F0234610BCB3
:10B1C000184710BC704710B4026941684FF48060A2
:10B1D000096892F82230486154685B0964B102330F
:10B1E00052F82310012392F8220000F01F0003FA06
:10B1F00000F0234610BC184710BC704710B4026919
:10B2000041684FF40060096892F82330486154683F
:10B210005B0964B1023352F82310012392F8230032
:10B2200000F01F0003FA00F0234610BC184710BCC2
:10B23000704710B4026941684FF48050096892F871
:10B240002430486154685B0964B1023352F823101A
:10B25000012392F8240000F01F0003FA00F02346B7
:10B2600010BC184710BC704710B4026941684FF415
:10B270000050096892F82530486154685B0964B150
:10B28000023352F82310012392F8250000F01F002A
:10B2900003FA00F0234610BC184710BC704710B4E6
:10B2A000026941684FF48040096892F8263048618D
:10B2B00054685B0964B1023352F82310012392F8F9
:10B2C000260000F01F0003FA00F0234610BC1847C8
:10B2D00010BC704710B4026941684FF4004009681F
:10B2E00092F82730486154685B0964B1023352F820
:10B2F0002310012392F8270000F01F0003FA00F04A
:10B30000234610BC184710BC7047002208B51146F0
:10B310000D20F6F701FF0D20F6F7DCFE00220E20CF
:10B320001146F6F7F9FE0E20F6F7D4FE00220F20A4
:10B330001146F6F7F1FE0F20F6F7CCFE00221020A2
:10B340001146F6F7E9FE1020F6F7C4FE00221120A0
:10B350001146F6F7E1FE1120F6F7BCFE002212209E
:10B360001146F6F7D9FE1220F6F7B4FE002213209C
:10B370001146F6F7D1FE1320F6F7ACFE002214209A
:10B380001146F6F7C9FE1420F6F7A4FE0022152098
:10B390001146F6F7C1FE1520F6F79CFE0022162096
:10B3A0001146F6F7B9FE1620F6F794FE0022172094
:10B3B0001146F6F7B1FE1720F6F78CFE0022182092
:10B3C0001146F6F7A9FE1820F6F784FE0022192090
:10B3D0001146F6F7A1FE1920F6F77CFE00221A208E
:10B3E0001146F6F799FE1A20F6F774FE00221B208C
:10B3F0001146F6F791FE1B20F6F76CFE00221C208A
:10B400001146F6F789FEBDE808401C20F6F762BE3B
:10B4100038B50446807AF7F7FDF96169054649B108
:10B42000637ADB0704D4C36920461B689B6898478E
:10B430000023636121462846BDE8384001F062BD23
:10B4400030B509060546847C14D414F0400016D0AB
:10B45000298AC3F30A00C1F30A01884222D802F004
:10B460000300022809D003280AD0012811D004F0D3
:10B47000010004E014F02000E9E7C4F3800030BDCF
:10B4800014F00200FBD013F4C05F09D0C4F3001025
:10B49000F5E714F0080205D013F4C05FEFD0F5E72C
:10B4A0000120ECE70020EAE7A030D0E8AF0F00F081
:10B4B00001007047A030D0E8AF0FC0F340007047E4
:10B4C00001F00F030269090648BF103352F8230048
:10B4D0007047007DC0F30010704708B50269104640
:10B4E000FFF7E2FF60B9087E00F00F03000648BFD7
:10B4F000103342F82310084601F0F1FC002008BD8B
:10B500006FF00C00FBE700220023FCF78DBE01F07A
:10B5100003BD01F0ECBC1FB504698DF80410CDE942
:10B520000220D4F8983001A9984704B010BD1FB587
:10B530000346046906208DF804002046CDE9021375
:10B54000FFF7B2FF40B1C1F81E201846D4F898208A
:10B5500001A9904704B010BD4FF0FF30FAE738B5AD
:10B5600005460C462046FFF7CEFF014600B938BD20
:10B570006FF070022846FFF7DAFFF3E72DE9F84392
:10B58000066907460D46D6F80090D6F840804FF081
:10B59000FF324FF0FF3306F18400FCF783FD404695
:10B5A000FFF7B1FF014618BB4846FFF7ACFF044662
:10B5B00020BB99F8143023F0100389F8143098F860
:10B5C000143023F0100388F8143024BB012286F8CD
:10B5D000B020EDB12B68C6F8A8306B6886F8B120B2
:10B5E000C6F8AC3038698430BDE8F843FCF7CCBD10
:10B5F0006FF067023846FFF79AFFD0E7637EDB07FC
:10B60000D7D46FF0670221463846FFF790FFCBE7AB
:10B6100086F8B150E6E72DB10822294604F10C0066
:10B62000FFF7B3F8002221463846FFF780FFD9E73D
:10B630002DE9F8430546884614461F46D0F8089081
:10B64000FFF73EFF0646002834D02846D9F83C30A4
:10B6500098474146224630463B88FFF7F1FE804638
:10B6600088B183B92B6904F0030493F88030DB07B9
:10B6700053BF40224FF480624FF400711146022CF8
:10B680000DD0032C11D02846D9F840309847B8F196
:10B69000000F14BF00206FF08500BDE8F883338AE7
:10B6A0008B4228BF0B463B80EDE7338A934228BF8D
:10B6B0001346F8E76FF01200EFE72DE9F3411F465C
:10B6C0004B0604460D461646D0F808801BD0D8F825
:10B6D0003C3098472069FFF7EDFE88B19DF8203097
:10B6E0002946009332463B462046F9F779FB05464A
:10B6F0002046D8F840309847284602B0BDE8F0818F
:10B700004FF0FF35F4E76FF01505F5E770B54B0620
:10B7100004460D46866812D0F36B98472069FFF700
:10B72000C3FE48B129462046F9F79EFB0546204650
:10B73000336C9847284670BD4FF0FF35F7E76FF040
:10B740001505F7E770B5054686680C46F36B984714
:10B750002869FFF7AFFEB0B121462846FFF7B0FEDB
:10B76000014698B1037DDB0710D5437E03F0030348
:10B77000012B0ED02846F368984704462846336CC0
:10B780009847204670BD4FF0FF34F7E76FF0120482
:10B79000F4E76FF08504F1E7F8B5064687680C46D4
:10B7A000FB6B98473069FFF785FEE0B121463046D4
:10B7B000FFF786FE0546C8B1037DDB0716D5437E3D
:10B7C00003F00303012B14D001463B693046984730
:10B7D000044618B92B7D60F341032B7530463B6C52
:10B7E00098472046F8BD4FF0FF34F7E76FF012049A
:10B7F000F4E76FF08504F1E72DE9F041054686682E
:10B800000769F36B0C4698472869FFF753FE98B316
:10B8100094F8188028464146FFF752FE014670B35F
:10B82000037DDA072BD518F07F0F20D197F8B030C1
:10B83000EBB1637EDB0717D597F8B13033B108223F
:10B8400007F1A80104F10C00FEF79FFF002287F822
:10B85000B02021462846FFF76AFE04462846336C8E
:10B8600098472046BDE8F0816FF06702F1E7224675
:10B87000284673689847F0E74FF0FF34EEE76FF023
:10B880001204EBE770B505460C468668F36B9847E3
:10B8900021462846FFF714FE48B101F03DFBB0FAFF
:10B8A00080F464092846336C9847204670BD012413
:10B8B000F8E770B5054686680C46F36B984728692B
:10B8C000FFF7F2FD80B121462846FFF7F9FD01465A
:10B8D00068B104681CB12846B368984704462846F6
:10B8E000336C9847204670BD4FF0FF34F7E76FF098
:10B8F0001204F4E708B5036900211B685A8BF9F7B5
:10B90000DDFA28B1437E23F0070343F001034376B9
:10B9100008BD08B539B90369013A1B685B8B1A4445
:10B92000B2FBF3F25A43F9F7C9FA28B1437E23F088
:10B93000070343F00203437608BD08B561B9036904
:10B940001B685A8BF9F7BAFA28B1437E23F0070334
:10B9500043F00403437608BD0022F3E770B50D46BB
:10B9600004468668F36B98472846F6F7FBFF2046A7
:10B97000336C9847002070BD70B505468668F36B40
:10B9800098472869FFF796FD044620B133683BB11C
:10B990002846984704462846336C9847204670BD91
:10B9A0000124F8E7F8B5044687680669FB6B9847F9
:10B9B0002069FFF779FDB8B12069FFF77BFDB0B9C9
:10B9C0002046FB6A9847054648B906F1A003D3E82C
:10B9D000EF1F41F00201C3E8E21F002AF7D1204621
:10B9E0003B6C98472846F8BD4FF0FF35F7E76FF0FE
:10B9F0007705F4E7F8B5044687680669FB6B984756
:10BA00002069FFF757FD90B13B6B204698470546EC
:10BA100006F1A003D3E8EF1F21F00201C3E8E21F03
:10BA2000002AF7D120463B6C98472846F8BD6FF0B6
:10BA30007705F7E72DE9F041054614460F46D0F8A3
:10BA40000880066911B30AB3D8F83C3098472869D2
:10BA5000FFF72AFDB8B9C6E926742846D8F834306D
:10BA60009847044640B9A036D6E8EF3F43F00103BB
:10BA7000C6E8E23F002AF7D12846D8F84030984778
:10BA80002046BDE8F0816FF07704F5E76FF015040C
:10BA9000F6E7F8B5044687680669FB6B98472069A6
:10BAA000FFF708FDB0B92069FFF7FEFCA8B1BB6B3A
:10BAB00020469847054606F1A003D3E8EF1F21F082
:10BAC0000101C3E8E21F002AF7D120463B6C9847EA
:10BAD0002846F8BD6FF00F05F7E76FF07705F4E73C
:10BAE00000230822824204D3D8B27047520092B297
:10BAF000F8E701330A2BF9D1FF20704730B502F087
:10BB0000030422F003020A4491420AD144B1002303
:10BB10000068D90020FA01F1D15401339C42F8D1D8
:10BB200030BD036804311D0A01F8035C1D0C01F8E7
:10BB3000043C01F8025C1B0E01F8013CE4E730B55F
:10BB400043680A7E1B6832F080054FF0200403F53D
:10BB5000805314D10269D2F8A400EFF3118184F369
:10BB60001288BFF36F8F9D739A7C22439A7480F87A
:10BB70009C5081F31188BFF36F8F002030BDEFF32D
:10BB8000118084F31288BFF36F8F02F00F029A7353
:10BB900091F91820002AB5BF9A7C9A7D42F01002D4
:10BBA00042F02002B4BF9A749A7500229A7380F30F
:10BBB0001188BFF36F8F0B7D43F002030B75DCE739
:10BBC000436801F07F011B68002003F58053197062
:10BBD000704743681B6803F580535B7813F0100FC0
:10BBE0000CBF01200220704701234A0901F01F0108
:10BBF0008B40DB4300EB8200D0E8EF2F1A40C0E817
:10BC0000E12F0029F8D1704770B5044650F8080CB0
:10BC100094F8306045682B6803F5805393F86030E2
:10BC200003F01803A3F11802514251418E4208D08B
:10BC30000022182B84F830100CBF11460121FFF7A9
:10BC40006AFC0A23EA6A2046BDE87040A2FB03238F
:10BC5000FCF750BDFEF737BC9A20F6F749BA002230
:10BC600008B59A201146F6F757FABDE808409A2021
:10BC7000F6F730BA0023F0B51A461C46C908650924
:10BC8000283550F8255004F01F06F540ED0709D47B
:10BC9000002A08BF23460132914204D11A460127E7
:10BCA000194416E000220134B4F5906FE7D19142B7
:10BCB000F4D94FF6FF7010E05C0900EB8404D4F86F
:10BCC000A05003F01F0607FA06F63543C4F8A0504B
:10BCD00001338B42F0D3D00080B2F0BDFFF7CABF72
:10BCE0002DE9F74F0369426891F81880D3F8A44012
:10BCF000136818F0700F0F46009308F07F094FFA91
:10BD000088FA40F09480488BC0F30A00082838BFB6
:10BD10000820FFF7E5FEFF28054600F0888008218F
:10BD2000814089B2EFF311832022019382F31288BC
:10BD3000BFF36F8FB9F1000F30D14FF6FF76B4F833
:10BD40003001B04208D12046FFF7C8FFB04203D00F
:10BD5000A4F83001A4F85001019B83F31188BFF3CC
:10BD60006F8F4FF6FF73984264D0009B08F00F0866
:10BD700003F5805484F80E80C0F30C00B9F1000F75
:10BD80002CD184F8625084F86350A4F86400A4F8BD
:10BD900066000020A07303B0BDE8F08F4FEA4906AB
:10BDA000BAF1000F4FF6FF7B26440BDAB6F83001EC
:10BDB0005845D1D12046FFF791FF5845CCD0A6F881
:10BDC0003001C9E7B6F850015845C5D12046FFF704
:10BDD00085FF584518BFA6F85001BDE70123BAF109
:10BDE000000F03FA09F39BB210DA84F86250A4F84A
:10BDF00064007A8BC2F30A022282A27C42F04002E3
:10BE0000A274E28892B21343E380C2E784F86350DD
:10BE1000A4F866007A8BC2F30A02A282A27D42F0E5
:10BE20008002A275228992B213432381B1E76FF099
:10BE30001500B0E76FF00B00ADE770B50126D20832
:10BE4000CB0802EBD102590900EB8101D1F8A040E7
:10BE500003F01F0506FA05F5013324EA05049342B1
:10BE6000C1F8A040EFD370BD2DE9F843036991F804
:10BE70001890D3F8A460436819F070071D6809F0A2
:10BE80007F044FFA89F86DD1488BC0F30A00082867
:10BE900038BF0820FFF724FEFF2863D0082209F0EE
:10BEA0000F09824005F5805392B283F80E902CBBA7
:10BEB00083F8624083F86340A3F86440A3F86640C7
:10BEC00000219973EFF31185202383F31288BFF3C8
:10BED0006F8F64BB4FF6FF74B6F83011A14206D0E5
:10BEE0003046FFF7AAFFA6F83041A6F8504185F387
:10BEF0001188BFF36F8F0020BDE8F8830121A140B6
:10BF0000C943B8F1000F89B208DAD8880140D98056
:10BF100083F86270A3F864701F82D1E7188901402A
:10BF2000198183F86370A3F866709F82C8E7640084
:10BF3000B8F1000F4FF6FF77344409DAB4F8301146
:10BF4000B942D4D03046FFF778FFA4F83071CEE77D
:10BF5000B4F85011B942CAD03046FFF76EFFA4F8CA
:10BF60005071C4E76FF01500C6E7006984304FF0E8
:10BF7000FF324FF0FF33FCF795B870B50D7EEFF34D
:10BF80001186202383F31288BFF36F8F05F00F0310
:10BF900000F58054498BA373A37C13F0010306D0F2
:10BFA0000023A37386F31188BFF36F8F70BD05F074
:10BFB0007F0505F5816500EB8500158AC1F30A014F
:10BFC000A94228BF2946994208D802F10C00FEF781
:10BFD000FEFBA37C43F00103A374E1E7D568ED5CAD
:10BFE00001330570EFE770B50B7E0C46590646D05D
:10BFF00042681668EFF31181202282F31288BFF3A2
:10C000006F8F03F00F0206F580539A7394F918208E
:10C01000002A36DA9A7C02F0CF029A749A7C42F0B7
:10C0200040029A749A7C42F008029A749A7C9207B1
:10C0300042BF9A7C42F008029A749A7C02F0FE0297
:10C040009A7400229A7381F31188BFF36F8F237D56
:10C0500062F34103237594F9183093420FDA2046B6
:10C06000FFF755FA05462046FFF733FA38B935B1E0
:10C070002B8A23B12A4621463046FFF77EFF002057
:10C0800070BD9A7D02F09F029A759A7D42F08002FF
:10C090009A75D6E700698430FCF776B801F0AEBA3D
:10C0A00001F0A9BA01F02AB901234A0901F01F01E0
:10C0B0008B4000EB8200D0E8EF2F1A43C0E8E12F5D
:10C0C0000029F8D1704703460022D3E8EF0FC3E8F8
:10C0D000E12F0029F9D170472DE9F04703690A7E65
:10C0E000D3F8A4A0436806460F461C6802F07F05FB
:10C0F000EFF31188202383F31288BFF36F8F04F5C9
:10C100008054ADB9A573E37C0AF5BE7043F001031A
:10C11000E374FFF7D8FF8AF89C5039463046FFF7A2
:10C120001EFA88F31188BFF36F8F0020BDE8F087F7
:10C130004FF0010909FA05F91FFA89F96FEA0903B5
:10C1400091F918109BB2002902F00F021FDAE18862
:10C150000AF5BA700B40E380A273A37C294643F032
:10C160000803A374A37C9A0742BFA37C43F008038F
:10C17000A374A37C03F0FE03A374FFF735FD002333
:10C18000A373E3889BB243EA0903E380C5E72189EF
:10C190000AF5BC700B402381A273A37D294643F0AE
:10C1A0001003A375A37DDB0742BFA37D43F01003FB
:10C1B000A375A37D03F0FE03A375FFF715FD2946C4
:10C1C0000AF5C070FFF710FD29460AF5C270FFF7A7
:10C1D0000BFD0023A37323899BB243EA0903238148
:10C1E0009BE7012301F01F02934030B5DC4349096E
:10C1F00000EB8100D0E8EF2F02EA0401C0E8E51F60
:10C20000002DF7D103EA0200003818BF012030BD2D
:10C210002DE9F04F0446036987B0D3F8A4300293A8
:10C2200043681B680393029B03F188084FF0FF32B9
:10C230004FF0FF3340F29F11CDE90023404600222A
:10C2400001F0E0F90746780708D504214046FFF7DA
:10C2500025FF002204212046FFF75DF939070CD5A0
:10C2600008214046FFF71AFF01212046F8F776FD26
:10C27000002203212046FFF74EF9FA060CD51021C3
:10C280004046FFF70BFF00212046F8F767FD00222C
:10C2900002212046FFF73FF93B0600F1B280FE0580
:10C2A00010D54FF480714046FFF7F8FE029B03F56E
:10C2B000BC70FFF708FF0646029B03F5C07A002E0C
:10C2C00040F02481BD0740F18E8002214046FFF7F7
:10C2D000E5FE80212046FFF7F3F8029B814603F537
:10C2E000BE70FFF7F0FE002843D0236900212046EE
:10C2F000D3F8A4A0FFF7E4F8802106462046FFF714
:10C30000DFF88346F6B13046FFF701F9D0B1457E3C
:10C3100015F0010500F046813046FFF7F4F80546B8
:10C320003046FFF7F4F818B1437ED90740F13A815F
:10C3300045B10023EA6829461360536030462B82DA
:10C34000FFF7E7F820460AF5E771FFF717F9002E27
:10C3500040F01D8100250023AAF8C831AAF8CC318D
:10C360003DB1EA6829461360536030462B82FFF7DF
:10C37000D0F8B9F1000F36D04846FFF7C8F80646A6
:10C3800088B3058A002D00F04A8123698021D3F803
:10C39000A45063682046D3F80090FFF791F8418BD2
:10C3A000338AC1F30A01994228BF1946002209F5D0
:10C3B0008059914200F22B8106F10C00FEF707FA3A
:10C3C000338A002B40F02981737E13F0080F0CBFD5
:10C3D0000A2202224FF0010385F89C3099F81230AE
:10C3E000134389F81230FB077FF51DAF404601214A
:10C3F000FFF754FE029B204603F19401FFF7BEF8BD
:10C4000011E780214046FFF749FE6368D3F80090AA
:10C41000236909F58055D3F8A40000F5BA70FFF739
:10C4200052FE0646002E3FF43AAF96FAA6FB0123D1
:10C43000BBFA8BFB204603FA0BF34BF0800126EA94
:10C440000306FFF73DF804900028EBD0FFF75FF8F4
:10C450000028E7D0028A049B7AB31A7D12F0020208
:10C46000E0D1EFF3118A202181F31288BFF36F8F9F
:10C470000BF5816C0BF00F0B5B8B85F80EB0018A0E
:10C48000C3F30A03994228BF194609EB8C0C914269
:10C490000DD80C30FEF79BF9AB7C43F00103AB7475
:10C4A0000023AB738AF31188BFF36F8FBAE7C368B9
:10C4B0009B5C01328CF80030E9E790F819A01AF083
:10C4C000080A1AD01B7D13F00203ABD1EFF31182DF
:10C4D000202181F31288BFF36F8F0BF00F0B85F8CB
:10C4E0000EB0A97C41F00101A974417E63F3C30140
:10C4F0004176AB7382F31188D6E71846FFF703F84D
:10C50000524601462046FFF712F88BE796FAA6F549
:10C510000123B5FA85F52046AB40294626EA0306F5
:10C52000FEF7CEFF834600283FF4C9AEFEF7EBFFCF
:10C53000814600283FF4C3AEDAE8AF3F2B41D8076D
:10C540001FD55846FEF7E3FFD8B129465046FFF7FE
:10C5500048FEB0B1EFF31181202383F31288BFF3BB
:10C560006F8F039B05F00F0503F580539D739A7D34
:10C5700002F0FE029A7500229A7381F31188BFF3CC
:10C580006F8F002249462046FEF7D1FF97E63046DE
:10C59000FEF7BDFF00283FF4DDAE457E15F0010536
:10C5A0007FF4D8AE3046FEF7AEFF018A428A0346DA
:10C5B000521AC16840690493091A521ABAF8C8118C
:10C5C00003F10C008A4228BF0A4611460592FEF785
:10C5D000D6F8059A0AF5C47101F01EF8049B0022F2
:10C5E00019462046FEF7A3FF5846FEF790FF0028A5
:10C5F0003FF4B1AE437E5A077FF5ADAE5846FEF725
:10C6000082FF002201462046FEF791FFA3E6F36871
:10C610009B5C013289F82030CBE60222DAE64846FC
:10C62000FEF771FF2A4601462046FEF780FFDAE654
:10C6300010B5807A0C46F6F7EDF8C3692146BDE8DF
:10C640001040586800F026BBF7B50D46807A1746B3
:10C650001E46F6F7DFF82C68C369033424F00302A2
:10C66000586804212A60CDE90076FBF701FC00B987
:10C67000286003B0F0BD0023F4F702BF2DE9F041BC
:10C6800045680846D5E900680C46AF68F9F7F8F93F
:10C69000002876D1A30E092B73D8DFE803F0080F2A
:10C6A0001A2C054A515D05650220BDE8F0817369C9
:10C6B0009B076AD5306900F001001AE0F36A9F0712
:10C6C00063D5B36F002B5ED13069C00900F0020062
:10C6D000EBE7E4B206F1400353F82430012013F0F5
:10C6E000020FE2D033691834A04098430CBF0120F8
:10C6F00000204000D9E70621E4B2B4FBF1F233692F
:10C7000002F11805EB40DD07D0B23ED501FB124423
:10C7100006F14C034FF0FF3253F82000012301349F
:10C72000E4B202EBC4029340034214BF0220012092
:10C73000BBE7D8F81C309A0727D5D8F80C00BAE721
:10C74000E4B204F1080357F82330DB051DD57868FF
:10C750000234E040C043AEE7C4F30524203457F868
:10C76000243013F0400FE0E7C4F30552EB680E32BB
:10C7700003EB82035A680123C4F38534A3401342B8
:10C78000D3E7032091E700208FE701208DE72DE913
:10C79000F3474FF000090C4601EB0121456841F0D9
:10C7A0003F6141F47C21804617462E68D0F810A0E6
:10C7B000CDF80490FFF762FF022803D0C7F800907D
:10C7C00000201CE006F1400353F82430C3F3022399
:10C7D000012B17D0022B2CD0BBB9AA68631C04F123
:10C7E000210152F8211003EB43035A00404601ABEC
:10C7F00002F0FE0201F00F01F9F700FA28B102B0D1
:10C80000BDE8F087DAF80030019306F1480353F8E9
:10C810002430443613F03F031EBF019AB2FBF3F2FB
:10C82000019256F82420019BC2F3090253433B6056
:10C83000C6E7404601A9F9F787FADFE70623F0B417
:10C840000A4691FBF3F1446803FB11232668012497
:10C850004C36DB0056F82170073304FA03F3056900
:10C860003B4346F821302B8F063294401C43EB6A41
:10C870002C87CB40DA0706D42B6BCB40DB0702D5E5
:10C88000F0BCF9F7A1BD0020F0BC704710B54468BA
:10C89000C1F30520A1689B0101EB8001D1F8800064
:10C8A00003F0400302F00F0220F04F001343034354
:10C8B000C1F8803010BD10B543680120C1F3853444
:10C8C000DB68C1F3055189000B44012ADA6B00FAD9
:10C8D00004F00CBF02438243DA6310BD43680020BA
:10C8E0005B681B6A0B60704743685B68186942406D
:10C8F0000A4042401A6100207047436800205B688C
:10C9000099617047436800205B68596170474368CC
:10C9100000205B68D961704730B50369D86800B3FF
:10C920000024884219D108688CB91C69D860A142DA
:10C9300000D11861002008602AB1DA680A601A691B
:10C94000D96002B9196100200FE02846E9E72060AC
:10C950001869814208BF1C61ECE705680446002D98
:10C96000F3D1002AE9D16FF0150030BD00207047E7
:10C970004368187AF8F7FAB870B50B46C9680546E7
:10C9800011B15E680C6801B970BD8A682A4002D096
:10C9900030464B6898471CB1236821461C46F2E795
:10C9A0002346FAE710B543685C68631893F84000C3
:10C9B00000F0FE0083F8400012F4403010D193F8EC
:10C9C000402002F0FB0283F8402093F8402002F060
:10C9D000FD0283F8402001238B406360002010BDDE
:10C9E00012F0020F49D1B0F5403F10D193F840004A
:10C9F00040F0020083F8400001238B405103A36004
:10CA000001D56361EAE7120348BFA361E6E7D003FB
:10CA100018D593F8400012F0300F40F0020083F870
:10CA200040004FF0010000FA01F16160D6D093F8A8
:10CA3000400040F0040083F84000D3064CBFA161E1
:10CA40006161CBE7900318D5012012F0300F00FA96
:10CA500001F10FD1500309D56161002093F8402006
:10CA600002F0FD0283F84020A160B8E71203F4D57C
:10CA7000A161F2E76FF08500F0E76FF08500AEE7A7
:10CA800037B50C460569836801A95B68984748B9C2
:10CA90002B6801985840012303FA04F1084000383C
:10CAA00018BF012003B030BD0A2251F8043C01F147
:10CAB00014005B681B68A3FB0223FBF71BBE30B5A9
:10CAC000036813600579046804EBC504A34202D32C
:10CAD0006FF0010030BD5C7908338C42F1D1002049
:10CAE000F8E743689B681A7E520743BF9B6A0020A1
:10CAF0000B706FF00F00704743689B681A7ED20777
:10CB0000FCD5996270470269002013680B60536876
:10CB10004B60704743689B68588B5A8BC0F380000A
:10CB200092075A8B48BF40F0040002F0010240EA2D
:10CB300042005A8BD1065A8B48BF40F0080092063B
:10CB40005A8B48BF40F0100092B242F037025A832D
:10CB500070470268012922F070620346026004D027
:10CB600002290CD0026802607047026842F08072AD
:10CB70000260426842F400525A60FAF73BBD026814
:10CB800042F080720260426822F40052F4E738B545
:10CB9000044648B1FAF7A6FF782305465C43FAF746
:10CBA000A1FF431BA342FAD338BD10B54369044625
:10CBB0003BB90020E2684042537843F001035370D0
:10CBC00010BD98470028F4D00028B8BF4042FF2885
:10CBD000A8BFFF20E3681870ECE740B1C36858783D
:10CBE00010F001001EBF1878B0FA80F040097047BD
:10CBF000EFF31183202383F31288BFF36F8FFEE7D7
:10CC00002DE9F04F89B0DDE91268059243460546EB
:10CC1000324606A80F4600F034FCDDE90634CDE9C3
:10CC20000234EFF311844FF0200989F31288BFF327
:10CC30006F8F05F10C0A05F1140B39462846059A49
:10CC4000149B984730B184F31188BFF36F8F09B0FC
:10CC5000BDE8F08F56EA0806F5D0DDE9022306A804
:10CC600000F034FCDDE90668524621465846CDE91D
:10CC70000068FBF7A7FFEFF3118489F31288BFF375
:10CC80006F8FDAE710B400F10C04C0E9034410BC64
:10CC9000FDF757B838B50446EFF31185202383F329
:10CCA0001288BFF36F8FF3F719FD04F10C0000F049
:10CCB000FDFA30B1294604F11400BDE8384000F017
:10CCC000DBBA85F31188BFF36F8F38BD10B54269A9
:10CCD0006AB1836842EA0301890708D10169A2FBAE
:10CCE000011424B95B182CBF0121002102D36FF07D
:10CCF000150005E0C1609B1A02698A4201D8002034
:10CD000010BDC26801311A604269C3609B1AF3E723
:10CD10002DE9F04105460F46EFF31188202383F3F8
:10CD20001288BFF36F8FC668FEB90468A0421CD09A
:10CD3000DCB1D4E9003213605A60237CC4E9006698
:10CD400023F002032374A66004F1180000F05EFBD8
:10CD50002046C4F88060676100F030FA414605F172
:10CD60000800BDE8F04100F087BA3E60AB69EF60B3
:10CD7000013BAB6188F31188BFF36F8FBDE8F08191
:10CD8000202408B5EFF3118384F31288BFF36F8F6B
:10CD9000FDF788FCF6E7D0E9003213605A60002303
:10CDA000027CC0E9003322F0020202748360704703
:10CDB00013B501240094FBF7ABF802B010BD90F955
:10CDC0000E308B4201D0FBF729BF0020704703468D
:10CDD0000020C3E90033C3E902007047D0E9003204
:10CDE00013605A600023027CC0E9003322F0020283
:10CDF0000274836070472DE9F843904604460D465F
:10CE00009DF82020EFF31187202181F31288BFF3D2
:10CE10006F8F02B14568A66804F10809B14516D0C4
:10CE2000AEB100243046FFF7D9FF06F1180000F03C
:10CE3000EDFA3046C6F88040C6F8148000F0BEF91E
:10CE40004846394600F018FA2046BDE8F883A3B1F9
:10CE50000820FCF7DDFA002832D00122C0F8048057
:10CE60000260016801F003015DB922680A430260B3
:10CE7000626820606AB960600BE04046C8F8003024
:10CE8000EFE72A68032A10D80160616839B9C4E95C
:10CE90000000002087F31188BFF36F8FD5E70A6881
:10CEA00002F0030202430A60E5E722F003020A43AC
:10CEB00002602A6802F0030240EA02032B60E8E7FE
:10CEC0006FF00B00E6E710B5044630B10268930737
:10CED00003D0446809B100F098FB204610BD002340
:10CEE000C0E9003300F10803C0E9023370470123B1
:10CEF00007B5009300230A461946FFF77CFF03B0ED
:10CF00005DF804FB002307B50A4600931946FFF7B6
:10CF100072FF03B05DF804FB00210068FFF7D3BF88
:10CF20003AB18A4205D3C0E90212C0E900000020EC
:10CF300070476FF015007047012302688B4022EAAA
:10CF40000303036022FA01F000F00100704710B5FE
:10CF5000032104460C30FFF7EFFF30B104F110005D
:10CF600000F054FAB0FA80F0400910BD20B1002260
:10CF70009430114600F007BA704770B5C368044694
:10CF8000C3F340069B0716D4856802210C30FFF7D7
:10CF9000D3FF80B1D5F88C206AB194421DD12268AC
:10CFA0009EB9D5F89030C5F88C209C4201D1C5F8C7
:10CFB000902000232360E36813F01F001EBF43F09E
:10CFC0000203E36040F0020070BD3260D5F89020AB
:10CFD000944208BFC5F89060EBE716461268DBE79D
:10CFE00073B50446EFF31185202383F31288BFF352
:10CFF0006F8F00230193D0E90423B3F1004F08BFE2
:10D00000012A05D085F31188BFF36F8F02B070BD80
:10D01000A0F1100603210438FFF78EFF0028F1D09D
:10D02000A369304601A90193FBF76EFAEAE738B528
:10D0300004460D461022002100F0FBFA656038BD61
:10D0400013B501900846EFF31184202383F312886F
:10D05000BFF36F8F01A9FBF757FA84F31188BFF371
:10D060006F8F02B010BD10B5FFF7EAFF041E08DD98
:10D07000EFF31180202383F31288BFF36F8FFBF748
:10D0800039FE204610BD38B530220D460021044639
:10D0900000F0CFFA4FF480736560E36038BDF8B5F7
:10D0A00004460D46EFF31187202383F31288BFF364
:10D0B0006F8FC36803F01F03002B14BF01260026E7
:10D0C00009D0FFF744FF2046FFF757FF29462046C7
:10D0D000FBF7FCF9034687F31188BFF36F8F3BB171
:10D0E0004FF0FF324FF0FF3305F10800FBF702F974
:10D0F0003046F8BDEFF30580003818BF01207047B7
:10D100006FF0570070470020704738B58589EFF3FE
:10D110001181202282F31288BFF36F8F037C13F0FA
:10D12000080404D081F31188BFF36F8F38BD01224A
:10D13000FBF74EFCEB07F9D584F31188BFF36F8F33
:10D140000423184602DFF1E7FBF7FABCD0E900320E
:10D1500013605A600023C0E90033704708B5FFF739
:10D16000F5FF037C23F0020303740023836008BDF2
:10D1700038B504460D46FBF777FB237C43F00203EA
:10D180002374D5B1A5602B689D4209D16B68C4E9B1
:10D1900000531C606C6010E06A689A42F6D01B680D
:10D1A000002BF3D093F90E1094F90E209142F3DD89
:10D1B0005A68C4E9003214605C6038BD10B5EFF302
:10D1C0001184202383F31288BFF36F8FFBF776FB64
:10D1D00084F31188BFF36F8F10BDFBF76FBBFBF7B4
:10D1E00043BB08B5EFF31181202282F31288BFF30D
:10D1F0006F8F83680BB1FFF7B1FF81F31188BFF325
:10D200006F8F08BD08B5037C014613F0280F0CD1C1
:10D2100083680BB1FFF7A2FF0B7C084623F00403E1
:10D220000B74BDE80840FBF749BB08BD10B5EFF330
:10D230001184202383F31288BFF36F8F1838FFF710
:10D24000E1FF84F31188BFF36F8F10BD08B503466B
:10D25000EFF31181202282F31288BFF36F8F0068F1
:10D26000834207D008B1FFF779FF81F31188BFF33C
:10D270006F8F08BD0020F8E70846FBF75FBB38B5A5
:10D28000054604680020AC4200D138BD002CFCD01B
:10D290002046FFF763FF04F1180000F0B7F82046BE
:10D2A000FBF70CFB2C680120A542EDE710B5EFF36E
:10D2B0001184202383F31288BFF36F8FFFF7DFFF02
:10D2C00084F31188BFF36F8F10BD38B505460C4647
:10D2D000FBF724FDB4F1FF3F08BFB5F1FF3F0AD0D3
:10D2E000C11709304FF00A024FF0000341F100016D
:10D2F000F2F786FE38BD4FF0FF30FBE7C117633011
:10D3000008B54FF064024FF0000341F10001F2F75D
:10D3100077FEC117FBF702FD6423584308BD2DE9D2
:10D32000F04706460F4691469A46EFF311882023B0
:10D3300083F31288BFF36F8F0068864206D028B14E
:10D34000736898420CBF0025056868B90024B9F1DC
:10D35000000F02D051462046C84788F31188BFF31A
:10D360006F8F2046BDE8F0875146B8470446002835
:10D37000EDD135B17368AB4200D02C682846254604
:10D38000E3E72C46FAE738B5EFF31185202383F362
:10D390001288BFF36F8F0468A0421CD0ECB1C4F8B0
:10D3A00080106261D4E9003213605A600023227C4D
:10D3B000C4E9003322F002022274A36004F11800D1
:10D3C00000F024F82046FFF708FF012085F31188BC
:10D3D000BFF36F8F38BD0020F8E72046F6E708B5A9
:10D3E0000246FBF7A9FD70B1D0E904319B1A61EB4D
:10D3F000E272B3F1004F72F1000104DA002AACBF0F
:10D400001846002008BD6FF00040FBE7024638B523
:10D41000EFF31185202383F31288BFF36F8F036826
:10D42000D3B1FBF789FD04461046FBF797FD0022B8
:10D430004FF000438442C0E9042305D0002085F367
:10D440001188BFF36F8F38BDFBF77EFDFFF7C7FF75
:10D450000021FAF7ADFAF1E7D0E90413B3F1004F78
:10D4600008BF012904D100204FF00041C2E90401A6
:10D470006FF01500E3E708B5FBF778FE08BDFBF792
:10D4800075BEB3F1FF3F08BFB2F1FF3F70B506466E
:10D490001D46144614D01A4316D0002B08DBFBF7A8
:10D4A00065FE041941EB0501C6E90041304670BD37
:10D4B0006FF001031C1B4FF0FF3363EB0501F3E733
:10D4C0004FF0FF342146EFE70024FBE7B3F1FF3FC5
:10D4D00008BFB2F1FF3FF8B5074616461C4610D00C
:10D4E00054EA020311D0FBF741FEB0420A46A141C3
:10D4F00003460AD2F31A64EB0204C7E90034384643
:10D50000F8BD4FF0FF331C46F7E70023FBE700238D
:10D51000C0E9081200F11802C0E90622C0E9003390
:10D520000363436370472DE9F3470446DDE90A9836
:10D5300015460E4659B302F0010AFBF765FC074693
:10D54000EFF31181202383F31288BFF36F8FA807B5
:10D5500044BF0023A360A36803EA0600BAF1000FEA
:10D560000CD086420CD16A0744BF8343A36081F389
:10D570001188BFF36F8F02B0BDE8F0870028F2D1A9
:10D5800059EA080305D181F31188BFF36F8F00209A
:10D59000F1E7C7E918652246CDE9009804F10C00CF
:10D5A000FBF710FB0028F2D1386EE4E710B50B68EA
:10D5B0000446D0E9180212F0010F03EA000301D07B
:10D5C000984211D183B12366520748BF4A6804F1DB
:10D5D000180044BF1A434A60FFF718FF0023204693
:10D5E000C4F88030FFF70EFE002010BD0023C0E914
:10D5F0000000836070470A46FBF7BEBE0A46002162
:10D60000FBF7BABE5200FFF78EBF20B1011F50F8E2
:10D61000040CFFF73FBB70470A44431E914200D100
:10D62000704710B511F8014B914203F8014FF9D141
:10D6300010BD02440346934200D1704703F8011B1A
:10D64000F9E70246014410B58A42134603D01C781C
:10D650000132002CF8D1181A10BDF0B5C3F137070C
:10D66000044603F01F031046FFB2082BE6B232D087
:10D67000102B3DD06508A40845EAC17544EA8174C1
:10D680008A082D1942EB5102290941EA02716D18ED
:10D6900042EB1212290A41EA02616D1842EB122292
:10D6A000290C41EA02416D1842EB1242AD1842F1D9
:10D6B0000002EC0844EA4274D10804EB8402A6EBB1
:10D6C0004205EDB2092D0CD90134A5F10A0541F14D
:10D6D0000001EDB212E0E40806F0070544EA4174E7
:10D6E000C908303554EA010200F8015BBDD1F0BD34
:10D6F000240906F00F0544EA01740909092D84BFC5
:10D70000ED19EDB2EDE7D1E9043293421EBF5A1C88
:08D710000A6118707047000067
:08D718004029FF7F0100000021
:10D7200000000000A0D7000C4D7E000C000000009F
:10D730008D7E000C0000000000000000F4D7000CFB
:10D7400000000000D8D7000C00000000BCD7000C7F
:10D750000000000010D8000C9171000C00000000C7
:10D760001179000C00000000C90F000C000000003F
:10D77000B927000C000000004183000C00000000ED
:10D78000000000002CD8000C0000000048D8000C5D
:10D790000000000064D8000C1D37000C00000000E1
:10D7A000AAFE000CCCE0000CC4DD000CF602002048
:10D7B000B8120020356F000C00000000E9F5000CE5
:10D7C00024E0000C00000000F20200208410002081
:10D7D000094A000C00000000F5FE000CE4E0000C1B
:10D7E000A0DD000CF8020020F41200206DC9000C2E
:10D7F0000000000003FF000CF0E0000CA0DD000CB6
:10D80000FA020020081300206DC9000C000000007F
:10D81000EEFF000C3CE1000CE0DD000CFE020020FD
:10D820001C1300202977000C0000000046F4000CB7
:10D83000E0DF000C10E0000CF00200204C10002093
:10D84000A144000C000000004FF8000C4CE0000C5C
:10D850007CE0000CF4020020B4010020C958000C48
:10D8600000000000B4FF000CFCE0000C0000000011
:10D87000FC020020691300205573000C000000001A
:10D880000000000089A6000C0000000089A6000C22
:10D890000000000089A6000C0000000089A6000C12
:10D8A0000000000089A6000C0000000089A6000C02
:10D8B0000000000089A6000C0000000089A6000CF2
:10D8C0000000000089A6000C0000000089A6000CE2
:10D8D0000000000089A6000C0000000089A6000CD2
:10D8E0000000000089A6000CBCD7000CDDAF000CC6
:10D8F000BCD7000C0BB0000CBCD7000C3BB0000C2C
:10D90000BCD7000C6BB0000CBCD7000C9BB0000C5B
:10D91000BCD7000CCBB0000CBCD7000CFBB0000C8B
:10D92000BCD7000C2BB1000CBCD7000C5BB1000CB9
:10D93000BCD7000C91B1000CBCD7000CC7B1000CD7
:10D94000BCD7000CFDB1000CBCD7000C33B2000CEE
:10D95000BCD7000C69B2000CBCD7000C9FB2000C05
:10D96000BCD7000CD5B2000C0000000089A6000C4A
:10D970000000000089A6000C0000000089A6000C31
:10D980000000000089A6000C0000000089A6000C21
:10D990000000000089A6000C0000000089A6000C11
:10D9A0000000000089A6000C0000000089A6000C01
:10D9B0000000000089A6000C0000000089A6000CF1
:10D9C0000000000089A6000C0000000089A6000CE1
:10D9D0000000000089A6000C0000000089A6000CD1
:10D9E0000000000089A6000C0000000089A6000CC1
:10D9F0000000000089A6000C0000000089A6000CB1
:10DA00000000000089A6000C0000000089A6000CA0
:10DA10000000000089A6000C0000000089A6000C90
:10DA20000000000089A6000C0000000089A6000C80
:10DA30000000000089A6000C0000000089A6000C70
:10DA40000000000089A6000C0000000089A6000C60
:10DA50000000000089A6000C0000000089A6000C50
:10DA60000000000089A6000C0000000089A6000C40
:10DA70000000000089A6000C0000000089A6000C30
:10DA80000000000089A6000C0000000089A6000C20
:10DA90000000000089A6000C0000000089A6000C10
:10DAA0000000000089A6000C0000000089A6000C00
:10DAB0000000000089A6000C0000000089A6000CF0
:10DAC0000000000089A6000C0000000089A6000CE0
:10DAD0000000000089A6000C0000000089A6000CD0
:10DAE0000000000089A6000C0000000089A6000CC0
:10DAF0000000000089A6000C0000000089A6000CB0
:10DB00000000000089A6000C0000000089A6000C9F
:10DB10000000000089A6000C0000000089A6000C8F
:10DB20000000000089A6000C0000000089A6000C7F
:10DB30000000000089A6000C0000000089A6000C6F
:10DB40000000000089A6000C0000000089A6000C5F
:10DB50000000000089A6000C0000000089A6000C4F
:10DB60000000000089A6000C0000000089A6000C3F
:10DB70000000000089A6000C0000000089A6000C2F
:10DB80000000000089A6000C0000000089A6000C1F
:10DB90000000000089A6000C0000000089A6000C0F
:10DBA0000000000089A6000C0000000089A6000CFF
:10DBB0000000000089A6000C0000000089A6000CEF
:10DBC0000000000089A6000C0000000089A6000CDF
:10DBD0000000000089A6000C0000000089A6000CCF
:10DBE0000000000089A6000C0000000089A6000CBF
:10DBF0000000000089A6000C0000000089A6000CAF
:10DC00000000000089A6000C0000000089A6000C9E
:10DC10000000000089A6000C0000000089A6000C8E
:10DC20000000000089A6000C0000000089A6000C7E
:10DC30000000000089A6000C0000000089A6000C6E
:10DC40000000000089A6000C0000000089A6000C5E
:10DC50000000000089A6000C0000000089A6000C4E
:10DC60000000000089A6000C0000000089A6000C3E
:10DC70000000000089A6000C0000000089A6000C2E
:10DC80000000000089A6000C0000000089A6000C1E
:10DC90000000000089A6000C0000000089A6000C0E
:10DCA0000000000089A6000C0000000089A6000CFE
:10DCB0000000000089A6000C0000000089A6000CEE
:10DCC0000000000089A6000C0000000089A6000CDE
:10DCD0000000000089A6000C0000000089A6000CCE
:10DCE0000000000089A6000C0000000089A6000CBE
:10DCF0000000000089A6000C0000000089A6000CAE
:10DD00000000000089A6000C0000000089A6000C9D
:10DD10000000000089A6000C0000000089A6000C8D
:10DD20000000000089A6000C0000000089A6000C7D
:10DD30000000000089A6000C0000000089A6000C6D
:10DD40000000000089A6000C0000000089A6000C5D
:10DD500048D8000C2552000C0000000089A6000CD9
:10DD60000000000089A6000C0000000089A6000C3D
:10DD7000380A0020701A0020000400007548000CCA
:10DD80000000000000000000000000000E00000085
:10DD900000000000A9F4000C0000000000000000DA
:10DDA000A5C9000CDDC8000CE9C8000CFBC8000CBC
:10DDB00005C9000C0FC9000CE171000C19C9000C59
:04DDC00071C9000C19
:10DDC4006964000C6562000C000000002161000C15
:0CDDD4007DC6000C00000000915D000CFA
:10DDE000E3CA000CF9CA000C15CB000C2976000C14
:04DDF00007CB000C51
:10DDF400EBE5000C03000000B9FE000C030000007A
:10DE0400BCFF000C0300000011FF000C0300000025
:10DE14005AF4000C0200000023FF000C0100000073
:10DE2400A9F4000C0300000007F6000C0300000036
:10DE34000FE6000C0300000013E6000C03000000D2
:10DE440013E7000C03000000C9E4000C0300000009
:10DE5400FDEB000C030000000BF4000C03000000B9
:10DE64007FEC000C03000000E200010C0300000042
:10DE740040E5000C03000000FCE5000C030000007A
:10DE8400FEFF000C03000000BAF6000C02000000C4
:10DE94005CF8000C02000000ACF1000C0200000071
:10DEA400DDEE000C02000000A9F2000C02000000EC
:10DEB400C6EF000C0200000068ED000C0200000038
:10DEC4005FED000C0200000034F3000C02000000BF
:10DED40051F4000C02000000E5F2000C0200000006
:10DEE4007BF0000C020000003CF3000C0200000078
:08DEF40034E3000C0300000000
:10DEFC0084DF000C1401002002E7000C010000007C
:0CDF0C00000000006904000C0000000090
:10DF18002CE3000C00000000700500200001000048
:10DF2800DDA3000C7BA3000C0200000085A5000CFB
:10DF380000000000000000000000000000000000D9
:10DF4800E2E6000CEAE6000C000000000000000019
:10DF580000000000F2E6000CF6E6000CFAE6000C01
:10DF6800FEE6000C74DF000CF80F00206D19000CA1
:10DF780010100020671300200100000045A6000CC7
:10DF88003BA6000C09A6000CFDA5000C0000000033
:10DF9800F1A5000C000000000000002000000000B7
:10DFA8000600010002000000B4DF000C00000008B9
:10DFB80070EC000C06000000E0FF1F0C00000020C1
:10DFC80078EC000C21000000E0FF07204528000C39
:10DFD8000000000019A7000CAA0200202C01002054
:10DFE80000000000F4030020400100206C01002024
:10DFF80058010020D4DF000C0CE0000C00000000E9
:10E0080000000000A8340020000000005D47000C5C
:10E01800F146000C000000000000000000A00144D0
:10E02800A0D7000C1A7F132403C5FF1F0BB3000CE5
:10E0380001000000C0E0000C5803002000000000B0
:10E04800000000000000004608000000B810002092
:10E05800B8110020701E002000040000020000001B
:10E0680000000000000000005FBC000C59BC000C60
:10E0780064000000D3BB000C0156000CD9C0000C92
:10E088003FBB000CE7BF000C00000000E1BC000C27
:10E0980069BE000CC151000CC1BB000C114F000C33
:10E0A8001D58000C754F000CCD4F000CF950000C9A
:10E0B8006BBF000C95C0000C49C6000C00000000A6
:10E0C80031C6000C00C0004400E0004400000144D8
:10E0D800002001440080004405000000FFFFFFFF0E
:10E0E8008011804423000000FFFFFFFF8010804460
:10E0F800210000001E0000000200000014E1000CD6
:10E10800D80C0020DD72000C00000000F4D7000CD1
:10E118001A0011000B000000D8D7000C02001100F3
:10E1280002000000001080448010804400118044E8
:10E138008011804400C20100030001000020004556
:10E14800000100000100000000000000A0D7000C42
:10E158002E7F302423DAFF1F64E1000C6CE1000CF1
:10E1680001000000AEE1000C020000009800010C64
:10E17800A600010CBA00010CC900010CD500010C65
:10E1880020D7000C20D7000C60D7000C68D7000CF3
:10E19800A0D7000CA0D7000CE500010C000100007E
:10E1A800000000000904902300008023000046615D
:10E1B800696C656420746F20696E697469616C6943
:10E1C8007A65206C616E6775616765206465736345
:10E1D800726970746F722028256429004661696C21
:10E1E800656420746F20696E697469616C697A6509
:10E1F800206D616E75666163747572657220646501
:10E208007363726970746F722028256429004661EF
:10E21800696C656420746F20696E697469616C69E2
:10E228007A652070726F64756374206465736372B5
:10E238006970746F722028256429004661696C65CD
:10E248006420746F20696E697469616C697A6520ED
:10E25800534E2064657363726970746F7220282549
:10E268006429004661696C656420746F2061646488
:10E2780020486967682D537065656420636F6E6612
:10E28800696775726174696F6E004661696C65646F
:10E2980020746F20616464207265676973746572A5
:10E2A80020636C6173736573004661696C656420F3
:10E2B800746F206164642046756C6C2D53706565BD
:10E2C8006420636F6E66696775726174696F6E004A
:10E2D8004661696C656420746F2072656769737440
:10E2E8006572206D6573736167652063616C6C622C
:10E2F80061636B004661696C656420746F20696EA8
:10E30800697469616C697A652064657669636520FA
:10E31800737570706F72740073616D706C655F7582
:10E32800736264006466755F646675007573626421
:10E338005F73616D706C655F636F6E6669670055CA
:10E348006E7265636F676E697A656420696E707551
:10E358007420636F64652025752076616C7565206F
:10E368002564004661696C656420746F207075745B
:10E37800206E657720696E707574206576656E7499
:10E3880000476574205265706F7274206E6F742038
:10E39800696D706C656D656E7465642C2054797058
:10E3A8006520257520494420257500484944206486
:10E3B800657669636520257320696E746572666188
:10E3C8006365206973202573004C45442064657695
:10E3D800696365202573206973206E6F74207265E8
:10E3E800616479004661696C656420746F20636FAD
:10E3F8006E66696775726520746865204C454420AF
:10E4080070696E2C206572726F723A20256400481C
:10E41800494420446576696365206973206E6F748A
:10E42800207265616479004661696C656420746F67
:10E438002072656769737465722048494420446591
:10E44800766963652C202564004661696C656420E3
:10E45800746F20696E697469616C697A65205553B7
:10E468004220646576696365004661696C6564206D
:10E47800746F20656E61626C65206465766963659A
:10E4880020737570706F7274005553422048494468
:10E4980020646576696365206973206E6F742072E5
:10E4A8006561647900484944207375626D69742018
:10E4B8007265706F7274206572726F722C20256499
:10E4C800006D61696E006865617020636F727275B6
:10E4D8007074696F6E20286E6F7420696E20757372
:10E4E800653F29206174202570006865617020638C
:10E4F8006F7272757074696F6E20286275666665D2
:10E5080072206F766572666C6F773F292061742080
:10E518002570006865617020636F72727570746928
:10E528006F6E2028646F75626C6520667265653F42
:10E5380029206174202570006F735F686561700021
:10E5480028756E7369676E65642920636861722037
:10E558002A207573656420666F72202525702061F6
:10E568007267756D656E742E204974277320726505
:10E57800636F6D6D656E64656420746F206361738D
:10E588007420697420746F20766F6964202A206271
:10E59800656361757365206974206D6179206361B5
:10E5A800757365206D69736265686176696F72203D
:10E5B800696E206365727461696E20636F6E666947
:10E5C8006775726174696F6E732E20537472696E09
:10E5D800673A2225732220617267756D656E743AF9
:10E5E80025640063627072696E74665F7061636B44
:10E5F800616765007379735F6765746F7074006C29
:10E608006F6767696E67006C6F67006C6F675F6D37
:10E61800676D74004D6573736167652028222573E3
:10E6280022292064726F7070656420626563617569
:10E638007365206974206578636565647320736900
:10E648007A65206C696D69746174696F6E2028251C
:10E658007529004D6573736167652064726F70700A
:10E6680065642062656361757365206974206578E7
:10E6780063656564732073697A65206C696D697474
:10E688006174696F6E2028257529000D0A001B5BCF
:10E69800306D00257320005B2530386C755D2000D7
:10E6A8005B253032753A253032753A253032752E71
:10E6B800253033752C253033755D20003C25733E9D
:10E6C800200025732F0025733A200025303278204A
:10E6D80000202020007C002563001B5B313B333188
:10E6E8006D001B5B313B33336D00657272007772CE
:10E6F8006E00696E6600646267006C6F675F6261D6
:10E70800636B656E645F75617274006C6F675F75CB
:10E718006172740072302F61313A202030782530D0
:10E728003878202072312F61323A20203078253015
:10E738003878202072322F61333A20203078253003
:10E7480038780072332F61343A20203078253038F9
:10E7580078207231322F69703A202030782530388D
:10E7680078207231342F6C723A2020307825303876
:10E77800780020787073723A202030782530387805
:10E78800004661756C74696E6720696E7374727582
:10E798006374696F6E206164647265737320287294
:10E7A80031352F7063293A20307825303878005574
:10E7B8006E68616E646C6564204952516E3A20251A
:10E7C80064002A2A2A2A2A205553414745204641CF
:10E7D800554C54202A2A2A2A2A002020446976697E
:10E7E80073696F6E206279207A65726F00202055F8
:10E7F8006E616C69676E6564206D656D6F727920F6
:10E80800616363657373002020537461636B206FC9
:10E81800766572666C6F772028636F6E746578749E
:10E828002061726561206E6F742076616C6964295D
:10E838000020204E6F20636F70726F636573736F73
:10E848007220696E737472756374696F6E730020D9
:10E8580020496C6C6567616C206C6F6164206F6621
:10E86800204558435F52455455524E20696E746F87
:10E87800205043002020496C6C6567616C207573DB
:10E8880065206F662074686520455053520020202B
:10E89800417474656D707420746F20657865637554
:10E8A800746520756E646566696E656420696E734B
:10E8B8007472756374696F6E002A2A2A2A2A204D99
:10E8C8005055204641554C54202A2A2A2A2A0020ED
:10E8D80020537461636B696E67206572726F722072
:10E8E80028636F6E746578742061726561206D6944
:10E8F800676874206265206E6F742076616C696445
:10E9080029002020556E737461636B696E672065FA
:10E9180072726F72002020446174612041636365E4
:10E9280073732056696F6C6174696F6E0020204D97
:10E938004D46415220416464726573733A203078C1
:10E948002578002020496E737472756374696F6E40
:10E95800204163636573732056696F6C6174696FD6
:10E968006E002020466C6F6174696E672D706F6948
:10E978006E74206C617A792073746174652070728A
:10E9880065736572766174696F6E206572726F72F5
:10E99800002A2A2A2A2A20425553204641554C54F7
:10E9A800202A2A2A2A2A002020537461636B696E60
:10E9B80067206572726F72002020507265636973F8
:10E9C80065206461746120627573206572726F726C
:10E9D8000020204246415220416464726573733AB4
:10E9E8002030782578002020496D7072656369733E
:10E9F80065206461746120627573206572726F723C
:10EA0800002020496E737472756374696F6E20629A
:10EA18007573206572726F72002A2A2A2A2A205377
:10EA28004543555245204641554C54202A2A2A2A06
:10EA38002A002020416464726573733A2030782577
:10EA480078002020496E76616C696420656E747266
:10EA58007920706F696E74002020496E76616C6948
:10EA68006420696E74656772697479207369676E6A
:10EA78006174757265002020496E76616C69642046
:10EA8800657863657074696F6E2072657475726EEF
:10EA98000020204174747269627574696F6E207504
:10EAA8006E69742076696F6C6174696F6E002020DE
:10EAB800496E76616C6964207472616E73697469F9
:10EAC8006F6E0020204C617A792073746174652020
:10EAD800707265736572766174696F6E0020204C80
:10EAE800617A79207374617465206572726F72003F
:10EAF80052657365727665642045786365707469DC
:10EB08006F6E20280053707572696F757320696E77
:10EB18007465727275707420284952512000202043
:10EB28005320696E737472756374696F6E206164C3
:10EB380064726573733A202030782578002A2A2A6F
:10EB48002A2A2048415244204641554C54202A2A1A
:10EB58002A2A2A002020427573206661756C742069
:10EB68006F6E20766563746F72207461626C6520C5
:10EB7800726561640020204465627567206576656A
:10EB88006E740020204661756C7420657363616C37
:10EB98006174696F6E20287365652062656C6F7794
:10EBA8002900415243485F455843455054207769EE
:10EBB800746820726561736F6E2025780A002A2AAE
:10EBC8002A2A2A204465627567206D6F6E69746F02
:10EBD8007220657863657074696F6E202A2A2A2A04
:10EBE8002A002A2A2A2A2A20257320256429202A4D
:10EBF8002A2A2A2A006D7075004661696C656420AE
:10EC0800746F20616C6C6F63617465206E6577202A
:10EC18004D505520726567696F6E2025750A005042
:10EC28006172746974696F6E2025753A20636F6824
:10EC38006572656E636520636865636B20666169EC
:10EC48006C65642E00496E76616C696420756E642B
:10EC580065726C79696E6720726567696F6E206985
:10EC68006E64657820257500464C4153485F300036
:10EC78005352414D5F30006E65745F6275665F7315
:10EC8800696D706C650055534220646576696365EB
:10EC980020737570706F727420697320616C72656F
:10ECA80061647920696E697469616C697A65640068
:10ECB8005553422064657669636520636F6E74728C
:10ECC8006F6C6C6572206973206E6F742072656159
:10ECD80064790055534220646576696365207375CD
:10ECE80070706F7274206973206E6F7420696E691A
:10ECF8007469616C697A656400555342206465766D
:10ED080069636520737570706F7274206973206110
:10ED18006C726561647920656E61626C6564004639
:10ED280061696C656420746F20656E61626C652032
:10ED3800636F6E74726F6C6C65720042756666659F
:10ED48007220707265616C6C6F636174696F6E209C
:10ED58006661696C656400757362645F64657600FA
:10ED6800757362645F64657363004661696C6564AA
:10ED780020746F20656E71756575652053746174B4
:10ED8800757320494E206275666665720046616932
:10ED98006C656420746F20656E71756575652053A8
:10EDA800455455502062756666657200436F6E66FD
:10EDB800696775726174696F6E20646573637269DF
:10EDC80070746F72202575206E6F7420666F756E73
:10EDD800640043616E206F6E6C792068616E646CAC
:10EDE8006520636F6E74726F6C20726571756573E0
:10EDF8007473004D616C666F726D65642073657421
:10EE08007570207061636B657400556E6578706508
:10EE18006374656420627566666572206C696E6BE2
:10EE2800656420746F207365747570004661696C41
:10EE3800656420746F207365742064657669636502
:10EE480020616464726573732030782578004661A8
:10EE5800696C656420746F2073657420636F6E66D7
:10EE6800696775726174696F6E2025752C20256439
:10EE7800004857494E464F206E6F7420696D706C7C
:10EE8800656D656E746564206F7220656E61626C75
:10EE98006564004661696C656420746F20656E71F5
:10EEA8007565756520537461747573204F555420CA
:10EEB800627566666572004661696C656420746F88
:10EEC80020656E61626C6520544553545F4D4F4414
:10EED8004520257500757362645F63683900466173
:10EEE800696C656420746F20676574206366675F6A
:10EEF8006E642C206465737069746520636F6E6638
:10EF080069677572656420737461746500556E7203
:10EF180065636F76657261626C65206572726F7287
:10EF28002025642C206570203078253032782C20FC
:10EF3800627566202570004661696C656420746F8F
:10EF4800207365742064656661756C7420616464FF
:10EF580072657373206166746572206275732072BE
:10EF680065736574004661696C656420746F20730D
:10EF780065742064656661756C742073746174656A
:10EF8800206166746572206275732072657365749A
:10EF980000554443206572726F72206576656E7401
:10EFA800004661696C656420746F20696E6974201D
:10EFB8006465766963652064726976657200757345
:10EFC80062645F636F726500456E64706F696E6737
:10EFD80020307825303278206E6F74206173736921
:10EFE800676E6564004661696C656420746F2061B2
:10EFF800737369676E20656E64706F696E742061E3
:10F008006464726573736573004661696C65642036
:10F01800746F20696E697469616C697A6520636CC4
:10F0280061737320696E7374616E6365004661690C
:10F038006C656420746F20696E697420485320637E
:10F048006F6E66696775726174696F6E20257500E9
:10F058004661696C656420746F20696E6974204626
:10F068005320636F6E66696775726174696F6E208D
:10F07800257500757362645F696E6974004661691D
:10F088006C656420746F20726573657420636F6E9D
:10F0980066696775726174696F6E0046656174753B
:10F0A8007265206E6F7420737570706F727465640A
:10F0B80020627920636F6E74726F6C6C6572005594
:10F0C80053422064657669636520737570706F724A
:10F0D8007420697320696E697469616C697A656402
:10F0E80000436F6E74726F6C6C657220646F657329
:10F0F8006E277420737570706F72742048530055B2
:10F108006E737570706F7274656420636F6E666974
:10F118006775726174696F6E207370656564004805
:10F128005320636F6E66696720616C7265616479EC
:10F13800206F6E204653206C697374004653206319
:10F148006F6E66696720616C7265616479206F6EA5
:10F15800204853206C69737400436F6E6669677545
:10F16800726174696F6E2025752072652D696E73E2
:10F178006572746564004661696C656420746F200B
:10F1880061646420636F6E66696775726174696F24
:10F198006E20737472696E67206465736372697038
:10F1A800746F7200757362645F63666700555342DB
:10F1B8002064657669636520636C617373202573C9
:10F1C800206E6F7420666F756E64004E6F20636FDB
:10F1D8006E66696775726174696F6E2073657420F5
:10F1E80028416464726573732073746174652900BF
:10F1F800436C61737320696E7374616E636520611B
:10F208006C7265616479207265676973746572658B
:10F218006400436C61737320726567697374657207
:10F22800656420746F206F7468657220636F6E74F4
:10F2380065787420617420646966666572656E74A9
:10F24800207370656564004661696C656420746F3D
:10F2580020726567697374657220257320746F2046
:10F26800485320636F6E66696775726174696F6E63
:10F27800202575004661696C656420746F2072658D
:10F2880067697374657220257320746F2046532054
:10F29800636F6E66696775726174696F6E20257534
:10F2A80000757362645F636C617373004661696CB7
:10F2B800656420746F2068616E646C65206F7020CF
:10F2C80025642C206570203078253032782C206217
:10F2D8006D203078253038782C20256400757362CD
:10F2E800645F696661636500646576696365206962
:10F2F800732073757370656E64656400536574205C
:10F3080068616C7420307825303278206661696CC9
:10F31800656400436C6561722068616C74203078A4
:10F3280025303278206661696C65640075736264A3
:10F338005F657000757362645F6D73670048494468
:10F348002064657669636520646F6573206E6F74E9
:10F35800207365656D20746F20626520726567692A
:10F36800737465726564004661696C656420746FC6
:10F378002061646420696E746572666163652073D8
:10F388007472696E672064657363726970746F72F2
:10F39800006765745F7265706F72742063616C6C6E
:10F3A8006261636B206973206D697373696E6700AE
:10F3B8007365745F7265706F72742063616C6C62E0
:10F3C80061636B206973206D697373696E6700737D
:10F3D80065745F70726F746F636F6C2063616C6CBF
:10F3E8006261636B206973206D697373696E67006E
:10F3F8004661696C656420746F20616C6C6F636131
:10F408007465206E65745F627566004661696C6537
:10F418006420746F20616C6C6F6361746520627521
:10F4280066666572004661696C656420746F206564
:10F438006E71756575652062756666657200484906
:10F448004430006869645F3000757362645F68699E
:10F4580064006869645F617069006B5F6D736771F0
:10F468005F676574206572726F723A202564004583
:10F4780076656E742064726F707065642C20717587
:10F488006575652066756C6C2C206E6F7420626CD7
:10F498006F636B696E6720696E2073797377712E5D
:10F4A80000696E70757400556E737570706F727444
:10F4B800656420706F72742069642070726F766959
:10F4C8006465640054696D656F757420776169744B
:10F4D800696E6720666F72204549435F53594E43F2
:10F4E80042555359206269747320746F20636C65A8
:10F4F800617200436C6F636B20636F6E74726F6C24
:10F50800206F6E206661696C656420666F72206D7D
:10F51800636C6B20256400436C6F636B20636F6EB4
:10F5280074726F6C206F6E206661696C656420660A
:10F538006F722067636C6B202564004E6F2045490D
:10F5480043206C696E65206173736F6369617465CC
:10F5580064207769746820706F7274202564207045
:10F56800696E20256400496E76616C696420706F4D
:10F57800727420696420706173736564006E6F2013
:10F588006173736F63696174656420656963206C76
:10F59800696E6520666F756E6400454943204C6945
:10F5A8006E6520256420616C7265616479206F77CF
:10F5B8006E656420627920706F72742025642070F3
:10F5C800696E202564202872657175657374656499
:10F5D80020706F72742025642070696E202564295C
:10F5E80000696E746572727570742D636F6E7472D3
:10F5F8006F6C6C6572403434303161303030006982
:10F608006E74635F6D6368705F6569635F6731001F
:10F6180073757370656E6400726573756D650053FC
:10F62800707572696F7573202573206576656E74C1
:10F638000065702030782530327820616C72656101
:10F64800647920656E61626C656400456E64706FF4
:10F65800696E74203078253032782076616C696460
:10F668006174696F6E206661696C656400657020FD
:10F6780030782530327820616C7265616479206455
:10F68800697361626C6564004661696C65642074C5
:10F698006F20616C6C6F63617465206E65745F6266
:10F6A800756620257A642C206570203078253032E4
:10F6B8007800756463004661696C656420746F2026
:10F6C80064697361626C6520636F6E74726F6C201D
:10F6D800656E64706F696E74204F55540046616999
:10F6E8006C656420746F2064697361626C65206363
:10F6F8006F6E74726F6C20656E64706F696E7420C3
:10F70800494E004661696C656420746F20726573A8
:10F718006572766520455030204649464F0055535E
:10F728004220636F6E74726F6C6C657220726573C1
:10F7380065742074696D656F757400555342206354
:10F748006F6E74726F6C6C657220656E61626C6549
:10F758002073796E632074696D656F7574005553F5
:10F7680042205048592072656164792074696D653A
:10F778006F75740052656D6F74652077616B657580
:10F788007020726571756573746564206275742084
:10F79800646576696365206973206E6F742073757C
:10F7A8007370656E6465640065705F656E7175651C
:10F7B8007565204550305F494E3A205478506B7437
:10F7C80052647920616C7265616479207365742074
:10F7D80028435352304C3D30782530327829202048
:10F7E800736B6970706564004661696C6564206557
:10F7F8006E61626C696E67206570203078253032E2
:10F8080078004661696C656420746F207265676969
:10F8180073746572204F555420656E64706F696EFD
:10F8280074202564004661696C656420746F2072D9
:10F838006567697374657220494E20656E64706FE0
:10F84800696E742025640075736240343630303038
:10F85800303030007564635F6D6368705F673200D5
:10F8680025733A20434C4F434B5F434F4E54524FFE
:10F878004C5F5355425359535F414C4C2069732098
:10F888006E6F7420737570706F7274656400257381
:10F898003A20496E76616C69642073756273797376
:10F8A80074656D20747970653D25640025733A2070
:10F8B800496E76616C696420696E7374616E636504
:10F8C80020256420666F7220747970652025642075
:10F8D800286D6178202564290025733A20526563D4
:10F8E80075727369766520646570656E64656E63AC
:10F8F800792064657465637465640025733A2049EA
:10F908006E76616C696420504C4C20736F7572631D
:10F918006520646570656E64656E63790025733A69
:10F9280020496E76616C69642047434C4B50494EC0
:10F9380020736F757263652049440025733A204E21
:10F94800554C4C20636F6E66696775726174696F98
:10F958006E20706F696E7465720025733A20496E67
:10F9680076616C69642073756273797374656D2050
:10F97800747970653D256420696E7374616E636582
:10F988003D25640025733A2044464C4C34384D5389
:10F99800594E432074696D656F7574206F6E2077BA
:10F9A800726974696E67204F53434354524C5F44E5
:10F9B800464C4C4354524C420025733A2044464C22
:10F9C8004C34384D53594E432074696D656F7574C6
:10F9D800206F6E2077726974696E67204F534343B6
:10F9E80054524C5F44464C4C4D554C0025733A20BC
:10F9F80044464C4C34384D53594E432074696D6518
:10FA08006F7574206F6E2077726974696E67204F06
:10FA180053434354524C5F44464C4C4354524C411C
:10FA28000025733A2047434C4B5F53594E43425588
:10FA380053592074696D656F7574206F6E207772E5
:10FA48006974696E672047434C4B5F47454E435482
:10FA5800524C5B25645D0025733A2074696D656FAF
:10FA68007574206F6E2077726974696E67204743DA
:10FA78004C4B5F5043484354524C5F4348454E5F9C
:10FA88004D736B0025733A20496E76616C6964206A
:10FA980073756273797374656D0025733A20556EBA
:10FAA800737570706F72746564207375627379739F
:10FAB80074656D20747970650025733A2047434C4E
:10FAC8004B47454E302063616E6E6F74206265202F
:10FAD80064697361626C65642028616C776179730D
:10FAE800204F4E290025733A20504C4C5B25645D0D
:10FAF800206C6F636B2074696D6564206F7574008A
:10FB080025733A20436C6F636B20616C7265616486
:10FB18007920656E61626C65640025733A20556EC4
:10FB2800737570706F7274656420636C6F636B209B
:10FB380073756273797374656D20747970652025A7
:10FB4800640025733A20436C6F636B204F4E206F1F
:10FB58007065726174696F6E206661696C656400B6
:10FB680025733A20436C6F636B204F4E2074696D88
:10FB7800656F75740025733A20584F53432072659A
:10FB88006164792074696D6564206F7574002573EC
:10FB98003A20736B697070696E672064666C6C34A8
:10FBA800386D5F696E69742C2061732044464C4C33
:10FBB80020697320616C7265616479206F6E00251D
:10FBC800733A20736B697070696E672064666C6C39
:10FBD80034386D5F696E69742C20617320736F759A
:10FBE8007263652067636C6B2D2564206973206FD1
:10FBF80066662E20284D6178696D756D20696E697D
:10FC080074207265747279203D202564290025735B
:10FC18003A20736B697070696E672064666C6C3427
:10FC2800386D5F696E69742C2061732044464C4CB2
:10FC38002069732064726976696E672067636C6BEC
:10FC4800302028435055290025733A2044464C4C0F
:10FC580034384D2072656164792074696D6564205B
:10FC68006F75740025733A2044464C4C34384D5314
:10FC7800594E432074696D656F7574206F6E2077D7
:10FC8800726974696E672047434C4B5F5043484321
:10FC980054524C0025733A20736F75726365206364
:10FCA8006C6F636B202864726976696E6720504CAC
:10FCB8004C5F256429206973206F66662E20284DC5
:10FCC8006178696D756D20696E69742072657472EA
:10FCD80079203D202564290025733A205355504347
:10FCE8005F5354415455532074696D656F75742082
:10FCF8006F6E2077726974696E6720535550435F41
:10FD0800565245474354524C0025733A2074696D46
:10FD1800656F7574206F6E2077726974696E6720DD
:10FD28006672616374696F6E616C20646976696478
:10FD380065720025733A20736B697070696E67206D
:10FD4800706C6C5F25645F6F75745F25645F696EA6
:10FD580069742C20617320697420697320616C7246
:10FD680065616479206F6E0025733A20736B697042
:10FD780070696E6720706C6C5F25645F6F75745F67
:10FD880025645F696E69742C2061732064726976DA
:10FD9800696E6720504C4C206973206F6666002599
:10FDA800733A20736B697070696E6720786F73633C
:10FDB80033326B5F696E69742C206173206974201B
:10FDC800697320616C7265616479206F6E002573B8
:10FDD8003A204F534333324B4354524C207265619F
:10FDE80064792074696D6564206F75740025733AB1
:10FDF80020736B697070696E672067636C6B6765E9
:10FE08006E2D25645F696E69742C20617320697496
:10FE180020697320616C7265616479206F6E0025BA
:10FE2800733A20736B697070696E672067636C6BD7
:10FE380067656E5F696E69742C20617320736F75D6
:10FE4800726365206F662067636C6B2D25642C20B8
:10FE58006973206F66662E20284D6178696D756D0F
:10FE680020696E6974207265747279203D2025645A
:10FE7800290025733A2047434C4B5F53594E434260
:10FE88005553592074696D656F7574206F6E2077AE
:10FE9800726974696E672047434C4B5F4354524CF8
:10FEA8004100636C6F636B40343430313230303032
:10FEB80000636C6F636B5F6D6368705F7069633359
:10FEC80032636B5F73675F676300496E76616C6965
:10FED800642074726967676572206D6F6465206657
:10FEE8006F7220696E7465727275707400677069DC
:10FEF8006F403434383031313830006770696F40C2
:10FF08003434383031303830006770696F5F6D6372
:10FF180068705F706F72745F6731006877696E66CA
:10FF28006F5F6D6368705F6731006B65795F696EDD
:10FF380064657820256420676574206661696C654E
:10FF4800643A2025640050696E20256420636F6E32
:10FF580066696775726174696F6E206661696C6540
:10FF6800643A20256400436F756C64206E6F7420BA
:10FF7800736574206770696F2063616C6C6261637C
:10FF88006B0050696E20256420696E746572727505
:10FF9800707420636F6E66696775726174696F6EDD
:10FFA800206661696C65643A202564006275747422
:10FFB8006F6E73006770696F5F6B65797300546962
:10FFC8006D656F75742077616974696E6720666FF7
:10FFD8007220554152542053594E4342555359208B
:10FFE800636C65617200736572636F6D40343530A0
:08FFF800303230303000756139
:020000040C01ED
:1000000072745F6D6368705F736572636F6D5F6755
:10001000310048616C74696E672073797374656D23
:1000200000556E6B6E6F776E206572726F72007521
:100030006E6B6E6F776E003E3E3E205A45504859BB
:100040005220464154414C204552524F5220256483
:100050003A202573206F6E204350552025640046BA
:1000600061756C7420647572696E6720696E746561
:1000700072727570742068616E646C696E670A00D4
:1000800043757272656E74207468726561643A209B
:100090002570202825732900435055206578636515
:1000A0007074696F6E00556E68616E646C65642073
:1000B000696E7465727275707400537461636B203D
:1000C0006F766572666C6F77004B65726E656C203B
:1000D0006F6F7073004B65726E656C2070616E6936
:1000E00063006F7300737973776F726B71002A2AE4
:1000F0002A20426F6F74696E67205A657068797242
:10010000204F53206275696C64203061303235377E
:10011000303936326161202A2A2A0A00286E756C2D
:100120006C29002A666C6F61742A00485320436F63
:100130006E66696775726174696F6E00465320431D
:100140006F6E66696775726174696F6E00555342B0
:10015000442073616D706C65005A65706879722017
:1001600050726F6A6563740005010902A1010901FB
:10017000A100050919012902150025017501950243
:10018000810275069501810105010930093109389F
:100190001581257F750895038106C0C0206D6573A4
:1001A00073616765732064726F70706564202D2DB4
:1001B0002D0D0A1B5B306D001B5B313B33316D2D08
:1001C0002D2D200030313233343536373839414225
:1001D0004344454600484944300000000000000008
:1001E000000000AAAAAAAAAAAAAAAAEEEEEEEEEE19
:1001F000EEEEEEFEFFFFFFFFFFFFFFFFFFFFFF7FC3
:10020000BFDFEFF7FBFDFC7EBFDFEFF7FBFD7E3FBF
:100210003F3F3F3F3F3F3F1F3F3F3F3F3F3F3F3F0E
:100220000300003F3F3F3F2F3F3F00000500000B12
:10023000380040636C6F636B5F6D6368705F696EFD
:10024000697400636C6F636B5F6F6E00636C6F63E8
:100250006B5F6D6368705F6F6E00636C6F636B5F85
:100260006D6368705F6F666600636C6F636B5F677A
:1002700065745F726174655F67636C6B67656E0060
:10028000636C6F636B5F6D6368705F6765745F72EB
:1002900061746500636C6F636B5F636F6E66696743
:1002A0007572655F67636C6B67656E00636C6F6327
:1002B0006B5F636F6E6669677572655F706C6C000B
:1002C000636C6F636B5F636F6E6669677572655FA2
:1002D00064666C6C00636C6F636B5F636865636B13
:1002E0005F73756273797300636C6F636B5F6D63CB
:1002F00068705F636F6E66696775726500636C6FC7
:10030000636B5F67636C6B67656E5F696E697400D2
:10031000636C6F636B5F786F736333326B5F696EAF
:10032000697400636C6F636B5F706C6C5F6F757486
:100330005F696E697400636C6F636B5F706C6C5F98
:10034000696E697400636C6F636B5F64666C6C34B8
:10035000386D5F696E697400636C6F636B5F786F93
:1003600073635F696E697400636C6F636B5F6F6E5C
:0C0370005F706C6C0005060700010000C7
:10037C0000000000AD43000C000000000001000074
:10038C000000000000000000000000000000000061
:10039C000000000000000000000000000000000051
:1003AC000000000074020020580000200000000033
:1003BC0000000000000000007D0200207000002002
:1003CC000000000000000000000000000000000021
:1003DC0000040100000000002B01010C22030000AE
:1003EC0000000000000000000004010000000000FC
:1003FC003C01010C22030000000000000000000082
:10040C0000030300000000000000000000030000D7
:10041C0000000000000000000002010000000000CD
:10042C004D01010C1803000000000000000000004A
:10043C0000010100000000005901010C1E03000026
:10044C0000000000000000000000000000000000A0
:10045C00ACE1000C040300002D05000C0D05000C94
:10046C000000000000000000000000000000000080
:10047C00000000000000000000000000839E000C43
:10048C009BA3000C6CDF000C0000000000000000BF
:10049C000FA7000C00000000000000004BF4000C43
:1004AC000000000080010020000000002CD8000C8F
:1004BC00000000000000000000050100000000002A
:1004CC00D501010C0A030000AA020020B30200208F
:1004DC00C3020020D102002000000000AA0200206C
:1004EC00B3020020BC020020CA0200200000000061
:1004FC000000000000000000C944000C7545000C11
:10050C00B9AE000CA7AE000C71AF000C99AE000C8C
:10051C0073AF000C4FAF000C7D46000CB3AF000C5A
:10052C00A9AE000C0000000000000000000000005C
:10053C0000000000000000000000000000000000AF
:10054C00000000000000000000000000000000009F
:10055C00000000000000000000000000000000008F
:10056C00000000000000000000000000000000007F
:10057C00000000000000000000000000000000006F
:10058C00000000000000000000000000000000005F
:10059C00000000000000000000000000000000004F
:1005AC00000000000000000038020020380200208B
:1005BC0000000000000000000E0000000000000021
:1005CC000000000000000000C00A00200000000035
:1005DC000000000000000000C80000006C020020B9
:1005EC006C02002009020000000100C07D0902001D
:1005FC0000000100C07D12010002EF020140E32F58
:10060C00070004040000000012010002EF02014088
:10061C00E32F07000404000000000904000001039C
:10062C0000000009211101000122000007058103CF
:10063C004000010705810340000400000000000099
:10064C00000000000000000000000000000000009E
:0F065C000000000000000000000000000000008F
:10066B00000000000000000000000000000000007F
:01067B00007E
:10067C00000000000000000000000000000000006E
:10068C00000000000000000000000000000000005E
:10069C00000000000000000000000000000000004E
:0806AC00000000000000000046
:0406B4000000000042
:1006B8003C0300203C0300202834002000000000F8
:0C06C8000800000010000000000000000E
:1006D40000000000B035002000040000000000000D
:0406E4000000000012
:1006E8006C0300206C0300200C00000010000000C8
:1006F800F0340020B0350020F0340020F034002021
:100708000000000000000000940300209403002073
:100718000400000002000000F03B0020F83B00202D
:10072800F03B0020F03B002000000000000000002B
:10073800BC030020BC0300200C0000000A000000DD
:10074800B033002028340020B0330020B03300201C
:08075800000000000000000099
:10076000E4030020E403002000000000010000007A
:100770000000000000000000FC030020FC0300203B
:10078000020002000A00000000000000FCDF000C74
:10079000A834002000000000000000002004002019
:1007A00020040020100010000A00000011B4000C0A
:0807B0003CE0000CB039002010
:1007B80020E3000C00000000000000000000000022
:1007C800000000000000000048D8000C00000000F5
:1007D8000000000000000000000000000000000011
:1007E8000000000000000000000000000000000001
:1007F80000000000000000000000000000000000F1
:1008080000000000000000000000000000000000E0
:1008180000000000000000000000000000000000D0
:0C08280098020020860200200000000062
:10083400000000002C010020000000000000000067
:080844000000000000000000AC
:10084C00000000002C01002000000000000000004F
:08085C00000000000000000094
:0408640015E015E0A6
:040000050C00207D4E
:00000001FF
