:020000040800F2
:10000000802C0020B121000C05A0000C9D21000CCB
:100010009D21000C9D21000C9D21000C9D21000CB8
:10002000000000000000000000000000E521000CBE
:100030009D21000C000000009523000CF572000CBF
:100040000124000C0124000C0124000C0124000CEC
:100050000124000C0124000C0124000C0124000CDC
:100060000124000C0124000C0124000C0124000CCC
:100070000124000C0124000C0124000C0124000CBC
:100080000124000C0124000C0124000C0124000CAC
:100090000124000C0124000C0124000C0124000C9C
:1000A0000124000C0124000C0124000C0124000C8C
:1000B0000124000C0124000C0124000C0124000C7C
:1000C0000124000C0124000C0124000C0124000C6C
:1000D0000124000C0124000C0124000C0124000C5C
:1000E0000124000C0124000C0124000C0124000C4C
:1000F0000124000C0124000C0124000C0124000C3C
:100100000124000C0124000C0124000C0124000C2B
:100110000124000C0124000C0124000C0124000C1B
:100120000124000C0124000C0124000C0124000C0B
:100130000124000C0124000C0124000C0124000CFB
:100140000124000C0124000C0124000C0124000CEB
:100150000124000C0124000C0124000C0124000CDB
:100160000124000C0124000C0124000C0124000CCB
:100170000124000C0124000C0124000C0124000CBB
:100180000124000C0124000C0124000C0124000CAB
:100190000124000C0124000C0124000C0124000C9B
:1001A0000124000C0124000C0124000C0124000C8B
:1001B0000124000C0124000C0124000C0124000C7B
:1001C0000124000C0124000C0124000C0124000C6B
:1001D0000124000C0124000C0124000C0124000C5B
:1001E0000124000C0124000C0124000C0124000C4B
:1001F0000124000C0124000C0124000C0124000C3B
:100200000124000C0124000C0124000C0124000C2A
:100210000124000C0124000C0124000C0124000C1A
:100220000124000C0124000C0124000C0124000C0A
:100230000124000C0124000C0124000C0124000CFA
:100240000124000C0124000C0124000C0124000CEA
:100250000124000C0124000C0124000C0124000CDA
:100260000124000C0124000C0124000C0124000CCA
:100270000124000C0124000C0124000C0124000CBA
:100280000124000C0124000C0124000C0124000CAA
:100290000124000C0124000C0124000C0124000C9A
:1002A0000124000C0124000C0124000C0124000C8A
:0802B0000124000C0124000CE4
:020000040C00EE
:1000000053B94AB9002908BF00281CBF4FF0FF317F
:100010004FF0FF3000F00CB8ADF1080C6DE904CEE4
:1000200000F01AF8DDF804E0DDE9022304B07047BF
:10003000704700BF10F8012B11F8013B012A28BFBF
:100040009A42F7D0D01A7047034613F8012B002AC2
:10005000FBD1181A013870472DE9F0478C468E46BF
:10006000089E154604461946002B40F0D080724584
:1000700047D9B2FA82F74FB1C7F120030EFA07FC55
:10008000BD40BC4020FA03F343EA0C0C4FEA154E86
:10009000A8B2230CBCFBFEF80EFB18CC08FB00F941
:1000A00043EA0C43994528D9EB1808F1FF3204D2F2
:1000B000994502D9A8F102022B44A3EB0903A4B28B
:1000C000B3FBFEFC0EFB1C330CFB00F044EA0344C4
:1000D000A04214D92C190CF1FF3304D2A04202D94A
:1000E000ACF102032C44241A43EA02401EB1FC4046
:1000F000002334607360BDE8F0874246DDE7634665
:10010000F1E7002A79D0B2FA82F3002B3FD01946EA
:10011000C1F1200302FA01F500FA01F42EFA03F20C
:100120000EFA01FE20FA03F3AFB243EA0E034FEAE0
:10013000154EB2FBFEFC0EFB1C201A0C0CFB07F844
:1001400042EA004290455AD9AA180CF1FF3004D275
:10015000904502D9ACF102002A44A2EB08029BB2FE
:10016000B2FBFEFC0EFB1C220CFB07F743EA02432A
:100170009F4246D9EB180CF1FF3204D29F4202D9BC
:10018000ACF102022B44DB1B42EA004202E0AEEB80
:10019000020301224FEA154EAFB2200CB3FBFEFC66
:1001A0000EFB1C330CFB07F840EA034398452AD9A1
:1001B000EB180CF1FF3004D2984502D9ACF10200E3
:1001C0002B44A3EB0803A4B2B3FBFEFC0EFB1C33D1
:1001D0000CFB07F744EA0344A74216D92C190CF18B
:1001E000FF3304D2A74202D9ACF102032C44E41B32
:1001F00043EA00400F46114678E71F2188E7604632
:10020000ABE76246BFE76046DBE76346EFE773456F
:1002100006D916B9002108466DE7C6E9000EF9E7D0
:10022000B3FA83F787B9734501D3824207D8841A9A
:100230006EEB030301209C461EB900215BE73846A4
:10024000FAE7C6E9004CF8E7C7F1200CBB4000FA1A
:1002500007F422FA0CF520FA0CF1BA401D432EFAED
:100260000CF30EFA07FE4FEA154941EA0E011FFA98
:1002700085FEB3FBF9F809FB18300B0C08FB0EFAEE
:1002800043EA00439A4540D9EB1808F1FF3004D205
:100290009A4502D9A8F102002B44A3EB0A0389B2C4
:1002A000B3FBF9F809FB183308FB0EFE41EA0341E2
:1002B0008E452CD9691808F1FF3304D28E4502D936
:1002C000A8F10203294443EA0040A1EB0E01A0FB80
:1002D00002984145CE46434602D306D14C4504D24E
:1002E0000138B9EB020E68EB0503002EA5D0B4EB84
:1002F0000E0261EB030101FA0CFC22FA07F3F9404C
:100300004CEA0303C6E9003197E74046C5E7434698
:10031000D9E7000037B505463F49404809F0F4FFEA
:10032000034638B13E4A01213E4809F09EFD0020B7
:1003300003B030BD3C49394809F0E6FF034608B137
:100340003A4AF0E73A49354809F0DEFF034608B17A
:10035000384AE8E73849314809F0D6FF034608B182
:10036000364AE0E72D4809F00FFF012804461BD16B
:100370000146334A294803F007FE28B1314A0121DA
:10038000284809F069FDD2E72F4B22462146234831
:1003900003F076FF034608B12C4AF0E702460090CE
:1003A00021461E4809F016FF0021294A1B4803F088
:1003B000EBFD014608B1274AE1E7234B012217482C
:1003C00003F05EFF03460028E6D101460246009096
:1003D000124809F0FFFE0121104809F01FFF35B156
:1003E00029460E480AF01FFA08B11B4AC7E740F237
:1003F00001220021094809F0CEFE012140F201222C
:10040000064809F0C8FE1549044809F07DFF08B107
:10041000134AB4E701488BE7E8000020C00400203D
:100420005ED7000CF0D4000CD00000208CD7000C5C
:10043000B8000020BED7000CA0000020EBD7000CB5
:100440004800002013D8000C08D5000C3AD8000C46
:100450005C00002059D8000C80D8000C300000202F
:10046000A4D8000CF8B50B7800AF0B2B98BF1C4A32
:100470006E4688B094BF52F823301A4B04460D469E
:100480006A461949CDE905134FF40073ADF81C30E5
:10049000164B42F8103F164800234FF4E65101F086
:1004A00089F82046B54609F0CEFEB0B12B7843B9A5
:1004B000204602F04FFB20B101210E4A0C4808F003
:1004C000E0FE2D78012D08D1204602F0A5FB20B1D9
:1004D000094A2946064808F0D4FEBD46F8BD00BFCB
:1004E00010D5000CF6D8000CF8D8000C0300000161
:1004F00048D4000C09D9000C29D9000C38B50D4698
:1005000014460321114A124808F0BBFE6B78022BF7
:1005100018D1AB88072B15D103210E4A0C4808F0DF
:10052000B0FE238A628A6169D21AE36804F10C0082
:100530005B1AD21AA22A28BFA222074909F0EAFDB3
:10054000002038BD6FF08500FBE700BF4AD9000CE2
:1005500048D4000C62D9000C0203002038B50D46C7
:1005600014460321114A124808F08BFEAB88022B77
:1005700019D16B88DBB2012B15D103210D4A0C4830
:1005800009F073FC238A628A6169D21AE36804F174
:100590000C005B1AD21A112A28BF1122064909F051
:1005A000B9FD002038BD6FF08500FBE74AD9000C8B
:1005B00048D4000C7FD9000C8DF5000C38B51A48D2
:1005C000FFF7A8FE054640B90121184A184808F06F
:1005D00058FE6FF01204204638BD164909F094FE0B
:1005E000044628B1144A0121114808F04AFEF2E7F6
:1005F0002846124909F088FE044608B1104AF2E77D
:10060000284602F067FA044608B10E4AEBE728468E
:1006100009F019FE0028DED1284602F09BFA0446B4
:100620000028D8D0084ADEE76504000C99D9000CF0
:1006300048D4000C00010020B4D9000C2C0100208B
:10064000DFD9000C0ADA000C09D9000C03690C335D
:10065000D3E8EF1F21F00101C3E8E21F002AF7D120
:100660000321024A024809F0F7BB00BF04DB000C7B
:1006700078D4000C2DE9F0470C46EA4600AF8AB06A
:10068000164605466A46D0F80490D0F81080097ED8
:10069000238ACDE90713062328480996CDE90505E5
:1006A00042F8103F00234FF44351254800F082FFE9
:1006B000D54608F10C08D8E8AF3FDB073BD5002E44
:1006C00039D1234613F8188FA6615E601E812B690D
:1006D00068681E6809F053FD01280CBF96F82030A9
:1006E000B37C2A699845686816681BD109F047FDF4
:1006F00001280CBF737EF37A2046237609F0D6FCDE
:10070000214628460AF069F840B10E4A01210C48FA
:1007100009F0A2FB214648460AF077F80020BD46C2
:10072000BDE8F08709F02BFD01280CBF96F82030BA
:10073000B37C2376E4E7044AE8E700BF1BDB000C48
:1007400078D4000C4DDB000C66DB000C37B540683C
:100750000D4609F014FD002200230128CDE90023F5
:10076000074914BF40224FF40072064809F0A3FC69
:10077000044609F09BFC04B12576204603B030BD49
:10078000100F00207804002070B504460569466803
:1007900003211B4A1B4809F05FFB05F10C03D3E85A
:1007A000EF2F42F00101C3E8E01F0028F7D1D30783
:1007B00024D4236960681D6809F0E1FC01280CBF9E
:1007C000697EE97A2046FFF7C1FF054630B9BDE8EA
:1007D000704001210C4A0B4809F03EBB01462046FF
:1007E00009F0FBFF50B101210648084A09F034FB2B
:1007F00029463046BDE870400AF007B870BD00BF1A
:100800008EDB000C78D4000CA4DB000C4DDB000C5C
:100810002DE9F843884600AF00297DD00568012204
:10082000284608F07FFD01460446284608F034FDBE
:1008300010EA020616D1E94688B06A46384BCDE97F
:100840000538032342F8103F4FF4C2513346354870
:1008500000F0B0FECD4686F31188BFF36F8F0423FE
:10086000184602DF2146284608F02CFD261831469E
:100870000022284608F010FD361AB44218D06E4601
:1008800088B06946284BCDE90538032341F8103F6D
:10089000244813460A464FF4C25100F08BFE002351
:1008A000B54683F31188BFF36F8F0423184602DF28
:1008B00000222146284608F00BFD214608F002FDE3
:1008C000261801223146284608F0E6FCC20708D463
:1008D0003146284608F068FD32462146284608F091
:1008E000DAFD00222146284608F0D6FC261A01220D
:1008F0003146284608F0D0FCC30709D431462846C3
:1009000008F052FD22463146284608F0C4FD344620
:100910002146284608F0DDFDBD46BDE8F88300BF4E
:1009200019DC000C70D4000CF0DB000C2DE9F04F4A
:1009300091B0009302F004030293C2F3C2030133A7
:10094000840705460E46DDF868A00392059340F043
:100950009C81041D002849D101F00706341DC6F111
:100960000806009B00274FF004085A1E4FF0FF3383
:10097000B9460193BB46434604970DB100992160E7
:100980000598002800F3D6808F480099814203D350
:100990008E488142C0F0CE800399601B11F0020C9A
:1009A00040F0D680B9F10F0F00F2CF80002D00F09B
:1009B000D68009F140010DEB010E0199C0F38700CB
:1009C0000EF8200C0EF8101CBCF1000F00F0C380D4
:1009D00060F07F000EF8200C013709F10109C5F124
:1009E00008014FF6DA7E043406918CE00729B8D866
:1009F0006FF01B0011B0BDE8F08F7A285BD84B2850
:100A00000FD8472857D829282ED8252850D052D873
:100A1000202818BF23280CBF4FF0010B4FF0000B0C
:100A200071E04C382E2846D8DFE800F06D4545458A
:100A30004545454545454545484545454545454563
:100A400045564548485656566D486A456D451848BE
:100A50001845457F7C48454548457C0000204FF0BF
:100A6000000B4FF0040835E001212A38C0B201FA2A
:100A700000F010EA0E0F46D110F0625C2CD110EAA3
:100A8000010B40D06046013C4444B4FBF8F408FB41
:100A900004F425B1A3EB050CA444B445A8D8002860
:100AA00070D00599013905915AF8041B009164E74B
:100AB0000199013901914FF0000B24E012F8010C6B
:100AC0006C2834D1002012F8023C83466C2BC8D12C
:100AD0004FF008084346D6E70AF1070A2AF0070A4A
:100AE000073424F00704FAE802BC35B10698204424
:100AF000B0423FF67DAFC4E900BC4FF0000B0834B4
:100B00004FF00808434612F8010F002853D0BBF1FC
:100B1000000F7FF472AF2528F5D14FF0010B019B38
:100B2000013301934FF00408ECE7584697E70020A3
:100B30008346A8E7039988077FF551AF4FF0010C72
:100B4000601BB0F5007FFFF42DAF6FF0150051E78B
:100B50004FF0000CF5E70498013004903DE7BCF13C
:100B6000000F01D0013638E70298023600287FF4E2
:100B700034AF0098CDE90632FFF766FADDE90632B8
:100B800006442AE7042B08D10AF1040015B1DAF86B
:100B90000010216082460434B5E70AF1070323F010
:100BA000070303F1080A1DB1D3E90001C4E90001FC
:100BB00008230834A7E7631BB3F5806FC5D23DB99E
:100BC000A6F10804E01815E720CE000C90F7000C01
:100BD000029A9B0828602B709DF81030AAB1EB7028
:100BE000AF702FB1002208A8C5F1010C91450ED1BC
:100BF0004FF0000AC5F101030DF1200801930DF13A
:100C0000300BD14512D1601BF4E66B70E8E710F8A9
:100C1000013B190608D50CEB040EB64503F07F0323
:100C20003FF6E6AE04F8013B0132DFE71FB198F969
:100C30000020002A17DB029BD3B11AF80B2004F81E
:100C4000012B0022019B18191044B0423FF6D0AE90
:100C500098F80000009904F8010B204603920CF06C
:100C60005CF8039A14440AF1010A08F10108C8E784
:100C700098F8002055F822300093029B009845F820
:100C80002230FFF7E1F9421CDCE76FF00D00B1E61E
:100C90002DE9F04F97B000AF05468A46C7E90A3202
:100CA00049B903784678807800EB8300284456459C
:100CB00024D8A0EB050AD7F8803095F8028003F01D
:100CC0000103D7F88040FB61EB78B8F1000F0CBF4F
:100CD000002404F001047B621BB1D7F880309A072E
:100CE00015D4A4B9FB6A1BB151462846BA6A984785
:100CF000564630465C37BD46BDE8F08F441C204662
:100D0000FFF7A2F9013020440AF1010ACFE7D7F832
:100D10008030C3F3C0033B622B78BB619B003B6117
:100D20006B687B61BB6905EB830BFB6A002B77D19A
:100D30005646D844BCB11C461BF8013B55F823006D
:100D4000FFF782F9D7F88430013043B1D7F8883003
:100D5000A34282BFD7F8843023F814000134C3457E
:100D60000644E9D1D846D7F880304FF0000913F097
:100D7000050F0CBF4FF0020B4FF0010B7B6A99453A
:100D8000B7D298F8013008F1020855F823A0AE4B0D
:100D90009A45C0F04C81AD4B3A6A9A452CBF00236E
:100DA00001230AB318F8021C7869FB6208F015FDEC
:100DB000FB6AC8B1EA468AB06A46A54B05937B69CF
:100DC000CDE906314FF40073ADF82030A14B42F865
:100DD000103F00234FF412519F4800F0EBFBD54623
:100DE000023E09F10109C9E723B1FB6933B9A6EB5A
:100DF0000B06F6E7D7F880309B07F2D55046FFF791
:100E000023F9D7F884304BB1D7F888309C423FBFE4
:100E1000D7F88420431C22F8143001340644E0E75C
:100E2000002C6AD1B8F1000F6DD0D7F88030580788
:100E30006CD5C14607F14800424659460BF06DFF9C
:100E400000220BEB0803FB600233796A8A425FD30E
:100E5000D7F8802095F801B0F969920704EB0B03ED
:100E600048BF0022DBB258BF4FEA5902002940F0C8
:100E7000A680D7F8801011F0040F14BF4946002156
:100E80006B70A970EA702846BA6A3969FB6A98479C
:100E9000061EFFF62EAFBB6949462B707B6ABA6A05
:100EA000EB7085F801B0FB6A85F8028007F1480015
:100EB0009847B0F10009C0F2B6803B697A6A786A57
:100EC00003EB4201FB68414403EB4000BA6AFB6A52
:100ED000AAEB010198470028C0F2A7804FF0000B51
:100EE000B14409EB000607F1380AA34569D3002194
:100EF000BA6A0846FB6A9847FBE644464FF0000989
:100F000007F1380098E74446C14699E7A14697E7BC
:100F100013F8016CDFF830C155F8260013F8021CF5
:100F20006045C0F08A80DFF824C16045386A2CBF74
:100F30004FF0000B4FF0010B38B17869C7E901326F
:100F400008F04BFCD7E90132F0B9BBF1000F1ED01D
:100F5000F96949B1611C04F1280007F13004041952
:100F600004F8206CCCB20FE0D7F8801049070BD5FD
:100F700009F1280007F1300C09F1010100EB0C091F
:100F800009F8106C5FFA81F9013202335DE7D7F896
:100F900080008007DED409F1280C07F1300EF444FC
:100FA00009F101000CF8101C07F1580109F10209C0
:100FB00051FA80F05FFA89F900F8106CE4E700213B
:100FC0005EE71BF80A3055F8239087F83730D7F8DA
:100FD00084302BB3D7F888309B4521D2D7F88430A2
:100FE00033F81B800121BA6AFB6A07F13700984782
:100FF00000281ADB0644B8F1000F06D14846FFF777
:1010000023F800F101081FFA88F841464846BA6AF9
:10101000FB6A9847002808DB06440BF1010B64E7E4
:101020004FF00008DEE74E4663E6064661E63B6A9F
:10103000002B3FF4DFAE0023B4E6386A0028A6D0C8
:101040004FF0000B79E700BF20CE000C90F7000CAA
:1010500046DC000C0400000110D4000C014B1860A9
:10106000704700BFD001002080B505460E461746E8
:10107000984607F071FB034601F0D4F90446DFF807
:101080001890424649F8003039463046A84754F88F
:10109000090001F069F900BF080000002DE9F047E0
:1010A000044607464FF00109DFF84C8094FAA4F596
:1010B000B5FA85F509FA05F32E0108EB05156FEA77
:1010C000030A24EA03042B7B63B158F806301B693A
:1010D0006BB94644736804222846196807EA0A0770
:1010E00008F04AFE002CE1D13846BDE8F0872846DA
:1010F00098470028F6D1ECE7F8D4000C10B5002290
:1011000088B00E490E480BF083FD00220023002416
:10111000CDE906230E234FF44072CDE90334CDE927
:101120000144084B08490094084807F013F808499F
:1011300006480BF066FB204608B010BD5511000CA8
:10114000000A00205D14000C4014002070050020EF
:1011500005DD000C014806F071BD00BF68040020E9
:101160002DE9F047804620480F4608F0E1FD06468D
:10117000002832D000252846BDE8F087237B83B1C4
:101180002368DB680BB120469847636883F80690B4
:1011900023681B69CBB9636804222046196808F0EC
:1011A000EBFD013610345445E8D3B8F1000FE2D01E
:1011B000002DDFD02846FFF771FF0546002FF7D03E
:1011C000002164200BF002FCF2E72046984700283B
:1011D000E1D009FA06F31D43E3E705464FF00109A4
:1011E000024CDFF80CA0DEE720110020F8D4000C40
:1011F00008D5000C014B53F82000704768D5000C4F
:1012000008B5034608462BB1044A136000F032FCCF
:10121000002008BD6FF01500FBE700BFD4010020DF
:1012200010B5044C237813B9034806F007FD0123D9
:10123000237010BD341400206804002010B504464B
:10124000094808F075FD3CB1084BD3E8EF1F0139A0
:10125000C3E8E21F002AF8D1054807F005FDBDE804
:101260001040044806F0EABC181100201C110020B0
:10127000000A0020680400200022044BD3E8EF0F8E
:10128000C3E8E12F0029F9D1704700BF18110020F1
:1012900070B5FFF7F1FF0546074C084EB44200D386
:1012A00070BD63685B792BB123685B6813B1294615
:1012B000204698471034F1E7F8D4000C08D5000C0C
:1012C00010B5044C0449204608F0B4FB034B1C60E5
:1012D00010BD00BFD403002054D5000C1011002015
:1012E00000230D4A10B513700C4A4FF47A71136045
:1012F0000B4A0C481360FFF783FFFFF7E1FF0A4B2F
:101300000A4918468B4200D310BD1A1A5C681211A4
:10131000013222711033F5E7351400201811002036
:101320001C110020439D000CF8D4000C08D5000CC3
:10133000014600220023014808F09DBBD403002091
:10134000014808F034BC00BFD4030020024B014622
:10135000186808F087BC00BF10110020014808F091
:10136000BCBC00BFD403002070B5254B1B78002BFC
:1013700043D0FFF7E5FF044600283BD1214B224D27
:101380001B68002B12DD0BF0FBFB0A220023FEF78B
:1013900037FED5E90032C01A40F2E93361EB0201B1
:1013A000984271F1000101D3FFF772FFD5E90032D5
:1013B00013F57A7342F10002C5E90032ECB1BDE8E1
:1013C0007040FFF7CBBF6B685B7923B12B68214678
:1013D00028461B6898471035B542F4D32046FFF7DE
:1013E000B5FF0A4BD3E8EF1F0139C3E8E21F002A1B
:1013F000C4D0F7E7064D074EEEE7002070BD00BFF2
:101400003414002018110020F80900201C110020BD
:10141000F8D4000C08D5000C70B50D4D297861B9D1
:101420000120FFF79DFE0B4C0B4EB44206D3FFF795
:101430009BFF0028FBD101232B7070BD63685B7993
:101440001BB1236820469B6898471034EDE700BF26
:1014500035140020F8D4000C08D5000C00212DE92B
:10146000F8430846FFF77CFE044648B34FF4FA7889
:101470004FF0000900F0D6FF1A4B1B4A1B581360AF
:1014800033B11A4B1B68092B02DD194806F0D6FB55
:101490000025184F44B12046FFF700FE044618B956
:1014A0004FF0FF384FF0FF39FFF75EFF064628B9CF
:1014B000B5B90F4842464B4606F0F4FB3546E9E71E
:1014C0004FF0FF384FF0FF39D4E72B689B691BB111
:1014D00000222846114698471035BD42F5D3E8E76B
:1014E000054DFAE708000000141100201C1100202F
:1014F0006804002008D5000CF8D4000C13B5184877
:1015000008F016FC174B1B7873B1EFF311842023FE
:1015100083F31288BFF36F8FFFF726FF84F31188E0
:10152000BFF36F8F02B010BD0F4B1B68002BF9D0BB
:1015300050B9002200230D48CDE9002342F2107279
:10154000002307F059FBEDE70928EBD1074807F026
:101550008BFB074802B0BDE8104006F06FBB00BF30
:101560001C1100203514002014110020000A002056
:101570006804002010B5064B04461B6898472146B6
:10158000A060044808F0F4FABDE81040FFF7B6BFC9
:10159000D4010020D4030020044A054B9B1AB1EB70
:1015A000D30F34BF52F831000020704710D4000C24
:1015B000F8D4000C2DE9F04F8FB0C1F34A2604AFE8
:1015C0000D469046B8607B600C0D002E61D04FF048
:1015D00000090A234FF0040B07F1140AFE60C7E963
:1015E0000799C7F824900093CDF808B0CDF804A06F
:1015F00007F11C034A464046F968FFF749FBB0F57E
:10160000006F03461CD36C468AB0D8F8041004ABB4
:1016100024481A46C3E9050140F2FF71D9614FF42D
:1016200000711984204B42F8103F4FF412514B4681
:101630001E48FFF7BFFFA5462C37BD46BDE8F08F1B
:10164000C0F30A0604F11700184420F007008008D0
:101650003B60FFF76DFE66F35325044680B13B689F
:1016600000F11001C7E908390A23F961CDE901AB9E
:10167000009340460E4AF96807F11C03FFF708FB88
:1016800066F353252A4620467B68B96808F094FB28
:10169000D2E704F1170020F007008008FFF748FEAA
:1016A0000446EDE71ADD000C0400000130D4000C04
:1016B0008B9D000C2DE9F04F87B00546DDE9106BDE
:1016C000DDE9127A884614469946BFB110213B469F
:1016D0005A460020CDF800A0CDF814A0FFF726F957
:1016E000B0F5006F01460BD340F2FF730221184A98
:1016F000184807B0BDE8F04F08F0B7BB3946384688
:1017000004F0070305F00704E40044EA831444EA04
:10171000402444EA065406F11700084420F007006C
:1017200080080391FFF704FE054640B13FB13B46F8
:101730005A460399CDF800A01030FFF7F7F84B4652
:1017400022464146284607B0BDE8F04F08F034BBBA
:1017500059DD000C30D4000C406820B1034BC01A96
:1017600040F3CF0070474FF0FF30704710D4000CAB
:101770000EB403B503AB53F8042B014604480193A0
:1017800001F084F802B05DF804EB03B0704700BFCD
:10179000CD9E000CCA0605D48B064CBF02490349F6
:1017A000FFF7E6BF704700BF92DD000C91DD000C33
:1017B0002DE9F04F89B098469DF85090159B04464E
:1017C00006930D46DDE916A3189F05920493B9F11F
:1017D000000F00F0B08007F48073079308F0CAFA96
:1017E00007F0020B0246002874D020467749FFF725
:1017F000BFFF0646BBF1000F08D017F0440F6BD1B6
:101800002A4620467249FFF7B3FF064407F001035A
:1018100053B1704B204653F829206F4B6F49002A73
:1018200008BF1A46FFF7A4FF07F48073002B07F0E8
:10183000080318BF4FF00008002B79D0684B2046F2
:1018400053F829206749FFF793FF0546059B2BB105
:101850001A4620466449FFF78BFF0544B8F1000F94
:1018600005D0424620466149FFF782FF05446048A3
:101870003544069B1BB122465E4907F07DFF049B61
:10188000002B00F08E80DDF810803946B8F1100F83
:10189000204628BF4FF010080026FFF77BFFB54217
:1018A00050DC0026334620461AF803205249FFF741
:1018B0005FFF0136102E4BD0710703D120464F49F0
:1018C000FFF756FF46453346EDD320464C49FFF718
:1018D0004FFFEEE706468DE74A4B1868002894D084
:1018E000494B4FF47A7B1B684FF03C0CB5FBF3F58A
:1018F000B5FBF0F14FF4616300FB11550BFB05F5EF
:10190000B1FBF3F2B5FBF0FE03FB121100FB1E5519
:10191000B1FBFCF30BFB05F5B5FBF0F50CFB13116C
:1019200020460091CDE901E53849FFF721FF6CE73A
:1019300007F008058AE7B8F1010F4D460CBF2C48A7
:10194000334896E720462D49FFF712FF0136A6E7F8
:10195000002620462F49FFF70BFF33461AF80320D5
:101960002046A2F120035F2B28BF2E222A49FFF731
:10197000FFFE0136102E0DD0720703D120461F49FD
:10198000FFF7F6FEB0453346E8D820461B49FFF77F
:10199000EFFEEEE7049BC244B3EB080304937FF42D
:1019A00072AFB9F1000F0AD0FB0704D520460A4AEE
:1019B0000A49FFF7DDFE39462046FFF7EBFE2046D9
:1019C00009B0BDE8F04F08F074BA00BF99DD000C13
:1019D0009DDD000C78D5000C94DD000C06D9000CC0
:1019E0008CD5000CC2DD000CC8DD000CCCDD000C79
:1019F000CD9E000C8D28000CD1DD000CD9DD000C33
:101A0000D7DD000C2811002024110020A6DD000CD9
:101A1000FB9E000CDBDD000CDDDD000C42F20F73E1
:101A200073B58B4228BF0B460568044605216846FE
:101A30000D4A07F0B9F90646636828460B225B6831
:101A40000A4908F028FA63683246694628465B6806
:101A500008F021FA63681B2228465B68044908F0F5
:101A60001AFA02B070BD00BFDEE5000CD2F5000C22
:101A7000B6F5000C00210123064A904206D8064A1A
:101A800001B901231360054B18607047012140081C
:101A90005B00F2E740420F002411002028110020D3
:101AA000F8B50D460446064F4618B44201D1284603
:101AB000F8BD14F8011BBB6801485B689847F4E760
:101AC000B8CE000C014B036000207047D4D5000C49
:101AD00008B50348034A0021121A08F08BFA08BD22
:101AE000700500203C140020074808B5074A084943
:101AF000121A08F081FABDE808400648064A07496C
:101B0000121A08F079BA00BF000000206C0500200E
:101B100090F7000C000000200000002090F7000C5F
:101B20002DE9F04706460C4600AF002936D0D1E932
:101B30000012E9468AB06D46A3684FF0050AE846F0
:101B40001F48CDE90723CDE9050148F810AF002370
:101B500042464FF421511B48FFF72CFDD4E90312F4
:101B6000CD466369AD461848C5E90723C5E90501B7
:101B7000C5F810A0002342464FF421511148FFF749
:101B800019FDCD46E3690121104A0E4808F06DF9B0
:101B9000A36901210E4A0B4808F067F9012E07D10D
:101BA000EFF305830B4A31460648103B08F05DF918
:101BB0002146304605F092FCBD46BDE8F08700BFE7
:101BC0001ADE000C68D4000C49DE000C78DE000C34
:101BD00087DE000CB5DE000C30BFFFF7FDBF00BF95
:101BE0002DE9F04105460B4EDFF82C80324606EB1E
:101BF0000807CC1B204609490BF08FF8A019424674
:101C00000021083C0BF096F8AC6707F10800BDE82E
:101C1000F08100BF000000000800000008D5000CA3
:101C200010B5244C2449254808F0F3F9A36A99011A
:101C30003ED52248224908F0ECF91E20A36ADA01B9
:101C400004D51E481F4908F0E4F91F20194CA36A67
:101C5000DB0204D519481C4908F0DBF92020A36AEF
:101C60001C0304D51548194908F0D3F92120114C5B
:101C7000A36A590304D51148154908F0CAF922206E
:101C8000A36A9A0304D50D48124908F0C2F923202B
:101C9000084CA36ADB0304D508480F4908F0B9F9DA
:101CA0002420A36A6FEA03436FEA1343A36210BDC3
:101CB0001D20C3E700ED00E0C8DE000C68D4000C76
:101CC000E0DE000CF3DE000C0DDF000C37DF000C53
:101CD00055DF000C7ADF000C94DF000C70B506466F
:101CE0000D46294C29492A4808F093F9A36ADB06D6
:101CF00047D52748274908F08CF91120A36A1C070B
:101D000004D52348244908F084F912201E4CA36A04
:101D1000990712D521491E4808F07BF9636BA26A26
:101D2000120609D501211E4A194808F09EF81EB175
:101D3000A36A23F08003A3621320134CA36ADE0777
:101D400004D51348174908F064F91420A36A9C06C7
:101D500004D50F48144908F05CF915200A4B9A6A1B
:101D6000D10658BF9A6A9A6A920642BF5A6A22F40A
:101D700000525A629A6A42F0FF029A6200232B7064
:101D800070BD1020BAE700BF00ED00E0BFDF000C1F
:101D900068D4000CD5DF000C08E0000C1BE0000C40
:101DA00033E0000C49E0000C68E0000C70B506461A
:101DB0000D46284C2849294808F02BF9A36AD90474
:101DC0003CD52648264908F024F91720A36A1A05AD
:101DD00004D52248234908F01CF918201D4CA36A99
:101DE0009B0512D51D48204908F013F9A36BA26A80
:101DF000100409D501211D4A184808F036F81EB113
:101E0000A36A23F40043A3621920124CA36A590564
:101E100004D51248164908F0FCF81A20A36ADA051E
:101E20000ED50E48134908F0F4F81B20094A936AAE
:101E300043F47F43936200232B7070BD1620C5E7E7
:101E4000A36A9B04F2D505480B4908F0E2F81C2070
:101E5000ECE700BF00ED00E097E0000C68D4000C58
:101E6000ADE0000C08E0000CBEE0000CD7E0000C78
:101E7000ECE0000C07E1000C68E0000C10B52F4C02
:101E80002F48304908F0C5F8D4F8E830D4F8E420F9
:101E9000500604D501212C4A294807F0E6FFD4F862
:101EA000E430D9070CD52648284908F0B2F8262096
:101EB000224AD2F8E43043F0FF03C2F8E43010BD08
:101EC000D4F8E4309A0705D51D48214908F0A1F857
:101ED0002720EDE7D4F8E4305B0705D518481D4905
:101EE00008F097F82820E3E7D4F8E430180705D580
:101EF0001348194908F08DF82920D9E7D4F8E430BF
:101F0000D90605D50E48154908F083F82A20CFE7F1
:101F1000D4F8E4309A0605D50948114908F079F853
:101F20002B20C5E7D4F8E4301B0605D504480D493D
:101F300008F06FF82C20BBE72520B9E700ED00E0A2
:101F400068D4000C1FE1000C38E1000C48E1000CE3
:101F50005EE1000C7CE1000C97E1000CB4E1000CA8
:101F6000C9E1000CE3E1000C2DE9F0418AB0774BA8
:101F700000AFD3F804800023C8F3080683F3118868
:101F8000BFF36F8F02F07F44B4F17F4F31D112F075
:101F900001052FD012F0400502F0080403D02CBB3D
:101FA0000446012512E0530758BF0146684A0B68F2
:101FB00058BF01251A44012A98BF0B6C0121654ABC
:101FC000654807F052FF74B1EFF389840023FB7179
:101FD000F31E092B00F29980DFE803F00E8F928444
:101FE0008B9797979795EFF38884EFE70C461D46FC
:101FF000ECE71D462C46E9E75849574808F009F830
:102000000023524EFB71F36A9A0705D55449524892
:1020100007F0FFFF00232DE0F36A002B01DA51499E
:10202000F5E7F36A5B00F5D54F494B4807F0F1FF40
:102030007369A26943F480737361BFF34F8FBFF379
:102040006F8F32F8023C726922F480727261BFF3C2
:102050004F8FBFF36F8F03F47F42B2F55F4F2BD1E9
:10206000DBB2022B28D123680121404A3A4807F00D
:10207000FCFE2368FA79DAB907F1080604F1200CAE
:10208000324620686168083403C264451646F7D1B9
:102090007A6A002D56D0C2F3080121B96FEA5222A4
:1020A0006FEA42227A62184607F10801FFF738FD0D
:1020B0002837BD46BDE8F081244B9A6AD2B222B1DE
:1020C0000120F91DFFF70AFE15E09A6A12F47F4F0E
:1020D00004D00120F91DFFF769FE0CE09A6AB2F501
:1020E000803F02D3FFF79CFD05E0D3F8E430002BDE
:1020F00090D0FFF7C3FE0346BCE70020F91DE1E7DF
:102100000020F91DE7E71A4981E71A4A18F4F87F19
:10211000E8468AB0184B08BF13466A461749103E76
:10212000CDE905134FF40073ADF82030144B07963A
:1021300042F8103F00234FF411510748FFF73AFAD5
:10214000C54667E76FF30802ACE700BF00ED00E0AB
:10215000A6ED050124E2000C68D4000C43E2000C5B
:102160005AE2000C7BE2000C89E2000CA8E2000CB1
:10217000C4E2000CF6E1000C0BE2000CE8E2000CFB
:1021800004000001044B5A6942F010025A615A6976
:1021900022F008025A61704700ED00E0EFF308807A
:1021A000EFF3098101B57246FFF7DEFE01BD00BF06
:1021B0000A4880F30888202080F3118808484FF4EB
:1021C0000061401880F30988EFF31480022108436E
:1021D00080F31488BFF36F8F00F05CF8802C002030
:1021E000401F00201EF0040F0CBFEFF30880EFF338
:1021F0000980816911F8021C0229FFD001B57246DD
:1022000007F0FCFE01BD00BF00B2002807DB012380
:102210004109034A00F01F00834042F82130704713
:1022200000E100E000B200280CDB0122064943096E
:1022300000F01F008240203341F82320BFF34F8F6E
:10224000BFF36F8F704700BF00E100E000B20028CD
:1022500001F10101ACBF00F16040064B4FEA4111B2
:10226000C9B2ABBF00F5614000F00F0080F8001369
:102270001954704714ED00E0044B054A23F07F0326
:102280009360BFF34F8FBFF36F8F7047000000085C
:1022900000ED00E008B5FFF7EFFF0B4AD2F88830F9
:1022A00023F47003C2F88830EFF3148323F004039F
:1022B00083F31488BFF36F8FFFF70AFCFFF714FC5A
:1022C00000F092F805F02CFA00ED00E042F8203C16
:1022D000009B0B4942F81C3C019B21F0010142F894
:1022E000183C029B42F8081C42F8143C4FF08073E3
:1022F00042F8043C0023203A0265C367704700BFE0
:102300006910000C00B50B4B15469860826F0A4BA4
:102310000E461A602C4686F309880020034B984726
:102320002046002100220023014C204729A0000C58
:102330006910000C00140020501100201022014BE5
:102340001A61704700ED00E0054B5A699B689A429C
:102350001FBF044A536843F080535360704700BF67
:102360000014002000ED00E0084B9B6883420BD175
:10237000EFF3058343B1064B5A6842F080525A602E
:102380005A6A22F400425A620AF040BA001400204D
:1023900000ED00E011498A684FF030001044EFF37F
:1023A000098C80E8F01F202080F31288BFF36F8F24
:1023B0000B4F4FF000664A698A603E60906F094C8F
:1023C0002060D06F0023D36780F3118802F13000C2
:1023D00090E8F01F8CF3098870470000001400207B
:1023E00004ED00E050110020002320210348C21812
:1023F00001339E2B82F80013F9D1704700E100E011
:1024000008B5EFF30583064A103B02EBC30152F80F
:10241000330049688847BDE80840FFF795BF00BF13
:10242000F0CE000C014800687047000050110020F9
:102430001FB50121094B0A4A0A4800F00FF9002391
:10244000064A0393084B0121019301A8D31A029372
:1024500000F00EF905B05DF804FB00BF0000082095
:1024600000000020D4D5000C700500200A7A0B680B
:1024700010B562F304031C46CB68520923F01F0316
:1024800043EA4203044A43F00103C2F89800C2F849
:102490009C40C2F8A03010BD00ED00E010B50A4B22
:1024A000D3F89030C3F30723013B984208D90121A8
:1024B0000346064A064807F0D8FC6FF0150010BD29
:1024C000FFF7D4FFFBE700BF00ED00E0FFE2000CE8
:1024D00050D4000C2DE9F04F8946144606464FF0C3
:1024E00000084F4D85B0C84527DAD6F804A0BAF1E8
:1024F000000F44D0BAF11F0F17D91AF01F0F14D1D3
:10250000D6F800B01BF01F0F0FD1584607F0A0FD02
:1025100007460AEB0B00013807F09AFD874210D0FE
:102520006FF015073F4A3B4601E043463E4A012112
:102530003E4807F09AFC6FF01504204605B0BDE850
:10254000F08F17F1160FEDD0BC42EBDDC5F8987097
:10255000D5F89C10C5F89870D5F8A03021F01F016F
:1025600043F01F0BD6E900321A44994202F1FF3AB8
:102570001AD1D34507D13146F8B207F072FD08F100
:1025800001080C36AFE73146C5F89870D5F89C3095
:10259000E0B263F30402C5F89C2007F062FD10F17D
:1025A000160FC8D0441CEAE7C5F89870D5F8A020EB
:1025B000013B23F01F0302F01F021343D3453146B2
:1025C000E0B2C5F8A030E8D007F04BFD10F1160FCF
:1025D000B1D0C5F89870D5F89C209DF808300BF163
:1025E000FF3B62F304038DF80830D5F8A0309DF866
:1025F00008205B0863F347128DF80820D6E9003203
:102600001344009323F01F035B44A3EB0A03013040
:1026100023F01F036946C0B20393FFF73FFFBEE7F5
:1026200000ED00E04BE3000C25E3000C50D4000C5F
:102630000522044BC3F89420BFF34F8FBFF36F8F75
:10264000704700BF00ED00E0BFF35F8F0022024B38
:10265000C3F89420704700BF00ED00E010B5034CB4
:102660002278FFF737FF207010BD00BF371400201D
:102670002DE9F74F294D8A4606464FF00008AB4634
:10268000274FD0451BDAD6F80490B9F1000F3FD0A0
:1026900031680846019107F0DBFC0199044609EB1B
:1026A0000100013807F0D4FC84424FF014021D4BA6
:1026B00008D002FB08F36FF015024BF8032003B0BB
:1026C000BDE8F08F14F1160F2C60F8D01978A142F4
:1026D000F5DD02FB08B0C7F89840C7F89840D7F876
:1026E0009C4000F10801007B64F304000871D7F8F6
:1026F000A0000C79400860F347140C71D7F89C10C7
:1027000021F01F016960D7F8A01021F01F01296195
:1027100008F1010814350C36B3E700BF541100204E
:1027200000ED00E037140020F0B55349534DD1F8C7
:1027300090302C68C3F307239C4287B000F2998045
:102740000020FFF781FF4E4BC1F8C030844216D104
:102750004C4D01A82C70FFF7B5F9002607464A4CEE
:10276000B74213D100202B784349D1F89020C2F30F
:102770000722934277DBFFF75BFF002046E06968A2
:1027800001EB0011FFF772FE0130DFE70199300124
:1027900001EB0613DA682240B2F1807F52D00AD8EA
:1027A000B2F5001F34D0B2F5800F3ED0B2F5801FD5
:1027B00012D00136D4E7B2F1006F43D0B2F1805F9E
:1027C000F7D15A689B680958013B22F01F00034467
:1027D00023F01F03012032E05A689B680958013B2F
:1027E00022F01F0003440120844623F01F0340EA27
:1027F0004C10CDE902218DF8100002A9287805932C
:10280000FFF74CFE00282ADA6FF0150007B0F0BD84
:102810005A689B680958013B22F01F0003444FF09F
:10282000020C012023F01F03E1E75A689B68095856
:10283000013B22F01F000344062023F01F034FF04A
:10284000000CD4E75A689B680958013B22F01F002E
:1028500003444FF0030C012023F01F03C7E72B783C
:1028600001332B70A5E7C1F89830C1F8A0000133FF
:102870007BE74FF0FF30C9E700ED00E0E0D5000C4A
:10288000AAFF4400371400200000F0FFF0B587B025
:1028900007460E4614460021102268461D460AF0DF
:1028A00049FA02238DF80230054B2A462146684634
:1028B000CDE90476019306F0A1FA07B0F0BD00BFA0
:1028C00095A0000C08B5024B1B689847002008BD76
:1028D00068110020034B044A1860937843F0020308
:1028E0009370704768110020E001002008B5064988
:1028F000064821F00701C1F1005202F5002206F05E
:10290000E9FE002008BD00BFE33700206C11002065
:1029100070B541690446867A0A4D59B1437ADB079E
:1029200006D4242303FB0653DB691B689B68984786
:10293000002363612420214600FB0650BDE870405F
:1029400009F08DBE780400202422024B02FB0030E7
:10295000704700BF780400202421827A054B01FBD8
:1029600002331A6A1B7D801A1B3323F00303B0FB6A
:10297000F3F070477804002038B52424827A064B9F
:1029800004FB0233DB69D3E901240C601568FFF70F
:10299000E3FF04FB005038BD780400202DE9F0432C
:1029A00085B00546684690461C4603910AF0EAF851
:1029B000DDE90067EFF31189202383F31288BFF369
:1029C0006F8F6B8A002B41D02A8A9A4225D9002228
:1029D0000023284605F000F90446F0B189F3118878
:1029E000BFF36F8F039B002B41D032463B466846B6
:1029F0000AF0EDF82421A27A254B204601FB023390
:102A0000DB6903A91B681D68DDE90023A847606135
:102A100070BB2046FFF77CFF24E0698A4B1E6B8267
:102A200089F31188BFF36F8F2B7D2A8A2C6A1B33A1
:102A300023F00303521A02FB0344154B154AEB1A09
:102A40009B105343A3722B7DE372CBE789F311886C
:102A5000BFF36F8F23464246284605F0BDF8044673
:102A60000028BFD10024204605B0BDE8F083636193
:102A7000012300252381039B29466382E27A656056
:102A800004F118000AF056F963692582E360EAE769
:102A900078040020398EE33870B524250C4C00B939
:102AA00070BD037A4668002BFAD0013BDBB203729B
:102AB000002BF5D1C3604360837A05FB03439B6918
:102AC00013B198473046EAE7FFF722FFFAE700BF65
:102AD0007804002038B5044605F01AFE204607F0B9
:102AE00045FBA069C8B194F86C30DB070DD5022115
:102AF000154A164807F038FB6FF07705201D07F0E0
:102B00003CFB05F019FE284638BD09F013FC38B926
:102B100001210F4A0D4807F027FB6FF01205EDE782
:102B2000204601F03FF805460028E7D1014624225F
:102B300004F128000AF0FEF894F86C3043F0010329
:102B400084F86C30DAE700BF94E3000CC8D4000CC2
:102B5000BEE3000C70B5044605F0DAFD204607F030
:102B600005FB94F86C30DA070DD40221254A26487B
:102B700007F0FAFA4FF0FF35201D07F0FEFA05F0D6
:102B8000DBFD284670BDC3F340019B0707D502213A
:102B90001E4A1D4807F0E8FA6FF07705ECE7A069D8
:102BA00008F0B9FA0646A06908F045FB054628B1C9
:102BB0000121174A144807F0D7FADDE7A36F4BB19C
:102BC0003146204607F089FC0546A0B1A06908F00F
:102BD0005AFBD1E7A06908F0D6FAA0670028EFD128
:102BE00001210C4A084807F0BFFAA06908F04BFB26
:102BF0006FF00B05C0E794F86C3043F0020384F8E3
:102C00006C30B9E7E1E3000CC8D4000C07E4000C19
:102C10002DE4000C49E4000C38B590F86C30044603
:102C20009B0708D40221144A144807F09DFA6FF05C
:102C30007705284638BD07F099FA0021204601F0B3
:102C40004BF920B101210E4A0C4807F08DFAA0691A
:102C500008F019FB054620B101210A4A074807F090
:102C600083FA94F86C30201D23F0020384F86C3052
:102C700007F083FADDE700BF65E4000CC8D4000C60
:102C80008CE4000CAAE4000C38B58021044680696D
:102C900008F09CFA054678B10146204601F0D6FBC3
:102CA000044638B106480121064A07F0D5F82846FF
:102CB000FFF7F2FE204638BD6FF00B04FAE700BFC5
:102CC000A8D4000CDAE4000C38B50446806F07F095
:102CD00005FA054607F0EAF92046294601F0B6FB59
:102CE000044638B104480121044A07F0B5F82846E3
:102CF000FFF7D2FE204638BDA8D4000CFDE4000C3E
:102D00002DE9F04F85B0074688461546994607F0ED
:102D100036FA0446B9F1000F10D0384607F034FAFD
:102D2000012808D0FFF77EFB6FF08502314B1A5067
:102D300005B0BDE8F08FB4FA84F46409013521468A
:102D40003846EAB207F0E2FB064630B901212B46CD
:102D5000294A2A4807F089F8E4E74568B9F1000FE5
:102D600009D02868696801AB03C32A7A01AD1A70DB
:102D700007238DF8053008F10C09484607F056FB8B
:102D80002A782946824228BF0246484607F0C2F9FF
:102D9000D6F80CA0BAF1000F09D1B8F81010FB8DCD
:102DA0009942C5D94846C91A07F0CFF9C0E7DAF801
:102DB000040083681B6B13B9DAF800A0EAE7214628
:102DC00098470028F8D0051F55F804BFBBF1000F45
:102DD000F2D09BF80060002EEED0484607F026FBAC
:102DE000B04234BF82B232465946484607F092F9A3
:102DF000EAE700BF0C0000001CE5000CA8D4000CA2
:102E00002DE9F04190F82830044603F01F03012B10
:102E10000F4600F128062FD0022B18D08BB3204686
:102E200094F8291007F016FA024678B3304607F0F6
:102E300005FB1D4D002834D113693BB33A4631469A
:102E4000204698470346FFF7EDFA2B5024E0818D8A
:102E5000C9B201F08DF905460028E0D0304607F0F0
:102E6000EDFA024668688368CAB99B6873B13A464E
:102E70003146BDE8F0411847818DC9B207F0AAFB81
:102E8000E9E790F8291007F0BEFBE4E7FFF7CAFA7C
:102E90006FF08502044B1A500020BDE8F081DB681A
:102EA000E4E7D368C9E700BF0C0000002DE9F04F4C
:102EB0000B7E044633F080080D46164695B00AD0C6
:102EC0000121A74AA74806F0C7FF6FF00408404653
:102ED00015B0BDE8F08F82B10846FFF7DDFD6B7ECF
:102EE000DF0704D49E07F2D52B7E002BEFD12046BE
:102EF00015B0BDE8F04FFFF7E7BE4A7E00F12809A4
:102F0000900705D5802B09D12846FFF7C5FDDEE7E0
:102F1000910700F05584002B40F05284D20734D53D
:102F20002B8A082B0DD1EA68294613680020A3627A
:102F30005368C9F8043007F0D5F8054640B18A4A0D
:102F400000E08A4A0121874806F086FF00F010BCA5
:102F5000484607F073FAE28D70B9B2B12946A0690C
:102F600008F020F90146002800F06584204615B0DD
:102F7000BDE8F04F01F06ABA3AB11146204607F0B9
:102F800027FC0546002800F05684FFF74BFA002383
:102F900094F82880764F18F0600FC351C8F341139E
:102FA00007D0032B40F0D481FFF73CFA6FF0850384
:102FB00038E0484607F042FA94F82930002840F0FB
:102FC0006781013B0A2BEFD801A252F823F000BF22
:102FD0007D31000CA92F000C0532000CA92F000C2C
:102FE000FD2F000CA92F000CA92F000CA92F000CFD
:102FF0007930000CA92F000CE930000C618D7F297D
:10300000D2D8A38D002BCFD1E38D002BCCD118F0DB
:103010001F0FC9D194F83030022B05D1FFF702FA07
:103020004FF0FF333B5083E0A069036993F8803091
:103030001B070DD5C9B207F037FA804658B1638D2A
:1030400001214C4A474806F010FF002D73D13EE79E
:10305000012384F8393094F83030012B0AD1638D84
:1030600043B984F83030FFF7DDF93B58002B00F00E
:103070009A805DE00123F4E7204607F080F8628D36
:103080000146FF2A90D8E38D002B8DD194F828308B
:10309000D80689D194F83030002BBFD02AB1204611
:1030A000D2B207F059FA0028B8D0618D94F83830C0
:1030B0008B42D8D02046C9B200F00EFF638D804607
:1030C00030B1012100902C4A264806F0D8FEBCE71A
:1030D000002B14BF02220122052184F83020204653
:1030E0001A4607F0B6FBBEE708F01F08B8F1010F5B
:1030F0007FF45AAFE38D002B7FF456AF628DFF2A29
:103100003FF652AFA18DFF293FF64EAF94F8303015
:10311000022B83D12046D2B2C9B207F0DDFA10F1FA
:10312000020F804640F01981FFF77CF947F80080D4
:1031300065B14FF000082846FFF7AEFCB8F1000F6C
:103140007FF4C5AEFFF76EF93B5863B3484607F00E
:1031500075F90346A069002B00F07083802176E3A7
:1031600042E5000CA8D4000C7AE5000C63E5000CE5
:103170000C0000009CE5000CBEE5000CE38D002B6C
:103180007FF412AF94F83030002B3FF447AF012B9F
:10319000A18D02D100297FF441AF18F01F080CD097
:1031A000B8F1020F16D0E38D002B40F0D4822046F8
:1031B000FFF76AFD0028C9D199E600297FF42EAFF8
:1031C000638D012BEFD194F86C3061F3C30384F865
:1031D0006C30E8E7B4F82AA0BAF1000FE3D15FFA47
:1031E00081F84146204601F099F90346FFF71AF9A4
:1031F0003B50013300F0338352464146204607F0EE
:1032000023F930E7E38D002B7FF4CEAE628DA38DE2
:10321000022A5FFA83FA11D108F01F085AEA080857
:103220007FF4C2AE0122A069190A07F01DF9002837
:103230007FF4BAAE012384F8393014E794F83010E3
:1032400000293FF4EBAE012902D1002B7FF4E6AE5A
:1032500018F01F0812D0B8F1020FA4D1002AA2D191
:103260005146204601F038F90346FFF7DBF83B50A2
:10327000013300F0F48201225146BFE7002B7FF4B6
:10328000CDAE012A8FD194F86C3043F008039EE74D
:103290000A2B3FF689AE01A252F823F0C932000C86
:1032A000A92F000CA92F000CA92F000CA92F000C8E
:1032B000A92F000C4333000CA92F000CCF36000CB3
:1032C000A92F000CFD36000CE38D022B7FF46CAEB1
:1032D00094F83030002B3FF4A1AE012BA18D02D128
:1032E00000297FF49BAE18F01F0811D0B8F1020F2F
:1032F0001CD04FF0000805F10C0A504607F096F874
:10330000E38D984218D2FFF78DF86FF00B0389E632
:1033100000297FF483AE94F86C304FEA930808F0EC
:103320000208C3F3001348EA0308E4E72046C9B2E1
:1033300007F06EFA8046DEE74146504606F0FBFE97
:1033400091E6628D18F01F0F4FEA1223D2B209D016
:1033500029462046FFF754FD8046B8F1000F7FF460
:1033600074AE80E6013B0E2B3FF61EAE01A151F874
:1033700023F000BFB133000CED33000CFD33000C23
:10338000A92F000CA92F000C5535000CF933000CA7
:10339000A92F000CA92F000CA92F000CA92F000C9D
:1033A000A92F000CA92F000CA92F000CE935000C47
:1033B00005F10C08404607F039F883462046B4F87A
:1033C0002EA006F0DCFE20B101287FF4EDAD616F88
:1033D00000E0216F002900F03E82DA4528BFDA467E
:1033E0000A78524528BF524640462FE0002329461E
:1033F0002046FFF785FC36E60123F8E70321204647
:1034000006F068FF824600283FF4CEAD07F009F8C9
:10341000B4F82EB09AF81520D8B99AF814808DF81F
:1034200031208DF83080DAF8103005F10C0A1B8855
:103430005046ADF8323006F0F9FFD84528BFD846DF
:103440008045424628BF024650460CA906F062FE5F
:1034500009E60023DAF808108DF81D20C64A8DF819
:103460001C300A40C5498A4263D1102108A803F0E4
:10347000F7FCB0F1000842DB0CAAB8F1100F4FF0D6
:103480000003104628BF4FF01008DFF8F4E208A947
:10349000984502F102023CD803464FEA880808F139
:1034A00002085FFA88F88DF81C8005F10C0A504676
:1034B000049306F0BBFFD84528BFD846804528BFF7
:1034C0008046B8F1020FC34628BF4FF0020B5046AA
:1034D0005A46A8EB0B0807A906F01CFE4FEA580352
:1034E0000393049B9B4603EB58025A4528D118F0DE
:1034F000010F3FF4B8AD039A995C5046FBE018F118
:10350000580F7FF451AD01219E4A9F4806F0A4FC5C
:103510004AE511F801CB01334FEA1C1A0CF00F0CED
:103520001EF80AA01EF80CC002F802AC02F801CC8A
:10353000AEE79AF81480DAF810308DF81C80B4E702
:1035400050461BF8011BCDE9042306F0F4FDDDE92C
:103550000423CAE7204606F012FED4E91C830028A3
:1035600008BF98460023CDF83230CDF836300A2314
:103570008DF83030062320468DF8313006F004FEF9
:10358000012805D0FEF74EFF6FF085033B506AE53A
:10359000B8F1000F00F05F81B8F80230ADF83230BA
:1035A00098F804308DF8343098F805308DF83530BF
:1035B00098F806308DF8363098F807308DF83730A7
:1035C00098F8113005F10C0840468DF8383006F0B7
:1035D0002DFFE28D9DF830300CA99A4228BF1A4683
:1035E000824228BF0246FFE6204606F0C8FD18B119
:1035F0000128C7D1636F00E0236F002B00F02B81FF
:103600005B88B3F5007FBDD9604B04F14C0B0C9384
:1036100000238DF83430E36C9B4508BF0023BDF8D0
:10362000322093B1597D0F2908D1197D0A44ADF894
:1036300032209DF8342001328DF83420226D9342DF
:1036400001D01B68EBE7BDF8322005F10C0A5046AB
:10365000039206F0EBFEB4F82E80039A0CA9904575
:1036600028BF9046804528BF80464246052A28BF8D
:1036700005225046039206F04DFD039AB8EB02086E
:103680003FF4F1ACE36C5B453FF4EDAC002B3FF451
:10369000EAAC5A7D0F2A14D11A7D1969424528BF18
:1036A00042465046039306F035FD039B1A7D424582
:1036B00094BFA8EB0208A8EB0808B8F1000F3FF48C
:1036C000D2AC226D9A423FF4CEAC1B68DEE794F890
:1036D0003030002B3FF4A2ACE38D012B7FF464ACBF
:1036E00005F10C08404606F0A1FE00283FF40BAEA1
:1036F000404694F8381006F016FDB4E408F01F08B0
:10370000B8F1010F7FF48AAC204606F013FF0028C1
:103710003FF484ACB4F82C80B8F1FF0F3FF644AC12
:1037200043681B794345FFF43FAC5FFA88F30F2BE6
:103730003FF63AACE38D012B7FF436AC05F10C0A71
:10374000504606F073FE00283FF4DDAD04EB08039D
:1037500093F83A10D1E6484606F070FE18B92846AC
:10376000FFF79AF923E52946204600F06FFE78B16D
:103770002846FFF791F9E9E400FF02000003020088
:10378000DEF5000CE1E5000CA8D4000C050F0500E7
:10379000A069036993F8801011F004017FF4A7ABCE
:1037A00007F014FD054600283FF4D0AC0146204642
:1037B00000F04CFE00283FF49AAB2B4AFFF7C2BB47
:1037C00052077FF5C3AC002B3FF49EAB2846FFF7B2
:1037D00063F994F83930002B3FF479AB94F8293031
:1037E000052B0CD1618DA069C9B206F05DFE0646BD
:1037F00028B1638D01211D4A1D4806F036FB94F85F
:103800002930032B11D1638D022B0ED1A18D002203
:103810000D0A2946A06906F027FE064628B10121B7
:103820002B46144A124806F020FB0023B04684F8C9
:103830003930FFF74CBB6FF00B0687E4E38D002BAC
:103840003FF48CAC16F10C0118BF0121C90107F03F
:10385000C2FBFFF74CBB6FF01508FFF7F6BB4FF04C
:10386000FF38FFF7F2BB00BF03E6000C9CE5000C3D
:10387000A8D4000C27E6000C0B7810B4062B14D14A
:103880000369D3F89C20EFF31184202383F312887B
:10389000BFF36F8F00204B681860506A58B9C2E9B7
:1038A000083384F31188BFF36F8F0022002303488D
:1038B00010BC08F02ABE03605362F2E74004002007
:1038C00030B589B0002200230024CDE906236FF033
:1038D00007034FF48062CDE90334CDE90144154B71
:1038E00015490094154804F035FC1549134808F0B3
:1038F00088FF144B14498B4207D30020134B144903
:103900008B420CD3002009B030BD03F11402D2E881
:10391000EF0FC2E8E54F002DF9D11833EBE703F1C3
:103920001402D2E8EF4FC2E8E50F002DF9D11833A9
:10393000E6E700BFAD39000C40170020380A002030
:10394000D6D8000C3C05002054050020540500206A
:103950006C05002038B50D4606F0ECFD30B90121AC
:10396000BDE838400F4A104806F076BAC46804B97A
:1039700038BD2B78032B05D0052B0ED0022B08D099
:103980002468F4E7606883685B69002BF8D0984787
:10399000F6E7606883689B69F7E760688368DB69BE
:1039A000F3E700BF4EE6000CB8D4000C2DE9F0435D
:1039B0004FF0200885B000AF4FF0FF334FF0FF32DB
:1039C0007248391D03F0E2FFFB681B69D3F89C4085
:1039D000236A93B1EFF3118288F31288BFF36F8FDC
:1039E000256A2DB1616A2B688D42236208BF63622C
:1039F00082F31188BFF36F8FC5B93B79062BDBD0FB
:103A0000072BD9D801A252F823F000BF893A000C45
:103A10007D3A000CB13A000C8F3A000CE73A000CEA
:103A2000D33A000CB939000C7B3B000C2B7E2946A5
:103A30005E062046D5F81E201DD1FFF737FA064650
:103A40000028C5D0E9468AB06A462B7ECDE9073505
:103A500005234F49CDE9051042F8103F00234FF4EC
:103A600021514C48FDF7A6FD3246CD4607212046A0
:103A700006F0EFFEACE706F0BDFDE0E70022012115
:103A8000204606F0E6FE97E700221146F8E794F894
:103A90006C3043F0040384F86C3094F83030022B1F
:103AA00003D12046391DFFF755FF00220321E7E728
:103AB00094F86C3023F0040384F86C3094F83030C0
:103AC000022B03D12046391DFFF744FF00220221BB
:103AD000D6E794F83030022B7FF46EAF2046391DC4
:103AE000FFF738FF68E794F86C30A66923F0040309
:103AF00084F86C30D6F808903369A033D3E8AF3F30
:103B00009A071ED53046D9F83C309847D9F824306A
:103B10000021304698470546D9F84030304698474E
:103B200095B11D4A01211B4806F096F90022042197
:103B3000204606F08EFE002D3FF43EAF2A460721B8
:103B40009EE74FF0FF35ECE72946204600F0C4F928
:103B5000054608B1114AE5E7A06907F056FB831E48
:103B60005842584194F86C3084F8305023F0680380
:103B700043EA401384F86C30D8E70121084A05482D
:103B800006F06AF90621BA687AE700BF400400200F
:103B90007DE6000CB8D4000CA7E6000CD5E6000CBE
:103BA00001E7000C38B5024605460C49806907F06C
:103BB0008AFB044630B10121094A0A4806F04CF953
:103BC000204638BD85F83800284600F043F9044601
:103BD0000028F5D0A86907F0A5FBF1E77938000CBB
:103BE00011E7000CB8D4000CF8B501231D460C6891
:103BF000002C35D063F07F02D6B202F07F02103283
:103C000024FA02F7FF0716D5046824FA02F7FF0723
:103C100008D4334613480121134A06F026F96FF001
:103C20001500F8BD05FA02F224EA020404600C68EB
:103C300024EA02040C60DC40E6070ED5026822FA92
:103C400003F4E40700D4E5E705FA03F422EA0402EA
:103C500002600A6822EA04020A600133102BC6D10E
:103C60000020DEE7E0D4000C38E7000C2DE9F04F2F
:103C70000026536891B0D4680A9008910692029386
:103C80000E96039674B9039B029A09339BB2937004
:103C90001B0AD370069B1671DC68002C40F0C780AD
:103CA000A346AEE04FF0000A6068CDF83CA0836800
:103CB0001B6B002B00F0AC8008999847002800F09F
:103CC000A7803546C4E903AAA0F1040959F8043FC6
:103CD0000BB11A789AB9B54240F29780E3680F9A0F
:103CE0001343E360606883689B6A002B00F0928056
:103CF00098478346002800F09080534A7DE05A7828
:103D00000B2A08BF9D70D9F800305A78042A10D1C8
:103D1000E2680F990A43E260DA78002A5CD1012256
:103D20009D702369AA40134301352361EDB2CDF89C
:103D30003CA0D9F800707B78052BC7D16FF0120B2F
:103D40004FF001080A9B9B69099379793A790E9B98
:103D500042EA0122ADF8362097F902205FFA88F195
:103D6000002AACBF424641F080010493B7BF4BB27A
:103D70004FFA88F321F080020793A8BF0793049BB2
:103D8000B8BF103223FA02F0C0072CD40F9B23FADD
:103D900002F20593D30726D4BB79FA7809980093E9
:103DA0000DF136030B9107F08CF80B998346D0B9CF
:103DB000079BB970002B4FF00103BCBF21F08001BD
:103DC00010318B4004980599BDF8362019431843EB
:103DD000CDE90E01BA8079E76A1E9A700FA90EA884
:103DE000FFF702FFA3E708F10108B8F1100FACD10B
:103DF000BBF1000F3FF46AAF144A0121144806F0EA
:103E00002BF8584611B0BDE8F08F6FF0150BF3E7B3
:103E1000354667E76FF0850B6FE76068089906F035
:103E2000B9FB039B2E460344246803932AE7E36807
:103E300004F10C01A3600EA8FFF7D6FE08B92468B0
:103E40002BE76FF0150BDCE779E7000C55E7000C6A
:103E5000E0D4000C70B5836905461B69026F93F8C6
:103E60008030C3F34113022B0CD0032B0CD0012B59
:103E70000CBF10230823D371EE6D3EB96E6DBEB931
:103E8000344611E02023F6E74023F4E732460121CF
:103E90002846FFF7EBFE044640B173685B790B4A96
:103EA00001210B4805F0E1FF204670BD3668E4E7CC
:103EB000324600212846FFF7D9FE044618B1736840
:103EC0005B79044AECE73668D9E700BF9DE7000C50
:103ED000E0D4000CC0E7000C2DE9F04105460E4689
:103EE00006F04DF995F83830804633B3284606F091
:103EF00021FB0746F0B10146284606F09BFB102245
:103F00000446002105F13A0008F014FF002385F86B
:103F10003830FF683FB984B119491A4806F0E9FA08
:103F20002046BDE8F081786883685B6A03B19847F2
:103F30003F68EFE76FF03C04EEE71EB985F83860A4
:103F40000024EDE732464146284606F0DFFA0746F0
:103F500090B10246284606F097FB04460028DFD1C0
:103F600085F83860FC68002CEAD0606883681B6ABA
:103F700003B198472468F6E76FF03C04D0E700BF30
:103F80008CE4000CA0D4000C2DE9F04105460F464E
:103F90001446D2F8048006F0B0FA95F86C30D907D0
:103FA0000BD54749474806F0A4FA6FF00F07281DC4
:103FB00006F0AAFA3846BDE8F081012F0AD128465A
:103FC00006F0E2F830B940493E4806F092FA6FF048
:103FD0008507ECE798F807309A0607D5AB691B69A7
:103FE00093F880309B0701D43849EDE71FB1012FCA
:103FF00006D03749E8E7EB6D2BBB05F1540603E02B
:104000006B6DABB905F15C06002233680BBB002F6A
:10401000D5E91C2308BF13465B7C626803F10103EA
:10402000DBB25371D5E91C1208BF0A46537422E073
:104030009C4206D12749234806F05BFA6FF015072A
:10404000B5E71B68DDE79C4201D12349F3E71B6814
:10405000D2E79C4221D12368CAB972683360944286
:1040600000D173600023236063685B7902211B4ADF
:10407000144805F0FAFEA168B9B1284606F044F9E3
:10408000074668B116490F4806F033FA8FE7136008
:1040900073689C4208BF7260E4E71A461B68B5E784
:1040A000A06806F0BEF988F8060000232360736854
:1040B0001BB9C6E90044002779E71C607460FAE781
:1040C00011E8000CA0D4000C33E8000CEDE7000C64
:1040D00051E8000C71E8000C8EE8000CABE8000C15
:1040E000C8E8000CF8B5054600AF29B301290BD18B
:1040F000184C194E2BE0636828461968FBF79AFFA5
:10410000B8B11834B442F6D36C4688B06A46134B43
:10411000CDE905354FF40073ADF81C30104B42F873
:10412000103F00234FF4E2510E48FDF743FAA54635
:1041300000242046BD46F8BD0B4C0C4EE2E76368F8
:1041400028461968FBF776FF0028F2D01834B442ED
:10415000F5D3D9E7540500206C050020FFE8000CDA
:1041600003000001B0D4000C3C05002054050020E1
:1041700070B5012501F07F0311F0800F18BF1033D7
:104180009D4090F830300446022B06D001210C4AA5
:104190000C4805F061FE002070BD90F8386005F015
:1041A000EEFF32460146204606F0B0F90028F2D074
:1041B000C0680028EFD083681D42EDD10068F8E7A1
:1041C0001DE9000CB0D4000C2DE9F8430546084663
:1041D000114616469846FFF785FF0446002843D04F
:1041E000284606F0D0F995F86C30DA0702D5204A57
:1041F000012109E0D4F8049004F11407D7E8AF3F97
:10420000DB070CD502211B4A1B4805F025FE6FF089
:104210000F04281D03F090FC2046BDE8F883D9F870
:1042200004301BB1AB4201D0144AE1E742463146AB
:10423000284606F06BF9A0B10023236003696BB92F
:10424000C0E90344D7E8EF3F43F00103C7E8E23F8A
:10425000002AF7D10024C9F80450DAE71C60046191
:10426000F0E76FF03C04D4E76FF01204D4E700BF2E
:1042700011E8000C42E9000CB0D4000C64E9000C19
:104280002DE9F047012981461646984600AF33D103
:104290002C4DDFF8B4A028E0B8F1000F04D041465F
:1042A000284606F060F9F8B96968334601224846A5
:1042B0000968FFF789FF0446B0B16B686D468AB0A4
:1042C0001B686A462149C2E905134FF40073138441
:1042D0001F4BD66142F8103F00234FF411511D4887
:1042E000FDF768F9AD4603E018355545D4D30024F1
:1042F0002046BD46BDE8F087F9B16FF08504F7E7C9
:1043000018355545F3D2B8F1000F05D0414628467F
:1043100006F029F90028F3D169683346002248469F
:104320000968FFF751FF04460028E9D06B686D4625
:104330008AB06A461B680849C5E7084DDFF820A027
:10434000DFE700BF540500206C05002099E9000C50
:1043500004000001B0D4000CC6E9000C3C050020AC
:10436000540500202DE9F04F83B000AF7B6097F833
:1043700030304C680E463B608146904605F0FFFEAB
:10438000A36801461B6B33B96FF0150420460C3748
:10439000BD46BDE8F08F204698470028F4D00024A1
:1043A000051F06F10C0A55F8041F09B10B782BB94B
:1043B000002C14BF00246FF03C04E7E74B78042B7B
:1043C0000ED1002C3CD18B787A689342EBD1CB781C
:1043D0003A689342E7D10B79002BD7D00124E2E76A
:1043E000052BE0D1002CDED0B8F1010F91F802B01E
:1043F00009D0B8F1020FF1D152465946D9F8180048
:1044000006F0D0F904E05246D9F8180006F0AEF9EB
:1044100004460028E2D06D468AB06A46F368CDE9CA
:1044200007B3062307490990CDE9051842F8103F64
:1044300000234FF441510448FDF7BCF8AD46A5E711
:104440000024A3E7FEE9000CD8D4000C2DE9F041CC
:104450000B7E0C465906054637D16BB305F0EEFED0
:1044600040B11B4801211B4A05F0F6FC4FF0FF301C
:10447000BDE8F0812846D5F87080268AEF8D05F0DA
:104480007EFEF8B1421E534253419B01228A9AB1EB
:10449000BE42324628BF3A46E98D91420CD9B2FB62
:1044A000F3F103FB11223AB994F91830002BBEBF87
:1044B000637E43F0080363762146A869BDE8F041B6
:1044C00006F0E3BD98F80730E0E76FF01500CFE79E
:1044D000D0D4000C3AEA000C70B5064680690C4650
:1044E00006F079FD054638B102212346094A0A48FB
:1044F00005F0BBFC284670BD012214F0800F18BFE8
:1045000024F08004736B18BF1034A2401A43726306
:10451000F0E700BF4EEA000CD0D4000C70B50546A1
:1045200080690E4606F081FD044638B1022133460B
:10453000054A064805F099FC204670BD314605F154
:10454000340006F005F9F7E765EA000CD0D4000C5A
:1045500070B50646EFF31181202383F31288BFF371
:104560006F8F1B4D2A6881F31188BFF36F8F5268DC
:1045700092F86C20D20705D4BDE870400A220023CF
:1045800003F074BDEFF3118283F31288BFF36F8FD2
:104590002C682CB1696823688C422B6008BF6B6063
:1045A00082F31188BFF36F8F44B1606804F1080192
:1045B000C36998472146074807F057FF2B6833B176
:1045C0003046BDE870400022002303F01BBD70BDE3
:1045D000781100201004002030B585B0CDE900121C
:1045E000054600220023144803A903F03BF90246C4
:1045F000E8B9DDE90001039B5D60083383E803004F
:10460000EFF31180202383F31288BFF36F8F039B96
:104610001A600A4A516861B9C2E9003380F311880F
:10462000BFF36F8F00220023054803F0EBFC05B0B9
:1046300030BD0B605360F1E71004002078110020BA
:10464000000000200121024A024805F005BC00BF1D
:104650008FEA000C28D4000C70B5054602F01AFF52
:104660000446084E6B6863B102F014FF031BB342AB
:1046700003D9BDE87040FFF7E5BF022007F034FE24
:10468000F0E770BDBFD4010038B54568D5E9010138
:1046900083681B686BB19847041E0DDA14F1780F1C
:1046A0000AD02346184A0121184805F0DEFB2046AF
:1046B00038BD6FF05704F4E76868E96883681B68E1
:1046C00043B19847041E08DA14F1780F05D0104A58
:1046D0002346E8E76FF05704F9E72B699847012272
:1046E0002B681A702868FFF7B7FF2B7D13B10022E3
:1046F0002B681A702A680024137843F002031370A1
:104700002868FFF7A9FFD2E7BEEA000C28D4000C06
:10471000E2EA000CF8B504690D4600AFA034D4E815
:10472000AF3FC3F38003994218D1164A164B6E4629
:1047300088B0002918BF13466A461449CDE905130D
:104740004FF40073ADF81C30114B42F8103F0023BA
:104750004FF4E4510F48FCF72DFFB5464DB1D4E8B6
:10476000EF3F43F00403C4E8E23F002AF7D1BD461F
:10477000F8BDD4E8EF3F23F00403C4E8E23F002A89
:10478000F5D0F6E735EB000C3DEB000C44EB000CEC
:104790000300000190D4000C2DE9F047054689463E
:1047A00090461F46D0F808A006F0D3FA0446C0B1E0
:1047B000067DF30709D5037E16480121164A05F048
:1047C00054FB6FF07700BDE8F0873B464246494610
:1047D00006F07FFA40B9237E0121104A0D4805F00A
:1047E00044FB6FF01200EEE79DF8203026F006063D
:1047F00084F81980678323772675DAF81830214604
:1048000028469847B0FA80F3227D5B0963F30002E3
:104810002275D8E790D4000C56EB000C70EB000C1E
:1048200070B50546866806F094FA0446D0B1037D5B
:10483000DB0708D4037E0D4801210D4A05F015FB66
:104840006FF0770070BD0146F3692846984738B18C
:10485000237D03F00103227D63F300022275F1E75B
:104860000346F8E76FF01200ECE700BF90D4000CAD
:1048700092EB000C2DE9F3411746D0F8088005466D
:10488000D8F83C300E4698470022002339460B48A2
:10489000FEF784F8044670B901213B46084A0948EE
:1048A000009605F0ECFA2846D8F8403098472046A4
:1048B00002B0BDE8F0810676F5E700BF9C04002059
:1048C000ADEB000C90D4000C042903D849B96FF06B
:1048D00015007047052914BF6FF015006FF08500B3
:1048E000704762B9436803291B6803F5805308D0F9
:1048F000042908D0022914BF02220422DA730020FE
:1049000070470122FAE708499A7311F8010B013246
:10491000352A83F82000F8D10822DA739A7C42F015
:1049200002029A74EBE700BFEFF5000C70B5436824
:10493000002106461D68FFF773FF044648B110F1D9
:10494000780F06D00C4A01210C4806F0DDFD204608
:1049500070BD80213046FFF763FF044620B110F19F
:10496000780F01D0064AEEE705F580535A78002407
:1049700002F0BF025A70EAE7DBEB000C98D4000C9F
:1049800002EC000C70B503699022D3F8A450436880
:10499000002105F1A0001C6808F0CCF94022FF219D
:1049A00005F5987008F0C6F94021284606F04CFE3F
:1049B0004FF6FF73984207D157480121574A06F036
:1049C000A3FD6FF00B0070BD554AA5F83001A5F8A6
:1049D0005001D369372043F48033D36106F0BFFF21
:1049E000012342F2107623602368DB0702D4E369D7
:1049F000D8070DD5013E07D24A4A4748012106F0A3
:104A000083FD6FF07300DEE7012006F0A8FFEBE7FF
:104A1000002EF1D042F21076236843F40073236035
:104A2000236843F480732360236843F00203236008
:104A3000E369990707D5013E01D23B4ADDE7012032
:104A400006F08DFFF4E7002EF7D020232361A36941
:104A5000DA075ED504F58053D3F80425002422F04C
:104A6000E00242F04002C3F80425D3F8082505F51A
:104A7000D47022F00102C3F80825D3F80C2522F4E3
:104A80007E6242F42E62C3F80C25D3F8102522F082
:104A90001F0242F00A02C3F81025D3F8142542F091
:104AA0008002C3F81425D3F8182522F0030242F03F
:104AB0000102C3F81825D3F8202522F0C00242F0E5
:104AC0008002C3F82025D3F8242522F00102C3F880
:104AD0002425D3F8282522F0FE0242F07A02C3F8FA
:104AE0002825D3F8242542F00202C3F82425002209
:104AF000002385F8D84103F0B9FA204663E7012086
:104B000006F02DFFA369DB07A4D4013EF7D1074AC5
:104B100073E7074EF6E700BF98D4000C28EC000CB2
:104B20000080004443EC000C60EC000C83EC000CB3
:104B3000A0860100F0B5036989B0D3F8A47043687A
:104B40000646694607F5D4701D6807F029FE002166
:104B500005F58053D9801981D97224233046EB6042
:104B6000FFF75EFE044650B110F1780F07D0204ADF
:104B70000121204806F0C8FC204609B0F0BD802184
:104B80003046FFF74DFE044620B110F1780F01D0FA
:104B9000194AEDE742F211742B6823F002032B60EF
:104BA000EB69990717D4012342F211742B602B682B
:104BB000DA0716D4EB69DB0713D49022002107F142
:104BC000A00008F0B7F84022FF2107F5987008F020
:104BD000B1F80024D0E7013CE5D0012006F0BFFE8B
:104BE000DEE7013CE9D0012006F0B9FEDFE700BFB7
:104BF000DBEB000C98D4000C02EC000C2DE9F34127
:104C00000027456840232E683A463946009780467B
:104C1000FFF7C2FD044660B110F1780F09D03B46A2
:104C200001211F4A1F4805F020F9204602B0BDE8C7
:104C3000F08140230022802140460097FFF7ACFD21
:104C4000044620B110F1780F01D08023E8E706F583
:104C50008054E37A0A2043F00703E372E37A03F017
:104C6000EF03E372E37A03F0F703E372E3889BB2A6
:104C700043F00103E380042333616378AA69DBB264
:104C8000022A0CBF43F0200303F0DF03637006F039
:104C900066FE637843F0400363700024C5E700BFFD
:104CA00099EC000C98D4000C2DE9F04F056989B0FF
:104CB00007464468D5F8A48005F1840007F034FC69
:104CC00008F1880008F013F86049C8F8A07108F5E9
:104CD000D47007F059FD95F880304FF0400923F06B
:104CE000760343F0760385F88030A369022B01BF79
:104CF00095F880304FF4806A43F0010385F88030E6
:104D000018BF40F2FF3A00256368AB4228D800255F
:104D10004FF0400B6368AB425FD8002688F89C6078
:104D2000C8F88C61A8F89661D4E904124FF0000A23
:104D30004FF0000B6FF007030120CDE906ABCDE982
:104D40000330CDE901664046414B009703F002FA7B
:104D50003968404607F055FD3846636A984720E0B9
:104D6000E2686B0102EB4512917C41F040019174C5
:104D7000E268D5B9917C41F001019174E268A2F832
:104D80001090E26838461A441576E168194405F037
:104D9000EDFF0646F8B12B462E4A01212E4805F0BC
:104DA00064F8304609B0BDE8F08F1A44917C41F0B8
:104DB00004019174E2681A44917C41F002019174FB
:104DC000E2681A44917C41F008019174E2681A4447
:104DD000A2F810A0D5E7013596E7A2686B0102EBB7
:104DE0004512917C41F020019174A268ADB9917C8B
:104DF00041F001019174A268A2F810B0A26865F0B8
:104E00007F011A441176A1683846194405F0AEFFB7
:104E10000646C0B1114A2B46BFE71A44917C41F0C7
:104E200004019174A2681A44917C41F002019174CA
:104E3000A2681A44917C41F008019174A2681A4456
:104E4000A2F810A0DAE7013564E700BFBDB4000C9A
:104E5000FFBA000CB3EC000C98D4000CD6EC000C9C
:104E600038B5436804461D680369A033D3E8AF3FF3
:104E70005B0707D411480221114A06F045FB6FF089
:104E80000C0038BD05F580556B7803F0FD0343F049
:104E900004036B700021142007F098FD6B7800214B
:104EA00003F0FB0320466B70FFF734FC0022022165
:104EB000204605F079FF0020E3E700BF98D4000CFE
:104EC000F8EC000C2DE9F04F036989B0D3F8A44049
:104ED000436801901D6805F580566B6996F80A8055
:104EE0007788B2885FFA88F892B206929A0642BF33
:104EF00020226A61EA605807BFB256D54FF0040914
:104F000018F0040FC5F814903FD0002504F5C870C0
:104F100084F89C50C4F88C51C4F8945106F0C5FA3A
:104F200004F5BA7006F0C1FA04F5BC7006F0BDFADB
:104F300004F5BE7006F0B9FA04F5C27006F0B5FAD1
:104F400004F5C47006F0B1FAF38840209BB243F038
:104F50000103F380B57306F014FA494600F00F0020
:104F600086F8620086F86300B4F83031DB08A6F8F2
:104F70006430B4F85031DB08A6F8663004F18800DC
:104F800009B0BDE8F04F06F0E8BC18F0010F04D0FE
:104F9000082104F1880006F0E0FC18F0020F04D0AC
:104FA000102104F1880006F0D8FC0022B273B17C15
:104FB000CBB2490707D5B37C03F0FB03B37484F885
:104FC0009C20B37CDBB2DA061FD5B37C43F08003B0
:104FD000B374002384F89C30B37CDBB2DB0752D57A
:104FE000326AC4F89420336AC4F898301B0C1BD181
:104FF000B37C43F04803B374032384F89C3001214D
:1050000004F1880006F0A9FC3DE094F89C20032AF6
:1050100039D801A151F822F0DD4F000C7D50000C71
:10502000D350000C6F50000C100605D5B37C43F034
:105030004003B3740123E0E7B27C04F5C87042F08A
:105040004002B2740222A4F89431002384F89C2018
:10505000D4F89420A4F89631C4F89821D4F8982074
:10506000C4F88C31C4F89C2106F01FFAC7E7F90791
:1050700009D5002384F89C300221C1E7FA0702D544
:1050800013F00203F6D04FF001087B08009305F5FA
:1050900081530433CDE9023304F5BC73049305F561
:1050A00080530593009B002B60D10126069BDDF801
:1050B00000A04FEA530805F58055B8F1000F40F005
:1050C0001A81069B13F0FE0F00F07B814FF4807174
:1050D00054E7DB07D7D596F818805FFA88F918F0FF
:1050E0007F0810D1B37C012243F04803B37403233B
:1050F00084F89C3004F5C073D3E8EF1FC3E8E02FB9
:105100000028B9D0F8E7D4F88C314BB9012204F566
:10511000C873D3E8EF1FC3E8E02F0028B3D0F8E747
:1051200003F10C0A504606F024F9404528BF4046DA
:1051300001468346504604F0E7FF5A46014605F50E
:10514000815006F02CF9B4F8963119F0400F9844CC
:105150001FFA88F8A4F89681C4D0B4F89431434576
:10516000C0D9B37C43F04003B37485E7009BDF07ED
:1051700052D55FFA88F1EFF311830793202383F36D
:105180001288BFF36F8F01F00F03B373019841F0E2
:10519000800196F8129005F0DCFD5FFA89F9074668
:1051A000F8B105F0FDFD82464146049806F06DF920
:1051B00019F0200F17D0B37C059A03F0DF03B37406
:1051C000B37C43F00803B374B37C980742BFB37C4D
:1051D00043F00803B374059B9B7C03F0FE039374B8
:1051E00009E08246E0E7BAF1000F04D097F8149086
:1051F00019F0020919D04FF000090022059B9A739B
:10520000079B83F31188BFF36F8FB9F1000F03D0B1
:105210004946019805F0D4FD009B08F101085B08A0
:105220000093039B043303933CE7BAF810B0BBF13F
:10523000000F20D04146049806F093FB798BBAF812
:105240001030C1F30A01994228BF1946494509D8CF
:105250000AF10C0004F080FF05F58052937C43F0C6
:105260000103BCE7DAF80C30039A13F8093009F1AE
:1052700001091370EAE79AF8193019070AD541466F
:10528000049806F06EFB9AF819306BF3C3038AF8A2
:105290001930E1E7384605F07FFD8146384605F0D4
:1052A0007FFD83460028A8D097F814A01AF0020AC0
:1052B000A3D14146049806F054FB798BBBF810301B
:1052C000C1F30A01994228BF194651450AD80BF18A
:1052D0000C0004F041FF05F58052937C43F001037C
:1052E00093748AE7DBF80C30039A13F80A300AF15A
:1052F000010A1370E9E718F0010F17D0F1B2EFF3CC
:10530000118B202383F31288BFF36F8F01F00F03FB
:10531000AB73AA7DD3B252060FD503F0BF03AB75B2
:1053200085F80EA08BF31188BFF36F8F029B4FEAB5
:105330005808043301360293BFE601982F8B05F01D
:1053400008FDBFB20090C0B305F02AFDA8B3C7F3B3
:105350000D09B9F1000F18D000F10C07384606F01E
:1053600008F84845024628BF4A4638461146039287
:1053700004F0CAFE0146DDE9020206F010F8009BC7
:105380005A8BC2F30A02914504D2AB7D03F0FE03AF
:10539000AB7508E0384605F0ECFF50B9314604F52E
:1053A000C27006F0DEFA314604F5BE7006F0D9FA96
:1053B000B6E7AB7D03F0FE03B1E7314604F5C470F8
:1053C000F4E709B0BDE8F08F2DE9F04F8846436857
:1053D00081461146404685B016461C6805F0E2FC41
:1053E00098F814A01AF0020A40F0A68098F8185015
:1053F00035F0800200F0A4802A0600F19680D9F8EA
:1054000010302946D3F8A47007F5C27318460193EB
:1054100006F0B6FAA8B1EFF31181202383F31288C6
:10542000BFF36F8F04F5805305F00F029A739A7DD6
:1054300002F0FE029A7583F80EA081F31188BFF383
:105440006F8F294607F5C47006F09AFA8046002847
:1054500072D0EFF311830193202383F31288BFF3FB
:105460006F8F05F00F0204F5805B294648468BF8E4
:105470000E2005F06EFC824600284DD005F090FC11
:10548000002849D005F5816200F10C0604EB820387
:105490003046029305F06DFFBBF818900246C9F341
:1054A0000D09484528BF4A4630461146039204F08C
:1054B0002BFE0146DDE9020205F071FFBAF81A2061
:1054C000C2F30A0291451DD29BF8162002F0FE029B
:1054D0008BF81620294607F5BE7006F042FA002325
:1054E00004F58054A373019B83F31188BFF36F8F7E
:1054F000B8F1000F20D04FF4807107F1880006F05A
:105500002CFA19E0304605F034FF28B9294607F592
:10551000C27006F026FADDE79BF816204FF000086F
:1055200002F0FE028BF81620D9E7334642462146A8
:10553000D9F8100006F03BFA002005B0BDE8F08F66
:10554000D9F81030D3F8A470002D43D004F580545E
:10555000B8F81A50A273717E4B0701D50221CCE72F
:10556000A37C98075FFA83F806D502214346494A8F
:10557000494804F07AFCDFE7338A4BB9090707D4BE
:10558000012387F89C30A37C43F00A03A374D3E77C
:10559000C5F30A05AB4228BF2B469946914513D85F
:1055A000494606F10C0004F0D7FDA94548F0020376
:1055B00004D3328A22B9727E120701D448F00A035A
:1055C000012287F89C20E1E7F3689B5C013284F8B4
:1055D0002030E3E7737E13F00105ADD1EFF31189BD
:1055E000202383F31288BFF36F8FC7F88C6107F510
:1055F000C87005F05AFF08B304F5805888F80E50BB
:1056000098F818505FFA85FA15F07F051BD198F8C5
:105610001230012243F0480388F81230032387F840
:105620009C3007F5C073D3E8EF1FC3E8E02F0028D4
:10563000F9D1022107F1880006F08FF989F311886A
:10564000BFF36F8F78E70C36304605F092FEA84224
:1056500028BF284601468346304604F055FD5A4689
:10566000014604F5815005F09AFEB7F896311AF01C
:10567000400F1D44ADB2A7F89651C8D0B7F8943189
:10568000AB42C4D998F8123043F0400388F8123086
:10569000D4E700BF2CED000C98D4000CF8B500AF97
:1056A000B8B96C4688B06A46344B4FF4E251059362
:1056B000334B344806934FF40073ADF81C30324B33
:1056C00042F8103F06F068FCA5466FF01500BD4695
:1056D000F8BDB0F1205F4FEA906415D36D468AB0F3
:1056E0006A462A4B4FF411510593254B2548CDE9C5
:1056F00006344FF40073ADF82030254B42F8103FCC
:1057000006F04AFCAD46E0E7631EDBB2082B2ED85C
:10571000204A214DD15C214AD65C214AD25CEB5C07
:10572000C5B28D420BD8C0F3052CB44507D8C0F3E1
:105730000556964203D8C0F3853098421CD96E4670
:105740008CB06A46174BCDE9084105930C4B4FF4DA
:105750005151CDE906354FF40073ADF82830124BA6
:10576000084842F8103F06F017FCB546ADE73F2366
:1057700000211A461E46D3E70020A8E785ED000C5D
:10578000EAF6000C18D4000C03000001B3ED000C85
:10579000040000013FF6000C24F6000C36F6000C65
:1057A0002DF6000CD1ED000C060000012DE9F347A9
:1057B0000C460025194943682143804616461F6858
:1057C000019506F0ECFB022804D03560002002B001
:1057D000BDE8F0874FF0060AB4FBFAF95FFA89F5E5
:1057E0002946404601AA06F065FC0028EFD10AFBD5
:1057F0001944E4B2032C94BF4C375037AD003D44FC
:105800002B6804F00304E400E34013F03F03DDD011
:10581000019AB2FBF3F23260D8E700BF00FFFF0F3E
:105820002DE9F04F83B01C4643680D4692469A68B6
:10583000002302EB8108464900AF29437B60814683
:10584000D0F810B0D8F8206006F0A9FB02284FF07D
:1058500000034AD1D8F8201001F00F01514518D1AA
:105860006C4688B06A463B4B53613B4B3B48936167
:105870004FF4007393833A4B4FF4E25142F8103FD8
:1058800006F08AFB6FF08500A5460C37BD46BDE8E3
:10589000F08FBAF1060F07D18B1F052B04D86C4689
:1058A00088B06A462F4BDFE70B290AD8DFE801F002
:1058B00006202E39393C414141414141DBF800305D
:1058C0007B60D8F82020012D4FEA124218BFD2B2D7
:1058D000F30435D51D2A28BF1D220123013292B2BF
:1058E00093409AB27B68B3FBF2F300202360CCE7CD
:1058F000AB1EDAB2092A04D80BEB830BDBF80430B9
:10590000DEE76C4688B06A46174BADE7012D1BD029
:105910000C22012148463B1DFFF782FF0028D0D012
:10592000B3E74FF40043CBE74846391D00F01EF8BB
:10593000F4E7063948463A1DC9B2FFF737FFEDE7ED
:10594000012A38BF0122CDE76FF05B009DE700BF61
:1059500000FFFF1BFEED000C7EF6000C18D4000CBF
:105960000300000120EE000C42EE000C37B50C469F
:1059700041680A68136913F4807303D1002023601F
:1059800003B030BD136BDB0701D4094BF6E78B681E
:10599000D56BD3F88010052201AB01F00F01FFF7A2
:1059A0003FFF0028ECD1019BADB26B432360E7E7DA
:1059B000006CDC022DE9F04F83B043688146D3E9E7
:1059C00000BA0E46144600AFCDB2D2B96C4688B0CC
:1059D0006A46984B4FF4E2510593974B97480693CC
:1059E0004FF40073ADF81C30954B6FF0150842F87A
:1059F000103F06F0D1FAA54640460C37BD46BDE83B
:105A0000F08F08467B60FFF749FE7B688046B10E49
:105A1000C0B16C468AB06A468A4B08950593864B9E
:105A20008648CDE906314FF40073ADF82430864B3B
:105A30004FF4315142F8103F06F0AEFAA5466FF030
:105A40008508D9E7082900F27081DFE811F0090024
:105A500013007600C500E200E8000D01590166015F
:105A6000DBF81430227823F0800343EAC213CBF82A
:105A70001430C1E7D9F80430A1789A681D68D2F8CB
:105A8000803061F30303C2F880306378002B3AD092
:105A90002B6BDFF8B89143F00102DBB243F0010356
:105AA0002A632B6301F0F6FC0646AB6FA3B101F04D
:105AB000F1FC831B4B45F8D96C4688B06A46644BB1
:105AC0005361644B93614FF4007393835C4B4FF4C9
:105AD000E25142F8103F07E1EA6BA3886FF30F022F
:105AE0001343EB6301F0D6FC0646DFF86091AB6F21
:105AF0004BB101F0CFFC831B4B45F8D96C4688B005
:105B00006A46554BDCE7EB6A227803F07F0343EAF1
:105B1000C213DBB2EB6201F0BDFC04464B4EAB6F2F
:105B2000002B3FF469AF01F0B5FC031BB342F6D97B
:105B30006C4688B06A46494BC2E72679D9F80430EA
:105B40000B2ED3F800901EDC9B6803EB850ADAF875
:105B50008430334343F04003CAF8843001F09AFCA8
:105B60008346DAF884305B060DD401F093FC374AA3
:105B7000A0EB0B039342F4D96C4688B06A46384BCD
:105B80000593384B9EE70B2ED8BF002609F144023F
:105B900052F825302188C8BF0B3E61F3090342F853
:105BA000253009F1480252F82530A17809F1400961
:105BB00061F3050342F8253059F82530E278C8BF73
:105BC000360223F4F063C8BF06F4E06643EAC2136A
:105BD0001E4349F825600FE7D9F8043019680623F9
:105BE000B5FBF3F203FB1253D8B2032894BF4C3138
:105BF000503192000A443F2103F003031068DB0098
:105C0000994020EA0100217801FA03F3034313606D
:105C1000F2E6237803F00303CAF81030ECE6DAF872
:105C20001C30227823F0800343EAC213CAF81C30E8
:105C3000E2E600BF60EE000CFDF6000C18D4000C8C
:105C4000030000017FEE000C05000001BFD401003D
:105C5000A9EE000CD5F6000CDEEE000C11EF000CE6
:105C60007CEF000CC1F6000CD9F804A0012DDAF885
:105C70000810D9F8106001EB85010A6A238822F424
:105C8000005222F00F024FEA02424FEA124201D0C4
:105C9000FF2B01D842EA0342E378A07803F00F0318
:105CA00043EA403313430B6201F0F4FB8146DFF813
:105CB00088B0DAF808305B68DBB101F0EBFBA0EBF1
:105CC00009035B45F5D96C468AB06A461B4B4FF415
:105CD000115105931A4BCDE906354FF40073ADF819
:105CE0002030184B42F8103F174806F055F9A546EA
:105CF00082E6002D7FF480AEE37886F83A307BE6CA
:105D00009B68C6F3052603EB8603D3F88020217831
:105D100061F30302C3F880206EE6D9682378CA686D
:105D200022F0FF021343CB6066E60121074A0648D2
:105D300004F092F883E600BFBFD4010046EF000CE8
:105D4000A9F6000C0400000118D4000CC3EF000CED
:105D50002DE9F04782B00023D0F80480D0F810A0DD
:105D600000AF06460846894615467B60FFF796FC5D
:105D70000446A8B16C4688B06A46414B5361414B1A
:105D8000414893614FF400739383404B4FF4E251C9
:105D900042F8103F06F000F96FF08500A54616E0C6
:105DA0004946304606F0FBF802280ED14FEA9963C7
:105DB0005FFA89F1092B5DD8DFE803F00513181DA0
:105DC0002210373D4A4ADAF8004000202C6008379C
:105DD000BD46BDE8F0874FF48064F6E74FF4004419
:105DE000F3E729463046FFF7C1FDF0E72A46304683
:105DF00006F060F9EBE72A463046FFF7D7FCE6E706
:105E000073685A68136903F00303012BE3D0991EEA
:105E10000129E3D8D46914F00204D6D0032B14BFAF
:105E20004FF400444FF48064CFE72B460C223046F9
:105E3000FFF7F6FCCBE7D8F80830C9F3052909F1DC
:105E4000200953F829100C222B4601F00F01EEE730
:105E50000C22002130463B1DFFF7E2FC0028B6D1A2
:105E6000D8F80C307C68DB6813F0FF03ADD0B4FBCE
:105E7000F3F4AAE76C4688B06A46054B7EE700BF9C
:105E8000A9EF000C95F6000C18D4000C03000001DB
:105E9000BFEF000C2DE9F84FD0F804A0D0F8108027
:105EA00000AF0846DAE9004B0E46DAF80890CDB2AA
:105EB000FFF7F4FBA8B16C4688B06A46494B5361C2
:105EC000494B4FF4E25193614FF400739383474B76
:105ED000474842F8103F06F05FF8A5466FF085008E
:105EE0000DE0B30E092B77D8DFE803F0050C11277E
:105EF00076484F5C7667636923F002036361BD46B1
:105F0000BDE8F88FE36A23F00203E362F7E7403469
:105F100054F8253023F0020344F825300123D8F843
:105F20003020AB4022EA0302C8F83020D8F82C20F9
:105F300022EA0302C8F82C20E1E70623B5FBF3F2BE
:105F400003FB1253D9B203294FEA820294BF4C34A7
:105F500050341444012203F00303DB0021680733AB
:105F600002FA03F321EA03032360B8F83830063558
:105F7000AA4023EA0203A8F83830C0E7DBF81C3057
:105F800023F00203CBF81C30B9E725B96C4688B082
:105F90006A46184B93E709EB85052B6A23F4807357
:105FA0002B62ACE7C6F3052609EB8609D9F88030E9
:105FB00023F04003C9F88030A1E70121DAF80C3062
:105FC000C6F3055203EB8203DA6BC6F38536B140A4
:105FD00022EA0102DA6392E70121074A044803F04A
:105FE0003BFF7BE7A9EF000C6FF6000C03000001FC
:105FF00018D4000CDEEF000CC3EF000C2DE9F047C5
:106000004FF0010843680669D3F8009000AF09F12A
:10601000400252F821300C4643F0020342F821308E
:1060200001F1180308FA03F801F034FA0546DFF825
:1060300058A0D9F8103038EA03031CD001F02AFA2E
:10604000431B5345F5D96D468AB06A460F4B10483D
:106050000593104B4FF41151CDE906344FF4007302
:10606000ADF820300C4B42F8103F05F095FF6FF073
:106070007300AD4605E001220020F36AA2401343FD
:10608000F362BD46BDE8F087FF0D27070AF0000C5C
:1060900018D4000C7DF7000C040000012DE9F04F2E
:1060A00083B00546D0F804B000AF08460C46FFF7B1
:1060B000F5FA0646C8B16C4688B06A46794B53611A
:1060C000794B4FF4E25193614FF400739383774B14
:1060D000774842F8103F05F05FFF6FF08506A54650
:1060E00030460C37BD46BDE8F08F2146284605F006
:1060F00056FF022800F0D3806A68A00E11689368EA
:10610000092800F28180DFE800F0053439527F571A
:106110005D677F724B6943F002034B61230E032BD3
:1061200003F0FC0A40F28A80BAF1140F05D8614BE3
:1061300023FA0AF3DA0700F18180DBF814804FF0CC
:106140000009BAF1140F7CD1DBF80430DB68DB07FF
:10615000C6D4594B1B78002B7AD101F09BF902462B
:106160007A6001F097F97A685449831A8B42F7D91B
:1061700079E0CB6A43F00203CB62CFE70F20E1B2B4
:106180004B1C2A6903EB43035B0000FA03F3108FF7
:10619000034205D02846FFF731FF0028BED048E073
:1061A000012303FA01F1136B0B431363B6E728468F
:1061B000E1B205F0D6FFF0E75268D36943F002037D
:1061C000D361ABE714F0FF02A8D003EB82031A6A95
:1061D00042F480721A62A1E7C4F3052203EB820342
:1061E000D3F8802042F04002C3F8802096E7D268BE
:1061F000C4F3055302EB83020123D16BC4F3853052
:1062000083400B43D36389E76C468AB06A462C4BC4
:106210004FF4115105932B4BCDE906304FF4007329
:10622000ADF82030284B224842F8103F05F0B4FE6C
:10623000A5466C4688B06A46244B40E74FF4FA689E
:106240007DE72146284605F0AAFE022881D147E7CE
:10625000FCF7E8F81E4B1B58002B3FF47EAF0A20DA
:10626000002106F0B3FB09F10109C145FFF469AF54
:106270006C4688B06A46174B4FF4E25105930A4BBF
:106280000B4806934FF40073ADF81C30074B6FF0CA
:10629000730642F8103F05F07FFEA54620E76FF039
:1062A00077061DE7A9EF000C61F6000C0300000162
:1062B00018D4000C1011100038140020BFD40100B5
:1062C00025F0000C58F6000C040000014DF0000C05
:1062D000080000006BF0000C2DE9F04143682F4AE4
:1062E0001D6804696B69487A1A400B7C00021B0622
:1062F00000F4706003F040730343087A00AFC001FC
:10630000C0B203438878400100F020000343887A3C
:10631000000100F010000343C878C00000F008003E
:1063200003434878800000F00400034308784000ED
:1063300000F00200034313436B614B6823600B784A
:1063400003B301F0A7F80646DFF854802B69DB079A
:106350001BD401F09FF8831B4345F7D96C4688B0E6
:106360006A46104B4FF4E25105930F4B0F480693CA
:106370004FF40073ADF81C300D4B42F8103F05F0A0
:106380000BFEA546BD46BDE8F081636B43F4805328
:106390006363238F43F001032387F3E741F0FFFC9E
:1063A000FF0D270780F0000C6DF7000C18D4000CCF
:1063B000030000012DE9F04706690C46338F00AF5A
:1063C0009D0614D56C4688B06A46864B4FF4E6515C
:1063D0000593854B06934FF40073ADF81C30834B47
:1063E00042F8103F824805F0D7FDA546CDE096F86B
:1063F0003A30052B00F0AB8043681D689A68EB6A61
:1064000023F00203EB628B78012B67D10978736B61
:10641000CB40D80713D46C468AB06A46754B0593B7
:10642000714BCDE90631032308934FF40073ADF8A7
:106430002430714B4FF4335142F8103FD2E7D2F879
:106440008030DFF8B8A161F3030343F04003C2F8E2
:10645000803001F01FF88046DFF8A491DAF8803030
:106460005A0600F1958001F015F8A0EB08034B45A2
:10647000F4D96C4688B06A46624BA7E02B6B627910
:1064800003F0490343EAC213A279DBB2520102F0DE
:1064900020021343E279DFF86891120102F0100242
:1064A0001343227A920002F004021343627A5200EC
:1064B00002F00202134343F001032B6300F0EAFFF2
:1064C0008046AB6F53B100F0E5FFA0EB08034B45EE
:1064D000F7D96C4688B06A464B4B77E0EB6AE278B6
:1064E00003F07F0343EAC213DBB2EB626278EB6A2C
:1064F000520002F0020203F0FD031343EB6200F0CE
:10650000C9FF8046DFF8F890AB6F53B100F0C2FFCF
:10651000A0EB08034B45F7D96C4688B06A463B4B65
:1065200054E06378002B30D000F0B4FF8046DFF8F1
:10653000E0902B69DB051ED400F0ACFFA0EB080354
:106540004B45F6D96C4688B06A46324B3EE06D4604
:1065500088B06A46304B4FF4E6510593224B2448ED
:1065600006934FF40073ADF81C30204B42F8103FF7
:1065700005F012FDAD4663783BB1736B43F40053F5
:106580007363338F43F020033387BD46BDE8F08744
:10659000A37AEA6BA1891B0403F4FE036FF31602CE
:1065A0000B431343EB6300F075FF8046DFF8509018
:1065B000AB6F002B3FF462AF00F06CFFA0EB080064
:1065C0004845F5D96C4688B06A46144B5361064B72
:1065D0004FF4E25193614FF400739383034B42F8FD
:1065E000103FFFE699F0000C5AF7000C0300000181
:1065F00018D4000CCAF0000C050000010000014492
:10660000BFD401006FF1000CA9EE000C11EF000CDB
:10661000FF0D270753F1000C19F1000CDEEE000C02
:106620002DE9F04F83B0D0F810900D78D9F8306094
:1066300000AFEE4016F001030C467B6040F0A180F5
:1066400091F807B0D9F8343023FA0BF3DE0717D4EA
:106650006C468AB06A46604B4FF4335105935F4BEA
:10666000CDE90635032308934FF40073ADF82430C9
:106670005B4B42F8103F5B4805F08EFCA54680E07E
:106680004368BBF10B0FD3F80080D3F810A01EDCD9
:106690009E6806EB8506D6F884204BEA020242F09B
:1066A0004002C6F8842000F0F5FE0246D6F88400C9
:1066B0003A6041060BD400F0EDFE3A684A49801A70
:1066C0008842F3D96C4688B06A46484B77E008F1B7
:1066D000440252F825306189BBF10B0F61F30903C5
:1066E00042F825304346217B53F8482FC8BFABF111
:1066F0000B0B61F30502C8BF4FEA0B2B43F82520B3
:10670000C8BF0BF4E063A079C8BF7B60637908F170
:10671000400252F82510C002DB0100F46050DBB2E9
:106720007E6821F47E5103430B431E4342F82560EB
:10673000E2892F4BD8F86C1003EA0243228A6FF3E8
:10674000DE11D20192B213430B43C8F86C3000F053
:10675000A1FE0646DFF890B0D8F878305A0614D576
:1067600000F098FE831B5B45F6D96C4688B06A46FC
:10677000204B24E00122D9F83030AA401343C9F855
:1067800030300C37BD46BDE8F08F2379002BF8D0B0
:10679000DAF81C30184E43F48033CAF81C3000F08D
:1067A00079FE0446DAF80C30DB05E3D400F072FE23
:1067B000031BB342F6D96C4688B06A460F4B53614F
:1067C000064B4FF4E25193614FF4007393830C4BEB
:1067D00042F8103F4FE700BF9FF1000C4BF7000C51
:1067E0000500000118D4000CBFD401007CEF000CA0
:1067F0000000FF7F14F2000CFF0D2707E3F1000CEF
:10680000030000012DE9F84306248C460978056948
:10681000B1FBF4F62B8F01F1060823FA08F3DB072E
:1068200004FB161400AF17D56D468AB06A46214B9B
:106830005361214B1462C2E906364FF4007393840E
:106840001E4B4FF433511E4842F8103F05F0A4FB95
:10685000AD46BD46BDE8F8834FF03F094368032CC1
:106860001A684FEA8603D4BF4C325032134404F006
:10687000030E1A684FEACE0E09FA0EF922EA090948
:106880009CF8052002FA0EF242EA09021A609CF80E
:10689000043023B96D468AB06A460A4BC8E705F052
:1068A00060FC0028F6D101232A8F03FA08F3134372
:1068B0002B87CEE73EF2000C38F7000C05000001F4
:1068C00018D4000C73F2000C2DE9F041056900AFFB
:1068D0002B8FDA0616D56C4688B06A46344B4FF4D7
:1068E000E6510593334B06934FF40073ADF81C301B
:1068F000314B42F8103F314805F04EFBA546BD46EE
:10690000BDE8F08143680A7C5C68CB7B52009B0049
:1069100002F0020203F0040313438A7B606902F071
:10692000010220F00700134303436361E369244835
:106930000A7B18404B7A12029B0402F4706203F443
:10694000701313430A7AD201D2B213434A789200E9
:1069500002F0040213430A78520002F002021343C9
:106960000343E3610B78002BC9D000F093FD06468A
:10697000DFF85080E368DB0715D400F08BFD831B44
:106980004345F7D96C4688B06A460F4B4FF4E25145
:106990000593084B06934FF40073ADF81C30064B7B
:1069A00042F8103FA7E72B8F43F010032B87A6E791
:1069B000AAF2000C25F7000C0300000118D4000C0B
:1069C00079F0C3FFFF0D2707D9F2000C2DE9F0473E
:1069D00006690D78736B0C46EB40DA0700AF17D5EC
:1069E0006C468AB06A46514B4FF413510593504B95
:1069F000CDE906354FF40073ADF820304D4B42F829
:106A0000103F4D4805F0C8FAA546BD46BDE8F087E1
:106A100091F807C0338F23FA0CF3DB0713D46C46CD
:106A20008AB06A46454B4FF433510593404BCDE94C
:106A30000635032308934FF40073ADF82430404B20
:106A400042F8103FDDE7D0F80480012DD8F8082087
:106A5000638A02EB8502116A21F4745121F00F015F
:106A60004FEA01414FEA114101D0FF2B01D841EA21
:106A700003416379003B18BF012341EA4331237C82
:106A80000BB141F48051637D207ADB02800200F477
:106A9000806003F400630343207D0CF00F0C400280
:106AA00043EA0C0300F4007003432079DFF894A05C
:106AB000000200F4807003430B43136200F0EAFC11
:106AC0008146D8F808305B68BBB100F0E3FCA0EB6E
:106AD00009035345F5D96C468AB06A461A4B4FF400
:106AE00011510593124BCDE906354FF40073ADF803
:106AF0002030104B42F8103F83E7AB1E092B0FD814
:106B0000E26806EB83035A600122736BAA401343C9
:106B1000012D736302BF338F43F00203338774E7A1
:106B2000002DF1D1E37986F83A30EDE7F8F2000C68
:106B300012F7000C0400000118D4000C2AF3000C1A
:106B400005000001BFD4010046EF000C2DE9F04F15
:106B5000924B87B0DFF8489200AF0125C7E9009358
:106B60004FF4606A3023394646680446C7E902A3F9
:106B7000D0F810803D6140F2011BFFF7ADFB4FF4F0
:106B80000043C7E900B340F20713864A3946C7E914
:106B90000223002320463B61FFF796FEB368DFF82F
:106BA00008921D7000F076FC0546B368D3F804A087
:106BB000BAF1000F1ED000F06DFC431B4B45F4D919
:106BC0006C4688B06A46794B79480593794B4FF407
:106BD000E25106934FF40073ADF81C30764B42F847
:106BE000103F05F0D9F96FF07300A5461C37BD467C
:106BF000BDE8F08F0523032688F83A3001254FF0D1
:106C000006084FF0020914220021381D06F092F800
:106C10006A4B394620463B6087F807807D823D718C
:106C2000FFF7D4FE14220021381D06F083F8644BD0
:106C3000394620463B6087F80780A7F812903D71DF
:106C4000FFF7C4FE14220021381D06F073F85D4BD7
:106C500039463B6007232046FB717D823D71FFF77B
:106C6000B5FE14220021381D06F064F8564B394653
:106C70003B6008232046FB717D823D71FFF7A6FE35
:106C800014220021381D06F055F8504B3946204695
:106C90003B607D823D71FFF799FE4FF001334C4A16
:106CA0003946C7E90023204603F17F43BB60BD811D
:106CB000FFF780FB4749484B4FF00308C7E9001333
:106CC0004FF0967339462046C7E90238C7F810A03E
:106CD000FFF7A6FC40F6012340483946C7E9000308
:106CE0002046FFF78FFD41F60113DFF8F4C0394667
:106CF0002046C7E900C3FFF785FD40F601434FF486
:106D0000006BDFF8E0E039462046C7E900E3FFF713
:106D100079FD354B39462046C7E9003BFFF772FD48
:106D2000324A39462046C7E9002BFFF76BFD304A4F
:106D300039462046C7E9002BFFF764FD013E7FF48A
:106D40005DAF636832465B6820462A491D612B4669
:106D500005F03AFA2B464A462046274905F034FA10
:106D60002B4642462046254905F02EFA2B460422A2
:106D70002046234905F028FA2A462046214905F0F5
:106D800038FA2A462046204905F033FA20462A469A
:106D90001E4905F02EFA304628E700BF001BB70059
:106DA0000100000100000101BFD401007DF3000CCF
:106DB00018D4000C48F6000C0300000100FFFF1B74
:106DC00001FFFF1B02FFFF1B03FFFF1B04FFFF1B55
:106DD0000101000100C0FF0B0100010C00FFFF0FCB
:106DE00001FFFF0F02FFFF0F03FFFF0F04FFFF0F65
:106DF00005FFFF0F30E7FF1F37EEFF1F35ECFF1FCA
:106E000010D2FF1F3E7F34240E3F05240B7F042445
:106E100008B5074805F08EFA38B10648FBF75AFD69
:106E20000448FAF71BF9002008BD6FF01200FBE7D9
:106E3000B8CE000C396E000C0A2838B50446074D50
:106E400004D1AB680D2128465B689847AB680348BE
:106E50005B68E1B29847204638BD00BFB8CE000C51
:106E600010291FB528BF10210C460C4BD3F8E02188
:106E700012BA0092D3F8E42112BA0192D3F8E821B1
:106E800012BA0292D3F8EC310A461BBA6946039350
:106E900005F043FF204604B010BD00BF0070000A9B
:106EA0002DE9F04300250127DFF8E0E000F1020CB6
:106EB000EBB2994202D80020BDE8F08330F82540BB
:106EC0003CF82560C4F3422804F00F03B8F1010F29
:106ED0005EF82330C4F304122AD15BB303EB5208EB
:106EE0004FEA143998F8304012F0010F15BF04F042
:106EF0000F0404F0F00444EA091449EA040488F891
:106F0000304003EB020898F8404044F0010488F850
:106F1000404016F0010F07FA02F803EB02040BD110
:106F200016F0020F0ED194F8409009F0FB090DE025
:106F3000002BEED10135BBE7D3F8109048EA0909E0
:106F4000C3F8109094F8409049F0040984F84090F8
:106F500094F8409016F0080F14BF49F0020909F0A8
:106F6000FD0984F840901C6816F0100F14BF48EA21
:106F7000040424EA08041C60DC6E07FA02F23606F8
:106F80004CBF224324EA0202DA66D3E7D4D6000CCF
:106F90000121024A024802F05FBF00BFE4F3000C87
:106FA00088D4000C70B5054600F074FA0446094E0A
:106FB000EB69DB060CD000F06DFA031BB34203D97A
:106FC000BDE87040FFF7E4BF022005F08DF9EFE760
:106FD00070BD00BFBFD40100F7B50D464768066914
:106FE000BC682368204623F002032360FFF7DAFF22
:106FF000EB79002B64D1F3712979022960D82046FE
:1070000005F054F92B7933716B79012B52D16368F8
:1070100023F0400363602046FFF7C4FF6B79737170
:10702000AB79042B4CD82B4A2046D35C626822F003
:1070300007026260626813436360FFF7B3FFAB79D6
:10704000B3710023B86901938368DB6813B1396AAF
:1070500001AA9847019A2868002A34D05308010BE6
:107060000005C01841F100010023F8F7C9FF4FF6F1
:10707000FF72431E61F10001934271F1000125D2BC
:107080002368404280B223F460432360A0812B68D0
:10709000204633607B7B012B02BF236843F08003D3
:1070A0002360236843F002032360FFF77BFF002087
:1070B00003B0F0BD032B03D1636843F04003A9E79D
:1070C0006FF08500F4E76FF01500F1E76FF0210035
:1070D000EEE700BF8AF7000C2DE9F3414668076927
:1070E000B069B468836896F80C801B68316A2BB964
:1070F0006FF05705284602B0BDE8F0819847054675
:1071000010B110F1780FF5D1D6E9060183681B683C
:10711000002BEDD09847054610B110F1780FE9D15A
:10712000BF2323750023FB713379042B02D96FF041
:107130008505DFE7504A2046D35C626822F00702EB
:107140006260626813436360FFF72CFF3379204667
:10715000BB71717905F0AAF873793B71B379012B92
:1071600079D1636823F0400363602046FFF71AFF7C
:10717000B3797B71B16832690B68120523F44C1343
:1071800002F440121A4373691B0403F4403313439F
:107190000B60236843F000532360236823F01C0333
:1071A000B8F1000F5ED023602368002143F08043D4
:1071B0002360706A01AA05F02FF8051E9ADB019B77
:1071C000002219791868FFF76BFE0546002891D157
:1071D0006368204643F400336360FFF7E3FE6368AF
:1071E000204643F480336360FFF7DCFEB069316A08
:1071F0008368DB680BB101AA9847019A3068002ABE
:1072000033D05308010B0005C01841F100010023E1
:10721000F8F7F6FE4FF6FF72431E61F1000193424C
:1072200071F1000124D22368404280B223F460430C
:107230002360A081336820463B60737B012B02BF33
:10724000236843F080032360236843F00203236034
:10725000FFF7A8FE4EE7032B7FF469AF636843F0A6
:10726000400381E743F004039DE76FF0150541E714
:107270006FF021053EE700BF8AF7000C4FF0E023D6
:107280000D4A9969126818699B69002908BF11465F
:10729000002B08BF134610F4803F084801D19942E3
:1072A00005D20168114401604FF0E02109690068CE
:1072B0001044C01A704700BFFC130020F8130020D0
:1072C0002022094B002083F8232042F6E062074B7E
:1072D0001A60074B42F6DF6218604FF0E0235A61F4
:1072E000072298611A61704700ED00E0FC1300204E
:1072F000F8130020684620F007018D4619B5FFF706
:10730000BDFF1449144B0868D3E90042001942F14B
:107310000002C3E9000200230B6042F6E0630F4A5B
:10732000D2E90041001BB0FBF3F043431B1941F1CC
:107330000001C2E90031EFF31181202383F31288A9
:10734000BFF36F8F01F05EFBFAF7FEFFBDE8194057
:1073500085467047F8130020A80C0020A00C0020E0
:107360002DE9F041374E89B1421C0AD14FF0E0229D
:10737000136923F0010313614FF07F433360BDE8CD
:10738000F0813568012806DC00240AE0431C3568DA
:10739000F8D140F2755040F276539842A8BF184693
:1073A000441EEFF31187202383F31288BFF36F8FFE
:1073B000FFF764FF4FF0E0232349D3F818C0D1E969
:1073C000002380184FF0000243F10003C1E90003DD
:1073D0001E4B1A601E4B1A68831A2DD442F6E06EBB
:1073E00042F6DF6814FB0E841C44B4FBFEF4131A4F
:1073F0000EFB0433B3F5806F38BF4FF48063154A3A
:10740000934228BF13464FF0E0223360013B94695A
:1074100053610023A4459361ACEB0400D1E9003231
:107420000DD20544EB1842F10002C1E9003287F3A6
:107430001188BFF36F8FA2E74FF48063E3E7C318AF
:10744000F1E700BFFC130020A80C0020F813002077
:10745000A00C002060CCFF0038B5EFF3118520238D
:1074600083F31288BFF36F8F084B1C68084B1B68AF
:10747000E41AFFF703FF85F31188BFF36F8F42F61D
:10748000E0632044B0FBF3F038BD00BFA80C00203F
:10749000A00C002038B5EFF31185202383F3128868
:1074A000BFF36F8F044B1C68FFF7E8FE85F311886C
:1074B000BFF36F8F204438BDA80C002010B50446E0
:1074C000F9F7AAFF03480121034A02F0C5FC204650
:1074D00004F03BFF68D4000C30F4000C2DE9F843B5
:1074E00004460D4600AFEFF31188202383F3128882
:1074F000BFF36F8F04282A4A98BF2A4BE9468AB007
:107500009668117C98BF53F820306A4688BF264B96
:10751000CDE9073140F201332448ADF82430244B43
:10752000CDE9050442F8103F00234FF431512148C2
:10753000FAF740F8CD4645B1EB69C3F3080323B130
:1075400001211D4A1B4802F087FC2EB1304605F090
:107550005BF908B1037803B91848E9468AB06A466E
:10756000174B0790CDE9053640F20133ADF82030D6
:10757000144B42F8103F00234FF411510D48FAF715
:1075800019F82946CD462046FFF798FF88F3118861
:10759000BFF36F8F3046FAF7E7FEBD46BDE8F883CC
:1075A000001400201CD7000C3FF4000C55F4000C14
:1075B0000500000168D4000C7DF4000C4DF4000CB3
:1075C0009EF4000C0400000138B50A4B53F820402B
:1075D000013053F82050A54200D838BD606830B162
:1075E000037EDB0701D404F08DFE0834F3E7236843
:1075F0009847FAE730D7000C012270B5294B86B0C6
:1076000003201A70FFF7E0FF01F0B2FB0420FFF740
:10761000DBFF254C254D2646AE4204F130040FD346
:1076200001F076F8204CAC4226D301F085F8F8F74B
:10763000C5FF1F4A938923F00103938106B070BDF3
:1076400054F80C3C059354F8103C049354F8143C43
:10765000039354F8183C029354F81C3C019354F8DB
:10766000203C009354E90A2354E90C0100F004FD86
:1076700054F8303C5E65CEE7D4E90A23B3F1FF3F0E
:1076800008BFB2F1FF3F05D052EA0301206803D1E1
:1076900000F03CFD3034C6E70649183001F022F90D
:1076A000F8E700BF38140020E0D3000CE0D3000C52
:1076B000380D00202FC9000C882370B5134E01220D
:1076C00003FB0066002386B0CDE904230F2201935B
:1076D000CDE9023214234FF4A0720D4D0D4903FB86
:1076E0000055044602FB00110B4B3046009500F09C
:1076F000C3FC337C2C7423F004033374074B013434
:1077000003EBC423EE606B6006B070BDB00C0020CC
:107710000014002040270020DBC4000C401F002084
:107720007FB50020FFF750FF2C4B83F3088800251E
:10773000E0232B4C84F82230E57725766576A57614
:1077400084F82050E576636A43F4E0236362636A59
:1077500043F400236362A563E3689BB243F0BF6315
:1077600043F40833E360FAF70DFDFAF7E7FD4FF055
:10777000FF33A362E362FAF7D7FFFAF759FEF9F78E
:10778000AFFD184800F0B6FC0120FFF71DFF0220F6
:10779000154CFFF719FF00F0B3FF144B4FF4806254
:1077A0005C61134B1349059301232046CDE9035334
:1077B000CDE90155104B009500F05EFC0646237C98
:1077C000204623F00403237405F079F82846FFF7D8
:1077D00073FF31462046084AFAF794FD40270020FF
:1077E00000ED00E0C00D0020380D00200014002046
:1077F0002EDA000C80280020F975000C38B5064CF4
:10780000064DAC4201D3002038BD2046D4E9011218
:1078100004F0E5FD1434F4E72C04002040040020BB
:1078200030B5054B85B0DDE908450293CDE900454B
:1078300004F093FD05B030BDD195000C38B5074C70
:10784000074DAC4201D3002038BD204604F0EBFDCB
:1078500008B91C34F5E76FF01500F5E710040020B7
:107860002C04002073B50C46EFF31181202585F31D
:107870001288BFF36F8FC5685DB125602B68C36048
:10788000836901338361002081F31188BFF36F8F17
:1078900011E052EA030603D16FF00B002560F3E715
:1078A000CDE900230246083000F048FE18B9034B2A
:1078B0009B685B69236002B070BD00BF00140020AC
:1078C000F7B50D4604469DF82010EFF311872020F0
:1078D00080F31288BFF36F8F266AE068864240D239
:1078E0002668B4421AD0CEB1304604F001FE06F14B
:1078F000180005F00CF92946002554F8082F706986
:1079000005F00BFA3046C6F8805004F0D8FF204648
:10791000394605F032F8284603B0F0BDA268A9B197
:107920002946E06905F0F9F9E369A2681344626940
:10793000E361934201D12369E3610020236A0133AB
:10794000236287F31188BFF36F8FE5E7A06923698E
:107950002946984208BF6069801AA06105F0DDF9E8
:10796000EBE752EA03010BD0074904F108008968EC
:107970004D61CDE900233946224600F0DFFDCBE71B
:107980006FF02200DDE700BF00140020F7B50446C9
:107990000846EFF31186202181F31288BFF36F8F21
:1079A000216A00293BD0A268A16905F0B6F9A36954
:1079B000A268256813446269A361934204BF2369E6
:1079C000A361236AAC4203F1FF33236236D0284619
:1079D000002D34D0002704F08BFD05F1180005F0D0
:1079E00096F86969A268E06905F097F9E369A26809
:1079F000284613446269E361934204BF2369E3614B
:107A0000236A01332362C5F8807004F058FF04F143
:107A10000800314604F0B1FF384603B0F0BD52EA29
:107A2000030111D00A4989684861CDE90023314634
:107A3000224604F1080000F081FDEEE7002086F305
:107A40001188BFF36F8FE8E76FF02200F7E700BF00
:107A5000001400202DE9F341044617461E46EFF3BB
:107A60001188202383F31288BFF36F8F304BC268D5
:107A70009B6872B18068984217D057EA060216D107
:107A800088F31188BFF36F8F6FF00F0002B0BDE86D
:107A9000F08193F90E1001322161C4E9023288F3BA
:107AA0001188BFF36F8F0020F0E72169F3E793F9A6
:107AB0000E1090F90E30994230DA9942A8BF19465B
:107AC00004F02AFD054622464146CDE900761948D4
:107AD00000F034FD0028E6D0EFF31186202383F375
:107AE0001288BFF36F8FA068D0B1236821699C42D0
:107AF0000AD04BB193F90E309942A8BF19466FF0E6
:107B00007F039942B8BF194604F006FD40B13146E3
:107B1000084804F032FF6FF00A00B7E70025D2E70B
:107B2000002DF4D186F31188BFF36F8FF3E700BF08
:107B30000014002039140020F8B583680546002B96
:107B400040D0234A926893423FD1C368012B03D9A6
:107B5000013BC3600020F8BDEFF31187202383F3BE
:107B60001288BFF36F8F0169806804F0D5FC2C6820
:107B7000A54207D10023C5E9023387F31188BFF37B
:107B80006F8FE7E7002CF5D0D4E9003200261360B0
:107B90005A60237CC4E9006623F002032374A660C4
:107BA00004F1180004F0B3FFAC6094F90E302046E5
:107BB0002B61C4F8806004F082FE3946054804F069
:107BC000DCFEC7E76FF01500C5E74FF0FF30C2E7F6
:107BD000001400203914002037B51146EFF3118549
:107BE000202282F31288BFF36F8F04689CB1236850
:107BF000426823F003039442036008BF43600121FD
:107C0000204604F00DFD044685F31188BFF36F8F05
:107C1000204603B030BD51EA0302F5D000F108025E
:107C2000CDE900131046294600F088FC0028EFD16A
:107C3000014B9B685C69EBE70014002070B5EFF323
:107C40001186202383F31288BFF36F8F0468A0424C
:107C50001BD0D4B1D4E90032002513605A60237CD4
:107C6000C4E9005523F002032374A56004F1180051
:107C700004F04DFF2046C4F8805004F020FE314649
:107C8000BDE87040064804F078BED0E902329A425E
:107C900018BF0133836086F31188BFF36F8F70BD07
:107CA0003914002013B5EFF31181202484F31288D6
:107CB000BFF36F8F846844B1013C846081F3118805
:107CC000BFF36F8F002002B010BD52EA030406D14B
:107CD00081F31188BFF36F8F6FF00F00F3E7CDE9E9
:107CE00000230246014800F029FCECE7391400208B
:107CF0002DE9FF4104462027534EEFF3118887F307
:107D00001288BFF36F8FD4F88C50F5B9022104F1BB
:107D1000A40004F0BEFC002870D004F19C050022F1
:107D20000121284604F0B0FE0028F8D100234FF0CE
:107D3000FF3202934FF0FF334146CDE90023434821
:107D400004F1940200F00EFDD7E7D4F890202B68E0
:107D50009542C4F88C3008BFC4F89030D4F8A430F1
:107D600043F00203C4F8A430EB6823F0040343F0AB
:107D70000103EB606B6888F31188BFF36F8F2846AF
:107D80009847EFF3118887F31288BFF36F8FEB6882
:107D9000D80623F001023ED4EA60EB689A0717D5B3
:107DA000306823F00203EB6090B10021036878B1E2
:107DB000426895423DD10368002934D1726833602E
:107DC000904200D17360002340F8083BFFF736FF74
:107DD000D4F8A43023F00203C4F8A430DB0530D477
:107DE000D4F88C30003B18BF012388F31188BFF30F
:107DF0006F8F002B81D004F028FD7EE7D4F8A430EB
:107E0000D90693D5C4F8A40088F31188BFF36F8F07
:107E100004B0BDE8F08123F01103EB6005F1100020
:107E2000FFF70CFFB9E70B607368984208BF7160F9
:107E3000C9E701461BB11A6818461346B7E71A4648
:107E4000FAE70023D1E700BF2014002039140020F6
:107E500070B5C3680546C3F340069B070C460DD5B5
:107E60000122002104F1080004F007FC0023236034
:107E7000054B65605A681AB9C3E90044304670BDC5
:107E800014605C60FAE700BF20140020F8B5C368F6
:107E900004469A070E46C3F3400542D45F0742D416
:107EA0000B680BB983680B60E368D80742BFA3680F
:107EB00002253360376858BF012557B31B4B9A68BA
:107EC000D7F888309A421ED104F095FC80F001006A
:107ED000C0B2D7F8A430D907C3F380021CD5F2B1E1
:107EE000F8B100232360D7F8903073B9C7E9234471
:107EF000384604F0E8FBE36843F00403E3603368CA
:107F0000A3602846F8BD0020E3E71C60C7F8904056
:107F1000EEE76FF0150506E06FF0120503E01B07B2
:107F2000DFD56FF00F0500233360EAE7001400206F
:107F3000F0B50446002089B00E9DC4E9230004F189
:107F40009400C4E9250004F19C00C4E9270055B35E
:107F50002879002840F2011008BF0120C4F8A400CD
:107F600000204FF0FF364FF0FF37CDE90330CDE969
:107F70000100CDE9066720460C4B009400F0EAF8BA
:107F800055B1296811B1204604F03BFC6B791BB157
:107F9000A38943F00103A381204600F0B7F8C4F899
:107FA000884009B0F0BD0120D8E700BFF17C000C8B
:107FB00037B501900846EFF31184202181F3128830
:107FC000BFF36F8FC16811F01E0F16D153EA02057F
:107FD00008D101A9FFF75AFF84F31188BFF36F8F0F
:107FE00003B030BD41F00801C160019910308161DA
:107FF000034900F077FC0120EEE70020ECE700BF2A
:108000003BC7000C01460148FFF7D2BF680E0020B5
:10801000F7B50C4616461D460190EFF31187202355
:1080200083F31288BFF36F8F084604F03DFB55EAD7
:10803000060309D1204601A9FFF728FF87F311881D
:10804000BFF36F8F03B0F0BDE368324643F008031F
:10805000E360019B0449A36204F110002B4600F089
:1080600041FC0120EAE700BF3BC7000C0146014884
:10807000FFF7CEBF680E00202DE9F043984685B08B
:1080800000F15803C0E91633109B002683810423B6
:10809000073222F0070503740F9B01EB05090F4619
:1080A00083734946C0E906668660C6730446F9F7DD
:1080B00097FD0E9B073020F007002067C4E91A7572
:1080C00002930D9BA9EB000901930C9B4A46009378
:1080D000394643462046FAF7F9F8054B66659B6832
:1080E00003B15B6F4846636705B0BDE8F08300BF2E
:1080F000001400200123037483810023C0E91A3394
:108100004367014B986070470014002038B504465F
:10811000EFF31185202383F31288BFF36F8F037C65
:108120005B070FD5183004F0F2FC237C204623F0C7
:108130000403237404F0D2FB2946BDE83840044808
:1081400004F01BBC85F31188BFF36F8F38BD00BFEF
:1081500039140020F0B5002587B00595109DDDE9A4
:10816000127604950F9D044603950E9D02950D9D74
:1081700001950C9D0095FFF77FFFB6F1FF3F08BF0B
:10818000B7F1FF3F05D056EA070305D12046FFF7B8
:10819000BDFF204607B0F0BD3A46334604F1180053
:1081A000014900F09FFBF4E72FC9000C6FF00A01B2
:1081B000094A9368C3F880100849D8674B6843F0B0
:1081C00080534B60002383F31188BFF36F8F936854
:1081D000D3F88000704700BF0014002000ED00E0DD
:1081E00038B590F910200146002A037C04DA03F028
:1081F0007F03037404F02BFB0D4D2A4652F8184FF1
:10820000AB68944200D004B9EC688B4207D01A7C6A
:10821000D20604D1DA897F2A01D9A2692AB1A34200
:1082200002D0204600F0E0FA23466B6138BD00BF63
:108230000014002070B590F91020037C002A2FDB79
:10824000D9062DD11A4C63F07F032246037452F8ED
:10825000183FE169934207D1C0E900210860E0615D
:108260000FE09942F8D01B68002BF5D093F90E600F
:1082700090F90E50AE42F4DD5968C0E90031086053
:108280005860A569954200D005B9E568A3681A7CD5
:10829000D20606D1DA897F2A03D9AA690AB96361AD
:1082A00070BDAB4202D0284600F09EFA6561F7E748
:1082B00000140020034648B9EFF3058232B9064A9C
:1082C00051699268914201D0FFF770BF83F3118822
:1082D000BFF36F8F704700BF0014002038B5184CF3
:1082E000A168E0690B68814214BF1A460022496800
:1082F0000B605960A368E1692AB9124AC3E90021F9
:108300000B60E3610AE092F90E5093F90E0085428A
:1083100012DD5168C3E900210B605360A569094B68
:108320009D4200D005B9E568A3689D4202D0284669
:1083300000F05AFA656138BD8A42DED01268DBE788
:108340000014002018140020002A2DE9F0470CBF6B
:108350004FF010094FF00809027C044619EA020F99
:108360000E460F4628D149EA0203D20946D10374CA
:10837000B9F1080F48D04FF00008DFF8F0A05346DD
:1083800053F8185F9D4200D00DB9DAF80C50DAF8B6
:108390000830AB4202D0284600F026FAB9F1100F9F
:1083A000CAF8145008D0204601F03BFEB8F1000F87
:1083B00002D02F48FFF79EFE2C4B9B68A3424FD163
:1083C000EFF30583002B4BD1A289D20711D586F399
:1083D0001188BFF36F8F83F31188BFF36F8F04236E
:1083E000184602DFEFF31187202383F31288BFF3CF
:1083F0006F8F3846BDE8F047FFF7D8BE03F07F0324
:10840000037404F024FAB3E7A36813B1204604F020
:1084100026FA04F1180004F07AFBA56D04F158085F
:10842000A84511D04FF0000A75B1284604F017FA9C
:1084300005F1180004F06BFB2846C5F880A0FFF793
:10844000F9FEA56DA845EFD1084B9B689C4292D1DF
:10845000EFF30588B8F1000818BF4FF001088CE76A
:1084600086F31188BFF36F8FBDE8F08700140020FA
:10847000C00D002070B50F4D06462B4653F8184F1F
:108480009C4200D004B9EC68AB681A7CD20604D1D7
:10849000DA897F2A01D9A2692AB1A34202D02046F3
:1084A00000F0A2F923466B613046BDE87040FFF74B
:1084B00001BF00BF0014002070B5EFF31186202328
:1084C00083F31288BFF36F8F1A4CA168E0690B68C1
:1084D000814214BF1A46002249680B605960A368A4
:1084E000E1692AB9144AC3E900210B60E3610AE09B
:1084F00092F90E5093F90E00854216DD5168C3E9DA
:1085000000210B605360A5690B4B9D4200D005B95B
:10851000E568A3689D4202D0284600F065F96561D0
:108520003046BDE87040FFF741BE8A42DAD012689B
:10853000D7E700BF0014002018140020F8B5124B34
:108540000C46DDE9067611469868104A1060EFF394
:108550001182202282F31288BFF36F8F9D68284614
:1085600004F087F9B6F1FF3F08BFB7F1FF3F06D02F
:108570003A463346064905F1180000F0B3F92046A3
:10858000BDE8F840FFF712BE0014002028140020B8
:108590002FC9000CF8B50446EFF31187202383F3AD
:1085A0001288BFF36F8F037C49B203F01F02002AC9
:1085B0000CBF0126002635D103F07F032A4D03743A
:1085C00004F045F92A46037C817363F07F0303744A
:1085D00052F8183FE869934207D1C4E900200460CB
:1085E000EC610DE09842F8D01B68002BF5D093F9B0
:1085F0000EC08C45F6DD5968C4E900310C605C6042
:10860000AC69944200D004B9EC68AB689C4202D0DB
:10861000204600F0E9F86C6187F31188BFF36F8F93
:108620003046F8BD9B071CD5856804F010F98173AE
:108630002B689D4209D16B68C4E900531C606C60D3
:10864000EAE76A689A42F6D01B68002BF3D093F9E8
:108650000E208A42F5DD5A68C4E9003214605C607D
:10866000DAE78173D8E700BF00140020F8B550EABC
:10867000010306460C4603D104F0E7F80020F8BDDC
:10868000EFF31187202383F31288BFF36F8F184D08
:10869000184BA868186004F023F9A86832462346EE
:1086A0001549183000F01EF9AB6804461A7CDF67E4
:1086B00042F004021A746FF00A02C3F880200F4AD5
:1086C000536843F080535360002383F31188BFF352
:1086D0006F8FAA68D2E90A12B2F1004F08BF99421F
:1086E000CCD104F049FA201A20EAE070C7E700BFB5
:1086F00000140020281400202FC9000C00ED00E019
:10870000024B03F11802C3E906227047001400204F
:10871000EFF31181202383F31288BFF36F8F054B92
:108720009A68D37B013BD37381F31188BFF36F8FBA
:10873000704700BF00140020EFF31180202383F363
:108740001288BFF36F8F034B9A68D37B0133D373C7
:10875000FFF790BE00140020014B9868704700BFDF
:1087600000140020D3B5DDE90667089CCDE9006759
:10877000FFF7E4FE1CB1034B9B685B69236002B00A
:10878000D0BD00BF00140020027C034612F01F027F
:1087900010D10A4988420DD00949086868B1D989C1
:1087A0007F2909D893F90E20064B1B689A42B8BF5F
:1087B000002070470020704710467047B00C002022
:1087C000A40200202C1400200122044BC01A044BE8
:1087D000C0105843034B1A54704700BF480E002086
:1087E000ABAAAAAA3914002070B50C4B0C4D1E7C04
:1087F000FFF7CAFF182303FB06550446284604F07A
:1088000086F90022074B9A553CB1621E2846BDE806
:1088100070400549D31700F065B870BD0014002002
:10882000480E002039140020C987000C38B5EFF33A
:108830001185202383F31288BFF36F8F0F4B104AEB
:108840009C681068A04206D1FFF7CEFF85F311881F
:10885000BFF36F8F38BD00211B7C1160094AD35CC8
:10886000002BF3D02046FFF78FFF0028EED0237CAB
:10887000DB0601D1FFF732FD2046E5E700140020BA
:108880002814002039140020024B1868984208BFB1
:1088900000207047A8020020034B1B680BB9FEF7AD
:1088A000DBBD0020704700BF3014002030B570B130
:1088B0000B4B5B6898420AD0036843B1D3E90421AB
:1088C000D0E90445121941EB0501C3E90421D0E9BF
:1088D000003213605A600023C0E9003330BD00BF8E
:1088E000A8020020B3F1FF3F08BFB2F1FF3F2DE91E
:1088F000F84F0446994615461F467AD08160EFF33B
:108900001188202383F31288BFF36F8FB9F1000F12
:10891000DFF8E4A020DBFFF7BFFFDAE9002701352D
:1089200049F100092D1849EBE07306464FF00109A3
:10893000C4E90453AD1843EB0707FFF7A5FF03464F
:10894000DFF8B8E0DEF804A0EBB9C4E900EACAF841
:108950000040CEF8044028E06FF00103DAE900128D
:108960005B1A4FF0FF3161EB02025B1B62EB090205
:10897000012B72F10001BCBF012300224FF000095E
:10898000C0E90432D9E7D3E9041CD4E904208A42BF
:1089900070EB0C0B24DA891A5A686CEB0000C3E9FF
:1089A0000410C4E9003214605C60FFF76DFF84427C
:1089B0000ED1134B1B685BB9B9F1000F02D1FFF761
:1089C0006BFF0646304604F08BF80021FEF7C8FC2A
:1089D00088F31188BFF36F8F28463946BDE8F88FBA
:1089E000521A60EB0C005345C4E90420ADD01B685B
:1089F000AAE700252F46EFE7600E0020A80200201E
:108A0000301400202DE9F047DFF8A8900246C9F89D
:108A100000000D46FFF738FF00260027DFF898809A
:108A20004FEAE27ED8E9001350B1D0E9044CA242EB
:108A30007EEB0C0A1ADAA41A6CEB0E06C0E90446A7
:108A40000024521843EB0E032046C8E90023C9F85E
:108A5000004004F045F82146FEF782FC85F31188BA
:108A6000BFF36F8FBDE8F047FFF7E0BE611843EB3F
:108A7000E473C0E90467C8E90013FFF717FF012298
:108A80004FF00043C0E9042385F31188BFF36F8FD3
:108A900083689847EFF31185202383F31288BFF38F
:108AA0006F8FD9F80020121BC9F80020FFF7ECFEE9
:108AB000B6E700BF30140020600E002010B5EFF3C1
:108AC0001184202383F31288BFF36F8FFFF7E4FE36
:108AD0000346054AD2E90001181841EBE37184F31B
:108AE0001188BFF36F8F10BD600E0020F8B50446EB
:108AF000EFF31187202383F31288BFF36F8FD0E940
:108B00000423B3F1004F08BF012A04D087F3118872
:108B1000BFF36F8FF8BDD0E90A566A1C46F1000317
:108B2000022A73F1000334D3013D46F1FF36002ED3
:108B3000BCBF00252E4604F023F8013041F10001AE
:108B4000401946EB0101012871F1000148DB04F0F6
:108B500017F86FF00203013041F10001401946EBB4
:108B6000010183426FF000438B413EDB04F008F8C3
:108B7000013041F100016FF00102401946EB0103A1
:108B80004FF0FF31121A61EB030320461949FFF73A
:108B9000A9FE236B01332363236A63B187F3118832
:108BA000BFF36F8F20469847EFF31187202383F39D
:108BB0001288BFF36F8F54F8185FA542A6D0002D1E
:108BC000A4D0284603F08EFE0023C5F8803087F33A
:108BD0001188BFF36F8F2846BDE8F84003F06FBEE1
:108BE0006FF001024FF0FF33CFE700224FF0004358
:108BF000CBE700BFED8A000C2DE9F04105461C468D
:108C000090461F46EFF31186202383F31288BFF3AB
:108C10006F8FB4F1FF3F08BFB2F1FF3F05D186F37C
:108C20001188BFF36F8FBDE8F081002C09DB012AAA
:108C300074F10003BCBF0122002412F1FF3844F19B
:108C4000FF37284603F063FFDDE906010023C5E98D
:108C50000A012B6342463B4628460249FFF742FE83
:108C6000DDE700BFED8A000C70B50546EFF3118417
:108C7000202686F31288BFF36F8F03F048FF20B1E0
:108C800084F31188BFF36F8F70BD6B6A63B184F397
:108C90001188BFF36F8F28466B6A9847EFF31184F2
:108CA00086F31288BFF36F8F05F1180003F04FFEB3
:108CB0000028E5D003F003FE2146BDE870400148DE
:108CC00003F05BBE3A14002073B50446EFF311863F
:108CD000202383F31288BFF36F8F8368594003EA20
:108CE00002050A4053400022009309496B46019255
:108CF00003F096FEDDE9003223EA020304F10C00E2
:108D00003146A36003F039FE284602B070BD00BFB3
:108D1000AFCC000CF8B507460C46164603F06BFDC9
:108D200008B10020F8BD0D4B9B685D6F002DF8D099
:108D3000221DF6D2EFF31184202383F31288BFF3B0
:108D40006F8F284647F00401B04784F31188BFF3C2
:108D50006F8F0028E5D040F8045BE3E700140020A3
:108D60000146024A0020FFF7D5BF00BFCB95000C9B
:108D7000014800F051BD00BF03F5000C07B5074BDB
:108D80004FF48062009306494FF0FF330548FFF728
:108D9000CFF8002003B05DF804FB00BF48D7000CFB
:108DA000802C0020680E00200CB430B58BB0044637
:108DB0000D462022002102A803F0BCFF0223002D53
:108DC00006948DF80A300C4B039312DB01D06B1E16
:108DD0001C440FAA0E9902A80794019200F00EF805
:108DE00015B1069B00221A700BB0BDE8304002B0EE
:108DF00070470024EDE700BF09CE000C2DE9F04FCD
:108E000043688BB080469246009383789C0740F17C
:108E1000F98000250878002800F0F68025280AD07F
:108E20004B1C019301354146009B98470028C0F236
:108E3000E3800199EEE74E788B1C252E0193F1D04B
:108E400000270A22B9463C461F2C22D8A6F120034F
:108E5000102B20D8DFE803F0141F1F1A1F1F1F0B51
:108E60001F1F1F121F171F1F090044F00104019B41
:108E700013F8016B0193002EE6D13AE044F00204AE
:108E800044F00404F3E744F00804F0E744F010046D
:108E9000EDE77F2C24D8A6F13003092B08D8600613
:108EA0004EBF02FB073744F0200402FB0939DEE71E
:108EB0002A2E0DD161065AF8043B53D4002BA7BFCC
:108EC00044F020049946C3F1000944F02804CEE799
:108ED0002E2E05D1630600F1978044F04004C6E7CA
:108EE0006C2E2ED028D8682E32D06A2E37D04C2E39
:108EF00035D0002F46F02003B8BF24F04004A3F182
:108F00006502BCBF0027A4B2022A01D9612B2BD174
:108F10000AF1070A07279D4E2AF0070A0AF1080AF4
:108F2000210760D506EB070B34465C455DD1AE1BCF
:108F3000A9EB0709A21959E1742E98D07A2E96D080
:108F4000D7E7260648BF44F4007444F080048EE757
:108F5000E00548BF44F4007444F4807487E744F4A7
:108F6000207484E71F4682E7A6F16302122A00F20A
:108F7000D880DFE812F013004D00D600D600D600EE
:108F8000D6004D00D600D600D600D600D600E800A8
:108F9000D100D600D6001A00D600A0005AF8043B33
:108FA000012704AE8DF81030BAE75AF8046B784BFD
:108FB000002E08BF1E4614F0400F304614BF39463D
:108FC0004FF0FF3103F0BEFE0746A9E741462020DF
:108FD000009B984700280FDB013CA742F6D34D4485
:108FE000A1462D1B9EE74C46F7E7414614F8010BBE
:108FF000009B9847002898DA98F8023043F0040361
:1090000088F802304FF0FF3528460BB0BDE8F08FEE
:10901000220630D5A3052AD50AF1070A2AF007034C
:109020009A4659685AF8080B24F0100B00291FFAC9
:109030008BFB2FDA40424BF4806B61EB410104ACB7
:109040000A23224603F08AFE1BF0400FA0EB040225
:1090500000F08E802BF001049742A4B240F38F8081
:10906000002E40F08E802BF01104A4B21DE05AF8BF
:10907000040BC117D8E7E0055AF8041B01D40846D1
:10908000F7E7A20547BF48B241F3C01108B241F368
:10909000C031C9E750EA0103D1D16306CFD5002F13
:1090A000CDD124F011043A46A4B23B4640F2064129
:1090B0000C4262D124E024F010040A23A4B214F07C
:1090C000800243D014F4007117BF0AF1070A5AF85E
:1090D000040B2AF0070292461CBF51685AF8080B8D
:1090E00050EA01023ED124F0160B62061FFA8BFBF8
:1090F0003CD5002F3AD124F017043A463B46A4B29F
:1091000021075AD4E10705D5994572DDA9EB030380
:109110009F184B469B464AE044F0100410237826E3
:10912000CDE7782B04D1C6F1780343F01003C6E7EE
:1091300041462520009B98470028FFF65DAF023589
:109140004146304670E608230026B8E714F48071E3
:109150005AF8040BC4D014F400711ABFC0B21146FF
:1091600080B2BDE724F006041FFA84FB04AC68E774
:1091700013465C46E10699D52EB90133C0E7134684
:10918000F8E73B46F6E70233BAE700BF41F5000CCB
:109190003AF5000CCDE9023241462020009B984769
:1091A0000028FFF629AF0BF1010BDDE90232D945AA
:1091B000F0DCEB1A03EB0B055B46E10627D54146D5
:1091C0003020CDE90232009B98470028FFF614AF0B
:1091D000DDE902327EB901352F44791B8A4229DB51
:1091E000144604AE94BB2A44A9EB030915469144E6
:1091F00040E017468EE7023541463046CDE902325F
:10920000009B98470028DDE90232E5DAF4E640F2F7
:1092100006410C42E0D014F0020F05F10105414671
:1092200014BF2B20202014F4806FCDE9023218BF28
:109230002D20E5E7CDE902324146009B3020013583
:1092400098470028DDE90232C7DAD5E6013C4146FD
:10925000CDE90232305D009B98470028DDE90232FB
:10926000C0DAC9E641462020009B01359847002816
:10927000FFF6C2AEA9EB0503002BF3DCD9E500BF76
:10928000704700F0E9BD0369D3E90120012918BF47
:109290001046704700207047836800EBC101B3F5AA
:1092A000004F2CBF51F8220031F81200704700EB3C
:1092B000C1018068B0F5004F2CBF41F8223021F881
:1092C00012307047012208B5FFF7E6FFD04008BD15
:1092D000836800EBC101B3F5004F08D34B681AB1A6
:1092E00043F001034B60704723F00103FAE74B881A
:1092F0001AB143F001034B80704723F00103FAE7F2
:1093000053000122FFF7D3BF08B58368B3F5004FC0
:1093100006D3FFF7D7FF01288CBF0020012008BD2E
:109320000020FCE78368B3F5004F34BF0423082313
:10933000C91A081AC00870478368B3F5004F28BFE0
:109340000139B1FA81F0C0F11F0070472DE9F041F9
:10935000174603220E460446FFF79EFF8642054647
:1093600007F104080AD10122E368BA4023EA0203A4
:10937000E360002344F82830BDE8F0813146022242
:109380002046FFF789FF06462B460146032220466A
:1093900044F82850FFF78BFF334629462046BDE8A6
:1093A000F0410222FFF783BF38B504460D46FFF7B0
:1093B000ABFF70B929462046FFF784FF01462046DF
:1093C000FFF7BAFF294602462046BDE83840FFF7BE
:1093D000BDBF38BD2DE9F04705468946FFF7ACFF14
:1093E00005EB800ADAF81070064677B94FF0FF34C3
:1093F000EB680136B4401C4015D094FAA4F2B2FADE
:1094000082F2131D55F8234009E03C464FF0030853
:1094100021462846FFF756FF814507D832462146A8
:109420002846FFF793FF2046BDE8F0872146032238
:109430002846FFF731FFB8F101080446CAF81000CA
:10944000D4D08742E4D1D1E72DE9F04114460E464D
:109450000546FFF737FFA4EB0608371B07444246D3
:1094600031462846FFF74CFF3A4621462846FFF78B
:1094700047FF4346002221462846FFF718FF2146B2
:109480002846FFF71FFF3B46211800222846BDE86B
:10949000F041FFF70CBF2DE9F041164604460F4698
:1094A000FFF710FF314605462046FFF70BFF054446
:1094B0002A4639462046FFF723FF31462046FFF76C
:1094C00001FF2B46311800222046BDE8F041FFF78E
:1094D000EEBE2DE9F04104460D46FFF715FFB8BB7F
:1094E00029462046FFF7EEFE01462046FFF724FFFF
:1094F00004EB80010E6996B90122E36882401343B0
:10950000E36002220D612B4629462046FFF7CFFE7D
:10951000032229462046BDE8F041FFF7C8BE0222DB
:1095200031462046FFF7B8FE074603462946204647
:10953000FFF7BDFE0322334629462046FFF7B7FE5C
:1095400039462B462046FFF7B2FE02223146E1E7BC
:10955000BDE8F08170B5056809B9002070BDAB6841
:1095600001F00704B3F5004F34BF0422082207348A
:109570001444E40804EBD1049C4228BF1C4628464E
:109580002146FFF727FF06460028E6D00146284679
:10959000FFF798FEA04209D93444314628462246B6
:1095A000FFF752FF21462846FFF793FF2846012286
:1095B0003146FFF78DFEAB68B3F5004F34BF04238F
:1095C000082303EBC6031844C8E71146FFF7C2BFE0
:1095D0002DE9F8434B42066803EA010731EA030329
:1095E0001446B2680ED0B2F5004F2CBF08230423F6
:1095F000BB4228BF3B46B946CF1B94B9002528463D
:10960000BDE8F883B2F5004F34BF04230823994224
:1096100004D82146BDE8F843FFF79CBF4FF000098E
:10962000EBE7B2F5004F34BF04250825FB1AE1082B
:1096300004F0070001EBD301073003F007030344F4
:109640002B4401EBD301914228BF11463046FFF76E
:10965000C1FE80460028D1D0B36809EBC005B3F540
:10966000004F34BF042308231D4435447B1E1D4492
:10967000B5FBF7F57D43A5EB090529463046FFF715
:1096800051FE2C44073424F00704A41B80450746F0
:109690004FEAE40408D2024641463046FFF7D4FEC2
:1096A00041463046FFF715FF39463046FFF70AFEC0
:1096B0003844844208D2394630462246FFF7C4FE79
:1096C00021463046FFF705FF012239463046FFF7B5
:1096D000FFFD94E7B2F5802F34BF042308232DE962
:1096E000F0410026D21A8C18CD1D25F0070524F074
:1096F0000704641BE408056021462846AC60EE6060
:10970000FFF71AFE820002F11B07FF083146043200
:1097100005F1100003F00EFB3A4631462846FFF7EC
:10972000EFFD3346324631462846FFF7C0FDA4EB35
:109730000708284631460122FFF7CAFD424639464E
:10974000FFF7DEFD3B46324639462846FFF7AFFDC0
:1097500021462846FFF7D4FD434632462146284697
:10976000FFF7A5FD214628460122FFF7B1FD394646
:10977000BDE8F041FFF7ADBE2DE9F04706460D46C6
:10978000174698462BB34FF0000A98F8004093F81C
:109790000190DB78A40004EB430498F802301C44E9
:1097A0004444CA4509D339463046AC46D8F804206B
:1097B00008F10803BDE8F047604714F8013B0AF1DF
:1097C000010A204648F82340F6F73EFC01300444E5
:1097D000E7E76FF01500BDE8F08730B502460024DA
:1097E000002012F8013B43B178B18C4207D1702BB5
:1097F00004D0A3F140053A2D07D8002030BDA3F1D5
:1098000040053A2D01D80134EAE7252B08BF80F046
:109810000100E6E7002070470FB407B504A951F82E
:10982000040B019100F095FA03B05DF804EB04B06D
:10983000704710B50369024613F0080009D1136898
:10984000D4689C429BBF0120126AE31AD31A0B60B2
:1098500010BD00231846FAE713B501A90446FFF727
:10986000E8FF20B1019BE268013B13440193206AA9
:10987000019BC01A013802B010BD10B50446501843
:109880002269236AD20702D5013B184010BD9842D5
:1098900028BFC01AFAE710B504460A46C168FFF7A8
:1098A000ECFF2369E06023F00803236110BD38B5A5
:1098B0000D46C2698B00016843F00203044642F87A
:1098C000213001682A46FFF7D8FFE36861689842B3
:1098D00008BF2369206008BF43F008032A462046DA
:1098E00008BF2361FFF7C9FF606038BD2DE9F74F5E
:1098F0000F460021D0F80CB0C669009216F82B2054
:109900009A4602F00302022A14BF894656F82B2019
:1099100006EB8B030193009B08BFC2F39D091960FE
:109920000446CAF80010B9F1000F07D04946FFF706
:10993000B2FFE368A3604FF0010804E001698A0701
:1099400005D44FF00008404603B0BDE8F08F8169B0
:1099500006EB8B00884716F82B10054611F001081E
:10996000EFD08B071DD51FB139462046FFF79FFF6B
:1099700061682A462046FFF780FFD4E902138B4234
:10998000606007D12A462046FFF777FF4FF00008B6
:109990000146A0602369216043F00803E160236170
:1099A000D1E701462046FFF776FFE168A1601FB1CD
:1099B0002068E16941F82090EA19CAF8002021687E
:1099C0002046FFF75AFF2269206042F00802226118
:1099D00016F82B2022F0010206F82B20DDE90032D8
:1099E0001A60A8E770B504461546FFF746FF2368DE
:1099F000834205D12369216023F00803236170BDF0
:109A0000E269AB0043F0020342F8213061682A4664
:109A10002046FFF732FF6060F1E738B5036904467E
:109A20005B0706D5456AFFF717FF85422CBF6562C5
:109A3000606238BD38B50D4604461C22002103F093
:109A400079F90022EB68A361AB6863612B68E3617D
:109A50006B68626223622A6923B1591E194208BFEA
:109A600042F001022261012204F128000021BDE838
:109A7000384002F002BE2DE9F04F00259846036AF7
:109A800087B08B4204460E469346AA460395059539
:109A900038D3EFF31189202383F31288BFF36F8F3C
:109AA000059A2AB129462046FFF79CFF002305931B
:109AB00004A92046FFF7BDFE04990746B1422AD308
:109AC0002268E369204613F8221003EB820A21F092
:109AD000030103F8221021683246FFF7CEFEE36847
:109AE0002060984212D0002789F31188BFF36F8F4E
:109AF000039929B162690AB1204690470023039374
:109B0000002FC6D1504607B0BDE8F08F236943F05F
:109B100008032361E7E718B12046FFF7C8FEE3E733
:109B20005BEA08031CD0019102F065FE0199B8B907
:109B3000B9F1000F14D189F31188BFF36F8F5A4622
:109B4000434604F12800FEF7ADF8EFF31189202316
:109B500083F31288BFF36F8FB0FA80F77F09C3E7F2
:109B6000204605AB03AA2568FFF7C0FE0746BBE702
:109B700070B50446836908460D4698470246EFF3E0
:109B80001186202383F31288BFF36F8F2B78204632
:109B900043F001032B706168FFF76FFE60602046A1
:109BA000FFF73BFF86F31188BFF36F8F70BD2DE980
:109BB000F843044600272026EFF3118586F3128828
:109BC000BFF36F8F2369A268190702D463689342B9
:109BD00000D2236A9B1A002B42D0E06910F82210B1
:109BE00000EB820911F003033AD0022B04D150F8A4
:109BF00022305FEA930805D1CB0720D44846A369F9
:109C000098478046A16842462046FFF736FE012766
:109C1000A06041462046FFF73EFE3B4685F3118893
:109C2000BFF36F8F002BC7D137B1B9F1000F03D14C
:109C300004F12800FEF702F84846BDE8F88341F039
:109C4000020100F82210A3694846D4F8088098471A
:109C5000414602462046FFF710FE0023A060DDE7E4
:109C60009946DBE7F8B50446836908460D469847F0
:109C70000646EFF31187202383F31288BFF36F8F1B
:109C80002B7823F001032B7023699B0705D5E2682D
:109C9000E36903EB82039D421AD12B7823F0020380
:109CA0002B70D4E90231994204D132462046FFF7A5
:109CB000E4FDA06031462046FFF7EDFD87F31188F3
:109CC000BFF36F8F04F12800BDE8F840FDF7B6BF81
:109CD0002B6860F39F032B60F0E7EFF311812023E3
:109CE00083F31288BFF36F8F02698368120702D46F
:109CF00042689A4200D2026AD31A81F31188BFF3F4
:109D00006F8F181E18BF01207047704703785B07DC
:109D10005FBF03684288C3F34A2303EB12105DBFA1
:109D2000173020F00700800800207047002070479F
:109D30000346D3E8EF0F421CC3E8E12F0029F8D116
:109D4000704708B502F01CFF0A220023F6F758F905
:109D500008BD1FB50023CDE902011A461946184671
:109D6000CDE90033F7F7A6FC05B05DF804FB012050
:109D7000F7F764BA002070474368DA71012243683C
:109D8000196043685A71F7F74BBA70B515460C461F
:109D900069B1D2E901369B1B99420AD813680A4679
:109DA0000146981902F0B9FFAB682344AB60204626
:109DB00070BD6FF01B00FBE770B50E4615461946E7
:109DC000044618B9BDE87040F7F738BA33B1C2F3AA
:109DD0004A231030120D184402F09FFFC4E90056C8
:109DE0002046BDE87040F7F7C5BB2DE9F3415F1C85
:109DF0004FEA8708064608F1170020F007008008A0
:109E00000C461546F7F794FA00238DF80470ADF868
:109E100005308DF8073068B10346019AA8F10401B6
:109E200043F8102F2A46294452F8045B8A4243F82B
:109E3000045FF9D100233146A20102F4E07242EA44
:109E4000482222F07F4222F4700222F03F0202B048
:109E5000BDE8F041FFF7B0BF07B50123019201AAA9
:109E6000FFF7C3FF03B05DF804FB07B5CDE900239E
:109E700002236A46FFF7B9FF03B05DF804FB1FB584
:109E8000CDE90123069B01AA03930323FFF7ADFF4E
:109E900005B05DF804FBF8B506460D4614461F46AE
:109EA00004B9F8BD214628463A46B047241A05446D
:109EB000F6E710B542680446D2E9002381680068DD
:109EC000FFF7E9FF002263681A6010BD38B54B68E0
:109ED00005461A68CB680C469A4202D10846FFF73D
:109EE000E8FF6368D3E8EF2F511CC3E8E01F0028A8
:109EF000F8D1A36800209D5438BD0A2838B504461F
:109F00000D4602D10D20FFF7E1FF29462046FFF75D
:109F1000DDFF002038BD2DE9F043054689B0084635
:109F20000E8891F800900C46D1F808801746F7F794
:109F300013FC011EC6F38216C9F3C2091FDB484693
:109F4000F7F72AFB0346214651F8102B6088C2F32D
:109F50004A22002A01EB020408BF00210022C0F3BC
:109F60000B10CDE90507CDE9031428464146CDE99C
:109F700000220296F7F71CFC09B0BDE8F08300232D
:109F8000E1E7436800201B685B681961704743681C
:109F90001B681A6852685360704701212DE9F0412F
:109FA00043681B685A6811751D682F68D5E901362A
:109FB000D3E900481CB96B681C60BDE8F0812146FC
:109FC00030464246B847241A0644F3E743681B6804
:109FD0001868F7F723BD70B543680C461D686B68B9
:109FE0001869F7F707F9214603460F222868BDE8EC
:109FF0007040184702F09EBE02F08FBE0146006816
:10A00000F7F78EBD08B5F7F7E7FDBDE80840F8F7AC
:10A010009BB90A460121FFF71FBF00210120F7F776
:10A020007FBD6FF08500704761B662B680F311881E
:10A03000BFF36F8F704772B6002383F31188BFF3AD
:10A040006F8FBFF34F8F30BF62B6BFF36F8F704714
:10A0500040E800F313F4803FD8B208BF6FF015005A
:10A06000704730B50C684B6885B00A894D890094FB
:10A07000013B24F01F04234402F01F0242EA451270
:10A0800023F01F0369468DF808200393F8F706FABA
:10A0900005B030BD08B5D1E904319847002008BDAE
:10A0A00008B5F8F70FFC002008BD704700230382B5
:10A0B0004369C360704770B50D461646DDE9042359
:10A0C0000021F8F76BFC044630B1324629460C30CB
:10A0D00000F014F801236372204670BD027A013249
:10A0E0000272704710B508B14B68436000234C689A
:10A0F00008464B60F8F7D0FC204610BD92B2816054
:10A100000160C28082807047838802681944818020
:10A11000D018704730B484880568A3188380281944
:10A1200030BC02F0FABD10B5838802685C1C8480E4
:10A13000D154D01810BD30B5838802689D1C85802D
:10A14000D418D154090A617030BD83885B1A9BB260
:10A15000838000681844704703468288521A8280C0
:10A160000068084418607047FFF776BE4FF0FF3272
:10A170004FF0FF330430FDF76DBCFDF7DDBC90F808
:10A180006C00C0F34110704783691B6993F880002D
:10A1900000F00100704770B504460D461646FFF703
:10A1A000E5FF94F86C309B0711D425B1012D0CD03C
:10A1B0006FF0150504E0236F002BF9D000255E80B9
:10A1C000201DFFF7DAFF284670BD636FF4E76FF0DC
:10A1D0007705F5E7F8B504461E460D461746FFF726
:10A1E000C5FF94F86C309B0715D425B1012D10D014
:10A1F0006FF0150508E0216F0029F9D000259DF8C2
:10A2000018300F714E718B71201DFFF7B6FF284675
:10A21000F8BD616FF0E76FF07705F5E738B50446F4
:10A220000D46FFF7A3FF94F86C30201D65F304136F
:10A2300084F86C30BDE83840FFF79FBF90F86C00A1
:10A24000C0F38000704783691B6993F88000C0F3F6
:10A25000001070470246034652F8640F90420BD13B
:10A2600000207047027A8A42FBD09A6E8242F7D071
:10A2700000680028F6D170470028F3D1704738B540
:10A2800004460D46FFF772FF94F86C30DB0718D4D4
:10A290002B690BB9EB68BBB1636E1BB904F16403A6
:10A2A000C4E919332B6893B9A26E04F16401C5E9BE
:10A2B00000121560A5661D46201DFFF75EFF2846AB
:10A2C00038BD4FF0FF35F7E76FF01505F4E76FF095
:10A2D0007705F1E710B50446034654F84C0FA04249
:10A2E0000DD100200DE0447D8C4204D1032909D119
:10A2F000047A944205D01C6D8442F2D00068002894
:10A30000F1D110BD0F29F5E72DE9F84305460C46BC
:10A31000071D4FF0FF324FF0FF333846FDF79AFB31
:10A32000D5F87490B9F1000F75D0D5F87080B8F1F8
:10A33000000F70D095F86C30DB076CD4EB6C1BB958
:10A3400005F14C03C5E913332368002B66D1637D07
:10A350000F2B09D1237A012B10D02B6D05F14C0264
:10A36000C4E900231C602C65637D032B29D1EA6CB2
:10A3700005F14C0090422BD1002336E02846E168DD
:10A38000FFF77DFF06460028E7D03846FDF7D4FBEF
:10A390003046BDE8F8834E7D032E14D0013323727E
:10A3A0004B68C4E900131C604C60637A022B26D012
:10A3B000032B2AD0012B02BF237A89F80E3088F8AC
:10A3C0000E300026E1E70E7A013EB342E6D1126874
:10A3D000002AD1D0517D2B6D03290DD19A42137AD9
:10A3E00002D011680029D6D1013323722B6DC4E944
:10A3F00000031C602C65D8E79342E8D1BCE7237AC0
:10A4000089F80F3088F80F30DBE7237A89F81030AD
:10A4100088F81030D5E74FF0FF36B6E76FF07706D3
:10A42000B3E70346006800B1187A70478388C28892
:10A430008168D21A03685B1AD01A70470346C08835
:10A4400008B11878C009704770B50C461546F9F781
:10A450008FFE40B1406883681B6823B12A462146BD
:10A46000BDE87040184770BDF8B504460D46174664
:10A4700086680369A033D3E8AF3F9B070ED5B36A64
:10A480007BB1F36B98472946B36A3A462046984712
:10A49000336C0546204698472846F8BD4FF0FF35F7
:10A4A000FAE76FF08505F7E770B504460D46866854
:10A4B0000369A033D3E8AF3F9B070BD5F36B9847F5
:10A4C0002946736A20469847336C054620469847CC
:10A4D000284670BD4FF0FF35FAE710B5044619B9AC
:10A4E000002084F8300010BDF8F7EEFB0028F7D00C
:10A4F000F9E70A460121FFF7AFBC4FF0FF324FF0FA
:10A50000FF330430FDF7A6BAFDF716BB21B10129D0
:10A510000DD000231B68FFDE5430006848B143684B
:10A520005B79934205D000680028F8D170475C3011
:10A53000F3E7704710B590F830300446022B09D18C
:10A54000FFF71DFE94F8382001462046BDE8104074
:10A55000FFF7DCBF002010BD08B5FFF7D7FF0038BC
:10A5600018BF012008BD38B505460C1F54F8041F5C
:10A5700009B9084638BD6B681868F5F75BFD002817
:10A58000F4D10120F6E74FF0FF324FF0FF330430F3
:10A59000FDF760BA08B583681B6B0BB1984703469B
:10A5A000002023B153F8042B0AB1127802B908BD78
:10A5B0001044F6E710B51C46FFF7A8FF48B101228A
:10A5C000C06802FA04F320B10269134201D10068A5
:10A5D000F9E710BD10B50C46FFF7ACFF48B10123F9
:10A5E000C06803FA04F120B10369194201D100687F
:10A5F000F9E710BDD1F81A0083681B6903B1184749
:10A600006FF08500704738B50C46FFF793FF80B1B7
:10A61000C06870B14368DA681AB1002311799942B1
:10A6200001DC0068F5E71568ED5CA54201D0013357
:10A63000F5E738BDF8B50646CC680CB9204622E0EF
:10A64000012504F10C07E268AAB165F07F03D9B2D5
:10A6500003F07F031033DA40D2070ED4E368EB40F7
:10A66000DB0705D53A46B069E9B200F09BF850B96E
:10A670000135102DE7D12468DFE73A46B06900F0D4
:10A6800091F80028EAD0F8BD2DE9F34700240546EB
:10A690000E46A146576897F805803B79A34203DC34
:10A6A000002002B0BDE8F0875FFA84FA31465346D5
:10A6B00042462846FFF77EFF014650B1534601222D
:10A6C0002846CDF80090F9F74DFE0028E9D1013475
:10A6D000E3E76FF03C00E4E72DE9F74380460D46E1
:10A6E0001746FFF777FF064628B96FF001042046AA
:10A6F00003B0BDE8F0830F2DF7D808EB050901463C
:10A7000099F83A402B46002240460097F9F72AFE76
:10A710000028EAD100942B46022231464046F9F740
:10A7200021FE04460028E2D12B4601223146404654
:10A730000097F9F717FE04460028D8D1706883689F
:10A740005B6813B13A462946984789F83A70CEE7D4
:10A75000012311F0800F18BF21F08001026818BF9B
:10A7600010318B4022EA03030360704737B58B79C1
:10A770000C46009315468B88CA78897800F0E6FB72
:10A7800070B994F90230A178002B4FF00103B8BFE3
:10A7900021F080012A68B8BF10318B4013432B6031
:10A7A00003B030BDF8B506460D46174600F0F7FB7E
:10A7B000044658B929463846FFF7CAFF29463046AD
:10A7C00000F0C0FC044608B902F03FF82046F8BD8E
:10A7D0000A468069802100F0E5BC70B591F9183017
:10A7E0000546002B0C46466807DBC4F81A50214684
:10A7F000B069BDE8704000F048BC3046FFF71EFD70
:10A800000028F2D04FF0FF3070BD806900F0EFBC3F
:10A810000B0648BF21F08001406B48BF1031C84093
:10A8200000F001007047F8B505460E46071D4FF0D1
:10A83000FF324FF0FF333846FDF70CF9EC692CB9C5
:10A84000EE613846FDF778F92046F8BD6FF07704E1
:10A85000F7E7C36982B08DF8001001922BB102AB0B
:10A8600013E9060002B0F9F7B7BE02B0704730B482
:10A870000125416802690968137E4D6154685B09CE
:10A8800054B1107E023300F01F0052F8231005FA75
:10A8900000F0234630BC184730BC704710B4026942
:10A8A000416802200968537E486154685B095CB1C5
:10A8B000034452F823100123507E00F01F0003FAD6
:10A8C00000F0234610BC184710BC704710B4026952
:10A8D000416804200968937E486154685B095CB153
:10A8E000023352F823100123907E00F01F0003FA78
:10A8F00000F0234610BC184710BC704710B4026922
:10A90000416808200968D37E486154685B095CB1DE
:10A91000023352F823100123D07E00F01F0003FA07
:10A9200000F0234610BC184710BC704710B40269F1
:10A93000416810200968137F486154685B095CB165
:10A94000023352F823100123107F00F01F0003FA96
:10A9500000F0234610BC184710BC704710B40269C1
:10A96000416820200968537F486154685B095CB1E5
:10A97000023352F823100123507F00F01F0003FA26
:10A9800000F0234610BC184710BC704710B4026991
:10A99000416840200968937F486154685B095CB155
:10A9A000023352F823100123907F00F01F0003FAB6
:10A9B00000F0234610BC184710BC704710B4026961
:10A9C000416880200968D37F486154685B095CB1A5
:10A9D000023352F823100123D07F00F01F0003FA46
:10A9E00000F0234610BC184710BC704710B4026931
:10A9F00041684FF48070096892F8203048615468CB
:10AA00005B0964B1023352F82310012392F820004D
:10AA100000F01F0003FA00F0234610BC184710BCDA
:10AA2000704710B4026941684FF40070096892F8E9
:10AA30002130486154685B0964B1023352F8231035
:10AA4000012392F8210000F01F0003FA00F02346D2
:10AA500010BC184710BC704710B4026941684FF42D
:10AA60008060096892F82230486154685B0964B1DB
:10AA7000023352F82310012392F8220000F01F0045
:10AA800003FA00F0234610BC184710BC704710B4FE
:10AA9000026941684FF40060096892F82330486108
:10AAA00054685B0964B1023352F82310012392F811
:10AAB000230000F01F0003FA00F0234610BC1847E3
:10AAC00010BC704710B4026941684FF480500968A7
:10AAD00092F82430486154685B0964B1023352F83B
:10AAE0002310012392F8240000F01F0003FA00F065
:10AAF000234610BC184710BC704710B40269416867
:10AB00004FF40050096892F82530486154685B0999
:10AB100064B1023352F82310012392F8250000F0AB
:10AB20001F0003FA00F0234610BC184710BC704702
:10AB300010B4026941684FF48040096892F82630E9
:10AB4000486154685B0964B1023352F82310012351
:10AB500092F8260000F01F0003FA00F0234610BC14
:10AB6000184710BC704710B4026941684FF40040A8
:10AB7000096892F82730486154685B0964B1023370
:10AB800052F82310012392F8270000F01F0003FA67
:10AB900000F0234610BC184710BC7047002208B5CF
:10ABA00011460D20F7F752FB0D20F7F72DFB002281
:10ABB0000E201146F7F74AFB0E20F7F725FB00227F
:10ABC0000F201146F7F742FB0F20F7F71DFB00227D
:10ABD00010201146F7F73AFB1020F7F715FB00227B
:10ABE00011201146F7F732FB1120F7F70DFB002279
:10ABF00012201146F7F72AFB1220F7F705FB002277
:10AC000013201146F7F722FB1320F7F7FDFA002275
:10AC100014201146F7F71AFB1420F7F7F5FA002273
:10AC200015201146F7F712FB1520F7F7EDFA002271
:10AC300016201146F7F70AFB1620F7F7E5FA00226F
:10AC400017201146F7F702FB1720F7F7DDFA00226D
:10AC500018201146F7F7FAFA1820F7F7D5FA00226C
:10AC600019201146F7F7F2FA1920F7F7CDFA00226A
:10AC70001A201146F7F7EAFA1A20F7F7C5FA002268
:10AC80001B201146F7F7E2FA1B20F7F7BDFA002266
:10AC90001C201146F7F7DAFABDE808401C20F7F748
:10ACA000B3BA38B50446807AF7F74EFE61690546B7
:10ACB00049B1637ADB0704D4C36920461B689B68EB
:10ACC00098470023636121462846BDE8384001F0DB
:10ACD000C6BC30B509060546847C14D414F0400087
:10ACE00016D0298AC3F30A00C1F30A01884222D888
:10ACF00002F00300022809D003280AD0012811D04D
:10AD000004F0010004E014F02000E9E7C4F380003F
:10AD100030BD14F00200FBD013F4C05F09D0C4F3BF
:10AD20000010F5E714F0080205D013F4C05FEFD06F
:10AD3000F5E70120ECE70020EAE7A030D0E8AF0F0C
:10AD400000F001007047A030D0E8AF0FC0F3400022
:10AD5000704701F00F030269090648BF103352F82B
:10AD600023007047007DC0F30010704708B50269EA
:10AD70001046FFF7E2FF60B9087E00F00F030006FF
:10AD800048BF103342F82310084601F055FC00205C
:10AD900008BD6FF00C00FBE700220023FCF71CBF8E
:10ADA00001F067BC01F050BC1FB504698DF80410B8
:10ADB000CDE90220D4F8983001A9984704B010BD1D
:10ADC0001FB50346046906208DF804002046CDE92E
:10ADD0000213FFF7B2FF40B1C1F81E201846D4F8A5
:10ADE000982001A9904704B010BD4FF0FF30FAE75A
:10ADF00038B505460C462046FFF7CEFF014600B9A0
:10AE000038BD6FF070022846FFF7DAFFF3E72DE94F
:10AE1000F843066907460D46D6F80090D6F84080FC
:10AE20004FF0FF324FF0FF3306F18400FCF712FEC3
:10AE30004046FFF7B1FF014618BB4846FFF7ACFF9D
:10AE4000044620BB99F8143023F0100389F814301D
:10AE500098F8143023F0100388F8143024BB012232
:10AE600086F8B020EDB12B68C6F8A8306B6886F87C
:10AE7000B120C6F8AC3038698430BDE8F843FCF73F
:10AE80005BBE6FF067023846FFF79AFFD0E7637E3C
:10AE9000DB07D7D46FF0670221463846FFF790FFF3
:10AEA000CBE786F8B150E6E72DB10822294604F138
:10AEB0000C00FFF72FF9002221463846FFF780FFEC
:10AEC000D9E72DE9F8430546884614461F46D0F8D1
:10AED0000890FFF73EFF0646002834D02846D9F8F0
:10AEE0003C3098474146224630463B88FFF7F1FE0A
:10AEF000804688B183B92B6904F0030493F880304D
:10AF0000DB0753BF40224FF480624FF400711146BB
:10AF1000022C0DD0032C11D02846D9F84030984788
:10AF2000B8F1000F14BF00206FF08500BDE8F88372
:10AF3000338A8B4228BF0B463B80EDE7338A93422E
:10AF400028BF1346F8E76FF01200EFE72DE9F34151
:10AF50001F464B0604460D461646D0F808801BD007
:10AF6000D8F83C3098472069FFF7EDFE88B19DF88E
:10AF700020302946009332463B462046F9F70CFC28
:10AF800005462046D8F840309847284602B0BDE82C
:10AF9000F0814FF0FF35F4E76FF01505F5E770B578
:10AFA0004B0604460D46866812D0F36B984720691D
:10AFB000FFF7C3FE48B129462046F9F731FC0546A4
:10AFC0002046336C9847284670BD4FF0FF35F7E7B1
:10AFD0006FF01505F7E770B5054686680C46F36B0C
:10AFE00098472869FFF7AFFEB0B121462846FFF722
:10AFF000B0FE014698B1037DDB0710D5437E03F018
:10B000000303012B0ED02846F368984704462846D0
:10B01000336C9847204670BD4FF0FF34F7E76FF070
:10B020001204F4E76FF08504F1E7F8B50646876887
:10B030000C46FB6B98473069FFF785FEE0B121466F
:10B040003046FFF786FE0546C8B1037DDB0716D5FF
:10B05000437E03F00303012B14D001463B693046C5
:10B060009847044618B92B7D60F341032B75304691
:10B070003B6C98472046F8BD4FF0FF34F7E76FF080
:10B080001204F4E76FF08504F1E72DE9F04105467D
:10B0900086680769F36B0C4698472869FFF753FEEB
:10B0A00098B394F8188028464146FFF752FE0146AF
:10B0B00070B3037DDA072BD518F07F0F20D197F8F6
:10B0C000B030EBB1637EDB0717D597F8B13033B101
:10B0D000082207F1A80104F10C00FFF71BF8002279
:10B0E00087F8B02021462846FFF76AFE0446284626
:10B0F000336C98472046BDE8F0816FF06702F1E7B6
:10B100002246284673689847F0E74FF0FF34EEE791
:10B110006FF01204EBE770B505460C468668F36BDA
:10B12000984721462846FFF714FE48B101F0A1FADE
:10B13000B0FA80F464092846336C9847204670BD05
:10B140000124F8E770B5054686680C46F36B98470E
:10B150002869FFF7F2FD80B121462846FFF7F9FD87
:10B16000014668B104681CB12846B3689847044694
:10B170002846336C9847204670BD4FF0FF34F7E700
:10B180006FF01204F4E708B5036900211B685A8BBD
:10B19000F9F770FB28B1437E23F0070343F0010366
:10B1A000437608BD08B539B90369013A1B685B8B62
:10B1B0001A44B2FBF3F25A43F9F75CFB28B1437E21
:10B1C00023F0070343F00203437608BD08B561B9D5
:10B1D00003691B685A8BF9F74DFB28B1437E23F0B6
:10B1E000070343F00403437608BD0022F3E770B57C
:10B1F0000D4604468668F36B98472846F7F74CFCE3
:10B200002046336C9847002070BD70B505468668AF
:10B21000F36B98472869FFF796FD044620B1336821
:10B220003BB12846984704462846336C9847204649
:10B2300070BD0124F8E7F8B5044687680669FB6B22
:10B2400098472069FFF779FDB8B12069FFF77BFDCA
:10B25000B0B92046FB6A9847054648B906F1A003F5
:10B26000D3E8EF1F41F00201C3E8E21F002AF7D143
:10B2700020463B6C98472846F8BD4FF0FF35F7E76E
:10B280006FF07705F4E7F8B5044687680669FB6B4D
:10B2900098472069FFF757FD90B13B6B20469847D0
:10B2A000054606F1A003D3E8EF1F21F00201C3E831
:10B2B000E21F002AF7D120463B6C98472846F8BD8C
:10B2C0006FF07705F7E72DE9F041054614460F4684
:10B2D000D0F80880066911B30AB3D8F83C30984713
:10B2E0002869FFF72AFDB8B9C6E926742846D8F8B8
:10B2F00034309847044640B9A036D6E8EF3F43F0D3
:10B300000103C6E8E23F002AF7D12846D8F84030CA
:10B3100098472046BDE8F0816FF07704F5E76FF0BD
:10B320001504F6E7F8B5044687680669FB6B98478D
:10B330002069FFF708FDB0B92069FFF7FEFCA8B14E
:10B34000BB6B20469847054606F1A003D3E8EF1FE4
:10B3500021F00101C3E8E21F002AF7D120463B6C2F
:10B3600098472846F8BD6FF00F05F7E76FF07705AF
:10B37000F4E78388C2888168D21A03685B1AD01AFE
:10B38000704700230822824204D3D8B2704752008B
:10B3900092B2F8E701330A2BF9D1FF20704730B59C
:10B3A00002F0030422F003020A4491420AD144B19C
:10B3B00000230068D90020FA01F1D15401339C42E6
:10B3C000F8D130BD036804311D0A01F8035C1D0C7F
:10B3D00001F8043C01F8025C1B0E01F8013CE4E7B3
:10B3E00030B543680A7E1B6832F080054FF02004B8
:10B3F00003F5805314D10269D2F8A400EFF3118150
:10B4000084F31288BFF36F8F9D739A7C22439A74E2
:10B4100080F89C5081F31188BFF36F8F002030BDFE
:10B42000EFF3118084F31288BFF36F8F02F00F02E5
:10B430009A7391F91820002AB5BF9A7C9A7D42F040
:10B44000100242F02002B4BF9A749A7500229A73D7
:10B4500080F31188BFF36F8F0B7D43F002030B75F0
:10B46000DCE7436801F07F011B68002003F580538F
:10B470001970704743681B6803F580535B7813F0BD
:10B48000100F0CBF01200220704701234A0901F070
:10B490001F018B40DB4300EB8200D0E8EF2F1A4006
:10B4A000C0E8E12F0029F8D1704703460022D3E815
:10B4B000EF0FC3E8E12F0029F9D1704770B50446BA
:10B4C00050F8080C94F8306045682B6803F58053F9
:10B4D00093F8603003F01803A3F118025142514170
:10B4E0008E4208D00022182B84F830100CBF114671
:10B4F0000121FFF759FC0A23EA6A2046BDE87040A3
:10B50000A2FB0323FCF7B2BDFEF7A6BC2DE9F04772
:10B5100003690A7ED3F8A4604368074688461C681E
:10B5200002F07F05EFF31189202383F31288BFF324
:10B530006F8F04F58054DDB9A573E37C06F5C07008
:10B5400043F00103E374FFF7B0FF06F5C870FFF79F
:10B55000ACFFC6F88C5186F89C5041463846FFF740
:10B5600047FC89F31188BFF36F8F0020BDE8F08797
:10B570004FF0010A0AFA05FA1FFA8AFA6FEA0A037B
:10B5800091F918109BB2002902F00F0224DAE18829
:10B5900006F5BA700B40E380A273A37C294643F002
:10B5A0000803A374A37C9A0742BFA37C43F008035B
:10B5B000A374A37C03F0FE03A374FFF766FF294680
:10B5C00006F5BC70FFF761FF0023A373E3889BB20D
:10B5D00043EA0A03E380C0E7218906F5BE700B4009
:10B5E0002381A273A37D294643F01003A375A37D95
:10B5F000DB0742BFA37D43F01003A375A37D03F0D7
:10B60000FE03A375FFF741FF294606F5C270FFF759
:10B610003CFF294606F5C470FFF737FF0023A373EC
:10B6200023899BB243EA0A03238196E79A20F6F71F
:10B63000F9BD002208B59A201146F6F707FEBDE8CD
:10B6400008409A20F6F7E0BD0023F0B51A461C46E4
:10B65000C9086509283550F8255004F01F06F54043
:10B66000ED0709D4002A08BF23460132914204D1D4
:10B670001A460127194416E000220134B4F5906FF0
:10B68000E7D19142F4D94FF6FF7010E05C0900EB6E
:10B690008404D4F8A05003F01F0607FA06F63543D9
:10B6A000C4F8A05001338B42F0D3D00080B2F0BD7B
:10B6B000FFF7CABF2DE9F74F0369426891F8188078
:10B6C000D3F8A440136818F0700F0F46009308F0E9
:10B6D0007F094FFA88FA40F09480488BC0F30A0043
:10B6E000082838BF0820FFF74CFEFF28054600F069
:10B6F00088800821814089B2EFF3118320220193D1
:10B7000082F31288BFF36F8FB9F1000F30D14FF67B
:10B71000FF76B4F83001B04208D12046FFF7C8FFE9
:10B72000B04203D0A4F83001A4F85001019B83F388
:10B730001188BFF36F8F4FF6FF73984264D0009B60
:10B7400008F00F0803F58054C0F3CF0084F80E8092
:10B75000B9F1000F2CD184F8625084F86350A4F83A
:10B760006400A4F866000020A07303B0BDE8F08F69
:10B770004FEA4906BAF1000F4FF6FF7B26440BDA79
:10B78000B6F830015845D1D12046FFF791FF584512
:10B79000CCD0A6F83001C9E7B6F850015845C5D15C
:10B7A0002046FFF785FF584518BFA6F85001BDE7B2
:10B7B0000123BAF1000F03FA09F39BB210DA84F8FF
:10B7C0006250A4F864007A8BC2F30A022282A27C3F
:10B7D00042F04002A274E28892B21343E380C2E7CF
:10B7E00084F86350A4F866007A8BC2F30A02A2823E
:10B7F000A27D42F08002A275228992B21343238176
:10B80000B1E76FF01500B0E76FF00B00ADE770B572
:10B810000126D208CB0802EBD102590900EB8101C5
:10B82000D1F8A04003F01F0506FA05F5013324EA1C
:10B8300005049342C1F8A040EFD370BD2DE9F84351
:10B84000036991F81890D3F8A460436819F0700761
:10B850001D6809F07F044FFA89F86DD1488BC0F359
:10B860000A00082838BF0820FFF78BFDFF2863D0A7
:10B87000082209F00F09824005F5805392B283F83F
:10B880000E902CBB83F8624083F86340A3F86440B9
:10B89000A3F8664000219973EFF31185202383F309
:10B8A0001288BFF36F8F64BB4FF6FF74B6F8301188
:10B8B000A14206D03046FFF7AAFFA6F83041A6F80D
:10B8C000504185F31188BFF36F8F0020BDE8F883E6
:10B8D0000121A140C943B8F1000F89B208DAD88824
:10B8E0000140D98083F86270A3F864701F82D1E7A9
:10B8F00018890140198183F86370A3F866709F82EC
:10B90000C8E76400B8F1000F4FF6FF77344409DA56
:10B91000B4F83011B942D4D03046FFF778FFA4F81C
:10B920003071CEE7B4F85011B942CAD03046FFF7B3
:10B930006EFFA4F85071C4E76FF01500C6E7006908
:10B9400084304FF0FF324FF0FF33FCF783B80069CB
:10B950008430FCF7F1B801F0D2B901F0CDB901F0B3
:10B960004EB801234A0901F01F018B4000EB820011
:10B97000D0E8EF2F1A43C0E8E12F0029F8D1704733
:10B98000012301F01F02934030B5DC43490900EB6D
:10B990008100D0E8EF2F02EA0401C0E8E51F002D86
:10B9A000F7D103EA0200003818BF012030BDF8B516
:10B9B000D0F8A450107E8C4600F07F06EFF311877C
:10B9C000202181F31288BFF36F8F518B0CF58054C7
:10B9D00000F00F02A27305F5BC75720905EB820237
:10B9E000D2E8AF2F00F01F00024112F0010206D092
:10B9F0000023A37387F31188BFF36F8FF8BD06F59B
:10BA000081600CEB800C188AC1F30A01814228BFC7
:10BA1000014691420CD803F10C00FEF79DFBA37C7C
:10BA2000314643F001032846A374FFF79AFFDFE78E
:10BA3000D868805C01328CF80000EAE7F8B50B7E2C
:10BA40000C4613F07F0105464ED042681768026924
:10BA5000D2F8A400EFF31186202282F31288BFF3FC
:10BA60006F8F03F00F0207F580539A7394F9182033
:10BA7000002A3BDA9A7C02F0CF029A749A7C42F058
:10BA800040029A749A7C42F008029A749A7C920757
:10BA900042BF9A7C42F008029A749A7C02F0FE023D
:10BAA0009A7400229A7386F31188BFF36F8F237DF7
:10BAB00062F34103237594F91830934214DA00F5C8
:10BAC000BC70FFF7E2FC2046FFF76AF90646204605
:10BAD000FFF748F940B93EB1338A2BB133462246CD
:10BAE00039462869FFF763FF0020F8BD9A7D02F010
:10BAF0009F029A759A7D42F080029A75D1E72DE9EE
:10BB0000F04F0446036987B0D3F8A4300393436829
:10BB10001B680593039B03F188074FF0FF324FF03A
:10BB2000FF3340F29F11CDE900233846002201F097
:10BB3000EAF84207064608D504213846FFF70BFF0E
:10BB4000002204212046FFF72FF933070CD50821E6
:10BB50003846FFF700FF01212046F8F7DBFD002201
:10BB600003212046FFF720F9F5060CD510213846B1
:10BB7000FFF7F1FE00212046F8F7CCFD002202215C
:10BB80002046FFF711F9300600F1B080F10511D51C
:10BB90004FF480713846FFF7DEFE039B03F5BE705D
:10BBA000FFF783FC8046039B03F5C27AB8F1000FD0
:10BBB00040F03E81B50740F18B8002213846FFF707
:10BBC000CAFE80212046FFF7C4F8039B814603F597
:10BBD000C070FFF76AFC00283AD023690021204694
:10BBE000D3F8A480FFF7B5F8802105462046FFF77B
:10BBF000B0F8049015B32846FFF7D2F8F0B1437EB1
:10BC000013F0010300F060812846FFF7C5F8824673
:10BC10002846FFF7C5F818B1427ED10740F155819B
:10BC2000BAF1000F0AD00022DAF80C1028460A6098
:10BC30004A605146AAF81020FFF7B4F8204608F5EC
:10BC4000CC71FFF7E4F8002D40F03381A8F896514D
:10BC5000B9F1000F3CD04846FFF7A2F88046B8B3D0
:10BC6000038A23B9457E15F0080500F06981236930
:10BC70008021D3F8A45063682046D3F80090FFF7E2
:10BC800068F8418BB8F81030C1F30A01994228BF17
:10BC90001946002209F58059914200F2488108F1C5
:10BCA0000C00FEF759FAB8F81020002A40F046813F
:10BCB00098F8193062F3C3030A2288F819304FF05C
:10BCC000010385F89C3099F81230134389F812303B
:10BCD000F3077FF51FAF38460121FFF73CFE039BBA
:10BCE000204603F19401FFF792F813E780213846CC
:10BCF000FFF731FE63681B6804932369D3F8A4003F
:10BD000000F5BA70FFF7D1FB8146049B03F580581C
:10BD1000B9F1000F3FF43AAF99FAA9FA0123BAFA40
:10BD20008AFA204603FA0AF24AF0800129EA020957
:10BD3000FFF70FF805460028EAD0FFF731F8002892
:10BD4000E6D0028AA2B32A7D12F00202E0D1EFF31C
:10BD5000118B202181F31288BFF36F8F049BB5F8FC
:10BD60001AC00AF5816503EB85050AF00F0388F810
:10BD70000E30018ACCF30A0C614528BF6146134698
:10BD8000994210D80C30FEF7E7F998F8123043F0DA
:10BD9000010388F81230002388F80E308BF31188E5
:10BDA000BFF36F8FB4E7C268D25C01332A70E7E754
:10BDB00090F819B01BF0080B1DD02A7D12F002027A
:10BDC000A6D1EFF31181202585F31288BFF36F8F81
:10BDD0000AF00F0388F80E3098F8123043F0010390
:10BDE00088F81230437E62F3C303437688F80E204E
:10BDF00081F31188D4E72846FEF7CEFF5A46014664
:10BE00002046FEF7DDFF2846FEF7CAFF034600285E
:10BE10003FF47EAF028A002A3FF47AAF2A7D920770
:10BE20003FF576AF2A4604992069FFF7C0FD6FE71A
:10BE300098FAA8F50123B5FA85F52046AB402946C6
:10BE400028EA0308FEF785FF834600283FF4AEAEDC
:10BE5000FEF7A2FF814600283FF4A8AEDAE8AF3F24
:10BE60002B41D8071FD55846FEF79AFFD8B129466F
:10BE70005046FFF785FDB0B1EFF31181202383F326
:10BE80001288BFF36F8F059B05F00F0503F58053F4
:10BE90009D739A7D02F0FE029A7500229A7381F3D7
:10BEA0001188BFF36F8F002249462046FEF788FFB6
:10BEB0007CE62846FEF774FF10B9A8F89601C7E69D
:10BEC000437E13F001032ED19A464FF0000B284613
:10BED000C8F88CB1FEF760FF5A4601462046FEF7CF
:10BEE0006FFF0498FEF75CFF10B1427E520711D439
:10BEF0000022A8F89621BAF1000F3FF4A9AEDAF8B3
:10BF00000C1028460A604A605146AAF81020FEF735
:10BF100049FF9DE60498FEF73FFF5A46014620463A
:10BF2000FEF74EFFE4E70023A8F8963190E6D8F834
:10BF30000C309B5C013289F82030ADE60222BEE66F
:10BF40004846FEF729FF2A4601462046FEF738FFFD
:10BF5000BEE610B5807A0C46F6F7F6FCC3692146BA
:10BF6000BDE81040586800F042BAF7B50D46807A37
:10BF700017461E46F6F7E8FC2C68C369033424F024
:10BF80000302586804212A60CDE90076FBF748FCDB
:10BF900000B9286003B0F0BD0023F5F70BBB2DE915
:10BFA000F04145680846D5E900680C46AF68F9F7E6
:10BFB00075FB002878D1A30E092B75D8DFE803F0B4
:10BFC000080F1A2C054C535F056A0220BDE8F0816A
:10BFD00073699C076CD5306900F001001AE0F36AC0
:10BFE000980765D5B36F002B60D13069C00900F0A8
:10BFF0000200EBE7E4B206F1400353F824300120DD
:10C0000013F0020FE2D033691834A04098430CBFFC
:10C01000012000204000D9E70620E4B2B4FBF0F391
:10C02000316903F11805E940C907DAB240D500FBD0
:10C030001344E4B2032C4FEA820294BF06F14C038E
:10C0400006F15003134404F00304E4001A680734B3
:10C050000123A340134219E0D8F81C309A0727D5D2
:10C06000D8F80C00B8E7E4B204F1080357F823301D
:10C07000DB051DD578680234E040C043ACE7C4F36B
:10C080000524203457F8243013F0400F14BF022049
:10C0900001209BE7C4F30552EB680E3203EB8203E9
:10C0A0005A68C4F38534D3E703208FE700208DE777
:10C0B00001208BE72DE9F3474FF000090C4601EB17
:10C0C0000121456841F03F6141F47C2180461746DB
:10C0D0002E68D0F810A0CDF80490FFF760FF02287A
:10C0E00003D0C7F8009000201CE006F1400353F88D
:10C0F0002430C3F30223012B17D0022B2CD0BBB961
:10C10000AA68631C04F1210152F8211003EB4303D8
:10C110005A00404601AB02F0FE0201F00F01F9F7B0
:10C120007FFB28B102B0BDE8F087DAF80030019358
:10C1300006F1480353F82430443613F03F031EBF82
:10C14000019AB2FBF3F2019256F82420019BC2F34C
:10C15000090253433B60C6E7404601A9F9F706FCD4
:10C16000DFE7F0B406240A4691FBF4F104FB112446
:10C170004368664206F003061F6804F0030358BFD5
:10C180007342032C4FF00104D4BF4C3750378E005C
:10C190003E44DB003768073304FA03F305693B4389
:10C1A00033602B8F063294401C43EB6A2C87CB40C4
:10C1B000DA0706D42B6BCB40DB0702D5F0BCF9F7CE
:10C1C0001DBF0020F0BC704710B54468C1F30520C6
:10C1D000A1689B0101EB8001D1F8800003F04003CE
:10C1E00002F00F0220F04F0013430343C1F88030E8
:10C1F00010BD10B543680120C1F38534DB68C1F37D
:10C20000055189000B44012ADA6B00FA04F00CBFD7
:10C2100002438243DA6310BD30B5036813600579C9
:10C22000046804EBC504A34202D36FF0010030BDE3
:10C230005C7908338C42F1D10020F8E743689B68B1
:10C240001A7E520743BF9B6A00200B706FF00F00ED
:10C25000704743689B681A7ED207FCD59962704785
:10C260000269002013680B6053684B607047436895
:10C270009B68588B5A8BC0F3800092075A8B48BF3B
:10C2800040F0040002F0010240EA42005A8BD1065D
:10C290005A8B48BF40F0080092065A8B48BF40F0C6
:10C2A000100092B242F037025A83704702680129A7
:10C2B00022F070620346026004D002290CD00268AA
:10C2C00002607047026842F080720260426842F485
:10C2D00000525A60FAF766BE026842F0807202604D
:10C2E000426822F40052F4E738B5044648B1FBF73F
:10C2F000D1F8782305465C43FBF7CCF8431BA342F7
:10C30000FAD338BD10B5436904463BB90020E26852
:10C310004042537843F00103537010BD9847002802
:10C32000F4D00028B8BF4042FF28A8BFFF20E36830
:10C330001870ECE740B1C368587810F001001EBFD8
:10C340001878B0FA80F040097047EFF3118320238A
:10C3500083F31288BFF36F8FFEE72DE9F04F89B0AA
:10C36000DDE91268059243460546324606A80F46A7
:10C3700000F008FCDDE90634CDE90234EFF3118466
:10C380004FF0200989F31288BFF36F8F05F10C0A73
:10C3900005F1140B39462846059A149B984730B18D
:10C3A00084F31188BFF36F8F09B0BDE8F08F56EAB0
:10C3B0000806F5D0DDE9022306A800F008FCDDE957
:10C3C0000668524621465846CDE90068FCF7B6F8A3
:10C3D000EFF3118489F31288BFF36F8FDAE710B49B
:10C3E00000F10C04C0E9034410BCFDF773B938B583
:10C3F0000446EFF31185202383F31288BFF36F8F78
:10C40000F4F706FA04F10C0000F0D1FA30B1294635
:10C4100004F11400BDE8384000F0AFBA85F311888C
:10C42000BFF36F8F38BD10B542696AB1836842EAC5
:10C430000301890708D10169A2FB011424B95B1823
:10C440002CBF0121002102D36FF0150005E0C1606F
:10C450009B1A02698A4201D8002010BDC2680131CE
:10C460001A604269C3609B1AF3E72DE9F041054663
:10C470000F46EFF31188202383F31288BFF36F8FE9
:10C48000C668FEB90468A0421CD0DCB1D4E9003211
:10C4900013605A60237CC4E9006623F0020323740E
:10C4A000A66004F1180000F032FB2046C4F880605A
:10C4B000676100F004FA414605F10800BDE8F0416B
:10C4C00000F05BBA3E60AB69EF60013BAB6188F3A3
:10C4D0001188BFF36F8FBDE8F081202408B5EFF31A
:10C4E000118384F31288BFF36F8FFDF7A4FDF6E785
:10C4F000D0E9003213605A600023027CC0E90033A7
:10C5000022F0020202748360704713B50124009484
:10C51000FBF7D6F902B010BD90F90E308B4201D076
:10C52000FCF738B80020704703460020C3E9003309
:10C53000C3E902007047D0E9003213605A6000235B
:10C54000027CC0E9003322F002020274836070476B
:10C550002DE9F843904604460D469DF82020EFF360
:10C560001187202181F31288BFF36F8F02B14568D4
:10C57000A66804F10809B14516D0AEB100243046D2
:10C58000FFF7D9FF06F1180000F0C1FA3046C6F8EF
:10C590008040C6F8148000F092F94846394600F011
:10C5A000ECF92046BDE8F883A3B10820FCF7D8FBDE
:10C5B000002832D00122C0F804800260016801F036
:10C5C00003015DB922680A430260626820606AB9AB
:10C5D00060600BE04046C8F80030EFE72A68032AA5
:10C5E00010D80160616839B9C4E90000002087F300
:10C5F0001188BFF36F8FD5E70A6802F00302024388
:10C600000A60E5E722F003020A4302602A6802F0AA
:10C61000030240EA02032B60E8E76FF00B00E6E755
:10C6200010B5044630B10268930703D0446809B1DD
:10C6300000F06CFB204610BD0023C0E9003300F180
:10C640000803C0E902337047012307B500930023B4
:10C650000A461946FFF77CFF03B05DF804FB002390
:10C6600007B50A4600931946FFF772FF03B05DF85D
:10C6700004FB00210068FFF7D3BF3AB18A4205D31B
:10C68000C0E90212C0E90000002070476FF01500F9
:10C690007047012302688B4022EA0303036022FAF9
:10C6A00001F000F00100704710B5032104460C3082
:10C6B000FFF7EFFF30B104F1100000F028FAB0FAF4
:10C6C00080F0400910BD20B100229430114600F0E6
:10C6D000DBB9704770B5C3680446C3F340069B07D7
:10C6E00016D4856802210C30FFF7D3FF80B1D5F84E
:10C6F0008C206AB194421DD122689EB9D5F8903041
:10C70000C5F88C209C4201D1C5F8902000232360FD
:10C71000E36813F01F001EBF43F00203E36040F024
:10C72000020070BD3260D5F89020944208BFC5F871
:10C730009060EBE716461268DBE773B50446EFF34B
:10C740001185202383F31288BFF36F8F0023019399
:10C75000D0E90423B3F1004F08BF012A05D085F3C7
:10C760001188BFF36F8F02B070BDA0F110060321D6
:10C770000438FFF78EFF0028F1D0A369304601A9E5
:10C780000193FBF783FBEAE738B530220D46002121
:10C79000044600F0CFFA4FF480736560E36038BD63
:10C7A000F8B504460D46EFF31187202383F3128872
:10C7B000BFF36F8FC36803F01F03002B14BF012664
:10C7C000002609D0FFF770FF2046FFF783FF2946B8
:10C7D0002046FBF73DFB034687F31188BFF36F8FBD
:10C7E0003BB14FF0FF324FF0FF3305F10800FBF78C
:10C7F00059FA3046F8BDEFF30580003818BF012024
:10C8000070476FF0570070470020704738B5858932
:10C81000EFF31181202282F31288BFF36F8F037C24
:10C8200013F0080404D081F31188BFF36F8F38BD73
:10C830000122FBF789FDEB07F9D584F31188BFF3DB
:10C840006F8F0423184602DFF1E7FBF735BED0E90E
:10C85000003213605A600023C0E90033704708B506
:10C86000FFF7F5FF037C23F00203037400238360CA
:10C8700008BD38B504460D46FBF7B2FC237C43F0F7
:10C8800002032374D5B1A5602B689D4209D16B6862
:10C89000C4E900531C606C6010E06A689A42F6D0EC
:10C8A0001B68002BF3D093F90E1094F90E209142DF
:10C8B000F3DD5A68C4E9003214605C6038BD10B51D
:10C8C000EFF31184202383F31288BFF36F8FFBF7FC
:10C8D000B1FC84F31188BFF36F8F10BDFBF7AABCC6
:10C8E000FBF77EBC08B5EFF31181202282F312889A
:10C8F000BFF36F8F83680BB1FFF7B1FF81F311882E
:10C90000BFF36F8F08BD08B5037C014613F0280FF5
:10C910000CD183680BB1FFF7A2FF0B7C084623F014
:10C9200004030B74BDE80840FBF784BC08BD10B5D8
:10C93000EFF31184202383F31288BFF36F8F18382D
:10C94000FFF7E1FF84F31188BFF36F8F10BD08B5C7
:10C950000346EFF31181202282F31288BFF36F8F19
:10C960000068834207D008B1FFF779FF81F311888F
:10C97000BFF36F8F08BD0020F8E70846FBF79ABCAD
:10C9800038B5054604680020AC4200D138BD002C03
:10C99000FCD02046FFF763FF04F1180000F0B7F861
:10C9A0002046FBF747FC2C680120A542EDE710B5B7
:10C9B000EFF31184202383F31288BFF36F8FFFF707
:10C9C000DFFF84F31188BFF36F8F10BD38B50546C4
:10C9D0000C46FBF74BFEB4F1FF3F08BFB5F1FF3F3C
:10C9E0000AD0C11709304FF00A024FF0000341F19D
:10C9F0000001F3F705FB38BD4FF0FF30FBE7C1172F
:10CA0000633008B54FF064024FF0000341F10001BC
:10CA1000F3F7F6FAC117FBF729FE6423584308BD64
:10CA20002DE9F04706460F4691469A46EFF31188E6
:10CA3000202383F31288BFF36F8F0068864206D0ED
:10CA400028B1736898420CBF0025056868B90024B6
:10CA5000B9F1000F02D051462046C84788F311882B
:10CA6000BFF36F8F2046BDE8F0875146B8470446B4
:10CA70000028EDD135B17368AB4200D02C68284650
:10CA80002546E3E72C46FAE738B5EFF31185202376
:10CA900083F31288BFF36F8F0468A0421CD0ECB1FF
:10CAA000C4F880106261D4E9003213605A60002338
:10CAB000227CC4E9003322F002022274A36004F154
:10CAC000180000F024F82046FFF708FF012085F346
:10CAD0001188BFF36F8F38BD0020F8E72046F6E7D6
:10CAE00008B50246FBF7D0FE70B1D0E904319B1ABD
:10CAF00061EBE272B3F1004F72F1000104DA002A37
:10CB0000ACBF1846002008BD6FF00040FBE70246AE
:10CB100038B5EFF31185202383F31288BFF36F8FAD
:10CB20000368D3B1FBF7B0FE04461046FBF7BEFE28
:10CB300000224FF000438442C0E9042305D00020C6
:10CB400085F31188BFF36F8F38BDFBF7A5FEFFF7A4
:10CB5000C7FF0021FAF704FCF1E7D0E90413B3F1B1
:10CB6000004F08BF012904D100204FF00041C2E965
:10CB700004016FF01500E3E708B5FBF79FFF08BD60
:10CB8000FBF79CBFB3F1FF3F08BFB2F1FF3F70B5A9
:10CB900006461D46144614D01A4316D0002B08DB57
:10CBA000FBF78CFF041941EB0501C6E90041304653
:10CBB00070BD6FF001031C1B4FF0FF3363EB0501E9
:10CBC000F3E74FF0FF342146EFE70024FBE7B3F132
:10CBD000FF3F08BFB2F1FF3FF8B5074616461C46B7
:10CBE00010D054EA020311D0FBF768FFB0420A46A6
:10CBF000A14103460AD2F31A64EB0204C7E90034E8
:10CC00003846F8BD4FF0FF331C46F7E70023FBE73B
:10CC10000023C0E9081200F11802C0E90622C0E9A9
:10CC200000330363436370472DE9F3470446DDE9AE
:10CC30000A9815460E4659B302F0010AFBF78CFD1F
:10CC40000746EFF31181202383F31288BFF36F8F20
:10CC5000A80744BF0023A360A36803EA0600BAF153
:10CC6000000F0CD086420CD16A0744BF8343A360F7
:10CC700081F31188BFF36F8F02B0BDE8F087002801
:10CC8000F2D159EA080305D181F31188BFF36F8F00
:10CC90000020F1E7C7E918652246CDE9009804F1C4
:10CCA0000C00FBF74BFC0028F2D1386EE4E710B51E
:10CCB0000B680446D0E9180212F0010F03EA0003E2
:10CCC00001D0984211D183B12366520748BF4A6808
:10CCD00004F1180044BF1A434A60FFF718FF00230D
:10CCE0002046C4F88030FFF70EFE002010BD002360
:10CCF000C0E90000836070470A46FBF7E5BF0A46BB
:10CD00000021FBF7E1BF5200FFF78EBF20B1011FEA
:10CD100050F8040CFFF76BBB70470A44431E914266
:10CD200000D1704710B511F8014B914203F8014F43
:10CD3000F9D110BD02440346934200D1704703F875
:10CD4000011BF9E70246014410B58A42134603D09D
:10CD50001C780132002CF8D1181A10BDF0B5C3F1BF
:10CD60003707044603F01F031046FFB2082BE6B254
:10CD700032D0102B3DD06508A40845EAC17544EABD
:10CD800081748A082D1942EB5102290941EA027186
:10CD90006D1842EB1212290A41EA02616D1842EB4A
:10CDA0001222290C41EA02416D1842EB1242AD18E1
:10CDB00042F10002EC0844EA4274D10804EB840218
:10CDC000A6EB4205EDB2092D0CD90134A5F10A05F7
:10CDD00041F10001EDB212E0E40806F0070544EA73
:10CDE0004174C908303554EA010200F8015BBDD135
:10CDF000F0BD240906F00F0544EA01740909092D64
:10CE000084BFED19EDB2EDE7D1E9043293421EBFC4
:08CE10005A1C0A6118707047FA
:08CE18004032FF7F0100000021
:10CE20000000000080CE000CFD77000C0000000028
:10CE30003D78000C00000000000000009CCE000CBB
:10CE400000000000B8CE000C116E000C00000000C5
:10CE5000C172000C00000000FD10000C000000007A
:10CE6000ED28000C000000007D8D000C000000008B
:10CE700000000000D4CE000CC138000C00000000FF
:10CE8000ADF3000CBCD6000CE0D3000CD0030020A6
:10CE9000B41300204D6B000C0000000006EB000CEA
:10CEA00014D6000C00000000CC03002080110020EC
:10CEB0008946000C000000000CF4000CE4D6000CC5
:10CEC000FCD3000CD2030020F0130020D970000C1A
:10CED000000000006CED000C3CD6000C6CD6000C81
:10CEE000CE030020F0010020A94C000C000000003F
:10CEF000000000001BA0000C000000001BA0000CA4
:10CF0000000000001BA0000C000000001BA0000C93
:10CF1000000000001BA0000C000000001BA0000C83
:10CF2000000000001BA0000C000000001BA0000C73
:10CF3000000000001BA0000C000000001BA0000C63
:10CF4000000000001BA0000C000000001BA0000C53
:10CF5000000000001BA0000C9CCE000C6FA8000C71
:10CF60009CCE000C9DA8000C9CCE000CCDA8000C03
:10CF70009CCE000CFDA8000C9CCE000C2DA9000C32
:10CF80009CCE000C5DA9000C9CCE000C8DA9000C61
:10CF90009CCE000CBDA9000C9CCE000CEDA9000C91
:10CFA0009CCE000C23AA000C9CCE000C59AA000CAD
:10CFB0009CCE000C8FAA000C9CCE000CC5AA000CC5
:10CFC0009CCE000CFBAA000C9CCE000C31AB000CDC
:10CFD0009CCE000C67AB000C000000001BA0000CF6
:10CFE000000000001BA0000C000000001BA0000CB3
:10CFF000000000001BA0000C000000001BA0000CA3
:10D00000000000001BA0000C000000001BA0000C92
:10D01000000000001BA0000C000000001BA0000C82
:10D02000000000001BA0000C000000001BA0000C72
:10D03000000000001BA0000C000000001BA0000C62
:10D04000000000001BA0000C000000001BA0000C52
:10D05000000000001BA0000C000000001BA0000C42
:10D06000000000001BA0000C000000001BA0000C32
:10D07000000000001BA0000C000000001BA0000C22
:10D08000000000001BA0000C000000001BA0000C12
:10D09000000000001BA0000C000000001BA0000C02
:10D0A000000000001BA0000C000000001BA0000CF2
:10D0B000000000001BA0000C000000001BA0000CE2
:10D0C000000000001BA0000C000000001BA0000CD2
:10D0D000000000001BA0000C000000001BA0000CC2
:10D0E000000000001BA0000C000000001BA0000CB2
:10D0F000000000001BA0000C000000001BA0000CA2
:10D10000000000001BA0000C000000001BA0000C91
:10D11000000000001BA0000C000000001BA0000C81
:10D12000000000001BA0000C000000001BA0000C71
:10D13000000000001BA0000C000000001BA0000C61
:10D14000000000001BA0000C000000001BA0000C51
:10D15000000000001BA0000C000000001BA0000C41
:10D16000000000001BA0000C000000001BA0000C31
:10D17000000000001BA0000C000000001BA0000C21
:10D18000000000001BA0000C000000001BA0000C11
:10D19000000000001BA0000C000000001BA0000C01
:10D1A000000000001BA0000C000000001BA0000CF1
:10D1B000000000001BA0000C000000001BA0000CE1
:10D1C000000000001BA0000C000000001BA0000CD1
:10D1D000000000001BA0000C000000001BA0000CC1
:10D1E000000000001BA0000C000000001BA0000CB1
:10D1F000000000001BA0000C000000001BA0000CA1
:10D20000000000001BA0000C000000001BA0000C90
:10D21000000000001BA0000C000000001BA0000C80
:10D22000000000001BA0000C000000001BA0000C70
:10D23000000000001BA0000C000000001BA0000C60
:10D24000000000001BA0000C000000001BA0000C50
:10D25000000000001BA0000C000000001BA0000C40
:10D26000000000001BA0000C000000001BA0000C30
:10D27000000000001BA0000C000000001BA0000C20
:10D28000000000001BA0000C000000001BA0000C10
:10D29000000000001BA0000C000000001BA0000C00
:10D2A000000000001BA0000C000000001BA0000CF0
:10D2B000000000001BA0000C000000001BA0000CE0
:10D2C000000000001BA0000C000000001BA0000CD0
:10D2D000000000001BA0000C000000001BA0000CC0
:10D2E000000000001BA0000C000000001BA0000CB0
:10D2F000000000001BA0000C000000001BA0000CA0
:10D30000000000001BA0000C000000001BA0000C8F
:10D31000000000001BA0000C000000001BA0000C7F
:10D32000000000001BA0000C000000001BA0000C6F
:10D33000000000001BA0000C000000001BA0000C5F
:10D34000000000001BA0000C000000001BA0000C4F
:10D35000000000001BA0000C000000001BA0000C3F
:10D36000000000001BA0000C000000001BA0000C2F
:10D37000000000001BA0000C000000001BA0000C1F
:10D38000000000001BA0000C000000001BA0000C0F
:10D39000000000001BA0000C000000001BA0000CFF
:10D3A000000000001BA0000C000000001BA0000CEF
:10D3B000000000001BA0000C000000001BA0000CDF
:10D3C000D4CE000CC54E000C000000001BA0000CC9
:10D3D000000000001BA0000C000000001BA0000CBF
:10D3E0009D60000C955E000C00000000515D000C7B
:0CD3F0009FBF000C00000000B559000CAD
:10D3FC003DC2000C53C2000C6FC2000CD96F000C64
:04D40C0061C2000CED
:10D41000E9DC000C03000000BCF3000C030000007A
:10D42000D5F3000C0100000024EB000C0300000009
:10D430000DDD000C0300000011DD000C03000000F6
:10D4400011DE000C030000002EDA000C03000000C7
:10D45000FBE2000C030000007DE3000C0300000071
:10D4600085E3000C0300000000F5000C0300000041
:10D470003EDC000C03000000C6DB000C03000000D3
:10D48000FADC000C030000001CF4000C0300000098
:10D49000D7EB000C0200000079ED000C0200000048
:10D4A000F6E8000C0200000045E6000C0200000057
:10D4B000F3E9000C020000002EE7000C020000005F
:10D4C000D0E4000C02000000C7E4000C02000000E1
:10D4D0007EEA000C020000002FEA000C02000000AF
:10D4E000E3E7000C0200000086EA000C02000000E6
:08D4F000E3D8000C030000006A
:10D4F800B8D5000CD801002000DE000C01000000A7
:10D50800DBD8000C0000000033DA000C3EDA000C17
:10D518004BDA000C5ADA000C6BDA000C75DA000CE6
:10D528008EDA000C9FDA000CABDA000CBFDA000CC4
:10D53800DADA000CEDDA000C08D6000C50D5000C35
:10D54800000000000000000080300020F8050020E6
:10D55800000100006F9D000C0D9D000C02000000F2
:10D56800179F000C000000000000000000000000F1
:10D5780000000000E0DD000CE8DD000C0000000009
:10D588000000000000000000F0DD000CF4DD000CDD
:10D59800F8DD000CFCDD000CA8D5000C2C110020D7
:10D5A800A11A000C441100203614002001000000CC
:10D5B800D79F000CCD9F000C9B9F000C8F9F000CE9
:10D5C80000000000839F000C000000000000002005
:10D5D800000000000600010002000000E8D5000C71
:10D5E800000000086EE3000C06000000E0FF1F0CBE
:10D5F8000000002076E3000C21000000E0FF072077
:10D608007929000C00000000ABA0000C00A0014428
:10D6180080CE000C1A7F132403C5FF1F9DAB000C9E
:10D6280001000000B0D6000C2C040020000000000F
:10D63800000000000000004608000000B4110020AF
:10D64800B4120020401B002000040000020000006B
:10D65800000000000000000033B6000C2DB6000CDE
:10D668006400000075B4000CC953000C0DB5000C23
:10D67800E1B3000C3DBA000C00000000B5B6000C88
:10D688003DB8000C614E000C63B4000CC948000C96
:10D69800FD4B000C2D49000C8549000C354B000C46
:10D6A8003FB9000C4FB9000C6BBF000C0000000024
:10D6B80053BF000C00C0004400E0004400000144D7
:10D6C8000020014400800044050000000010804450
:10D6D80080108044001180448011804400C2010001
:10D6E80003000100002000450001000001000000C7
:10D6F8000000000080CE000C2E7F302423DAFF1FAC
:10D708000CD7000C14D7000C0100000056D7000CF1
:10D7180002000000B6F4000CC4F4000CD8F4000CAD
:10D72800E7F4000CF3F4000C20CE000C20CE000C23
:10D7380050CE000C58CE000C80CE000C80CE000CD1
:10D7480031F5000C000100000000000009049023DE
:10D758000000802300004661696C656420746F20B6
:10D76800696E697469616C697A65206C616E677548
:10D778006167652064657363726970746F722028CD
:10D78800256429004661696C656420746F20696EA0
:10D79800697469616C697A65206D616E756661632B
:10D7A80074757265722064657363726970746F72E0
:10D7B8002028256429004661696C656420746F20FF
:10D7C800696E697469616C697A652070726F6475D5
:10D7D80063742064657363726970746F722028259E
:10D7E8006429004661696C656420746F20696E69FC
:10D7F8007469616C697A6520534E2064657363723D
:10D808006970746F722028256429004661696C6507
:10D818006420746F2061646420486967682D5370C0
:10D8280065656420636F6E66696775726174696F98
:10D838006E004661696C656420746F2061646420C1
:10D84800726567697374657220636C61737365735D
:10D85800004661696C656420746F206164642046C9
:10D86800756C6C2D537065656420636F6E666967AF
:10D8780075726174696F6E004661696C65642074C5
:10D888006F207265676973746572206D6573736163
:10D8980067652063616C6C6261636B004661696CEB
:10D8A800656420746F206164642055534220322ED1
:10D8B8003020457874656E73696F6E2044657363B4
:10D8C800726970746F720073616D706C655F7573E7
:10D8D8006264006466755F64667500757362645F90
:10D8E80073616D706C655F636F6E666967003F009A
:10D8F80055534244206D6573736167653A202573FB
:10D90800004661696C656420746F20656E61626CA5
:10D91800652064657669636520737570706F7274CD
:10D92800004661696C656420746F20646973616284
:10D938006C652064657669636520737570706F72B5
:10D94800740056656E646F722063616C6C6261630B
:10D958006B20746F20686F737400476574204D5393
:10D96800204F5320322E30204465736372697074DF
:10D978006F7220536574004765742055524C2072AD
:10D988006571756573742C20696E646578202575DA
:10D99800004661696C656420746F207365747570E6
:10D9A8002055534220646576696365004661696C59
:10D9B800656420746F20616464204D534F53763240
:10D9C800206361706162696C69747920646573634E
:10D9D800726970746F72004661696C656420746F57
:10D9E8002061646420576562555342206361706109
:10D9F80062696C6974792064657363726970746FA5
:10DA080072004661696C656420746F20696E697480
:10DA180069616C697A6520646576696365207375E8
:10DA280070706F7274006D61696E005642555320B4
:10DA3800726561647900564255532072656D6F7640
:10DA480065640044657669636520726573756D6504
:10DA580064004465766963652073757370656E64E8
:10DA6800656400427573207265736574004E65774E
:10DA78002064657669636520636F6E666967757291
:10DA88006174696F6E00436F6E74726F6C6C65724F
:10DA9800206572726F7200537461636B20657272D5
:10DAA8006F72004344432041434D206C696E6520EA
:10DAB800636F64696E67004344432041434D2063AC
:10DAC8006F6E74726F6C206C696E6520737461740C
:10DAD8006500444655206465746163682072657109
:10DAE800756573740044465520646F776E6C6F617A
:10DAF8006420636F6D706C6574656400436F6E6657
:10DB0800696775726174696F6E2064697361626CAC
:10DB18006564005472616E736665722066696E6929
:10DB280073686564202570202D3E2065702030784C
:10DB3800253032782C206C656E2025752C20657276
:10DB480072202564004661696C656420746F2065E5
:10DB58006E717565756520627566666572004675D5
:10DB68006E6374696F6E2069732064697361626C97
:10DB78006564206F72207472616E736665722066C8
:10DB880061696C656400436F6E666967757261747C
:10DB9800696F6E20656E61626C6564004661696CD0
:10DBA800656420746F20616C6C6F636174652062BA
:10DBB8007566666572007366756E635F30007366BE
:10DBC800756E63006865617020636F72727570743A
:10DBD800696F6E20286E6F7420696E207573653FBB
:10DBE80029206174202570006865617020636F7258
:10DBF80072757074696F6E2028627566666572202A
:10DC08006F766572666C6F773F2920617420257086
:10DC1800006865617020636F7272757074696F6EE9
:10DC28002028646F75626C6520667265653F2920DF
:10DC38006174202570006F735F68656170002875D6
:10DC48006E7369676E6564292063686172202A2093
:10DC58007573656420666F72202525702061726770
:10DC6800756D656E742E2049742773207265636F15
:10DC78006D6D656E64656420746F206361737420D4
:10DC8800697420746F20766F6964202A2062656346
:10DC980061757365206974206D617920636175739E
:10DCA80065206D69736265686176696F7220696E57
:10DCB800206365727461696E20636F6E666967754B
:10DCC800726174696F6E732E20537472696E673A4D
:10DCD8002225732220617267756D656E743A25641A
:10DCE8000063627072696E74665F7061636B61670E
:10DCF80065007379735F6765746F7074006C6F6724
:10DD080067696E67006C6F67006C6F675F6D676D42
:10DD180074004D6573736167652028222573222975
:10DD28002064726F707065642062656361757365E5
:10DD380020697420657863656564732073697A6502
:10DD4800206C696D69746174696F6E202825752966
:10DD5800004D6573736167652064726F70706564E8
:10DD680020626563617573652069742065786365F1
:10DD78006564732073697A65206C696D6974617470
:10DD8800696F6E2028257529000D0A001B5B306D10
:10DD980000257320005B2530386C755D20005B25FD
:10DDA8003032753A253032753A253032752E2530A5
:10DDB80033752C253033755D20003C25733E2000DB
:10DDC80025732F0025733A20002530327820002053
:10DDD8002020007C002563001B5B313B33316D0044
:10DDE8001B5B313B33336D006572720077726E00D6
:10DDF800696E6600646267006C6F675F6261636B7F
:10DE0800656E645F75617274006C6F675F756172CF
:10DE1800740072302F61313A2020307825303878FC
:10DE2800202072312F61323A20203078253038781E
:10DE3800202072322F61333A20203078253038780C
:10DE48000072332F61343A2020307825303878201A
:10DE58007231322F69703A20203078253038782096
:10DE68007231342F6C723A2020307825303878009F
:10DE780020787073723A2020307825303878004640
:10DE880061756C74696E6720696E737472756374FA
:10DE9800696F6E206164647265737320287231350E
:10DEA8002F7063293A2030782530387800556E680D
:10DEB800616E646C6564204952516E3A2025640095
:10DEC8002A2A2A2A2A205553414745204641554C9B
:10DED80054202A2A2A2A2A0020204469766973694C
:10DEE8006F6E206279207A65726F002020556E610E
:10DEF8006C69676E6564206D656D6F72792061630A
:10DF080063657373002020537461636B206F7665BB
:10DF180072666C6F772028636F6E74657874206101
:10DF2800726561206E6F742076616C6964290020C7
:10DF3800204E6F20636F70726F636573736F72200A
:10DF4800696E737472756374696F6E73002020490B
:10DF58006C6C6567616C206C6F6164206F6620452E
:10DF680058435F52455455524E20696E746F205085
:10DF780043002020496C6C6567616C2075736520CF
:10DF88006F66207468652045505352002020417404
:10DF980074656D707420746F206578656375746539
:10DFA80020756E646566696E656420696E73747247
:10DFB800756374696F6E002A2A2A2A2A204D5055E3
:10DFC800204641554C54202A2A2A2A2A0020205328
:10DFD8007461636B696E67206572726F7220286363
:10DFE8006F6E746578742061726561206D69676809
:10DFF80074206265206E6F742076616C69642900F4
:10E008002020556E737461636B696E672065727248
:10E018006F720020204461746120416363657373EB
:10E028002056696F6C6174696F6E0020204D4D46F3
:10E03800415220416464726573733A2030782578C0
:10E04800002020496E737472756374696F6E204185
:10E0580063636573732056696F6C6174696F6E00D2
:10E068002020466C6F6174696E672D706F696E74DD
:10E07800206C617A7920737461746520707265739D
:10E088006572766174696F6E206572726F72002AAC
:10E098002A2A2A2A20425553204641554C54202AE0
:10E0A8002A2A2A2A002020537461636B696E67202C
:10E0B8006572726F72002020507265636973652003
:10E0C8006461746120627573206572726F720020DA
:10E0D800204246415220416464726573733A20308D
:10E0E800782578002020496D707265636973652012
:10E0F8006461746120627573206572726F720020AA
:10E1080020496E737472756374696F6E20627573DB
:10E11800206572726F72002A2A2A2A2A20534543E0
:10E12800555245204641554C54202A2A2A2A2A006D
:10E138002020416464726573733A20307825780032
:10E148002020496E76616C696420656E747279204E
:10E15800706F696E74002020496E76616C69642066
:10E16800696E74656772697479207369676E617422
:10E17800757265002020496E76616C696420657847
:10E1880063657074696F6E2072657475726E0020B5
:10E19800204174747269627574696F6E20756E6956
:10E1A800742076696F6C6174696F6E002020496E07
:10E1B80076616C6964207472616E736974696F6EDC
:10E1C8000020204C617A7920737461746520707224
:10E1D80065736572766174696F6E0020204C617A90
:10E1E80079207374617465206572726F720052656C
:10E1F80073657276656420457863657074696F6EBF
:10E2080020280053707572696F757320696E746584
:10E2180072727570742028495251200020205320B2
:10E22800696E737472756374696F6E206164647269
:10E238006573733A202030782578002A2A2A2A2AFA
:10E248002048415244204641554C54202A2A2A2A23
:10E258002A002020427573206661756C74206F6EE9
:10E2680020766563746F72207461626C65207265D4
:10E2780061640020204465627567206576656E7468
:10E288000020204661756C7420657363616C61744D
:10E29800696F6E20287365652062656C6F77290049
:10E2A800415243485F455843455054207769746844
:10E2B80020726561736F6E2025780A002A2A2A2A3F
:10E2C8002A204465627567206D6F6E69746F7220CD
:10E2D800657863657074696F6E202A2A2A2A2A0075
:10E2E8002A2A2A2A2A20257320256429202A2A2A2C
:10E2F8002A2A006D7075004661696C656420746F28
:10E3080020616C6C6F63617465206E6577204D5079
:10E318005520726567696F6E2025750A0050617215
:10E32800746974696F6E2025753A20636F68657229
:10E33800656E636520636865636B206661696C65FB
:10E34800642E00496E76616C696420756E6465722E
:10E358006C79696E6720726567696F6E20696E6493
:10E36800657820257500464C4153485F300053526C
:10E37800414D5F30006E65745F627566006E65744E
:10E388005F6275665F73696D706C650055534220F6
:10E3980064657669636520737570706F727420693F
:10E3A8007320616C726561647920696E6974696152
:10E3B8006C697A65640055534220646576696365C3
:10E3C80020636F6E74726F6C6C6572206973206E57
:10E3D8006F742072656164790055534220646576D4
:10E3E80069636520737570706F7274206973206E2D
:10E3F8006F7420696E697469616C697A6564005527
:10E4080053422064657669636520737570706F7216
:10E418007420697320616C726561647920656E612E
:10E42800626C6564004661696C656420746F206580
:10E438006E61626C6520636F6E74726F6C6C65726E
:10E448000042756666657220707265616C6C6F63F8
:10E458006174696F6E206661696C6564005553422A
:10E468002064657669636520737570706F727420B7
:10E47800697320616C726561647920646973616293
:10E488006C6564004661696C656420746F20726510
:10E4980073657420636F6E66696775726174696FFE
:10E4A8006E004661696C656420746F2064697361ED
:10E4B800626C652055534220646576696365007512
:10E4C8007362645F64657600757362645F64657324
:10E4D80063004661696C656420746F20656E7175B0
:10E4E8006575652053746174757320494E20627593
:10E4F80066666572004661696C656420746F2065A4
:10E508006E71756575652053455455502062756662
:10E5180066657200436F6E66696775726174696FCC
:10E528006E2064657363726970746F72202575203C
:10E538006E6F7420666F756E640043616E206F6E37
:10E548006C792068616E646C6520636F6E74726F9D
:10E558006C207265717565737473004D616C666FBC
:10E56800726D6564207365747570207061636B6586
:10E578007400556E657870656374656420627566AD
:10E58800666572206C696E6B656420746F207365B4
:10E59800747570004661696C656420746F207365DA
:10E5A8007420646576696365206164647265737359
:10E5B8002030782578004661696C656420746F2086
:10E5C80073657420636F6E66696775726174696FCD
:10E5D8006E2025752C202564004857494E464F204B
:10E5E8006E6F7420696D706C656D656E74656420FE
:10E5F8006F7220656E61626C6564004661696C6566
:10E608006420746F20656E7175657565205374613B
:10E61800747573204F55542062756666657200469E
:10E6280061696C656420746F20656E61626C652039
:10E63800544553545F4D4F4445202575007573620A
:10E64800645F636839004661696C656420746F2093
:10E65800676574206366675F6E642C2064657370F9
:10E6680069746520636F6E66696775726564207387
:10E678007461746500556E7265636F766572616268
:10E688006C65206572726F722025642C206570207D
:10E698003078253032782C20627566202570004647
:10E6A80061696C656420746F2073657420646566A5
:10E6B80061756C742061646472657373206166743B
:10E6C80065722062757320726573657400466169AE
:10E6D8006C656420746F2073657420646566617569
:10E6E8006C7420737461746520616674657220624D
:10E6F80075732072657365740055444320657272A2
:10E708006F72206576656E74004661696C65642079
:10E71800746F20696E697420646576696365206426
:10E72800726976657200757362645F636F72650003
:10E73800456E64706F696E672030782530327820B6
:10E748006E6F742061737369676E656400466169F2
:10E758006C656420746F2061737369676E20656EE1
:10E7680064706F696E742061646472657373657335
:10E77800004661696C656420746F20696E6974690C
:10E78800616C697A6520636C61737320696E737458
:10E79800616E6365004661696C656420746F206909
:10E7A8006E697420485320636F6E6669677572617D
:10E7B80074696F6E202575004661696C6564207404
:10E7C8006F20696E697420465320636F6E666967AF
:10E7D80075726174696F6E20257500757362645F68
:10E7E800696E69740046656174757265206E6F7430
:10E7F80020737570706F7274656420627920636F1E
:10E808006E74726F6C6C6572005553422064657645
:10E8180069636520737570706F72742069732069FD
:10E828006E697469616C697A656400436F6E7472AD
:10E838006F6C6C657220646F65736E2774207375D6
:10E8480070706F727420485300556E737570706FD6
:10E858007274656420636F6E666967757261746946
:10E868006F6E20737065656400485320636F6E6631
:10E87800696720616C7265616479206F6E20465308
:10E88800206C69737400465320636F6E6669672055
:10E89800616C7265616479206F6E204853206C69E1
:10E8A800737400436F6E66696775726174696F6E21
:10E8B8002025752072652D696E7365727465640014
:10E8C8004661696C656420746F2061646420636FBD
:10E8D8006E66696775726174696F6E2073747269A8
:10E8E8006E672064657363726970746F7200757304
:10E8F80062645F63666700555342206465766963A6
:10E908006520636C617373202573206E6F742066B5
:10E918006F756E64004E6F20636F6E6669677572FF
:10E928006174696F6E207365742028416464726530
:10E9380073732073746174652900436C6173732069
:10E94800696E7374616E636520616C726561647968
:10E95800207265676973746572656400436C6173DE
:10E9680073207265676973746572656420746F20BB
:10E978006F7468657220636F6E7465787420617453
:10E9880020646966666572656E7420737065656477
:10E99800004661696C656420746F207265676973ED
:10E9A80074657220257320746F20485320636F6E3E
:10E9B80066696775726174696F6E202575004661B6
:10E9C800696C656420746F20726567697374657219
:10E9D80020257320746F20465320636F6E66696725
:10E9E80075726174696F6E20257500757362645F56
:10E9F800636C617373004661696C656420746F2091
:10EA080068616E646C65206F702025642C206570C9
:10EA1800203078253032782C20626D2030782530EF
:10EA280038782C20256400757362645F69666163B9
:10EA38006500646576696365206973207375737012
:10EA4800656E646564005365742068616C74203079
:10EA58007825303278206661696C656400436C659E
:10EA680061722068616C74203078253032782066B5
:10EA780061696C656400757362645F6570007573C5
:10EA880062645F6D73670054696D656F7574207794
:10EA9800616974696E6720666F72204549435F53E8
:10EAA800594E4342555359206269747320746F203C
:10EAB800636C65617200436C6F636B20636F6E7487
:10EAC800726F6C206F6E206661696C656420666F7A
:10EAD80072206D636C6B20256400436C6F636B2040
:10EAE800636F6E74726F6C206F6E206661696C65FF
:10EAF8006420666F722067636C6B20256400696E02
:10EB0800746572727570742D636F6E74726F6C6C4D
:10EB1800657240343430316130303000696E74636E
:10EB28005F6D6368705F6569635F673100737573F4
:10EB380070656E6400726573756D650053707572EB
:10EB4800696F7573202573206576656E740065702E
:10EB58002030782530327820616C726561647920C4
:10EB6800656E61626C656400456E64706F696E7491
:10EB7800203078253032782076616C696461746958
:10EB88006F6E206661696C65640065702030782559
:10EB980030327820616C72656164792064697361D0
:10EBA800626C6564004661696C656420746F2061FD
:10EBB8006C6C6F63617465206E65745F6275662046
:10EBC800257A642C206570203078253032780075DD
:10EBD8006463004661696C656420746F20646973BE
:10EBE80061626C6520636F6E74726F6C20656E6411
:10EBF800706F696E74204F5554004661696C656486
:10EC080020746F2064697361626C6520636F6E7431
:10EC1800726F6C20656E64706F696E7420494E0067
:10EC28004661696C656420746F20726573657276DD
:10EC38006520455030204649464F005553422063D1
:10EC48006F6E74726F6C6C65722072657365742078
:10EC580074696D656F75740055534220636F6E74E7
:10EC6800726F6C6C657220656E61626C6520737979
:10EC78006E632074696D656F75740055534220503A
:10EC880048592072656164792074696D656F75747F
:10EC9800004661696C656420656E61626C696E67C7
:10ECA80020657020307825303278004661696C65BF
:10ECB8006420746F207265676973746572204F559C
:10ECC8005420656E64706F696E7420256400466117
:10ECD800696C656420746F20726567697374657206
:10ECE80020494E20656E64706F696E74202564003B
:10ECF80052656D6F74652077616B657570207265FC
:10ED080071756573746564206275742064657669CD
:10ED18006365206973206E6F742073757370656EF8
:10ED28006465640065705F656E717565756520451D
:10ED380050305F494E3A205478506B7452647920B1
:10ED4800616C72656164792073657420284353523D
:10ED5800304C3D307825303278292020736B69702B
:10ED6800706564007573624034363030303030304E
:10ED7800007564635F6D6368705F67320025733A7E
:10ED880020434C4F434B5F434F4E54524F4C5F53BD
:10ED980055425359535F414C4C206973206E6F7430
:10EDA80020737570706F727465640025733A20491A
:10EDB8006E76616C69642073756273797374656DBE
:10EDC80020747970653D25640025733A20496E7674
:10EDD800616C696420696E7374616E636520256473
:10EDE80020666F72207479706520256420286D6113
:10EDF80078202564290025733A205265637572735B
:10EE080069766520646570656E64656E63792064F3
:10EE1800657465637465640025733A20496E76618C
:10EE28006C696420504C4C20736F75726365206464
:10EE38006570656E64656E63790025733A20496E66
:10EE480076616C69642047434C4B50494E20736F80
:10EE5800757263652049440025733A204E554C4C21
:10EE680020636F6E66696775726174696F6E207072
:10EE78006F696E7465720025733A20496E76616C0D
:10EE880069642073756273797374656D2074797021
:10EE9800653D256420696E7374616E63653D256404
:10EEA8000025733A2044464C4C34384D53594E4350
:10EEB8002074696D656F7574206F6E207772697440
:10EEC800696E67204F53434354524C5F44464C4C41
:10EED8004354524C420025733A2044464C4C343833
:10EEE8004D53594E432074696D656F7574206F6E6C
:10EEF8002077726974696E67204F53434354524CAC
:10EF08005F44464C4C4D554C0025733A2044464CC2
:10EF18004C34384D53594E432074696D656F757480
:10EF2800206F6E2077726974696E67204F53434370
:10EF380054524C5F44464C4C4354524C4100257348
:10EF48003A2047434C4B5F53594E4342555359203F
:10EF580074696D656F7574206F6E20777269746956
:10EF68006E672047434C4B5F47454E4354524C5BBA
:10EF780025645D0025733A2074696D656F7574208A
:10EF88006F6E2077726974696E672047434C4B5FD8
:10EF98005043484354524C5F4348454E5F4D736B52
:10EFA8000025733A20496E76616C69642073756236
:10EFB80073797374656D0025733A20556E73757097
:10EFC800706F727465642073756273797374656D9C
:10EFD80020747970650025733A2047434C4B4745A8
:10EFE8004E302063616E6E6F7420626520646973B1
:10EFF80061626C65642028616C77617973204F4E7B
:10F00800290025733A20504C4C5B25645D206C6FB9
:10F01800636B2074696D6564206F75740025733A9D
:10F0280020556E737570706F7274656420636C6FB1
:10F03800636B2073756273797374656D207479706E
:10F04800652025640025733A20436C6F636B204F5D
:10F058004E206F7065726174696F6E206661696CAD
:10F0680065640025733A20436C6F636B204F4E2014
:10F0780074696D656F75740025733A20584F534352
:10F088002072656164792074696D6564206F757498
:10F098000025733A20736B697070696E6720646627
:10F0A8006C6C34386D5F696E69742C206173204410
:10F0B800464C4C20697320616C7265616479206FDD
:10F0C8006E0025733A20736B697070696E672064EF
:10F0D800666C6C34386D5F696E69742C20617320BE
:10F0E800736F757263652067636C6B2D2564206987
:10F0F80073206F66662E20284D6178696D756D20C6
:10F10800696E6974207265747279203D20256429BE
:10F118000025733A20736B697070696E67206466A6
:10F128006C6C34386D5F696E69742C20617320448F
:10F13800464C4C2069732064726976696E67206753
:10F14800636C6B302028435055290025733A2044BE
:10F15800464C4C34384D2072656164792074696D71
:10F168006564206F75740025733A2044464C4C340E
:10F17800384D53594E432074696D656F7574206F0F
:10F188006E2077726974696E672047434C4B5F50F5
:10F1980043484354524C0025733A20736F75726389
:10F1A8006520636C6F636B202864726976696E678B
:10F1B80020504C4C5F256429206973206F66662EA9
:10F1C80020284D6178696D756D20696E69742072AB
:10F1D80065747279203D202564290025733A2053EF
:10F1E8005550435F5354415455532074696D656FAE
:10F1F8007574206F6E2077726974696E6720535535
:10F2080050435F565245474354524C0025733A20A9
:10F2180074696D656F7574206F6E20777269746993
:10F228006E67206672616374696F6E616C206469D1
:10F2380076696465720025733A20736B697070692A
:10F248006E6720706C6C5F25645F6F75745F2564F2
:10F258005F696E69742C206173206974206973205A
:10F26800616C7265616479206F6E0025733A207352
:10F278006B697070696E6720706C6C5F25645F6F76
:10F2880075745F25645F696E69742C2061732064EE
:10F29800726976696E6720504C4C206973206F66DE
:10F2A800660025733A20736B697070696E67207801
:10F2B8006F736333326B5F696E69742C20617320DE
:10F2C800697420697320616C7265616479206F6E5E
:10F2D8000025733A204F534333324B4354524C204A
:10F2E80072656164792074696D6564206F75740056
:10F2F80025733A20736B697070696E672067636C59
:10F308006B67656E2D25645F696E69742C20617367
:10F3180020697420697320616C7265616479206F5B
:10F328006E0025733A20736B697070696E67206789
:10F33800636C6B67656E5F696E69742C20617320FE
:10F34800736F75726365206F662067636C6B2D251C
:10F35800642C206973206F66662E20284D617869B9
:10F368006D756D20696E6974207265747279203DBF
:10F37800202564290025733A2047434C4B5F535995
:10F388004E43425553592074696D656F7574206FEB
:10F398006E2077726974696E672047434C4B5F43F0
:10F3A80054524C4100636C6F636B403434303132DB
:10F3B80030303000636C6F636B5F6D6368705F70D3
:10F3C80069633332636B5F73675F6763006877698C
:10F3D8006E666F5F6D6368705F67310054696D6555
:10F3E8006F75742077616974696E6720666F722023
:10F3F800554152542053594E434255535920636C3A
:10F4080065617200736572636F6D403435303032F8
:10F4180030303000756172745F6D6368705F73655A
:10F4280072636F6D5F67310048616C74696E672045
:10F4380073797374656D00556E6B6E6F776E2065AA
:10F4480072726F7200756E6B6E6F776E003E3E3E25
:10F45800205A455048595220464154414C20455263
:10F46800524F522025643A202573206F6E20435056
:10F4780055202564004661756C7420647572696E48
:10F488006720696E746572727570742068616E6445
:10F498006C696E670A0043757272656E74207468D1
:10F4A800726561643A20257020282573290043502D
:10F4B8005520657863657074696F6E00556E686174
:10F4C8006E646C656420696E746572727570740020
:10F4D800537461636B206F766572666C6F77004B4F
:10F4E80065726E656C206F6F7073004B65726E6528
:10F4F8006C2070616E6963006F73002A2A2A2042AB
:10F508006F6F74696E67205A6570687972204F53FF
:10F51800206275696C64203530353139353435658C
:10F52800313961202A2A2A0A00737973776F726B3E
:10F538007100286E756C6C29002A666C6F61742ADC
:10F548000007100200000000485320436F6E6669F0
:10F558006775726174696F6E00465320436F6E66FB
:10F56800696775726174696F6E0055534244207300
:10F57800616D706C65005A65706879722050726FA1
:10F588006A656374001103006C6F63616C686F7364
:10F59800743A383030301810050038B60834A909E4
:10F5A800A0478BFDA0768815B66500010101206D86
:10F5B800657373616765732064726F70706564202A
:10F5C8002D2D2D0D0A1B5B306D001B5B313B33313C
:10F5D8006D2D2D2D20003031323334353637383902
:10F5E800414243444546000000000000000000007E
:10F5F800AAAAAAAAAAAAAAAAEEEEEEEEEEEEEEEE43
:10F60800FEFFFFFFFFFFFFFFFFFFFFFF7FBFDFEFF3
:10F61800F7FBFDFC7EBFDFEFF7FBFD7E3F3F3F3F83
:10F628003F3F3F3F1F3F3F3F3F3F3F3F3F030000BC
:10F638003F3F3F3F2F3F3F00000500000B38004091
:10F64800636C6F636B5F6D6368705F696E6974008C
:10F65800636C6F636B5F6F6E00636C6F636B5F6D82
:10F668006368705F6F6E00636C6F636B5F6D636878
:10F67800705F6F666600636C6F636B5F6765745F6E
:10F68800726174655F67636C6B67656E00636C6F4E
:10F69800636B5F6D6368705F6765745F72617465E3
:10F6A80000636C6F636B5F636F6E66696775726525
:10F6B8005F67636C6B67656E00636C6F636B5F633A
:10F6C8006F6E6669677572655F706C6C00636C6FEE
:10F6D800636B5F636F6E6669677572655F64666C9E
:10F6E8006C00636C6F636B5F636865636B5F7375F6
:10F6F8006273797300636C6F636B5F6D6368705FCF
:10F70800636F6E66696775726500636C6F636B5FC4
:10F7180067636C6B67656E5F696E697400636C6FB5
:10F72800636B5F786F736333326B5F696E69740004
:10F73800636C6F636B5F706C6C5F6F75745F696E21
:10F74800697400636C6F636B5F706C6C5F696E6982
:10F758007400636C6F636B5F64666C6C34386D5FE8
:10F76800696E697400636C6F636B5F786F73635F56
:10F77800696E697400636C6F636B5F6F6E5F706C4A
:08F788006C00050607000100FA
:10F79000000000005145000C0000000000010000C6
:10F7A0000000000000000000000000000000000059
:10F7B0000000000000000000000000000000000049
:10F7C0000000000000000000000000000000000039
:10F7D00049F5000C070F000000000000B0020020F7
:10F7E0007000002000000000000000000000000089
:10F7F000B902002088000020000000000000000086
:10F8000000000000000000000004010000000000F3
:10F8100050F5000C22030000000000000000000072
:10F82000000401000000000061F5000C220300004C
:10F8300000000000000000000003030000000000C2
:10F8400000000000000300000000000000000000B5
:10F85000000201000000000072F5000C1803000017
:10F860000000000000000000000101000000000096
:10F870007EF5000C1E0300000000000000000000E8
:10F88000000000000000000054D7000C040300003A
:10F89000000000000000000001000000180100202E
:10F8A000E60200201C0F0000000000000000000025
:10F8B00002000000FD04000C000000000000000039
:10F8C0000000000001000000440100209EF5000C33
:10F8D000180F000000000000000000000100000000
:10F8E0005D05000C00000000BEDB000C0000000005
:10F8F0009C010020000000006C010020A4030020F7
:10F900008C0100207C01002000000000A4030020E6
:10F91000C2030020BB030020C9030020A403002071
:10F92000B4030020AD030020C90300200000000044
:10F930000000000000000000000000007506000C40
:10F940000000000000000000000000008907000C1B
:10F950004D06000C9592000C000000008792000CF0
:10F960001598000C2D9D000CA0D5000C0000000087
:10F9700000000000A1A0000C00000000000000003A
:10F980000000000000000000000000000000000077
:10F990000000000000000000000000000000000067
:10F9A0000000000000000000000000000000000057
:10F9B0000000000000000000000000000000000047
:10F9C0000000000000000000000000000000000037
:10F9D0000000000000000000000000000000000027
:10F9E0000000000000000000000000000000000017
:10F9F0000000000000000000000000000000000007
:10FA000000000000740200207402002000000000CA
:10FA1000000000000E0000000000000000000000D8
:10FA200000000000C00A00200000000000000000EC
:10FA300000000000C8000000A8020020A80200206A
:10FA400009020000000100C07D0902000000010061
:10FA5000C07D12010002EF020140E32F0A000404FE
:10FA60000000000012010002EF020140E32F0A0033
:10FA70000404000000001C100500DF60DDD889458B
:10FA8000C74C9CD2659D9E648A9F0000000AA2001C
:10FA900002000A0000000000000AA2001400030097
:10FAA00057494E555342000000000000000000007E
:10FAB0008400040007002A00440065007600690005
:10FAC0006300650049006E00740065007200660006
:10FAD0006100630065004700550049004400730061
:10FAE000000050007B00460041003600310031002C
:10FAF0004300430033002D0037003000350037004D
:10FB00002D0034003200450045002D00390044002E
:10FB1000380032002D003400390031003900360041
:10FB200033003900350036003200420033007D00DA
:10FB3000000000000904000002FF000000070501AA
:10FB40000240000007058102400000070501020095
:0BFB5000020007058102000200000017
:09FB5B00000000000000000000A1
:10FB64000000000000000000000000000000000091
:10FB74000000000000000000000000000000000081
:10FB84000000000000000000000000000000000071
:08FB9400000000000000000069
:04FB9C000000000065
:10FBA00010040020100400201C3100200000000080
:0CFBB00008000000100000000000000031
:10FBBC00000000009C310020000400000000000048
:04FBCC000000000035
:10FBD00040040020400400200C0000000A00000047
:10FBE000A43000201C310020A4300020A4300020CC
:08FBF00000000000000000000D
:10FBF80068040020680400200000000001000000E4
:10FC080000000000000000008004002080040020A4
:10FC1800010001000A0000000000000040D5000CAF
:10FC2800803000200000000000000000A404002034
:10FC3800A4040020100010000A000000A3AC000C6F
:08FC48002CD6000C9C350020B5
:10FC5000CFD8000C000000000000000000000000F1
:10FC60000000000000000000D4CE000C00000000E6
:10FC70000000000000000000000000000000000084
:10FC80000000000000000000000000000000000074
:10FC90000000000000000000000000000000000064
:10FCA0000000000000000000000000000000000054
:10FCB0000000000000000000000000000000000044
:0CFCC000D4020020C2020020000000005E
:10FCCC0000000000580100200000000000000000AF
:08FCDC00000000000000000020
:10FCE4000000000058010020000000000000000097
:08FCF400000000000000000008
:04FCFC0015E015E01A
:040000050C0021B119
:00000001FF
